date_time,global_solar_kw/m2,incident_solar_kw/m2,date,hour
2024-01-01 00:00:00,0.0,0.0,2024-01-01,0
2024-01-01 01:00:00,0.0,0.0,2024-01-01,1
2024-01-01 02:00:00,0.0,0.0,2024-01-01,2
2024-01-01 03:00:00,0.0,0.0,2024-01-01,3
2024-01-01 04:00:00,0.0,0.0,2024-01-01,4
2024-01-01 05:00:00,0.0,0.0,2024-01-01,5
2024-01-01 06:00:00,0.02375665,0.05435748,2024-01-01,6
2024-01-01 07:00:00,0.1789622,0.278751,2024-01-01,7
2024-01-01 08:00:00,0.3943286,0.5848879,2024-01-01,8
2024-01-01 09:00:00,0.3370354,0.3802143,2024-01-01,9
2024-01-01 10:00:00,0.356955,0.3833904,2024-01-01,10
2024-01-01 11:00:00,0.6277005,0.8324701,2024-01-01,11
2024-01-01 12:00:00,0.4405987,0.5130898,2024-01-01,12
2024-01-01 13:00:00,0.4011596,0.4841266,2024-01-01,13
2024-01-01 14:00:00,0.2364852,0.2583947,2024-01-01,14
2024-01-01 15:00:00,0.1423502,0.1644261,2024-01-01,15
2024-01-01 16:00:00,0.03996561,0.09093384,2024-01-01,16
2024-01-01 17:00:00,0.0,0.0,2024-01-01,17
2024-01-01 18:00:00,0.0,0.0,2024-01-01,18
2024-01-01 19:00:00,0.0,0.0,2024-01-01,19
2024-01-01 20:00:00,0.0,0.0,2024-01-01,20
2024-01-01 21:00:00,0.0,0.0,2024-01-01,21
2024-01-01 22:00:00,0.0,0.0,2024-01-01,22
2024-01-01 23:00:00,0.0,0.0,2024-01-01,23
2024-01-02 00:00:00,0.0,0.0,2024-01-02,0
2024-01-02 01:00:00,0.0,0.0,2024-01-02,1
2024-01-02 02:00:00,0.0,0.0,2024-01-02,2
2024-01-02 03:00:00,0.0,0.0,2024-01-02,3
2024-01-02 04:00:00,0.0,0.0,2024-01-02,4
2024-01-02 05:00:00,0.0,0.0,2024-01-02,5
2024-01-02 06:00:00,0.029069,0.09955219,2024-01-02,6
2024-01-02 07:00:00,0.2197795,0.3902486,2024-01-02,7
2024-01-02 08:00:00,0.4477786,0.6759661,2024-01-02,8
2024-01-02 09:00:00,0.5894498,0.8299935,2024-01-02,9
2024-01-02 10:00:00,0.579641,0.7682241,2024-01-02,10
2024-01-02 11:00:00,0.5145385,0.630331,2024-01-02,11
2024-01-02 12:00:00,0.4397367,0.5108092,2024-01-02,12
2024-01-02 13:00:00,0.5571471,0.7705766,2024-01-02,13
2024-01-02 14:00:00,0.3923576,0.5594842,2024-01-02,14
2024-01-02 15:00:00,0.2805482,0.485274,2024-01-02,15
2024-01-02 16:00:00,0.04940312,0.1485722,2024-01-02,16
2024-01-02 17:00:00,0.0,0.0,2024-01-02,17
2024-01-02 18:00:00,0.0,0.0,2024-01-02,18
2024-01-02 19:00:00,0.0,0.0,2024-01-02,19
2024-01-02 20:00:00,0.0,0.0,2024-01-02,20
2024-01-02 21:00:00,0.0,0.0,2024-01-02,21
2024-01-02 22:00:00,0.0,0.0,2024-01-02,22
2024-01-02 23:00:00,0.0,0.0,2024-01-02,23
2024-01-03 00:00:00,0.0,0.0,2024-01-03,0
2024-01-03 01:00:00,0.0,0.0,2024-01-03,1
2024-01-03 02:00:00,0.0,0.0,2024-01-03,2
2024-01-03 03:00:00,0.0,0.0,2024-01-03,3
2024-01-03 04:00:00,0.0,0.0,2024-01-03,4
2024-01-03 05:00:00,0.0,0.0,2024-01-03,5
2024-01-03 06:00:00,0.01875199,0.02957825,2024-01-03,6
2024-01-03 07:00:00,0.1714523,0.2588671,2024-01-03,7
2024-01-03 08:00:00,0.3133361,0.4163104,2024-01-03,8
2024-01-03 09:00:00,0.3475549,0.3974035,2024-01-03,9
2024-01-03 10:00:00,0.6831114,0.9326776,2024-01-03,10
2024-01-03 11:00:00,0.5359379,0.6680683,2024-01-03,11
2024-01-03 12:00:00,0.3923655,0.4328802,2024-01-03,12
2024-01-03 13:00:00,0.4514054,0.575852,2024-01-03,13
2024-01-03 14:00:00,0.3829226,0.5382507,2024-01-03,14
2024-01-03 15:00:00,0.2492472,0.4170513,2024-01-03,15
2024-01-03 16:00:00,0.05068494,0.1476798,2024-01-03,16
2024-01-03 17:00:00,0.0,0.0,2024-01-03,17
2024-01-03 18:00:00,0.0,0.0,2024-01-03,18
2024-01-03 19:00:00,0.0,0.0,2024-01-03,19
2024-01-03 20:00:00,0.0,0.0,2024-01-03,20
2024-01-03 21:00:00,0.0,0.0,2024-01-03,21
2024-01-03 22:00:00,0.0,0.0,2024-01-03,22
2024-01-03 23:00:00,0.0,0.0,2024-01-03,23
2024-01-04 00:00:00,0.0,0.0,2024-01-04,0
2024-01-04 01:00:00,0.0,0.0,2024-01-04,1
2024-01-04 02:00:00,0.0,0.0,2024-01-04,2
2024-01-04 03:00:00,0.0,0.0,2024-01-04,3
2024-01-04 04:00:00,0.0,0.0,2024-01-04,4
2024-01-04 05:00:00,0.0,0.0,2024-01-04,5
2024-01-04 06:00:00,0.02897879,0.1029381,2024-01-04,6
2024-01-04 07:00:00,0.2364212,0.4282067,2024-01-04,7
2024-01-04 08:00:00,0.442477,0.6666214,2024-01-04,8
2024-01-04 09:00:00,0.6008927,0.8452405,2024-01-04,9
2024-01-04 10:00:00,0.6746141,0.9195984,2024-01-04,10
2024-01-04 11:00:00,0.7214684,0.9748615,2024-01-04,11
2024-01-04 12:00:00,0.7282864,0.9916846,2024-01-04,12
2024-01-04 13:00:00,0.5715949,0.7912439,2024-01-04,13
2024-01-04 14:00:00,0.4319547,0.6306666,2024-01-04,14
2024-01-04 15:00:00,0.2632965,0.4455209,2024-01-04,15
2024-01-04 16:00:00,0.06912577,0.2526439,2024-01-04,16
2024-01-04 17:00:00,0.0,0.0,2024-01-04,17
2024-01-04 18:00:00,0.0,0.0,2024-01-04,18
2024-01-04 19:00:00,0.0,0.0,2024-01-04,19
2024-01-04 20:00:00,0.0,0.0,2024-01-04,20
2024-01-04 21:00:00,0.0,0.0,2024-01-04,21
2024-01-04 22:00:00,0.0,0.0,2024-01-04,22
2024-01-04 23:00:00,0.0,0.0,2024-01-04,23
2024-01-05 00:00:00,0.0,0.0,2024-01-05,0
2024-01-05 01:00:00,0.0,0.0,2024-01-05,1
2024-01-05 02:00:00,0.0,0.0,2024-01-05,2
2024-01-05 03:00:00,0.0,0.0,2024-01-05,3
2024-01-05 04:00:00,0.0,0.0,2024-01-05,4
2024-01-05 05:00:00,0.0,0.0,2024-01-05,5
2024-01-05 06:00:00,0.01294791,0.01449637,2024-01-05,6
2024-01-05 07:00:00,0.09805042,0.1028359,2024-01-05,7
2024-01-05 08:00:00,0.2593634,0.3070178,2024-01-05,8
2024-01-05 09:00:00,0.2891693,0.3067234,2024-01-05,9
2024-01-05 10:00:00,0.458747,0.5469925,2024-01-05,10
2024-01-05 11:00:00,0.6064562,0.7917228,2024-01-05,11
2024-01-05 12:00:00,0.5990573,0.7920508,2024-01-05,12
2024-01-05 13:00:00,0.4951591,0.6552306,2024-01-05,13
2024-01-05 14:00:00,0.3139971,0.3920882,2024-01-05,14
2024-01-05 15:00:00,0.1712544,0.2169669,2024-01-05,15
2024-01-05 16:00:00,0.03645877,0.05515517,2024-01-05,16
2024-01-05 17:00:00,0.0,0.0,2024-01-05,17
2024-01-05 18:00:00,0.0,0.0,2024-01-05,18
2024-01-05 19:00:00,0.0,0.0,2024-01-05,19
2024-01-05 20:00:00,0.0,0.0,2024-01-05,20
2024-01-05 21:00:00,0.0,0.0,2024-01-05,21
2024-01-05 22:00:00,0.0,0.0,2024-01-05,22
2024-01-05 23:00:00,0.0,0.0,2024-01-05,23
2024-01-06 00:00:00,0.0,0.0,2024-01-06,0
2024-01-06 01:00:00,0.0,0.0,2024-01-06,1
2024-01-06 02:00:00,0.0,0.0,2024-01-06,2
2024-01-06 03:00:00,0.0,0.0,2024-01-06,3
2024-01-06 04:00:00,0.0,0.0,2024-01-06,4
2024-01-06 05:00:00,0.0,0.0,2024-01-06,5
2024-01-06 06:00:00,0.02652137,0.08385421,2024-01-06,6
2024-01-06 07:00:00,0.1864676,0.3020235,2024-01-06,7
2024-01-06 08:00:00,0.340013,0.4725539,2024-01-06,8
2024-01-06 09:00:00,0.4256285,0.5385268,2024-01-06,9
2024-01-06 10:00:00,0.4435565,0.5197173,2024-01-06,10
2024-01-06 11:00:00,0.4736056,0.5546358,2024-01-06,11
2024-01-06 12:00:00,0.5376992,0.6813115,2024-01-06,12
2024-01-06 13:00:00,0.5249839,0.7079844,2024-01-06,13
2024-01-06 14:00:00,0.3895119,0.5446686,2024-01-06,14
2024-01-06 15:00:00,0.1724082,0.2175027,2024-01-06,15
2024-01-06 16:00:00,0.05407534,0.1413285,2024-01-06,16
2024-01-06 17:00:00,0.0,0.0,2024-01-06,17
2024-01-06 18:00:00,0.0,0.0,2024-01-06,18
2024-01-06 19:00:00,0.0,0.0,2024-01-06,19
2024-01-06 20:00:00,0.0,0.0,2024-01-06,20
2024-01-06 21:00:00,0.0,0.0,2024-01-06,21
2024-01-06 22:00:00,0.0,0.0,2024-01-06,22
2024-01-06 23:00:00,0.0,0.0,2024-01-06,23
2024-01-07 00:00:00,0.0,0.0,2024-01-07,0
2024-01-07 01:00:00,0.0,0.0,2024-01-07,1
2024-01-07 02:00:00,0.0,0.0,2024-01-07,2
2024-01-07 03:00:00,0.0,0.0,2024-01-07,3
2024-01-07 04:00:00,0.0,0.0,2024-01-07,4
2024-01-07 05:00:00,0.0,0.0,2024-01-07,5
2024-01-07 06:00:00,0.02799772,0.09861097,2024-01-07,6
2024-01-07 07:00:00,0.2193679,0.3892207,2024-01-07,7
2024-01-07 08:00:00,0.3590727,0.5121144,2024-01-07,8
2024-01-07 09:00:00,0.5203589,0.7148371,2024-01-07,9
2024-01-07 10:00:00,0.6849353,0.9313765,2024-01-07,10
2024-01-07 11:00:00,0.7175847,0.9659336,2024-01-07,11
2024-01-07 12:00:00,0.6556482,0.8820722,2024-01-07,12
2024-01-07 13:00:00,0.5341851,0.7224261,2024-01-07,13
2024-01-07 14:00:00,0.4130704,0.5886653,2024-01-07,14
2024-01-07 15:00:00,0.2296805,0.3549777,2024-01-07,15
2024-01-07 16:00:00,0.05614921,0.14501,2024-01-07,16
2024-01-07 17:00:00,0.0,0.0,2024-01-07,17
2024-01-07 18:00:00,0.0,0.0,2024-01-07,18
2024-01-07 19:00:00,0.0,0.0,2024-01-07,19
2024-01-07 20:00:00,0.0,0.0,2024-01-07,20
2024-01-07 21:00:00,0.0,0.0,2024-01-07,21
2024-01-07 22:00:00,0.0,0.0,2024-01-07,22
2024-01-07 23:00:00,0.0,0.0,2024-01-07,23
2024-01-08 00:00:00,0.0,0.0,2024-01-08,0
2024-01-08 01:00:00,0.0,0.0,2024-01-08,1
2024-01-08 02:00:00,0.0,0.0,2024-01-08,2
2024-01-08 03:00:00,0.0,0.0,2024-01-08,3
2024-01-08 04:00:00,0.0,0.0,2024-01-08,4
2024-01-08 05:00:00,0.0,0.0,2024-01-08,5
2024-01-08 06:00:00,0.01619339,0.02228133,2024-01-08,6
2024-01-08 07:00:00,0.1390506,0.1766917,2024-01-08,7
2024-01-08 08:00:00,0.3170556,0.4224607,2024-01-08,8
2024-01-08 09:00:00,0.3807122,0.4533699,2024-01-08,9
2024-01-08 10:00:00,0.4993012,0.6173027,2024-01-08,10
2024-01-08 11:00:00,0.5274826,0.6472318,2024-01-08,11
2024-01-08 12:00:00,0.5422899,0.6864769,2024-01-08,12
2024-01-08 13:00:00,0.5630798,0.7701337,2024-01-08,13
2024-01-08 14:00:00,0.4020278,0.5646531,2024-01-08,14
2024-01-08 15:00:00,0.2235288,0.3357805,2024-01-08,15
2024-01-08 16:00:00,0.06576027,0.193623,2024-01-08,16
2024-01-08 17:00:00,0.0,0.0,2024-01-08,17
2024-01-08 18:00:00,0.0,0.0,2024-01-08,18
2024-01-08 19:00:00,0.0,0.0,2024-01-08,19
2024-01-08 20:00:00,0.0,0.0,2024-01-08,20
2024-01-08 21:00:00,0.0,0.0,2024-01-08,21
2024-01-08 22:00:00,0.0,0.0,2024-01-08,22
2024-01-08 23:00:00,0.0,0.0,2024-01-08,23
2024-01-09 00:00:00,0.0,0.0,2024-01-09,0
2024-01-09 01:00:00,0.0,0.0,2024-01-09,1
2024-01-09 02:00:00,0.0,0.0,2024-01-09,2
2024-01-09 03:00:00,0.0,0.0,2024-01-09,3
2024-01-09 04:00:00,0.0,0.0,2024-01-09,4
2024-01-09 05:00:00,0.0,0.0,2024-01-09,5
2024-01-09 06:00:00,0.02545372,0.07772212,2024-01-09,6
2024-01-09 07:00:00,0.07858156,0.07886807,2024-01-09,7
2024-01-09 08:00:00,0.1730841,0.1758541,2024-01-09,8
2024-01-09 09:00:00,0.3491229,0.3978293,2024-01-09,9
2024-01-09 10:00:00,0.5434428,0.6963495,2024-01-09,10
2024-01-09 11:00:00,0.5331425,0.6560357,2024-01-09,11
2024-01-09 12:00:00,0.6069717,0.7989886,2024-01-09,12
2024-01-09 13:00:00,0.3178765,0.3397993,2024-01-09,13
2024-01-09 14:00:00,0.1615415,0.1603192,2024-01-09,14
2024-01-09 15:00:00,0.146836,0.1638567,2024-01-09,15
2024-01-09 16:00:00,0.03625434,0.04558774,2024-01-09,16
2024-01-09 17:00:00,0.0,0.0,2024-01-09,17
2024-01-09 18:00:00,0.0,0.0,2024-01-09,18
2024-01-09 19:00:00,0.0,0.0,2024-01-09,19
2024-01-09 20:00:00,0.0,0.0,2024-01-09,20
2024-01-09 21:00:00,0.0,0.0,2024-01-09,21
2024-01-09 22:00:00,0.0,0.0,2024-01-09,22
2024-01-09 23:00:00,0.0,0.0,2024-01-09,23
2024-01-10 00:00:00,0.0,0.0,2024-01-10,0
2024-01-10 01:00:00,0.0,0.0,2024-01-10,1
2024-01-10 02:00:00,0.0,0.0,2024-01-10,2
2024-01-10 03:00:00,0.0,0.0,2024-01-10,3
2024-01-10 04:00:00,0.0,0.0,2024-01-10,4
2024-01-10 05:00:00,0.0,0.0,2024-01-10,5
2024-01-10 06:00:00,0.02537683,0.07773422,2024-01-10,6
2024-01-10 07:00:00,0.2000268,0.3382326,2024-01-10,7
2024-01-10 08:00:00,0.3560857,0.5034292,2024-01-10,8
2024-01-10 09:00:00,0.5537378,0.7676281,2024-01-10,9
2024-01-10 10:00:00,0.6762152,0.9150605,2024-01-10,10
2024-01-10 11:00:00,0.8081496,1.087806,2024-01-10,11
2024-01-10 12:00:00,0.7722574,1.044607,2024-01-10,12
2024-01-10 13:00:00,0.6609876,0.9140457,2024-01-10,13
2024-01-10 14:00:00,0.509682,0.7435661,2024-01-10,14
2024-01-10 15:00:00,0.2552272,0.4065295,2024-01-10,15
2024-01-10 16:00:00,0.07038212,0.1989746,2024-01-10,16
2024-01-10 17:00:00,0.0,0.0,2024-01-10,17
2024-01-10 18:00:00,0.0,0.0,2024-01-10,18
2024-01-10 19:00:00,0.0,0.0,2024-01-10,19
2024-01-10 20:00:00,0.0,0.0,2024-01-10,20
2024-01-10 21:00:00,0.0,0.0,2024-01-10,21
2024-01-10 22:00:00,0.0,0.0,2024-01-10,22
2024-01-10 23:00:00,0.0,0.0,2024-01-10,23
2024-01-11 00:00:00,0.0,0.0,2024-01-11,0
2024-01-11 01:00:00,0.0,0.0,2024-01-11,1
2024-01-11 02:00:00,0.0,0.0,2024-01-11,2
2024-01-11 03:00:00,0.0,0.0,2024-01-11,3
2024-01-11 04:00:00,0.0,0.0,2024-01-11,4
2024-01-11 05:00:00,0.0,0.0,2024-01-11,5
2024-01-11 06:00:00,0.02516688,0.07640757,2024-01-11,6
2024-01-11 07:00:00,0.1713541,0.2582557,2024-01-11,7
2024-01-11 08:00:00,0.3102205,0.4059024,2024-01-11,8
2024-01-11 09:00:00,0.4002912,0.4868281,2024-01-11,9
2024-01-11 10:00:00,0.7127427,0.9652211,2024-01-11,10
2024-01-11 11:00:00,0.6786022,0.9018692,2024-01-11,11
2024-01-11 12:00:00,0.6167936,0.8118848,2024-01-11,12
2024-01-11 13:00:00,0.3676745,0.4142212,2024-01-11,13
2024-01-11 14:00:00,0.321512,0.3954982,2024-01-11,14
2024-01-11 15:00:00,0.1941987,0.254682,2024-01-11,15
2024-01-11 16:00:00,0.04517051,0.06657462,2024-01-11,16
2024-01-11 17:00:00,0.0,0.0,2024-01-11,17
2024-01-11 18:00:00,0.0,0.0,2024-01-11,18
2024-01-11 19:00:00,0.0,0.0,2024-01-11,19
2024-01-11 20:00:00,0.0,0.0,2024-01-11,20
2024-01-11 21:00:00,0.0,0.0,2024-01-11,21
2024-01-11 22:00:00,0.0,0.0,2024-01-11,22
2024-01-11 23:00:00,0.0,0.0,2024-01-11,23
2024-01-12 00:00:00,0.0,0.0,2024-01-12,0
2024-01-12 01:00:00,0.0,0.0,2024-01-12,1
2024-01-12 02:00:00,0.0,0.0,2024-01-12,2
2024-01-12 03:00:00,0.0,0.0,2024-01-12,3
2024-01-12 04:00:00,0.0,0.0,2024-01-12,4
2024-01-12 05:00:00,0.0,0.0,2024-01-12,5
2024-01-12 06:00:00,0.02597818,0.08384735,2024-01-12,6
2024-01-12 07:00:00,0.2125858,0.3690188,2024-01-12,7
2024-01-12 08:00:00,0.396728,0.581334,2024-01-12,8
2024-01-12 09:00:00,0.5136141,0.6968407,2024-01-12,9
2024-01-12 10:00:00,0.6058429,0.8012681,2024-01-12,10
2024-01-12 11:00:00,0.5493509,0.6804994,2024-01-12,11
2024-01-12 12:00:00,0.6272866,0.8274383,2024-01-12,12
2024-01-12 13:00:00,0.4981839,0.6464629,2024-01-12,13
2024-01-12 14:00:00,0.2871925,0.3307428,2024-01-12,14
2024-01-12 15:00:00,0.2049323,0.2767698,2024-01-12,15
2024-01-12 16:00:00,0.05925217,0.1206493,2024-01-12,16
2024-01-12 17:00:00,0.0,0.0,2024-01-12,17
2024-01-12 18:00:00,0.0,0.0,2024-01-12,18
2024-01-12 19:00:00,0.0,0.0,2024-01-12,19
2024-01-12 20:00:00,0.0,0.0,2024-01-12,20
2024-01-12 21:00:00,0.0,0.0,2024-01-12,21
2024-01-12 22:00:00,0.0,0.0,2024-01-12,22
2024-01-12 23:00:00,0.0,0.0,2024-01-12,23
2024-01-13 00:00:00,0.0,0.0,2024-01-13,0
2024-01-13 01:00:00,0.0,0.0,2024-01-13,1
2024-01-13 02:00:00,0.0,0.0,2024-01-13,2
2024-01-13 03:00:00,0.0,0.0,2024-01-13,3
2024-01-13 04:00:00,0.0,0.0,2024-01-13,4
2024-01-13 05:00:00,0.0,0.0,2024-01-13,5
2024-01-13 06:00:00,0.02543088,0.07911751,2024-01-13,6
2024-01-13 07:00:00,0.1386279,0.1745962,2024-01-13,7
2024-01-13 08:00:00,0.3151402,0.4143381,2024-01-13,8
2024-01-13 09:00:00,0.1763115,0.1734763,2024-01-13,9
2024-01-13 10:00:00,0.3311796,0.344497,2024-01-13,10
2024-01-13 11:00:00,0.3883907,0.4150453,2024-01-13,11
2024-01-13 12:00:00,0.3584922,0.3776654,2024-01-13,12
2024-01-13 13:00:00,0.2718684,0.2771713,2024-01-13,13
2024-01-13 14:00:00,0.2400351,0.2553398,2024-01-13,14
2024-01-13 15:00:00,0.1820259,0.2235883,2024-01-13,15
2024-01-13 16:00:00,0.06360566,0.1347402,2024-01-13,16
2024-01-13 17:00:00,0.0,0.0,2024-01-13,17
2024-01-13 18:00:00,0.0,0.0,2024-01-13,18
2024-01-13 19:00:00,0.0,0.0,2024-01-13,19
2024-01-13 20:00:00,0.0,0.0,2024-01-13,20
2024-01-13 21:00:00,0.0,0.0,2024-01-13,21
2024-01-13 22:00:00,0.0,0.0,2024-01-13,22
2024-01-13 23:00:00,0.0,0.0,2024-01-13,23
2024-01-14 00:00:00,0.0,0.0,2024-01-14,0
2024-01-14 01:00:00,0.0,0.0,2024-01-14,1
2024-01-14 02:00:00,0.0,0.0,2024-01-14,2
2024-01-14 03:00:00,0.0,0.0,2024-01-14,3
2024-01-14 04:00:00,0.0,0.0,2024-01-14,4
2024-01-14 05:00:00,0.0,0.0,2024-01-14,5
2024-01-14 06:00:00,0.008044214,0.008384224,2024-01-14,6
2024-01-14 07:00:00,0.04909575,0.04839981,2024-01-14,7
2024-01-14 08:00:00,0.2165424,0.2331428,2024-01-14,8
2024-01-14 09:00:00,0.3627499,0.4175671,2024-01-14,9
2024-01-14 10:00:00,0.2731481,0.2737458,2024-01-14,10
2024-01-14 11:00:00,0.4007632,0.43217,2024-01-14,11
2024-01-14 12:00:00,0.514523,0.626214,2024-01-14,12
2024-01-14 13:00:00,0.5306046,0.7006161,2024-01-14,13
2024-01-14 14:00:00,0.3859356,0.5163835,2024-01-14,14
2024-01-14 15:00:00,0.2664712,0.4171488,2024-01-14,15
2024-01-14 16:00:00,0.06771687,0.1471551,2024-01-14,16
2024-01-14 17:00:00,0.0,0.0,2024-01-14,17
2024-01-14 18:00:00,0.0,0.0,2024-01-14,18
2024-01-14 19:00:00,0.0,0.0,2024-01-14,19
2024-01-14 20:00:00,0.0,0.0,2024-01-14,20
2024-01-14 21:00:00,0.0,0.0,2024-01-14,21
2024-01-14 22:00:00,0.0,0.0,2024-01-14,22
2024-01-14 23:00:00,0.0,0.0,2024-01-14,23
2024-01-15 00:00:00,0.0,0.0,2024-01-15,0
2024-01-15 01:00:00,0.0,0.0,2024-01-15,1
2024-01-15 02:00:00,0.0,0.0,2024-01-15,2
2024-01-15 03:00:00,0.0,0.0,2024-01-15,3
2024-01-15 04:00:00,0.0,0.0,2024-01-15,4
2024-01-15 05:00:00,0.0,0.0,2024-01-15,5
2024-01-15 06:00:00,0.02166815,0.04945378,2024-01-15,6
2024-01-15 07:00:00,0.1580043,0.2197746,2024-01-15,7
2024-01-15 08:00:00,0.3232659,0.4290145,2024-01-15,8
2024-01-15 09:00:00,0.5103246,0.6863121,2024-01-15,9
2024-01-15 10:00:00,0.6502138,0.8678979,2024-01-15,10
2024-01-15 11:00:00,0.6922293,0.9156343,2024-01-15,11
2024-01-15 12:00:00,0.7301908,0.9770454,2024-01-15,12
2024-01-15 13:00:00,0.6510438,0.8900298,2024-01-15,13
2024-01-15 14:00:00,0.4624775,0.6574295,2024-01-15,14
2024-01-15 15:00:00,0.2014372,0.2603421,2024-01-15,15
2024-01-15 16:00:00,0.07857633,0.191983,2024-01-15,16
2024-01-15 17:00:00,0.0,0.0,2024-01-15,17
2024-01-15 18:00:00,0.0,0.0,2024-01-15,18
2024-01-15 19:00:00,0.0,0.0,2024-01-15,19
2024-01-15 20:00:00,0.0,0.0,2024-01-15,20
2024-01-15 21:00:00,0.0,0.0,2024-01-15,21
2024-01-15 22:00:00,0.0,0.0,2024-01-15,22
2024-01-15 23:00:00,0.0,0.0,2024-01-15,23
2024-01-16 00:00:00,0.0,0.0,2024-01-16,0
2024-01-16 01:00:00,0.0,0.0,2024-01-16,1
2024-01-16 02:00:00,0.0,0.0,2024-01-16,2
2024-01-16 03:00:00,0.0,0.0,2024-01-16,3
2024-01-16 04:00:00,0.0,0.0,2024-01-16,4
2024-01-16 05:00:00,0.0,0.0,2024-01-16,5
2024-01-16 06:00:00,0.02898762,0.1109054,2024-01-16,6
2024-01-16 07:00:00,0.2283245,0.4001741,2024-01-16,7
2024-01-16 08:00:00,0.4325853,0.6374431,2024-01-16,8
2024-01-16 09:00:00,0.5748559,0.7917388,2024-01-16,9
2024-01-16 10:00:00,0.5192631,0.6424934,2024-01-16,10
2024-01-16 11:00:00,0.3893068,0.4144983,2024-01-16,11
2024-01-16 12:00:00,0.2831826,0.2835091,2024-01-16,12
2024-01-16 13:00:00,0.2548419,0.25622,2024-01-16,13
2024-01-16 14:00:00,0.2701136,0.2975768,2024-01-16,14
2024-01-16 15:00:00,0.2042264,0.2638063,2024-01-16,15
2024-01-16 16:00:00,0.04997763,0.06648125,2024-01-16,16
2024-01-16 17:00:00,0.0,0.0,2024-01-16,17
2024-01-16 18:00:00,0.0,0.0,2024-01-16,18
2024-01-16 19:00:00,0.0,0.0,2024-01-16,19
2024-01-16 20:00:00,0.0,0.0,2024-01-16,20
2024-01-16 21:00:00,0.0,0.0,2024-01-16,21
2024-01-16 22:00:00,0.0,0.0,2024-01-16,22
2024-01-16 23:00:00,0.0,0.0,2024-01-16,23
2024-01-17 00:00:00,0.0,0.0,2024-01-17,0
2024-01-17 01:00:00,0.0,0.0,2024-01-17,1
2024-01-17 02:00:00,0.0,0.0,2024-01-17,2
2024-01-17 03:00:00,0.0,0.0,2024-01-17,3
2024-01-17 04:00:00,0.0,0.0,2024-01-17,4
2024-01-17 05:00:00,0.0,0.0,2024-01-17,5
2024-01-17 06:00:00,0.02602587,0.08285244,2024-01-17,6
2024-01-17 07:00:00,0.15675,0.2147341,2024-01-17,7
2024-01-17 08:00:00,0.3831423,0.5479019,2024-01-17,8
2024-01-17 09:00:00,0.5558912,0.7600769,2024-01-17,9
2024-01-17 10:00:00,0.7119533,0.9542428,2024-01-17,10
2024-01-17 11:00:00,0.725758,0.9613332,2024-01-17,11
2024-01-17 12:00:00,0.696574,0.9254383,2024-01-17,12
2024-01-17 13:00:00,0.4985128,0.6352357,2024-01-17,13
2024-01-17 14:00:00,0.2486596,0.2646592,2024-01-17,14
2024-01-17 15:00:00,0.111268,0.111502,2024-01-17,15
2024-01-17 16:00:00,0.04531786,0.05351306,2024-01-17,16
2024-01-17 17:00:00,0.0,0.0,2024-01-17,17
2024-01-17 18:00:00,0.0,0.0,2024-01-17,18
2024-01-17 19:00:00,0.0,0.0,2024-01-17,19
2024-01-17 20:00:00,0.0,0.0,2024-01-17,20
2024-01-17 21:00:00,0.0,0.0,2024-01-17,21
2024-01-17 22:00:00,0.0,0.0,2024-01-17,22
2024-01-17 23:00:00,0.0,0.0,2024-01-17,23
2024-01-18 00:00:00,0.0,0.0,2024-01-18,0
2024-01-18 01:00:00,0.0,0.0,2024-01-18,1
2024-01-18 02:00:00,0.0,0.0,2024-01-18,2
2024-01-18 03:00:00,0.0,0.0,2024-01-18,3
2024-01-18 04:00:00,0.0,0.0,2024-01-18,4
2024-01-18 05:00:00,0.0,0.0,2024-01-18,5
2024-01-18 06:00:00,0.02306152,0.05780629,2024-01-18,6
2024-01-18 07:00:00,0.2145863,0.3648316,2024-01-18,7
2024-01-18 08:00:00,0.2498297,0.2841792,2024-01-18,8
2024-01-18 09:00:00,0.4125513,0.5012843,2024-01-18,9
2024-01-18 10:00:00,0.4119057,0.4574385,2024-01-18,10
2024-01-18 11:00:00,0.5191776,0.6176879,2024-01-18,11
2024-01-18 12:00:00,0.6044331,0.7757562,2024-01-18,12
2024-01-18 13:00:00,0.5080695,0.6500818,2024-01-18,13
2024-01-18 14:00:00,0.4080647,0.5482717,2024-01-18,14
2024-01-18 15:00:00,0.2446369,0.3503979,2024-01-18,15
2024-01-18 16:00:00,0.08606974,0.1989499,2024-01-18,16
2024-01-18 17:00:00,0.0,0.0,2024-01-18,17
2024-01-18 18:00:00,0.0,0.0,2024-01-18,18
2024-01-18 19:00:00,0.0,0.0,2024-01-18,19
2024-01-18 20:00:00,0.0,0.0,2024-01-18,20
2024-01-18 21:00:00,0.0,0.0,2024-01-18,21
2024-01-18 22:00:00,0.0,0.0,2024-01-18,22
2024-01-18 23:00:00,0.0,0.0,2024-01-18,23
2024-01-19 00:00:00,0.0,0.0,2024-01-19,0
2024-01-19 01:00:00,0.0,0.0,2024-01-19,1
2024-01-19 02:00:00,0.0,0.0,2024-01-19,2
2024-01-19 03:00:00,0.0,0.0,2024-01-19,3
2024-01-19 04:00:00,0.0,0.0,2024-01-19,4
2024-01-19 05:00:00,0.0,0.0,2024-01-19,5
2024-01-19 06:00:00,0.02288798,0.05574011,2024-01-19,6
2024-01-19 07:00:00,0.1910055,0.3022457,2024-01-19,7
2024-01-19 08:00:00,0.3068511,0.3899768,2024-01-19,8
2024-01-19 09:00:00,0.3969001,0.471803,2024-01-19,9
2024-01-19 10:00:00,0.6676605,0.8868173,2024-01-19,10
2024-01-19 11:00:00,0.6895914,0.9032827,2024-01-19,11
2024-01-19 12:00:00,0.7397522,0.9821268,2024-01-19,12
2024-01-19 13:00:00,0.5869459,0.7840858,2024-01-19,13
2024-01-19 14:00:00,0.501545,0.7100785,2024-01-19,14
2024-01-19 15:00:00,0.2323754,0.3182063,2024-01-19,15
2024-01-19 16:00:00,0.09078152,0.2103056,2024-01-19,16
2024-01-19 17:00:00,0.0,0.0,2024-01-19,17
2024-01-19 18:00:00,0.0,0.0,2024-01-19,18
2024-01-19 19:00:00,0.0,0.0,2024-01-19,19
2024-01-19 20:00:00,0.0,0.0,2024-01-19,20
2024-01-19 21:00:00,0.0,0.0,2024-01-19,21
2024-01-19 22:00:00,0.0,0.0,2024-01-19,22
2024-01-19 23:00:00,0.0,0.0,2024-01-19,23
2024-01-20 00:00:00,0.0,0.0,2024-01-20,0
2024-01-20 01:00:00,0.0,0.0,2024-01-20,1
2024-01-20 02:00:00,0.0,0.0,2024-01-20,2
2024-01-20 03:00:00,0.0,0.0,2024-01-20,3
2024-01-20 04:00:00,0.0,0.0,2024-01-20,4
2024-01-20 05:00:00,0.0,0.0,2024-01-20,5
2024-01-20 06:00:00,0.02978955,0.1140841,2024-01-20,6
2024-01-20 07:00:00,0.2249849,0.3849615,2024-01-20,7
2024-01-20 08:00:00,0.3915827,0.5581745,2024-01-20,8
2024-01-20 09:00:00,0.4791403,0.6206955,2024-01-20,9
2024-01-20 10:00:00,0.7289336,0.9718184,2024-01-20,10
2024-01-20 11:00:00,0.6830609,0.8909076,2024-01-20,11
2024-01-20 12:00:00,0.6670485,0.8736534,2024-01-20,12
2024-01-20 13:00:00,0.5204496,0.6671365,2024-01-20,13
2024-01-20 14:00:00,0.4798451,0.6724621,2024-01-20,14
2024-01-20 15:00:00,0.2734857,0.4089154,2024-01-20,15
2024-01-20 16:00:00,0.0877285,0.1885612,2024-01-20,16
2024-01-20 17:00:00,0.0,0.0,2024-01-20,17
2024-01-20 18:00:00,0.0,0.0,2024-01-20,18
2024-01-20 19:00:00,0.0,0.0,2024-01-20,19
2024-01-20 20:00:00,0.0,0.0,2024-01-20,20
2024-01-20 21:00:00,0.0,0.0,2024-01-20,21
2024-01-20 22:00:00,0.0,0.0,2024-01-20,22
2024-01-20 23:00:00,0.0,0.0,2024-01-20,23
2024-01-21 00:00:00,0.0,0.0,2024-01-21,0
2024-01-21 01:00:00,0.0,0.0,2024-01-21,1
2024-01-21 02:00:00,0.0,0.0,2024-01-21,2
2024-01-21 03:00:00,0.0,0.0,2024-01-21,3
2024-01-21 04:00:00,0.0,0.0,2024-01-21,4
2024-01-21 05:00:00,0.0,0.0,2024-01-21,5
2024-01-21 06:00:00,0.02369221,0.05949971,2024-01-21,6
2024-01-21 07:00:00,0.1318702,0.1558012,2024-01-21,7
2024-01-21 08:00:00,0.2434907,0.2715668,2024-01-21,8
2024-01-21 09:00:00,0.4610851,0.5855896,2024-01-21,9
2024-01-21 10:00:00,0.6719815,0.8890449,2024-01-21,10
2024-01-21 11:00:00,0.6931985,0.9042813,2024-01-21,11
2024-01-21 12:00:00,0.4245224,0.4662398,2024-01-21,12
2024-01-21 13:00:00,0.5536522,0.7227714,2024-01-21,13
2024-01-21 14:00:00,0.3594291,0.4455505,2024-01-21,14
2024-01-21 15:00:00,0.175603,0.1978936,2024-01-21,15
2024-01-21 16:00:00,0.08532012,0.170075,2024-01-21,16
2024-01-21 17:00:00,6.30481e-07,0.0,2024-01-21,17
2024-01-21 18:00:00,0.0,0.0,2024-01-21,18
2024-01-21 19:00:00,0.0,0.0,2024-01-21,19
2024-01-21 20:00:00,0.0,0.0,2024-01-21,20
2024-01-21 21:00:00,0.0,0.0,2024-01-21,21
2024-01-21 22:00:00,0.0,0.0,2024-01-21,22
2024-01-21 23:00:00,0.0,0.0,2024-01-21,23
2024-01-22 00:00:00,0.0,0.0,2024-01-22,0
2024-01-22 01:00:00,0.0,0.0,2024-01-22,1
2024-01-22 02:00:00,0.0,0.0,2024-01-22,2
2024-01-22 03:00:00,0.0,0.0,2024-01-22,3
2024-01-22 04:00:00,0.0,0.0,2024-01-22,4
2024-01-22 05:00:00,0.0,0.0,2024-01-22,5
2024-01-22 06:00:00,0.03130086,0.1246718,2024-01-22,6
2024-01-22 07:00:00,0.171474,0.2451097,2024-01-22,7
2024-01-22 08:00:00,0.2510289,0.2831661,2024-01-22,8
2024-01-22 09:00:00,0.241581,0.242906,2024-01-22,9
2024-01-22 10:00:00,0.5175229,0.6287475,2024-01-22,10
2024-01-22 11:00:00,0.5673174,0.6931427,2024-01-22,11
2024-01-22 12:00:00,0.4800266,0.552857,2024-01-22,12
2024-01-22 13:00:00,0.3981192,0.4489766,2024-01-22,13
2024-01-22 14:00:00,0.3998751,0.5203396,2024-01-22,14
2024-01-22 15:00:00,0.2583206,0.3666386,2024-01-22,15
2024-01-22 16:00:00,0.05895614,0.07448835,2024-01-22,16
2024-01-22 17:00:00,2.00317e-05,0.0,2024-01-22,17
2024-01-22 18:00:00,0.0,0.0,2024-01-22,18
2024-01-22 19:00:00,0.0,0.0,2024-01-22,19
2024-01-22 20:00:00,0.0,0.0,2024-01-22,20
2024-01-22 21:00:00,0.0,0.0,2024-01-22,21
2024-01-22 22:00:00,0.0,0.0,2024-01-22,22
2024-01-22 23:00:00,0.0,0.0,2024-01-22,23
2024-01-23 00:00:00,0.0,0.0,2024-01-23,0
2024-01-23 01:00:00,0.0,0.0,2024-01-23,1
2024-01-23 02:00:00,0.0,0.0,2024-01-23,2
2024-01-23 03:00:00,0.0,0.0,2024-01-23,3
2024-01-23 04:00:00,0.0,0.0,2024-01-23,4
2024-01-23 05:00:00,0.0,0.0,2024-01-23,5
2024-01-23 06:00:00,0.02520968,0.06815015,2024-01-23,6
2024-01-23 07:00:00,0.2072517,0.3354709,2024-01-23,7
2024-01-23 08:00:00,0.4801433,0.6962724,2024-01-23,8
2024-01-23 09:00:00,0.6440373,0.8774878,2024-01-23,9
2024-01-23 10:00:00,0.7742347,1.027358,2024-01-23,10
2024-01-23 11:00:00,0.7740988,1.015462,2024-01-23,11
2024-01-23 12:00:00,0.6750026,0.8785018,2024-01-23,12
2024-01-23 13:00:00,0.630416,0.8414839,2024-01-23,13
2024-01-23 14:00:00,0.5295552,0.7410863,2024-01-23,14
2024-01-23 15:00:00,0.3498263,0.5436682,2024-01-23,15
2024-01-23 16:00:00,0.1139064,0.2617109,2024-01-23,16
2024-01-23 17:00:00,7.01583e-05,0.0,2024-01-23,17
2024-01-23 18:00:00,0.0,0.0,2024-01-23,18
2024-01-23 19:00:00,0.0,0.0,2024-01-23,19
2024-01-23 20:00:00,0.0,0.0,2024-01-23,20
2024-01-23 21:00:00,0.0,0.0,2024-01-23,21
2024-01-23 22:00:00,0.0,0.0,2024-01-23,22
2024-01-23 23:00:00,0.0,0.0,2024-01-23,23
2024-01-24 00:00:00,0.0,0.0,2024-01-24,0
2024-01-24 01:00:00,0.0,0.0,2024-01-24,1
2024-01-24 02:00:00,0.0,0.0,2024-01-24,2
2024-01-24 03:00:00,0.0,0.0,2024-01-24,3
2024-01-24 04:00:00,0.0,0.0,2024-01-24,4
2024-01-24 05:00:00,0.0,0.0,2024-01-24,5
2024-01-24 06:00:00,0.04006136,0.190641,2024-01-24,6
2024-01-24 07:00:00,0.2175,0.3577932,2024-01-24,7
2024-01-24 08:00:00,0.3413803,0.4509273,2024-01-24,8
2024-01-24 09:00:00,0.5597897,0.7514744,2024-01-24,9
2024-01-24 10:00:00,0.7056698,0.9312181,2024-01-24,10
2024-01-24 11:00:00,0.7551798,0.9875709,2024-01-24,11
2024-01-24 12:00:00,0.6308855,0.8050774,2024-01-24,12
2024-01-24 13:00:00,0.4164492,0.4755947,2024-01-24,13
2024-01-24 14:00:00,0.3940954,0.5033323,2024-01-24,14
2024-01-24 15:00:00,0.2275175,0.2914687,2024-01-24,15
2024-01-24 16:00:00,0.05309607,0.0592907,2024-01-24,16
2024-01-24 17:00:00,0.00012597,0.0,2024-01-24,17
2024-01-24 18:00:00,0.0,0.0,2024-01-24,18
2024-01-24 19:00:00,0.0,0.0,2024-01-24,19
2024-01-24 20:00:00,0.0,0.0,2024-01-24,20
2024-01-24 21:00:00,0.0,0.0,2024-01-24,21
2024-01-24 22:00:00,0.0,0.0,2024-01-24,22
2024-01-24 23:00:00,0.0,0.0,2024-01-24,23
2024-01-25 00:00:00,0.0,0.0,2024-01-25,0
2024-01-25 01:00:00,0.0,0.0,2024-01-25,1
2024-01-25 02:00:00,0.0,0.0,2024-01-25,2
2024-01-25 03:00:00,0.0,0.0,2024-01-25,3
2024-01-25 04:00:00,0.0,0.0,2024-01-25,4
2024-01-25 05:00:00,0.0,0.0,2024-01-25,5
2024-01-25 06:00:00,0.02362504,0.0532739,2024-01-25,6
2024-01-25 07:00:00,0.2302581,0.3840059,2024-01-25,7
2024-01-25 08:00:00,0.3643203,0.4943734,2024-01-25,8
2024-01-25 09:00:00,0.5858331,0.7897064,2024-01-25,9
2024-01-25 10:00:00,0.6494346,0.8450677,2024-01-25,10
2024-01-25 11:00:00,0.7197388,0.9345264,2024-01-25,11
2024-01-25 12:00:00,0.5504493,0.6659155,2024-01-25,12
2024-01-25 13:00:00,0.5277237,0.6663447,2024-01-25,13
2024-01-25 14:00:00,0.4108076,0.531988,2024-01-25,14
2024-01-25 15:00:00,0.2693172,0.379538,2024-01-25,15
2024-01-25 16:00:00,0.1009036,0.2002285,2024-01-25,16
2024-01-25 17:00:00,0.000200703,0.0,2024-01-25,17
2024-01-25 18:00:00,0.0,0.0,2024-01-25,18
2024-01-25 19:00:00,0.0,0.0,2024-01-25,19
2024-01-25 20:00:00,0.0,0.0,2024-01-25,20
2024-01-25 21:00:00,0.0,0.0,2024-01-25,21
2024-01-25 22:00:00,0.0,0.0,2024-01-25,22
2024-01-25 23:00:00,0.0,0.0,2024-01-25,23
2024-01-26 00:00:00,0.0,0.0,2024-01-26,0
2024-01-26 01:00:00,0.0,0.0,2024-01-26,1
2024-01-26 02:00:00,0.0,0.0,2024-01-26,2
2024-01-26 03:00:00,0.0,0.0,2024-01-26,3
2024-01-26 04:00:00,0.0,0.0,2024-01-26,4
2024-01-26 05:00:00,0.0,0.0,2024-01-26,5
2024-01-26 06:00:00,0.02961001,0.09899768,2024-01-26,6
2024-01-26 07:00:00,0.1605254,0.2112461,2024-01-26,7
2024-01-26 08:00:00,0.3183886,0.4012349,2024-01-26,8
2024-01-26 09:00:00,0.5173607,0.6755398,2024-01-26,9
2024-01-26 10:00:00,0.5322019,0.6461207,2024-01-26,10
2024-01-26 11:00:00,0.3958267,0.4165595,2024-01-26,11
2024-01-26 12:00:00,0.5110543,0.5969923,2024-01-26,12
2024-01-26 13:00:00,0.5300577,0.6676177,2024-01-26,13
2024-01-26 14:00:00,0.309444,0.3471131,2024-01-26,14
2024-01-26 15:00:00,0.2615105,0.3585282,2024-01-26,15
2024-01-26 16:00:00,0.07098161,0.09370019,2024-01-26,16
2024-01-26 17:00:00,0.000408517,0.0,2024-01-26,17
2024-01-26 18:00:00,0.0,0.0,2024-01-26,18
2024-01-26 19:00:00,0.0,0.0,2024-01-26,19
2024-01-26 20:00:00,0.0,0.0,2024-01-26,20
2024-01-26 21:00:00,0.0,0.0,2024-01-26,21
2024-01-26 22:00:00,0.0,0.0,2024-01-26,22
2024-01-26 23:00:00,0.0,0.0,2024-01-26,23
2024-01-27 00:00:00,0.0,0.0,2024-01-27,0
2024-01-27 01:00:00,0.0,0.0,2024-01-27,1
2024-01-27 02:00:00,0.0,0.0,2024-01-27,2
2024-01-27 03:00:00,0.0,0.0,2024-01-27,3
2024-01-27 04:00:00,0.0,0.0,2024-01-27,4
2024-01-27 05:00:00,0.0,0.0,2024-01-27,5
2024-01-27 06:00:00,0.03417418,0.1383667,2024-01-27,6
2024-01-27 07:00:00,0.1744357,0.2424544,2024-01-27,7
2024-01-27 08:00:00,0.3213249,0.4050082,2024-01-27,8
2024-01-27 09:00:00,0.5760801,0.7698011,2024-01-27,9
2024-01-27 10:00:00,0.67665,0.8817335,2024-01-27,10
2024-01-27 11:00:00,0.7369439,0.9544994,2024-01-27,11
2024-01-27 12:00:00,0.6963049,0.9003894,2024-01-27,12
2024-01-27 13:00:00,0.6145071,0.8057864,2024-01-27,13
2024-01-27 14:00:00,0.4186473,0.5404453,2024-01-27,14
2024-01-27 15:00:00,0.2013861,0.2332491,2024-01-27,15
2024-01-27 16:00:00,0.1077759,0.2100352,2024-01-27,16
2024-01-27 17:00:00,0.000593945,0.0,2024-01-27,17
2024-01-27 18:00:00,0.0,0.0,2024-01-27,18
2024-01-27 19:00:00,0.0,0.0,2024-01-27,19
2024-01-27 20:00:00,0.0,0.0,2024-01-27,20
2024-01-27 21:00:00,0.0,0.0,2024-01-27,21
2024-01-27 22:00:00,0.0,0.0,2024-01-27,22
2024-01-27 23:00:00,0.0,0.0,2024-01-27,23
2024-01-28 00:00:00,0.0,0.0,2024-01-28,0
2024-01-28 01:00:00,0.0,0.0,2024-01-28,1
2024-01-28 02:00:00,0.0,0.0,2024-01-28,2
2024-01-28 03:00:00,0.0,0.0,2024-01-28,3
2024-01-28 04:00:00,0.0,0.0,2024-01-28,4
2024-01-28 05:00:00,0.0,0.0,2024-01-28,5
2024-01-28 06:00:00,0.0218205,0.03858698,2024-01-28,6
2024-01-28 07:00:00,0.02341066,0.02285691,2024-01-28,7
2024-01-28 08:00:00,0.03988489,0.03886267,2024-01-28,8
2024-01-28 09:00:00,0.04958688,0.04827666,2024-01-28,9
2024-01-28 10:00:00,0.1692261,0.1655916,2024-01-28,10
2024-01-28 11:00:00,0.204857,0.2006394,2024-01-28,11
2024-01-28 12:00:00,0.1912168,0.1872137,2024-01-28,12
2024-01-28 13:00:00,0.187863,0.1842013,2024-01-28,13
2024-01-28 14:00:00,0.1380127,0.1353685,2024-01-28,14
2024-01-28 15:00:00,0.09136211,0.08989532,2024-01-28,15
2024-01-28 16:00:00,0.0836304,0.1215609,2024-01-28,16
2024-01-28 17:00:00,0.000908866,0.0,2024-01-28,17
2024-01-28 18:00:00,0.0,0.0,2024-01-28,18
2024-01-28 19:00:00,0.0,0.0,2024-01-28,19
2024-01-28 20:00:00,0.0,0.0,2024-01-28,20
2024-01-28 21:00:00,0.0,0.0,2024-01-28,21
2024-01-28 22:00:00,0.0,0.0,2024-01-28,22
2024-01-28 23:00:00,0.0,0.0,2024-01-28,23
2024-01-29 00:00:00,0.0,0.0,2024-01-29,0
2024-01-29 01:00:00,0.0,0.0,2024-01-29,1
2024-01-29 02:00:00,0.0,0.0,2024-01-29,2
2024-01-29 03:00:00,0.0,0.0,2024-01-29,3
2024-01-29 04:00:00,0.0,0.0,2024-01-29,4
2024-01-29 05:00:00,0.0,0.0,2024-01-29,5
2024-01-29 06:00:00,0.02991272,0.09222458,2024-01-29,6
2024-01-29 07:00:00,0.2041935,0.3108978,2024-01-29,7
2024-01-29 08:00:00,0.4333065,0.6095688,2024-01-29,8
2024-01-29 09:00:00,0.4876805,0.6159388,2024-01-29,9
2024-01-29 10:00:00,0.599874,0.7542801,2024-01-29,10
2024-01-29 11:00:00,0.5105493,0.5839099,2024-01-29,11
2024-01-29 12:00:00,0.3551567,0.3644111,2024-01-29,12
2024-01-29 13:00:00,0.5705124,0.7281922,2024-01-29,13
2024-01-29 14:00:00,0.3468547,0.4042706,2024-01-29,14
2024-01-29 15:00:00,0.2982358,0.4254602,2024-01-29,15
2024-01-29 16:00:00,0.1287602,0.2635266,2024-01-29,16
2024-01-29 17:00:00,0.001043747,0.0,2024-01-29,17
2024-01-29 18:00:00,0.0,0.0,2024-01-29,18
2024-01-29 19:00:00,0.0,0.0,2024-01-29,19
2024-01-29 20:00:00,0.0,0.0,2024-01-29,20
2024-01-29 21:00:00,0.0,0.0,2024-01-29,21
2024-01-29 22:00:00,0.0,0.0,2024-01-29,22
2024-01-29 23:00:00,0.0,0.0,2024-01-29,23
2024-01-30 00:00:00,0.0,0.0,2024-01-30,0
2024-01-30 01:00:00,0.0,0.0,2024-01-30,1
2024-01-30 02:00:00,0.0,0.0,2024-01-30,2
2024-01-30 03:00:00,0.0,0.0,2024-01-30,3
2024-01-30 04:00:00,0.0,0.0,2024-01-30,4
2024-01-30 05:00:00,0.0,0.0,2024-01-30,5
2024-01-30 06:00:00,0.03624254,0.1466759,2024-01-30,6
2024-01-30 07:00:00,0.1759177,0.2391265,2024-01-30,7
2024-01-30 08:00:00,0.1683807,0.1679531,2024-01-30,8
2024-01-30 09:00:00,0.3206411,0.3394792,2024-01-30,9
2024-01-30 10:00:00,0.2523135,0.2491217,2024-01-30,10
2024-01-30 11:00:00,0.3603811,0.3685526,2024-01-30,11
2024-01-30 12:00:00,0.349096,0.3564499,2024-01-30,12
2024-01-30 13:00:00,0.4300767,0.4872217,2024-01-30,13
2024-01-30 14:00:00,0.4234037,0.539799,2024-01-30,14
2024-01-30 15:00:00,0.2766721,0.376211,2024-01-30,15
2024-01-30 16:00:00,0.1322591,0.2667131,2024-01-30,16
2024-01-30 17:00:00,0.0016394,0.0,2024-01-30,17
2024-01-30 18:00:00,0.0,0.0,2024-01-30,18
2024-01-30 19:00:00,0.0,0.0,2024-01-30,19
2024-01-30 20:00:00,0.0,0.0,2024-01-30,20
2024-01-30 21:00:00,0.0,0.0,2024-01-30,21
2024-01-30 22:00:00,0.0,0.0,2024-01-30,22
2024-01-30 23:00:00,0.0,0.0,2024-01-30,23
2024-01-31 00:00:00,0.0,0.0,2024-01-31,0
2024-01-31 01:00:00,0.0,0.0,2024-01-31,1
2024-01-31 02:00:00,0.0,0.0,2024-01-31,2
2024-01-31 03:00:00,0.0,0.0,2024-01-31,3
2024-01-31 04:00:00,0.0,0.0,2024-01-31,4
2024-01-31 05:00:00,0.0,0.0,2024-01-31,5
2024-01-31 06:00:00,0.02939871,0.08102459,2024-01-31,6
2024-01-31 07:00:00,0.2028036,0.3012594,2024-01-31,7
2024-01-31 08:00:00,0.3661097,0.4825936,2024-01-31,8
2024-01-31 09:00:00,0.6032511,0.8002636,2024-01-31,9
2024-01-31 10:00:00,0.7595667,0.987227,2024-01-31,10
2024-01-31 11:00:00,0.7477699,0.9593095,2024-01-31,11
2024-01-31 12:00:00,0.6484674,0.8141832,2024-01-31,12
2024-01-31 13:00:00,0.6583543,0.8602204,2024-01-31,13
2024-01-31 14:00:00,0.5312273,0.720044,2024-01-31,14
2024-01-31 15:00:00,0.3254485,0.471532,2024-01-31,15
2024-01-31 16:00:00,0.1253382,0.2393902,2024-01-31,16
2024-01-31 17:00:00,0.00101378,0.0,2024-01-31,17
2024-01-31 18:00:00,0.0,0.0,2024-01-31,18
2024-01-31 19:00:00,0.0,0.0,2024-01-31,19
2024-01-31 20:00:00,0.0,0.0,2024-01-31,20
2024-01-31 21:00:00,0.0,0.0,2024-01-31,21
2024-01-31 22:00:00,0.0,0.0,2024-01-31,22
2024-01-31 23:00:00,0.0,0.0,2024-01-31,23
2024-02-01 00:00:00,0.0,0.0,2024-02-01,0
2024-02-01 01:00:00,0.0,0.0,2024-02-01,1
2024-02-01 02:00:00,0.0,0.0,2024-02-01,2
2024-02-01 03:00:00,0.0,0.0,2024-02-01,3
2024-02-01 04:00:00,0.0,0.0,2024-02-01,4
2024-02-01 05:00:00,0.0,0.0,2024-02-01,5
2024-02-01 06:00:00,0.02104725,0.03078707,2024-02-01,6
2024-02-01 07:00:00,0.02959123,0.02891842,2024-02-01,7
2024-02-01 08:00:00,0.2503203,0.2730694,2024-02-01,8
2024-02-01 09:00:00,0.345763,0.3734286,2024-02-01,9
2024-02-01 10:00:00,0.5520447,0.6661623,2024-02-01,10
2024-02-01 11:00:00,0.6502079,0.8072373,2024-02-01,11
2024-02-01 12:00:00,0.5277532,0.6120539,2024-02-01,12
2024-02-01 13:00:00,0.531466,0.6529696,2024-02-01,13
2024-02-01 14:00:00,0.5046862,0.6751693,2024-02-01,14
2024-02-01 15:00:00,0.3303525,0.4768039,2024-02-01,15
2024-02-01 16:00:00,0.1071075,0.1742868,2024-02-01,16
2024-02-01 17:00:00,0.001766978,0.0,2024-02-01,17
2024-02-01 18:00:00,0.0,0.0,2024-02-01,18
2024-02-01 19:00:00,0.0,0.0,2024-02-01,19
2024-02-01 20:00:00,0.0,0.0,2024-02-01,20
2024-02-01 21:00:00,0.0,0.0,2024-02-01,21
2024-02-01 22:00:00,0.0,0.0,2024-02-01,22
2024-02-01 23:00:00,0.0,0.0,2024-02-01,23
2024-02-02 00:00:00,0.0,0.0,2024-02-02,0
2024-02-02 01:00:00,0.0,0.0,2024-02-02,1
2024-02-02 02:00:00,0.0,0.0,2024-02-02,2
2024-02-02 03:00:00,0.0,0.0,2024-02-02,3
2024-02-02 04:00:00,0.0,0.0,2024-02-02,4
2024-02-02 05:00:00,0.0,0.0,2024-02-02,5
2024-02-02 06:00:00,0.02504914,0.04662582,2024-02-02,6
2024-02-02 07:00:00,0.09106532,0.09117129,2024-02-02,7
2024-02-02 08:00:00,0.2905627,0.3372582,2024-02-02,8
2024-02-02 09:00:00,0.1976973,0.1944309,2024-02-02,9
2024-02-02 10:00:00,0.3264957,0.3310061,2024-02-02,10
2024-02-02 11:00:00,0.10173,0.0991503,2024-02-02,11
2024-02-02 12:00:00,0.212679,0.2083118,2024-02-02,12
2024-02-02 13:00:00,0.1442878,0.1410451,2024-02-02,13
2024-02-02 14:00:00,0.06503734,0.06340595,2024-02-02,14
2024-02-02 15:00:00,0.03476281,0.03389155,2024-02-02,15
2024-02-02 16:00:00,0.01323234,0.01294158,2024-02-02,16
2024-02-02 17:00:00,0.002526625,0.0,2024-02-02,17
2024-02-02 18:00:00,0.0,0.0,2024-02-02,18
2024-02-02 19:00:00,0.0,0.0,2024-02-02,19
2024-02-02 20:00:00,0.0,0.0,2024-02-02,20
2024-02-02 21:00:00,0.0,0.0,2024-02-02,21
2024-02-02 22:00:00,0.0,0.0,2024-02-02,22
2024-02-02 23:00:00,0.0,0.0,2024-02-02,23
2024-02-03 00:00:00,0.0,0.0,2024-02-03,0
2024-02-03 01:00:00,0.0,0.0,2024-02-03,1
2024-02-03 02:00:00,0.0,0.0,2024-02-03,2
2024-02-03 03:00:00,0.0,0.0,2024-02-03,3
2024-02-03 04:00:00,0.0,0.0,2024-02-03,4
2024-02-03 05:00:00,0.0,0.0,2024-02-03,5
2024-02-03 06:00:00,0.03218247,0.09200743,2024-02-03,6
2024-02-03 07:00:00,0.1446368,0.1664914,2024-02-03,7
2024-02-03 08:00:00,0.0934523,0.09145663,2024-02-03,8
2024-02-03 09:00:00,0.08877624,0.0865933,2024-02-03,9
2024-02-03 10:00:00,0.1858941,0.1819322,2024-02-03,10
2024-02-03 11:00:00,0.5958242,0.7127271,2024-02-03,11
2024-02-03 12:00:00,0.6425869,0.7958974,2024-02-03,12
2024-02-03 13:00:00,0.463012,0.5327563,2024-02-03,13
2024-02-03 14:00:00,0.2860586,0.3025631,2024-02-03,14
2024-02-03 15:00:00,0.1214625,0.1201758,2024-02-03,15
2024-02-03 16:00:00,0.04514149,0.04502824,2024-02-03,16
2024-02-03 17:00:00,0.001964016,0.0,2024-02-03,17
2024-02-03 18:00:00,0.0,0.0,2024-02-03,18
2024-02-03 19:00:00,0.0,0.0,2024-02-03,19
2024-02-03 20:00:00,0.0,0.0,2024-02-03,20
2024-02-03 21:00:00,0.0,0.0,2024-02-03,21
2024-02-03 22:00:00,0.0,0.0,2024-02-03,22
2024-02-03 23:00:00,0.0,0.0,2024-02-03,23
2024-02-04 00:00:00,0.0,0.0,2024-02-04,0
2024-02-04 01:00:00,0.0,0.0,2024-02-04,1
2024-02-04 02:00:00,0.0,0.0,2024-02-04,2
2024-02-04 03:00:00,0.0,0.0,2024-02-04,3
2024-02-04 04:00:00,0.0,0.0,2024-02-04,4
2024-02-04 05:00:00,0.0,0.0,2024-02-04,5
2024-02-04 06:00:00,0.02004925,0.02503827,2024-02-04,6
2024-02-04 07:00:00,0.2557369,0.4028777,2024-02-04,7
2024-02-04 08:00:00,0.4960645,0.6868718,2024-02-04,8
2024-02-04 09:00:00,0.6986205,0.9206209,2024-02-04,9
2024-02-04 10:00:00,0.8118436,1.045526,2024-02-04,10
2024-02-04 11:00:00,0.8260918,1.053788,2024-02-04,11
2024-02-04 12:00:00,0.843468,1.079867,2024-02-04,12
2024-02-04 13:00:00,0.7458539,0.9681155,2024-02-04,13
2024-02-04 14:00:00,0.5107948,0.6749313,2024-02-04,14
2024-02-04 15:00:00,0.2873102,0.3798158,2024-02-04,15
2024-02-04 16:00:00,0.1071911,0.1589393,2024-02-04,16
2024-02-04 17:00:00,0.001436619,0.0,2024-02-04,17
2024-02-04 18:00:00,0.0,0.0,2024-02-04,18
2024-02-04 19:00:00,0.0,0.0,2024-02-04,19
2024-02-04 20:00:00,0.0,0.0,2024-02-04,20
2024-02-04 21:00:00,0.0,0.0,2024-02-04,21
2024-02-04 22:00:00,0.0,0.0,2024-02-04,22
2024-02-04 23:00:00,0.0,0.0,2024-02-04,23
2024-02-05 00:00:00,0.0,0.0,2024-02-05,0
2024-02-05 01:00:00,0.0,0.0,2024-02-05,1
2024-02-05 02:00:00,0.0,0.0,2024-02-05,2
2024-02-05 03:00:00,0.0,0.0,2024-02-05,3
2024-02-05 04:00:00,0.0,0.0,2024-02-05,4
2024-02-05 05:00:00,0.0,0.0,2024-02-05,5
2024-02-05 06:00:00,0.0464166,0.189802,2024-02-05,6
2024-02-05 07:00:00,0.2557597,0.3992698,2024-02-05,7
2024-02-05 08:00:00,0.4217196,0.5690848,2024-02-05,8
2024-02-05 09:00:00,0.4083116,0.4643372,2024-02-05,9
2024-02-05 10:00:00,0.5694093,0.6850244,2024-02-05,10
2024-02-05 11:00:00,0.8005608,1.017609,2024-02-05,11
2024-02-05 12:00:00,0.7589066,0.9649536,2024-02-05,12
2024-02-05 13:00:00,0.5265799,0.6334804,2024-02-05,13
2024-02-05 14:00:00,0.378535,0.4431857,2024-02-05,14
2024-02-05 15:00:00,0.295426,0.3925088,2024-02-05,15
2024-02-05 16:00:00,0.0616104,0.06352842,2024-02-05,16
2024-02-05 17:00:00,0.002274276,0.0,2024-02-05,17
2024-02-05 18:00:00,0.0,0.0,2024-02-05,18
2024-02-05 19:00:00,0.0,0.0,2024-02-05,19
2024-02-05 20:00:00,0.0,0.0,2024-02-05,20
2024-02-05 21:00:00,0.0,0.0,2024-02-05,21
2024-02-05 22:00:00,0.0,0.0,2024-02-05,22
2024-02-05 23:00:00,0.0,0.0,2024-02-05,23
2024-02-06 00:00:00,0.0,0.0,2024-02-06,0
2024-02-06 01:00:00,0.0,0.0,2024-02-06,1
2024-02-06 02:00:00,0.0,0.0,2024-02-06,2
2024-02-06 03:00:00,0.0,0.0,2024-02-06,3
2024-02-06 04:00:00,0.0,0.0,2024-02-06,4
2024-02-06 05:00:00,0.0,0.0,2024-02-06,5
2024-02-06 06:00:00,0.03822044,0.1131815,2024-02-06,6
2024-02-06 07:00:00,0.1405793,0.1561306,2024-02-06,7
2024-02-06 08:00:00,0.3387599,0.4153653,2024-02-06,8
2024-02-06 09:00:00,0.5113428,0.6354444,2024-02-06,9
2024-02-06 10:00:00,0.4506648,0.493692,2024-02-06,10
2024-02-06 11:00:00,0.6489832,0.7909899,2024-02-06,11
2024-02-06 12:00:00,0.7304657,0.9216815,2024-02-06,12
2024-02-06 13:00:00,0.3700388,0.3892955,2024-02-06,13
2024-02-06 14:00:00,0.3926817,0.4649863,2024-02-06,14
2024-02-06 15:00:00,0.3308081,0.4577748,2024-02-06,15
2024-02-06 16:00:00,0.1212294,0.1893773,2024-02-06,16
2024-02-06 17:00:00,0.004346338,0.0,2024-02-06,17
2024-02-06 18:00:00,0.0,0.0,2024-02-06,18
2024-02-06 19:00:00,0.0,0.0,2024-02-06,19
2024-02-06 20:00:00,0.0,0.0,2024-02-06,20
2024-02-06 21:00:00,0.0,0.0,2024-02-06,21
2024-02-06 22:00:00,0.0,0.0,2024-02-06,22
2024-02-06 23:00:00,0.0,0.0,2024-02-06,23
2024-02-07 00:00:00,0.0,0.0,2024-02-07,0
2024-02-07 01:00:00,0.0,0.0,2024-02-07,1
2024-02-07 02:00:00,0.0,0.0,2024-02-07,2
2024-02-07 03:00:00,0.0,0.0,2024-02-07,3
2024-02-07 04:00:00,0.0,0.0,2024-02-07,4
2024-02-07 05:00:00,0.0,0.0,2024-02-07,5
2024-02-07 06:00:00,0.03001357,0.05387487,2024-02-07,6
2024-02-07 07:00:00,0.242817,0.3660161,2024-02-07,7
2024-02-07 08:00:00,0.4682716,0.6376053,2024-02-07,8
2024-02-07 09:00:00,0.6320735,0.8214642,2024-02-07,9
2024-02-07 10:00:00,0.8152059,1.040811,2024-02-07,10
2024-02-07 11:00:00,0.7714788,0.9724545,2024-02-07,11
2024-02-07 12:00:00,0.6536168,0.8015757,2024-02-07,12
2024-02-07 13:00:00,0.6197098,0.7798187,2024-02-07,13
2024-02-07 14:00:00,0.3086202,0.3301241,2024-02-07,14
2024-02-07 15:00:00,0.2353669,0.2721205,2024-02-07,15
2024-02-07 16:00:00,0.06218471,0.06350337,2024-02-07,16
2024-02-07 17:00:00,0.002494889,0.0,2024-02-07,17
2024-02-07 18:00:00,0.0,0.0,2024-02-07,18
2024-02-07 19:00:00,0.0,0.0,2024-02-07,19
2024-02-07 20:00:00,0.0,0.0,2024-02-07,20
2024-02-07 21:00:00,0.0,0.0,2024-02-07,21
2024-02-07 22:00:00,0.0,0.0,2024-02-07,22
2024-02-07 23:00:00,0.0,0.0,2024-02-07,23
2024-02-08 00:00:00,0.0,0.0,2024-02-08,0
2024-02-08 01:00:00,0.0,0.0,2024-02-08,1
2024-02-08 02:00:00,0.0,0.0,2024-02-08,2
2024-02-08 03:00:00,0.0,0.0,2024-02-08,3
2024-02-08 04:00:00,0.0,0.0,2024-02-08,4
2024-02-08 05:00:00,0.0,0.0,2024-02-08,5
2024-02-08 06:00:00,0.01462651,0.01513237,2024-02-08,6
2024-02-08 07:00:00,0.1953542,0.2586761,2024-02-08,7
2024-02-08 08:00:00,0.2980496,0.3399362,2024-02-08,8
2024-02-08 09:00:00,0.5130635,0.6325844,2024-02-08,9
2024-02-08 10:00:00,0.4808739,0.536104,2024-02-08,10
2024-02-08 11:00:00,0.406776,0.4212859,2024-02-08,11
2024-02-08 12:00:00,0.5251372,0.5932909,2024-02-08,12
2024-02-08 13:00:00,0.7197821,0.9215125,2024-02-08,13
2024-02-08 14:00:00,0.5588015,0.7350246,2024-02-08,14
2024-02-08 15:00:00,0.3213428,0.4320406,2024-02-08,15
2024-02-08 16:00:00,0.1445143,0.243636,2024-02-08,16
2024-02-08 17:00:00,0.004234551,0.0,2024-02-08,17
2024-02-08 18:00:00,0.0,0.0,2024-02-08,18
2024-02-08 19:00:00,0.0,0.0,2024-02-08,19
2024-02-08 20:00:00,0.0,0.0,2024-02-08,20
2024-02-08 21:00:00,0.0,0.0,2024-02-08,21
2024-02-08 22:00:00,0.0,0.0,2024-02-08,22
2024-02-08 23:00:00,0.0,0.0,2024-02-08,23
2024-02-09 00:00:00,0.0,0.0,2024-02-09,0
2024-02-09 01:00:00,0.0,0.0,2024-02-09,1
2024-02-09 02:00:00,0.0,0.0,2024-02-09,2
2024-02-09 03:00:00,0.0,0.0,2024-02-09,3
2024-02-09 04:00:00,0.0,0.0,2024-02-09,4
2024-02-09 05:00:00,0.0,0.0,2024-02-09,5
2024-02-09 06:00:00,0.03453897,0.06662317,2024-02-09,6
2024-02-09 07:00:00,0.04238434,0.0414682,2024-02-09,7
2024-02-09 08:00:00,0.03410903,0.03319762,2024-02-09,8
2024-02-09 09:00:00,0.1343662,0.1313118,2024-02-09,9
2024-02-09 10:00:00,0.1273098,0.1242047,2024-02-09,10
2024-02-09 11:00:00,0.08172598,0.0795682,2024-02-09,11
2024-02-09 12:00:00,0.05109498,0.0496955,2024-02-09,12
2024-02-09 13:00:00,0.08068211,0.07859147,2024-02-09,13
2024-02-09 14:00:00,0.05341782,0.05201636,2024-02-09,14
2024-02-09 15:00:00,0.03600994,0.03508806,2024-02-09,15
2024-02-09 16:00:00,0.001443499,0.001402139,2024-02-09,16
2024-02-09 17:00:00,0.004239845,0.0,2024-02-09,17
2024-02-09 18:00:00,0.0,0.0,2024-02-09,18
2024-02-09 19:00:00,0.0,0.0,2024-02-09,19
2024-02-09 20:00:00,0.0,0.0,2024-02-09,20
2024-02-09 21:00:00,0.0,0.0,2024-02-09,21
2024-02-09 22:00:00,0.0,0.0,2024-02-09,22
2024-02-09 23:00:00,0.0,0.0,2024-02-09,23
2024-02-10 00:00:00,0.0,0.0,2024-02-10,0
2024-02-10 01:00:00,0.0,0.0,2024-02-10,1
2024-02-10 02:00:00,0.0,0.0,2024-02-10,2
2024-02-10 03:00:00,0.0,0.0,2024-02-10,3
2024-02-10 04:00:00,0.0,0.0,2024-02-10,4
2024-02-10 05:00:00,0.0,0.0,2024-02-10,5
2024-02-10 06:00:00,0.03974205,0.08839408,2024-02-10,6
2024-02-10 07:00:00,0.01847781,0.01799616,2024-02-10,7
2024-02-10 08:00:00,0.046692,0.04548381,2024-02-10,8
2024-02-10 09:00:00,0.02916165,0.02835009,2024-02-10,9
2024-02-10 10:00:00,0.09162702,0.08926129,2024-02-10,10
2024-02-10 11:00:00,0.0828623,0.08067436,2024-02-10,11
2024-02-10 12:00:00,0.09374629,0.09131317,2024-02-10,12
2024-02-10 13:00:00,0.06298587,0.0613059,2024-02-10,13
2024-02-10 14:00:00,0.05378771,0.05237465,2024-02-10,14
2024-02-10 15:00:00,0.0375022,0.03654428,2024-02-10,15
2024-02-10 16:00:00,0.037025,0.03648269,2024-02-10,16
2024-02-10 17:00:00,0.006097801,0.0,2024-02-10,17
2024-02-10 18:00:00,0.0,0.0,2024-02-10,18
2024-02-10 19:00:00,0.0,0.0,2024-02-10,19
2024-02-10 20:00:00,0.0,0.0,2024-02-10,20
2024-02-10 21:00:00,0.0,0.0,2024-02-10,21
2024-02-10 22:00:00,0.0,0.0,2024-02-10,22
2024-02-10 23:00:00,0.0,0.0,2024-02-10,23
2024-02-11 00:00:00,0.0,0.0,2024-02-11,0
2024-02-11 01:00:00,0.0,0.0,2024-02-11,1
2024-02-11 02:00:00,0.0,0.0,2024-02-11,2
2024-02-11 03:00:00,0.0,0.0,2024-02-11,3
2024-02-11 04:00:00,0.0,0.0,2024-02-11,4
2024-02-11 05:00:00,0.0,0.0,2024-02-11,5
2024-02-11 06:00:00,0.03505936,0.0593662,2024-02-11,6
2024-02-11 07:00:00,0.1673312,0.1951628,2024-02-11,7
2024-02-11 08:00:00,0.449668,0.5954176,2024-02-11,8
2024-02-11 09:00:00,0.6327783,0.8100752,2024-02-11,9
2024-02-11 10:00:00,0.5550222,0.646308,2024-02-11,10
2024-02-11 11:00:00,0.5916452,0.6857882,2024-02-11,11
2024-02-11 12:00:00,0.5105725,0.5653734,2024-02-11,12
2024-02-11 13:00:00,0.4501946,0.4974161,2024-02-11,13
2024-02-11 14:00:00,0.5021231,0.6369802,2024-02-11,14
2024-02-11 15:00:00,0.3587665,0.4889538,2024-02-11,15
2024-02-11 16:00:00,0.09430622,0.1084389,2024-02-11,16
2024-02-11 17:00:00,0.006353901,0.0,2024-02-11,17
2024-02-11 18:00:00,0.0,0.0,2024-02-11,18
2024-02-11 19:00:00,0.0,0.0,2024-02-11,19
2024-02-11 20:00:00,0.0,0.0,2024-02-11,20
2024-02-11 21:00:00,0.0,0.0,2024-02-11,21
2024-02-11 22:00:00,0.0,0.0,2024-02-11,22
2024-02-11 23:00:00,0.0,0.0,2024-02-11,23
2024-02-12 00:00:00,0.0,0.0,2024-02-12,0
2024-02-12 01:00:00,0.0,0.0,2024-02-12,1
2024-02-12 02:00:00,0.0,0.0,2024-02-12,2
2024-02-12 03:00:00,0.0,0.0,2024-02-12,3
2024-02-12 04:00:00,0.0,0.0,2024-02-12,4
2024-02-12 05:00:00,0.0,0.0,2024-02-12,5
2024-02-12 06:00:00,0.01873012,0.01928711,2024-02-12,6
2024-02-12 07:00:00,0.114059,0.1155538,2024-02-12,7
2024-02-12 08:00:00,0.1885508,0.1879428,2024-02-12,8
2024-02-12 09:00:00,0.3243626,0.3351083,2024-02-12,9
2024-02-12 10:00:00,0.40678,0.4254335,2024-02-12,10
2024-02-12 11:00:00,0.4748943,0.5084746,2024-02-12,11
2024-02-12 12:00:00,0.4417208,0.4659075,2024-02-12,12
2024-02-12 13:00:00,0.3112795,0.3128667,2024-02-12,13
2024-02-12 14:00:00,0.2110907,0.2087931,2024-02-12,14
2024-02-12 15:00:00,0.2341774,0.2612681,2024-02-12,15
2024-02-12 16:00:00,0.1365733,0.2013388,2024-02-12,16
2024-02-12 17:00:00,0.004358055,0.0,2024-02-12,17
2024-02-12 18:00:00,0.0,0.0,2024-02-12,18
2024-02-12 19:00:00,0.0,0.0,2024-02-12,19
2024-02-12 20:00:00,0.0,0.0,2024-02-12,20
2024-02-12 21:00:00,0.0,0.0,2024-02-12,21
2024-02-12 22:00:00,0.0,0.0,2024-02-12,22
2024-02-12 23:00:00,0.0,0.0,2024-02-12,23
2024-02-13 00:00:00,0.0,0.0,2024-02-13,0
2024-02-13 01:00:00,0.0,0.0,2024-02-13,1
2024-02-13 02:00:00,0.0,0.0,2024-02-13,2
2024-02-13 03:00:00,0.0,0.0,2024-02-13,3
2024-02-13 04:00:00,0.0,0.0,2024-02-13,4
2024-02-13 05:00:00,0.0,0.0,2024-02-13,5
2024-02-13 06:00:00,0.03078796,0.03940221,2024-02-13,6
2024-02-13 07:00:00,0.2076512,0.2690308,2024-02-13,7
2024-02-13 08:00:00,0.3520602,0.4212006,2024-02-13,8
2024-02-13 09:00:00,0.4500699,0.5155824,2024-02-13,9
2024-02-13 10:00:00,0.5712755,0.6671097,2024-02-13,10
2024-02-13 11:00:00,0.704846,0.8568224,2024-02-13,11
2024-02-13 12:00:00,0.7278541,0.8958949,2024-02-13,12
2024-02-13 13:00:00,0.4826767,0.5432185,2024-02-13,13
2024-02-13 14:00:00,0.4921693,0.6139939,2024-02-13,14
2024-02-13 15:00:00,0.2811771,0.3396831,2024-02-13,15
2024-02-13 16:00:00,0.1213818,0.1599716,2024-02-13,16
2024-02-13 17:00:00,0.005043934,0.0,2024-02-13,17
2024-02-13 18:00:00,0.0,0.0,2024-02-13,18
2024-02-13 19:00:00,0.0,0.0,2024-02-13,19
2024-02-13 20:00:00,0.0,0.0,2024-02-13,20
2024-02-13 21:00:00,0.0,0.0,2024-02-13,21
2024-02-13 22:00:00,0.0,0.0,2024-02-13,22
2024-02-13 23:00:00,0.0,0.0,2024-02-13,23
2024-02-14 00:00:00,0.0,0.0,2024-02-14,0
2024-02-14 01:00:00,0.0,0.0,2024-02-14,1
2024-02-14 02:00:00,0.0,0.0,2024-02-14,2
2024-02-14 03:00:00,0.0,0.0,2024-02-14,3
2024-02-14 04:00:00,0.0,0.0,2024-02-14,4
2024-02-14 05:00:00,0.0,0.0,2024-02-14,5
2024-02-14 06:00:00,0.05508767,0.1371049,2024-02-14,6
2024-02-14 07:00:00,0.2319329,0.3156989,2024-02-14,7
2024-02-14 08:00:00,0.4507178,0.5866675,2024-02-14,8
2024-02-14 09:00:00,0.5094377,0.6092434,2024-02-14,9
2024-02-14 10:00:00,0.6976497,0.8597761,2024-02-14,10
2024-02-14 11:00:00,0.6966166,0.8412493,2024-02-14,11
2024-02-14 12:00:00,0.8091528,1.005025,2024-02-14,12
2024-02-14 13:00:00,0.6459486,0.7974694,2024-02-14,13
2024-02-14 14:00:00,0.5242053,0.6621909,2024-02-14,14
2024-02-14 15:00:00,0.330946,0.4279529,2024-02-14,15
2024-02-14 16:00:00,0.1431958,0.2088698,2024-02-14,16
2024-02-14 17:00:00,0.009326729,0.0,2024-02-14,17
2024-02-14 18:00:00,0.0,0.0,2024-02-14,18
2024-02-14 19:00:00,0.0,0.0,2024-02-14,19
2024-02-14 20:00:00,0.0,0.0,2024-02-14,20
2024-02-14 21:00:00,0.0,0.0,2024-02-14,21
2024-02-14 22:00:00,0.0,0.0,2024-02-14,22
2024-02-14 23:00:00,0.0,0.0,2024-02-14,23
2024-02-15 00:00:00,0.0,0.0,2024-02-15,0
2024-02-15 01:00:00,0.0,0.0,2024-02-15,1
2024-02-15 02:00:00,0.0,0.0,2024-02-15,2
2024-02-15 03:00:00,0.0,0.0,2024-02-15,3
2024-02-15 04:00:00,0.0,0.0,2024-02-15,4
2024-02-15 05:00:00,0.0,0.0,2024-02-15,5
2024-02-15 06:00:00,0.05796817,0.1412752,2024-02-15,6
2024-02-15 07:00:00,0.2877633,0.4169784,2024-02-15,7
2024-02-15 08:00:00,0.4898995,0.6428463,2024-02-15,8
2024-02-15 09:00:00,0.5679955,0.7000898,2024-02-15,9
2024-02-15 10:00:00,0.7299308,0.9028539,2024-02-15,10
2024-02-15 11:00:00,0.5471815,0.6084641,2024-02-15,11
2024-02-15 12:00:00,0.681851,0.8208988,2024-02-15,12
2024-02-15 13:00:00,0.5659132,0.6696593,2024-02-15,13
2024-02-15 14:00:00,0.5202883,0.6526488,2024-02-15,14
2024-02-15 15:00:00,0.3096692,0.385722,2024-02-15,15
2024-02-15 16:00:00,0.1532121,0.2288119,2024-02-15,16
2024-02-15 17:00:00,0.008245218,0.0,2024-02-15,17
2024-02-15 18:00:00,0.0,0.0,2024-02-15,18
2024-02-15 19:00:00,0.0,0.0,2024-02-15,19
2024-02-15 20:00:00,0.0,0.0,2024-02-15,20
2024-02-15 21:00:00,0.0,0.0,2024-02-15,21
2024-02-15 22:00:00,0.0,0.0,2024-02-15,22
2024-02-15 23:00:00,0.0,0.0,2024-02-15,23
2024-02-16 00:00:00,0.0,0.0,2024-02-16,0
2024-02-16 01:00:00,0.0,0.0,2024-02-16,1
2024-02-16 02:00:00,0.0,0.0,2024-02-16,2
2024-02-16 03:00:00,0.0,0.0,2024-02-16,3
2024-02-16 04:00:00,0.0,0.0,2024-02-16,4
2024-02-16 05:00:00,0.0,0.0,2024-02-16,5
2024-02-16 06:00:00,0.04041533,0.05925323,2024-02-16,6
2024-02-16 07:00:00,0.193391,0.232369,2024-02-16,7
2024-02-16 08:00:00,0.4215678,0.5318431,2024-02-16,8
2024-02-16 09:00:00,0.5029632,0.5931374,2024-02-16,9
2024-02-16 10:00:00,0.7926633,0.9837389,2024-02-16,10
2024-02-16 11:00:00,0.7998152,0.9832882,2024-02-16,11
2024-02-16 12:00:00,0.702663,0.8491421,2024-02-16,12
2024-02-16 13:00:00,0.6274326,0.7629153,2024-02-16,13
2024-02-16 14:00:00,0.3615799,0.3952704,2024-02-16,14
2024-02-16 15:00:00,0.4209659,0.5685866,2024-02-16,15
2024-02-16 16:00:00,0.2057676,0.332811,2024-02-16,16
2024-02-16 17:00:00,0.01130876,0.0,2024-02-16,17
2024-02-16 18:00:00,0.0,0.0,2024-02-16,18
2024-02-16 19:00:00,0.0,0.0,2024-02-16,19
2024-02-16 20:00:00,0.0,0.0,2024-02-16,20
2024-02-16 21:00:00,0.0,0.0,2024-02-16,21
2024-02-16 22:00:00,0.0,0.0,2024-02-16,22
2024-02-16 23:00:00,0.0,0.0,2024-02-16,23
2024-02-17 00:00:00,0.0,0.0,2024-02-17,0
2024-02-17 01:00:00,0.0,0.0,2024-02-17,1
2024-02-17 02:00:00,0.0,0.0,2024-02-17,2
2024-02-17 03:00:00,0.0,0.0,2024-02-17,3
2024-02-17 04:00:00,0.0,0.0,2024-02-17,4
2024-02-17 05:00:00,0.0,0.0,2024-02-17,5
2024-02-17 06:00:00,0.04793131,0.0812483,2024-02-17,6
2024-02-17 07:00:00,0.1829834,0.2113879,2024-02-17,7
2024-02-17 08:00:00,0.2925157,0.3173446,2024-02-17,8
2024-02-17 09:00:00,0.6795012,0.8542603,2024-02-17,9
2024-02-17 10:00:00,0.8733028,1.083012,2024-02-17,10
2024-02-17 11:00:00,0.8379606,1.030284,2024-02-17,11
2024-02-17 12:00:00,0.7203204,0.8720796,2024-02-17,12
2024-02-17 13:00:00,0.601414,0.7196358,2024-02-17,13
2024-02-17 14:00:00,0.5451393,0.6843237,2024-02-17,14
2024-02-17 15:00:00,0.2388271,0.2611464,2024-02-17,15
2024-02-17 16:00:00,0.1331433,0.1735322,2024-02-17,16
2024-02-17 17:00:00,0.004802504,0.0,2024-02-17,17
2024-02-17 18:00:00,0.0,0.0,2024-02-17,18
2024-02-17 19:00:00,0.0,0.0,2024-02-17,19
2024-02-17 20:00:00,0.0,0.0,2024-02-17,20
2024-02-17 21:00:00,0.0,0.0,2024-02-17,21
2024-02-17 22:00:00,0.0,0.0,2024-02-17,22
2024-02-17 23:00:00,0.0,0.0,2024-02-17,23
2024-02-18 00:00:00,0.0,0.0,2024-02-18,0
2024-02-18 01:00:00,0.0,0.0,2024-02-18,1
2024-02-18 02:00:00,0.0,0.0,2024-02-18,2
2024-02-18 03:00:00,0.0,0.0,2024-02-18,3
2024-02-18 04:00:00,0.0,0.0,2024-02-18,4
2024-02-18 05:00:00,0.0,0.0,2024-02-18,5
2024-02-18 06:00:00,0.06825785,0.1561963,2024-02-18,6
2024-02-18 07:00:00,0.2317389,0.3002692,2024-02-18,7
2024-02-18 08:00:00,0.4207489,0.5236487,2024-02-18,8
2024-02-18 09:00:00,0.7759918,0.975434,2024-02-18,9
2024-02-18 10:00:00,0.8359758,1.032248,2024-02-18,10
2024-02-18 11:00:00,0.7578139,0.9185759,2024-02-18,11
2024-02-18 12:00:00,0.840427,1.032534,2024-02-18,12
2024-02-18 13:00:00,0.7008216,0.8639613,2024-02-18,13
2024-02-18 14:00:00,0.4452285,0.5219269,2024-02-18,14
2024-02-18 15:00:00,0.1621889,0.1616706,2024-02-18,15
2024-02-18 16:00:00,0.09900913,0.107349,2024-02-18,16
2024-02-18 17:00:00,0.009535992,0.0,2024-02-18,17
2024-02-18 18:00:00,0.0,0.0,2024-02-18,18
2024-02-18 19:00:00,0.0,0.0,2024-02-18,19
2024-02-18 20:00:00,0.0,0.0,2024-02-18,20
2024-02-18 21:00:00,0.0,0.0,2024-02-18,21
2024-02-18 22:00:00,0.0,0.0,2024-02-18,22
2024-02-18 23:00:00,0.0,0.0,2024-02-18,23
2024-02-19 00:00:00,0.0,0.0,2024-02-19,0
2024-02-19 01:00:00,0.0,0.0,2024-02-19,1
2024-02-19 02:00:00,0.0,0.0,2024-02-19,2
2024-02-19 03:00:00,0.0,0.0,2024-02-19,3
2024-02-19 04:00:00,0.0,0.0,2024-02-19,4
2024-02-19 05:00:00,0.0,0.0,2024-02-19,5
2024-02-19 06:00:00,0.03995746,0.04972209,2024-02-19,6
2024-02-19 07:00:00,0.1753703,0.1951288,2024-02-19,7
2024-02-19 08:00:00,0.3642839,0.4261747,2024-02-19,8
2024-02-19 09:00:00,0.3834689,0.406662,2024-02-19,9
2024-02-19 10:00:00,0.7628139,0.9349958,2024-02-19,10
2024-02-19 11:00:00,0.7910654,0.9617252,2024-02-19,11
2024-02-19 12:00:00,0.7134286,0.8556094,2024-02-19,12
2024-02-19 13:00:00,0.7812358,0.9665078,2024-02-19,13
2024-02-19 14:00:00,0.4229668,0.4838725,2024-02-19,14
2024-02-19 15:00:00,0.2909073,0.3415336,2024-02-19,15
2024-02-19 16:00:00,0.1720622,0.253681,2024-02-19,16
2024-02-19 17:00:00,0.01036533,0.0,2024-02-19,17
2024-02-19 18:00:00,0.0,0.0,2024-02-19,18
2024-02-19 19:00:00,0.0,0.0,2024-02-19,19
2024-02-19 20:00:00,0.0,0.0,2024-02-19,20
2024-02-19 21:00:00,0.0,0.0,2024-02-19,21
2024-02-19 22:00:00,0.0,0.0,2024-02-19,22
2024-02-19 23:00:00,0.0,0.0,2024-02-19,23
2024-02-20 00:00:00,0.0,0.0,2024-02-20,0
2024-02-20 01:00:00,0.0,0.0,2024-02-20,1
2024-02-20 02:00:00,0.0,0.0,2024-02-20,2
2024-02-20 03:00:00,0.0,0.0,2024-02-20,3
2024-02-20 04:00:00,0.0,0.0,2024-02-20,4
2024-02-20 05:00:00,0.0,0.0,2024-02-20,5
2024-02-20 06:00:00,0.01608086,0.01595865,2024-02-20,6
2024-02-20 07:00:00,0.02776192,0.02704616,2024-02-20,7
2024-02-20 08:00:00,0.1352618,0.1324019,2024-02-20,8
2024-02-20 09:00:00,0.1676054,0.1638277,2024-02-20,9
2024-02-20 10:00:00,0.277706,0.2732287,2024-02-20,10
2024-02-20 11:00:00,0.4289446,0.4403161,2024-02-20,11
2024-02-20 12:00:00,0.1853791,0.1810023,2024-02-20,12
2024-02-20 13:00:00,0.09339815,0.09096655,2024-02-20,13
2024-02-20 14:00:00,0.09027303,0.08800362,2024-02-20,14
2024-02-20 15:00:00,0.1423167,0.1402165,2024-02-20,15
2024-02-20 16:00:00,0.08549798,0.08747202,2024-02-20,16
2024-02-20 17:00:00,0.01143372,0.0,2024-02-20,17
2024-02-20 18:00:00,0.0,0.0,2024-02-20,18
2024-02-20 19:00:00,0.0,0.0,2024-02-20,19
2024-02-20 20:00:00,0.0,0.0,2024-02-20,20
2024-02-20 21:00:00,0.0,0.0,2024-02-20,21
2024-02-20 22:00:00,0.0,0.0,2024-02-20,22
2024-02-20 23:00:00,0.0,0.0,2024-02-20,23
2024-02-21 00:00:00,0.0,0.0,2024-02-21,0
2024-02-21 01:00:00,0.0,0.0,2024-02-21,1
2024-02-21 02:00:00,0.0,0.0,2024-02-21,2
2024-02-21 03:00:00,0.0,0.0,2024-02-21,3
2024-02-21 04:00:00,0.0,0.0,2024-02-21,4
2024-02-21 05:00:00,0.0,0.0,2024-02-21,5
2024-02-21 06:00:00,0.05848976,0.09633627,2024-02-21,6
2024-02-21 07:00:00,0.1144069,0.1137255,2024-02-21,7
2024-02-21 08:00:00,0.4065712,0.4902972,2024-02-21,8
2024-02-21 09:00:00,0.5473856,0.6488435,2024-02-21,9
2024-02-21 10:00:00,0.4014985,0.4115334,2024-02-21,10
2024-02-21 11:00:00,0.6622204,0.7682249,2024-02-21,11
2024-02-21 12:00:00,0.5730051,0.6390135,2024-02-21,12
2024-02-21 13:00:00,0.4713704,0.5119891,2024-02-21,13
2024-02-21 14:00:00,0.3971221,0.4399942,2024-02-21,14
2024-02-21 15:00:00,0.2394382,0.2570486,2024-02-21,15
2024-02-21 16:00:00,0.07478532,0.07468562,2024-02-21,16
2024-02-21 17:00:00,0.005835823,0.0,2024-02-21,17
2024-02-21 18:00:00,0.0,0.0,2024-02-21,18
2024-02-21 19:00:00,0.0,0.0,2024-02-21,19
2024-02-21 20:00:00,0.0,0.0,2024-02-21,20
2024-02-21 21:00:00,0.0,0.0,2024-02-21,21
2024-02-21 22:00:00,0.0,0.0,2024-02-21,22
2024-02-21 23:00:00,0.0,0.0,2024-02-21,23
2024-02-22 00:00:00,0.0,0.0,2024-02-22,0
2024-02-22 01:00:00,0.0,0.0,2024-02-22,1
2024-02-22 02:00:00,0.0,0.0,2024-02-22,2
2024-02-22 03:00:00,0.0,0.0,2024-02-22,3
2024-02-22 04:00:00,0.0,0.0,2024-02-22,4
2024-02-22 05:00:00,0.0,0.0,2024-02-22,5
2024-02-22 06:00:00,0.07687008,0.1520491,2024-02-22,6
2024-02-22 07:00:00,0.2172427,0.2600191,2024-02-22,7
2024-02-22 08:00:00,0.203412,0.2020372,2024-02-22,8
2024-02-22 09:00:00,0.4666463,0.5216354,2024-02-22,9
2024-02-22 10:00:00,0.7938335,0.9660467,2024-02-22,10
2024-02-22 11:00:00,0.6978107,0.8185125,2024-02-22,11
2024-02-22 12:00:00,0.4566417,0.4755094,2024-02-22,12
2024-02-22 13:00:00,0.5494844,0.6257482,2024-02-22,13
2024-02-22 14:00:00,0.5665241,0.6992777,2024-02-22,14
2024-02-22 15:00:00,0.3916875,0.5029899,2024-02-22,15
2024-02-22 16:00:00,0.1706065,0.2375959,2024-02-22,16
2024-02-22 17:00:00,0.01399948,0.0,2024-02-22,17
2024-02-22 18:00:00,0.0,0.0,2024-02-22,18
2024-02-22 19:00:00,0.0,0.0,2024-02-22,19
2024-02-22 20:00:00,0.0,0.0,2024-02-22,20
2024-02-22 21:00:00,0.0,0.0,2024-02-22,21
2024-02-22 22:00:00,0.0,0.0,2024-02-22,22
2024-02-22 23:00:00,0.0,0.0,2024-02-22,23
2024-02-23 00:00:00,0.0,0.0,2024-02-23,0
2024-02-23 01:00:00,0.0,0.0,2024-02-23,1
2024-02-23 02:00:00,0.0,0.0,2024-02-23,2
2024-02-23 03:00:00,0.0,0.0,2024-02-23,3
2024-02-23 04:00:00,0.0,0.0,2024-02-23,4
2024-02-23 05:00:00,0.0,0.0,2024-02-23,5
2024-02-23 06:00:00,0.0663178,0.1100539,2024-02-23,6
2024-02-23 07:00:00,0.2572332,0.3297651,2024-02-23,7
2024-02-23 08:00:00,0.4701242,0.5848109,2024-02-23,8
2024-02-23 09:00:00,0.6566972,0.8035837,2024-02-23,9
2024-02-23 10:00:00,0.8253161,1.002564,2024-02-23,10
2024-02-23 11:00:00,0.8428599,1.017397,2024-02-23,11
2024-02-23 12:00:00,0.8859212,1.073224,2024-02-23,12
2024-02-23 13:00:00,0.6820931,0.8212285,2024-02-23,13
2024-02-23 14:00:00,0.5059544,0.6044837,2024-02-23,14
2024-02-23 15:00:00,0.3723449,0.4683915,2024-02-23,15
2024-02-23 16:00:00,0.1355562,0.1622771,2024-02-23,16
2024-02-23 17:00:00,0.008014034,0.0,2024-02-23,17
2024-02-23 18:00:00,0.0,0.0,2024-02-23,18
2024-02-23 19:00:00,0.0,0.0,2024-02-23,19
2024-02-23 20:00:00,0.0,0.0,2024-02-23,20
2024-02-23 21:00:00,0.0,0.0,2024-02-23,21
2024-02-23 22:00:00,0.0,0.0,2024-02-23,22
2024-02-23 23:00:00,0.0,0.0,2024-02-23,23
2024-02-24 00:00:00,0.0,0.0,2024-02-24,0
2024-02-24 01:00:00,0.0,0.0,2024-02-24,1
2024-02-24 02:00:00,0.0,0.0,2024-02-24,2
2024-02-24 03:00:00,0.0,0.0,2024-02-24,3
2024-02-24 04:00:00,0.0,0.0,2024-02-24,4
2024-02-24 05:00:00,0.0,0.0,2024-02-24,5
2024-02-24 06:00:00,0.0623892,0.09228651,2024-02-24,6
2024-02-24 07:00:00,0.2747075,0.3571922,2024-02-24,7
2024-02-24 08:00:00,0.5693788,0.7185089,2024-02-24,8
2024-02-24 09:00:00,0.674774,0.8247009,2024-02-24,9
2024-02-24 10:00:00,0.8228787,0.996331,2024-02-24,10
2024-02-24 11:00:00,0.7715103,0.9184417,2024-02-24,11
2024-02-24 12:00:00,0.8162725,0.9823931,2024-02-24,12
2024-02-24 13:00:00,0.745163,0.9043314,2024-02-24,13
2024-02-24 14:00:00,0.6672544,0.8273749,2024-02-24,14
2024-02-24 15:00:00,0.4876761,0.6309876,2024-02-24,15
2024-02-24 16:00:00,0.2433682,0.3585301,2024-02-24,16
2024-02-24 17:00:00,0.01890951,0.0,2024-02-24,17
2024-02-24 18:00:00,0.0,0.0,2024-02-24,18
2024-02-24 19:00:00,0.0,0.0,2024-02-24,19
2024-02-24 20:00:00,0.0,0.0,2024-02-24,20
2024-02-24 21:00:00,0.0,0.0,2024-02-24,21
2024-02-24 22:00:00,0.0,0.0,2024-02-24,22
2024-02-24 23:00:00,0.0,0.0,2024-02-24,23
2024-02-25 00:00:00,0.0,0.0,2024-02-25,0
2024-02-25 01:00:00,0.0,0.0,2024-02-25,1
2024-02-25 02:00:00,0.0,0.0,2024-02-25,2
2024-02-25 03:00:00,0.0,0.0,2024-02-25,3
2024-02-25 04:00:00,0.0,0.0,2024-02-25,4
2024-02-25 05:00:00,0.0,0.0,2024-02-25,5
2024-02-25 06:00:00,0.08445143,0.1519088,2024-02-25,6
2024-02-25 07:00:00,0.2819393,0.3657481,2024-02-25,7
2024-02-25 08:00:00,0.5505887,0.6907336,2024-02-25,8
2024-02-25 09:00:00,0.715619,0.8742422,2024-02-25,9
2024-02-25 10:00:00,0.8158808,0.9843329,2024-02-25,10
2024-02-25 11:00:00,0.8322914,0.9972004,2024-02-25,11
2024-02-25 12:00:00,0.9105405,1.096962,2024-02-25,12
2024-02-25 13:00:00,0.7513242,0.9091225,2024-02-25,13
2024-02-25 14:00:00,0.5825533,0.7123025,2024-02-25,14
2024-02-25 15:00:00,0.4490415,0.5762072,2024-02-25,15
2024-02-25 16:00:00,0.192843,0.2704629,2024-02-25,16
2024-02-25 17:00:00,0.0171742,0.0,2024-02-25,17
2024-02-25 18:00:00,0.0,0.0,2024-02-25,18
2024-02-25 19:00:00,0.0,0.0,2024-02-25,19
2024-02-25 20:00:00,0.0,0.0,2024-02-25,20
2024-02-25 21:00:00,0.0,0.0,2024-02-25,21
2024-02-25 22:00:00,0.0,0.0,2024-02-25,22
2024-02-25 23:00:00,0.0,0.0,2024-02-25,23
2024-02-26 00:00:00,0.0,0.0,2024-02-26,0
2024-02-26 01:00:00,0.0,0.0,2024-02-26,1
2024-02-26 02:00:00,0.0,0.0,2024-02-26,2
2024-02-26 03:00:00,0.0,0.0,2024-02-26,3
2024-02-26 04:00:00,0.0,0.0,2024-02-26,4
2024-02-26 05:00:00,0.0,0.0,2024-02-26,5
2024-02-26 06:00:00,0.06428496,0.08832575,2024-02-26,6
2024-02-26 07:00:00,0.2371082,0.2833466,2024-02-26,7
2024-02-26 08:00:00,0.3155012,0.3376264,2024-02-26,8
2024-02-26 09:00:00,0.5801898,0.6832021,2024-02-26,9
2024-02-26 10:00:00,0.4909549,0.5220808,2024-02-26,10
2024-02-26 11:00:00,0.6032084,0.6683067,2024-02-26,11
2024-02-26 12:00:00,0.5264204,0.5635833,2024-02-26,12
2024-02-26 13:00:00,0.443223,0.4665449,2024-02-26,13
2024-02-26 14:00:00,0.368048,0.391019,2024-02-26,14
2024-02-26 15:00:00,0.2204662,0.2272531,2024-02-26,15
2024-02-26 16:00:00,0.09758035,0.09996445,2024-02-26,16
2024-02-26 17:00:00,0.005798905,0.0,2024-02-26,17
2024-02-26 18:00:00,0.0,0.0,2024-02-26,18
2024-02-26 19:00:00,0.0,0.0,2024-02-26,19
2024-02-26 20:00:00,0.0,0.0,2024-02-26,20
2024-02-26 21:00:00,0.0,0.0,2024-02-26,21
2024-02-26 22:00:00,0.0,0.0,2024-02-26,22
2024-02-26 23:00:00,0.0,0.0,2024-02-26,23
2024-02-27 00:00:00,0.0,0.0,2024-02-27,0
2024-02-27 01:00:00,0.0,0.0,2024-02-27,1
2024-02-27 02:00:00,0.0,0.0,2024-02-27,2
2024-02-27 03:00:00,0.0,0.0,2024-02-27,3
2024-02-27 04:00:00,0.0,0.0,2024-02-27,4
2024-02-27 05:00:00,0.0,0.0,2024-02-27,5
2024-02-27 06:00:00,0.09787536,0.1721647,2024-02-27,6
2024-02-27 07:00:00,0.296849,0.3827427,2024-02-27,7
2024-02-27 08:00:00,0.5417279,0.6722377,2024-02-27,8
2024-02-27 09:00:00,0.7630283,0.9264809,2024-02-27,9
2024-02-27 10:00:00,0.8178381,0.9802348,2024-02-27,10
2024-02-27 11:00:00,0.9093183,1.086939,2024-02-27,11
2024-02-27 12:00:00,0.9063535,1.085083,2024-02-27,12
2024-02-27 13:00:00,0.8189499,0.9872421,2024-02-27,13
2024-02-27 14:00:00,0.5743275,0.6940836,2024-02-27,14
2024-02-27 15:00:00,0.4477684,0.5676435,2024-02-27,15
2024-02-27 16:00:00,0.1983906,0.2729048,2024-02-27,16
2024-02-27 17:00:00,0.02376974,0.0,2024-02-27,17
2024-02-27 18:00:00,0.0,0.0,2024-02-27,18
2024-02-27 19:00:00,0.0,0.0,2024-02-27,19
2024-02-27 20:00:00,0.0,0.0,2024-02-27,20
2024-02-27 21:00:00,0.0,0.0,2024-02-27,21
2024-02-27 22:00:00,0.0,0.0,2024-02-27,22
2024-02-27 23:00:00,0.0,0.0,2024-02-27,23
2024-02-28 00:00:00,0.0,0.0,2024-02-28,0
2024-02-28 01:00:00,0.0,0.0,2024-02-28,1
2024-02-28 02:00:00,0.0,0.0,2024-02-28,2
2024-02-28 03:00:00,0.0,0.0,2024-02-28,3
2024-02-28 04:00:00,0.0,0.0,2024-02-28,4
2024-02-28 05:00:00,0.0,0.0,2024-02-28,5
2024-02-28 06:00:00,0.1109418,0.1927608,2024-02-28,6
2024-02-28 07:00:00,0.2853968,0.359717,2024-02-28,7
2024-02-28 08:00:00,0.5805036,0.7183572,2024-02-28,8
2024-02-28 09:00:00,0.7334202,0.8863658,2024-02-28,9
2024-02-28 10:00:00,0.7649631,0.9081143,2024-02-28,10
2024-02-28 11:00:00,0.8944036,1.065522,2024-02-28,11
2024-02-28 12:00:00,0.8829448,1.053189,2024-02-28,12
2024-02-28 13:00:00,0.8043929,0.9660334,2024-02-28,13
2024-02-28 14:00:00,0.6241062,0.7590715,2024-02-28,14
2024-02-28 15:00:00,0.4218658,0.5278495,2024-02-28,15
2024-02-28 16:00:00,0.2306848,0.3235452,2024-02-28,16
2024-02-28 17:00:00,0.02172762,0.0,2024-02-28,17
2024-02-28 18:00:00,0.0,0.0,2024-02-28,18
2024-02-28 19:00:00,0.0,0.0,2024-02-28,19
2024-02-28 20:00:00,0.0,0.0,2024-02-28,20
2024-02-28 21:00:00,0.0,0.0,2024-02-28,21
2024-02-28 22:00:00,0.0,0.0,2024-02-28,22
2024-02-28 23:00:00,0.0,0.0,2024-02-28,23
2024-02-29 00:00:00,0.0,0.0,2024-02-29,0
2024-02-29 01:00:00,0.0,0.0,2024-02-29,1
2024-02-29 02:00:00,0.0,0.0,2024-02-29,2
2024-02-29 03:00:00,0.0,0.0,2024-02-29,3
2024-02-29 04:00:00,0.0,0.0,2024-02-29,4
2024-02-29 05:00:00,0.0,0.0,2024-02-29,5
2024-02-29 06:00:00,0.0772154,0.1073707,2024-02-29,6
2024-02-29 07:00:00,0.2559784,0.3062615,2024-02-29,7
2024-02-29 08:00:00,0.4409256,0.5193357,2024-02-29,8
2024-02-29 09:00:00,0.733632,0.8833198,2024-02-29,9
2024-02-29 10:00:00,0.8959357,1.069315,2024-02-29,10
2024-02-29 11:00:00,0.9297051,1.105088,2024-02-29,11
2024-02-29 12:00:00,0.8502242,1.009688,2024-02-29,12
2024-02-29 13:00:00,0.6372347,0.7380677,2024-02-29,13
2024-02-29 14:00:00,0.5689753,0.680044,2024-02-29,14
2024-02-29 15:00:00,0.4146269,0.5138853,2024-02-29,15
2024-02-29 16:00:00,0.2278655,0.315362,2024-02-29,16
2024-02-29 17:00:00,0.02661016,0.0,2024-02-29,17
2024-02-29 18:00:00,0.0,0.0,2024-02-29,18
2024-02-29 19:00:00,0.0,0.0,2024-02-29,19
2024-02-29 20:00:00,0.0,0.0,2024-02-29,20
2024-02-29 21:00:00,0.0,0.0,2024-02-29,21
2024-02-29 22:00:00,0.0,0.0,2024-02-29,22
2024-02-29 23:00:00,0.0,0.0,2024-02-29,23
2024-03-01 00:00:00,0.0,0.0,2024-03-01,0
2024-03-01 01:00:00,0.0,0.0,2024-03-01,1
2024-03-01 02:00:00,0.0,0.0,2024-03-01,2
2024-03-01 03:00:00,0.0,0.0,2024-03-01,3
2024-03-01 04:00:00,0.0,0.0,2024-03-01,4
2024-03-01 05:00:00,0.0,0.0,2024-03-01,5
2024-03-01 06:00:00,0.02622771,0.02583011,2024-03-01,6
2024-03-01 07:00:00,0.1532835,0.1547844,2024-03-01,7
2024-03-01 08:00:00,0.1639605,0.1604615,2024-03-01,8
2024-03-01 09:00:00,0.1335699,0.1302354,2024-03-01,9
2024-03-01 10:00:00,0.2173487,0.2122712,2024-03-01,10
2024-03-01 11:00:00,0.1289103,0.1255521,2024-03-01,11
2024-03-01 12:00:00,0.2531999,0.2475123,2024-03-01,12
2024-03-01 13:00:00,0.1311311,0.1277898,2024-03-01,13
2024-03-01 14:00:00,0.1094363,0.106679,2024-03-01,14
2024-03-01 15:00:00,0.06428385,0.06264724,2024-03-01,15
2024-03-01 16:00:00,0.02078812,0.02024812,2024-03-01,16
2024-03-01 17:00:00,0.007101946,0.0,2024-03-01,17
2024-03-01 18:00:00,0.0,0.0,2024-03-01,18
2024-03-01 19:00:00,0.0,0.0,2024-03-01,19
2024-03-01 20:00:00,0.0,0.0,2024-03-01,20
2024-03-01 21:00:00,0.0,0.0,2024-03-01,21
2024-03-01 22:00:00,0.0,0.0,2024-03-01,22
2024-03-01 23:00:00,0.0,0.0,2024-03-01,23
2024-03-02 00:00:00,0.0,0.0,2024-03-02,0
2024-03-02 01:00:00,0.0,0.0,2024-03-02,1
2024-03-02 02:00:00,0.0,0.0,2024-03-02,2
2024-03-02 03:00:00,0.0,0.0,2024-03-02,3
2024-03-02 04:00:00,0.0,0.0,2024-03-02,4
2024-03-02 05:00:00,0.0,0.0,2024-03-02,5
2024-03-02 06:00:00,0.01945153,0.01906253,2024-03-02,6
2024-03-02 07:00:00,0.02396408,0.02331185,2024-03-02,7
2024-03-02 08:00:00,0.004111499,0.003992186,2024-03-02,8
2024-03-02 09:00:00,0.0841644,0.08192568,2024-03-02,9
2024-03-02 10:00:00,0.1168655,0.1138049,2024-03-02,10
2024-03-02 11:00:00,0.0897261,0.08730024,2024-03-02,11
2024-03-02 12:00:00,0.1241657,0.1209188,2024-03-02,12
2024-03-02 13:00:00,0.2077873,0.2029482,2024-03-02,13
2024-03-02 14:00:00,0.112978,0.1101364,2024-03-02,14
2024-03-02 15:00:00,0.1541454,0.1514359,2024-03-02,15
2024-03-02 16:00:00,0.04709,0.04605372,2024-03-02,16
2024-03-02 17:00:00,0.01289516,0.0,2024-03-02,17
2024-03-02 18:00:00,0.0,0.0,2024-03-02,18
2024-03-02 19:00:00,0.0,0.0,2024-03-02,19
2024-03-02 20:00:00,0.0,0.0,2024-03-02,20
2024-03-02 21:00:00,0.0,0.0,2024-03-02,21
2024-03-02 22:00:00,0.0,0.0,2024-03-02,22
2024-03-02 23:00:00,0.0,0.0,2024-03-02,23
2024-03-03 00:00:00,0.0,0.0,2024-03-03,0
2024-03-03 01:00:00,0.0,0.0,2024-03-03,1
2024-03-03 02:00:00,0.0,0.0,2024-03-03,2
2024-03-03 03:00:00,0.0,0.0,2024-03-03,3
2024-03-03 04:00:00,0.0,0.0,2024-03-03,4
2024-03-03 05:00:00,9.48274e-06,0.0,2024-03-03,5
2024-03-03 06:00:00,0.006978034,0.006794618,2024-03-03,6
2024-03-03 07:00:00,0.07688087,0.07511483,2024-03-03,7
2024-03-03 08:00:00,0.2554428,0.2567389,2024-03-03,8
2024-03-03 09:00:00,0.3720717,0.3797846,2024-03-03,9
2024-03-03 10:00:00,0.2349363,0.2295098,2024-03-03,10
2024-03-03 11:00:00,0.2824292,0.2764139,2024-03-03,11
2024-03-03 12:00:00,0.131219,0.1278031,2024-03-03,12
2024-03-03 13:00:00,0.2482634,0.2429659,2024-03-03,13
2024-03-03 14:00:00,0.3595083,0.3736156,2024-03-03,14
2024-03-03 15:00:00,0.3138376,0.3504867,2024-03-03,15
2024-03-03 16:00:00,0.07828948,0.07711957,2024-03-03,16
2024-03-03 17:00:00,0.009380815,0.0,2024-03-03,17
2024-03-03 18:00:00,0.0,0.0,2024-03-03,18
2024-03-03 19:00:00,0.0,0.0,2024-03-03,19
2024-03-03 20:00:00,0.0,0.0,2024-03-03,20
2024-03-03 21:00:00,0.0,0.0,2024-03-03,21
2024-03-03 22:00:00,0.0,0.0,2024-03-03,22
2024-03-03 23:00:00,0.0,0.0,2024-03-03,23
2024-03-04 00:00:00,0.0,0.0,2024-03-04,0
2024-03-04 01:00:00,0.0,0.0,2024-03-04,1
2024-03-04 02:00:00,0.0,0.0,2024-03-04,2
2024-03-04 03:00:00,0.0,0.0,2024-03-04,3
2024-03-04 04:00:00,0.0,0.0,2024-03-04,4
2024-03-04 05:00:00,5.96769e-05,0.0,2024-03-04,5
2024-03-04 06:00:00,0.02132038,0.02087699,2024-03-04,6
2024-03-04 07:00:00,0.09528188,0.0932181,2024-03-04,7
2024-03-04 08:00:00,0.2985564,0.3074701,2024-03-04,8
2024-03-04 09:00:00,0.4381861,0.4623081,2024-03-04,9
2024-03-04 10:00:00,0.3416034,0.3381413,2024-03-04,10
2024-03-04 11:00:00,0.4598111,0.4685473,2024-03-04,11
2024-03-04 12:00:00,0.1810655,0.1765612,2024-03-04,12
2024-03-04 13:00:00,0.348862,0.348057,2024-03-04,13
2024-03-04 14:00:00,0.2765381,0.2751819,2024-03-04,14
2024-03-04 15:00:00,0.1661379,0.1635895,2024-03-04,15
2024-03-04 16:00:00,0.1311538,0.1400127,2024-03-04,16
2024-03-04 17:00:00,0.0139387,0.02024394,2024-03-04,17
2024-03-04 18:00:00,0.0,0.0,2024-03-04,18
2024-03-04 19:00:00,0.0,0.0,2024-03-04,19
2024-03-04 20:00:00,0.0,0.0,2024-03-04,20
2024-03-04 21:00:00,0.0,0.0,2024-03-04,21
2024-03-04 22:00:00,0.0,0.0,2024-03-04,22
2024-03-04 23:00:00,0.0,0.0,2024-03-04,23
2024-03-05 00:00:00,0.0,0.0,2024-03-05,0
2024-03-05 01:00:00,0.0,0.0,2024-03-05,1
2024-03-05 02:00:00,0.0,0.0,2024-03-05,2
2024-03-05 03:00:00,0.0,0.0,2024-03-05,3
2024-03-05 04:00:00,0.0,0.0,2024-03-05,4
2024-03-05 05:00:00,0.000148415,0.0,2024-03-05,5
2024-03-05 06:00:00,0.08371943,0.1016152,2024-03-05,6
2024-03-05 07:00:00,0.1547295,0.1548084,2024-03-05,7
2024-03-05 08:00:00,0.236164,0.2345892,2024-03-05,8
2024-03-05 09:00:00,0.6270558,0.7254974,2024-03-05,9
2024-03-05 10:00:00,0.8955959,1.05171,2024-03-05,10
2024-03-05 11:00:00,0.9039466,1.05768,2024-03-05,11
2024-03-05 12:00:00,0.764262,0.8808917,2024-03-05,12
2024-03-05 13:00:00,0.8559397,1.008642,2024-03-05,13
2024-03-05 14:00:00,0.6793662,0.8089601,2024-03-05,14
2024-03-05 15:00:00,0.4384728,0.5313625,2024-03-05,15
2024-03-05 16:00:00,0.2481255,0.3266443,2024-03-05,16
2024-03-05 17:00:00,0.02608729,0.1048814,2024-03-05,17
2024-03-05 18:00:00,0.0,0.0,2024-03-05,18
2024-03-05 19:00:00,0.0,0.0,2024-03-05,19
2024-03-05 20:00:00,0.0,0.0,2024-03-05,20
2024-03-05 21:00:00,0.0,0.0,2024-03-05,21
2024-03-05 22:00:00,0.0,0.0,2024-03-05,22
2024-03-05 23:00:00,0.0,0.0,2024-03-05,23
2024-03-06 00:00:00,0.0,0.0,2024-03-06,0
2024-03-06 01:00:00,0.0,0.0,2024-03-06,1
2024-03-06 02:00:00,0.0,0.0,2024-03-06,2
2024-03-06 03:00:00,0.0,0.0,2024-03-06,3
2024-03-06 04:00:00,0.0,0.0,2024-03-06,4
2024-03-06 05:00:00,0.000322032,0.0,2024-03-06,5
2024-03-06 06:00:00,0.09215273,0.1146106,2024-03-06,6
2024-03-06 07:00:00,0.1622347,0.1629004,2024-03-06,7
2024-03-06 08:00:00,0.3372002,0.354815,2024-03-06,8
2024-03-06 09:00:00,0.5167392,0.5662523,2024-03-06,9
2024-03-06 10:00:00,0.8926856,1.044855,2024-03-06,10
2024-03-06 11:00:00,0.8742714,1.018062,2024-03-06,11
2024-03-06 12:00:00,0.9093556,1.062276,2024-03-06,12
2024-03-06 13:00:00,0.9051427,1.06427,2024-03-06,13
2024-03-06 14:00:00,0.7394739,0.8785684,2024-03-06,14
2024-03-06 15:00:00,0.3923361,0.4620138,2024-03-06,15
2024-03-06 16:00:00,0.199675,0.2471902,2024-03-06,16
2024-03-06 17:00:00,0.017148,0.03057373,2024-03-06,17
2024-03-06 18:00:00,0.0,0.0,2024-03-06,18
2024-03-06 19:00:00,0.0,0.0,2024-03-06,19
2024-03-06 20:00:00,0.0,0.0,2024-03-06,20
2024-03-06 21:00:00,0.0,0.0,2024-03-06,21
2024-03-06 22:00:00,0.0,0.0,2024-03-06,22
2024-03-06 23:00:00,0.0,0.0,2024-03-06,23
2024-03-07 00:00:00,0.0,0.0,2024-03-07,0
2024-03-07 01:00:00,0.0,0.0,2024-03-07,1
2024-03-07 02:00:00,0.0,0.0,2024-03-07,2
2024-03-07 03:00:00,0.0,0.0,2024-03-07,3
2024-03-07 04:00:00,0.0,0.0,2024-03-07,4
2024-03-07 05:00:00,0.000489547,0.0,2024-03-07,5
2024-03-07 06:00:00,0.1244488,0.1736306,2024-03-07,6
2024-03-07 07:00:00,0.2806039,0.3241397,2024-03-07,7
2024-03-07 08:00:00,0.5948167,0.7081741,2024-03-07,8
2024-03-07 09:00:00,0.7934796,0.9321599,2024-03-07,9
2024-03-07 10:00:00,0.8721728,1.017159,2024-03-07,10
2024-03-07 11:00:00,0.9821696,1.144137,2024-03-07,11
2024-03-07 12:00:00,0.9971592,1.163391,2024-03-07,12
2024-03-07 13:00:00,0.8920678,1.045032,2024-03-07,13
2024-03-07 14:00:00,0.6735342,0.7954351,2024-03-07,14
2024-03-07 15:00:00,0.4796875,0.5790419,2024-03-07,15
2024-03-07 16:00:00,0.2430038,0.3122758,2024-03-07,16
2024-03-07 17:00:00,0.02515733,0.08560063,2024-03-07,17
2024-03-07 18:00:00,0.0,0.0,2024-03-07,18
2024-03-07 19:00:00,0.0,0.0,2024-03-07,19
2024-03-07 20:00:00,0.0,0.0,2024-03-07,20
2024-03-07 21:00:00,0.0,0.0,2024-03-07,21
2024-03-07 22:00:00,0.0,0.0,2024-03-07,22
2024-03-07 23:00:00,0.0,0.0,2024-03-07,23
2024-03-08 00:00:00,0.0,0.0,2024-03-08,0
2024-03-08 01:00:00,0.0,0.0,2024-03-08,1
2024-03-08 02:00:00,0.0,0.0,2024-03-08,2
2024-03-08 03:00:00,0.0,0.0,2024-03-08,3
2024-03-08 04:00:00,0.0,0.0,2024-03-08,4
2024-03-08 05:00:00,0.000831259,0.0,2024-03-08,5
2024-03-08 06:00:00,0.1209145,0.1620712,2024-03-08,6
2024-03-08 07:00:00,0.3305442,0.3964411,2024-03-08,7
2024-03-08 08:00:00,0.4807316,0.5528214,2024-03-08,8
2024-03-08 09:00:00,0.5668328,0.6319886,2024-03-08,9
2024-03-08 10:00:00,0.8678069,1.008703,2024-03-08,10
2024-03-08 11:00:00,0.9464918,1.098468,2024-03-08,11
2024-03-08 12:00:00,0.984578,1.144883,2024-03-08,12
2024-03-08 13:00:00,0.7130712,0.8203564,2024-03-08,13
2024-03-08 14:00:00,0.6077785,0.7085529,2024-03-08,14
2024-03-08 15:00:00,0.4350802,0.5170958,2024-03-08,15
2024-03-08 16:00:00,0.2287593,0.2876984,2024-03-08,16
2024-03-08 17:00:00,0.02978635,0.1233219,2024-03-08,17
2024-03-08 18:00:00,0.0,0.0,2024-03-08,18
2024-03-08 19:00:00,0.0,0.0,2024-03-08,19
2024-03-08 20:00:00,0.0,0.0,2024-03-08,20
2024-03-08 21:00:00,0.0,0.0,2024-03-08,21
2024-03-08 22:00:00,0.0,0.0,2024-03-08,22
2024-03-08 23:00:00,0.0,0.0,2024-03-08,23
2024-03-09 00:00:00,0.0,0.0,2024-03-09,0
2024-03-09 01:00:00,0.0,0.0,2024-03-09,1
2024-03-09 02:00:00,0.0,0.0,2024-03-09,2
2024-03-09 03:00:00,0.0,0.0,2024-03-09,3
2024-03-09 04:00:00,0.0,0.0,2024-03-09,4
2024-03-09 05:00:00,0.001000246,0.0,2024-03-09,5
2024-03-09 06:00:00,0.1038078,0.1258214,2024-03-09,6
2024-03-09 07:00:00,0.3770023,0.4570552,2024-03-09,7
2024-03-09 08:00:00,0.6130809,0.7234109,2024-03-09,8
2024-03-09 09:00:00,0.686208,0.792724,2024-03-09,9
2024-03-09 10:00:00,0.7880607,0.9060049,2024-03-09,10
2024-03-09 11:00:00,0.9052181,1.04628,2024-03-09,11
2024-03-09 12:00:00,0.9252746,1.071363,2024-03-09,12
2024-03-09 13:00:00,0.8115562,0.9425108,2024-03-09,13
2024-03-09 14:00:00,0.6946239,0.8142503,2024-03-09,14
2024-03-09 15:00:00,0.4276105,0.5036994,2024-03-09,15
2024-03-09 16:00:00,0.1945786,0.2303192,2024-03-09,16
2024-03-09 17:00:00,0.0285263,0.09514371,2024-03-09,17
2024-03-09 18:00:00,0.0,0.0,2024-03-09,18
2024-03-09 19:00:00,0.0,0.0,2024-03-09,19
2024-03-09 20:00:00,0.0,0.0,2024-03-09,20
2024-03-09 21:00:00,0.0,0.0,2024-03-09,21
2024-03-09 22:00:00,0.0,0.0,2024-03-09,22
2024-03-09 23:00:00,0.0,0.0,2024-03-09,23
2024-03-10 00:00:00,0.0,0.0,2024-03-10,0
2024-03-10 01:00:00,0.0,0.0,2024-03-10,1
2024-03-10 02:00:00,0.0,0.0,2024-03-10,2
2024-03-10 03:00:00,0.0,0.0,2024-03-10,3
2024-03-10 04:00:00,0.0,0.0,2024-03-10,4
2024-03-10 05:00:00,0.000765003,0.0,2024-03-10,5
2024-03-10 06:00:00,0.08203959,0.08785582,2024-03-10,6
2024-03-10 07:00:00,0.3002834,0.3448507,2024-03-10,7
2024-03-10 08:00:00,0.5296826,0.614237,2024-03-10,8
2024-03-10 09:00:00,0.6922477,0.7973541,2024-03-10,9
2024-03-10 10:00:00,0.5998812,0.6483335,2024-03-10,10
2024-03-10 11:00:00,0.6240277,0.6714753,2024-03-10,11
2024-03-10 12:00:00,0.7554074,0.8542897,2024-03-10,12
2024-03-10 13:00:00,0.7725421,0.8913219,2024-03-10,13
2024-03-10 14:00:00,0.7083292,0.8273022,2024-03-10,14
2024-03-10 15:00:00,0.4628312,0.5477962,2024-03-10,15
2024-03-10 16:00:00,0.2610391,0.3265932,2024-03-10,16
2024-03-10 17:00:00,0.03535169,0.1205213,2024-03-10,17
2024-03-10 18:00:00,0.0,0.0,2024-03-10,18
2024-03-10 19:00:00,0.0,0.0,2024-03-10,19
2024-03-10 20:00:00,0.0,0.0,2024-03-10,20
2024-03-10 21:00:00,0.0,0.0,2024-03-10,21
2024-03-10 22:00:00,0.0,0.0,2024-03-10,22
2024-03-10 23:00:00,0.0,0.0,2024-03-10,23
2024-03-11 00:00:00,0.0,0.0,2024-03-11,0
2024-03-11 01:00:00,0.0,0.0,2024-03-11,1
2024-03-11 02:00:00,0.0,0.0,2024-03-11,2
2024-03-11 03:00:00,0.0,0.0,2024-03-11,3
2024-03-11 04:00:00,0.0,0.0,2024-03-11,4
2024-03-11 05:00:00,0.001569677,0.0,2024-03-11,5
2024-03-11 06:00:00,0.1322091,0.1683662,2024-03-11,6
2024-03-11 07:00:00,0.3607814,0.4282392,2024-03-11,7
2024-03-11 08:00:00,0.590919,0.6898483,2024-03-11,8
2024-03-11 09:00:00,0.7647867,0.884653,2024-03-11,9
2024-03-11 10:00:00,0.9001731,1.03711,2024-03-11,10
2024-03-11 11:00:00,0.9806843,1.12868,2024-03-11,11
2024-03-11 12:00:00,0.8803392,1.011523,2024-03-11,12
2024-03-11 13:00:00,0.8161812,0.9416863,2024-03-11,13
2024-03-11 14:00:00,0.7193419,0.8370494,2024-03-11,14
2024-03-11 15:00:00,0.3813486,0.4326747,2024-03-11,15
2024-03-11 16:00:00,0.2015971,0.2363315,2024-03-11,16
2024-03-11 17:00:00,0.03626261,0.1059953,2024-03-11,17
2024-03-11 18:00:00,0.0,0.0,2024-03-11,18
2024-03-11 19:00:00,0.0,0.0,2024-03-11,19
2024-03-11 20:00:00,0.0,0.0,2024-03-11,20
2024-03-11 21:00:00,0.0,0.0,2024-03-11,21
2024-03-11 22:00:00,0.0,0.0,2024-03-11,22
2024-03-11 23:00:00,0.0,0.0,2024-03-11,23
2024-03-12 00:00:00,0.0,0.0,2024-03-12,0
2024-03-12 01:00:00,0.0,0.0,2024-03-12,1
2024-03-12 02:00:00,0.0,0.0,2024-03-12,2
2024-03-12 03:00:00,0.0,0.0,2024-03-12,3
2024-03-12 04:00:00,0.0,0.0,2024-03-12,4
2024-03-12 05:00:00,0.001862678,0.0,2024-03-12,5
2024-03-12 06:00:00,0.1129224,0.1317788,2024-03-12,6
2024-03-12 07:00:00,0.2975753,0.3350597,2024-03-12,7
2024-03-12 08:00:00,0.5235135,0.5994167,2024-03-12,8
2024-03-12 09:00:00,0.7546219,0.8691332,2024-03-12,9
2024-03-12 10:00:00,0.9124406,1.048182,2024-03-12,10
2024-03-12 11:00:00,0.9993679,1.147138,2024-03-12,11
2024-03-12 12:00:00,0.940149,1.079023,2024-03-12,12
2024-03-12 13:00:00,0.8930805,1.028823,2024-03-12,13
2024-03-12 14:00:00,0.5449145,0.611894,2024-03-12,14
2024-03-12 15:00:00,0.4356168,0.5056333,2024-03-12,15
2024-03-12 16:00:00,0.2610019,0.3197938,2024-03-12,16
2024-03-12 17:00:00,0.03207405,0.07209746,2024-03-12,17
2024-03-12 18:00:00,0.0,0.0,2024-03-12,18
2024-03-12 19:00:00,0.0,0.0,2024-03-12,19
2024-03-12 20:00:00,0.0,0.0,2024-03-12,20
2024-03-12 21:00:00,0.0,0.0,2024-03-12,21
2024-03-12 22:00:00,0.0,0.0,2024-03-12,22
2024-03-12 23:00:00,0.0,0.0,2024-03-12,23
2024-03-13 00:00:00,0.0,0.0,2024-03-13,0
2024-03-13 01:00:00,0.0,0.0,2024-03-13,1
2024-03-13 02:00:00,0.0,0.0,2024-03-13,2
2024-03-13 03:00:00,0.0,0.0,2024-03-13,3
2024-03-13 04:00:00,0.0,0.0,2024-03-13,4
2024-03-13 05:00:00,0.002124581,0.0,2024-03-13,5
2024-03-13 06:00:00,0.02072069,0.02019012,2024-03-13,6
2024-03-13 07:00:00,0.07857411,0.07660804,2024-03-13,7
2024-03-13 08:00:00,0.1574966,0.1537016,2024-03-13,8
2024-03-13 09:00:00,0.5367634,0.5791382,2024-03-13,9
2024-03-13 10:00:00,0.5144051,0.5325851,2024-03-13,10
2024-03-13 11:00:00,0.7765101,0.8702582,2024-03-13,11
2024-03-13 12:00:00,0.7424949,0.8287905,2024-03-13,12
2024-03-13 13:00:00,0.7874653,0.9005255,2024-03-13,13
2024-03-13 14:00:00,0.594831,0.6765645,2024-03-13,14
2024-03-13 15:00:00,0.4052758,0.4612944,2024-03-13,15
2024-03-13 16:00:00,0.1940552,0.2200986,2024-03-13,16
2024-03-13 17:00:00,0.02632144,0.04100415,2024-03-13,17
2024-03-13 18:00:00,0.0,0.0,2024-03-13,18
2024-03-13 19:00:00,0.0,0.0,2024-03-13,19
2024-03-13 20:00:00,0.0,0.0,2024-03-13,20
2024-03-13 21:00:00,0.0,0.0,2024-03-13,21
2024-03-13 22:00:00,0.0,0.0,2024-03-13,22
2024-03-13 23:00:00,0.0,0.0,2024-03-13,23
2024-03-14 00:00:00,0.0,0.0,2024-03-14,0
2024-03-14 01:00:00,0.0,0.0,2024-03-14,1
2024-03-14 02:00:00,0.0,0.0,2024-03-14,2
2024-03-14 03:00:00,0.0,0.0,2024-03-14,3
2024-03-14 04:00:00,0.0,0.0,2024-03-14,4
2024-03-14 05:00:00,0.003537855,0.0,2024-03-14,5
2024-03-14 06:00:00,0.06273458,0.06198142,2024-03-14,6
2024-03-14 07:00:00,0.3060494,0.3417053,2024-03-14,7
2024-03-14 08:00:00,0.3497065,0.3612806,2024-03-14,8
2024-03-14 09:00:00,0.3226629,0.3191745,2024-03-14,9
2024-03-14 10:00:00,0.4628854,0.4695803,2024-03-14,10
2024-03-14 11:00:00,0.4504651,0.4519932,2024-03-14,11
2024-03-14 12:00:00,0.3994317,0.3966644,2024-03-14,12
2024-03-14 13:00:00,0.5952285,0.6454782,2024-03-14,13
2024-03-14 14:00:00,0.4913548,0.534223,2024-03-14,14
2024-03-14 15:00:00,0.1872723,0.18438,2024-03-14,15
2024-03-14 16:00:00,0.09822458,0.09674929,2024-03-14,16
2024-03-14 17:00:00,0.02307132,0.02884407,2024-03-14,17
2024-03-14 18:00:00,0.0,0.0,2024-03-14,18
2024-03-14 19:00:00,0.0,0.0,2024-03-14,19
2024-03-14 20:00:00,0.0,0.0,2024-03-14,20
2024-03-14 21:00:00,0.0,0.0,2024-03-14,21
2024-03-14 22:00:00,0.0,0.0,2024-03-14,22
2024-03-14 23:00:00,0.0,0.0,2024-03-14,23
2024-03-15 00:00:00,0.0,0.0,2024-03-15,0
2024-03-15 01:00:00,0.0,0.0,2024-03-15,1
2024-03-15 02:00:00,0.0,0.0,2024-03-15,2
2024-03-15 03:00:00,0.0,0.0,2024-03-15,3
2024-03-15 04:00:00,0.0,0.0,2024-03-15,4
2024-03-15 05:00:00,0.002270907,0.0,2024-03-15,5
2024-03-15 06:00:00,0.009985555,0.009708705,2024-03-15,6
2024-03-15 07:00:00,0.01612101,0.01566368,2024-03-15,7
2024-03-15 08:00:00,0.06894492,0.06707577,2024-03-15,8
2024-03-15 09:00:00,0.01751199,0.01700854,2024-03-15,9
2024-03-15 10:00:00,0.05565124,0.05409074,2024-03-15,10
2024-03-15 11:00:00,0.1299113,0.1264376,2024-03-15,11
2024-03-15 12:00:00,0.1494675,0.1455355,2024-03-15,12
2024-03-15 13:00:00,0.1558487,0.1518215,2024-03-15,13
2024-03-15 14:00:00,0.007469132,0.007252686,2024-03-15,14
2024-03-15 15:00:00,0.03849526,0.03742985,2024-03-15,15
2024-03-15 16:00:00,0.03483982,0.03392154,2024-03-15,16
2024-03-15 17:00:00,0.004713926,0.004615815,2024-03-15,17
2024-03-15 18:00:00,0.0,0.0,2024-03-15,18
2024-03-15 19:00:00,0.0,0.0,2024-03-15,19
2024-03-15 20:00:00,0.0,0.0,2024-03-15,20
2024-03-15 21:00:00,0.0,0.0,2024-03-15,21
2024-03-15 22:00:00,0.0,0.0,2024-03-15,22
2024-03-15 23:00:00,0.0,0.0,2024-03-15,23
2024-03-16 00:00:00,0.0,0.0,2024-03-16,0
2024-03-16 01:00:00,0.0,0.0,2024-03-16,1
2024-03-16 02:00:00,0.0,0.0,2024-03-16,2
2024-03-16 03:00:00,0.0,0.0,2024-03-16,3
2024-03-16 04:00:00,0.0,0.0,2024-03-16,4
2024-03-16 05:00:00,0.005710945,0.0,2024-03-16,5
2024-03-16 06:00:00,0.120462,0.1328385,2024-03-16,6
2024-03-16 07:00:00,0.3300813,0.3696222,2024-03-16,7
2024-03-16 08:00:00,0.4024821,0.4256664,2024-03-16,8
2024-03-16 09:00:00,0.5324826,0.5677341,2024-03-16,9
2024-03-16 10:00:00,0.5469812,0.5697468,2024-03-16,10
2024-03-16 11:00:00,0.6926056,0.7512333,2024-03-16,11
2024-03-16 12:00:00,0.6981822,0.7624148,2024-03-16,12
2024-03-16 13:00:00,0.2351457,0.2294804,2024-03-16,13
2024-03-16 14:00:00,0.3305574,0.331232,2024-03-16,14
2024-03-16 15:00:00,0.4026467,0.4500865,2024-03-16,15
2024-03-16 16:00:00,0.1009558,0.09936617,2024-03-16,16
2024-03-16 17:00:00,0.01802365,0.01850465,2024-03-16,17
2024-03-16 18:00:00,0.0,0.0,2024-03-16,18
2024-03-16 19:00:00,0.0,0.0,2024-03-16,19
2024-03-16 20:00:00,0.0,0.0,2024-03-16,20
2024-03-16 21:00:00,0.0,0.0,2024-03-16,21
2024-03-16 22:00:00,0.0,0.0,2024-03-16,22
2024-03-16 23:00:00,0.0,0.0,2024-03-16,23
2024-03-17 00:00:00,0.0,0.0,2024-03-17,0
2024-03-17 01:00:00,0.0,0.0,2024-03-17,1
2024-03-17 02:00:00,0.0,0.0,2024-03-17,2
2024-03-17 03:00:00,0.0,0.0,2024-03-17,3
2024-03-17 04:00:00,0.0,0.0,2024-03-17,4
2024-03-17 05:00:00,0.00724321,0.0,2024-03-17,5
2024-03-17 06:00:00,0.07317051,0.07241909,2024-03-17,6
2024-03-17 07:00:00,0.1990018,0.1994464,2024-03-17,7
2024-03-17 08:00:00,0.3892182,0.4071266,2024-03-17,8
2024-03-17 09:00:00,0.5033947,0.5285092,2024-03-17,9
2024-03-17 10:00:00,0.3867852,0.3831888,2024-03-17,10
2024-03-17 11:00:00,0.4595812,0.4608452,2024-03-17,11
2024-03-17 12:00:00,0.2454791,0.2394459,2024-03-17,12
2024-03-17 13:00:00,0.2577756,0.2517846,2024-03-17,13
2024-03-17 14:00:00,0.2279508,0.222955,2024-03-17,14
2024-03-17 15:00:00,0.2641406,0.2683437,2024-03-17,15
2024-03-17 16:00:00,0.2105825,0.2353778,2024-03-17,16
2024-03-17 17:00:00,0.03290439,0.04398808,2024-03-17,17
2024-03-17 18:00:00,0.0,0.0,2024-03-17,18
2024-03-17 19:00:00,0.0,0.0,2024-03-17,19
2024-03-17 20:00:00,0.0,0.0,2024-03-17,20
2024-03-17 21:00:00,0.0,0.0,2024-03-17,21
2024-03-17 22:00:00,0.0,0.0,2024-03-17,22
2024-03-17 23:00:00,0.0,0.0,2024-03-17,23
2024-03-18 00:00:00,0.0,0.0,2024-03-18,0
2024-03-18 01:00:00,0.0,0.0,2024-03-18,1
2024-03-18 02:00:00,0.0,0.0,2024-03-18,2
2024-03-18 03:00:00,0.0,0.0,2024-03-18,3
2024-03-18 04:00:00,0.0,0.0,2024-03-18,4
2024-03-18 05:00:00,0.006386396,0.0,2024-03-18,5
2024-03-18 06:00:00,0.1027306,0.1058048,2024-03-18,6
2024-03-18 07:00:00,0.3650651,0.4106135,2024-03-18,7
2024-03-18 08:00:00,0.4896486,0.5366769,2024-03-18,8
2024-03-18 09:00:00,0.5005752,0.5234982,2024-03-18,9
2024-03-18 10:00:00,0.8860941,0.9982941,2024-03-18,10
2024-03-18 11:00:00,0.8166227,0.9083118,2024-03-18,11
2024-03-18 12:00:00,0.8865502,0.9971721,2024-03-18,12
2024-03-18 13:00:00,0.5825562,0.6215383,2024-03-18,13
2024-03-18 14:00:00,0.4671063,0.4953974,2024-03-18,14
2024-03-18 15:00:00,0.3707303,0.4027293,2024-03-18,15
2024-03-18 16:00:00,0.1929399,0.2090105,2024-03-18,16
2024-03-18 17:00:00,0.05244627,0.07799991,2024-03-18,17
2024-03-18 18:00:00,0.0,0.0,2024-03-18,18
2024-03-18 19:00:00,0.0,0.0,2024-03-18,19
2024-03-18 20:00:00,0.0,0.0,2024-03-18,20
2024-03-18 21:00:00,0.0,0.0,2024-03-18,21
2024-03-18 22:00:00,0.0,0.0,2024-03-18,22
2024-03-18 23:00:00,0.0,0.0,2024-03-18,23
2024-03-19 00:00:00,0.0,0.0,2024-03-19,0
2024-03-19 01:00:00,0.0,0.0,2024-03-19,1
2024-03-19 02:00:00,0.0,0.0,2024-03-19,2
2024-03-19 03:00:00,0.0,0.0,2024-03-19,3
2024-03-19 04:00:00,0.0,0.0,2024-03-19,4
2024-03-19 05:00:00,0.007295986,0.0,2024-03-19,5
2024-03-19 06:00:00,0.09464239,0.09539171,2024-03-19,6
2024-03-19 07:00:00,0.17566,0.1734088,2024-03-19,7
2024-03-19 08:00:00,0.4726769,0.5118613,2024-03-19,8
2024-03-19 09:00:00,0.4612846,0.4737772,2024-03-19,9
2024-03-19 10:00:00,0.7635478,0.844521,2024-03-19,10
2024-03-19 11:00:00,0.5041797,0.5106117,2024-03-19,11
2024-03-19 12:00:00,0.8113546,0.9018377,2024-03-19,12
2024-03-19 13:00:00,0.5905731,0.6302573,2024-03-19,13
2024-03-19 14:00:00,0.4015973,0.4121963,2024-03-19,14
2024-03-19 15:00:00,0.4132883,0.4569817,2024-03-19,15
2024-03-19 16:00:00,0.2246357,0.250124,2024-03-19,16
2024-03-19 17:00:00,0.04884427,0.06683104,2024-03-19,17
2024-03-19 18:00:00,0.0,0.0,2024-03-19,18
2024-03-19 19:00:00,0.0,0.0,2024-03-19,19
2024-03-19 20:00:00,0.0,0.0,2024-03-19,20
2024-03-19 21:00:00,0.0,0.0,2024-03-19,21
2024-03-19 22:00:00,0.0,0.0,2024-03-19,22
2024-03-19 23:00:00,0.0,0.0,2024-03-19,23
2024-03-20 00:00:00,0.0,0.0,2024-03-20,0
2024-03-20 01:00:00,0.0,0.0,2024-03-20,1
2024-03-20 02:00:00,0.0,0.0,2024-03-20,2
2024-03-20 03:00:00,0.0,0.0,2024-03-20,3
2024-03-20 04:00:00,0.0,0.0,2024-03-20,4
2024-03-20 05:00:00,0.007735892,0.0,2024-03-20,5
2024-03-20 06:00:00,0.1702694,0.1917128,2024-03-20,6
2024-03-20 07:00:00,0.3921195,0.4389754,2024-03-20,7
2024-03-20 08:00:00,0.6117778,0.6857967,2024-03-20,8
2024-03-20 09:00:00,0.8419706,0.944967,2024-03-20,9
2024-03-20 10:00:00,1.014034,1.138296,2024-03-20,10
2024-03-20 11:00:00,0.8938015,0.9980445,2024-03-20,11
2024-03-20 12:00:00,0.8579069,0.9566185,2024-03-20,12
2024-03-20 13:00:00,0.7138115,0.7877975,2024-03-20,13
2024-03-20 14:00:00,0.5679912,0.6231403,2024-03-20,14
2024-03-20 15:00:00,0.4021691,0.4401111,2024-03-20,15
2024-03-20 16:00:00,0.2252215,0.2485724,2024-03-20,16
2024-03-20 17:00:00,0.0499429,0.06354585,2024-03-20,17
2024-03-20 18:00:00,0.0,0.0,2024-03-20,18
2024-03-20 19:00:00,0.0,0.0,2024-03-20,19
2024-03-20 20:00:00,0.0,0.0,2024-03-20,20
2024-03-20 21:00:00,0.0,0.0,2024-03-20,21
2024-03-20 22:00:00,0.0,0.0,2024-03-20,22
2024-03-20 23:00:00,0.0,0.0,2024-03-20,23
2024-03-21 00:00:00,0.0,0.0,2024-03-21,0
2024-03-21 01:00:00,0.0,0.0,2024-03-21,1
2024-03-21 02:00:00,0.0,0.0,2024-03-21,2
2024-03-21 03:00:00,0.0,0.0,2024-03-21,3
2024-03-21 04:00:00,0.0,0.0,2024-03-21,4
2024-03-21 05:00:00,0.005526162,0.0,2024-03-21,5
2024-03-21 06:00:00,0.02495287,0.02427664,2024-03-21,6
2024-03-21 07:00:00,0.1231531,0.1201289,2024-03-21,7
2024-03-21 08:00:00,0.3746316,0.3842767,2024-03-21,8
2024-03-21 09:00:00,0.4600365,0.4703412,2024-03-21,9
2024-03-21 10:00:00,0.6379952,0.6778188,2024-03-21,10
2024-03-21 11:00:00,0.7244589,0.7821714,2024-03-21,11
2024-03-21 12:00:00,0.8714256,0.9700293,2024-03-21,12
2024-03-21 13:00:00,0.8175356,0.9122815,2024-03-21,13
2024-03-21 14:00:00,0.3756288,0.3801305,2024-03-21,14
2024-03-21 15:00:00,0.3180676,0.3303304,2024-03-21,15
2024-03-21 16:00:00,0.177018,0.1841768,2024-03-21,16
2024-03-21 17:00:00,0.02732565,0.02791843,2024-03-21,17
2024-03-21 18:00:00,0.0,0.0,2024-03-21,18
2024-03-21 19:00:00,0.0,0.0,2024-03-21,19
2024-03-21 20:00:00,0.0,0.0,2024-03-21,20
2024-03-21 21:00:00,0.0,0.0,2024-03-21,21
2024-03-21 22:00:00,0.0,0.0,2024-03-21,22
2024-03-21 23:00:00,0.0,0.0,2024-03-21,23
2024-03-22 00:00:00,0.0,0.0,2024-03-22,0
2024-03-22 01:00:00,0.0,0.0,2024-03-22,1
2024-03-22 02:00:00,0.0,0.0,2024-03-22,2
2024-03-22 03:00:00,0.0,0.0,2024-03-22,3
2024-03-22 04:00:00,0.0,0.0,2024-03-22,4
2024-03-22 05:00:00,0.01469023,0.0,2024-03-22,5
2024-03-22 06:00:00,0.1712814,0.1871624,2024-03-22,6
2024-03-22 07:00:00,0.3245484,0.3471918,2024-03-22,7
2024-03-22 08:00:00,0.5245174,0.571689,2024-03-22,8
2024-03-22 09:00:00,0.3918394,0.3914581,2024-03-22,9
2024-03-22 10:00:00,0.363142,0.3572648,2024-03-22,10
2024-03-22 11:00:00,0.6134287,0.6391816,2024-03-22,11
2024-03-22 12:00:00,0.7087867,0.763379,2024-03-22,12
2024-03-22 13:00:00,0.6812906,0.7414163,2024-03-22,13
2024-03-22 14:00:00,0.6124009,0.6745306,2024-03-22,14
2024-03-22 15:00:00,0.4335939,0.4757142,2024-03-22,15
2024-03-22 16:00:00,0.1827462,0.1901714,2024-03-22,16
2024-03-22 17:00:00,0.02560148,0.02547139,2024-03-22,17
2024-03-22 18:00:00,0.0,0.0,2024-03-22,18
2024-03-22 19:00:00,0.0,0.0,2024-03-22,19
2024-03-22 20:00:00,0.0,0.0,2024-03-22,20
2024-03-22 21:00:00,0.0,0.0,2024-03-22,21
2024-03-22 22:00:00,0.0,0.0,2024-03-22,22
2024-03-22 23:00:00,0.0,0.0,2024-03-22,23
2024-03-23 00:00:00,0.0,0.0,2024-03-23,0
2024-03-23 01:00:00,0.0,0.0,2024-03-23,1
2024-03-23 02:00:00,0.0,0.0,2024-03-23,2
2024-03-23 03:00:00,0.0,0.0,2024-03-23,3
2024-03-23 04:00:00,0.0,0.0,2024-03-23,4
2024-03-23 05:00:00,0.01334476,0.0,2024-03-23,5
2024-03-23 06:00:00,0.09760381,0.09678304,2024-03-23,6
2024-03-23 07:00:00,0.3512835,0.3789724,2024-03-23,7
2024-03-23 08:00:00,0.3914566,0.4023367,2024-03-23,8
2024-03-23 09:00:00,0.5492496,0.5772056,2024-03-23,9
2024-03-23 10:00:00,0.7484371,0.8148007,2024-03-23,10
2024-03-23 11:00:00,0.8144877,0.8920791,2024-03-23,11
2024-03-23 12:00:00,0.8883048,0.9842585,2024-03-23,12
2024-03-23 13:00:00,0.8456726,0.9388942,2024-03-23,13
2024-03-23 14:00:00,0.7411824,0.8230886,2024-03-23,14
2024-03-23 15:00:00,0.5218729,0.5784544,2024-03-23,15
2024-03-23 16:00:00,0.2306144,0.2488033,2024-03-23,16
2024-03-23 17:00:00,0.0360753,0.03636331,2024-03-23,17
2024-03-23 18:00:00,0.0,0.0,2024-03-23,18
2024-03-23 19:00:00,0.0,0.0,2024-03-23,19
2024-03-23 20:00:00,0.0,0.0,2024-03-23,20
2024-03-23 21:00:00,0.0,0.0,2024-03-23,21
2024-03-23 22:00:00,0.0,0.0,2024-03-23,22
2024-03-23 23:00:00,0.0,0.0,2024-03-23,23
2024-03-24 00:00:00,0.0,0.0,2024-03-24,0
2024-03-24 01:00:00,0.0,0.0,2024-03-24,1
2024-03-24 02:00:00,0.0,0.0,2024-03-24,2
2024-03-24 03:00:00,0.0,0.0,2024-03-24,3
2024-03-24 04:00:00,0.0,0.0,2024-03-24,4
2024-03-24 05:00:00,0.01441313,0.0,2024-03-24,5
2024-03-24 06:00:00,0.189245,0.2037802,2024-03-24,6
2024-03-24 07:00:00,0.4277546,0.4697372,2024-03-24,7
2024-03-24 08:00:00,0.573125,0.62704,2024-03-24,8
2024-03-24 09:00:00,0.7688718,0.8485237,2024-03-24,9
2024-03-24 10:00:00,0.9366878,1.037669,2024-03-24,10
2024-03-24 11:00:00,1.020353,1.131267,2024-03-24,11
2024-03-24 12:00:00,0.9331735,1.033377,2024-03-24,12
2024-03-24 13:00:00,0.8910797,0.9870179,2024-03-24,13
2024-03-24 14:00:00,0.6969191,0.7700368,2024-03-24,14
2024-03-24 15:00:00,0.5040244,0.5551451,2024-03-24,15
2024-03-24 16:00:00,0.1688937,0.1716627,2024-03-24,16
2024-03-24 17:00:00,0.03453443,0.03373254,2024-03-24,17
2024-03-24 18:00:00,0.0,0.0,2024-03-24,18
2024-03-24 19:00:00,0.0,0.0,2024-03-24,19
2024-03-24 20:00:00,0.0,0.0,2024-03-24,20
2024-03-24 21:00:00,0.0,0.0,2024-03-24,21
2024-03-24 22:00:00,0.0,0.0,2024-03-24,22
2024-03-24 23:00:00,0.0,0.0,2024-03-24,23
2024-03-25 00:00:00,0.0,0.0,2024-03-25,0
2024-03-25 01:00:00,0.0,0.0,2024-03-25,1
2024-03-25 02:00:00,0.0,0.0,2024-03-25,2
2024-03-25 03:00:00,0.0,0.0,2024-03-25,3
2024-03-25 04:00:00,0.0,0.0,2024-03-25,4
2024-03-25 05:00:00,0.0144298,0.0,2024-03-25,5
2024-03-25 06:00:00,0.1556343,0.161201,2024-03-25,6
2024-03-25 07:00:00,0.3737738,0.4020505,2024-03-25,7
2024-03-25 08:00:00,0.48816,0.5186806,2024-03-25,8
2024-03-25 09:00:00,0.6888171,0.7487552,2024-03-25,9
2024-03-25 10:00:00,0.8963471,0.9887665,2024-03-25,10
2024-03-25 11:00:00,0.8627638,0.9461383,2024-03-25,11
2024-03-25 12:00:00,0.5649456,0.5793766,2024-03-25,12
2024-03-25 13:00:00,0.7871578,0.8646822,2024-03-25,13
2024-03-25 14:00:00,0.6360334,0.6955367,2024-03-25,14
2024-03-25 15:00:00,0.477158,0.5209835,2024-03-25,15
2024-03-25 16:00:00,0.2207032,0.2325408,2024-03-25,16
2024-03-25 17:00:00,0.02529545,0.02446401,2024-03-25,17
2024-03-25 18:00:00,0.0,0.0,2024-03-25,18
2024-03-25 19:00:00,0.0,0.0,2024-03-25,19
2024-03-25 20:00:00,0.0,0.0,2024-03-25,20
2024-03-25 21:00:00,0.0,0.0,2024-03-25,21
2024-03-25 22:00:00,0.0,0.0,2024-03-25,22
2024-03-25 23:00:00,0.0,0.0,2024-03-25,23
2024-03-26 00:00:00,0.0,0.0,2024-03-26,0
2024-03-26 01:00:00,0.0,0.0,2024-03-26,1
2024-03-26 02:00:00,0.0,0.0,2024-03-26,2
2024-03-26 03:00:00,0.0,0.0,2024-03-26,3
2024-03-26 04:00:00,0.0,0.0,2024-03-26,4
2024-03-26 05:00:00,0.01524351,0.0,2024-03-26,5
2024-03-26 06:00:00,0.1926291,0.2025899,2024-03-26,6
2024-03-26 07:00:00,0.3388306,0.3568077,2024-03-26,7
2024-03-26 08:00:00,0.645729,0.7070901,2024-03-26,8
2024-03-26 09:00:00,0.8418116,0.9258481,2024-03-26,9
2024-03-26 10:00:00,0.6982589,0.7446781,2024-03-26,10
2024-03-26 11:00:00,0.7180241,0.7638447,2024-03-26,11
2024-03-26 12:00:00,0.6267818,0.6532373,2024-03-26,12
2024-03-26 13:00:00,0.6353512,0.6750138,2024-03-26,13
2024-03-26 14:00:00,0.6596441,0.7209371,2024-03-26,14
2024-03-26 15:00:00,0.5272388,0.5753804,2024-03-26,15
2024-03-26 16:00:00,0.2123715,0.2208146,2024-03-26,16
2024-03-26 17:00:00,0.03551762,0.03323993,2024-03-26,17
2024-03-26 18:00:00,0.0,0.0,2024-03-26,18
2024-03-26 19:00:00,0.0,0.0,2024-03-26,19
2024-03-26 20:00:00,0.0,0.0,2024-03-26,20
2024-03-26 21:00:00,0.0,0.0,2024-03-26,21
2024-03-26 22:00:00,0.0,0.0,2024-03-26,22
2024-03-26 23:00:00,0.0,0.0,2024-03-26,23
2024-03-27 00:00:00,0.0,0.0,2024-03-27,0
2024-03-27 01:00:00,0.0,0.0,2024-03-27,1
2024-03-27 02:00:00,0.0,0.0,2024-03-27,2
2024-03-27 03:00:00,0.0,0.0,2024-03-27,3
2024-03-27 04:00:00,0.0,0.0,2024-03-27,4
2024-03-27 05:00:00,0.01029991,0.0,2024-03-27,5
2024-03-27 06:00:00,0.1443972,0.1455776,2024-03-27,6
2024-03-27 07:00:00,0.3715776,0.3945306,2024-03-27,7
2024-03-27 08:00:00,0.6007093,0.6518579,2024-03-27,8
2024-03-27 09:00:00,0.8635808,0.9470053,2024-03-27,9
2024-03-27 10:00:00,0.8224283,0.8957936,2024-03-27,10
2024-03-27 11:00:00,0.762305,0.8172511,2024-03-27,11
2024-03-27 12:00:00,0.5007929,0.503527,2024-03-27,12
2024-03-27 13:00:00,0.7253564,0.7847298,2024-03-27,13
2024-03-27 14:00:00,0.7032737,0.7684101,2024-03-27,14
2024-03-27 15:00:00,0.4265453,0.4552995,2024-03-27,15
2024-03-27 16:00:00,0.1830445,0.1854138,2024-03-27,16
2024-03-27 17:00:00,0.02940782,0.02785854,2024-03-27,17
2024-03-27 18:00:00,0.0,0.0,2024-03-27,18
2024-03-27 19:00:00,0.0,0.0,2024-03-27,19
2024-03-27 20:00:00,0.0,0.0,2024-03-27,20
2024-03-27 21:00:00,0.0,0.0,2024-03-27,21
2024-03-27 22:00:00,0.0,0.0,2024-03-27,22
2024-03-27 23:00:00,0.0,0.0,2024-03-27,23
2024-03-28 00:00:00,0.0,0.0,2024-03-28,0
2024-03-28 01:00:00,0.0,0.0,2024-03-28,1
2024-03-28 02:00:00,0.0,0.0,2024-03-28,2
2024-03-28 03:00:00,0.0,0.0,2024-03-28,3
2024-03-28 04:00:00,0.0,0.0,2024-03-28,4
2024-03-28 05:00:00,0.01869192,0.0,2024-03-28,5
2024-03-28 06:00:00,0.1365356,0.1360894,2024-03-28,6
2024-03-28 07:00:00,0.3637438,0.3828817,2024-03-28,7
2024-03-28 08:00:00,0.4157231,0.425586,2024-03-28,8
2024-03-28 09:00:00,0.6865624,0.7384123,2024-03-28,9
2024-03-28 10:00:00,0.6055775,0.626763,2024-03-28,10
2024-03-28 11:00:00,0.987069,1.081721,2024-03-28,11
2024-03-28 12:00:00,0.9965888,1.092146,2024-03-28,12
2024-03-28 13:00:00,0.8862085,0.9692295,2024-03-28,13
2024-03-28 14:00:00,0.6931432,0.7540376,2024-03-28,14
2024-03-28 15:00:00,0.3701939,0.3851883,2024-03-28,15
2024-03-28 16:00:00,0.2377288,0.2469535,2024-03-28,16
2024-03-28 17:00:00,0.04106155,0.03595319,2024-03-28,17
2024-03-28 18:00:00,0.0,0.0,2024-03-28,18
2024-03-28 19:00:00,0.0,0.0,2024-03-28,19
2024-03-28 20:00:00,0.0,0.0,2024-03-28,20
2024-03-28 21:00:00,0.0,0.0,2024-03-28,21
2024-03-28 22:00:00,0.0,0.0,2024-03-28,22
2024-03-28 23:00:00,0.0,0.0,2024-03-28,23
2024-03-29 00:00:00,0.0,0.0,2024-03-29,0
2024-03-29 01:00:00,0.0,0.0,2024-03-29,1
2024-03-29 02:00:00,0.0,0.0,2024-03-29,2
2024-03-29 03:00:00,0.0,0.0,2024-03-29,3
2024-03-29 04:00:00,0.0,0.0,2024-03-29,4
2024-03-29 05:00:00,0.01222084,0.0,2024-03-29,5
2024-03-29 06:00:00,0.09348185,0.09127434,2024-03-29,6
2024-03-29 07:00:00,0.2765127,0.2790005,2024-03-29,7
2024-03-29 08:00:00,0.3972496,0.4030593,2024-03-29,8
2024-03-29 09:00:00,0.3818176,0.3779913,2024-03-29,9
2024-03-29 10:00:00,0.7390695,0.7891023,2024-03-29,10
2024-03-29 11:00:00,0.6927672,0.727163,2024-03-29,11
2024-03-29 12:00:00,0.8325461,0.9012485,2024-03-29,12
2024-03-29 13:00:00,0.8445488,0.9198543,2024-03-29,13
2024-03-29 14:00:00,0.57693,0.6142604,2024-03-29,14
2024-03-29 15:00:00,0.4498118,0.4785113,2024-03-29,15
2024-03-29 16:00:00,0.2457212,0.2540061,2024-03-29,16
2024-03-29 17:00:00,0.04185132,0.03581484,2024-03-29,17
2024-03-29 18:00:00,0.0,0.0,2024-03-29,18
2024-03-29 19:00:00,0.0,0.0,2024-03-29,19
2024-03-29 20:00:00,0.0,0.0,2024-03-29,20
2024-03-29 21:00:00,0.0,0.0,2024-03-29,21
2024-03-29 22:00:00,0.0,0.0,2024-03-29,22
2024-03-29 23:00:00,0.0,0.0,2024-03-29,23
2024-03-30 00:00:00,0.0,0.0,2024-03-30,0
2024-03-30 01:00:00,0.0,0.0,2024-03-30,1
2024-03-30 02:00:00,0.0,0.0,2024-03-30,2
2024-03-30 03:00:00,0.0,0.0,2024-03-30,3
2024-03-30 04:00:00,0.0,0.0,2024-03-30,4
2024-03-30 05:00:00,0.02150395,0.0,2024-03-30,5
2024-03-30 06:00:00,0.02208939,0.0214613,2024-03-30,6
2024-03-30 07:00:00,0.02675933,0.02599744,2024-03-30,7
2024-03-30 08:00:00,0.04764811,0.04630291,2024-03-30,8
2024-03-30 09:00:00,0.07061777,0.06863954,2024-03-30,9
2024-03-30 10:00:00,0.2348103,0.228753,2024-03-30,10
2024-03-30 11:00:00,0.08205102,0.07975412,2024-03-30,11
2024-03-30 12:00:00,0.05961785,0.05793197,2024-03-30,12
2024-03-30 13:00:00,0.07582907,0.07370836,2024-03-30,13
2024-03-30 14:00:00,0.07355784,0.07151092,2024-03-30,14
2024-03-30 15:00:00,0.05929447,0.05764538,2024-03-30,15
2024-03-30 16:00:00,0.05602077,0.05447923,2024-03-30,16
2024-03-30 17:00:00,0.01023428,0.009905224,2024-03-30,17
2024-03-30 18:00:00,0.0,0.0,2024-03-30,18
2024-03-30 19:00:00,0.0,0.0,2024-03-30,19
2024-03-30 20:00:00,0.0,0.0,2024-03-30,20
2024-03-30 21:00:00,0.0,0.0,2024-03-30,21
2024-03-30 22:00:00,0.0,0.0,2024-03-30,22
2024-03-30 23:00:00,0.0,0.0,2024-03-30,23
2024-03-31 00:00:00,0.0,0.0,2024-03-31,0
2024-03-31 01:00:00,0.0,0.0,2024-03-31,1
2024-03-31 02:00:00,0.0,0.0,2024-03-31,2
2024-03-31 03:00:00,0.0,0.0,2024-03-31,3
2024-03-31 04:00:00,0.0,0.0,2024-03-31,4
2024-03-31 05:00:00,0.0233405,0.008354396,2024-03-31,5
2024-03-31 06:00:00,0.1901941,0.1899774,2024-03-31,6
2024-03-31 07:00:00,0.4413778,0.4657333,2024-03-31,7
2024-03-31 08:00:00,0.656758,0.7051345,2024-03-31,8
2024-03-31 09:00:00,0.9006123,0.9754776,2024-03-31,9
2024-03-31 10:00:00,0.9500487,1.031583,2024-03-31,10
2024-03-31 11:00:00,1.007219,1.09502,2024-03-31,11
2024-03-31 12:00:00,0.9993356,1.08597,2024-03-31,12
2024-03-31 13:00:00,0.6378735,0.6694266,2024-03-31,13
2024-03-31 14:00:00,0.6130754,0.653158,2024-03-31,14
2024-03-31 15:00:00,0.5671218,0.6036631,2024-03-31,15
2024-03-31 16:00:00,0.2881078,0.2953857,2024-03-31,16
2024-03-31 17:00:00,0.03854988,0.03349395,2024-03-31,17
2024-03-31 18:00:00,0.0,0.0,2024-03-31,18
2024-03-31 19:00:00,0.0,0.0,2024-03-31,19
2024-03-31 20:00:00,0.0,0.0,2024-03-31,20
2024-03-31 21:00:00,0.0,0.0,2024-03-31,21
2024-03-31 22:00:00,0.0,0.0,2024-03-31,22
2024-03-31 23:00:00,0.0,0.0,2024-03-31,23
2024-04-01 00:00:00,0.0,0.0,2024-04-01,0
2024-04-01 01:00:00,0.0,0.0,2024-04-01,1
2024-04-01 02:00:00,0.0,0.0,2024-04-01,2
2024-04-01 03:00:00,0.0,0.0,2024-04-01,3
2024-04-01 04:00:00,0.0,0.0,2024-04-01,4
2024-04-01 05:00:00,0.02291076,0.01102369,2024-04-01,5
2024-04-01 06:00:00,0.1489257,0.1463422,2024-04-01,6
2024-04-01 07:00:00,0.2186472,0.2151159,2024-04-01,7
2024-04-01 08:00:00,0.3692949,0.369379,2024-04-01,8
2024-04-01 09:00:00,0.5919501,0.6152177,2024-04-01,9
2024-04-01 10:00:00,0.5787385,0.5904132,2024-04-01,10
2024-04-01 11:00:00,0.2422728,0.2359848,2024-04-01,11
2024-04-01 12:00:00,0.475236,0.4730273,2024-04-01,12
2024-04-01 13:00:00,0.347374,0.3408672,2024-04-01,13
2024-04-01 14:00:00,0.2547439,0.2488729,2024-04-01,14
2024-04-01 15:00:00,0.2670481,0.264702,2024-04-01,15
2024-04-01 16:00:00,0.2080465,0.2078546,2024-04-01,16
2024-04-01 17:00:00,0.0517738,0.03754483,2024-04-01,17
2024-04-01 18:00:00,0.0,0.0,2024-04-01,18
2024-04-01 19:00:00,0.0,0.0,2024-04-01,19
2024-04-01 20:00:00,0.0,0.0,2024-04-01,20
2024-04-01 21:00:00,0.0,0.0,2024-04-01,21
2024-04-01 22:00:00,0.0,0.0,2024-04-01,22
2024-04-01 23:00:00,0.0,0.0,2024-04-01,23
2024-04-02 00:00:00,0.0,0.0,2024-04-02,0
2024-04-02 01:00:00,0.0,0.0,2024-04-02,1
2024-04-02 02:00:00,0.0,0.0,2024-04-02,2
2024-04-02 03:00:00,0.0,0.0,2024-04-02,3
2024-04-02 04:00:00,0.0,0.0,2024-04-02,4
2024-04-02 05:00:00,0.01643547,0.01400415,2024-04-02,5
2024-04-02 06:00:00,0.1585528,0.1554031,2024-04-02,6
2024-04-02 07:00:00,0.2013504,0.1972325,2024-04-02,7
2024-04-02 08:00:00,0.2720473,0.2665409,2024-04-02,8
2024-04-02 09:00:00,0.4577408,0.4586938,2024-04-02,9
2024-04-02 10:00:00,0.5662619,0.5750391,2024-04-02,10
2024-04-02 11:00:00,0.4051164,0.3980687,2024-04-02,11
2024-04-02 12:00:00,0.3501945,0.3425665,2024-04-02,12
2024-04-02 13:00:00,0.2825166,0.2756389,2024-04-02,13
2024-04-02 14:00:00,0.3094685,0.304243,2024-04-02,14
2024-04-02 15:00:00,0.3310512,0.3340099,2024-04-02,15
2024-04-02 16:00:00,0.1571698,0.1542272,2024-04-02,16
2024-04-02 17:00:00,0.03180174,0.02927595,2024-04-02,17
2024-04-02 18:00:00,0.0,0.0,2024-04-02,18
2024-04-02 19:00:00,0.0,0.0,2024-04-02,19
2024-04-02 20:00:00,0.0,0.0,2024-04-02,20
2024-04-02 21:00:00,0.0,0.0,2024-04-02,21
2024-04-02 22:00:00,0.0,0.0,2024-04-02,22
2024-04-02 23:00:00,0.0,0.0,2024-04-02,23
2024-04-03 00:00:00,0.0,0.0,2024-04-03,0
2024-04-03 01:00:00,0.0,0.0,2024-04-03,1
2024-04-03 02:00:00,0.0,0.0,2024-04-03,2
2024-04-03 03:00:00,0.0,0.0,2024-04-03,3
2024-04-03 04:00:00,0.0,0.0,2024-04-03,4
2024-04-03 05:00:00,0.0329781,0.005941728,2024-04-03,5
2024-04-03 06:00:00,0.09917492,0.09646083,2024-04-03,6
2024-04-03 07:00:00,0.2902284,0.2900801,2024-04-03,7
2024-04-03 08:00:00,0.5393471,0.5625565,2024-04-03,8
2024-04-03 09:00:00,0.365623,0.3597684,2024-04-03,9
2024-04-03 10:00:00,0.4278803,0.4223554,2024-04-03,10
2024-04-03 11:00:00,0.2110754,0.2054838,2024-04-03,11
2024-04-03 12:00:00,0.1724691,0.1678244,2024-04-03,12
2024-04-03 13:00:00,0.3036891,0.2966244,2024-04-03,13
2024-04-03 14:00:00,0.1992927,0.1941024,2024-04-03,14
2024-04-03 15:00:00,0.2578019,0.2543264,2024-04-03,15
2024-04-03 16:00:00,0.1446365,0.1413424,2024-04-03,16
2024-04-03 17:00:00,0.04771408,0.03610513,2024-04-03,17
2024-04-03 18:00:00,0.0,0.0,2024-04-03,18
2024-04-03 19:00:00,0.0,0.0,2024-04-03,19
2024-04-03 20:00:00,0.0,0.0,2024-04-03,20
2024-04-03 21:00:00,0.0,0.0,2024-04-03,21
2024-04-03 22:00:00,0.0,0.0,2024-04-03,22
2024-04-03 23:00:00,0.0,0.0,2024-04-03,23
2024-04-04 00:00:00,0.0,0.0,2024-04-04,0
2024-04-04 01:00:00,0.0,0.0,2024-04-04,1
2024-04-04 02:00:00,0.0,0.0,2024-04-04,2
2024-04-04 03:00:00,0.0,0.0,2024-04-04,3
2024-04-04 04:00:00,0.0,0.0,2024-04-04,4
2024-04-04 05:00:00,0.02507927,0.01544235,2024-04-04,5
2024-04-04 06:00:00,0.1378033,0.1340373,2024-04-04,6
2024-04-04 07:00:00,0.2521758,0.2489904,2024-04-04,7
2024-04-04 08:00:00,0.4582264,0.4667942,2024-04-04,8
2024-04-04 09:00:00,0.4280241,0.4252768,2024-04-04,9
2024-04-04 10:00:00,0.5212325,0.5226963,2024-04-04,10
2024-04-04 11:00:00,0.8204204,0.8705172,2024-04-04,11
2024-04-04 12:00:00,0.8115808,0.861966,2024-04-04,12
2024-04-04 13:00:00,0.8811075,0.9431369,2024-04-04,13
2024-04-04 14:00:00,0.5205491,0.5365283,2024-04-04,14
2024-04-04 15:00:00,0.3835676,0.3907485,2024-04-04,15
2024-04-04 16:00:00,0.1559076,0.1523228,2024-04-04,16
2024-04-04 17:00:00,0.04368382,0.03520719,2024-04-04,17
2024-04-04 18:00:00,0.0,0.0,2024-04-04,18
2024-04-04 19:00:00,0.0,0.0,2024-04-04,19
2024-04-04 20:00:00,0.0,0.0,2024-04-04,20
2024-04-04 21:00:00,0.0,0.0,2024-04-04,21
2024-04-04 22:00:00,0.0,0.0,2024-04-04,22
2024-04-04 23:00:00,0.0,0.0,2024-04-04,23
2024-04-05 00:00:00,0.0,0.0,2024-04-05,0
2024-04-05 01:00:00,0.0,0.0,2024-04-05,1
2024-04-05 02:00:00,0.0,0.0,2024-04-05,2
2024-04-05 03:00:00,0.0,0.0,2024-04-05,3
2024-04-05 04:00:00,0.0,0.0,2024-04-05,4
2024-04-05 05:00:00,0.02326745,0.0174484,2024-04-05,5
2024-04-05 06:00:00,0.1276924,0.1240092,2024-04-05,6
2024-04-05 07:00:00,0.2451716,0.2413578,2024-04-05,7
2024-04-05 08:00:00,0.5899141,0.6167721,2024-04-05,8
2024-04-05 09:00:00,0.655668,0.6841359,2024-04-05,9
2024-04-05 10:00:00,0.9175369,0.9814782,2024-04-05,10
2024-04-05 11:00:00,0.8167797,0.8640449,2024-04-05,11
2024-04-05 12:00:00,0.525427,0.5261888,2024-04-05,12
2024-04-05 13:00:00,0.4450141,0.4423351,2024-04-05,13
2024-04-05 14:00:00,0.284135,0.2780523,2024-04-05,14
2024-04-05 15:00:00,0.2271964,0.2225051,2024-04-05,15
2024-04-05 16:00:00,0.1498736,0.1460885,2024-04-05,16
2024-04-05 17:00:00,0.02544324,0.02422373,2024-04-05,17
2024-04-05 18:00:00,0.0,0.0,2024-04-05,18
2024-04-05 19:00:00,0.0,0.0,2024-04-05,19
2024-04-05 20:00:00,0.0,0.0,2024-04-05,20
2024-04-05 21:00:00,0.0,0.0,2024-04-05,21
2024-04-05 22:00:00,0.0,0.0,2024-04-05,22
2024-04-05 23:00:00,0.0,0.0,2024-04-05,23
2024-04-06 00:00:00,0.0,0.0,2024-04-06,0
2024-04-06 01:00:00,0.0,0.0,2024-04-06,1
2024-04-06 02:00:00,0.0,0.0,2024-04-06,2
2024-04-06 03:00:00,0.0,0.0,2024-04-06,3
2024-04-06 04:00:00,0.0,0.0,2024-04-06,4
2024-04-06 05:00:00,0.0286379,0.0172232,2024-04-06,5
2024-04-06 06:00:00,0.04673939,0.04539262,2024-04-06,6
2024-04-06 07:00:00,0.2101052,0.2054606,2024-04-06,7
2024-04-06 08:00:00,0.1639971,0.1596031,2024-04-06,8
2024-04-06 09:00:00,0.1961218,0.1909026,2024-04-06,9
2024-04-06 10:00:00,0.3849091,0.3774242,2024-04-06,10
2024-04-06 11:00:00,0.6254739,0.6368024,2024-04-06,11
2024-04-06 12:00:00,0.5343666,0.5355256,2024-04-06,12
2024-04-06 13:00:00,0.1539626,0.1497786,2024-04-06,13
2024-04-06 14:00:00,0.2940009,0.287911,2024-04-06,14
2024-04-06 15:00:00,0.2554681,0.2511216,2024-04-06,15
2024-04-06 16:00:00,0.09403454,0.0913811,2024-04-06,16
2024-04-06 17:00:00,0.0192219,0.01846798,2024-04-06,17
2024-04-06 18:00:00,0.0,0.0,2024-04-06,18
2024-04-06 19:00:00,0.0,0.0,2024-04-06,19
2024-04-06 20:00:00,0.0,0.0,2024-04-06,20
2024-04-06 21:00:00,0.0,0.0,2024-04-06,21
2024-04-06 22:00:00,0.0,0.0,2024-04-06,22
2024-04-06 23:00:00,0.0,0.0,2024-04-06,23
2024-04-07 00:00:00,0.0,0.0,2024-04-07,0
2024-04-07 01:00:00,0.0,0.0,2024-04-07,1
2024-04-07 02:00:00,0.0,0.0,2024-04-07,2
2024-04-07 03:00:00,0.0,0.0,2024-04-07,3
2024-04-07 04:00:00,0.0,0.0,2024-04-07,4
2024-04-07 05:00:00,0.04132187,0.008149561,2024-04-07,5
2024-04-07 06:00:00,0.1724373,0.1658896,2024-04-07,6
2024-04-07 07:00:00,0.2362629,0.2316799,2024-04-07,7
2024-04-07 08:00:00,0.5206268,0.533882,2024-04-07,8
2024-04-07 09:00:00,0.7376907,0.7753115,2024-04-07,9
2024-04-07 10:00:00,0.8530564,0.9036449,2024-04-07,10
2024-04-07 11:00:00,0.7903785,0.8288576,2024-04-07,11
2024-04-07 12:00:00,0.9699548,1.033744,2024-04-07,12
2024-04-07 13:00:00,0.8853,0.939252,2024-04-07,13
2024-04-07 14:00:00,0.5930292,0.6150817,2024-04-07,14
2024-04-07 15:00:00,0.3366204,0.3359265,2024-04-07,15
2024-04-07 16:00:00,0.1802941,0.1751166,2024-04-07,16
2024-04-07 17:00:00,0.02782809,0.02630983,2024-04-07,17
2024-04-07 18:00:00,0.0,0.0,2024-04-07,18
2024-04-07 19:00:00,0.0,0.0,2024-04-07,19
2024-04-07 20:00:00,0.0,0.0,2024-04-07,20
2024-04-07 21:00:00,0.0,0.0,2024-04-07,21
2024-04-07 22:00:00,0.0,0.0,2024-04-07,22
2024-04-07 23:00:00,0.0,0.0,2024-04-07,23
2024-04-08 00:00:00,0.0,0.0,2024-04-08,0
2024-04-08 01:00:00,0.0,0.0,2024-04-08,1
2024-04-08 02:00:00,0.0,0.0,2024-04-08,2
2024-04-08 03:00:00,0.0,0.0,2024-04-08,3
2024-04-08 04:00:00,0.0,0.0,2024-04-08,4
2024-04-08 05:00:00,0.04207193,0.01016517,2024-04-08,5
2024-04-08 06:00:00,0.09577901,0.09295205,2024-04-08,6
2024-04-08 07:00:00,0.2952726,0.2920359,2024-04-08,7
2024-04-08 08:00:00,0.328238,0.3229224,2024-04-08,8
2024-04-08 09:00:00,0.3938828,0.3879634,2024-04-08,9
2024-04-08 10:00:00,0.7385615,0.7688318,2024-04-08,10
2024-04-08 11:00:00,0.7676595,0.8003283,2024-04-08,11
2024-04-08 12:00:00,0.9495795,1.00885,2024-04-08,12
2024-04-08 13:00:00,0.7508959,0.7874915,2024-04-08,13
2024-04-08 14:00:00,0.4428283,0.4442523,2024-04-08,14
2024-04-08 15:00:00,0.421742,0.4267467,2024-04-08,15
2024-04-08 16:00:00,0.1680525,0.1629337,2024-04-08,16
2024-04-08 17:00:00,0.04681821,0.03629658,2024-04-08,17
2024-04-08 18:00:00,0.0,0.0,2024-04-08,18
2024-04-08 19:00:00,0.0,0.0,2024-04-08,19
2024-04-08 20:00:00,0.0,0.0,2024-04-08,20
2024-04-08 21:00:00,0.0,0.0,2024-04-08,21
2024-04-08 22:00:00,0.0,0.0,2024-04-08,22
2024-04-08 23:00:00,0.0,0.0,2024-04-08,23
2024-04-09 00:00:00,0.0,0.0,2024-04-09,0
2024-04-09 01:00:00,0.0,0.0,2024-04-09,1
2024-04-09 02:00:00,0.0,0.0,2024-04-09,2
2024-04-09 03:00:00,0.0,0.0,2024-04-09,3
2024-04-09 04:00:00,0.0,0.0,2024-04-09,4
2024-04-09 05:00:00,0.03164505,0.02128976,2024-04-09,5
2024-04-09 06:00:00,0.09633183,0.09346214,2024-04-09,6
2024-04-09 07:00:00,0.2253924,0.2203255,2024-04-09,7
2024-04-09 08:00:00,0.3629334,0.358698,2024-04-09,8
2024-04-09 09:00:00,0.2952047,0.287968,2024-04-09,9
2024-04-09 10:00:00,0.349589,0.3415258,2024-04-09,10
2024-04-09 11:00:00,0.2947627,0.2871656,2024-04-09,11
2024-04-09 12:00:00,0.5519364,0.5532122,2024-04-09,12
2024-04-09 13:00:00,0.6658934,0.6878911,2024-04-09,13
2024-04-09 14:00:00,0.5321108,0.5427588,2024-04-09,14
2024-04-09 15:00:00,0.1779096,0.1732068,2024-04-09,15
2024-04-09 16:00:00,0.1933941,0.1865057,2024-04-09,16
2024-04-09 17:00:00,0.02266123,0.02170414,2024-04-09,17
2024-04-09 18:00:00,0.0,0.0,2024-04-09,18
2024-04-09 19:00:00,0.0,0.0,2024-04-09,19
2024-04-09 20:00:00,0.0,0.0,2024-04-09,20
2024-04-09 21:00:00,0.0,0.0,2024-04-09,21
2024-04-09 22:00:00,0.0,0.0,2024-04-09,22
2024-04-09 23:00:00,0.0,0.0,2024-04-09,23
2024-04-10 00:00:00,0.0,0.0,2024-04-10,0
2024-04-10 01:00:00,0.0,0.0,2024-04-10,1
2024-04-10 02:00:00,0.0,0.0,2024-04-10,2
2024-04-10 03:00:00,0.0,0.0,2024-04-10,3
2024-04-10 04:00:00,0.0,0.0,2024-04-10,4
2024-04-10 05:00:00,0.05002245,0.008132615,2024-04-10,5
2024-04-10 06:00:00,0.2546625,0.2364577,2024-04-10,6
2024-04-10 07:00:00,0.4708381,0.4737751,2024-04-10,7
2024-04-10 08:00:00,0.5559407,0.5686457,2024-04-10,8
2024-04-10 09:00:00,0.7913443,0.8286371,2024-04-10,9
2024-04-10 10:00:00,0.9070929,0.9568968,2024-04-10,10
2024-04-10 11:00:00,0.8483307,0.8900964,2024-04-10,11
2024-04-10 12:00:00,0.7763883,0.8086399,2024-04-10,12
2024-04-10 13:00:00,0.6634085,0.6834617,2024-04-10,13
2024-04-10 14:00:00,0.5203432,0.528265,2024-04-10,14
2024-04-10 15:00:00,0.5563239,0.5636468,2024-04-10,15
2024-04-10 16:00:00,0.3522419,0.3317559,2024-04-10,16
2024-04-10 17:00:00,0.0834968,0.03393714,2024-04-10,17
2024-04-10 18:00:00,0.0,0.0,2024-04-10,18
2024-04-10 19:00:00,0.0,0.0,2024-04-10,19
2024-04-10 20:00:00,0.0,0.0,2024-04-10,20
2024-04-10 21:00:00,0.0,0.0,2024-04-10,21
2024-04-10 22:00:00,0.0,0.0,2024-04-10,22
2024-04-10 23:00:00,0.0,0.0,2024-04-10,23
2024-04-11 00:00:00,0.0,0.0,2024-04-11,0
2024-04-11 01:00:00,0.0,0.0,2024-04-11,1
2024-04-11 02:00:00,0.0,0.0,2024-04-11,2
2024-04-11 03:00:00,0.0,0.0,2024-04-11,3
2024-04-11 04:00:00,0.0,0.0,2024-04-11,4
2024-04-11 05:00:00,0.05488681,0.006721471,2024-04-11,5
2024-04-11 06:00:00,0.2151809,0.2014363,2024-04-11,6
2024-04-11 07:00:00,0.4068185,0.4056007,2024-04-11,7
2024-04-11 08:00:00,0.7694637,0.7956386,2024-04-11,8
2024-04-11 09:00:00,0.8024748,0.8384992,2024-04-11,9
2024-04-11 10:00:00,0.7393726,0.7646269,2024-04-11,10
2024-04-11 11:00:00,0.7865737,0.817062,2024-04-11,11
2024-04-11 12:00:00,0.5375219,0.5363456,2024-04-11,12
2024-04-11 13:00:00,0.4483157,0.4437254,2024-04-11,13
2024-04-11 14:00:00,0.5905412,0.6048823,2024-04-11,14
2024-04-11 15:00:00,0.5272924,0.5314773,2024-04-11,15
2024-04-11 16:00:00,0.3213202,0.3003148,2024-04-11,16
2024-04-11 17:00:00,0.08772955,0.03393938,2024-04-11,17
2024-04-11 18:00:00,0.0,0.0,2024-04-11,18
2024-04-11 19:00:00,0.0,0.0,2024-04-11,19
2024-04-11 20:00:00,0.0,0.0,2024-04-11,20
2024-04-11 21:00:00,0.0,0.0,2024-04-11,21
2024-04-11 22:00:00,0.0,0.0,2024-04-11,22
2024-04-11 23:00:00,0.0,0.0,2024-04-11,23
2024-04-12 00:00:00,0.0,0.0,2024-04-12,0
2024-04-12 01:00:00,0.0,0.0,2024-04-12,1
2024-04-12 02:00:00,0.0,0.0,2024-04-12,2
2024-04-12 03:00:00,0.0,0.0,2024-04-12,3
2024-04-12 04:00:00,0.0,0.0,2024-04-12,4
2024-04-12 05:00:00,0.06944734,0.003822396,2024-04-12,5
2024-04-12 06:00:00,0.2329807,0.2156064,2024-04-12,6
2024-04-12 07:00:00,0.4848169,0.4838315,2024-04-12,7
2024-04-12 08:00:00,0.3067431,0.3002329,2024-04-12,8
2024-04-12 09:00:00,0.3889225,0.3819876,2024-04-12,9
2024-04-12 10:00:00,0.08590256,0.08348001,2024-04-12,10
2024-04-12 11:00:00,0.4023399,0.3939573,2024-04-12,11
2024-04-12 12:00:00,0.6591958,0.6710207,2024-04-12,12
2024-04-12 13:00:00,0.699976,0.7217919,2024-04-12,13
2024-04-12 14:00:00,0.2671,0.2605087,2024-04-12,14
2024-04-12 15:00:00,0.180955,0.176085,2024-04-12,15
2024-04-12 16:00:00,0.1413193,0.1366845,2024-04-12,16
2024-04-12 17:00:00,0.03923928,0.03466916,2024-04-12,17
2024-04-12 18:00:00,0.0,0.0,2024-04-12,18
2024-04-12 19:00:00,0.0,0.0,2024-04-12,19
2024-04-12 20:00:00,0.0,0.0,2024-04-12,20
2024-04-12 21:00:00,0.0,0.0,2024-04-12,21
2024-04-12 22:00:00,0.0,0.0,2024-04-12,22
2024-04-12 23:00:00,0.0,0.0,2024-04-12,23
2024-04-13 00:00:00,0.0,0.0,2024-04-13,0
2024-04-13 01:00:00,0.0,0.0,2024-04-13,1
2024-04-13 02:00:00,0.0,0.0,2024-04-13,2
2024-04-13 03:00:00,0.0,0.0,2024-04-13,3
2024-04-13 04:00:00,0.0,0.0,2024-04-13,4
2024-04-13 05:00:00,0.05023816,0.01679503,2024-04-13,5
2024-04-13 06:00:00,0.2393988,0.2200184,2024-04-13,6
2024-04-13 07:00:00,0.4357474,0.4321108,2024-04-13,7
2024-04-13 08:00:00,0.6988136,0.7170782,2024-04-13,8
2024-04-13 09:00:00,0.9318094,0.9712105,2024-04-13,9
2024-04-13 10:00:00,1.010215,1.060011,2024-04-13,10
2024-04-13 11:00:00,0.9943557,1.045035,2024-04-13,11
2024-04-13 12:00:00,0.868578,0.9071108,2024-04-13,12
2024-04-13 13:00:00,0.7241173,0.7471563,2024-04-13,13
2024-04-13 14:00:00,0.6061174,0.6183752,2024-04-13,14
2024-04-13 15:00:00,0.4262302,0.4234807,2024-04-13,15
2024-04-13 16:00:00,0.2800017,0.2591077,2024-04-13,16
2024-04-13 17:00:00,0.07751615,0.03084796,2024-04-13,17
2024-04-13 18:00:00,0.0,0.0,2024-04-13,18
2024-04-13 19:00:00,0.0,0.0,2024-04-13,19
2024-04-13 20:00:00,0.0,0.0,2024-04-13,20
2024-04-13 21:00:00,0.0,0.0,2024-04-13,21
2024-04-13 22:00:00,0.0,0.0,2024-04-13,22
2024-04-13 23:00:00,0.0,0.0,2024-04-13,23
2024-04-14 00:00:00,0.0,0.0,2024-04-14,0
2024-04-14 01:00:00,0.0,0.0,2024-04-14,1
2024-04-14 02:00:00,0.0,0.0,2024-04-14,2
2024-04-14 03:00:00,0.0,0.0,2024-04-14,3
2024-04-14 04:00:00,0.0,0.0,2024-04-14,4
2024-04-14 05:00:00,0.04089471,0.02696636,2024-04-14,5
2024-04-14 06:00:00,0.208243,0.1939177,2024-04-14,6
2024-04-14 07:00:00,0.2779287,0.2716939,2024-04-14,7
2024-04-14 08:00:00,0.6454996,0.6585104,2024-04-14,8
2024-04-14 09:00:00,0.8352579,0.8668303,2024-04-14,9
2024-04-14 10:00:00,0.9249202,0.9665352,2024-04-14,10
2024-04-14 11:00:00,0.7246886,0.741478,2024-04-14,11
2024-04-14 12:00:00,0.6523542,0.6611938,2024-04-14,12
2024-04-14 13:00:00,0.6079046,0.6154903,2024-04-14,13
2024-04-14 14:00:00,0.6012703,0.6113092,2024-04-14,14
2024-04-14 15:00:00,0.5305766,0.5275095,2024-04-14,15
2024-04-14 16:00:00,0.2830383,0.25996,2024-04-14,16
2024-04-14 17:00:00,0.05940644,0.03726196,2024-04-14,17
2024-04-14 18:00:00,0.0,0.0,2024-04-14,18
2024-04-14 19:00:00,0.0,0.0,2024-04-14,19
2024-04-14 20:00:00,0.0,0.0,2024-04-14,20
2024-04-14 21:00:00,0.0,0.0,2024-04-14,21
2024-04-14 22:00:00,0.0,0.0,2024-04-14,22
2024-04-14 23:00:00,0.0,0.0,2024-04-14,23
2024-04-15 00:00:00,0.0,0.0,2024-04-15,0
2024-04-15 01:00:00,0.0,0.0,2024-04-15,1
2024-04-15 02:00:00,0.0,0.0,2024-04-15,2
2024-04-15 03:00:00,0.0,0.0,2024-04-15,3
2024-04-15 04:00:00,0.0,0.0,2024-04-15,4
2024-04-15 05:00:00,0.06010035,0.01480056,2024-04-15,5
2024-04-15 06:00:00,0.2641888,0.2381811,2024-04-15,6
2024-04-15 07:00:00,0.5103194,0.5030733,2024-04-15,7
2024-04-15 08:00:00,0.6972395,0.7107668,2024-04-15,8
2024-04-15 09:00:00,0.633684,0.6433002,2024-04-15,9
2024-04-15 10:00:00,0.8261613,0.8557195,2024-04-15,10
2024-04-15 11:00:00,0.7861078,0.8097343,2024-04-15,11
2024-04-15 12:00:00,0.8105551,0.8381867,2024-04-15,12
2024-04-15 13:00:00,0.5957309,0.6009613,2024-04-15,13
2024-04-15 14:00:00,0.682615,0.6962739,2024-04-15,14
2024-04-15 15:00:00,0.4227045,0.416921,2024-04-15,15
2024-04-15 16:00:00,0.1957595,0.185499,2024-04-15,16
2024-04-15 17:00:00,0.04441129,0.0375995,2024-04-15,17
2024-04-15 18:00:00,0.0,0.0,2024-04-15,18
2024-04-15 19:00:00,0.0,0.0,2024-04-15,19
2024-04-15 20:00:00,0.0,0.0,2024-04-15,20
2024-04-15 21:00:00,0.0,0.0,2024-04-15,21
2024-04-15 22:00:00,0.0,0.0,2024-04-15,22
2024-04-15 23:00:00,0.0,0.0,2024-04-15,23
2024-04-16 00:00:00,0.0,0.0,2024-04-16,0
2024-04-16 01:00:00,0.0,0.0,2024-04-16,1
2024-04-16 02:00:00,0.0,0.0,2024-04-16,2
2024-04-16 03:00:00,0.0,0.0,2024-04-16,3
2024-04-16 04:00:00,0.0,0.0,2024-04-16,4
2024-04-16 05:00:00,0.0603685,0.01852059,2024-04-16,5
2024-04-16 06:00:00,0.2268604,0.2078737,2024-04-16,6
2024-04-16 07:00:00,0.3969973,0.389004,2024-04-16,7
2024-04-16 08:00:00,0.4705376,0.4682674,2024-04-16,8
2024-04-16 09:00:00,0.7721692,0.7942986,2024-04-16,9
2024-04-16 10:00:00,0.6175967,0.6209559,2024-04-16,10
2024-04-16 11:00:00,0.7785325,0.7995762,2024-04-16,11
2024-04-16 12:00:00,0.9499398,0.9887576,2024-04-16,12
2024-04-16 13:00:00,0.8284311,0.8552008,2024-04-16,13
2024-04-16 14:00:00,0.7300116,0.7433497,2024-04-16,14
2024-04-16 15:00:00,0.4736055,0.4662701,2024-04-16,15
2024-04-16 16:00:00,0.1718015,0.1641288,2024-04-16,16
2024-04-16 17:00:00,0.05870455,0.03860015,2024-04-16,17
2024-04-16 18:00:00,0.0,0.0,2024-04-16,18
2024-04-16 19:00:00,0.0,0.0,2024-04-16,19
2024-04-16 20:00:00,0.0,0.0,2024-04-16,20
2024-04-16 21:00:00,0.0,0.0,2024-04-16,21
2024-04-16 22:00:00,0.0,0.0,2024-04-16,22
2024-04-16 23:00:00,0.0,0.0,2024-04-16,23
2024-04-17 00:00:00,0.0,0.0,2024-04-17,0
2024-04-17 01:00:00,0.0,0.0,2024-04-17,1
2024-04-17 02:00:00,0.0,0.0,2024-04-17,2
2024-04-17 03:00:00,0.0,0.0,2024-04-17,3
2024-04-17 04:00:00,0.0,0.0,2024-04-17,4
2024-04-17 05:00:00,0.04138978,0.03217775,2024-04-17,5
2024-04-17 06:00:00,0.1402246,0.1347574,2024-04-17,6
2024-04-17 07:00:00,0.327674,0.3197146,2024-04-17,7
2024-04-17 08:00:00,0.6303835,0.6365651,2024-04-17,8
2024-04-17 09:00:00,0.7602232,0.7793215,2024-04-17,9
2024-04-17 10:00:00,0.7131721,0.725999,2024-04-17,10
2024-04-17 11:00:00,1.033005,1.075737,2024-04-17,11
2024-04-17 12:00:00,0.6566376,0.6629808,2024-04-17,12
2024-04-17 13:00:00,0.5693508,0.5703064,2024-04-17,13
2024-04-17 14:00:00,0.3063832,0.2991615,2024-04-17,14
2024-04-17 15:00:00,0.2172881,0.2114137,2024-04-17,15
2024-04-17 16:00:00,0.1552288,0.1490102,2024-04-17,16
2024-04-17 17:00:00,0.05474637,0.03985619,2024-04-17,17
2024-04-17 18:00:00,0.0,0.0,2024-04-17,18
2024-04-17 19:00:00,0.0,0.0,2024-04-17,19
2024-04-17 20:00:00,0.0,0.0,2024-04-17,20
2024-04-17 21:00:00,0.0,0.0,2024-04-17,21
2024-04-17 22:00:00,0.0,0.0,2024-04-17,22
2024-04-17 23:00:00,0.0,0.0,2024-04-17,23
2024-04-18 00:00:00,0.0,0.0,2024-04-18,0
2024-04-18 01:00:00,0.0,0.0,2024-04-18,1
2024-04-18 02:00:00,0.0,0.0,2024-04-18,2
2024-04-18 03:00:00,0.0,0.0,2024-04-18,3
2024-04-18 04:00:00,0.0,0.0,2024-04-18,4
2024-04-18 05:00:00,0.04440364,0.03364272,2024-04-18,5
2024-04-18 06:00:00,0.07671779,0.07438114,2024-04-18,6
2024-04-18 07:00:00,0.07602397,0.07384947,2024-04-18,7
2024-04-18 08:00:00,0.1737779,0.168978,2024-04-18,8
2024-04-18 09:00:00,0.2472355,0.240577,2024-04-18,9
2024-04-18 10:00:00,0.1319055,0.128222,2024-04-18,10
2024-04-18 11:00:00,0.1146105,0.1113923,2024-04-18,11
2024-04-18 12:00:00,0.1714789,0.1667473,2024-04-18,12
2024-04-18 13:00:00,0.11493,0.1117058,2024-04-18,13
2024-04-18 14:00:00,0.1497815,0.1456175,2024-04-18,14
2024-04-18 15:00:00,0.1859296,0.1807386,2024-04-18,15
2024-04-18 16:00:00,0.1215317,0.1175375,2024-04-18,16
2024-04-18 17:00:00,0.01358959,0.01309141,2024-04-18,17
2024-04-18 18:00:00,0.0,0.0,2024-04-18,18
2024-04-18 19:00:00,0.0,0.0,2024-04-18,19
2024-04-18 20:00:00,0.0,0.0,2024-04-18,20
2024-04-18 21:00:00,0.0,0.0,2024-04-18,21
2024-04-18 22:00:00,0.0,0.0,2024-04-18,22
2024-04-18 23:00:00,0.0,0.0,2024-04-18,23
2024-04-19 00:00:00,0.0,0.0,2024-04-19,0
2024-04-19 01:00:00,0.0,0.0,2024-04-19,1
2024-04-19 02:00:00,0.0,0.0,2024-04-19,2
2024-04-19 03:00:00,0.0,0.0,2024-04-19,3
2024-04-19 04:00:00,0.0,0.0,2024-04-19,4
2024-04-19 05:00:00,0.04544098,0.03509248,2024-04-19,5
2024-04-19 06:00:00,0.278042,0.2449363,2024-04-19,6
2024-04-19 07:00:00,0.5690034,0.5518999,2024-04-19,7
2024-04-19 08:00:00,0.7557316,0.7614502,2024-04-19,8
2024-04-19 09:00:00,0.8848067,0.9071228,2024-04-19,9
2024-04-19 10:00:00,1.037518,1.072933,2024-04-19,10
2024-04-19 11:00:00,1.001881,1.038106,2024-04-19,11
2024-04-19 12:00:00,1.034975,1.070519,2024-04-19,12
2024-04-19 13:00:00,1.002906,1.029523,2024-04-19,13
2024-04-19 14:00:00,0.7900813,0.7970836,2024-04-19,14
2024-04-19 15:00:00,0.5994645,0.582998,2024-04-19,15
2024-04-19 16:00:00,0.2785422,0.2484349,2024-04-19,16
2024-04-19 17:00:00,0.05992061,0.04022902,2024-04-19,17
2024-04-19 18:00:00,0.0,0.0,2024-04-19,18
2024-04-19 19:00:00,0.0,0.0,2024-04-19,19
2024-04-19 20:00:00,0.0,0.0,2024-04-19,20
2024-04-19 21:00:00,0.0,0.0,2024-04-19,21
2024-04-19 22:00:00,0.0,0.0,2024-04-19,22
2024-04-19 23:00:00,0.0,0.0,2024-04-19,23
2024-04-20 00:00:00,0.0,0.0,2024-04-20,0
2024-04-20 01:00:00,0.0,0.0,2024-04-20,1
2024-04-20 02:00:00,0.0,0.0,2024-04-20,2
2024-04-20 03:00:00,0.0,0.0,2024-04-20,3
2024-04-20 04:00:00,0.0,0.0,2024-04-20,4
2024-04-20 05:00:00,0.08904071,0.01622202,2024-04-20,5
2024-04-20 06:00:00,0.2365469,0.2133919,2024-04-20,6
2024-04-20 07:00:00,0.2937173,0.285383,2024-04-20,7
2024-04-20 08:00:00,0.4155937,0.4087132,2024-04-20,8
2024-04-20 09:00:00,0.9507664,0.9726495,2024-04-20,9
2024-04-20 10:00:00,0.983868,1.014687,2024-04-20,10
2024-04-20 11:00:00,0.7281929,0.7378777,2024-04-20,11
2024-04-20 12:00:00,0.8105874,0.8291973,2024-04-20,12
2024-04-20 13:00:00,0.8394591,0.8578479,2024-04-20,13
2024-04-20 14:00:00,0.3147191,0.3071357,2024-04-20,14
2024-04-20 15:00:00,0.4590998,0.4451282,2024-04-20,15
2024-04-20 16:00:00,0.2648293,0.2367321,2024-04-20,16
2024-04-20 17:00:00,0.05886599,0.04113362,2024-04-20,17
2024-04-20 18:00:00,0.0,0.0,2024-04-20,18
2024-04-20 19:00:00,0.0,0.0,2024-04-20,19
2024-04-20 20:00:00,0.0,0.0,2024-04-20,20
2024-04-20 21:00:00,0.0,0.0,2024-04-20,21
2024-04-20 22:00:00,0.0,0.0,2024-04-20,22
2024-04-20 23:00:00,0.0,0.0,2024-04-20,23
2024-04-21 00:00:00,0.0,0.0,2024-04-21,0
2024-04-21 01:00:00,0.0,0.0,2024-04-21,1
2024-04-21 02:00:00,0.0,0.0,2024-04-21,2
2024-04-21 03:00:00,0.0,0.0,2024-04-21,3
2024-04-21 04:00:00,0.0,0.0,2024-04-21,4
2024-04-21 05:00:00,0.06294331,0.03357556,2024-04-21,5
2024-04-21 06:00:00,0.09955411,0.09640846,2024-04-21,6
2024-04-21 07:00:00,0.1363306,0.1324301,2024-04-21,7
2024-04-21 08:00:00,0.1317064,0.1280059,2024-04-21,8
2024-04-21 09:00:00,0.5162631,0.511199,2024-04-21,9
2024-04-21 10:00:00,0.8207063,0.8384841,2024-04-21,10
2024-04-21 11:00:00,0.6810922,0.68507,2024-04-21,11
2024-04-21 12:00:00,0.4946019,0.4871595,2024-04-21,12
2024-04-21 13:00:00,0.5720816,0.5700853,2024-04-21,13
2024-04-21 14:00:00,0.4742174,0.4682458,2024-04-21,14
2024-04-21 15:00:00,0.2798271,0.2718255,2024-04-21,15
2024-04-21 16:00:00,0.2244373,0.2056651,2024-04-21,16
2024-04-21 17:00:00,0.06233273,0.04102692,2024-04-21,17
2024-04-21 18:00:00,0.0,0.0,2024-04-21,18
2024-04-21 19:00:00,0.0,0.0,2024-04-21,19
2024-04-21 20:00:00,0.0,0.0,2024-04-21,20
2024-04-21 21:00:00,0.0,0.0,2024-04-21,21
2024-04-21 22:00:00,0.0,0.0,2024-04-21,22
2024-04-21 23:00:00,0.0,0.0,2024-04-21,23
2024-04-22 00:00:00,0.0,0.0,2024-04-22,0
2024-04-22 01:00:00,0.0,0.0,2024-04-22,1
2024-04-22 02:00:00,0.0,0.0,2024-04-22,2
2024-04-22 03:00:00,0.0,0.0,2024-04-22,3
2024-04-22 04:00:00,0.0,0.0,2024-04-22,4
2024-04-22 05:00:00,0.07392821,0.02895696,2024-04-22,5
2024-04-22 06:00:00,0.1505267,0.1439791,2024-04-22,6
2024-04-22 07:00:00,0.2879216,0.2792718,2024-04-22,7
2024-04-22 08:00:00,0.6948911,0.6933804,2024-04-22,8
2024-04-22 09:00:00,0.8583316,0.8728766,2024-04-22,9
2024-04-22 10:00:00,0.9389075,0.9630073,2024-04-22,10
2024-04-22 11:00:00,0.7323516,0.7400987,2024-04-22,11
2024-04-22 12:00:00,0.9324368,0.9562802,2024-04-22,12
2024-04-22 13:00:00,0.8204076,0.833563,2024-04-22,13
2024-04-22 14:00:00,0.693716,0.6925733,2024-04-22,14
2024-04-22 15:00:00,0.4026746,0.3887727,2024-04-22,15
2024-04-22 16:00:00,0.2162552,0.1989108,2024-04-22,16
2024-04-22 17:00:00,0.08588704,0.02950623,2024-04-22,17
2024-04-22 18:00:00,0.0,0.0,2024-04-22,18
2024-04-22 19:00:00,0.0,0.0,2024-04-22,19
2024-04-22 20:00:00,0.0,0.0,2024-04-22,20
2024-04-22 21:00:00,0.0,0.0,2024-04-22,21
2024-04-22 22:00:00,0.0,0.0,2024-04-22,22
2024-04-22 23:00:00,0.0,0.0,2024-04-22,23
2024-04-23 00:00:00,0.0,0.0,2024-04-23,0
2024-04-23 01:00:00,0.0,0.0,2024-04-23,1
2024-04-23 02:00:00,0.0,0.0,2024-04-23,2
2024-04-23 03:00:00,0.0,0.0,2024-04-23,3
2024-04-23 04:00:00,0.0,0.0,2024-04-23,4
2024-04-23 05:00:00,0.06993487,0.03493857,2024-04-23,5
2024-04-23 06:00:00,0.3317895,0.2822666,2024-04-23,6
2024-04-23 07:00:00,0.5456637,0.5212796,2024-04-23,7
2024-04-23 08:00:00,0.7616702,0.758374,2024-04-23,8
2024-04-23 09:00:00,0.8797168,0.8927473,2024-04-23,9
2024-04-23 10:00:00,1.017695,1.04256,2024-04-23,10
2024-04-23 11:00:00,1.023685,1.051419,2024-04-23,11
2024-04-23 12:00:00,0.9497122,0.9722174,2024-04-23,12
2024-04-23 13:00:00,0.8214678,0.8326074,2024-04-23,13
2024-04-23 14:00:00,0.7964211,0.7934366,2024-04-23,14
2024-04-23 15:00:00,0.6149967,0.5879503,2024-04-23,15
2024-04-23 16:00:00,0.3835477,0.3266963,2024-04-23,16
2024-04-23 17:00:00,0.1105655,0.02686283,2024-04-23,17
2024-04-23 18:00:00,0.0,0.0,2024-04-23,18
2024-04-23 19:00:00,0.0,0.0,2024-04-23,19
2024-04-23 20:00:00,0.0,0.0,2024-04-23,20
2024-04-23 21:00:00,0.0,0.0,2024-04-23,21
2024-04-23 22:00:00,0.0,0.0,2024-04-23,22
2024-04-23 23:00:00,0.0,0.0,2024-04-23,23
2024-04-24 00:00:00,0.0,0.0,2024-04-24,0
2024-04-24 01:00:00,0.0,0.0,2024-04-24,1
2024-04-24 02:00:00,0.0,0.0,2024-04-24,2
2024-04-24 03:00:00,0.0,0.0,2024-04-24,3
2024-04-24 04:00:00,0.0,0.0,2024-04-24,4
2024-04-24 05:00:00,0.05763283,0.04225904,2024-04-24,5
2024-04-24 06:00:00,0.2678674,0.2337968,2024-04-24,6
2024-04-24 07:00:00,0.409578,0.3929099,2024-04-24,7
2024-04-24 08:00:00,0.6957225,0.6903089,2024-04-24,8
2024-04-24 09:00:00,0.8946257,0.9058052,2024-04-24,9
2024-04-24 10:00:00,0.8728546,0.8890559,2024-04-24,10
2024-04-24 11:00:00,0.988793,1.01285,2024-04-24,11
2024-04-24 12:00:00,1.032812,1.055808,2024-04-24,12
2024-04-24 13:00:00,0.9222165,0.93402,2024-04-24,13
2024-04-24 14:00:00,0.7367144,0.731554,2024-04-24,14
2024-04-24 15:00:00,0.5344936,0.5092764,2024-04-24,15
2024-04-24 16:00:00,0.2890665,0.2495276,2024-04-24,16
2024-04-24 17:00:00,0.07948357,0.03501306,2024-04-24,17
2024-04-24 18:00:00,0.0,0.0,2024-04-24,18
2024-04-24 19:00:00,0.0,0.0,2024-04-24,19
2024-04-24 20:00:00,0.0,0.0,2024-04-24,20
2024-04-24 21:00:00,0.0,0.0,2024-04-24,21
2024-04-24 22:00:00,0.0,0.0,2024-04-24,22
2024-04-24 23:00:00,0.0,0.0,2024-04-24,23
2024-04-25 00:00:00,0.0,0.0,2024-04-25,0
2024-04-25 01:00:00,0.0,0.0,2024-04-25,1
2024-04-25 02:00:00,0.0,0.0,2024-04-25,2
2024-04-25 03:00:00,0.0,0.0,2024-04-25,3
2024-04-25 04:00:00,0.0,0.0,2024-04-25,4
2024-04-25 05:00:00,0.09346785,0.0261045,2024-04-25,5
2024-04-25 06:00:00,0.2655598,0.2317042,2024-04-25,6
2024-04-25 07:00:00,0.4349063,0.4152439,2024-04-25,7
2024-04-25 08:00:00,0.3433861,0.3349119,2024-04-25,8
2024-04-25 09:00:00,0.2985428,0.2905967,2024-04-25,9
2024-04-25 10:00:00,0.4277173,0.4183289,2024-04-25,10
2024-04-25 11:00:00,0.6201758,0.6165082,2024-04-25,11
2024-04-25 12:00:00,0.7389657,0.7440224,2024-04-25,12
2024-04-25 13:00:00,0.4789791,0.4709277,2024-04-25,13
2024-04-25 14:00:00,0.5281122,0.5198347,2024-04-25,14
2024-04-25 15:00:00,0.3041918,0.2940753,2024-04-25,15
2024-04-25 16:00:00,0.1174507,0.1134816,2024-04-25,16
2024-04-25 17:00:00,0.02337869,0.02238492,2024-04-25,17
2024-04-25 18:00:00,0.0,0.0,2024-04-25,18
2024-04-25 19:00:00,0.0,0.0,2024-04-25,19
2024-04-25 20:00:00,0.0,0.0,2024-04-25,20
2024-04-25 21:00:00,0.0,0.0,2024-04-25,21
2024-04-25 22:00:00,0.0,0.0,2024-04-25,22
2024-04-25 23:00:00,0.0,0.0,2024-04-25,23
2024-04-26 00:00:00,0.0,0.0,2024-04-26,0
2024-04-26 01:00:00,0.0,0.0,2024-04-26,1
2024-04-26 02:00:00,0.0,0.0,2024-04-26,2
2024-04-26 03:00:00,0.0,0.0,2024-04-26,3
2024-04-26 04:00:00,0.0,0.0,2024-04-26,4
2024-04-26 05:00:00,0.06677192,0.04404753,2024-04-26,5
2024-04-26 06:00:00,0.2488796,0.220048,2024-04-26,6
2024-04-26 07:00:00,0.4454328,0.4237691,2024-04-26,7
2024-04-26 08:00:00,0.5469598,0.5377881,2024-04-26,8
2024-04-26 09:00:00,0.7827444,0.7865644,2024-04-26,9
2024-04-26 10:00:00,1.047537,1.066126,2024-04-26,10
2024-04-26 11:00:00,1.052364,1.074007,2024-04-26,11
2024-04-26 12:00:00,1.006579,1.024252,2024-04-26,12
2024-04-26 13:00:00,0.8819673,0.8885739,2024-04-26,13
2024-04-26 14:00:00,0.7438093,0.7342563,2024-04-26,14
2024-04-26 15:00:00,0.587808,0.5552266,2024-04-26,15
2024-04-26 16:00:00,0.2594493,0.227087,2024-04-26,16
2024-04-26 17:00:00,0.07911382,0.03746484,2024-04-26,17
2024-04-26 18:00:00,0.0,0.0,2024-04-26,18
2024-04-26 19:00:00,0.0,0.0,2024-04-26,19
2024-04-26 20:00:00,0.0,0.0,2024-04-26,20
2024-04-26 21:00:00,0.0,0.0,2024-04-26,21
2024-04-26 22:00:00,0.0,0.0,2024-04-26,22
2024-04-26 23:00:00,0.0,0.0,2024-04-26,23
2024-04-27 00:00:00,0.0,0.0,2024-04-27,0
2024-04-27 01:00:00,0.0,0.0,2024-04-27,1
2024-04-27 02:00:00,0.0,0.0,2024-04-27,2
2024-04-27 03:00:00,0.0,0.0,2024-04-27,3
2024-04-27 04:00:00,0.0,0.0,2024-04-27,4
2024-04-27 05:00:00,0.05264903,0.04492133,2024-04-27,5
2024-04-27 06:00:00,0.1235253,0.119191,2024-04-27,6
2024-04-27 07:00:00,0.1394873,0.1354326,2024-04-27,7
2024-04-27 08:00:00,0.2211414,0.2149584,2024-04-27,8
2024-04-27 09:00:00,0.4650506,0.4561515,2024-04-27,9
2024-04-27 10:00:00,0.402271,0.3926883,2024-04-27,10
2024-04-27 11:00:00,0.3282457,0.3195284,2024-04-27,11
2024-04-27 12:00:00,0.481215,0.4720178,2024-04-27,12
2024-04-27 13:00:00,0.4288695,0.4196717,2024-04-27,13
2024-04-27 14:00:00,0.3375157,0.3288409,2024-04-27,14
2024-04-27 15:00:00,0.4036702,0.384841,2024-04-27,15
2024-04-27 16:00:00,0.2483671,0.2189831,2024-04-27,16
2024-04-27 17:00:00,0.08988948,0.03140483,2024-04-27,17
2024-04-27 18:00:00,0.0,0.0,2024-04-27,18
2024-04-27 19:00:00,0.0,0.0,2024-04-27,19
2024-04-27 20:00:00,0.0,0.0,2024-04-27,20
2024-04-27 21:00:00,0.0,0.0,2024-04-27,21
2024-04-27 22:00:00,0.0,0.0,2024-04-27,22
2024-04-27 23:00:00,0.0,0.0,2024-04-27,23
2024-04-28 00:00:00,0.0,0.0,2024-04-28,0
2024-04-28 01:00:00,0.0,0.0,2024-04-28,1
2024-04-28 02:00:00,0.0,0.0,2024-04-28,2
2024-04-28 03:00:00,0.0,0.0,2024-04-28,3
2024-04-28 04:00:00,0.0,0.0,2024-04-28,4
2024-04-28 05:00:00,0.04690047,0.0425263,2024-04-28,5
2024-04-28 06:00:00,0.2301797,0.2069203,2024-04-28,6
2024-04-28 07:00:00,0.1944827,0.1887356,2024-04-28,7
2024-04-28 08:00:00,0.1264924,0.1228971,2024-04-28,8
2024-04-28 09:00:00,0.5871816,0.5806857,2024-04-28,9
2024-04-28 10:00:00,0.7929928,0.7976713,2024-04-28,10
2024-04-28 11:00:00,0.8721073,0.8822739,2024-04-28,11
2024-04-28 12:00:00,1.017645,1.031025,2024-04-28,12
2024-04-28 13:00:00,0.8739115,0.8761405,2024-04-28,13
2024-04-28 14:00:00,0.7536774,0.7397209,2024-04-28,14
2024-04-28 15:00:00,0.5911456,0.5540186,2024-04-28,15
2024-04-28 16:00:00,0.2883525,0.2443488,2024-04-28,16
2024-04-28 17:00:00,0.0732443,0.04322996,2024-04-28,17
2024-04-28 18:00:00,0.0,0.0,2024-04-28,18
2024-04-28 19:00:00,0.0,0.0,2024-04-28,19
2024-04-28 20:00:00,0.0,0.0,2024-04-28,20
2024-04-28 21:00:00,0.0,0.0,2024-04-28,21
2024-04-28 22:00:00,0.0,0.0,2024-04-28,22
2024-04-28 23:00:00,0.0,0.0,2024-04-28,23
2024-04-29 00:00:00,0.0,0.0,2024-04-29,0
2024-04-29 01:00:00,0.0,0.0,2024-04-29,1
2024-04-29 02:00:00,0.0,0.0,2024-04-29,2
2024-04-29 03:00:00,0.0,0.0,2024-04-29,3
2024-04-29 04:00:00,2.65154e-06,0.0,2024-04-29,4
2024-04-29 05:00:00,0.02531912,0.02425625,2024-04-29,5
2024-04-29 06:00:00,0.1249578,0.1205332,2024-04-29,6
2024-04-29 07:00:00,0.207097,0.2008897,2024-04-29,7
2024-04-29 08:00:00,0.6590697,0.6452016,2024-04-29,8
2024-04-29 09:00:00,0.4984681,0.4893772,2024-04-29,9
2024-04-29 10:00:00,0.6291028,0.6237356,2024-04-29,10
2024-04-29 11:00:00,0.7297923,0.7297887,2024-04-29,11
2024-04-29 12:00:00,0.6332471,0.6280703,2024-04-29,12
2024-04-29 13:00:00,0.4828368,0.4735558,2024-04-29,13
2024-04-29 14:00:00,0.4908791,0.4794314,2024-04-29,14
2024-04-29 15:00:00,0.2075104,0.201267,2024-04-29,15
2024-04-29 16:00:00,0.1985847,0.183343,2024-04-29,16
2024-04-29 17:00:00,0.04965168,0.04382413,2024-04-29,17
2024-04-29 18:00:00,0.0,0.0,2024-04-29,18
2024-04-29 19:00:00,0.0,0.0,2024-04-29,19
2024-04-29 20:00:00,0.0,0.0,2024-04-29,20
2024-04-29 21:00:00,0.0,0.0,2024-04-29,21
2024-04-29 22:00:00,0.0,0.0,2024-04-29,22
2024-04-29 23:00:00,0.0,0.0,2024-04-29,23
2024-04-30 00:00:00,0.0,0.0,2024-04-30,0
2024-04-30 01:00:00,0.0,0.0,2024-04-30,1
2024-04-30 02:00:00,0.0,0.0,2024-04-30,2
2024-04-30 03:00:00,0.0,0.0,2024-04-30,3
2024-04-30 04:00:00,4.00089e-05,0.0,2024-04-30,4
2024-04-30 05:00:00,0.1250634,0.0308608,2024-04-30,5
2024-04-30 06:00:00,0.3608412,0.2957487,2024-04-30,6
2024-04-30 07:00:00,0.4927416,0.4614232,2024-04-30,7
2024-04-30 08:00:00,0.6900848,0.673969,2024-04-30,8
2024-04-30 09:00:00,0.8359873,0.8340059,2024-04-30,9
2024-04-30 10:00:00,1.004804,1.013779,2024-04-30,10
2024-04-30 11:00:00,1.174922,1.189695,2024-04-30,11
2024-04-30 12:00:00,1.008152,1.017029,2024-04-30,12
2024-04-30 13:00:00,0.9512424,0.949561,2024-04-30,13
2024-04-30 14:00:00,0.8276963,0.8077979,2024-04-30,14
2024-04-30 15:00:00,0.5509973,0.5128941,2024-04-30,15
2024-04-30 16:00:00,0.3775566,0.3073809,2024-04-30,16
2024-04-30 17:00:00,0.09678137,0.03032794,2024-04-30,17
2024-04-30 18:00:00,0.0,0.0,2024-04-30,18
2024-04-30 19:00:00,0.0,0.0,2024-04-30,19
2024-04-30 20:00:00,0.0,0.0,2024-04-30,20
2024-04-30 21:00:00,0.0,0.0,2024-04-30,21
2024-04-30 22:00:00,0.0,0.0,2024-04-30,22
2024-04-30 23:00:00,0.0,0.0,2024-04-30,23
2024-05-01 00:00:00,0.0,0.0,2024-05-01,0
2024-05-01 01:00:00,0.0,0.0,2024-05-01,1
2024-05-01 02:00:00,0.0,0.0,2024-05-01,2
2024-05-01 03:00:00,0.0,0.0,2024-05-01,3
2024-05-01 04:00:00,0.000111433,0.0,2024-05-01,4
2024-05-01 05:00:00,0.1003654,0.0382866,2024-05-01,5
2024-05-01 06:00:00,0.3651464,0.2978059,2024-05-01,6
2024-05-01 07:00:00,0.6116509,0.5678532,2024-05-01,7
2024-05-01 08:00:00,0.7542563,0.7347474,2024-05-01,8
2024-05-01 09:00:00,0.7743307,0.7697206,2024-05-01,9
2024-05-01 10:00:00,0.9260323,0.9314412,2024-05-01,10
2024-05-01 11:00:00,0.984489,0.9938171,2024-05-01,11
2024-05-01 12:00:00,1.050006,1.057187,2024-05-01,12
2024-05-01 13:00:00,0.8919492,0.8881464,2024-05-01,13
2024-05-01 14:00:00,0.6647869,0.647192,2024-05-01,14
2024-05-01 15:00:00,0.5304878,0.4925817,2024-05-01,15
2024-05-01 16:00:00,0.3149444,0.2585909,2024-05-01,16
2024-05-01 17:00:00,0.119528,0.02438612,2024-05-01,17
2024-05-01 18:00:00,8.74685e-06,0.0,2024-05-01,18
2024-05-01 19:00:00,0.0,0.0,2024-05-01,19
2024-05-01 20:00:00,0.0,0.0,2024-05-01,20
2024-05-01 21:00:00,0.0,0.0,2024-05-01,21
2024-05-01 22:00:00,0.0,0.0,2024-05-01,22
2024-05-01 23:00:00,0.0,0.0,2024-05-01,23
2024-05-02 00:00:00,0.0,0.0,2024-05-02,0
2024-05-02 01:00:00,0.0,0.0,2024-05-02,1
2024-05-02 02:00:00,0.0,0.0,2024-05-02,2
2024-05-02 03:00:00,0.0,0.0,2024-05-02,3
2024-05-02 04:00:00,0.000205212,0.0,2024-05-02,4
2024-05-02 05:00:00,0.0425442,0.04010975,2024-05-02,5
2024-05-02 06:00:00,0.1213416,0.1171283,2024-05-02,6
2024-05-02 07:00:00,0.1720636,0.1669676,2024-05-02,7
2024-05-02 08:00:00,0.4329152,0.4212972,2024-05-02,8
2024-05-02 09:00:00,0.6344307,0.6259645,2024-05-02,9
2024-05-02 10:00:00,0.9209196,0.924376,2024-05-02,10
2024-05-02 11:00:00,0.5812317,0.5725074,2024-05-02,11
2024-05-02 12:00:00,0.7417425,0.7388228,2024-05-02,12
2024-05-02 13:00:00,0.6797953,0.6719853,2024-05-02,13
2024-05-02 14:00:00,0.6623476,0.6432316,2024-05-02,14
2024-05-02 15:00:00,0.4283178,0.4019382,2024-05-02,15
2024-05-02 16:00:00,0.2423376,0.2125116,2024-05-02,16
2024-05-02 17:00:00,0.1034808,0.02859069,2024-05-02,17
2024-05-02 18:00:00,3.09829e-05,0.0,2024-05-02,18
2024-05-02 19:00:00,0.0,0.0,2024-05-02,19
2024-05-02 20:00:00,0.0,0.0,2024-05-02,20
2024-05-02 21:00:00,0.0,0.0,2024-05-02,21
2024-05-02 22:00:00,0.0,0.0,2024-05-02,22
2024-05-02 23:00:00,0.0,0.0,2024-05-02,23
2024-05-03 00:00:00,0.0,0.0,2024-05-03,0
2024-05-03 01:00:00,0.0,0.0,2024-05-03,1
2024-05-03 02:00:00,0.0,0.0,2024-05-03,2
2024-05-03 03:00:00,0.0,0.0,2024-05-03,3
2024-05-03 04:00:00,0.00043558,0.0,2024-05-03,4
2024-05-03 05:00:00,0.1009438,0.04291607,2024-05-03,5
2024-05-03 06:00:00,0.15058,0.1440448,2024-05-03,6
2024-05-03 07:00:00,0.3731742,0.3542596,2024-05-03,7
2024-05-03 08:00:00,0.311794,0.3031045,2024-05-03,8
2024-05-03 09:00:00,0.2743797,0.2667846,2024-05-03,9
2024-05-03 10:00:00,0.3016001,0.2933504,2024-05-03,10
2024-05-03 11:00:00,0.159796,0.1552986,2024-05-03,11
2024-05-03 12:00:00,0.4260145,0.4157527,2024-05-03,12
2024-05-03 13:00:00,0.4283326,0.4180895,2024-05-03,13
2024-05-03 14:00:00,0.5407516,0.5248874,2024-05-03,14
2024-05-03 15:00:00,0.3444008,0.3281521,2024-05-03,15
2024-05-03 16:00:00,0.2447716,0.2136198,2024-05-03,16
2024-05-03 17:00:00,0.07760212,0.04693831,2024-05-03,17
2024-05-03 18:00:00,4.02673e-05,0.0,2024-05-03,18
2024-05-03 19:00:00,0.0,0.0,2024-05-03,19
2024-05-03 20:00:00,0.0,0.0,2024-05-03,20
2024-05-03 21:00:00,0.0,0.0,2024-05-03,21
2024-05-03 22:00:00,0.0,0.0,2024-05-03,22
2024-05-03 23:00:00,0.0,0.0,2024-05-03,23
2024-05-04 00:00:00,0.0,0.0,2024-05-04,0
2024-05-04 01:00:00,0.0,0.0,2024-05-04,1
2024-05-04 02:00:00,0.0,0.0,2024-05-04,2
2024-05-04 03:00:00,0.0,0.0,2024-05-04,3
2024-05-04 04:00:00,0.000451387,0.0,2024-05-04,4
2024-05-04 05:00:00,0.06524964,0.05447555,2024-05-04,5
2024-05-04 06:00:00,0.2246158,0.2026254,2024-05-04,6
2024-05-04 07:00:00,0.2116817,0.2051512,2024-05-04,7
2024-05-04 08:00:00,0.2210356,0.2147453,2024-05-04,8
2024-05-04 09:00:00,0.3488551,0.3395928,2024-05-04,9
2024-05-04 10:00:00,0.6035354,0.5944833,2024-05-04,10
2024-05-04 11:00:00,0.6667705,0.6596799,2024-05-04,11
2024-05-04 12:00:00,0.4227029,0.4123713,2024-05-04,12
2024-05-04 13:00:00,0.1948321,0.1893497,2024-05-04,13
2024-05-04 14:00:00,0.1535527,0.1491612,2024-05-04,14
2024-05-04 15:00:00,0.1389461,0.1348354,2024-05-04,15
2024-05-04 16:00:00,0.1855809,0.1727518,2024-05-04,16
2024-05-04 17:00:00,0.01631039,0.01570586,2024-05-04,17
2024-05-04 18:00:00,4.65306e-05,0.0,2024-05-04,18
2024-05-04 19:00:00,0.0,0.0,2024-05-04,19
2024-05-04 20:00:00,0.0,0.0,2024-05-04,20
2024-05-04 21:00:00,0.0,0.0,2024-05-04,21
2024-05-04 22:00:00,0.0,0.0,2024-05-04,22
2024-05-04 23:00:00,0.0,0.0,2024-05-04,23
2024-05-05 00:00:00,0.0,0.0,2024-05-05,0
2024-05-05 01:00:00,0.0,0.0,2024-05-05,1
2024-05-05 02:00:00,0.0,0.0,2024-05-05,2
2024-05-05 03:00:00,0.0,0.0,2024-05-05,3
2024-05-05 04:00:00,0.000737124,0.0,2024-05-05,4
2024-05-05 05:00:00,0.08083661,0.05638845,2024-05-05,5
2024-05-05 06:00:00,0.2698328,0.2310135,2024-05-05,6
2024-05-05 07:00:00,0.3324453,0.3174841,2024-05-05,7
2024-05-05 08:00:00,0.4898466,0.4750337,2024-05-05,8
2024-05-05 09:00:00,0.3462803,0.3370153,2024-05-05,9
2024-05-05 10:00:00,0.2167815,0.2107227,2024-05-05,10
2024-05-05 11:00:00,0.5142116,0.5035475,2024-05-05,11
2024-05-05 12:00:00,0.1731276,0.1682533,2024-05-05,12
2024-05-05 13:00:00,0.4951242,0.4840098,2024-05-05,13
2024-05-05 14:00:00,0.451036,0.4374823,2024-05-05,14
2024-05-05 15:00:00,0.3139318,0.3002999,2024-05-05,15
2024-05-05 16:00:00,0.2389506,0.2093665,2024-05-05,16
2024-05-05 17:00:00,0.08110357,0.04766261,2024-05-05,17
2024-05-05 18:00:00,0.000156148,0.0,2024-05-05,18
2024-05-05 19:00:00,0.0,0.0,2024-05-05,19
2024-05-05 20:00:00,0.0,0.0,2024-05-05,20
2024-05-05 21:00:00,0.0,0.0,2024-05-05,21
2024-05-05 22:00:00,0.0,0.0,2024-05-05,22
2024-05-05 23:00:00,0.0,0.0,2024-05-05,23
2024-05-06 00:00:00,0.0,0.0,2024-05-06,0
2024-05-06 01:00:00,0.0,0.0,2024-05-06,1
2024-05-06 02:00:00,0.0,0.0,2024-05-06,2
2024-05-06 03:00:00,0.0,0.0,2024-05-06,3
2024-05-06 04:00:00,0.000863573,0.0,2024-05-06,4
2024-05-06 05:00:00,0.1002231,0.05009891,2024-05-06,5
2024-05-06 06:00:00,0.1594291,0.1518797,2024-05-06,6
2024-05-06 07:00:00,0.213704,0.2070348,2024-05-06,7
2024-05-06 08:00:00,0.286272,0.2781196,2024-05-06,8
2024-05-06 09:00:00,0.4655689,0.4544599,2024-05-06,9
2024-05-06 10:00:00,0.3678741,0.3581508,2024-05-06,10
2024-05-06 11:00:00,0.4403152,0.4296013,2024-05-06,11
2024-05-06 12:00:00,0.6438591,0.634537,2024-05-06,12
2024-05-06 13:00:00,0.3310868,0.3220878,2024-05-06,13
2024-05-06 14:00:00,0.4626657,0.4481821,2024-05-06,14
2024-05-06 15:00:00,0.4274777,0.3976699,2024-05-06,15
2024-05-06 16:00:00,0.2425684,0.2112587,2024-05-06,16
2024-05-06 17:00:00,0.06647976,0.05201972,2024-05-06,17
2024-05-06 18:00:00,7.94493e-05,0.0,2024-05-06,18
2024-05-06 19:00:00,0.0,0.0,2024-05-06,19
2024-05-06 20:00:00,0.0,0.0,2024-05-06,20
2024-05-06 21:00:00,0.0,0.0,2024-05-06,21
2024-05-06 22:00:00,0.0,0.0,2024-05-06,22
2024-05-06 23:00:00,0.0,0.0,2024-05-06,23
2024-05-07 00:00:00,0.0,0.0,2024-05-07,0
2024-05-07 01:00:00,0.0,0.0,2024-05-07,1
2024-05-07 02:00:00,0.0,0.0,2024-05-07,2
2024-05-07 03:00:00,0.0,0.0,2024-05-07,3
2024-05-07 04:00:00,0.000845057,0.0,2024-05-07,4
2024-05-07 05:00:00,0.09443429,0.0550799,2024-05-07,5
2024-05-07 06:00:00,0.05622903,0.05449497,2024-05-07,6
2024-05-07 07:00:00,0.3671912,0.3474078,2024-05-07,7
2024-05-07 08:00:00,0.5957145,0.5740657,2024-05-07,8
2024-05-07 09:00:00,0.6038328,0.5914491,2024-05-07,9
2024-05-07 10:00:00,0.4190444,0.4084888,2024-05-07,10
2024-05-07 11:00:00,0.4296003,0.4189016,2024-05-07,11
2024-05-07 12:00:00,0.3871333,0.377035,2024-05-07,12
2024-05-07 13:00:00,0.475888,0.4643893,2024-05-07,13
2024-05-07 14:00:00,0.3718526,0.3608293,2024-05-07,14
2024-05-07 15:00:00,0.4807932,0.4410702,2024-05-07,15
2024-05-07 16:00:00,0.3326096,0.2633298,2024-05-07,16
2024-05-07 17:00:00,0.1126583,0.02913555,2024-05-07,17
2024-05-07 18:00:00,0.00032469,0.0,2024-05-07,18
2024-05-07 19:00:00,0.0,0.0,2024-05-07,19
2024-05-07 20:00:00,0.0,0.0,2024-05-07,20
2024-05-07 21:00:00,0.0,0.0,2024-05-07,21
2024-05-07 22:00:00,0.0,0.0,2024-05-07,22
2024-05-07 23:00:00,0.0,0.0,2024-05-07,23
2024-05-08 00:00:00,0.0,0.0,2024-05-08,0
2024-05-08 01:00:00,0.0,0.0,2024-05-08,1
2024-05-08 02:00:00,0.0,0.0,2024-05-08,2
2024-05-08 03:00:00,0.0,0.0,2024-05-08,3
2024-05-08 04:00:00,0.00106664,0.0,2024-05-08,4
2024-05-08 05:00:00,0.03134658,0.03003158,2024-05-08,5
2024-05-08 06:00:00,0.09435356,0.09129003,2024-05-08,6
2024-05-08 07:00:00,0.132688,0.1287486,2024-05-08,7
2024-05-08 08:00:00,0.08040109,0.07808246,2024-05-08,8
2024-05-08 09:00:00,0.04030352,0.0391391,2024-05-08,9
2024-05-08 10:00:00,0.006501549,0.006312016,2024-05-08,10
2024-05-08 11:00:00,0.03134193,0.03043513,2024-05-08,11
2024-05-08 12:00:00,0.03127038,0.03036557,2024-05-08,12
2024-05-08 13:00:00,0.2471496,0.2401952,2024-05-08,13
2024-05-08 14:00:00,0.1104987,0.1073158,2024-05-08,14
2024-05-08 15:00:00,0.1649377,0.1599741,2024-05-08,15
2024-05-08 16:00:00,0.0823673,0.0797106,2024-05-08,16
2024-05-08 17:00:00,0.0581507,0.05070385,2024-05-08,17
2024-05-08 18:00:00,0.000290643,0.0,2024-05-08,18
2024-05-08 19:00:00,0.0,0.0,2024-05-08,19
2024-05-08 20:00:00,0.0,0.0,2024-05-08,20
2024-05-08 21:00:00,0.0,0.0,2024-05-08,21
2024-05-08 22:00:00,0.0,0.0,2024-05-08,22
2024-05-08 23:00:00,0.0,0.0,2024-05-08,23
2024-05-09 00:00:00,0.0,0.0,2024-05-09,0
2024-05-09 01:00:00,0.0,0.0,2024-05-09,1
2024-05-09 02:00:00,0.0,0.0,2024-05-09,2
2024-05-09 03:00:00,0.0,0.0,2024-05-09,3
2024-05-09 04:00:00,0.000921682,0.0,2024-05-09,4
2024-05-09 05:00:00,0.06122233,0.05505127,2024-05-09,5
2024-05-09 06:00:00,0.1813767,0.1703993,2024-05-09,6
2024-05-09 07:00:00,0.475032,0.4364428,2024-05-09,7
2024-05-09 08:00:00,0.6891369,0.6593838,2024-05-09,8
2024-05-09 09:00:00,0.6620402,0.6476722,2024-05-09,9
2024-05-09 10:00:00,0.6707569,0.6600059,2024-05-09,10
2024-05-09 11:00:00,1.050165,1.044921,2024-05-09,11
2024-05-09 12:00:00,1.006629,0.9977374,2024-05-09,12
2024-05-09 13:00:00,0.9307969,0.9111595,2024-05-09,13
2024-05-09 14:00:00,0.8358233,0.7968684,2024-05-09,14
2024-05-09 15:00:00,0.6291792,0.5672088,2024-05-09,15
2024-05-09 16:00:00,0.327426,0.2580098,2024-05-09,16
2024-05-09 17:00:00,0.1103351,0.03317358,2024-05-09,17
2024-05-09 18:00:00,0.000497188,0.0,2024-05-09,18
2024-05-09 19:00:00,0.0,0.0,2024-05-09,19
2024-05-09 20:00:00,0.0,0.0,2024-05-09,20
2024-05-09 21:00:00,0.0,0.0,2024-05-09,21
2024-05-09 22:00:00,0.0,0.0,2024-05-09,22
2024-05-09 23:00:00,0.0,0.0,2024-05-09,23
2024-05-10 00:00:00,0.0,0.0,2024-05-10,0
2024-05-10 01:00:00,0.0,0.0,2024-05-10,1
2024-05-10 02:00:00,0.0,0.0,2024-05-10,2
2024-05-10 03:00:00,0.0,0.0,2024-05-10,3
2024-05-10 04:00:00,0.001186506,0.0,2024-05-10,4
2024-05-10 05:00:00,0.1005808,0.05725236,2024-05-10,5
2024-05-10 06:00:00,0.2081864,0.190964,2024-05-10,6
2024-05-10 07:00:00,0.4204428,0.3908363,2024-05-10,7
2024-05-10 08:00:00,0.7636471,0.7280587,2024-05-10,8
2024-05-10 09:00:00,0.8694698,0.8502511,2024-05-10,9
2024-05-10 10:00:00,0.8975751,0.8876764,2024-05-10,10
2024-05-10 11:00:00,0.7746645,0.7655876,2024-05-10,11
2024-05-10 12:00:00,0.9378319,0.9275592,2024-05-10,12
2024-05-10 13:00:00,0.814382,0.7956008,2024-05-10,13
2024-05-10 14:00:00,0.6545588,0.624507,2024-05-10,14
2024-05-10 15:00:00,0.4342917,0.4001072,2024-05-10,15
2024-05-10 16:00:00,0.1966333,0.1806696,2024-05-10,16
2024-05-10 17:00:00,0.06752031,0.05463596,2024-05-10,17
2024-05-10 18:00:00,0.000372824,0.0,2024-05-10,18
2024-05-10 19:00:00,0.0,0.0,2024-05-10,19
2024-05-10 20:00:00,0.0,0.0,2024-05-10,20
2024-05-10 21:00:00,0.0,0.0,2024-05-10,21
2024-05-10 22:00:00,0.0,0.0,2024-05-10,22
2024-05-10 23:00:00,0.0,0.0,2024-05-10,23
2024-05-11 00:00:00,0.0,0.0,2024-05-11,0
2024-05-11 01:00:00,0.0,0.0,2024-05-11,1
2024-05-11 02:00:00,0.0,0.0,2024-05-11,2
2024-05-11 03:00:00,0.0,0.0,2024-05-11,3
2024-05-11 04:00:00,0.002211931,0.0,2024-05-11,4
2024-05-11 05:00:00,0.1200364,0.04801631,2024-05-11,5
2024-05-11 06:00:00,0.3062429,0.2497356,2024-05-11,6
2024-05-11 07:00:00,0.546711,0.4941118,2024-05-11,7
2024-05-11 08:00:00,0.7774291,0.7394916,2024-05-11,8
2024-05-11 09:00:00,1.017933,0.9935666,2024-05-11,9
2024-05-11 10:00:00,1.07084,1.058157,2024-05-11,10
2024-05-11 11:00:00,0.9089157,0.9001988,2024-05-11,11
2024-05-11 12:00:00,1.043023,1.030194,2024-05-11,12
2024-05-11 13:00:00,0.9073359,0.8847354,2024-05-11,13
2024-05-11 14:00:00,0.6929904,0.6588234,2024-05-11,14
2024-05-11 15:00:00,0.5211999,0.4699293,2024-05-11,15
2024-05-11 16:00:00,0.298713,0.2400937,2024-05-11,16
2024-05-11 17:00:00,0.08313879,0.05399374,2024-05-11,17
2024-05-11 18:00:00,0.00086287,0.0,2024-05-11,18
2024-05-11 19:00:00,0.0,0.0,2024-05-11,19
2024-05-11 20:00:00,0.0,0.0,2024-05-11,20
2024-05-11 21:00:00,0.0,0.0,2024-05-11,21
2024-05-11 22:00:00,0.0,0.0,2024-05-11,22
2024-05-11 23:00:00,0.0,0.0,2024-05-11,23
2024-05-12 00:00:00,0.0,0.0,2024-05-12,0
2024-05-12 01:00:00,0.0,0.0,2024-05-12,1
2024-05-12 02:00:00,0.0,0.0,2024-05-12,2
2024-05-12 03:00:00,0.0,0.0,2024-05-12,3
2024-05-12 04:00:00,0.001371016,0.0,2024-05-12,4
2024-05-12 05:00:00,0.009922786,0.009600786,2024-05-12,5
2024-05-12 06:00:00,0.1283099,0.1236639,2024-05-12,6
2024-05-12 07:00:00,0.1366236,0.1325361,2024-05-12,7
2024-05-12 08:00:00,0.2257607,0.2192282,2024-05-12,8
2024-05-12 09:00:00,0.3793618,0.368988,2024-05-12,9
2024-05-12 10:00:00,0.3252329,0.3162422,2024-05-12,10
2024-05-12 11:00:00,0.5004458,0.4885504,2024-05-12,11
2024-05-12 12:00:00,0.2777379,0.2699625,2024-05-12,12
2024-05-12 13:00:00,0.1450791,0.1409356,2024-05-12,13
2024-05-12 14:00:00,0.0468009,0.04544485,2024-05-12,14
2024-05-12 15:00:00,0.06210205,0.06027748,2024-05-12,15
2024-05-12 16:00:00,0.1691235,0.1593458,2024-05-12,16
2024-05-12 17:00:00,0.04724453,0.04429964,2024-05-12,17
2024-05-12 18:00:00,0.000187998,0.0,2024-05-12,18
2024-05-12 19:00:00,0.0,0.0,2024-05-12,19
2024-05-12 20:00:00,0.0,0.0,2024-05-12,20
2024-05-12 21:00:00,0.0,0.0,2024-05-12,21
2024-05-12 22:00:00,0.0,0.0,2024-05-12,22
2024-05-12 23:00:00,0.0,0.0,2024-05-12,23
2024-05-13 00:00:00,0.0,0.0,2024-05-13,0
2024-05-13 01:00:00,0.0,0.0,2024-05-13,1
2024-05-13 02:00:00,0.0,0.0,2024-05-13,2
2024-05-13 03:00:00,0.0,0.0,2024-05-13,3
2024-05-13 04:00:00,0.003738324,0.0,2024-05-13,4
2024-05-13 05:00:00,0.1162871,0.05337089,2024-05-13,5
2024-05-13 06:00:00,0.268671,0.2286835,2024-05-13,6
2024-05-13 07:00:00,0.3246215,0.3088605,2024-05-13,7
2024-05-13 08:00:00,0.4597894,0.443211,2024-05-13,8
2024-05-13 09:00:00,0.7721756,0.7512845,2024-05-13,9
2024-05-13 10:00:00,0.778281,0.7647622,2024-05-13,10
2024-05-13 11:00:00,1.012104,1.000198,2024-05-13,11
2024-05-13 12:00:00,0.8358894,0.8218464,2024-05-13,12
2024-05-13 13:00:00,0.5081044,0.494432,2024-05-13,13
2024-05-13 14:00:00,0.5357626,0.512646,2024-05-13,14
2024-05-13 15:00:00,0.3249019,0.3081811,2024-05-13,15
2024-05-13 16:00:00,0.1559398,0.1482445,2024-05-13,16
2024-05-13 17:00:00,0.03686091,0.03513435,2024-05-13,17
2024-05-13 18:00:00,0.000482069,0.0,2024-05-13,18
2024-05-13 19:00:00,0.0,0.0,2024-05-13,19
2024-05-13 20:00:00,0.0,0.0,2024-05-13,20
2024-05-13 21:00:00,0.0,0.0,2024-05-13,21
2024-05-13 22:00:00,0.0,0.0,2024-05-13,22
2024-05-13 23:00:00,0.0,0.0,2024-05-13,23
2024-05-14 00:00:00,0.0,0.0,2024-05-14,0
2024-05-14 01:00:00,0.0,0.0,2024-05-14,1
2024-05-14 02:00:00,0.0,0.0,2024-05-14,2
2024-05-14 03:00:00,0.0,0.0,2024-05-14,3
2024-05-14 04:00:00,0.002429253,0.0,2024-05-14,4
2024-05-14 05:00:00,0.06865818,0.06069313,2024-05-14,5
2024-05-14 06:00:00,0.2443442,0.2146388,2024-05-14,6
2024-05-14 07:00:00,0.5242795,0.4718924,2024-05-14,7
2024-05-14 08:00:00,0.5752356,0.5489903,2024-05-14,8
2024-05-14 09:00:00,0.7767978,0.754578,2024-05-14,9
2024-05-14 10:00:00,1.087838,1.069547,2024-05-14,10
2024-05-14 11:00:00,0.7074802,0.694615,2024-05-14,11
2024-05-14 12:00:00,0.7129729,0.6987095,2024-05-14,12
2024-05-14 13:00:00,0.8240885,0.7994123,2024-05-14,13
2024-05-14 14:00:00,0.7552853,0.7124239,2024-05-14,14
2024-05-14 15:00:00,0.478847,0.4324207,2024-05-14,15
2024-05-14 16:00:00,0.2140088,0.1925009,2024-05-14,16
2024-05-14 17:00:00,0.06315088,0.05502713,2024-05-14,17
2024-05-14 18:00:00,0.000847646,0.0,2024-05-14,18
2024-05-14 19:00:00,0.0,0.0,2024-05-14,19
2024-05-14 20:00:00,0.0,0.0,2024-05-14,20
2024-05-14 21:00:00,0.0,0.0,2024-05-14,21
2024-05-14 22:00:00,0.0,0.0,2024-05-14,22
2024-05-14 23:00:00,0.0,0.0,2024-05-14,23
2024-05-15 00:00:00,0.0,0.0,2024-05-15,0
2024-05-15 01:00:00,0.0,0.0,2024-05-15,1
2024-05-15 02:00:00,0.0,0.0,2024-05-15,2
2024-05-15 03:00:00,0.0,0.0,2024-05-15,3
2024-05-15 04:00:00,0.002492206,0.0,2024-05-15,4
2024-05-15 05:00:00,0.02189391,0.02108981,2024-05-15,5
2024-05-15 06:00:00,0.03509335,0.03403229,2024-05-15,6
2024-05-15 07:00:00,0.1337142,0.1296996,2024-05-15,7
2024-05-15 08:00:00,0.194544,0.1888955,2024-05-15,8
2024-05-15 09:00:00,0.2673672,0.2597771,2024-05-15,9
2024-05-15 10:00:00,0.2587455,0.2514589,2024-05-15,10
2024-05-15 11:00:00,0.2283064,0.2218696,2024-05-15,11
2024-05-15 12:00:00,0.1522832,0.1479463,2024-05-15,12
2024-05-15 13:00:00,0.09043544,0.08783422,2024-05-15,13
2024-05-15 14:00:00,0.07338595,0.07125932,2024-05-15,14
2024-05-15 15:00:00,0.09172936,0.08900508,2024-05-15,15
2024-05-15 16:00:00,0.08123464,0.07859063,2024-05-15,16
2024-05-15 17:00:00,0.01866827,0.01797779,2024-05-15,17
2024-05-15 18:00:00,0.000253238,0.0,2024-05-15,18
2024-05-15 19:00:00,0.0,0.0,2024-05-15,19
2024-05-15 20:00:00,0.0,0.0,2024-05-15,20
2024-05-15 21:00:00,0.0,0.0,2024-05-15,21
2024-05-15 22:00:00,0.0,0.0,2024-05-15,22
2024-05-15 23:00:00,0.0,0.0,2024-05-15,23
2024-05-16 00:00:00,0.0,0.0,2024-05-16,0
2024-05-16 01:00:00,0.0,0.0,2024-05-16,1
2024-05-16 02:00:00,0.0,0.0,2024-05-16,2
2024-05-16 03:00:00,0.0,0.0,2024-05-16,3
2024-05-16 04:00:00,0.004767963,0.0,2024-05-16,4
2024-05-16 05:00:00,0.1481653,0.04280951,2024-05-16,5
2024-05-16 06:00:00,0.272565,0.2302048,2024-05-16,6
2024-05-16 07:00:00,0.3193082,0.3037155,2024-05-16,7
2024-05-16 08:00:00,0.1529883,0.1485494,2024-05-16,8
2024-05-16 09:00:00,0.142527,0.1384441,2024-05-16,9
2024-05-16 10:00:00,0.2216562,0.2153844,2024-05-16,10
2024-05-16 11:00:00,0.1713316,0.1664659,2024-05-16,11
2024-05-16 12:00:00,0.286152,0.2781048,2024-05-16,12
2024-05-16 13:00:00,0.3786687,0.3680252,2024-05-16,13
2024-05-16 14:00:00,0.2131205,0.2069041,2024-05-16,14
2024-05-16 15:00:00,0.2955168,0.2820294,2024-05-16,15
2024-05-16 16:00:00,0.2649264,0.2213089,2024-05-16,16
2024-05-16 17:00:00,0.03670314,0.03501746,2024-05-16,17
2024-05-16 18:00:00,0.000455111,0.0,2024-05-16,18
2024-05-16 19:00:00,0.0,0.0,2024-05-16,19
2024-05-16 20:00:00,0.0,0.0,2024-05-16,20
2024-05-16 21:00:00,0.0,0.0,2024-05-16,21
2024-05-16 22:00:00,0.0,0.0,2024-05-16,22
2024-05-16 23:00:00,0.0,0.0,2024-05-16,23
2024-05-17 00:00:00,0.0,0.0,2024-05-17,0
2024-05-17 01:00:00,0.0,0.0,2024-05-17,1
2024-05-17 02:00:00,0.0,0.0,2024-05-17,2
2024-05-17 03:00:00,0.0,0.0,2024-05-17,3
2024-05-17 04:00:00,0.001274399,0.0,2024-05-17,4
2024-05-17 05:00:00,0.02316168,0.02230355,2024-05-17,5
2024-05-17 06:00:00,0.08696323,0.0841331,2024-05-17,6
2024-05-17 07:00:00,0.2100765,0.2033222,2024-05-17,7
2024-05-17 08:00:00,0.1992978,0.193493,2024-05-17,8
2024-05-17 09:00:00,0.5656033,0.5490229,2024-05-17,9
2024-05-17 10:00:00,0.1922083,0.1867493,2024-05-17,10
2024-05-17 11:00:00,0.3132613,0.3045031,2024-05-17,11
2024-05-17 12:00:00,0.4432008,0.4314192,2024-05-17,12
2024-05-17 13:00:00,0.7491449,0.7240241,2024-05-17,13
2024-05-17 14:00:00,0.5244433,0.5000703,2024-05-17,14
2024-05-17 15:00:00,0.2659605,0.2553732,2024-05-17,15
2024-05-17 16:00:00,0.1007015,0.09730799,2024-05-17,16
2024-05-17 17:00:00,0.02472796,0.02374898,2024-05-17,17
2024-05-17 18:00:00,0.000404723,0.0,2024-05-17,18
2024-05-17 19:00:00,0.0,0.0,2024-05-17,19
2024-05-17 20:00:00,0.0,0.0,2024-05-17,20
2024-05-17 21:00:00,0.0,0.0,2024-05-17,21
2024-05-17 22:00:00,0.0,0.0,2024-05-17,22
2024-05-17 23:00:00,0.0,0.0,2024-05-17,23
2024-05-18 00:00:00,0.0,0.0,2024-05-18,0
2024-05-18 01:00:00,0.0,0.0,2024-05-18,1
2024-05-18 02:00:00,0.0,0.0,2024-05-18,2
2024-05-18 03:00:00,0.0,0.0,2024-05-18,3
2024-05-18 04:00:00,0.003702733,0.0,2024-05-18,4
2024-05-18 05:00:00,0.04795662,0.04564099,2024-05-18,5
2024-05-18 06:00:00,0.1681855,0.1594535,2024-05-18,6
2024-05-18 07:00:00,0.3573045,0.3357137,2024-05-18,7
2024-05-18 08:00:00,0.5498523,0.5233656,2024-05-18,8
2024-05-18 09:00:00,0.4784533,0.4646864,2024-05-18,9
2024-05-18 10:00:00,0.4848302,0.4721382,2024-05-18,10
2024-05-18 11:00:00,0.4955364,0.4828734,2024-05-18,11
2024-05-18 12:00:00,0.3264391,0.3173024,2024-05-18,12
2024-05-18 13:00:00,0.324941,0.3157015,2024-05-18,13
2024-05-18 14:00:00,0.5083499,0.4851047,2024-05-18,14
2024-05-18 15:00:00,0.2860506,0.2734288,2024-05-18,15
2024-05-18 16:00:00,0.1360058,0.1305472,2024-05-18,16
2024-05-18 17:00:00,0.01958519,0.01885954,2024-05-18,17
2024-05-18 18:00:00,0.000476704,0.0,2024-05-18,18
2024-05-18 19:00:00,0.0,0.0,2024-05-18,19
2024-05-18 20:00:00,0.0,0.0,2024-05-18,20
2024-05-18 21:00:00,0.0,0.0,2024-05-18,21
2024-05-18 22:00:00,0.0,0.0,2024-05-18,22
2024-05-18 23:00:00,0.0,0.0,2024-05-18,23
2024-05-19 00:00:00,0.0,0.0,2024-05-19,0
2024-05-19 01:00:00,0.0,0.0,2024-05-19,1
2024-05-19 02:00:00,0.0,0.0,2024-05-19,2
2024-05-19 03:00:00,0.0,0.0,2024-05-19,3
2024-05-19 04:00:00,0.005037391,0.0,2024-05-19,4
2024-05-19 05:00:00,0.1214661,0.05799888,2024-05-19,5
2024-05-19 06:00:00,0.2011481,0.1856672,2024-05-19,6
2024-05-19 07:00:00,0.2739525,0.2629441,2024-05-19,7
2024-05-19 08:00:00,0.5929217,0.5611586,2024-05-19,8
2024-05-19 09:00:00,0.6670828,0.6449788,2024-05-19,9
2024-05-19 10:00:00,1.023809,0.9988456,2024-05-19,10
2024-05-19 11:00:00,0.7958846,0.7787687,2024-05-19,11
2024-05-19 12:00:00,0.528792,0.5150204,2024-05-19,12
2024-05-19 13:00:00,0.5589458,0.5416024,2024-05-19,13
2024-05-19 14:00:00,0.2989822,0.289853,2024-05-19,14
2024-05-19 15:00:00,0.2636542,0.2531615,2024-05-19,15
2024-05-19 16:00:00,0.253572,0.2153159,2024-05-19,16
2024-05-19 17:00:00,0.08261889,0.06188024,2024-05-19,17
2024-05-19 18:00:00,0.001061146,0.0,2024-05-19,18
2024-05-19 19:00:00,0.0,0.0,2024-05-19,19
2024-05-19 20:00:00,0.0,0.0,2024-05-19,20
2024-05-19 21:00:00,0.0,0.0,2024-05-19,21
2024-05-19 22:00:00,0.0,0.0,2024-05-19,22
2024-05-19 23:00:00,0.0,0.0,2024-05-19,23
2024-05-20 00:00:00,0.0,0.0,2024-05-20,0
2024-05-20 01:00:00,0.0,0.0,2024-05-20,1
2024-05-20 02:00:00,0.0,0.0,2024-05-20,2
2024-05-20 03:00:00,0.0,0.0,2024-05-20,3
2024-05-20 04:00:00,0.004293719,0.0,2024-05-20,4
2024-05-20 05:00:00,0.04133682,0.0395104,2024-05-20,5
2024-05-20 06:00:00,0.1388701,0.1334468,2024-05-20,6
2024-05-20 07:00:00,0.2441257,0.2353956,2024-05-20,7
2024-05-20 08:00:00,0.2840217,0.2754885,2024-05-20,8
2024-05-20 09:00:00,0.1756101,0.1705726,2024-05-20,9
2024-05-20 10:00:00,0.447248,0.435151,2024-05-20,10
2024-05-20 11:00:00,0.5803005,0.5659056,2024-05-20,11
2024-05-20 12:00:00,0.510796,0.4972408,2024-05-20,12
2024-05-20 13:00:00,0.6152331,0.5947381,2024-05-20,13
2024-05-20 14:00:00,0.3429512,0.3318117,2024-05-20,14
2024-05-20 15:00:00,0.1231784,0.119458,2024-05-20,15
2024-05-20 16:00:00,0.1854121,0.1723448,2024-05-20,16
2024-05-20 17:00:00,0.0656695,0.05814771,2024-05-20,17
2024-05-20 18:00:00,0.001586062,0.0,2024-05-20,18
2024-05-20 19:00:00,0.0,0.0,2024-05-20,19
2024-05-20 20:00:00,0.0,0.0,2024-05-20,20
2024-05-20 21:00:00,0.0,0.0,2024-05-20,21
2024-05-20 22:00:00,0.0,0.0,2024-05-20,22
2024-05-20 23:00:00,0.0,0.0,2024-05-20,23
2024-05-21 00:00:00,0.0,0.0,2024-05-21,0
2024-05-21 01:00:00,0.0,0.0,2024-05-21,1
2024-05-21 02:00:00,0.0,0.0,2024-05-21,2
2024-05-21 03:00:00,0.0,0.0,2024-05-21,3
2024-05-21 04:00:00,0.003807609,0.0,2024-05-21,4
2024-05-21 05:00:00,0.08541659,0.06924105,2024-05-21,5
2024-05-21 06:00:00,0.2332316,0.2072925,2024-05-21,6
2024-05-21 07:00:00,0.4374299,0.3982201,2024-05-21,7
2024-05-21 08:00:00,0.4875332,0.4659617,2024-05-21,8
2024-05-21 09:00:00,0.8568198,0.8227347,2024-05-21,9
2024-05-21 10:00:00,0.7529612,0.7331025,2024-05-21,10
2024-05-21 11:00:00,0.7804983,0.7620898,2024-05-21,11
2024-05-21 12:00:00,0.663406,0.6458579,2024-05-21,12
2024-05-21 13:00:00,0.5862646,0.5668486,2024-05-21,13
2024-05-21 14:00:00,0.6311666,0.5920466,2024-05-21,14
2024-05-21 15:00:00,0.5822759,0.5093536,2024-05-21,15
2024-05-21 16:00:00,0.3548526,0.2656242,2024-05-21,16
2024-05-21 17:00:00,0.07805824,0.06297201,2024-05-21,17
2024-05-21 18:00:00,0.003363307,0.0,2024-05-21,18
2024-05-21 19:00:00,0.0,0.0,2024-05-21,19
2024-05-21 20:00:00,0.0,0.0,2024-05-21,20
2024-05-21 21:00:00,0.0,0.0,2024-05-21,21
2024-05-21 22:00:00,0.0,0.0,2024-05-21,22
2024-05-21 23:00:00,0.0,0.0,2024-05-21,23
2024-05-22 00:00:00,0.0,0.0,2024-05-22,0
2024-05-22 01:00:00,0.0,0.0,2024-05-22,1
2024-05-22 02:00:00,0.0,0.0,2024-05-22,2
2024-05-22 03:00:00,0.0,0.0,2024-05-22,3
2024-05-22 04:00:00,0.006410736,0.0,2024-05-22,4
2024-05-22 05:00:00,0.09510886,0.07037939,2024-05-22,5
2024-05-22 06:00:00,0.1710414,0.1618287,2024-05-22,6
2024-05-22 07:00:00,0.2105699,0.2037038,2024-05-22,7
2024-05-22 08:00:00,0.2105508,0.2043697,2024-05-22,8
2024-05-22 09:00:00,0.3797808,0.3688119,2024-05-22,9
2024-05-22 10:00:00,0.6312509,0.6143038,2024-05-22,10
2024-05-22 11:00:00,0.564729,0.5501713,2024-05-22,11
2024-05-22 12:00:00,0.5085663,0.4947651,2024-05-22,12
2024-05-22 13:00:00,0.4769355,0.4624042,2024-05-22,13
2024-05-22 14:00:00,0.2964582,0.2873343,2024-05-22,14
2024-05-22 15:00:00,0.2128117,0.2057326,2024-05-22,15
2024-05-22 16:00:00,0.150814,0.1438687,2024-05-22,16
2024-05-22 17:00:00,0.06065495,0.05555155,2024-05-22,17
2024-05-22 18:00:00,0.001429058,0.0,2024-05-22,18
2024-05-22 19:00:00,0.0,0.0,2024-05-22,19
2024-05-22 20:00:00,0.0,0.0,2024-05-22,20
2024-05-22 21:00:00,0.0,0.0,2024-05-22,21
2024-05-22 22:00:00,0.0,0.0,2024-05-22,22
2024-05-22 23:00:00,0.0,0.0,2024-05-22,23
2024-05-23 00:00:00,0.0,0.0,2024-05-23,0
2024-05-23 01:00:00,0.0,0.0,2024-05-23,1
2024-05-23 02:00:00,0.0,0.0,2024-05-23,2
2024-05-23 03:00:00,0.0,0.0,2024-05-23,3
2024-05-23 04:00:00,0.004182576,0.0,2024-05-23,4
2024-05-23 05:00:00,0.01689467,0.01631228,2024-05-23,5
2024-05-23 06:00:00,0.0703675,0.06811938,2024-05-23,6
2024-05-23 07:00:00,0.1350441,0.1309448,2024-05-23,7
2024-05-23 08:00:00,0.1549428,0.1504152,2024-05-23,8
2024-05-23 09:00:00,0.1705699,0.1656644,2024-05-23,9
2024-05-23 10:00:00,0.0749547,0.07279462,2024-05-23,10
2024-05-23 11:00:00,0.1028339,0.09988122,2024-05-23,11
2024-05-23 12:00:00,0.07449213,0.07234515,2024-05-23,12
2024-05-23 13:00:00,0.2035485,0.197695,2024-05-23,13
2024-05-23 14:00:00,0.2364725,0.2294685,2024-05-23,14
2024-05-23 15:00:00,0.1361905,0.1320403,2024-05-23,15
2024-05-23 16:00:00,0.03357458,0.03255374,2024-05-23,16
2024-05-23 17:00:00,0.03274073,0.03135604,2024-05-23,17
2024-05-23 18:00:00,0.001465271,0.0,2024-05-23,18
2024-05-23 19:00:00,0.0,0.0,2024-05-23,19
2024-05-23 20:00:00,0.0,0.0,2024-05-23,20
2024-05-23 21:00:00,0.0,0.0,2024-05-23,21
2024-05-23 22:00:00,0.0,0.0,2024-05-23,22
2024-05-23 23:00:00,0.0,0.0,2024-05-23,23
2024-05-24 00:00:00,0.0,0.0,2024-05-24,0
2024-05-24 01:00:00,0.0,0.0,2024-05-24,1
2024-05-24 02:00:00,0.0,0.0,2024-05-24,2
2024-05-24 03:00:00,0.0,0.0,2024-05-24,3
2024-05-24 04:00:00,0.004098568,0.0,2024-05-24,4
2024-05-24 05:00:00,0.1445154,0.04885746,2024-05-24,5
2024-05-24 06:00:00,0.397876,0.2961628,2024-05-24,6
2024-05-24 07:00:00,0.5741992,0.5021206,2024-05-24,7
2024-05-24 08:00:00,0.7282766,0.6768206,2024-05-24,8
2024-05-24 09:00:00,0.6248291,0.6022816,2024-05-24,9
2024-05-24 10:00:00,0.9254687,0.8970938,2024-05-24,10
2024-05-24 11:00:00,0.9336948,0.9086753,2024-05-24,11
2024-05-24 12:00:00,0.6879436,0.6682057,2024-05-24,12
2024-05-24 13:00:00,0.7057524,0.6773318,2024-05-24,13
2024-05-24 14:00:00,0.5683212,0.5352017,2024-05-24,14
2024-05-24 15:00:00,0.3667118,0.3406626,2024-05-24,15
2024-05-24 16:00:00,0.2026623,0.1851091,2024-05-24,16
2024-05-24 17:00:00,0.06872634,0.06088961,2024-05-24,17
2024-05-24 18:00:00,0.003628451,0.0,2024-05-24,18
2024-05-24 19:00:00,0.0,0.0,2024-05-24,19
2024-05-24 20:00:00,0.0,0.0,2024-05-24,20
2024-05-24 21:00:00,0.0,0.0,2024-05-24,21
2024-05-24 22:00:00,0.0,0.0,2024-05-24,22
2024-05-24 23:00:00,0.0,0.0,2024-05-24,23
2024-05-25 00:00:00,0.0,0.0,2024-05-25,0
2024-05-25 01:00:00,0.0,0.0,2024-05-25,1
2024-05-25 02:00:00,0.0,0.0,2024-05-25,2
2024-05-25 03:00:00,0.0,0.0,2024-05-25,3
2024-05-25 04:00:00,0.004651347,0.0,2024-05-25,4
2024-05-25 05:00:00,0.1284462,0.05867311,2024-05-25,5
2024-05-25 06:00:00,0.3291068,0.2548749,2024-05-25,6
2024-05-25 07:00:00,0.5683612,0.4963503,2024-05-25,7
2024-05-25 08:00:00,0.8467524,0.7839665,2024-05-25,8
2024-05-25 09:00:00,0.9677781,0.9233809,2024-05-25,9
2024-05-25 10:00:00,1.044393,1.010777,2024-05-25,10
2024-05-25 11:00:00,0.979121,0.9516674,2024-05-25,11
2024-05-25 12:00:00,1.027513,0.9940931,2024-05-25,12
2024-05-25 13:00:00,0.9659719,0.9208563,2024-05-25,13
2024-05-25 14:00:00,0.8281535,0.7654845,2024-05-25,14
2024-05-25 15:00:00,0.6277893,0.5441321,2024-05-25,15
2024-05-25 16:00:00,0.3952222,0.2896444,2024-05-25,16
2024-05-25 17:00:00,0.1418769,0.03775935,2024-05-25,17
2024-05-25 18:00:00,0.00405297,0.0,2024-05-25,18
2024-05-25 19:00:00,0.0,0.0,2024-05-25,19
2024-05-25 20:00:00,0.0,0.0,2024-05-25,20
2024-05-25 21:00:00,0.0,0.0,2024-05-25,21
2024-05-25 22:00:00,0.0,0.0,2024-05-25,22
2024-05-25 23:00:00,0.0,0.0,2024-05-25,23
2024-05-26 00:00:00,0.0,0.0,2024-05-26,0
2024-05-26 01:00:00,0.0,0.0,2024-05-26,1
2024-05-26 02:00:00,0.0,0.0,2024-05-26,2
2024-05-26 03:00:00,0.0,0.0,2024-05-26,3
2024-05-26 04:00:00,0.005778572,0.0,2024-05-26,4
2024-05-26 05:00:00,0.1296127,0.05850012,2024-05-26,5
2024-05-26 06:00:00,0.3541525,0.2671816,2024-05-26,6
2024-05-26 07:00:00,0.5412135,0.4737962,2024-05-26,7
2024-05-26 08:00:00,0.8489375,0.784733,2024-05-26,8
2024-05-26 09:00:00,0.8456894,0.8067243,2024-05-26,9
2024-05-26 10:00:00,0.8687889,0.8406405,2024-05-26,10
2024-05-26 11:00:00,0.9790669,0.9505413,2024-05-26,11
2024-05-26 12:00:00,1.054274,1.018752,2024-05-26,12
2024-05-26 13:00:00,0.8362358,0.7971978,2024-05-26,13
2024-05-26 14:00:00,0.7000808,0.6484999,2024-05-26,14
2024-05-26 15:00:00,0.5479021,0.4768866,2024-05-26,15
2024-05-26 16:00:00,0.2948429,0.2345584,2024-05-26,16
2024-05-26 17:00:00,0.1201786,0.05368284,2024-05-26,17
2024-05-26 18:00:00,0.004508785,0.0,2024-05-26,18
2024-05-26 19:00:00,0.0,0.0,2024-05-26,19
2024-05-26 20:00:00,0.0,0.0,2024-05-26,20
2024-05-26 21:00:00,0.0,0.0,2024-05-26,21
2024-05-26 22:00:00,0.0,0.0,2024-05-26,22
2024-05-26 23:00:00,0.0,0.0,2024-05-26,23
2024-05-27 00:00:00,0.0,0.0,2024-05-27,0
2024-05-27 01:00:00,0.0,0.0,2024-05-27,1
2024-05-27 02:00:00,0.0,0.0,2024-05-27,2
2024-05-27 03:00:00,0.0,0.0,2024-05-27,3
2024-05-27 04:00:00,0.003862077,0.0,2024-05-27,4
2024-05-27 05:00:00,0.0823865,0.06989951,2024-05-27,5
2024-05-27 06:00:00,0.3029626,0.2417942,2024-05-27,6
2024-05-27 07:00:00,0.4039552,0.3701236,2024-05-27,7
2024-05-27 08:00:00,0.6543128,0.6088164,2024-05-27,8
2024-05-27 09:00:00,0.8487114,0.8085584,2024-05-27,9
2024-05-27 10:00:00,0.7730548,0.7483492,2024-05-27,10
2024-05-27 11:00:00,0.7346498,0.713841,2024-05-27,11
2024-05-27 12:00:00,0.6759657,0.6553743,2024-05-27,12
2024-05-27 13:00:00,0.5113538,0.4943453,2024-05-27,13
2024-05-27 14:00:00,0.4302999,0.4122985,2024-05-27,14
2024-05-27 15:00:00,0.5678494,0.492087,2024-05-27,15
2024-05-27 16:00:00,0.3713612,0.2727169,2024-05-27,16
2024-05-27 17:00:00,0.08380668,0.06747958,2024-05-27,17
2024-05-27 18:00:00,0.002862067,0.0,2024-05-27,18
2024-05-27 19:00:00,0.0,0.0,2024-05-27,19
2024-05-27 20:00:00,0.0,0.0,2024-05-27,20
2024-05-27 21:00:00,0.0,0.0,2024-05-27,21
2024-05-27 22:00:00,0.0,0.0,2024-05-27,22
2024-05-27 23:00:00,0.0,0.0,2024-05-27,23
2024-05-28 00:00:00,0.0,0.0,2024-05-28,0
2024-05-28 01:00:00,0.0,0.0,2024-05-28,1
2024-05-28 02:00:00,0.0,0.0,2024-05-28,2
2024-05-28 03:00:00,0.0,0.0,2024-05-28,3
2024-05-28 04:00:00,0.005517642,0.0,2024-05-28,4
2024-05-28 05:00:00,0.1615464,0.04366869,2024-05-28,5
2024-05-28 06:00:00,0.3030101,0.2414274,2024-05-28,6
2024-05-28 07:00:00,0.6016152,0.5208051,2024-05-28,7
2024-05-28 08:00:00,0.6383662,0.5942798,2024-05-28,8
2024-05-28 09:00:00,0.6982229,0.6683261,2024-05-28,9
2024-05-28 10:00:00,0.8780587,0.8477494,2024-05-28,10
2024-05-28 11:00:00,0.7693716,0.7467754,2024-05-28,11
2024-05-28 12:00:00,0.7357336,0.7120051,2024-05-28,12
2024-05-28 13:00:00,0.7340385,0.7008803,2024-05-28,13
2024-05-28 14:00:00,0.7084599,0.6542691,2024-05-28,14
2024-05-28 15:00:00,0.492744,0.4337293,2024-05-28,15
2024-05-28 16:00:00,0.2705657,0.2239046,2024-05-28,16
2024-05-28 17:00:00,0.1018213,0.06673966,2024-05-28,17
2024-05-28 18:00:00,0.005453435,0.0,2024-05-28,18
2024-05-28 19:00:00,0.0,0.0,2024-05-28,19
2024-05-28 20:00:00,0.0,0.0,2024-05-28,20
2024-05-28 21:00:00,0.0,0.0,2024-05-28,21
2024-05-28 22:00:00,0.0,0.0,2024-05-28,22
2024-05-28 23:00:00,0.0,0.0,2024-05-28,23
2024-05-29 00:00:00,0.0,0.0,2024-05-29,0
2024-05-29 01:00:00,0.0,0.0,2024-05-29,1
2024-05-29 02:00:00,0.0,0.0,2024-05-29,2
2024-05-29 03:00:00,0.0,0.0,2024-05-29,3
2024-05-29 04:00:00,0.004769335,0.0,2024-05-29,4
2024-05-29 05:00:00,0.08638954,0.07144443,2024-05-29,5
2024-05-29 06:00:00,0.2544326,0.218282,2024-05-29,6
2024-05-29 07:00:00,0.5084662,0.4464466,2024-05-29,7
2024-05-29 08:00:00,0.5929904,0.5547021,2024-05-29,8
2024-05-29 09:00:00,0.8632302,0.8202049,2024-05-29,9
2024-05-29 10:00:00,0.5413641,0.5255801,2024-05-29,10
2024-05-29 11:00:00,0.2972994,0.2888455,2024-05-29,11
2024-05-29 12:00:00,0.2761638,0.2682741,2024-05-29,12
2024-05-29 13:00:00,0.5011786,0.4844054,2024-05-29,13
2024-05-29 14:00:00,0.4478432,0.4278172,2024-05-29,14
2024-05-29 15:00:00,0.305315,0.2895856,2024-05-29,15
2024-05-29 16:00:00,0.2350576,0.2059931,2024-05-29,16
2024-05-29 17:00:00,0.02376604,0.02287536,2024-05-29,17
2024-05-29 18:00:00,0.002463859,0.0,2024-05-29,18
2024-05-29 19:00:00,0.0,0.0,2024-05-29,19
2024-05-29 20:00:00,0.0,0.0,2024-05-29,20
2024-05-29 21:00:00,0.0,0.0,2024-05-29,21
2024-05-29 22:00:00,0.0,0.0,2024-05-29,22
2024-05-29 23:00:00,0.0,0.0,2024-05-29,23
2024-05-30 00:00:00,0.0,0.0,2024-05-30,0
2024-05-30 01:00:00,0.0,0.0,2024-05-30,1
2024-05-30 02:00:00,0.0,0.0,2024-05-30,2
2024-05-30 03:00:00,0.0,0.0,2024-05-30,3
2024-05-30 04:00:00,0.004615288,0.0,2024-05-30,4
2024-05-30 05:00:00,0.04911644,0.04681166,2024-05-30,5
2024-05-30 06:00:00,0.07665989,0.07416911,2024-05-30,6
2024-05-30 07:00:00,0.3494399,0.3266993,2024-05-30,7
2024-05-30 08:00:00,0.6095216,0.5682465,2024-05-30,8
2024-05-30 09:00:00,0.5027152,0.4858085,2024-05-30,9
2024-05-30 10:00:00,0.5488563,0.5326449,2024-05-30,10
2024-05-30 11:00:00,0.8693768,0.841423,2024-05-30,11
2024-05-30 12:00:00,1.071478,1.030919,2024-05-30,12
2024-05-30 13:00:00,0.7218325,0.688485,2024-05-30,13
2024-05-30 14:00:00,0.3395524,0.3280776,2024-05-30,14
2024-05-30 15:00:00,0.439769,0.3944963,2024-05-30,15
2024-05-30 16:00:00,0.2837434,0.2300119,2024-05-30,16
2024-05-30 17:00:00,0.1378846,0.04783302,2024-05-30,17
2024-05-30 18:00:00,0.00772531,0.0,2024-05-30,18
2024-05-30 19:00:00,0.0,0.0,2024-05-30,19
2024-05-30 20:00:00,0.0,0.0,2024-05-30,20
2024-05-30 21:00:00,0.0,0.0,2024-05-30,21
2024-05-30 22:00:00,0.0,0.0,2024-05-30,22
2024-05-30 23:00:00,0.0,0.0,2024-05-30,23
2024-05-31 00:00:00,0.0,0.0,2024-05-31,0
2024-05-31 01:00:00,0.0,0.0,2024-05-31,1
2024-05-31 02:00:00,0.0,0.0,2024-05-31,2
2024-05-31 03:00:00,0.0,0.0,2024-05-31,3
2024-05-31 04:00:00,0.006925373,0.0,2024-05-31,4
2024-05-31 05:00:00,0.1033171,0.07239811,2024-05-31,5
2024-05-31 06:00:00,0.2694441,0.2252882,2024-05-31,6
2024-05-31 07:00:00,0.449015,0.4018239,2024-05-31,7
2024-05-31 08:00:00,0.7044671,0.6492081,2024-05-31,8
2024-05-31 09:00:00,0.6854232,0.6549113,2024-05-31,9
2024-05-31 10:00:00,0.5630935,0.5461699,2024-05-31,10
2024-05-31 11:00:00,0.7415717,0.7186265,2024-05-31,11
2024-05-31 12:00:00,0.9863852,0.9483239,2024-05-31,12
2024-05-31 13:00:00,0.9516408,0.90104,2024-05-31,13
2024-05-31 14:00:00,0.728047,0.6693104,2024-05-31,14
2024-05-31 15:00:00,0.4699347,0.4160076,2024-05-31,15
2024-05-31 16:00:00,0.3872381,0.2812712,2024-05-31,16
2024-05-31 17:00:00,0.1620909,0.03833685,2024-05-31,17
2024-05-31 18:00:00,0.007811414,0.0,2024-05-31,18
2024-05-31 19:00:00,0.0,0.0,2024-05-31,19
2024-05-31 20:00:00,0.0,0.0,2024-05-31,20
2024-05-31 21:00:00,0.0,0.0,2024-05-31,21
2024-05-31 22:00:00,0.0,0.0,2024-05-31,22
2024-05-31 23:00:00,0.0,0.0,2024-05-31,23
2024-06-01 00:00:00,0.0,0.0,2024-06-01,0
2024-06-01 01:00:00,0.0,0.0,2024-06-01,1
2024-06-01 02:00:00,0.0,0.0,2024-06-01,2
2024-06-01 03:00:00,0.0,0.0,2024-06-01,3
2024-06-01 04:00:00,0.004604053,0.0,2024-06-01,4
2024-06-01 05:00:00,0.05210075,0.04953729,2024-06-01,5
2024-06-01 06:00:00,0.1555362,0.1483363,2024-06-01,6
2024-06-01 07:00:00,0.2309322,0.2227255,2024-06-01,7
2024-06-01 08:00:00,0.0935707,0.09083746,2024-06-01,8
2024-06-01 09:00:00,0.1446987,0.1405139,2024-06-01,9
2024-06-01 10:00:00,0.04389298,0.04262164,2024-06-01,10
2024-06-01 11:00:00,0.03181116,0.03088849,2024-06-01,11
2024-06-01 12:00:00,0.1125115,0.1092712,2024-06-01,12
2024-06-01 13:00:00,0.2126349,0.2064775,2024-06-01,13
2024-06-01 14:00:00,0.08442727,0.08196276,2024-06-01,14
2024-06-01 15:00:00,0.08801913,0.08537949,2024-06-01,15
2024-06-01 16:00:00,0.1041526,0.1005871,2024-06-01,16
2024-06-01 17:00:00,0.03600423,0.03449306,2024-06-01,17
2024-06-01 18:00:00,0.001863776,0.0,2024-06-01,18
2024-06-01 19:00:00,0.0,0.0,2024-06-01,19
2024-06-01 20:00:00,0.0,0.0,2024-06-01,20
2024-06-01 21:00:00,0.0,0.0,2024-06-01,21
2024-06-01 22:00:00,0.0,0.0,2024-06-01,22
2024-06-01 23:00:00,0.0,0.0,2024-06-01,23
2024-06-02 00:00:00,0.0,0.0,2024-06-02,0
2024-06-02 01:00:00,0.0,0.0,2024-06-02,1
2024-06-02 02:00:00,0.0,0.0,2024-06-02,2
2024-06-02 03:00:00,0.0,0.0,2024-06-02,3
2024-06-02 04:00:00,0.006416334,0.0,2024-06-02,4
2024-06-02 05:00:00,0.01034678,0.01001315,2024-06-02,5
2024-06-02 06:00:00,0.03735155,0.03620841,2024-06-02,6
2024-06-02 07:00:00,0.09396318,0.09113773,2024-06-02,7
2024-06-02 08:00:00,0.1943384,0.1885791,2024-06-02,8
2024-06-02 09:00:00,0.06964076,0.06762368,2024-06-02,9
2024-06-02 10:00:00,0.1392984,0.1352911,2024-06-02,10
2024-06-02 11:00:00,0.1245782,0.1209965,2024-06-02,11
2024-06-02 12:00:00,0.1804028,0.1752214,2024-06-02,12
2024-06-02 13:00:00,0.06228836,0.06048358,2024-06-02,13
2024-06-02 14:00:00,0.03914308,0.03800332,2024-06-02,14
2024-06-02 15:00:00,0.02690151,0.02611282,2024-06-02,15
2024-06-02 16:00:00,0.03638375,0.03527115,2024-06-02,16
2024-06-02 17:00:00,0.02414554,0.0232484,2024-06-02,17
2024-06-02 18:00:00,0.001255106,0.0,2024-06-02,18
2024-06-02 19:00:00,0.0,0.0,2024-06-02,19
2024-06-02 20:00:00,0.0,0.0,2024-06-02,20
2024-06-02 21:00:00,0.0,0.0,2024-06-02,21
2024-06-02 22:00:00,0.0,0.0,2024-06-02,22
2024-06-02 23:00:00,0.0,0.0,2024-06-02,23
2024-06-03 00:00:00,0.0,0.0,2024-06-03,0
2024-06-03 01:00:00,0.0,0.0,2024-06-03,1
2024-06-03 02:00:00,0.0,0.0,2024-06-03,2
2024-06-03 03:00:00,0.0,0.0,2024-06-03,3
2024-06-03 04:00:00,0.005294401,0.0,2024-06-03,4
2024-06-03 05:00:00,0.0226672,0.02184088,2024-06-03,5
2024-06-03 06:00:00,0.04723249,0.04576417,2024-06-03,6
2024-06-03 07:00:00,0.1286978,0.1247595,2024-06-03,7
2024-06-03 08:00:00,0.08576345,0.08325838,2024-06-03,8
2024-06-03 09:00:00,0.1181855,0.1147649,2024-06-03,9
2024-06-03 10:00:00,0.1928298,0.1872912,2024-06-03,10
2024-06-03 11:00:00,0.09318369,0.09049801,2024-06-03,11
2024-06-03 12:00:00,0.2135991,0.2074671,2024-06-03,12
2024-06-03 13:00:00,0.1952431,0.1895858,2024-06-03,13
2024-06-03 14:00:00,0.1265214,0.1228081,2024-06-03,14
2024-06-03 15:00:00,0.1617356,0.1566974,2024-06-03,15
2024-06-03 16:00:00,0.118726,0.1145091,2024-06-03,16
2024-06-03 17:00:00,0.02080391,0.02005844,2024-06-03,17
2024-06-03 18:00:00,0.000702926,0.0,2024-06-03,18
2024-06-03 19:00:00,0.0,0.0,2024-06-03,19
2024-06-03 20:00:00,0.0,0.0,2024-06-03,20
2024-06-03 21:00:00,0.0,0.0,2024-06-03,21
2024-06-03 22:00:00,0.0,0.0,2024-06-03,22
2024-06-03 23:00:00,0.0,0.0,2024-06-03,23
2024-06-04 00:00:00,0.0,0.0,2024-06-04,0
2024-06-04 01:00:00,0.0,0.0,2024-06-04,1
2024-06-04 02:00:00,0.0,0.0,2024-06-04,2
2024-06-04 03:00:00,0.0,0.0,2024-06-04,3
2024-06-04 04:00:00,0.004746973,0.0,2024-06-04,4
2024-06-04 05:00:00,0.01709113,0.01650136,2024-06-04,5
2024-06-04 06:00:00,0.04590001,0.04447527,2024-06-04,6
2024-06-04 07:00:00,0.06878836,0.06674047,2024-06-04,7
2024-06-04 08:00:00,0.007911061,0.007680297,2024-06-04,8
2024-06-04 09:00:00,0.1260178,0.1223693,2024-06-04,9
2024-06-04 10:00:00,0.2936728,0.2852473,2024-06-04,10
2024-06-04 11:00:00,0.2911436,0.2828228,2024-06-04,11
2024-06-04 12:00:00,0.2152867,0.2091035,2024-06-04,12
2024-06-04 13:00:00,0.3085469,0.2995123,2024-06-04,13
2024-06-04 14:00:00,0.1378871,0.1338322,2024-06-04,14
2024-06-04 15:00:00,0.06570692,0.06375348,2024-06-04,15
2024-06-04 16:00:00,0.04447878,0.04310167,2024-06-04,16
2024-06-04 17:00:00,0.02779284,0.026729,2024-06-04,17
2024-06-04 18:00:00,0.002353699,0.0,2024-06-04,18
2024-06-04 19:00:00,0.0,0.0,2024-06-04,19
2024-06-04 20:00:00,0.0,0.0,2024-06-04,20
2024-06-04 21:00:00,0.0,0.0,2024-06-04,21
2024-06-04 22:00:00,0.0,0.0,2024-06-04,22
2024-06-04 23:00:00,0.0,0.0,2024-06-04,23
2024-06-05 00:00:00,0.0,0.0,2024-06-05,0
2024-06-05 01:00:00,0.0,0.0,2024-06-05,1
2024-06-05 02:00:00,0.0,0.0,2024-06-05,2
2024-06-05 03:00:00,0.0,0.0,2024-06-05,3
2024-06-05 04:00:00,0.008105234,0.0,2024-06-05,4
2024-06-05 05:00:00,0.09899635,0.07323043,2024-06-05,5
2024-06-05 06:00:00,0.3386508,0.253337,2024-06-05,6
2024-06-05 07:00:00,0.4790307,0.4208429,2024-06-05,7
2024-06-05 08:00:00,0.5077363,0.4790735,2024-06-05,8
2024-06-05 09:00:00,0.4021258,0.3896663,2024-06-05,9
2024-06-05 10:00:00,0.2979458,0.2893917,2024-06-05,10
2024-06-05 11:00:00,0.4633301,0.4500338,2024-06-05,11
2024-06-05 12:00:00,0.4248835,0.4125424,2024-06-05,12
2024-06-05 13:00:00,0.3885518,0.37667,2024-06-05,13
2024-06-05 14:00:00,0.5885036,0.5476496,2024-06-05,14
2024-06-05 15:00:00,0.4212064,0.3801264,2024-06-05,15
2024-06-05 16:00:00,0.2660046,0.2230803,2024-06-05,16
2024-06-05 17:00:00,0.1195315,0.06856368,2024-06-05,17
2024-06-05 18:00:00,0.005902777,0.0,2024-06-05,18
2024-06-05 19:00:00,0.0,0.0,2024-06-05,19
2024-06-05 20:00:00,0.0,0.0,2024-06-05,20
2024-06-05 21:00:00,0.0,0.0,2024-06-05,21
2024-06-05 22:00:00,0.0,0.0,2024-06-05,22
2024-06-05 23:00:00,0.0,0.0,2024-06-05,23
2024-06-06 00:00:00,0.0,0.0,2024-06-06,0
2024-06-06 01:00:00,0.0,0.0,2024-06-06,1
2024-06-06 02:00:00,0.0,0.0,2024-06-06,2
2024-06-06 03:00:00,0.0,0.0,2024-06-06,3
2024-06-06 04:00:00,0.004414251,0.0,2024-06-06,4
2024-06-06 05:00:00,0.04487368,0.04283939,2024-06-06,5
2024-06-06 06:00:00,0.09911651,0.09574293,2024-06-06,6
2024-06-06 07:00:00,0.0958358,0.0929448,2024-06-06,7
2024-06-06 08:00:00,0.09958416,0.09666805,2024-06-06,8
2024-06-06 09:00:00,0.2830972,0.2748325,2024-06-06,9
2024-06-06 10:00:00,0.4581382,0.4446233,2024-06-06,10
2024-06-06 11:00:00,0.5111422,0.4962153,2024-06-06,11
2024-06-06 12:00:00,0.7184133,0.6920144,2024-06-06,12
2024-06-06 13:00:00,0.7426056,0.7040753,2024-06-06,13
2024-06-06 14:00:00,0.4588512,0.4366144,2024-06-06,14
2024-06-06 15:00:00,0.2347998,0.2262691,2024-06-06,15
2024-06-06 16:00:00,0.1140458,0.1100609,2024-06-06,16
2024-06-06 17:00:00,0.04177089,0.03995938,2024-06-06,17
2024-06-06 18:00:00,0.000650167,0.0,2024-06-06,18
2024-06-06 19:00:00,0.0,0.0,2024-06-06,19
2024-06-06 20:00:00,0.0,0.0,2024-06-06,20
2024-06-06 21:00:00,0.0,0.0,2024-06-06,21
2024-06-06 22:00:00,0.0,0.0,2024-06-06,22
2024-06-06 23:00:00,0.0,0.0,2024-06-06,23
2024-06-07 00:00:00,0.0,0.0,2024-06-07,0
2024-06-07 01:00:00,0.0,0.0,2024-06-07,1
2024-06-07 02:00:00,0.0,0.0,2024-06-07,2
2024-06-07 03:00:00,0.0,0.0,2024-06-07,3
2024-06-07 04:00:00,0.006024461,0.0,2024-06-07,4
2024-06-07 05:00:00,0.05696801,0.05383513,2024-06-07,5
2024-06-07 06:00:00,0.1197244,0.1154329,2024-06-07,6
2024-06-07 07:00:00,0.274097,0.261939,2024-06-07,7
2024-06-07 08:00:00,0.201885,0.1958707,2024-06-07,8
2024-06-07 09:00:00,0.2225775,0.2161067,2024-06-07,9
2024-06-07 10:00:00,0.2156855,0.2094821,2024-06-07,10
2024-06-07 11:00:00,0.07859803,0.07632871,2024-06-07,11
2024-06-07 12:00:00,0.1565024,0.1519963,2024-06-07,12
2024-06-07 13:00:00,0.1923947,0.1868107,2024-06-07,13
2024-06-07 14:00:00,0.1264855,0.1227684,2024-06-07,14
2024-06-07 15:00:00,0.0526767,0.05111802,2024-06-07,15
2024-06-07 16:00:00,0.02004725,0.01944836,2024-06-07,16
2024-06-07 17:00:00,0.009750619,0.009439263,2024-06-07,17
2024-06-07 18:00:00,0.001299283,0.0,2024-06-07,18
2024-06-07 19:00:00,0.0,0.0,2024-06-07,19
2024-06-07 20:00:00,0.0,0.0,2024-06-07,20
2024-06-07 21:00:00,0.0,0.0,2024-06-07,21
2024-06-07 22:00:00,0.0,0.0,2024-06-07,22
2024-06-07 23:00:00,0.0,0.0,2024-06-07,23
2024-06-08 00:00:00,0.0,0.0,2024-06-08,0
2024-06-08 01:00:00,0.0,0.0,2024-06-08,1
2024-06-08 02:00:00,0.0,0.0,2024-06-08,2
2024-06-08 03:00:00,0.0,0.0,2024-06-08,3
2024-06-08 04:00:00,0.004946995,0.0,2024-06-08,4
2024-06-08 05:00:00,0.002232909,0.002166316,2024-06-08,5
2024-06-08 06:00:00,0.006014897,0.005838183,2024-06-08,6
2024-06-08 07:00:00,0.01697135,0.01647471,2024-06-08,7
2024-06-08 08:00:00,0.04365755,0.04238514,2024-06-08,8
2024-06-08 09:00:00,0.09445889,0.09172121,2024-06-08,9
2024-06-08 10:00:00,0.07050914,0.06847034,2024-06-08,10
2024-06-08 11:00:00,0.3286595,0.319254,2024-06-08,11
2024-06-08 12:00:00,0.2245605,0.2181009,2024-06-08,12
2024-06-08 13:00:00,0.1310239,0.1272264,2024-06-08,13
2024-06-08 14:00:00,0.2096248,0.2033728,2024-06-08,14
2024-06-08 15:00:00,0.09572006,0.09283369,2024-06-08,15
2024-06-08 16:00:00,0.09274063,0.0896313,2024-06-08,16
2024-06-08 17:00:00,0.05614397,0.05329506,2024-06-08,17
2024-06-08 18:00:00,0.002416885,0.0,2024-06-08,18
2024-06-08 19:00:00,0.0,0.0,2024-06-08,19
2024-06-08 20:00:00,0.0,0.0,2024-06-08,20
2024-06-08 21:00:00,0.0,0.0,2024-06-08,21
2024-06-08 22:00:00,0.0,0.0,2024-06-08,22
2024-06-08 23:00:00,0.0,0.0,2024-06-08,23
2024-06-09 00:00:00,0.0,0.0,2024-06-09,0
2024-06-09 01:00:00,0.0,0.0,2024-06-09,1
2024-06-09 02:00:00,0.0,0.0,2024-06-09,2
2024-06-09 03:00:00,0.0,0.0,2024-06-09,3
2024-06-09 04:00:00,0.00661005,0.0,2024-06-09,4
2024-06-09 05:00:00,0.04889179,0.04657717,2024-06-09,5
2024-06-09 06:00:00,0.152063,0.1451029,2024-06-09,6
2024-06-09 07:00:00,0.1407908,0.1364337,2024-06-09,7
2024-06-09 08:00:00,0.1264857,0.1227639,2024-06-09,8
2024-06-09 09:00:00,0.09334009,0.09063432,2024-06-09,9
2024-06-09 10:00:00,0.4004146,0.3887591,2024-06-09,10
2024-06-09 11:00:00,0.2092266,0.2032205,2024-06-09,11
2024-06-09 12:00:00,0.1674909,0.1626673,2024-06-09,12
2024-06-09 13:00:00,0.3634152,0.3524383,2024-06-09,13
2024-06-09 14:00:00,0.5796653,0.539384,2024-06-09,14
2024-06-09 15:00:00,0.2993724,0.2843101,2024-06-09,15
2024-06-09 16:00:00,0.04596179,0.04453597,2024-06-09,16
2024-06-09 17:00:00,0.01163062,0.01125352,2024-06-09,17
2024-06-09 18:00:00,0.000178966,0.0,2024-06-09,18
2024-06-09 19:00:00,0.0,0.0,2024-06-09,19
2024-06-09 20:00:00,0.0,0.0,2024-06-09,20
2024-06-09 21:00:00,0.0,0.0,2024-06-09,21
2024-06-09 22:00:00,0.0,0.0,2024-06-09,22
2024-06-09 23:00:00,0.0,0.0,2024-06-09,23
2024-06-10 00:00:00,0.0,0.0,2024-06-10,0
2024-06-10 01:00:00,0.0,0.0,2024-06-10,1
2024-06-10 02:00:00,0.0,0.0,2024-06-10,2
2024-06-10 03:00:00,0.0,0.0,2024-06-10,3
2024-06-10 04:00:00,0.004235114,0.0,2024-06-10,4
2024-06-10 05:00:00,0.02679341,0.02576866,2024-06-10,5
2024-06-10 06:00:00,0.05116771,0.04956026,2024-06-10,6
2024-06-10 07:00:00,0.02576017,0.02500441,2024-06-10,7
2024-06-10 08:00:00,0.0539449,0.05237122,2024-06-10,8
2024-06-10 09:00:00,0.284596,0.2762597,2024-06-10,9
2024-06-10 10:00:00,0.352484,0.3423026,2024-06-10,10
2024-06-10 11:00:00,0.5452435,0.5287644,2024-06-10,11
2024-06-10 12:00:00,0.4717595,0.4575969,2024-06-10,12
2024-06-10 13:00:00,0.4587872,0.4433755,2024-06-10,13
2024-06-10 14:00:00,0.4531262,0.431297,2024-06-10,14
2024-06-10 15:00:00,0.3111072,0.2943476,2024-06-10,15
2024-06-10 16:00:00,0.21809,0.1972339,2024-06-10,16
2024-06-10 17:00:00,0.07981713,0.07114775,2024-06-10,17
2024-06-10 18:00:00,0.00644346,0.0,2024-06-10,18
2024-06-10 19:00:00,0.0,0.0,2024-06-10,19
2024-06-10 20:00:00,0.0,0.0,2024-06-10,20
2024-06-10 21:00:00,0.0,0.0,2024-06-10,21
2024-06-10 22:00:00,0.0,0.0,2024-06-10,22
2024-06-10 23:00:00,0.0,0.0,2024-06-10,23
2024-06-11 00:00:00,0.0,0.0,2024-06-11,0
2024-06-11 01:00:00,0.0,0.0,2024-06-11,1
2024-06-11 02:00:00,0.0,0.0,2024-06-11,2
2024-06-11 03:00:00,0.0,0.0,2024-06-11,3
2024-06-11 04:00:00,0.006225562,0.0,2024-06-11,4
2024-06-11 05:00:00,0.03561794,0.03412785,2024-06-11,5
2024-06-11 06:00:00,0.09218685,0.08907086,2024-06-11,6
2024-06-11 07:00:00,0.1879235,0.1818566,2024-06-11,7
2024-06-11 08:00:00,0.2390405,0.2318115,2024-06-11,8
2024-06-11 09:00:00,0.244955,0.2378098,2024-06-11,9
2024-06-11 10:00:00,0.2653793,0.257735,2024-06-11,10
2024-06-11 11:00:00,0.1652044,0.1604533,2024-06-11,11
2024-06-11 12:00:00,0.2326368,0.2259383,2024-06-11,12
2024-06-11 13:00:00,0.208146,0.2020926,2024-06-11,13
2024-06-11 14:00:00,0.1702847,0.1652391,2024-06-11,14
2024-06-11 15:00:00,0.09093534,0.08819839,2024-06-11,15
2024-06-11 16:00:00,0.09023642,0.08722699,2024-06-11,16
2024-06-11 17:00:00,0.01498157,0.01448197,2024-06-11,17
2024-06-11 18:00:00,0.00182865,0.0,2024-06-11,18
2024-06-11 19:00:00,0.0,0.0,2024-06-11,19
2024-06-11 20:00:00,0.0,0.0,2024-06-11,20
2024-06-11 21:00:00,0.0,0.0,2024-06-11,21
2024-06-11 22:00:00,0.0,0.0,2024-06-11,22
2024-06-11 23:00:00,0.0,0.0,2024-06-11,23
2024-06-12 00:00:00,0.0,0.0,2024-06-12,0
2024-06-12 01:00:00,0.0,0.0,2024-06-12,1
2024-06-12 02:00:00,0.0,0.0,2024-06-12,2
2024-06-12 03:00:00,0.0,0.0,2024-06-12,3
2024-06-12 04:00:00,0.008552381,0.0,2024-06-12,4
2024-06-12 05:00:00,0.1589655,0.03869544,2024-06-12,5
2024-06-12 06:00:00,0.3549168,0.2569795,2024-06-12,6
2024-06-12 07:00:00,0.5600197,0.4763065,2024-06-12,7
2024-06-12 08:00:00,0.8057526,0.7307763,2024-06-12,8
2024-06-12 09:00:00,1.035915,0.9711,2024-06-12,9
2024-06-12 10:00:00,1.076784,1.026162,2024-06-12,10
2024-06-12 11:00:00,0.9486597,0.9094576,2024-06-12,11
2024-06-12 12:00:00,1.00927,0.9625109,2024-06-12,12
2024-06-12 13:00:00,0.7570674,0.715278,2024-06-12,13
2024-06-12 14:00:00,0.531475,0.4986532,2024-06-12,14
2024-06-12 15:00:00,0.5703933,0.4875365,2024-06-12,15
2024-06-12 16:00:00,0.3953274,0.2852686,2024-06-12,16
2024-06-12 17:00:00,0.1772483,0.0487615,2024-06-12,17
2024-06-12 18:00:00,0.01037287,0.0,2024-06-12,18
2024-06-12 19:00:00,0.0,0.0,2024-06-12,19
2024-06-12 20:00:00,0.0,0.0,2024-06-12,20
2024-06-12 21:00:00,0.0,0.0,2024-06-12,21
2024-06-12 22:00:00,0.0,0.0,2024-06-12,22
2024-06-12 23:00:00,0.0,0.0,2024-06-12,23
2024-06-13 00:00:00,0.0,0.0,2024-06-13,0
2024-06-13 01:00:00,0.0,0.0,2024-06-13,1
2024-06-13 02:00:00,0.0,0.0,2024-06-13,2
2024-06-13 03:00:00,0.0,0.0,2024-06-13,3
2024-06-13 04:00:00,0.00581196,0.0,2024-06-13,4
2024-06-13 05:00:00,0.1369498,0.05139852,2024-06-13,5
2024-06-13 06:00:00,0.2801134,0.22575,2024-06-13,6
2024-06-13 07:00:00,0.4808699,0.4185213,2024-06-13,7
2024-06-13 08:00:00,0.4239668,0.4046842,2024-06-13,8
2024-06-13 09:00:00,0.6535304,0.6214476,2024-06-13,9
2024-06-13 10:00:00,0.9324546,0.8890962,2024-06-13,10
2024-06-13 11:00:00,0.8856071,0.8497137,2024-06-13,11
2024-06-13 12:00:00,0.8824505,0.8428511,2024-06-13,12
2024-06-13 13:00:00,0.812808,0.7653326,2024-06-13,13
2024-06-13 14:00:00,0.707803,0.6462086,2024-06-13,14
2024-06-13 15:00:00,0.5820689,0.4965577,2024-06-13,15
2024-06-13 16:00:00,0.4053716,0.2917617,2024-06-13,16
2024-06-13 17:00:00,0.1493029,0.0614604,2024-06-13,17
2024-06-13 18:00:00,0.0111376,0.0,2024-06-13,18
2024-06-13 19:00:00,0.0,0.0,2024-06-13,19
2024-06-13 20:00:00,0.0,0.0,2024-06-13,20
2024-06-13 21:00:00,0.0,0.0,2024-06-13,21
2024-06-13 22:00:00,0.0,0.0,2024-06-13,22
2024-06-13 23:00:00,0.0,0.0,2024-06-13,23
2024-06-14 00:00:00,0.0,0.0,2024-06-14,0
2024-06-14 01:00:00,0.0,0.0,2024-06-14,1
2024-06-14 02:00:00,0.0,0.0,2024-06-14,2
2024-06-14 03:00:00,0.0,0.0,2024-06-14,3
2024-06-14 04:00:00,0.006492122,0.0,2024-06-14,4
2024-06-14 05:00:00,0.1097386,0.06849352,2024-06-14,5
2024-06-14 06:00:00,0.3662985,0.2616476,2024-06-14,6
2024-06-14 07:00:00,0.4326541,0.3848887,2024-06-14,7
2024-06-14 08:00:00,0.7435726,0.6745532,2024-06-14,8
2024-06-14 09:00:00,1.016764,0.9522818,2024-06-14,9
2024-06-14 10:00:00,1.063068,1.012281,2024-06-14,10
2024-06-14 11:00:00,1.099733,1.052537,2024-06-14,11
2024-06-14 12:00:00,1.066928,1.016623,2024-06-14,12
2024-06-14 13:00:00,0.6996601,0.6634829,2024-06-14,13
2024-06-14 14:00:00,0.6559085,0.6022083,2024-06-14,14
2024-06-14 15:00:00,0.3893079,0.3566963,2024-06-14,15
2024-06-14 16:00:00,0.3422533,0.2579721,2024-06-14,16
2024-06-14 17:00:00,0.1586698,0.05756037,2024-06-14,17
2024-06-14 18:00:00,0.008353312,0.0,2024-06-14,18
2024-06-14 19:00:00,0.0,0.0,2024-06-14,19
2024-06-14 20:00:00,0.0,0.0,2024-06-14,20
2024-06-14 21:00:00,0.0,0.0,2024-06-14,21
2024-06-14 22:00:00,0.0,0.0,2024-06-14,22
2024-06-14 23:00:00,0.0,0.0,2024-06-14,23
2024-06-15 00:00:00,0.0,0.0,2024-06-15,0
2024-06-15 01:00:00,0.0,0.0,2024-06-15,1
2024-06-15 02:00:00,0.0,0.0,2024-06-15,2
2024-06-15 03:00:00,0.0,0.0,2024-06-15,3
2024-06-15 04:00:00,0.004668901,0.0,2024-06-15,4
2024-06-15 05:00:00,0.1204215,0.06198383,2024-06-15,5
2024-06-15 06:00:00,0.3556392,0.2556722,2024-06-15,6
2024-06-15 07:00:00,0.5783312,0.4891029,2024-06-15,7
2024-06-15 08:00:00,0.6984733,0.6353456,2024-06-15,8
2024-06-15 09:00:00,0.9305055,0.8715195,2024-06-15,9
2024-06-15 10:00:00,0.9721857,0.925797,2024-06-15,10
2024-06-15 11:00:00,1.03527,0.9906862,2024-06-15,11
2024-06-15 12:00:00,1.081945,1.030599,2024-06-15,12
2024-06-15 13:00:00,0.8682182,0.815424,2024-06-15,13
2024-06-15 14:00:00,0.6856667,0.6271343,2024-06-15,14
2024-06-15 15:00:00,0.5291139,0.4565111,2024-06-15,15
2024-06-15 16:00:00,0.3045952,0.2425008,2024-06-15,16
2024-06-15 17:00:00,0.1444973,0.06682995,2024-06-15,17
2024-06-15 18:00:00,0.01143787,0.0,2024-06-15,18
2024-06-15 19:00:00,0.0,0.0,2024-06-15,19
2024-06-15 20:00:00,0.0,0.0,2024-06-15,20
2024-06-15 21:00:00,0.0,0.0,2024-06-15,21
2024-06-15 22:00:00,0.0,0.0,2024-06-15,22
2024-06-15 23:00:00,0.0,0.0,2024-06-15,23
2024-06-16 00:00:00,0.0,0.0,2024-06-16,0
2024-06-16 01:00:00,0.0,0.0,2024-06-16,1
2024-06-16 02:00:00,0.0,0.0,2024-06-16,2
2024-06-16 03:00:00,0.0,0.0,2024-06-16,3
2024-06-16 04:00:00,0.003788089,0.0,2024-06-16,4
2024-06-16 05:00:00,0.1126911,0.06597374,2024-06-16,5
2024-06-16 06:00:00,0.2519383,0.2126482,2024-06-16,6
2024-06-16 07:00:00,0.2453983,0.2357214,2024-06-16,7
2024-06-16 08:00:00,0.6251991,0.5738646,2024-06-16,8
2024-06-16 09:00:00,0.8485346,0.7956203,2024-06-16,9
2024-06-16 10:00:00,0.6998193,0.6723845,2024-06-16,10
2024-06-16 11:00:00,0.9547076,0.9140181,2024-06-16,11
2024-06-16 12:00:00,0.6528079,0.6289936,2024-06-16,12
2024-06-16 13:00:00,0.5558314,0.5334359,2024-06-16,13
2024-06-16 14:00:00,0.6482782,0.5957065,2024-06-16,14
2024-06-16 15:00:00,0.3479721,0.3248717,2024-06-16,15
2024-06-16 16:00:00,0.2201856,0.199437,2024-06-16,16
2024-06-16 17:00:00,0.08491735,0.07514711,2024-06-16,17
2024-06-16 18:00:00,0.008220212,0.0,2024-06-16,18
2024-06-16 19:00:00,0.0,0.0,2024-06-16,19
2024-06-16 20:00:00,0.0,0.0,2024-06-16,20
2024-06-16 21:00:00,0.0,0.0,2024-06-16,21
2024-06-16 22:00:00,0.0,0.0,2024-06-16,22
2024-06-16 23:00:00,0.0,0.0,2024-06-16,23
2024-06-17 00:00:00,0.0,0.0,2024-06-17,0
2024-06-17 01:00:00,0.0,0.0,2024-06-17,1
2024-06-17 02:00:00,0.0,0.0,2024-06-17,2
2024-06-17 03:00:00,0.0,0.0,2024-06-17,3
2024-06-17 04:00:00,0.006132663,0.0,2024-06-17,4
2024-06-17 05:00:00,0.06234835,0.05800424,2024-06-17,5
2024-06-17 06:00:00,0.08697485,0.08404612,2024-06-17,6
2024-06-17 07:00:00,0.1285027,0.1245355,2024-06-17,7
2024-06-17 08:00:00,0.1284688,0.1246787,2024-06-17,8
2024-06-17 09:00:00,0.3433988,0.3330406,2024-06-17,9
2024-06-17 10:00:00,0.2826813,0.2745218,2024-06-17,10
2024-06-17 11:00:00,0.2487061,0.2415578,2024-06-17,11
2024-06-17 12:00:00,0.3012898,0.2925963,2024-06-17,12
2024-06-17 13:00:00,0.2271699,0.2205487,2024-06-17,13
2024-06-17 14:00:00,0.08365504,0.08120756,2024-06-17,14
2024-06-17 15:00:00,0.1047757,0.1016008,2024-06-17,15
2024-06-17 16:00:00,0.08076921,0.07812534,2024-06-17,16
2024-06-17 17:00:00,0.04520297,0.0432706,2024-06-17,17
2024-06-17 18:00:00,0.002904,0.0,2024-06-17,18
2024-06-17 19:00:00,0.0,0.0,2024-06-17,19
2024-06-17 20:00:00,0.0,0.0,2024-06-17,20
2024-06-17 21:00:00,0.0,0.0,2024-06-17,21
2024-06-17 22:00:00,0.0,0.0,2024-06-17,22
2024-06-17 23:00:00,0.0,0.0,2024-06-17,23
2024-06-18 00:00:00,0.0,0.0,2024-06-18,0
2024-06-18 01:00:00,0.0,0.0,2024-06-18,1
2024-06-18 02:00:00,0.0,0.0,2024-06-18,2
2024-06-18 03:00:00,0.0,0.0,2024-06-18,3
2024-06-18 04:00:00,0.007649727,0.0,2024-06-18,4
2024-06-18 05:00:00,0.105859,0.06791225,2024-06-18,5
2024-06-18 06:00:00,0.2300064,0.2010387,2024-06-18,6
2024-06-18 07:00:00,0.2845042,0.2704721,2024-06-18,7
2024-06-18 08:00:00,0.4000327,0.3829238,2024-06-18,8
2024-06-18 09:00:00,0.3782839,0.3665254,2024-06-18,9
2024-06-18 10:00:00,0.5461162,0.5282288,2024-06-18,10
2024-06-18 11:00:00,0.778761,0.7488093,2024-06-18,11
2024-06-18 12:00:00,0.7869779,0.7534295,2024-06-18,12
2024-06-18 13:00:00,0.5428663,0.5214903,2024-06-18,13
2024-06-18 14:00:00,0.4927419,0.4656057,2024-06-18,14
2024-06-18 15:00:00,0.3772355,0.3478601,2024-06-18,15
2024-06-18 16:00:00,0.2219356,0.2008756,2024-06-18,16
2024-06-18 17:00:00,0.1067917,0.08227303,2024-06-18,17
2024-06-18 18:00:00,0.01038867,0.0,2024-06-18,18
2024-06-18 19:00:00,0.0,0.0,2024-06-18,19
2024-06-18 20:00:00,0.0,0.0,2024-06-18,20
2024-06-18 21:00:00,0.0,0.0,2024-06-18,21
2024-06-18 22:00:00,0.0,0.0,2024-06-18,22
2024-06-18 23:00:00,0.0,0.0,2024-06-18,23
2024-06-19 00:00:00,0.0,0.0,2024-06-19,0
2024-06-19 01:00:00,0.0,0.0,2024-06-19,1
2024-06-19 02:00:00,0.0,0.0,2024-06-19,2
2024-06-19 03:00:00,0.0,0.0,2024-06-19,3
2024-06-19 04:00:00,0.006311876,0.0,2024-06-19,4
2024-06-19 05:00:00,0.07216842,0.06440747,2024-06-19,5
2024-06-19 06:00:00,0.1816913,0.1691253,2024-06-19,6
2024-06-19 07:00:00,0.3787633,0.3455455,2024-06-19,7
2024-06-19 08:00:00,0.5206649,0.4871919,2024-06-19,8
2024-06-19 09:00:00,0.531504,0.5103354,2024-06-19,9
2024-06-19 10:00:00,0.7665902,0.7338171,2024-06-19,10
2024-06-19 11:00:00,0.7632516,0.7342446,2024-06-19,11
2024-06-19 12:00:00,0.7405812,0.7104458,2024-06-19,12
2024-06-19 13:00:00,0.6881796,0.6529052,2024-06-19,13
2024-06-19 14:00:00,0.411687,0.3942649,2024-06-19,14
2024-06-19 15:00:00,0.277168,0.2650332,2024-06-19,15
2024-06-19 16:00:00,0.1355778,0.130477,2024-06-19,16
2024-06-19 17:00:00,0.06248763,0.05922154,2024-06-19,17
2024-06-19 18:00:00,0.0053816,0.0,2024-06-19,18
2024-06-19 19:00:00,0.0,0.0,2024-06-19,19
2024-06-19 20:00:00,0.0,0.0,2024-06-19,20
2024-06-19 21:00:00,0.0,0.0,2024-06-19,21
2024-06-19 22:00:00,0.0,0.0,2024-06-19,22
2024-06-19 23:00:00,0.0,0.0,2024-06-19,23
2024-06-20 00:00:00,0.0,0.0,2024-06-20,0
2024-06-20 01:00:00,0.0,0.0,2024-06-20,1
2024-06-20 02:00:00,0.0,0.0,2024-06-20,2
2024-06-20 03:00:00,0.0,0.0,2024-06-20,3
2024-06-20 04:00:00,0.007716784,0.0,2024-06-20,4
2024-06-20 05:00:00,0.07901295,0.06743856,2024-06-20,5
2024-06-20 06:00:00,0.2304601,0.2008312,2024-06-20,6
2024-06-20 07:00:00,0.1851398,0.179138,2024-06-20,7
2024-06-20 08:00:00,0.3147659,0.3041493,2024-06-20,8
2024-06-20 09:00:00,0.2150855,0.2088088,2024-06-20,9
2024-06-20 10:00:00,0.2312501,0.2245774,2024-06-20,10
2024-06-20 11:00:00,0.08164126,0.07928244,2024-06-20,11
2024-06-20 12:00:00,0.2646974,0.2570631,2024-06-20,12
2024-06-20 13:00:00,0.3370703,0.3270015,2024-06-20,13
2024-06-20 14:00:00,0.198043,0.1921389,2024-06-20,14
2024-06-20 15:00:00,0.07865001,0.07629667,2024-06-20,15
2024-06-20 16:00:00,0.1044153,0.1008655,2024-06-20,16
2024-06-20 17:00:00,0.08166169,0.07391393,2024-06-20,17
2024-06-20 18:00:00,0.00835599,0.0,2024-06-20,18
2024-06-20 19:00:00,0.0,0.0,2024-06-20,19
2024-06-20 20:00:00,0.0,0.0,2024-06-20,20
2024-06-20 21:00:00,0.0,0.0,2024-06-20,21
2024-06-20 22:00:00,0.0,0.0,2024-06-20,22
2024-06-20 23:00:00,0.0,0.0,2024-06-20,23
2024-06-21 00:00:00,0.0,0.0,2024-06-21,0
2024-06-21 01:00:00,0.0,0.0,2024-06-21,1
2024-06-21 02:00:00,0.0,0.0,2024-06-21,2
2024-06-21 03:00:00,0.0,0.0,2024-06-21,3
2024-06-21 04:00:00,0.003944379,0.0,2024-06-21,4
2024-06-21 05:00:00,0.1172519,0.05914982,2024-06-21,5
2024-06-21 06:00:00,0.3094992,0.2333341,2024-06-21,6
2024-06-21 07:00:00,0.5020978,0.4306409,2024-06-21,7
2024-06-21 08:00:00,0.5305083,0.4951492,2024-06-21,8
2024-06-21 09:00:00,0.7661699,0.7205031,2024-06-21,9
2024-06-21 10:00:00,0.8204126,0.783366,2024-06-21,10
2024-06-21 11:00:00,0.7400033,0.7124411,2024-06-21,11
2024-06-21 12:00:00,0.6001127,0.5794526,2024-06-21,12
2024-06-21 13:00:00,0.7854209,0.7399729,2024-06-21,13
2024-06-21 14:00:00,0.7239906,0.6598792,2024-06-21,14
2024-06-21 15:00:00,0.431112,0.3878804,2024-06-21,15
2024-06-21 16:00:00,0.3844202,0.2812531,2024-06-21,16
2024-06-21 17:00:00,0.1312901,0.07955385,2024-06-21,17
2024-06-21 18:00:00,0.01327942,0.0,2024-06-21,18
2024-06-21 19:00:00,0.0,0.0,2024-06-21,19
2024-06-21 20:00:00,0.0,0.0,2024-06-21,20
2024-06-21 21:00:00,0.0,0.0,2024-06-21,21
2024-06-21 22:00:00,0.0,0.0,2024-06-21,22
2024-06-21 23:00:00,0.0,0.0,2024-06-21,23
2024-06-22 00:00:00,0.0,0.0,2024-06-22,0
2024-06-22 01:00:00,0.0,0.0,2024-06-22,1
2024-06-22 02:00:00,0.0,0.0,2024-06-22,2
2024-06-22 03:00:00,0.0,0.0,2024-06-22,3
2024-06-22 04:00:00,0.006069126,0.0,2024-06-22,4
2024-06-22 05:00:00,0.1150189,0.05971991,2024-06-22,5
2024-06-22 06:00:00,0.2328916,0.2016423,2024-06-22,6
2024-06-22 07:00:00,0.4058162,0.3643784,2024-06-22,7
2024-06-22 08:00:00,0.7092842,0.6429092,2024-06-22,8
2024-06-22 09:00:00,0.7744888,0.7278677,2024-06-22,9
2024-06-22 10:00:00,0.7454646,0.7141787,2024-06-22,10
2024-06-22 11:00:00,0.7202572,0.6939541,2024-06-22,11
2024-06-22 12:00:00,0.5237994,0.5071859,2024-06-22,12
2024-06-22 13:00:00,0.406547,0.3936886,2024-06-22,13
2024-06-22 14:00:00,0.1960943,0.190252,2024-06-22,14
2024-06-22 15:00:00,0.2684922,0.2573272,2024-06-22,15
2024-06-22 16:00:00,0.264135,0.2262825,2024-06-22,16
2024-06-22 17:00:00,0.1025258,0.08326188,2024-06-22,17
2024-06-22 18:00:00,0.006419217,0.0,2024-06-22,18
2024-06-22 19:00:00,0.0,0.0,2024-06-22,19
2024-06-22 20:00:00,0.0,0.0,2024-06-22,20
2024-06-22 21:00:00,0.0,0.0,2024-06-22,21
2024-06-22 22:00:00,0.0,0.0,2024-06-22,22
2024-06-22 23:00:00,0.0,0.0,2024-06-22,23
2024-06-23 00:00:00,0.0,0.0,2024-06-23,0
2024-06-23 01:00:00,0.0,0.0,2024-06-23,1
2024-06-23 02:00:00,0.0,0.0,2024-06-23,2
2024-06-23 03:00:00,0.0,0.0,2024-06-23,3
2024-06-23 04:00:00,0.005850917,0.0,2024-06-23,4
2024-06-23 05:00:00,0.1020274,0.06599405,2024-06-23,5
2024-06-23 06:00:00,0.2084959,0.1873865,2024-06-23,6
2024-06-23 07:00:00,0.551699,0.4661387,2024-06-23,7
2024-06-23 08:00:00,0.8172385,0.7378473,2024-06-23,8
2024-06-23 09:00:00,0.7998865,0.750598,2024-06-23,9
2024-06-23 10:00:00,0.9740106,0.9264518,2024-06-23,10
2024-06-23 11:00:00,1.057721,1.011277,2024-06-23,11
2024-06-23 12:00:00,1.093064,1.040567,2024-06-23,12
2024-06-23 13:00:00,0.9860619,0.924667,2024-06-23,13
2024-06-23 14:00:00,0.7640217,0.6950127,2024-06-23,14
2024-06-23 15:00:00,0.6273583,0.5341272,2024-06-23,15
2024-06-23 16:00:00,0.3619004,0.270394,2024-06-23,16
2024-06-23 17:00:00,0.1284527,0.08199792,2024-06-23,17
2024-06-23 18:00:00,0.01144886,0.0,2024-06-23,18
2024-06-23 19:00:00,0.0,0.0,2024-06-23,19
2024-06-23 20:00:00,0.0,0.0,2024-06-23,20
2024-06-23 21:00:00,0.0,0.0,2024-06-23,21
2024-06-23 22:00:00,0.0,0.0,2024-06-23,22
2024-06-23 23:00:00,0.0,0.0,2024-06-23,23
2024-06-24 00:00:00,0.0,0.0,2024-06-24,0
2024-06-24 01:00:00,0.0,0.0,2024-06-24,1
2024-06-24 02:00:00,0.0,0.0,2024-06-24,2
2024-06-24 03:00:00,0.0,0.0,2024-06-24,3
2024-06-24 04:00:00,0.005203965,0.0,2024-06-24,4
2024-06-24 05:00:00,0.09145763,0.06787134,2024-06-24,5
2024-06-24 06:00:00,0.2291546,0.1991886,2024-06-24,6
2024-06-24 07:00:00,0.5014601,0.4295498,2024-06-24,7
2024-06-24 08:00:00,0.6941131,0.6298636,2024-06-24,8
2024-06-24 09:00:00,0.738021,0.6953142,2024-06-24,9
2024-06-24 10:00:00,0.7138862,0.6850284,2024-06-24,10
2024-06-24 11:00:00,0.7540823,0.7256823,2024-06-24,11
2024-06-24 12:00:00,0.7826165,0.7494837,2024-06-24,12
2024-06-24 13:00:00,0.6358585,0.6062276,2024-06-24,13
2024-06-24 14:00:00,0.6550384,0.6019796,2024-06-24,14
2024-06-24 15:00:00,0.4195097,0.3800281,2024-06-24,15
2024-06-24 16:00:00,0.196649,0.1833487,2024-06-24,16
2024-06-24 17:00:00,0.1280861,0.0827395,2024-06-24,17
2024-06-24 18:00:00,0.01265488,0.0,2024-06-24,18
2024-06-24 19:00:00,0.0,0.0,2024-06-24,19
2024-06-24 20:00:00,0.0,0.0,2024-06-24,20
2024-06-24 21:00:00,0.0,0.0,2024-06-24,21
2024-06-24 22:00:00,0.0,0.0,2024-06-24,22
2024-06-24 23:00:00,0.0,0.0,2024-06-24,23
2024-06-25 00:00:00,0.0,0.0,2024-06-25,0
2024-06-25 01:00:00,0.0,0.0,2024-06-25,1
2024-06-25 02:00:00,0.0,0.0,2024-06-25,2
2024-06-25 03:00:00,0.0,0.0,2024-06-25,3
2024-06-25 04:00:00,0.004789216,0.0,2024-06-25,4
2024-06-25 05:00:00,0.01934393,0.01863875,2024-06-25,5
2024-06-25 06:00:00,0.1164358,0.1121904,2024-06-25,6
2024-06-25 07:00:00,0.1409045,0.1365103,2024-06-25,7
2024-06-25 08:00:00,0.136047,0.1320243,2024-06-25,8
2024-06-25 09:00:00,0.05954122,0.05781283,2024-06-25,9
2024-06-25 10:00:00,0.1514802,0.1471087,2024-06-25,10
2024-06-25 11:00:00,0.07236934,0.07027718,2024-06-25,11
2024-06-25 12:00:00,0.2308367,0.2241827,2024-06-25,12
2024-06-25 13:00:00,0.1981401,0.1923767,2024-06-25,13
2024-06-25 14:00:00,0.09140317,0.08872754,2024-06-25,14
2024-06-25 15:00:00,0.05938143,0.05762026,2024-06-25,15
2024-06-25 16:00:00,0.06480995,0.06275074,2024-06-25,16
2024-06-25 17:00:00,0.01706193,0.0164934,2024-06-25,17
2024-06-25 18:00:00,0.002424928,0.0,2024-06-25,18
2024-06-25 19:00:00,0.0,0.0,2024-06-25,19
2024-06-25 20:00:00,0.0,0.0,2024-06-25,20
2024-06-25 21:00:00,0.0,0.0,2024-06-25,21
2024-06-25 22:00:00,0.0,0.0,2024-06-25,22
2024-06-25 23:00:00,0.0,0.0,2024-06-25,23
2024-06-26 00:00:00,0.0,0.0,2024-06-26,0
2024-06-26 01:00:00,0.0,0.0,2024-06-26,1
2024-06-26 02:00:00,0.0,0.0,2024-06-26,2
2024-06-26 03:00:00,0.0,0.0,2024-06-26,3
2024-06-26 04:00:00,0.002048476,0.0,2024-06-26,4
2024-06-26 05:00:00,0.002288943,0.002220371,2024-06-26,5
2024-06-26 06:00:00,0.06912528,0.0668605,2024-06-26,6
2024-06-26 07:00:00,0.09873013,0.0957272,2024-06-26,7
2024-06-26 08:00:00,0.3175649,0.3067361,2024-06-26,8
2024-06-26 09:00:00,0.4726992,0.4557992,2024-06-26,9
2024-06-26 10:00:00,0.2958399,0.2872956,2024-06-26,10
2024-06-26 11:00:00,0.186591,0.1812233,2024-06-26,11
2024-06-26 12:00:00,0.1789983,0.1738383,2024-06-26,12
2024-06-26 13:00:00,0.3726594,0.3612888,2024-06-26,13
2024-06-26 14:00:00,0.401076,0.3848647,2024-06-26,14
2024-06-26 15:00:00,0.2145878,0.2073997,2024-06-26,15
2024-06-26 16:00:00,0.2203239,0.2008513,2024-06-26,16
2024-06-26 17:00:00,0.05496068,0.05249582,2024-06-26,17
2024-06-26 18:00:00,0.009133637,0.0,2024-06-26,18
2024-06-26 19:00:00,0.0,0.0,2024-06-26,19
2024-06-26 20:00:00,0.0,0.0,2024-06-26,20
2024-06-26 21:00:00,0.0,0.0,2024-06-26,21
2024-06-26 22:00:00,0.0,0.0,2024-06-26,22
2024-06-26 23:00:00,0.0,0.0,2024-06-26,23
2024-06-27 00:00:00,0.0,0.0,2024-06-27,0
2024-06-27 01:00:00,0.0,0.0,2024-06-27,1
2024-06-27 02:00:00,0.0,0.0,2024-06-27,2
2024-06-27 03:00:00,0.0,0.0,2024-06-27,3
2024-06-27 04:00:00,0.004805045,0.0,2024-06-27,4
2024-06-27 05:00:00,0.05680152,0.05308279,2024-06-27,5
2024-06-27 06:00:00,0.1617861,0.152711,2024-06-27,6
2024-06-27 07:00:00,0.1741262,0.1685523,2024-06-27,7
2024-06-27 08:00:00,0.1178565,0.1143836,2024-06-27,8
2024-06-27 09:00:00,0.04750444,0.04612502,2024-06-27,9
2024-06-27 10:00:00,0.1033872,0.1004004,2024-06-27,10
2024-06-27 11:00:00,0.3996627,0.3881235,2024-06-27,11
2024-06-27 12:00:00,0.3206184,0.3113666,2024-06-27,12
2024-06-27 13:00:00,0.2828501,0.2745711,2024-06-27,13
2024-06-27 14:00:00,0.2045583,0.1984615,2024-06-27,14
2024-06-27 15:00:00,0.1097673,0.1064401,2024-06-27,15
2024-06-27 16:00:00,0.1141479,0.1102276,2024-06-27,16
2024-06-27 17:00:00,0.04632523,0.0443863,2024-06-27,17
2024-06-27 18:00:00,0.00676148,0.0,2024-06-27,18
2024-06-27 19:00:00,0.0,0.0,2024-06-27,19
2024-06-27 20:00:00,0.0,0.0,2024-06-27,20
2024-06-27 21:00:00,0.0,0.0,2024-06-27,21
2024-06-27 22:00:00,0.0,0.0,2024-06-27,22
2024-06-27 23:00:00,0.0,0.0,2024-06-27,23
2024-06-28 00:00:00,0.0,0.0,2024-06-28,0
2024-06-28 01:00:00,0.0,0.0,2024-06-28,1
2024-06-28 02:00:00,0.0,0.0,2024-06-28,2
2024-06-28 03:00:00,0.0,0.0,2024-06-28,3
2024-06-28 04:00:00,0.004950382,0.0,2024-06-28,4
2024-06-28 05:00:00,0.0865143,0.06586081,2024-06-28,5
2024-06-28 06:00:00,0.2880663,0.2226464,2024-06-28,6
2024-06-28 07:00:00,0.3984582,0.3584161,2024-06-28,7
2024-06-28 08:00:00,0.7093562,0.6429435,2024-06-28,8
2024-06-28 09:00:00,0.7634882,0.7183037,2024-06-28,9
2024-06-28 10:00:00,0.7845964,0.7507117,2024-06-28,10
2024-06-28 11:00:00,0.6443321,0.6228167,2024-06-28,11
2024-06-28 12:00:00,0.9267623,0.8843026,2024-06-28,12
2024-06-28 13:00:00,0.7511619,0.7103063,2024-06-28,13
2024-06-28 14:00:00,0.5765275,0.537415,2024-06-28,14
2024-06-28 15:00:00,0.1684323,0.1631723,2024-06-28,15
2024-06-28 16:00:00,0.1654596,0.1577329,2024-06-28,16
2024-06-28 17:00:00,0.08817632,0.07870395,2024-06-28,17
2024-06-28 18:00:00,0.007711372,0.0,2024-06-28,18
2024-06-28 19:00:00,0.0,0.0,2024-06-28,19
2024-06-28 20:00:00,0.0,0.0,2024-06-28,20
2024-06-28 21:00:00,0.0,0.0,2024-06-28,21
2024-06-28 22:00:00,0.0,0.0,2024-06-28,22
2024-06-28 23:00:00,0.0,0.0,2024-06-28,23
2024-06-29 00:00:00,0.0,0.0,2024-06-29,0
2024-06-29 01:00:00,0.0,0.0,2024-06-29,1
2024-06-29 02:00:00,0.0,0.0,2024-06-29,2
2024-06-29 03:00:00,0.0,0.0,2024-06-29,3
2024-06-29 04:00:00,0.004319276,0.0,2024-06-29,4
2024-06-29 05:00:00,0.1292054,0.03864122,2024-06-29,5
2024-06-29 06:00:00,0.3100838,0.2300933,2024-06-29,6
2024-06-29 07:00:00,0.5256182,0.4462491,2024-06-29,7
2024-06-29 08:00:00,0.6150075,0.5642256,2024-06-29,8
2024-06-29 09:00:00,0.255494,0.2480168,2024-06-29,9
2024-06-29 10:00:00,0.7572387,0.7255787,2024-06-29,10
2024-06-29 11:00:00,0.7029641,0.6782369,2024-06-29,11
2024-06-29 12:00:00,0.7887129,0.7559419,2024-06-29,12
2024-06-29 13:00:00,0.7826996,0.7389784,2024-06-29,13
2024-06-29 14:00:00,0.8086001,0.7366737,2024-06-29,14
2024-06-29 15:00:00,0.466326,0.4147292,2024-06-29,15
2024-06-29 16:00:00,0.3420424,0.2639025,2024-06-29,16
2024-06-29 17:00:00,0.1558535,0.07395276,2024-06-29,17
2024-06-29 18:00:00,0.01383924,0.0,2024-06-29,18
2024-06-29 19:00:00,0.0,0.0,2024-06-29,19
2024-06-29 20:00:00,0.0,0.0,2024-06-29,20
2024-06-29 21:00:00,0.0,0.0,2024-06-29,21
2024-06-29 22:00:00,0.0,0.0,2024-06-29,22
2024-06-29 23:00:00,0.0,0.0,2024-06-29,23
2024-06-30 00:00:00,0.0,0.0,2024-06-30,0
2024-06-30 01:00:00,0.0,0.0,2024-06-30,1
2024-06-30 02:00:00,0.0,0.0,2024-06-30,2
2024-06-30 03:00:00,0.0,0.0,2024-06-30,3
2024-06-30 04:00:00,0.002560928,0.0,2024-06-30,4
2024-06-30 05:00:00,0.08874191,0.06439462,2024-06-30,5
2024-06-30 06:00:00,0.1787704,0.1659054,2024-06-30,6
2024-06-30 07:00:00,0.2728844,0.259907,2024-06-30,7
2024-06-30 08:00:00,0.3975187,0.3804055,2024-06-30,8
2024-06-30 09:00:00,0.4867359,0.4689677,2024-06-30,9
2024-06-30 10:00:00,0.5181878,0.5017896,2024-06-30,10
2024-06-30 11:00:00,0.575211,0.5572639,2024-06-30,11
2024-06-30 12:00:00,0.6490005,0.6259405,2024-06-30,12
2024-06-30 13:00:00,0.8070766,0.7613664,2024-06-30,13
2024-06-30 14:00:00,0.5177396,0.4881486,2024-06-30,14
2024-06-30 15:00:00,0.5201194,0.4535714,2024-06-30,15
2024-06-30 16:00:00,0.2538302,0.2225352,2024-06-30,16
2024-06-30 17:00:00,0.1114034,0.08687315,2024-06-30,17
2024-06-30 18:00:00,0.01224632,0.0,2024-06-30,18
2024-06-30 19:00:00,0.0,0.0,2024-06-30,19
2024-06-30 20:00:00,0.0,0.0,2024-06-30,20
2024-06-30 21:00:00,0.0,0.0,2024-06-30,21
2024-06-30 22:00:00,0.0,0.0,2024-06-30,22
2024-06-30 23:00:00,0.0,0.0,2024-06-30,23
2024-07-01 00:00:00,0.0,0.0,2024-07-01,0
2024-07-01 01:00:00,0.0,0.0,2024-07-01,1
2024-07-01 02:00:00,0.0,0.0,2024-07-01,2
2024-07-01 03:00:00,0.0,0.0,2024-07-01,3
2024-07-01 04:00:00,0.002684942,0.0,2024-07-01,4
2024-07-01 05:00:00,0.03957823,0.03771294,2024-07-01,5
2024-07-01 06:00:00,0.1112408,0.1072327,2024-07-01,6
2024-07-01 07:00:00,0.3613114,0.3313805,2024-07-01,7
2024-07-01 08:00:00,0.2675841,0.2592221,2024-07-01,8
2024-07-01 09:00:00,0.299425,0.2905874,2024-07-01,9
2024-07-01 10:00:00,0.4118775,0.3997586,2024-07-01,10
2024-07-01 11:00:00,0.3558875,0.3456792,2024-07-01,11
2024-07-01 12:00:00,0.5567269,0.5388824,2024-07-01,12
2024-07-01 13:00:00,0.3813208,0.3696796,2024-07-01,13
2024-07-01 14:00:00,0.247969,0.2404896,2024-07-01,14
2024-07-01 15:00:00,0.1111247,0.1077597,2024-07-01,15
2024-07-01 16:00:00,0.06718895,0.06505412,2024-07-01,16
2024-07-01 17:00:00,0.01764544,0.01705817,2024-07-01,17
2024-07-01 18:00:00,0.002305701,0.0,2024-07-01,18
2024-07-01 19:00:00,0.0,0.0,2024-07-01,19
2024-07-01 20:00:00,0.0,0.0,2024-07-01,20
2024-07-01 21:00:00,0.0,0.0,2024-07-01,21
2024-07-01 22:00:00,0.0,0.0,2024-07-01,22
2024-07-01 23:00:00,0.0,0.0,2024-07-01,23
2024-07-02 00:00:00,0.0,0.0,2024-07-02,0
2024-07-02 01:00:00,0.0,0.0,2024-07-02,1
2024-07-02 02:00:00,0.0,0.0,2024-07-02,2
2024-07-02 03:00:00,0.0,0.0,2024-07-02,3
2024-07-02 04:00:00,0.002116816,0.0,2024-07-02,4
2024-07-02 05:00:00,0.02746581,0.02633683,2024-07-02,5
2024-07-02 06:00:00,0.02709894,0.02627536,2024-07-02,6
2024-07-02 07:00:00,0.01344423,0.01305084,2024-07-02,7
2024-07-02 08:00:00,0.1605425,0.155776,2024-07-02,8
2024-07-02 09:00:00,0.1251122,0.1214807,2024-07-02,9
2024-07-02 10:00:00,0.1626282,0.1579401,2024-07-02,10
2024-07-02 11:00:00,0.2494596,0.2423008,2024-07-02,11
2024-07-02 12:00:00,0.1778087,0.1726888,2024-07-02,12
2024-07-02 13:00:00,0.1740368,0.1689884,2024-07-02,13
2024-07-02 14:00:00,0.240446,0.2332257,2024-07-02,14
2024-07-02 15:00:00,0.1363667,0.1321891,2024-07-02,15
2024-07-02 16:00:00,0.118426,0.1143525,2024-07-02,16
2024-07-02 17:00:00,0.08496507,0.07706389,2024-07-02,17
2024-07-02 18:00:00,0.002059772,0.0,2024-07-02,18
2024-07-02 19:00:00,0.0,0.0,2024-07-02,19
2024-07-02 20:00:00,0.0,0.0,2024-07-02,20
2024-07-02 21:00:00,0.0,0.0,2024-07-02,21
2024-07-02 22:00:00,0.0,0.0,2024-07-02,22
2024-07-02 23:00:00,0.0,0.0,2024-07-02,23
2024-07-03 00:00:00,0.0,0.0,2024-07-03,0
2024-07-03 01:00:00,0.0,0.0,2024-07-03,1
2024-07-03 02:00:00,0.0,0.0,2024-07-03,2
2024-07-03 03:00:00,0.0,0.0,2024-07-03,3
2024-07-03 04:00:00,0.002508575,0.0,2024-07-03,4
2024-07-03 05:00:00,0.02522047,0.02420732,2024-07-03,5
2024-07-03 06:00:00,0.06954604,0.0672579,2024-07-03,6
2024-07-03 07:00:00,0.1273481,0.1234093,2024-07-03,7
2024-07-03 08:00:00,0.1308618,0.1269996,2024-07-03,8
2024-07-03 09:00:00,0.2859947,0.2775941,2024-07-03,9
2024-07-03 10:00:00,0.4960549,0.4807821,2024-07-03,10
2024-07-03 11:00:00,0.2570476,0.2496746,2024-07-03,11
2024-07-03 12:00:00,0.1857715,0.1804246,2024-07-03,12
2024-07-03 13:00:00,0.3586842,0.347941,2024-07-03,13
2024-07-03 14:00:00,0.3014407,0.2918906,2024-07-03,14
2024-07-03 15:00:00,0.1968794,0.1905746,2024-07-03,15
2024-07-03 16:00:00,0.1501451,0.1441177,2024-07-03,16
2024-07-03 17:00:00,0.08188021,0.07506852,2024-07-03,17
2024-07-03 18:00:00,0.005643875,0.0,2024-07-03,18
2024-07-03 19:00:00,0.0,0.0,2024-07-03,19
2024-07-03 20:00:00,0.0,0.0,2024-07-03,20
2024-07-03 21:00:00,0.0,0.0,2024-07-03,21
2024-07-03 22:00:00,0.0,0.0,2024-07-03,22
2024-07-03 23:00:00,0.0,0.0,2024-07-03,23
2024-07-04 00:00:00,0.0,0.0,2024-07-04,0
2024-07-04 01:00:00,0.0,0.0,2024-07-04,1
2024-07-04 02:00:00,0.0,0.0,2024-07-04,2
2024-07-04 03:00:00,0.0,0.0,2024-07-04,3
2024-07-04 04:00:00,0.002438427,0.0,2024-07-04,4
2024-07-04 05:00:00,0.0141129,0.01361853,2024-07-04,5
2024-07-04 06:00:00,0.0483822,0.0468537,2024-07-04,6
2024-07-04 07:00:00,0.1321577,0.1280588,2024-07-04,7
2024-07-04 08:00:00,0.2232544,0.2165271,2024-07-04,8
2024-07-04 09:00:00,0.2406897,0.233667,2024-07-04,9
2024-07-04 10:00:00,0.1282308,0.1245326,2024-07-04,10
2024-07-04 11:00:00,0.1760635,0.171005,2024-07-04,11
2024-07-04 12:00:00,0.1516251,0.1472586,2024-07-04,12
2024-07-04 13:00:00,0.123905,0.1203163,2024-07-04,13
2024-07-04 14:00:00,0.1557784,0.1511884,2024-07-04,14
2024-07-04 15:00:00,0.1377548,0.1335371,2024-07-04,15
2024-07-04 16:00:00,0.06709462,0.06496734,2024-07-04,16
2024-07-04 17:00:00,0.023283,0.02247602,2024-07-04,17
2024-07-04 18:00:00,0.001623274,0.0,2024-07-04,18
2024-07-04 19:00:00,0.0,0.0,2024-07-04,19
2024-07-04 20:00:00,0.0,0.0,2024-07-04,20
2024-07-04 21:00:00,0.0,0.0,2024-07-04,21
2024-07-04 22:00:00,0.0,0.0,2024-07-04,22
2024-07-04 23:00:00,0.0,0.0,2024-07-04,23
2024-07-05 00:00:00,0.0,0.0,2024-07-05,0
2024-07-05 01:00:00,0.0,0.0,2024-07-05,1
2024-07-05 02:00:00,0.0,0.0,2024-07-05,2
2024-07-05 03:00:00,0.0,0.0,2024-07-05,3
2024-07-05 04:00:00,0.003606509,0.0,2024-07-05,4
2024-07-05 05:00:00,0.08720297,0.06069541,2024-07-05,5
2024-07-05 06:00:00,0.09571693,0.09239306,2024-07-05,6
2024-07-05 07:00:00,0.318551,0.2981437,2024-07-05,7
2024-07-05 08:00:00,0.4996646,0.4694983,2024-07-05,8
2024-07-05 09:00:00,0.5246256,0.5043948,2024-07-05,9
2024-07-05 10:00:00,0.8359372,0.8002942,2024-07-05,10
2024-07-05 11:00:00,0.7097892,0.685802,2024-07-05,11
2024-07-05 12:00:00,0.5069192,0.4915786,2024-07-05,12
2024-07-05 13:00:00,0.4756562,0.4597053,2024-07-05,13
2024-07-05 14:00:00,0.2650035,0.2569507,2024-07-05,14
2024-07-05 15:00:00,0.4164959,0.380271,2024-07-05,15
2024-07-05 16:00:00,0.40665,0.301674,2024-07-05,16
2024-07-05 17:00:00,0.1549193,0.07743016,2024-07-05,17
2024-07-05 18:00:00,0.01224091,0.0,2024-07-05,18
2024-07-05 19:00:00,0.0,0.0,2024-07-05,19
2024-07-05 20:00:00,0.0,0.0,2024-07-05,20
2024-07-05 21:00:00,0.0,0.0,2024-07-05,21
2024-07-05 22:00:00,0.0,0.0,2024-07-05,22
2024-07-05 23:00:00,0.0,0.0,2024-07-05,23
2024-07-06 00:00:00,0.0,0.0,2024-07-06,0
2024-07-06 01:00:00,0.0,0.0,2024-07-06,1
2024-07-06 02:00:00,0.0,0.0,2024-07-06,2
2024-07-06 03:00:00,0.0,0.0,2024-07-06,3
2024-07-06 04:00:00,0.001568394,0.0,2024-07-06,4
2024-07-06 05:00:00,0.03927724,0.03737303,2024-07-06,5
2024-07-06 06:00:00,0.2308158,0.197054,2024-07-06,6
2024-07-06 07:00:00,0.4623425,0.4021101,2024-07-06,7
2024-07-06 08:00:00,0.5342221,0.4985884,2024-07-06,8
2024-07-06 09:00:00,0.4847439,0.4674391,2024-07-06,9
2024-07-06 10:00:00,0.6018876,0.5817332,2024-07-06,10
2024-07-06 11:00:00,0.3439384,0.3341113,2024-07-06,11
2024-07-06 12:00:00,0.07220215,0.07011542,2024-07-06,12
2024-07-06 13:00:00,0.06652354,0.06459591,2024-07-06,13
2024-07-06 14:00:00,0.01963376,0.01906189,2024-07-06,14
2024-07-06 15:00:00,0.06580653,0.06385519,2024-07-06,15
2024-07-06 16:00:00,0.05433817,0.05264843,2024-07-06,16
2024-07-06 17:00:00,0.07591105,0.07077695,2024-07-06,17
2024-07-06 18:00:00,0.01159439,0.0,2024-07-06,18
2024-07-06 19:00:00,0.0,0.0,2024-07-06,19
2024-07-06 20:00:00,0.0,0.0,2024-07-06,20
2024-07-06 21:00:00,0.0,0.0,2024-07-06,21
2024-07-06 22:00:00,0.0,0.0,2024-07-06,22
2024-07-06 23:00:00,0.0,0.0,2024-07-06,23
2024-07-07 00:00:00,0.0,0.0,2024-07-07,0
2024-07-07 01:00:00,0.0,0.0,2024-07-07,1
2024-07-07 02:00:00,0.0,0.0,2024-07-07,2
2024-07-07 03:00:00,0.0,0.0,2024-07-07,3
2024-07-07 04:00:00,0.001520979,0.0,2024-07-07,4
2024-07-07 05:00:00,0.07145348,0.05933921,2024-07-07,5
2024-07-07 06:00:00,0.1006807,0.097145,2024-07-07,6
2024-07-07 07:00:00,0.1897128,0.1834616,2024-07-07,7
2024-07-07 08:00:00,0.2234155,0.2166926,2024-07-07,8
2024-07-07 09:00:00,0.5123367,0.4932221,2024-07-07,9
2024-07-07 10:00:00,0.7895617,0.7578638,2024-07-07,10
2024-07-07 11:00:00,0.3582492,0.3480277,2024-07-07,11
2024-07-07 12:00:00,0.7599818,0.731665,2024-07-07,12
2024-07-07 13:00:00,0.5176857,0.499437,2024-07-07,13
2024-07-07 14:00:00,0.335586,0.3244438,2024-07-07,14
2024-07-07 15:00:00,0.4018885,0.3697304,2024-07-07,15
2024-07-07 16:00:00,0.3818823,0.2881281,2024-07-07,16
2024-07-07 17:00:00,0.1229882,0.08805451,2024-07-07,17
2024-07-07 18:00:00,0.01400337,0.0,2024-07-07,18
2024-07-07 19:00:00,0.0,0.0,2024-07-07,19
2024-07-07 20:00:00,0.0,0.0,2024-07-07,20
2024-07-07 21:00:00,0.0,0.0,2024-07-07,21
2024-07-07 22:00:00,0.0,0.0,2024-07-07,22
2024-07-07 23:00:00,0.0,0.0,2024-07-07,23
2024-07-08 00:00:00,0.0,0.0,2024-07-08,0
2024-07-08 01:00:00,0.0,0.0,2024-07-08,1
2024-07-08 02:00:00,0.0,0.0,2024-07-08,2
2024-07-08 03:00:00,0.0,0.0,2024-07-08,3
2024-07-08 04:00:00,0.001811497,0.0,2024-07-08,4
2024-07-08 05:00:00,0.00026347,0.000255737,2024-07-08,5
2024-07-08 06:00:00,0.03597622,0.03486478,2024-07-08,6
2024-07-08 07:00:00,0.05578575,0.05412764,2024-07-08,7
2024-07-08 08:00:00,0.1135453,0.1102083,2024-07-08,8
2024-07-08 09:00:00,0.1047541,0.1017183,2024-07-08,9
2024-07-08 10:00:00,0.1421193,0.1380265,2024-07-08,10
2024-07-08 11:00:00,0.10232,0.0993721,2024-07-08,11
2024-07-08 12:00:00,0.1390868,0.1350839,2024-07-08,12
2024-07-08 13:00:00,0.1012775,0.09834675,2024-07-08,13
2024-07-08 14:00:00,0.0617495,0.05995075,2024-07-08,14
2024-07-08 15:00:00,0.03087885,0.02997362,2024-07-08,15
2024-07-08 16:00:00,0.0473595,0.04590222,2024-07-08,16
2024-07-08 17:00:00,0.02243232,0.0216621,2024-07-08,17
2024-07-08 18:00:00,0.001319093,0.0,2024-07-08,18
2024-07-08 19:00:00,0.0,0.0,2024-07-08,19
2024-07-08 20:00:00,0.0,0.0,2024-07-08,20
2024-07-08 21:00:00,0.0,0.0,2024-07-08,21
2024-07-08 22:00:00,0.0,0.0,2024-07-08,22
2024-07-08 23:00:00,0.0,0.0,2024-07-08,23
2024-07-09 00:00:00,0.0,0.0,2024-07-09,0
2024-07-09 01:00:00,0.0,0.0,2024-07-09,1
2024-07-09 02:00:00,0.0,0.0,2024-07-09,2
2024-07-09 03:00:00,0.0,0.0,2024-07-09,3
2024-07-09 04:00:00,0.002425925,0.0,2024-07-09,4
2024-07-09 05:00:00,0.07314317,0.05866219,2024-07-09,5
2024-07-09 06:00:00,0.1285502,0.1232932,2024-07-09,6
2024-07-09 07:00:00,0.2296907,0.2209918,2024-07-09,7
2024-07-09 08:00:00,0.1586627,0.1539653,2024-07-09,8
2024-07-09 09:00:00,0.2601288,0.252548,2024-07-09,9
2024-07-09 10:00:00,0.2142797,0.2081224,2024-07-09,10
2024-07-09 11:00:00,0.2614568,0.2539802,2024-07-09,11
2024-07-09 12:00:00,0.2210798,0.2147367,2024-07-09,12
2024-07-09 13:00:00,0.4385324,0.4247442,2024-07-09,13
2024-07-09 14:00:00,0.4051428,0.3894804,2024-07-09,14
2024-07-09 15:00:00,0.21705,0.2098813,2024-07-09,15
2024-07-09 16:00:00,0.1538991,0.14763,2024-07-09,16
2024-07-09 17:00:00,0.03737114,0.03593737,2024-07-09,17
2024-07-09 18:00:00,0.002576914,0.0,2024-07-09,18
2024-07-09 19:00:00,0.0,0.0,2024-07-09,19
2024-07-09 20:00:00,0.0,0.0,2024-07-09,20
2024-07-09 21:00:00,0.0,0.0,2024-07-09,21
2024-07-09 22:00:00,0.0,0.0,2024-07-09,22
2024-07-09 23:00:00,0.0,0.0,2024-07-09,23
2024-07-10 00:00:00,0.0,0.0,2024-07-10,0
2024-07-10 01:00:00,0.0,0.0,2024-07-10,1
2024-07-10 02:00:00,0.0,0.0,2024-07-10,2
2024-07-10 03:00:00,0.0,0.0,2024-07-10,3
2024-07-10 04:00:00,0.002221663,0.0,2024-07-10,4
2024-07-10 05:00:00,0.1244265,0.02279075,2024-07-10,5
2024-07-10 06:00:00,0.2936415,0.2206665,2024-07-10,6
2024-07-10 07:00:00,0.4590394,0.4004239,2024-07-10,7
2024-07-10 08:00:00,0.3474902,0.3348747,2024-07-10,8
2024-07-10 09:00:00,0.7202653,0.6832276,2024-07-10,9
2024-07-10 10:00:00,0.9427615,0.9035825,2024-07-10,10
2024-07-10 11:00:00,0.8482345,0.818907,2024-07-10,11
2024-07-10 12:00:00,0.7599515,0.732915,2024-07-10,12
2024-07-10 13:00:00,0.5045004,0.4874347,2024-07-10,13
2024-07-10 14:00:00,0.3156553,0.305603,2024-07-10,14
2024-07-10 15:00:00,0.2563268,0.2467499,2024-07-10,15
2024-07-10 16:00:00,0.1119489,0.1081743,2024-07-10,16
2024-07-10 17:00:00,0.08010698,0.07390711,2024-07-10,17
2024-07-10 18:00:00,0.01175862,0.0,2024-07-10,18
2024-07-10 19:00:00,0.0,0.0,2024-07-10,19
2024-07-10 20:00:00,0.0,0.0,2024-07-10,20
2024-07-10 21:00:00,0.0,0.0,2024-07-10,21
2024-07-10 22:00:00,0.0,0.0,2024-07-10,22
2024-07-10 23:00:00,0.0,0.0,2024-07-10,23
2024-07-11 00:00:00,0.0,0.0,2024-07-11,0
2024-07-11 01:00:00,0.0,0.0,2024-07-11,1
2024-07-11 02:00:00,0.0,0.0,2024-07-11,2
2024-07-11 03:00:00,0.0,0.0,2024-07-11,3
2024-07-11 04:00:00,0.00185437,0.0,2024-07-11,4
2024-07-11 05:00:00,0.07109855,0.05724298,2024-07-11,5
2024-07-11 06:00:00,0.1117935,0.1077046,2024-07-11,6
2024-07-11 07:00:00,0.3706851,0.3383121,2024-07-11,7
2024-07-11 08:00:00,0.464922,0.4405486,2024-07-11,8
2024-07-11 09:00:00,0.6368923,0.6081836,2024-07-11,9
2024-07-11 10:00:00,0.7250545,0.6990868,2024-07-11,10
2024-07-11 11:00:00,0.8926191,0.8617821,2024-07-11,11
2024-07-11 12:00:00,1.005356,0.9662748,2024-07-11,12
2024-07-11 13:00:00,0.7734082,0.736251,2024-07-11,13
2024-07-11 14:00:00,0.3989217,0.3839305,2024-07-11,14
2024-07-11 15:00:00,0.5957296,0.5181765,2024-07-11,15
2024-07-11 16:00:00,0.4010013,0.3022316,2024-07-11,16
2024-07-11 17:00:00,0.1064161,0.08688071,2024-07-11,17
2024-07-11 18:00:00,0.01608041,0.0,2024-07-11,18
2024-07-11 19:00:00,0.0,0.0,2024-07-11,19
2024-07-11 20:00:00,0.0,0.0,2024-07-11,20
2024-07-11 21:00:00,0.0,0.0,2024-07-11,21
2024-07-11 22:00:00,0.0,0.0,2024-07-11,22
2024-07-11 23:00:00,0.0,0.0,2024-07-11,23
2024-07-12 00:00:00,0.0,0.0,2024-07-12,0
2024-07-12 01:00:00,0.0,0.0,2024-07-12,1
2024-07-12 02:00:00,0.0,0.0,2024-07-12,2
2024-07-12 03:00:00,0.0,0.0,2024-07-12,3
2024-07-12 04:00:00,0.001866555,0.0,2024-07-12,4
2024-07-12 05:00:00,0.04924991,0.04593998,2024-07-12,5
2024-07-12 06:00:00,0.1225599,0.1177516,2024-07-12,6
2024-07-12 07:00:00,0.08415984,0.08162595,2024-07-12,7
2024-07-12 08:00:00,0.1824766,0.1770593,2024-07-12,8
2024-07-12 09:00:00,0.2781627,0.2700595,2024-07-12,9
2024-07-12 10:00:00,0.2487398,0.2416092,2024-07-12,10
2024-07-12 11:00:00,0.2340299,0.2273434,2024-07-12,11
2024-07-12 12:00:00,0.4336181,0.4212247,2024-07-12,12
2024-07-12 13:00:00,0.2743939,0.2664523,2024-07-12,13
2024-07-12 14:00:00,0.1911869,0.185553,2024-07-12,14
2024-07-12 15:00:00,0.08294193,0.08047333,2024-07-12,15
2024-07-12 16:00:00,0.09190453,0.08890413,2024-07-12,16
2024-07-12 17:00:00,0.03741496,0.03598187,2024-07-12,17
2024-07-12 18:00:00,0.000936028,0.0,2024-07-12,18
2024-07-12 19:00:00,0.0,0.0,2024-07-12,19
2024-07-12 20:00:00,0.0,0.0,2024-07-12,20
2024-07-12 21:00:00,0.0,0.0,2024-07-12,21
2024-07-12 22:00:00,0.0,0.0,2024-07-12,22
2024-07-12 23:00:00,0.0,0.0,2024-07-12,23
2024-07-13 00:00:00,0.0,0.0,2024-07-13,0
2024-07-13 01:00:00,0.0,0.0,2024-07-13,1
2024-07-13 02:00:00,0.0,0.0,2024-07-13,2
2024-07-13 03:00:00,0.0,0.0,2024-07-13,3
2024-07-13 04:00:00,0.001070406,0.0,2024-07-13,4
2024-07-13 05:00:00,0.05359626,0.04904374,2024-07-13,5
2024-07-13 06:00:00,0.3138713,0.2281222,2024-07-13,6
2024-07-13 07:00:00,0.44888,0.3940414,2024-07-13,7
2024-07-13 08:00:00,0.6438645,0.5925032,2024-07-13,8
2024-07-13 09:00:00,0.7931055,0.7512441,2024-07-13,9
2024-07-13 10:00:00,0.8036856,0.7741792,2024-07-13,10
2024-07-13 11:00:00,0.9175464,0.8870683,2024-07-13,11
2024-07-13 12:00:00,0.6073557,0.5889481,2024-07-13,12
2024-07-13 13:00:00,0.71798,0.6865179,2024-07-13,13
2024-07-13 14:00:00,0.525951,0.4985158,2024-07-13,14
2024-07-13 15:00:00,0.3844234,0.3575301,2024-07-13,15
2024-07-13 16:00:00,0.1867939,0.176445,2024-07-13,16
2024-07-13 17:00:00,0.0834336,0.07614043,2024-07-13,17
2024-07-13 18:00:00,0.008026601,0.0,2024-07-13,18
2024-07-13 19:00:00,0.0,0.0,2024-07-13,19
2024-07-13 20:00:00,0.0,0.0,2024-07-13,20
2024-07-13 21:00:00,0.0,0.0,2024-07-13,21
2024-07-13 22:00:00,0.0,0.0,2024-07-13,22
2024-07-13 23:00:00,0.0,0.0,2024-07-13,23
2024-07-14 00:00:00,0.0,0.0,2024-07-14,0
2024-07-14 01:00:00,0.0,0.0,2024-07-14,1
2024-07-14 02:00:00,0.0,0.0,2024-07-14,2
2024-07-14 03:00:00,0.0,0.0,2024-07-14,3
2024-07-14 04:00:00,0.001116707,0.0,2024-07-14,4
2024-07-14 05:00:00,0.03270247,0.03116996,2024-07-14,5
2024-07-14 06:00:00,0.09764569,0.09423409,2024-07-14,6
2024-07-14 07:00:00,0.2202808,0.2122876,2024-07-14,7
2024-07-14 08:00:00,0.3179965,0.307351,2024-07-14,8
2024-07-14 09:00:00,0.3659973,0.3550286,2024-07-14,9
2024-07-14 10:00:00,0.3412734,0.3315388,2024-07-14,10
2024-07-14 11:00:00,0.1907921,0.1853358,2024-07-14,11
2024-07-14 12:00:00,0.2177471,0.2115173,2024-07-14,12
2024-07-14 13:00:00,0.2117908,0.2056803,2024-07-14,13
2024-07-14 14:00:00,0.1256319,0.1219626,2024-07-14,14
2024-07-14 15:00:00,0.166568,0.161445,2024-07-14,15
2024-07-14 16:00:00,0.04450879,0.04314848,2024-07-14,16
2024-07-14 17:00:00,0.0252309,0.02434856,2024-07-14,17
2024-07-14 18:00:00,0.004010714,0.0,2024-07-14,18
2024-07-14 19:00:00,0.0,0.0,2024-07-14,19
2024-07-14 20:00:00,0.0,0.0,2024-07-14,20
2024-07-14 21:00:00,0.0,0.0,2024-07-14,21
2024-07-14 22:00:00,0.0,0.0,2024-07-14,22
2024-07-14 23:00:00,0.0,0.0,2024-07-14,23
2024-07-15 00:00:00,0.0,0.0,2024-07-15,0
2024-07-15 01:00:00,0.0,0.0,2024-07-15,1
2024-07-15 02:00:00,0.0,0.0,2024-07-15,2
2024-07-15 03:00:00,0.0,0.0,2024-07-15,3
2024-07-15 04:00:00,0.001273248,0.0,2024-07-15,4
2024-07-15 05:00:00,0.07605763,0.05452332,2024-07-15,5
2024-07-15 06:00:00,0.08130308,0.07855806,2024-07-15,6
2024-07-15 07:00:00,0.1283488,0.1243964,2024-07-15,7
2024-07-15 08:00:00,0.3934335,0.3774491,2024-07-15,8
2024-07-15 09:00:00,0.5311248,0.5119223,2024-07-15,9
2024-07-15 10:00:00,0.7675394,0.7411901,2024-07-15,10
2024-07-15 11:00:00,0.8163149,0.7914976,2024-07-15,11
2024-07-15 12:00:00,0.7418415,0.7182191,2024-07-15,12
2024-07-15 13:00:00,0.8019099,0.765489,2024-07-15,13
2024-07-15 14:00:00,0.6206787,0.58175,2024-07-15,14
2024-07-15 15:00:00,0.469048,0.42325,2024-07-15,15
2024-07-15 16:00:00,0.3044725,0.2529232,2024-07-15,16
2024-07-15 17:00:00,0.1423925,0.08301423,2024-07-15,17
2024-07-15 18:00:00,0.009558005,0.0,2024-07-15,18
2024-07-15 19:00:00,0.0,0.0,2024-07-15,19
2024-07-15 20:00:00,0.0,0.0,2024-07-15,20
2024-07-15 21:00:00,0.0,0.0,2024-07-15,21
2024-07-15 22:00:00,0.0,0.0,2024-07-15,22
2024-07-15 23:00:00,0.0,0.0,2024-07-15,23
2024-07-16 00:00:00,0.0,0.0,2024-07-16,0
2024-07-16 01:00:00,0.0,0.0,2024-07-16,1
2024-07-16 02:00:00,0.0,0.0,2024-07-16,2
2024-07-16 03:00:00,0.0,0.0,2024-07-16,3
2024-07-16 04:00:00,0.000147248,0.0,2024-07-16,4
2024-07-16 05:00:00,0.03497916,0.03326987,2024-07-16,5
2024-07-16 06:00:00,0.05913638,0.0572274,2024-07-16,6
2024-07-16 07:00:00,0.2599056,0.2484298,2024-07-16,7
2024-07-16 08:00:00,0.5628463,0.5255203,2024-07-16,8
2024-07-16 09:00:00,0.3758693,0.3646077,2024-07-16,9
2024-07-16 10:00:00,0.5774851,0.5603338,2024-07-16,10
2024-07-16 11:00:00,0.7969467,0.7735258,2024-07-16,11
2024-07-16 12:00:00,0.9467781,0.9148144,2024-07-16,12
2024-07-16 13:00:00,0.7349896,0.7041116,2024-07-16,13
2024-07-16 14:00:00,0.5616584,0.5309368,2024-07-16,14
2024-07-16 15:00:00,0.6088967,0.5335143,2024-07-16,15
2024-07-16 16:00:00,0.3726687,0.2886815,2024-07-16,16
2024-07-16 17:00:00,0.1284655,0.08658693,2024-07-16,17
2024-07-16 18:00:00,0.009550725,0.0,2024-07-16,18
2024-07-16 19:00:00,0.0,0.0,2024-07-16,19
2024-07-16 20:00:00,0.0,0.0,2024-07-16,20
2024-07-16 21:00:00,0.0,0.0,2024-07-16,21
2024-07-16 22:00:00,0.0,0.0,2024-07-16,22
2024-07-16 23:00:00,0.0,0.0,2024-07-16,23
2024-07-17 00:00:00,0.0,0.0,2024-07-17,0
2024-07-17 01:00:00,0.0,0.0,2024-07-17,1
2024-07-17 02:00:00,0.0,0.0,2024-07-17,2
2024-07-17 03:00:00,0.0,0.0,2024-07-17,3
2024-07-17 04:00:00,0.000644688,0.0,2024-07-17,4
2024-07-17 05:00:00,0.05862759,0.05105666,2024-07-17,5
2024-07-17 06:00:00,0.1621357,0.1517556,2024-07-17,6
2024-07-17 07:00:00,0.2795689,0.2657206,2024-07-17,7
2024-07-17 08:00:00,0.2488089,0.2412839,2024-07-17,8
2024-07-17 09:00:00,0.3144581,0.3052998,2024-07-17,9
2024-07-17 10:00:00,0.5154148,0.5006467,2024-07-17,10
2024-07-17 11:00:00,0.6130478,0.5962567,2024-07-17,11
2024-07-17 12:00:00,0.403749,0.3924142,2024-07-17,12
2024-07-17 13:00:00,0.3598413,0.3493953,2024-07-17,13
2024-07-17 14:00:00,0.1284823,0.1247356,2024-07-17,14
2024-07-17 15:00:00,0.1664085,0.1613096,2024-07-17,15
2024-07-17 16:00:00,0.2758687,0.2383603,2024-07-17,16
2024-07-17 17:00:00,0.07946729,0.07323044,2024-07-17,17
2024-07-17 18:00:00,0.006948462,0.0,2024-07-17,18
2024-07-17 19:00:00,0.0,0.0,2024-07-17,19
2024-07-17 20:00:00,0.0,0.0,2024-07-17,20
2024-07-17 21:00:00,0.0,0.0,2024-07-17,21
2024-07-17 22:00:00,0.0,0.0,2024-07-17,22
2024-07-17 23:00:00,0.0,0.0,2024-07-17,23
2024-07-18 00:00:00,0.0,0.0,2024-07-18,0
2024-07-18 01:00:00,0.0,0.0,2024-07-18,1
2024-07-18 02:00:00,0.0,0.0,2024-07-18,2
2024-07-18 03:00:00,0.0,0.0,2024-07-18,3
2024-07-18 04:00:00,0.000538109,0.0,2024-07-18,4
2024-07-18 05:00:00,0.0466059,0.04336031,2024-07-18,5
2024-07-18 06:00:00,0.2505325,0.2030639,2024-07-18,6
2024-07-18 07:00:00,0.3421129,0.3172958,2024-07-18,7
2024-07-18 08:00:00,0.5651969,0.528462,2024-07-18,8
2024-07-18 09:00:00,0.8723268,0.8292006,2024-07-18,9
2024-07-18 10:00:00,0.670993,0.6507148,2024-07-18,10
2024-07-18 11:00:00,0.7441381,0.7237424,2024-07-18,11
2024-07-18 12:00:00,0.8413267,0.8154542,2024-07-18,12
2024-07-18 13:00:00,0.7700598,0.7382648,2024-07-18,13
2024-07-18 14:00:00,0.8063824,0.7498602,2024-07-18,14
2024-07-18 15:00:00,0.557249,0.4931239,2024-07-18,15
2024-07-18 16:00:00,0.3143696,0.2589426,2024-07-18,16
2024-07-18 17:00:00,0.1309771,0.08542889,2024-07-18,17
2024-07-18 18:00:00,0.007751977,0.0,2024-07-18,18
2024-07-18 19:00:00,0.0,0.0,2024-07-18,19
2024-07-18 20:00:00,0.0,0.0,2024-07-18,20
2024-07-18 21:00:00,0.0,0.0,2024-07-18,21
2024-07-18 22:00:00,0.0,0.0,2024-07-18,22
2024-07-18 23:00:00,0.0,0.0,2024-07-18,23
2024-07-19 00:00:00,0.0,0.0,2024-07-19,0
2024-07-19 01:00:00,0.0,0.0,2024-07-19,1
2024-07-19 02:00:00,0.0,0.0,2024-07-19,2
2024-07-19 03:00:00,0.0,0.0,2024-07-19,3
2024-07-19 04:00:00,0.000288376,0.0,2024-07-19,4
2024-07-19 05:00:00,0.0152413,0.01467526,2024-07-19,5
2024-07-19 06:00:00,0.05570782,0.05392274,2024-07-19,6
2024-07-19 07:00:00,0.1681432,0.1628421,2024-07-19,7
2024-07-19 08:00:00,0.1885899,0.1830186,2024-07-19,8
2024-07-19 09:00:00,0.2810838,0.2729616,2024-07-19,9
2024-07-19 10:00:00,0.1804906,0.1753277,2024-07-19,10
2024-07-19 11:00:00,0.1621662,0.1575321,2024-07-19,11
2024-07-19 12:00:00,0.1423195,0.138242,2024-07-19,12
2024-07-19 13:00:00,0.1097683,0.1066046,2024-07-19,13
2024-07-19 14:00:00,0.1457006,0.1414523,2024-07-19,14
2024-07-19 15:00:00,0.08212393,0.0796902,2024-07-19,15
2024-07-19 16:00:00,0.05024584,0.04870381,2024-07-19,16
2024-07-19 17:00:00,0.02096627,0.02025587,2024-07-19,17
2024-07-19 18:00:00,0.005842436,0.0,2024-07-19,18
2024-07-19 19:00:00,0.0,0.0,2024-07-19,19
2024-07-19 20:00:00,0.0,0.0,2024-07-19,20
2024-07-19 21:00:00,0.0,0.0,2024-07-19,21
2024-07-19 22:00:00,0.0,0.0,2024-07-19,22
2024-07-19 23:00:00,0.0,0.0,2024-07-19,23
2024-07-20 00:00:00,0.0,0.0,2024-07-20,0
2024-07-20 01:00:00,0.0,0.0,2024-07-20,1
2024-07-20 02:00:00,0.0,0.0,2024-07-20,2
2024-07-20 03:00:00,0.0,0.0,2024-07-20,3
2024-07-20 04:00:00,0.000296655,0.0,2024-07-20,4
2024-07-20 05:00:00,0.000766849,0.000744176,2024-07-20,5
2024-07-20 06:00:00,0.00390349,0.003788979,2024-07-20,6
2024-07-20 07:00:00,0.01820489,0.01767227,2024-07-20,7
2024-07-20 08:00:00,0.02461534,0.02389896,2024-07-20,8
2024-07-20 09:00:00,0.01407133,0.01366181,2024-07-20,9
2024-07-20 10:00:00,0.08299394,0.08060344,2024-07-20,10
2024-07-20 11:00:00,0.1475649,0.1433451,2024-07-20,11
2024-07-20 12:00:00,0.04727927,0.0459121,2024-07-20,12
2024-07-20 13:00:00,0.05552286,0.05391692,2024-07-20,13
2024-07-20 14:00:00,0.08150794,0.07914055,2024-07-20,14
2024-07-20 15:00:00,0.06128742,0.05948295,2024-07-20,15
2024-07-20 16:00:00,0.02219684,0.02153699,2024-07-20,16
2024-07-20 17:00:00,0.05704795,0.05449255,2024-07-20,17
2024-07-20 18:00:00,0.002843501,0.0,2024-07-20,18
2024-07-20 19:00:00,0.0,0.0,2024-07-20,19
2024-07-20 20:00:00,0.0,0.0,2024-07-20,20
2024-07-20 21:00:00,0.0,0.0,2024-07-20,21
2024-07-20 22:00:00,0.0,0.0,2024-07-20,22
2024-07-20 23:00:00,0.0,0.0,2024-07-20,23
2024-07-21 00:00:00,0.0,0.0,2024-07-21,0
2024-07-21 01:00:00,0.0,0.0,2024-07-21,1
2024-07-21 02:00:00,0.0,0.0,2024-07-21,2
2024-07-21 03:00:00,0.0,0.0,2024-07-21,3
2024-07-21 04:00:00,0.000241155,0.0,2024-07-21,4
2024-07-21 05:00:00,0.08650913,0.04168173,2024-07-21,5
2024-07-21 06:00:00,0.3147362,0.2293841,2024-07-21,6
2024-07-21 07:00:00,0.5018006,0.4363547,2024-07-21,7
2024-07-21 08:00:00,0.6987426,0.6464436,2024-07-21,8
2024-07-21 09:00:00,0.747752,0.7156848,2024-07-21,9
2024-07-21 10:00:00,0.7049597,0.6848726,2024-07-21,10
2024-07-21 11:00:00,0.7881671,0.7684444,2024-07-21,11
2024-07-21 12:00:00,0.7999438,0.778043,2024-07-21,12
2024-07-21 13:00:00,0.7882304,0.7579798,2024-07-21,13
2024-07-21 14:00:00,0.7142153,0.6691636,2024-07-21,14
2024-07-21 15:00:00,0.4148991,0.3841206,2024-07-21,15
2024-07-21 16:00:00,0.3454161,0.2765058,2024-07-21,16
2024-07-21 17:00:00,0.1310067,0.08407846,2024-07-21,17
2024-07-21 18:00:00,0.008852082,0.0,2024-07-21,18
2024-07-21 19:00:00,0.0,0.0,2024-07-21,19
2024-07-21 20:00:00,0.0,0.0,2024-07-21,20
2024-07-21 21:00:00,0.0,0.0,2024-07-21,21
2024-07-21 22:00:00,0.0,0.0,2024-07-21,22
2024-07-21 23:00:00,0.0,0.0,2024-07-21,23
2024-07-22 00:00:00,0.0,0.0,2024-07-22,0
2024-07-22 01:00:00,0.0,0.0,2024-07-22,1
2024-07-22 02:00:00,0.0,0.0,2024-07-22,2
2024-07-22 03:00:00,0.0,0.0,2024-07-22,3
2024-07-22 04:00:00,0.000234582,0.0,2024-07-22,4
2024-07-22 05:00:00,0.094381,0.03242708,2024-07-22,5
2024-07-22 06:00:00,0.2478823,0.2015364,2024-07-22,6
2024-07-22 07:00:00,0.5024464,0.4376076,2024-07-22,7
2024-07-22 08:00:00,0.7248407,0.6709301,2024-07-22,8
2024-07-22 09:00:00,0.9227909,0.8817292,2024-07-22,9
2024-07-22 10:00:00,1.008033,0.9784954,2024-07-22,10
2024-07-22 11:00:00,1.011118,0.9868652,2024-07-22,11
2024-07-22 12:00:00,1.037004,1.009112,2024-07-22,12
2024-07-22 13:00:00,0.9699391,0.932178,2024-07-22,13
2024-07-22 14:00:00,0.5614672,0.5337718,2024-07-22,14
2024-07-22 15:00:00,0.4992256,0.4506335,2024-07-22,15
2024-07-22 16:00:00,0.3850844,0.300564,2024-07-22,16
2024-07-22 17:00:00,0.1469843,0.07857449,2024-07-22,17
2024-07-22 18:00:00,0.007486458,0.0,2024-07-22,18
2024-07-22 19:00:00,0.0,0.0,2024-07-22,19
2024-07-22 20:00:00,0.0,0.0,2024-07-22,20
2024-07-22 21:00:00,0.0,0.0,2024-07-22,21
2024-07-22 22:00:00,0.0,0.0,2024-07-22,22
2024-07-22 23:00:00,0.0,0.0,2024-07-22,23
2024-07-23 00:00:00,0.0,0.0,2024-07-23,0
2024-07-23 01:00:00,0.0,0.0,2024-07-23,1
2024-07-23 02:00:00,0.0,0.0,2024-07-23,2
2024-07-23 03:00:00,0.0,0.0,2024-07-23,3
2024-07-23 04:00:00,0.00017465,0.0,2024-07-23,4
2024-07-23 05:00:00,0.004447301,0.004307553,2024-07-23,5
2024-07-23 06:00:00,0.04142334,0.04013311,2024-07-23,6
2024-07-23 07:00:00,0.08902509,0.08635505,2024-07-23,7
2024-07-23 08:00:00,0.2167547,0.2103509,2024-07-23,8
2024-07-23 09:00:00,0.170008,0.1651195,2024-07-23,9
2024-07-23 10:00:00,0.06381346,0.06197288,2024-07-23,10
2024-07-23 11:00:00,0.0565135,0.05488273,2024-07-23,11
2024-07-23 12:00:00,0.1481789,0.1439447,2024-07-23,12
2024-07-23 13:00:00,0.08279108,0.08040436,2024-07-23,13
2024-07-23 14:00:00,0.05850144,0.05680423,2024-07-23,14
2024-07-23 15:00:00,0.06805561,0.06605157,2024-07-23,15
2024-07-23 16:00:00,0.05331636,0.05167852,2024-07-23,16
2024-07-23 17:00:00,0.03170474,0.03053858,2024-07-23,17
2024-07-23 18:00:00,0.002206658,0.0,2024-07-23,18
2024-07-23 19:00:00,0.0,0.0,2024-07-23,19
2024-07-23 20:00:00,0.0,0.0,2024-07-23,20
2024-07-23 21:00:00,0.0,0.0,2024-07-23,21
2024-07-23 22:00:00,0.0,0.0,2024-07-23,22
2024-07-23 23:00:00,0.0,0.0,2024-07-23,23
2024-07-24 00:00:00,0.0,0.0,2024-07-24,0
2024-07-24 01:00:00,0.0,0.0,2024-07-24,1
2024-07-24 02:00:00,0.0,0.0,2024-07-24,2
2024-07-24 03:00:00,0.0,0.0,2024-07-24,3
2024-07-24 04:00:00,9.59267e-05,0.0,2024-07-24,4
2024-07-24 05:00:00,0.06559595,0.04868582,2024-07-24,5
2024-07-24 06:00:00,0.2498145,0.2022585,2024-07-24,6
2024-07-24 07:00:00,0.4866627,0.4271036,2024-07-24,7
2024-07-24 08:00:00,0.7498583,0.6961293,2024-07-24,8
2024-07-24 09:00:00,0.9288945,0.8902522,2024-07-24,9
2024-07-24 10:00:00,1.015933,0.9889059,2024-07-24,10
2024-07-24 11:00:00,0.9470533,0.9267492,2024-07-24,11
2024-07-24 12:00:00,0.7818111,0.7628794,2024-07-24,12
2024-07-24 13:00:00,0.921213,0.888102,2024-07-24,13
2024-07-24 14:00:00,0.6910841,0.6513923,2024-07-24,14
2024-07-24 15:00:00,0.5095437,0.4602918,2024-07-24,15
2024-07-24 16:00:00,0.3354816,0.2725967,2024-07-24,16
2024-07-24 17:00:00,0.1048318,0.08375267,2024-07-24,17
2024-07-24 18:00:00,0.005283915,0.0,2024-07-24,18
2024-07-24 19:00:00,0.0,0.0,2024-07-24,19
2024-07-24 20:00:00,0.0,0.0,2024-07-24,20
2024-07-24 21:00:00,0.0,0.0,2024-07-24,21
2024-07-24 22:00:00,0.0,0.0,2024-07-24,22
2024-07-24 23:00:00,0.0,0.0,2024-07-24,23
2024-07-25 00:00:00,0.0,0.0,2024-07-25,0
2024-07-25 01:00:00,0.0,0.0,2024-07-25,1
2024-07-25 02:00:00,0.0,0.0,2024-07-25,2
2024-07-25 03:00:00,0.0,0.0,2024-07-25,3
2024-07-25 04:00:00,7.97366e-05,0.0,2024-07-25,4
2024-07-25 05:00:00,0.02167189,0.02075781,2024-07-25,5
2024-07-25 06:00:00,0.06827942,0.06604377,2024-07-25,6
2024-07-25 07:00:00,0.08781633,0.08518825,2024-07-25,7
2024-07-25 08:00:00,0.07222833,0.07012907,2024-07-25,8
2024-07-25 09:00:00,0.0899169,0.08732511,2024-07-25,9
2024-07-25 10:00:00,0.2977127,0.2893204,2024-07-25,10
2024-07-25 11:00:00,0.2361574,0.2294814,2024-07-25,11
2024-07-25 12:00:00,0.1949548,0.189415,2024-07-25,12
2024-07-25 13:00:00,0.2487096,0.2416169,2024-07-25,13
2024-07-25 14:00:00,0.1594668,0.1548382,2024-07-25,14
2024-07-25 15:00:00,0.1319101,0.1279603,2024-07-25,15
2024-07-25 16:00:00,0.06272542,0.06078004,2024-07-25,16
2024-07-25 17:00:00,0.03198733,0.03080594,2024-07-25,17
2024-07-25 18:00:00,0.002400147,0.0,2024-07-25,18
2024-07-25 19:00:00,0.0,0.0,2024-07-25,19
2024-07-25 20:00:00,0.0,0.0,2024-07-25,20
2024-07-25 21:00:00,0.0,0.0,2024-07-25,21
2024-07-25 22:00:00,0.0,0.0,2024-07-25,22
2024-07-25 23:00:00,0.0,0.0,2024-07-25,23
2024-07-26 00:00:00,0.0,0.0,2024-07-26,0
2024-07-26 01:00:00,0.0,0.0,2024-07-26,1
2024-07-26 02:00:00,0.0,0.0,2024-07-26,2
2024-07-26 03:00:00,0.0,0.0,2024-07-26,3
2024-07-26 04:00:00,4.31877e-05,0.0,2024-07-26,4
2024-07-26 05:00:00,0.1099917,0.01159759,2024-07-26,5
2024-07-26 06:00:00,0.3587759,0.2587939,2024-07-26,6
2024-07-26 07:00:00,0.5224451,0.4569987,2024-07-26,7
2024-07-26 08:00:00,0.6808171,0.6358284,2024-07-26,8
2024-07-26 09:00:00,0.536119,0.5196041,2024-07-26,9
2024-07-26 10:00:00,0.9334829,0.911337,2024-07-26,10
2024-07-26 11:00:00,0.9589931,0.9410436,2024-07-26,11
2024-07-26 12:00:00,0.7930161,0.7756102,2024-07-26,12
2024-07-26 13:00:00,0.8854104,0.8563929,2024-07-26,13
2024-07-26 14:00:00,0.8008018,0.7548949,2024-07-26,14
2024-07-26 15:00:00,0.5612872,0.5041952,2024-07-26,15
2024-07-26 16:00:00,0.1478546,0.1422361,2024-07-26,16
2024-07-26 17:00:00,0.136122,0.07925279,2024-07-26,17
2024-07-26 18:00:00,0.003583895,0.0,2024-07-26,18
2024-07-26 19:00:00,0.0,0.0,2024-07-26,19
2024-07-26 20:00:00,0.0,0.0,2024-07-26,20
2024-07-26 21:00:00,0.0,0.0,2024-07-26,21
2024-07-26 22:00:00,0.0,0.0,2024-07-26,22
2024-07-26 23:00:00,0.0,0.0,2024-07-26,23
2024-07-27 00:00:00,0.0,0.0,2024-07-27,0
2024-07-27 01:00:00,0.0,0.0,2024-07-27,1
2024-07-27 02:00:00,0.0,0.0,2024-07-27,2
2024-07-27 03:00:00,0.0,0.0,2024-07-27,3
2024-07-27 04:00:00,1.03399e-05,0.0,2024-07-27,4
2024-07-27 05:00:00,0.03300885,0.03131883,2024-07-27,5
2024-07-27 06:00:00,0.04525582,0.0438392,2024-07-27,6
2024-07-27 07:00:00,0.0698899,0.06781657,2024-07-27,7
2024-07-27 08:00:00,0.130971,0.1271583,2024-07-27,8
2024-07-27 09:00:00,0.2046758,0.19882,2024-07-27,9
2024-07-27 10:00:00,0.4534205,0.4414584,2024-07-27,10
2024-07-27 11:00:00,0.419156,0.4080043,2024-07-27,11
2024-07-27 12:00:00,0.2204873,0.2142484,2024-07-27,12
2024-07-27 13:00:00,0.3222297,0.3131471,2024-07-27,13
2024-07-27 14:00:00,0.1545604,0.1500842,2024-07-27,14
2024-07-27 15:00:00,0.1250612,0.1213335,2024-07-27,15
2024-07-27 16:00:00,0.07796236,0.07550443,2024-07-27,16
2024-07-27 17:00:00,0.01534655,0.01484619,2024-07-27,17
2024-07-27 18:00:00,0.001155347,0.0,2024-07-27,18
2024-07-27 19:00:00,0.0,0.0,2024-07-27,19
2024-07-27 20:00:00,0.0,0.0,2024-07-27,20
2024-07-27 21:00:00,0.0,0.0,2024-07-27,21
2024-07-27 22:00:00,0.0,0.0,2024-07-27,22
2024-07-27 23:00:00,0.0,0.0,2024-07-27,23
2024-07-28 00:00:00,0.0,0.0,2024-07-28,0
2024-07-28 01:00:00,0.0,0.0,2024-07-28,1
2024-07-28 02:00:00,0.0,0.0,2024-07-28,2
2024-07-28 03:00:00,0.0,0.0,2024-07-28,3
2024-07-28 04:00:00,9.07258e-07,0.0,2024-07-28,4
2024-07-28 05:00:00,0.01346102,0.01296043,2024-07-28,5
2024-07-28 06:00:00,0.05640506,0.0546041,2024-07-28,6
2024-07-28 07:00:00,0.1438753,0.139474,2024-07-28,7
2024-07-28 08:00:00,0.2063526,0.2003148,2024-07-28,8
2024-07-28 09:00:00,0.2631645,0.2556651,2024-07-28,9
2024-07-28 10:00:00,0.2393304,0.2325689,2024-07-28,10
2024-07-28 11:00:00,0.1294287,0.1257361,2024-07-28,11
2024-07-28 12:00:00,0.130985,0.1272463,2024-07-28,12
2024-07-28 13:00:00,0.03402863,0.03304308,2024-07-28,13
2024-07-28 14:00:00,0.05927081,0.05755436,2024-07-28,14
2024-07-28 15:00:00,0.02300214,0.02233126,2024-07-28,15
2024-07-28 16:00:00,0.02878897,0.02793004,2024-07-28,16
2024-07-28 17:00:00,0.01383129,0.01338519,2024-07-28,17
2024-07-28 18:00:00,0.001353113,0.0,2024-07-28,18
2024-07-28 19:00:00,0.0,0.0,2024-07-28,19
2024-07-28 20:00:00,0.0,0.0,2024-07-28,20
2024-07-28 21:00:00,0.0,0.0,2024-07-28,21
2024-07-28 22:00:00,0.0,0.0,2024-07-28,22
2024-07-28 23:00:00,0.0,0.0,2024-07-28,23
2024-07-29 00:00:00,0.0,0.0,2024-07-29,0
2024-07-29 01:00:00,0.0,0.0,2024-07-29,1
2024-07-29 02:00:00,0.0,0.0,2024-07-29,2
2024-07-29 03:00:00,0.0,0.0,2024-07-29,3
2024-07-29 04:00:00,0.0,0.0,2024-07-29,4
2024-07-29 05:00:00,0.02181802,0.02087453,2024-07-29,5
2024-07-29 06:00:00,0.0393925,0.03817375,2024-07-29,6
2024-07-29 07:00:00,0.08106855,0.0786576,2024-07-29,7
2024-07-29 08:00:00,0.07635505,0.07414028,2024-07-29,8
2024-07-29 09:00:00,0.1481529,0.1439101,2024-07-29,9
2024-07-29 10:00:00,0.1251456,0.121571,2024-07-29,10
2024-07-29 11:00:00,0.3037997,0.2953253,2024-07-29,11
2024-07-29 12:00:00,0.1556705,0.1512429,2024-07-29,12
2024-07-29 13:00:00,0.01802178,0.01749818,2024-07-29,13
2024-07-29 14:00:00,0.04178582,0.04057463,2024-07-29,14
2024-07-29 15:00:00,0.0436974,0.04242061,2024-07-29,15
2024-07-29 16:00:00,0.05480577,0.05312703,2024-07-29,16
2024-07-29 17:00:00,0.02384768,0.02301611,2024-07-29,17
2024-07-29 18:00:00,0.001998343,0.0,2024-07-29,18
2024-07-29 19:00:00,0.0,0.0,2024-07-29,19
2024-07-29 20:00:00,0.0,0.0,2024-07-29,20
2024-07-29 21:00:00,0.0,0.0,2024-07-29,21
2024-07-29 22:00:00,0.0,0.0,2024-07-29,22
2024-07-29 23:00:00,0.0,0.0,2024-07-29,23
2024-07-30 00:00:00,0.0,0.0,2024-07-30,0
2024-07-30 01:00:00,0.0,0.0,2024-07-30,1
2024-07-30 02:00:00,0.0,0.0,2024-07-30,2
2024-07-30 03:00:00,0.0,0.0,2024-07-30,3
2024-07-30 04:00:00,0.0,0.0,2024-07-30,4
2024-07-30 05:00:00,0.01567032,0.01505895,2024-07-30,5
2024-07-30 06:00:00,0.04387924,0.04251193,2024-07-30,6
2024-07-30 07:00:00,0.03239308,0.0314446,2024-07-30,7
2024-07-30 08:00:00,0.0204273,0.0198334,2024-07-30,8
2024-07-30 09:00:00,0.03008302,0.02921115,2024-07-30,9
2024-07-30 10:00:00,0.00357954,0.003475029,2024-07-30,10
2024-07-30 11:00:00,0.02807985,0.02726627,2024-07-30,11
2024-07-30 12:00:00,0.03115846,0.03025623,2024-07-30,12
2024-07-30 13:00:00,0.01184937,0.01150455,2024-07-30,13
2024-07-30 14:00:00,0.00063634,0.000617722,2024-07-30,14
2024-07-30 15:00:00,0.01550028,0.01504844,2024-07-30,15
2024-07-30 16:00:00,0.02543948,0.02468346,2024-07-30,16
2024-07-30 17:00:00,0.02298331,0.02218618,2024-07-30,17
2024-07-30 18:00:00,0.001315023,0.0,2024-07-30,18
2024-07-30 19:00:00,0.0,0.0,2024-07-30,19
2024-07-30 20:00:00,0.0,0.0,2024-07-30,20
2024-07-30 21:00:00,0.0,0.0,2024-07-30,21
2024-07-30 22:00:00,0.0,0.0,2024-07-30,22
2024-07-30 23:00:00,0.0,0.0,2024-07-30,23
2024-07-31 00:00:00,0.0,0.0,2024-07-31,0
2024-07-31 01:00:00,0.0,0.0,2024-07-31,1
2024-07-31 02:00:00,0.0,0.0,2024-07-31,2
2024-07-31 03:00:00,0.0,0.0,2024-07-31,3
2024-07-31 04:00:00,0.0,0.0,2024-07-31,4
2024-07-31 05:00:00,0.008354081,0.00806847,2024-07-31,5
2024-07-31 06:00:00,0.03586015,0.03475884,2024-07-31,6
2024-07-31 07:00:00,0.06801777,0.06600763,2024-07-31,7
2024-07-31 08:00:00,0.1258829,0.1222337,2024-07-31,8
2024-07-31 09:00:00,0.14177,0.137715,2024-07-31,9
2024-07-31 10:00:00,0.1395575,0.1355833,2024-07-31,10
2024-07-31 11:00:00,0.1146611,0.1113886,2024-07-31,11
2024-07-31 12:00:00,0.1005356,0.09765904,2024-07-31,12
2024-07-31 13:00:00,0.06792851,0.0659727,2024-07-31,13
2024-07-31 14:00:00,0.08363961,0.08122384,2024-07-31,14
2024-07-31 15:00:00,0.07569155,0.07347096,2024-07-31,15
2024-07-31 16:00:00,0.05796373,0.05618519,2024-07-31,16
2024-07-31 17:00:00,0.04076767,0.03913821,2024-07-31,17
2024-07-31 18:00:00,0.000681878,0.0,2024-07-31,18
2024-07-31 19:00:00,0.0,0.0,2024-07-31,19
2024-07-31 20:00:00,0.0,0.0,2024-07-31,20
2024-07-31 21:00:00,0.0,0.0,2024-07-31,21
2024-07-31 22:00:00,0.0,0.0,2024-07-31,22
2024-07-31 23:00:00,0.0,0.0,2024-07-31,23
2024-08-01 00:00:00,0.0,0.0,2024-08-01,0
2024-08-01 01:00:00,0.0,0.0,2024-08-01,1
2024-08-01 02:00:00,0.0,0.0,2024-08-01,2
2024-08-01 03:00:00,0.0,0.0,2024-08-01,3
2024-08-01 04:00:00,0.0,0.0,2024-08-01,4
2024-08-01 05:00:00,0.007451552,0.00720054,2024-08-01,5
2024-08-01 06:00:00,0.02589745,0.02511534,2024-08-01,6
2024-08-01 07:00:00,0.01629631,0.01582066,2024-08-01,7
2024-08-01 08:00:00,0.09868814,0.09583122,2024-08-01,8
2024-08-01 09:00:00,0.1530556,0.148686,2024-08-01,9
2024-08-01 10:00:00,0.09938006,0.09653638,2024-08-01,10
2024-08-01 11:00:00,0.09076695,0.08816821,2024-08-01,11
2024-08-01 12:00:00,0.0978047,0.09500647,2024-08-01,12
2024-08-01 13:00:00,0.1144435,0.1111691,2024-08-01,13
2024-08-01 14:00:00,0.09481055,0.0920753,2024-08-01,14
2024-08-01 15:00:00,0.04072221,0.03953427,2024-08-01,15
2024-08-01 16:00:00,0.03119601,0.03026489,2024-08-01,16
2024-08-01 17:00:00,0.0135376,0.01310055,2024-08-01,17
2024-08-01 18:00:00,0.000799671,0.0,2024-08-01,18
2024-08-01 19:00:00,0.0,0.0,2024-08-01,19
2024-08-01 20:00:00,0.0,0.0,2024-08-01,20
2024-08-01 21:00:00,0.0,0.0,2024-08-01,21
2024-08-01 22:00:00,0.0,0.0,2024-08-01,22
2024-08-01 23:00:00,0.0,0.0,2024-08-01,23
2024-08-02 00:00:00,0.0,0.0,2024-08-02,0
2024-08-02 01:00:00,0.0,0.0,2024-08-02,1
2024-08-02 02:00:00,0.0,0.0,2024-08-02,2
2024-08-02 03:00:00,0.0,0.0,2024-08-02,3
2024-08-02 04:00:00,0.0,0.0,2024-08-02,4
2024-08-02 05:00:00,0.05407861,0.04229306,2024-08-02,5
2024-08-02 06:00:00,0.2110872,0.1837608,2024-08-02,6
2024-08-02 07:00:00,0.3924916,0.3612773,2024-08-02,7
2024-08-02 08:00:00,0.6144766,0.5839424,2024-08-02,8
2024-08-02 09:00:00,0.8835341,0.8604299,2024-08-02,9
2024-08-02 10:00:00,0.7709129,0.759321,2024-08-02,10
2024-08-02 11:00:00,0.8661605,0.8578664,2024-08-02,11
2024-08-02 12:00:00,0.9050798,0.8951428,2024-08-02,12
2024-08-02 13:00:00,0.888202,0.869456,2024-08-02,13
2024-08-02 14:00:00,0.6703898,0.6424625,2024-08-02,14
2024-08-02 15:00:00,0.3215452,0.3078963,2024-08-02,15
2024-08-02 16:00:00,0.2207409,0.2038824,2024-08-02,16
2024-08-02 17:00:00,0.06246643,0.05883105,2024-08-02,17
2024-08-02 18:00:00,0.003649653,0.0,2024-08-02,18
2024-08-02 19:00:00,0.0,0.0,2024-08-02,19
2024-08-02 20:00:00,0.0,0.0,2024-08-02,20
2024-08-02 21:00:00,0.0,0.0,2024-08-02,21
2024-08-02 22:00:00,0.0,0.0,2024-08-02,22
2024-08-02 23:00:00,0.0,0.0,2024-08-02,23
2024-08-03 00:00:00,0.0,0.0,2024-08-03,0
2024-08-03 01:00:00,0.0,0.0,2024-08-03,1
2024-08-03 02:00:00,0.0,0.0,2024-08-03,2
2024-08-03 03:00:00,0.0,0.0,2024-08-03,3
2024-08-03 04:00:00,0.0,0.0,2024-08-03,4
2024-08-03 05:00:00,0.0628676,0.03944365,2024-08-03,5
2024-08-03 06:00:00,0.226016,0.1918865,2024-08-03,6
2024-08-03 07:00:00,0.4529574,0.4098628,2024-08-03,7
2024-08-03 08:00:00,0.6626887,0.6295416,2024-08-03,8
2024-08-03 09:00:00,0.9308793,0.9083262,2024-08-03,9
2024-08-03 10:00:00,0.8736155,0.8635055,2024-08-03,10
2024-08-03 11:00:00,0.911217,0.9047331,2024-08-03,11
2024-08-03 12:00:00,0.9544981,0.9460946,2024-08-03,12
2024-08-03 13:00:00,0.8273218,0.8112001,2024-08-03,13
2024-08-03 14:00:00,0.8191198,0.7847694,2024-08-03,14
2024-08-03 15:00:00,0.6558675,0.5982327,2024-08-03,15
2024-08-03 16:00:00,0.4021603,0.3244714,2024-08-03,16
2024-08-03 17:00:00,0.1414255,0.06927823,2024-08-03,17
2024-08-03 18:00:00,0.005712168,0.0,2024-08-03,18
2024-08-03 19:00:00,0.0,0.0,2024-08-03,19
2024-08-03 20:00:00,0.0,0.0,2024-08-03,20
2024-08-03 21:00:00,0.0,0.0,2024-08-03,21
2024-08-03 22:00:00,0.0,0.0,2024-08-03,22
2024-08-03 23:00:00,0.0,0.0,2024-08-03,23
2024-08-04 00:00:00,0.0,0.0,2024-08-04,0
2024-08-04 01:00:00,0.0,0.0,2024-08-04,1
2024-08-04 02:00:00,0.0,0.0,2024-08-04,2
2024-08-04 03:00:00,0.0,0.0,2024-08-04,3
2024-08-04 04:00:00,0.0,0.0,2024-08-04,4
2024-08-04 05:00:00,0.06741174,0.03522339,2024-08-04,5
2024-08-04 06:00:00,0.2116458,0.1842507,2024-08-04,6
2024-08-04 07:00:00,0.5184597,0.4648488,2024-08-04,7
2024-08-04 08:00:00,0.5776137,0.5523005,2024-08-04,8
2024-08-04 09:00:00,0.5380523,0.5249825,2024-08-04,9
2024-08-04 10:00:00,0.8517843,0.8430447,2024-08-04,10
2024-08-04 11:00:00,0.7896832,0.7825619,2024-08-04,11
2024-08-04 12:00:00,0.7680122,0.7594583,2024-08-04,12
2024-08-04 13:00:00,0.486582,0.4748486,2024-08-04,13
2024-08-04 14:00:00,0.3920509,0.3805194,2024-08-04,14
2024-08-04 15:00:00,0.3435223,0.3280159,2024-08-04,15
2024-08-04 16:00:00,0.2623725,0.2330883,2024-08-04,16
2024-08-04 17:00:00,0.1248171,0.07261773,2024-08-04,17
2024-08-04 18:00:00,0.004323665,0.0,2024-08-04,18
2024-08-04 19:00:00,0.0,0.0,2024-08-04,19
2024-08-04 20:00:00,0.0,0.0,2024-08-04,20
2024-08-04 21:00:00,0.0,0.0,2024-08-04,21
2024-08-04 22:00:00,0.0,0.0,2024-08-04,22
2024-08-04 23:00:00,0.0,0.0,2024-08-04,23
2024-08-05 00:00:00,0.0,0.0,2024-08-05,0
2024-08-05 01:00:00,0.0,0.0,2024-08-05,1
2024-08-05 02:00:00,0.0,0.0,2024-08-05,2
2024-08-05 03:00:00,0.0,0.0,2024-08-05,3
2024-08-05 04:00:00,0.0,0.0,2024-08-05,4
2024-08-05 05:00:00,0.07528424,0.02632249,2024-08-05,5
2024-08-05 06:00:00,0.261409,0.2099864,2024-08-05,6
2024-08-05 07:00:00,0.5205011,0.4680483,2024-08-05,7
2024-08-05 08:00:00,0.6070948,0.5806729,2024-08-05,8
2024-08-05 09:00:00,0.5250932,0.5126439,2024-08-05,9
2024-08-05 10:00:00,0.7352309,0.7263831,2024-08-05,10
2024-08-05 11:00:00,0.8117599,0.8062661,2024-08-05,11
2024-08-05 12:00:00,0.8967307,0.891268,2024-08-05,12
2024-08-05 13:00:00,0.7806122,0.7678123,2024-08-05,13
2024-08-05 14:00:00,0.6597086,0.6360658,2024-08-05,14
2024-08-05 15:00:00,0.3863389,0.3660876,2024-08-05,15
2024-08-05 16:00:00,0.3067803,0.2612044,2024-08-05,16
2024-08-05 17:00:00,0.1150574,0.07372318,2024-08-05,17
2024-08-05 18:00:00,0.002496868,0.0,2024-08-05,18
2024-08-05 19:00:00,0.0,0.0,2024-08-05,19
2024-08-05 20:00:00,0.0,0.0,2024-08-05,20
2024-08-05 21:00:00,0.0,0.0,2024-08-05,21
2024-08-05 22:00:00,0.0,0.0,2024-08-05,22
2024-08-05 23:00:00,0.0,0.0,2024-08-05,23
2024-08-06 00:00:00,0.0,0.0,2024-08-06,0
2024-08-06 01:00:00,0.0,0.0,2024-08-06,1
2024-08-06 02:00:00,0.0,0.0,2024-08-06,2
2024-08-06 03:00:00,0.0,0.0,2024-08-06,3
2024-08-06 04:00:00,0.0,0.0,2024-08-06,4
2024-08-06 05:00:00,0.01140999,0.01098726,2024-08-06,5
2024-08-06 06:00:00,0.06931175,0.06707223,2024-08-06,6
2024-08-06 07:00:00,0.2013948,0.1949366,2024-08-06,7
2024-08-06 08:00:00,0.201767,0.1959631,2024-08-06,8
2024-08-06 09:00:00,0.568516,0.55608,2024-08-06,9
2024-08-06 10:00:00,0.5826322,0.5721745,2024-08-06,10
2024-08-06 11:00:00,0.4430138,0.4322925,2024-08-06,11
2024-08-06 12:00:00,0.7386195,0.7314849,2024-08-06,12
2024-08-06 13:00:00,0.5501176,0.5386,2024-08-06,13
2024-08-06 14:00:00,0.2829618,0.2749408,2024-08-06,14
2024-08-06 15:00:00,0.2331172,0.2257849,2024-08-06,15
2024-08-06 16:00:00,0.1360535,0.1312686,2024-08-06,16
2024-08-06 17:00:00,0.04658999,0.04458201,2024-08-06,17
2024-08-06 18:00:00,0.001811862,0.0,2024-08-06,18
2024-08-06 19:00:00,0.0,0.0,2024-08-06,19
2024-08-06 20:00:00,0.0,0.0,2024-08-06,20
2024-08-06 21:00:00,0.0,0.0,2024-08-06,21
2024-08-06 22:00:00,0.0,0.0,2024-08-06,22
2024-08-06 23:00:00,0.0,0.0,2024-08-06,23
2024-08-07 00:00:00,0.0,0.0,2024-08-07,0
2024-08-07 01:00:00,0.0,0.0,2024-08-07,1
2024-08-07 02:00:00,0.0,0.0,2024-08-07,2
2024-08-07 03:00:00,0.0,0.0,2024-08-07,3
2024-08-07 04:00:00,0.0,0.0,2024-08-07,4
2024-08-07 05:00:00,0.04201168,0.03677807,2024-08-07,5
2024-08-07 06:00:00,0.1628534,0.151761,2024-08-07,6
2024-08-07 07:00:00,0.1176724,0.1141731,2024-08-07,7
2024-08-07 08:00:00,0.2957166,0.2871827,2024-08-07,8
2024-08-07 09:00:00,0.4805166,0.4692631,2024-08-07,9
2024-08-07 10:00:00,0.5866866,0.5767238,2024-08-07,10
2024-08-07 11:00:00,0.6769361,0.6694127,2024-08-07,11
2024-08-07 12:00:00,0.3992013,0.3890455,2024-08-07,12
2024-08-07 13:00:00,0.3430864,0.3338869,2024-08-07,13
2024-08-07 14:00:00,0.09366945,0.09097883,2024-08-07,14
2024-08-07 15:00:00,0.0950123,0.09223545,2024-08-07,15
2024-08-07 16:00:00,0.1685994,0.1610634,2024-08-07,16
2024-08-07 17:00:00,0.06671748,0.06135845,2024-08-07,17
2024-08-07 18:00:00,0.00252249,0.0,2024-08-07,18
2024-08-07 19:00:00,0.0,0.0,2024-08-07,19
2024-08-07 20:00:00,0.0,0.0,2024-08-07,20
2024-08-07 21:00:00,0.0,0.0,2024-08-07,21
2024-08-07 22:00:00,0.0,0.0,2024-08-07,22
2024-08-07 23:00:00,0.0,0.0,2024-08-07,23
2024-08-08 00:00:00,0.0,0.0,2024-08-08,0
2024-08-08 01:00:00,0.0,0.0,2024-08-08,1
2024-08-08 02:00:00,0.0,0.0,2024-08-08,2
2024-08-08 03:00:00,0.0,0.0,2024-08-08,3
2024-08-08 04:00:00,0.0,0.0,2024-08-08,4
2024-08-08 05:00:00,0.04778472,0.03808927,2024-08-08,5
2024-08-08 06:00:00,0.1163044,0.111856,2024-08-08,6
2024-08-08 07:00:00,0.1078474,0.1046552,2024-08-08,7
2024-08-08 08:00:00,0.07679264,0.07457986,2024-08-08,8
2024-08-08 09:00:00,0.2011487,0.1954853,2024-08-08,9
2024-08-08 10:00:00,0.1506399,0.1463846,2024-08-08,10
2024-08-08 11:00:00,0.2539429,0.2469065,2024-08-08,11
2024-08-08 12:00:00,0.2660731,0.2587084,2024-08-08,12
2024-08-08 13:00:00,0.1768104,0.1718247,2024-08-08,13
2024-08-08 14:00:00,0.1597977,0.1552384,2024-08-08,14
2024-08-08 15:00:00,0.08162484,0.07924547,2024-08-08,15
2024-08-08 16:00:00,0.076548,0.0741746,2024-08-08,16
2024-08-08 17:00:00,0.01726643,0.01668536,2024-08-08,17
2024-08-08 18:00:00,0.001270366,0.0,2024-08-08,18
2024-08-08 19:00:00,0.0,0.0,2024-08-08,19
2024-08-08 20:00:00,0.0,0.0,2024-08-08,20
2024-08-08 21:00:00,0.0,0.0,2024-08-08,21
2024-08-08 22:00:00,0.0,0.0,2024-08-08,22
2024-08-08 23:00:00,0.0,0.0,2024-08-08,23
2024-08-09 00:00:00,0.0,0.0,2024-08-09,0
2024-08-09 01:00:00,0.0,0.0,2024-08-09,1
2024-08-09 02:00:00,0.0,0.0,2024-08-09,2
2024-08-09 03:00:00,0.0,0.0,2024-08-09,3
2024-08-09 04:00:00,0.0,0.0,2024-08-09,4
2024-08-09 05:00:00,0.03650571,0.03321984,2024-08-09,5
2024-08-09 06:00:00,0.05986252,0.0579698,2024-08-09,6
2024-08-09 07:00:00,0.1491266,0.1446708,2024-08-09,7
2024-08-09 08:00:00,0.5048263,0.4886372,2024-08-09,8
2024-08-09 09:00:00,0.441036,0.4306123,2024-08-09,9
2024-08-09 10:00:00,0.5264127,0.5163924,2024-08-09,10
2024-08-09 11:00:00,0.4696742,0.4592193,2024-08-09,11
2024-08-09 12:00:00,0.6065212,0.598025,2024-08-09,12
2024-08-09 13:00:00,0.5124118,0.5020325,2024-08-09,13
2024-08-09 14:00:00,0.3348513,0.3256402,2024-08-09,14
2024-08-09 15:00:00,0.1066212,0.1035088,2024-08-09,15
2024-08-09 16:00:00,0.07266646,0.07042543,2024-08-09,16
2024-08-09 17:00:00,0.02517022,0.02425976,2024-08-09,17
2024-08-09 18:00:00,0.00081116,0.0,2024-08-09,18
2024-08-09 19:00:00,0.0,0.0,2024-08-09,19
2024-08-09 20:00:00,0.0,0.0,2024-08-09,20
2024-08-09 21:00:00,0.0,0.0,2024-08-09,21
2024-08-09 22:00:00,0.0,0.0,2024-08-09,22
2024-08-09 23:00:00,0.0,0.0,2024-08-09,23
2024-08-10 00:00:00,0.0,0.0,2024-08-10,0
2024-08-10 01:00:00,0.0,0.0,2024-08-10,1
2024-08-10 02:00:00,0.0,0.0,2024-08-10,2
2024-08-10 03:00:00,0.0,0.0,2024-08-10,3
2024-08-10 04:00:00,0.0,0.0,2024-08-10,4
2024-08-10 05:00:00,0.01857454,0.01775828,2024-08-10,5
2024-08-10 06:00:00,0.106886,0.1030871,2024-08-10,6
2024-08-10 07:00:00,0.1412363,0.1370367,2024-08-10,7
2024-08-10 08:00:00,0.1643771,0.1596808,2024-08-10,8
2024-08-10 09:00:00,0.1839189,0.1787435,2024-08-10,9
2024-08-10 10:00:00,0.2180472,0.211975,2024-08-10,10
2024-08-10 11:00:00,0.28153,0.273795,2024-08-10,11
2024-08-10 12:00:00,0.1952057,0.1897496,2024-08-10,12
2024-08-10 13:00:00,0.1840872,0.1789156,2024-08-10,13
2024-08-10 14:00:00,0.07284183,0.07074879,2024-08-10,14
2024-08-10 15:00:00,0.05233726,0.05081691,2024-08-10,15
2024-08-10 16:00:00,0.0582126,0.05644417,2024-08-10,16
2024-08-10 17:00:00,0.03195624,0.03072284,2024-08-10,17
2024-08-10 18:00:00,0.000274309,0.0,2024-08-10,18
2024-08-10 19:00:00,0.0,0.0,2024-08-10,19
2024-08-10 20:00:00,0.0,0.0,2024-08-10,20
2024-08-10 21:00:00,0.0,0.0,2024-08-10,21
2024-08-10 22:00:00,0.0,0.0,2024-08-10,22
2024-08-10 23:00:00,0.0,0.0,2024-08-10,23
2024-08-11 00:00:00,0.0,0.0,2024-08-11,0
2024-08-11 01:00:00,0.0,0.0,2024-08-11,1
2024-08-11 02:00:00,0.0,0.0,2024-08-11,2
2024-08-11 03:00:00,0.0,0.0,2024-08-11,3
2024-08-11 04:00:00,0.0,0.0,2024-08-11,4
2024-08-11 05:00:00,0.01078338,0.01038092,2024-08-11,5
2024-08-11 06:00:00,0.04693785,0.04548851,2024-08-11,6
2024-08-11 07:00:00,0.1287917,0.1249835,2024-08-11,7
2024-08-11 08:00:00,0.07817014,0.07592328,2024-08-11,8
2024-08-11 09:00:00,0.02059356,0.0199965,2024-08-11,9
2024-08-11 10:00:00,0.04594569,0.04462277,2024-08-11,10
2024-08-11 11:00:00,0.02998526,0.02911833,2024-08-11,11
2024-08-11 12:00:00,0.07388517,0.07177154,2024-08-11,12
2024-08-11 13:00:00,0.1188747,0.1155009,2024-08-11,13
2024-08-11 14:00:00,0.07360164,0.07148838,2024-08-11,14
2024-08-11 15:00:00,0.01828713,0.01775541,2024-08-11,15
2024-08-11 16:00:00,0.0417431,0.04049415,2024-08-11,16
2024-08-11 17:00:00,0.01355077,0.01310642,2024-08-11,17
2024-08-11 18:00:00,0.000183349,0.0,2024-08-11,18
2024-08-11 19:00:00,0.0,0.0,2024-08-11,19
2024-08-11 20:00:00,0.0,0.0,2024-08-11,20
2024-08-11 21:00:00,0.0,0.0,2024-08-11,21
2024-08-11 22:00:00,0.0,0.0,2024-08-11,22
2024-08-11 23:00:00,0.0,0.0,2024-08-11,23
2024-08-12 00:00:00,0.0,0.0,2024-08-12,0
2024-08-12 01:00:00,0.0,0.0,2024-08-12,1
2024-08-12 02:00:00,0.0,0.0,2024-08-12,2
2024-08-12 03:00:00,0.0,0.0,2024-08-12,3
2024-08-12 04:00:00,0.0,0.0,2024-08-12,4
2024-08-12 05:00:00,0.06599534,0.02395253,2024-08-12,5
2024-08-12 06:00:00,0.08764008,0.08476105,2024-08-12,6
2024-08-12 07:00:00,0.4209019,0.3928383,2024-08-12,7
2024-08-12 08:00:00,0.5973431,0.5804783,2024-08-12,8
2024-08-12 09:00:00,0.8936325,0.8892912,2024-08-12,9
2024-08-12 10:00:00,0.9250616,0.9308202,2024-08-12,10
2024-08-12 11:00:00,0.9573963,0.9670612,2024-08-12,11
2024-08-12 12:00:00,0.8194249,0.8224294,2024-08-12,12
2024-08-12 13:00:00,0.6505599,0.6443868,2024-08-12,13
2024-08-12 14:00:00,0.405171,0.3949524,2024-08-12,14
2024-08-12 15:00:00,0.3333741,0.3207991,2024-08-12,15
2024-08-12 16:00:00,0.2136757,0.1988359,2024-08-12,16
2024-08-12 17:00:00,0.09591009,0.06664028,2024-08-12,17
2024-08-12 18:00:00,0.001019472,0.0,2024-08-12,18
2024-08-12 19:00:00,0.0,0.0,2024-08-12,19
2024-08-12 20:00:00,0.0,0.0,2024-08-12,20
2024-08-12 21:00:00,0.0,0.0,2024-08-12,21
2024-08-12 22:00:00,0.0,0.0,2024-08-12,22
2024-08-12 23:00:00,0.0,0.0,2024-08-12,23
2024-08-13 00:00:00,0.0,0.0,2024-08-13,0
2024-08-13 01:00:00,0.0,0.0,2024-08-13,1
2024-08-13 02:00:00,0.0,0.0,2024-08-13,2
2024-08-13 03:00:00,0.0,0.0,2024-08-13,3
2024-08-13 04:00:00,0.0,0.0,2024-08-13,4
2024-08-13 05:00:00,0.04919353,0.03451322,2024-08-13,5
2024-08-13 06:00:00,0.2667695,0.2186204,2024-08-13,6
2024-08-13 07:00:00,0.4416791,0.4119015,2024-08-13,7
2024-08-13 08:00:00,0.6483414,0.6314251,2024-08-13,8
2024-08-13 09:00:00,0.7964411,0.7935393,2024-08-13,9
2024-08-13 10:00:00,0.6337864,0.6286122,2024-08-13,10
2024-08-13 11:00:00,0.7954384,0.7992494,2024-08-13,11
2024-08-13 12:00:00,0.8182253,0.8226474,2024-08-13,12
2024-08-13 13:00:00,0.6017524,0.5949802,2024-08-13,13
2024-08-13 14:00:00,0.6709433,0.658043,2024-08-13,14
2024-08-13 15:00:00,0.5911304,0.555918,2024-08-13,15
2024-08-13 16:00:00,0.2977437,0.2590052,2024-08-13,16
2024-08-13 17:00:00,0.09522327,0.06513546,2024-08-13,17
2024-08-13 18:00:00,0.000662203,0.0,2024-08-13,18
2024-08-13 19:00:00,0.0,0.0,2024-08-13,19
2024-08-13 20:00:00,0.0,0.0,2024-08-13,20
2024-08-13 21:00:00,0.0,0.0,2024-08-13,21
2024-08-13 22:00:00,0.0,0.0,2024-08-13,22
2024-08-13 23:00:00,0.0,0.0,2024-08-13,23
2024-08-14 00:00:00,0.0,0.0,2024-08-14,0
2024-08-14 01:00:00,0.0,0.0,2024-08-14,1
2024-08-14 02:00:00,0.0,0.0,2024-08-14,2
2024-08-14 03:00:00,0.0,0.0,2024-08-14,3
2024-08-14 04:00:00,0.0,0.0,2024-08-14,4
2024-08-14 05:00:00,0.0599114,0.02677923,2024-08-14,5
2024-08-14 06:00:00,0.2498305,0.2094857,2024-08-14,6
2024-08-14 07:00:00,0.3308537,0.315854,2024-08-14,7
2024-08-14 08:00:00,0.4100952,0.3997242,2024-08-14,8
2024-08-14 09:00:00,0.5682753,0.5609484,2024-08-14,9
2024-08-14 10:00:00,0.6747717,0.6723909,2024-08-14,10
2024-08-14 11:00:00,0.914493,0.9262862,2024-08-14,11
2024-08-14 12:00:00,0.8992259,0.9090196,2024-08-14,12
2024-08-14 13:00:00,0.9117867,0.9149415,2024-08-14,13
2024-08-14 14:00:00,0.7813774,0.7687004,2024-08-14,14
2024-08-14 15:00:00,0.4558562,0.4335744,2024-08-14,15
2024-08-14 16:00:00,0.2527887,0.2282442,2024-08-14,16
2024-08-14 17:00:00,0.0895837,0.06407643,2024-08-14,17
2024-08-14 18:00:00,0.000800745,0.0,2024-08-14,18
2024-08-14 19:00:00,0.0,0.0,2024-08-14,19
2024-08-14 20:00:00,0.0,0.0,2024-08-14,20
2024-08-14 21:00:00,0.0,0.0,2024-08-14,21
2024-08-14 22:00:00,0.0,0.0,2024-08-14,22
2024-08-14 23:00:00,0.0,0.0,2024-08-14,23
2024-08-15 00:00:00,0.0,0.0,2024-08-15,0
2024-08-15 01:00:00,0.0,0.0,2024-08-15,1
2024-08-15 02:00:00,0.0,0.0,2024-08-15,2
2024-08-15 03:00:00,0.0,0.0,2024-08-15,3
2024-08-15 04:00:00,0.0,0.0,2024-08-15,4
2024-08-15 05:00:00,0.06489453,0.02028158,2024-08-15,5
2024-08-15 06:00:00,0.1294351,0.1239215,2024-08-15,6
2024-08-15 07:00:00,0.1596615,0.1549605,2024-08-15,7
2024-08-15 08:00:00,0.2139109,0.2079009,2024-08-15,8
2024-08-15 09:00:00,0.09024131,0.08767203,2024-08-15,9
2024-08-15 10:00:00,0.4600171,0.450656,2024-08-15,10
2024-08-15 11:00:00,0.643468,0.6399637,2024-08-15,11
2024-08-15 12:00:00,0.473855,0.4645531,2024-08-15,12
2024-08-15 13:00:00,0.3284143,0.3198491,2024-08-15,13
2024-08-15 14:00:00,0.07089042,0.06885964,2024-08-15,14
2024-08-15 15:00:00,0.1380586,0.134062,2024-08-15,15
2024-08-15 16:00:00,0.1820451,0.1728683,2024-08-15,16
2024-08-15 17:00:00,0.06221555,0.0558601,2024-08-15,17
2024-08-15 18:00:00,0.000493384,0.0,2024-08-15,18
2024-08-15 19:00:00,0.0,0.0,2024-08-15,19
2024-08-15 20:00:00,0.0,0.0,2024-08-15,20
2024-08-15 21:00:00,0.0,0.0,2024-08-15,21
2024-08-15 22:00:00,0.0,0.0,2024-08-15,22
2024-08-15 23:00:00,0.0,0.0,2024-08-15,23
2024-08-16 00:00:00,0.0,0.0,2024-08-16,0
2024-08-16 01:00:00,0.0,0.0,2024-08-16,1
2024-08-16 02:00:00,0.0,0.0,2024-08-16,2
2024-08-16 03:00:00,0.0,0.0,2024-08-16,3
2024-08-16 04:00:00,0.0,0.0,2024-08-16,4
2024-08-16 05:00:00,0.06958898,0.01398143,2024-08-16,5
2024-08-16 06:00:00,0.3178717,0.2576826,2024-08-16,6
2024-08-16 07:00:00,0.5252406,0.491466,2024-08-16,7
2024-08-16 08:00:00,0.6278657,0.6164189,2024-08-16,8
2024-08-16 09:00:00,0.8563684,0.8602656,2024-08-16,9
2024-08-16 10:00:00,0.8971554,0.9097853,2024-08-16,10
2024-08-16 11:00:00,0.8788486,0.8923476,2024-08-16,11
2024-08-16 12:00:00,0.8250919,0.834537,2024-08-16,12
2024-08-16 13:00:00,0.7214393,0.7226974,2024-08-16,13
2024-08-16 14:00:00,0.7013705,0.6932492,2024-08-16,14
2024-08-16 15:00:00,0.6033099,0.5729715,2024-08-16,15
2024-08-16 16:00:00,0.2619113,0.2352926,2024-08-16,16
2024-08-16 17:00:00,0.07816079,0.06090191,2024-08-16,17
2024-08-16 18:00:00,0.00018165,0.0,2024-08-16,18
2024-08-16 19:00:00,0.0,0.0,2024-08-16,19
2024-08-16 20:00:00,0.0,0.0,2024-08-16,20
2024-08-16 21:00:00,0.0,0.0,2024-08-16,21
2024-08-16 22:00:00,0.0,0.0,2024-08-16,22
2024-08-16 23:00:00,0.0,0.0,2024-08-16,23
2024-08-17 00:00:00,0.0,0.0,2024-08-17,0
2024-08-17 01:00:00,0.0,0.0,2024-08-17,1
2024-08-17 02:00:00,0.0,0.0,2024-08-17,2
2024-08-17 03:00:00,0.0,0.0,2024-08-17,3
2024-08-17 04:00:00,0.0,0.0,2024-08-17,4
2024-08-17 05:00:00,0.02232312,0.0211982,2024-08-17,5
2024-08-17 06:00:00,0.140692,0.1339588,2024-08-17,6
2024-08-17 07:00:00,0.2474042,0.2394463,2024-08-17,7
2024-08-17 08:00:00,0.3117985,0.3036992,2024-08-17,8
2024-08-17 09:00:00,0.3934795,0.3845972,2024-08-17,9
2024-08-17 10:00:00,0.3197635,0.3113211,2024-08-17,10
2024-08-17 11:00:00,0.3989949,0.3894859,2024-08-17,11
2024-08-17 12:00:00,0.4228417,0.413441,2024-08-17,12
2024-08-17 13:00:00,0.6162715,0.6133574,2024-08-17,13
2024-08-17 14:00:00,0.4706393,0.4620451,2024-08-17,14
2024-08-17 15:00:00,0.3778048,0.3641433,2024-08-17,15
2024-08-17 16:00:00,0.1730755,0.1650941,2024-08-17,16
2024-08-17 17:00:00,0.03925041,0.03750944,2024-08-17,17
2024-08-17 18:00:00,9.71776e-05,0.0,2024-08-17,18
2024-08-17 19:00:00,0.0,0.0,2024-08-17,19
2024-08-17 20:00:00,0.0,0.0,2024-08-17,20
2024-08-17 21:00:00,0.0,0.0,2024-08-17,21
2024-08-17 22:00:00,0.0,0.0,2024-08-17,22
2024-08-17 23:00:00,0.0,0.0,2024-08-17,23
2024-08-18 00:00:00,0.0,0.0,2024-08-18,0
2024-08-18 01:00:00,0.0,0.0,2024-08-18,1
2024-08-18 02:00:00,0.0,0.0,2024-08-18,2
2024-08-18 03:00:00,0.0,0.0,2024-08-18,3
2024-08-18 04:00:00,0.0,0.0,2024-08-18,4
2024-08-18 05:00:00,0.03590385,0.03082728,2024-08-18,5
2024-08-18 06:00:00,0.1661123,0.1552655,2024-08-18,6
2024-08-18 07:00:00,0.4738821,0.4481262,2024-08-18,7
2024-08-18 08:00:00,0.6409314,0.6329094,2024-08-18,8
2024-08-18 09:00:00,0.9076593,0.9167021,2024-08-18,9
2024-08-18 10:00:00,0.9678277,0.9873018,2024-08-18,10
2024-08-18 11:00:00,1.083924,1.110012,2024-08-18,11
2024-08-18 12:00:00,0.7709076,0.7795789,2024-08-18,12
2024-08-18 13:00:00,0.7302105,0.7348477,2024-08-18,13
2024-08-18 14:00:00,0.5481935,0.5414543,2024-08-18,14
2024-08-18 15:00:00,0.3457376,0.334424,2024-08-18,15
2024-08-18 16:00:00,0.2936454,0.2591095,2024-08-18,16
2024-08-18 17:00:00,0.09247956,0.05611378,2024-08-18,17
2024-08-18 18:00:00,8.77184e-05,0.0,2024-08-18,18
2024-08-18 19:00:00,0.0,0.0,2024-08-18,19
2024-08-18 20:00:00,0.0,0.0,2024-08-18,20
2024-08-18 21:00:00,0.0,0.0,2024-08-18,21
2024-08-18 22:00:00,0.0,0.0,2024-08-18,22
2024-08-18 23:00:00,0.0,0.0,2024-08-18,23
2024-08-19 00:00:00,0.0,0.0,2024-08-19,0
2024-08-19 01:00:00,0.0,0.0,2024-08-19,1
2024-08-19 02:00:00,0.0,0.0,2024-08-19,2
2024-08-19 03:00:00,0.0,0.0,2024-08-19,3
2024-08-19 04:00:00,0.0,0.0,2024-08-19,4
2024-08-19 05:00:00,0.02895693,0.0266966,2024-08-19,5
2024-08-19 06:00:00,0.1935267,0.1762517,2024-08-19,6
2024-08-19 07:00:00,0.3766965,0.3607954,2024-08-19,7
2024-08-19 08:00:00,0.4747675,0.466834,2024-08-19,8
2024-08-19 09:00:00,0.5661018,0.5623399,2024-08-19,9
2024-08-19 10:00:00,0.7364167,0.7437096,2024-08-19,10
2024-08-19 11:00:00,0.7704443,0.7804168,2024-08-19,11
2024-08-19 12:00:00,0.9384984,0.9599612,2024-08-19,12
2024-08-19 13:00:00,0.7556699,0.7633551,2024-08-19,13
2024-08-19 14:00:00,0.5943618,0.5898025,2024-08-19,14
2024-08-19 15:00:00,0.3314296,0.3211901,2024-08-19,15
2024-08-19 16:00:00,0.2077921,0.1946438,2024-08-19,16
2024-08-19 17:00:00,0.06902685,0.05567842,2024-08-19,17
2024-08-19 18:00:00,1.29004e-05,0.0,2024-08-19,18
2024-08-19 19:00:00,0.0,0.0,2024-08-19,19
2024-08-19 20:00:00,0.0,0.0,2024-08-19,20
2024-08-19 21:00:00,0.0,0.0,2024-08-19,21
2024-08-19 22:00:00,0.0,0.0,2024-08-19,22
2024-08-19 23:00:00,0.0,0.0,2024-08-19,23
2024-08-20 00:00:00,0.0,0.0,2024-08-20,0
2024-08-20 01:00:00,0.0,0.0,2024-08-20,1
2024-08-20 02:00:00,0.0,0.0,2024-08-20,2
2024-08-20 03:00:00,0.0,0.0,2024-08-20,3
2024-08-20 04:00:00,0.0,0.0,2024-08-20,4
2024-08-20 05:00:00,0.0540053,0.02376107,2024-08-20,5
2024-08-20 06:00:00,0.06964163,0.0674741,2024-08-20,6
2024-08-20 07:00:00,0.1022843,0.09933393,2024-08-20,7
2024-08-20 08:00:00,0.1250867,0.1215569,2024-08-20,8
2024-08-20 09:00:00,0.2471542,0.2404288,2024-08-20,9
2024-08-20 10:00:00,0.2342711,0.2278794,2024-08-20,10
2024-08-20 11:00:00,0.2588893,0.2518745,2024-08-20,11
2024-08-20 12:00:00,0.2483187,0.2415702,2024-08-20,12
2024-08-20 13:00:00,0.2166996,0.210754,2024-08-20,13
2024-08-20 14:00:00,0.08905644,0.08652595,2024-08-20,14
2024-08-20 15:00:00,0.0511616,0.04968689,2024-08-20,15
2024-08-20 16:00:00,0.07724763,0.07490285,2024-08-20,16
2024-08-20 17:00:00,0.03929911,0.03739352,2024-08-20,17
2024-08-20 18:00:00,0.0,0.0,2024-08-20,18
2024-08-20 19:00:00,0.0,0.0,2024-08-20,19
2024-08-20 20:00:00,0.0,0.0,2024-08-20,20
2024-08-20 21:00:00,0.0,0.0,2024-08-20,21
2024-08-20 22:00:00,0.0,0.0,2024-08-20,22
2024-08-20 23:00:00,0.0,0.0,2024-08-20,23
2024-08-21 00:00:00,0.0,0.0,2024-08-21,0
2024-08-21 01:00:00,0.0,0.0,2024-08-21,1
2024-08-21 02:00:00,0.0,0.0,2024-08-21,2
2024-08-21 03:00:00,0.0,0.0,2024-08-21,3
2024-08-21 04:00:00,0.0,0.0,2024-08-21,4
2024-08-21 05:00:00,0.0483992,0.02708229,2024-08-21,5
2024-08-21 06:00:00,0.02610594,0.02533189,2024-08-21,6
2024-08-21 07:00:00,0.03912927,0.03799817,2024-08-21,7
2024-08-21 08:00:00,0.0092669,0.008997439,2024-08-21,8
2024-08-21 09:00:00,0.01146778,0.01113459,2024-08-21,9
2024-08-21 10:00:00,0.02339288,0.02271626,2024-08-21,10
2024-08-21 11:00:00,0.08206438,0.07973309,2024-08-21,11
2024-08-21 12:00:00,0.2810856,0.2735451,2024-08-21,12
2024-08-21 13:00:00,0.2185717,0.2125901,2024-08-21,13
2024-08-21 14:00:00,0.1534134,0.149126,2024-08-21,14
2024-08-21 15:00:00,0.1419608,0.1379128,2024-08-21,15
2024-08-21 16:00:00,0.1467947,0.1413779,2024-08-21,16
2024-08-21 17:00:00,0.02942444,0.02821843,2024-08-21,17
2024-08-21 18:00:00,0.0,0.0,2024-08-21,18
2024-08-21 19:00:00,0.0,0.0,2024-08-21,19
2024-08-21 20:00:00,0.0,0.0,2024-08-21,20
2024-08-21 21:00:00,0.0,0.0,2024-08-21,21
2024-08-21 22:00:00,0.0,0.0,2024-08-21,22
2024-08-21 23:00:00,0.0,0.0,2024-08-21,23
2024-08-22 00:00:00,0.0,0.0,2024-08-22,0
2024-08-22 01:00:00,0.0,0.0,2024-08-22,1
2024-08-22 02:00:00,0.0,0.0,2024-08-22,2
2024-08-22 03:00:00,0.0,0.0,2024-08-22,3
2024-08-22 04:00:00,0.0,0.0,2024-08-22,4
2024-08-22 05:00:00,0.05272451,0.02226446,2024-08-22,5
2024-08-22 06:00:00,0.1811196,0.1679928,2024-08-22,6
2024-08-22 07:00:00,0.2096371,0.203629,2024-08-22,7
2024-08-22 08:00:00,0.3072345,0.2997462,2024-08-22,8
2024-08-22 09:00:00,0.3692609,0.36099,2024-08-22,9
2024-08-22 10:00:00,0.4312882,0.4227318,2024-08-22,10
2024-08-22 11:00:00,0.5580558,0.553422,2024-08-22,11
2024-08-22 12:00:00,0.5028101,0.4959994,2024-08-22,12
2024-08-22 13:00:00,0.4366403,0.4289984,2024-08-22,13
2024-08-22 14:00:00,0.3672909,0.3596631,2024-08-22,14
2024-08-22 15:00:00,0.2828378,0.2750996,2024-08-22,15
2024-08-22 16:00:00,0.135224,0.130585,2024-08-22,16
2024-08-22 17:00:00,0.02340408,0.0225017,2024-08-22,17
2024-08-22 18:00:00,0.0,0.0,2024-08-22,18
2024-08-22 19:00:00,0.0,0.0,2024-08-22,19
2024-08-22 20:00:00,0.0,0.0,2024-08-22,20
2024-08-22 21:00:00,0.0,0.0,2024-08-22,21
2024-08-22 22:00:00,0.0,0.0,2024-08-22,22
2024-08-22 23:00:00,0.0,0.0,2024-08-22,23
2024-08-23 00:00:00,0.0,0.0,2024-08-23,0
2024-08-23 01:00:00,0.0,0.0,2024-08-23,1
2024-08-23 02:00:00,0.0,0.0,2024-08-23,2
2024-08-23 03:00:00,0.0,0.0,2024-08-23,3
2024-08-23 04:00:00,0.0,0.0,2024-08-23,4
2024-08-23 05:00:00,0.03462483,0.02872276,2024-08-23,5
2024-08-23 06:00:00,0.03241935,0.03145618,2024-08-23,6
2024-08-23 07:00:00,0.03282958,0.03188112,2024-08-23,7
2024-08-23 08:00:00,0.1241104,0.1206252,2024-08-23,8
2024-08-23 09:00:00,0.4110272,0.4033197,2024-08-23,9
2024-08-23 10:00:00,0.4235453,0.4150296,2024-08-23,10
2024-08-23 11:00:00,0.3026284,0.294636,2024-08-23,11
2024-08-23 12:00:00,0.4302788,0.4217426,2024-08-23,12
2024-08-23 13:00:00,0.2815047,0.2740634,2024-08-23,13
2024-08-23 14:00:00,0.4420418,0.436237,2024-08-23,14
2024-08-23 15:00:00,0.3305499,0.32196,2024-08-23,15
2024-08-23 16:00:00,0.1734127,0.1656312,2024-08-23,16
2024-08-23 17:00:00,0.07096544,0.04955456,2024-08-23,17
2024-08-23 18:00:00,0.0,0.0,2024-08-23,18
2024-08-23 19:00:00,0.0,0.0,2024-08-23,19
2024-08-23 20:00:00,0.0,0.0,2024-08-23,20
2024-08-23 21:00:00,0.0,0.0,2024-08-23,21
2024-08-23 22:00:00,0.0,0.0,2024-08-23,22
2024-08-23 23:00:00,0.0,0.0,2024-08-23,23
2024-08-24 00:00:00,0.0,0.0,2024-08-24,0
2024-08-24 01:00:00,0.0,0.0,2024-08-24,1
2024-08-24 02:00:00,0.0,0.0,2024-08-24,2
2024-08-24 03:00:00,0.0,0.0,2024-08-24,3
2024-08-24 04:00:00,0.0,0.0,2024-08-24,4
2024-08-24 05:00:00,0.04788519,0.02403544,2024-08-24,5
2024-08-24 06:00:00,0.07777409,0.07537222,2024-08-24,6
2024-08-24 07:00:00,0.09730591,0.09452535,2024-08-24,7
2024-08-24 08:00:00,0.02797414,0.02716729,2024-08-24,8
2024-08-24 09:00:00,0.1539591,0.1496897,2024-08-24,9
2024-08-24 10:00:00,0.3084819,0.3004531,2024-08-24,10
2024-08-24 11:00:00,0.5418206,0.5370895,2024-08-24,11
2024-08-24 12:00:00,0.5753443,0.5735547,2024-08-24,12
2024-08-24 13:00:00,0.2271623,0.2210026,2024-08-24,13
2024-08-24 14:00:00,0.1307532,0.1270975,2024-08-24,14
2024-08-24 15:00:00,0.1995129,0.1939853,2024-08-24,15
2024-08-24 16:00:00,0.1117835,0.108299,2024-08-24,16
2024-08-24 17:00:00,0.01002082,0.009689571,2024-08-24,17
2024-08-24 18:00:00,0.0,0.0,2024-08-24,18
2024-08-24 19:00:00,0.0,0.0,2024-08-24,19
2024-08-24 20:00:00,0.0,0.0,2024-08-24,20
2024-08-24 21:00:00,0.0,0.0,2024-08-24,21
2024-08-24 22:00:00,0.0,0.0,2024-08-24,22
2024-08-24 23:00:00,0.0,0.0,2024-08-24,23
2024-08-25 00:00:00,0.0,0.0,2024-08-25,0
2024-08-25 01:00:00,0.0,0.0,2024-08-25,1
2024-08-25 02:00:00,0.0,0.0,2024-08-25,2
2024-08-25 03:00:00,0.0,0.0,2024-08-25,3
2024-08-25 04:00:00,0.0,0.0,2024-08-25,4
2024-08-25 05:00:00,0.02603446,0.0239768,2024-08-25,5
2024-08-25 06:00:00,0.04695047,0.045546,2024-08-25,6
2024-08-25 07:00:00,0.2177861,0.2118054,2024-08-25,7
2024-08-25 08:00:00,0.454289,0.45034,2024-08-25,8
2024-08-25 09:00:00,0.5691388,0.5704863,2024-08-25,9
2024-08-25 10:00:00,0.6764246,0.685316,2024-08-25,10
2024-08-25 11:00:00,0.8533116,0.8813013,2024-08-25,11
2024-08-25 12:00:00,0.5516199,0.5486701,2024-08-25,12
2024-08-25 13:00:00,0.6612296,0.6706499,2024-08-25,13
2024-08-25 14:00:00,0.3650953,0.3581745,2024-08-25,14
2024-08-25 15:00:00,0.2260284,0.2199649,2024-08-25,15
2024-08-25 16:00:00,0.1888324,0.1793913,2024-08-25,16
2024-08-25 17:00:00,0.0675885,0.04592184,2024-08-25,17
2024-08-25 18:00:00,0.0,0.0,2024-08-25,18
2024-08-25 19:00:00,0.0,0.0,2024-08-25,19
2024-08-25 20:00:00,0.0,0.0,2024-08-25,20
2024-08-25 21:00:00,0.0,0.0,2024-08-25,21
2024-08-25 22:00:00,0.0,0.0,2024-08-25,22
2024-08-25 23:00:00,0.0,0.0,2024-08-25,23
2024-08-26 00:00:00,0.0,0.0,2024-08-26,0
2024-08-26 01:00:00,0.0,0.0,2024-08-26,1
2024-08-26 02:00:00,0.0,0.0,2024-08-26,2
2024-08-26 03:00:00,0.0,0.0,2024-08-26,3
2024-08-26 04:00:00,0.0,0.0,2024-08-26,4
2024-08-26 05:00:00,0.0402891,0.02670327,2024-08-26,5
2024-08-26 06:00:00,0.03849048,0.03734924,2024-08-26,6
2024-08-26 07:00:00,0.03229482,0.03136384,2024-08-26,7
2024-08-26 08:00:00,0.06740379,0.06548748,2024-08-26,8
2024-08-26 09:00:00,0.04014472,0.03899246,2024-08-26,9
2024-08-26 10:00:00,0.1216609,0.1182594,2024-08-26,10
2024-08-26 11:00:00,0.0555315,0.05394477,2024-08-26,11
2024-08-26 12:00:00,0.09171836,0.08912908,2024-08-26,12
2024-08-26 13:00:00,0.02790176,0.02709715,2024-08-26,13
2024-08-26 14:00:00,0.1037562,0.1008409,2024-08-26,14
2024-08-26 15:00:00,0.08211635,0.07978073,2024-08-26,15
2024-08-26 16:00:00,0.01131999,0.01098994,2024-08-26,16
2024-08-26 17:00:00,0.0073474,0.00711089,2024-08-26,17
2024-08-26 18:00:00,0.0,0.0,2024-08-26,18
2024-08-26 19:00:00,0.0,0.0,2024-08-26,19
2024-08-26 20:00:00,0.0,0.0,2024-08-26,20
2024-08-26 21:00:00,0.0,0.0,2024-08-26,21
2024-08-26 22:00:00,0.0,0.0,2024-08-26,22
2024-08-26 23:00:00,0.0,0.0,2024-08-26,23
2024-08-27 00:00:00,0.0,0.0,2024-08-27,0
2024-08-27 01:00:00,0.0,0.0,2024-08-27,1
2024-08-27 02:00:00,0.0,0.0,2024-08-27,2
2024-08-27 03:00:00,0.0,0.0,2024-08-27,3
2024-08-27 04:00:00,0.0,0.0,2024-08-27,4
2024-08-27 05:00:00,0.05450414,0.01365415,2024-08-27,5
2024-08-27 06:00:00,0.2194213,0.2004957,2024-08-27,6
2024-08-27 07:00:00,0.3719648,0.3644065,2024-08-27,7
2024-08-27 08:00:00,0.523739,0.5258315,2024-08-27,8
2024-08-27 09:00:00,0.5339879,0.5340043,2024-08-27,9
2024-08-27 10:00:00,0.8138543,0.8417503,2024-08-27,10
2024-08-27 11:00:00,0.8622413,0.8951641,2024-08-27,11
2024-08-27 12:00:00,0.9102419,0.9476658,2024-08-27,12
2024-08-27 13:00:00,0.7515738,0.7734209,2024-08-27,13
2024-08-27 14:00:00,0.4295552,0.4254806,2024-08-27,14
2024-08-27 15:00:00,0.4780439,0.4722706,2024-08-27,15
2024-08-27 16:00:00,0.2288063,0.2139048,2024-08-27,16
2024-08-27 17:00:00,0.03481068,0.03272416,2024-08-27,17
2024-08-27 18:00:00,0.0,0.0,2024-08-27,18
2024-08-27 19:00:00,0.0,0.0,2024-08-27,19
2024-08-27 20:00:00,0.0,0.0,2024-08-27,20
2024-08-27 21:00:00,0.0,0.0,2024-08-27,21
2024-08-27 22:00:00,0.0,0.0,2024-08-27,22
2024-08-27 23:00:00,0.0,0.0,2024-08-27,23
2024-08-28 00:00:00,0.0,0.0,2024-08-28,0
2024-08-28 01:00:00,0.0,0.0,2024-08-28,1
2024-08-28 02:00:00,0.0,0.0,2024-08-28,2
2024-08-28 03:00:00,0.0,0.0,2024-08-28,3
2024-08-28 04:00:00,0.0,0.0,2024-08-28,4
2024-08-28 05:00:00,0.02252405,0.02106875,2024-08-28,5
2024-08-28 06:00:00,0.09220783,0.08937138,2024-08-28,6
2024-08-28 07:00:00,0.2280658,0.2222227,2024-08-28,7
2024-08-28 08:00:00,0.03358733,0.03262223,2024-08-28,8
2024-08-28 09:00:00,0.1333301,0.1296299,2024-08-28,9
2024-08-28 10:00:00,0.1411965,0.1372827,2024-08-28,10
2024-08-28 11:00:00,0.1107625,0.1076589,2024-08-28,11
2024-08-28 12:00:00,0.05937081,0.05767848,2024-08-28,12
2024-08-28 13:00:00,0.2177932,0.2119257,2024-08-28,13
2024-08-28 14:00:00,0.1965133,0.1911831,2024-08-28,14
2024-08-28 15:00:00,0.09735136,0.09460399,2024-08-28,15
2024-08-28 16:00:00,0.03381371,0.03282573,2024-08-28,16
2024-08-28 17:00:00,0.02329348,0.02232426,2024-08-28,17
2024-08-28 18:00:00,0.0,0.0,2024-08-28,18
2024-08-28 19:00:00,0.0,0.0,2024-08-28,19
2024-08-28 20:00:00,0.0,0.0,2024-08-28,20
2024-08-28 21:00:00,0.0,0.0,2024-08-28,21
2024-08-28 22:00:00,0.0,0.0,2024-08-28,22
2024-08-28 23:00:00,0.0,0.0,2024-08-28,23
2024-08-29 00:00:00,0.0,0.0,2024-08-29,0
2024-08-29 01:00:00,0.0,0.0,2024-08-29,1
2024-08-29 02:00:00,0.0,0.0,2024-08-29,2
2024-08-29 03:00:00,0.0,0.0,2024-08-29,3
2024-08-29 04:00:00,0.0,0.0,2024-08-29,4
2024-08-29 05:00:00,0.05331653,0.0122825,2024-08-29,5
2024-08-29 06:00:00,0.1087816,0.105295,2024-08-29,6
2024-08-29 07:00:00,0.2770633,0.2710419,2024-08-29,7
2024-08-29 08:00:00,0.2825997,0.2759456,2024-08-29,8
2024-08-29 09:00:00,0.2321387,0.2259367,2024-08-29,9
2024-08-29 10:00:00,0.1412593,0.1373487,2024-08-29,10
2024-08-29 11:00:00,0.3770815,0.3685265,2024-08-29,11
2024-08-29 12:00:00,0.3126822,0.3047279,2024-08-29,12
2024-08-29 13:00:00,0.2567956,0.2500181,2024-08-29,13
2024-08-29 14:00:00,0.180441,0.1755325,2024-08-29,14
2024-08-29 15:00:00,0.1485542,0.1444335,2024-08-29,15
2024-08-29 16:00:00,0.09477109,0.09194706,2024-08-29,16
2024-08-29 17:00:00,0.0204754,0.01964699,2024-08-29,17
2024-08-29 18:00:00,0.0,0.0,2024-08-29,18
2024-08-29 19:00:00,0.0,0.0,2024-08-29,19
2024-08-29 20:00:00,0.0,0.0,2024-08-29,20
2024-08-29 21:00:00,0.0,0.0,2024-08-29,21
2024-08-29 22:00:00,0.0,0.0,2024-08-29,22
2024-08-29 23:00:00,0.0,0.0,2024-08-29,23
2024-08-30 00:00:00,0.0,0.0,2024-08-30,0
2024-08-30 01:00:00,0.0,0.0,2024-08-30,1
2024-08-30 02:00:00,0.0,0.0,2024-08-30,2
2024-08-30 03:00:00,0.0,0.0,2024-08-30,3
2024-08-30 04:00:00,0.0,0.0,2024-08-30,4
2024-08-30 05:00:00,0.03724113,0.02477578,2024-08-30,5
2024-08-30 06:00:00,0.0274188,0.02661737,2024-08-30,6
2024-08-30 07:00:00,0.06209532,0.06032946,2024-08-30,7
2024-08-30 08:00:00,0.09480689,0.09214981,2024-08-30,8
2024-08-30 09:00:00,0.1188555,0.1155488,2024-08-30,9
2024-08-30 10:00:00,0.102333,0.09946394,2024-08-30,10
2024-08-30 11:00:00,0.0985254,0.09575766,2024-08-30,11
2024-08-30 12:00:00,0.1051768,0.1022306,2024-08-30,12
2024-08-30 13:00:00,0.07398321,0.07189005,2024-08-30,13
2024-08-30 14:00:00,0.09287179,0.09026681,2024-08-30,14
2024-08-30 15:00:00,0.03261408,0.03167732,2024-08-30,15
2024-08-30 16:00:00,0.00629924,0.006115774,2024-08-30,16
2024-08-30 17:00:00,0.000601239,0.000583518,2024-08-30,17
2024-08-30 18:00:00,0.0,0.0,2024-08-30,18
2024-08-30 19:00:00,0.0,0.0,2024-08-30,19
2024-08-30 20:00:00,0.0,0.0,2024-08-30,20
2024-08-30 21:00:00,0.0,0.0,2024-08-30,21
2024-08-30 22:00:00,0.0,0.0,2024-08-30,22
2024-08-30 23:00:00,0.0,0.0,2024-08-30,23
2024-08-31 00:00:00,0.0,0.0,2024-08-31,0
2024-08-31 01:00:00,0.0,0.0,2024-08-31,1
2024-08-31 02:00:00,0.0,0.0,2024-08-31,2
2024-08-31 03:00:00,0.0,0.0,2024-08-31,3
2024-08-31 04:00:00,0.0,0.0,2024-08-31,4
2024-08-31 05:00:00,0.03413206,0.02492721,2024-08-31,5
2024-08-31 06:00:00,0.07334558,0.07117118,2024-08-31,6
2024-08-31 07:00:00,0.09176558,0.08918702,2024-08-31,7
2024-08-31 08:00:00,0.1407847,0.1369162,2024-08-31,8
2024-08-31 09:00:00,0.06048813,0.05876938,2024-08-31,9
2024-08-31 10:00:00,0.2055877,0.2000466,2024-08-31,10
2024-08-31 11:00:00,0.1394677,0.1356104,2024-08-31,11
2024-08-31 12:00:00,0.4136858,0.4060822,2024-08-31,12
2024-08-31 13:00:00,0.1297511,0.12616,2024-08-31,13
2024-08-31 14:00:00,0.2673845,0.2608747,2024-08-31,14
2024-08-31 15:00:00,0.2086953,0.2034059,2024-08-31,15
2024-08-31 16:00:00,0.1315607,0.1273977,2024-08-31,16
2024-08-31 17:00:00,0.02472202,0.0235769,2024-08-31,17
2024-08-31 18:00:00,0.0,0.0,2024-08-31,18
2024-08-31 19:00:00,0.0,0.0,2024-08-31,19
2024-08-31 20:00:00,0.0,0.0,2024-08-31,20
2024-08-31 21:00:00,0.0,0.0,2024-08-31,21
2024-08-31 22:00:00,0.0,0.0,2024-08-31,22
2024-08-31 23:00:00,0.0,0.0,2024-08-31,23
2024-09-01 00:00:00,0.0,0.0,2024-09-01,0
2024-09-01 01:00:00,0.0,0.0,2024-09-01,1
2024-09-01 02:00:00,0.0,0.0,2024-09-01,2
2024-09-01 03:00:00,0.0,0.0,2024-09-01,3
2024-09-01 04:00:00,0.0,0.0,2024-09-01,4
2024-09-01 05:00:00,0.04571918,0.01632042,2024-09-01,5
2024-09-01 06:00:00,0.02931733,0.02846369,2024-09-01,6
2024-09-01 07:00:00,0.03825545,0.03716091,2024-09-01,7
2024-09-01 08:00:00,0.1298257,0.1262503,2024-09-01,8
2024-09-01 09:00:00,0.2400428,0.2337061,2024-09-01,9
2024-09-01 10:00:00,0.2083764,0.2027777,2024-09-01,10
2024-09-01 11:00:00,0.2416347,0.2352177,2024-09-01,11
2024-09-01 12:00:00,0.1438631,0.1398989,2024-09-01,12
2024-09-01 13:00:00,0.2331087,0.2269335,2024-09-01,13
2024-09-01 14:00:00,0.1679559,0.1634033,2024-09-01,14
2024-09-01 15:00:00,0.09531357,0.09264813,2024-09-01,15
2024-09-01 16:00:00,0.04761129,0.04622814,2024-09-01,16
2024-09-01 17:00:00,0.01760153,0.01688792,2024-09-01,17
2024-09-01 18:00:00,0.0,0.0,2024-09-01,18
2024-09-01 19:00:00,0.0,0.0,2024-09-01,19
2024-09-01 20:00:00,0.0,0.0,2024-09-01,20
2024-09-01 21:00:00,0.0,0.0,2024-09-01,21
2024-09-01 22:00:00,0.0,0.0,2024-09-01,22
2024-09-01 23:00:00,0.0,0.0,2024-09-01,23
2024-09-02 00:00:00,0.0,0.0,2024-09-02,0
2024-09-02 01:00:00,0.0,0.0,2024-09-02,1
2024-09-02 02:00:00,0.0,0.0,2024-09-02,2
2024-09-02 03:00:00,0.0,0.0,2024-09-02,3
2024-09-02 04:00:00,0.0,0.0,2024-09-02,4
2024-09-02 05:00:00,0.03421069,0.02376029,2024-09-02,5
2024-09-02 06:00:00,0.07800118,0.07571395,2024-09-02,6
2024-09-02 07:00:00,0.07600202,0.07386436,2024-09-02,7
2024-09-02 08:00:00,0.2429936,0.2368915,2024-09-02,8
2024-09-02 09:00:00,0.4934632,0.4937717,2024-09-02,9
2024-09-02 10:00:00,0.5715111,0.5755814,2024-09-02,10
2024-09-02 11:00:00,0.3726837,0.3644358,2024-09-02,11
2024-09-02 12:00:00,0.3210394,0.313142,2024-09-02,12
2024-09-02 13:00:00,0.1473357,0.143299,2024-09-02,13
2024-09-02 14:00:00,0.1640069,0.1595663,2024-09-02,14
2024-09-02 15:00:00,0.1026657,0.09981098,2024-09-02,15
2024-09-02 16:00:00,0.04053853,0.03936439,2024-09-02,16
2024-09-02 17:00:00,0.01297731,0.01248802,2024-09-02,17
2024-09-02 18:00:00,0.0,0.0,2024-09-02,18
2024-09-02 19:00:00,0.0,0.0,2024-09-02,19
2024-09-02 20:00:00,0.0,0.0,2024-09-02,20
2024-09-02 21:00:00,0.0,0.0,2024-09-02,21
2024-09-02 22:00:00,0.0,0.0,2024-09-02,22
2024-09-02 23:00:00,0.0,0.0,2024-09-02,23
2024-09-03 00:00:00,0.0,0.0,2024-09-03,0
2024-09-03 01:00:00,0.0,0.0,2024-09-03,1
2024-09-03 02:00:00,0.0,0.0,2024-09-03,2
2024-09-03 03:00:00,0.0,0.0,2024-09-03,3
2024-09-03 04:00:00,0.0,0.0,2024-09-03,4
2024-09-03 05:00:00,0.04533729,0.01515422,2024-09-03,5
2024-09-03 06:00:00,0.1409922,0.1363575,2024-09-03,6
2024-09-03 07:00:00,0.1150032,0.1118313,2024-09-03,7
2024-09-03 08:00:00,0.1725658,0.1679276,2024-09-03,8
2024-09-03 09:00:00,0.3174225,0.3101499,2024-09-03,9
2024-09-03 10:00:00,0.3582299,0.3502941,2024-09-03,10
2024-09-03 11:00:00,0.5663464,0.5687575,2024-09-03,11
2024-09-03 12:00:00,0.306868,0.2991807,2024-09-03,12
2024-09-03 13:00:00,0.5256876,0.5296876,2024-09-03,13
2024-09-03 14:00:00,0.4704987,0.4752274,2024-09-03,14
2024-09-03 15:00:00,0.2000982,0.195146,2024-09-03,15
2024-09-03 16:00:00,0.159546,0.1543664,2024-09-03,16
2024-09-03 17:00:00,0.01658872,0.01590207,2024-09-03,17
2024-09-03 18:00:00,0.0,0.0,2024-09-03,18
2024-09-03 19:00:00,0.0,0.0,2024-09-03,19
2024-09-03 20:00:00,0.0,0.0,2024-09-03,20
2024-09-03 21:00:00,0.0,0.0,2024-09-03,21
2024-09-03 22:00:00,0.0,0.0,2024-09-03,22
2024-09-03 23:00:00,0.0,0.0,2024-09-03,23
2024-09-04 00:00:00,0.0,0.0,2024-09-04,0
2024-09-04 01:00:00,0.0,0.0,2024-09-04,1
2024-09-04 02:00:00,0.0,0.0,2024-09-04,2
2024-09-04 03:00:00,0.0,0.0,2024-09-04,3
2024-09-04 04:00:00,0.0,0.0,2024-09-04,4
2024-09-04 05:00:00,0.04485704,0.01513561,2024-09-04,5
2024-09-04 06:00:00,0.1439833,0.1394271,2024-09-04,6
2024-09-04 07:00:00,0.2389644,0.2342962,2024-09-04,7
2024-09-04 08:00:00,0.353931,0.3498484,2024-09-04,8
2024-09-04 09:00:00,0.2817753,0.2747736,2024-09-04,9
2024-09-04 10:00:00,0.1653245,0.1608285,2024-09-04,10
2024-09-04 11:00:00,0.3122583,0.3044423,2024-09-04,11
2024-09-04 12:00:00,0.3168713,0.3091078,2024-09-04,12
2024-09-04 13:00:00,0.2804016,0.2733948,2024-09-04,13
2024-09-04 14:00:00,0.2659898,0.2597928,2024-09-04,14
2024-09-04 15:00:00,0.1043156,0.1014349,2024-09-04,15
2024-09-04 16:00:00,0.03006397,0.02919639,2024-09-04,16
2024-09-04 17:00:00,0.02285253,0.02160295,2024-09-04,17
2024-09-04 18:00:00,0.0,0.0,2024-09-04,18
2024-09-04 19:00:00,0.0,0.0,2024-09-04,19
2024-09-04 20:00:00,0.0,0.0,2024-09-04,20
2024-09-04 21:00:00,0.0,0.0,2024-09-04,21
2024-09-04 22:00:00,0.0,0.0,2024-09-04,22
2024-09-04 23:00:00,0.0,0.0,2024-09-04,23
2024-09-05 00:00:00,0.0,0.0,2024-09-05,0
2024-09-05 01:00:00,0.0,0.0,2024-09-05,1
2024-09-05 02:00:00,0.0,0.0,2024-09-05,2
2024-09-05 03:00:00,0.0,0.0,2024-09-05,3
2024-09-05 04:00:00,0.0,0.0,2024-09-05,4
2024-09-05 05:00:00,0.03611431,0.02157883,2024-09-05,5
2024-09-05 06:00:00,0.004119709,0.003999802,2024-09-05,6
2024-09-05 07:00:00,0.06094411,0.05922863,2024-09-05,7
2024-09-05 08:00:00,0.02231759,0.02167497,2024-09-05,8
2024-09-05 09:00:00,0.002871631,0.002787833,2024-09-05,9
2024-09-05 10:00:00,0.08484255,0.08245964,2024-09-05,10
2024-09-05 11:00:00,0.1663405,0.1618193,2024-09-05,11
2024-09-05 12:00:00,0.03056254,0.02968391,2024-09-05,12
2024-09-05 13:00:00,0.01887644,0.01833112,2024-09-05,13
2024-09-05 14:00:00,0.01957152,0.01900706,2024-09-05,14
2024-09-05 15:00:00,0.1093836,0.1063808,2024-09-05,15
2024-09-05 16:00:00,0.08151037,0.07918149,2024-09-05,16
2024-09-05 17:00:00,0.01163096,0.01118157,2024-09-05,17
2024-09-05 18:00:00,0.0,0.0,2024-09-05,18
2024-09-05 19:00:00,0.0,0.0,2024-09-05,19
2024-09-05 20:00:00,0.0,0.0,2024-09-05,20
2024-09-05 21:00:00,0.0,0.0,2024-09-05,21
2024-09-05 22:00:00,0.0,0.0,2024-09-05,22
2024-09-05 23:00:00,0.0,0.0,2024-09-05,23
2024-09-06 00:00:00,0.0,0.0,2024-09-06,0
2024-09-06 01:00:00,0.0,0.0,2024-09-06,1
2024-09-06 02:00:00,0.0,0.0,2024-09-06,2
2024-09-06 03:00:00,0.0,0.0,2024-09-06,3
2024-09-06 04:00:00,0.0,0.0,2024-09-06,4
2024-09-06 05:00:00,0.04219973,0.01678875,2024-09-06,5
2024-09-06 06:00:00,0.1959196,0.1901225,2024-09-06,6
2024-09-06 07:00:00,0.2592026,0.2555966,2024-09-06,7
2024-09-06 08:00:00,0.4830956,0.4932262,2024-09-06,8
2024-09-06 09:00:00,0.5695897,0.5828609,2024-09-06,9
2024-09-06 10:00:00,0.8764153,0.9345047,2024-09-06,10
2024-09-06 11:00:00,0.867476,0.923183,2024-09-06,11
2024-09-06 12:00:00,0.7062397,0.7356721,2024-09-06,12
2024-09-06 13:00:00,0.5098506,0.5143811,2024-09-06,13
2024-09-06 14:00:00,0.5250602,0.5411047,2024-09-06,14
2024-09-06 15:00:00,0.2926823,0.2906319,2024-09-06,15
2024-09-06 16:00:00,0.09600351,0.09329549,2024-09-06,16
2024-09-06 17:00:00,0.03125446,0.02573451,2024-09-06,17
2024-09-06 18:00:00,0.0,0.0,2024-09-06,18
2024-09-06 19:00:00,0.0,0.0,2024-09-06,19
2024-09-06 20:00:00,0.0,0.0,2024-09-06,20
2024-09-06 21:00:00,0.0,0.0,2024-09-06,21
2024-09-06 22:00:00,0.0,0.0,2024-09-06,22
2024-09-06 23:00:00,0.0,0.0,2024-09-06,23
2024-09-07 00:00:00,0.0,0.0,2024-09-07,0
2024-09-07 01:00:00,0.0,0.0,2024-09-07,1
2024-09-07 02:00:00,0.0,0.0,2024-09-07,2
2024-09-07 03:00:00,0.0,0.0,2024-09-07,3
2024-09-07 04:00:00,0.0,0.0,2024-09-07,4
2024-09-07 05:00:00,0.03565574,0.02106401,2024-09-07,5
2024-09-07 06:00:00,0.1223045,0.1190052,2024-09-07,6
2024-09-07 07:00:00,0.1967892,0.1922382,2024-09-07,7
2024-09-07 08:00:00,0.3075673,0.3023334,2024-09-07,8
2024-09-07 09:00:00,0.6159701,0.6383861,2024-09-07,9
2024-09-07 10:00:00,0.877724,0.9385359,2024-09-07,10
2024-09-07 11:00:00,0.765412,0.8052055,2024-09-07,11
2024-09-07 12:00:00,1.000535,1.073861,2024-09-07,12
2024-09-07 13:00:00,0.909912,0.9725679,2024-09-07,13
2024-09-07 14:00:00,0.7328951,0.7760873,2024-09-07,14
2024-09-07 15:00:00,0.5368118,0.5572379,2024-09-07,15
2024-09-07 16:00:00,0.2342663,0.2290587,2024-09-07,16
2024-09-07 17:00:00,0.03543992,0.02427465,2024-09-07,17
2024-09-07 18:00:00,0.0,0.0,2024-09-07,18
2024-09-07 19:00:00,0.0,0.0,2024-09-07,19
2024-09-07 20:00:00,0.0,0.0,2024-09-07,20
2024-09-07 21:00:00,0.0,0.0,2024-09-07,21
2024-09-07 22:00:00,0.0,0.0,2024-09-07,22
2024-09-07 23:00:00,0.0,0.0,2024-09-07,23
2024-09-08 00:00:00,0.0,0.0,2024-09-08,0
2024-09-08 01:00:00,0.0,0.0,2024-09-08,1
2024-09-08 02:00:00,0.0,0.0,2024-09-08,2
2024-09-08 03:00:00,0.0,0.0,2024-09-08,3
2024-09-08 04:00:00,0.0,0.0,2024-09-08,4
2024-09-08 05:00:00,0.04671142,0.0137133,2024-09-08,5
2024-09-08 06:00:00,0.0809871,0.07872231,2024-09-08,6
2024-09-08 07:00:00,0.06602611,0.06418413,2024-09-08,7
2024-09-08 08:00:00,0.4160341,0.4191239,2024-09-08,8
2024-09-08 09:00:00,0.2850429,0.2781803,2024-09-08,9
2024-09-08 10:00:00,0.4933465,0.4925124,2024-09-08,10
2024-09-08 11:00:00,0.6298944,0.6454564,2024-09-08,11
2024-09-08 12:00:00,0.3970378,0.3902998,2024-09-08,12
2024-09-08 13:00:00,0.3029047,0.2959622,2024-09-08,13
2024-09-08 14:00:00,0.05532332,0.05376136,2024-09-08,14
2024-09-08 15:00:00,0.1163044,0.1131616,2024-09-08,15
2024-09-08 16:00:00,0.05987578,0.0581865,2024-09-08,16
2024-09-08 17:00:00,0.009033035,0.008684416,2024-09-08,17
2024-09-08 18:00:00,0.0,0.0,2024-09-08,18
2024-09-08 19:00:00,0.0,0.0,2024-09-08,19
2024-09-08 20:00:00,0.0,0.0,2024-09-08,20
2024-09-08 21:00:00,0.0,0.0,2024-09-08,21
2024-09-08 22:00:00,0.0,0.0,2024-09-08,22
2024-09-08 23:00:00,0.0,0.0,2024-09-08,23
2024-09-09 00:00:00,0.0,0.0,2024-09-09,0
2024-09-09 01:00:00,0.0,0.0,2024-09-09,1
2024-09-09 02:00:00,0.0,0.0,2024-09-09,2
2024-09-09 03:00:00,0.0,0.0,2024-09-09,3
2024-09-09 04:00:00,0.0,0.0,2024-09-09,4
2024-09-09 05:00:00,0.04160124,0.01712193,2024-09-09,5
2024-09-09 06:00:00,0.2366787,0.2349077,2024-09-09,6
2024-09-09 07:00:00,0.4636204,0.4843601,2024-09-09,7
2024-09-09 08:00:00,0.6878108,0.7330015,2024-09-09,8
2024-09-09 09:00:00,0.8331497,0.8947969,2024-09-09,9
2024-09-09 10:00:00,0.9692709,1.045656,2024-09-09,10
2024-09-09 11:00:00,0.908933,0.978413,2024-09-09,11
2024-09-09 12:00:00,0.8468796,0.9082122,2024-09-09,12
2024-09-09 13:00:00,0.6734837,0.7101783,2024-09-09,13
2024-09-09 14:00:00,0.4732873,0.485567,2024-09-09,14
2024-09-09 15:00:00,0.3999674,0.4131006,2024-09-09,15
2024-09-09 16:00:00,0.2594545,0.2577911,2024-09-09,16
2024-09-09 17:00:00,0.03562625,0.01899662,2024-09-09,17
2024-09-09 18:00:00,0.0,0.0,2024-09-09,18
2024-09-09 19:00:00,0.0,0.0,2024-09-09,19
2024-09-09 20:00:00,0.0,0.0,2024-09-09,20
2024-09-09 21:00:00,0.0,0.0,2024-09-09,21
2024-09-09 22:00:00,0.0,0.0,2024-09-09,22
2024-09-09 23:00:00,0.0,0.0,2024-09-09,23
2024-09-10 00:00:00,0.0,0.0,2024-09-10,0
2024-09-10 01:00:00,0.0,0.0,2024-09-10,1
2024-09-10 02:00:00,0.0,0.0,2024-09-10,2
2024-09-10 03:00:00,0.0,0.0,2024-09-10,3
2024-09-10 04:00:00,0.0,0.0,2024-09-10,4
2024-09-10 05:00:00,0.03367645,0.02136377,2024-09-10,5
2024-09-10 06:00:00,0.2210054,0.2206678,2024-09-10,6
2024-09-10 07:00:00,0.5303707,0.5589264,2024-09-10,7
2024-09-10 08:00:00,0.7989894,0.8562909,2024-09-10,8
2024-09-10 09:00:00,0.9310907,1.00465,2024-09-10,9
2024-09-10 10:00:00,1.022604,1.106949,2024-09-10,10
2024-09-10 11:00:00,1.052734,1.140629,2024-09-10,11
2024-09-10 12:00:00,0.990126,1.071359,2024-09-10,12
2024-09-10 13:00:00,0.9075407,0.9788879,2024-09-10,13
2024-09-10 14:00:00,0.6702915,0.7163764,2024-09-10,14
2024-09-10 15:00:00,0.3409442,0.3474712,2024-09-10,15
2024-09-10 16:00:00,0.2141243,0.2133617,2024-09-10,16
2024-09-10 17:00:00,0.03320331,0.01729386,2024-09-10,17
2024-09-10 18:00:00,0.0,0.0,2024-09-10,18
2024-09-10 19:00:00,0.0,0.0,2024-09-10,19
2024-09-10 20:00:00,0.0,0.0,2024-09-10,20
2024-09-10 21:00:00,0.0,0.0,2024-09-10,21
2024-09-10 22:00:00,0.0,0.0,2024-09-10,22
2024-09-10 23:00:00,0.0,0.0,2024-09-10,23
2024-09-11 00:00:00,0.0,0.0,2024-09-11,0
2024-09-11 01:00:00,0.0,0.0,2024-09-11,1
2024-09-11 02:00:00,0.0,0.0,2024-09-11,2
2024-09-11 03:00:00,0.0,0.0,2024-09-11,3
2024-09-11 04:00:00,0.0,0.0,2024-09-11,4
2024-09-11 05:00:00,0.03234884,0.02172656,2024-09-11,5
2024-09-11 06:00:00,0.03694245,0.03590138,2024-09-11,6
2024-09-11 07:00:00,0.06963477,0.06771021,2024-09-11,7
2024-09-11 08:00:00,0.06864352,0.06672643,2024-09-11,8
2024-09-11 09:00:00,0.2076477,0.2022423,2024-09-11,9
2024-09-11 10:00:00,0.1484284,0.1444067,2024-09-11,10
2024-09-11 11:00:00,0.09905782,0.09630476,2024-09-11,11
2024-09-11 12:00:00,0.0431851,0.04195362,2024-09-11,12
2024-09-11 13:00:00,0.05162831,0.05016547,2024-09-11,13
2024-09-11 14:00:00,0.04404609,0.04279781,2024-09-11,14
2024-09-11 15:00:00,0.04807794,0.04672829,2024-09-11,15
2024-09-11 16:00:00,0.04731533,0.04599235,2024-09-11,16
2024-09-11 17:00:00,0.007826951,0.007506392,2024-09-11,17
2024-09-11 18:00:00,0.0,0.0,2024-09-11,18
2024-09-11 19:00:00,0.0,0.0,2024-09-11,19
2024-09-11 20:00:00,0.0,0.0,2024-09-11,20
2024-09-11 21:00:00,0.0,0.0,2024-09-11,21
2024-09-11 22:00:00,0.0,0.0,2024-09-11,22
2024-09-11 23:00:00,0.0,0.0,2024-09-11,23
2024-09-12 00:00:00,0.0,0.0,2024-09-12,0
2024-09-12 01:00:00,0.0,0.0,2024-09-12,1
2024-09-12 02:00:00,0.0,0.0,2024-09-12,2
2024-09-12 03:00:00,0.0,0.0,2024-09-12,3
2024-09-12 04:00:00,0.0,0.0,2024-09-12,4
2024-09-12 05:00:00,0.02558561,0.02140647,2024-09-12,5
2024-09-12 06:00:00,0.01905739,0.01851336,2024-09-12,6
2024-09-12 07:00:00,0.03132278,0.03043317,2024-09-12,7
2024-09-12 08:00:00,0.1409883,0.1372334,2024-09-12,8
2024-09-12 09:00:00,0.2003297,0.1951076,2024-09-12,9
2024-09-12 10:00:00,0.1666853,0.1622187,2024-09-12,10
2024-09-12 11:00:00,0.1393141,0.1355209,2024-09-12,11
2024-09-12 12:00:00,0.1103318,0.1072898,2024-09-12,12
2024-09-12 13:00:00,0.006214537,0.006033756,2024-09-12,13
2024-09-12 14:00:00,0.08528456,0.08293124,2024-09-12,14
2024-09-12 15:00:00,0.01825691,0.01773299,2024-09-12,15
2024-09-12 16:00:00,0.03357615,0.03263072,2024-09-12,16
2024-09-12 17:00:00,0.007999867,0.007657161,2024-09-12,17
2024-09-12 18:00:00,0.0,0.0,2024-09-12,18
2024-09-12 19:00:00,0.0,0.0,2024-09-12,19
2024-09-12 20:00:00,0.0,0.0,2024-09-12,20
2024-09-12 21:00:00,0.0,0.0,2024-09-12,21
2024-09-12 22:00:00,0.0,0.0,2024-09-12,22
2024-09-12 23:00:00,0.0,0.0,2024-09-12,23
2024-09-13 00:00:00,0.0,0.0,2024-09-13,0
2024-09-13 01:00:00,0.0,0.0,2024-09-13,1
2024-09-13 02:00:00,0.0,0.0,2024-09-13,2
2024-09-13 03:00:00,0.0,0.0,2024-09-13,3
2024-09-13 04:00:00,0.0,0.0,2024-09-13,4
2024-09-13 05:00:00,0.02325272,0.02043962,2024-09-13,5
2024-09-13 06:00:00,0.1443811,0.142725,2024-09-13,6
2024-09-13 07:00:00,0.4444603,0.4726722,2024-09-13,7
2024-09-13 08:00:00,0.3446039,0.3429049,2024-09-13,8
2024-09-13 09:00:00,0.4582639,0.4609603,2024-09-13,9
2024-09-13 10:00:00,0.6320696,0.6570014,2024-09-13,10
2024-09-13 11:00:00,0.9120563,0.9928475,2024-09-13,11
2024-09-13 12:00:00,0.7605407,0.8149552,2024-09-13,12
2024-09-13 13:00:00,0.669436,0.7138852,2024-09-13,13
2024-09-13 14:00:00,0.4623324,0.478243,2024-09-13,14
2024-09-13 15:00:00,0.2994293,0.3036371,2024-09-13,15
2024-09-13 16:00:00,0.1608526,0.1605292,2024-09-13,16
2024-09-13 17:00:00,0.02811508,0.01204248,2024-09-13,17
2024-09-13 18:00:00,0.0,0.0,2024-09-13,18
2024-09-13 19:00:00,0.0,0.0,2024-09-13,19
2024-09-13 20:00:00,0.0,0.0,2024-09-13,20
2024-09-13 21:00:00,0.0,0.0,2024-09-13,21
2024-09-13 22:00:00,0.0,0.0,2024-09-13,22
2024-09-13 23:00:00,0.0,0.0,2024-09-13,23
2024-09-14 00:00:00,0.0,0.0,2024-09-14,0
2024-09-14 01:00:00,0.0,0.0,2024-09-14,1
2024-09-14 02:00:00,0.0,0.0,2024-09-14,2
2024-09-14 03:00:00,0.0,0.0,2024-09-14,3
2024-09-14 04:00:00,0.0,0.0,2024-09-14,4
2024-09-14 05:00:00,0.02845253,0.02229618,2024-09-14,5
2024-09-14 06:00:00,0.04462194,0.04339125,2024-09-14,6
2024-09-14 07:00:00,0.1415174,0.1378912,2024-09-14,7
2024-09-14 08:00:00,0.2922008,0.2876191,2024-09-14,8
2024-09-14 09:00:00,0.3321085,0.3260161,2024-09-14,9
2024-09-14 10:00:00,0.7377094,0.7886394,2024-09-14,10
2024-09-14 11:00:00,0.8756781,0.9530787,2024-09-14,11
2024-09-14 12:00:00,0.7587985,0.8151201,2024-09-14,12
2024-09-14 13:00:00,0.4524968,0.4555422,2024-09-14,13
2024-09-14 14:00:00,0.3750076,0.3775628,2024-09-14,14
2024-09-14 15:00:00,0.08645059,0.08411774,2024-09-14,15
2024-09-14 16:00:00,0.08925145,0.08702999,2024-09-14,16
2024-09-14 17:00:00,0.003610607,0.003481712,2024-09-14,17
2024-09-14 18:00:00,0.0,0.0,2024-09-14,18
2024-09-14 19:00:00,0.0,0.0,2024-09-14,19
2024-09-14 20:00:00,0.0,0.0,2024-09-14,20
2024-09-14 21:00:00,0.0,0.0,2024-09-14,21
2024-09-14 22:00:00,0.0,0.0,2024-09-14,22
2024-09-14 23:00:00,0.0,0.0,2024-09-14,23
2024-09-15 00:00:00,0.0,0.0,2024-09-15,0
2024-09-15 01:00:00,0.0,0.0,2024-09-15,1
2024-09-15 02:00:00,0.0,0.0,2024-09-15,2
2024-09-15 03:00:00,0.0,0.0,2024-09-15,3
2024-09-15 04:00:00,0.0,0.0,2024-09-15,4
2024-09-15 05:00:00,0.02953176,0.0228783,2024-09-15,5
2024-09-15 06:00:00,0.0449753,0.04374222,2024-09-15,6
2024-09-15 07:00:00,0.02697781,0.02621104,2024-09-15,7
2024-09-15 08:00:00,0.05418266,0.05266221,2024-09-15,8
2024-09-15 09:00:00,0.08959017,0.08711272,2024-09-15,9
2024-09-15 10:00:00,0.05128219,0.04982856,2024-09-15,10
2024-09-15 11:00:00,0.1526671,0.1485582,2024-09-15,11
2024-09-15 12:00:00,0.2411566,0.2350128,2024-09-15,12
2024-09-15 13:00:00,0.2533541,0.247143,2024-09-15,13
2024-09-15 14:00:00,0.1264614,0.1230927,2024-09-15,14
2024-09-15 15:00:00,0.1450121,0.1413771,2024-09-15,15
2024-09-15 16:00:00,0.04684798,0.04556959,2024-09-15,16
2024-09-15 17:00:00,0.002892155,0.00279176,2024-09-15,17
2024-09-15 18:00:00,0.0,0.0,2024-09-15,18
2024-09-15 19:00:00,0.0,0.0,2024-09-15,19
2024-09-15 20:00:00,0.0,0.0,2024-09-15,20
2024-09-15 21:00:00,0.0,0.0,2024-09-15,21
2024-09-15 22:00:00,0.0,0.0,2024-09-15,22
2024-09-15 23:00:00,0.0,0.0,2024-09-15,23
2024-09-16 00:00:00,0.0,0.0,2024-09-16,0
2024-09-16 01:00:00,0.0,0.0,2024-09-16,1
2024-09-16 02:00:00,0.0,0.0,2024-09-16,2
2024-09-16 03:00:00,0.0,0.0,2024-09-16,3
2024-09-16 04:00:00,0.0,0.0,2024-09-16,4
2024-09-16 05:00:00,0.0231986,0.02075511,2024-09-16,5
2024-09-16 06:00:00,0.06832147,0.06652473,2024-09-16,6
2024-09-16 07:00:00,0.0729291,0.07094535,2024-09-16,7
2024-09-16 08:00:00,0.1243941,0.1210788,2024-09-16,8
2024-09-16 09:00:00,0.3539975,0.3489375,2024-09-16,9
2024-09-16 10:00:00,0.2468626,0.2406117,2024-09-16,10
2024-09-16 11:00:00,0.2378308,0.2317483,2024-09-16,11
2024-09-16 12:00:00,0.2420931,0.2359499,2024-09-16,12
2024-09-16 13:00:00,0.1538593,0.1497792,2024-09-16,13
2024-09-16 14:00:00,0.1056242,0.1027744,2024-09-16,14
2024-09-16 15:00:00,0.1509237,0.1472495,2024-09-16,15
2024-09-16 16:00:00,0.08991607,0.08784409,2024-09-16,16
2024-09-16 17:00:00,0.01605461,0.01278806,2024-09-16,17
2024-09-16 18:00:00,0.0,0.0,2024-09-16,18
2024-09-16 19:00:00,0.0,0.0,2024-09-16,19
2024-09-16 20:00:00,0.0,0.0,2024-09-16,20
2024-09-16 21:00:00,0.0,0.0,2024-09-16,21
2024-09-16 22:00:00,0.0,0.0,2024-09-16,22
2024-09-16 23:00:00,0.0,0.0,2024-09-16,23
2024-09-17 00:00:00,0.0,0.0,2024-09-17,0
2024-09-17 01:00:00,0.0,0.0,2024-09-17,1
2024-09-17 02:00:00,0.0,0.0,2024-09-17,2
2024-09-17 03:00:00,0.0,0.0,2024-09-17,3
2024-09-17 04:00:00,0.0,0.0,2024-09-17,4
2024-09-17 05:00:00,0.03362209,0.02606814,2024-09-17,5
2024-09-17 06:00:00,0.1459644,0.14631,2024-09-17,6
2024-09-17 07:00:00,0.240844,0.2397525,2024-09-17,7
2024-09-17 08:00:00,0.3396362,0.3389291,2024-09-17,8
2024-09-17 09:00:00,0.5602486,0.5850127,2024-09-17,9
2024-09-17 10:00:00,0.6275921,0.6569561,2024-09-17,10
2024-09-17 11:00:00,0.5792257,0.5947318,2024-09-17,11
2024-09-17 12:00:00,0.4744727,0.4761415,2024-09-17,12
2024-09-17 13:00:00,0.2674531,0.2611938,2024-09-17,13
2024-09-17 14:00:00,0.4942613,0.524206,2024-09-17,14
2024-09-17 15:00:00,0.2752192,0.2797349,2024-09-17,15
2024-09-17 16:00:00,0.06008227,0.05850697,2024-09-17,16
2024-09-17 17:00:00,0.01438488,0.0,2024-09-17,17
2024-09-17 18:00:00,0.0,0.0,2024-09-17,18
2024-09-17 19:00:00,0.0,0.0,2024-09-17,19
2024-09-17 20:00:00,0.0,0.0,2024-09-17,20
2024-09-17 21:00:00,0.0,0.0,2024-09-17,21
2024-09-17 22:00:00,0.0,0.0,2024-09-17,22
2024-09-17 23:00:00,0.0,0.0,2024-09-17,23
2024-09-18 00:00:00,0.0,0.0,2024-09-18,0
2024-09-18 01:00:00,0.0,0.0,2024-09-18,1
2024-09-18 02:00:00,0.0,0.0,2024-09-18,2
2024-09-18 03:00:00,0.0,0.0,2024-09-18,3
2024-09-18 04:00:00,0.0,0.0,2024-09-18,4
2024-09-18 05:00:00,0.03138748,0.02689288,2024-09-18,5
2024-09-18 06:00:00,0.1546686,0.1567553,2024-09-18,6
2024-09-18 07:00:00,0.2979155,0.3052011,2024-09-18,7
2024-09-18 08:00:00,0.5141255,0.54838,2024-09-18,8
2024-09-18 09:00:00,0.7315391,0.8008416,2024-09-18,9
2024-09-18 10:00:00,0.8390321,0.9224936,2024-09-18,10
2024-09-18 11:00:00,0.8422976,0.9237334,2024-09-18,11
2024-09-18 12:00:00,0.6449716,0.6811544,2024-09-18,12
2024-09-18 13:00:00,0.3147986,0.3089915,2024-09-18,13
2024-09-18 14:00:00,0.3239083,0.3230253,2024-09-18,14
2024-09-18 15:00:00,0.3240696,0.3397597,2024-09-18,15
2024-09-18 16:00:00,0.1502399,0.1538752,2024-09-18,16
2024-09-18 17:00:00,0.01781364,0.0,2024-09-18,17
2024-09-18 18:00:00,0.0,0.0,2024-09-18,18
2024-09-18 19:00:00,0.0,0.0,2024-09-18,19
2024-09-18 20:00:00,0.0,0.0,2024-09-18,20
2024-09-18 21:00:00,0.0,0.0,2024-09-18,21
2024-09-18 22:00:00,0.0,0.0,2024-09-18,22
2024-09-18 23:00:00,0.0,0.0,2024-09-18,23
2024-09-19 00:00:00,0.0,0.0,2024-09-19,0
2024-09-19 01:00:00,0.0,0.0,2024-09-19,1
2024-09-19 02:00:00,0.0,0.0,2024-09-19,2
2024-09-19 03:00:00,0.0,0.0,2024-09-19,3
2024-09-19 04:00:00,0.0,0.0,2024-09-19,4
2024-09-19 05:00:00,0.03604506,0.03296038,2024-09-19,5
2024-09-19 06:00:00,0.1247414,0.1238887,2024-09-19,6
2024-09-19 07:00:00,0.2159471,0.2135649,2024-09-19,7
2024-09-19 08:00:00,0.5919343,0.6480995,2024-09-19,8
2024-09-19 09:00:00,0.6438676,0.6935012,2024-09-19,9
2024-09-19 10:00:00,0.7078167,0.7614737,2024-09-19,10
2024-09-19 11:00:00,0.4061491,0.4011185,2024-09-19,11
2024-09-19 12:00:00,0.7170588,0.7744648,2024-09-19,12
2024-09-19 13:00:00,0.5110876,0.528978,2024-09-19,13
2024-09-19 14:00:00,0.3524922,0.3555337,2024-09-19,14
2024-09-19 15:00:00,0.3196933,0.3360909,2024-09-19,15
2024-09-19 16:00:00,0.1292831,0.1305848,2024-09-19,16
2024-09-19 17:00:00,0.009553631,0.0,2024-09-19,17
2024-09-19 18:00:00,0.0,0.0,2024-09-19,18
2024-09-19 19:00:00,0.0,0.0,2024-09-19,19
2024-09-19 20:00:00,0.0,0.0,2024-09-19,20
2024-09-19 21:00:00,0.0,0.0,2024-09-19,21
2024-09-19 22:00:00,0.0,0.0,2024-09-19,22
2024-09-19 23:00:00,0.0,0.0,2024-09-19,23
2024-09-20 00:00:00,0.0,0.0,2024-09-20,0
2024-09-20 01:00:00,0.0,0.0,2024-09-20,1
2024-09-20 02:00:00,0.0,0.0,2024-09-20,2
2024-09-20 03:00:00,0.0,0.0,2024-09-20,3
2024-09-20 04:00:00,0.0,0.0,2024-09-20,4
2024-09-20 05:00:00,0.03045164,0.03100966,2024-09-20,5
2024-09-20 06:00:00,0.08513197,0.0831506,2024-09-20,6
2024-09-20 07:00:00,0.1328004,0.1294848,2024-09-20,7
2024-09-20 08:00:00,0.2113749,0.206341,2024-09-20,8
2024-09-20 09:00:00,0.3808296,0.3783288,2024-09-20,9
2024-09-20 10:00:00,0.3899723,0.3850617,2024-09-20,10
2024-09-20 11:00:00,0.6344244,0.6660696,2024-09-20,11
2024-09-20 12:00:00,0.5105568,0.5194587,2024-09-20,12
2024-09-20 13:00:00,0.6087487,0.6533797,2024-09-20,13
2024-09-20 14:00:00,0.4275886,0.4461974,2024-09-20,14
2024-09-20 15:00:00,0.3427098,0.3671765,2024-09-20,15
2024-09-20 16:00:00,0.11538,0.1155882,2024-09-20,16
2024-09-20 17:00:00,0.009618308,0.0,2024-09-20,17
2024-09-20 18:00:00,0.0,0.0,2024-09-20,18
2024-09-20 19:00:00,0.0,0.0,2024-09-20,19
2024-09-20 20:00:00,0.0,0.0,2024-09-20,20
2024-09-20 21:00:00,0.0,0.0,2024-09-20,21
2024-09-20 22:00:00,0.0,0.0,2024-09-20,22
2024-09-20 23:00:00,0.0,0.0,2024-09-20,23
2024-09-21 00:00:00,0.0,0.0,2024-09-21,0
2024-09-21 01:00:00,0.0,0.0,2024-09-21,1
2024-09-21 02:00:00,0.0,0.0,2024-09-21,2
2024-09-21 03:00:00,0.0,0.0,2024-09-21,3
2024-09-21 04:00:00,0.0,0.0,2024-09-21,4
2024-09-21 05:00:00,0.0280764,0.03109952,2024-09-21,5
2024-09-21 06:00:00,0.07705826,0.07519576,2024-09-21,6
2024-09-21 07:00:00,0.1270543,0.1238777,2024-09-21,7
2024-09-21 08:00:00,0.3834351,0.3908209,2024-09-21,8
2024-09-21 09:00:00,0.06600939,0.06416883,2024-09-21,9
2024-09-21 10:00:00,0.1052932,0.1024135,2024-09-21,10
2024-09-21 11:00:00,0.3814778,0.3756698,2024-09-21,11
2024-09-21 12:00:00,0.5200412,0.5314933,2024-09-21,12
2024-09-21 13:00:00,0.2681705,0.2621483,2024-09-21,13
2024-09-21 14:00:00,0.09588449,0.09330992,2024-09-21,14
2024-09-21 15:00:00,0.02957245,0.02874141,2024-09-21,15
2024-09-21 16:00:00,0.04880945,0.04755775,2024-09-21,16
2024-09-21 17:00:00,0.003707054,0.0,2024-09-21,17
2024-09-21 18:00:00,0.0,0.0,2024-09-21,18
2024-09-21 19:00:00,0.0,0.0,2024-09-21,19
2024-09-21 20:00:00,0.0,0.0,2024-09-21,20
2024-09-21 21:00:00,0.0,0.0,2024-09-21,21
2024-09-21 22:00:00,0.0,0.0,2024-09-21,22
2024-09-21 23:00:00,0.0,0.0,2024-09-21,23
2024-09-22 00:00:00,0.0,0.0,2024-09-22,0
2024-09-22 01:00:00,0.0,0.0,2024-09-22,1
2024-09-22 02:00:00,0.0,0.0,2024-09-22,2
2024-09-22 03:00:00,0.0,0.0,2024-09-22,3
2024-09-22 04:00:00,0.0,0.0,2024-09-22,4
2024-09-22 05:00:00,0.01563709,0.01572657,2024-09-22,5
2024-09-22 06:00:00,0.1740573,0.184458,2024-09-22,6
2024-09-22 07:00:00,0.4894919,0.5498054,2024-09-22,7
2024-09-22 08:00:00,0.7251655,0.8133733,2024-09-22,8
2024-09-22 09:00:00,0.8083988,0.904175,2024-09-22,9
2024-09-22 10:00:00,0.8346683,0.9283621,2024-09-22,10
2024-09-22 11:00:00,0.9817679,1.098989,2024-09-22,11
2024-09-22 12:00:00,0.9105923,1.01898,2024-09-22,12
2024-09-22 13:00:00,0.8039939,0.9000132,2024-09-22,13
2024-09-22 14:00:00,0.5048226,0.5488273,2024-09-22,14
2024-09-22 15:00:00,0.3120195,0.3319354,2024-09-22,15
2024-09-22 16:00:00,0.1699622,0.1863305,2024-09-22,16
2024-09-22 17:00:00,0.01789287,0.0,2024-09-22,17
2024-09-22 18:00:00,0.0,0.0,2024-09-22,18
2024-09-22 19:00:00,0.0,0.0,2024-09-22,19
2024-09-22 20:00:00,0.0,0.0,2024-09-22,20
2024-09-22 21:00:00,0.0,0.0,2024-09-22,21
2024-09-22 22:00:00,0.0,0.0,2024-09-22,22
2024-09-22 23:00:00,0.0,0.0,2024-09-22,23
2024-09-23 00:00:00,0.0,0.0,2024-09-23,0
2024-09-23 01:00:00,0.0,0.0,2024-09-23,1
2024-09-23 02:00:00,0.0,0.0,2024-09-23,2
2024-09-23 03:00:00,0.0,0.0,2024-09-23,3
2024-09-23 04:00:00,0.0,0.0,2024-09-23,4
2024-09-23 05:00:00,0.02627669,0.03560773,2024-09-23,5
2024-09-23 06:00:00,0.1821137,0.1965404,2024-09-23,6
2024-09-23 07:00:00,0.3159619,0.3326978,2024-09-23,7
2024-09-23 08:00:00,0.4628764,0.4912479,2024-09-23,8
2024-09-23 09:00:00,0.4767945,0.4893752,2024-09-23,9
2024-09-23 10:00:00,0.5442618,0.5613805,2024-09-23,10
2024-09-23 11:00:00,0.8183745,0.9077089,2024-09-23,11
2024-09-23 12:00:00,0.6088943,0.6437928,2024-09-23,12
2024-09-23 13:00:00,0.6884818,0.7630271,2024-09-23,13
2024-09-23 14:00:00,0.4984961,0.5430499,2024-09-23,14
2024-09-23 15:00:00,0.174909,0.172185,2024-09-23,15
2024-09-23 16:00:00,0.09277927,0.0921029,2024-09-23,16
2024-09-23 17:00:00,0.005221326,0.0,2024-09-23,17
2024-09-23 18:00:00,0.0,0.0,2024-09-23,18
2024-09-23 19:00:00,0.0,0.0,2024-09-23,19
2024-09-23 20:00:00,0.0,0.0,2024-09-23,20
2024-09-23 21:00:00,0.0,0.0,2024-09-23,21
2024-09-23 22:00:00,0.0,0.0,2024-09-23,22
2024-09-23 23:00:00,0.0,0.0,2024-09-23,23
2024-09-24 00:00:00,0.0,0.0,2024-09-24,0
2024-09-24 01:00:00,0.0,0.0,2024-09-24,1
2024-09-24 02:00:00,0.0,0.0,2024-09-24,2
2024-09-24 03:00:00,0.0,0.0,2024-09-24,3
2024-09-24 04:00:00,0.0,0.0,2024-09-24,4
2024-09-24 05:00:00,0.02189522,0.02908538,2024-09-24,5
2024-09-24 06:00:00,0.2282622,0.2607255,2024-09-24,6
2024-09-24 07:00:00,0.4479387,0.5061795,2024-09-24,7
2024-09-24 08:00:00,0.575667,0.6403059,2024-09-24,8
2024-09-24 09:00:00,0.7691801,0.8633759,2024-09-24,9
2024-09-24 10:00:00,0.9157708,1.030696,2024-09-24,10
2024-09-24 11:00:00,0.7444863,0.8155072,2024-09-24,11
2024-09-24 12:00:00,0.5400631,0.5586965,2024-09-24,12
2024-09-24 13:00:00,0.5494795,0.584945,2024-09-24,13
2024-09-24 14:00:00,0.4459562,0.4764539,2024-09-24,14
2024-09-24 15:00:00,0.3109083,0.3345553,2024-09-24,15
2024-09-24 16:00:00,0.1358758,0.1450803,2024-09-24,16
2024-09-24 17:00:00,0.01189364,0.0,2024-09-24,17
2024-09-24 18:00:00,0.0,0.0,2024-09-24,18
2024-09-24 19:00:00,0.0,0.0,2024-09-24,19
2024-09-24 20:00:00,0.0,0.0,2024-09-24,20
2024-09-24 21:00:00,0.0,0.0,2024-09-24,21
2024-09-24 22:00:00,0.0,0.0,2024-09-24,22
2024-09-24 23:00:00,0.0,0.0,2024-09-24,23
2024-09-25 00:00:00,0.0,0.0,2024-09-25,0
2024-09-25 01:00:00,0.0,0.0,2024-09-25,1
2024-09-25 02:00:00,0.0,0.0,2024-09-25,2
2024-09-25 03:00:00,0.0,0.0,2024-09-25,3
2024-09-25 04:00:00,0.0,0.0,2024-09-25,4
2024-09-25 05:00:00,0.03046536,0.06681147,2024-09-25,5
2024-09-25 06:00:00,0.2386986,0.2771068,2024-09-25,6
2024-09-25 07:00:00,0.4991782,0.5702574,2024-09-25,7
2024-09-25 08:00:00,0.6808895,0.7721348,2024-09-25,8
2024-09-25 09:00:00,0.9109898,1.03146,2024-09-25,9
2024-09-25 10:00:00,0.9534238,1.076952,2024-09-25,10
2024-09-25 11:00:00,0.9873796,1.115033,2024-09-25,11
2024-09-25 12:00:00,0.9827953,1.111168,2024-09-25,12
2024-09-25 13:00:00,0.81911,0.9267136,2024-09-25,13
2024-09-25 14:00:00,0.663533,0.7535377,2024-09-25,14
2024-09-25 15:00:00,0.4687007,0.5370755,2024-09-25,15
2024-09-25 16:00:00,0.2092114,0.2467,2024-09-25,16
2024-09-25 17:00:00,0.01085352,0.0,2024-09-25,17
2024-09-25 18:00:00,0.0,0.0,2024-09-25,18
2024-09-25 19:00:00,0.0,0.0,2024-09-25,19
2024-09-25 20:00:00,0.0,0.0,2024-09-25,20
2024-09-25 21:00:00,0.0,0.0,2024-09-25,21
2024-09-25 22:00:00,0.0,0.0,2024-09-25,22
2024-09-25 23:00:00,0.0,0.0,2024-09-25,23
2024-09-26 00:00:00,0.0,0.0,2024-09-26,0
2024-09-26 01:00:00,0.0,0.0,2024-09-26,1
2024-09-26 02:00:00,0.0,0.0,2024-09-26,2
2024-09-26 03:00:00,0.0,0.0,2024-09-26,3
2024-09-26 04:00:00,0.0,0.0,2024-09-26,4
2024-09-26 05:00:00,0.0217746,0.03983747,2024-09-26,5
2024-09-26 06:00:00,0.09911384,0.09791987,2024-09-26,6
2024-09-26 07:00:00,0.07021501,0.06835668,2024-09-26,7
2024-09-26 08:00:00,0.08023158,0.07806084,2024-09-26,8
2024-09-26 09:00:00,0.1300537,0.1266181,2024-09-26,9
2024-09-26 10:00:00,0.3454174,0.3395952,2024-09-26,10
2024-09-26 11:00:00,0.5546951,0.5741805,2024-09-26,11
2024-09-26 12:00:00,0.6515487,0.7049149,2024-09-26,12
2024-09-26 13:00:00,0.3994947,0.4028245,2024-09-26,13
2024-09-26 14:00:00,0.3428,0.3496364,2024-09-26,14
2024-09-26 15:00:00,0.2675851,0.2813677,2024-09-26,15
2024-09-26 16:00:00,0.1031207,0.1056103,2024-09-26,16
2024-09-26 17:00:00,0.003414911,0.0,2024-09-26,17
2024-09-26 18:00:00,0.0,0.0,2024-09-26,18
2024-09-26 19:00:00,0.0,0.0,2024-09-26,19
2024-09-26 20:00:00,0.0,0.0,2024-09-26,20
2024-09-26 21:00:00,0.0,0.0,2024-09-26,21
2024-09-26 22:00:00,0.0,0.0,2024-09-26,22
2024-09-26 23:00:00,0.0,0.0,2024-09-26,23
2024-09-27 00:00:00,0.0,0.0,2024-09-27,0
2024-09-27 01:00:00,0.0,0.0,2024-09-27,1
2024-09-27 02:00:00,0.0,0.0,2024-09-27,2
2024-09-27 03:00:00,0.0,0.0,2024-09-27,3
2024-09-27 04:00:00,0.0,0.0,2024-09-27,4
2024-09-27 05:00:00,0.01979239,0.03929862,2024-09-27,5
2024-09-27 06:00:00,0.08139977,0.0797542,2024-09-27,6
2024-09-27 07:00:00,0.2293199,0.2305249,2024-09-27,7
2024-09-27 08:00:00,0.2287656,0.2240621,2024-09-27,8
2024-09-27 09:00:00,0.1572811,0.1532293,2024-09-27,9
2024-09-27 10:00:00,0.1174063,0.1142478,2024-09-27,10
2024-09-27 11:00:00,0.1193738,0.1161589,2024-09-27,11
2024-09-27 12:00:00,0.23257,0.2268652,2024-09-27,12
2024-09-27 13:00:00,0.3924381,0.395344,2024-09-27,13
2024-09-27 14:00:00,0.3268026,0.3315439,2024-09-27,14
2024-09-27 15:00:00,0.1947013,0.1945842,2024-09-27,15
2024-09-27 16:00:00,0.05483142,0.05361043,2024-09-27,16
2024-09-27 17:00:00,0.001257541,0.0,2024-09-27,17
2024-09-27 18:00:00,0.0,0.0,2024-09-27,18
2024-09-27 19:00:00,0.0,0.0,2024-09-27,19
2024-09-27 20:00:00,0.0,0.0,2024-09-27,20
2024-09-27 21:00:00,0.0,0.0,2024-09-27,21
2024-09-27 22:00:00,0.0,0.0,2024-09-27,22
2024-09-27 23:00:00,0.0,0.0,2024-09-27,23
2024-09-28 00:00:00,0.0,0.0,2024-09-28,0
2024-09-28 01:00:00,0.0,0.0,2024-09-28,1
2024-09-28 02:00:00,0.0,0.0,2024-09-28,2
2024-09-28 03:00:00,0.0,0.0,2024-09-28,3
2024-09-28 04:00:00,0.0,0.0,2024-09-28,4
2024-09-28 05:00:00,0.01391698,0.01866431,2024-09-28,5
2024-09-28 06:00:00,0.1081367,0.1080891,2024-09-28,6
2024-09-28 07:00:00,0.2034897,0.2021576,2024-09-28,7
2024-09-28 08:00:00,0.1972696,0.1926675,2024-09-28,8
2024-09-28 09:00:00,0.2624384,0.2566529,2024-09-28,9
2024-09-28 10:00:00,0.260255,0.2540625,2024-09-28,10
2024-09-28 11:00:00,0.3861711,0.3819659,2024-09-28,11
2024-09-28 12:00:00,0.7573028,0.8497025,2024-09-28,12
2024-09-28 13:00:00,0.7106619,0.8061158,2024-09-28,13
2024-09-28 14:00:00,0.4587124,0.502143,2024-09-28,14
2024-09-28 15:00:00,0.2055555,0.2073848,2024-09-28,15
2024-09-28 16:00:00,0.06755209,0.06652517,2024-09-28,16
2024-09-28 17:00:00,0.002363463,0.0,2024-09-28,17
2024-09-28 18:00:00,0.0,0.0,2024-09-28,18
2024-09-28 19:00:00,0.0,0.0,2024-09-28,19
2024-09-28 20:00:00,0.0,0.0,2024-09-28,20
2024-09-28 21:00:00,0.0,0.0,2024-09-28,21
2024-09-28 22:00:00,0.0,0.0,2024-09-28,22
2024-09-28 23:00:00,0.0,0.0,2024-09-28,23
2024-09-29 00:00:00,0.0,0.0,2024-09-29,0
2024-09-29 01:00:00,0.0,0.0,2024-09-29,1
2024-09-29 02:00:00,0.0,0.0,2024-09-29,2
2024-09-29 03:00:00,0.0,0.0,2024-09-29,3
2024-09-29 04:00:00,0.0,0.0,2024-09-29,4
2024-09-29 05:00:00,0.02195321,0.06772193,2024-09-29,5
2024-09-29 06:00:00,0.1499924,0.1608888,2024-09-29,6
2024-09-29 07:00:00,0.3242342,0.3522595,2024-09-29,7
2024-09-29 08:00:00,0.5463575,0.6144174,2024-09-29,8
2024-09-29 09:00:00,0.8405415,0.9631116,2024-09-29,9
2024-09-29 10:00:00,0.8457682,0.9626521,2024-09-29,10
2024-09-29 11:00:00,1.046762,1.197381,2024-09-29,11
2024-09-29 12:00:00,1.004323,1.150194,2024-09-29,12
2024-09-29 13:00:00,0.7703708,0.8827475,2024-09-29,13
2024-09-29 14:00:00,0.5950532,0.6854518,2024-09-29,14
2024-09-29 15:00:00,0.4039355,0.4732604,2024-09-29,15
2024-09-29 16:00:00,0.1737949,0.2154903,2024-09-29,16
2024-09-29 17:00:00,0.00565228,0.0,2024-09-29,17
2024-09-29 18:00:00,0.0,0.0,2024-09-29,18
2024-09-29 19:00:00,0.0,0.0,2024-09-29,19
2024-09-29 20:00:00,0.0,0.0,2024-09-29,20
2024-09-29 21:00:00,0.0,0.0,2024-09-29,21
2024-09-29 22:00:00,0.0,0.0,2024-09-29,22
2024-09-29 23:00:00,0.0,0.0,2024-09-29,23
2024-09-30 00:00:00,0.0,0.0,2024-09-30,0
2024-09-30 01:00:00,0.0,0.0,2024-09-30,1
2024-09-30 02:00:00,0.0,0.0,2024-09-30,2
2024-09-30 03:00:00,0.0,0.0,2024-09-30,3
2024-09-30 04:00:00,0.0,0.0,2024-09-30,4
2024-09-30 05:00:00,0.01764885,0.03802387,2024-09-30,5
2024-09-30 06:00:00,0.132839,0.1387419,2024-09-30,6
2024-09-30 07:00:00,0.21839,0.2192145,2024-09-30,7
2024-09-30 08:00:00,0.3312344,0.3349524,2024-09-30,8
2024-09-30 09:00:00,0.575725,0.6256238,2024-09-30,9
2024-09-30 10:00:00,0.7603302,0.8563897,2024-09-30,10
2024-09-30 11:00:00,0.9852146,1.129097,2024-09-30,11
2024-09-30 12:00:00,0.9058662,1.038755,2024-09-30,12
2024-09-30 13:00:00,0.7809423,0.8984854,2024-09-30,13
2024-09-30 14:00:00,0.4856732,0.5443596,2024-09-30,14
2024-09-30 15:00:00,0.292061,0.3224148,2024-09-30,15
2024-09-30 16:00:00,0.122577,0.1394196,2024-09-30,16
2024-09-30 17:00:00,0.004378024,0.0,2024-09-30,17
2024-09-30 18:00:00,0.0,0.0,2024-09-30,18
2024-09-30 19:00:00,0.0,0.0,2024-09-30,19
2024-09-30 20:00:00,0.0,0.0,2024-09-30,20
2024-09-30 21:00:00,0.0,0.0,2024-09-30,21
2024-09-30 22:00:00,0.0,0.0,2024-09-30,22
2024-09-30 23:00:00,0.0,0.0,2024-09-30,23
2024-10-01 00:00:00,0.0,0.0,2024-10-01,0
2024-10-01 01:00:00,0.0,0.0,2024-10-01,1
2024-10-01 02:00:00,0.0,0.0,2024-10-01,2
2024-10-01 03:00:00,0.0,0.0,2024-10-01,3
2024-10-01 04:00:00,0.0,0.0,2024-10-01,4
2024-10-01 05:00:00,0.01864807,0.0,2024-10-01,5
2024-10-01 06:00:00,0.02427173,0.02362674,2024-10-01,6
2024-10-01 07:00:00,0.1267899,0.1238366,2024-10-01,7
2024-10-01 08:00:00,0.3500667,0.357766,2024-10-01,8
2024-10-01 09:00:00,0.6207617,0.6890698,2024-10-01,9
2024-10-01 10:00:00,0.637078,0.6926813,2024-10-01,10
2024-10-01 11:00:00,0.7486111,0.8388591,2024-10-01,11
2024-10-01 12:00:00,0.6566966,0.7230741,2024-10-01,12
2024-10-01 13:00:00,0.6048685,0.6749524,2024-10-01,13
2024-10-01 14:00:00,0.3263625,0.3342251,2024-10-01,14
2024-10-01 15:00:00,0.1656291,0.1641898,2024-10-01,15
2024-10-01 16:00:00,0.04733087,0.04634786,2024-10-01,16
2024-10-01 17:00:00,0.000471726,0.0,2024-10-01,17
2024-10-01 18:00:00,0.0,0.0,2024-10-01,18
2024-10-01 19:00:00,0.0,0.0,2024-10-01,19
2024-10-01 20:00:00,0.0,0.0,2024-10-01,20
2024-10-01 21:00:00,0.0,0.0,2024-10-01,21
2024-10-01 22:00:00,0.0,0.0,2024-10-01,22
2024-10-01 23:00:00,0.0,0.0,2024-10-01,23
2024-10-02 00:00:00,0.0,0.0,2024-10-02,0
2024-10-02 01:00:00,0.0,0.0,2024-10-02,1
2024-10-02 02:00:00,0.0,0.0,2024-10-02,2
2024-10-02 03:00:00,0.0,0.0,2024-10-02,3
2024-10-02 04:00:00,0.0,0.0,2024-10-02,4
2024-10-02 05:00:00,0.01708485,0.0,2024-10-02,5
2024-10-02 06:00:00,0.09835605,0.09813219,2024-10-02,6
2024-10-02 07:00:00,0.1862253,0.1843583,2024-10-02,7
2024-10-02 08:00:00,0.4152397,0.4413024,2024-10-02,8
2024-10-02 09:00:00,0.2959606,0.2909617,2024-10-02,9
2024-10-02 10:00:00,0.1461012,0.1422922,2024-10-02,10
2024-10-02 11:00:00,0.2401354,0.2343408,2024-10-02,11
2024-10-02 12:00:00,0.5310985,0.5571885,2024-10-02,12
2024-10-02 13:00:00,0.2948261,0.2905326,2024-10-02,13
2024-10-02 14:00:00,0.2928555,0.2953469,2024-10-02,14
2024-10-02 15:00:00,0.06955306,0.06779505,2024-10-02,15
2024-10-02 16:00:00,0.0453519,0.04442635,2024-10-02,16
2024-10-02 17:00:00,0.000935108,0.0,2024-10-02,17
2024-10-02 18:00:00,0.0,0.0,2024-10-02,18
2024-10-02 19:00:00,0.0,0.0,2024-10-02,19
2024-10-02 20:00:00,0.0,0.0,2024-10-02,20
2024-10-02 21:00:00,0.0,0.0,2024-10-02,21
2024-10-02 22:00:00,0.0,0.0,2024-10-02,22
2024-10-02 23:00:00,0.0,0.0,2024-10-02,23
2024-10-03 00:00:00,0.0,0.0,2024-10-03,0
2024-10-03 01:00:00,0.0,0.0,2024-10-03,1
2024-10-03 02:00:00,0.0,0.0,2024-10-03,2
2024-10-03 03:00:00,0.0,0.0,2024-10-03,3
2024-10-03 04:00:00,0.0,0.0,2024-10-03,4
2024-10-03 05:00:00,0.01637685,0.0,2024-10-03,5
2024-10-03 06:00:00,0.07897484,0.07765511,2024-10-03,6
2024-10-03 07:00:00,0.08053415,0.07849643,2024-10-03,7
2024-10-03 08:00:00,0.1854561,0.1811609,2024-10-03,8
2024-10-03 09:00:00,0.2550534,0.2495323,2024-10-03,9
2024-10-03 10:00:00,0.6138383,0.6649898,2024-10-03,10
2024-10-03 11:00:00,0.750134,0.8464007,2024-10-03,11
2024-10-03 12:00:00,0.5448927,0.5764935,2024-10-03,12
2024-10-03 13:00:00,0.5766692,0.6413219,2024-10-03,13
2024-10-03 14:00:00,0.3013021,0.3058161,2024-10-03,14
2024-10-03 15:00:00,0.2269578,0.238231,2024-10-03,15
2024-10-03 16:00:00,0.05838563,0.05773407,2024-10-03,16
2024-10-03 17:00:00,0.001736841,0.0,2024-10-03,17
2024-10-03 18:00:00,0.0,0.0,2024-10-03,18
2024-10-03 19:00:00,0.0,0.0,2024-10-03,19
2024-10-03 20:00:00,0.0,0.0,2024-10-03,20
2024-10-03 21:00:00,0.0,0.0,2024-10-03,21
2024-10-03 22:00:00,0.0,0.0,2024-10-03,22
2024-10-03 23:00:00,0.0,0.0,2024-10-03,23
2024-10-04 00:00:00,0.0,0.0,2024-10-04,0
2024-10-04 01:00:00,0.0,0.0,2024-10-04,1
2024-10-04 02:00:00,0.0,0.0,2024-10-04,2
2024-10-04 03:00:00,0.0,0.0,2024-10-04,3
2024-10-04 04:00:00,0.0,0.0,2024-10-04,4
2024-10-04 05:00:00,0.0175609,0.0,2024-10-04,5
2024-10-04 06:00:00,0.1531831,0.1724211,2024-10-04,6
2024-10-04 07:00:00,0.3531323,0.4033977,2024-10-04,7
2024-10-04 08:00:00,0.5492309,0.6315047,2024-10-04,8
2024-10-04 09:00:00,0.6368879,0.7185521,2024-10-04,9
2024-10-04 10:00:00,0.774893,0.8870973,2024-10-04,10
2024-10-04 11:00:00,0.685991,0.7611393,2024-10-04,11
2024-10-04 12:00:00,0.7641758,0.8767433,2024-10-04,12
2024-10-04 13:00:00,0.7181917,0.834969,2024-10-04,13
2024-10-04 14:00:00,0.6218649,0.7346309,2024-10-04,14
2024-10-04 15:00:00,0.3854853,0.4673483,2024-10-04,15
2024-10-04 16:00:00,0.135386,0.1762415,2024-10-04,16
2024-10-04 17:00:00,0.002310603,0.0,2024-10-04,17
2024-10-04 18:00:00,0.0,0.0,2024-10-04,18
2024-10-04 19:00:00,0.0,0.0,2024-10-04,19
2024-10-04 20:00:00,0.0,0.0,2024-10-04,20
2024-10-04 21:00:00,0.0,0.0,2024-10-04,21
2024-10-04 22:00:00,0.0,0.0,2024-10-04,22
2024-10-04 23:00:00,0.0,0.0,2024-10-04,23
2024-10-05 00:00:00,0.0,0.0,2024-10-05,0
2024-10-05 01:00:00,0.0,0.0,2024-10-05,1
2024-10-05 02:00:00,0.0,0.0,2024-10-05,2
2024-10-05 03:00:00,0.0,0.0,2024-10-05,3
2024-10-05 04:00:00,0.0,0.0,2024-10-05,4
2024-10-05 05:00:00,0.01078248,0.0,2024-10-05,5
2024-10-05 06:00:00,0.03828024,0.03735555,2024-10-05,6
2024-10-05 07:00:00,0.2345427,0.2404939,2024-10-05,7
2024-10-05 08:00:00,0.2731958,0.2714764,2024-10-05,8
2024-10-05 09:00:00,0.328211,0.3253396,2024-10-05,9
2024-10-05 10:00:00,0.6544396,0.7249543,2024-10-05,10
2024-10-05 11:00:00,0.9728053,1.131479,2024-10-05,11
2024-10-05 12:00:00,0.8979158,1.045861,2024-10-05,12
2024-10-05 13:00:00,0.5560933,0.6176078,2024-10-05,13
2024-10-05 14:00:00,0.2120357,0.2084522,2024-10-05,14
2024-10-05 15:00:00,0.1303193,0.1279582,2024-10-05,15
2024-10-05 16:00:00,0.119129,0.1509146,2024-10-05,16
2024-10-05 17:00:00,0.00178839,0.0,2024-10-05,17
2024-10-05 18:00:00,0.0,0.0,2024-10-05,18
2024-10-05 19:00:00,0.0,0.0,2024-10-05,19
2024-10-05 20:00:00,0.0,0.0,2024-10-05,20
2024-10-05 21:00:00,0.0,0.0,2024-10-05,21
2024-10-05 22:00:00,0.0,0.0,2024-10-05,22
2024-10-05 23:00:00,0.0,0.0,2024-10-05,23
2024-10-06 00:00:00,0.0,0.0,2024-10-06,0
2024-10-06 01:00:00,0.0,0.0,2024-10-06,1
2024-10-06 02:00:00,0.0,0.0,2024-10-06,2
2024-10-06 03:00:00,0.0,0.0,2024-10-06,3
2024-10-06 04:00:00,0.0,0.0,2024-10-06,4
2024-10-06 05:00:00,0.01510062,0.0,2024-10-06,5
2024-10-06 06:00:00,0.2086386,0.2688295,2024-10-06,6
2024-10-06 07:00:00,0.4105352,0.4922988,2024-10-06,7
2024-10-06 08:00:00,0.6804383,0.8066788,2024-10-06,8
2024-10-06 09:00:00,0.838037,0.9830375,2024-10-06,9
2024-10-06 10:00:00,0.9269171,1.082048,2024-10-06,10
2024-10-06 11:00:00,1.001315,1.168853,2024-10-06,11
2024-10-06 12:00:00,0.8786995,1.026323,2024-10-06,12
2024-10-06 13:00:00,0.8149387,0.9590178,2024-10-06,13
2024-10-06 14:00:00,0.6372807,0.7603869,2024-10-06,14
2024-10-06 15:00:00,0.3848981,0.473889,2024-10-06,15
2024-10-06 16:00:00,0.1217433,0.160439,2024-10-06,16
2024-10-06 17:00:00,0.001251077,0.0,2024-10-06,17
2024-10-06 18:00:00,0.0,0.0,2024-10-06,18
2024-10-06 19:00:00,0.0,0.0,2024-10-06,19
2024-10-06 20:00:00,0.0,0.0,2024-10-06,20
2024-10-06 21:00:00,0.0,0.0,2024-10-06,21
2024-10-06 22:00:00,0.0,0.0,2024-10-06,22
2024-10-06 23:00:00,0.0,0.0,2024-10-06,23
2024-10-07 00:00:00,0.0,0.0,2024-10-07,0
2024-10-07 01:00:00,0.0,0.0,2024-10-07,1
2024-10-07 02:00:00,0.0,0.0,2024-10-07,2
2024-10-07 03:00:00,0.0,0.0,2024-10-07,3
2024-10-07 04:00:00,0.0,0.0,2024-10-07,4
2024-10-07 05:00:00,0.01452615,0.0,2024-10-07,5
2024-10-07 06:00:00,0.2004473,0.2588805,2024-10-07,6
2024-10-07 07:00:00,0.3529792,0.4103864,2024-10-07,7
2024-10-07 08:00:00,0.6306272,0.7489269,2024-10-07,8
2024-10-07 09:00:00,0.7826533,0.919759,2024-10-07,9
2024-10-07 10:00:00,0.8381638,0.978075,2024-10-07,10
2024-10-07 11:00:00,0.8266252,0.9600392,2024-10-07,11
2024-10-07 12:00:00,0.8794235,1.030472,2024-10-07,12
2024-10-07 13:00:00,0.5800429,0.6568514,2024-10-07,13
2024-10-07 14:00:00,0.4978709,0.5832262,2024-10-07,14
2024-10-07 15:00:00,0.3824731,0.4744146,2024-10-07,15
2024-10-07 16:00:00,0.1459656,0.2092044,2024-10-07,16
2024-10-07 17:00:00,0.000796507,0.0,2024-10-07,17
2024-10-07 18:00:00,0.0,0.0,2024-10-07,18
2024-10-07 19:00:00,0.0,0.0,2024-10-07,19
2024-10-07 20:00:00,0.0,0.0,2024-10-07,20
2024-10-07 21:00:00,0.0,0.0,2024-10-07,21
2024-10-07 22:00:00,0.0,0.0,2024-10-07,22
2024-10-07 23:00:00,0.0,0.0,2024-10-07,23
2024-10-08 00:00:00,0.0,0.0,2024-10-08,0
2024-10-08 01:00:00,0.0,0.0,2024-10-08,1
2024-10-08 02:00:00,0.0,0.0,2024-10-08,2
2024-10-08 03:00:00,0.0,0.0,2024-10-08,3
2024-10-08 04:00:00,0.0,0.0,2024-10-08,4
2024-10-08 05:00:00,0.01245621,0.0,2024-10-08,5
2024-10-08 06:00:00,0.1503429,0.1748132,2024-10-08,6
2024-10-08 07:00:00,0.333246,0.382664,2024-10-08,7
2024-10-08 08:00:00,0.5273785,0.6115552,2024-10-08,8
2024-10-08 09:00:00,0.7878617,0.9292836,2024-10-08,9
2024-10-08 10:00:00,0.7891192,0.9180237,2024-10-08,10
2024-10-08 11:00:00,0.8173618,0.9511556,2024-10-08,11
2024-10-08 12:00:00,0.6753206,0.7671862,2024-10-08,12
2024-10-08 13:00:00,0.6349242,0.7373897,2024-10-08,13
2024-10-08 14:00:00,0.4693782,0.5453097,2024-10-08,14
2024-10-08 15:00:00,0.2877769,0.3388915,2024-10-08,15
2024-10-08 16:00:00,0.1314384,0.1893286,2024-10-08,16
2024-10-08 17:00:00,0.000647956,0.0,2024-10-08,17
2024-10-08 18:00:00,0.0,0.0,2024-10-08,18
2024-10-08 19:00:00,0.0,0.0,2024-10-08,19
2024-10-08 20:00:00,0.0,0.0,2024-10-08,20
2024-10-08 21:00:00,0.0,0.0,2024-10-08,21
2024-10-08 22:00:00,0.0,0.0,2024-10-08,22
2024-10-08 23:00:00,0.0,0.0,2024-10-08,23
2024-10-09 00:00:00,0.0,0.0,2024-10-09,0
2024-10-09 01:00:00,0.0,0.0,2024-10-09,1
2024-10-09 02:00:00,0.0,0.0,2024-10-09,2
2024-10-09 03:00:00,0.0,0.0,2024-10-09,3
2024-10-09 04:00:00,0.0,0.0,2024-10-09,4
2024-10-09 05:00:00,0.01586832,0.0,2024-10-09,5
2024-10-09 06:00:00,0.2249649,0.3041319,2024-10-09,6
2024-10-09 07:00:00,0.3745113,0.4485017,2024-10-09,7
2024-10-09 08:00:00,0.4750386,0.5376687,2024-10-09,8
2024-10-09 09:00:00,0.6514058,0.7522686,2024-10-09,9
2024-10-09 10:00:00,0.8379635,0.9841685,2024-10-09,10
2024-10-09 11:00:00,0.8939397,1.050683,2024-10-09,11
2024-10-09 12:00:00,0.7694939,0.8996761,2024-10-09,12
2024-10-09 13:00:00,0.7313598,0.8681257,2024-10-09,13
2024-10-09 14:00:00,0.6107557,0.7386147,2024-10-09,14
2024-10-09 15:00:00,0.3818719,0.480963,2024-10-09,15
2024-10-09 16:00:00,0.135856,0.2025968,2024-10-09,16
2024-10-09 17:00:00,0.000412303,0.0,2024-10-09,17
2024-10-09 18:00:00,0.0,0.0,2024-10-09,18
2024-10-09 19:00:00,0.0,0.0,2024-10-09,19
2024-10-09 20:00:00,0.0,0.0,2024-10-09,20
2024-10-09 21:00:00,0.0,0.0,2024-10-09,21
2024-10-09 22:00:00,0.0,0.0,2024-10-09,22
2024-10-09 23:00:00,0.0,0.0,2024-10-09,23
2024-10-10 00:00:00,0.0,0.0,2024-10-10,0
2024-10-10 01:00:00,0.0,0.0,2024-10-10,1
2024-10-10 02:00:00,0.0,0.0,2024-10-10,2
2024-10-10 03:00:00,0.0,0.0,2024-10-10,3
2024-10-10 04:00:00,0.0,0.0,2024-10-10,4
2024-10-10 05:00:00,0.008927717,0.0,2024-10-10,5
2024-10-10 06:00:00,0.1077305,0.1123402,2024-10-10,6
2024-10-10 07:00:00,0.1814447,0.1806955,2024-10-10,7
2024-10-10 08:00:00,0.3612438,0.3789298,2024-10-10,8
2024-10-10 09:00:00,0.3986741,0.4074154,2024-10-10,9
2024-10-10 10:00:00,0.1725133,0.1682168,2024-10-10,10
2024-10-10 11:00:00,0.3487247,0.3447518,2024-10-10,11
2024-10-10 12:00:00,0.6293164,0.7071062,2024-10-10,12
2024-10-10 13:00:00,0.7433681,0.8862079,2024-10-10,13
2024-10-10 14:00:00,0.4999548,0.5964593,2024-10-10,14
2024-10-10 15:00:00,0.2728128,0.3214142,2024-10-10,15
2024-10-10 16:00:00,0.1064395,0.1494999,2024-10-10,16
2024-10-10 17:00:00,0.000186601,0.0,2024-10-10,17
2024-10-10 18:00:00,0.0,0.0,2024-10-10,18
2024-10-10 19:00:00,0.0,0.0,2024-10-10,19
2024-10-10 20:00:00,0.0,0.0,2024-10-10,20
2024-10-10 21:00:00,0.0,0.0,2024-10-10,21
2024-10-10 22:00:00,0.0,0.0,2024-10-10,22
2024-10-10 23:00:00,0.0,0.0,2024-10-10,23
2024-10-11 00:00:00,0.0,0.0,2024-10-11,0
2024-10-11 01:00:00,0.0,0.0,2024-10-11,1
2024-10-11 02:00:00,0.0,0.0,2024-10-11,2
2024-10-11 03:00:00,0.0,0.0,2024-10-11,3
2024-10-11 04:00:00,0.0,0.0,2024-10-11,4
2024-10-11 05:00:00,0.008655658,0.0,2024-10-11,5
2024-10-11 06:00:00,0.1362196,0.156241,2024-10-11,6
2024-10-11 07:00:00,0.3538987,0.4222636,2024-10-11,7
2024-10-11 08:00:00,0.5080553,0.591446,2024-10-11,8
2024-10-11 09:00:00,0.6644042,0.7763409,2024-10-11,9
2024-10-11 10:00:00,0.7511384,0.8760476,2024-10-11,10
2024-10-11 11:00:00,0.6583163,0.7393064,2024-10-11,11
2024-10-11 12:00:00,0.8777711,1.041816,2024-10-11,12
2024-10-11 13:00:00,0.7753907,0.9286506,2024-10-11,13
2024-10-11 14:00:00,0.5967978,0.7283993,2024-10-11,14
2024-10-11 15:00:00,0.3398439,0.4309374,2024-10-11,15
2024-10-11 16:00:00,0.09445524,0.1279539,2024-10-11,16
2024-10-11 17:00:00,6.86395e-05,0.0,2024-10-11,17
2024-10-11 18:00:00,0.0,0.0,2024-10-11,18
2024-10-11 19:00:00,0.0,0.0,2024-10-11,19
2024-10-11 20:00:00,0.0,0.0,2024-10-11,20
2024-10-11 21:00:00,0.0,0.0,2024-10-11,21
2024-10-11 22:00:00,0.0,0.0,2024-10-11,22
2024-10-11 23:00:00,0.0,0.0,2024-10-11,23
2024-10-12 00:00:00,0.0,0.0,2024-10-12,0
2024-10-12 01:00:00,0.0,0.0,2024-10-12,1
2024-10-12 02:00:00,0.0,0.0,2024-10-12,2
2024-10-12 03:00:00,0.0,0.0,2024-10-12,3
2024-10-12 04:00:00,0.0,0.0,2024-10-12,4
2024-10-12 05:00:00,0.009232614,0.0,2024-10-12,5
2024-10-12 06:00:00,0.1563942,0.1946398,2024-10-12,6
2024-10-12 07:00:00,0.3945577,0.4878521,2024-10-12,7
2024-10-12 08:00:00,0.5612879,0.6717587,2024-10-12,8
2024-10-12 09:00:00,0.7062085,0.8371031,2024-10-12,9
2024-10-12 10:00:00,0.683999,0.7843505,2024-10-12,10
2024-10-12 11:00:00,0.8636656,1.023198,2024-10-12,11
2024-10-12 12:00:00,0.7541134,0.8888611,2024-10-12,12
2024-10-12 13:00:00,0.5399988,0.6125489,2024-10-12,13
2024-10-12 14:00:00,0.4716562,0.5619192,2024-10-12,14
2024-10-12 15:00:00,0.3189512,0.403296,2024-10-12,15
2024-10-12 16:00:00,0.08585801,0.1132715,2024-10-12,16
2024-10-12 17:00:00,7.26295e-06,0.0,2024-10-12,17
2024-10-12 18:00:00,0.0,0.0,2024-10-12,18
2024-10-12 19:00:00,0.0,0.0,2024-10-12,19
2024-10-12 20:00:00,0.0,0.0,2024-10-12,20
2024-10-12 21:00:00,0.0,0.0,2024-10-12,21
2024-10-12 22:00:00,0.0,0.0,2024-10-12,22
2024-10-12 23:00:00,0.0,0.0,2024-10-12,23
2024-10-13 00:00:00,0.0,0.0,2024-10-13,0
2024-10-13 01:00:00,0.0,0.0,2024-10-13,1
2024-10-13 02:00:00,0.0,0.0,2024-10-13,2
2024-10-13 03:00:00,0.0,0.0,2024-10-13,3
2024-10-13 04:00:00,0.0,0.0,2024-10-13,4
2024-10-13 05:00:00,0.007817362,0.0,2024-10-13,5
2024-10-13 06:00:00,0.09484734,0.0972597,2024-10-13,6
2024-10-13 07:00:00,0.1954326,0.1973501,2024-10-13,7
2024-10-13 08:00:00,0.3448419,0.3603014,2024-10-13,8
2024-10-13 09:00:00,0.6280394,0.7300754,2024-10-13,9
2024-10-13 10:00:00,0.4705147,0.4886631,2024-10-13,10
2024-10-13 11:00:00,0.5210583,0.5512569,2024-10-13,11
2024-10-13 12:00:00,0.5686427,0.6270043,2024-10-13,12
2024-10-13 13:00:00,0.379719,0.3918091,2024-10-13,13
2024-10-13 14:00:00,0.5293756,0.6484404,2024-10-13,14
2024-10-13 15:00:00,0.2813261,0.3458984,2024-10-13,15
2024-10-13 16:00:00,0.08380742,0.1131447,2024-10-13,16
2024-10-13 17:00:00,0.0,0.0,2024-10-13,17
2024-10-13 18:00:00,0.0,0.0,2024-10-13,18
2024-10-13 19:00:00,0.0,0.0,2024-10-13,19
2024-10-13 20:00:00,0.0,0.0,2024-10-13,20
2024-10-13 21:00:00,0.0,0.0,2024-10-13,21
2024-10-13 22:00:00,0.0,0.0,2024-10-13,22
2024-10-13 23:00:00,0.0,0.0,2024-10-13,23
2024-10-14 00:00:00,0.0,0.0,2024-10-14,0
2024-10-14 01:00:00,0.0,0.0,2024-10-14,1
2024-10-14 02:00:00,0.0,0.0,2024-10-14,2
2024-10-14 03:00:00,0.0,0.0,2024-10-14,3
2024-10-14 04:00:00,0.0,0.0,2024-10-14,4
2024-10-14 05:00:00,0.01374302,0.0,2024-10-14,5
2024-10-14 06:00:00,0.1633226,0.213864,2024-10-14,6
2024-10-14 07:00:00,0.3866114,0.4822547,2024-10-14,7
2024-10-14 08:00:00,0.6313928,0.7722484,2024-10-14,8
2024-10-14 09:00:00,0.7759906,0.9337721,2024-10-14,9
2024-10-14 10:00:00,0.8414136,1.004445,2024-10-14,10
2024-10-14 11:00:00,0.5071413,0.5340847,2024-10-14,11
2024-10-14 12:00:00,0.4480354,0.4646282,2024-10-14,12
2024-10-14 13:00:00,0.27185,0.2685758,2024-10-14,13
2024-10-14 14:00:00,0.4360681,0.5143137,2024-10-14,14
2024-10-14 15:00:00,0.351415,0.4592558,2024-10-14,15
2024-10-14 16:00:00,0.1004248,0.1599026,2024-10-14,16
2024-10-14 17:00:00,0.0,0.0,2024-10-14,17
2024-10-14 18:00:00,0.0,0.0,2024-10-14,18
2024-10-14 19:00:00,0.0,0.0,2024-10-14,19
2024-10-14 20:00:00,0.0,0.0,2024-10-14,20
2024-10-14 21:00:00,0.0,0.0,2024-10-14,21
2024-10-14 22:00:00,0.0,0.0,2024-10-14,22
2024-10-14 23:00:00,0.0,0.0,2024-10-14,23
2024-10-15 00:00:00,0.0,0.0,2024-10-15,0
2024-10-15 01:00:00,0.0,0.0,2024-10-15,1
2024-10-15 02:00:00,0.0,0.0,2024-10-15,2
2024-10-15 03:00:00,0.0,0.0,2024-10-15,3
2024-10-15 04:00:00,0.0,0.0,2024-10-15,4
2024-10-15 05:00:00,0.009702042,0.0,2024-10-15,5
2024-10-15 06:00:00,0.1232822,0.1406002,2024-10-15,6
2024-10-15 07:00:00,0.2321175,0.2444762,2024-10-15,7
2024-10-15 08:00:00,0.5042568,0.596767,2024-10-15,8
2024-10-15 09:00:00,0.6651173,0.7893637,2024-10-15,9
2024-10-15 10:00:00,0.6517389,0.7455223,2024-10-15,10
2024-10-15 11:00:00,0.8084406,0.9618089,2024-10-15,11
2024-10-15 12:00:00,0.8816116,1.06013,2024-10-15,12
2024-10-15 13:00:00,0.7714489,0.9378563,2024-10-15,13
2024-10-15 14:00:00,0.5557185,0.6905415,2024-10-15,14
2024-10-15 15:00:00,0.3399472,0.4469829,2024-10-15,15
2024-10-15 16:00:00,0.08971288,0.1392439,2024-10-15,16
2024-10-15 17:00:00,0.0,0.0,2024-10-15,17
2024-10-15 18:00:00,0.0,0.0,2024-10-15,18
2024-10-15 19:00:00,0.0,0.0,2024-10-15,19
2024-10-15 20:00:00,0.0,0.0,2024-10-15,20
2024-10-15 21:00:00,0.0,0.0,2024-10-15,21
2024-10-15 22:00:00,0.0,0.0,2024-10-15,22
2024-10-15 23:00:00,0.0,0.0,2024-10-15,23
2024-10-16 00:00:00,0.0,0.0,2024-10-16,0
2024-10-16 01:00:00,0.0,0.0,2024-10-16,1
2024-10-16 02:00:00,0.0,0.0,2024-10-16,2
2024-10-16 03:00:00,0.0,0.0,2024-10-16,3
2024-10-16 04:00:00,0.0,0.0,2024-10-16,4
2024-10-16 05:00:00,0.009175016,0.0,2024-10-16,5
2024-10-16 06:00:00,0.0979704,0.1028452,2024-10-16,6
2024-10-16 07:00:00,0.3660385,0.4563773,2024-10-16,7
2024-10-16 08:00:00,0.2519714,0.2508345,2024-10-16,8
2024-10-16 09:00:00,0.3941427,0.4059539,2024-10-16,9
2024-10-16 10:00:00,0.3882133,0.3910427,2024-10-16,10
2024-10-16 11:00:00,0.4599364,0.4753862,2024-10-16,11
2024-10-16 12:00:00,0.6188779,0.7076781,2024-10-16,12
2024-10-16 13:00:00,0.4613587,0.5063302,2024-10-16,13
2024-10-16 14:00:00,0.3103071,0.3299638,2024-10-16,14
2024-10-16 15:00:00,0.1090082,0.1072466,2024-10-16,15
2024-10-16 16:00:00,0.05218442,0.05741535,2024-10-16,16
2024-10-16 17:00:00,0.0,0.0,2024-10-16,17
2024-10-16 18:00:00,0.0,0.0,2024-10-16,18
2024-10-16 19:00:00,0.0,0.0,2024-10-16,19
2024-10-16 20:00:00,0.0,0.0,2024-10-16,20
2024-10-16 21:00:00,0.0,0.0,2024-10-16,21
2024-10-16 22:00:00,0.0,0.0,2024-10-16,22
2024-10-16 23:00:00,0.0,0.0,2024-10-16,23
2024-10-17 00:00:00,0.0,0.0,2024-10-17,0
2024-10-17 01:00:00,0.0,0.0,2024-10-17,1
2024-10-17 02:00:00,0.0,0.0,2024-10-17,2
2024-10-17 03:00:00,0.0,0.0,2024-10-17,3
2024-10-17 04:00:00,0.0,0.0,2024-10-17,4
2024-10-17 05:00:00,0.009136931,0.0,2024-10-17,5
2024-10-17 06:00:00,0.1653614,0.2282389,2024-10-17,6
2024-10-17 07:00:00,0.2122902,0.2198835,2024-10-17,7
2024-10-17 08:00:00,0.3751111,0.406003,2024-10-17,8
2024-10-17 09:00:00,0.4533696,0.4845415,2024-10-17,9
2024-10-17 10:00:00,0.7028468,0.8259298,2024-10-17,10
2024-10-17 11:00:00,0.7073278,0.8268654,2024-10-17,11
2024-10-17 12:00:00,0.6731042,0.7907222,2024-10-17,12
2024-10-17 13:00:00,0.662643,0.805816,2024-10-17,13
2024-10-17 14:00:00,0.4321033,0.5178646,2024-10-17,14
2024-10-17 15:00:00,0.2594258,0.3228032,2024-10-17,15
2024-10-17 16:00:00,0.07106268,0.1007534,2024-10-17,16
2024-10-17 17:00:00,0.0,0.0,2024-10-17,17
2024-10-17 18:00:00,0.0,0.0,2024-10-17,18
2024-10-17 19:00:00,0.0,0.0,2024-10-17,19
2024-10-17 20:00:00,0.0,0.0,2024-10-17,20
2024-10-17 21:00:00,0.0,0.0,2024-10-17,21
2024-10-17 22:00:00,0.0,0.0,2024-10-17,22
2024-10-17 23:00:00,0.0,0.0,2024-10-17,23
2024-10-18 00:00:00,0.0,0.0,2024-10-18,0
2024-10-18 01:00:00,0.0,0.0,2024-10-18,1
2024-10-18 02:00:00,0.0,0.0,2024-10-18,2
2024-10-18 03:00:00,0.0,0.0,2024-10-18,3
2024-10-18 04:00:00,0.0,0.0,2024-10-18,4
2024-10-18 05:00:00,0.008627182,0.0,2024-10-18,5
2024-10-18 06:00:00,0.06028982,0.05946703,2024-10-18,6
2024-10-18 07:00:00,0.211571,0.219602,2024-10-18,7
2024-10-18 08:00:00,0.5107419,0.6153997,2024-10-18,8
2024-10-18 09:00:00,0.8198075,1.001207,2024-10-18,9
2024-10-18 10:00:00,0.8231144,0.9940371,2024-10-18,10
2024-10-18 11:00:00,0.9258869,1.119204,2024-10-18,11
2024-10-18 12:00:00,0.8693279,1.055243,2024-10-18,12
2024-10-18 13:00:00,0.6224259,0.7528294,2024-10-18,13
2024-10-18 14:00:00,0.4965696,0.6201788,2024-10-18,14
2024-10-18 15:00:00,0.3167242,0.4243498,2024-10-18,15
2024-10-18 16:00:00,0.1012971,0.1891953,2024-10-18,16
2024-10-18 17:00:00,0.0,0.0,2024-10-18,17
2024-10-18 18:00:00,0.0,0.0,2024-10-18,18
2024-10-18 19:00:00,0.0,0.0,2024-10-18,19
2024-10-18 20:00:00,0.0,0.0,2024-10-18,20
2024-10-18 21:00:00,0.0,0.0,2024-10-18,21
2024-10-18 22:00:00,0.0,0.0,2024-10-18,22
2024-10-18 23:00:00,0.0,0.0,2024-10-18,23
2024-10-19 00:00:00,0.0,0.0,2024-10-19,0
2024-10-19 01:00:00,0.0,0.0,2024-10-19,1
2024-10-19 02:00:00,0.0,0.0,2024-10-19,2
2024-10-19 03:00:00,0.0,0.0,2024-10-19,3
2024-10-19 04:00:00,0.0,0.0,2024-10-19,4
2024-10-19 05:00:00,0.008595828,0.0,2024-10-19,5
2024-10-19 06:00:00,0.1279557,0.1565592,2024-10-19,6
2024-10-19 07:00:00,0.3782386,0.4856865,2024-10-19,7
2024-10-19 08:00:00,0.3227465,0.3366449,2024-10-19,8
2024-10-19 09:00:00,0.4294105,0.4543476,2024-10-19,9
2024-10-19 10:00:00,0.7510887,0.9008876,2024-10-19,10
2024-10-19 11:00:00,0.5339438,0.5775961,2024-10-19,11
2024-10-19 12:00:00,0.5737932,0.6480833,2024-10-19,12
2024-10-19 13:00:00,0.5264152,0.6114079,2024-10-19,13
2024-10-19 14:00:00,0.2860351,0.3006255,2024-10-19,14
2024-10-19 15:00:00,0.04646122,0.04533949,2024-10-19,15
2024-10-19 16:00:00,0.01788517,0.01763349,2024-10-19,16
2024-10-19 17:00:00,0.0,0.0,2024-10-19,17
2024-10-19 18:00:00,0.0,0.0,2024-10-19,18
2024-10-19 19:00:00,0.0,0.0,2024-10-19,19
2024-10-19 20:00:00,0.0,0.0,2024-10-19,20
2024-10-19 21:00:00,0.0,0.0,2024-10-19,21
2024-10-19 22:00:00,0.0,0.0,2024-10-19,22
2024-10-19 23:00:00,0.0,0.0,2024-10-19,23
2024-10-20 00:00:00,0.0,0.0,2024-10-20,0
2024-10-20 01:00:00,0.0,0.0,2024-10-20,1
2024-10-20 02:00:00,0.0,0.0,2024-10-20,2
2024-10-20 03:00:00,0.0,0.0,2024-10-20,3
2024-10-20 04:00:00,0.0,0.0,2024-10-20,4
2024-10-20 05:00:00,0.006477639,0.0,2024-10-20,5
2024-10-20 06:00:00,0.08360111,0.08596426,2024-10-20,6
2024-10-20 07:00:00,0.1408869,0.1388646,2024-10-20,7
2024-10-20 08:00:00,0.3008884,0.3095017,2024-10-20,8
2024-10-20 09:00:00,0.330485,0.3321346,2024-10-20,9
2024-10-20 10:00:00,0.3513151,0.3507895,2024-10-20,10
2024-10-20 11:00:00,0.5579185,0.613574,2024-10-20,11
2024-10-20 12:00:00,0.6366444,0.7455918,2024-10-20,12
2024-10-20 13:00:00,0.6435903,0.7897151,2024-10-20,13
2024-10-20 14:00:00,0.3497685,0.3949717,2024-10-20,14
2024-10-20 15:00:00,0.2643321,0.343253,2024-10-20,15
2024-10-20 16:00:00,0.05000552,0.06041919,2024-10-20,16
2024-10-20 17:00:00,0.0,0.0,2024-10-20,17
2024-10-20 18:00:00,0.0,0.0,2024-10-20,18
2024-10-20 19:00:00,0.0,0.0,2024-10-20,19
2024-10-20 20:00:00,0.0,0.0,2024-10-20,20
2024-10-20 21:00:00,0.0,0.0,2024-10-20,21
2024-10-20 22:00:00,0.0,0.0,2024-10-20,22
2024-10-20 23:00:00,0.0,0.0,2024-10-20,23
2024-10-21 00:00:00,0.0,0.0,2024-10-21,0
2024-10-21 01:00:00,0.0,0.0,2024-10-21,1
2024-10-21 02:00:00,0.0,0.0,2024-10-21,2
2024-10-21 03:00:00,0.0,0.0,2024-10-21,3
2024-10-21 04:00:00,0.0,0.0,2024-10-21,4
2024-10-21 05:00:00,0.008237536,0.0,2024-10-21,5
2024-10-21 06:00:00,0.07459289,0.07532688,2024-10-21,6
2024-10-21 07:00:00,0.3041027,0.3666064,2024-10-21,7
2024-10-21 08:00:00,0.253524,0.2538427,2024-10-21,8
2024-10-21 09:00:00,0.6593536,0.7997006,2024-10-21,9
2024-10-21 10:00:00,0.8053924,0.980673,2024-10-21,10
2024-10-21 11:00:00,0.8019229,0.972471,2024-10-21,11
2024-10-21 12:00:00,0.3272599,0.3258987,2024-10-21,12
2024-10-21 13:00:00,0.3634894,0.3784316,2024-10-21,13
2024-10-21 14:00:00,0.3518693,0.4005418,2024-10-21,14
2024-10-21 15:00:00,0.2673026,0.3527804,2024-10-21,15
2024-10-21 16:00:00,0.08132036,0.1588392,2024-10-21,16
2024-10-21 17:00:00,0.0,0.0,2024-10-21,17
2024-10-21 18:00:00,0.0,0.0,2024-10-21,18
2024-10-21 19:00:00,0.0,0.0,2024-10-21,19
2024-10-21 20:00:00,0.0,0.0,2024-10-21,20
2024-10-21 21:00:00,0.0,0.0,2024-10-21,21
2024-10-21 22:00:00,0.0,0.0,2024-10-21,22
2024-10-21 23:00:00,0.0,0.0,2024-10-21,23
2024-10-22 00:00:00,0.0,0.0,2024-10-22,0
2024-10-22 01:00:00,0.0,0.0,2024-10-22,1
2024-10-22 02:00:00,0.0,0.0,2024-10-22,2
2024-10-22 03:00:00,0.0,0.0,2024-10-22,3
2024-10-22 04:00:00,0.0,0.0,2024-10-22,4
2024-10-22 05:00:00,0.008882634,0.0,2024-10-22,5
2024-10-22 06:00:00,0.1701529,0.258561,2024-10-22,6
2024-10-22 07:00:00,0.4023254,0.5329328,2024-10-22,7
2024-10-22 08:00:00,0.6026275,0.7607338,2024-10-22,8
2024-10-22 09:00:00,0.7637952,0.9438602,2024-10-22,9
2024-10-22 10:00:00,0.7360697,0.8892066,2024-10-22,10
2024-10-22 11:00:00,0.7216161,0.8630466,2024-10-22,11
2024-10-22 12:00:00,0.7004725,0.8465363,2024-10-22,12
2024-10-22 13:00:00,0.746022,0.9304978,2024-10-22,13
2024-10-22 14:00:00,0.5667176,0.7296189,2024-10-22,14
2024-10-22 15:00:00,0.3289407,0.4585296,2024-10-22,15
2024-10-22 16:00:00,0.08164833,0.1679242,2024-10-22,16
2024-10-22 17:00:00,0.0,0.0,2024-10-22,17
2024-10-22 18:00:00,0.0,0.0,2024-10-22,18
2024-10-22 19:00:00,0.0,0.0,2024-10-22,19
2024-10-22 20:00:00,0.0,0.0,2024-10-22,20
2024-10-22 21:00:00,0.0,0.0,2024-10-22,21
2024-10-22 22:00:00,0.0,0.0,2024-10-22,22
2024-10-22 23:00:00,0.0,0.0,2024-10-22,23
2024-10-23 00:00:00,0.0,0.0,2024-10-23,0
2024-10-23 01:00:00,0.0,0.0,2024-10-23,1
2024-10-23 02:00:00,0.0,0.0,2024-10-23,2
2024-10-23 03:00:00,0.0,0.0,2024-10-23,3
2024-10-23 04:00:00,0.0,0.0,2024-10-23,4
2024-10-23 05:00:00,0.007199859,0.0,2024-10-23,5
2024-10-23 06:00:00,0.1592494,0.238899,2024-10-23,6
2024-10-23 07:00:00,0.2620391,0.2995926,2024-10-23,7
2024-10-23 08:00:00,0.4130386,0.4738151,2024-10-23,8
2024-10-23 09:00:00,0.6383711,0.7750947,2024-10-23,9
2024-10-23 10:00:00,0.6910273,0.8266749,2024-10-23,10
2024-10-23 11:00:00,0.5296801,0.5781079,2024-10-23,11
2024-10-23 12:00:00,0.5540498,0.6277067,2024-10-23,12
2024-10-23 13:00:00,0.3503409,0.3632756,2024-10-23,13
2024-10-23 14:00:00,0.388082,0.4651371,2024-10-23,14
2024-10-23 15:00:00,0.2011662,0.2365389,2024-10-23,15
2024-10-23 16:00:00,0.03812959,0.04259997,2024-10-23,16
2024-10-23 17:00:00,0.0,0.0,2024-10-23,17
2024-10-23 18:00:00,0.0,0.0,2024-10-23,18
2024-10-23 19:00:00,0.0,0.0,2024-10-23,19
2024-10-23 20:00:00,0.0,0.0,2024-10-23,20
2024-10-23 21:00:00,0.0,0.0,2024-10-23,21
2024-10-23 22:00:00,0.0,0.0,2024-10-23,22
2024-10-23 23:00:00,0.0,0.0,2024-10-23,23
2024-10-24 00:00:00,0.0,0.0,2024-10-24,0
2024-10-24 01:00:00,0.0,0.0,2024-10-24,1
2024-10-24 02:00:00,0.0,0.0,2024-10-24,2
2024-10-24 03:00:00,0.0,0.0,2024-10-24,3
2024-10-24 04:00:00,0.0,0.0,2024-10-24,4
2024-10-24 05:00:00,0.005938016,0.0,2024-10-24,5
2024-10-24 06:00:00,0.09344602,0.1025252,2024-10-24,6
2024-10-24 07:00:00,0.2125494,0.2254874,2024-10-24,7
2024-10-24 08:00:00,0.4049643,0.4631173,2024-10-24,8
2024-10-24 09:00:00,0.5461856,0.6357396,2024-10-24,9
2024-10-24 10:00:00,0.7369617,0.896799,2024-10-24,10
2024-10-24 11:00:00,0.4661011,0.4911623,2024-10-24,11
2024-10-24 12:00:00,0.5557758,0.6326817,2024-10-24,12
2024-10-24 13:00:00,0.6004564,0.7408627,2024-10-24,13
2024-10-24 14:00:00,0.489568,0.631607,2024-10-24,14
2024-10-24 15:00:00,0.2318721,0.2971734,2024-10-24,15
2024-10-24 16:00:00,0.05697134,0.09633801,2024-10-24,16
2024-10-24 17:00:00,0.0,0.0,2024-10-24,17
2024-10-24 18:00:00,0.0,0.0,2024-10-24,18
2024-10-24 19:00:00,0.0,0.0,2024-10-24,19
2024-10-24 20:00:00,0.0,0.0,2024-10-24,20
2024-10-24 21:00:00,0.0,0.0,2024-10-24,21
2024-10-24 22:00:00,0.0,0.0,2024-10-24,22
2024-10-24 23:00:00,0.0,0.0,2024-10-24,23
2024-10-25 00:00:00,0.0,0.0,2024-10-25,0
2024-10-25 01:00:00,0.0,0.0,2024-10-25,1
2024-10-25 02:00:00,0.0,0.0,2024-10-25,2
2024-10-25 03:00:00,0.0,0.0,2024-10-25,3
2024-10-25 04:00:00,0.0,0.0,2024-10-25,4
2024-10-25 05:00:00,0.005989159,0.0,2024-10-25,5
2024-10-25 06:00:00,0.1092688,0.1322924,2024-10-25,6
2024-10-25 07:00:00,0.2668453,0.3116103,2024-10-25,7
2024-10-25 08:00:00,0.4113267,0.4754764,2024-10-25,8
2024-10-25 09:00:00,0.5679861,0.6726629,2024-10-25,9
2024-10-25 10:00:00,0.7382936,0.9018576,2024-10-25,10
2024-10-25 11:00:00,0.755652,0.9215756,2024-10-25,11
2024-10-25 12:00:00,0.6940719,0.8469362,2024-10-25,12
2024-10-25 13:00:00,0.422982,0.4666221,2024-10-25,13
2024-10-25 14:00:00,0.3372692,0.3861968,2024-10-25,14
2024-10-25 15:00:00,0.1860128,0.2145174,2024-10-25,15
2024-10-25 16:00:00,0.04662437,0.06679408,2024-10-25,16
2024-10-25 17:00:00,0.0,0.0,2024-10-25,17
2024-10-25 18:00:00,0.0,0.0,2024-10-25,18
2024-10-25 19:00:00,0.0,0.0,2024-10-25,19
2024-10-25 20:00:00,0.0,0.0,2024-10-25,20
2024-10-25 21:00:00,0.0,0.0,2024-10-25,21
2024-10-25 22:00:00,0.0,0.0,2024-10-25,22
2024-10-25 23:00:00,0.0,0.0,2024-10-25,23
2024-10-26 00:00:00,0.0,0.0,2024-10-26,0
2024-10-26 01:00:00,0.0,0.0,2024-10-26,1
2024-10-26 02:00:00,0.0,0.0,2024-10-26,2
2024-10-26 03:00:00,0.0,0.0,2024-10-26,3
2024-10-26 04:00:00,0.0,0.0,2024-10-26,4
2024-10-26 05:00:00,0.006435105,0.0,2024-10-26,5
2024-10-26 06:00:00,0.1382522,0.201644,2024-10-26,6
2024-10-26 07:00:00,0.2563253,0.2957306,2024-10-26,7
2024-10-26 08:00:00,0.5439276,0.6912684,2024-10-26,8
2024-10-26 09:00:00,0.6322533,0.7752792,2024-10-26,9
2024-10-26 10:00:00,0.611861,0.7142213,2024-10-26,10
2024-10-26 11:00:00,0.7734275,0.949651,2024-10-26,11
2024-10-26 12:00:00,0.4708721,0.5100021,2024-10-26,12
2024-10-26 13:00:00,0.5234093,0.6271062,2024-10-26,13
2024-10-26 14:00:00,0.3774921,0.4561984,2024-10-26,14
2024-10-26 15:00:00,0.3058901,0.4399269,2024-10-26,15
2024-10-26 16:00:00,0.06625232,0.1489258,2024-10-26,16
2024-10-26 17:00:00,0.0,0.0,2024-10-26,17
2024-10-26 18:00:00,0.0,0.0,2024-10-26,18
2024-10-26 19:00:00,0.0,0.0,2024-10-26,19
2024-10-26 20:00:00,0.0,0.0,2024-10-26,20
2024-10-26 21:00:00,0.0,0.0,2024-10-26,21
2024-10-26 22:00:00,0.0,0.0,2024-10-26,22
2024-10-26 23:00:00,0.0,0.0,2024-10-26,23
2024-10-27 00:00:00,0.0,0.0,2024-10-27,0
2024-10-27 01:00:00,0.0,0.0,2024-10-27,1
2024-10-27 02:00:00,0.0,0.0,2024-10-27,2
2024-10-27 03:00:00,0.0,0.0,2024-10-27,3
2024-10-27 04:00:00,0.0,0.0,2024-10-27,4
2024-10-27 05:00:00,0.004122094,0.0,2024-10-27,5
2024-10-27 06:00:00,0.138127,0.2055623,2024-10-27,6
2024-10-27 07:00:00,0.2870945,0.3523208,2024-10-27,7
2024-10-27 08:00:00,0.5380878,0.6858018,2024-10-27,8
2024-10-27 09:00:00,0.7175913,0.8999542,2024-10-27,9
2024-10-27 10:00:00,0.6920221,0.8404368,2024-10-27,10
2024-10-27 11:00:00,0.8112122,1.003756,2024-10-27,11
2024-10-27 12:00:00,0.7416371,0.9208333,2024-10-27,12
2024-10-27 13:00:00,0.6620367,0.8383468,2024-10-27,13
2024-10-27 14:00:00,0.4937516,0.6482388,2024-10-27,14
2024-10-27 15:00:00,0.2753801,0.3929854,2024-10-27,15
2024-10-27 16:00:00,0.04769148,0.07956946,2024-10-27,16
2024-10-27 17:00:00,0.0,0.0,2024-10-27,17
2024-10-27 18:00:00,0.0,0.0,2024-10-27,18
2024-10-27 19:00:00,0.0,0.0,2024-10-27,19
2024-10-27 20:00:00,0.0,0.0,2024-10-27,20
2024-10-27 21:00:00,0.0,0.0,2024-10-27,21
2024-10-27 22:00:00,0.0,0.0,2024-10-27,22
2024-10-27 23:00:00,0.0,0.0,2024-10-27,23
2024-10-28 00:00:00,0.0,0.0,2024-10-28,0
2024-10-28 01:00:00,0.0,0.0,2024-10-28,1
2024-10-28 02:00:00,0.0,0.0,2024-10-28,2
2024-10-28 03:00:00,0.0,0.0,2024-10-28,3
2024-10-28 04:00:00,0.0,0.0,2024-10-28,4
2024-10-28 05:00:00,0.004230801,0.0,2024-10-28,5
2024-10-28 06:00:00,0.1427506,0.2218218,2024-10-28,6
2024-10-28 07:00:00,0.3892969,0.5342287,2024-10-28,7
2024-10-28 08:00:00,0.5668044,0.7310466,2024-10-28,8
2024-10-28 09:00:00,0.7119558,0.8955432,2024-10-28,9
2024-10-28 10:00:00,0.8709164,1.086142,2024-10-28,10
2024-10-28 11:00:00,0.9212148,1.147428,2024-10-28,11
2024-10-28 12:00:00,0.8036238,1.005169,2024-10-28,12
2024-10-28 13:00:00,0.6617917,0.8412089,2024-10-28,13
2024-10-28 14:00:00,0.4809034,0.6329442,2024-10-28,14
2024-10-28 15:00:00,0.2552051,0.3592437,2024-10-28,15
2024-10-28 16:00:00,0.05557046,0.1205037,2024-10-28,16
2024-10-28 17:00:00,0.0,0.0,2024-10-28,17
2024-10-28 18:00:00,0.0,0.0,2024-10-28,18
2024-10-28 19:00:00,0.0,0.0,2024-10-28,19
2024-10-28 20:00:00,0.0,0.0,2024-10-28,20
2024-10-28 21:00:00,0.0,0.0,2024-10-28,21
2024-10-28 22:00:00,0.0,0.0,2024-10-28,22
2024-10-28 23:00:00,0.0,0.0,2024-10-28,23
2024-10-29 00:00:00,0.0,0.0,2024-10-29,0
2024-10-29 01:00:00,0.0,0.0,2024-10-29,1
2024-10-29 02:00:00,0.0,0.0,2024-10-29,2
2024-10-29 03:00:00,0.0,0.0,2024-10-29,3
2024-10-29 04:00:00,0.0,0.0,2024-10-29,4
2024-10-29 05:00:00,0.003842927,0.0,2024-10-29,5
2024-10-29 06:00:00,0.08985289,0.1023253,2024-10-29,6
2024-10-29 07:00:00,0.2322302,0.261029,2024-10-29,7
2024-10-29 08:00:00,0.3490295,0.3849267,2024-10-29,8
2024-10-29 09:00:00,0.6938356,0.8740272,2024-10-29,9
2024-10-29 10:00:00,0.6750422,0.8208319,2024-10-29,10
2024-10-29 11:00:00,0.7943746,0.9875916,2024-10-29,11
2024-10-29 12:00:00,0.7680812,0.9625202,2024-10-29,12
2024-10-29 13:00:00,0.649272,0.8274633,2024-10-29,13
2024-10-29 14:00:00,0.4818772,0.6378449,2024-10-29,14
2024-10-29 15:00:00,0.3032669,0.447356,2024-10-29,15
2024-10-29 16:00:00,0.0750282,0.2065551,2024-10-29,16
2024-10-29 17:00:00,0.0,0.0,2024-10-29,17
2024-10-29 18:00:00,0.0,0.0,2024-10-29,18
2024-10-29 19:00:00,0.0,0.0,2024-10-29,19
2024-10-29 20:00:00,0.0,0.0,2024-10-29,20
2024-10-29 21:00:00,0.0,0.0,2024-10-29,21
2024-10-29 22:00:00,0.0,0.0,2024-10-29,22
2024-10-29 23:00:00,0.0,0.0,2024-10-29,23
2024-10-30 00:00:00,0.0,0.0,2024-10-30,0
2024-10-30 01:00:00,0.0,0.0,2024-10-30,1
2024-10-30 02:00:00,0.0,0.0,2024-10-30,2
2024-10-30 03:00:00,0.0,0.0,2024-10-30,3
2024-10-30 04:00:00,0.0,0.0,2024-10-30,4
2024-10-30 05:00:00,0.00500524,0.0,2024-10-30,5
2024-10-30 06:00:00,0.09785357,0.119352,2024-10-30,6
2024-10-30 07:00:00,0.09767917,0.09580927,2024-10-30,7
2024-10-30 08:00:00,0.3502152,0.3882624,2024-10-30,8
2024-10-30 09:00:00,0.2883622,0.2877713,2024-10-30,9
2024-10-30 10:00:00,0.5267177,0.5912616,2024-10-30,10
2024-10-30 11:00:00,0.2061107,0.2015535,2024-10-30,11
2024-10-30 12:00:00,0.4105379,0.4313647,2024-10-30,12
2024-10-30 13:00:00,0.3278797,0.3399456,2024-10-30,13
2024-10-30 14:00:00,0.3269227,0.3801796,2024-10-30,14
2024-10-30 15:00:00,0.2275821,0.3111114,2024-10-30,15
2024-10-30 16:00:00,0.04638594,0.09292067,2024-10-30,16
2024-10-30 17:00:00,0.0,0.0,2024-10-30,17
2024-10-30 18:00:00,0.0,0.0,2024-10-30,18
2024-10-30 19:00:00,0.0,0.0,2024-10-30,19
2024-10-30 20:00:00,0.0,0.0,2024-10-30,20
2024-10-30 21:00:00,0.0,0.0,2024-10-30,21
2024-10-30 22:00:00,0.0,0.0,2024-10-30,22
2024-10-30 23:00:00,0.0,0.0,2024-10-30,23
2024-10-31 00:00:00,0.0,0.0,2024-10-31,0
2024-10-31 01:00:00,0.0,0.0,2024-10-31,1
2024-10-31 02:00:00,0.0,0.0,2024-10-31,2
2024-10-31 03:00:00,0.0,0.0,2024-10-31,3
2024-10-31 04:00:00,0.0,0.0,2024-10-31,4
2024-10-31 05:00:00,0.002064127,0.0,2024-10-31,5
2024-10-31 06:00:00,0.07870578,0.08590889,2024-10-31,6
2024-10-31 07:00:00,0.327736,0.4408888,2024-10-31,7
2024-10-31 08:00:00,0.5339816,0.6927254,2024-10-31,8
2024-10-31 09:00:00,0.8147601,1.039381,2024-10-31,9
2024-10-31 10:00:00,0.8358817,1.050614,2024-10-31,10
2024-10-31 11:00:00,0.6560522,0.7909603,2024-10-31,11
2024-10-31 12:00:00,0.6708571,0.8315143,2024-10-31,12
2024-10-31 13:00:00,0.620286,0.7931495,2024-10-31,13
2024-10-31 14:00:00,0.4312525,0.5650204,2024-10-31,14
2024-10-31 15:00:00,0.2665406,0.3935575,2024-10-31,15
2024-10-31 16:00:00,0.057309,0.1584458,2024-10-31,16
2024-10-31 17:00:00,0.0,0.0,2024-10-31,17
2024-10-31 18:00:00,0.0,0.0,2024-10-31,18
2024-10-31 19:00:00,0.0,0.0,2024-10-31,19
2024-10-31 20:00:00,0.0,0.0,2024-10-31,20
2024-10-31 21:00:00,0.0,0.0,2024-10-31,21
2024-10-31 22:00:00,0.0,0.0,2024-10-31,22
2024-10-31 23:00:00,0.0,0.0,2024-10-31,23
2024-11-01 00:00:00,0.0,0.0,2024-11-01,0
2024-11-01 01:00:00,0.0,0.0,2024-11-01,1
2024-11-01 02:00:00,0.0,0.0,2024-11-01,2
2024-11-01 03:00:00,0.0,0.0,2024-11-01,3
2024-11-01 04:00:00,0.0,0.0,2024-11-01,4
2024-11-01 05:00:00,0.003654745,0.0,2024-11-01,5
2024-11-01 06:00:00,0.09813156,0.1244932,2024-11-01,6
2024-11-01 07:00:00,0.343133,0.4725125,2024-11-01,7
2024-11-01 08:00:00,0.5376018,0.7014577,2024-11-01,8
2024-11-01 09:00:00,0.6651521,0.8429191,2024-11-01,9
2024-11-01 10:00:00,0.8256452,1.040444,2024-11-01,10
2024-11-01 11:00:00,0.8115944,1.019291,2024-11-01,11
2024-11-01 12:00:00,0.6347607,0.7789108,2024-11-01,12
2024-11-01 13:00:00,0.4663138,0.5500713,2024-11-01,13
2024-11-01 14:00:00,0.4405026,0.5837989,2024-11-01,14
2024-11-01 15:00:00,0.2420472,0.3494805,2024-11-01,15
2024-11-01 16:00:00,0.04721417,0.1136442,2024-11-01,16
2024-11-01 17:00:00,0.0,0.0,2024-11-01,17
2024-11-01 18:00:00,0.0,0.0,2024-11-01,18
2024-11-01 19:00:00,0.0,0.0,2024-11-01,19
2024-11-01 20:00:00,0.0,0.0,2024-11-01,20
2024-11-01 21:00:00,0.0,0.0,2024-11-01,21
2024-11-01 22:00:00,0.0,0.0,2024-11-01,22
2024-11-01 23:00:00,0.0,0.0,2024-11-01,23
2024-11-02 00:00:00,0.0,0.0,2024-11-02,0
2024-11-02 01:00:00,0.0,0.0,2024-11-02,1
2024-11-02 02:00:00,0.0,0.0,2024-11-02,2
2024-11-02 03:00:00,0.0,0.0,2024-11-02,3
2024-11-02 04:00:00,0.0,0.0,2024-11-02,4
2024-11-02 05:00:00,0.003122375,0.0,2024-11-02,5
2024-11-02 06:00:00,0.09524255,0.1204725,2024-11-02,6
2024-11-02 07:00:00,0.3123179,0.4189787,2024-11-02,7
2024-11-02 08:00:00,0.478974,0.611235,2024-11-02,8
2024-11-02 09:00:00,0.6628646,0.8427279,2024-11-02,9
2024-11-02 10:00:00,0.7945613,1.003204,2024-11-02,10
2024-11-02 11:00:00,0.6487579,0.7852465,2024-11-02,11
2024-11-02 12:00:00,0.6080332,0.7393656,2024-11-02,12
2024-11-02 13:00:00,0.7053789,0.9146616,2024-11-02,13
2024-11-02 14:00:00,0.4652629,0.6264503,2024-11-02,14
2024-11-02 15:00:00,0.2401003,0.3495353,2024-11-02,15
2024-11-02 16:00:00,0.04516332,0.1109716,2024-11-02,16
2024-11-02 17:00:00,0.0,0.0,2024-11-02,17
2024-11-02 18:00:00,0.0,0.0,2024-11-02,18
2024-11-02 19:00:00,0.0,0.0,2024-11-02,19
2024-11-02 20:00:00,0.0,0.0,2024-11-02,20
2024-11-02 21:00:00,0.0,0.0,2024-11-02,21
2024-11-02 22:00:00,0.0,0.0,2024-11-02,22
2024-11-02 23:00:00,0.0,0.0,2024-11-02,23
2024-11-03 00:00:00,0.0,0.0,2024-11-03,0
2024-11-03 01:00:00,0.0,0.0,2024-11-03,1
2024-11-03 02:00:00,0.0,0.0,2024-11-03,2
2024-11-03 03:00:00,0.0,0.0,2024-11-03,3
2024-11-03 04:00:00,0.0,0.0,2024-11-03,4
2024-11-03 05:00:00,0.003743005,0.0,2024-11-03,5
2024-11-03 06:00:00,0.1375388,0.2389875,2024-11-03,6
2024-11-03 07:00:00,0.2078821,0.2292334,2024-11-03,7
2024-11-03 08:00:00,0.1949795,0.1926438,2024-11-03,8
2024-11-03 09:00:00,0.4170164,0.4558275,2024-11-03,9
2024-11-03 10:00:00,0.5644422,0.6592792,2024-11-03,10
2024-11-03 11:00:00,0.487982,0.5348229,2024-11-03,11
2024-11-03 12:00:00,0.6728334,0.8437735,2024-11-03,12
2024-11-03 13:00:00,0.5400535,0.678671,2024-11-03,13
2024-11-03 14:00:00,0.1847297,0.1845168,2024-11-03,14
2024-11-03 15:00:00,0.04640485,0.04544103,2024-11-03,15
2024-11-03 16:00:00,0.005521982,0.005460355,2024-11-03,16
2024-11-03 17:00:00,0.0,0.0,2024-11-03,17
2024-11-03 18:00:00,0.0,0.0,2024-11-03,18
2024-11-03 19:00:00,0.0,0.0,2024-11-03,19
2024-11-03 20:00:00,0.0,0.0,2024-11-03,20
2024-11-03 21:00:00,0.0,0.0,2024-11-03,21
2024-11-03 22:00:00,0.0,0.0,2024-11-03,22
2024-11-03 23:00:00,0.0,0.0,2024-11-03,23
2024-11-04 00:00:00,0.0,0.0,2024-11-04,0
2024-11-04 01:00:00,0.0,0.0,2024-11-04,1
2024-11-04 02:00:00,0.0,0.0,2024-11-04,2
2024-11-04 03:00:00,0.0,0.0,2024-11-04,3
2024-11-04 04:00:00,0.0,0.0,2024-11-04,4
2024-11-04 05:00:00,0.00233007,0.0,2024-11-04,5
2024-11-04 06:00:00,0.1144055,0.1777413,2024-11-04,6
2024-11-04 07:00:00,0.1833948,0.1940098,2024-11-04,7
2024-11-04 08:00:00,0.2293801,0.2304998,2024-11-04,8
2024-11-04 09:00:00,0.3062854,0.3098044,2024-11-04,9
2024-11-04 10:00:00,0.5276965,0.6027648,2024-11-04,10
2024-11-04 11:00:00,0.5209973,0.5864804,2024-11-04,11
2024-11-04 12:00:00,0.7603958,0.9701326,2024-11-04,12
2024-11-04 13:00:00,0.5690647,0.7285011,2024-11-04,13
2024-11-04 14:00:00,0.4476007,0.6054423,2024-11-04,14
2024-11-04 15:00:00,0.2139063,0.3003958,2024-11-04,15
2024-11-04 16:00:00,0.05050644,0.1659208,2024-11-04,16
2024-11-04 17:00:00,0.0,0.0,2024-11-04,17
2024-11-04 18:00:00,0.0,0.0,2024-11-04,18
2024-11-04 19:00:00,0.0,0.0,2024-11-04,19
2024-11-04 20:00:00,0.0,0.0,2024-11-04,20
2024-11-04 21:00:00,0.0,0.0,2024-11-04,21
2024-11-04 22:00:00,0.0,0.0,2024-11-04,22
2024-11-04 23:00:00,0.0,0.0,2024-11-04,23
2024-11-05 00:00:00,0.0,0.0,2024-11-05,0
2024-11-05 01:00:00,0.0,0.0,2024-11-05,1
2024-11-05 02:00:00,0.0,0.0,2024-11-05,2
2024-11-05 03:00:00,0.0,0.0,2024-11-05,3
2024-11-05 04:00:00,0.0,0.0,2024-11-05,4
2024-11-05 05:00:00,0.002026449,0.0,2024-11-05,5
2024-11-05 06:00:00,0.08745482,0.1101472,2024-11-05,6
2024-11-05 07:00:00,0.188649,0.2023504,2024-11-05,7
2024-11-05 08:00:00,0.3057423,0.3296896,2024-11-05,8
2024-11-05 09:00:00,0.6474283,0.8293893,2024-11-05,9
2024-11-05 10:00:00,0.6758747,0.843323,2024-11-05,10
2024-11-05 11:00:00,0.6796238,0.8425776,2024-11-05,11
2024-11-05 12:00:00,0.745028,0.9527065,2024-11-05,12
2024-11-05 13:00:00,0.6366098,0.8315051,2024-11-05,13
2024-11-05 14:00:00,0.3781563,0.4879202,2024-11-05,14
2024-11-05 15:00:00,0.2060265,0.2862383,2024-11-05,15
2024-11-05 16:00:00,0.03714287,0.08712218,2024-11-05,16
2024-11-05 17:00:00,0.0,0.0,2024-11-05,17
2024-11-05 18:00:00,0.0,0.0,2024-11-05,18
2024-11-05 19:00:00,0.0,0.0,2024-11-05,19
2024-11-05 20:00:00,0.0,0.0,2024-11-05,20
2024-11-05 21:00:00,0.0,0.0,2024-11-05,21
2024-11-05 22:00:00,0.0,0.0,2024-11-05,22
2024-11-05 23:00:00,0.0,0.0,2024-11-05,23
2024-11-06 00:00:00,0.0,0.0,2024-11-06,0
2024-11-06 01:00:00,0.0,0.0,2024-11-06,1
2024-11-06 02:00:00,0.0,0.0,2024-11-06,2
2024-11-06 03:00:00,0.0,0.0,2024-11-06,3
2024-11-06 04:00:00,0.0,0.0,2024-11-06,4
2024-11-06 05:00:00,0.00160461,0.0,2024-11-06,5
2024-11-06 06:00:00,0.08755256,0.1128511,2024-11-06,6
2024-11-06 07:00:00,0.2928176,0.394845,2024-11-06,7
2024-11-06 08:00:00,0.4318998,0.5422387,2024-11-06,8
2024-11-06 09:00:00,0.577822,0.7235792,2024-11-06,9
2024-11-06 10:00:00,0.6930442,0.8725632,2024-11-06,10
2024-11-06 11:00:00,0.7842389,0.9976071,2024-11-06,11
2024-11-06 12:00:00,0.7731318,0.9925746,2024-11-06,12
2024-11-06 13:00:00,0.7086617,0.9319102,2024-11-06,13
2024-11-06 14:00:00,0.5079015,0.7007164,2024-11-06,14
2024-11-06 15:00:00,0.3001259,0.4729939,2024-11-06,15
2024-11-06 16:00:00,0.05377273,0.20942,2024-11-06,16
2024-11-06 17:00:00,0.0,0.0,2024-11-06,17
2024-11-06 18:00:00,0.0,0.0,2024-11-06,18
2024-11-06 19:00:00,0.0,0.0,2024-11-06,19
2024-11-06 20:00:00,0.0,0.0,2024-11-06,20
2024-11-06 21:00:00,0.0,0.0,2024-11-06,21
2024-11-06 22:00:00,0.0,0.0,2024-11-06,22
2024-11-06 23:00:00,0.0,0.0,2024-11-06,23
2024-11-07 00:00:00,0.0,0.0,2024-11-07,0
2024-11-07 01:00:00,0.0,0.0,2024-11-07,1
2024-11-07 02:00:00,0.0,0.0,2024-11-07,2
2024-11-07 03:00:00,0.0,0.0,2024-11-07,3
2024-11-07 04:00:00,0.0,0.0,2024-11-07,4
2024-11-07 05:00:00,0.000936177,0.0,2024-11-07,5
2024-11-07 06:00:00,0.1037399,0.1604267,2024-11-07,6
2024-11-07 07:00:00,0.1726151,0.1813364,2024-11-07,7
2024-11-07 08:00:00,0.3860722,0.4635524,2024-11-07,8
2024-11-07 09:00:00,0.5683321,0.7109531,2024-11-07,9
2024-11-07 10:00:00,0.5200132,0.5966359,2024-11-07,10
2024-11-07 11:00:00,0.5587541,0.6526734,2024-11-07,11
2024-11-07 12:00:00,0.5281571,0.6215032,2024-11-07,12
2024-11-07 13:00:00,0.5803796,0.7553287,2024-11-07,13
2024-11-07 14:00:00,0.3876339,0.5115103,2024-11-07,14
2024-11-07 15:00:00,0.2307805,0.3494763,2024-11-07,15
2024-11-07 16:00:00,0.0584273,0.243054,2024-11-07,16
2024-11-07 17:00:00,0.0,0.0,2024-11-07,17
2024-11-07 18:00:00,0.0,0.0,2024-11-07,18
2024-11-07 19:00:00,0.0,0.0,2024-11-07,19
2024-11-07 20:00:00,0.0,0.0,2024-11-07,20
2024-11-07 21:00:00,0.0,0.0,2024-11-07,21
2024-11-07 22:00:00,0.0,0.0,2024-11-07,22
2024-11-07 23:00:00,0.0,0.0,2024-11-07,23
2024-11-08 00:00:00,0.0,0.0,2024-11-08,0
2024-11-08 01:00:00,0.0,0.0,2024-11-08,1
2024-11-08 02:00:00,0.0,0.0,2024-11-08,2
2024-11-08 03:00:00,0.0,0.0,2024-11-08,3
2024-11-08 04:00:00,0.0,0.0,2024-11-08,4
2024-11-08 05:00:00,0.001072725,0.0,2024-11-08,5
2024-11-08 06:00:00,0.1040003,0.166126,2024-11-08,6
2024-11-08 07:00:00,0.3660417,0.5363852,2024-11-08,7
2024-11-08 08:00:00,0.5611987,0.7572599,2024-11-08,8
2024-11-08 09:00:00,0.6753442,0.8785329,2024-11-08,9
2024-11-08 10:00:00,0.7774292,0.9976559,2024-11-08,10
2024-11-08 11:00:00,0.6184144,0.7530016,2024-11-08,11
2024-11-08 12:00:00,0.6142626,0.7666267,2024-11-08,12
2024-11-08 13:00:00,0.53803,0.6903281,2024-11-08,13
2024-11-08 14:00:00,0.3853643,0.5103811,2024-11-08,14
2024-11-08 15:00:00,0.2541766,0.4016005,2024-11-08,15
2024-11-08 16:00:00,0.04149455,0.1502914,2024-11-08,16
2024-11-08 17:00:00,0.0,0.0,2024-11-08,17
2024-11-08 18:00:00,0.0,0.0,2024-11-08,18
2024-11-08 19:00:00,0.0,0.0,2024-11-08,19
2024-11-08 20:00:00,0.0,0.0,2024-11-08,20
2024-11-08 21:00:00,0.0,0.0,2024-11-08,21
2024-11-08 22:00:00,0.0,0.0,2024-11-08,22
2024-11-08 23:00:00,0.0,0.0,2024-11-08,23
2024-11-09 00:00:00,0.0,0.0,2024-11-09,0
2024-11-09 01:00:00,0.0,0.0,2024-11-09,1
2024-11-09 02:00:00,0.0,0.0,2024-11-09,2
2024-11-09 03:00:00,0.0,0.0,2024-11-09,3
2024-11-09 04:00:00,0.0,0.0,2024-11-09,4
2024-11-09 05:00:00,0.000867867,0.0,2024-11-09,5
2024-11-09 06:00:00,0.1145715,0.2058008,2024-11-09,6
2024-11-09 07:00:00,0.3133085,0.4468801,2024-11-09,7
2024-11-09 08:00:00,0.6299813,0.8568487,2024-11-09,8
2024-11-09 09:00:00,0.787614,1.03314,2024-11-09,9
2024-11-09 10:00:00,0.7959329,1.024841,2024-11-09,10
2024-11-09 11:00:00,0.8583868,1.103713,2024-11-09,11
2024-11-09 12:00:00,0.7361683,0.951861,2024-11-09,12
2024-11-09 13:00:00,0.7110875,0.9446055,2024-11-09,13
2024-11-09 14:00:00,0.413108,0.563606,2024-11-09,14
2024-11-09 15:00:00,0.1989101,0.2832479,2024-11-09,15
2024-11-09 16:00:00,0.03966368,0.1470263,2024-11-09,16
2024-11-09 17:00:00,0.0,0.0,2024-11-09,17
2024-11-09 18:00:00,0.0,0.0,2024-11-09,18
2024-11-09 19:00:00,0.0,0.0,2024-11-09,19
2024-11-09 20:00:00,0.0,0.0,2024-11-09,20
2024-11-09 21:00:00,0.0,0.0,2024-11-09,21
2024-11-09 22:00:00,0.0,0.0,2024-11-09,22
2024-11-09 23:00:00,0.0,0.0,2024-11-09,23
2024-11-10 00:00:00,0.0,0.0,2024-11-10,0
2024-11-10 01:00:00,0.0,0.0,2024-11-10,1
2024-11-10 02:00:00,0.0,0.0,2024-11-10,2
2024-11-10 03:00:00,0.0,0.0,2024-11-10,3
2024-11-10 04:00:00,0.0,0.0,2024-11-10,4
2024-11-10 05:00:00,0.001192498,0.0,2024-11-10,5
2024-11-10 06:00:00,0.1515377,0.3109289,2024-11-10,6
2024-11-10 07:00:00,0.3718483,0.5519701,2024-11-10,7
2024-11-10 08:00:00,0.5346529,0.7255039,2024-11-10,8
2024-11-10 09:00:00,0.7063847,0.9262414,2024-11-10,9
2024-11-10 10:00:00,0.8948824,1.159535,2024-11-10,10
2024-11-10 11:00:00,0.8431864,1.086439,2024-11-10,11
2024-11-10 12:00:00,0.746231,0.9678757,2024-11-10,12
2024-11-10 13:00:00,0.5730773,0.7527229,2024-11-10,13
2024-11-10 14:00:00,0.5022393,0.7049367,2024-11-10,14
2024-11-10 15:00:00,0.2489218,0.3986035,2024-11-10,15
2024-11-10 16:00:00,0.03261092,0.094471,2024-11-10,16
2024-11-10 17:00:00,0.0,0.0,2024-11-10,17
2024-11-10 18:00:00,0.0,0.0,2024-11-10,18
2024-11-10 19:00:00,0.0,0.0,2024-11-10,19
2024-11-10 20:00:00,0.0,0.0,2024-11-10,20
2024-11-10 21:00:00,0.0,0.0,2024-11-10,21
2024-11-10 22:00:00,0.0,0.0,2024-11-10,22
2024-11-10 23:00:00,0.0,0.0,2024-11-10,23
2024-11-11 00:00:00,0.0,0.0,2024-11-11,0
2024-11-11 01:00:00,0.0,0.0,2024-11-11,1
2024-11-11 02:00:00,0.0,0.0,2024-11-11,2
2024-11-11 03:00:00,0.0,0.0,2024-11-11,3
2024-11-11 04:00:00,0.0,0.0,2024-11-11,4
2024-11-11 05:00:00,0.00072478,0.0,2024-11-11,5
2024-11-11 06:00:00,0.07745703,0.10167,2024-11-11,6
2024-11-11 07:00:00,0.08696561,0.08547126,2024-11-11,7
2024-11-11 08:00:00,0.2093606,0.209596,2024-11-11,8
2024-11-11 09:00:00,0.2597681,0.2588699,2024-11-11,9
2024-11-11 10:00:00,0.3569936,0.3665752,2024-11-11,10
2024-11-11 11:00:00,0.3749585,0.3869987,2024-11-11,11
2024-11-11 12:00:00,0.2435296,0.2399827,2024-11-11,12
2024-11-11 13:00:00,0.186304,0.1830073,2024-11-11,13
2024-11-11 14:00:00,0.2284824,0.242109,2024-11-11,14
2024-11-11 15:00:00,0.03017928,0.02949908,2024-11-11,15
2024-11-11 16:00:00,0.0115932,0.01218721,2024-11-11,16
2024-11-11 17:00:00,0.0,0.0,2024-11-11,17
2024-11-11 18:00:00,0.0,0.0,2024-11-11,18
2024-11-11 19:00:00,0.0,0.0,2024-11-11,19
2024-11-11 20:00:00,0.0,0.0,2024-11-11,20
2024-11-11 21:00:00,0.0,0.0,2024-11-11,21
2024-11-11 22:00:00,0.0,0.0,2024-11-11,22
2024-11-11 23:00:00,0.0,0.0,2024-11-11,23
2024-11-12 00:00:00,0.0,0.0,2024-11-12,0
2024-11-12 01:00:00,0.0,0.0,2024-11-12,1
2024-11-12 02:00:00,0.0,0.0,2024-11-12,2
2024-11-12 03:00:00,0.0,0.0,2024-11-12,3
2024-11-12 04:00:00,0.0,0.0,2024-11-12,4
2024-11-12 05:00:00,0.000450567,0.0,2024-11-12,5
2024-11-12 06:00:00,0.09088368,0.144397,2024-11-12,6
2024-11-12 07:00:00,0.02323869,0.02263177,2024-11-12,7
2024-11-12 08:00:00,0.04951004,0.04823164,2024-11-12,8
2024-11-12 09:00:00,0.1127699,0.1101009,2024-11-12,9
2024-11-12 10:00:00,0.1245777,0.1215835,2024-11-12,10
2024-11-12 11:00:00,0.1435878,0.1402264,2024-11-12,11
2024-11-12 12:00:00,0.1436068,0.1403283,2024-11-12,12
2024-11-12 13:00:00,0.09420139,0.09194355,2024-11-12,13
2024-11-12 14:00:00,0.1082299,0.1061407,2024-11-12,14
2024-11-12 15:00:00,0.03822136,0.03743992,2024-11-12,15
2024-11-12 16:00:00,0.00645757,0.006546902,2024-11-12,16
2024-11-12 17:00:00,0.0,0.0,2024-11-12,17
2024-11-12 18:00:00,0.0,0.0,2024-11-12,18
2024-11-12 19:00:00,0.0,0.0,2024-11-12,19
2024-11-12 20:00:00,0.0,0.0,2024-11-12,20
2024-11-12 21:00:00,0.0,0.0,2024-11-12,21
2024-11-12 22:00:00,0.0,0.0,2024-11-12,22
2024-11-12 23:00:00,0.0,0.0,2024-11-12,23
2024-11-13 00:00:00,0.0,0.0,2024-11-13,0
2024-11-13 01:00:00,0.0,0.0,2024-11-13,1
2024-11-13 02:00:00,0.0,0.0,2024-11-13,2
2024-11-13 03:00:00,0.0,0.0,2024-11-13,3
2024-11-13 04:00:00,0.0,0.0,2024-11-13,4
2024-11-13 05:00:00,0.000299463,0.0,2024-11-13,5
2024-11-13 06:00:00,0.1079015,0.2095155,2024-11-13,6
2024-11-13 07:00:00,0.1805792,0.1983176,2024-11-13,7
2024-11-13 08:00:00,0.3310717,0.38096,2024-11-13,8
2024-11-13 09:00:00,0.4735412,0.5653262,2024-11-13,9
2024-11-13 10:00:00,0.2837304,0.2820648,2024-11-13,10
2024-11-13 11:00:00,0.4463244,0.4865423,2024-11-13,11
2024-11-13 12:00:00,0.6576754,0.8494063,2024-11-13,12
2024-11-13 13:00:00,0.457269,0.5633383,2024-11-13,13
2024-11-13 14:00:00,0.275764,0.3177933,2024-11-13,14
2024-11-13 15:00:00,0.1310093,0.1471587,2024-11-13,15
2024-11-13 16:00:00,0.03544224,0.1339416,2024-11-13,16
2024-11-13 17:00:00,0.0,0.0,2024-11-13,17
2024-11-13 18:00:00,0.0,0.0,2024-11-13,18
2024-11-13 19:00:00,0.0,0.0,2024-11-13,19
2024-11-13 20:00:00,0.0,0.0,2024-11-13,20
2024-11-13 21:00:00,0.0,0.0,2024-11-13,21
2024-11-13 22:00:00,0.0,0.0,2024-11-13,22
2024-11-13 23:00:00,0.0,0.0,2024-11-13,23
2024-11-14 00:00:00,0.0,0.0,2024-11-14,0
2024-11-14 01:00:00,0.0,0.0,2024-11-14,1
2024-11-14 02:00:00,0.0,0.0,2024-11-14,2
2024-11-14 03:00:00,0.0,0.0,2024-11-14,3
2024-11-14 04:00:00,0.0,0.0,2024-11-14,4
2024-11-14 05:00:00,0.000229046,0.0,2024-11-14,5
2024-11-14 06:00:00,0.09055259,0.1539878,2024-11-14,6
2024-11-14 07:00:00,0.2769832,0.3911097,2024-11-14,7
2024-11-14 08:00:00,0.4572197,0.6124929,2024-11-14,8
2024-11-14 09:00:00,0.730571,0.9704778,2024-11-14,9
2024-11-14 10:00:00,0.7654688,0.9975062,2024-11-14,10
2024-11-14 11:00:00,0.8773046,1.143351,2024-11-14,11
2024-11-14 12:00:00,0.7805993,1.024622,2024-11-14,12
2024-11-14 13:00:00,0.6236781,0.8378613,2024-11-14,13
2024-11-14 14:00:00,0.446096,0.6330366,2024-11-14,14
2024-11-14 15:00:00,0.2458328,0.4059023,2024-11-14,15
2024-11-14 16:00:00,0.04417535,0.2092921,2024-11-14,16
2024-11-14 17:00:00,0.0,0.0,2024-11-14,17
2024-11-14 18:00:00,0.0,0.0,2024-11-14,18
2024-11-14 19:00:00,0.0,0.0,2024-11-14,19
2024-11-14 20:00:00,0.0,0.0,2024-11-14,20
2024-11-14 21:00:00,0.0,0.0,2024-11-14,21
2024-11-14 22:00:00,0.0,0.0,2024-11-14,22
2024-11-14 23:00:00,0.0,0.0,2024-11-14,23
2024-11-15 00:00:00,0.0,0.0,2024-11-15,0
2024-11-15 01:00:00,0.0,0.0,2024-11-15,1
2024-11-15 02:00:00,0.0,0.0,2024-11-15,2
2024-11-15 03:00:00,0.0,0.0,2024-11-15,3
2024-11-15 04:00:00,0.0,0.0,2024-11-15,4
2024-11-15 05:00:00,4.27675e-05,0.0,2024-11-15,5
2024-11-15 06:00:00,0.03937169,0.03981148,2024-11-15,6
2024-11-15 07:00:00,0.1193243,0.1190513,2024-11-15,7
2024-11-15 08:00:00,0.2617333,0.2765702,2024-11-15,8
2024-11-15 09:00:00,0.5541296,0.710409,2024-11-15,9
2024-11-15 10:00:00,0.3844531,0.4047396,2024-11-15,10
2024-11-15 11:00:00,0.4061431,0.4310239,2024-11-15,11
2024-11-15 12:00:00,0.5016897,0.5939422,2024-11-15,12
2024-11-15 13:00:00,0.5642912,0.7524107,2024-11-15,13
2024-11-15 14:00:00,0.3643064,0.4899209,2024-11-15,14
2024-11-15 15:00:00,0.1328099,0.1520805,2024-11-15,15
2024-11-15 16:00:00,0.02226757,0.03907916,2024-11-15,16
2024-11-15 17:00:00,0.0,0.0,2024-11-15,17
2024-11-15 18:00:00,0.0,0.0,2024-11-15,18
2024-11-15 19:00:00,0.0,0.0,2024-11-15,19
2024-11-15 20:00:00,0.0,0.0,2024-11-15,20
2024-11-15 21:00:00,0.0,0.0,2024-11-15,21
2024-11-15 22:00:00,0.0,0.0,2024-11-15,22
2024-11-15 23:00:00,0.0,0.0,2024-11-15,23
2024-11-16 00:00:00,0.0,0.0,2024-11-16,0
2024-11-16 01:00:00,0.0,0.0,2024-11-16,1
2024-11-16 02:00:00,0.0,0.0,2024-11-16,2
2024-11-16 03:00:00,0.0,0.0,2024-11-16,3
2024-11-16 04:00:00,0.0,0.0,2024-11-16,4
2024-11-16 05:00:00,6.83602e-05,0.0,2024-11-16,5
2024-11-16 06:00:00,0.09123756,0.1689198,2024-11-16,6
2024-11-16 07:00:00,0.17455,0.1921312,2024-11-16,7
2024-11-16 08:00:00,0.1229967,0.1205609,2024-11-16,8
2024-11-16 09:00:00,0.3052724,0.3138947,2024-11-16,9
2024-11-16 10:00:00,0.4854135,0.5574827,2024-11-16,10
2024-11-16 11:00:00,0.3692866,0.3825472,2024-11-16,11
2024-11-16 12:00:00,0.0771573,0.07517507,2024-11-16,12
2024-11-16 13:00:00,0.1280391,0.1252793,2024-11-16,13
2024-11-16 14:00:00,0.1534638,0.1522212,2024-11-16,14
2024-11-16 15:00:00,0.09999331,0.1029149,2024-11-16,15
2024-11-16 16:00:00,0.02426508,0.05160861,2024-11-16,16
2024-11-16 17:00:00,0.0,0.0,2024-11-16,17
2024-11-16 18:00:00,0.0,0.0,2024-11-16,18
2024-11-16 19:00:00,0.0,0.0,2024-11-16,19
2024-11-16 20:00:00,0.0,0.0,2024-11-16,20
2024-11-16 21:00:00,0.0,0.0,2024-11-16,21
2024-11-16 22:00:00,0.0,0.0,2024-11-16,22
2024-11-16 23:00:00,0.0,0.0,2024-11-16,23
2024-11-17 00:00:00,0.0,0.0,2024-11-17,0
2024-11-17 01:00:00,0.0,0.0,2024-11-17,1
2024-11-17 02:00:00,0.0,0.0,2024-11-17,2
2024-11-17 03:00:00,0.0,0.0,2024-11-17,3
2024-11-17 04:00:00,0.0,0.0,2024-11-17,4
2024-11-17 05:00:00,1.31791e-05,0.0,2024-11-17,5
2024-11-17 06:00:00,0.06584816,0.08850374,2024-11-17,6
2024-11-17 07:00:00,0.1620255,0.1739384,2024-11-17,7
2024-11-17 08:00:00,0.3083299,0.3495083,2024-11-17,8
2024-11-17 09:00:00,0.6825588,0.9124897,2024-11-17,9
2024-11-17 10:00:00,0.6562155,0.8465068,2024-11-17,10
2024-11-17 11:00:00,0.4810098,0.5452136,2024-11-17,11
2024-11-17 12:00:00,0.3721717,0.3943711,2024-11-17,12
2024-11-17 13:00:00,0.4343022,0.5305483,2024-11-17,13
2024-11-17 14:00:00,0.3782316,0.5219527,2024-11-17,14
2024-11-17 15:00:00,0.09855498,0.1013176,2024-11-17,15
2024-11-17 16:00:00,0.01670757,0.02094531,2024-11-17,16
2024-11-17 17:00:00,0.0,0.0,2024-11-17,17
2024-11-17 18:00:00,0.0,0.0,2024-11-17,18
2024-11-17 19:00:00,0.0,0.0,2024-11-17,19
2024-11-17 20:00:00,0.0,0.0,2024-11-17,20
2024-11-17 21:00:00,0.0,0.0,2024-11-17,21
2024-11-17 22:00:00,0.0,0.0,2024-11-17,22
2024-11-17 23:00:00,0.0,0.0,2024-11-17,23
2024-11-18 00:00:00,0.0,0.0,2024-11-18,0
2024-11-18 01:00:00,0.0,0.0,2024-11-18,1
2024-11-18 02:00:00,0.0,0.0,2024-11-18,2
2024-11-18 03:00:00,0.0,0.0,2024-11-18,3
2024-11-18 04:00:00,0.0,0.0,2024-11-18,4
2024-11-18 05:00:00,1.40529e-06,0.0,2024-11-18,5
2024-11-18 06:00:00,0.05362156,0.06235452,2024-11-18,6
2024-11-18 07:00:00,0.1355231,0.1386553,2024-11-18,7
2024-11-18 08:00:00,0.2295187,0.2358623,2024-11-18,8
2024-11-18 09:00:00,0.4923446,0.6102153,2024-11-18,9
2024-11-18 10:00:00,0.6476815,0.8354664,2024-11-18,10
2024-11-18 11:00:00,0.4706186,0.5300766,2024-11-18,11
2024-11-18 12:00:00,0.5360927,0.6592615,2024-11-18,12
2024-11-18 13:00:00,0.4026119,0.4759997,2024-11-18,13
2024-11-18 14:00:00,0.3431994,0.4551398,2024-11-18,14
2024-11-18 15:00:00,0.2070279,0.3310257,2024-11-18,15
2024-11-18 16:00:00,0.02262282,0.04512932,2024-11-18,16
2024-11-18 17:00:00,0.0,0.0,2024-11-18,17
2024-11-18 18:00:00,0.0,0.0,2024-11-18,18
2024-11-18 19:00:00,0.0,0.0,2024-11-18,19
2024-11-18 20:00:00,0.0,0.0,2024-11-18,20
2024-11-18 21:00:00,0.0,0.0,2024-11-18,21
2024-11-18 22:00:00,0.0,0.0,2024-11-18,22
2024-11-18 23:00:00,0.0,0.0,2024-11-18,23
2024-11-19 00:00:00,0.0,0.0,2024-11-19,0
2024-11-19 01:00:00,0.0,0.0,2024-11-19,1
2024-11-19 02:00:00,0.0,0.0,2024-11-19,2
2024-11-19 03:00:00,0.0,0.0,2024-11-19,3
2024-11-19 04:00:00,0.0,0.0,2024-11-19,4
2024-11-19 05:00:00,0.0,0.0,2024-11-19,5
2024-11-19 06:00:00,0.04503889,0.04851361,2024-11-19,6
2024-11-19 07:00:00,0.1267232,0.1283119,2024-11-19,7
2024-11-19 08:00:00,0.3785881,0.4808602,2024-11-19,8
2024-11-19 09:00:00,0.4273876,0.4984757,2024-11-19,9
2024-11-19 10:00:00,0.4550227,0.513077,2024-11-19,10
2024-11-19 11:00:00,0.543506,0.6527242,2024-11-19,11
2024-11-19 12:00:00,0.1455458,0.1423184,2024-11-19,12
2024-11-19 13:00:00,0.1708986,0.1678047,2024-11-19,13
2024-11-19 14:00:00,0.1716452,0.172692,2024-11-19,14
2024-11-19 15:00:00,0.1767859,0.25581,2024-11-19,15
2024-11-19 16:00:00,0.02421686,0.05670333,2024-11-19,16
2024-11-19 17:00:00,0.0,0.0,2024-11-19,17
2024-11-19 18:00:00,0.0,0.0,2024-11-19,18
2024-11-19 19:00:00,0.0,0.0,2024-11-19,19
2024-11-19 20:00:00,0.0,0.0,2024-11-19,20
2024-11-19 21:00:00,0.0,0.0,2024-11-19,21
2024-11-19 22:00:00,0.0,0.0,2024-11-19,22
2024-11-19 23:00:00,0.0,0.0,2024-11-19,23
2024-11-20 00:00:00,0.0,0.0,2024-11-20,0
2024-11-20 01:00:00,0.0,0.0,2024-11-20,1
2024-11-20 02:00:00,0.0,0.0,2024-11-20,2
2024-11-20 03:00:00,0.0,0.0,2024-11-20,3
2024-11-20 04:00:00,0.0,0.0,2024-11-20,4
2024-11-20 05:00:00,0.0,0.0,2024-11-20,5
2024-11-20 06:00:00,0.09941977,0.2309146,2024-11-20,6
2024-11-20 07:00:00,0.1695464,0.1885838,2024-11-20,7
2024-11-20 08:00:00,0.2326321,0.240792,2024-11-20,8
2024-11-20 09:00:00,0.1916753,0.1882944,2024-11-20,9
2024-11-20 10:00:00,0.2276547,0.2238372,2024-11-20,10
2024-11-20 11:00:00,0.3279752,0.3329989,2024-11-20,11
2024-11-20 12:00:00,0.5975365,0.7696204,2024-11-20,12
2024-11-20 13:00:00,0.5568177,0.7524564,2024-11-20,13
2024-11-20 14:00:00,0.4268235,0.6167126,2024-11-20,14
2024-11-20 15:00:00,0.2034561,0.32732,2024-11-20,15
2024-11-20 16:00:00,0.02908405,0.09857601,2024-11-20,16
2024-11-20 17:00:00,0.0,0.0,2024-11-20,17
2024-11-20 18:00:00,0.0,0.0,2024-11-20,18
2024-11-20 19:00:00,0.0,0.0,2024-11-20,19
2024-11-20 20:00:00,0.0,0.0,2024-11-20,20
2024-11-20 21:00:00,0.0,0.0,2024-11-20,21
2024-11-20 22:00:00,0.0,0.0,2024-11-20,22
2024-11-20 23:00:00,0.0,0.0,2024-11-20,23
2024-11-21 00:00:00,0.0,0.0,2024-11-21,0
2024-11-21 01:00:00,0.0,0.0,2024-11-21,1
2024-11-21 02:00:00,0.0,0.0,2024-11-21,2
2024-11-21 03:00:00,0.0,0.0,2024-11-21,3
2024-11-21 04:00:00,0.0,0.0,2024-11-21,4
2024-11-21 05:00:00,0.0,0.0,2024-11-21,5
2024-11-21 06:00:00,0.06375039,0.09597049,2024-11-21,6
2024-11-21 07:00:00,0.2741441,0.4116939,2024-11-21,7
2024-11-21 08:00:00,0.5498847,0.7784079,2024-11-21,8
2024-11-21 09:00:00,0.7061574,0.9553922,2024-11-21,9
2024-11-21 10:00:00,0.7272124,0.9621099,2024-11-21,10
2024-11-21 11:00:00,0.6896204,0.9007626,2024-11-21,11
2024-11-21 12:00:00,0.7116202,0.946988,2024-11-21,12
2024-11-21 13:00:00,0.6283276,0.8604285,2024-11-21,13
2024-11-21 14:00:00,0.4548209,0.6627585,2024-11-21,14
2024-11-21 15:00:00,0.2312068,0.3955589,2024-11-21,15
2024-11-21 16:00:00,0.03183995,0.1265926,2024-11-21,16
2024-11-21 17:00:00,0.0,0.0,2024-11-21,17
2024-11-21 18:00:00,0.0,0.0,2024-11-21,18
2024-11-21 19:00:00,0.0,0.0,2024-11-21,19
2024-11-21 20:00:00,0.0,0.0,2024-11-21,20
2024-11-21 21:00:00,0.0,0.0,2024-11-21,21
2024-11-21 22:00:00,0.0,0.0,2024-11-21,22
2024-11-21 23:00:00,0.0,0.0,2024-11-21,23
2024-11-22 00:00:00,0.0,0.0,2024-11-22,0
2024-11-22 01:00:00,0.0,0.0,2024-11-22,1
2024-11-22 02:00:00,0.0,0.0,2024-11-22,2
2024-11-22 03:00:00,0.0,0.0,2024-11-22,3
2024-11-22 04:00:00,0.0,0.0,2024-11-22,4
2024-11-22 05:00:00,0.0,0.0,2024-11-22,5
2024-11-22 06:00:00,0.06607483,0.1085623,2024-11-22,6
2024-11-22 07:00:00,0.2320274,0.3187752,2024-11-22,7
2024-11-22 08:00:00,0.3862967,0.5039355,2024-11-22,8
2024-11-22 09:00:00,0.64003,0.8652295,2024-11-22,9
2024-11-22 10:00:00,0.7093278,0.9391314,2024-11-22,10
2024-11-22 11:00:00,0.7330859,0.9670162,2024-11-22,11
2024-11-22 12:00:00,0.7327877,0.9780939,2024-11-22,12
2024-11-22 13:00:00,0.6522295,0.8964947,2024-11-22,13
2024-11-22 14:00:00,0.4426123,0.6462814,2024-11-22,14
2024-11-22 15:00:00,0.2173351,0.3665152,2024-11-22,15
2024-11-22 16:00:00,0.03398278,0.1478886,2024-11-22,16
2024-11-22 17:00:00,0.0,0.0,2024-11-22,17
2024-11-22 18:00:00,0.0,0.0,2024-11-22,18
2024-11-22 19:00:00,0.0,0.0,2024-11-22,19
2024-11-22 20:00:00,0.0,0.0,2024-11-22,20
2024-11-22 21:00:00,0.0,0.0,2024-11-22,21
2024-11-22 22:00:00,0.0,0.0,2024-11-22,22
2024-11-22 23:00:00,0.0,0.0,2024-11-22,23
2024-11-23 00:00:00,0.0,0.0,2024-11-23,0
2024-11-23 01:00:00,0.0,0.0,2024-11-23,1
2024-11-23 02:00:00,0.0,0.0,2024-11-23,2
2024-11-23 03:00:00,0.0,0.0,2024-11-23,3
2024-11-23 04:00:00,0.0,0.0,2024-11-23,4
2024-11-23 05:00:00,0.0,0.0,2024-11-23,5
2024-11-23 06:00:00,0.07779642,0.164199,2024-11-23,6
2024-11-23 07:00:00,0.3581932,0.5742056,2024-11-23,7
2024-11-23 08:00:00,0.5333112,0.7592848,2024-11-23,8
2024-11-23 09:00:00,0.6981271,0.9490252,2024-11-23,9
2024-11-23 10:00:00,0.8124978,1.083498,2024-11-23,10
2024-11-23 11:00:00,0.8377293,1.112432,2024-11-23,11
2024-11-23 12:00:00,0.7361585,0.9847764,2024-11-23,12
2024-11-23 13:00:00,0.7065716,0.976397,2024-11-23,13
2024-11-23 14:00:00,0.5182784,0.7640077,2024-11-23,14
2024-11-23 15:00:00,0.2411461,0.4204711,2024-11-23,15
2024-11-23 16:00:00,0.02962114,0.1097146,2024-11-23,16
2024-11-23 17:00:00,0.0,0.0,2024-11-23,17
2024-11-23 18:00:00,0.0,0.0,2024-11-23,18
2024-11-23 19:00:00,0.0,0.0,2024-11-23,19
2024-11-23 20:00:00,0.0,0.0,2024-11-23,20
2024-11-23 21:00:00,0.0,0.0,2024-11-23,21
2024-11-23 22:00:00,0.0,0.0,2024-11-23,22
2024-11-23 23:00:00,0.0,0.0,2024-11-23,23
2024-11-24 00:00:00,0.0,0.0,2024-11-24,0
2024-11-24 01:00:00,0.0,0.0,2024-11-24,1
2024-11-24 02:00:00,0.0,0.0,2024-11-24,2
2024-11-24 03:00:00,0.0,0.0,2024-11-24,3
2024-11-24 04:00:00,0.0,0.0,2024-11-24,4
2024-11-24 05:00:00,0.0,0.0,2024-11-24,5
2024-11-24 06:00:00,0.08722402,0.2148763,2024-11-24,6
2024-11-24 07:00:00,0.2645078,0.4015558,2024-11-24,7
2024-11-24 08:00:00,0.4163762,0.5679728,2024-11-24,8
2024-11-24 09:00:00,0.5047095,0.6471791,2024-11-24,9
2024-11-24 10:00:00,0.697237,0.9259747,2024-11-24,10
2024-11-24 11:00:00,0.8700083,1.159111,2024-11-24,11
2024-11-24 12:00:00,0.7479769,1.003123,2024-11-24,12
2024-11-24 13:00:00,0.6460204,0.8917523,2024-11-24,13
2024-11-24 14:00:00,0.4404366,0.6467547,2024-11-24,14
2024-11-24 15:00:00,0.2573721,0.4526773,2024-11-24,15
2024-11-24 16:00:00,0.04233333,0.2037155,2024-11-24,16
2024-11-24 17:00:00,0.0,0.0,2024-11-24,17
2024-11-24 18:00:00,0.0,0.0,2024-11-24,18
2024-11-24 19:00:00,0.0,0.0,2024-11-24,19
2024-11-24 20:00:00,0.0,0.0,2024-11-24,20
2024-11-24 21:00:00,0.0,0.0,2024-11-24,21
2024-11-24 22:00:00,0.0,0.0,2024-11-24,22
2024-11-24 23:00:00,0.0,0.0,2024-11-24,23
2024-11-25 00:00:00,0.0,0.0,2024-11-25,0
2024-11-25 01:00:00,0.0,0.0,2024-11-25,1
2024-11-25 02:00:00,0.0,0.0,2024-11-25,2
2024-11-25 03:00:00,0.0,0.0,2024-11-25,3
2024-11-25 04:00:00,0.0,0.0,2024-11-25,4
2024-11-25 05:00:00,0.0,0.0,2024-11-25,5
2024-11-25 06:00:00,0.04850097,0.06310917,2024-11-25,6
2024-11-25 07:00:00,0.2812384,0.442356,2024-11-25,7
2024-11-25 08:00:00,0.3892098,0.5179332,2024-11-25,8
2024-11-25 09:00:00,0.5292952,0.6937769,2024-11-25,9
2024-11-25 10:00:00,0.7323847,0.9774189,2024-11-25,10
2024-11-25 11:00:00,0.7043482,0.9315067,2024-11-25,11
2024-11-25 12:00:00,0.5004875,0.6093161,2024-11-25,12
2024-11-25 13:00:00,0.4575609,0.5876536,2024-11-25,13
2024-11-25 14:00:00,0.3947039,0.5704851,2024-11-25,14
2024-11-25 15:00:00,0.2206682,0.3807358,2024-11-25,15
2024-11-25 16:00:00,0.03144282,0.1295559,2024-11-25,16
2024-11-25 17:00:00,0.0,0.0,2024-11-25,17
2024-11-25 18:00:00,0.0,0.0,2024-11-25,18
2024-11-25 19:00:00,0.0,0.0,2024-11-25,19
2024-11-25 20:00:00,0.0,0.0,2024-11-25,20
2024-11-25 21:00:00,0.0,0.0,2024-11-25,21
2024-11-25 22:00:00,0.0,0.0,2024-11-25,22
2024-11-25 23:00:00,0.0,0.0,2024-11-25,23
2024-11-26 00:00:00,0.0,0.0,2024-11-26,0
2024-11-26 01:00:00,0.0,0.0,2024-11-26,1
2024-11-26 02:00:00,0.0,0.0,2024-11-26,2
2024-11-26 03:00:00,0.0,0.0,2024-11-26,3
2024-11-26 04:00:00,0.0,0.0,2024-11-26,4
2024-11-26 05:00:00,0.0,0.0,2024-11-26,5
2024-11-26 06:00:00,0.05436381,0.08390129,2024-11-26,6
2024-11-26 07:00:00,0.2497852,0.3748119,2024-11-26,7
2024-11-26 08:00:00,0.4752698,0.6786509,2024-11-26,8
2024-11-26 09:00:00,0.5000399,0.6434216,2024-11-26,9
2024-11-26 10:00:00,0.5542701,0.6953851,2024-11-26,10
2024-11-26 11:00:00,0.6585006,0.8625271,2024-11-26,11
2024-11-26 12:00:00,0.7055985,0.9480805,2024-11-26,12
2024-11-26 13:00:00,0.4695362,0.611613,2024-11-26,13
2024-11-26 14:00:00,0.3804782,0.5452353,2024-11-26,14
2024-11-26 15:00:00,0.2191575,0.3790452,2024-11-26,15
2024-11-26 16:00:00,0.03256364,0.140599,2024-11-26,16
2024-11-26 17:00:00,0.0,0.0,2024-11-26,17
2024-11-26 18:00:00,0.0,0.0,2024-11-26,18
2024-11-26 19:00:00,0.0,0.0,2024-11-26,19
2024-11-26 20:00:00,0.0,0.0,2024-11-26,20
2024-11-26 21:00:00,0.0,0.0,2024-11-26,21
2024-11-26 22:00:00,0.0,0.0,2024-11-26,22
2024-11-26 23:00:00,0.0,0.0,2024-11-26,23
2024-11-27 00:00:00,0.0,0.0,2024-11-27,0
2024-11-27 01:00:00,0.0,0.0,2024-11-27,1
2024-11-27 02:00:00,0.0,0.0,2024-11-27,2
2024-11-27 03:00:00,0.0,0.0,2024-11-27,3
2024-11-27 04:00:00,0.0,0.0,2024-11-27,4
2024-11-27 05:00:00,0.0,0.0,2024-11-27,5
2024-11-27 06:00:00,0.05410207,0.08703484,2024-11-27,6
2024-11-27 07:00:00,0.2089343,0.2807011,2024-11-27,7
2024-11-27 08:00:00,0.511151,0.736132,2024-11-27,8
2024-11-27 09:00:00,0.6235034,0.8522417,2024-11-27,9
2024-11-27 10:00:00,0.8360312,1.12517,2024-11-27,10
2024-11-27 11:00:00,0.832736,1.114001,2024-11-27,11
2024-11-27 12:00:00,0.7370074,0.9935042,2024-11-27,12
2024-11-27 13:00:00,0.5558591,0.7646021,2024-11-27,13
2024-11-27 14:00:00,0.4695584,0.6967324,2024-11-27,14
2024-11-27 15:00:00,0.2643624,0.4714647,2024-11-27,15
2024-11-27 16:00:00,0.03959257,0.1896691,2024-11-27,16
2024-11-27 17:00:00,0.0,0.0,2024-11-27,17
2024-11-27 18:00:00,0.0,0.0,2024-11-27,18
2024-11-27 19:00:00,0.0,0.0,2024-11-27,19
2024-11-27 20:00:00,0.0,0.0,2024-11-27,20
2024-11-27 21:00:00,0.0,0.0,2024-11-27,21
2024-11-27 22:00:00,0.0,0.0,2024-11-27,22
2024-11-27 23:00:00,0.0,0.0,2024-11-27,23
2024-11-28 00:00:00,0.0,0.0,2024-11-28,0
2024-11-28 01:00:00,0.0,0.0,2024-11-28,1
2024-11-28 02:00:00,0.0,0.0,2024-11-28,2
2024-11-28 03:00:00,0.0,0.0,2024-11-28,3
2024-11-28 04:00:00,0.0,0.0,2024-11-28,4
2024-11-28 05:00:00,0.0,0.0,2024-11-28,5
2024-11-28 06:00:00,0.05383295,0.09046695,2024-11-28,6
2024-11-28 07:00:00,0.1044005,0.1045202,2024-11-28,7
2024-11-28 08:00:00,0.09662852,0.09464902,2024-11-28,8
2024-11-28 09:00:00,0.2677639,0.2723256,2024-11-28,9
2024-11-28 10:00:00,0.3877225,0.4192779,2024-11-28,10
2024-11-28 11:00:00,0.6070279,0.7804668,2024-11-28,11
2024-11-28 12:00:00,0.3053029,0.3118476,2024-11-28,12
2024-11-28 13:00:00,0.1855345,0.1829042,2024-11-28,13
2024-11-28 14:00:00,0.1062083,0.1043673,2024-11-28,14
2024-11-28 15:00:00,0.1048528,0.1122302,2024-11-28,15
2024-11-28 16:00:00,0.0201148,0.03887752,2024-11-28,16
2024-11-28 17:00:00,0.0,0.0,2024-11-28,17
2024-11-28 18:00:00,0.0,0.0,2024-11-28,18
2024-11-28 19:00:00,0.0,0.0,2024-11-28,19
2024-11-28 20:00:00,0.0,0.0,2024-11-28,20
2024-11-28 21:00:00,0.0,0.0,2024-11-28,21
2024-11-28 22:00:00,0.0,0.0,2024-11-28,22
2024-11-28 23:00:00,0.0,0.0,2024-11-28,23
2024-11-29 00:00:00,0.0,0.0,2024-11-29,0
2024-11-29 01:00:00,0.0,0.0,2024-11-29,1
2024-11-29 02:00:00,0.0,0.0,2024-11-29,2
2024-11-29 03:00:00,0.0,0.0,2024-11-29,3
2024-11-29 04:00:00,0.0,0.0,2024-11-29,4
2024-11-29 05:00:00,0.0,0.0,2024-11-29,5
2024-11-29 06:00:00,0.04884905,0.07570573,2024-11-29,6
2024-11-29 07:00:00,0.06581098,0.06477747,2024-11-29,7
2024-11-29 08:00:00,0.2130718,0.2197012,2024-11-29,8
2024-11-29 09:00:00,0.4900156,0.631721,2024-11-29,9
2024-11-29 10:00:00,0.5128927,0.6272856,2024-11-29,10
2024-11-29 11:00:00,0.2573688,0.2549286,2024-11-29,11
2024-11-29 12:00:00,0.4128214,0.4642856,2024-11-29,12
2024-11-29 13:00:00,0.3479101,0.3943073,2024-11-29,13
2024-11-29 14:00:00,0.2434403,0.2766216,2024-11-29,14
2024-11-29 15:00:00,0.08400399,0.08497062,2024-11-29,15
2024-11-29 16:00:00,0.01156724,0.01256656,2024-11-29,16
2024-11-29 17:00:00,0.0,0.0,2024-11-29,17
2024-11-29 18:00:00,0.0,0.0,2024-11-29,18
2024-11-29 19:00:00,0.0,0.0,2024-11-29,19
2024-11-29 20:00:00,0.0,0.0,2024-11-29,20
2024-11-29 21:00:00,0.0,0.0,2024-11-29,21
2024-11-29 22:00:00,0.0,0.0,2024-11-29,22
2024-11-29 23:00:00,0.0,0.0,2024-11-29,23
2024-11-30 00:00:00,0.0,0.0,2024-11-30,0
2024-11-30 01:00:00,0.0,0.0,2024-11-30,1
2024-11-30 02:00:00,0.0,0.0,2024-11-30,2
2024-11-30 03:00:00,0.0,0.0,2024-11-30,3
2024-11-30 04:00:00,0.0,0.0,2024-11-30,4
2024-11-30 05:00:00,0.0,0.0,2024-11-30,5
2024-11-30 06:00:00,0.03959697,0.05026132,2024-11-30,6
2024-11-30 07:00:00,0.1778552,0.2191782,2024-11-30,7
2024-11-30 08:00:00,0.377729,0.508251,2024-11-30,8
2024-11-30 09:00:00,0.5171725,0.6836368,2024-11-30,9
2024-11-30 10:00:00,0.6932396,0.9317192,2024-11-30,10
2024-11-30 11:00:00,0.7231802,0.9676923,2024-11-30,11
2024-11-30 12:00:00,0.6593585,0.8880985,2024-11-30,12
2024-11-30 13:00:00,0.6469312,0.9036003,2024-11-30,13
2024-11-30 14:00:00,0.4468894,0.6661664,2024-11-30,14
2024-11-30 15:00:00,0.2430323,0.4357555,2024-11-30,15
2024-11-30 16:00:00,0.03701761,0.1755656,2024-11-30,16
2024-11-30 17:00:00,0.0,0.0,2024-11-30,17
2024-11-30 18:00:00,0.0,0.0,2024-11-30,18
2024-11-30 19:00:00,0.0,0.0,2024-11-30,19
2024-11-30 20:00:00,0.0,0.0,2024-11-30,20
2024-11-30 21:00:00,0.0,0.0,2024-11-30,21
2024-11-30 22:00:00,0.0,0.0,2024-11-30,22
2024-11-30 23:00:00,0.0,0.0,2024-11-30,23
2024-12-01 00:00:00,0.0,0.0,2024-12-01,0
2024-12-01 01:00:00,0.0,0.0,2024-12-01,1
2024-12-01 02:00:00,0.0,0.0,2024-12-01,2
2024-12-01 03:00:00,0.0,0.0,2024-12-01,3
2024-12-01 04:00:00,0.0,0.0,2024-12-01,4
2024-12-01 05:00:00,0.0,0.0,2024-12-01,5
2024-12-01 06:00:00,0.0438434,0.06498655,2024-12-01,6
2024-12-01 07:00:00,0.2176542,0.3139567,2024-12-01,7
2024-12-01 08:00:00,0.4814872,0.7001739,2024-12-01,8
2024-12-01 09:00:00,0.6885769,0.9529075,2024-12-01,9
2024-12-01 10:00:00,0.6244288,0.8264996,2024-12-01,10
2024-12-01 11:00:00,0.8250838,1.110705,2024-12-01,11
2024-12-01 12:00:00,0.7491357,1.01702,2024-12-01,12
2024-12-01 13:00:00,0.6513917,0.9115579,2024-12-01,13
2024-12-01 14:00:00,0.5055262,0.7590686,2024-12-01,14
2024-12-01 15:00:00,0.2489121,0.4480396,2024-12-01,15
2024-12-01 16:00:00,0.03052736,0.1239853,2024-12-01,16
2024-12-01 17:00:00,0.0,0.0,2024-12-01,17
2024-12-01 18:00:00,0.0,0.0,2024-12-01,18
2024-12-01 19:00:00,0.0,0.0,2024-12-01,19
2024-12-01 20:00:00,0.0,0.0,2024-12-01,20
2024-12-01 21:00:00,0.0,0.0,2024-12-01,21
2024-12-01 22:00:00,0.0,0.0,2024-12-01,22
2024-12-01 23:00:00,0.0,0.0,2024-12-01,23
2024-12-02 00:00:00,0.0,0.0,2024-12-02,0
2024-12-02 01:00:00,0.0,0.0,2024-12-02,1
2024-12-02 02:00:00,0.0,0.0,2024-12-02,2
2024-12-02 03:00:00,0.0,0.0,2024-12-02,3
2024-12-02 04:00:00,0.0,0.0,2024-12-02,4
2024-12-02 05:00:00,0.0,0.0,2024-12-02,5
2024-12-02 06:00:00,0.08725716,0.2780443,2024-12-02,6
2024-12-02 07:00:00,0.1565773,0.1808338,2024-12-02,7
2024-12-02 08:00:00,0.4185635,0.5938993,2024-12-02,8
2024-12-02 09:00:00,0.5453799,0.7378455,2024-12-02,9
2024-12-02 10:00:00,0.4880249,0.587642,2024-12-02,10
2024-12-02 11:00:00,0.5209183,0.634623,2024-12-02,11
2024-12-02 12:00:00,0.5324574,0.6767333,2024-12-02,12
2024-12-02 13:00:00,0.4106255,0.5080891,2024-12-02,13
2024-12-02 14:00:00,0.1709047,0.173281,2024-12-02,14
2024-12-02 15:00:00,0.09212586,0.09501429,2024-12-02,15
2024-12-02 16:00:00,0.02049432,0.04103839,2024-12-02,16
2024-12-02 17:00:00,0.0,0.0,2024-12-02,17
2024-12-02 18:00:00,0.0,0.0,2024-12-02,18
2024-12-02 19:00:00,0.0,0.0,2024-12-02,19
2024-12-02 20:00:00,0.0,0.0,2024-12-02,20
2024-12-02 21:00:00,0.0,0.0,2024-12-02,21
2024-12-02 22:00:00,0.0,0.0,2024-12-02,22
2024-12-02 23:00:00,0.0,0.0,2024-12-02,23
2024-12-03 00:00:00,0.0,0.0,2024-12-03,0
2024-12-03 01:00:00,0.0,0.0,2024-12-03,1
2024-12-03 02:00:00,0.0,0.0,2024-12-03,2
2024-12-03 03:00:00,0.0,0.0,2024-12-03,3
2024-12-03 04:00:00,0.0,0.0,2024-12-03,4
2024-12-03 05:00:00,0.0,0.0,2024-12-03,5
2024-12-03 06:00:00,0.06039713,0.1591588,2024-12-03,6
2024-12-03 07:00:00,0.2878726,0.4823768,2024-12-03,7
2024-12-03 08:00:00,0.3352066,0.4288118,2024-12-03,8
2024-12-03 09:00:00,0.4584691,0.5807937,2024-12-03,9
2024-12-03 10:00:00,0.410258,0.4575027,2024-12-03,10
2024-12-03 11:00:00,0.5266314,0.6460571,2024-12-03,11
2024-12-03 12:00:00,0.6131059,0.8191327,2024-12-03,12
2024-12-03 13:00:00,0.4915073,0.6619552,2024-12-03,13
2024-12-03 14:00:00,0.2249699,0.2476145,2024-12-03,14
2024-12-03 15:00:00,0.1884082,0.3071163,2024-12-03,15
2024-12-03 16:00:00,0.02852001,0.1043545,2024-12-03,16
2024-12-03 17:00:00,0.0,0.0,2024-12-03,17
2024-12-03 18:00:00,0.0,0.0,2024-12-03,18
2024-12-03 19:00:00,0.0,0.0,2024-12-03,19
2024-12-03 20:00:00,0.0,0.0,2024-12-03,20
2024-12-03 21:00:00,0.0,0.0,2024-12-03,21
2024-12-03 22:00:00,0.0,0.0,2024-12-03,22
2024-12-03 23:00:00,0.0,0.0,2024-12-03,23
2024-12-04 00:00:00,0.0,0.0,2024-12-04,0
2024-12-04 01:00:00,0.0,0.0,2024-12-04,1
2024-12-04 02:00:00,0.0,0.0,2024-12-04,2
2024-12-04 03:00:00,0.0,0.0,2024-12-04,3
2024-12-04 04:00:00,0.0,0.0,2024-12-04,4
2024-12-04 05:00:00,0.0,0.0,2024-12-04,5
2024-12-04 06:00:00,0.07395253,0.2436181,2024-12-04,6
2024-12-04 07:00:00,0.2345498,0.3666016,2024-12-04,7
2024-12-04 08:00:00,0.3914264,0.5458112,2024-12-04,8
2024-12-04 09:00:00,0.5543454,0.7570948,2024-12-04,9
2024-12-04 10:00:00,0.4122677,0.4614976,2024-12-04,10
2024-12-04 11:00:00,0.4086242,0.4486026,2024-12-04,11
2024-12-04 12:00:00,0.3361205,0.3530321,2024-12-04,12
2024-12-04 13:00:00,0.07550306,0.07368451,2024-12-04,13
2024-12-04 14:00:00,0.1418271,0.1407006,2024-12-04,14
2024-12-04 15:00:00,0.1011336,0.107274,2024-12-04,15
2024-12-04 16:00:00,0.007959671,0.008274685,2024-12-04,16
2024-12-04 17:00:00,0.0,0.0,2024-12-04,17
2024-12-04 18:00:00,0.0,0.0,2024-12-04,18
2024-12-04 19:00:00,0.0,0.0,2024-12-04,19
2024-12-04 20:00:00,0.0,0.0,2024-12-04,20
2024-12-04 21:00:00,0.0,0.0,2024-12-04,21
2024-12-04 22:00:00,0.0,0.0,2024-12-04,22
2024-12-04 23:00:00,0.0,0.0,2024-12-04,23
2024-12-05 00:00:00,0.0,0.0,2024-12-05,0
2024-12-05 01:00:00,0.0,0.0,2024-12-05,1
2024-12-05 02:00:00,0.0,0.0,2024-12-05,2
2024-12-05 03:00:00,0.0,0.0,2024-12-05,3
2024-12-05 04:00:00,0.0,0.0,2024-12-05,4
2024-12-05 05:00:00,0.0,0.0,2024-12-05,5
2024-12-05 06:00:00,0.05478542,0.1427657,2024-12-05,6
2024-12-05 07:00:00,0.1219157,0.1280026,2024-12-05,7
2024-12-05 08:00:00,0.4179478,0.5999044,2024-12-05,8
2024-12-05 09:00:00,0.5703664,0.7855083,2024-12-05,9
2024-12-05 10:00:00,0.662469,0.8938145,2024-12-05,10
2024-12-05 11:00:00,0.6652716,0.8882141,2024-12-05,11
2024-12-05 12:00:00,0.6064407,0.8104886,2024-12-05,12
2024-12-05 13:00:00,0.5017815,0.6827464,2024-12-05,13
2024-12-05 14:00:00,0.4323083,0.6488824,2024-12-05,14
2024-12-05 15:00:00,0.1824292,0.2909315,2024-12-05,15
2024-12-05 16:00:00,0.03293165,0.1430833,2024-12-05,16
2024-12-05 17:00:00,0.0,0.0,2024-12-05,17
2024-12-05 18:00:00,0.0,0.0,2024-12-05,18
2024-12-05 19:00:00,0.0,0.0,2024-12-05,19
2024-12-05 20:00:00,0.0,0.0,2024-12-05,20
2024-12-05 21:00:00,0.0,0.0,2024-12-05,21
2024-12-05 22:00:00,0.0,0.0,2024-12-05,22
2024-12-05 23:00:00,0.0,0.0,2024-12-05,23
2024-12-06 00:00:00,0.0,0.0,2024-12-06,0
2024-12-06 01:00:00,0.0,0.0,2024-12-06,1
2024-12-06 02:00:00,0.0,0.0,2024-12-06,2
2024-12-06 03:00:00,0.0,0.0,2024-12-06,3
2024-12-06 04:00:00,0.0,0.0,2024-12-06,4
2024-12-06 05:00:00,0.0,0.0,2024-12-06,5
2024-12-06 06:00:00,0.04944906,0.117722,2024-12-06,6
2024-12-06 07:00:00,0.1910652,0.2626758,2024-12-06,7
2024-12-06 08:00:00,0.2608027,0.2941485,2024-12-06,8
2024-12-06 09:00:00,0.3961775,0.4703134,2024-12-06,9
2024-12-06 10:00:00,0.5298238,0.668592,2024-12-06,10
2024-12-06 11:00:00,0.4883042,0.581339,2024-12-06,11
2024-12-06 12:00:00,0.3473815,0.3690529,2024-12-06,12
2024-12-06 13:00:00,0.237864,0.2407768,2024-12-06,13
2024-12-06 14:00:00,0.2996216,0.3873667,2024-12-06,14
2024-12-06 15:00:00,0.1990075,0.3373015,2024-12-06,15
2024-12-06 16:00:00,0.01614989,0.02161604,2024-12-06,16
2024-12-06 17:00:00,0.0,0.0,2024-12-06,17
2024-12-06 18:00:00,0.0,0.0,2024-12-06,18
2024-12-06 19:00:00,0.0,0.0,2024-12-06,19
2024-12-06 20:00:00,0.0,0.0,2024-12-06,20
2024-12-06 21:00:00,0.0,0.0,2024-12-06,21
2024-12-06 22:00:00,0.0,0.0,2024-12-06,22
2024-12-06 23:00:00,0.0,0.0,2024-12-06,23
2024-12-07 00:00:00,0.0,0.0,2024-12-07,0
2024-12-07 01:00:00,0.0,0.0,2024-12-07,1
2024-12-07 02:00:00,0.0,0.0,2024-12-07,2
2024-12-07 03:00:00,0.0,0.0,2024-12-07,3
2024-12-07 04:00:00,0.0,0.0,2024-12-07,4
2024-12-07 05:00:00,0.0,0.0,2024-12-07,5
2024-12-07 06:00:00,0.0553976,0.1659155,2024-12-07,6
2024-12-07 07:00:00,0.2502846,0.41508,2024-12-07,7
2024-12-07 08:00:00,0.404507,0.5785955,2024-12-07,8
2024-12-07 09:00:00,0.6481889,0.9048874,2024-12-07,9
2024-12-07 10:00:00,0.6884907,0.9351504,2024-12-07,10
2024-12-07 11:00:00,0.7181434,0.9697676,2024-12-07,11
2024-12-07 12:00:00,0.7374176,1.008068,2024-12-07,12
2024-12-07 13:00:00,0.5959509,0.8377104,2024-12-07,13
2024-12-07 14:00:00,0.47493,0.7173861,2024-12-07,14
2024-12-07 15:00:00,0.2052836,0.3542292,2024-12-07,15
2024-12-07 16:00:00,0.03357317,0.1462921,2024-12-07,16
2024-12-07 17:00:00,0.0,0.0,2024-12-07,17
2024-12-07 18:00:00,0.0,0.0,2024-12-07,18
2024-12-07 19:00:00,0.0,0.0,2024-12-07,19
2024-12-07 20:00:00,0.0,0.0,2024-12-07,20
2024-12-07 21:00:00,0.0,0.0,2024-12-07,21
2024-12-07 22:00:00,0.0,0.0,2024-12-07,22
2024-12-07 23:00:00,0.0,0.0,2024-12-07,23
2024-12-08 00:00:00,0.0,0.0,2024-12-08,0
2024-12-08 01:00:00,0.0,0.0,2024-12-08,1
2024-12-08 02:00:00,0.0,0.0,2024-12-08,2
2024-12-08 03:00:00,0.0,0.0,2024-12-08,3
2024-12-08 04:00:00,0.0,0.0,2024-12-08,4
2024-12-08 05:00:00,0.0,0.0,2024-12-08,5
2024-12-08 06:00:00,0.03833855,0.06852936,2024-12-08,6
2024-12-08 07:00:00,0.2754509,0.472084,2024-12-08,7
2024-12-08 08:00:00,0.4178512,0.6062103,2024-12-08,8
2024-12-08 09:00:00,0.6014948,0.8386442,2024-12-08,9
2024-12-08 10:00:00,0.5700715,0.7440151,2024-12-08,10
2024-12-08 11:00:00,0.6208542,0.8188748,2024-12-08,11
2024-12-08 12:00:00,0.6603984,0.8992535,2024-12-08,12
2024-12-08 13:00:00,0.6266783,0.8833582,2024-12-08,13
2024-12-08 14:00:00,0.4685142,0.7079468,2024-12-08,14
2024-12-08 15:00:00,0.2425687,0.4407908,2024-12-08,15
2024-12-08 16:00:00,0.03318259,0.1413637,2024-12-08,16
2024-12-08 17:00:00,0.0,0.0,2024-12-08,17
2024-12-08 18:00:00,0.0,0.0,2024-12-08,18
2024-12-08 19:00:00,0.0,0.0,2024-12-08,19
2024-12-08 20:00:00,0.0,0.0,2024-12-08,20
2024-12-08 21:00:00,0.0,0.0,2024-12-08,21
2024-12-08 22:00:00,0.0,0.0,2024-12-08,22
2024-12-08 23:00:00,0.0,0.0,2024-12-08,23
2024-12-09 00:00:00,0.0,0.0,2024-12-09,0
2024-12-09 01:00:00,0.0,0.0,2024-12-09,1
2024-12-09 02:00:00,0.0,0.0,2024-12-09,2
2024-12-09 03:00:00,0.0,0.0,2024-12-09,3
2024-12-09 04:00:00,0.0,0.0,2024-12-09,4
2024-12-09 05:00:00,0.0,0.0,2024-12-09,5
2024-12-09 06:00:00,0.03193186,0.04607911,2024-12-09,6
2024-12-09 07:00:00,0.1848659,0.2548485,2024-12-09,7
2024-12-09 08:00:00,0.3847209,0.5434667,2024-12-09,8
2024-12-09 09:00:00,0.5436619,0.747338,2024-12-09,9
2024-12-09 10:00:00,0.5275481,0.6682616,2024-12-09,10
2024-12-09 11:00:00,0.6383209,0.8492373,2024-12-09,11
2024-12-09 12:00:00,0.6533863,0.8895022,2024-12-09,12
2024-12-09 13:00:00,0.5904065,0.8311455,2024-12-09,13
2024-12-09 14:00:00,0.4738837,0.7169942,2024-12-09,14
2024-12-09 15:00:00,0.2325748,0.4203256,2024-12-09,15
2024-12-09 16:00:00,0.01938359,0.03211241,2024-12-09,16
2024-12-09 17:00:00,0.0,0.0,2024-12-09,17
2024-12-09 18:00:00,0.0,0.0,2024-12-09,18
2024-12-09 19:00:00,0.0,0.0,2024-12-09,19
2024-12-09 20:00:00,0.0,0.0,2024-12-09,20
2024-12-09 21:00:00,0.0,0.0,2024-12-09,21
2024-12-09 22:00:00,0.0,0.0,2024-12-09,22
2024-12-09 23:00:00,0.0,0.0,2024-12-09,23
2024-12-10 00:00:00,0.0,0.0,2024-12-10,0
2024-12-10 01:00:00,0.0,0.0,2024-12-10,1
2024-12-10 02:00:00,0.0,0.0,2024-12-10,2
2024-12-10 03:00:00,0.0,0.0,2024-12-10,3
2024-12-10 04:00:00,0.0,0.0,2024-12-10,4
2024-12-10 05:00:00,0.0,0.0,2024-12-10,5
2024-12-10 06:00:00,0.04298066,0.1067147,2024-12-10,6
2024-12-10 07:00:00,0.180681,0.246838,2024-12-10,7
2024-12-10 08:00:00,0.4136553,0.6022588,2024-12-10,8
2024-12-10 09:00:00,0.37704,0.4407285,2024-12-10,9
2024-12-10 10:00:00,0.5612765,0.7307467,2024-12-10,10
2024-12-10 11:00:00,0.3691057,0.393052,2024-12-10,11
2024-12-10 12:00:00,0.3045252,0.3128483,2024-12-10,12
2024-12-10 13:00:00,0.2748641,0.287649,2024-12-10,13
2024-12-10 14:00:00,0.2568096,0.3028848,2024-12-10,14
2024-12-10 15:00:00,0.214525,0.3775217,2024-12-10,15
2024-12-10 16:00:00,0.02672518,0.07853455,2024-12-10,16
2024-12-10 17:00:00,0.0,0.0,2024-12-10,17
2024-12-10 18:00:00,0.0,0.0,2024-12-10,18
2024-12-10 19:00:00,0.0,0.0,2024-12-10,19
2024-12-10 20:00:00,0.0,0.0,2024-12-10,20
2024-12-10 21:00:00,0.0,0.0,2024-12-10,21
2024-12-10 22:00:00,0.0,0.0,2024-12-10,22
2024-12-10 23:00:00,0.0,0.0,2024-12-10,23
2024-12-11 00:00:00,0.0,0.0,2024-12-11,0
2024-12-11 01:00:00,0.0,0.0,2024-12-11,1
2024-12-11 02:00:00,0.0,0.0,2024-12-11,2
2024-12-11 03:00:00,0.0,0.0,2024-12-11,3
2024-12-11 04:00:00,0.0,0.0,2024-12-11,4
2024-12-11 05:00:00,0.0,0.0,2024-12-11,5
2024-12-11 06:00:00,0.05703245,0.2204228,2024-12-11,6
2024-12-11 07:00:00,0.08910389,0.08914432,2024-12-11,7
2024-12-11 08:00:00,0.1222186,0.1202653,2024-12-11,8
2024-12-11 09:00:00,0.1188051,0.1162906,2024-12-11,9
2024-12-11 10:00:00,0.1333759,0.1304511,2024-12-11,10
2024-12-11 11:00:00,0.3359739,0.348457,2024-12-11,11
2024-12-11 12:00:00,0.1083592,0.1058409,2024-12-11,12
2024-12-11 13:00:00,0.09137312,0.08928841,2024-12-11,13
2024-12-11 14:00:00,0.03313887,0.03229231,2024-12-11,14
2024-12-11 15:00:00,0.005696616,0.005539855,2024-12-11,15
2024-12-11 16:00:00,0.0075116,0.007739551,2024-12-11,16
2024-12-11 17:00:00,0.0,0.0,2024-12-11,17
2024-12-11 18:00:00,0.0,0.0,2024-12-11,18
2024-12-11 19:00:00,0.0,0.0,2024-12-11,19
2024-12-11 20:00:00,0.0,0.0,2024-12-11,20
2024-12-11 21:00:00,0.0,0.0,2024-12-11,21
2024-12-11 22:00:00,0.0,0.0,2024-12-11,22
2024-12-11 23:00:00,0.0,0.0,2024-12-11,23
2024-12-12 00:00:00,0.0,0.0,2024-12-12,0
2024-12-12 01:00:00,0.0,0.0,2024-12-12,1
2024-12-12 02:00:00,0.0,0.0,2024-12-12,2
2024-12-12 03:00:00,0.0,0.0,2024-12-12,3
2024-12-12 04:00:00,0.0,0.0,2024-12-12,4
2024-12-12 05:00:00,0.0,0.0,2024-12-12,5
2024-12-12 06:00:00,0.03695296,0.08091173,2024-12-12,6
2024-12-12 07:00:00,0.2455236,0.4188442,2024-12-12,7
2024-12-12 08:00:00,0.4687977,0.6992698,2024-12-12,8
2024-12-12 09:00:00,0.5431098,0.7505409,2024-12-12,9
2024-12-12 10:00:00,0.6317945,0.8540156,2024-12-12,10
2024-12-12 11:00:00,0.6750763,0.9106497,2024-12-12,11
2024-12-12 12:00:00,0.6294174,0.8540516,2024-12-12,12
2024-12-12 13:00:00,0.4352483,0.5604379,2024-12-12,13
2024-12-12 14:00:00,0.3983262,0.5930021,2024-12-12,14
2024-12-12 15:00:00,0.2266621,0.4060552,2024-12-12,15
2024-12-12 16:00:00,0.03390359,0.1393039,2024-12-12,16
2024-12-12 17:00:00,0.0,0.0,2024-12-12,17
2024-12-12 18:00:00,0.0,0.0,2024-12-12,18
2024-12-12 19:00:00,0.0,0.0,2024-12-12,19
2024-12-12 20:00:00,0.0,0.0,2024-12-12,20
2024-12-12 21:00:00,0.0,0.0,2024-12-12,21
2024-12-12 22:00:00,0.0,0.0,2024-12-12,22
2024-12-12 23:00:00,0.0,0.0,2024-12-12,23
2024-12-13 00:00:00,0.0,0.0,2024-12-13,0
2024-12-13 01:00:00,0.0,0.0,2024-12-13,1
2024-12-13 02:00:00,0.0,0.0,2024-12-13,2
2024-12-13 03:00:00,0.0,0.0,2024-12-13,3
2024-12-13 04:00:00,0.0,0.0,2024-12-13,4
2024-12-13 05:00:00,0.0,0.0,2024-12-13,5
2024-12-13 06:00:00,0.0402832,0.1109401,2024-12-13,6
2024-12-13 07:00:00,0.1907429,0.2797987,2024-12-13,7
2024-12-13 08:00:00,0.4580859,0.6839498,2024-12-13,8
2024-12-13 09:00:00,0.6551061,0.9223799,2024-12-13,9
2024-12-13 10:00:00,0.7511033,1.029606,2024-12-13,10
2024-12-13 11:00:00,0.7772138,1.057645,2024-12-13,11
2024-12-13 12:00:00,0.531537,0.6840676,2024-12-13,12
2024-12-13 13:00:00,0.3962263,0.4857786,2024-12-13,13
2024-12-13 14:00:00,0.3600037,0.5165163,2024-12-13,14
2024-12-13 15:00:00,0.1905394,0.310125,2024-12-13,15
2024-12-13 16:00:00,0.02978583,0.09822788,2024-12-13,16
2024-12-13 17:00:00,0.0,0.0,2024-12-13,17
2024-12-13 18:00:00,0.0,0.0,2024-12-13,18
2024-12-13 19:00:00,0.0,0.0,2024-12-13,19
2024-12-13 20:00:00,0.0,0.0,2024-12-13,20
2024-12-13 21:00:00,0.0,0.0,2024-12-13,21
2024-12-13 22:00:00,0.0,0.0,2024-12-13,22
2024-12-13 23:00:00,0.0,0.0,2024-12-13,23
2024-12-14 00:00:00,0.0,0.0,2024-12-14,0
2024-12-14 01:00:00,0.0,0.0,2024-12-14,1
2024-12-14 02:00:00,0.0,0.0,2024-12-14,2
2024-12-14 03:00:00,0.0,0.0,2024-12-14,3
2024-12-14 04:00:00,0.0,0.0,2024-12-14,4
2024-12-14 05:00:00,0.0,0.0,2024-12-14,5
2024-12-14 06:00:00,0.03638716,0.0895628,2024-12-14,6
2024-12-14 07:00:00,0.1677312,0.2234634,2024-12-14,7
2024-12-14 08:00:00,0.3963557,0.5759806,2024-12-14,8
2024-12-14 09:00:00,0.5040827,0.6835248,2024-12-14,9
2024-12-14 10:00:00,0.6967718,0.9533653,2024-12-14,10
2024-12-14 11:00:00,0.7274833,0.9883217,2024-12-14,11
2024-12-14 12:00:00,0.6043978,0.8137783,2024-12-14,12
2024-12-14 13:00:00,0.564386,0.7940446,2024-12-14,13
2024-12-14 14:00:00,0.4153987,0.6238924,2024-12-14,14
2024-12-14 15:00:00,0.2494397,0.4531666,2024-12-14,15
2024-12-14 16:00:00,0.04670168,0.2246378,2024-12-14,16
2024-12-14 17:00:00,0.0,0.0,2024-12-14,17
2024-12-14 18:00:00,0.0,0.0,2024-12-14,18
2024-12-14 19:00:00,0.0,0.0,2024-12-14,19
2024-12-14 20:00:00,0.0,0.0,2024-12-14,20
2024-12-14 21:00:00,0.0,0.0,2024-12-14,21
2024-12-14 22:00:00,0.0,0.0,2024-12-14,22
2024-12-14 23:00:00,0.0,0.0,2024-12-14,23
2024-12-15 00:00:00,0.0,0.0,2024-12-15,0
2024-12-15 01:00:00,0.0,0.0,2024-12-15,1
2024-12-15 02:00:00,0.0,0.0,2024-12-15,2
2024-12-15 03:00:00,0.0,0.0,2024-12-15,3
2024-12-15 04:00:00,0.0,0.0,2024-12-15,4
2024-12-15 05:00:00,0.0,0.0,2024-12-15,5
2024-12-15 06:00:00,0.0603223,0.2813019,2024-12-15,6
2024-12-15 07:00:00,0.2608338,0.4592317,2024-12-15,7
2024-12-15 08:00:00,0.4615792,0.6916422,2024-12-15,8
2024-12-15 09:00:00,0.6170271,0.8685872,2024-12-15,9
2024-12-15 10:00:00,0.7113944,0.9747041,2024-12-15,10
2024-12-15 11:00:00,0.7339034,0.9978279,2024-12-15,11
2024-12-15 12:00:00,0.5963812,0.8004632,2024-12-15,12
2024-12-15 13:00:00,0.4768765,0.6407132,2024-12-15,13
2024-12-15 14:00:00,0.4092942,0.6127971,2024-12-15,14
2024-12-15 15:00:00,0.2356462,0.4241791,2024-12-15,15
2024-12-15 16:00:00,0.02966847,0.09123784,2024-12-15,16
2024-12-15 17:00:00,0.0,0.0,2024-12-15,17
2024-12-15 18:00:00,0.0,0.0,2024-12-15,18
2024-12-15 19:00:00,0.0,0.0,2024-12-15,19
2024-12-15 20:00:00,0.0,0.0,2024-12-15,20
2024-12-15 21:00:00,0.0,0.0,2024-12-15,21
2024-12-15 22:00:00,0.0,0.0,2024-12-15,22
2024-12-15 23:00:00,0.0,0.0,2024-12-15,23
2024-12-16 00:00:00,0.0,0.0,2024-12-16,0
2024-12-16 01:00:00,0.0,0.0,2024-12-16,1
2024-12-16 02:00:00,0.0,0.0,2024-12-16,2
2024-12-16 03:00:00,0.0,0.0,2024-12-16,3
2024-12-16 04:00:00,0.0,0.0,2024-12-16,4
2024-12-16 05:00:00,0.0,0.0,2024-12-16,5
2024-12-16 06:00:00,0.05019391,0.2270384,2024-12-16,6
2024-12-16 07:00:00,0.2652757,0.469731,2024-12-16,7
2024-12-16 08:00:00,0.4069613,0.5994158,2024-12-16,8
2024-12-16 09:00:00,0.3499232,0.3985626,2024-12-16,9
2024-12-16 10:00:00,0.621499,0.8404142,2024-12-16,10
2024-12-16 11:00:00,0.4195134,0.4703831,2024-12-16,11
2024-12-16 12:00:00,0.5941133,0.796777,2024-12-16,12
2024-12-16 13:00:00,0.40091,0.494322,2024-12-16,13
2024-12-16 14:00:00,0.3883035,0.5728523,2024-12-16,14
2024-12-16 15:00:00,0.246881,0.4469087,2024-12-16,15
2024-12-16 16:00:00,0.03638683,0.149592,2024-12-16,16
2024-12-16 17:00:00,0.0,0.0,2024-12-16,17
2024-12-16 18:00:00,0.0,0.0,2024-12-16,18
2024-12-16 19:00:00,0.0,0.0,2024-12-16,19
2024-12-16 20:00:00,0.0,0.0,2024-12-16,20
2024-12-16 21:00:00,0.0,0.0,2024-12-16,21
2024-12-16 22:00:00,0.0,0.0,2024-12-16,22
2024-12-16 23:00:00,0.0,0.0,2024-12-16,23
2024-12-17 00:00:00,0.0,0.0,2024-12-17,0
2024-12-17 01:00:00,0.0,0.0,2024-12-17,1
2024-12-17 02:00:00,0.0,0.0,2024-12-17,2
2024-12-17 03:00:00,0.0,0.0,2024-12-17,3
2024-12-17 04:00:00,0.0,0.0,2024-12-17,4
2024-12-17 05:00:00,0.0,0.0,2024-12-17,5
2024-12-17 06:00:00,0.04734876,0.2082098,2024-12-17,6
2024-12-17 07:00:00,0.2503901,0.4415901,2024-12-17,7
2024-12-17 08:00:00,0.4146604,0.6150545,2024-12-17,8
2024-12-17 09:00:00,0.4641973,0.6113128,2024-12-17,9
2024-12-17 10:00:00,0.6164396,0.832651,2024-12-17,10
2024-12-17 11:00:00,0.4117238,0.4581726,2024-12-17,11
2024-12-17 12:00:00,0.3704268,0.4041277,2024-12-17,12
2024-12-17 13:00:00,0.4720541,0.6311545,2024-12-17,13
2024-12-17 14:00:00,0.271602,0.3289723,2024-12-17,14
2024-12-17 15:00:00,0.1342702,0.1617064,2024-12-17,15
2024-12-17 16:00:00,0.02484798,0.0505819,2024-12-17,16
2024-12-17 17:00:00,0.0,0.0,2024-12-17,17
2024-12-17 18:00:00,0.0,0.0,2024-12-17,18
2024-12-17 19:00:00,0.0,0.0,2024-12-17,19
2024-12-17 20:00:00,0.0,0.0,2024-12-17,20
2024-12-17 21:00:00,0.0,0.0,2024-12-17,21
2024-12-17 22:00:00,0.0,0.0,2024-12-17,22
2024-12-17 23:00:00,0.0,0.0,2024-12-17,23
2024-12-18 00:00:00,0.0,0.0,2024-12-18,0
2024-12-18 01:00:00,0.0,0.0,2024-12-18,1
2024-12-18 02:00:00,0.0,0.0,2024-12-18,2
2024-12-18 03:00:00,0.0,0.0,2024-12-18,3
2024-12-18 04:00:00,0.0,0.0,2024-12-18,4
2024-12-18 05:00:00,0.0,0.0,2024-12-18,5
2024-12-18 06:00:00,0.04626862,0.2037641,2024-12-18,6
2024-12-18 07:00:00,0.2726041,0.4866679,2024-12-18,7
2024-12-18 08:00:00,0.4722839,0.7113252,2024-12-18,8
2024-12-18 09:00:00,0.5726025,0.8045778,2024-12-18,9
2024-12-18 10:00:00,0.6260737,0.848973,2024-12-18,10
2024-12-18 11:00:00,0.570497,0.7369353,2024-12-18,11
2024-12-18 12:00:00,0.5764538,0.7661098,2024-12-18,12
2024-12-18 13:00:00,0.5745149,0.8098504,2024-12-18,13
2024-12-18 14:00:00,0.4770851,0.7226418,2024-12-18,14
2024-12-18 15:00:00,0.2296557,0.4068641,2024-12-18,15
2024-12-18 16:00:00,0.03360657,0.1158039,2024-12-18,16
2024-12-18 17:00:00,0.0,0.0,2024-12-18,17
2024-12-18 18:00:00,0.0,0.0,2024-12-18,18
2024-12-18 19:00:00,0.0,0.0,2024-12-18,19
2024-12-18 20:00:00,0.0,0.0,2024-12-18,20
2024-12-18 21:00:00,0.0,0.0,2024-12-18,21
2024-12-18 22:00:00,0.0,0.0,2024-12-18,22
2024-12-18 23:00:00,0.0,0.0,2024-12-18,23
2024-12-19 00:00:00,0.0,0.0,2024-12-19,0
2024-12-19 01:00:00,0.0,0.0,2024-12-19,1
2024-12-19 02:00:00,0.0,0.0,2024-12-19,2
2024-12-19 03:00:00,0.0,0.0,2024-12-19,3
2024-12-19 04:00:00,0.0,0.0,2024-12-19,4
2024-12-19 05:00:00,0.0,0.0,2024-12-19,5
2024-12-19 06:00:00,0.0362914,0.1178151,2024-12-19,6
2024-12-19 07:00:00,0.1985719,0.315565,2024-12-19,7
2024-12-19 08:00:00,0.3608294,0.5105565,2024-12-19,8
2024-12-19 09:00:00,0.3651897,0.4263131,2024-12-19,9
2024-12-19 10:00:00,0.04801677,0.04673992,2024-12-19,10
2024-12-19 11:00:00,0.2638459,0.2629214,2024-12-19,11
2024-12-19 12:00:00,0.4311088,0.5023158,2024-12-19,12
2024-12-19 13:00:00,0.458488,0.6043018,2024-12-19,13
2024-12-19 14:00:00,0.1868719,0.1926154,2024-12-19,14
2024-12-19 15:00:00,0.07277922,0.07235757,2024-12-19,15
2024-12-19 16:00:00,0.01820358,0.02236292,2024-12-19,16
2024-12-19 17:00:00,0.0,0.0,2024-12-19,17
2024-12-19 18:00:00,0.0,0.0,2024-12-19,18
2024-12-19 19:00:00,0.0,0.0,2024-12-19,19
2024-12-19 20:00:00,0.0,0.0,2024-12-19,20
2024-12-19 21:00:00,0.0,0.0,2024-12-19,21
2024-12-19 22:00:00,0.0,0.0,2024-12-19,22
2024-12-19 23:00:00,0.0,0.0,2024-12-19,23
2024-12-20 00:00:00,0.0,0.0,2024-12-20,0
2024-12-20 01:00:00,0.0,0.0,2024-12-20,1
2024-12-20 02:00:00,0.0,0.0,2024-12-20,2
2024-12-20 03:00:00,0.0,0.0,2024-12-20,3
2024-12-20 04:00:00,0.0,0.0,2024-12-20,4
2024-12-20 05:00:00,0.0,0.0,2024-12-20,5
2024-12-20 06:00:00,0.03778233,0.1365653,2024-12-20,6
2024-12-20 07:00:00,0.05637671,0.05565943,2024-12-20,7
2024-12-20 08:00:00,0.09073398,0.08900737,2024-12-20,8
2024-12-20 09:00:00,0.04869825,0.0474376,2024-12-20,9
2024-12-20 10:00:00,0.1196415,0.116944,2024-12-20,10
2024-12-20 11:00:00,0.1097574,0.1071731,2024-12-20,11
2024-12-20 12:00:00,0.04448699,0.04329592,2024-12-20,12
2024-12-20 13:00:00,0.02559038,0.02488815,2024-12-20,13
2024-12-20 14:00:00,0.05848843,0.05715593,2024-12-20,14
2024-12-20 15:00:00,0.07029615,0.06976432,2024-12-20,15
2024-12-20 16:00:00,0.01172578,0.01233663,2024-12-20,16
2024-12-20 17:00:00,0.0,0.0,2024-12-20,17
2024-12-20 18:00:00,0.0,0.0,2024-12-20,18
2024-12-20 19:00:00,0.0,0.0,2024-12-20,19
2024-12-20 20:00:00,0.0,0.0,2024-12-20,20
2024-12-20 21:00:00,0.0,0.0,2024-12-20,21
2024-12-20 22:00:00,0.0,0.0,2024-12-20,22
2024-12-20 23:00:00,0.0,0.0,2024-12-20,23
2024-12-21 00:00:00,0.0,0.0,2024-12-21,0
2024-12-21 01:00:00,0.0,0.0,2024-12-21,1
2024-12-21 02:00:00,0.0,0.0,2024-12-21,2
2024-12-21 03:00:00,0.0,0.0,2024-12-21,3
2024-12-21 04:00:00,0.0,0.0,2024-12-21,4
2024-12-21 05:00:00,0.0,0.0,2024-12-21,5
2024-12-21 06:00:00,0.01649451,0.01846643,2024-12-21,6
2024-12-21 07:00:00,0.07849883,0.07831477,2024-12-21,7
2024-12-21 08:00:00,0.1960194,0.2042207,2024-12-21,8
2024-12-21 09:00:00,0.4462927,0.5796224,2024-12-21,9
2024-12-21 10:00:00,0.5119972,0.6480846,2024-12-21,10
2024-12-21 11:00:00,0.2592052,0.2578436,2024-12-21,11
2024-12-21 12:00:00,0.4946243,0.6159334,2024-12-21,12
2024-12-21 13:00:00,0.5483767,0.7670292,2024-12-21,13
2024-12-21 14:00:00,0.3653789,0.5222389,2024-12-21,14
2024-12-21 15:00:00,0.2231745,0.3856172,2024-12-21,15
2024-12-21 16:00:00,0.0503419,0.2405434,2024-12-21,16
2024-12-21 17:00:00,0.0,0.0,2024-12-21,17
2024-12-21 18:00:00,0.0,0.0,2024-12-21,18
2024-12-21 19:00:00,0.0,0.0,2024-12-21,19
2024-12-21 20:00:00,0.0,0.0,2024-12-21,20
2024-12-21 21:00:00,0.0,0.0,2024-12-21,21
2024-12-21 22:00:00,0.0,0.0,2024-12-21,22
2024-12-21 23:00:00,0.0,0.0,2024-12-21,23
2024-12-22 00:00:00,0.0,0.0,2024-12-22,0
2024-12-22 01:00:00,0.0,0.0,2024-12-22,1
2024-12-22 02:00:00,0.0,0.0,2024-12-22,2
2024-12-22 03:00:00,0.0,0.0,2024-12-22,3
2024-12-22 04:00:00,0.0,0.0,2024-12-22,4
2024-12-22 05:00:00,0.0,0.0,2024-12-22,5
2024-12-22 06:00:00,0.0204454,0.02772376,2024-12-22,6
2024-12-22 07:00:00,0.182813,0.277888,2024-12-22,7
2024-12-22 08:00:00,0.4868519,0.7371216,2024-12-22,8
2024-12-22 09:00:00,0.6408826,0.9072322,2024-12-22,9
2024-12-22 10:00:00,0.6007848,0.8080225,2024-12-22,10
2024-12-22 11:00:00,0.7686337,1.047996,2024-12-22,11
2024-12-22 12:00:00,0.6113503,0.8253259,2024-12-22,12
2024-12-22 13:00:00,0.4887289,0.6602115,2024-12-22,13
2024-12-22 14:00:00,0.4495736,0.6771522,2024-12-22,14
2024-12-22 15:00:00,0.2078532,0.3429632,2024-12-22,15
2024-12-22 16:00:00,0.04221815,0.1770748,2024-12-22,16
2024-12-22 17:00:00,0.0,0.0,2024-12-22,17
2024-12-22 18:00:00,0.0,0.0,2024-12-22,18
2024-12-22 19:00:00,0.0,0.0,2024-12-22,19
2024-12-22 20:00:00,0.0,0.0,2024-12-22,20
2024-12-22 21:00:00,0.0,0.0,2024-12-22,21
2024-12-22 22:00:00,0.0,0.0,2024-12-22,22
2024-12-22 23:00:00,0.0,0.0,2024-12-22,23
2024-12-23 00:00:00,0.0,0.0,2024-12-23,0
2024-12-23 01:00:00,0.0,0.0,2024-12-23,1
2024-12-23 02:00:00,0.0,0.0,2024-12-23,2
2024-12-23 03:00:00,0.0,0.0,2024-12-23,3
2024-12-23 04:00:00,0.0,0.0,2024-12-23,4
2024-12-23 05:00:00,0.0,0.0,2024-12-23,5
2024-12-23 06:00:00,0.03960971,0.1674837,2024-12-23,6
2024-12-23 07:00:00,0.1863756,0.2895758,2024-12-23,7
2024-12-23 08:00:00,0.4462942,0.6737057,2024-12-23,8
2024-12-23 09:00:00,0.6335362,0.8966315,2024-12-23,9
2024-12-23 10:00:00,0.6213919,0.8425024,2024-12-23,10
2024-12-23 11:00:00,0.7115739,0.9675726,2024-12-23,11
2024-12-23 12:00:00,0.7226449,0.992379,2024-12-23,12
2024-12-23 13:00:00,0.6295629,0.8893686,2024-12-23,13
2024-12-23 14:00:00,0.4707674,0.7095893,2024-12-23,14
2024-12-23 15:00:00,0.1937378,0.3017333,2024-12-23,15
2024-12-23 16:00:00,0.03469667,0.1030721,2024-12-23,16
2024-12-23 17:00:00,0.0,0.0,2024-12-23,17
2024-12-23 18:00:00,0.0,0.0,2024-12-23,18
2024-12-23 19:00:00,0.0,0.0,2024-12-23,19
2024-12-23 20:00:00,0.0,0.0,2024-12-23,20
2024-12-23 21:00:00,0.0,0.0,2024-12-23,21
2024-12-23 22:00:00,0.0,0.0,2024-12-23,22
2024-12-23 23:00:00,0.0,0.0,2024-12-23,23
2024-12-24 00:00:00,0.0,0.0,2024-12-24,0
2024-12-24 01:00:00,0.0,0.0,2024-12-24,1
2024-12-24 02:00:00,0.0,0.0,2024-12-24,2
2024-12-24 03:00:00,0.0,0.0,2024-12-24,3
2024-12-24 04:00:00,0.0,0.0,2024-12-24,4
2024-12-24 05:00:00,0.0,0.0,2024-12-24,5
2024-12-24 06:00:00,0.03604395,0.1387816,2024-12-24,6
2024-12-24 07:00:00,0.157874,0.2145162,2024-12-24,7
2024-12-24 08:00:00,0.2733472,0.3316977,2024-12-24,8
2024-12-24 09:00:00,0.5286585,0.7345225,2024-12-24,9
2024-12-24 10:00:00,0.5827079,0.7768652,2024-12-24,10
2024-12-24 11:00:00,0.6880066,0.9329472,2024-12-24,11
2024-12-24 12:00:00,0.5341685,0.6876335,2024-12-24,12
2024-12-24 13:00:00,0.552424,0.7718081,2024-12-24,13
2024-12-24 14:00:00,0.4908876,0.7403256,2024-12-24,14
2024-12-24 15:00:00,0.186234,0.2788309,2024-12-24,15
2024-12-24 16:00:00,0.01848179,0.02109196,2024-12-24,16
2024-12-24 17:00:00,0.0,0.0,2024-12-24,17
2024-12-24 18:00:00,0.0,0.0,2024-12-24,18
2024-12-24 19:00:00,0.0,0.0,2024-12-24,19
2024-12-24 20:00:00,0.0,0.0,2024-12-24,20
2024-12-24 21:00:00,0.0,0.0,2024-12-24,21
2024-12-24 22:00:00,0.0,0.0,2024-12-24,22
2024-12-24 23:00:00,0.0,0.0,2024-12-24,23
2024-12-25 00:00:00,0.0,0.0,2024-12-25,0
2024-12-25 01:00:00,0.0,0.0,2024-12-25,1
2024-12-25 02:00:00,0.0,0.0,2024-12-25,2
2024-12-25 03:00:00,0.0,0.0,2024-12-25,3
2024-12-25 04:00:00,0.0,0.0,2024-12-25,4
2024-12-25 05:00:00,0.0,0.0,2024-12-25,5
2024-12-25 06:00:00,0.03685171,0.1502943,2024-12-25,6
2024-12-25 07:00:00,0.2147818,0.3710872,2024-12-25,7
2024-12-25 08:00:00,0.4827264,0.7317826,2024-12-25,8
2024-12-25 09:00:00,0.6444529,0.9128074,2024-12-25,9
2024-12-25 10:00:00,0.687572,0.943003,2024-12-25,10
2024-12-25 11:00:00,0.6930476,0.9401466,2024-12-25,11
2024-12-25 12:00:00,0.6434205,0.8759001,2024-12-25,12
2024-12-25 13:00:00,0.6634685,0.937819,2024-12-25,13
2024-12-25 14:00:00,0.5075569,0.7655432,2024-12-25,14
2024-12-25 15:00:00,0.2341546,0.4038571,2024-12-25,15
2024-12-25 16:00:00,0.05225808,0.2451501,2024-12-25,16
2024-12-25 17:00:00,0.0,0.0,2024-12-25,17
2024-12-25 18:00:00,0.0,0.0,2024-12-25,18
2024-12-25 19:00:00,0.0,0.0,2024-12-25,19
2024-12-25 20:00:00,0.0,0.0,2024-12-25,20
2024-12-25 21:00:00,0.0,0.0,2024-12-25,21
2024-12-25 22:00:00,0.0,0.0,2024-12-25,22
2024-12-25 23:00:00,0.0,0.0,2024-12-25,23
2024-12-26 00:00:00,0.0,0.0,2024-12-26,0
2024-12-26 01:00:00,0.0,0.0,2024-12-26,1
2024-12-26 02:00:00,0.0,0.0,2024-12-26,2
2024-12-26 03:00:00,0.0,0.0,2024-12-26,3
2024-12-26 04:00:00,0.0,0.0,2024-12-26,4
2024-12-26 05:00:00,0.0,0.0,2024-12-26,5
2024-12-26 06:00:00,0.02675489,0.06526863,2024-12-26,6
2024-12-26 07:00:00,0.08244518,0.0828966,2024-12-26,7
2024-12-26 08:00:00,0.0525834,0.05135397,2024-12-26,8
2024-12-26 09:00:00,0.1151902,0.1127694,2024-12-26,9
2024-12-26 10:00:00,0.1996457,0.1962589,2024-12-26,10
2024-12-26 11:00:00,0.2633252,0.2622675,2024-12-26,11
2024-12-26 12:00:00,0.5761381,0.7622851,2024-12-26,12
2024-12-26 13:00:00,0.4309886,0.5457913,2024-12-26,13
2024-12-26 14:00:00,0.3810573,0.5478199,2024-12-26,14
2024-12-26 15:00:00,0.1127124,0.1195187,2024-12-26,15
2024-12-26 16:00:00,0.02587648,0.03929931,2024-12-26,16
2024-12-26 17:00:00,0.0,0.0,2024-12-26,17
2024-12-26 18:00:00,0.0,0.0,2024-12-26,18
2024-12-26 19:00:00,0.0,0.0,2024-12-26,19
2024-12-26 20:00:00,0.0,0.0,2024-12-26,20
2024-12-26 21:00:00,0.0,0.0,2024-12-26,21
2024-12-26 22:00:00,0.0,0.0,2024-12-26,22
2024-12-26 23:00:00,0.0,0.0,2024-12-26,23
2024-12-27 00:00:00,0.0,0.0,2024-12-27,0
2024-12-27 01:00:00,0.0,0.0,2024-12-27,1
2024-12-27 02:00:00,0.0,0.0,2024-12-27,2
2024-12-27 03:00:00,0.0,0.0,2024-12-27,3
2024-12-27 04:00:00,0.0,0.0,2024-12-27,4
2024-12-27 05:00:00,0.0,0.0,2024-12-27,5
2024-12-27 06:00:00,0.01550263,0.01795727,2024-12-27,6
2024-12-27 07:00:00,0.1314056,0.1570589,2024-12-27,7
2024-12-27 08:00:00,0.3038084,0.3950924,2024-12-27,8
2024-12-27 09:00:00,0.52866,0.7347152,2024-12-27,9
2024-12-27 10:00:00,0.5110072,0.6461678,2024-12-27,10
2024-12-27 11:00:00,0.5089202,0.6235003,2024-12-27,11
2024-12-27 12:00:00,0.4861954,0.597251,2024-12-27,12
2024-12-27 13:00:00,0.3866019,0.4615667,2024-12-27,13
2024-12-27 14:00:00,0.2738431,0.3254622,2024-12-27,14
2024-12-27 15:00:00,0.1298352,0.1458161,2024-12-27,15
2024-12-27 16:00:00,0.02696795,0.04119326,2024-12-27,16
2024-12-27 17:00:00,0.0,0.0,2024-12-27,17
2024-12-27 18:00:00,0.0,0.0,2024-12-27,18
2024-12-27 19:00:00,0.0,0.0,2024-12-27,19
2024-12-27 20:00:00,0.0,0.0,2024-12-27,20
2024-12-27 21:00:00,0.0,0.0,2024-12-27,21
2024-12-27 22:00:00,0.0,0.0,2024-12-27,22
2024-12-27 23:00:00,0.0,0.0,2024-12-27,23
2024-12-28 00:00:00,0.0,0.0,2024-12-28,0
2024-12-28 01:00:00,0.0,0.0,2024-12-28,1
2024-12-28 02:00:00,0.0,0.0,2024-12-28,2
2024-12-28 03:00:00,0.0,0.0,2024-12-28,3
2024-12-28 04:00:00,0.0,0.0,2024-12-28,4
2024-12-28 05:00:00,0.0,0.0,2024-12-28,5
2024-12-28 06:00:00,0.02701507,0.07213095,2024-12-28,6
2024-12-28 07:00:00,0.2305095,0.4132766,2024-12-28,7
2024-12-28 08:00:00,0.4240646,0.6385831,2024-12-28,8
2024-12-28 09:00:00,0.5602846,0.7871943,2024-12-28,9
2024-12-28 10:00:00,0.7166629,0.9832951,2024-12-28,10
2024-12-28 11:00:00,0.8021038,1.09301,2024-12-28,11
2024-12-28 12:00:00,0.7375506,1.010754,2024-12-28,12
2024-12-28 13:00:00,0.64854,0.9133221,2024-12-28,13
2024-12-28 14:00:00,0.4458309,0.6649746,2024-12-28,14
2024-12-28 15:00:00,0.296643,0.5237241,2024-12-28,15
2024-12-28 16:00:00,0.05626398,0.2452989,2024-12-28,16
2024-12-28 17:00:00,0.0,0.0,2024-12-28,17
2024-12-28 18:00:00,0.0,0.0,2024-12-28,18
2024-12-28 19:00:00,0.0,0.0,2024-12-28,19
2024-12-28 20:00:00,0.0,0.0,2024-12-28,20
2024-12-28 21:00:00,0.0,0.0,2024-12-28,21
2024-12-28 22:00:00,0.0,0.0,2024-12-28,22
2024-12-28 23:00:00,0.0,0.0,2024-12-28,23
2024-12-29 00:00:00,0.0,0.0,2024-12-29,0
2024-12-29 01:00:00,0.0,0.0,2024-12-29,1
2024-12-29 02:00:00,0.0,0.0,2024-12-29,2
2024-12-29 03:00:00,0.0,0.0,2024-12-29,3
2024-12-29 04:00:00,0.0,0.0,2024-12-29,4
2024-12-29 05:00:00,0.0,0.0,2024-12-29,5
2024-12-29 06:00:00,0.03569789,0.152897,2024-12-29,6
2024-12-29 07:00:00,0.2333199,0.4203373,2024-12-29,7
2024-12-29 08:00:00,0.4345544,0.6559395,2024-12-29,8
2024-12-29 09:00:00,0.4985694,0.6806229,2024-12-29,9
2024-12-29 10:00:00,0.6010556,0.8071141,2024-12-29,10
2024-12-29 11:00:00,0.5770772,0.7458429,2024-12-29,11
2024-12-29 12:00:00,0.6225259,0.8391292,2024-12-29,12
2024-12-29 13:00:00,0.5807774,0.8125786,2024-12-29,13
2024-12-29 14:00:00,0.4966968,0.7434602,2024-12-29,14
2024-12-29 15:00:00,0.2546181,0.4408221,2024-12-29,15
2024-12-29 16:00:00,0.05698662,0.2385036,2024-12-29,16
2024-12-29 17:00:00,0.0,0.0,2024-12-29,17
2024-12-29 18:00:00,0.0,0.0,2024-12-29,18
2024-12-29 19:00:00,0.0,0.0,2024-12-29,19
2024-12-29 20:00:00,0.0,0.0,2024-12-29,20
2024-12-29 21:00:00,0.0,0.0,2024-12-29,21
2024-12-29 22:00:00,0.0,0.0,2024-12-29,22
2024-12-29 23:00:00,0.0,0.0,2024-12-29,23
2024-12-30 00:00:00,0.0,0.0,2024-12-30,0
2024-12-30 01:00:00,0.0,0.0,2024-12-30,1
2024-12-30 02:00:00,0.0,0.0,2024-12-30,2
2024-12-30 03:00:00,0.0,0.0,2024-12-30,3
2024-12-30 04:00:00,0.0,0.0,2024-12-30,4
2024-12-30 05:00:00,0.0,0.0,2024-12-30,5
2024-12-30 06:00:00,0.02457557,0.05829287,2024-12-30,6
2024-12-30 07:00:00,0.1323595,0.1604516,2024-12-30,7
2024-12-30 08:00:00,0.24196,0.2758673,2024-12-30,8
2024-12-30 09:00:00,0.3461254,0.3954599,2024-12-30,9
2024-12-30 10:00:00,0.5081321,0.6397322,2024-12-30,10
2024-12-30 11:00:00,0.369097,0.3931737,2024-12-30,11
2024-12-30 12:00:00,0.4014174,0.4488252,2024-12-30,12
2024-12-30 13:00:00,0.3315463,0.3660202,2024-12-30,13
2024-12-30 14:00:00,0.4697962,0.7002101,2024-12-30,14
2024-12-30 15:00:00,0.2184009,0.3494141,2024-12-30,15
2024-12-30 16:00:00,0.04475188,0.1332992,2024-12-30,16
2024-12-30 17:00:00,0.0,0.0,2024-12-30,17
2024-12-30 18:00:00,0.0,0.0,2024-12-30,18
2024-12-30 19:00:00,0.0,0.0,2024-12-30,19
2024-12-30 20:00:00,0.0,0.0,2024-12-30,20
2024-12-30 21:00:00,0.0,0.0,2024-12-30,21
2024-12-30 22:00:00,0.0,0.0,2024-12-30,22
2024-12-30 23:00:00,0.0,0.0,2024-12-30,23
