date_time,global_solar_kw/m2,incident_solar_kw/m2,date,hour
2024-01-01 00:00:00,0.0,0.0,2024-01-01,0
2024-01-01 01:00:00,0.0,0.0,2024-01-01,1
2024-01-01 02:00:00,0.0,0.0,2024-01-01,2
2024-01-01 03:00:00,0.0,0.0,2024-01-01,3
2024-01-01 04:00:00,0.0,0.0,2024-01-01,4
2024-01-01 05:00:00,0.0,0.0,2024-01-01,5
2024-01-01 06:00:00,0.02860078,0.06336106,2024-01-01,6
2024-01-01 07:00:00,0.1925421,0.2818107,2024-01-01,7
2024-01-01 08:00:00,0.4211331,0.5956658,2024-01-01,8
2024-01-01 09:00:00,0.3592529,0.3968058,2024-01-01,9
2024-01-01 10:00:00,0.3801633,0.401812,2024-01-01,10
2024-01-01 11:00:00,0.6751776,0.8595498,2024-01-01,11
2024-01-01 12:00:00,0.4776317,0.5409824,2024-01-01,12
2024-01-01 13:00:00,0.4422541,0.5161466,2024-01-01,13
2024-01-01 14:00:00,0.2680891,0.2866784,2024-01-01,14
2024-01-01 15:00:00,0.1737449,0.1932292,2024-01-01,15
2024-01-01 16:00:00,0.07004388,0.1107151,2024-01-01,16
2024-01-01 17:00:00,0.0,0.0,2024-01-01,17
2024-01-01 18:00:00,0.0,0.0,2024-01-01,18
2024-01-01 19:00:00,0.0,0.0,2024-01-01,19
2024-01-01 20:00:00,0.0,0.0,2024-01-01,20
2024-01-01 21:00:00,0.0,0.0,2024-01-01,21
2024-01-01 22:00:00,0.0,0.0,2024-01-01,22
2024-01-01 23:00:00,0.0,0.0,2024-01-01,23
2024-01-02 00:00:00,0.0,0.0,2024-01-02,0
2024-01-02 01:00:00,0.0,0.0,2024-01-02,1
2024-01-02 02:00:00,0.0,0.0,2024-01-02,2
2024-01-02 03:00:00,0.0,0.0,2024-01-02,3
2024-01-02 04:00:00,0.0,0.0,2024-01-02,4
2024-01-02 05:00:00,0.0,0.0,2024-01-02,5
2024-01-02 06:00:00,0.03506874,0.1172328,2024-01-02,6
2024-01-02 07:00:00,0.2394134,0.3995372,2024-01-02,7
2024-01-02 08:00:00,0.4808092,0.6922129,2024-01-02,8
2024-01-02 09:00:00,0.6279371,0.8468383,2024-01-02,9
2024-01-02 10:00:00,0.618584,0.7874486,2024-01-02,10
2024-01-02 11:00:00,0.5485385,0.6481779,2024-01-02,11
2024-01-02 12:00:00,0.4716252,0.5307959,2024-01-02,12
2024-01-02 13:00:00,0.6137025,0.8083506,2024-01-02,13
2024-01-02 14:00:00,0.4457908,0.6002461,2024-01-02,14
2024-01-02 15:00:00,0.3425313,0.5372442,2024-01-02,15
2024-01-02 16:00:00,0.0874335,0.1748271,2024-01-02,16
2024-01-02 17:00:00,2.15629e-06,0.0,2024-01-02,17
2024-01-02 18:00:00,0.0,0.0,2024-01-02,18
2024-01-02 19:00:00,0.0,0.0,2024-01-02,19
2024-01-02 20:00:00,0.0,0.0,2024-01-02,20
2024-01-02 21:00:00,0.0,0.0,2024-01-02,21
2024-01-02 22:00:00,0.0,0.0,2024-01-02,22
2024-01-02 23:00:00,0.0,0.0,2024-01-02,23
2024-01-03 00:00:00,0.0,0.0,2024-01-03,0
2024-01-03 01:00:00,0.0,0.0,2024-01-03,1
2024-01-03 02:00:00,0.0,0.0,2024-01-03,2
2024-01-03 03:00:00,0.0,0.0,2024-01-03,3
2024-01-03 04:00:00,0.0,0.0,2024-01-03,4
2024-01-03 05:00:00,0.0,0.0,2024-01-03,5
2024-01-03 06:00:00,0.02241417,0.03416688,2024-01-03,6
2024-01-03 07:00:00,0.1859737,0.2663735,2024-01-03,7
2024-01-03 08:00:00,0.3358624,0.4302605,2024-01-03,8
2024-01-03 09:00:00,0.3688884,0.411642,2024-01-03,9
2024-01-03 10:00:00,0.729176,0.954828,2024-01-03,10
2024-01-03 11:00:00,0.5744175,0.6909308,2024-01-03,11
2024-01-03 12:00:00,0.4210985,0.4538464,2024-01-03,12
2024-01-03 13:00:00,0.4967425,0.6083408,2024-01-03,13
2024-01-03 14:00:00,0.4353297,0.5790933,2024-01-03,14
2024-01-03 15:00:00,0.3050289,0.4649846,2024-01-03,15
2024-01-03 16:00:00,0.08853228,0.1734922,2024-01-03,16
2024-01-03 17:00:00,1.39626e-05,0.0,2024-01-03,17
2024-01-03 18:00:00,0.0,0.0,2024-01-03,18
2024-01-03 19:00:00,0.0,0.0,2024-01-03,19
2024-01-03 20:00:00,0.0,0.0,2024-01-03,20
2024-01-03 21:00:00,0.0,0.0,2024-01-03,21
2024-01-03 22:00:00,0.0,0.0,2024-01-03,22
2024-01-03 23:00:00,0.0,0.0,2024-01-03,23
2024-01-04 00:00:00,0.0,0.0,2024-01-04,0
2024-01-04 01:00:00,0.0,0.0,2024-01-04,1
2024-01-04 02:00:00,0.0,0.0,2024-01-04,2
2024-01-04 03:00:00,0.0,0.0,2024-01-04,3
2024-01-04 04:00:00,0.0,0.0,2024-01-04,4
2024-01-04 05:00:00,0.0,0.0,2024-01-04,5
2024-01-04 06:00:00,0.03490063,0.1211536,2024-01-04,6
2024-01-04 07:00:00,0.2553286,0.4338436,2024-01-04,7
2024-01-04 08:00:00,0.4718727,0.6780587,2024-01-04,8
2024-01-04 09:00:00,0.6409079,0.8636332,2024-01-04,9
2024-01-04 10:00:00,0.7199907,0.9413294,2024-01-04,10
2024-01-04 11:00:00,0.7733732,1.001926,2024-01-04,11
2024-01-04 12:00:00,0.7872822,1.02566,2024-01-04,12
2024-01-04 13:00:00,0.6297352,0.8304796,2024-01-04,13
2024-01-04 14:00:00,0.4907984,0.6755642,2024-01-04,14
2024-01-04 15:00:00,0.3207993,0.493807,2024-01-04,15
2024-01-04 16:00:00,0.1190502,0.2835059,2024-01-04,16
2024-01-04 17:00:00,6.91359e-05,0.0,2024-01-04,17
2024-01-04 18:00:00,0.0,0.0,2024-01-04,18
2024-01-04 19:00:00,0.0,0.0,2024-01-04,19
2024-01-04 20:00:00,0.0,0.0,2024-01-04,20
2024-01-04 21:00:00,0.0,0.0,2024-01-04,21
2024-01-04 22:00:00,0.0,0.0,2024-01-04,22
2024-01-04 23:00:00,0.0,0.0,2024-01-04,23
2024-01-05 00:00:00,0.0,0.0,2024-01-05,0
2024-01-05 01:00:00,0.0,0.0,2024-01-05,1
2024-01-05 02:00:00,0.0,0.0,2024-01-05,2
2024-01-05 03:00:00,0.0,0.0,2024-01-05,3
2024-01-05 04:00:00,0.0,0.0,2024-01-05,4
2024-01-05 05:00:00,0.0,0.0,2024-01-05,5
2024-01-05 06:00:00,0.01557336,0.01732857,2024-01-05,6
2024-01-05 07:00:00,0.1031478,0.1061726,2024-01-05,7
2024-01-05 08:00:00,0.2718747,0.3107486,2024-01-05,8
2024-01-05 09:00:00,0.30384,0.3170162,2024-01-05,9
2024-01-05 10:00:00,0.4843996,0.558654,2024-01-05,10
2024-01-05 11:00:00,0.644605,0.8064198,2024-01-05,11
2024-01-05 12:00:00,0.6429755,0.8128716,2024-01-05,12
2024-01-05 13:00:00,0.5394987,0.680363,2024-01-05,13
2024-01-05 14:00:00,0.3510643,0.4180153,2024-01-05,14
2024-01-05 15:00:00,0.2041852,0.2426168,2024-01-05,15
2024-01-05 16:00:00,0.06100442,0.07476509,2024-01-05,16
2024-01-05 17:00:00,0.000144696,0.0,2024-01-05,17
2024-01-05 18:00:00,0.0,0.0,2024-01-05,18
2024-01-05 19:00:00,0.0,0.0,2024-01-05,19
2024-01-05 20:00:00,0.0,0.0,2024-01-05,20
2024-01-05 21:00:00,0.0,0.0,2024-01-05,21
2024-01-05 22:00:00,0.0,0.0,2024-01-05,22
2024-01-05 23:00:00,0.0,0.0,2024-01-05,23
2024-01-06 00:00:00,0.0,0.0,2024-01-06,0
2024-01-06 01:00:00,0.0,0.0,2024-01-06,1
2024-01-06 02:00:00,0.0,0.0,2024-01-06,2
2024-01-06 03:00:00,0.0,0.0,2024-01-06,3
2024-01-06 04:00:00,0.0,0.0,2024-01-06,4
2024-01-06 05:00:00,0.0,0.0,2024-01-06,5
2024-01-06 06:00:00,0.03180938,0.09782627,2024-01-06,6
2024-01-06 07:00:00,0.2013273,0.3071715,2024-01-06,7
2024-01-06 08:00:00,0.3642041,0.486153,2024-01-06,8
2024-01-06 09:00:00,0.4539054,0.5553631,2024-01-06,9
2024-01-06 10:00:00,0.4726137,0.5389147,2024-01-06,10
2024-01-06 11:00:00,0.5070481,0.5772812,2024-01-06,11
2024-01-06 12:00:00,0.5823032,0.7104658,2024-01-06,12
2024-01-06 13:00:00,0.5785681,0.745414,2024-01-06,13
2024-01-06 14:00:00,0.4421227,0.5858358,2024-01-06,14
2024-01-06 15:00:00,0.2094592,0.2511774,2024-01-06,15
2024-01-06 16:00:00,0.09168968,0.1689019,2024-01-06,16
2024-01-06 17:00:00,0.000105818,0.0,2024-01-06,17
2024-01-06 18:00:00,0.0,0.0,2024-01-06,18
2024-01-06 19:00:00,0.0,0.0,2024-01-06,19
2024-01-06 20:00:00,0.0,0.0,2024-01-06,20
2024-01-06 21:00:00,0.0,0.0,2024-01-06,21
2024-01-06 22:00:00,0.0,0.0,2024-01-06,22
2024-01-06 23:00:00,0.0,0.0,2024-01-06,23
2024-01-07 00:00:00,0.0,0.0,2024-01-07,0
2024-01-07 01:00:00,0.0,0.0,2024-01-07,1
2024-01-07 02:00:00,0.0,0.0,2024-01-07,2
2024-01-07 03:00:00,0.0,0.0,2024-01-07,3
2024-01-07 04:00:00,0.0,0.0,2024-01-07,4
2024-01-07 05:00:00,0.0,0.0,2024-01-07,5
2024-01-07 06:00:00,0.03350633,0.1149881,2024-01-07,6
2024-01-07 07:00:00,0.238888,0.3990687,2024-01-07,7
2024-01-07 08:00:00,0.3830898,0.5227963,2024-01-07,8
2024-01-07 09:00:00,0.5529785,0.7282994,2024-01-07,9
2024-01-07 10:00:00,0.7291192,0.9512202,2024-01-07,10
2024-01-07 11:00:00,0.7676814,0.9910094,2024-01-07,11
2024-01-07 12:00:00,0.7076932,0.9112245,2024-01-07,12
2024-01-07 13:00:00,0.5846452,0.7538507,2024-01-07,13
2024-01-07 14:00:00,0.465839,0.626708,2024-01-07,14
2024-01-07 15:00:00,0.2779452,0.3954759,2024-01-07,15
2024-01-07 16:00:00,0.09511252,0.176539,2024-01-07,16
2024-01-07 17:00:00,0.000223565,0.0,2024-01-07,17
2024-01-07 18:00:00,0.0,0.0,2024-01-07,18
2024-01-07 19:00:00,0.0,0.0,2024-01-07,19
2024-01-07 20:00:00,0.0,0.0,2024-01-07,20
2024-01-07 21:00:00,0.0,0.0,2024-01-07,21
2024-01-07 22:00:00,0.0,0.0,2024-01-07,22
2024-01-07 23:00:00,0.0,0.0,2024-01-07,23
2024-01-08 00:00:00,0.0,0.0,2024-01-08,0
2024-01-08 01:00:00,0.0,0.0,2024-01-08,1
2024-01-08 02:00:00,0.0,0.0,2024-01-08,2
2024-01-08 03:00:00,0.0,0.0,2024-01-08,3
2024-01-08 04:00:00,0.0,0.0,2024-01-08,4
2024-01-08 05:00:00,0.0,0.0,2024-01-08,5
2024-01-08 06:00:00,0.01917536,0.02563503,2024-01-08,6
2024-01-08 07:00:00,0.1489631,0.1815546,2024-01-08,7
2024-01-08 08:00:00,0.3388224,0.4350471,2024-01-08,8
2024-01-08 09:00:00,0.4051995,0.4695126,2024-01-08,9
2024-01-08 10:00:00,0.5323046,0.6367598,2024-01-08,10
2024-01-08 11:00:00,0.565028,0.6705358,2024-01-08,11
2024-01-08 12:00:00,0.5867422,0.7152916,2024-01-08,12
2024-01-08 13:00:00,0.6193146,0.8080941,2024-01-08,13
2024-01-08 14:00:00,0.4551826,0.6054831,2024-01-08,14
2024-01-08 15:00:00,0.2705515,0.3762386,2024-01-08,15
2024-01-08 16:00:00,0.1094388,0.2257104,2024-01-08,16
2024-01-08 17:00:00,0.000284866,0.0,2024-01-08,17
2024-01-08 18:00:00,0.0,0.0,2024-01-08,18
2024-01-08 19:00:00,0.0,0.0,2024-01-08,19
2024-01-08 20:00:00,0.0,0.0,2024-01-08,20
2024-01-08 21:00:00,0.0,0.0,2024-01-08,21
2024-01-08 22:00:00,0.0,0.0,2024-01-08,22
2024-01-08 23:00:00,0.0,0.0,2024-01-08,23
2024-01-09 00:00:00,0.0,0.0,2024-01-09,0
2024-01-09 01:00:00,0.0,0.0,2024-01-09,1
2024-01-09 02:00:00,0.0,0.0,2024-01-09,2
2024-01-09 03:00:00,0.0,0.0,2024-01-09,3
2024-01-09 04:00:00,0.0,0.0,2024-01-09,4
2024-01-09 05:00:00,0.0,0.0,2024-01-09,5
2024-01-09 06:00:00,0.03029311,0.08967447,2024-01-09,6
2024-01-09 07:00:00,0.08244647,0.08215377,2024-01-09,7
2024-01-09 08:00:00,0.1827981,0.1842794,2024-01-09,8
2024-01-09 09:00:00,0.3704368,0.4124702,2024-01-09,9
2024-01-09 10:00:00,0.5784933,0.7142221,2024-01-09,10
2024-01-09 11:00:00,0.5705644,0.6786709,2024-01-09,11
2024-01-09 12:00:00,0.6554935,0.8273668,2024-01-09,12
2024-01-09 13:00:00,0.3477138,0.3654723,2024-01-09,13
2024-01-09 14:00:00,0.1810141,0.1788731,2024-01-09,14
2024-01-09 15:00:00,0.1757724,0.1900595,2024-01-09,15
2024-01-09 16:00:00,0.05866984,0.06538345,2024-01-09,16
2024-01-09 17:00:00,0.00035449,0.0,2024-01-09,17
2024-01-09 18:00:00,0.0,0.0,2024-01-09,18
2024-01-09 19:00:00,0.0,0.0,2024-01-09,19
2024-01-09 20:00:00,0.0,0.0,2024-01-09,20
2024-01-09 21:00:00,0.0,0.0,2024-01-09,21
2024-01-09 22:00:00,0.0,0.0,2024-01-09,22
2024-01-09 23:00:00,0.0,0.0,2024-01-09,23
2024-01-10 00:00:00,0.0,0.0,2024-01-10,0
2024-01-10 01:00:00,0.0,0.0,2024-01-10,1
2024-01-10 02:00:00,0.0,0.0,2024-01-10,2
2024-01-10 03:00:00,0.0,0.0,2024-01-10,3
2024-01-10 04:00:00,0.0,0.0,2024-01-10,4
2024-01-10 05:00:00,0.0,0.0,2024-01-10,5
2024-01-10 06:00:00,0.03013563,0.0895663,2024-01-10,6
2024-01-10 07:00:00,0.2162363,0.344797,2024-01-10,7
2024-01-10 08:00:00,0.3808285,0.5165257,2024-01-10,8
2024-01-10 09:00:00,0.5894631,0.7836536,2024-01-10,9
2024-01-10 10:00:00,0.7207413,0.9361896,2024-01-10,10
2024-01-10 11:00:00,0.8606713,1.111176,2024-01-10,11
2024-01-10 12:00:00,0.8320289,1.077631,2024-01-10,12
2024-01-10 13:00:00,0.7227947,0.9530378,2024-01-10,13
2024-01-10 14:00:00,0.5737284,0.7901106,2024-01-10,14
2024-01-10 15:00:00,0.3080407,0.4513948,2024-01-10,15
2024-01-10 16:00:00,0.1157184,0.2359927,2024-01-10,16
2024-01-10 17:00:00,0.000529847,0.0,2024-01-10,17
2024-01-10 18:00:00,0.0,0.0,2024-01-10,18
2024-01-10 19:00:00,0.0,0.0,2024-01-10,19
2024-01-10 20:00:00,0.0,0.0,2024-01-10,20
2024-01-10 21:00:00,0.0,0.0,2024-01-10,21
2024-01-10 22:00:00,0.0,0.0,2024-01-10,22
2024-01-10 23:00:00,0.0,0.0,2024-01-10,23
2024-01-11 00:00:00,0.0,0.0,2024-01-11,0
2024-01-11 01:00:00,0.0,0.0,2024-01-11,1
2024-01-11 02:00:00,0.0,0.0,2024-01-11,2
2024-01-11 03:00:00,0.0,0.0,2024-01-11,3
2024-01-11 04:00:00,0.0,0.0,2024-01-11,4
2024-01-11 05:00:00,0.0,0.0,2024-01-11,5
2024-01-11 06:00:00,0.0297836,0.08762807,2024-01-11,6
2024-01-11 07:00:00,0.1835311,0.2614012,2024-01-11,7
2024-01-11 08:00:00,0.3308778,0.4179118,2024-01-11,8
2024-01-11 09:00:00,0.425697,0.5026767,2024-01-11,9
2024-01-11 10:00:00,0.7587821,0.9864857,2024-01-11,10
2024-01-11 11:00:00,0.7272125,0.9278936,2024-01-11,11
2024-01-11 12:00:00,0.6672435,0.8428342,2024-01-11,12
2024-01-11 13:00:00,0.4023214,0.442266,2024-01-11,13
2024-01-11 14:00:00,0.3626569,0.4295399,2024-01-11,14
2024-01-11 15:00:00,0.2334176,0.2893499,2024-01-11,15
2024-01-11 16:00:00,0.07253972,0.09025724,2024-01-11,16
2024-01-11 17:00:00,0.000679645,0.0,2024-01-11,17
2024-01-11 18:00:00,0.0,0.0,2024-01-11,18
2024-01-11 19:00:00,0.0,0.0,2024-01-11,19
2024-01-11 20:00:00,0.0,0.0,2024-01-11,20
2024-01-11 21:00:00,0.0,0.0,2024-01-11,21
2024-01-11 22:00:00,0.0,0.0,2024-01-11,22
2024-01-11 23:00:00,0.0,0.0,2024-01-11,23
2024-01-12 00:00:00,0.0,0.0,2024-01-12,0
2024-01-12 01:00:00,0.0,0.0,2024-01-12,1
2024-01-12 02:00:00,0.0,0.0,2024-01-12,2
2024-01-12 03:00:00,0.0,0.0,2024-01-12,3
2024-01-12 04:00:00,0.0,0.0,2024-01-12,4
2024-01-12 05:00:00,0.0,0.0,2024-01-12,5
2024-01-12 06:00:00,0.03065741,0.09604559,2024-01-12,6
2024-01-12 07:00:00,0.2302907,0.377302,2024-01-12,7
2024-01-12 08:00:00,0.4232596,0.5930718,2024-01-12,8
2024-01-12 09:00:00,0.5454898,0.7106717,2024-01-12,9
2024-01-12 10:00:00,0.6440159,0.8184724,2024-01-12,10
2024-01-12 11:00:00,0.5846528,0.6984155,2024-01-12,11
2024-01-12 12:00:00,0.6762288,0.8552535,2024-01-12,12
2024-01-12 13:00:00,0.5444141,0.6766879,2024-01-12,13
2024-01-12 14:00:00,0.3203249,0.3570599,2024-01-12,14
2024-01-12 15:00:00,0.2450302,0.3108262,2024-01-12,15
2024-01-12 16:00:00,0.09589121,0.1533719,2024-01-12,16
2024-01-12 17:00:00,0.000891181,0.0,2024-01-12,17
2024-01-12 18:00:00,0.0,0.0,2024-01-12,18
2024-01-12 19:00:00,0.0,0.0,2024-01-12,19
2024-01-12 20:00:00,0.0,0.0,2024-01-12,20
2024-01-12 21:00:00,0.0,0.0,2024-01-12,21
2024-01-12 22:00:00,0.0,0.0,2024-01-12,22
2024-01-12 23:00:00,0.0,0.0,2024-01-12,23
2024-01-13 00:00:00,0.0,0.0,2024-01-13,0
2024-01-13 01:00:00,0.0,0.0,2024-01-13,1
2024-01-13 02:00:00,0.0,0.0,2024-01-13,2
2024-01-13 03:00:00,0.0,0.0,2024-01-13,3
2024-01-13 04:00:00,0.0,0.0,2024-01-13,4
2024-01-13 05:00:00,0.0,0.0,2024-01-13,5
2024-01-13 06:00:00,0.02987895,0.08998806,2024-01-13,6
2024-01-13 07:00:00,0.1462635,0.1757567,2024-01-13,7
2024-01-13 08:00:00,0.3325347,0.4197464,2024-01-13,8
2024-01-13 09:00:00,0.1852198,0.1818635,2024-01-13,9
2024-01-13 10:00:00,0.3503602,0.3601944,2024-01-13,10
2024-01-13 11:00:00,0.4133962,0.4346513,2024-01-13,11
2024-01-13 12:00:00,0.3849584,0.399772,2024-01-13,12
2024-01-13 13:00:00,0.2959114,0.2989223,2024-01-13,13
2024-01-13 14:00:00,0.2683212,0.2804332,2024-01-13,14
2024-01-13 15:00:00,0.21565,0.2517914,2024-01-13,15
2024-01-13 16:00:00,0.09977866,0.1616509,2024-01-13,16
2024-01-13 17:00:00,0.001216312,0.0,2024-01-13,17
2024-01-13 18:00:00,0.0,0.0,2024-01-13,18
2024-01-13 19:00:00,0.0,0.0,2024-01-13,19
2024-01-13 20:00:00,0.0,0.0,2024-01-13,20
2024-01-13 21:00:00,0.0,0.0,2024-01-13,21
2024-01-13 22:00:00,0.0,0.0,2024-01-13,22
2024-01-13 23:00:00,0.0,0.0,2024-01-13,23
2024-01-14 00:00:00,0.0,0.0,2024-01-14,0
2024-01-14 01:00:00,0.0,0.0,2024-01-14,1
2024-01-14 02:00:00,0.0,0.0,2024-01-14,2
2024-01-14 03:00:00,0.0,0.0,2024-01-14,3
2024-01-14 04:00:00,0.0,0.0,2024-01-14,4
2024-01-14 05:00:00,0.0,0.0,2024-01-14,5
2024-01-14 06:00:00,0.009423453,0.009808873,2024-01-14,6
2024-01-14 07:00:00,0.05027429,0.04943212,2024-01-14,7
2024-01-14 08:00:00,0.2256776,0.2380976,2024-01-14,8
2024-01-14 09:00:00,0.3801421,0.4252826,2024-01-14,9
2024-01-14 10:00:00,0.2872286,0.2861149,2024-01-14,10
2024-01-14 11:00:00,0.4242704,0.4488693,2024-01-14,11
2024-01-14 12:00:00,0.5497444,0.6448584,2024-01-14,12
2024-01-14 13:00:00,0.5752382,0.7248822,2024-01-14,13
2024-01-14 14:00:00,0.4287201,0.5435427,2024-01-14,14
2024-01-14 15:00:00,0.3138046,0.4507923,2024-01-14,15
2024-01-14 16:00:00,0.1049082,0.1739427,2024-01-14,16
2024-01-14 17:00:00,0.001979543,0.0,2024-01-14,17
2024-01-14 18:00:00,0.0,0.0,2024-01-14,18
2024-01-14 19:00:00,0.0,0.0,2024-01-14,19
2024-01-14 20:00:00,0.0,0.0,2024-01-14,20
2024-01-14 21:00:00,0.0,0.0,2024-01-14,21
2024-01-14 22:00:00,0.0,0.0,2024-01-14,22
2024-01-14 23:00:00,0.0,0.0,2024-01-14,23
2024-01-15 00:00:00,0.0,0.0,2024-01-15,0
2024-01-15 01:00:00,0.0,0.0,2024-01-15,1
2024-01-15 02:00:00,0.0,0.0,2024-01-15,2
2024-01-15 03:00:00,0.0,0.0,2024-01-15,3
2024-01-15 04:00:00,0.0,0.0,2024-01-15,4
2024-01-15 05:00:00,0.0,0.0,2024-01-15,5
2024-01-15 06:00:00,0.02521076,0.05536368,2024-01-15,6
2024-01-15 07:00:00,0.1699563,0.2266365,2024-01-15,7
2024-01-15 08:00:00,0.3440726,0.4403847,2024-01-15,8
2024-01-15 09:00:00,0.5420167,0.7008717,2024-01-15,9
2024-01-15 10:00:00,0.691368,0.8867019,2024-01-15,10
2024-01-15 11:00:00,0.73967,0.9397261,2024-01-15,11
2024-01-15 12:00:00,0.7868346,1.009505,2024-01-15,12
2024-01-15 13:00:00,0.7125567,0.9303422,2024-01-15,13
2024-01-15 14:00:00,0.5200402,0.7000805,2024-01-15,14
2024-01-15 15:00:00,0.2399413,0.2939938,2024-01-15,15
2024-01-15 16:00:00,0.1231616,0.2307852,2024-01-15,16
2024-01-15 17:00:00,0.00147079,0.0,2024-01-15,17
2024-01-15 18:00:00,0.0,0.0,2024-01-15,18
2024-01-15 19:00:00,0.0,0.0,2024-01-15,19
2024-01-15 20:00:00,0.0,0.0,2024-01-15,20
2024-01-15 21:00:00,0.0,0.0,2024-01-15,21
2024-01-15 22:00:00,0.0,0.0,2024-01-15,22
2024-01-15 23:00:00,0.0,0.0,2024-01-15,23
2024-01-16 00:00:00,0.0,0.0,2024-01-16,0
2024-01-16 01:00:00,0.0,0.0,2024-01-16,1
2024-01-16 02:00:00,0.0,0.0,2024-01-16,2
2024-01-16 03:00:00,0.0,0.0,2024-01-16,3
2024-01-16 04:00:00,0.0,0.0,2024-01-16,4
2024-01-16 05:00:00,0.0,0.0,2024-01-16,5
2024-01-16 06:00:00,0.03372654,0.1260116,2024-01-16,6
2024-01-16 07:00:00,0.2444093,0.4038912,2024-01-16,7
2024-01-16 08:00:00,0.459754,0.6478689,2024-01-16,8
2024-01-16 09:00:00,0.6097813,0.8060923,2024-01-16,9
2024-01-16 10:00:00,0.5515069,0.6601679,2024-01-16,10
2024-01-16 11:00:00,0.4118353,0.4311297,2024-01-16,11
2024-01-16 12:00:00,0.2987636,0.2969917,2024-01-16,12
2024-01-16 13:00:00,0.2731676,0.2724375,2024-01-16,13
2024-01-16 14:00:00,0.3014334,0.3244378,2024-01-16,14
2024-01-16 15:00:00,0.2430437,0.29795,2024-01-16,15
2024-01-16 16:00:00,0.07667377,0.0904946,2024-01-16,16
2024-01-16 17:00:00,0.00196788,0.0,2024-01-16,17
2024-01-16 18:00:00,0.0,0.0,2024-01-16,18
2024-01-16 19:00:00,0.0,0.0,2024-01-16,19
2024-01-16 20:00:00,0.0,0.0,2024-01-16,20
2024-01-16 21:00:00,0.0,0.0,2024-01-16,21
2024-01-16 22:00:00,0.0,0.0,2024-01-16,22
2024-01-16 23:00:00,0.0,0.0,2024-01-16,23
2024-01-17 00:00:00,0.0,0.0,2024-01-17,0
2024-01-17 01:00:00,0.0,0.0,2024-01-17,1
2024-01-17 02:00:00,0.0,0.0,2024-01-17,2
2024-01-17 03:00:00,0.0,0.0,2024-01-17,3
2024-01-17 04:00:00,0.0,0.0,2024-01-17,4
2024-01-17 05:00:00,0.0,0.0,2024-01-17,5
2024-01-17 06:00:00,0.03010856,0.09287523,2024-01-17,6
2024-01-17 07:00:00,0.1667128,0.2179135,2024-01-17,7
2024-01-17 08:00:00,0.4072302,0.5580874,2024-01-17,8
2024-01-17 09:00:00,0.5893516,0.7738049,2024-01-17,9
2024-01-17 10:00:00,0.75541,0.9730729,2024-01-17,10
2024-01-17 11:00:00,0.7749791,0.9861946,2024-01-17,11
2024-01-17 12:00:00,0.7499102,0.9555647,2024-01-17,12
2024-01-17 13:00:00,0.5446195,0.6670253,2024-01-17,13
2024-01-17 14:00:00,0.2769504,0.289641,2024-01-17,14
2024-01-17 15:00:00,0.1304838,0.1297846,2024-01-17,15
2024-01-17 16:00:00,0.06845489,0.07469419,2024-01-17,16
2024-01-17 17:00:00,0.001530128,0.0,2024-01-17,17
2024-01-17 18:00:00,0.0,0.0,2024-01-17,18
2024-01-17 19:00:00,0.0,0.0,2024-01-17,19
2024-01-17 20:00:00,0.0,0.0,2024-01-17,20
2024-01-17 21:00:00,0.0,0.0,2024-01-17,21
2024-01-17 22:00:00,0.0,0.0,2024-01-17,22
2024-01-17 23:00:00,0.0,0.0,2024-01-17,23
2024-01-18 00:00:00,0.0,0.0,2024-01-18,0
2024-01-18 01:00:00,0.0,0.0,2024-01-18,1
2024-01-18 02:00:00,0.0,0.0,2024-01-18,2
2024-01-18 03:00:00,0.0,0.0,2024-01-18,3
2024-01-18 04:00:00,0.0,0.0,2024-01-18,4
2024-01-18 05:00:00,0.0,0.0,2024-01-18,5
2024-01-18 06:00:00,0.02650939,0.06400225,2024-01-18,6
2024-01-18 07:00:00,0.2295638,0.3687988,2024-01-18,7
2024-01-18 08:00:00,0.2638578,0.2935221,2024-01-18,8
2024-01-18 09:00:00,0.4360496,0.5139617,2024-01-18,9
2024-01-18 10:00:00,0.4337194,0.4709589,2024-01-18,10
2024-01-18 11:00:00,0.5518063,0.6365096,2024-01-18,11
2024-01-18 12:00:00,0.6501952,0.8025174,2024-01-18,12
2024-01-18 13:00:00,0.554218,0.6810913,2024-01-18,13
2024-01-18 14:00:00,0.4572068,0.5853198,2024-01-18,14
2024-01-18 15:00:00,0.2902134,0.3890296,2024-01-18,15
2024-01-18 16:00:00,0.1304575,0.2368861,2024-01-18,16
2024-01-18 17:00:00,0.002533201,0.0,2024-01-18,17
2024-01-18 18:00:00,0.0,0.0,2024-01-18,18
2024-01-18 19:00:00,0.0,0.0,2024-01-18,19
2024-01-18 20:00:00,0.0,0.0,2024-01-18,20
2024-01-18 21:00:00,0.0,0.0,2024-01-18,21
2024-01-18 22:00:00,0.0,0.0,2024-01-18,22
2024-01-18 23:00:00,0.0,0.0,2024-01-18,23
2024-01-19 00:00:00,0.0,0.0,2024-01-19,0
2024-01-19 01:00:00,0.0,0.0,2024-01-19,1
2024-01-19 02:00:00,0.0,0.0,2024-01-19,2
2024-01-19 03:00:00,0.0,0.0,2024-01-19,3
2024-01-19 04:00:00,0.0,0.0,2024-01-19,4
2024-01-19 05:00:00,0.0,0.0,2024-01-19,5
2024-01-19 06:00:00,0.02617431,0.06133822,2024-01-19,6
2024-01-19 07:00:00,0.2046898,0.3079246,2024-01-19,7
2024-01-19 08:00:00,0.3251161,0.3999182,2024-01-19,8
2024-01-19 09:00:00,0.4179913,0.4825659,2024-01-19,9
2024-01-19 10:00:00,0.7081161,0.9042263,2024-01-19,10
2024-01-19 11:00:00,0.7349052,0.925341,2024-01-19,11
2024-01-19 12:00:00,0.7946948,1.012524,2024-01-19,12
2024-01-19 13:00:00,0.6403452,0.818423,2024-01-19,13
2024-01-19 14:00:00,0.5612561,0.7534836,2024-01-19,14
2024-01-19 15:00:00,0.2749674,0.3546439,2024-01-19,15
2024-01-19 16:00:00,0.1369455,0.251466,2024-01-19,16
2024-01-19 17:00:00,0.003410555,0.0,2024-01-19,17
2024-01-19 18:00:00,0.0,0.0,2024-01-19,18
2024-01-19 19:00:00,0.0,0.0,2024-01-19,19
2024-01-19 20:00:00,0.0,0.0,2024-01-19,20
2024-01-19 21:00:00,0.0,0.0,2024-01-19,21
2024-01-19 22:00:00,0.0,0.0,2024-01-19,22
2024-01-19 23:00:00,0.0,0.0,2024-01-19,23
2024-01-20 00:00:00,0.0,0.0,2024-01-20,0
2024-01-20 01:00:00,0.0,0.0,2024-01-20,1
2024-01-20 02:00:00,0.0,0.0,2024-01-20,2
2024-01-20 03:00:00,0.0,0.0,2024-01-20,3
2024-01-20 04:00:00,0.0,0.0,2024-01-20,4
2024-01-20 05:00:00,0.0,0.0,2024-01-20,5
2024-01-20 06:00:00,0.03401062,0.1270755,2024-01-20,6
2024-01-20 07:00:00,0.2411221,0.3907555,2024-01-20,7
2024-01-20 08:00:00,0.4150634,0.5672339,2024-01-20,8
2024-01-20 09:00:00,0.5054359,0.6308663,2024-01-20,9
2024-01-20 10:00:00,0.7715236,0.9890043,2024-01-20,10
2024-01-20 11:00:00,0.7269377,0.9115718,2024-01-20,11
2024-01-20 12:00:00,0.7160974,0.9003658,2024-01-20,12
2024-01-20 13:00:00,0.5650719,0.6948385,2024-01-20,13
2024-01-20 14:00:00,0.5358843,0.7126298,2024-01-20,14
2024-01-20 15:00:00,0.3227389,0.4492861,2024-01-20,15
2024-01-20 16:00:00,0.1311159,0.227462,2024-01-20,16
2024-01-20 17:00:00,0.003249128,0.0,2024-01-20,17
2024-01-20 18:00:00,0.0,0.0,2024-01-20,18
2024-01-20 19:00:00,0.0,0.0,2024-01-20,19
2024-01-20 20:00:00,0.0,0.0,2024-01-20,20
2024-01-20 21:00:00,0.0,0.0,2024-01-20,21
2024-01-20 22:00:00,0.0,0.0,2024-01-20,22
2024-01-20 23:00:00,0.0,0.0,2024-01-20,23
2024-01-21 00:00:00,0.0,0.0,2024-01-21,0
2024-01-21 01:00:00,0.0,0.0,2024-01-21,1
2024-01-21 02:00:00,0.0,0.0,2024-01-21,2
2024-01-21 03:00:00,0.0,0.0,2024-01-21,3
2024-01-21 04:00:00,0.0,0.0,2024-01-21,4
2024-01-21 05:00:00,0.0,0.0,2024-01-21,5
2024-01-21 06:00:00,0.02684275,0.06493496,2024-01-21,6
2024-01-21 07:00:00,0.1371659,0.1559116,2024-01-21,7
2024-01-21 08:00:00,0.2532025,0.2754753,2024-01-21,8
2024-01-21 09:00:00,0.482385,0.5895447,2024-01-21,9
2024-01-21 10:00:00,0.7061823,0.8975933,2024-01-21,10
2024-01-21 11:00:00,0.7325528,0.9178181,2024-01-21,11
2024-01-21 12:00:00,0.4522427,0.4858421,2024-01-21,12
2024-01-21 13:00:00,0.5980062,0.7467031,2024-01-21,13
2024-01-21 14:00:00,0.3969046,0.471171,2024-01-21,14
2024-01-21 15:00:00,0.2031351,0.2208945,2024-01-21,15
2024-01-21 16:00:00,0.1233113,0.1978133,2024-01-21,16
2024-01-21 17:00:00,0.005345185,0.0,2024-01-21,17
2024-01-21 18:00:00,0.0,0.0,2024-01-21,18
2024-01-21 19:00:00,0.0,0.0,2024-01-21,19
2024-01-21 20:00:00,0.0,0.0,2024-01-21,20
2024-01-21 21:00:00,0.0,0.0,2024-01-21,21
2024-01-21 22:00:00,0.0,0.0,2024-01-21,22
2024-01-21 23:00:00,0.0,0.0,2024-01-21,23
2024-01-22 00:00:00,0.0,0.0,2024-01-22,0
2024-01-22 01:00:00,0.0,0.0,2024-01-22,1
2024-01-22 02:00:00,0.0,0.0,2024-01-22,2
2024-01-22 03:00:00,0.0,0.0,2024-01-22,3
2024-01-22 04:00:00,0.0,0.0,2024-01-22,4
2024-01-22 05:00:00,0.0,0.0,2024-01-22,5
2024-01-22 06:00:00,0.03538537,0.1378205,2024-01-22,6
2024-01-22 07:00:00,0.1809045,0.2459514,2024-01-22,7
2024-01-22 08:00:00,0.2642812,0.2918846,2024-01-22,8
2024-01-22 09:00:00,0.2523592,0.2521133,2024-01-22,9
2024-01-22 10:00:00,0.5473536,0.6443998,2024-01-22,10
2024-01-22 11:00:00,0.6034154,0.713354,2024-01-22,11
2024-01-22 12:00:00,0.5140319,0.5762527,2024-01-22,12
2024-01-22 13:00:00,0.4319269,0.4751248,2024-01-22,13
2024-01-22 14:00:00,0.4456439,0.5546098,2024-01-22,14
2024-01-22 15:00:00,0.303201,0.4033631,2024-01-22,15
2024-01-22 16:00:00,0.08471648,0.09723865,2024-01-22,16
2024-01-22 17:00:00,0.004517928,0.0,2024-01-22,17
2024-01-22 18:00:00,0.0,0.0,2024-01-22,18
2024-01-22 19:00:00,0.0,0.0,2024-01-22,19
2024-01-22 20:00:00,0.0,0.0,2024-01-22,20
2024-01-22 21:00:00,0.0,0.0,2024-01-22,21
2024-01-22 22:00:00,0.0,0.0,2024-01-22,22
2024-01-22 23:00:00,0.0,0.0,2024-01-22,23
2024-01-23 00:00:00,0.0,0.0,2024-01-23,0
2024-01-23 01:00:00,0.0,0.0,2024-01-23,1
2024-01-23 02:00:00,0.0,0.0,2024-01-23,2
2024-01-23 03:00:00,0.0,0.0,2024-01-23,3
2024-01-23 04:00:00,0.0,0.0,2024-01-23,4
2024-01-23 05:00:00,0.0,0.0,2024-01-23,5
2024-01-23 06:00:00,0.02825794,0.07357109,2024-01-23,6
2024-01-23 07:00:00,0.2214106,0.3411851,2024-01-23,7
2024-01-23 08:00:00,0.5043176,0.7006437,2024-01-23,8
2024-01-23 09:00:00,0.6769841,0.8864428,2024-01-23,9
2024-01-23 10:00:00,0.8166415,1.042299,2024-01-23,10
2024-01-23 11:00:00,0.8216274,1.036719,2024-01-23,11
2024-01-23 12:00:00,0.7221579,0.9026358,2024-01-23,12
2024-01-23 13:00:00,0.6841998,0.874086,2024-01-23,13
2024-01-23 14:00:00,0.5885091,0.7824947,2024-01-23,14
2024-01-23 15:00:00,0.4111641,0.5939252,2024-01-23,15
2024-01-23 16:00:00,0.1658736,0.3093438,2024-01-23,16
2024-01-23 17:00:00,0.005121283,0.0,2024-01-23,17
2024-01-23 18:00:00,0.0,0.0,2024-01-23,18
2024-01-23 19:00:00,0.0,0.0,2024-01-23,19
2024-01-23 20:00:00,0.0,0.0,2024-01-23,20
2024-01-23 21:00:00,0.0,0.0,2024-01-23,21
2024-01-23 22:00:00,0.0,0.0,2024-01-23,22
2024-01-23 23:00:00,0.0,0.0,2024-01-23,23
2024-01-24 00:00:00,0.0,0.0,2024-01-24,0
2024-01-24 01:00:00,0.0,0.0,2024-01-24,1
2024-01-24 02:00:00,0.0,0.0,2024-01-24,2
2024-01-24 03:00:00,0.0,0.0,2024-01-24,3
2024-01-24 04:00:00,0.0,0.0,2024-01-24,4
2024-01-24 05:00:00,0.0,0.0,2024-01-24,5
2024-01-24 06:00:00,0.04477978,0.2120438,2024-01-24,6
2024-01-24 07:00:00,0.2288299,0.3560113,2024-01-24,7
2024-01-24 08:00:00,0.3586779,0.4560877,2024-01-24,8
2024-01-24 09:00:00,0.5895014,0.7608964,2024-01-24,9
2024-01-24 10:00:00,0.7447368,0.9455701,2024-01-24,10
2024-01-24 11:00:00,0.801088,1.007702,2024-01-24,11
2024-01-24 12:00:00,0.6755823,0.8295259,2024-01-24,12
2024-01-24 13:00:00,0.4513476,0.5019555,2024-01-24,13
2024-01-24 14:00:00,0.4375626,0.5354311,2024-01-24,14
2024-01-24 15:00:00,0.2650392,0.3224663,2024-01-24,15
2024-01-24 16:00:00,0.07447871,0.078802,2024-01-24,16
2024-01-24 17:00:00,0.004736203,0.0,2024-01-24,17
2024-01-24 18:00:00,0.0,0.0,2024-01-24,18
2024-01-24 19:00:00,0.0,0.0,2024-01-24,19
2024-01-24 20:00:00,0.0,0.0,2024-01-24,20
2024-01-24 21:00:00,0.0,0.0,2024-01-24,21
2024-01-24 22:00:00,0.0,0.0,2024-01-24,22
2024-01-24 23:00:00,0.0,0.0,2024-01-24,23
2024-01-25 00:00:00,0.0,0.0,2024-01-25,0
2024-01-25 01:00:00,0.0,0.0,2024-01-25,1
2024-01-25 02:00:00,0.0,0.0,2024-01-25,2
2024-01-25 03:00:00,0.0,0.0,2024-01-25,3
2024-01-25 04:00:00,0.0,0.0,2024-01-25,4
2024-01-25 05:00:00,0.0,0.0,2024-01-25,5
2024-01-25 06:00:00,0.02614285,0.05657963,2024-01-25,6
2024-01-25 07:00:00,0.244362,0.3871107,2024-01-25,7
2024-01-25 08:00:00,0.384284,0.5019904,2024-01-25,8
2024-01-25 09:00:00,0.6171048,0.7999523,2024-01-25,9
2024-01-25 10:00:00,0.6856853,0.8590407,2024-01-25,10
2024-01-25 11:00:00,0.7637448,0.954132,2024-01-25,11
2024-01-25 12:00:00,0.5857813,0.6843722,2024-01-25,12
2024-01-25 13:00:00,0.5707151,0.6925505,2024-01-25,13
2024-01-25 14:00:00,0.4547922,0.5629925,2024-01-25,14
2024-01-25 15:00:00,0.3142058,0.4159399,2024-01-25,15
2024-01-25 16:00:00,0.1436622,0.2380379,2024-01-25,16
2024-01-25 17:00:00,0.004765866,0.0,2024-01-25,17
2024-01-25 18:00:00,0.0,0.0,2024-01-25,18
2024-01-25 19:00:00,0.0,0.0,2024-01-25,19
2024-01-25 20:00:00,0.0,0.0,2024-01-25,20
2024-01-25 21:00:00,0.0,0.0,2024-01-25,21
2024-01-25 22:00:00,0.0,0.0,2024-01-25,22
2024-01-25 23:00:00,0.0,0.0,2024-01-25,23
2024-01-26 00:00:00,0.0,0.0,2024-01-26,0
2024-01-26 01:00:00,0.0,0.0,2024-01-26,1
2024-01-26 02:00:00,0.0,0.0,2024-01-26,2
2024-01-26 03:00:00,0.0,0.0,2024-01-26,3
2024-01-26 04:00:00,0.0,0.0,2024-01-26,4
2024-01-26 05:00:00,0.0,0.0,2024-01-26,5
2024-01-26 06:00:00,0.03269644,0.1059573,2024-01-26,6
2024-01-26 07:00:00,0.1685068,0.2129171,2024-01-26,7
2024-01-26 08:00:00,0.3351018,0.4090658,2024-01-26,8
2024-01-26 09:00:00,0.5449531,0.6858712,2024-01-26,9
2024-01-26 10:00:00,0.5616721,0.6608825,2024-01-26,10
2024-01-26 11:00:00,0.416877,0.4322991,2024-01-26,11
2024-01-26 12:00:00,0.545904,0.6195479,2024-01-26,12
2024-01-26 13:00:00,0.5750004,0.6971572,2024-01-26,13
2024-01-26 14:00:00,0.3422168,0.3742944,2024-01-26,14
2024-01-26 15:00:00,0.304658,0.3940098,2024-01-26,15
2024-01-26 16:00:00,0.09886645,0.1181369,2024-01-26,16
2024-01-26 17:00:00,0.006909458,0.0,2024-01-26,17
2024-01-26 18:00:00,0.0,0.0,2024-01-26,18
2024-01-26 19:00:00,0.0,0.0,2024-01-26,19
2024-01-26 20:00:00,0.0,0.0,2024-01-26,20
2024-01-26 21:00:00,0.0,0.0,2024-01-26,21
2024-01-26 22:00:00,0.0,0.0,2024-01-26,22
2024-01-26 23:00:00,0.0,0.0,2024-01-26,23
2024-01-27 00:00:00,0.0,0.0,2024-01-27,0
2024-01-27 01:00:00,0.0,0.0,2024-01-27,1
2024-01-27 02:00:00,0.0,0.0,2024-01-27,2
2024-01-27 03:00:00,0.0,0.0,2024-01-27,3
2024-01-27 04:00:00,0.0,0.0,2024-01-27,4
2024-01-27 05:00:00,0.0,0.0,2024-01-27,5
2024-01-27 06:00:00,0.03759186,0.1490348,2024-01-27,6
2024-01-27 07:00:00,0.1835912,0.24461,2024-01-27,7
2024-01-27 08:00:00,0.3381204,0.4129783,2024-01-27,8
2024-01-27 09:00:00,0.6064535,0.7798763,2024-01-27,9
2024-01-27 10:00:00,0.7143239,0.8964314,2024-01-27,10
2024-01-27 11:00:00,0.7818294,0.9747822,2024-01-27,11
2024-01-27 12:00:00,0.7452209,0.9266795,2024-01-27,12
2024-01-27 13:00:00,0.6663209,0.8378947,2024-01-27,13
2024-01-27 14:00:00,0.4640262,0.5737413,2024-01-27,14
2024-01-27 15:00:00,0.2333173,0.26115,2024-01-27,15
2024-01-27 16:00:00,0.1501129,0.2459221,2024-01-27,16
2024-01-27 17:00:00,0.007660558,0.0,2024-01-27,17
2024-01-27 18:00:00,0.0,0.0,2024-01-27,18
2024-01-27 19:00:00,0.0,0.0,2024-01-27,19
2024-01-27 20:00:00,0.0,0.0,2024-01-27,20
2024-01-27 21:00:00,0.0,0.0,2024-01-27,21
2024-01-27 22:00:00,0.0,0.0,2024-01-27,22
2024-01-27 23:00:00,0.0,0.0,2024-01-27,23
2024-01-28 00:00:00,0.0,0.0,2024-01-28,0
2024-01-28 01:00:00,0.0,0.0,2024-01-28,1
2024-01-28 02:00:00,0.0,0.0,2024-01-28,2
2024-01-28 03:00:00,0.0,0.0,2024-01-28,3
2024-01-28 04:00:00,0.0,0.0,2024-01-28,4
2024-01-28 05:00:00,0.0,0.0,2024-01-28,5
2024-01-28 06:00:00,0.02394393,0.0414363,2024-01-28,6
2024-01-28 07:00:00,0.02326919,0.02269768,2024-01-28,7
2024-01-28 08:00:00,0.0395501,0.03851315,2024-01-28,8
2024-01-28 09:00:00,0.04948484,0.04815467,2024-01-28,9
2024-01-28 10:00:00,0.1715118,0.1676021,2024-01-28,10
2024-01-28 11:00:00,0.2089503,0.2043327,2024-01-28,11
2024-01-28 12:00:00,0.1967333,0.1923258,2024-01-28,12
2024-01-28 13:00:00,0.1956155,0.191454,2024-01-28,13
2024-01-28 14:00:00,0.1465878,0.1434967,2024-01-28,14
2024-01-28 15:00:00,0.1014693,0.09955167,2024-01-28,15
2024-01-28 16:00:00,0.1115195,0.1406603,2024-01-28,16
2024-01-28 17:00:00,0.009307221,0.0,2024-01-28,17
2024-01-28 18:00:00,0.0,0.0,2024-01-28,18
2024-01-28 19:00:00,0.0,0.0,2024-01-28,19
2024-01-28 20:00:00,0.0,0.0,2024-01-28,20
2024-01-28 21:00:00,0.0,0.0,2024-01-28,21
2024-01-28 22:00:00,0.0,0.0,2024-01-28,22
2024-01-28 23:00:00,0.0,0.0,2024-01-28,23
2024-01-29 00:00:00,0.0,0.0,2024-01-29,0
2024-01-29 01:00:00,0.0,0.0,2024-01-29,1
2024-01-29 02:00:00,0.0,0.0,2024-01-29,2
2024-01-29 03:00:00,0.0,0.0,2024-01-29,3
2024-01-29 04:00:00,0.0,0.0,2024-01-29,4
2024-01-29 05:00:00,0.0,0.0,2024-01-29,5
2024-01-29 06:00:00,0.03243075,0.09658474,2024-01-29,6
2024-01-29 07:00:00,0.2125581,0.3071457,2024-01-29,7
2024-01-29 08:00:00,0.4524692,0.6107679,2024-01-29,8
2024-01-29 09:00:00,0.5105388,0.6225391,2024-01-29,9
2024-01-29 10:00:00,0.6305194,0.7650766,2024-01-29,10
2024-01-29 11:00:00,0.5388105,0.6003108,2024-01-29,11
2024-01-29 12:00:00,0.3764265,0.3821861,2024-01-29,12
2024-01-29 13:00:00,0.6156018,0.7547713,2024-01-29,13
2024-01-29 14:00:00,0.3817851,0.4311649,2024-01-29,14
2024-01-29 15:00:00,0.3436643,0.459821,2024-01-29,15
2024-01-29 16:00:00,0.175329,0.3015744,2024-01-29,16
2024-01-29 17:00:00,0.008956406,0.0,2024-01-29,17
2024-01-29 18:00:00,0.0,0.0,2024-01-29,18
2024-01-29 19:00:00,0.0,0.0,2024-01-29,19
2024-01-29 20:00:00,0.0,0.0,2024-01-29,20
2024-01-29 21:00:00,0.0,0.0,2024-01-29,21
2024-01-29 22:00:00,0.0,0.0,2024-01-29,22
2024-01-29 23:00:00,0.0,0.0,2024-01-29,23
2024-01-30 00:00:00,0.0,0.0,2024-01-30,0
2024-01-30 01:00:00,0.0,0.0,2024-01-30,1
2024-01-30 02:00:00,0.0,0.0,2024-01-30,2
2024-01-30 03:00:00,0.0,0.0,2024-01-30,3
2024-01-30 04:00:00,0.0,0.0,2024-01-30,4
2024-01-30 05:00:00,0.0,0.0,2024-01-30,5
2024-01-30 06:00:00,0.03906767,0.1542522,2024-01-30,6
2024-01-30 07:00:00,0.1814875,0.234745,2024-01-30,7
2024-01-30 08:00:00,0.1735921,0.1722536,2024-01-30,8
2024-01-30 09:00:00,0.3333439,0.3476008,2024-01-30,9
2024-01-30 10:00:00,0.2628968,0.2587605,2024-01-30,10
2024-01-30 11:00:00,0.3784696,0.3832673,2024-01-30,11
2024-01-30 12:00:00,0.3695131,0.3736348,2024-01-30,12
2024-01-30 13:00:00,0.4615987,0.5089363,2024-01-30,13
2024-01-30 14:00:00,0.4641555,0.5660691,2024-01-30,14
2024-01-30 15:00:00,0.3163935,0.4047279,2024-01-30,15
2024-01-30 16:00:00,0.1782179,0.3034503,2024-01-30,16
2024-01-30 17:00:00,0.01200508,0.0,2024-01-30,17
2024-01-30 18:00:00,0.0,0.0,2024-01-30,18
2024-01-30 19:00:00,0.0,0.0,2024-01-30,19
2024-01-30 20:00:00,0.0,0.0,2024-01-30,20
2024-01-30 21:00:00,0.0,0.0,2024-01-30,21
2024-01-30 22:00:00,0.0,0.0,2024-01-30,22
2024-01-30 23:00:00,0.0,0.0,2024-01-30,23
2024-01-31 00:00:00,0.0,0.0,2024-01-31,0
2024-01-31 01:00:00,0.0,0.0,2024-01-31,1
2024-01-31 02:00:00,0.0,0.0,2024-01-31,2
2024-01-31 03:00:00,0.0,0.0,2024-01-31,3
2024-01-31 04:00:00,0.0,0.0,2024-01-31,4
2024-01-31 05:00:00,0.0,0.0,2024-01-31,5
2024-01-31 06:00:00,0.03147697,0.08357164,2024-01-31,6
2024-01-31 07:00:00,0.2132875,0.3037854,2024-01-31,7
2024-01-31 08:00:00,0.3826193,0.4861713,2024-01-31,8
2024-01-31 09:00:00,0.63209,0.8074813,2024-01-31,9
2024-01-31 10:00:00,0.797604,0.9990485,2024-01-31,10
2024-01-31 11:00:00,0.7896792,0.9758461,2024-01-31,11
2024-01-31 12:00:00,0.6886081,0.8325456,2024-01-31,12
2024-01-31 13:00:00,0.7099908,0.8901407,2024-01-31,13
2024-01-31 14:00:00,0.5855694,0.7570153,2024-01-31,14
2024-01-31 15:00:00,0.3752291,0.5104851,2024-01-31,15
2024-01-31 16:00:00,0.1703178,0.2791342,2024-01-31,16
2024-01-31 17:00:00,0.006444764,0.0,2024-01-31,17
2024-01-31 18:00:00,0.0,0.0,2024-01-31,18
2024-01-31 19:00:00,0.0,0.0,2024-01-31,19
2024-01-31 20:00:00,0.0,0.0,2024-01-31,20
2024-01-31 21:00:00,0.0,0.0,2024-01-31,21
2024-01-31 22:00:00,0.0,0.0,2024-01-31,22
2024-01-31 23:00:00,0.0,0.0,2024-01-31,23
2024-02-01 00:00:00,0.0,0.0,2024-02-01,0
2024-02-01 01:00:00,0.0,0.0,2024-02-01,1
2024-02-01 02:00:00,0.0,0.0,2024-02-01,2
2024-02-01 03:00:00,0.0,0.0,2024-02-01,3
2024-02-01 04:00:00,0.0,0.0,2024-02-01,4
2024-02-01 05:00:00,0.0,0.0,2024-02-01,5
2024-02-01 06:00:00,0.0226322,0.03235998,2024-02-01,6
2024-02-01 07:00:00,0.03658625,0.03576848,2024-02-01,7
2024-02-01 08:00:00,0.2876571,0.3200237,2024-02-01,8
2024-02-01 09:00:00,0.4053835,0.4475867,2024-02-01,9
2024-02-01 10:00:00,0.6320944,0.7606122,2024-02-01,10
2024-02-01 11:00:00,0.7398332,0.902745,2024-02-01,11
2024-02-01 12:00:00,0.6218607,0.7267049,2024-02-01,12
2024-02-01 13:00:00,0.6217676,0.7565143,2024-02-01,13
2024-02-01 14:00:00,0.5842181,0.752201,2024-02-01,14
2024-02-01 15:00:00,0.3975038,0.5448533,2024-02-01,15
2024-02-01 16:00:00,0.150998,0.2244041,2024-02-01,16
2024-02-01 17:00:00,0.01012322,0.0,2024-02-01,17
2024-02-01 18:00:00,0.0,0.0,2024-02-01,18
2024-02-01 19:00:00,0.0,0.0,2024-02-01,19
2024-02-01 20:00:00,0.0,0.0,2024-02-01,20
2024-02-01 21:00:00,0.0,0.0,2024-02-01,21
2024-02-01 22:00:00,0.0,0.0,2024-02-01,22
2024-02-01 23:00:00,0.0,0.0,2024-02-01,23
2024-02-02 00:00:00,0.0,0.0,2024-02-02,0
2024-02-02 01:00:00,0.0,0.0,2024-02-02,1
2024-02-02 02:00:00,0.0,0.0,2024-02-02,2
2024-02-02 03:00:00,0.0,0.0,2024-02-02,3
2024-02-02 04:00:00,0.0,0.0,2024-02-02,4
2024-02-02 05:00:00,0.0,0.0,2024-02-02,5
2024-02-02 06:00:00,0.01418405,0.01499461,2024-02-02,6
2024-02-02 07:00:00,0.105722,0.1068514,2024-02-02,7
2024-02-02 08:00:00,0.3303023,0.389084,2024-02-02,8
2024-02-02 09:00:00,0.2409717,0.2383572,2024-02-02,9
2024-02-02 10:00:00,0.3955497,0.4087471,2024-02-02,10
2024-02-02 11:00:00,0.1406054,0.1371154,2024-02-02,11
2024-02-02 12:00:00,0.2745728,0.2697627,2024-02-02,12
2024-02-02 13:00:00,0.1907861,0.1865825,2024-02-02,13
2024-02-02 14:00:00,0.08984209,0.08761691,2024-02-02,14
2024-02-02 15:00:00,0.04877581,0.04755812,2024-02-02,15
2024-02-02 16:00:00,0.02168439,0.02119349,2024-02-02,16
2024-02-02 17:00:00,0.00972227,0.0,2024-02-02,17
2024-02-02 18:00:00,0.0,0.0,2024-02-02,18
2024-02-02 19:00:00,0.0,0.0,2024-02-02,19
2024-02-02 20:00:00,0.0,0.0,2024-02-02,20
2024-02-02 21:00:00,0.0,0.0,2024-02-02,21
2024-02-02 22:00:00,0.0,0.0,2024-02-02,22
2024-02-02 23:00:00,0.0,0.0,2024-02-02,23
2024-02-03 00:00:00,0.0,0.0,2024-02-03,0
2024-02-03 01:00:00,0.0,0.0,2024-02-03,1
2024-02-03 02:00:00,0.0,0.0,2024-02-03,2
2024-02-03 03:00:00,0.0,0.0,2024-02-03,3
2024-02-03 04:00:00,0.0,0.0,2024-02-03,4
2024-02-03 05:00:00,0.0,0.0,2024-02-03,5
2024-02-03 06:00:00,0.01961967,0.02289277,2024-02-03,6
2024-02-03 07:00:00,0.1650751,0.195291,2024-02-03,7
2024-02-03 08:00:00,0.1126535,0.1102728,2024-02-03,8
2024-02-03 09:00:00,0.1142489,0.1114837,2024-02-03,9
2024-02-03 10:00:00,0.2343445,0.2295723,2024-02-03,10
2024-02-03 11:00:00,0.6937717,0.8290688,2024-02-03,11
2024-02-03 12:00:00,0.7495074,0.9147241,2024-02-03,12
2024-02-03 13:00:00,0.5524235,0.6420731,2024-02-03,13
2024-02-03 14:00:00,0.3514672,0.3783721,2024-02-03,14
2024-02-03 15:00:00,0.1567239,0.1557667,2024-02-03,15
2024-02-03 16:00:00,0.06716897,0.06691981,2024-02-03,16
2024-02-03 17:00:00,0.004686651,0.0,2024-02-03,17
2024-02-03 18:00:00,0.0,0.0,2024-02-03,18
2024-02-03 19:00:00,0.0,0.0,2024-02-03,19
2024-02-03 20:00:00,0.0,0.0,2024-02-03,20
2024-02-03 21:00:00,0.0,0.0,2024-02-03,21
2024-02-03 22:00:00,0.0,0.0,2024-02-03,22
2024-02-03 23:00:00,0.0,0.0,2024-02-03,23
2024-02-04 00:00:00,0.0,0.0,2024-02-04,0
2024-02-04 01:00:00,0.0,0.0,2024-02-04,1
2024-02-04 02:00:00,0.0,0.0,2024-02-04,2
2024-02-04 03:00:00,0.0,0.0,2024-02-04,3
2024-02-04 04:00:00,0.0,0.0,2024-02-04,4
2024-02-04 05:00:00,0.0,0.0,2024-02-04,5
2024-02-04 06:00:00,0.0278155,0.04684784,2024-02-04,6
2024-02-04 07:00:00,0.2741564,0.4151913,2024-02-04,7
2024-02-04 08:00:00,0.5300596,0.706899,2024-02-04,8
2024-02-04 09:00:00,0.7443219,0.9459894,2024-02-04,9
2024-02-04 10:00:00,0.8627477,1.071943,2024-02-04,10
2024-02-04 11:00:00,0.8897149,1.095028,2024-02-04,11
2024-02-04 12:00:00,0.909439,1.121792,2024-02-04,12
2024-02-04 13:00:00,0.8173487,1.019857,2024-02-04,13
2024-02-04 14:00:00,0.5805119,0.7380209,2024-02-04,14
2024-02-04 15:00:00,0.3463591,0.445279,2024-02-04,15
2024-02-04 16:00:00,0.1499289,0.2095512,2024-02-04,16
2024-02-04 17:00:00,0.008424424,0.0,2024-02-04,17
2024-02-04 18:00:00,0.0,0.0,2024-02-04,18
2024-02-04 19:00:00,0.0,0.0,2024-02-04,19
2024-02-04 20:00:00,0.0,0.0,2024-02-04,20
2024-02-04 21:00:00,0.0,0.0,2024-02-04,21
2024-02-04 22:00:00,0.0,0.0,2024-02-04,22
2024-02-04 23:00:00,0.0,0.0,2024-02-04,23
2024-02-05 00:00:00,0.0,0.0,2024-02-05,0
2024-02-05 01:00:00,0.0,0.0,2024-02-05,1
2024-02-05 02:00:00,0.0,0.0,2024-02-05,2
2024-02-05 03:00:00,0.0,0.0,2024-02-05,3
2024-02-05 04:00:00,0.0,0.0,2024-02-05,4
2024-02-05 05:00:00,0.0,0.0,2024-02-05,5
2024-02-05 06:00:00,0.04725203,0.1711709,2024-02-05,6
2024-02-05 07:00:00,0.2710662,0.4066734,2024-02-05,7
2024-02-05 08:00:00,0.4585682,0.6018337,2024-02-05,8
2024-02-05 09:00:00,0.4654305,0.5347818,2024-02-05,9
2024-02-05 10:00:00,0.6400322,0.7632172,2024-02-05,10
2024-02-05 11:00:00,0.8760099,1.07509,2024-02-05,11
2024-02-05 12:00:00,0.8407456,1.032466,2024-02-05,12
2024-02-05 13:00:00,0.608206,0.724804,2024-02-05,13
2024-02-05 14:00:00,0.4511837,0.5295355,2024-02-05,14
2024-02-05 15:00:00,0.3579418,0.4630412,2024-02-05,15
2024-02-05 16:00:00,0.09025302,0.09378871,2024-02-05,16
2024-02-05 17:00:00,0.008859612,0.0,2024-02-05,17
2024-02-05 18:00:00,0.0,0.0,2024-02-05,18
2024-02-05 19:00:00,0.0,0.0,2024-02-05,19
2024-02-05 20:00:00,0.0,0.0,2024-02-05,20
2024-02-05 21:00:00,0.0,0.0,2024-02-05,21
2024-02-05 22:00:00,0.0,0.0,2024-02-05,22
2024-02-05 23:00:00,0.0,0.0,2024-02-05,23
2024-02-06 00:00:00,0.0,0.0,2024-02-06,0
2024-02-06 01:00:00,0.0,0.0,2024-02-06,1
2024-02-06 02:00:00,0.0,0.0,2024-02-06,2
2024-02-06 03:00:00,0.0,0.0,2024-02-06,3
2024-02-06 04:00:00,0.0,0.0,2024-02-06,4
2024-02-06 05:00:00,0.0,0.0,2024-02-06,5
2024-02-06 06:00:00,0.03876992,0.1008972,2024-02-06,6
2024-02-06 07:00:00,0.1578493,0.1786982,2024-02-06,7
2024-02-06 08:00:00,0.3776943,0.4634117,2024-02-06,8
2024-02-06 09:00:00,0.5678785,0.695955,2024-02-06,9
2024-02-06 10:00:00,0.518159,0.5741798,2024-02-06,10
2024-02-06 11:00:00,0.7281051,0.8725016,2024-02-06,11
2024-02-06 12:00:00,0.8137041,0.9947994,2024-02-06,12
2024-02-06 13:00:00,0.4423902,0.4723207,2024-02-06,13
2024-02-06 14:00:00,0.4657108,0.5508327,2024-02-06,14
2024-02-06 15:00:00,0.3945838,0.5232825,2024-02-06,15
2024-02-06 16:00:00,0.1649493,0.2381325,2024-02-06,16
2024-02-06 17:00:00,0.01568566,0.0,2024-02-06,17
2024-02-06 18:00:00,0.0,0.0,2024-02-06,18
2024-02-06 19:00:00,0.0,0.0,2024-02-06,19
2024-02-06 20:00:00,0.0,0.0,2024-02-06,20
2024-02-06 21:00:00,0.0,0.0,2024-02-06,21
2024-02-06 22:00:00,0.0,0.0,2024-02-06,22
2024-02-06 23:00:00,0.0,0.0,2024-02-06,23
2024-02-07 00:00:00,0.0,0.0,2024-02-07,0
2024-02-07 01:00:00,0.0,0.0,2024-02-07,1
2024-02-07 02:00:00,0.0,0.0,2024-02-07,2
2024-02-07 03:00:00,0.0,0.0,2024-02-07,3
2024-02-07 04:00:00,0.0,0.0,2024-02-07,4
2024-02-07 05:00:00,0.0,0.0,2024-02-07,5
2024-02-07 06:00:00,0.03781335,0.08808729,2024-02-07,6
2024-02-07 07:00:00,0.259796,0.3795533,2024-02-07,7
2024-02-07 08:00:00,0.4997607,0.6569682,2024-02-07,8
2024-02-07 09:00:00,0.677371,0.8507193,2024-02-07,9
2024-02-07 10:00:00,0.866434,1.068046,2024-02-07,10
2024-02-07 11:00:00,0.835754,1.018862,2024-02-07,11
2024-02-07 12:00:00,0.7220861,0.8641219,2024-02-07,12
2024-02-07 13:00:00,0.6909485,0.8436227,2024-02-07,13
2024-02-07 14:00:00,0.3684058,0.3978699,2024-02-07,14
2024-02-07 15:00:00,0.2886184,0.3343385,2024-02-07,15
2024-02-07 16:00:00,0.09294788,0.09635101,2024-02-07,16
2024-02-07 17:00:00,0.01118815,0.0,2024-02-07,17
2024-02-07 18:00:00,0.0,0.0,2024-02-07,18
2024-02-07 19:00:00,0.0,0.0,2024-02-07,19
2024-02-07 20:00:00,0.0,0.0,2024-02-07,20
2024-02-07 21:00:00,0.0,0.0,2024-02-07,21
2024-02-07 22:00:00,0.0,0.0,2024-02-07,22
2024-02-07 23:00:00,0.0,0.0,2024-02-07,23
2024-02-08 00:00:00,0.0,0.0,2024-02-08,0
2024-02-08 01:00:00,0.0,0.0,2024-02-08,1
2024-02-08 02:00:00,0.0,0.0,2024-02-08,2
2024-02-08 03:00:00,0.0,0.0,2024-02-08,3
2024-02-08 04:00:00,0.0,0.0,2024-02-08,4
2024-02-08 05:00:00,0.0,0.0,2024-02-08,5
2024-02-08 06:00:00,0.02326267,0.0271128,2024-02-08,6
2024-02-08 07:00:00,0.2138031,0.2830591,2024-02-08,7
2024-02-08 08:00:00,0.33132,0.3804581,2024-02-08,8
2024-02-08 09:00:00,0.5578666,0.6750675,2024-02-08,9
2024-02-08 10:00:00,0.5342114,0.5947459,2024-02-08,10
2024-02-08 11:00:00,0.464655,0.4847111,2024-02-08,11
2024-02-08 12:00:00,0.5890872,0.6617803,2024-02-08,12
2024-02-08 13:00:00,0.7897406,0.9734038,2024-02-08,13
2024-02-08 14:00:00,0.6276101,0.7922713,2024-02-08,14
2024-02-08 15:00:00,0.3811559,0.4939516,2024-02-08,15
2024-02-08 16:00:00,0.1933383,0.2955057,2024-02-08,16
2024-02-08 17:00:00,0.01690053,0.0,2024-02-08,17
2024-02-08 18:00:00,0.0,0.0,2024-02-08,18
2024-02-08 19:00:00,0.0,0.0,2024-02-08,19
2024-02-08 20:00:00,0.0,0.0,2024-02-08,20
2024-02-08 21:00:00,0.0,0.0,2024-02-08,21
2024-02-08 22:00:00,0.0,0.0,2024-02-08,22
2024-02-08 23:00:00,0.0,0.0,2024-02-08,23
2024-02-09 00:00:00,0.0,0.0,2024-02-09,0
2024-02-09 01:00:00,0.0,0.0,2024-02-09,1
2024-02-09 02:00:00,0.0,0.0,2024-02-09,2
2024-02-09 03:00:00,0.0,0.0,2024-02-09,3
2024-02-09 04:00:00,0.0,0.0,2024-02-09,4
2024-02-09 05:00:00,0.0,0.0,2024-02-09,5
2024-02-09 06:00:00,0.004930249,0.004864033,2024-02-09,6
2024-02-09 07:00:00,0.05012287,0.0490522,2024-02-09,7
2024-02-09 08:00:00,0.04002003,0.03895082,2024-02-09,8
2024-02-09 09:00:00,0.1615618,0.1579056,2024-02-09,9
2024-02-09 10:00:00,0.1524571,0.148737,2024-02-09,10
2024-02-09 11:00:00,0.09857615,0.09597178,2024-02-09,11
2024-02-09 12:00:00,0.06108187,0.05940624,2024-02-09,12
2024-02-09 13:00:00,0.09882024,0.09625443,2024-02-09,13
2024-02-09 14:00:00,0.06683115,0.06507417,2024-02-09,14
2024-02-09 15:00:00,0.04669797,0.04549645,2024-02-09,15
2024-02-09 16:00:00,0.002301576,0.002235595,2024-02-09,16
2024-02-09 17:00:00,0.001733869,0.0,2024-02-09,17
2024-02-09 18:00:00,0.0,0.0,2024-02-09,18
2024-02-09 19:00:00,0.0,0.0,2024-02-09,19
2024-02-09 20:00:00,0.0,0.0,2024-02-09,20
2024-02-09 21:00:00,0.0,0.0,2024-02-09,21
2024-02-09 22:00:00,0.0,0.0,2024-02-09,22
2024-02-09 23:00:00,0.0,0.0,2024-02-09,23
2024-02-10 00:00:00,0.0,0.0,2024-02-10,0
2024-02-10 01:00:00,0.0,0.0,2024-02-10,1
2024-02-10 02:00:00,0.0,0.0,2024-02-10,2
2024-02-10 03:00:00,0.0,0.0,2024-02-10,3
2024-02-10 04:00:00,0.0,0.0,2024-02-10,4
2024-02-10 05:00:00,0.0,0.0,2024-02-10,5
2024-02-10 06:00:00,0.007765053,0.007720974,2024-02-10,6
2024-02-10 07:00:00,0.02089271,0.0203472,2024-02-10,7
2024-02-10 08:00:00,0.0535303,0.05214148,2024-02-10,8
2024-02-10 09:00:00,0.03585852,0.0348624,2024-02-10,9
2024-02-10 10:00:00,0.1063543,0.1035961,2024-02-10,10
2024-02-10 11:00:00,0.09749545,0.09491295,2024-02-10,11
2024-02-10 12:00:00,0.1105196,0.1076372,2024-02-10,12
2024-02-10 13:00:00,0.07461297,0.07261407,2024-02-10,13
2024-02-10 14:00:00,0.06492456,0.06320915,2024-02-10,14
2024-02-10 15:00:00,0.04692943,0.04571913,2024-02-10,15
2024-02-10 16:00:00,0.0528421,0.05196373,2024-02-10,16
2024-02-10 17:00:00,0.006122549,0.0,2024-02-10,17
2024-02-10 18:00:00,0.0,0.0,2024-02-10,18
2024-02-10 19:00:00,0.0,0.0,2024-02-10,19
2024-02-10 20:00:00,0.0,0.0,2024-02-10,20
2024-02-10 21:00:00,0.0,0.0,2024-02-10,21
2024-02-10 22:00:00,0.0,0.0,2024-02-10,22
2024-02-10 23:00:00,0.0,0.0,2024-02-10,23
2024-02-11 00:00:00,0.0,0.0,2024-02-11,0
2024-02-11 01:00:00,0.0,0.0,2024-02-11,1
2024-02-11 02:00:00,0.0,0.0,2024-02-11,2
2024-02-11 03:00:00,0.0,0.0,2024-02-11,3
2024-02-11 04:00:00,0.0,0.0,2024-02-11,4
2024-02-11 05:00:00,0.0,0.0,2024-02-11,5
2024-02-11 06:00:00,0.03762459,0.06649127,2024-02-11,6
2024-02-11 07:00:00,0.185048,0.2192723,2024-02-11,7
2024-02-11 08:00:00,0.4810147,0.6181417,2024-02-11,8
2024-02-11 09:00:00,0.6763508,0.8381415,2024-02-11,9
2024-02-11 10:00:00,0.6090459,0.7013941,2024-02-11,10
2024-02-11 11:00:00,0.652173,0.7467979,2024-02-11,11
2024-02-11 12:00:00,0.5737801,0.6336432,2024-02-11,12
2024-02-11 13:00:00,0.5122154,0.5649174,2024-02-11,13
2024-02-11 14:00:00,0.5687395,0.699553,2024-02-11,14
2024-02-11 15:00:00,0.4200517,0.5476705,2024-02-11,15
2024-02-11 16:00:00,0.1303153,0.1499937,2024-02-11,16
2024-02-11 17:00:00,0.01852412,0.0,2024-02-11,17
2024-02-11 18:00:00,0.0,0.0,2024-02-11,18
2024-02-11 19:00:00,0.0,0.0,2024-02-11,19
2024-02-11 20:00:00,0.0,0.0,2024-02-11,20
2024-02-11 21:00:00,0.0,0.0,2024-02-11,21
2024-02-11 22:00:00,0.0,0.0,2024-02-11,22
2024-02-11 23:00:00,0.0,0.0,2024-02-11,23
2024-02-12 00:00:00,0.0,0.0,2024-02-12,0
2024-02-12 01:00:00,0.0,0.0,2024-02-12,1
2024-02-12 02:00:00,0.0,0.0,2024-02-12,2
2024-02-12 03:00:00,0.0,0.0,2024-02-12,3
2024-02-12 04:00:00,0.0,0.0,2024-02-12,4
2024-02-12 05:00:00,0.0,0.0,2024-02-12,5
2024-02-12 06:00:00,0.0210956,0.02201673,2024-02-12,6
2024-02-12 07:00:00,0.128675,0.1318945,2024-02-12,7
2024-02-12 08:00:00,0.2216261,0.2234672,2024-02-12,8
2024-02-12 09:00:00,0.3824588,0.4030332,2024-02-12,9
2024-02-12 10:00:00,0.4831813,0.5158606,2024-02-12,10
2024-02-12 11:00:00,0.5637895,0.6151966,2024-02-12,11
2024-02-12 12:00:00,0.5313556,0.571713,2024-02-12,12
2024-02-12 13:00:00,0.3871025,0.3956063,2024-02-12,13
2024-02-12 14:00:00,0.2696895,0.2695642,2024-02-12,14
2024-02-12 15:00:00,0.2891371,0.3259187,2024-02-12,15
2024-02-12 16:00:00,0.1812267,0.2520591,2024-02-12,16
2024-02-12 17:00:00,0.01282422,0.0,2024-02-12,17
2024-02-12 18:00:00,0.0,0.0,2024-02-12,18
2024-02-12 19:00:00,0.0,0.0,2024-02-12,19
2024-02-12 20:00:00,0.0,0.0,2024-02-12,20
2024-02-12 21:00:00,0.0,0.0,2024-02-12,21
2024-02-12 22:00:00,0.0,0.0,2024-02-12,22
2024-02-12 23:00:00,0.0,0.0,2024-02-12,23
2024-02-13 00:00:00,0.0,0.0,2024-02-13,0
2024-02-13 01:00:00,0.0,0.0,2024-02-13,1
2024-02-13 02:00:00,0.0,0.0,2024-02-13,2
2024-02-13 03:00:00,0.0,0.0,2024-02-13,3
2024-02-13 04:00:00,0.0,0.0,2024-02-13,4
2024-02-13 05:00:00,0.0,0.0,2024-02-13,5
2024-02-13 06:00:00,0.03321554,0.04479707,2024-02-13,6
2024-02-13 07:00:00,0.2229022,0.2869958,2024-02-13,7
2024-02-13 08:00:00,0.3903888,0.4675677,2024-02-13,8
2024-02-13 09:00:00,0.5088848,0.5862432,2024-02-13,9
2024-02-13 10:00:00,0.6447694,0.7501309,2024-02-13,10
2024-02-13 11:00:00,0.7864692,0.9360123,2024-02-13,11
2024-02-13 12:00:00,0.8123869,0.9732572,2024-02-13,12
2024-02-13 13:00:00,0.5652835,0.6397708,2024-02-13,13
2024-02-13 14:00:00,0.569162,0.6941884,2024-02-13,14
2024-02-13 15:00:00,0.3409218,0.4096469,2024-02-13,15
2024-02-13 16:00:00,0.1610502,0.2052646,2024-02-13,16
2024-02-13 17:00:00,0.01408683,0.0,2024-02-13,17
2024-02-13 18:00:00,0.0,0.0,2024-02-13,18
2024-02-13 19:00:00,0.0,0.0,2024-02-13,19
2024-02-13 20:00:00,0.0,0.0,2024-02-13,20
2024-02-13 21:00:00,0.0,0.0,2024-02-13,21
2024-02-13 22:00:00,0.0,0.0,2024-02-13,22
2024-02-13 23:00:00,0.0,0.0,2024-02-13,23
2024-02-14 00:00:00,0.0,0.0,2024-02-14,0
2024-02-14 01:00:00,0.0,0.0,2024-02-14,1
2024-02-14 02:00:00,0.0,0.0,2024-02-14,2
2024-02-14 03:00:00,0.0,0.0,2024-02-14,3
2024-02-14 04:00:00,0.0,0.0,2024-02-14,4
2024-02-14 05:00:00,0.0,0.0,2024-02-14,5
2024-02-14 06:00:00,0.05614899,0.1378395,2024-02-14,6
2024-02-14 07:00:00,0.2473619,0.3314898,2024-02-14,7
2024-02-14 08:00:00,0.4787448,0.6054454,2024-02-14,8
2024-02-14 09:00:00,0.5512652,0.64898,2024-02-14,9
2024-02-14 10:00:00,0.7460578,0.8930448,2024-02-14,10
2024-02-14 11:00:00,0.7512362,0.8839474,2024-02-14,11
2024-02-14 12:00:00,0.8711728,1.045653,2024-02-14,12
2024-02-14 13:00:00,0.710243,0.8506808,2024-02-14,13
2024-02-14 14:00:00,0.5875296,0.718114,2024-02-14,14
2024-02-14 15:00:00,0.3861337,0.4831921,2024-02-14,15
2024-02-14 16:00:00,0.1865587,0.2562133,2024-02-14,16
2024-02-14 17:00:00,0.02387921,0.0,2024-02-14,17
2024-02-14 18:00:00,0.0,0.0,2024-02-14,18
2024-02-14 19:00:00,0.0,0.0,2024-02-14,19
2024-02-14 20:00:00,0.0,0.0,2024-02-14,20
2024-02-14 21:00:00,0.0,0.0,2024-02-14,21
2024-02-14 22:00:00,0.0,0.0,2024-02-14,22
2024-02-14 23:00:00,0.0,0.0,2024-02-14,23
2024-02-15 00:00:00,0.0,0.0,2024-02-15,0
2024-02-15 01:00:00,0.0,0.0,2024-02-15,1
2024-02-15 02:00:00,0.0,0.0,2024-02-15,2
2024-02-15 03:00:00,0.0,0.0,2024-02-15,3
2024-02-15 04:00:00,0.0,0.0,2024-02-15,4
2024-02-15 05:00:00,0.0,0.0,2024-02-15,5
2024-02-15 06:00:00,0.05868816,0.1411972,2024-02-15,6
2024-02-15 07:00:00,0.3016383,0.4227242,2024-02-15,7
2024-02-15 08:00:00,0.5169868,0.6566148,2024-02-15,8
2024-02-15 09:00:00,0.6071069,0.7298263,2024-02-15,9
2024-02-15 10:00:00,0.7794127,0.9349229,2024-02-15,10
2024-02-15 11:00:00,0.6045796,0.6684195,2024-02-15,11
2024-02-15 12:00:00,0.7417355,0.8702976,2024-02-15,12
2024-02-15 13:00:00,0.6288314,0.7300182,2024-02-15,13
2024-02-15 14:00:00,0.5832746,0.7089329,2024-02-15,14
2024-02-15 15:00:00,0.3622199,0.4402793,2024-02-15,15
2024-02-15 16:00:00,0.1982972,0.2772039,2024-02-15,16
2024-02-15 17:00:00,0.02074447,0.0,2024-02-15,17
2024-02-15 18:00:00,0.0,0.0,2024-02-15,18
2024-02-15 19:00:00,0.0,0.0,2024-02-15,19
2024-02-15 20:00:00,0.0,0.0,2024-02-15,20
2024-02-15 21:00:00,0.0,0.0,2024-02-15,21
2024-02-15 22:00:00,0.0,0.0,2024-02-15,22
2024-02-15 23:00:00,0.0,0.0,2024-02-15,23
2024-02-16 00:00:00,0.0,0.0,2024-02-16,0
2024-02-16 01:00:00,0.0,0.0,2024-02-16,1
2024-02-16 02:00:00,0.0,0.0,2024-02-16,2
2024-02-16 03:00:00,0.0,0.0,2024-02-16,3
2024-02-16 04:00:00,0.0,0.0,2024-02-16,4
2024-02-16 05:00:00,0.0,0.0,2024-02-16,5
2024-02-16 06:00:00,0.04218386,0.06454492,2024-02-16,6
2024-02-16 07:00:00,0.2101996,0.2546131,2024-02-16,7
2024-02-16 08:00:00,0.4526616,0.5595074,2024-02-16,8
2024-02-16 09:00:00,0.5474308,0.6379111,2024-02-16,9
2024-02-16 10:00:00,0.8439768,1.013565,2024-02-16,10
2024-02-16 11:00:00,0.8602771,1.024752,2024-02-16,11
2024-02-16 12:00:00,0.7689236,0.9055718,2024-02-16,12
2024-02-16 13:00:00,0.6941403,0.8222114,2024-02-16,13
2024-02-16 14:00:00,0.421344,0.4617904,2024-02-16,14
2024-02-16 15:00:00,0.4841355,0.6231356,2024-02-16,15
2024-02-16 16:00:00,0.2586423,0.3812789,2024-02-16,16
2024-02-16 17:00:00,0.0269316,0.0,2024-02-16,17
2024-02-16 18:00:00,0.0,0.0,2024-02-16,18
2024-02-16 19:00:00,0.0,0.0,2024-02-16,19
2024-02-16 20:00:00,0.0,0.0,2024-02-16,20
2024-02-16 21:00:00,0.0,0.0,2024-02-16,21
2024-02-16 22:00:00,0.0,0.0,2024-02-16,22
2024-02-16 23:00:00,0.0,0.0,2024-02-16,23
2024-02-17 00:00:00,0.0,0.0,2024-02-17,0
2024-02-17 01:00:00,0.0,0.0,2024-02-17,1
2024-02-17 02:00:00,0.0,0.0,2024-02-17,2
2024-02-17 03:00:00,0.0,0.0,2024-02-17,3
2024-02-17 04:00:00,0.0,0.0,2024-02-17,4
2024-02-17 05:00:00,0.0,0.0,2024-02-17,5
2024-02-17 06:00:00,0.04907437,0.08536754,2024-02-17,6
2024-02-17 07:00:00,0.2003106,0.2346123,2024-02-17,7
2024-02-17 08:00:00,0.326046,0.3574954,2024-02-17,8
2024-02-17 09:00:00,0.72228,0.8789381,2024-02-17,9
2024-02-17 10:00:00,0.9251779,1.110121,2024-02-17,10
2024-02-17 11:00:00,0.8997278,1.070612,2024-02-17,11
2024-02-17 12:00:00,0.7888927,0.9300494,2024-02-17,12
2024-02-17 13:00:00,0.6711648,0.7865569,2024-02-17,13
2024-02-17 14:00:00,0.6125416,0.7444749,2024-02-17,14
2024-02-17 15:00:00,0.2898264,0.3190705,2024-02-17,15
2024-02-17 16:00:00,0.1741217,0.2206971,2024-02-17,16
2024-02-17 17:00:00,0.01239652,0.0154002,2024-02-17,17
2024-02-17 18:00:00,0.0,0.0,2024-02-17,18
2024-02-17 19:00:00,0.0,0.0,2024-02-17,19
2024-02-17 20:00:00,0.0,0.0,2024-02-17,20
2024-02-17 21:00:00,0.0,0.0,2024-02-17,21
2024-02-17 22:00:00,0.0,0.0,2024-02-17,22
2024-02-17 23:00:00,0.0,0.0,2024-02-17,23
2024-02-18 00:00:00,0.0,0.0,2024-02-18,0
2024-02-18 01:00:00,0.0,0.0,2024-02-18,1
2024-02-18 02:00:00,0.0,0.0,2024-02-18,2
2024-02-18 03:00:00,0.0,0.0,2024-02-18,3
2024-02-18 04:00:00,0.0,0.0,2024-02-18,4
2024-02-18 05:00:00,0.0,0.0,2024-02-18,5
2024-02-18 06:00:00,0.06789831,0.1538203,2024-02-18,6
2024-02-18 07:00:00,0.2471701,0.317511,2024-02-18,7
2024-02-18 08:00:00,0.4533328,0.5543267,2024-02-18,8
2024-02-18 09:00:00,0.8106562,0.9857952,2024-02-18,9
2024-02-18 10:00:00,0.8888449,1.062391,2024-02-18,10
2024-02-18 11:00:00,0.8222499,0.9696431,2024-02-18,11
2024-02-18 12:00:00,0.9077134,1.078514,2024-02-18,12
2024-02-18 13:00:00,0.7719707,0.9218532,2024-02-18,13
2024-02-18 14:00:00,0.5099441,0.5906728,2024-02-18,14
2024-02-18 15:00:00,0.2080195,0.2097176,2024-02-18,15
2024-02-18 16:00:00,0.1339907,0.1467976,2024-02-18,16
2024-02-18 17:00:00,0.02196702,0.06470338,2024-02-18,17
2024-02-18 18:00:00,0.0,0.0,2024-02-18,18
2024-02-18 19:00:00,0.0,0.0,2024-02-18,19
2024-02-18 20:00:00,0.0,0.0,2024-02-18,20
2024-02-18 21:00:00,0.0,0.0,2024-02-18,21
2024-02-18 22:00:00,0.0,0.0,2024-02-18,22
2024-02-18 23:00:00,0.0,0.0,2024-02-18,23
2024-02-19 00:00:00,0.0,0.0,2024-02-19,0
2024-02-19 01:00:00,0.0,0.0,2024-02-19,1
2024-02-19 02:00:00,0.0,0.0,2024-02-19,2
2024-02-19 03:00:00,0.0,0.0,2024-02-19,3
2024-02-19 04:00:00,0.0,0.0,2024-02-19,4
2024-02-19 05:00:00,0.0,0.0,2024-02-19,5
2024-02-19 06:00:00,0.04158572,0.05412615,2024-02-19,6
2024-02-19 07:00:00,0.1923895,0.2174365,2024-02-19,7
2024-02-19 08:00:00,0.3995531,0.4669414,2024-02-19,8
2024-02-19 09:00:00,0.4334644,0.4643999,2024-02-19,9
2024-02-19 10:00:00,0.8217068,0.9772563,2024-02-19,10
2024-02-19 11:00:00,0.8598657,1.01535,2024-02-19,11
2024-02-19 12:00:00,0.7880998,0.9231489,2024-02-19,12
2024-02-19 13:00:00,0.8535458,1.019984,2024-02-19,13
2024-02-19 14:00:00,0.4899503,0.5580711,2024-02-19,14
2024-02-19 15:00:00,0.3473596,0.4055468,2024-02-19,15
2024-02-19 16:00:00,0.2177082,0.3006577,2024-02-19,16
2024-02-19 17:00:00,0.0231963,0.07058749,2024-02-19,17
2024-02-19 18:00:00,0.0,0.0,2024-02-19,18
2024-02-19 19:00:00,0.0,0.0,2024-02-19,19
2024-02-19 20:00:00,0.0,0.0,2024-02-19,20
2024-02-19 21:00:00,0.0,0.0,2024-02-19,21
2024-02-19 22:00:00,0.0,0.0,2024-02-19,22
2024-02-19 23:00:00,0.0,0.0,2024-02-19,23
2024-02-20 00:00:00,0.0,0.0,2024-02-20,0
2024-02-20 01:00:00,0.0,0.0,2024-02-20,1
2024-02-20 02:00:00,0.0,0.0,2024-02-20,2
2024-02-20 03:00:00,0.0,0.0,2024-02-20,3
2024-02-20 04:00:00,0.0,0.0,2024-02-20,4
2024-02-20 05:00:00,0.0,0.0,2024-02-20,5
2024-02-20 06:00:00,0.01788766,0.01780253,2024-02-20,6
2024-02-20 07:00:00,0.03432528,0.03345191,2024-02-20,7
2024-02-20 08:00:00,0.1585614,0.1552761,2024-02-20,8
2024-02-20 09:00:00,0.2036242,0.1991029,2024-02-20,9
2024-02-20 10:00:00,0.3367134,0.333633,2024-02-20,10
2024-02-20 11:00:00,0.5112312,0.5336264,2024-02-20,11
2024-02-20 12:00:00,0.2394033,0.2338354,2024-02-20,12
2024-02-20 13:00:00,0.1288102,0.125504,2024-02-20,13
2024-02-20 14:00:00,0.1189559,0.1159887,2024-02-20,14
2024-02-20 15:00:00,0.1787633,0.1768525,2024-02-20,15
2024-02-20 16:00:00,0.1155275,0.1192847,2024-02-20,16
2024-02-20 17:00:00,0.02622144,0.09282207,2024-02-20,17
2024-02-20 18:00:00,0.0,0.0,2024-02-20,18
2024-02-20 19:00:00,0.0,0.0,2024-02-20,19
2024-02-20 20:00:00,0.0,0.0,2024-02-20,20
2024-02-20 21:00:00,0.0,0.0,2024-02-20,21
2024-02-20 22:00:00,0.0,0.0,2024-02-20,22
2024-02-20 23:00:00,0.0,0.0,2024-02-20,23
2024-02-21 00:00:00,0.0,0.0,2024-02-21,0
2024-02-21 01:00:00,0.0,0.0,2024-02-21,1
2024-02-21 02:00:00,0.0,0.0,2024-02-21,2
2024-02-21 03:00:00,0.0,0.0,2024-02-21,3
2024-02-21 04:00:00,0.0,0.0,2024-02-21,4
2024-02-21 05:00:00,0.0,0.0,2024-02-21,5
2024-02-21 06:00:00,0.05914123,0.1004737,2024-02-21,6
2024-02-21 07:00:00,0.1288088,0.1290483,2024-02-21,7
2024-02-21 08:00:00,0.4433293,0.5297471,2024-02-21,8
2024-02-21 09:00:00,0.6062577,0.7109644,2024-02-21,9
2024-02-21 10:00:00,0.4736215,0.4933328,2024-02-21,10
2024-02-21 11:00:00,0.7491534,0.861507,2024-02-21,11
2024-02-21 12:00:00,0.663581,0.7430351,2024-02-21,12
2024-02-21 13:00:00,0.5563577,0.6108158,2024-02-21,13
2024-02-21 14:00:00,0.472032,0.527186,2024-02-21,14
2024-02-21 15:00:00,0.2936624,0.3191618,2024-02-21,15
2024-02-21 16:00:00,0.1008928,0.1012797,2024-02-21,16
2024-02-21 17:00:00,0.01315648,0.01529194,2024-02-21,17
2024-02-21 18:00:00,0.0,0.0,2024-02-21,18
2024-02-21 19:00:00,0.0,0.0,2024-02-21,19
2024-02-21 20:00:00,0.0,0.0,2024-02-21,20
2024-02-21 21:00:00,0.0,0.0,2024-02-21,21
2024-02-21 22:00:00,0.0,0.0,2024-02-21,22
2024-02-21 23:00:00,0.0,0.0,2024-02-21,23
2024-02-22 00:00:00,0.0,0.0,2024-02-22,0
2024-02-22 01:00:00,0.0,0.0,2024-02-22,1
2024-02-22 02:00:00,0.0,0.0,2024-02-22,2
2024-02-22 03:00:00,0.0,0.0,2024-02-22,3
2024-02-22 04:00:00,0.0,0.0,2024-02-22,4
2024-02-22 05:00:00,0.0,0.0,2024-02-22,5
2024-02-22 06:00:00,0.07524921,0.1483387,2024-02-22,6
2024-02-22 07:00:00,0.2325813,0.2789803,2024-02-22,7
2024-02-22 08:00:00,0.239007,0.2400095,2024-02-22,8
2024-02-22 09:00:00,0.5162075,0.5769948,2024-02-22,9
2024-02-22 10:00:00,0.8513278,1.004594,2024-02-22,10
2024-02-22 11:00:00,0.7672539,0.8837662,2024-02-22,11
2024-02-22 12:00:00,0.5245857,0.5502012,2024-02-22,12
2024-02-22 13:00:00,0.621357,0.7017432,2024-02-22,13
2024-02-22 14:00:00,0.636617,0.7620432,2024-02-22,14
2024-02-22 15:00:00,0.4529948,0.5612975,2024-02-22,15
2024-02-22 16:00:00,0.2144068,0.2838192,2024-02-22,16
2024-02-22 17:00:00,0.02872107,0.1054304,2024-02-22,17
2024-02-22 18:00:00,0.0,0.0,2024-02-22,18
2024-02-22 19:00:00,0.0,0.0,2024-02-22,19
2024-02-22 20:00:00,0.0,0.0,2024-02-22,20
2024-02-22 21:00:00,0.0,0.0,2024-02-22,21
2024-02-22 22:00:00,0.0,0.0,2024-02-22,22
2024-02-22 23:00:00,0.0,0.0,2024-02-22,23
2024-02-23 00:00:00,0.0,0.0,2024-02-23,0
2024-02-23 01:00:00,0.0,0.0,2024-02-23,1
2024-02-23 02:00:00,0.0,0.0,2024-02-23,2
2024-02-23 03:00:00,0.0,0.0,2024-02-23,3
2024-02-23 04:00:00,0.0,0.0,2024-02-23,4
2024-02-23 05:00:00,0.0,0.0,2024-02-23,5
2024-02-23 06:00:00,0.06544489,0.1100125,2024-02-23,6
2024-02-23 07:00:00,0.2706402,0.3421282,2024-02-23,7
2024-02-23 08:00:00,0.4971369,0.6031086,2024-02-23,8
2024-02-23 09:00:00,0.694827,0.8258279,2024-02-23,9
2024-02-23 10:00:00,0.8714314,1.025673,2024-02-23,10
2024-02-23 11:00:00,0.8988171,1.051703,2024-02-23,11
2024-02-23 12:00:00,0.9455619,1.108744,2024-02-23,12
2024-02-23 13:00:00,0.7446516,0.8710793,2024-02-23,13
2024-02-23 14:00:00,0.5667063,0.661714,2024-02-23,14
2024-02-23 15:00:00,0.4272364,0.5204733,2024-02-23,15
2024-02-23 16:00:00,0.1737058,0.2054405,2024-02-23,16
2024-02-23 17:00:00,0.01743873,0.02509285,2024-02-23,17
2024-02-23 18:00:00,0.0,0.0,2024-02-23,18
2024-02-23 19:00:00,0.0,0.0,2024-02-23,19
2024-02-23 20:00:00,0.0,0.0,2024-02-23,20
2024-02-23 21:00:00,0.0,0.0,2024-02-23,21
2024-02-23 22:00:00,0.0,0.0,2024-02-23,22
2024-02-23 23:00:00,0.0,0.0,2024-02-23,23
2024-02-24 00:00:00,0.0,0.0,2024-02-24,0
2024-02-24 01:00:00,0.0,0.0,2024-02-24,1
2024-02-24 02:00:00,0.0,0.0,2024-02-24,2
2024-02-24 03:00:00,0.0,0.0,2024-02-24,3
2024-02-24 04:00:00,0.0,0.0,2024-02-24,4
2024-02-24 05:00:00,0.0,0.0,2024-02-24,5
2024-02-24 06:00:00,0.06162724,0.09292533,2024-02-24,6
2024-02-24 07:00:00,0.2868415,0.3657575,2024-02-24,7
2024-02-24 08:00:00,0.592602,0.7245821,2024-02-24,8
2024-02-24 09:00:00,0.709899,0.8419444,2024-02-24,9
2024-02-24 10:00:00,0.8668489,1.017101,2024-02-24,10
2024-02-24 11:00:00,0.8233565,0.9532952,2024-02-24,11
2024-02-24 12:00:00,0.8743166,1.019961,2024-02-24,12
2024-02-24 13:00:00,0.8062266,0.9471837,2024-02-24,13
2024-02-24 14:00:00,0.729235,0.8721911,2024-02-24,14
2024-02-24 15:00:00,0.5448039,0.6753634,2024-02-24,15
2024-02-24 16:00:00,0.2943314,0.4036506,2024-02-24,16
2024-02-24 17:00:00,0.03657116,0.1655483,2024-02-24,17
2024-02-24 18:00:00,0.0,0.0,2024-02-24,18
2024-02-24 19:00:00,0.0,0.0,2024-02-24,19
2024-02-24 20:00:00,0.0,0.0,2024-02-24,20
2024-02-24 21:00:00,0.0,0.0,2024-02-24,21
2024-02-24 22:00:00,0.0,0.0,2024-02-24,22
2024-02-24 23:00:00,0.0,0.0,2024-02-24,23
2024-02-25 00:00:00,0.0,0.0,2024-02-25,0
2024-02-25 01:00:00,0.0,0.0,2024-02-25,1
2024-02-25 02:00:00,0.0,0.0,2024-02-25,2
2024-02-25 03:00:00,0.0,0.0,2024-02-25,3
2024-02-25 04:00:00,0.0,0.0,2024-02-25,4
2024-02-25 05:00:00,0.0,0.0,2024-02-25,5
2024-02-25 06:00:00,0.08151247,0.1461636,2024-02-25,6
2024-02-25 07:00:00,0.2916947,0.3700275,2024-02-25,7
2024-02-25 08:00:00,0.5711408,0.6944334,2024-02-25,8
2024-02-25 09:00:00,0.7471604,0.8846965,2024-02-25,9
2024-02-25 10:00:00,0.8571013,1.002412,2024-02-25,10
2024-02-25 11:00:00,0.8811772,1.023984,2024-02-25,11
2024-02-25 12:00:00,0.9648625,1.125408,2024-02-25,12
2024-02-25 13:00:00,0.8094382,0.9481308,2024-02-25,13
2024-02-25 14:00:00,0.6394978,0.756784,2024-02-25,14
2024-02-25 15:00:00,0.5044656,0.6210168,2024-02-25,15
2024-02-25 16:00:00,0.2360759,0.3123174,2024-02-25,16
2024-02-25 17:00:00,0.03268114,0.1262701,2024-02-25,17
2024-02-25 18:00:00,0.0,0.0,2024-02-25,18
2024-02-25 19:00:00,0.0,0.0,2024-02-25,19
2024-02-25 20:00:00,0.0,0.0,2024-02-25,20
2024-02-25 21:00:00,0.0,0.0,2024-02-25,21
2024-02-25 22:00:00,0.0,0.0,2024-02-25,22
2024-02-25 23:00:00,0.0,0.0,2024-02-25,23
2024-02-26 00:00:00,0.0,0.0,2024-02-26,0
2024-02-26 01:00:00,0.0,0.0,2024-02-26,1
2024-02-26 02:00:00,0.0,0.0,2024-02-26,2
2024-02-26 03:00:00,0.0,0.0,2024-02-26,3
2024-02-26 04:00:00,0.0,0.0,2024-02-26,4
2024-02-26 05:00:00,0.0,0.0,2024-02-26,5
2024-02-26 06:00:00,0.06391602,0.09051062,2024-02-26,6
2024-02-26 07:00:00,0.2506595,0.2984985,2024-02-26,7
2024-02-26 08:00:00,0.3537309,0.3832462,2024-02-26,8
2024-02-26 09:00:00,0.6363794,0.7384384,2024-02-26,9
2024-02-26 10:00:00,0.5637469,0.6058557,2024-02-26,10
2024-02-26 11:00:00,0.6867846,0.7617707,2024-02-26,11
2024-02-26 12:00:00,0.611522,0.6604334,2024-02-26,12
2024-02-26 13:00:00,0.523437,0.5574739,2024-02-26,13
2024-02-26 14:00:00,0.4390602,0.4718423,2024-02-26,14
2024-02-26 15:00:00,0.2719831,0.2841007,2024-02-26,15
2024-02-26 16:00:00,0.1275457,0.1316493,2024-02-26,16
2024-02-26 17:00:00,0.01209966,0.01280517,2024-02-26,17
2024-02-26 18:00:00,0.0,0.0,2024-02-26,18
2024-02-26 19:00:00,0.0,0.0,2024-02-26,19
2024-02-26 20:00:00,0.0,0.0,2024-02-26,20
2024-02-26 21:00:00,0.0,0.0,2024-02-26,21
2024-02-26 22:00:00,0.0,0.0,2024-02-26,22
2024-02-26 23:00:00,0.0,0.0,2024-02-26,23
2024-02-27 00:00:00,0.0,0.0,2024-02-27,0
2024-02-27 01:00:00,0.0,0.0,2024-02-27,1
2024-02-27 02:00:00,0.0,0.0,2024-02-27,2
2024-02-27 03:00:00,0.0,0.0,2024-02-27,3
2024-02-27 04:00:00,0.0,0.0,2024-02-27,4
2024-02-27 05:00:00,0.0,0.0,2024-02-27,5
2024-02-27 06:00:00,0.09340338,0.1633148,2024-02-27,6
2024-02-27 07:00:00,0.3065207,0.3861159,2024-02-27,7
2024-02-27 08:00:00,0.5622237,0.6768503,2024-02-27,8
2024-02-27 09:00:00,0.7931854,0.93366,2024-02-27,9
2024-02-27 10:00:00,0.8596071,0.9992732,2024-02-27,10
2024-02-27 11:00:00,0.9582257,1.110142,2024-02-27,11
2024-02-27 12:00:00,0.9604167,1.113741,2024-02-27,12
2024-02-27 13:00:00,0.8768898,1.022912,2024-02-27,13
2024-02-27 14:00:00,0.6287331,0.7364979,2024-02-27,14
2024-02-27 15:00:00,0.5018997,0.6114736,2024-02-27,15
2024-02-27 16:00:00,0.2412816,0.3142959,2024-02-27,16
2024-02-27 17:00:00,0.04305308,0.1704322,2024-02-27,17
2024-02-27 18:00:00,0.0,0.0,2024-02-27,18
2024-02-27 19:00:00,0.0,0.0,2024-02-27,19
2024-02-27 20:00:00,0.0,0.0,2024-02-27,20
2024-02-27 21:00:00,0.0,0.0,2024-02-27,21
2024-02-27 22:00:00,0.0,0.0,2024-02-27,22
2024-02-27 23:00:00,0.0,0.0,2024-02-27,23
2024-02-28 00:00:00,0.0,0.0,2024-02-28,0
2024-02-28 01:00:00,0.0,0.0,2024-02-28,1
2024-02-28 02:00:00,0.0,0.0,2024-02-28,2
2024-02-28 03:00:00,0.0,0.0,2024-02-28,3
2024-02-28 04:00:00,0.0,0.0,2024-02-28,4
2024-02-28 05:00:00,0.0,0.0,2024-02-28,5
2024-02-28 06:00:00,0.1048457,0.1808589,2024-02-28,6
2024-02-28 07:00:00,0.2957476,0.3657217,2024-02-28,7
2024-02-28 08:00:00,0.5998434,0.7198424,2024-02-28,8
2024-02-28 09:00:00,0.7639657,0.8953829,2024-02-28,9
2024-02-28 10:00:00,0.80745,0.9317957,2024-02-28,10
2024-02-28 11:00:00,0.9425974,1.088614,2024-02-28,11
2024-02-28 12:00:00,0.937036,1.083033,2024-02-28,12
2024-02-28 13:00:00,0.8617812,1.001838,2024-02-28,13
2024-02-28 14:00:00,0.6810187,0.8009523,2024-02-28,14
2024-02-28 15:00:00,0.4744259,0.5723039,2024-02-28,15
2024-02-28 16:00:00,0.2766972,0.3649088,2024-02-28,16
2024-02-28 17:00:00,0.03894896,0.1296103,2024-02-28,17
2024-02-28 18:00:00,0.0,0.0,2024-02-28,18
2024-02-28 19:00:00,0.0,0.0,2024-02-28,19
2024-02-28 20:00:00,0.0,0.0,2024-02-28,20
2024-02-28 21:00:00,0.0,0.0,2024-02-28,21
2024-02-28 22:00:00,0.0,0.0,2024-02-28,22
2024-02-28 23:00:00,0.0,0.0,2024-02-28,23
2024-02-29 00:00:00,0.0,0.0,2024-02-29,0
2024-02-29 01:00:00,0.0,0.0,2024-02-29,1
2024-02-29 02:00:00,0.0,0.0,2024-02-29,2
2024-02-29 03:00:00,0.0,0.0,2024-02-29,3
2024-02-29 04:00:00,0.0,0.0,2024-02-29,4
2024-02-29 05:00:00,0.0,0.0,2024-02-29,5
2024-02-29 06:00:00,0.07709382,0.111137,2024-02-29,6
2024-02-29 07:00:00,0.2765088,0.3316767,2024-02-29,7
2024-02-29 08:00:00,0.4779143,0.5566055,2024-02-29,8
2024-02-29 09:00:00,0.7752101,0.9055834,2024-02-29,9
2024-02-29 10:00:00,0.9468894,1.096097,2024-02-29,10
2024-02-29 11:00:00,0.9880607,1.138856,2024-02-29,11
2024-02-29 12:00:00,0.9178321,1.057425,2024-02-29,12
2024-02-29 13:00:00,0.7101434,0.807726,2024-02-29,13
2024-02-29 14:00:00,0.6373518,0.7420191,2024-02-29,14
2024-02-29 15:00:00,0.4765657,0.5720977,2024-02-29,15
2024-02-29 16:00:00,0.2775387,0.3626951,2024-02-29,16
2024-02-29 17:00:00,0.0472047,0.1585612,2024-02-29,17
2024-02-29 18:00:00,0.0,0.0,2024-02-29,18
2024-02-29 19:00:00,0.0,0.0,2024-02-29,19
2024-02-29 20:00:00,0.0,0.0,2024-02-29,20
2024-02-29 21:00:00,0.0,0.0,2024-02-29,21
2024-02-29 22:00:00,0.0,0.0,2024-02-29,22
2024-02-29 23:00:00,0.0,0.0,2024-02-29,23
2024-03-01 00:00:00,0.0,0.0,2024-03-01,0
2024-03-01 01:00:00,0.0,0.0,2024-03-01,1
2024-03-01 02:00:00,0.0,0.0,2024-03-01,2
2024-03-01 03:00:00,0.0,0.0,2024-03-01,3
2024-03-01 04:00:00,0.0,0.0,2024-03-01,4
2024-03-01 05:00:00,0.0,0.0,2024-03-01,5
2024-03-01 06:00:00,0.03344371,0.03317239,2024-03-01,6
2024-03-01 07:00:00,0.2026754,0.2161585,2024-03-01,7
2024-03-01 08:00:00,0.2258299,0.2233498,2024-03-01,8
2024-03-01 09:00:00,0.1948572,0.1901951,2024-03-01,9
2024-03-01 10:00:00,0.3179027,0.3123108,2024-03-01,10
2024-03-01 11:00:00,0.2049692,0.1998353,2024-03-01,11
2024-03-01 12:00:00,0.3747029,0.3704334,2024-03-01,12
2024-03-01 13:00:00,0.2045364,0.1995339,2024-03-01,13
2024-03-01 14:00:00,0.1676092,0.1635439,2024-03-01,14
2024-03-01 15:00:00,0.09953832,0.09708235,2024-03-01,15
2024-03-01 16:00:00,0.0351244,0.03423385,2024-03-01,16
2024-03-01 17:00:00,0.01645446,0.01747811,2024-03-01,17
2024-03-01 18:00:00,0.0,0.0,2024-03-01,18
2024-03-01 19:00:00,0.0,0.0,2024-03-01,19
2024-03-01 20:00:00,0.0,0.0,2024-03-01,20
2024-03-01 21:00:00,0.0,0.0,2024-03-01,21
2024-03-01 22:00:00,0.0,0.0,2024-03-01,22
2024-03-01 23:00:00,0.0,0.0,2024-03-01,23
2024-03-02 00:00:00,0.0,0.0,2024-03-02,0
2024-03-02 01:00:00,0.0,0.0,2024-03-02,1
2024-03-02 02:00:00,0.0,0.0,2024-03-02,2
2024-03-02 03:00:00,0.0,0.0,2024-03-02,3
2024-03-02 04:00:00,0.0,0.0,2024-03-02,4
2024-03-02 05:00:00,0.0,0.0,2024-03-02,5
2024-03-02 06:00:00,0.02528007,0.02486704,2024-03-02,6
2024-03-02 07:00:00,0.03497343,0.03404225,2024-03-02,7
2024-03-02 08:00:00,0.008338953,0.008098285,2024-03-02,8
2024-03-02 09:00:00,0.12447,0.1212388,2024-03-02,9
2024-03-02 10:00:00,0.1764563,0.1719737,2024-03-02,10
2024-03-02 11:00:00,0.1415061,0.1377704,2024-03-02,11
2024-03-02 12:00:00,0.1926295,0.1877526,2024-03-02,12
2024-03-02 13:00:00,0.307594,0.3021608,2024-03-02,13
2024-03-02 14:00:00,0.1705334,0.166394,2024-03-02,14
2024-03-02 15:00:00,0.2297237,0.2302951,2024-03-02,15
2024-03-02 16:00:00,0.07619531,0.07460993,2024-03-02,16
2024-03-02 17:00:00,0.02914166,0.04857831,2024-03-02,17
2024-03-02 18:00:00,0.0,0.0,2024-03-02,18
2024-03-02 19:00:00,0.0,0.0,2024-03-02,19
2024-03-02 20:00:00,0.0,0.0,2024-03-02,20
2024-03-02 21:00:00,0.0,0.0,2024-03-02,21
2024-03-02 22:00:00,0.0,0.0,2024-03-02,22
2024-03-02 23:00:00,0.0,0.0,2024-03-02,23
2024-03-03 00:00:00,0.0,0.0,2024-03-03,0
2024-03-03 01:00:00,0.0,0.0,2024-03-03,1
2024-03-03 02:00:00,0.0,0.0,2024-03-03,2
2024-03-03 03:00:00,0.0,0.0,2024-03-03,3
2024-03-03 04:00:00,0.0,0.0,2024-03-03,4
2024-03-03 05:00:00,0.0,0.0,2024-03-03,5
2024-03-03 06:00:00,0.009429591,0.009193211,2024-03-03,6
2024-03-03 07:00:00,0.1029102,0.100698,2024-03-03,7
2024-03-03 08:00:00,0.3319503,0.3459062,2024-03-03,8
2024-03-03 09:00:00,0.4949614,0.5282439,2024-03-03,9
2024-03-03 10:00:00,0.3503264,0.3456809,2024-03-03,10
2024-03-03 11:00:00,0.421468,0.4198843,2024-03-03,11
2024-03-03 12:00:00,0.2246163,0.2190616,2024-03-03,12
2024-03-03 13:00:00,0.3721161,0.3701136,2024-03-03,13
2024-03-03 14:00:00,0.4936472,0.5373077,2024-03-03,14
2024-03-03 15:00:00,0.4270041,0.4945707,2024-03-03,15
2024-03-03 16:00:00,0.1180961,0.1182381,2024-03-03,16
2024-03-03 17:00:00,0.0201779,0.02235168,2024-03-03,17
2024-03-03 18:00:00,0.0,0.0,2024-03-03,18
2024-03-03 19:00:00,0.0,0.0,2024-03-03,19
2024-03-03 20:00:00,0.0,0.0,2024-03-03,20
2024-03-03 21:00:00,0.0,0.0,2024-03-03,21
2024-03-03 22:00:00,0.0,0.0,2024-03-03,22
2024-03-03 23:00:00,0.0,0.0,2024-03-03,23
2024-03-04 00:00:00,0.0,0.0,2024-03-04,0
2024-03-04 01:00:00,0.0,0.0,2024-03-04,1
2024-03-04 02:00:00,0.0,0.0,2024-03-04,2
2024-03-04 03:00:00,0.0,0.0,2024-03-04,3
2024-03-04 04:00:00,0.0,0.0,2024-03-04,4
2024-03-04 05:00:00,0.0,0.0,2024-03-04,5
2024-03-04 06:00:00,0.02681566,0.02633675,2024-03-04,6
2024-03-04 07:00:00,0.1242217,0.122065,2024-03-04,7
2024-03-04 08:00:00,0.3783074,0.4056346,2024-03-04,8
2024-03-04 09:00:00,0.5622891,0.6173121,2024-03-04,9
2024-03-04 10:00:00,0.4858925,0.4976129,2024-03-04,10
2024-03-04 11:00:00,0.6336616,0.6760826,2024-03-04,11
2024-03-04 12:00:00,0.2961255,0.2895149,2024-03-04,12
2024-03-04 13:00:00,0.4993777,0.5181696,2024-03-04,13
2024-03-04 14:00:00,0.3950616,0.4070484,2024-03-04,14
2024-03-04 15:00:00,0.239647,0.2408778,2024-03-04,15
2024-03-04 16:00:00,0.1844164,0.205323,2024-03-04,16
2024-03-04 17:00:00,0.02801483,0.03889347,2024-03-04,17
2024-03-04 18:00:00,0.0,0.0,2024-03-04,18
2024-03-04 19:00:00,0.0,0.0,2024-03-04,19
2024-03-04 20:00:00,0.0,0.0,2024-03-04,20
2024-03-04 21:00:00,0.0,0.0,2024-03-04,21
2024-03-04 22:00:00,0.0,0.0,2024-03-04,22
2024-03-04 23:00:00,0.0,0.0,2024-03-04,23
2024-03-05 00:00:00,0.0,0.0,2024-03-05,0
2024-03-05 01:00:00,0.0,0.0,2024-03-05,1
2024-03-05 02:00:00,0.0,0.0,2024-03-05,2
2024-03-05 03:00:00,0.0,0.0,2024-03-05,3
2024-03-05 04:00:00,0.0,0.0,2024-03-05,4
2024-03-05 05:00:00,0.0,0.0,2024-03-05,5
2024-03-05 06:00:00,0.08543624,0.1088067,2024-03-05,6
2024-03-05 07:00:00,0.1915648,0.1973847,2024-03-05,7
2024-03-05 08:00:00,0.3088958,0.3155168,2024-03-05,8
2024-03-05 09:00:00,0.7114238,0.8124343,2024-03-05,9
2024-03-05 10:00:00,0.9699309,1.106154,2024-03-05,10
2024-03-05 11:00:00,1.000764,1.137394,2024-03-05,11
2024-03-05 12:00:00,0.8858272,1.003894,2024-03-05,12
2024-03-05 13:00:00,0.9483337,1.083914,2024-03-05,13
2024-03-05 14:00:00,0.7672578,0.8851383,2024-03-05,14
2024-03-05 15:00:00,0.5138822,0.6046511,2024-03-05,15
2024-03-05 16:00:00,0.2985354,0.3739263,2024-03-05,16
2024-03-05 17:00:00,0.04452964,0.09729644,2024-03-05,17
2024-03-05 18:00:00,0.0,0.0,2024-03-05,18
2024-03-05 19:00:00,0.0,0.0,2024-03-05,19
2024-03-05 20:00:00,0.0,0.0,2024-03-05,20
2024-03-05 21:00:00,0.0,0.0,2024-03-05,21
2024-03-05 22:00:00,0.0,0.0,2024-03-05,22
2024-03-05 23:00:00,0.0,0.0,2024-03-05,23
2024-03-06 00:00:00,0.0,0.0,2024-03-06,0
2024-03-06 01:00:00,0.0,0.0,2024-03-06,1
2024-03-06 02:00:00,0.0,0.0,2024-03-06,2
2024-03-06 03:00:00,0.0,0.0,2024-03-06,3
2024-03-06 04:00:00,0.0,0.0,2024-03-06,4
2024-03-06 05:00:00,2.14281e-06,0.0,2024-03-06,5
2024-03-06 06:00:00,0.09193566,0.1180994,2024-03-06,6
2024-03-06 07:00:00,0.2002877,0.2074645,2024-03-06,7
2024-03-06 08:00:00,0.3985563,0.4295663,2024-03-06,8
2024-03-06 09:00:00,0.5932118,0.6545296,2024-03-06,9
2024-03-06 10:00:00,0.9521075,1.082157,2024-03-06,10
2024-03-06 11:00:00,0.953688,1.079984,2024-03-06,11
2024-03-06 12:00:00,0.9875933,1.119813,2024-03-06,12
2024-03-06 13:00:00,0.9679569,1.103283,2024-03-06,13
2024-03-06 14:00:00,0.8058134,0.9270195,2024-03-06,14
2024-03-06 15:00:00,0.4640157,0.53746,2024-03-06,15
2024-03-06 16:00:00,0.2496267,0.3026193,2024-03-06,16
2024-03-06 17:00:00,0.03122975,0.04360533,2024-03-06,17
2024-03-06 18:00:00,0.0,0.0,2024-03-06,18
2024-03-06 19:00:00,0.0,0.0,2024-03-06,19
2024-03-06 20:00:00,0.0,0.0,2024-03-06,20
2024-03-06 21:00:00,0.0,0.0,2024-03-06,21
2024-03-06 22:00:00,0.0,0.0,2024-03-06,22
2024-03-06 23:00:00,0.0,0.0,2024-03-06,23
2024-03-07 00:00:00,0.0,0.0,2024-03-07,0
2024-03-07 01:00:00,0.0,0.0,2024-03-07,1
2024-03-07 02:00:00,0.0,0.0,2024-03-07,2
2024-03-07 03:00:00,0.0,0.0,2024-03-07,3
2024-03-07 04:00:00,0.0,0.0,2024-03-07,4
2024-03-07 05:00:00,3.07907e-05,0.0,2024-03-07,5
2024-03-07 06:00:00,0.118957,0.1653932,2024-03-07,6
2024-03-07 07:00:00,0.3039094,0.3515758,2024-03-07,7
2024-03-07 08:00:00,0.6241922,0.722036,2024-03-07,8
2024-03-07 09:00:00,0.8320971,0.9493086,2024-03-07,9
2024-03-07 10:00:00,0.9282366,1.051367,2024-03-07,10
2024-03-07 11:00:00,1.043181,1.179664,2024-03-07,11
2024-03-07 12:00:00,1.056616,1.196002,2024-03-07,12
2024-03-07 13:00:00,0.957749,1.088015,2024-03-07,13
2024-03-07 14:00:00,0.7430021,0.8503311,2024-03-07,14
2024-03-07 15:00:00,0.5410481,0.6311086,2024-03-07,15
2024-03-07 16:00:00,0.2910358,0.3578131,2024-03-07,16
2024-03-07 17:00:00,0.04216285,0.07610417,2024-03-07,17
2024-03-07 18:00:00,0.0,0.0,2024-03-07,18
2024-03-07 19:00:00,0.0,0.0,2024-03-07,19
2024-03-07 20:00:00,0.0,0.0,2024-03-07,20
2024-03-07 21:00:00,0.0,0.0,2024-03-07,21
2024-03-07 22:00:00,0.0,0.0,2024-03-07,22
2024-03-07 23:00:00,0.0,0.0,2024-03-07,23
2024-03-08 00:00:00,0.0,0.0,2024-03-08,0
2024-03-08 01:00:00,0.0,0.0,2024-03-08,1
2024-03-08 02:00:00,0.0,0.0,2024-03-08,2
2024-03-08 03:00:00,0.0,0.0,2024-03-08,3
2024-03-08 04:00:00,0.0,0.0,2024-03-08,4
2024-03-08 05:00:00,0.000107307,0.0,2024-03-08,5
2024-03-08 06:00:00,0.1162454,0.1559469,2024-03-08,6
2024-03-08 07:00:00,0.3458046,0.4073641,2024-03-08,7
2024-03-08 08:00:00,0.5159091,0.5845214,2024-03-08,8
2024-03-08 09:00:00,0.6211795,0.6868264,2024-03-08,9
2024-03-08 10:00:00,0.9197734,1.038469,2024-03-08,10
2024-03-08 11:00:00,1.00364,1.130993,2024-03-08,11
2024-03-08 12:00:00,1.045295,1.179552,2024-03-08,12
2024-03-08 13:00:00,0.7857356,0.8830307,2024-03-08,13
2024-03-08 14:00:00,0.6765223,0.7683166,2024-03-08,14
2024-03-08 15:00:00,0.4953847,0.5724361,2024-03-08,15
2024-03-08 16:00:00,0.2752022,0.3334852,2024-03-08,16
2024-03-08 17:00:00,0.04801561,0.09035463,2024-03-08,17
2024-03-08 18:00:00,0.0,0.0,2024-03-08,18
2024-03-08 19:00:00,0.0,0.0,2024-03-08,19
2024-03-08 20:00:00,0.0,0.0,2024-03-08,20
2024-03-08 21:00:00,0.0,0.0,2024-03-08,21
2024-03-08 22:00:00,0.0,0.0,2024-03-08,22
2024-03-08 23:00:00,0.0,0.0,2024-03-08,23
2024-03-09 00:00:00,0.0,0.0,2024-03-09,0
2024-03-09 01:00:00,0.0,0.0,2024-03-09,1
2024-03-09 02:00:00,0.0,0.0,2024-03-09,2
2024-03-09 03:00:00,0.0,0.0,2024-03-09,3
2024-03-09 04:00:00,0.0,0.0,2024-03-09,4
2024-03-09 05:00:00,0.000194318,0.0,2024-03-09,5
2024-03-09 06:00:00,0.1025467,0.126876,2024-03-09,6
2024-03-09 07:00:00,0.3877626,0.45784,2024-03-09,7
2024-03-09 08:00:00,0.6381246,0.7316715,2024-03-09,8
2024-03-09 09:00:00,0.7313876,0.8247521,2024-03-09,9
2024-03-09 10:00:00,0.8444239,0.9470926,2024-03-09,10
2024-03-09 11:00:00,0.9645938,1.083273,2024-03-09,11
2024-03-09 12:00:00,0.9872915,1.109867,2024-03-09,12
2024-03-09 13:00:00,0.8779563,0.9897411,2024-03-09,13
2024-03-09 14:00:00,0.7582827,0.8617216,2024-03-09,14
2024-03-09 15:00:00,0.4859921,0.557581,2024-03-09,15
2024-03-09 16:00:00,0.2386875,0.2781324,2024-03-09,16
2024-03-09 17:00:00,0.04576463,0.07812062,2024-03-09,17
2024-03-09 18:00:00,0.0,0.0,2024-03-09,18
2024-03-09 19:00:00,0.0,0.0,2024-03-09,19
2024-03-09 20:00:00,0.0,0.0,2024-03-09,20
2024-03-09 21:00:00,0.0,0.0,2024-03-09,21
2024-03-09 22:00:00,0.0,0.0,2024-03-09,22
2024-03-09 23:00:00,0.0,0.0,2024-03-09,23
2024-03-10 00:00:00,0.0,0.0,2024-03-10,0
2024-03-10 01:00:00,0.0,0.0,2024-03-10,1
2024-03-10 02:00:00,0.0,0.0,2024-03-10,2
2024-03-10 03:00:00,0.0,0.0,2024-03-10,3
2024-03-10 04:00:00,0.0,0.0,2024-03-10,4
2024-03-10 05:00:00,0.00020657,0.0,2024-03-10,5
2024-03-10 06:00:00,0.08518192,0.09458759,2024-03-10,6
2024-03-10 07:00:00,0.321187,0.3670269,2024-03-10,7
2024-03-10 08:00:00,0.5651498,0.6415585,2024-03-10,8
2024-03-10 09:00:00,0.7420017,0.8345469,2024-03-10,9
2024-03-10 10:00:00,0.6764818,0.7312365,2024-03-10,10
2024-03-10 11:00:00,0.7088716,0.7632276,2024-03-10,11
2024-03-10 12:00:00,0.8356624,0.9276959,2024-03-10,12
2024-03-10 13:00:00,0.8469039,0.9508532,2024-03-10,13
2024-03-10 14:00:00,0.772956,0.8754316,2024-03-10,14
2024-03-10 15:00:00,0.5237257,0.6012906,2024-03-10,15
2024-03-10 16:00:00,0.3082461,0.3697892,2024-03-10,16
2024-03-10 17:00:00,0.05490503,0.09833354,2024-03-10,17
2024-03-10 18:00:00,0.0,0.0,2024-03-10,18
2024-03-10 19:00:00,0.0,0.0,2024-03-10,19
2024-03-10 20:00:00,0.0,0.0,2024-03-10,20
2024-03-10 21:00:00,0.0,0.0,2024-03-10,21
2024-03-10 22:00:00,0.0,0.0,2024-03-10,22
2024-03-10 23:00:00,0.0,0.0,2024-03-10,23
2024-03-11 00:00:00,0.0,0.0,2024-03-11,0
2024-03-11 01:00:00,0.0,0.0,2024-03-11,1
2024-03-11 02:00:00,0.0,0.0,2024-03-11,2
2024-03-11 03:00:00,0.0,0.0,2024-03-11,3
2024-03-11 04:00:00,0.0,0.0,2024-03-11,4
2024-03-11 05:00:00,0.000472057,0.0,2024-03-11,5
2024-03-11 06:00:00,0.1270065,0.1611983,2024-03-11,6
2024-03-11 07:00:00,0.3760353,0.4366101,2024-03-11,7
2024-03-11 08:00:00,0.6224909,0.706989,2024-03-11,8
2024-03-11 09:00:00,0.8095867,0.9102895,2024-03-11,9
2024-03-11 10:00:00,0.9545721,1.068626,2024-03-11,10
2024-03-11 11:00:00,1.037199,1.159468,2024-03-11,11
2024-03-11 12:00:00,0.9534515,1.065181,2024-03-11,12
2024-03-11 13:00:00,0.8890661,0.9962527,2024-03-11,13
2024-03-11 14:00:00,0.7834108,0.8841887,2024-03-11,14
2024-03-11 15:00:00,0.4477161,0.5023412,2024-03-11,15
2024-03-11 16:00:00,0.2489894,0.2880773,2024-03-11,16
2024-03-11 17:00:00,0.05561038,0.09476573,2024-03-11,17
2024-03-11 18:00:00,0.0,0.0,2024-03-11,18
2024-03-11 19:00:00,0.0,0.0,2024-03-11,19
2024-03-11 20:00:00,0.0,0.0,2024-03-11,20
2024-03-11 21:00:00,0.0,0.0,2024-03-11,21
2024-03-11 22:00:00,0.0,0.0,2024-03-11,22
2024-03-11 23:00:00,0.0,0.0,2024-03-11,23
2024-03-12 00:00:00,0.0,0.0,2024-03-12,0
2024-03-12 01:00:00,0.0,0.0,2024-03-12,1
2024-03-12 02:00:00,0.0,0.0,2024-03-12,2
2024-03-12 03:00:00,0.0,0.0,2024-03-12,3
2024-03-12 04:00:00,0.0,0.0,2024-03-12,4
2024-03-12 05:00:00,0.000640281,0.0,2024-03-12,5
2024-03-12 06:00:00,0.1114303,0.1318859,2024-03-12,6
2024-03-12 07:00:00,0.3223698,0.3627404,2024-03-12,7
2024-03-12 08:00:00,0.5672697,0.6379589,2024-03-12,8
2024-03-12 09:00:00,0.8073046,0.9045288,2024-03-12,9
2024-03-12 10:00:00,0.9700103,1.082896,2024-03-12,10
2024-03-12 11:00:00,1.064825,1.18745,2024-03-12,11
2024-03-12 12:00:00,1.01196,1.128291,2024-03-12,12
2024-03-12 13:00:00,0.9654437,1.079849,2024-03-12,13
2024-03-12 14:00:00,0.6298979,0.6989182,2024-03-12,14
2024-03-12 15:00:00,0.5035883,0.5709034,2024-03-12,15
2024-03-12 16:00:00,0.3103103,0.3659103,2024-03-12,16
2024-03-12 17:00:00,0.04975143,0.07604005,2024-03-12,17
2024-03-12 18:00:00,0.0,0.0,2024-03-12,18
2024-03-12 19:00:00,0.0,0.0,2024-03-12,19
2024-03-12 20:00:00,0.0,0.0,2024-03-12,20
2024-03-12 21:00:00,0.0,0.0,2024-03-12,21
2024-03-12 22:00:00,0.0,0.0,2024-03-12,22
2024-03-12 23:00:00,0.0,0.0,2024-03-12,23
2024-03-13 00:00:00,0.0,0.0,2024-03-13,0
2024-03-13 01:00:00,0.0,0.0,2024-03-13,1
2024-03-13 02:00:00,0.0,0.0,2024-03-13,2
2024-03-13 03:00:00,0.0,0.0,2024-03-13,3
2024-03-13 04:00:00,0.0,0.0,2024-03-13,4
2024-03-13 05:00:00,0.00080683,0.0,2024-03-13,5
2024-03-13 06:00:00,0.02924675,0.02854487,2024-03-13,6
2024-03-13 07:00:00,0.1136829,0.110986,2024-03-13,7
2024-03-13 08:00:00,0.2259709,0.2216414,2024-03-13,8
2024-03-13 09:00:00,0.6371461,0.6948678,2024-03-13,9
2024-03-13 10:00:00,0.6383072,0.6762757,2024-03-13,10
2024-03-13 11:00:00,0.9002326,0.9960981,2024-03-13,11
2024-03-13 12:00:00,0.8719557,0.9637148,2024-03-13,12
2024-03-13 13:00:00,0.8929741,0.9945183,2024-03-13,13
2024-03-13 14:00:00,0.6974589,0.7789688,2024-03-13,14
2024-03-13 15:00:00,0.4859655,0.5462307,2024-03-13,15
2024-03-13 16:00:00,0.2440653,0.2762451,2024-03-13,16
2024-03-13 17:00:00,0.04255865,0.05572532,2024-03-13,17
2024-03-13 18:00:00,0.0,0.0,2024-03-13,18
2024-03-13 19:00:00,0.0,0.0,2024-03-13,19
2024-03-13 20:00:00,0.0,0.0,2024-03-13,20
2024-03-13 21:00:00,0.0,0.0,2024-03-13,21
2024-03-13 22:00:00,0.0,0.0,2024-03-13,22
2024-03-13 23:00:00,0.0,0.0,2024-03-13,23
2024-03-14 00:00:00,0.0,0.0,2024-03-14,0
2024-03-14 01:00:00,0.0,0.0,2024-03-14,1
2024-03-14 02:00:00,0.0,0.0,2024-03-14,2
2024-03-14 03:00:00,0.0,0.0,2024-03-14,3
2024-03-14 04:00:00,0.0,0.0,2024-03-14,4
2024-03-14 05:00:00,0.001416463,0.0,2024-03-14,5
2024-03-14 06:00:00,0.07020368,0.07056791,2024-03-14,6
2024-03-14 07:00:00,0.3327794,0.3710256,2024-03-14,7
2024-03-14 08:00:00,0.4245169,0.4493595,2024-03-14,8
2024-03-14 09:00:00,0.4249449,0.4294064,2024-03-14,9
2024-03-14 10:00:00,0.5867094,0.6101564,2024-03-14,10
2024-03-14 11:00:00,0.5818928,0.5978546,2024-03-14,11
2024-03-14 12:00:00,0.5287942,0.5365119,2024-03-14,12
2024-03-14 13:00:00,0.7244378,0.7903571,2024-03-14,13
2024-03-14 14:00:00,0.6029506,0.6597734,2024-03-14,14
2024-03-14 15:00:00,0.2655874,0.2665096,2024-03-14,15
2024-03-14 16:00:00,0.1419411,0.142117,2024-03-14,16
2024-03-14 17:00:00,0.03799953,0.04461197,2024-03-14,17
2024-03-14 18:00:00,0.0,0.0,2024-03-14,18
2024-03-14 19:00:00,0.0,0.0,2024-03-14,19
2024-03-14 20:00:00,0.0,0.0,2024-03-14,20
2024-03-14 21:00:00,0.0,0.0,2024-03-14,21
2024-03-14 22:00:00,0.0,0.0,2024-03-14,22
2024-03-14 23:00:00,0.0,0.0,2024-03-14,23
2024-03-15 00:00:00,0.0,0.0,2024-03-15,0
2024-03-15 01:00:00,0.0,0.0,2024-03-15,1
2024-03-15 02:00:00,0.0,0.0,2024-03-15,2
2024-03-15 03:00:00,0.0,0.0,2024-03-15,3
2024-03-15 04:00:00,0.0,0.0,2024-03-15,4
2024-03-15 05:00:00,0.000779619,0.0,2024-03-15,5
2024-03-15 06:00:00,0.01243001,0.01208967,2024-03-15,6
2024-03-15 07:00:00,0.02423063,0.02354928,2024-03-15,7
2024-03-15 08:00:00,0.09655019,0.09396862,2024-03-15,8
2024-03-15 09:00:00,0.03234186,0.03141964,2024-03-15,9
2024-03-15 10:00:00,0.079886,0.07766196,2024-03-15,10
2024-03-15 11:00:00,0.1881805,0.1832315,2024-03-15,11
2024-03-15 12:00:00,0.2177433,0.2121289,2024-03-15,12
2024-03-15 13:00:00,0.2257789,0.2200724,2024-03-15,13
2024-03-15 14:00:00,0.01434623,0.01393238,2024-03-15,14
2024-03-15 15:00:00,0.05872735,0.0571186,2024-03-15,15
2024-03-15 16:00:00,0.05456972,0.05315719,2024-03-15,16
2024-03-15 17:00:00,0.009324717,0.00911016,2024-03-15,17
2024-03-15 18:00:00,0.0,0.0,2024-03-15,18
2024-03-15 19:00:00,0.0,0.0,2024-03-15,19
2024-03-15 20:00:00,0.0,0.0,2024-03-15,20
2024-03-15 21:00:00,0.0,0.0,2024-03-15,21
2024-03-15 22:00:00,0.0,0.0,2024-03-15,22
2024-03-15 23:00:00,0.0,0.0,2024-03-15,23
2024-03-16 00:00:00,0.0,0.0,2024-03-16,0
2024-03-16 01:00:00,0.0,0.0,2024-03-16,1
2024-03-16 02:00:00,0.0,0.0,2024-03-16,2
2024-03-16 03:00:00,0.0,0.0,2024-03-16,3
2024-03-16 04:00:00,0.0,0.0,2024-03-16,4
2024-03-16 05:00:00,0.002518993,0.0,2024-03-16,5
2024-03-16 06:00:00,0.119727,0.1332526,2024-03-16,6
2024-03-16 07:00:00,0.3533158,0.392005,2024-03-16,7
2024-03-16 08:00:00,0.4631834,0.4949673,2024-03-16,8
2024-03-16 09:00:00,0.6138562,0.658179,2024-03-16,9
2024-03-16 10:00:00,0.6449459,0.6794497,2024-03-16,10
2024-03-16 11:00:00,0.795725,0.8603647,2024-03-16,11
2024-03-16 12:00:00,0.8028778,0.8713028,2024-03-16,12
2024-03-16 13:00:00,0.3472363,0.341262,2024-03-16,13
2024-03-16 14:00:00,0.42611,0.4350959,2024-03-16,14
2024-03-16 15:00:00,0.4750022,0.5245203,2024-03-16,15
2024-03-16 16:00:00,0.146738,0.1468473,2024-03-16,16
2024-03-16 17:00:00,0.0308714,0.03195811,2024-03-16,17
2024-03-16 18:00:00,0.0,0.0,2024-03-16,18
2024-03-16 19:00:00,0.0,0.0,2024-03-16,19
2024-03-16 20:00:00,0.0,0.0,2024-03-16,20
2024-03-16 21:00:00,0.0,0.0,2024-03-16,21
2024-03-16 22:00:00,0.0,0.0,2024-03-16,22
2024-03-16 23:00:00,0.0,0.0,2024-03-16,23
2024-03-17 00:00:00,0.0,0.0,2024-03-17,0
2024-03-17 01:00:00,0.0,0.0,2024-03-17,1
2024-03-17 02:00:00,0.0,0.0,2024-03-17,2
2024-03-17 03:00:00,0.0,0.0,2024-03-17,3
2024-03-17 04:00:00,0.0,0.0,2024-03-17,4
2024-03-17 05:00:00,0.003434742,0.0,2024-03-17,5
2024-03-17 06:00:00,0.08117789,0.08166513,2024-03-17,6
2024-03-17 07:00:00,0.2370001,0.2421174,2024-03-17,7
2024-03-17 08:00:00,0.4679666,0.4989699,2024-03-17,8
2024-03-17 09:00:00,0.6195856,0.6631993,2024-03-17,9
2024-03-17 10:00:00,0.5237445,0.5316957,2024-03-17,10
2024-03-17 11:00:00,0.6123198,0.6312085,2024-03-17,11
2024-03-17 12:00:00,0.3636665,0.3565984,2024-03-17,12
2024-03-17 13:00:00,0.3763579,0.3713707,2024-03-17,13
2024-03-17 14:00:00,0.3335325,0.330547,2024-03-17,14
2024-03-17 15:00:00,0.3515416,0.3662735,2024-03-17,15
2024-03-17 16:00:00,0.2616778,0.2904364,2024-03-17,16
2024-03-17 17:00:00,0.05100229,0.06266836,2024-03-17,17
2024-03-17 18:00:00,0.0,0.0,2024-03-17,18
2024-03-17 19:00:00,0.0,0.0,2024-03-17,19
2024-03-17 20:00:00,0.0,0.0,2024-03-17,20
2024-03-17 21:00:00,0.0,0.0,2024-03-17,21
2024-03-17 22:00:00,0.0,0.0,2024-03-17,22
2024-03-17 23:00:00,0.0,0.0,2024-03-17,23
2024-03-18 00:00:00,0.0,0.0,2024-03-18,0
2024-03-18 01:00:00,0.0,0.0,2024-03-18,1
2024-03-18 02:00:00,0.0,0.0,2024-03-18,2
2024-03-18 03:00:00,0.0,0.0,2024-03-18,3
2024-03-18 04:00:00,0.0,0.0,2024-03-18,4
2024-03-18 05:00:00,0.00313037,0.0,2024-03-18,5
2024-03-18 06:00:00,0.1067358,0.1117534,2024-03-18,6
2024-03-18 07:00:00,0.3851171,0.4255694,2024-03-18,7
2024-03-18 08:00:00,0.5515261,0.6010441,2024-03-18,8
2024-03-18 09:00:00,0.6006407,0.6374059,2024-03-18,9
2024-03-18 10:00:00,0.9719287,1.065784,2024-03-18,10
2024-03-18 11:00:00,0.9329743,1.019922,2024-03-18,11
2024-03-18 12:00:00,0.9912864,1.086257,2024-03-18,12
2024-03-18 13:00:00,0.7060866,0.7582712,2024-03-18,13
2024-03-18 14:00:00,0.5754839,0.6163894,2024-03-18,14
2024-03-18 15:00:00,0.4516107,0.4904875,2024-03-18,15
2024-03-18 16:00:00,0.2417588,0.2623719,2024-03-18,16
2024-03-18 17:00:00,0.07344657,0.09389272,2024-03-18,17
2024-03-18 18:00:00,0.0,0.0,2024-03-18,18
2024-03-18 19:00:00,0.0,0.0,2024-03-18,19
2024-03-18 20:00:00,0.0,0.0,2024-03-18,20
2024-03-18 21:00:00,0.0,0.0,2024-03-18,21
2024-03-18 22:00:00,0.0,0.0,2024-03-18,22
2024-03-18 23:00:00,0.0,0.0,2024-03-18,23
2024-03-19 00:00:00,0.0,0.0,2024-03-19,0
2024-03-19 01:00:00,0.0,0.0,2024-03-19,1
2024-03-19 02:00:00,0.0,0.0,2024-03-19,2
2024-03-19 03:00:00,0.0,0.0,2024-03-19,3
2024-03-19 04:00:00,0.0,0.0,2024-03-19,4
2024-03-19 05:00:00,0.003677249,0.0,2024-03-19,5
2024-03-19 06:00:00,0.1004618,0.1028315,2024-03-19,6
2024-03-19 07:00:00,0.2171686,0.2177856,2024-03-19,7
2024-03-19 08:00:00,0.5215518,0.5615586,2024-03-19,8
2024-03-19 09:00:00,0.5407492,0.5617903,2024-03-19,9
2024-03-19 10:00:00,0.8370878,0.9093358,2024-03-19,10
2024-03-19 11:00:00,0.6094791,0.625617,2024-03-19,11
2024-03-19 12:00:00,0.8953708,0.9746109,2024-03-19,12
2024-03-19 13:00:00,0.6841795,0.7290714,2024-03-19,13
2024-03-19 14:00:00,0.4890967,0.5077697,2024-03-19,14
2024-03-19 15:00:00,0.4790854,0.5218557,2024-03-19,15
2024-03-19 16:00:00,0.2703322,0.2965464,2024-03-19,16
2024-03-19 17:00:00,0.06864653,0.08390514,2024-03-19,17
2024-03-19 18:00:00,0.0,0.0,2024-03-19,18
2024-03-19 19:00:00,0.0,0.0,2024-03-19,19
2024-03-19 20:00:00,0.0,0.0,2024-03-19,20
2024-03-19 21:00:00,0.0,0.0,2024-03-19,21
2024-03-19 22:00:00,0.0,0.0,2024-03-19,22
2024-03-19 23:00:00,0.0,0.0,2024-03-19,23
2024-03-20 00:00:00,0.0,0.0,2024-03-20,0
2024-03-20 01:00:00,0.0,0.0,2024-03-20,1
2024-03-20 02:00:00,0.0,0.0,2024-03-20,2
2024-03-20 03:00:00,0.0,0.0,2024-03-20,3
2024-03-20 04:00:00,0.0,0.0,2024-03-20,4
2024-03-20 05:00:00,0.004058809,0.0,2024-03-20,5
2024-03-20 06:00:00,0.1619848,0.1789487,2024-03-20,6
2024-03-20 07:00:00,0.402442,0.4401586,2024-03-20,7
2024-03-20 08:00:00,0.6367101,0.6952579,2024-03-20,8
2024-03-20 09:00:00,0.873069,0.9528361,2024-03-20,9
2024-03-20 10:00:00,1.051484,1.147417,2024-03-20,10
2024-03-20 11:00:00,0.9545585,1.038767,2024-03-20,11
2024-03-20 12:00:00,0.922545,1.003184,2024-03-20,12
2024-03-20 13:00:00,0.7854673,0.8499352,2024-03-20,13
2024-03-20 14:00:00,0.634219,0.684194,2024-03-20,14
2024-03-20 15:00:00,0.4596874,0.495837,2024-03-20,15
2024-03-20 16:00:00,0.267008,0.2900196,2024-03-20,16
2024-03-20 17:00:00,0.06947392,0.08149342,2024-03-20,17
2024-03-20 18:00:00,0.0,0.0,2024-03-20,18
2024-03-20 19:00:00,0.0,0.0,2024-03-20,19
2024-03-20 20:00:00,0.0,0.0,2024-03-20,20
2024-03-20 21:00:00,0.0,0.0,2024-03-20,21
2024-03-20 22:00:00,0.0,0.0,2024-03-20,22
2024-03-20 23:00:00,0.0,0.0,2024-03-20,23
2024-03-21 00:00:00,0.0,0.0,2024-03-21,0
2024-03-21 01:00:00,0.0,0.0,2024-03-21,1
2024-03-21 02:00:00,0.0,0.0,2024-03-21,2
2024-03-21 03:00:00,0.0,0.0,2024-03-21,3
2024-03-21 04:00:00,0.0,0.0,2024-03-21,4
2024-03-21 05:00:00,0.003080847,0.0,2024-03-21,5
2024-03-21 06:00:00,0.03469664,0.03377647,2024-03-21,6
2024-03-21 07:00:00,0.1635496,0.1602684,2024-03-21,7
2024-03-21 08:00:00,0.4514017,0.4709697,2024-03-21,8
2024-03-21 09:00:00,0.5686433,0.5926465,2024-03-21,9
2024-03-21 10:00:00,0.7642385,0.816775,2024-03-21,10
2024-03-21 11:00:00,0.8593101,0.9253239,2024-03-21,11
2024-03-21 12:00:00,0.9867222,1.072154,2024-03-21,12
2024-03-21 13:00:00,0.9210226,1.001246,2024-03-21,13
2024-03-21 14:00:00,0.489161,0.5054511,2024-03-21,14
2024-03-21 15:00:00,0.4032266,0.4245158,2024-03-21,15
2024-03-21 16:00:00,0.2258891,0.2370845,2024-03-21,16
2024-03-21 17:00:00,0.04217729,0.04336642,2024-03-21,17
2024-03-21 18:00:00,0.0,0.0,2024-03-21,18
2024-03-21 19:00:00,0.0,0.0,2024-03-21,19
2024-03-21 20:00:00,0.0,0.0,2024-03-21,20
2024-03-21 21:00:00,0.0,0.0,2024-03-21,21
2024-03-21 22:00:00,0.0,0.0,2024-03-21,22
2024-03-21 23:00:00,0.0,0.0,2024-03-21,23
2024-03-22 00:00:00,0.0,0.0,2024-03-22,0
2024-03-22 01:00:00,0.0,0.0,2024-03-22,1
2024-03-22 02:00:00,0.0,0.0,2024-03-22,2
2024-03-22 03:00:00,0.0,0.0,2024-03-22,3
2024-03-22 04:00:00,0.0,0.0,2024-03-22,4
2024-03-22 05:00:00,0.007809971,0.0,2024-03-22,5
2024-03-22 06:00:00,0.1641583,0.1759922,2024-03-22,6
2024-03-22 07:00:00,0.3506995,0.3729876,2024-03-22,7
2024-03-22 08:00:00,0.5745203,0.617778,2024-03-22,8
2024-03-22 09:00:00,0.4809841,0.4876538,2024-03-22,9
2024-03-22 10:00:00,0.4687416,0.466951,2024-03-22,10
2024-03-22 11:00:00,0.7189084,0.753361,2024-03-22,11
2024-03-22 12:00:00,0.8112658,0.8671957,2024-03-22,12
2024-03-22 13:00:00,0.7790177,0.8372096,2024-03-22,13
2024-03-22 14:00:00,0.6969488,0.7529182,2024-03-22,14
2024-03-22 15:00:00,0.5025582,0.5419588,2024-03-22,15
2024-03-22 16:00:00,0.2293475,0.239794,2024-03-22,16
2024-03-22 17:00:00,0.03973626,0.03986869,2024-03-22,17
2024-03-22 18:00:00,0.0,0.0,2024-03-22,18
2024-03-22 19:00:00,0.0,0.0,2024-03-22,19
2024-03-22 20:00:00,0.0,0.0,2024-03-22,20
2024-03-22 21:00:00,0.0,0.0,2024-03-22,21
2024-03-22 22:00:00,0.0,0.0,2024-03-22,22
2024-03-22 23:00:00,0.0,0.0,2024-03-22,23
2024-03-23 00:00:00,0.0,0.0,2024-03-23,0
2024-03-23 01:00:00,0.0,0.0,2024-03-23,1
2024-03-23 02:00:00,0.0,0.0,2024-03-23,2
2024-03-23 03:00:00,0.0,0.0,2024-03-23,3
2024-03-23 04:00:00,0.0,0.0,2024-03-23,4
2024-03-23 05:00:00,0.007334666,0.0,2024-03-23,5
2024-03-23 06:00:00,0.1043874,0.1042501,2024-03-23,6
2024-03-23 07:00:00,0.3751057,0.3997058,2024-03-23,7
2024-03-23 08:00:00,0.4568576,0.4742856,2024-03-23,8
2024-03-23 09:00:00,0.6342997,0.6686202,2024-03-23,9
2024-03-23 10:00:00,0.8415164,0.9037275,2024-03-23,10
2024-03-23 11:00:00,0.9151092,0.985262,2024-03-23,11
2024-03-23 12:00:00,0.9818561,1.060892,2024-03-23,12
2024-03-23 13:00:00,0.9313345,1.006441,2024-03-23,13
2024-03-23 14:00:00,0.8098542,0.8750185,2024-03-23,14
2024-03-23 15:00:00,0.585416,0.6315465,2024-03-23,15
2024-03-23 16:00:00,0.2768057,0.2947162,2024-03-23,16
2024-03-23 17:00:00,0.05205112,0.05279123,2024-03-23,17
2024-03-23 18:00:00,0.0,0.0,2024-03-23,18
2024-03-23 19:00:00,0.0,0.0,2024-03-23,19
2024-03-23 20:00:00,0.0,0.0,2024-03-23,20
2024-03-23 21:00:00,0.0,0.0,2024-03-23,21
2024-03-23 22:00:00,0.0,0.0,2024-03-23,22
2024-03-23 23:00:00,0.0,0.0,2024-03-23,23
2024-03-24 00:00:00,0.0,0.0,2024-03-24,0
2024-03-24 01:00:00,0.0,0.0,2024-03-24,1
2024-03-24 02:00:00,0.0,0.0,2024-03-24,2
2024-03-24 03:00:00,0.0,0.0,2024-03-24,3
2024-03-24 04:00:00,0.0,0.0,2024-03-24,4
2024-03-24 05:00:00,0.008092886,0.0,2024-03-24,5
2024-03-24 06:00:00,0.1798295,0.1888167,2024-03-24,6
2024-03-24 07:00:00,0.4354486,0.465839,2024-03-24,7
2024-03-24 08:00:00,0.6054225,0.6481888,2024-03-24,8
2024-03-24 09:00:00,0.8119971,0.8735329,2024-03-24,9
2024-03-24 10:00:00,0.9836369,1.060081,2024-03-24,10
2024-03-24 11:00:00,1.069532,1.1534,2024-03-24,11
2024-03-24 12:00:00,0.9959547,1.073306,2024-03-24,12
2024-03-24 13:00:00,0.9500587,1.023793,2024-03-24,13
2024-03-24 14:00:00,0.758473,0.8159629,2024-03-24,14
2024-03-24 15:00:00,0.5584413,0.5992132,2024-03-24,15
2024-03-24 16:00:00,0.2117955,0.2163979,2024-03-24,16
2024-03-24 17:00:00,0.04999427,0.04937858,2024-03-24,17
2024-03-24 18:00:00,0.0,0.0,2024-03-24,18
2024-03-24 19:00:00,0.0,0.0,2024-03-24,19
2024-03-24 20:00:00,0.0,0.0,2024-03-24,20
2024-03-24 21:00:00,0.0,0.0,2024-03-24,21
2024-03-24 22:00:00,0.0,0.0,2024-03-24,22
2024-03-24 23:00:00,0.0,0.0,2024-03-24,23
2024-03-25 00:00:00,0.0,0.0,2024-03-25,0
2024-03-25 01:00:00,0.0,0.0,2024-03-25,1
2024-03-25 02:00:00,0.0,0.0,2024-03-25,2
2024-03-25 03:00:00,0.0,0.0,2024-03-25,3
2024-03-25 04:00:00,0.0,0.0,2024-03-25,4
2024-03-25 05:00:00,0.008274703,0.0,2024-03-25,5
2024-03-25 06:00:00,0.1528802,0.1562932,2024-03-25,6
2024-03-25 07:00:00,0.3926794,0.4150229,2024-03-25,7
2024-03-25 08:00:00,0.5369837,0.5660174,2024-03-25,8
2024-03-25 09:00:00,0.7488,0.7993342,2024-03-25,9
2024-03-25 10:00:00,0.9563336,1.02742,2024-03-25,10
2024-03-25 11:00:00,0.9398071,1.007885,2024-03-25,11
2024-03-25 12:00:00,0.6651866,0.6863143,2024-03-25,12
2024-03-25 13:00:00,0.8650878,0.9279192,2024-03-25,13
2024-03-25 14:00:00,0.7099744,0.7595115,2024-03-25,14
2024-03-25 15:00:00,0.5377311,0.5736461,2024-03-25,15
2024-03-25 16:00:00,0.2647991,0.2763432,2024-03-25,16
2024-03-25 17:00:00,0.03912944,0.03798001,2024-03-25,17
2024-03-25 18:00:00,0.0,0.0,2024-03-25,18
2024-03-25 19:00:00,0.0,0.0,2024-03-25,19
2024-03-25 20:00:00,0.0,0.0,2024-03-25,20
2024-03-25 21:00:00,0.0,0.0,2024-03-25,21
2024-03-25 22:00:00,0.0,0.0,2024-03-25,22
2024-03-25 23:00:00,0.0,0.0,2024-03-25,23
2024-03-26 00:00:00,0.0,0.0,2024-03-26,0
2024-03-26 01:00:00,0.0,0.0,2024-03-26,1
2024-03-26 02:00:00,0.0,0.0,2024-03-26,2
2024-03-26 03:00:00,0.0,0.0,2024-03-26,3
2024-03-26 04:00:00,0.0,0.0,2024-03-26,4
2024-03-26 05:00:00,0.008913537,0.0,2024-03-26,5
2024-03-26 06:00:00,0.1833445,0.1877357,2024-03-26,6
2024-03-26 07:00:00,0.3607307,0.3758849,2024-03-26,7
2024-03-26 08:00:00,0.6721906,0.7166369,2024-03-26,8
2024-03-26 09:00:00,0.8786154,0.940186,2024-03-26,9
2024-03-26 10:00:00,0.7713112,0.8139258,2024-03-26,10
2024-03-26 11:00:00,0.7996652,0.8427456,2024-03-26,11
2024-03-26 12:00:00,0.7160814,0.7452288,2024-03-26,12
2024-03-26 13:00:00,0.7178575,0.7557309,2024-03-26,13
2024-03-26 14:00:00,0.7252535,0.7737848,2024-03-26,14
2024-03-26 15:00:00,0.5796094,0.616136,2024-03-26,15
2024-03-26 16:00:00,0.2549905,0.2631823,2024-03-26,16
2024-03-26 17:00:00,0.0508423,0.04825922,2024-03-26,17
2024-03-26 18:00:00,0.0,0.0,2024-03-26,18
2024-03-26 19:00:00,0.0,0.0,2024-03-26,19
2024-03-26 20:00:00,0.0,0.0,2024-03-26,20
2024-03-26 21:00:00,0.0,0.0,2024-03-26,21
2024-03-26 22:00:00,0.0,0.0,2024-03-26,22
2024-03-26 23:00:00,0.0,0.0,2024-03-26,23
2024-03-27 00:00:00,0.0,0.0,2024-03-27,0
2024-03-27 01:00:00,0.0,0.0,2024-03-27,1
2024-03-27 02:00:00,0.0,0.0,2024-03-27,2
2024-03-27 03:00:00,0.0,0.0,2024-03-27,3
2024-03-27 04:00:00,0.0,0.0,2024-03-27,4
2024-03-27 05:00:00,0.006533382,0.0,2024-03-27,5
2024-03-27 06:00:00,0.1448603,0.1446059,2024-03-27,6
2024-03-27 07:00:00,0.3930649,0.4105056,2024-03-27,7
2024-03-27 08:00:00,0.6413078,0.6801332,2024-03-27,8
2024-03-27 09:00:00,0.9035801,0.9640696,2024-03-27,9
2024-03-27 10:00:00,0.8991666,0.9586961,2024-03-27,10
2024-03-27 11:00:00,0.855872,0.9065122,2024-03-27,11
2024-03-27 12:00:00,0.6099204,0.6197085,2024-03-27,12
2024-03-27 13:00:00,0.8158888,0.867222,2024-03-27,13
2024-03-27 14:00:00,0.7748242,0.8247949,2024-03-27,14
2024-03-27 15:00:00,0.4935252,0.5190053,2024-03-27,15
2024-03-27 16:00:00,0.2281177,0.2313546,2024-03-27,16
2024-03-27 17:00:00,0.04350749,0.0412863,2024-03-27,17
2024-03-27 18:00:00,0.0,0.0,2024-03-27,18
2024-03-27 19:00:00,0.0,0.0,2024-03-27,19
2024-03-27 20:00:00,0.0,0.0,2024-03-27,20
2024-03-27 21:00:00,0.0,0.0,2024-03-27,21
2024-03-27 22:00:00,0.0,0.0,2024-03-27,22
2024-03-27 23:00:00,0.0,0.0,2024-03-27,23
2024-03-28 00:00:00,0.0,0.0,2024-03-28,0
2024-03-28 01:00:00,0.0,0.0,2024-03-28,1
2024-03-28 02:00:00,0.0,0.0,2024-03-28,2
2024-03-28 03:00:00,0.0,0.0,2024-03-28,3
2024-03-28 04:00:00,0.0,0.0,2024-03-28,4
2024-03-28 05:00:00,0.01116857,0.0,2024-03-28,5
2024-03-28 06:00:00,0.1389635,0.1373879,2024-03-28,6
2024-03-28 07:00:00,0.3852861,0.3994429,2024-03-28,7
2024-03-28 08:00:00,0.4721017,0.4844304,2024-03-28,8
2024-03-28 09:00:00,0.7478335,0.7904692,2024-03-28,9
2024-03-28 10:00:00,0.6939647,0.7188277,2024-03-28,10
2024-03-28 11:00:00,1.04939,1.119264,2024-03-28,11
2024-03-28 12:00:00,1.056386,1.126668,2024-03-28,12
2024-03-28 13:00:00,0.9529327,1.014611,2024-03-28,13
2024-03-28 14:00:00,0.7618372,0.8079675,2024-03-28,14
2024-03-28 15:00:00,0.4367913,0.4521999,2024-03-28,15
2024-03-28 16:00:00,0.2806031,0.2875825,2024-03-28,16
2024-03-28 17:00:00,0.0566017,0.0509581,2024-03-28,17
2024-03-28 18:00:00,0.0,0.0,2024-03-28,18
2024-03-28 19:00:00,0.0,0.0,2024-03-28,19
2024-03-28 20:00:00,0.0,0.0,2024-03-28,20
2024-03-28 21:00:00,0.0,0.0,2024-03-28,21
2024-03-28 22:00:00,0.0,0.0,2024-03-28,22
2024-03-28 23:00:00,0.0,0.0,2024-03-28,23
2024-03-29 00:00:00,0.0,0.0,2024-03-29,0
2024-03-29 01:00:00,0.0,0.0,2024-03-29,1
2024-03-29 02:00:00,0.0,0.0,2024-03-29,2
2024-03-29 03:00:00,0.0,0.0,2024-03-29,3
2024-03-29 04:00:00,0.0,0.0,2024-03-29,4
2024-03-29 05:00:00,0.007979095,0.0,2024-03-29,5
2024-03-29 06:00:00,0.1055369,0.1030454,2024-03-29,6
2024-03-29 07:00:00,0.3097335,0.3129255,2024-03-29,7
2024-03-29 08:00:00,0.4558728,0.4644379,2024-03-29,8
2024-03-29 09:00:00,0.4645712,0.4641902,2024-03-29,9
2024-03-29 10:00:00,0.812205,0.8548471,2024-03-29,10
2024-03-29 11:00:00,0.7805696,0.8142964,2024-03-29,11
2024-03-29 12:00:00,0.9104403,0.9648908,2024-03-29,12
2024-03-29 13:00:00,0.9125495,0.9683374,2024-03-29,13
2024-03-29 14:00:00,0.6514273,0.6832391,2024-03-29,14
2024-03-29 15:00:00,0.5092254,0.5316054,2024-03-29,15
2024-03-29 16:00:00,0.2872442,0.2924905,2024-03-29,16
2024-03-29 17:00:00,0.05736764,0.05048995,2024-03-29,17
2024-03-29 18:00:00,0.0,0.0,2024-03-29,18
2024-03-29 19:00:00,0.0,0.0,2024-03-29,19
2024-03-29 20:00:00,0.0,0.0,2024-03-29,20
2024-03-29 21:00:00,0.0,0.0,2024-03-29,21
2024-03-29 22:00:00,0.0,0.0,2024-03-29,22
2024-03-29 23:00:00,0.0,0.0,2024-03-29,23
2024-03-30 00:00:00,0.0,0.0,2024-03-30,0
2024-03-30 01:00:00,0.0,0.0,2024-03-30,1
2024-03-30 02:00:00,0.0,0.0,2024-03-30,2
2024-03-30 03:00:00,0.0,0.0,2024-03-30,3
2024-03-30 04:00:00,0.0,0.0,2024-03-30,4
2024-03-30 05:00:00,0.01379349,0.0,2024-03-30,5
2024-03-30 06:00:00,0.0280597,0.02725804,2024-03-30,6
2024-03-30 07:00:00,0.03503037,0.03403416,2024-03-30,7
2024-03-30 08:00:00,0.06619184,0.06432988,2024-03-30,8
2024-03-30 09:00:00,0.09948868,0.09671549,2024-03-30,9
2024-03-30 10:00:00,0.3306292,0.3226757,2024-03-30,10
2024-03-30 11:00:00,0.1183842,0.1150894,2024-03-30,11
2024-03-30 12:00:00,0.08523352,0.08283299,2024-03-30,12
2024-03-30 13:00:00,0.1101185,0.1070559,2024-03-30,13
2024-03-30 14:00:00,0.1064539,0.1035074,2024-03-30,14
2024-03-30 15:00:00,0.08646331,0.0840696,2024-03-30,15
2024-03-30 16:00:00,0.08344246,0.08115199,2024-03-30,16
2024-03-30 17:00:00,0.01753236,0.01697435,2024-03-30,17
2024-03-30 18:00:00,0.0,0.0,2024-03-30,18
2024-03-30 19:00:00,0.0,0.0,2024-03-30,19
2024-03-30 20:00:00,0.0,0.0,2024-03-30,20
2024-03-30 21:00:00,0.0,0.0,2024-03-30,21
2024-03-30 22:00:00,0.0,0.0,2024-03-30,22
2024-03-30 23:00:00,0.0,0.0,2024-03-30,23
2024-03-31 00:00:00,0.0,0.0,2024-03-31,0
2024-03-31 01:00:00,0.0,0.0,2024-03-31,1
2024-03-31 02:00:00,0.0,0.0,2024-03-31,2
2024-03-31 03:00:00,0.0,0.0,2024-03-31,3
2024-03-31 04:00:00,0.0,0.0,2024-03-31,4
2024-03-31 05:00:00,0.01421398,0.0,2024-03-31,5
2024-03-31 06:00:00,0.1797551,0.1746115,2024-03-31,6
2024-03-31 07:00:00,0.4397318,0.4515996,2024-03-31,7
2024-03-31 08:00:00,0.6661803,0.6961769,2024-03-31,8
2024-03-31 09:00:00,0.9099693,0.9587266,2024-03-31,9
2024-03-31 10:00:00,0.9757396,1.031001,2024-03-31,10
2024-03-31 11:00:00,1.039146,1.099443,2024-03-31,11
2024-03-31 12:00:00,1.03386,1.093467,2024-03-31,12
2024-03-31 13:00:00,0.6985113,0.7236807,2024-03-31,13
2024-03-31 14:00:00,0.6638353,0.6926051,2024-03-31,14
2024-03-31 15:00:00,0.6024612,0.6253541,2024-03-31,15
2024-03-31 16:00:00,0.3191117,0.3207551,2024-03-31,16
2024-03-31 17:00:00,0.0516742,0.04559913,2024-03-31,17
2024-03-31 18:00:00,0.0,0.0,2024-03-31,18
2024-03-31 19:00:00,0.0,0.0,2024-03-31,19
2024-03-31 20:00:00,0.0,0.0,2024-03-31,20
2024-03-31 21:00:00,0.0,0.0,2024-03-31,21
2024-03-31 22:00:00,0.0,0.0,2024-03-31,22
2024-03-31 23:00:00,0.0,0.0,2024-03-31,23
2024-04-01 00:00:00,0.0,0.0,2024-04-01,0
2024-04-01 01:00:00,0.0,0.0,2024-04-01,1
2024-04-01 02:00:00,0.0,0.0,2024-04-01,2
2024-04-01 03:00:00,0.0,0.0,2024-04-01,3
2024-04-01 04:00:00,0.0,0.0,2024-04-01,4
2024-04-01 05:00:00,0.01422757,0.0,2024-04-01,5
2024-04-01 06:00:00,0.1490598,0.1442141,2024-04-01,6
2024-04-01 07:00:00,0.2494968,0.2460013,2024-04-01,7
2024-04-01 08:00:00,0.4329857,0.4354201,2024-04-01,8
2024-04-01 09:00:00,0.6788627,0.7028355,2024-04-01,9
2024-04-01 10:00:00,0.6900461,0.708079,2024-04-01,10
2024-04-01 11:00:00,0.3296026,0.3213463,2024-04-01,11
2024-04-01 12:00:00,0.5939926,0.5975551,2024-04-01,12
2024-04-01 13:00:00,0.4510974,0.4463255,2024-04-01,13
2024-04-01 14:00:00,0.3396923,0.33375,2024-04-01,14
2024-04-01 15:00:00,0.3362503,0.335174,2024-04-01,15
2024-04-01 16:00:00,0.2480266,0.2457803,2024-04-01,16
2024-04-01 17:00:00,0.06731251,0.05253192,2024-04-01,17
2024-04-01 18:00:00,0.0,0.0,2024-04-01,18
2024-04-01 19:00:00,0.0,0.0,2024-04-01,19
2024-04-01 20:00:00,0.0,0.0,2024-04-01,20
2024-04-01 21:00:00,0.0,0.0,2024-04-01,21
2024-04-01 22:00:00,0.0,0.0,2024-04-01,22
2024-04-01 23:00:00,0.0,0.0,2024-04-01,23
2024-04-02 00:00:00,0.0,0.0,2024-04-02,0
2024-04-02 01:00:00,0.0,0.0,2024-04-02,1
2024-04-02 02:00:00,0.0,0.0,2024-04-02,2
2024-04-02 03:00:00,0.0,0.0,2024-04-02,3
2024-04-02 04:00:00,0.0,0.0,2024-04-02,4
2024-04-02 05:00:00,0.01054867,0.0,2024-04-02,5
2024-04-02 06:00:00,0.1558494,0.1498961,2024-04-02,6
2024-04-02 07:00:00,0.2337113,0.2294246,2024-04-02,7
2024-04-02 08:00:00,0.3331431,0.3281243,2024-04-02,8
2024-04-02 09:00:00,0.5401519,0.5444584,2024-04-02,9
2024-04-02 10:00:00,0.6625317,0.6753029,2024-04-02,10
2024-04-02 11:00:00,0.5013426,0.4958888,2024-04-02,11
2024-04-02 12:00:00,0.4423079,0.4348696,2024-04-02,12
2024-04-02 13:00:00,0.3690922,0.3614576,2024-04-02,13
2024-04-02 14:00:00,0.393256,0.3891824,2024-04-02,14
2024-04-02 15:00:00,0.3972039,0.4002566,2024-04-02,15
2024-04-02 16:00:00,0.1954628,0.191477,2024-04-02,16
2024-04-02 17:00:00,0.04365212,0.03991726,2024-04-02,17
2024-04-02 18:00:00,0.0,0.0,2024-04-02,18
2024-04-02 19:00:00,0.0,0.0,2024-04-02,19
2024-04-02 20:00:00,0.0,0.0,2024-04-02,20
2024-04-02 21:00:00,0.0,0.0,2024-04-02,21
2024-04-02 22:00:00,0.0,0.0,2024-04-02,22
2024-04-02 23:00:00,0.0,0.0,2024-04-02,23
2024-04-03 00:00:00,0.0,0.0,2024-04-03,0
2024-04-03 01:00:00,0.0,0.0,2024-04-03,1
2024-04-03 02:00:00,0.0,0.0,2024-04-03,2
2024-04-03 03:00:00,0.0,0.0,2024-04-03,3
2024-04-03 04:00:00,0.0,0.0,2024-04-03,4
2024-04-03 05:00:00,0.02106697,0.0,2024-04-03,5
2024-04-03 06:00:00,0.1061542,0.1028258,2024-04-03,6
2024-04-03 07:00:00,0.3201479,0.3185219,2024-04-03,7
2024-04-03 08:00:00,0.5970284,0.6139213,2024-04-03,8
2024-04-03 09:00:00,0.4630994,0.4598499,2024-04-03,9
2024-04-03 10:00:00,0.5484462,0.5474821,2024-04-03,10
2024-04-03 11:00:00,0.3018864,0.2940228,2024-04-03,11
2024-04-03 12:00:00,0.2575648,0.2507155,2024-04-03,12
2024-04-03 13:00:00,0.4125648,0.4056555,2024-04-03,13
2024-04-03 14:00:00,0.2798986,0.2731799,2024-04-03,14
2024-04-03 15:00:00,0.3282487,0.3253927,2024-04-03,15
2024-04-03 16:00:00,0.182622,0.1782116,2024-04-03,16
2024-04-03 17:00:00,0.06358805,0.04918405,2024-04-03,17
2024-04-03 18:00:00,0.0,0.0,2024-04-03,18
2024-04-03 19:00:00,0.0,0.0,2024-04-03,19
2024-04-03 20:00:00,0.0,0.0,2024-04-03,20
2024-04-03 21:00:00,0.0,0.0,2024-04-03,21
2024-04-03 22:00:00,0.0,0.0,2024-04-03,22
2024-04-03 23:00:00,0.0,0.0,2024-04-03,23
2024-04-04 00:00:00,0.0,0.0,2024-04-04,0
2024-04-04 01:00:00,0.0,0.0,2024-04-04,1
2024-04-04 02:00:00,0.0,0.0,2024-04-04,2
2024-04-04 03:00:00,0.0,0.0,2024-04-04,3
2024-04-04 04:00:00,0.0,0.0,2024-04-04,4
2024-04-04 05:00:00,0.01607636,0.0,2024-04-04,5
2024-04-04 06:00:00,0.1388435,0.1332602,2024-04-04,6
2024-04-04 07:00:00,0.2800054,0.2759594,2024-04-04,7
2024-04-04 08:00:00,0.4996239,0.5051899,2024-04-04,8
2024-04-04 09:00:00,0.4950683,0.4935451,2024-04-04,9
2024-04-04 10:00:00,0.5972326,0.6001212,2024-04-04,10
2024-04-04 11:00:00,0.8847044,0.9207929,2024-04-04,11
2024-04-04 12:00:00,0.8784001,0.9144413,2024-04-04,12
2024-04-04 13:00:00,0.9323602,0.9722507,2024-04-04,13
2024-04-04 14:00:00,0.5868657,0.5988182,2024-04-04,14
2024-04-04 15:00:00,0.4369289,0.4403249,2024-04-04,15
2024-04-04 16:00:00,0.1928196,0.1877583,2024-04-04,16
2024-04-04 17:00:00,0.0564481,0.04626141,2024-04-04,17
2024-04-04 18:00:00,0.0,0.0,2024-04-04,18
2024-04-04 19:00:00,0.0,0.0,2024-04-04,19
2024-04-04 20:00:00,0.0,0.0,2024-04-04,20
2024-04-04 21:00:00,0.0,0.0,2024-04-04,21
2024-04-04 22:00:00,0.0,0.0,2024-04-04,22
2024-04-04 23:00:00,0.0,0.0,2024-04-04,23
2024-04-05 00:00:00,0.0,0.0,2024-04-05,0
2024-04-05 01:00:00,0.0,0.0,2024-04-05,1
2024-04-05 02:00:00,0.0,0.0,2024-04-05,2
2024-04-05 03:00:00,0.0,0.0,2024-04-05,3
2024-04-05 04:00:00,0.0,0.0,2024-04-05,4
2024-04-05 05:00:00,0.01527562,0.0,2024-04-05,5
2024-04-05 06:00:00,0.1306922,0.1255398,2024-04-05,6
2024-04-05 07:00:00,0.2745754,0.2698569,2024-04-05,7
2024-04-05 08:00:00,0.6189541,0.6331122,2024-04-05,8
2024-04-05 09:00:00,0.7080067,0.7276247,2024-04-05,9
2024-04-05 10:00:00,0.9634621,1.004168,2024-04-05,10
2024-04-05 11:00:00,0.8844603,0.9182729,2024-04-05,11
2024-04-05 12:00:00,0.6099638,0.6121303,2024-04-05,12
2024-04-05 13:00:00,0.5262973,0.5247865,2024-04-05,13
2024-04-05 14:00:00,0.3604912,0.3542493,2024-04-05,14
2024-04-05 15:00:00,0.2853866,0.2801788,2024-04-05,15
2024-04-05 16:00:00,0.1861132,0.1807729,2024-04-05,16
2024-04-05 17:00:00,0.03634726,0.03422984,2024-04-05,17
2024-04-05 18:00:00,0.0,0.0,2024-04-05,18
2024-04-05 19:00:00,0.0,0.0,2024-04-05,19
2024-04-05 20:00:00,0.0,0.0,2024-04-05,20
2024-04-05 21:00:00,0.0,0.0,2024-04-05,21
2024-04-05 22:00:00,0.0,0.0,2024-04-05,22
2024-04-05 23:00:00,0.0,0.0,2024-04-05,23
2024-04-06 00:00:00,0.0,0.0,2024-04-06,0
2024-04-06 01:00:00,0.0,0.0,2024-04-06,1
2024-04-06 02:00:00,0.0,0.0,2024-04-06,2
2024-04-06 03:00:00,0.0,0.0,2024-04-06,3
2024-04-06 04:00:00,0.0,0.0,2024-04-06,4
2024-04-06 05:00:00,0.01830889,0.0,2024-04-06,5
2024-04-06 06:00:00,0.05398316,0.05238839,2024-04-06,6
2024-04-06 07:00:00,0.2429457,0.2375806,2024-04-06,7
2024-04-06 08:00:00,0.2157173,0.2099664,2024-04-06,8
2024-04-06 09:00:00,0.2727374,0.2656114,2024-04-06,9
2024-04-06 10:00:00,0.5062362,0.5008934,2024-04-06,10
2024-04-06 11:00:00,0.773038,0.7917095,2024-04-06,11
2024-04-06 12:00:00,0.6798316,0.6884823,2024-04-06,12
2024-04-06 13:00:00,0.2341482,0.2278507,2024-04-06,13
2024-04-06 14:00:00,0.3900488,0.3844242,2024-04-06,14
2024-04-06 15:00:00,0.3253571,0.3206883,2024-04-06,15
2024-04-06 16:00:00,0.1237397,0.1201849,2024-04-06,16
2024-04-06 17:00:00,0.02785145,0.02674356,2024-04-06,17
2024-04-06 18:00:00,0.0,0.0,2024-04-06,18
2024-04-06 19:00:00,0.0,0.0,2024-04-06,19
2024-04-06 20:00:00,0.0,0.0,2024-04-06,20
2024-04-06 21:00:00,0.0,0.0,2024-04-06,21
2024-04-06 22:00:00,0.0,0.0,2024-04-06,22
2024-04-06 23:00:00,0.0,0.0,2024-04-06,23
2024-04-07 00:00:00,0.0,0.0,2024-04-07,0
2024-04-07 01:00:00,0.0,0.0,2024-04-07,1
2024-04-07 02:00:00,0.0,0.0,2024-04-07,2
2024-04-07 03:00:00,0.0,0.0,2024-04-07,3
2024-04-07 04:00:00,0.0,0.0,2024-04-07,4
2024-04-07 05:00:00,0.02613526,0.006154103,2024-04-07,5
2024-04-07 06:00:00,0.1682184,0.1578964,2024-04-07,6
2024-04-07 07:00:00,0.2657167,0.2600244,2024-04-07,7
2024-04-07 08:00:00,0.5543665,0.5598683,2024-04-07,8
2024-04-07 09:00:00,0.7778086,0.7995201,2024-04-07,9
2024-04-07 10:00:00,0.9014815,0.9328334,2024-04-07,10
2024-04-07 11:00:00,0.8539627,0.8802232,2024-04-07,11
2024-04-07 12:00:00,1.017406,1.056211,2024-04-07,12
2024-04-07 13:00:00,0.9336321,0.9652274,2024-04-07,13
2024-04-07 14:00:00,0.6525629,0.6649231,2024-04-07,14
2024-04-07 15:00:00,0.3898444,0.3866241,2024-04-07,15
2024-04-07 16:00:00,0.2152454,0.2073132,2024-04-07,16
2024-04-07 17:00:00,0.03930444,0.03651608,2024-04-07,17
2024-04-07 18:00:00,0.0,0.0,2024-04-07,18
2024-04-07 19:00:00,0.0,0.0,2024-04-07,19
2024-04-07 20:00:00,0.0,0.0,2024-04-07,20
2024-04-07 21:00:00,0.0,0.0,2024-04-07,21
2024-04-07 22:00:00,0.0,0.0,2024-04-07,22
2024-04-07 23:00:00,0.0,0.0,2024-04-07,23
2024-04-08 00:00:00,0.0,0.0,2024-04-08,0
2024-04-08 01:00:00,0.0,0.0,2024-04-08,1
2024-04-08 02:00:00,0.0,0.0,2024-04-08,2
2024-04-08 03:00:00,0.0,0.0,2024-04-08,3
2024-04-08 04:00:00,0.0,0.0,2024-04-08,4
2024-04-08 05:00:00,0.02708657,0.007230593,2024-04-08,5
2024-04-08 06:00:00,0.103224,0.0997366,2024-04-08,6
2024-04-08 07:00:00,0.3221091,0.31592,2024-04-08,7
2024-04-08 08:00:00,0.3880187,0.3825957,2024-04-08,8
2024-04-08 09:00:00,0.4730708,0.4679563,2024-04-08,9
2024-04-08 10:00:00,0.8232843,0.8455829,2024-04-08,10
2024-04-08 11:00:00,0.8615405,0.886553,2024-04-08,11
2024-04-08 12:00:00,1.021511,1.057758,2024-04-08,12
2024-04-08 13:00:00,0.8362935,0.8601266,2024-04-08,13
2024-04-08 14:00:00,0.5269219,0.5278955,2024-04-08,14
2024-04-08 15:00:00,0.4813782,0.4797048,2024-04-08,15
2024-04-08 16:00:00,0.205225,0.1973468,2024-04-08,16
2024-04-08 17:00:00,0.05922013,0.0459592,2024-04-08,17
2024-04-08 18:00:00,0.0,0.0,2024-04-08,18
2024-04-08 19:00:00,0.0,0.0,2024-04-08,19
2024-04-08 20:00:00,0.0,0.0,2024-04-08,20
2024-04-08 21:00:00,0.0,0.0,2024-04-08,21
2024-04-08 22:00:00,0.0,0.0,2024-04-08,22
2024-04-08 23:00:00,0.0,0.0,2024-04-08,23
2024-04-09 00:00:00,0.0,0.0,2024-04-09,0
2024-04-09 01:00:00,0.0,0.0,2024-04-09,1
2024-04-09 02:00:00,0.0,0.0,2024-04-09,2
2024-04-09 03:00:00,0.0,0.0,2024-04-09,3
2024-04-09 04:00:00,0.0,0.0,2024-04-09,4
2024-04-09 05:00:00,0.02045855,0.01418985,2024-04-09,5
2024-04-09 06:00:00,0.1048633,0.1012491,2024-04-09,6
2024-04-09 07:00:00,0.2581716,0.2518389,2024-04-09,7
2024-04-09 08:00:00,0.4320501,0.4277061,2024-04-09,8
2024-04-09 09:00:00,0.3874473,0.3795324,2024-04-09,9
2024-04-09 10:00:00,0.4652037,0.4573074,2024-04-09,10
2024-04-09 11:00:00,0.4088266,0.399621,2024-04-09,11
2024-04-09 12:00:00,0.696359,0.7032999,2024-04-09,12
2024-04-09 13:00:00,0.7914366,0.8097355,2024-04-09,13
2024-04-09 14:00:00,0.6367866,0.644094,2024-04-09,14
2024-04-09 15:00:00,0.2376421,0.2316243,2024-04-09,15
2024-04-09 16:00:00,0.2353147,0.223937,2024-04-09,16
2024-04-09 17:00:00,0.03181482,0.03033509,2024-04-09,17
2024-04-09 18:00:00,0.0,0.0,2024-04-09,18
2024-04-09 19:00:00,0.0,0.0,2024-04-09,19
2024-04-09 20:00:00,0.0,0.0,2024-04-09,20
2024-04-09 21:00:00,0.0,0.0,2024-04-09,21
2024-04-09 22:00:00,0.0,0.0,2024-04-09,22
2024-04-09 23:00:00,0.0,0.0,2024-04-09,23
2024-04-10 00:00:00,0.0,0.0,2024-04-10,0
2024-04-10 01:00:00,0.0,0.0,2024-04-10,1
2024-04-10 02:00:00,0.0,0.0,2024-04-10,2
2024-04-10 03:00:00,0.0,0.0,2024-04-10,3
2024-04-10 04:00:00,0.0,0.0,2024-04-10,4
2024-04-10 05:00:00,0.0321958,0.006285824,2024-04-10,5
2024-04-10 06:00:00,0.2356217,0.2095634,2024-04-10,6
2024-04-10 07:00:00,0.465172,0.4547063,2024-04-10,7
2024-04-10 08:00:00,0.5734029,0.574869,2024-04-10,8
2024-04-10 09:00:00,0.8117431,0.8286555,2024-04-10,9
2024-04-10 10:00:00,0.9313981,0.9574351,2024-04-10,10
2024-04-10 11:00:00,0.8902339,0.91372,2024-04-10,11
2024-04-10 12:00:00,0.8274454,0.8457685,2024-04-10,12
2024-04-10 13:00:00,0.716352,0.7265739,2024-04-10,13
2024-04-10 14:00:00,0.570295,0.5717125,2024-04-10,14
2024-04-10 15:00:00,0.5861959,0.5805348,2024-04-10,15
2024-04-10 16:00:00,0.3744788,0.3472862,2024-04-10,16
2024-04-10 17:00:00,0.09634053,0.04919654,2024-04-10,17
2024-04-10 18:00:00,0.0,0.0,2024-04-10,18
2024-04-10 19:00:00,0.0,0.0,2024-04-10,19
2024-04-10 20:00:00,0.0,0.0,2024-04-10,20
2024-04-10 21:00:00,0.0,0.0,2024-04-10,21
2024-04-10 22:00:00,0.0,0.0,2024-04-10,22
2024-04-10 23:00:00,0.0,0.0,2024-04-10,23
2024-04-11 00:00:00,0.0,0.0,2024-04-11,0
2024-04-11 01:00:00,0.0,0.0,2024-04-11,1
2024-04-11 02:00:00,0.0,0.0,2024-04-11,2
2024-04-11 03:00:00,0.0,0.0,2024-04-11,3
2024-04-11 04:00:00,0.0,0.0,2024-04-11,4
2024-04-11 05:00:00,0.03525123,0.005500913,2024-04-11,5
2024-04-11 06:00:00,0.2048527,0.1847471,2024-04-11,6
2024-04-11 07:00:00,0.4169703,0.4058888,2024-04-11,7
2024-04-11 08:00:00,0.7699634,0.7739642,2024-04-11,8
2024-04-11 09:00:00,0.8380156,0.8537511,2024-04-11,9
2024-04-11 10:00:00,0.8007281,0.8152003,2024-04-11,10
2024-04-11 11:00:00,0.8530561,0.8713551,2024-04-11,11
2024-04-11 12:00:00,0.6200889,0.6185629,2024-04-11,12
2024-04-11 13:00:00,0.5276114,0.522738,2024-04-11,13
2024-04-11 14:00:00,0.6514251,0.6556658,2024-04-11,14
2024-04-11 15:00:00,0.5686761,0.5606056,2024-04-11,15
2024-04-11 16:00:00,0.3499727,0.3221704,2024-04-11,16
2024-04-11 17:00:00,0.1002917,0.04907975,2024-04-11,17
2024-04-11 18:00:00,0.0,0.0,2024-04-11,18
2024-04-11 19:00:00,0.0,0.0,2024-04-11,19
2024-04-11 20:00:00,0.0,0.0,2024-04-11,20
2024-04-11 21:00:00,0.0,0.0,2024-04-11,21
2024-04-11 22:00:00,0.0,0.0,2024-04-11,22
2024-04-11 23:00:00,0.0,0.0,2024-04-11,23
2024-04-12 00:00:00,0.0,0.0,2024-04-12,0
2024-04-12 01:00:00,0.0,0.0,2024-04-12,1
2024-04-12 02:00:00,0.0,0.0,2024-04-12,2
2024-04-12 03:00:00,0.0,0.0,2024-04-12,3
2024-04-12 04:00:00,0.0,0.0,2024-04-12,4
2024-04-12 05:00:00,0.04735115,0.002506136,2024-04-12,5
2024-04-12 06:00:00,0.2334179,0.2054311,2024-04-12,6
2024-04-12 07:00:00,0.4999321,0.4841844,2024-04-12,7
2024-04-12 08:00:00,0.3742817,0.3669345,2024-04-12,8
2024-04-12 09:00:00,0.48998,0.4836717,2024-04-12,9
2024-04-12 10:00:00,0.1420943,0.1381169,2024-04-12,10
2024-04-12 11:00:00,0.5331234,0.5257325,2024-04-12,11
2024-04-12 12:00:00,0.8031928,0.8157918,2024-04-12,12
2024-04-12 13:00:00,0.8236758,0.8375952,2024-04-12,13
2024-04-12 14:00:00,0.3589941,0.3512318,2024-04-12,14
2024-04-12 15:00:00,0.240894,0.2344929,2024-04-12,15
2024-04-12 16:00:00,0.1775299,0.1703527,2024-04-12,16
2024-04-12 17:00:00,0.0518502,0.04379073,2024-04-12,17
2024-04-12 18:00:00,0.0,0.0,2024-04-12,18
2024-04-12 19:00:00,0.0,0.0,2024-04-12,19
2024-04-12 20:00:00,0.0,0.0,2024-04-12,20
2024-04-12 21:00:00,0.0,0.0,2024-04-12,21
2024-04-12 22:00:00,0.0,0.0,2024-04-12,22
2024-04-12 23:00:00,0.0,0.0,2024-04-12,23
2024-04-13 00:00:00,0.0,0.0,2024-04-13,0
2024-04-13 01:00:00,0.0,0.0,2024-04-13,1
2024-04-13 02:00:00,0.0,0.0,2024-04-13,2
2024-04-13 03:00:00,0.0,0.0,2024-04-13,3
2024-04-13 04:00:00,0.0,0.0,2024-04-13,4
2024-04-13 05:00:00,0.03298762,0.01207177,2024-04-13,5
2024-04-13 06:00:00,0.2248093,0.1980493,2024-04-13,6
2024-04-13 07:00:00,0.4374988,0.4223481,2024-04-13,7
2024-04-13 08:00:00,0.7038252,0.7024701,2024-04-13,8
2024-04-13 09:00:00,0.9368941,0.9500717,2024-04-13,9
2024-04-13 10:00:00,1.02751,1.049542,2024-04-13,10
2024-04-13 11:00:00,1.024242,1.04855,2024-04-13,11
2024-04-13 12:00:00,0.9124508,0.9308436,2024-04-13,12
2024-04-13 13:00:00,0.7750265,0.7841233,2024-04-13,13
2024-04-13 14:00:00,0.6532097,0.6536384,2024-04-13,14
2024-04-13 15:00:00,0.4668558,0.4560418,2024-04-13,15
2024-04-13 16:00:00,0.3062651,0.2791852,2024-04-13,16
2024-04-13 17:00:00,0.08896293,0.0431629,2024-04-13,17
2024-04-13 18:00:00,0.0,0.0,2024-04-13,18
2024-04-13 19:00:00,0.0,0.0,2024-04-13,19
2024-04-13 20:00:00,0.0,0.0,2024-04-13,20
2024-04-13 21:00:00,0.0,0.0,2024-04-13,21
2024-04-13 22:00:00,0.0,0.0,2024-04-13,22
2024-04-13 23:00:00,0.0,0.0,2024-04-13,23
2024-04-14 00:00:00,0.0,0.0,2024-04-14,0
2024-04-14 01:00:00,0.0,0.0,2024-04-14,1
2024-04-14 02:00:00,0.0,0.0,2024-04-14,2
2024-04-14 03:00:00,0.0,0.0,2024-04-14,3
2024-04-14 04:00:00,0.0,0.0,2024-04-14,4
2024-04-14 05:00:00,0.02767603,0.01801777,2024-04-14,5
2024-04-14 06:00:00,0.1998632,0.1794687,2024-04-14,6
2024-04-14 07:00:00,0.2997546,0.2904418,2024-04-14,7
2024-04-14 08:00:00,0.6565719,0.6526569,2024-04-14,8
2024-04-14 09:00:00,0.8524832,0.8615513,2024-04-14,9
2024-04-14 10:00:00,0.9514557,0.9687664,2024-04-14,10
2024-04-14 11:00:00,0.7799331,0.7870755,2024-04-14,11
2024-04-14 12:00:00,0.7154311,0.7181178,2024-04-14,12
2024-04-14 13:00:00,0.6676918,0.6685079,2024-04-14,13
2024-04-14 14:00:00,0.6483766,0.6467656,2024-04-14,14
2024-04-14 15:00:00,0.5630075,0.5476474,2024-04-14,15
2024-04-14 16:00:00,0.3086885,0.2793086,2024-04-14,16
2024-04-14 17:00:00,0.0707643,0.04522357,2024-04-14,17
2024-04-14 18:00:00,0.0,0.0,2024-04-14,18
2024-04-14 19:00:00,0.0,0.0,2024-04-14,19
2024-04-14 20:00:00,0.0,0.0,2024-04-14,20
2024-04-14 21:00:00,0.0,0.0,2024-04-14,21
2024-04-14 22:00:00,0.0,0.0,2024-04-14,22
2024-04-14 23:00:00,0.0,0.0,2024-04-14,23
2024-04-15 00:00:00,0.0,0.0,2024-04-15,0
2024-04-15 01:00:00,0.0,0.0,2024-04-15,1
2024-04-15 02:00:00,0.0,0.0,2024-04-15,2
2024-04-15 03:00:00,0.0,0.0,2024-04-15,3
2024-04-15 04:00:00,0.0,0.0,2024-04-15,4
2024-04-15 05:00:00,0.03943324,0.01000628,2024-04-15,5
2024-04-15 06:00:00,0.2452366,0.211073,2024-04-15,6
2024-04-15 07:00:00,0.500332,0.4781627,2024-04-15,7
2024-04-15 08:00:00,0.7003399,0.6943874,2024-04-15,8
2024-04-15 09:00:00,0.6691697,0.6688371,2024-04-15,9
2024-04-15 10:00:00,0.8611723,0.8721545,2024-04-15,10
2024-04-15 11:00:00,0.8315309,0.8409328,2024-04-15,11
2024-04-15 12:00:00,0.8556474,0.8665553,2024-04-15,12
2024-04-15 13:00:00,0.6530036,0.651755,2024-04-15,13
2024-04-15 14:00:00,0.7211755,0.7188297,2024-04-15,14
2024-04-15 15:00:00,0.4609262,0.447026,2024-04-15,15
2024-04-15 16:00:00,0.2250284,0.2102111,2024-04-15,16
2024-04-15 17:00:00,0.05533975,0.04513535,2024-04-15,17
2024-04-15 18:00:00,0.0,0.0,2024-04-15,18
2024-04-15 19:00:00,0.0,0.0,2024-04-15,19
2024-04-15 20:00:00,0.0,0.0,2024-04-15,20
2024-04-15 21:00:00,0.0,0.0,2024-04-15,21
2024-04-15 22:00:00,0.0,0.0,2024-04-15,22
2024-04-15 23:00:00,0.0,0.0,2024-04-15,23
2024-04-16 00:00:00,0.0,0.0,2024-04-16,0
2024-04-16 01:00:00,0.0,0.0,2024-04-16,1
2024-04-16 02:00:00,0.0,0.0,2024-04-16,2
2024-04-16 03:00:00,0.0,0.0,2024-04-16,3
2024-04-16 04:00:00,0.0,0.0,2024-04-16,4
2024-04-16 05:00:00,0.03987367,0.01188539,2024-04-16,5
2024-04-16 06:00:00,0.2163435,0.1901115,2024-04-16,6
2024-04-16 07:00:00,0.4099449,0.3921147,2024-04-16,7
2024-04-16 08:00:00,0.5122147,0.5037511,2024-04-16,8
2024-04-16 09:00:00,0.8122805,0.8158199,2024-04-16,9
2024-04-16 10:00:00,0.6863833,0.6851872,2024-04-16,10
2024-04-16 11:00:00,0.8469437,0.8556421,2024-04-16,11
2024-04-16 12:00:00,1.002894,1.017799,2024-04-16,12
2024-04-16 13:00:00,0.8857549,0.8927982,2024-04-16,13
2024-04-16 14:00:00,0.7783499,0.7737945,2024-04-16,14
2024-04-16 15:00:00,0.5190555,0.5008339,2024-04-16,15
2024-04-16 16:00:00,0.2056461,0.1935941,2024-04-16,16
2024-04-16 17:00:00,0.06984167,0.04543875,2024-04-16,17
2024-04-16 18:00:00,0.0,0.0,2024-04-16,18
2024-04-16 19:00:00,0.0,0.0,2024-04-16,19
2024-04-16 20:00:00,0.0,0.0,2024-04-16,20
2024-04-16 21:00:00,0.0,0.0,2024-04-16,21
2024-04-16 22:00:00,0.0,0.0,2024-04-16,22
2024-04-16 23:00:00,0.0,0.0,2024-04-16,23
2024-04-17 00:00:00,0.0,0.0,2024-04-17,0
2024-04-17 01:00:00,0.0,0.0,2024-04-17,1
2024-04-17 02:00:00,0.0,0.0,2024-04-17,2
2024-04-17 03:00:00,0.0,0.0,2024-04-17,3
2024-04-17 04:00:00,0.0,0.0,2024-04-17,4
2024-04-17 05:00:00,0.02867441,0.02138532,2024-04-17,5
2024-04-17 06:00:00,0.1462867,0.1380588,2024-04-17,6
2024-04-17 07:00:00,0.3472655,0.3334126,2024-04-17,7
2024-04-17 08:00:00,0.6479636,0.6380519,2024-04-17,8
2024-04-17 09:00:00,0.7912149,0.7921457,2024-04-17,9
2024-04-17 10:00:00,0.7659762,0.768145,2024-04-17,10
2024-04-17 11:00:00,1.062565,1.077736,2024-04-17,11
2024-04-17 12:00:00,0.7231071,0.7227579,2024-04-17,12
2024-04-17 13:00:00,0.6344717,0.63015,2024-04-17,13
2024-04-17 14:00:00,0.3736177,0.3647902,2024-04-17,14
2024-04-17 15:00:00,0.2739414,0.2659529,2024-04-17,15
2024-04-17 16:00:00,0.1880123,0.1782711,2024-04-17,16
2024-04-17 17:00:00,0.06564969,0.04621482,2024-04-17,17
2024-04-17 18:00:00,0.0,0.0,2024-04-17,18
2024-04-17 19:00:00,0.0,0.0,2024-04-17,19
2024-04-17 20:00:00,0.0,0.0,2024-04-17,20
2024-04-17 21:00:00,0.0,0.0,2024-04-17,21
2024-04-17 22:00:00,0.0,0.0,2024-04-17,22
2024-04-17 23:00:00,0.0,0.0,2024-04-17,23
2024-04-18 00:00:00,0.0,0.0,2024-04-18,0
2024-04-18 01:00:00,0.0,0.0,2024-04-18,1
2024-04-18 02:00:00,0.0,0.0,2024-04-18,2
2024-04-18 03:00:00,0.0,0.0,2024-04-18,3
2024-04-18 04:00:00,0.0,0.0,2024-04-18,4
2024-04-18 05:00:00,0.0282212,0.02229994,2024-04-18,5
2024-04-18 06:00:00,0.08904199,0.08614381,2024-04-18,6
2024-04-18 07:00:00,0.09446481,0.09172784,2024-04-18,7
2024-04-18 08:00:00,0.2186877,0.2125681,2024-04-18,8
2024-04-18 09:00:00,0.3148667,0.3065032,2024-04-18,9
2024-04-18 10:00:00,0.1731741,0.1683255,2024-04-18,10
2024-04-18 11:00:00,0.1524067,0.1481217,2024-04-18,11
2024-04-18 12:00:00,0.2273751,0.2210796,2024-04-18,12
2024-04-18 13:00:00,0.1535481,0.1492298,2024-04-18,13
2024-04-18 14:00:00,0.1983629,0.1928046,2024-04-18,14
2024-04-18 15:00:00,0.2447863,0.2376397,2024-04-18,15
2024-04-18 16:00:00,0.1630068,0.1560787,2024-04-18,16
2024-04-18 17:00:00,0.01926329,0.01853445,2024-04-18,17
2024-04-18 18:00:00,0.0,0.0,2024-04-18,18
2024-04-18 19:00:00,0.0,0.0,2024-04-18,19
2024-04-18 20:00:00,0.0,0.0,2024-04-18,20
2024-04-18 21:00:00,0.0,0.0,2024-04-18,21
2024-04-18 22:00:00,0.0,0.0,2024-04-18,22
2024-04-18 23:00:00,0.0,0.0,2024-04-18,23
2024-04-19 00:00:00,0.0,0.0,2024-04-19,0
2024-04-19 01:00:00,0.0,0.0,2024-04-19,1
2024-04-19 02:00:00,0.0,0.0,2024-04-19,2
2024-04-19 03:00:00,0.0,0.0,2024-04-19,3
2024-04-19 04:00:00,0.0,0.0,2024-04-19,4
2024-04-19 05:00:00,0.03153238,0.02317075,2024-04-19,5
2024-04-19 06:00:00,0.2567107,0.2153259,2024-04-19,6
2024-04-19 07:00:00,0.5494348,0.515916,2024-04-19,7
2024-04-19 08:00:00,0.7480957,0.7324744,2024-04-19,8
2024-04-19 09:00:00,0.8889716,0.8868537,2024-04-19,9
2024-04-19 10:00:00,1.044675,1.051646,2024-04-19,10
2024-04-19 11:00:00,1.022319,1.031922,2024-04-19,11
2024-04-19 12:00:00,1.055012,1.063262,2024-04-19,12
2024-04-19 13:00:00,1.023193,1.023881,2024-04-19,13
2024-04-19 14:00:00,0.8143562,0.8019445,2024-04-19,14
2024-04-19 15:00:00,0.6209784,0.5909268,2024-04-19,15
2024-04-19 16:00:00,0.2992168,0.2631004,2024-04-19,16
2024-04-19 17:00:00,0.06938856,0.04606574,2024-04-19,17
2024-04-19 18:00:00,0.0,0.0,2024-04-19,18
2024-04-19 19:00:00,0.0,0.0,2024-04-19,19
2024-04-19 20:00:00,0.0,0.0,2024-04-19,20
2024-04-19 21:00:00,0.0,0.0,2024-04-19,21
2024-04-19 22:00:00,0.0,0.0,2024-04-19,22
2024-04-19 23:00:00,0.0,0.0,2024-04-19,23
2024-04-20 00:00:00,0.0,0.0,2024-04-20,0
2024-04-20 01:00:00,0.0,0.0,2024-04-20,1
2024-04-20 02:00:00,0.0,0.0,2024-04-20,2
2024-04-20 03:00:00,0.0,0.0,2024-04-20,3
2024-04-20 04:00:00,0.0,0.0,2024-04-20,4
2024-04-20 05:00:00,0.05926428,0.004443079,2024-04-20,5
2024-04-20 06:00:00,0.2263065,0.1949092,2024-04-20,6
2024-04-20 07:00:00,0.3229892,0.3095047,2024-04-20,7
2024-04-20 08:00:00,0.47026,0.4586532,2024-04-20,8
2024-04-20 09:00:00,0.9647355,0.9601301,2024-04-20,9
2024-04-20 10:00:00,1.029416,1.033794,2024-04-20,10
2024-04-20 11:00:00,0.8145545,0.8150173,2024-04-20,11
2024-04-20 12:00:00,0.893028,0.8959139,2024-04-20,12
2024-04-20 13:00:00,0.9073288,0.9052388,2024-04-20,13
2024-04-20 14:00:00,0.3888291,0.3791313,2024-04-20,14
2024-04-20 15:00:00,0.5100534,0.4845791,2024-04-20,15
2024-04-20 16:00:00,0.295545,0.2588463,2024-04-20,16
2024-04-20 17:00:00,0.06948635,0.04631981,2024-04-20,17
2024-04-20 18:00:00,0.0,0.0,2024-04-20,18
2024-04-20 19:00:00,0.0,0.0,2024-04-20,19
2024-04-20 20:00:00,0.0,0.0,2024-04-20,20
2024-04-20 21:00:00,0.0,0.0,2024-04-20,21
2024-04-20 22:00:00,0.0,0.0,2024-04-20,22
2024-04-20 23:00:00,0.0,0.0,2024-04-20,23
2024-04-21 00:00:00,0.0,0.0,2024-04-21,0
2024-04-21 01:00:00,0.0,0.0,2024-04-21,1
2024-04-21 02:00:00,0.0,0.0,2024-04-21,2
2024-04-21 03:00:00,0.0,0.0,2024-04-21,3
2024-04-21 04:00:00,0.0,0.0,2024-04-21,4
2024-04-21 05:00:00,0.04301659,0.02023877,2024-04-21,5
2024-04-21 06:00:00,0.1085049,0.1045511,2024-04-21,6
2024-04-21 07:00:00,0.1676654,0.162709,2024-04-21,7
2024-04-21 08:00:00,0.1825733,0.177393,2024-04-21,8
2024-04-21 09:00:00,0.6151637,0.6061324,2024-04-21,9
2024-04-21 10:00:00,0.9221619,0.9230365,2024-04-21,10
2024-04-21 11:00:00,0.8109756,0.8098132,2024-04-21,11
2024-04-21 12:00:00,0.6221351,0.6138505,2024-04-21,12
2024-04-21 13:00:00,0.692314,0.6852062,2024-04-21,13
2024-04-21 14:00:00,0.5736346,0.5608203,2024-04-21,14
2024-04-21 15:00:00,0.3481731,0.3350412,2024-04-21,15
2024-04-21 16:00:00,0.2618504,0.2333865,2024-04-21,16
2024-04-21 17:00:00,0.07461626,0.04516526,2024-04-21,17
2024-04-21 18:00:00,0.0,0.0,2024-04-21,18
2024-04-21 19:00:00,0.0,0.0,2024-04-21,19
2024-04-21 20:00:00,0.0,0.0,2024-04-21,20
2024-04-21 21:00:00,0.0,0.0,2024-04-21,21
2024-04-21 22:00:00,0.0,0.0,2024-04-21,22
2024-04-21 23:00:00,0.0,0.0,2024-04-21,23
2024-04-22 00:00:00,0.0,0.0,2024-04-22,0
2024-04-22 01:00:00,0.0,0.0,2024-04-22,1
2024-04-22 02:00:00,0.0,0.0,2024-04-22,2
2024-04-22 03:00:00,0.0,0.0,2024-04-22,3
2024-04-22 04:00:00,0.0,0.0,2024-04-22,4
2024-04-22 05:00:00,0.05008868,0.0155985,2024-04-22,5
2024-04-22 06:00:00,0.1550676,0.1452492,2024-04-22,6
2024-04-22 07:00:00,0.3186075,0.3047132,2024-04-22,7
2024-04-22 08:00:00,0.7196839,0.6982567,2024-04-22,8
2024-04-22 09:00:00,0.901323,0.8923289,2024-04-22,9
2024-04-22 10:00:00,1.000072,0.9995983,2024-04-22,10
2024-04-22 11:00:00,0.8312812,0.8294033,2024-04-22,11
2024-04-22 12:00:00,1.009212,1.009859,2024-04-22,12
2024-04-22 13:00:00,0.8959377,0.889263,2024-04-22,13
2024-04-22 14:00:00,0.756855,0.7384183,2024-04-22,14
2024-04-22 15:00:00,0.4619637,0.4375565,2024-04-22,15
2024-04-22 16:00:00,0.2506422,0.2245714,2024-04-22,16
2024-04-22 17:00:00,0.0960031,0.03662002,2024-04-22,17
2024-04-22 18:00:00,0.0,0.0,2024-04-22,18
2024-04-22 19:00:00,0.0,0.0,2024-04-22,19
2024-04-22 20:00:00,0.0,0.0,2024-04-22,20
2024-04-22 21:00:00,0.0,0.0,2024-04-22,21
2024-04-22 22:00:00,0.0,0.0,2024-04-22,22
2024-04-22 23:00:00,0.0,0.0,2024-04-22,23
2024-04-23 00:00:00,0.0,0.0,2024-04-23,0
2024-04-23 01:00:00,0.0,0.0,2024-04-23,1
2024-04-23 02:00:00,0.0,0.0,2024-04-23,2
2024-04-23 03:00:00,0.0,0.0,2024-04-23,3
2024-04-23 04:00:00,0.0,0.0,2024-04-23,4
2024-04-23 05:00:00,0.04746621,0.02056603,2024-04-23,5
2024-04-23 06:00:00,0.3013094,0.2424733,2024-04-23,6
2024-04-23 07:00:00,0.52766,0.4877381,2024-04-23,7
2024-04-23 08:00:00,0.7516706,0.7270669,2024-04-23,8
2024-04-23 09:00:00,0.882743,0.8717003,2024-04-23,9
2024-04-23 10:00:00,1.025654,1.022902,2024-04-23,10
2024-04-23 11:00:00,1.039544,1.04006,2024-04-23,11
2024-04-23 12:00:00,0.9748901,0.9730571,2024-04-23,12
2024-04-23 13:00:00,0.8536636,0.8448851,2024-04-23,13
2024-04-23 14:00:00,0.8175511,0.7951977,2024-04-23,14
2024-04-23 15:00:00,0.634023,0.5932449,2024-04-23,15
2024-04-23 16:00:00,0.3982433,0.3347729,2024-04-23,16
2024-04-23 17:00:00,0.1182432,0.03633028,2024-04-23,17
2024-04-23 18:00:00,0.0,0.0,2024-04-23,18
2024-04-23 19:00:00,0.0,0.0,2024-04-23,19
2024-04-23 20:00:00,0.0,0.0,2024-04-23,20
2024-04-23 21:00:00,0.0,0.0,2024-04-23,21
2024-04-23 22:00:00,0.0,0.0,2024-04-23,22
2024-04-23 23:00:00,0.0,0.0,2024-04-23,23
2024-04-24 00:00:00,0.0,0.0,2024-04-24,0
2024-04-24 01:00:00,0.0,0.0,2024-04-24,1
2024-04-24 02:00:00,0.0,0.0,2024-04-24,2
2024-04-24 03:00:00,0.0,0.0,2024-04-24,3
2024-04-24 04:00:00,0.0,0.0,2024-04-24,4
2024-04-24 05:00:00,0.04000488,0.02727003,2024-04-24,5
2024-04-24 06:00:00,0.2487083,0.206836,2024-04-24,6
2024-04-24 07:00:00,0.4069455,0.3807992,2024-04-24,7
2024-04-24 08:00:00,0.6939298,0.6694887,2024-04-24,8
2024-04-24 09:00:00,0.8959669,0.8826083,2024-04-24,9
2024-04-24 10:00:00,0.8918185,0.8863293,2024-04-24,10
2024-04-24 11:00:00,1.010132,1.008253,2024-04-24,11
2024-04-24 12:00:00,1.050498,1.046519,2024-04-24,12
2024-04-24 13:00:00,0.9454583,0.9338785,2024-04-24,13
2024-04-24 14:00:00,0.7630555,0.7400188,2024-04-24,14
2024-04-24 15:00:00,0.5574667,0.5201412,2024-04-24,15
2024-04-24 16:00:00,0.3071106,0.2613045,2024-04-24,16
2024-04-24 17:00:00,0.08737409,0.04041855,2024-04-24,17
2024-04-24 18:00:00,0.0,0.0,2024-04-24,18
2024-04-24 19:00:00,0.0,0.0,2024-04-24,19
2024-04-24 20:00:00,0.0,0.0,2024-04-24,20
2024-04-24 21:00:00,0.0,0.0,2024-04-24,21
2024-04-24 22:00:00,0.0,0.0,2024-04-24,22
2024-04-24 23:00:00,0.0,0.0,2024-04-24,23
2024-04-25 00:00:00,0.0,0.0,2024-04-25,0
2024-04-25 01:00:00,0.0,0.0,2024-04-25,1
2024-04-25 02:00:00,0.0,0.0,2024-04-25,2
2024-04-25 03:00:00,0.0,0.0,2024-04-25,3
2024-04-25 04:00:00,0.0,0.0,2024-04-25,4
2024-04-25 05:00:00,0.06334499,0.009560353,2024-04-25,5
2024-04-25 06:00:00,0.2524742,0.2085607,2024-04-25,6
2024-04-25 07:00:00,0.4479403,0.4146707,2024-04-25,7
2024-04-25 08:00:00,0.4039675,0.3919593,2024-04-25,8
2024-04-25 09:00:00,0.3745545,0.3646363,2024-04-25,9
2024-04-25 10:00:00,0.5180949,0.5067356,2024-04-25,10
2024-04-25 11:00:00,0.7184458,0.7095828,2024-04-25,11
2024-04-25 12:00:00,0.8342457,0.8269374,2024-04-25,12
2024-04-25 13:00:00,0.5725337,0.5606257,2024-04-25,13
2024-04-25 14:00:00,0.6069155,0.5880257,2024-04-25,14
2024-04-25 15:00:00,0.3654844,0.3486057,2024-04-25,15
2024-04-25 16:00:00,0.1511566,0.1447775,2024-04-25,16
2024-04-25 17:00:00,0.03163739,0.03020192,2024-04-25,17
2024-04-25 18:00:00,0.0,0.0,2024-04-25,18
2024-04-25 19:00:00,0.0,0.0,2024-04-25,19
2024-04-25 20:00:00,0.0,0.0,2024-04-25,20
2024-04-25 21:00:00,0.0,0.0,2024-04-25,21
2024-04-25 22:00:00,0.0,0.0,2024-04-25,22
2024-04-25 23:00:00,0.0,0.0,2024-04-25,23
2024-04-26 00:00:00,0.0,0.0,2024-04-26,0
2024-04-26 01:00:00,0.0,0.0,2024-04-26,1
2024-04-26 02:00:00,0.0,0.0,2024-04-26,2
2024-04-26 03:00:00,0.0,0.0,2024-04-26,3
2024-04-26 04:00:00,0.0,0.0,2024-04-26,4
2024-04-26 05:00:00,0.04612985,0.02747279,2024-04-26,5
2024-04-26 06:00:00,0.236329,0.1989406,2024-04-26,6
2024-04-26 07:00:00,0.4464182,0.4121915,2024-04-26,7
2024-04-26 08:00:00,0.5693038,0.5483155,2024-04-26,8
2024-04-26 09:00:00,0.8035054,0.7874931,2024-04-26,9
2024-04-26 10:00:00,1.055135,1.045333,2024-04-26,10
2024-04-26 11:00:00,1.071313,1.064988,2024-04-26,11
2024-04-26 12:00:00,1.031845,1.023331,2024-04-26,12
2024-04-26 13:00:00,0.9130499,0.8974077,2024-04-26,13
2024-04-26 14:00:00,0.7733674,0.7456045,2024-04-26,14
2024-04-26 15:00:00,0.6109403,0.5649111,2024-04-26,15
2024-04-26 16:00:00,0.2831616,0.2427332,2024-04-26,16
2024-04-26 17:00:00,0.08753601,0.04115215,2024-04-26,17
2024-04-26 18:00:00,0.0,0.0,2024-04-26,18
2024-04-26 19:00:00,0.0,0.0,2024-04-26,19
2024-04-26 20:00:00,0.0,0.0,2024-04-26,20
2024-04-26 21:00:00,0.0,0.0,2024-04-26,21
2024-04-26 22:00:00,0.0,0.0,2024-04-26,22
2024-04-26 23:00:00,0.0,0.0,2024-04-26,23
2024-04-27 00:00:00,0.0,0.0,2024-04-27,0
2024-04-27 01:00:00,0.0,0.0,2024-04-27,1
2024-04-27 02:00:00,0.0,0.0,2024-04-27,2
2024-04-27 03:00:00,0.0,0.0,2024-04-27,3
2024-04-27 04:00:00,0.0,0.0,2024-04-27,4
2024-04-27 05:00:00,0.03636803,0.03016352,2024-04-27,5
2024-04-27 06:00:00,0.1317988,0.1257588,2024-04-27,6
2024-04-27 07:00:00,0.1735692,0.1683061,2024-04-27,7
2024-04-27 08:00:00,0.2822316,0.2740835,2024-04-27,8
2024-04-27 09:00:00,0.5557166,0.5423447,2024-04-27,9
2024-04-27 10:00:00,0.5027701,0.4909642,2024-04-27,10
2024-04-27 11:00:00,0.4247764,0.413831,2024-04-27,11
2024-04-27 12:00:00,0.5934638,0.5814662,2024-04-27,12
2024-04-27 13:00:00,0.5328808,0.5202429,2024-04-27,13
2024-04-27 14:00:00,0.4246404,0.4119597,2024-04-27,14
2024-04-27 15:00:00,0.4664263,0.4347174,2024-04-27,15
2024-04-27 16:00:00,0.2817237,0.2407847,2024-04-27,16
2024-04-27 17:00:00,0.0997806,0.0350741,2024-04-27,17
2024-04-27 18:00:00,0.0,0.0,2024-04-27,18
2024-04-27 19:00:00,0.0,0.0,2024-04-27,19
2024-04-27 20:00:00,0.0,0.0,2024-04-27,20
2024-04-27 21:00:00,0.0,0.0,2024-04-27,21
2024-04-27 22:00:00,0.0,0.0,2024-04-27,22
2024-04-27 23:00:00,0.0,0.0,2024-04-27,23
2024-04-28 00:00:00,0.0,0.0,2024-04-28,0
2024-04-28 01:00:00,0.0,0.0,2024-04-28,1
2024-04-28 02:00:00,0.0,0.0,2024-04-28,2
2024-04-28 03:00:00,0.0,0.0,2024-04-28,3
2024-04-28 04:00:00,0.0,0.0,2024-04-28,4
2024-04-28 05:00:00,0.03408279,0.02982644,2024-04-28,5
2024-04-28 06:00:00,0.2228349,0.1909622,2024-04-28,6
2024-04-28 07:00:00,0.2312733,0.2233419,2024-04-28,7
2024-04-28 08:00:00,0.1956589,0.1900222,2024-04-28,8
2024-04-28 09:00:00,0.6454989,0.6297019,2024-04-28,9
2024-04-28 10:00:00,0.8521977,0.8396042,2024-04-28,10
2024-04-28 11:00:00,0.9341007,0.9239242,2024-04-28,11
2024-04-28 12:00:00,1.060502,1.047224,2024-04-28,12
2024-04-28 13:00:00,0.9254498,0.9052618,2024-04-28,13
2024-04-28 14:00:00,0.7969051,0.7638392,2024-04-28,14
2024-04-28 15:00:00,0.6240163,0.5724397,2024-04-28,15
2024-04-28 16:00:00,0.3138644,0.2603092,2024-04-28,16
2024-04-28 17:00:00,0.08214533,0.04528233,2024-04-28,17
2024-04-28 18:00:00,0.0,0.0,2024-04-28,18
2024-04-28 19:00:00,0.0,0.0,2024-04-28,19
2024-04-28 20:00:00,0.0,0.0,2024-04-28,20
2024-04-28 21:00:00,0.0,0.0,2024-04-28,21
2024-04-28 22:00:00,0.0,0.0,2024-04-28,22
2024-04-28 23:00:00,0.0,0.0,2024-04-28,23
2024-04-29 00:00:00,0.0,0.0,2024-04-29,0
2024-04-29 01:00:00,0.0,0.0,2024-04-29,1
2024-04-29 02:00:00,0.0,0.0,2024-04-29,2
2024-04-29 03:00:00,0.0,0.0,2024-04-29,3
2024-04-29 04:00:00,0.0,0.0,2024-04-29,4
2024-04-29 05:00:00,0.01472075,0.01409809,2024-04-29,5
2024-04-29 06:00:00,0.1350072,0.1286038,2024-04-29,6
2024-04-29 07:00:00,0.2411446,0.2325211,2024-04-29,7
2024-04-29 08:00:00,0.7093192,0.6748417,2024-04-29,8
2024-04-29 09:00:00,0.6021829,0.5865647,2024-04-29,9
2024-04-29 10:00:00,0.7574102,0.7437155,2024-04-29,10
2024-04-29 11:00:00,0.8654367,0.853514,2024-04-29,11
2024-04-29 12:00:00,0.7729969,0.7597334,2024-04-29,12
2024-04-29 13:00:00,0.6086109,0.5936102,2024-04-29,13
2024-04-29 14:00:00,0.5932879,0.5701293,2024-04-29,14
2024-04-29 15:00:00,0.2692952,0.2596625,2024-04-29,15
2024-04-29 16:00:00,0.2371186,0.2110515,2024-04-29,16
2024-04-29 17:00:00,0.06070575,0.04966666,2024-04-29,17
2024-04-29 18:00:00,0.0,0.0,2024-04-29,18
2024-04-29 19:00:00,0.0,0.0,2024-04-29,19
2024-04-29 20:00:00,0.0,0.0,2024-04-29,20
2024-04-29 21:00:00,0.0,0.0,2024-04-29,21
2024-04-29 22:00:00,0.0,0.0,2024-04-29,22
2024-04-29 23:00:00,0.0,0.0,2024-04-29,23
2024-04-30 00:00:00,0.0,0.0,2024-04-30,0
2024-04-30 01:00:00,0.0,0.0,2024-04-30,1
2024-04-30 02:00:00,0.0,0.0,2024-04-30,2
2024-04-30 03:00:00,0.0,0.0,2024-04-30,3
2024-04-30 04:00:00,0.0,0.0,2024-04-30,4
2024-04-30 05:00:00,0.07044496,0.01350481,2024-04-30,5
2024-04-30 06:00:00,0.3265057,0.251711,2024-04-30,6
2024-04-30 07:00:00,0.4803105,0.4355718,2024-04-30,7
2024-04-30 08:00:00,0.6851085,0.6505314,2024-04-30,8
2024-04-30 09:00:00,0.8415688,0.8174521,2024-04-30,9
2024-04-30 10:00:00,1.008648,0.9907107,2024-04-30,10
2024-04-30 11:00:00,1.175347,1.158848,2024-04-30,11
2024-04-30 12:00:00,1.023508,1.006377,2024-04-30,12
2024-04-30 13:00:00,0.9665593,0.9410487,2024-04-30,13
2024-04-30 14:00:00,0.841944,0.8023622,2024-04-30,14
2024-04-30 15:00:00,0.5693513,0.518999,2024-04-30,15
2024-04-30 16:00:00,0.3880967,0.3117101,2024-04-30,16
2024-04-30 17:00:00,0.1022329,0.0347882,2024-04-30,17
2024-04-30 18:00:00,1.42959e-06,0.0,2024-04-30,18
2024-04-30 19:00:00,0.0,0.0,2024-04-30,19
2024-04-30 20:00:00,0.0,0.0,2024-04-30,20
2024-04-30 21:00:00,0.0,0.0,2024-04-30,21
2024-04-30 22:00:00,0.0,0.0,2024-04-30,22
2024-04-30 23:00:00,0.0,0.0,2024-04-30,23
2024-05-01 00:00:00,0.0,0.0,2024-05-01,0
2024-05-01 01:00:00,0.0,0.0,2024-05-01,1
2024-05-01 02:00:00,0.0,0.0,2024-05-01,2
2024-05-01 03:00:00,0.0,0.0,2024-05-01,3
2024-05-01 04:00:00,0.0,0.0,2024-05-01,4
2024-05-01 05:00:00,0.05487262,0.03041581,2024-05-01,5
2024-05-01 06:00:00,0.3303637,0.2532222,2024-05-01,6
2024-05-01 07:00:00,0.5854596,0.5247509,2024-05-01,7
2024-05-01 08:00:00,0.743515,0.7032228,2024-05-01,8
2024-05-01 09:00:00,0.7861357,0.7622599,2024-05-01,9
2024-05-01 10:00:00,0.9393045,0.9206011,2024-05-01,10
2024-05-01 11:00:00,1.000598,0.9843503,2024-05-01,11
2024-05-01 12:00:00,1.061814,1.041895,2024-05-01,12
2024-05-01 13:00:00,0.9131386,0.8870362,2024-05-01,13
2024-05-01 14:00:00,0.6925182,0.659513,2024-05-01,14
2024-05-01 15:00:00,0.5512758,0.5013438,2024-05-01,15
2024-05-01 16:00:00,0.3287396,0.2660565,2024-05-01,16
2024-05-01 17:00:00,0.1236781,0.02980283,2024-05-01,17
2024-05-01 18:00:00,1.31061e-05,0.0,2024-05-01,18
2024-05-01 19:00:00,0.0,0.0,2024-05-01,19
2024-05-01 20:00:00,0.0,0.0,2024-05-01,20
2024-05-01 21:00:00,0.0,0.0,2024-05-01,21
2024-05-01 22:00:00,0.0,0.0,2024-05-01,22
2024-05-01 23:00:00,0.0,0.0,2024-05-01,23
2024-05-02 00:00:00,0.0,0.0,2024-05-02,0
2024-05-02 01:00:00,0.0,0.0,2024-05-02,1
2024-05-02 02:00:00,0.0,0.0,2024-05-02,2
2024-05-02 03:00:00,0.0,0.0,2024-05-02,3
2024-05-02 04:00:00,0.0,0.0,2024-05-02,4
2024-05-02 05:00:00,0.04542344,0.03500794,2024-05-02,5
2024-05-02 06:00:00,0.1309793,0.1251106,2024-05-02,6
2024-05-02 07:00:00,0.2089568,0.2020887,2024-05-02,7
2024-05-02 08:00:00,0.4994334,0.4784293,2024-05-02,8
2024-05-02 09:00:00,0.7223261,0.6996156,2024-05-02,9
2024-05-02 10:00:00,0.9973778,0.9756243,2024-05-02,10
2024-05-02 11:00:00,0.7022434,0.6873748,2024-05-02,11
2024-05-02 12:00:00,0.8575395,0.8394044,2024-05-02,12
2024-05-02 13:00:00,0.7861401,0.7625491,2024-05-02,13
2024-05-02 14:00:00,0.739325,0.7013324,2024-05-02,14
2024-05-02 15:00:00,0.4902053,0.4481536,2024-05-02,15
2024-05-02 16:00:00,0.2771235,0.233628,2024-05-02,16
2024-05-02 17:00:00,0.1118864,0.03111573,2024-05-02,17
2024-05-02 18:00:00,3.93025e-05,0.0,2024-05-02,18
2024-05-02 19:00:00,0.0,0.0,2024-05-02,19
2024-05-02 20:00:00,0.0,0.0,2024-05-02,20
2024-05-02 21:00:00,0.0,0.0,2024-05-02,21
2024-05-02 22:00:00,0.0,0.0,2024-05-02,22
2024-05-02 23:00:00,0.0,0.0,2024-05-02,23
2024-05-03 00:00:00,0.0,0.0,2024-05-03,0
2024-05-03 01:00:00,0.0,0.0,2024-05-03,1
2024-05-03 02:00:00,0.0,0.0,2024-05-03,2
2024-05-03 03:00:00,0.0,0.0,2024-05-03,3
2024-05-03 04:00:00,0.0,0.0,2024-05-03,4
2024-05-03 05:00:00,0.08645786,0.007132317,2024-05-03,5
2024-05-03 06:00:00,0.1587963,0.1484997,2024-05-03,6
2024-05-03 07:00:00,0.4021164,0.3697719,2024-05-03,7
2024-05-03 08:00:00,0.3813841,0.3685099,2024-05-03,8
2024-05-03 09:00:00,0.3610687,0.3508582,2024-05-03,9
2024-05-03 10:00:00,0.4010593,0.3901037,2024-05-03,10
2024-05-03 11:00:00,0.2285157,0.2220492,2024-05-03,11
2024-05-03 12:00:00,0.54647,0.532612,2024-05-03,12
2024-05-03 13:00:00,0.543101,0.5276213,2024-05-03,13
2024-05-03 14:00:00,0.6358036,0.6043499,2024-05-03,14
2024-05-03 15:00:00,0.4132793,0.3841686,2024-05-03,15
2024-05-03 16:00:00,0.2805878,0.2348565,2024-05-03,16
2024-05-03 17:00:00,0.08835592,0.04558919,2024-05-03,17
2024-05-03 18:00:00,5.4403e-05,0.0,2024-05-03,18
2024-05-03 19:00:00,0.0,0.0,2024-05-03,19
2024-05-03 20:00:00,0.0,0.0,2024-05-03,20
2024-05-03 21:00:00,0.0,0.0,2024-05-03,21
2024-05-03 22:00:00,0.0,0.0,2024-05-03,22
2024-05-03 23:00:00,0.0,0.0,2024-05-03,23
2024-05-04 00:00:00,0.0,0.0,2024-05-04,0
2024-05-04 01:00:00,0.0,0.0,2024-05-04,1
2024-05-04 02:00:00,0.0,0.0,2024-05-04,2
2024-05-04 03:00:00,0.0,0.0,2024-05-04,3
2024-05-04 04:00:00,0.0,0.0,2024-05-04,4
2024-05-04 05:00:00,0.07338478,0.01909767,2024-05-04,5
2024-05-04 06:00:00,0.2322853,0.1953558,2024-05-04,6
2024-05-04 07:00:00,0.2463406,0.236996,2024-05-04,7
2024-05-04 08:00:00,0.2817367,0.2732948,2024-05-04,8
2024-05-04 09:00:00,0.4467525,0.4338494,2024-05-04,9
2024-05-04 10:00:00,0.7337588,0.7151521,2024-05-04,10
2024-05-04 11:00:00,0.8082038,0.7900673,2024-05-04,11
2024-05-04 12:00:00,0.5559763,0.5416307,2024-05-04,12
2024-05-04 13:00:00,0.2813983,0.2733852,2024-05-04,13
2024-05-04 14:00:00,0.2208035,0.2143812,2024-05-04,14
2024-05-04 15:00:00,0.1894272,0.1835912,2024-05-04,15
2024-05-04 16:00:00,0.2234799,0.2003561,2024-05-04,16
2024-05-04 17:00:00,0.02176945,0.02091289,2024-05-04,17
2024-05-04 18:00:00,7.61489e-05,0.0,2024-05-04,18
2024-05-04 19:00:00,0.0,0.0,2024-05-04,19
2024-05-04 20:00:00,0.0,0.0,2024-05-04,20
2024-05-04 21:00:00,0.0,0.0,2024-05-04,21
2024-05-04 22:00:00,0.0,0.0,2024-05-04,22
2024-05-04 23:00:00,0.0,0.0,2024-05-04,23
2024-05-05 00:00:00,0.0,0.0,2024-05-05,0
2024-05-05 01:00:00,0.0,0.0,2024-05-05,1
2024-05-05 02:00:00,0.0,0.0,2024-05-05,2
2024-05-05 03:00:00,0.0,0.0,2024-05-05,3
2024-05-05 04:00:00,0.0,0.0,2024-05-05,4
2024-05-05 05:00:00,0.07997596,0.01465524,2024-05-05,5
2024-05-05 06:00:00,0.2687414,0.2129593,2024-05-05,6
2024-05-05 07:00:00,0.3669444,0.340685,2024-05-05,7
2024-05-05 08:00:00,0.5583559,0.5293148,2024-05-05,8
2024-05-05 09:00:00,0.4429729,0.4300228,2024-05-05,9
2024-05-05 10:00:00,0.3044671,0.2958647,2024-05-05,10
2024-05-05 11:00:00,0.6485689,0.6325188,2024-05-05,11
2024-05-05 12:00:00,0.254653,0.2474307,2024-05-05,12
2024-05-05 13:00:00,0.6184611,0.5988604,2024-05-05,13
2024-05-05 14:00:00,0.5525051,0.5267608,2024-05-05,14
2024-05-05 15:00:00,0.3838354,0.3587102,2024-05-05,15
2024-05-05 16:00:00,0.2761982,0.2310251,2024-05-05,16
2024-05-05 17:00:00,0.09256639,0.04470918,2024-05-05,17
2024-05-05 18:00:00,0.000168525,0.0,2024-05-05,18
2024-05-05 19:00:00,0.0,0.0,2024-05-05,19
2024-05-05 20:00:00,0.0,0.0,2024-05-05,20
2024-05-05 21:00:00,0.0,0.0,2024-05-05,21
2024-05-05 22:00:00,0.0,0.0,2024-05-05,22
2024-05-05 23:00:00,0.0,0.0,2024-05-05,23
2024-05-06 00:00:00,0.0,0.0,2024-05-06,0
2024-05-06 01:00:00,0.0,0.0,2024-05-06,1
2024-05-06 02:00:00,0.0,0.0,2024-05-06,2
2024-05-06 03:00:00,0.0,0.0,2024-05-06,3
2024-05-06 04:00:00,0.0,0.0,2024-05-06,4
2024-05-06 05:00:00,0.08489703,0.01220512,2024-05-06,5
2024-05-06 06:00:00,0.1663421,0.1544161,2024-05-06,6
2024-05-06 07:00:00,0.2509356,0.2410795,2024-05-06,7
2024-05-06 08:00:00,0.3533726,0.3416085,2024-05-06,8
2024-05-06 09:00:00,0.5581027,0.5400103,2024-05-06,9
2024-05-06 10:00:00,0.466865,0.4540573,2024-05-06,10
2024-05-06 11:00:00,0.5500022,0.5355793,2024-05-06,11
2024-05-06 12:00:00,0.7605537,0.7397484,2024-05-06,12
2024-05-06 13:00:00,0.426932,0.414584,2024-05-06,13
2024-05-06 14:00:00,0.5537866,0.5270974,2024-05-06,14
2024-05-06 15:00:00,0.4881685,0.4414912,2024-05-06,15
2024-05-06 16:00:00,0.2763802,0.2305062,2024-05-06,16
2024-05-06 17:00:00,0.07603219,0.05329134,2024-05-06,17
2024-05-06 18:00:00,0.000102145,0.0,2024-05-06,18
2024-05-06 19:00:00,0.0,0.0,2024-05-06,19
2024-05-06 20:00:00,0.0,0.0,2024-05-06,20
2024-05-06 21:00:00,0.0,0.0,2024-05-06,21
2024-05-06 22:00:00,0.0,0.0,2024-05-06,22
2024-05-06 23:00:00,0.0,0.0,2024-05-06,23
2024-05-07 00:00:00,0.0,0.0,2024-05-07,0
2024-05-07 01:00:00,0.0,0.0,2024-05-07,1
2024-05-07 02:00:00,0.0,0.0,2024-05-07,2
2024-05-07 03:00:00,0.0,0.0,2024-05-07,3
2024-05-07 04:00:00,0.0,0.0,2024-05-07,4
2024-05-07 05:00:00,0.08861385,0.01096046,2024-05-07,5
2024-05-07 06:00:00,0.06525166,0.06314463,2024-05-07,6
2024-05-07 07:00:00,0.3992866,0.3650546,2024-05-07,7
2024-05-07 08:00:00,0.6529537,0.6109797,2024-05-07,8
2024-05-07 09:00:00,0.7018077,0.6744943,2024-05-07,9
2024-05-07 10:00:00,0.536079,0.5212279,2024-05-07,10
2024-05-07 11:00:00,0.5547161,0.5399289,2024-05-07,11
2024-05-07 12:00:00,0.5078956,0.4939434,2024-05-07,12
2024-05-07 13:00:00,0.5974472,0.5776164,2024-05-07,13
2024-05-07 14:00:00,0.4698376,0.4505556,2024-05-07,14
2024-05-07 15:00:00,0.5422118,0.484002,2024-05-07,15
2024-05-07 16:00:00,0.3611124,0.2796247,2024-05-07,16
2024-05-07 17:00:00,0.1219965,0.0289559,2024-05-07,17
2024-05-07 18:00:00,0.000319462,0.0,2024-05-07,18
2024-05-07 19:00:00,0.0,0.0,2024-05-07,19
2024-05-07 20:00:00,0.0,0.0,2024-05-07,20
2024-05-07 21:00:00,0.0,0.0,2024-05-07,21
2024-05-07 22:00:00,0.0,0.0,2024-05-07,22
2024-05-07 23:00:00,0.0,0.0,2024-05-07,23
2024-05-08 00:00:00,0.0,0.0,2024-05-08,0
2024-05-08 01:00:00,0.0,0.0,2024-05-08,1
2024-05-08 02:00:00,0.0,0.0,2024-05-08,2
2024-05-08 03:00:00,0.0,0.0,2024-05-08,3
2024-05-08 04:00:00,0.0,0.0,2024-05-08,4
2024-05-08 05:00:00,0.06384376,0.03559153,2024-05-08,5
2024-05-08 06:00:00,0.1069413,0.1030965,2024-05-08,6
2024-05-08 07:00:00,0.1594049,0.1544906,2024-05-08,7
2024-05-08 08:00:00,0.1029203,0.09992383,2024-05-08,8
2024-05-08 09:00:00,0.05903124,0.05732343,2024-05-08,9
2024-05-08 10:00:00,0.01555468,0.01510223,2024-05-08,10
2024-05-08 11:00:00,0.06221707,0.06042111,2024-05-08,11
2024-05-08 12:00:00,0.0613022,0.05953194,2024-05-08,12
2024-05-08 13:00:00,0.3282521,0.3188124,2024-05-08,13
2024-05-08 14:00:00,0.1516182,0.1471999,2024-05-08,14
2024-05-08 15:00:00,0.2116414,0.2047733,2024-05-08,15
2024-05-08 16:00:00,0.1058051,0.1022415,2024-05-08,16
2024-05-08 17:00:00,0.07241438,0.05489808,2024-05-08,17
2024-05-08 18:00:00,0.000398413,0.0,2024-05-08,18
2024-05-08 19:00:00,0.0,0.0,2024-05-08,19
2024-05-08 20:00:00,0.0,0.0,2024-05-08,20
2024-05-08 21:00:00,0.0,0.0,2024-05-08,21
2024-05-08 22:00:00,0.0,0.0,2024-05-08,22
2024-05-08 23:00:00,0.0,0.0,2024-05-08,23
2024-05-09 00:00:00,0.0,0.0,2024-05-09,0
2024-05-09 01:00:00,0.0,0.0,2024-05-09,1
2024-05-09 02:00:00,0.0,0.0,2024-05-09,2
2024-05-09 03:00:00,0.0,0.0,2024-05-09,3
2024-05-09 04:00:00,0.0,0.0,2024-05-09,4
2024-05-09 05:00:00,0.04975535,0.04031623,2024-05-09,5
2024-05-09 06:00:00,0.1839402,0.1671217,2024-05-09,6
2024-05-09 07:00:00,0.4711913,0.4181379,2024-05-09,7
2024-05-09 08:00:00,0.69033,0.6414695,2024-05-09,8
2024-05-09 09:00:00,0.692863,0.6641599,2024-05-09,9
2024-05-09 10:00:00,0.7172654,0.6948408,2024-05-09,10
2024-05-09 11:00:00,1.063031,1.030243,2024-05-09,11
2024-05-09 12:00:00,1.025126,0.9903648,2024-05-09,12
2024-05-09 13:00:00,0.9504372,0.9075351,2024-05-09,13
2024-05-09 14:00:00,0.8481177,0.7895789,2024-05-09,14
2024-05-09 15:00:00,0.6409987,0.5655866,2024-05-09,15
2024-05-09 16:00:00,0.3415275,0.2642737,2024-05-09,16
2024-05-09 17:00:00,0.114027,0.03377762,2024-05-09,17
2024-05-09 18:00:00,0.000387859,0.0,2024-05-09,18
2024-05-09 19:00:00,0.0,0.0,2024-05-09,19
2024-05-09 20:00:00,0.0,0.0,2024-05-09,20
2024-05-09 21:00:00,0.0,0.0,2024-05-09,21
2024-05-09 22:00:00,0.0,0.0,2024-05-09,22
2024-05-09 23:00:00,0.0,0.0,2024-05-09,23
2024-05-10 00:00:00,0.0,0.0,2024-05-10,0
2024-05-10 01:00:00,0.0,0.0,2024-05-10,1
2024-05-10 02:00:00,0.0,0.0,2024-05-10,2
2024-05-10 03:00:00,0.0,0.0,2024-05-10,3
2024-05-10 04:00:00,0.0,0.0,2024-05-10,4
2024-05-10 05:00:00,0.0751256,0.02921107,2024-05-10,5
2024-05-10 06:00:00,0.2072448,0.1816538,2024-05-10,6
2024-05-10 07:00:00,0.429766,0.386151,2024-05-10,7
2024-05-10 08:00:00,0.7630537,0.7055542,2024-05-10,8
2024-05-10 09:00:00,0.8854765,0.842063,2024-05-10,9
2024-05-10 10:00:00,0.9303461,0.8967187,2024-05-10,10
2024-05-10 11:00:00,0.8285064,0.8029265,2024-05-10,11
2024-05-10 12:00:00,0.9750517,0.9404689,2024-05-10,12
2024-05-10 13:00:00,0.8571367,0.8175828,2024-05-10,13
2024-05-10 14:00:00,0.6965814,0.649452,2024-05-10,14
2024-05-10 15:00:00,0.4725139,0.424966,2024-05-10,15
2024-05-10 16:00:00,0.2260957,0.2007407,2024-05-10,16
2024-05-10 17:00:00,0.07640312,0.05586542,2024-05-10,17
2024-05-10 18:00:00,0.000319181,0.0,2024-05-10,18
2024-05-10 19:00:00,0.0,0.0,2024-05-10,19
2024-05-10 20:00:00,0.0,0.0,2024-05-10,20
2024-05-10 21:00:00,0.0,0.0,2024-05-10,21
2024-05-10 22:00:00,0.0,0.0,2024-05-10,22
2024-05-10 23:00:00,0.0,0.0,2024-05-10,23
2024-05-11 00:00:00,0.0,0.0,2024-05-11,0
2024-05-11 01:00:00,0.0,0.0,2024-05-11,1
2024-05-11 02:00:00,0.0,0.0,2024-05-11,2
2024-05-11 03:00:00,0.0,0.0,2024-05-11,3
2024-05-11 04:00:00,0.0,0.0,2024-05-11,4
2024-05-11 05:00:00,0.08759917,0.01827688,2024-05-11,5
2024-05-11 06:00:00,0.2841035,0.2175746,2024-05-11,6
2024-05-11 07:00:00,0.530597,0.4621829,2024-05-11,7
2024-05-11 08:00:00,0.7661461,0.7067582,2024-05-11,8
2024-05-11 09:00:00,1.00547,0.9537687,2024-05-11,9
2024-05-11 10:00:00,1.068544,1.027498,2024-05-11,10
2024-05-11 11:00:00,0.9357201,0.9043136,2024-05-11,11
2024-05-11 12:00:00,1.055881,1.016398,2024-05-11,12
2024-05-11 13:00:00,0.9275329,0.8822712,2024-05-11,13
2024-05-11 14:00:00,0.7208989,0.6697201,2024-05-11,14
2024-05-11 15:00:00,0.543433,0.4794287,2024-05-11,15
2024-05-11 16:00:00,0.3150924,0.2473986,2024-05-11,16
2024-05-11 17:00:00,0.08963155,0.05238465,2024-05-11,17
2024-05-11 18:00:00,0.000647425,0.0,2024-05-11,18
2024-05-11 19:00:00,0.0,0.0,2024-05-11,19
2024-05-11 20:00:00,0.0,0.0,2024-05-11,20
2024-05-11 21:00:00,0.0,0.0,2024-05-11,21
2024-05-11 22:00:00,0.0,0.0,2024-05-11,22
2024-05-11 23:00:00,0.0,0.0,2024-05-11,23
2024-05-12 00:00:00,0.0,0.0,2024-05-12,0
2024-05-12 01:00:00,0.0,0.0,2024-05-12,1
2024-05-12 02:00:00,0.0,0.0,2024-05-12,2
2024-05-12 03:00:00,0.0,0.0,2024-05-12,3
2024-05-12 04:00:00,0.0,0.0,2024-05-12,4
2024-05-12 05:00:00,0.009395075,0.009066009,2024-05-12,5
2024-05-12 06:00:00,0.1426264,0.1353607,2024-05-12,6
2024-05-12 07:00:00,0.1634733,0.1583765,2024-05-12,7
2024-05-12 08:00:00,0.2775047,0.2689439,2024-05-12,8
2024-05-12 09:00:00,0.4709336,0.4554859,2024-05-12,9
2024-05-12 10:00:00,0.4227939,0.4106383,2024-05-12,10
2024-05-12 11:00:00,0.6340499,0.6150987,2024-05-12,11
2024-05-12 12:00:00,0.3750304,0.364325,2024-05-12,12
2024-05-12 13:00:00,0.2070286,0.2010484,2024-05-12,13
2024-05-12 14:00:00,0.07169068,0.06960462,2024-05-12,14
2024-05-12 15:00:00,0.08463293,0.08211448,2024-05-12,15
2024-05-12 16:00:00,0.2096594,0.1899,2024-05-12,16
2024-05-12 17:00:00,0.05812583,0.05206113,2024-05-12,17
2024-05-12 18:00:00,0.000175184,0.0,2024-05-12,18
2024-05-12 19:00:00,0.0,0.0,2024-05-12,19
2024-05-12 20:00:00,0.0,0.0,2024-05-12,20
2024-05-12 21:00:00,0.0,0.0,2024-05-12,21
2024-05-12 22:00:00,0.0,0.0,2024-05-12,22
2024-05-12 23:00:00,0.0,0.0,2024-05-12,23
2024-05-13 00:00:00,0.0,0.0,2024-05-13,0
2024-05-13 01:00:00,0.0,0.0,2024-05-13,1
2024-05-13 02:00:00,0.0,0.0,2024-05-13,2
2024-05-13 03:00:00,0.0,0.0,2024-05-13,3
2024-05-13 04:00:00,0.0,0.0,2024-05-13,4
2024-05-13 05:00:00,0.08863962,0.02056912,2024-05-13,5
2024-05-13 06:00:00,0.2616177,0.2071677,2024-05-13,6
2024-05-13 07:00:00,0.3566945,0.329581,2024-05-13,7
2024-05-13 08:00:00,0.5229563,0.4925716,2024-05-13,8
2024-05-13 09:00:00,0.8392668,0.7943695,2024-05-13,9
2024-05-13 10:00:00,0.8734504,0.838509,2024-05-13,10
2024-05-13 11:00:00,1.077859,1.03751,2024-05-13,11
2024-05-13 12:00:00,0.9354869,0.8980803,2024-05-13,12
2024-05-13 13:00:00,0.6144898,0.5900818,2024-05-13,13
2024-05-13 14:00:00,0.6223844,0.5810059,2024-05-13,14
2024-05-13 15:00:00,0.3895853,0.3594201,2024-05-13,15
2024-05-13 16:00:00,0.1905387,0.1762822,2024-05-13,16
2024-05-13 17:00:00,0.04547743,0.04292479,2024-05-13,17
2024-05-13 18:00:00,0.000418038,0.0,2024-05-13,18
2024-05-13 19:00:00,0.0,0.0,2024-05-13,19
2024-05-13 20:00:00,0.0,0.0,2024-05-13,20
2024-05-13 21:00:00,0.0,0.0,2024-05-13,21
2024-05-13 22:00:00,0.0,0.0,2024-05-13,22
2024-05-13 23:00:00,0.0,0.0,2024-05-13,23
2024-05-14 00:00:00,0.0,0.0,2024-05-14,0
2024-05-14 01:00:00,0.0,0.0,2024-05-14,1
2024-05-14 02:00:00,0.0,0.0,2024-05-14,2
2024-05-14 03:00:00,0.0,0.0,2024-05-14,3
2024-05-14 04:00:00,0.0,0.0,2024-05-14,4
2024-05-14 05:00:00,0.05609194,0.0439289,2024-05-14,5
2024-05-14 06:00:00,0.2372395,0.196555,2024-05-14,6
2024-05-14 07:00:00,0.5192409,0.4495514,2024-05-14,7
2024-05-14 08:00:00,0.6026298,0.5595927,2024-05-14,8
2024-05-14 09:00:00,0.8085093,0.7647094,2024-05-14,9
2024-05-14 10:00:00,1.089724,1.042439,2024-05-14,10
2024-05-14 11:00:00,0.7697794,0.7431554,2024-05-14,11
2024-05-14 12:00:00,0.7762564,0.7469651,2024-05-14,12
2024-05-14 13:00:00,0.8692375,0.8229172,2024-05-14,13
2024-05-14 14:00:00,0.7884797,0.726184,2024-05-14,14
2024-05-14 15:00:00,0.514856,0.4533826,2024-05-14,15
2024-05-14 16:00:00,0.2421543,0.2094565,2024-05-14,16
2024-05-14 17:00:00,0.07265357,0.05805025,2024-05-14,17
2024-05-14 18:00:00,0.000685676,0.0,2024-05-14,18
2024-05-14 19:00:00,0.0,0.0,2024-05-14,19
2024-05-14 20:00:00,0.0,0.0,2024-05-14,20
2024-05-14 21:00:00,0.0,0.0,2024-05-14,21
2024-05-14 22:00:00,0.0,0.0,2024-05-14,22
2024-05-14 23:00:00,0.0,0.0,2024-05-14,23
2024-05-15 00:00:00,0.0,0.0,2024-05-15,0
2024-05-15 01:00:00,0.0,0.0,2024-05-15,1
2024-05-15 02:00:00,0.0,0.0,2024-05-15,2
2024-05-15 03:00:00,0.0,0.0,2024-05-15,3
2024-05-15 04:00:00,0.0,0.0,2024-05-15,4
2024-05-15 05:00:00,0.01988269,0.01904709,2024-05-15,5
2024-05-15 06:00:00,0.04035487,0.03909998,2024-05-15,6
2024-05-15 07:00:00,0.1599985,0.1549998,2024-05-15,7
2024-05-15 08:00:00,0.2364001,0.2292897,2024-05-15,8
2024-05-15 09:00:00,0.3278445,0.3181478,2024-05-15,9
2024-05-15 10:00:00,0.3267228,0.3173185,2024-05-15,10
2024-05-15 11:00:00,0.2900843,0.2817707,2024-05-15,11
2024-05-15 12:00:00,0.1959286,0.1902927,2024-05-15,12
2024-05-15 13:00:00,0.1167429,0.1133638,2024-05-15,13
2024-05-15 14:00:00,0.09474328,0.0919774,2024-05-15,14
2024-05-15 15:00:00,0.1179067,0.1143386,2024-05-15,15
2024-05-15 16:00:00,0.1037654,0.1002389,2024-05-15,16
2024-05-15 17:00:00,0.02338122,0.02246387,2024-05-15,17
2024-05-15 18:00:00,0.000229644,0.0,2024-05-15,18
2024-05-15 19:00:00,0.0,0.0,2024-05-15,19
2024-05-15 20:00:00,0.0,0.0,2024-05-15,20
2024-05-15 21:00:00,0.0,0.0,2024-05-15,21
2024-05-15 22:00:00,0.0,0.0,2024-05-15,22
2024-05-15 23:00:00,0.0,0.0,2024-05-15,23
2024-05-16 00:00:00,0.0,0.0,2024-05-16,0
2024-05-16 01:00:00,0.0,0.0,2024-05-16,1
2024-05-16 02:00:00,0.0,0.0,2024-05-16,2
2024-05-16 03:00:00,0.0,0.0,2024-05-16,3
2024-05-16 04:00:00,0.0,0.0,2024-05-16,4
2024-05-16 05:00:00,0.1096086,0.008683626,2024-05-16,5
2024-05-16 06:00:00,0.2640236,0.2072829,2024-05-16,6
2024-05-16 07:00:00,0.351422,0.3245741,2024-05-16,7
2024-05-16 08:00:00,0.2076448,0.2014533,2024-05-16,8
2024-05-16 09:00:00,0.1982913,0.1925294,2024-05-16,9
2024-05-16 10:00:00,0.2959461,0.2874193,2024-05-16,10
2024-05-16 11:00:00,0.2350469,0.2282975,2024-05-16,11
2024-05-16 12:00:00,0.3736108,0.3628064,2024-05-16,12
2024-05-16 13:00:00,0.4734903,0.4575838,2024-05-16,13
2024-05-16 14:00:00,0.2853548,0.2765066,2024-05-16,14
2024-05-16 15:00:00,0.35852,0.333931,2024-05-16,15
2024-05-16 16:00:00,0.2952368,0.2348802,2024-05-16,16
2024-05-16 17:00:00,0.04575913,0.0432803,2024-05-16,17
2024-05-16 18:00:00,0.000422148,0.0,2024-05-16,18
2024-05-16 19:00:00,0.0,0.0,2024-05-16,19
2024-05-16 20:00:00,0.0,0.0,2024-05-16,20
2024-05-16 21:00:00,0.0,0.0,2024-05-16,21
2024-05-16 22:00:00,0.0,0.0,2024-05-16,22
2024-05-16 23:00:00,0.0,0.0,2024-05-16,23
2024-05-17 00:00:00,0.0,0.0,2024-05-17,0
2024-05-17 01:00:00,0.0,0.0,2024-05-17,1
2024-05-17 02:00:00,0.0,0.0,2024-05-17,2
2024-05-17 03:00:00,0.0,0.0,2024-05-17,3
2024-05-17 04:00:00,0.0,0.0,2024-05-17,4
2024-05-17 05:00:00,0.02155493,0.02063085,2024-05-17,5
2024-05-17 06:00:00,0.09758007,0.09416923,2024-05-17,6
2024-05-17 07:00:00,0.2434191,0.2336018,2024-05-17,7
2024-05-17 08:00:00,0.2534018,0.2456563,2024-05-17,8
2024-05-17 09:00:00,0.6720728,0.6383845,2024-05-17,9
2024-05-17 10:00:00,0.2770344,0.2690439,2024-05-17,10
2024-05-17 11:00:00,0.4276366,0.4152233,2024-05-17,11
2024-05-17 12:00:00,0.5735088,0.5546697,2024-05-17,12
2024-05-17 13:00:00,0.8792616,0.8280134,2024-05-17,13
2024-05-17 14:00:00,0.6337426,0.5869188,2024-05-17,14
2024-05-17 15:00:00,0.3303566,0.3108145,2024-05-17,15
2024-05-17 16:00:00,0.1270602,0.122296,2024-05-17,16
2024-05-17 17:00:00,0.03122764,0.02988739,2024-05-17,17
2024-05-17 18:00:00,0.00037161,0.0,2024-05-17,18
2024-05-17 19:00:00,0.0,0.0,2024-05-17,19
2024-05-17 20:00:00,0.0,0.0,2024-05-17,20
2024-05-17 21:00:00,0.0,0.0,2024-05-17,21
2024-05-17 22:00:00,0.0,0.0,2024-05-17,22
2024-05-17 23:00:00,0.0,0.0,2024-05-17,23
2024-05-18 00:00:00,0.0,0.0,2024-05-18,0
2024-05-18 01:00:00,0.0,0.0,2024-05-18,1
2024-05-18 02:00:00,0.0,0.0,2024-05-18,2
2024-05-18 03:00:00,0.0,0.0,2024-05-18,3
2024-05-18 04:00:00,1.39895e-06,0.0,2024-05-18,4
2024-05-18 05:00:00,0.0422754,0.03905051,2024-05-18,5
2024-05-18 06:00:00,0.1749695,0.1608609,2024-05-18,6
2024-05-18 07:00:00,0.3839487,0.3481881,2024-05-18,7
2024-05-18 08:00:00,0.5965451,0.55099,2024-05-18,8
2024-05-18 09:00:00,0.5566698,0.5336524,2024-05-18,9
2024-05-18 10:00:00,0.5748149,0.5553306,2024-05-18,10
2024-05-18 11:00:00,0.5904821,0.5714329,2024-05-18,11
2024-05-18 12:00:00,0.4129243,0.4007687,2024-05-18,12
2024-05-18 13:00:00,0.4070028,0.3942164,2024-05-18,13
2024-05-18 14:00:00,0.5845875,0.5446969,2024-05-18,14
2024-05-18 15:00:00,0.3455795,0.3230814,2024-05-18,15
2024-05-18 16:00:00,0.1697982,0.159974,2024-05-18,16
2024-05-18 17:00:00,0.02792169,0.02677381,2024-05-18,17
2024-05-18 18:00:00,0.000460516,0.0,2024-05-18,18
2024-05-18 19:00:00,0.0,0.0,2024-05-18,19
2024-05-18 20:00:00,0.0,0.0,2024-05-18,20
2024-05-18 21:00:00,0.0,0.0,2024-05-18,21
2024-05-18 22:00:00,0.0,0.0,2024-05-18,22
2024-05-18 23:00:00,0.0,0.0,2024-05-18,23
2024-05-19 00:00:00,0.0,0.0,2024-05-19,0
2024-05-19 01:00:00,0.0,0.0,2024-05-19,1
2024-05-19 02:00:00,0.0,0.0,2024-05-19,2
2024-05-19 03:00:00,0.0,0.0,2024-05-19,3
2024-05-19 04:00:00,1.07055e-05,0.0,2024-05-19,4
2024-05-19 05:00:00,0.09173672,0.02615723,2024-05-19,5
2024-05-19 06:00:00,0.2033388,0.17907,2024-05-19,6
2024-05-19 07:00:00,0.3065282,0.288211,2024-05-19,7
2024-05-19 08:00:00,0.6246439,0.573421,2024-05-19,8
2024-05-19 09:00:00,0.7185046,0.6781762,2024-05-19,9
2024-05-19 10:00:00,1.049925,0.9965931,2024-05-19,10
2024-05-19 11:00:00,0.8628901,0.8257688,2024-05-19,11
2024-05-19 12:00:00,0.608106,0.5866825,2024-05-19,12
2024-05-19 13:00:00,0.6324284,0.6031064,2024-05-19,13
2024-05-19 14:00:00,0.3711431,0.3573491,2024-05-19,14
2024-05-19 15:00:00,0.3178898,0.3001142,2024-05-19,15
2024-05-19 16:00:00,0.2810785,0.227638,2024-05-19,16
2024-05-19 17:00:00,0.09051352,0.05963764,2024-05-19,17
2024-05-19 18:00:00,0.000915951,0.0,2024-05-19,18
2024-05-19 19:00:00,0.0,0.0,2024-05-19,19
2024-05-19 20:00:00,0.0,0.0,2024-05-19,20
2024-05-19 21:00:00,0.0,0.0,2024-05-19,21
2024-05-19 22:00:00,0.0,0.0,2024-05-19,22
2024-05-19 23:00:00,0.0,0.0,2024-05-19,23
2024-05-20 00:00:00,0.0,0.0,2024-05-20,0
2024-05-20 01:00:00,0.0,0.0,2024-05-20,1
2024-05-20 02:00:00,0.0,0.0,2024-05-20,2
2024-05-20 03:00:00,0.0,0.0,2024-05-20,3
2024-05-20 04:00:00,2.18181e-05,0.0,2024-05-20,4
2024-05-20 05:00:00,0.03697883,0.03488668,2024-05-20,5
2024-05-20 06:00:00,0.1502195,0.1417357,2024-05-20,6
2024-05-20 07:00:00,0.2794211,0.2652745,2024-05-20,7
2024-05-20 08:00:00,0.3480009,0.3351639,2024-05-20,8
2024-05-20 09:00:00,0.2459286,0.2387265,2024-05-20,9
2024-05-20 10:00:00,0.5682545,0.5486154,2024-05-20,10
2024-05-20 11:00:00,0.7205729,0.6928594,2024-05-20,11
2024-05-20 12:00:00,0.6475685,0.6231537,2024-05-20,12
2024-05-20 13:00:00,0.743654,0.7018397,2024-05-20,13
2024-05-20 14:00:00,0.4371322,0.4171416,2024-05-20,14
2024-05-20 15:00:00,0.1676005,0.1623637,2024-05-20,15
2024-05-20 16:00:00,0.2215622,0.1971316,2024-05-20,16
2024-05-20 17:00:00,0.07667913,0.06160319,2024-05-20,17
2024-05-20 18:00:00,0.001345469,0.0,2024-05-20,18
2024-05-20 19:00:00,0.0,0.0,2024-05-20,19
2024-05-20 20:00:00,0.0,0.0,2024-05-20,20
2024-05-20 21:00:00,0.0,0.0,2024-05-20,21
2024-05-20 22:00:00,0.0,0.0,2024-05-20,22
2024-05-20 23:00:00,0.0,0.0,2024-05-20,23
2024-05-21 00:00:00,0.0,0.0,2024-05-21,0
2024-05-21 01:00:00,0.0,0.0,2024-05-21,1
2024-05-21 02:00:00,0.0,0.0,2024-05-21,2
2024-05-21 03:00:00,0.0,0.0,2024-05-21,3
2024-05-21 04:00:00,3.24303e-05,0.0,2024-05-21,4
2024-05-21 05:00:00,0.06893283,0.04645221,2024-05-21,5
2024-05-21 06:00:00,0.2301119,0.192376,2024-05-21,6
2024-05-21 07:00:00,0.4525049,0.3945586,2024-05-21,7
2024-05-21 08:00:00,0.538905,0.5013514,2024-05-21,8
2024-05-21 09:00:00,0.8929878,0.8329283,2024-05-21,9
2024-05-21 10:00:00,0.8293596,0.7886853,2024-05-21,10
2024-05-21 11:00:00,0.8641387,0.8249575,2024-05-21,11
2024-05-21 12:00:00,0.7530368,0.7198251,2024-05-21,12
2024-05-21 13:00:00,0.6720444,0.6373968,2024-05-21,13
2024-05-21 14:00:00,0.6947132,0.6347008,2024-05-21,14
2024-05-21 15:00:00,0.6130001,0.5240926,2024-05-21,15
2024-05-21 16:00:00,0.3723938,0.2720658,2024-05-21,16
2024-05-21 17:00:00,0.08654864,0.06226774,2024-05-21,17
2024-05-21 18:00:00,0.002490917,0.0,2024-05-21,18
2024-05-21 19:00:00,0.0,0.0,2024-05-21,19
2024-05-21 20:00:00,0.0,0.0,2024-05-21,20
2024-05-21 21:00:00,0.0,0.0,2024-05-21,21
2024-05-21 22:00:00,0.0,0.0,2024-05-21,22
2024-05-21 23:00:00,0.0,0.0,2024-05-21,23
2024-05-22 00:00:00,0.0,0.0,2024-05-22,0
2024-05-22 01:00:00,0.0,0.0,2024-05-22,1
2024-05-22 02:00:00,0.0,0.0,2024-05-22,2
2024-05-22 03:00:00,0.0,0.0,2024-05-22,3
2024-05-22 04:00:00,8.30757e-05,0.0,2024-05-22,4
2024-05-22 05:00:00,0.08280714,0.03837772,2024-05-22,5
2024-05-22 06:00:00,0.1864691,0.1686037,2024-05-22,6
2024-05-22 07:00:00,0.2453831,0.2351372,2024-05-22,7
2024-05-22 08:00:00,0.2611193,0.252981,2024-05-22,8
2024-05-22 09:00:00,0.470911,0.4536758,2024-05-22,9
2024-05-22 10:00:00,0.7732124,0.7366226,2024-05-22,10
2024-05-22 11:00:00,0.70406,0.6764607,2024-05-22,11
2024-05-22 12:00:00,0.6432582,0.618349,2024-05-22,12
2024-05-22 13:00:00,0.6028359,0.5750815,2024-05-22,13
2024-05-22 14:00:00,0.3801306,0.3653389,2024-05-22,14
2024-05-22 15:00:00,0.2690623,0.2574834,2024-05-22,15
2024-05-22 16:00:00,0.1853923,0.1723347,2024-05-22,16
2024-05-22 17:00:00,0.07243262,0.06137187,2024-05-22,17
2024-05-22 18:00:00,0.001263485,0.0,2024-05-22,18
2024-05-22 19:00:00,0.0,0.0,2024-05-22,19
2024-05-22 20:00:00,0.0,0.0,2024-05-22,20
2024-05-22 21:00:00,0.0,0.0,2024-05-22,21
2024-05-22 22:00:00,0.0,0.0,2024-05-22,22
2024-05-22 23:00:00,0.0,0.0,2024-05-22,23
2024-05-23 00:00:00,0.0,0.0,2024-05-23,0
2024-05-23 01:00:00,0.0,0.0,2024-05-23,1
2024-05-23 02:00:00,0.0,0.0,2024-05-23,2
2024-05-23 03:00:00,0.0,0.0,2024-05-23,3
2024-05-23 04:00:00,6.74857e-05,0.0,2024-05-23,4
2024-05-23 05:00:00,0.01578191,0.01517927,2024-05-23,5
2024-05-23 06:00:00,0.08042938,0.07769536,2024-05-23,6
2024-05-23 07:00:00,0.1618351,0.1566968,2024-05-23,7
2024-05-23 08:00:00,0.1917897,0.1860364,2024-05-23,8
2024-05-23 09:00:00,0.2176865,0.2113062,2024-05-23,9
2024-05-23 10:00:00,0.1064666,0.1033842,2024-05-23,10
2024-05-23 11:00:00,0.14238,0.1382661,2024-05-23,11
2024-05-23 12:00:00,0.108896,0.1057445,2024-05-23,12
2024-05-23 13:00:00,0.2677025,0.2598357,2024-05-23,13
2024-05-23 14:00:00,0.3041213,0.2942186,2024-05-23,14
2024-05-23 15:00:00,0.1746146,0.1690999,2024-05-23,15
2024-05-23 16:00:00,0.04420361,0.04283366,2024-05-23,16
2024-05-23 17:00:00,0.04066073,0.03876417,2024-05-23,17
2024-05-23 18:00:00,0.001331107,0.0,2024-05-23,18
2024-05-23 19:00:00,0.0,0.0,2024-05-23,19
2024-05-23 20:00:00,0.0,0.0,2024-05-23,20
2024-05-23 21:00:00,0.0,0.0,2024-05-23,21
2024-05-23 22:00:00,0.0,0.0,2024-05-23,22
2024-05-23 23:00:00,0.0,0.0,2024-05-23,23
2024-05-24 00:00:00,0.0,0.0,2024-05-24,0
2024-05-24 01:00:00,0.0,0.0,2024-05-24,1
2024-05-24 02:00:00,0.0,0.0,2024-05-24,2
2024-05-24 03:00:00,0.0,0.0,2024-05-24,3
2024-05-24 04:00:00,8.51352e-05,0.0,2024-05-24,4
2024-05-24 05:00:00,0.1073408,0.01624908,2024-05-24,5
2024-05-24 06:00:00,0.3613437,0.2485371,2024-05-24,6
2024-05-24 07:00:00,0.5586334,0.4688986,2024-05-24,7
2024-05-24 08:00:00,0.7316817,0.6583856,2024-05-24,8
2024-05-24 09:00:00,0.6679472,0.6299366,2024-05-24,9
2024-05-24 10:00:00,0.9530907,0.899195,2024-05-24,10
2024-05-24 11:00:00,0.9704369,0.9203197,2024-05-24,11
2024-05-24 12:00:00,0.7474902,0.7127953,2024-05-24,12
2024-05-24 13:00:00,0.7575521,0.7108222,2024-05-24,13
2024-05-24 14:00:00,0.616344,0.5669851,2024-05-24,14
2024-05-24 15:00:00,0.410091,0.3707078,2024-05-24,15
2024-05-24 16:00:00,0.2309332,0.2026817,2024-05-24,16
2024-05-24 17:00:00,0.07812762,0.06378222,2024-05-24,17
2024-05-24 18:00:00,0.002734903,0.0,2024-05-24,18
2024-05-24 19:00:00,0.0,0.0,2024-05-24,19
2024-05-24 20:00:00,0.0,0.0,2024-05-24,20
2024-05-24 21:00:00,0.0,0.0,2024-05-24,21
2024-05-24 22:00:00,0.0,0.0,2024-05-24,22
2024-05-24 23:00:00,0.0,0.0,2024-05-24,23
2024-05-25 00:00:00,0.0,0.0,2024-05-25,0
2024-05-25 01:00:00,0.0,0.0,2024-05-25,1
2024-05-25 02:00:00,0.0,0.0,2024-05-25,2
2024-05-25 03:00:00,0.0,0.0,2024-05-25,3
2024-05-25 04:00:00,0.000114261,0.0,2024-05-25,4
2024-05-25 05:00:00,0.0963086,0.02762464,2024-05-25,5
2024-05-25 06:00:00,0.3010941,0.2172825,2024-05-25,6
2024-05-25 07:00:00,0.5444578,0.4568843,2024-05-25,7
2024-05-25 08:00:00,0.8199847,0.7350817,2024-05-25,8
2024-05-25 09:00:00,0.9530185,0.8832011,2024-05-25,9
2024-05-25 10:00:00,1.039215,0.9783818,2024-05-25,10
2024-05-25 11:00:00,0.9892216,0.9367028,2024-05-25,11
2024-05-25 12:00:00,1.035308,0.9760426,2024-05-25,12
2024-05-25 13:00:00,0.9729851,0.9045115,2024-05-25,13
2024-05-25 14:00:00,0.8354411,0.7538407,2024-05-25,14
2024-05-25 15:00:00,0.6349949,0.5381762,2024-05-25,15
2024-05-25 16:00:00,0.3981584,0.2861013,2024-05-25,16
2024-05-25 17:00:00,0.140396,0.03497075,2024-05-25,17
2024-05-25 18:00:00,0.00302083,0.0,2024-05-25,18
2024-05-25 19:00:00,0.0,0.0,2024-05-25,19
2024-05-25 20:00:00,0.0,0.0,2024-05-25,20
2024-05-25 21:00:00,0.0,0.0,2024-05-25,21
2024-05-25 22:00:00,0.0,0.0,2024-05-25,22
2024-05-25 23:00:00,0.0,0.0,2024-05-25,23
2024-05-26 00:00:00,0.0,0.0,2024-05-26,0
2024-05-26 01:00:00,0.0,0.0,2024-05-26,1
2024-05-26 02:00:00,0.0,0.0,2024-05-26,2
2024-05-26 03:00:00,0.0,0.0,2024-05-26,3
2024-05-26 04:00:00,0.000161656,0.0,2024-05-26,4
2024-05-26 05:00:00,0.09718692,0.02748163,2024-05-26,5
2024-05-26 06:00:00,0.3213719,0.2249842,2024-05-26,6
2024-05-26 07:00:00,0.5205656,0.4381498,2024-05-26,7
2024-05-26 08:00:00,0.821499,0.7351875,2024-05-26,8
2024-05-26 09:00:00,0.8463258,0.7848138,2024-05-26,9
2024-05-26 10:00:00,0.8839182,0.8336585,2024-05-26,10
2024-05-26 11:00:00,0.9886562,0.935093,2024-05-26,11
2024-05-26 12:00:00,1.058003,0.9961528,2024-05-26,12
2024-05-26 13:00:00,0.8571224,0.7974603,2024-05-26,13
2024-05-26 14:00:00,0.7189615,0.6505966,2024-05-26,14
2024-05-26 15:00:00,0.56234,0.4785248,2024-05-26,15
2024-05-26 16:00:00,0.307783,0.23782,2024-05-26,16
2024-05-26 17:00:00,0.1210501,0.04940804,2024-05-26,17
2024-05-26 18:00:00,0.003357431,0.0,2024-05-26,18
2024-05-26 19:00:00,0.0,0.0,2024-05-26,19
2024-05-26 20:00:00,0.0,0.0,2024-05-26,20
2024-05-26 21:00:00,0.0,0.0,2024-05-26,21
2024-05-26 22:00:00,0.0,0.0,2024-05-26,22
2024-05-26 23:00:00,0.0,0.0,2024-05-26,23
2024-05-27 00:00:00,0.0,0.0,2024-05-27,0
2024-05-27 01:00:00,0.0,0.0,2024-05-27,1
2024-05-27 02:00:00,0.0,0.0,2024-05-27,2
2024-05-27 03:00:00,0.0,0.0,2024-05-27,3
2024-05-27 04:00:00,0.000127322,0.0,2024-05-27,4
2024-05-27 05:00:00,0.06740846,0.04951097,2024-05-27,5
2024-05-27 06:00:00,0.285059,0.2105324,2024-05-27,6
2024-05-27 07:00:00,0.4193521,0.3685834,2024-05-27,7
2024-05-27 08:00:00,0.6752509,0.6077762,2024-05-27,8
2024-05-27 09:00:00,0.8755869,0.8100522,2024-05-27,9
2024-05-27 10:00:00,0.8293634,0.7834699,2024-05-27,10
2024-05-27 11:00:00,0.8021945,0.763417,2024-05-27,11
2024-05-27 12:00:00,0.7460038,0.7096937,2024-05-27,12
2024-05-27 13:00:00,0.5842432,0.5566901,2024-05-27,13
2024-05-27 14:00:00,0.4948531,0.4654967,2024-05-27,14
2024-05-27 15:00:00,0.5957043,0.5038893,2024-05-27,15
2024-05-27 16:00:00,0.3839571,0.2754324,2024-05-27,16
2024-05-27 17:00:00,0.09222756,0.06596483,2024-05-27,17
2024-05-27 18:00:00,0.002356704,0.0,2024-05-27,18
2024-05-27 19:00:00,0.0,0.0,2024-05-27,19
2024-05-27 20:00:00,0.0,0.0,2024-05-27,20
2024-05-27 21:00:00,0.0,0.0,2024-05-27,21
2024-05-27 22:00:00,0.0,0.0,2024-05-27,22
2024-05-27 23:00:00,0.0,0.0,2024-05-27,23
2024-05-28 00:00:00,0.0,0.0,2024-05-28,0
2024-05-28 01:00:00,0.0,0.0,2024-05-28,1
2024-05-28 02:00:00,0.0,0.0,2024-05-28,2
2024-05-28 03:00:00,0.0,0.0,2024-05-28,3
2024-05-28 04:00:00,0.000193668,0.0,2024-05-28,4
2024-05-28 05:00:00,0.1184031,0.01086654,2024-05-28,5
2024-05-28 06:00:00,0.2819859,0.2090404,2024-05-28,6
2024-05-28 07:00:00,0.5760126,0.4784807,2024-05-28,7
2024-05-28 08:00:00,0.6434479,0.5810264,2024-05-28,8
2024-05-28 09:00:00,0.7210967,0.6733792,2024-05-28,9
2024-05-28 10:00:00,0.8962771,0.8430381,2024-05-28,10
2024-05-28 11:00:00,0.8095139,0.7694004,2024-05-28,11
2024-05-28 12:00:00,0.7783945,0.7382303,2024-05-28,12
2024-05-28 13:00:00,0.770593,0.7192495,2024-05-28,13
2024-05-28 14:00:00,0.7322873,0.660213,2024-05-28,14
2024-05-28 15:00:00,0.5157056,0.4429303,2024-05-28,15
2024-05-28 16:00:00,0.2888542,0.2300858,2024-05-28,16
2024-05-28 17:00:00,0.1066796,0.06172725,2024-05-28,17
2024-05-28 18:00:00,0.004057782,0.0,2024-05-28,18
2024-05-28 19:00:00,0.0,0.0,2024-05-28,19
2024-05-28 20:00:00,0.0,0.0,2024-05-28,20
2024-05-28 21:00:00,0.0,0.0,2024-05-28,21
2024-05-28 22:00:00,0.0,0.0,2024-05-28,22
2024-05-28 23:00:00,0.0,0.0,2024-05-28,23
2024-05-29 00:00:00,0.0,0.0,2024-05-29,0
2024-05-29 01:00:00,0.0,0.0,2024-05-29,1
2024-05-29 02:00:00,0.0,0.0,2024-05-29,2
2024-05-29 03:00:00,0.0,0.0,2024-05-29,3
2024-05-29 04:00:00,0.000182256,0.0,2024-05-29,4
2024-05-29 05:00:00,0.07122587,0.04929173,2024-05-29,5
2024-05-29 06:00:00,0.2507385,0.198558,2024-05-29,6
2024-05-29 07:00:00,0.517631,0.4334047,2024-05-29,7
2024-05-29 08:00:00,0.6416495,0.5787966,2024-05-29,8
2024-05-29 09:00:00,0.9130396,0.841943,2024-05-29,9
2024-05-29 10:00:00,0.6475497,0.6190951,2024-05-29,10
2024-05-29 11:00:00,0.3889411,0.3773696,2024-05-29,11
2024-05-29 12:00:00,0.3659997,0.3551004,2024-05-29,12
2024-05-29 13:00:00,0.6068907,0.5761465,2024-05-29,13
2024-05-29 14:00:00,0.5369821,0.4998921,2024-05-29,14
2024-05-29 15:00:00,0.3694571,0.3398604,2024-05-29,15
2024-05-29 16:00:00,0.2685155,0.2216396,2024-05-29,16
2024-05-29 17:00:00,0.03121425,0.02993253,2024-05-29,17
2024-05-29 18:00:00,0.002128857,0.0,2024-05-29,18
2024-05-29 19:00:00,0.0,0.0,2024-05-29,19
2024-05-29 20:00:00,0.0,0.0,2024-05-29,20
2024-05-29 21:00:00,0.0,0.0,2024-05-29,21
2024-05-29 22:00:00,0.0,0.0,2024-05-29,22
2024-05-29 23:00:00,0.0,0.0,2024-05-29,23
2024-05-30 00:00:00,0.0,0.0,2024-05-30,0
2024-05-30 01:00:00,0.0,0.0,2024-05-30,1
2024-05-30 02:00:00,0.0,0.0,2024-05-30,2
2024-05-30 03:00:00,0.0,0.0,2024-05-30,3
2024-05-30 04:00:00,0.000192386,0.0,2024-05-30,4
2024-05-30 05:00:00,0.04418093,0.04111971,2024-05-30,5
2024-05-30 06:00:00,0.093722,0.0904064,2024-05-30,6
2024-05-30 07:00:00,0.3744774,0.3370502,2024-05-30,7
2024-05-30 08:00:00,0.6420438,0.5783534,2024-05-30,8
2024-05-30 09:00:00,0.5712825,0.5427001,2024-05-30,9
2024-05-30 10:00:00,0.6279114,0.6009694,2024-05-30,10
2024-05-30 11:00:00,0.9358984,0.8826481,2024-05-30,11
2024-05-30 12:00:00,1.096001,1.027257,2024-05-30,12
2024-05-30 13:00:00,0.7917457,0.7363178,2024-05-30,13
2024-05-30 14:00:00,0.4113054,0.3927326,2024-05-30,14
2024-05-30 15:00:00,0.4871307,0.4221485,2024-05-30,15
2024-05-30 16:00:00,0.3095102,0.2382961,2024-05-30,16
2024-05-30 17:00:00,0.1396175,0.04171644,2024-05-30,17
2024-05-30 18:00:00,0.005683199,0.0,2024-05-30,18
2024-05-30 19:00:00,0.0,0.0,2024-05-30,19
2024-05-30 20:00:00,0.0,0.0,2024-05-30,20
2024-05-30 21:00:00,0.0,0.0,2024-05-30,21
2024-05-30 22:00:00,0.0,0.0,2024-05-30,22
2024-05-30 23:00:00,0.0,0.0,2024-05-30,23
2024-05-31 00:00:00,0.0,0.0,2024-05-31,0
2024-05-31 01:00:00,0.0,0.0,2024-05-31,1
2024-05-31 02:00:00,0.0,0.0,2024-05-31,2
2024-05-31 03:00:00,0.0,0.0,2024-05-31,3
2024-05-31 04:00:00,0.000295561,0.0,2024-05-31,4
2024-05-31 05:00:00,0.08342926,0.04326201,2024-05-31,5
2024-05-31 06:00:00,0.2641184,0.2021459,2024-05-31,6
2024-05-31 07:00:00,0.4645402,0.3958561,2024-05-31,7
2024-05-31 08:00:00,0.7235112,0.6443434,2024-05-31,8
2024-05-31 09:00:00,0.7400303,0.6876016,2024-05-31,9
2024-05-31 10:00:00,0.6477071,0.6185797,2024-05-31,10
2024-05-31 11:00:00,0.8165077,0.773855,2024-05-31,11
2024-05-31 12:00:00,1.029107,0.9639167,2024-05-31,12
2024-05-31 13:00:00,0.9857371,0.909906,2024-05-31,13
2024-05-31 14:00:00,0.7728598,0.6926613,2024-05-31,14
2024-05-31 15:00:00,0.515393,0.4412733,2024-05-31,15
2024-05-31 16:00:00,0.4036039,0.2863005,2024-05-31,16
2024-05-31 17:00:00,0.1630524,0.03373538,2024-05-31,17
2024-05-31 18:00:00,0.005821454,0.0,2024-05-31,18
2024-05-31 19:00:00,0.0,0.0,2024-05-31,19
2024-05-31 20:00:00,0.0,0.0,2024-05-31,20
2024-05-31 21:00:00,0.0,0.0,2024-05-31,21
2024-05-31 22:00:00,0.0,0.0,2024-05-31,22
2024-05-31 23:00:00,0.0,0.0,2024-05-31,23
2024-06-01 00:00:00,0.0,0.0,2024-06-01,0
2024-06-01 01:00:00,0.0,0.0,2024-06-01,1
2024-06-01 02:00:00,0.0,0.0,2024-06-01,2
2024-06-01 03:00:00,0.0,0.0,2024-06-01,3
2024-06-01 04:00:00,0.000197546,0.0,2024-06-01,4
2024-06-01 05:00:00,0.04915647,0.04474842,2024-06-01,5
2024-06-01 06:00:00,0.1779179,0.1622563,2024-06-01,6
2024-06-01 07:00:00,0.2795819,0.2642905,2024-06-01,7
2024-06-01 08:00:00,0.1298693,0.1260034,2024-06-01,8
2024-06-01 09:00:00,0.2071568,0.2010461,2024-06-01,9
2024-06-01 10:00:00,0.08035021,0.0780177,2024-06-01,10
2024-06-01 11:00:00,0.07309573,0.07097574,2024-06-01,11
2024-06-01 12:00:00,0.1827791,0.1774628,2024-06-01,12
2024-06-01 13:00:00,0.30658,0.297361,2024-06-01,13
2024-06-01 14:00:00,0.129833,0.1259855,2024-06-01,14
2024-06-01 15:00:00,0.1249072,0.1210555,2024-06-01,15
2024-06-01 16:00:00,0.1365191,0.1310847,2024-06-01,16
2024-06-01 17:00:00,0.04614035,0.0439586,2024-06-01,17
2024-06-01 18:00:00,0.001798455,0.0,2024-06-01,18
2024-06-01 19:00:00,0.0,0.0,2024-06-01,19
2024-06-01 20:00:00,0.0,0.0,2024-06-01,20
2024-06-01 21:00:00,0.0,0.0,2024-06-01,21
2024-06-01 22:00:00,0.0,0.0,2024-06-01,22
2024-06-01 23:00:00,0.0,0.0,2024-06-01,23
2024-06-02 00:00:00,0.0,0.0,2024-06-02,0
2024-06-02 01:00:00,0.0,0.0,2024-06-02,1
2024-06-02 02:00:00,0.0,0.0,2024-06-02,2
2024-06-02 03:00:00,0.0,0.0,2024-06-02,3
2024-06-02 04:00:00,0.000310372,0.0,2024-06-02,4
2024-06-02 05:00:00,0.009328606,0.009011536,2024-06-02,5
2024-06-02 06:00:00,0.04266064,0.0413107,2024-06-02,6
2024-06-02 07:00:00,0.1135389,0.110015,2024-06-02,7
2024-06-02 08:00:00,0.2356061,0.2283123,2024-06-02,8
2024-06-02 09:00:00,0.08671495,0.08418665,2024-06-02,9
2024-06-02 10:00:00,0.1751455,0.1700462,2024-06-02,10
2024-06-02 11:00:00,0.1566273,0.1520824,2024-06-02,11
2024-06-02 12:00:00,0.2285255,0.2218591,2024-06-02,12
2024-06-02 13:00:00,0.07873736,0.07644495,2024-06-02,13
2024-06-02 14:00:00,0.04882034,0.04739325,2024-06-02,14
2024-06-02 15:00:00,0.03550068,0.03445427,2024-06-02,15
2024-06-02 16:00:00,0.04638412,0.04493773,2024-06-02,16
2024-06-02 17:00:00,0.02971255,0.02852832,2024-06-02,17
2024-06-02 18:00:00,0.001170292,0.0,2024-06-02,18
2024-06-02 19:00:00,0.0,0.0,2024-06-02,19
2024-06-02 20:00:00,0.0,0.0,2024-06-02,20
2024-06-02 21:00:00,0.0,0.0,2024-06-02,21
2024-06-02 22:00:00,0.0,0.0,2024-06-02,22
2024-06-02 23:00:00,0.0,0.0,2024-06-02,23
2024-06-03 00:00:00,0.0,0.0,2024-06-03,0
2024-06-03 01:00:00,0.0,0.0,2024-06-03,1
2024-06-03 02:00:00,0.0,0.0,2024-06-03,2
2024-06-03 03:00:00,0.0,0.0,2024-06-03,3
2024-06-03 04:00:00,0.000249982,0.0,2024-06-03,4
2024-06-03 05:00:00,0.02131491,0.02043759,2024-06-03,5
2024-06-03 06:00:00,0.05452074,0.05274862,2024-06-03,6
2024-06-03 07:00:00,0.1576732,0.1526123,2024-06-03,7
2024-06-03 08:00:00,0.107148,0.1039731,2024-06-03,8
2024-06-03 09:00:00,0.1498871,0.145491,2024-06-03,9
2024-06-03 10:00:00,0.2467533,0.2395322,2024-06-03,10
2024-06-03 11:00:00,0.1221024,0.1185605,2024-06-03,11
2024-06-03 12:00:00,0.2786924,0.2705291,2024-06-03,12
2024-06-03 13:00:00,0.2552122,0.2476521,2024-06-03,13
2024-06-03 14:00:00,0.1643637,0.1594496,2024-06-03,14
2024-06-03 15:00:00,0.2106801,0.2034764,2024-06-03,15
2024-06-03 16:00:00,0.1525213,0.1455271,2024-06-03,16
2024-06-03 17:00:00,0.02601662,0.02502173,2024-06-03,17
2024-06-03 18:00:00,0.000674441,0.0,2024-06-03,18
2024-06-03 19:00:00,0.0,0.0,2024-06-03,19
2024-06-03 20:00:00,0.0,0.0,2024-06-03,20
2024-06-03 21:00:00,0.0,0.0,2024-06-03,21
2024-06-03 22:00:00,0.0,0.0,2024-06-03,22
2024-06-03 23:00:00,0.0,0.0,2024-06-03,23
2024-06-04 00:00:00,0.0,0.0,2024-06-04,0
2024-06-04 01:00:00,0.0,0.0,2024-06-04,1
2024-06-04 02:00:00,0.0,0.0,2024-06-04,2
2024-06-04 03:00:00,0.0,0.0,2024-06-04,3
2024-06-04 04:00:00,0.000217685,0.0,2024-06-04,4
2024-06-04 05:00:00,0.0167502,0.01610867,2024-06-04,5
2024-06-04 06:00:00,0.05520773,0.0534089,2024-06-04,6
2024-06-04 07:00:00,0.08723012,0.08456729,2024-06-04,7
2024-06-04 08:00:00,0.01419447,0.01378022,2024-06-04,8
2024-06-04 09:00:00,0.1708842,0.1658577,2024-06-04,9
2024-06-04 10:00:00,0.3903008,0.3782897,2024-06-04,10
2024-06-04 11:00:00,0.3928335,0.3809865,2024-06-04,11
2024-06-04 12:00:00,0.2984886,0.2897178,2024-06-04,12
2024-06-04 13:00:00,0.412231,0.3981794,2024-06-04,13
2024-06-04 14:00:00,0.1888798,0.1831945,2024-06-04,14
2024-06-04 15:00:00,0.08962732,0.08691495,2024-06-04,15
2024-06-04 16:00:00,0.05963617,0.05773417,2024-06-04,16
2024-06-04 17:00:00,0.0358473,0.03433756,2024-06-04,17
2024-06-04 18:00:00,0.002280177,0.0,2024-06-04,18
2024-06-04 19:00:00,0.0,0.0,2024-06-04,19
2024-06-04 20:00:00,0.0,0.0,2024-06-04,20
2024-06-04 21:00:00,0.0,0.0,2024-06-04,21
2024-06-04 22:00:00,0.0,0.0,2024-06-04,22
2024-06-04 23:00:00,0.0,0.0,2024-06-04,23
2024-06-05 00:00:00,0.0,0.0,2024-06-05,0
2024-06-05 01:00:00,0.0,0.0,2024-06-05,1
2024-06-05 02:00:00,0.0,0.0,2024-06-05,2
2024-06-05 03:00:00,0.0,0.0,2024-06-05,3
2024-06-05 04:00:00,0.000413148,0.0,2024-06-05,4
2024-06-05 05:00:00,0.08425993,0.04344122,2024-06-05,5
2024-06-05 06:00:00,0.3308005,0.2219896,2024-06-05,6
2024-06-05 07:00:00,0.5089876,0.4220393,2024-06-05,7
2024-06-05 08:00:00,0.5925351,0.535723,2024-06-05,8
2024-06-05 09:00:00,0.5260399,0.501352,2024-06-05,9
2024-06-05 10:00:00,0.422872,0.4094064,2024-06-05,10
2024-06-05 11:00:00,0.6181766,0.5930815,2024-06-05,11
2024-06-05 12:00:00,0.5756548,0.552746,2024-06-05,12
2024-06-05 13:00:00,0.5273075,0.5040298,2024-06-05,13
2024-06-05 14:00:00,0.7002248,0.6284335,2024-06-05,14
2024-06-05 15:00:00,0.5034091,0.4314059,2024-06-05,15
2024-06-05 16:00:00,0.3109738,0.2393362,2024-06-05,16
2024-06-05 17:00:00,0.1323203,0.05520027,2024-06-05,17
2024-06-05 18:00:00,0.005108257,0.0,2024-06-05,18
2024-06-05 19:00:00,0.0,0.0,2024-06-05,19
2024-06-05 20:00:00,0.0,0.0,2024-06-05,20
2024-06-05 21:00:00,0.0,0.0,2024-06-05,21
2024-06-05 22:00:00,0.0,0.0,2024-06-05,22
2024-06-05 23:00:00,0.0,0.0,2024-06-05,23
2024-06-06 00:00:00,0.0,0.0,2024-06-06,0
2024-06-06 01:00:00,0.0,0.0,2024-06-06,1
2024-06-06 02:00:00,0.0,0.0,2024-06-06,2
2024-06-06 03:00:00,0.0,0.0,2024-06-06,3
2024-06-06 04:00:00,0.00021661,0.0,2024-06-06,4
2024-06-06 05:00:00,0.04229823,0.03967071,2024-06-06,5
2024-06-06 06:00:00,0.1157646,0.111186,2024-06-06,6
2024-06-06 07:00:00,0.1314766,0.1273277,2024-06-06,7
2024-06-06 08:00:00,0.1580448,0.153289,2024-06-06,8
2024-06-06 09:00:00,0.3947561,0.3812045,2024-06-06,9
2024-06-06 10:00:00,0.6081259,0.5813915,2024-06-06,10
2024-06-06 11:00:00,0.67475,0.6442652,2024-06-06,11
2024-06-06 12:00:00,0.8774775,0.8214216,2024-06-06,12
2024-06-06 13:00:00,0.8746392,0.8047267,2024-06-06,13
2024-06-06 14:00:00,0.5827653,0.5344251,2024-06-06,14
2024-06-06 15:00:00,0.3162875,0.2976232,2024-06-06,15
2024-06-06 16:00:00,0.1535436,0.1464923,2024-06-06,16
2024-06-06 17:00:00,0.05332809,0.05060971,2024-06-06,17
2024-06-06 18:00:00,0.000740742,0.0,2024-06-06,18
2024-06-06 19:00:00,0.0,0.0,2024-06-06,19
2024-06-06 20:00:00,0.0,0.0,2024-06-06,20
2024-06-06 21:00:00,0.0,0.0,2024-06-06,21
2024-06-06 22:00:00,0.0,0.0,2024-06-06,22
2024-06-06 23:00:00,0.0,0.0,2024-06-06,23
2024-06-07 00:00:00,0.0,0.0,2024-06-07,0
2024-06-07 01:00:00,0.0,0.0,2024-06-07,1
2024-06-07 02:00:00,0.0,0.0,2024-06-07,2
2024-06-07 03:00:00,0.0,0.0,2024-06-07,3
2024-06-07 04:00:00,0.000303527,0.0,2024-06-07,4
2024-06-07 05:00:00,0.05355048,0.0474135,2024-06-07,5
2024-06-07 06:00:00,0.1391018,0.1319946,2024-06-07,6
2024-06-07 07:00:00,0.3299499,0.3032916,2024-06-07,7
2024-06-07 08:00:00,0.2604301,0.2520664,2024-06-07,8
2024-06-07 09:00:00,0.2994938,0.2903812,2024-06-07,9
2024-06-07 10:00:00,0.3035264,0.294558,2024-06-07,10
2024-06-07 11:00:00,0.1318621,0.1280327,2024-06-07,11
2024-06-07 12:00:00,0.2347502,0.2278826,2024-06-07,12
2024-06-07 13:00:00,0.2757271,0.2675009,2024-06-07,13
2024-06-07 14:00:00,0.181153,0.175704,2024-06-07,14
2024-06-07 15:00:00,0.07648134,0.07418144,2024-06-07,15
2024-06-07 16:00:00,0.02713385,0.02631315,2024-06-07,16
2024-06-07 17:00:00,0.01254923,0.01213479,2024-06-07,17
2024-06-07 18:00:00,0.001315842,0.0,2024-06-07,18
2024-06-07 19:00:00,0.0,0.0,2024-06-07,19
2024-06-07 20:00:00,0.0,0.0,2024-06-07,20
2024-06-07 21:00:00,0.0,0.0,2024-06-07,21
2024-06-07 22:00:00,0.0,0.0,2024-06-07,22
2024-06-07 23:00:00,0.0,0.0,2024-06-07,23
2024-06-08 00:00:00,0.0,0.0,2024-06-08,0
2024-06-08 01:00:00,0.0,0.0,2024-06-08,1
2024-06-08 02:00:00,0.0,0.0,2024-06-08,2
2024-06-08 03:00:00,0.0,0.0,2024-06-08,3
2024-06-08 04:00:00,0.000231031,0.0,2024-06-08,4
2024-06-08 05:00:00,0.002822071,0.002735875,2024-06-08,5
2024-06-08 06:00:00,0.009357874,0.009080428,2024-06-08,6
2024-06-08 07:00:00,0.02788901,0.02706631,2024-06-08,7
2024-06-08 08:00:00,0.05572718,0.05409198,2024-06-08,8
2024-06-08 09:00:00,0.1266023,0.122892,2024-06-08,9
2024-06-08 10:00:00,0.1030653,0.1000684,2024-06-08,10
2024-06-08 11:00:00,0.4366422,0.4229105,2024-06-08,11
2024-06-08 12:00:00,0.3050602,0.2960628,2024-06-08,12
2024-06-08 13:00:00,0.1821231,0.1767656,2024-06-08,13
2024-06-08 14:00:00,0.2795473,0.2705751,2024-06-08,14
2024-06-08 15:00:00,0.1282973,0.1243222,2024-06-08,15
2024-06-08 16:00:00,0.121422,0.1170366,2024-06-08,16
2024-06-08 17:00:00,0.0712413,0.06486034,2024-06-08,17
2024-06-08 18:00:00,0.002382421,0.0,2024-06-08,18
2024-06-08 19:00:00,0.0,0.0,2024-06-08,19
2024-06-08 20:00:00,0.0,0.0,2024-06-08,20
2024-06-08 21:00:00,0.0,0.0,2024-06-08,21
2024-06-08 22:00:00,0.0,0.0,2024-06-08,22
2024-06-08 23:00:00,0.0,0.0,2024-06-08,23
2024-06-09 00:00:00,0.0,0.0,2024-06-09,0
2024-06-09 01:00:00,0.0,0.0,2024-06-09,1
2024-06-09 02:00:00,0.0,0.0,2024-06-09,2
2024-06-09 03:00:00,0.0,0.0,2024-06-09,3
2024-06-09 04:00:00,0.000329388,0.0,2024-06-09,4
2024-06-09 05:00:00,0.04557857,0.04224698,2024-06-09,5
2024-06-09 06:00:00,0.1694271,0.1556738,2024-06-09,6
2024-06-09 07:00:00,0.1798476,0.1738238,2024-06-09,7
2024-06-09 08:00:00,0.1839579,0.1783666,2024-06-09,8
2024-06-09 09:00:00,0.1538033,0.1492797,2024-06-09,9
2024-06-09 10:00:00,0.5465637,0.5249719,2024-06-09,10
2024-06-09 11:00:00,0.3240452,0.3144927,2024-06-09,11
2024-06-09 12:00:00,0.2694747,0.2615622,2024-06-09,12
2024-06-09 13:00:00,0.5041769,0.4828308,2024-06-09,13
2024-06-09 14:00:00,0.7012767,0.6277848,2024-06-09,14
2024-06-09 15:00:00,0.383496,0.3495185,2024-06-09,15
2024-06-09 16:00:00,0.067742,0.0655515,2024-06-09,16
2024-06-09 17:00:00,0.01708286,0.01649448,2024-06-09,17
2024-06-09 18:00:00,0.000322026,0.0,2024-06-09,18
2024-06-09 19:00:00,0.0,0.0,2024-06-09,19
2024-06-09 20:00:00,0.0,0.0,2024-06-09,20
2024-06-09 21:00:00,0.0,0.0,2024-06-09,21
2024-06-09 22:00:00,0.0,0.0,2024-06-09,22
2024-06-09 23:00:00,0.0,0.0,2024-06-09,23
2024-06-10 00:00:00,0.0,0.0,2024-06-10,0
2024-06-10 01:00:00,0.0,0.0,2024-06-10,1
2024-06-10 02:00:00,0.0,0.0,2024-06-10,2
2024-06-10 03:00:00,0.0,0.0,2024-06-10,3
2024-06-10 04:00:00,0.000181803,0.0,2024-06-10,4
2024-06-10 05:00:00,0.02609415,0.02493697,2024-06-10,5
2024-06-10 06:00:00,0.06222942,0.06015678,2024-06-10,6
2024-06-10 07:00:00,0.03679729,0.03570623,2024-06-10,7
2024-06-10 08:00:00,0.08267598,0.08023482,2024-06-10,8
2024-06-10 09:00:00,0.3805546,0.3676919,2024-06-10,9
2024-06-10 10:00:00,0.4771535,0.4605174,2024-06-10,10
2024-06-10 11:00:00,0.7127637,0.6774111,2024-06-10,11
2024-06-10 12:00:00,0.6273663,0.599014,2024-06-10,12
2024-06-10 13:00:00,0.6038066,0.5707911,2024-06-10,13
2024-06-10 14:00:00,0.5835272,0.5342793,2024-06-10,14
2024-06-10 15:00:00,0.3985887,0.3602947,2024-06-10,15
2024-06-10 16:00:00,0.2725587,0.2252779,2024-06-10,16
2024-06-10 17:00:00,0.09775762,0.07500353,2024-06-10,17
2024-06-10 18:00:00,0.006056292,0.0,2024-06-10,18
2024-06-10 19:00:00,0.0,0.0,2024-06-10,19
2024-06-10 20:00:00,0.0,0.0,2024-06-10,20
2024-06-10 21:00:00,0.0,0.0,2024-06-10,21
2024-06-10 22:00:00,0.0,0.0,2024-06-10,22
2024-06-10 23:00:00,0.0,0.0,2024-06-10,23
2024-06-11 00:00:00,0.0,0.0,2024-06-11,0
2024-06-11 01:00:00,0.0,0.0,2024-06-11,1
2024-06-11 02:00:00,0.0,0.0,2024-06-11,2
2024-06-11 03:00:00,0.0,0.0,2024-06-11,3
2024-06-11 04:00:00,0.000292135,0.0,2024-06-11,4
2024-06-11 05:00:00,0.0333267,0.03167916,2024-06-11,5
2024-06-11 06:00:00,0.1060509,0.1020631,2024-06-11,6
2024-06-11 07:00:00,0.2309888,0.2213532,2024-06-11,7
2024-06-11 08:00:00,0.3002616,0.2896741,2024-06-11,8
2024-06-11 09:00:00,0.3116611,0.3020482,2024-06-11,9
2024-06-11 10:00:00,0.3422721,0.3319815,2024-06-11,10
2024-06-11 11:00:00,0.2144815,0.2082235,2024-06-11,11
2024-06-11 12:00:00,0.3008476,0.2919691,2024-06-11,12
2024-06-11 13:00:00,0.2704802,0.2624076,2024-06-11,13
2024-06-11 14:00:00,0.2223984,0.2156202,2024-06-11,14
2024-06-11 15:00:00,0.1187646,0.1151042,2024-06-11,15
2024-06-11 16:00:00,0.1165483,0.1124166,2024-06-11,16
2024-06-11 17:00:00,0.01910536,0.01843674,2024-06-11,17
2024-06-11 18:00:00,0.001787044,0.0,2024-06-11,18
2024-06-11 19:00:00,0.0,0.0,2024-06-11,19
2024-06-11 20:00:00,0.0,0.0,2024-06-11,20
2024-06-11 21:00:00,0.0,0.0,2024-06-11,21
2024-06-11 22:00:00,0.0,0.0,2024-06-11,22
2024-06-11 23:00:00,0.0,0.0,2024-06-11,23
2024-06-12 00:00:00,0.0,0.0,2024-06-12,0
2024-06-12 01:00:00,0.0,0.0,2024-06-12,1
2024-06-12 02:00:00,0.0,0.0,2024-06-12,2
2024-06-12 03:00:00,0.0,0.0,2024-06-12,3
2024-06-12 04:00:00,0.000372716,0.0,2024-06-12,4
2024-06-12 05:00:00,0.1174514,0.01205231,2024-06-12,5
2024-06-12 06:00:00,0.3250584,0.2147878,2024-06-12,6
2024-06-12 07:00:00,0.5432208,0.4417414,2024-06-12,7
2024-06-12 08:00:00,0.7925978,0.6949836,2024-06-12,8
2024-06-12 09:00:00,1.021378,0.928975,2024-06-12,9
2024-06-12 10:00:00,1.076251,0.9970817,2024-06-12,10
2024-06-12 11:00:00,0.9752939,0.9104366,2024-06-12,11
2024-06-12 12:00:00,1.029646,0.9565436,2024-06-12,12
2024-06-12 13:00:00,0.7963693,0.7342187,2024-06-12,13
2024-06-12 14:00:00,0.5789387,0.5304427,2024-06-12,14
2024-06-12 15:00:00,0.5903334,0.4921559,2024-06-12,15
2024-06-12 16:00:00,0.4034473,0.2839433,2024-06-12,16
2024-06-12 17:00:00,0.175167,0.0429355,2024-06-12,17
2024-06-12 18:00:00,0.008176867,0.0,2024-06-12,18
2024-06-12 19:00:00,0.0,0.0,2024-06-12,19
2024-06-12 20:00:00,0.0,0.0,2024-06-12,20
2024-06-12 21:00:00,0.0,0.0,2024-06-12,21
2024-06-12 22:00:00,0.0,0.0,2024-06-12,22
2024-06-12 23:00:00,0.0,0.0,2024-06-12,23
2024-06-13 00:00:00,0.0,0.0,2024-06-13,0
2024-06-13 01:00:00,0.0,0.0,2024-06-13,1
2024-06-13 02:00:00,0.0,0.0,2024-06-13,2
2024-06-13 03:00:00,0.0,0.0,2024-06-13,3
2024-06-13 04:00:00,0.000252263,0.0,2024-06-13,4
2024-06-13 05:00:00,0.1038323,0.02273056,2024-06-13,5
2024-06-13 06:00:00,0.2707161,0.1977538,2024-06-13,6
2024-06-13 07:00:00,0.487813,0.4033661,2024-06-13,7
2024-06-13 08:00:00,0.4805184,0.4460726,2024-06-13,8
2024-06-13 09:00:00,0.7080538,0.6543278,2024-06-13,9
2024-06-13 10:00:00,0.9693514,0.8984751,2024-06-13,10
2024-06-13 11:00:00,0.9401222,0.8782762,2024-06-13,11
2024-06-13 12:00:00,0.9373657,0.8720693,2024-06-13,12
2024-06-13 13:00:00,0.8662627,0.7945162,2024-06-13,13
2024-06-13 14:00:00,0.7534806,0.669869,2024-06-13,14
2024-06-13 15:00:00,0.6121477,0.5089674,2024-06-13,15
2024-06-13 16:00:00,0.4193511,0.2943896,2024-06-13,16
2024-06-13 17:00:00,0.1532812,0.05218448,2024-06-13,17
2024-06-13 18:00:00,0.008819802,0.0,2024-06-13,18
2024-06-13 19:00:00,0.0,0.0,2024-06-13,19
2024-06-13 20:00:00,0.0,0.0,2024-06-13,20
2024-06-13 21:00:00,0.0,0.0,2024-06-13,21
2024-06-13 22:00:00,0.0,0.0,2024-06-13,22
2024-06-13 23:00:00,0.0,0.0,2024-06-13,23
2024-06-14 00:00:00,0.0,0.0,2024-06-14,0
2024-06-14 01:00:00,0.0,0.0,2024-06-14,1
2024-06-14 02:00:00,0.0,0.0,2024-06-14,2
2024-06-14 03:00:00,0.0,0.0,2024-06-14,3
2024-06-14 04:00:00,0.00026283,0.0,2024-06-14,4
2024-06-14 05:00:00,0.08614495,0.03997853,2024-06-14,5
2024-06-14 06:00:00,0.336716,0.2186169,2024-06-14,6
2024-06-14 07:00:00,0.4438401,0.375551,2024-06-14,7
2024-06-14 08:00:00,0.7453604,0.653331,2024-06-14,8
2024-06-14 09:00:00,1.008823,0.9166805,2024-06-14,9
2024-06-14 10:00:00,1.069014,0.9895533,2024-06-14,10
2024-06-14 11:00:00,1.111634,1.035376,2024-06-14,11
2024-06-14 12:00:00,1.084377,1.006345,2024-06-14,12
2024-06-14 13:00:00,0.7579265,0.7011064,2024-06-14,13
2024-06-14 14:00:00,0.7010712,0.6265562,2024-06-14,14
2024-06-14 15:00:00,0.4374831,0.3870457,2024-06-14,15
2024-06-14 16:00:00,0.3615842,0.2618168,2024-06-14,16
2024-06-14 17:00:00,0.1607193,0.04954612,2024-06-14,17
2024-06-14 18:00:00,0.007018183,0.0,2024-06-14,18
2024-06-14 19:00:00,0.0,0.0,2024-06-14,19
2024-06-14 20:00:00,0.0,0.0,2024-06-14,20
2024-06-14 21:00:00,0.0,0.0,2024-06-14,21
2024-06-14 22:00:00,0.0,0.0,2024-06-14,22
2024-06-14 23:00:00,0.0,0.0,2024-06-14,23
2024-06-15 00:00:00,0.0,0.0,2024-06-15,0
2024-06-15 01:00:00,0.0,0.0,2024-06-15,1
2024-06-15 02:00:00,0.0,0.0,2024-06-15,2
2024-06-15 03:00:00,0.0,0.0,2024-06-15,3
2024-06-15 04:00:00,0.000184928,0.0,2024-06-15,4
2024-06-15 05:00:00,0.09168044,0.03419577,2024-06-15,5
2024-06-15 06:00:00,0.3242976,0.2125881,2024-06-15,6
2024-06-15 07:00:00,0.556442,0.449991,2024-06-15,7
2024-06-15 08:00:00,0.6972026,0.6130411,2024-06-15,8
2024-06-15 09:00:00,0.927529,0.8430746,2024-06-15,9
2024-06-15 10:00:00,0.9840556,0.9111502,2024-06-15,10
2024-06-15 11:00:00,1.049516,0.9775276,2024-06-15,11
2024-06-15 12:00:00,1.092185,1.01325,2024-06-15,12
2024-06-15 13:00:00,0.8940022,0.8185545,2024-06-15,13
2024-06-15 14:00:00,0.7150396,0.6377786,2024-06-15,14
2024-06-15 15:00:00,0.5524009,0.4641443,2024-06-15,15
2024-06-15 16:00:00,0.3224413,0.2461012,2024-06-15,16
2024-06-15 17:00:00,0.146498,0.0588427,2024-06-15,17
2024-06-15 18:00:00,0.00906239,0.0,2024-06-15,18
2024-06-15 19:00:00,0.0,0.0,2024-06-15,19
2024-06-15 20:00:00,0.0,0.0,2024-06-15,20
2024-06-15 21:00:00,0.0,0.0,2024-06-15,21
2024-06-15 22:00:00,0.0,0.0,2024-06-15,22
2024-06-15 23:00:00,0.0,0.0,2024-06-15,23
2024-06-16 00:00:00,0.0,0.0,2024-06-16,0
2024-06-16 01:00:00,0.0,0.0,2024-06-16,1
2024-06-16 02:00:00,0.0,0.0,2024-06-16,2
2024-06-16 03:00:00,0.0,0.0,2024-06-16,3
2024-06-16 04:00:00,0.000143971,0.0,2024-06-16,4
2024-06-16 05:00:00,0.08865076,0.03662619,2024-06-16,5
2024-06-16 06:00:00,0.2509493,0.1913786,2024-06-16,6
2024-06-16 07:00:00,0.2950636,0.2754161,2024-06-16,7
2024-06-16 08:00:00,0.6669005,0.5884933,2024-06-16,8
2024-06-16 09:00:00,0.8936436,0.8122748,2024-06-16,9
2024-06-16 10:00:00,0.787507,0.7368678,2024-06-16,10
2024-06-16 11:00:00,1.022891,0.9526809,2024-06-16,11
2024-06-16 12:00:00,0.7520417,0.7083333,2024-06-16,12
2024-06-16 13:00:00,0.6521739,0.6116194,2024-06-16,13
2024-06-16 14:00:00,0.719,0.640931,2024-06-16,14
2024-06-16 15:00:00,0.4157956,0.3725276,2024-06-16,15
2024-06-16 16:00:00,0.2629378,0.2224138,2024-06-16,16
2024-06-16 17:00:00,0.09995507,0.07820681,2024-06-16,17
2024-06-16 18:00:00,0.007138852,0.0,2024-06-16,18
2024-06-16 19:00:00,0.0,0.0,2024-06-16,19
2024-06-16 20:00:00,0.0,0.0,2024-06-16,20
2024-06-16 21:00:00,0.0,0.0,2024-06-16,21
2024-06-16 22:00:00,0.0,0.0,2024-06-16,22
2024-06-16 23:00:00,0.0,0.0,2024-06-16,23
2024-06-17 00:00:00,0.0,0.0,2024-06-17,0
2024-06-17 01:00:00,0.0,0.0,2024-06-17,1
2024-06-17 02:00:00,0.0,0.0,2024-06-17,2
2024-06-17 03:00:00,0.0,0.0,2024-06-17,3
2024-06-17 04:00:00,0.000205103,0.0,2024-06-17,4
2024-06-17 05:00:00,0.05717014,0.04821533,2024-06-17,5
2024-06-17 06:00:00,0.1016841,0.09789164,2024-06-17,6
2024-06-17 07:00:00,0.1604636,0.1552232,2024-06-17,7
2024-06-17 08:00:00,0.1743768,0.1690741,2024-06-17,8
2024-06-17 09:00:00,0.4485955,0.4306022,2024-06-17,9
2024-06-17 10:00:00,0.3938002,0.3814153,2024-06-17,10
2024-06-17 11:00:00,0.361549,0.350702,2024-06-17,11
2024-06-17 12:00:00,0.4256916,0.4120213,2024-06-17,12
2024-06-17 13:00:00,0.3276533,0.317545,2024-06-17,13
2024-06-17 14:00:00,0.1313447,0.1274369,2024-06-17,14
2024-06-17 15:00:00,0.147542,0.142912,2024-06-17,15
2024-06-17 16:00:00,0.1076447,0.1039173,2024-06-17,16
2024-06-17 17:00:00,0.05716616,0.05431131,2024-06-17,17
2024-06-17 18:00:00,0.0029501,0.0,2024-06-17,18
2024-06-17 19:00:00,0.0,0.0,2024-06-17,19
2024-06-17 20:00:00,0.0,0.0,2024-06-17,20
2024-06-17 21:00:00,0.0,0.0,2024-06-17,21
2024-06-17 22:00:00,0.0,0.0,2024-06-17,22
2024-06-17 23:00:00,0.0,0.0,2024-06-17,23
2024-06-18 00:00:00,0.0,0.0,2024-06-18,0
2024-06-18 01:00:00,0.0,0.0,2024-06-18,1
2024-06-18 02:00:00,0.0,0.0,2024-06-18,2
2024-06-18 03:00:00,0.0,0.0,2024-06-18,3
2024-06-18 04:00:00,0.00022189,0.0,2024-06-18,4
2024-06-18 05:00:00,0.08410604,0.03960099,2024-06-18,5
2024-06-18 06:00:00,0.2335947,0.1856872,2024-06-18,6
2024-06-18 07:00:00,0.3311996,0.3023025,2024-06-18,7
2024-06-18 08:00:00,0.4728203,0.4391489,2024-06-18,8
2024-06-18 09:00:00,0.4731095,0.4527743,2024-06-18,9
2024-06-18 10:00:00,0.6502991,0.6172392,2024-06-18,10
2024-06-18 11:00:00,0.8778318,0.8216071,2024-06-18,11
2024-06-18 12:00:00,0.8851727,0.8246081,2024-06-18,12
2024-06-18 13:00:00,0.6466293,0.6068448,2024-06-18,13
2024-06-18 14:00:00,0.5827461,0.5332561,2024-06-18,14
2024-06-18 15:00:00,0.4472545,0.3939308,2024-06-18,15
2024-06-18 16:00:00,0.2663525,0.2245257,2024-06-18,16
2024-06-18 17:00:00,0.1195484,0.0767964,2024-06-18,17
2024-06-18 18:00:00,0.008748248,0.0,2024-06-18,18
2024-06-18 19:00:00,0.0,0.0,2024-06-18,19
2024-06-18 20:00:00,0.0,0.0,2024-06-18,20
2024-06-18 21:00:00,0.0,0.0,2024-06-18,21
2024-06-18 22:00:00,0.0,0.0,2024-06-18,22
2024-06-18 23:00:00,0.0,0.0,2024-06-18,23
2024-06-19 00:00:00,0.0,0.0,2024-06-19,0
2024-06-19 01:00:00,0.0,0.0,2024-06-19,1
2024-06-19 02:00:00,0.0,0.0,2024-06-19,2
2024-06-19 03:00:00,0.0,0.0,2024-06-19,3
2024-06-19 04:00:00,0.000166905,0.0,2024-06-19,4
2024-06-19 05:00:00,0.06211049,0.04876162,2024-06-19,5
2024-06-19 06:00:00,0.193855,0.1692378,2024-06-19,6
2024-06-19 07:00:00,0.417806,0.3580958,2024-06-19,7
2024-06-19 08:00:00,0.5954984,0.5328187,2024-06-19,8
2024-06-19 09:00:00,0.6427135,0.5988202,2024-06-19,9
2024-06-19 10:00:00,0.8829698,0.8196706,2024-06-19,10
2024-06-19 11:00:00,0.8941375,0.8359578,2024-06-19,11
2024-06-19 12:00:00,0.8727056,0.8135358,2024-06-19,12
2024-06-19 13:00:00,0.8096867,0.7447093,2024-06-19,13
2024-06-19 14:00:00,0.5222805,0.4854167,2024-06-19,14
2024-06-19 15:00:00,0.3596404,0.3323193,2024-06-19,15
2024-06-19 16:00:00,0.1818206,0.1709271,2024-06-19,16
2024-06-19 17:00:00,0.07761054,0.07047567,2024-06-19,17
2024-06-19 18:00:00,0.0052115,0.0,2024-06-19,18
2024-06-19 19:00:00,0.0,0.0,2024-06-19,19
2024-06-19 20:00:00,0.0,0.0,2024-06-19,20
2024-06-19 21:00:00,0.0,0.0,2024-06-19,21
2024-06-19 22:00:00,0.0,0.0,2024-06-19,22
2024-06-19 23:00:00,0.0,0.0,2024-06-19,23
2024-06-20 00:00:00,0.0,0.0,2024-06-20,0
2024-06-20 01:00:00,0.0,0.0,2024-06-20,1
2024-06-20 02:00:00,0.0,0.0,2024-06-20,2
2024-06-20 03:00:00,0.0,0.0,2024-06-20,3
2024-06-20 04:00:00,0.000185513,0.0,2024-06-20,4
2024-06-20 05:00:00,0.06893659,0.04766854,2024-06-20,5
2024-06-20 06:00:00,0.2444919,0.1878623,2024-06-20,6
2024-06-20 07:00:00,0.2285473,0.2188805,2024-06-20,7
2024-06-20 08:00:00,0.4005207,0.3793744,2024-06-20,8
2024-06-20 09:00:00,0.3125393,0.3028291,2024-06-20,9
2024-06-20 10:00:00,0.3458353,0.3353672,2024-06-20,10
2024-06-20 11:00:00,0.1548019,0.1502947,2024-06-20,11
2024-06-20 12:00:00,0.393135,0.3809257,2024-06-20,12
2024-06-20 13:00:00,0.4740429,0.4551725,2024-06-20,13
2024-06-20 14:00:00,0.2925013,0.2828938,2024-06-20,14
2024-06-20 15:00:00,0.1254465,0.1215658,2024-06-20,15
2024-06-20 16:00:00,0.1400271,0.1345408,2024-06-20,16
2024-06-20 17:00:00,0.09782422,0.0794929,2024-06-20,17
2024-06-20 18:00:00,0.007818438,0.0,2024-06-20,18
2024-06-20 19:00:00,0.0,0.0,2024-06-20,19
2024-06-20 20:00:00,0.0,0.0,2024-06-20,20
2024-06-20 21:00:00,0.0,0.0,2024-06-20,21
2024-06-20 22:00:00,0.0,0.0,2024-06-20,22
2024-06-20 23:00:00,0.0,0.0,2024-06-20,23
2024-06-21 00:00:00,0.0,0.0,2024-06-21,0
2024-06-21 01:00:00,0.0,0.0,2024-06-21,1
2024-06-21 02:00:00,0.0,0.0,2024-06-21,2
2024-06-21 03:00:00,0.0,0.0,2024-06-21,3
2024-06-21 04:00:00,8.1502e-05,0.0,2024-06-21,4
2024-06-21 05:00:00,0.08942947,0.03229511,2024-06-21,5
2024-06-21 06:00:00,0.2917632,0.1983993,2024-06-21,6
2024-06-21 07:00:00,0.5030612,0.4101394,2024-06-21,7
2024-06-21 08:00:00,0.5695431,0.5129193,2024-06-21,8
2024-06-21 09:00:00,0.8029638,0.7322219,2024-06-21,9
2024-06-21 10:00:00,0.8713225,0.8092344,2024-06-21,10
2024-06-21 11:00:00,0.8095818,0.7612973,2024-06-21,11
2024-06-21 12:00:00,0.6855682,0.649946,2024-06-21,12
2024-06-21 13:00:00,0.8405904,0.7713742,2024-06-21,13
2024-06-21 14:00:00,0.7666221,0.6806035,2024-06-21,14
2024-06-21 15:00:00,0.4804081,0.4162723,2024-06-21,15
2024-06-21 16:00:00,0.4017373,0.2849227,2024-06-21,16
2024-06-21 17:00:00,0.1392976,0.06996766,2024-06-21,17
2024-06-21 18:00:00,0.01078908,0.0,2024-06-21,18
2024-06-21 19:00:00,0.0,0.0,2024-06-21,19
2024-06-21 20:00:00,0.0,0.0,2024-06-21,20
2024-06-21 21:00:00,0.0,0.0,2024-06-21,21
2024-06-21 22:00:00,0.0,0.0,2024-06-21,22
2024-06-21 23:00:00,0.0,0.0,2024-06-21,23
2024-06-22 00:00:00,0.0,0.0,2024-06-22,0
2024-06-22 01:00:00,0.0,0.0,2024-06-22,1
2024-06-22 02:00:00,0.0,0.0,2024-06-22,2
2024-06-22 03:00:00,0.0,0.0,2024-06-22,3
2024-06-22 04:00:00,9.8105e-05,0.0,2024-06-22,4
2024-06-22 05:00:00,0.08898246,0.03188618,2024-06-22,5
2024-06-22 06:00:00,0.2352198,0.1844953,2024-06-22,6
2024-06-22 07:00:00,0.4355194,0.367873,2024-06-22,7
2024-06-22 08:00:00,0.7373793,0.6443817,2024-06-22,8
2024-06-22 09:00:00,0.8387246,0.762875,2024-06-22,9
2024-06-22 10:00:00,0.8398778,0.7816793,2024-06-22,10
2024-06-22 11:00:00,0.8268335,0.7764461,2024-06-22,11
2024-06-22 12:00:00,0.636624,0.6066234,2024-06-22,12
2024-06-22 13:00:00,0.5140881,0.4914758,2024-06-22,13
2024-06-22 14:00:00,0.2865763,0.2772703,2024-06-22,14
2024-06-22 15:00:00,0.3436798,0.3202199,2024-06-22,15
2024-06-22 16:00:00,0.305641,0.2422737,2024-06-22,16
2024-06-22 17:00:00,0.1162815,0.08041547,2024-06-22,17
2024-06-22 18:00:00,0.006145401,0.0,2024-06-22,18
2024-06-22 19:00:00,0.0,0.0,2024-06-22,19
2024-06-22 20:00:00,0.0,0.0,2024-06-22,20
2024-06-22 21:00:00,0.0,0.0,2024-06-22,21
2024-06-22 22:00:00,0.0,0.0,2024-06-22,22
2024-06-22 23:00:00,0.0,0.0,2024-06-22,23
2024-06-23 00:00:00,0.0,0.0,2024-06-23,0
2024-06-23 01:00:00,0.0,0.0,2024-06-23,1
2024-06-23 02:00:00,0.0,0.0,2024-06-23,2
2024-06-23 03:00:00,0.0,0.0,2024-06-23,3
2024-06-23 04:00:00,7.50683e-05,0.0,2024-06-23,4
2024-06-23 05:00:00,0.07896801,0.04031907,2024-06-23,5
2024-06-23 06:00:00,0.2100683,0.1756555,2024-06-23,6
2024-06-23 07:00:00,0.5374947,0.4334141,2024-06-23,7
2024-06-23 08:00:00,0.80228,0.6999498,2024-06-23,8
2024-06-23 09:00:00,0.8191456,0.7459325,2024-06-23,9
2024-06-23 10:00:00,0.9906127,0.9160055,2024-06-23,10
2024-06-23 11:00:00,1.07413,0.9994459,2024-06-23,11
2024-06-23 12:00:00,1.107689,1.026915,2024-06-23,12
2024-06-23 13:00:00,1.002515,0.9162663,2024-06-23,13
2024-06-23 14:00:00,0.7922152,0.7027638,2024-06-23,14
2024-06-23 15:00:00,0.6444528,0.5357359,2024-06-23,15
2024-06-23 16:00:00,0.3776582,0.2726887,2024-06-23,16
2024-06-23 17:00:00,0.1354902,0.0738753,2024-06-23,17
2024-06-23 18:00:00,0.009597097,0.0,2024-06-23,18
2024-06-23 19:00:00,0.0,0.0,2024-06-23,19
2024-06-23 20:00:00,0.0,0.0,2024-06-23,20
2024-06-23 21:00:00,0.0,0.0,2024-06-23,21
2024-06-23 22:00:00,0.0,0.0,2024-06-23,22
2024-06-23 23:00:00,0.0,0.0,2024-06-23,23
2024-06-24 00:00:00,0.0,0.0,2024-06-24,0
2024-06-24 01:00:00,0.0,0.0,2024-06-24,1
2024-06-24 02:00:00,0.0,0.0,2024-06-24,2
2024-06-24 03:00:00,0.0,0.0,2024-06-24,3
2024-06-24 04:00:00,5.10568e-05,0.0,2024-06-24,4
2024-06-24 05:00:00,0.07333478,0.04349894,2024-06-24,5
2024-06-24 06:00:00,0.2315559,0.182615,2024-06-24,6
2024-06-24 07:00:00,0.5095389,0.4137309,2024-06-24,7
2024-06-24 08:00:00,0.7210603,0.6305884,2024-06-24,8
2024-06-24 09:00:00,0.7974938,0.7274159,2024-06-24,9
2024-06-24 10:00:00,0.7969047,0.7443683,2024-06-24,10
2024-06-24 11:00:00,0.8433071,0.7910222,2024-06-24,11
2024-06-24 12:00:00,0.8691687,0.8105929,2024-06-24,12
2024-06-24 13:00:00,0.7264009,0.6744655,2024-06-24,13
2024-06-24 14:00:00,0.723615,0.6453655,2024-06-24,14
2024-06-24 15:00:00,0.4810464,0.4173871,2024-06-24,15
2024-06-24 16:00:00,0.2414376,0.2129783,2024-06-24,16
2024-06-24 17:00:00,0.1384565,0.0731656,2024-06-24,17
2024-06-24 18:00:00,0.01060697,0.0,2024-06-24,18
2024-06-24 19:00:00,0.0,0.0,2024-06-24,19
2024-06-24 20:00:00,0.0,0.0,2024-06-24,20
2024-06-24 21:00:00,0.0,0.0,2024-06-24,21
2024-06-24 22:00:00,0.0,0.0,2024-06-24,22
2024-06-24 23:00:00,0.0,0.0,2024-06-24,23
2024-06-25 00:00:00,0.0,0.0,2024-06-25,0
2024-06-25 01:00:00,0.0,0.0,2024-06-25,1
2024-06-25 02:00:00,0.0,0.0,2024-06-25,2
2024-06-25 03:00:00,0.0,0.0,2024-06-25,3
2024-06-25 04:00:00,3.37091e-05,0.0,2024-06-25,4
2024-06-25 05:00:00,0.01813292,0.01740504,2024-06-25,5
2024-06-25 06:00:00,0.1355478,0.1282574,2024-06-25,6
2024-06-25 07:00:00,0.1729879,0.1671825,2024-06-25,7
2024-06-25 08:00:00,0.1735253,0.1682425,2024-06-25,8
2024-06-25 09:00:00,0.08008196,0.07774197,2024-06-25,9
2024-06-25 10:00:00,0.2036811,0.1977096,2024-06-25,10
2024-06-25 11:00:00,0.1046196,0.1015793,2024-06-25,11
2024-06-25 12:00:00,0.3088517,0.2997065,2024-06-25,12
2024-06-25 13:00:00,0.2669572,0.2589908,2024-06-25,13
2024-06-25 14:00:00,0.1243071,0.1206172,2024-06-25,14
2024-06-25 15:00:00,0.07988359,0.07747825,2024-06-25,15
2024-06-25 16:00:00,0.08559563,0.08276172,2024-06-25,16
2024-06-25 17:00:00,0.02235014,0.0215647,2024-06-25,17
2024-06-25 18:00:00,0.002521121,0.0,2024-06-25,18
2024-06-25 19:00:00,0.0,0.0,2024-06-25,19
2024-06-25 20:00:00,0.0,0.0,2024-06-25,20
2024-06-25 21:00:00,0.0,0.0,2024-06-25,21
2024-06-25 22:00:00,0.0,0.0,2024-06-25,22
2024-06-25 23:00:00,0.0,0.0,2024-06-25,23
2024-06-26 00:00:00,0.0,0.0,2024-06-26,0
2024-06-26 01:00:00,0.0,0.0,2024-06-26,1
2024-06-26 02:00:00,0.0,0.0,2024-06-26,2
2024-06-26 03:00:00,0.0,0.0,2024-06-26,3
2024-06-26 04:00:00,7.21897e-06,0.0,2024-06-26,4
2024-06-26 05:00:00,0.003672085,0.003557708,2024-06-26,5
2024-06-26 06:00:00,0.08204132,0.07911962,2024-06-26,6
2024-06-26 07:00:00,0.1277611,0.1236961,2024-06-26,7
2024-06-26 08:00:00,0.3986281,0.377502,2024-06-26,8
2024-06-26 09:00:00,0.5978061,0.5609274,2024-06-26,9
2024-06-26 10:00:00,0.4191432,0.4055316,2024-06-26,10
2024-06-26 11:00:00,0.2932874,0.2846634,2024-06-26,11
2024-06-26 12:00:00,0.2835944,0.2752402,2024-06-26,12
2024-06-26 13:00:00,0.5097783,0.4877591,2024-06-26,13
2024-06-26 14:00:00,0.5224492,0.4862024,2024-06-26,14
2024-06-26 15:00:00,0.285692,0.2722156,2024-06-26,15
2024-06-26 16:00:00,0.2727347,0.2297519,2024-06-26,16
2024-06-26 17:00:00,0.06864627,0.06443025,2024-06-26,17
2024-06-26 18:00:00,0.008837874,0.0,2024-06-26,18
2024-06-26 19:00:00,0.0,0.0,2024-06-26,19
2024-06-26 20:00:00,0.0,0.0,2024-06-26,20
2024-06-26 21:00:00,0.0,0.0,2024-06-26,21
2024-06-26 22:00:00,0.0,0.0,2024-06-26,22
2024-06-26 23:00:00,0.0,0.0,2024-06-26,23
2024-06-27 00:00:00,0.0,0.0,2024-06-27,0
2024-06-27 01:00:00,0.0,0.0,2024-06-27,1
2024-06-27 02:00:00,0.0,0.0,2024-06-27,2
2024-06-27 03:00:00,0.0,0.0,2024-06-27,3
2024-06-27 04:00:00,1.09111e-05,0.0,2024-06-27,4
2024-06-27 05:00:00,0.05149164,0.044252,2024-06-27,5
2024-06-27 06:00:00,0.1849923,0.1627719,2024-06-27,6
2024-06-27 07:00:00,0.2132386,0.2048483,2024-06-27,7
2024-06-27 08:00:00,0.1563953,0.1516625,2024-06-27,8
2024-06-27 09:00:00,0.06893085,0.06691872,2024-06-27,9
2024-06-27 10:00:00,0.1570992,0.1525116,2024-06-27,10
2024-06-27 11:00:00,0.5326965,0.5132495,2024-06-27,11
2024-06-27 12:00:00,0.4405311,0.4261577,2024-06-27,12
2024-06-27 13:00:00,0.3873302,0.3745202,2024-06-27,13
2024-06-27 14:00:00,0.2804404,0.2714547,2024-06-27,14
2024-06-27 15:00:00,0.1500371,0.1453362,2024-06-27,15
2024-06-27 16:00:00,0.1487719,0.1426695,2024-06-27,16
2024-06-27 17:00:00,0.05896237,0.05610834,2024-06-27,17
2024-06-27 18:00:00,0.006877038,0.0,2024-06-27,18
2024-06-27 19:00:00,0.0,0.0,2024-06-27,19
2024-06-27 20:00:00,0.0,0.0,2024-06-27,20
2024-06-27 21:00:00,0.0,0.0,2024-06-27,21
2024-06-27 22:00:00,0.0,0.0,2024-06-27,22
2024-06-27 23:00:00,0.0,0.0,2024-06-27,23
2024-06-28 00:00:00,0.0,0.0,2024-06-28,0
2024-06-28 01:00:00,0.0,0.0,2024-06-28,1
2024-06-28 02:00:00,0.0,0.0,2024-06-28,2
2024-06-28 03:00:00,0.0,0.0,2024-06-28,3
2024-06-28 04:00:00,3.39271e-06,0.0,2024-06-28,4
2024-06-28 05:00:00,0.0696905,0.04260371,2024-06-28,5
2024-06-28 06:00:00,0.2789745,0.1915486,2024-06-28,6
2024-06-28 07:00:00,0.4317211,0.3643985,2024-06-28,7
2024-06-28 08:00:00,0.7441136,0.6501272,2024-06-28,8
2024-06-28 09:00:00,0.8405618,0.7648089,2024-06-28,9
2024-06-28 10:00:00,0.891234,0.8273042,2024-06-28,10
2024-06-28 11:00:00,0.7750233,0.7314571,2024-06-28,11
2024-06-28 12:00:00,1.02214,0.9491756,2024-06-28,12
2024-06-28 13:00:00,0.8590085,0.7887506,2024-06-28,13
2024-06-28 14:00:00,0.676641,0.6085867,2024-06-28,14
2024-06-28 15:00:00,0.2405196,0.2315432,2024-06-28,15
2024-06-28 16:00:00,0.214092,0.1960963,2024-06-28,16
2024-06-28 17:00:00,0.1036964,0.08308183,2024-06-28,17
2024-06-28 18:00:00,0.007334526,0.0,2024-06-28,18
2024-06-28 19:00:00,0.0,0.0,2024-06-28,19
2024-06-28 20:00:00,0.0,0.0,2024-06-28,20
2024-06-28 21:00:00,0.0,0.0,2024-06-28,21
2024-06-28 22:00:00,0.0,0.0,2024-06-28,22
2024-06-28 23:00:00,0.0,0.0,2024-06-28,23
2024-06-29 00:00:00,0.0,0.0,2024-06-29,0
2024-06-29 01:00:00,0.0,0.0,2024-06-29,1
2024-06-29 02:00:00,0.0,0.0,2024-06-29,2
2024-06-29 03:00:00,0.0,0.0,2024-06-29,3
2024-06-29 04:00:00,6.62429e-08,0.0,2024-06-29,4
2024-06-29 05:00:00,0.09437666,0.0191763,2024-06-29,5
2024-06-29 06:00:00,0.2922935,0.1944136,2024-06-29,6
2024-06-29 07:00:00,0.526664,0.4250718,2024-06-29,7
2024-06-29 08:00:00,0.6519057,0.5751595,2024-06-29,8
2024-06-29 09:00:00,0.3596166,0.3477069,2024-06-29,9
2024-06-29 10:00:00,0.8318852,0.7753639,2024-06-29,10
2024-06-29 11:00:00,0.7919497,0.7465279,2024-06-29,11
2024-06-29 12:00:00,0.8701339,0.8124737,2024-06-29,12
2024-06-29 13:00:00,0.8550211,0.7856079,2024-06-29,13
2024-06-29 14:00:00,0.8502316,0.7554653,2024-06-29,14
2024-06-29 15:00:00,0.521682,0.4462081,2024-06-29,15
2024-06-29 16:00:00,0.3706529,0.2722947,2024-06-29,16
2024-06-29 17:00:00,0.1622001,0.06469076,2024-06-29,17
2024-06-29 18:00:00,0.01164583,0.0,2024-06-29,18
2024-06-29 19:00:00,0.0,0.0,2024-06-29,19
2024-06-29 20:00:00,0.0,0.0,2024-06-29,20
2024-06-29 21:00:00,0.0,0.0,2024-06-29,21
2024-06-29 22:00:00,0.0,0.0,2024-06-29,22
2024-06-29 23:00:00,0.0,0.0,2024-06-29,23
2024-06-30 00:00:00,0.0,0.0,2024-06-30,0
2024-06-30 01:00:00,0.0,0.0,2024-06-30,1
2024-06-30 02:00:00,0.0,0.0,2024-06-30,2
2024-06-30 03:00:00,0.0,0.0,2024-06-30,3
2024-06-30 04:00:00,0.0,0.0,2024-06-30,4
2024-06-30 05:00:00,0.07025547,0.04061021,2024-06-30,5
2024-06-30 06:00:00,0.1870719,0.1632251,2024-06-30,6
2024-06-30 07:00:00,0.3149082,0.2891751,2024-06-30,7
2024-06-30 08:00:00,0.4709786,0.4369274,2024-06-30,8
2024-06-30 09:00:00,0.5859748,0.5511047,2024-06-30,9
2024-06-30 10:00:00,0.6336548,0.6026881,2024-06-30,10
2024-06-30 11:00:00,0.6996781,0.6651645,2024-06-30,11
2024-06-30 12:00:00,0.7743352,0.7286828,2024-06-30,12
2024-06-30 13:00:00,0.9017062,0.8272112,2024-06-30,13
2024-06-30 14:00:00,0.6171405,0.5622108,2024-06-30,14
2024-06-30 15:00:00,0.5808555,0.4886347,2024-06-30,15
2024-06-30 16:00:00,0.2963474,0.2415629,2024-06-30,16
2024-06-30 17:00:00,0.1243897,0.08273718,2024-06-30,17
2024-06-30 18:00:00,0.01079528,0.0,2024-06-30,18
2024-06-30 19:00:00,0.0,0.0,2024-06-30,19
2024-06-30 20:00:00,0.0,0.0,2024-06-30,20
2024-06-30 21:00:00,0.0,0.0,2024-06-30,21
2024-06-30 22:00:00,0.0,0.0,2024-06-30,22
2024-06-30 23:00:00,0.0,0.0,2024-06-30,23
2024-07-01 00:00:00,0.0,0.0,2024-07-01,0
2024-07-01 01:00:00,0.0,0.0,2024-07-01,1
2024-07-01 02:00:00,0.0,0.0,2024-07-01,2
2024-07-01 03:00:00,0.0,0.0,2024-07-01,3
2024-07-01 04:00:00,0.0,0.0,2024-07-01,4
2024-07-01 05:00:00,0.03538511,0.03331378,2024-07-01,5
2024-07-01 06:00:00,0.1257324,0.119623,2024-07-01,6
2024-07-01 07:00:00,0.3952848,0.3422223,2024-07-01,7
2024-07-01 08:00:00,0.3405797,0.3264163,2024-07-01,8
2024-07-01 09:00:00,0.3904643,0.3767688,2024-07-01,9
2024-07-01 10:00:00,0.522046,0.5019609,2024-07-01,10
2024-07-01 11:00:00,0.464197,0.4490109,2024-07-01,11
2024-07-01 12:00:00,0.6820992,0.6478379,2024-07-01,12
2024-07-01 13:00:00,0.4908116,0.4708916,2024-07-01,13
2024-07-01 14:00:00,0.3349574,0.3230217,2024-07-01,14
2024-07-01 15:00:00,0.1664114,0.1611569,2024-07-01,15
2024-07-01 16:00:00,0.09991192,0.09654077,2024-07-01,16
2024-07-01 17:00:00,0.02746279,0.02646538,2024-07-01,17
2024-07-01 18:00:00,0.002687286,0.0,2024-07-01,18
2024-07-01 19:00:00,0.0,0.0,2024-07-01,19
2024-07-01 20:00:00,0.0,0.0,2024-07-01,20
2024-07-01 21:00:00,0.0,0.0,2024-07-01,21
2024-07-01 22:00:00,0.0,0.0,2024-07-01,22
2024-07-01 23:00:00,0.0,0.0,2024-07-01,23
2024-07-02 00:00:00,0.0,0.0,2024-07-02,0
2024-07-02 01:00:00,0.0,0.0,2024-07-02,1
2024-07-02 02:00:00,0.0,0.0,2024-07-02,2
2024-07-02 03:00:00,0.0,0.0,2024-07-02,3
2024-07-02 04:00:00,0.0,0.0,2024-07-02,4
2024-07-02 05:00:00,0.02411776,0.02301717,2024-07-02,5
2024-07-02 06:00:00,0.03183974,0.03084171,2024-07-02,6
2024-07-02 07:00:00,0.02072025,0.02011031,2024-07-02,7
2024-07-02 08:00:00,0.1976178,0.1915531,2024-07-02,8
2024-07-02 09:00:00,0.1626955,0.1578964,2024-07-02,9
2024-07-02 10:00:00,0.2157786,0.2094532,2024-07-02,10
2024-07-02 11:00:00,0.3272433,0.3175769,2024-07-02,11
2024-07-02 12:00:00,0.2399252,0.2328975,2024-07-02,12
2024-07-02 13:00:00,0.2320693,0.2252009,2024-07-02,13
2024-07-02 14:00:00,0.3092287,0.2988703,2024-07-02,14
2024-07-02 15:00:00,0.1744272,0.1688962,2024-07-02,15
2024-07-02 16:00:00,0.1480696,0.1421163,2024-07-02,16
2024-07-02 17:00:00,0.1024287,0.0837061,2024-07-02,17
2024-07-02 18:00:00,0.002113311,0.0,2024-07-02,18
2024-07-02 19:00:00,0.0,0.0,2024-07-02,19
2024-07-02 20:00:00,0.0,0.0,2024-07-02,20
2024-07-02 21:00:00,0.0,0.0,2024-07-02,21
2024-07-02 22:00:00,0.0,0.0,2024-07-02,22
2024-07-02 23:00:00,0.0,0.0,2024-07-02,23
2024-07-03 00:00:00,0.0,0.0,2024-07-03,0
2024-07-03 01:00:00,0.0,0.0,2024-07-03,1
2024-07-03 02:00:00,0.0,0.0,2024-07-03,2
2024-07-03 03:00:00,0.0,0.0,2024-07-03,3
2024-07-03 04:00:00,0.0,0.0,2024-07-03,4
2024-07-03 05:00:00,0.02229868,0.02130864,2024-07-03,5
2024-07-03 06:00:00,0.07857966,0.07579041,2024-07-03,6
2024-07-03 07:00:00,0.1519855,0.147045,2024-07-03,7
2024-07-03 08:00:00,0.1666394,0.1615832,2024-07-03,8
2024-07-03 09:00:00,0.3614169,0.3494444,2024-07-03,9
2024-07-03 10:00:00,0.6201215,0.5909954,2024-07-03,10
2024-07-03 11:00:00,0.3484563,0.3380991,2024-07-03,11
2024-07-03 12:00:00,0.262697,0.2549907,2024-07-03,12
2024-07-03 13:00:00,0.4636146,0.4460779,2024-07-03,13
2024-07-03 14:00:00,0.3859685,0.3700319,2024-07-03,14
2024-07-03 15:00:00,0.2505095,0.2408691,2024-07-03,15
2024-07-03 16:00:00,0.1867486,0.1757412,2024-07-03,16
2024-07-03 17:00:00,0.0985915,0.08278199,2024-07-03,17
2024-07-03 18:00:00,0.005663502,0.0,2024-07-03,18
2024-07-03 19:00:00,0.0,0.0,2024-07-03,19
2024-07-03 20:00:00,0.0,0.0,2024-07-03,20
2024-07-03 21:00:00,0.0,0.0,2024-07-03,21
2024-07-03 22:00:00,0.0,0.0,2024-07-03,22
2024-07-03 23:00:00,0.0,0.0,2024-07-03,23
2024-07-04 00:00:00,0.0,0.0,2024-07-04,0
2024-07-04 01:00:00,0.0,0.0,2024-07-04,1
2024-07-04 02:00:00,0.0,0.0,2024-07-04,2
2024-07-04 03:00:00,0.0,0.0,2024-07-04,3
2024-07-04 04:00:00,0.0,0.0,2024-07-04,4
2024-07-04 05:00:00,0.01210609,0.01165927,2024-07-04,5
2024-07-04 06:00:00,0.05307004,0.05131132,2024-07-04,6
2024-07-04 07:00:00,0.1533097,0.1483209,2024-07-04,7
2024-07-04 08:00:00,0.2637849,0.2550993,2024-07-04,8
2024-07-04 09:00:00,0.2914586,0.2825754,2024-07-04,9
2024-07-04 10:00:00,0.1574824,0.1528889,2024-07-04,10
2024-07-04 11:00:00,0.2169055,0.21058,2024-07-04,11
2024-07-04 12:00:00,0.1900908,0.1845464,2024-07-04,12
2024-07-04 13:00:00,0.1547203,0.1501865,2024-07-04,13
2024-07-04 14:00:00,0.1947249,0.1888611,2024-07-04,14
2024-07-04 15:00:00,0.1707706,0.1653766,2024-07-04,15
2024-07-04 16:00:00,0.08298682,0.08027171,2024-07-04,16
2024-07-04 17:00:00,0.02805014,0.02703105,2024-07-04,17
2024-07-04 18:00:00,0.001638057,0.0,2024-07-04,18
2024-07-04 19:00:00,0.0,0.0,2024-07-04,19
2024-07-04 20:00:00,0.0,0.0,2024-07-04,20
2024-07-04 21:00:00,0.0,0.0,2024-07-04,21
2024-07-04 22:00:00,0.0,0.0,2024-07-04,22
2024-07-04 23:00:00,0.0,0.0,2024-07-04,23
2024-07-05 00:00:00,0.0,0.0,2024-07-05,0
2024-07-05 01:00:00,0.0,0.0,2024-07-05,1
2024-07-05 02:00:00,0.0,0.0,2024-07-05,2
2024-07-05 03:00:00,0.0,0.0,2024-07-05,3
2024-07-05 04:00:00,0.0,0.0,2024-07-05,4
2024-07-05 05:00:00,0.06707073,0.03796148,2024-07-05,5
2024-07-05 06:00:00,0.1131928,0.1083739,2024-07-05,6
2024-07-05 07:00:00,0.3545008,0.316297,2024-07-05,7
2024-07-05 08:00:00,0.5566742,0.5032992,2024-07-05,8
2024-07-05 09:00:00,0.6073271,0.5697859,2024-07-05,9
2024-07-05 10:00:00,0.9142587,0.8502762,2024-07-05,10
2024-07-05 11:00:00,0.8092417,0.7634764,2024-07-05,11
2024-07-05 12:00:00,0.6103907,0.584289,2024-07-05,12
2024-07-05 13:00:00,0.575357,0.5471303,2024-07-05,13
2024-07-05 14:00:00,0.3501362,0.3372753,2024-07-05,14
2024-07-05 15:00:00,0.4818847,0.4218319,2024-07-05,15
2024-07-05 16:00:00,0.428573,0.3094985,2024-07-05,16
2024-07-05 17:00:00,0.1625879,0.06876265,2024-07-05,17
2024-07-05 18:00:00,0.01082677,0.0,2024-07-05,18
2024-07-05 19:00:00,0.0,0.0,2024-07-05,19
2024-07-05 20:00:00,0.0,0.0,2024-07-05,20
2024-07-05 21:00:00,0.0,0.0,2024-07-05,21
2024-07-05 22:00:00,0.0,0.0,2024-07-05,22
2024-07-05 23:00:00,0.0,0.0,2024-07-05,23
2024-07-06 00:00:00,0.0,0.0,2024-07-06,0
2024-07-06 01:00:00,0.0,0.0,2024-07-06,1
2024-07-06 02:00:00,0.0,0.0,2024-07-06,2
2024-07-06 03:00:00,0.0,0.0,2024-07-06,3
2024-07-06 04:00:00,0.0,0.0,2024-07-06,4
2024-07-06 05:00:00,0.03363841,0.0316472,2024-07-06,5
2024-07-06 06:00:00,0.2402426,0.1797339,2024-07-06,6
2024-07-06 07:00:00,0.5016421,0.4084472,2024-07-06,7
2024-07-06 08:00:00,0.6113552,0.54514,2024-07-06,8
2024-07-06 09:00:00,0.5916689,0.5566821,2024-07-06,9
2024-07-06 10:00:00,0.7380537,0.6954952,2024-07-06,10
2024-07-06 11:00:00,0.4674899,0.4523027,2024-07-06,11
2024-07-06 12:00:00,0.1277018,0.1239901,2024-07-06,12
2024-07-06 13:00:00,0.1170783,0.1136607,2024-07-06,13
2024-07-06 14:00:00,0.0494113,0.04796706,2024-07-06,14
2024-07-06 15:00:00,0.09916858,0.09616445,2024-07-06,15
2024-07-06 16:00:00,0.07469333,0.07228565,2024-07-06,16
2024-07-06 17:00:00,0.09025892,0.07955392,2024-07-06,17
2024-07-06 18:00:00,0.01103377,0.0,2024-07-06,18
2024-07-06 19:00:00,0.0,0.0,2024-07-06,19
2024-07-06 20:00:00,0.0,0.0,2024-07-06,20
2024-07-06 21:00:00,0.0,0.0,2024-07-06,21
2024-07-06 22:00:00,0.0,0.0,2024-07-06,22
2024-07-06 23:00:00,0.0,0.0,2024-07-06,23
2024-07-07 00:00:00,0.0,0.0,2024-07-07,0
2024-07-07 01:00:00,0.0,0.0,2024-07-07,1
2024-07-07 02:00:00,0.0,0.0,2024-07-07,2
2024-07-07 03:00:00,0.0,0.0,2024-07-07,3
2024-07-07 04:00:00,0.0,0.0,2024-07-07,4
2024-07-07 05:00:00,0.05643514,0.04085818,2024-07-07,5
2024-07-07 06:00:00,0.1191336,0.1136522,2024-07-07,6
2024-07-07 07:00:00,0.2345889,0.2239043,2024-07-07,7
2024-07-07 08:00:00,0.2924322,0.282138,2024-07-07,8
2024-07-07 09:00:00,0.5929387,0.5579484,2024-07-07,9
2024-07-07 10:00:00,0.8693072,0.8111858,2024-07-07,10
2024-07-07 11:00:00,0.4607298,0.4459201,2024-07-07,11
2024-07-07 12:00:00,0.8532161,0.8008029,2024-07-07,12
2024-07-07 13:00:00,0.6135379,0.5810509,2024-07-07,13
2024-07-07 14:00:00,0.4219111,0.4025569,2024-07-07,14
2024-07-07 15:00:00,0.4662698,0.4120461,2024-07-07,15
2024-07-07 16:00:00,0.4079462,0.2975807,2024-07-07,16
2024-07-07 17:00:00,0.1349106,0.08206332,2024-07-07,17
2024-07-07 18:00:00,0.01215845,0.0,2024-07-07,18
2024-07-07 19:00:00,0.0,0.0,2024-07-07,19
2024-07-07 20:00:00,0.0,0.0,2024-07-07,20
2024-07-07 21:00:00,0.0,0.0,2024-07-07,21
2024-07-07 22:00:00,0.0,0.0,2024-07-07,22
2024-07-07 23:00:00,0.0,0.0,2024-07-07,23
2024-07-08 00:00:00,0.0,0.0,2024-07-08,0
2024-07-08 01:00:00,0.0,0.0,2024-07-08,1
2024-07-08 02:00:00,0.0,0.0,2024-07-08,2
2024-07-08 03:00:00,0.0,0.0,2024-07-08,3
2024-07-08 04:00:00,0.0,0.0,2024-07-08,4
2024-07-08 05:00:00,0.000226433,0.000219782,2024-07-08,5
2024-07-08 06:00:00,0.03750396,0.03630953,2024-07-08,6
2024-07-08 07:00:00,0.06162021,0.05975984,2024-07-08,7
2024-07-08 08:00:00,0.1306238,0.1267129,2024-07-08,8
2024-07-08 09:00:00,0.1191871,0.1156962,2024-07-08,9
2024-07-08 10:00:00,0.1649189,0.1601118,2024-07-08,10
2024-07-08 11:00:00,0.1202651,0.1167751,2024-07-08,11
2024-07-08 12:00:00,0.1610293,0.1563458,2024-07-08,12
2024-07-08 13:00:00,0.1189629,0.1154919,2024-07-08,13
2024-07-08 14:00:00,0.07177963,0.0696763,2024-07-08,14
2024-07-08 15:00:00,0.03565065,0.03460126,2024-07-08,15
2024-07-08 16:00:00,0.05529764,0.05356914,2024-07-08,16
2024-07-08 17:00:00,0.02562069,0.02471185,2024-07-08,17
2024-07-08 18:00:00,0.001242363,0.0,2024-07-08,18
2024-07-08 19:00:00,0.0,0.0,2024-07-08,19
2024-07-08 20:00:00,0.0,0.0,2024-07-08,20
2024-07-08 21:00:00,0.0,0.0,2024-07-08,21
2024-07-08 22:00:00,0.0,0.0,2024-07-08,22
2024-07-08 23:00:00,0.0,0.0,2024-07-08,23
2024-07-09 00:00:00,0.0,0.0,2024-07-09,0
2024-07-09 01:00:00,0.0,0.0,2024-07-09,1
2024-07-09 02:00:00,0.0,0.0,2024-07-09,2
2024-07-09 03:00:00,0.0,0.0,2024-07-09,3
2024-07-09 04:00:00,0.0,0.0,2024-07-09,4
2024-07-09 05:00:00,0.06119269,0.03763152,2024-07-09,5
2024-07-09 06:00:00,0.1426378,0.1331256,2024-07-09,6
2024-07-09 07:00:00,0.2695831,0.2536965,2024-07-09,7
2024-07-09 08:00:00,0.1952223,0.1892545,2024-07-09,8
2024-07-09 09:00:00,0.3246952,0.3145467,2024-07-09,9
2024-07-09 10:00:00,0.2783346,0.2701521,2024-07-09,10
2024-07-09 11:00:00,0.3419653,0.3318756,2024-07-09,11
2024-07-09 12:00:00,0.2925985,0.2840188,2024-07-09,12
2024-07-09 13:00:00,0.5528791,0.5279003,2024-07-09,13
2024-07-09 14:00:00,0.5108964,0.479368,2024-07-09,14
2024-07-09 15:00:00,0.2747025,0.2630743,2024-07-09,15
2024-07-09 16:00:00,0.1918507,0.1802032,2024-07-09,16
2024-07-09 17:00:00,0.04634419,0.04441691,2024-07-09,17
2024-07-09 18:00:00,0.002696093,0.0,2024-07-09,18
2024-07-09 19:00:00,0.0,0.0,2024-07-09,19
2024-07-09 20:00:00,0.0,0.0,2024-07-09,20
2024-07-09 21:00:00,0.0,0.0,2024-07-09,21
2024-07-09 22:00:00,0.0,0.0,2024-07-09,22
2024-07-09 23:00:00,0.0,0.0,2024-07-09,23
2024-07-10 00:00:00,0.0,0.0,2024-07-10,0
2024-07-10 01:00:00,0.0,0.0,2024-07-10,1
2024-07-10 02:00:00,0.0,0.0,2024-07-10,2
2024-07-10 03:00:00,0.0,0.0,2024-07-10,3
2024-07-10 04:00:00,0.0,0.0,2024-07-10,4
2024-07-10 05:00:00,0.08761895,0.01261943,2024-07-10,5
2024-07-10 06:00:00,0.2776958,0.186676,2024-07-10,6
2024-07-10 07:00:00,0.4713687,0.3893535,2024-07-10,7
2024-07-10 08:00:00,0.4115993,0.3888377,2024-07-10,8
2024-07-10 09:00:00,0.7796906,0.7169117,2024-07-10,9
2024-07-10 10:00:00,0.9967784,0.9286658,2024-07-10,10
2024-07-10 11:00:00,0.9281622,0.8726234,2024-07-10,11
2024-07-10 12:00:00,0.8475921,0.797508,2024-07-10,12
2024-07-10 13:00:00,0.5967236,0.5670897,2024-07-10,13
2024-07-10 14:00:00,0.4008377,0.3840017,2024-07-10,14
2024-07-10 15:00:00,0.3244434,0.3064213,2024-07-10,15
2024-07-10 16:00:00,0.1559446,0.1494191,2024-07-10,16
2024-07-10 17:00:00,0.09580037,0.08229125,2024-07-10,17
2024-07-10 18:00:00,0.01054395,0.0,2024-07-10,18
2024-07-10 19:00:00,0.0,0.0,2024-07-10,19
2024-07-10 20:00:00,0.0,0.0,2024-07-10,20
2024-07-10 21:00:00,0.0,0.0,2024-07-10,21
2024-07-10 22:00:00,0.0,0.0,2024-07-10,22
2024-07-10 23:00:00,0.0,0.0,2024-07-10,23
2024-07-11 00:00:00,0.0,0.0,2024-07-11,0
2024-07-11 01:00:00,0.0,0.0,2024-07-11,1
2024-07-11 02:00:00,0.0,0.0,2024-07-11,2
2024-07-11 03:00:00,0.0,0.0,2024-07-11,3
2024-07-11 04:00:00,0.0,0.0,2024-07-11,4
2024-07-11 05:00:00,0.05495339,0.03845692,2024-07-11,5
2024-07-11 06:00:00,0.128919,0.1219513,2024-07-11,6
2024-07-11 07:00:00,0.3931555,0.3409798,2024-07-11,7
2024-07-11 08:00:00,0.5135063,0.4714386,2024-07-11,8
2024-07-11 09:00:00,0.6958029,0.6461059,2024-07-11,9
2024-07-11 10:00:00,0.7956648,0.7481825,2024-07-11,10
2024-07-11 11:00:00,0.9574258,0.9000329,2024-07-11,11
2024-07-11 12:00:00,1.054525,0.987267,2024-07-11,12
2024-07-11 13:00:00,0.8427489,0.7816262,2024-07-11,13
2024-07-11 14:00:00,0.4766204,0.4508487,2024-07-11,14
2024-07-11 15:00:00,0.6351891,0.5387051,2024-07-11,15
2024-07-11 16:00:00,0.4242903,0.3112566,2024-07-11,16
2024-07-11 17:00:00,0.1197497,0.08619765,2024-07-11,17
2024-07-11 18:00:00,0.01371807,0.0,2024-07-11,18
2024-07-11 19:00:00,0.0,0.0,2024-07-11,19
2024-07-11 20:00:00,0.0,0.0,2024-07-11,20
2024-07-11 21:00:00,0.0,0.0,2024-07-11,21
2024-07-11 22:00:00,0.0,0.0,2024-07-11,22
2024-07-11 23:00:00,0.0,0.0,2024-07-11,23
2024-07-12 00:00:00,0.0,0.0,2024-07-12,0
2024-07-12 01:00:00,0.0,0.0,2024-07-12,1
2024-07-12 02:00:00,0.0,0.0,2024-07-12,2
2024-07-12 03:00:00,0.0,0.0,2024-07-12,3
2024-07-12 04:00:00,0.0,0.0,2024-07-12,4
2024-07-12 05:00:00,0.04129724,0.0362635,2024-07-12,5
2024-07-12 06:00:00,0.1352443,0.1271008,2024-07-12,6
2024-07-12 07:00:00,0.1007859,0.0976567,2024-07-12,7
2024-07-12 08:00:00,0.2225932,0.2157028,2024-07-12,8
2024-07-12 09:00:00,0.3460768,0.3350287,2024-07-12,9
2024-07-12 10:00:00,0.3194759,0.3100265,2024-07-12,10
2024-07-12 11:00:00,0.3048429,0.2959381,2024-07-12,11
2024-07-12 12:00:00,0.5476967,0.5277386,2024-07-12,12
2024-07-12 13:00:00,0.3542345,0.3432933,2024-07-12,13
2024-07-12 14:00:00,0.2459106,0.2384234,2024-07-12,14
2024-07-12 15:00:00,0.107749,0.1044828,2024-07-12,15
2024-07-12 16:00:00,0.116193,0.1122206,2024-07-12,16
2024-07-12 17:00:00,0.04646568,0.04453948,2024-07-12,17
2024-07-12 18:00:00,0.000970007,0.0,2024-07-12,18
2024-07-12 19:00:00,0.0,0.0,2024-07-12,19
2024-07-12 20:00:00,0.0,0.0,2024-07-12,20
2024-07-12 21:00:00,0.0,0.0,2024-07-12,21
2024-07-12 22:00:00,0.0,0.0,2024-07-12,22
2024-07-12 23:00:00,0.0,0.0,2024-07-12,23
2024-07-13 00:00:00,0.0,0.0,2024-07-13,0
2024-07-13 01:00:00,0.0,0.0,2024-07-13,1
2024-07-13 02:00:00,0.0,0.0,2024-07-13,2
2024-07-13 03:00:00,0.0,0.0,2024-07-13,3
2024-07-13 04:00:00,0.0,0.0,2024-07-13,4
2024-07-13 05:00:00,0.04366568,0.03696467,2024-07-13,5
2024-07-13 06:00:00,0.292787,0.1909317,2024-07-13,6
2024-07-13 07:00:00,0.4594307,0.3826002,2024-07-13,7
2024-07-13 08:00:00,0.6710094,0.5955107,2024-07-13,8
2024-07-13 09:00:00,0.8347452,0.7669528,2024-07-13,9
2024-07-13 10:00:00,0.8660026,0.8120002,2024-07-13,10
2024-07-13 11:00:00,0.9786844,0.9212079,2024-07-13,11
2024-07-13 12:00:00,0.6931591,0.6610722,2024-07-13,12
2024-07-13 13:00:00,0.7915124,0.7380875,2024-07-13,13
2024-07-13 14:00:00,0.5970309,0.5515792,2024-07-13,14
2024-07-13 15:00:00,0.4424402,0.3979084,2024-07-13,15
2024-07-13 16:00:00,0.2281898,0.2076135,2024-07-13,16
2024-07-13 17:00:00,0.09909312,0.08355645,2024-07-13,17
2024-07-13 18:00:00,0.007730411,0.0,2024-07-13,18
2024-07-13 19:00:00,0.0,0.0,2024-07-13,19
2024-07-13 20:00:00,0.0,0.0,2024-07-13,20
2024-07-13 21:00:00,0.0,0.0,2024-07-13,21
2024-07-13 22:00:00,0.0,0.0,2024-07-13,22
2024-07-13 23:00:00,0.0,0.0,2024-07-13,23
2024-07-14 00:00:00,0.0,0.0,2024-07-14,0
2024-07-14 01:00:00,0.0,0.0,2024-07-14,1
2024-07-14 02:00:00,0.0,0.0,2024-07-14,2
2024-07-14 03:00:00,0.0,0.0,2024-07-14,3
2024-07-14 04:00:00,0.0,0.0,2024-07-14,4
2024-07-14 05:00:00,0.0272318,0.02580365,2024-07-14,5
2024-07-14 06:00:00,0.1079706,0.1034771,2024-07-14,6
2024-07-14 07:00:00,0.2564483,0.2427724,2024-07-14,7
2024-07-14 08:00:00,0.3778098,0.3599816,2024-07-14,8
2024-07-14 09:00:00,0.4472252,0.4299923,2024-07-14,9
2024-07-14 10:00:00,0.4238999,0.4105068,2024-07-14,10
2024-07-14 11:00:00,0.2416073,0.2345878,2024-07-14,11
2024-07-14 12:00:00,0.2758876,0.2678421,2024-07-14,12
2024-07-14 13:00:00,0.2678728,0.2599698,2024-07-14,13
2024-07-14 14:00:00,0.159568,0.1548327,2024-07-14,14
2024-07-14 15:00:00,0.209718,0.2028331,2024-07-14,15
2024-07-14 16:00:00,0.05605073,0.05430398,2024-07-14,16
2024-07-14 17:00:00,0.03120864,0.03005879,2024-07-14,17
2024-07-14 18:00:00,0.0041798,0.0,2024-07-14,18
2024-07-14 19:00:00,0.0,0.0,2024-07-14,19
2024-07-14 20:00:00,0.0,0.0,2024-07-14,20
2024-07-14 21:00:00,0.0,0.0,2024-07-14,21
2024-07-14 22:00:00,0.0,0.0,2024-07-14,22
2024-07-14 23:00:00,0.0,0.0,2024-07-14,23
2024-07-15 00:00:00,0.0,0.0,2024-07-15,0
2024-07-15 01:00:00,0.0,0.0,2024-07-15,1
2024-07-15 02:00:00,0.0,0.0,2024-07-15,2
2024-07-15 03:00:00,0.0,0.0,2024-07-15,3
2024-07-15 04:00:00,0.0,0.0,2024-07-15,4
2024-07-15 05:00:00,0.05678871,0.03433663,2024-07-15,5
2024-07-15 06:00:00,0.1026968,0.09861543,2024-07-15,6
2024-07-15 07:00:00,0.1826508,0.1763259,2024-07-15,7
2024-07-15 08:00:00,0.4507688,0.4221643,2024-07-15,8
2024-07-15 09:00:00,0.6002408,0.5663633,2024-07-15,9
2024-07-15 10:00:00,0.8354709,0.7861186,2024-07-15,10
2024-07-15 11:00:00,0.8908814,0.8424856,2024-07-15,11
2024-07-15 12:00:00,0.823705,0.7794046,2024-07-15,12
2024-07-15 13:00:00,0.870164,0.8094392,2024-07-15,13
2024-07-15 14:00:00,0.6875435,0.6269745,2024-07-15,14
2024-07-15 15:00:00,0.5222406,0.4555898,2024-07-15,15
2024-07-15 16:00:00,0.3375736,0.2661788,2024-07-15,16
2024-07-15 17:00:00,0.1518206,0.07656559,2024-07-15,17
2024-07-15 18:00:00,0.008903771,0.0,2024-07-15,18
2024-07-15 19:00:00,0.0,0.0,2024-07-15,19
2024-07-15 20:00:00,0.0,0.0,2024-07-15,20
2024-07-15 21:00:00,0.0,0.0,2024-07-15,21
2024-07-15 22:00:00,0.0,0.0,2024-07-15,22
2024-07-15 23:00:00,0.0,0.0,2024-07-15,23
2024-07-16 00:00:00,0.0,0.0,2024-07-16,0
2024-07-16 01:00:00,0.0,0.0,2024-07-16,1
2024-07-16 02:00:00,0.0,0.0,2024-07-16,2
2024-07-16 03:00:00,0.0,0.0,2024-07-16,3
2024-07-16 04:00:00,0.0,0.0,2024-07-16,4
2024-07-16 05:00:00,0.03040926,0.02849513,2024-07-16,5
2024-07-16 06:00:00,0.07870485,0.07589674,2024-07-16,6
2024-07-16 07:00:00,0.2991866,0.2772563,2024-07-16,7
2024-07-16 08:00:00,0.6084384,0.5472891,2024-07-16,8
2024-07-16 09:00:00,0.4609522,0.4428079,2024-07-16,9
2024-07-16 10:00:00,0.6679698,0.6370397,2024-07-16,10
2024-07-16 11:00:00,0.8848863,0.8378341,2024-07-16,11
2024-07-16 12:00:00,1.017718,0.9578792,2024-07-16,12
2024-07-16 13:00:00,0.8202935,0.765837,2024-07-16,13
2024-07-16 14:00:00,0.6405123,0.5888919,2024-07-16,14
2024-07-16 15:00:00,0.6501711,0.5561237,2024-07-16,15
2024-07-16 16:00:00,0.4008664,0.3003668,2024-07-16,16
2024-07-16 17:00:00,0.1401546,0.08115001,2024-07-16,17
2024-07-16 18:00:00,0.008929714,0.0,2024-07-16,18
2024-07-16 19:00:00,0.0,0.0,2024-07-16,19
2024-07-16 20:00:00,0.0,0.0,2024-07-16,20
2024-07-16 21:00:00,0.0,0.0,2024-07-16,21
2024-07-16 22:00:00,0.0,0.0,2024-07-16,22
2024-07-16 23:00:00,0.0,0.0,2024-07-16,23
2024-07-17 00:00:00,0.0,0.0,2024-07-17,0
2024-07-17 01:00:00,0.0,0.0,2024-07-17,1
2024-07-17 02:00:00,0.0,0.0,2024-07-17,2
2024-07-17 03:00:00,0.0,0.0,2024-07-17,3
2024-07-17 04:00:00,0.0,0.0,2024-07-17,4
2024-07-17 05:00:00,0.0460375,0.03576208,2024-07-17,5
2024-07-17 06:00:00,0.1705597,0.1511156,2024-07-17,6
2024-07-17 07:00:00,0.3193316,0.2923642,2024-07-17,7
2024-07-17 08:00:00,0.3207803,0.3087108,2024-07-17,8
2024-07-17 09:00:00,0.4123756,0.3978895,2024-07-17,9
2024-07-17 10:00:00,0.6440041,0.6157613,2024-07-17,10
2024-07-17 11:00:00,0.7545738,0.7201301,2024-07-17,11
2024-07-17 12:00:00,0.5313405,0.513149,2024-07-17,12
2024-07-17 13:00:00,0.4788061,0.4614889,2024-07-17,13
2024-07-17 14:00:00,0.1943014,0.1885098,2024-07-17,14
2024-07-17 15:00:00,0.2317706,0.2237699,2024-07-17,15
2024-07-17 16:00:00,0.320422,0.2591662,2024-07-17,16
2024-07-17 17:00:00,0.09442103,0.08153769,2024-07-17,17
2024-07-17 18:00:00,0.006961155,0.0,2024-07-17,18
2024-07-17 19:00:00,0.0,0.0,2024-07-17,19
2024-07-17 20:00:00,0.0,0.0,2024-07-17,20
2024-07-17 21:00:00,0.0,0.0,2024-07-17,21
2024-07-17 22:00:00,0.0,0.0,2024-07-17,22
2024-07-17 23:00:00,0.0,0.0,2024-07-17,23
2024-07-18 00:00:00,0.0,0.0,2024-07-18,0
2024-07-18 01:00:00,0.0,0.0,2024-07-18,1
2024-07-18 02:00:00,0.0,0.0,2024-07-18,2
2024-07-18 03:00:00,0.0,0.0,2024-07-18,3
2024-07-18 04:00:00,0.0,0.0,2024-07-18,4
2024-07-18 05:00:00,0.03786721,0.03323543,2024-07-18,5
2024-07-18 06:00:00,0.2409141,0.1763853,2024-07-18,6
2024-07-18 07:00:00,0.3666298,0.3251753,2024-07-18,7
2024-07-18 08:00:00,0.6011766,0.5427999,2024-07-18,8
2024-07-18 09:00:00,0.8997118,0.8302209,2024-07-18,9
2024-07-18 10:00:00,0.7439979,0.7062975,2024-07-18,10
2024-07-18 11:00:00,0.8202702,0.7805409,2024-07-18,11
2024-07-18 12:00:00,0.9106865,0.8609087,2024-07-18,12
2024-07-18 13:00:00,0.8381493,0.7835944,2024-07-18,13
2024-07-18 14:00:00,0.8497304,0.7710253,2024-07-18,14
2024-07-18 15:00:00,0.6006059,0.5173868,2024-07-18,15
2024-07-18 16:00:00,0.3459162,0.2718486,2024-07-18,16
2024-07-18 17:00:00,0.1416007,0.08038123,2024-07-18,17
2024-07-18 18:00:00,0.007486518,0.0,2024-07-18,18
2024-07-18 19:00:00,0.0,0.0,2024-07-18,19
2024-07-18 20:00:00,0.0,0.0,2024-07-18,20
2024-07-18 21:00:00,0.0,0.0,2024-07-18,21
2024-07-18 22:00:00,0.0,0.0,2024-07-18,22
2024-07-18 23:00:00,0.0,0.0,2024-07-18,23
2024-07-19 00:00:00,0.0,0.0,2024-07-19,0
2024-07-19 01:00:00,0.0,0.0,2024-07-19,1
2024-07-19 02:00:00,0.0,0.0,2024-07-19,2
2024-07-19 03:00:00,0.0,0.0,2024-07-19,3
2024-07-19 04:00:00,0.0,0.0,2024-07-19,4
2024-07-19 05:00:00,0.01326897,0.01273869,2024-07-19,5
2024-07-19 06:00:00,0.0635676,0.06139511,2024-07-19,6
2024-07-19 07:00:00,0.1984537,0.1911539,2024-07-19,7
2024-07-19 08:00:00,0.2372289,0.2298414,2024-07-19,8
2024-07-19 09:00:00,0.360533,0.3490161,2024-07-19,9
2024-07-19 10:00:00,0.2565739,0.2491054,2024-07-19,10
2024-07-19 11:00:00,0.2390514,0.2321324,2024-07-19,11
2024-07-19 12:00:00,0.215543,0.2092983,2024-07-19,12
2024-07-19 13:00:00,0.1686329,0.1637218,2024-07-19,13
2024-07-19 14:00:00,0.2049874,0.198877,2024-07-19,14
2024-07-19 15:00:00,0.1143803,0.1109215,2024-07-19,15
2024-07-19 16:00:00,0.06747726,0.06534977,2024-07-19,16
2024-07-19 17:00:00,0.02718445,0.02621531,2024-07-19,17
2024-07-19 18:00:00,0.006119192,0.0,2024-07-19,18
2024-07-19 19:00:00,0.0,0.0,2024-07-19,19
2024-07-19 20:00:00,0.0,0.0,2024-07-19,20
2024-07-19 21:00:00,0.0,0.0,2024-07-19,21
2024-07-19 22:00:00,0.0,0.0,2024-07-19,22
2024-07-19 23:00:00,0.0,0.0,2024-07-19,23
2024-07-20 00:00:00,0.0,0.0,2024-07-20,0
2024-07-20 01:00:00,0.0,0.0,2024-07-20,1
2024-07-20 02:00:00,0.0,0.0,2024-07-20,2
2024-07-20 03:00:00,0.0,0.0,2024-07-20,3
2024-07-20 04:00:00,0.0,0.0,2024-07-20,4
2024-07-20 05:00:00,0.000693927,0.000673324,2024-07-20,5
2024-07-20 06:00:00,0.004764264,0.004623918,2024-07-20,6
2024-07-20 07:00:00,0.02362292,0.02292774,2024-07-20,7
2024-07-20 08:00:00,0.03279489,0.03183737,2024-07-20,8
2024-07-20 09:00:00,0.01904221,0.01848776,2024-07-20,9
2024-07-20 10:00:00,0.1007227,0.09780464,2024-07-20,10
2024-07-20 11:00:00,0.1804371,0.1752225,2024-07-20,11
2024-07-20 12:00:00,0.05780051,0.05612498,2024-07-20,12
2024-07-20 13:00:00,0.06690113,0.06495903,2024-07-20,13
2024-07-20 14:00:00,0.1003393,0.09740078,2024-07-20,14
2024-07-20 15:00:00,0.075593,0.07334481,2024-07-20,15
2024-07-20 16:00:00,0.02646625,0.02567436,2024-07-20,16
2024-07-20 17:00:00,0.0681174,0.06421039,2024-07-20,17
2024-07-20 18:00:00,0.002986817,0.0,2024-07-20,18
2024-07-20 19:00:00,0.0,0.0,2024-07-20,19
2024-07-20 20:00:00,0.0,0.0,2024-07-20,20
2024-07-20 21:00:00,0.0,0.0,2024-07-20,21
2024-07-20 22:00:00,0.0,0.0,2024-07-20,22
2024-07-20 23:00:00,0.0,0.0,2024-07-20,23
2024-07-21 00:00:00,0.0,0.0,2024-07-21,0
2024-07-21 01:00:00,0.0,0.0,2024-07-21,1
2024-07-21 02:00:00,0.0,0.0,2024-07-21,2
2024-07-21 03:00:00,0.0,0.0,2024-07-21,3
2024-07-21 04:00:00,0.0,0.0,2024-07-21,4
2024-07-21 05:00:00,0.06022222,0.02471917,2024-07-21,5
2024-07-21 06:00:00,0.2873283,0.1900348,2024-07-21,6
2024-07-21 07:00:00,0.4918841,0.4092067,2024-07-21,7
2024-07-21 08:00:00,0.7013093,0.627709,2024-07-21,8
2024-07-21 09:00:00,0.7716815,0.7183916,2024-07-21,9
2024-07-21 10:00:00,0.7490165,0.7127731,2024-07-21,10
2024-07-21 11:00:00,0.8352521,0.7966183,2024-07-21,11
2024-07-21 12:00:00,0.8463538,0.8048265,2024-07-21,12
2024-07-21 13:00:00,0.830686,0.7799004,2024-07-21,13
2024-07-21 14:00:00,0.7510127,0.6866408,2024-07-21,14
2024-07-21 15:00:00,0.453746,0.409815,2024-07-21,15
2024-07-21 16:00:00,0.3652304,0.2837555,2024-07-21,16
2024-07-21 17:00:00,0.1383466,0.08079892,2024-07-21,17
2024-07-21 18:00:00,0.008157475,0.0,2024-07-21,18
2024-07-21 19:00:00,0.0,0.0,2024-07-21,19
2024-07-21 20:00:00,0.0,0.0,2024-07-21,20
2024-07-21 21:00:00,0.0,0.0,2024-07-21,21
2024-07-21 22:00:00,0.0,0.0,2024-07-21,22
2024-07-21 23:00:00,0.0,0.0,2024-07-21,23
2024-07-22 00:00:00,0.0,0.0,2024-07-22,0
2024-07-22 01:00:00,0.0,0.0,2024-07-22,1
2024-07-22 02:00:00,0.0,0.0,2024-07-22,2
2024-07-22 03:00:00,0.0,0.0,2024-07-22,3
2024-07-22 04:00:00,0.0,0.0,2024-07-22,4
2024-07-22 05:00:00,0.06545911,0.01801199,2024-07-22,5
2024-07-22 06:00:00,0.2376747,0.1751919,2024-07-22,6
2024-07-22 07:00:00,0.5024055,0.4177413,2024-07-22,7
2024-07-22 08:00:00,0.7365216,0.6594805,2024-07-22,8
2024-07-22 09:00:00,0.9386128,0.8708513,2024-07-22,9
2024-07-22 10:00:00,1.038024,0.9800234,2024-07-22,10
2024-07-22 11:00:00,1.05574,1.003263,2024-07-22,11
2024-07-22 12:00:00,1.07613,1.020236,2024-07-22,12
2024-07-22 13:00:00,1.009193,0.9456093,2024-07-22,13
2024-07-22 14:00:00,0.6279126,0.5827331,2024-07-22,14
2024-07-22 15:00:00,0.5472014,0.4797211,2024-07-22,15
2024-07-22 16:00:00,0.4083594,0.3106624,2024-07-22,16
2024-07-22 17:00:00,0.1556756,0.07439379,2024-07-22,17
2024-07-22 18:00:00,0.007215004,0.0,2024-07-22,18
2024-07-22 19:00:00,0.0,0.0,2024-07-22,19
2024-07-22 20:00:00,0.0,0.0,2024-07-22,20
2024-07-22 21:00:00,0.0,0.0,2024-07-22,21
2024-07-22 22:00:00,0.0,0.0,2024-07-22,22
2024-07-22 23:00:00,0.0,0.0,2024-07-22,23
2024-07-23 00:00:00,0.0,0.0,2024-07-23,0
2024-07-23 01:00:00,0.0,0.0,2024-07-23,1
2024-07-23 02:00:00,0.0,0.0,2024-07-23,2
2024-07-23 03:00:00,0.0,0.0,2024-07-23,3
2024-07-23 04:00:00,0.0,0.0,2024-07-23,4
2024-07-23 05:00:00,0.004399861,0.004256284,2024-07-23,5
2024-07-23 06:00:00,0.04750394,0.04595238,2024-07-23,6
2024-07-23 07:00:00,0.1071646,0.103848,2024-07-23,7
2024-07-23 08:00:00,0.264832,0.256328,2024-07-23,8
2024-07-23 09:00:00,0.2196293,0.2131865,2024-07-23,9
2024-07-23 10:00:00,0.09543721,0.09267495,2024-07-23,10
2024-07-23 11:00:00,0.08381025,0.08138667,2024-07-23,11
2024-07-23 12:00:00,0.2071447,0.2011629,2024-07-23,12
2024-07-23 13:00:00,0.1194353,0.1159714,2024-07-23,13
2024-07-23 14:00:00,0.08507807,0.08259415,2024-07-23,14
2024-07-23 15:00:00,0.09055213,0.08784943,2024-07-23,15
2024-07-23 16:00:00,0.06942549,0.06723927,2024-07-23,16
2024-07-23 17:00:00,0.04013569,0.03855742,2024-07-23,17
2024-07-23 18:00:00,0.002442063,0.0,2024-07-23,18
2024-07-23 19:00:00,0.0,0.0,2024-07-23,19
2024-07-23 20:00:00,0.0,0.0,2024-07-23,20
2024-07-23 21:00:00,0.0,0.0,2024-07-23,21
2024-07-23 22:00:00,0.0,0.0,2024-07-23,22
2024-07-23 23:00:00,0.0,0.0,2024-07-23,23
2024-07-24 00:00:00,0.0,0.0,2024-07-24,0
2024-07-24 01:00:00,0.0,0.0,2024-07-24,1
2024-07-24 02:00:00,0.0,0.0,2024-07-24,2
2024-07-24 03:00:00,0.0,0.0,2024-07-24,3
2024-07-24 04:00:00,0.0,0.0,2024-07-24,4
2024-07-24 05:00:00,0.04788702,0.03063064,2024-07-24,5
2024-07-24 06:00:00,0.2382809,0.1753257,2024-07-24,6
2024-07-24 07:00:00,0.4868942,0.4081742,2024-07-24,7
2024-07-24 08:00:00,0.7578686,0.6809561,2024-07-24,8
2024-07-24 09:00:00,0.9412386,0.8760415,2024-07-24,9
2024-07-24 10:00:00,1.041669,0.9862642,2024-07-24,10
2024-07-24 11:00:00,0.9978945,0.9512064,2024-07-24,11
2024-07-24 12:00:00,0.8498445,0.810924,2024-07-24,12
2024-07-24 13:00:00,0.9667947,0.9088372,2024-07-24,13
2024-07-24 14:00:00,0.7445584,0.6844352,2024-07-24,14
2024-07-24 15:00:00,0.554298,0.4870869,2024-07-24,15
2024-07-24 16:00:00,0.3633148,0.2848662,2024-07-24,16
2024-07-24 17:00:00,0.1175859,0.08425511,2024-07-24,17
2024-07-24 18:00:00,0.005445988,0.0,2024-07-24,18
2024-07-24 19:00:00,0.0,0.0,2024-07-24,19
2024-07-24 20:00:00,0.0,0.0,2024-07-24,20
2024-07-24 21:00:00,0.0,0.0,2024-07-24,21
2024-07-24 22:00:00,0.0,0.0,2024-07-24,22
2024-07-24 23:00:00,0.0,0.0,2024-07-24,23
2024-07-25 00:00:00,0.0,0.0,2024-07-25,0
2024-07-25 01:00:00,0.0,0.0,2024-07-25,1
2024-07-25 02:00:00,0.0,0.0,2024-07-25,2
2024-07-25 03:00:00,0.0,0.0,2024-07-25,3
2024-07-25 04:00:00,0.0,0.0,2024-07-25,4
2024-07-25 05:00:00,0.01728564,0.0164996,2024-07-25,5
2024-07-25 06:00:00,0.07482103,0.07219146,2024-07-25,6
2024-07-25 07:00:00,0.1021125,0.09897004,2024-07-25,7
2024-07-25 08:00:00,0.08630659,0.08377201,2024-07-25,8
2024-07-25 09:00:00,0.1089418,0.1057757,2024-07-25,9
2024-07-25 10:00:00,0.3686298,0.3578138,2024-07-25,10
2024-07-25 11:00:00,0.2896865,0.2813459,2024-07-25,11
2024-07-25 12:00:00,0.2421947,0.2352119,2024-07-25,12
2024-07-25 13:00:00,0.3077702,0.2987516,2024-07-25,13
2024-07-25 14:00:00,0.1997149,0.193809,2024-07-25,14
2024-07-25 15:00:00,0.1632003,0.1581925,2024-07-25,15
2024-07-25 16:00:00,0.07854508,0.07604714,2024-07-25,16
2024-07-25 17:00:00,0.03889876,0.03738223,2024-07-25,17
2024-07-25 18:00:00,0.002605146,0.0,2024-07-25,18
2024-07-25 19:00:00,0.0,0.0,2024-07-25,19
2024-07-25 20:00:00,0.0,0.0,2024-07-25,20
2024-07-25 21:00:00,0.0,0.0,2024-07-25,21
2024-07-25 22:00:00,0.0,0.0,2024-07-25,22
2024-07-25 23:00:00,0.0,0.0,2024-07-25,23
2024-07-26 00:00:00,0.0,0.0,2024-07-26,0
2024-07-26 01:00:00,0.0,0.0,2024-07-26,1
2024-07-26 02:00:00,0.0,0.0,2024-07-26,2
2024-07-26 03:00:00,0.0,0.0,2024-07-26,3
2024-07-26 04:00:00,0.0,0.0,2024-07-26,4
2024-07-26 05:00:00,0.07455939,0.006274642,2024-07-26,5
2024-07-26 06:00:00,0.327482,0.214938,2024-07-26,6
2024-07-26 07:00:00,0.5255727,0.4397051,2024-07-26,7
2024-07-26 08:00:00,0.7168434,0.6471586,2024-07-26,8
2024-07-26 09:00:00,0.631378,0.5989754,2024-07-26,9
2024-07-26 10:00:00,1.00471,0.9542643,2024-07-26,10
2024-07-26 11:00:00,1.044567,0.9982706,2024-07-26,11
2024-07-26 12:00:00,0.9066204,0.8659379,2024-07-26,12
2024-07-26 13:00:00,0.968254,0.9131101,2024-07-26,13
2024-07-26 14:00:00,0.8606848,0.7917921,2024-07-26,14
2024-07-26 15:00:00,0.6187307,0.5414228,2024-07-26,15
2024-07-26 16:00:00,0.1930366,0.1818882,2024-07-26,16
2024-07-26 17:00:00,0.148082,0.07539706,2024-07-26,17
2024-07-26 18:00:00,0.003945201,0.0,2024-07-26,18
2024-07-26 19:00:00,0.0,0.0,2024-07-26,19
2024-07-26 20:00:00,0.0,0.0,2024-07-26,20
2024-07-26 21:00:00,0.0,0.0,2024-07-26,21
2024-07-26 22:00:00,0.0,0.0,2024-07-26,22
2024-07-26 23:00:00,0.0,0.0,2024-07-26,23
2024-07-27 00:00:00,0.0,0.0,2024-07-27,0
2024-07-27 01:00:00,0.0,0.0,2024-07-27,1
2024-07-27 02:00:00,0.0,0.0,2024-07-27,2
2024-07-27 03:00:00,0.0,0.0,2024-07-27,3
2024-07-27 04:00:00,0.0,0.0,2024-07-27,4
2024-07-27 05:00:00,0.02680031,0.02494076,2024-07-27,5
2024-07-27 06:00:00,0.05143863,0.04974518,2024-07-27,6
2024-07-27 07:00:00,0.08487874,0.08230142,2024-07-27,7
2024-07-27 08:00:00,0.1627057,0.1578623,2024-07-27,8
2024-07-27 09:00:00,0.2592432,0.251644,2024-07-27,9
2024-07-27 10:00:00,0.5680303,0.5487937,2024-07-27,10
2024-07-27 11:00:00,0.5328044,0.5166042,2024-07-27,11
2024-07-27 12:00:00,0.2933852,0.2849444,2024-07-27,12
2024-07-27 13:00:00,0.4161936,0.4033495,2024-07-27,13
2024-07-27 14:00:00,0.2033562,0.197355,2024-07-27,14
2024-07-27 15:00:00,0.161769,0.1568234,2024-07-27,15
2024-07-27 16:00:00,0.1000713,0.09680428,2024-07-27,16
2024-07-27 17:00:00,0.02018776,0.01950485,2024-07-27,17
2024-07-27 18:00:00,0.001318789,0.0,2024-07-27,18
2024-07-27 19:00:00,0.0,0.0,2024-07-27,19
2024-07-27 20:00:00,0.0,0.0,2024-07-27,20
2024-07-27 21:00:00,0.0,0.0,2024-07-27,21
2024-07-27 22:00:00,0.0,0.0,2024-07-27,22
2024-07-27 23:00:00,0.0,0.0,2024-07-27,23
2024-07-28 00:00:00,0.0,0.0,2024-07-28,0
2024-07-28 01:00:00,0.0,0.0,2024-07-28,1
2024-07-28 02:00:00,0.0,0.0,2024-07-28,2
2024-07-28 03:00:00,0.0,0.0,2024-07-28,3
2024-07-28 04:00:00,0.0,0.0,2024-07-28,4
2024-07-28 05:00:00,0.01093029,0.01049977,2024-07-28,5
2024-07-28 06:00:00,0.06231155,0.06020162,2024-07-28,6
2024-07-28 07:00:00,0.1699525,0.1643779,2024-07-28,7
2024-07-28 08:00:00,0.2484826,0.2407871,2024-07-28,8
2024-07-28 09:00:00,0.3234568,0.3137809,2024-07-28,9
2024-07-28 10:00:00,0.2973573,0.2887812,2024-07-28,10
2024-07-28 11:00:00,0.1646577,0.1599228,2024-07-28,11
2024-07-28 12:00:00,0.1675022,0.1626818,2024-07-28,12
2024-07-28 13:00:00,0.04979908,0.04835526,2024-07-28,13
2024-07-28 14:00:00,0.07679919,0.07456356,2024-07-28,14
2024-07-28 15:00:00,0.03313137,0.03216162,2024-07-28,15
2024-07-28 16:00:00,0.03685546,0.03574412,2024-07-28,16
2024-07-28 17:00:00,0.01764426,0.01705865,2024-07-28,17
2024-07-28 18:00:00,0.001523856,0.0,2024-07-28,18
2024-07-28 19:00:00,0.0,0.0,2024-07-28,19
2024-07-28 20:00:00,0.0,0.0,2024-07-28,20
2024-07-28 21:00:00,0.0,0.0,2024-07-28,21
2024-07-28 22:00:00,0.0,0.0,2024-07-28,22
2024-07-28 23:00:00,0.0,0.0,2024-07-28,23
2024-07-29 00:00:00,0.0,0.0,2024-07-29,0
2024-07-29 01:00:00,0.0,0.0,2024-07-29,1
2024-07-29 02:00:00,0.0,0.0,2024-07-29,2
2024-07-29 03:00:00,0.0,0.0,2024-07-29,3
2024-07-29 04:00:00,0.0,0.0,2024-07-29,4
2024-07-29 05:00:00,0.01725733,0.0164505,2024-07-29,5
2024-07-29 06:00:00,0.04224116,0.04088555,2024-07-29,6
2024-07-29 07:00:00,0.09372632,0.09087071,2024-07-29,7
2024-07-29 08:00:00,0.0901397,0.08749772,2024-07-29,8
2024-07-29 09:00:00,0.175509,0.1704097,2024-07-29,9
2024-07-29 10:00:00,0.1495225,0.1452136,2024-07-29,10
2024-07-29 11:00:00,0.3657326,0.3552757,2024-07-29,11
2024-07-29 12:00:00,0.191388,0.1858881,2024-07-29,12
2024-07-29 13:00:00,0.02500469,0.02427807,2024-07-29,13
2024-07-29 14:00:00,0.04996018,0.04850749,2024-07-29,14
2024-07-29 15:00:00,0.05353099,0.05195769,2024-07-29,15
2024-07-29 16:00:00,0.06729224,0.06519198,2024-07-29,16
2024-07-29 17:00:00,0.02890354,0.02785688,2024-07-29,17
2024-07-29 18:00:00,0.002172453,0.0,2024-07-29,18
2024-07-29 19:00:00,0.0,0.0,2024-07-29,19
2024-07-29 20:00:00,0.0,0.0,2024-07-29,20
2024-07-29 21:00:00,0.0,0.0,2024-07-29,21
2024-07-29 22:00:00,0.0,0.0,2024-07-29,22
2024-07-29 23:00:00,0.0,0.0,2024-07-29,23
2024-07-30 00:00:00,0.0,0.0,2024-07-30,0
2024-07-30 01:00:00,0.0,0.0,2024-07-30,1
2024-07-30 02:00:00,0.0,0.0,2024-07-30,2
2024-07-30 03:00:00,0.0,0.0,2024-07-30,3
2024-07-30 04:00:00,0.0,0.0,2024-07-30,4
2024-07-30 05:00:00,0.01044546,0.01003544,2024-07-30,5
2024-07-30 06:00:00,0.04022475,0.03894147,2024-07-30,6
2024-07-30 07:00:00,0.03161711,0.03068602,2024-07-30,7
2024-07-30 08:00:00,0.02063224,0.02003114,2024-07-30,8
2024-07-30 09:00:00,0.0308321,0.02993643,2024-07-30,9
2024-07-30 10:00:00,0.003703743,0.003595586,2024-07-30,10
2024-07-30 11:00:00,0.02925236,0.02840336,2024-07-30,11
2024-07-30 12:00:00,0.03262728,0.03168073,2024-07-30,12
2024-07-30 13:00:00,0.01245806,0.01209527,2024-07-30,13
2024-07-30 14:00:00,0.000671114,0.000651477,2024-07-30,14
2024-07-30 15:00:00,0.01638117,0.01590301,2024-07-30,15
2024-07-30 16:00:00,0.02665946,0.02586479,2024-07-30,16
2024-07-30 17:00:00,0.02388469,0.02305207,2024-07-30,17
2024-07-30 18:00:00,0.001230439,0.0,2024-07-30,18
2024-07-30 19:00:00,0.0,0.0,2024-07-30,19
2024-07-30 20:00:00,0.0,0.0,2024-07-30,20
2024-07-30 21:00:00,0.0,0.0,2024-07-30,21
2024-07-30 22:00:00,0.0,0.0,2024-07-30,22
2024-07-30 23:00:00,0.0,0.0,2024-07-30,23
2024-07-31 00:00:00,0.0,0.0,2024-07-31,0
2024-07-31 01:00:00,0.0,0.0,2024-07-31,1
2024-07-31 02:00:00,0.0,0.0,2024-07-31,2
2024-07-31 03:00:00,0.0,0.0,2024-07-31,3
2024-07-31 04:00:00,0.0,0.0,2024-07-31,4
2024-07-31 05:00:00,0.006998492,0.006748226,2024-07-31,5
2024-07-31 06:00:00,0.04101736,0.03970734,2024-07-31,6
2024-07-31 07:00:00,0.08235759,0.07987103,2024-07-31,7
2024-07-31 08:00:00,0.1569292,0.1522874,2024-07-31,8
2024-07-31 09:00:00,0.179193,0.173997,2024-07-31,9
2024-07-31 10:00:00,0.1799667,0.1747928,2024-07-31,10
2024-07-31 11:00:00,0.1474257,0.1431917,2024-07-31,11
2024-07-31 12:00:00,0.1312267,0.1274522,2024-07-31,12
2024-07-31 13:00:00,0.08868477,0.0861216,2024-07-31,13
2024-07-31 14:00:00,0.1092272,0.1060478,2024-07-31,14
2024-07-31 15:00:00,0.09851512,0.0955874,2024-07-31,15
2024-07-31 16:00:00,0.07639922,0.07399362,2024-07-31,16
2024-07-31 17:00:00,0.0524089,0.05010534,2024-07-31,17
2024-07-31 18:00:00,0.000812507,0.0,2024-07-31,18
2024-07-31 19:00:00,0.0,0.0,2024-07-31,19
2024-07-31 20:00:00,0.0,0.0,2024-07-31,20
2024-07-31 21:00:00,0.0,0.0,2024-07-31,21
2024-07-31 22:00:00,0.0,0.0,2024-07-31,22
2024-07-31 23:00:00,0.0,0.0,2024-07-31,23
2024-08-01 00:00:00,0.0,0.0,2024-08-01,0
2024-08-01 01:00:00,0.0,0.0,2024-08-01,1
2024-08-01 02:00:00,0.0,0.0,2024-08-01,2
2024-08-01 03:00:00,0.0,0.0,2024-08-01,3
2024-08-01 04:00:00,0.0,0.0,2024-08-01,4
2024-08-01 05:00:00,0.005259193,0.005079907,2024-08-01,5
2024-08-01 06:00:00,0.02507129,0.02430138,2024-08-01,6
2024-08-01 07:00:00,0.01781195,0.01729034,2024-08-01,7
2024-08-01 08:00:00,0.1036052,0.1005701,2024-08-01,8
2024-08-01 09:00:00,0.165421,0.1606312,2024-08-01,9
2024-08-01 10:00:00,0.1121854,0.1089536,2024-08-01,10
2024-08-01 11:00:00,0.09898081,0.09613056,2024-08-01,11
2024-08-01 12:00:00,0.1108042,0.1076149,2024-08-01,12
2024-08-01 13:00:00,0.1264777,0.1228292,2024-08-01,13
2024-08-01 14:00:00,0.1056888,0.1026153,2024-08-01,14
2024-08-01 15:00:00,0.04513834,0.04381605,2024-08-01,15
2024-08-01 16:00:00,0.03457382,0.03353617,2024-08-01,16
2024-08-01 17:00:00,0.01490241,0.01441716,2024-08-01,17
2024-08-01 18:00:00,0.000835484,0.0,2024-08-01,18
2024-08-01 19:00:00,0.0,0.0,2024-08-01,19
2024-08-01 20:00:00,0.0,0.0,2024-08-01,20
2024-08-01 21:00:00,0.0,0.0,2024-08-01,21
2024-08-01 22:00:00,0.0,0.0,2024-08-01,22
2024-08-01 23:00:00,0.0,0.0,2024-08-01,23
2024-08-02 00:00:00,0.0,0.0,2024-08-02,0
2024-08-02 01:00:00,0.0,0.0,2024-08-02,1
2024-08-02 02:00:00,0.0,0.0,2024-08-02,2
2024-08-02 03:00:00,0.0,0.0,2024-08-02,3
2024-08-02 04:00:00,0.0,0.0,2024-08-02,4
2024-08-02 05:00:00,0.03934843,0.02705227,2024-08-02,5
2024-08-02 06:00:00,0.2107078,0.1678495,2024-08-02,6
2024-08-02 07:00:00,0.4197488,0.3685684,2024-08-02,7
2024-08-02 08:00:00,0.6584406,0.60563,2024-08-02,8
2024-08-02 09:00:00,0.9192314,0.8699211,2024-08-02,9
2024-08-02 10:00:00,0.860876,0.8284399,2024-08-02,10
2024-08-02 11:00:00,0.9563776,0.9246315,2024-08-02,11
2024-08-02 12:00:00,0.9883829,0.9534762,2024-08-02,12
2024-08-02 13:00:00,0.9566306,0.9133365,2024-08-02,13
2024-08-02 14:00:00,0.748889,0.700119,2024-08-02,14
2024-08-02 15:00:00,0.4020454,0.3752756,2024-08-02,15
2024-08-02 16:00:00,0.2704852,0.2375734,2024-08-02,16
2024-08-02 17:00:00,0.08172888,0.07249318,2024-08-02,17
2024-08-02 18:00:00,0.003828903,0.0,2024-08-02,18
2024-08-02 19:00:00,0.0,0.0,2024-08-02,19
2024-08-02 20:00:00,0.0,0.0,2024-08-02,20
2024-08-02 21:00:00,0.0,0.0,2024-08-02,21
2024-08-02 22:00:00,0.0,0.0,2024-08-02,22
2024-08-02 23:00:00,0.0,0.0,2024-08-02,23
2024-08-03 00:00:00,0.0,0.0,2024-08-03,0
2024-08-03 01:00:00,0.0,0.0,2024-08-03,1
2024-08-03 02:00:00,0.0,0.0,2024-08-03,2
2024-08-03 03:00:00,0.0,0.0,2024-08-03,3
2024-08-03 04:00:00,0.0,0.0,2024-08-03,4
2024-08-03 05:00:00,0.03347863,0.0269713,2024-08-03,5
2024-08-03 06:00:00,0.2137516,0.1691292,2024-08-03,6
2024-08-03 07:00:00,0.448476,0.3903613,2024-08-03,7
2024-08-03 08:00:00,0.6662602,0.6139202,2024-08-03,8
2024-08-03 09:00:00,0.9344893,0.8861254,2024-08-03,9
2024-08-03 10:00:00,0.9004796,0.8675196,2024-08-03,10
2024-08-03 11:00:00,0.9445181,0.9147635,2024-08-03,11
2024-08-03 12:00:00,0.9862105,0.9530444,2024-08-03,12
2024-08-03 13:00:00,0.8647436,0.8278474,2024-08-03,13
2024-08-03 14:00:00,0.8446757,0.7900611,2024-08-03,14
2024-08-03 15:00:00,0.6767734,0.6037773,2024-08-03,15
2024-08-03 16:00:00,0.4184281,0.3317379,2024-08-03,16
2024-08-03 17:00:00,0.1481998,0.07030956,2024-08-03,17
2024-08-03 18:00:00,0.004634539,0.0,2024-08-03,18
2024-08-03 19:00:00,0.0,0.0,2024-08-03,19
2024-08-03 20:00:00,0.0,0.0,2024-08-03,20
2024-08-03 21:00:00,0.0,0.0,2024-08-03,21
2024-08-03 22:00:00,0.0,0.0,2024-08-03,22
2024-08-03 23:00:00,0.0,0.0,2024-08-03,23
2024-08-04 00:00:00,0.0,0.0,2024-08-04,0
2024-08-04 01:00:00,0.0,0.0,2024-08-04,1
2024-08-04 02:00:00,0.0,0.0,2024-08-04,2
2024-08-04 03:00:00,0.0,0.0,2024-08-04,3
2024-08-04 04:00:00,0.0,0.0,2024-08-04,4
2024-08-04 05:00:00,0.04366779,0.02311418,2024-08-04,5
2024-08-04 06:00:00,0.2098552,0.1679292,2024-08-04,6
2024-08-04 07:00:00,0.5174968,0.4455317,2024-08-04,7
2024-08-04 08:00:00,0.6194037,0.5743707,2024-08-04,8
2024-08-04 09:00:00,0.6190826,0.5941881,2024-08-04,9
2024-08-04 10:00:00,0.9147578,0.8827176,2024-08-04,10
2024-08-04 11:00:00,0.8746312,0.8489023,2024-08-04,11
2024-08-04 12:00:00,0.855852,0.8293163,2024-08-04,12
2024-08-04 13:00:00,0.5905433,0.571107,2024-08-04,13
2024-08-04 14:00:00,0.4861089,0.466351,2024-08-04,14
2024-08-04 15:00:00,0.4151388,0.3868717,2024-08-04,15
2024-08-04 16:00:00,0.3040432,0.2580568,2024-08-04,16
2024-08-04 17:00:00,0.1367546,0.07213943,2024-08-04,17
2024-08-04 18:00:00,0.004098862,0.0,2024-08-04,18
2024-08-04 19:00:00,0.0,0.0,2024-08-04,19
2024-08-04 20:00:00,0.0,0.0,2024-08-04,20
2024-08-04 21:00:00,0.0,0.0,2024-08-04,21
2024-08-04 22:00:00,0.0,0.0,2024-08-04,22
2024-08-04 23:00:00,0.0,0.0,2024-08-04,23
2024-08-05 00:00:00,0.0,0.0,2024-08-05,0
2024-08-05 01:00:00,0.0,0.0,2024-08-05,1
2024-08-05 02:00:00,0.0,0.0,2024-08-05,2
2024-08-05 03:00:00,0.0,0.0,2024-08-05,3
2024-08-05 04:00:00,0.0,0.0,2024-08-05,4
2024-08-05 05:00:00,0.04733717,0.01883129,2024-08-05,5
2024-08-05 06:00:00,0.2475493,0.1820844,2024-08-05,6
2024-08-05 07:00:00,0.5177623,0.4473366,2024-08-05,7
2024-08-05 08:00:00,0.6415519,0.5950808,2024-08-05,8
2024-08-05 09:00:00,0.6038096,0.5807613,2024-08-05,9
2024-08-05 10:00:00,0.8099508,0.7839327,2024-08-05,10
2024-08-05 11:00:00,0.8888265,0.8639849,2024-08-05,11
2024-08-05 12:00:00,0.9633137,0.9343142,2024-08-05,12
2024-08-05 13:00:00,0.8523928,0.8192064,2024-08-05,13
2024-08-05 14:00:00,0.725536,0.683233,2024-08-05,14
2024-08-05 15:00:00,0.4518461,0.4172655,2024-08-05,15
2024-08-05 16:00:00,0.3420652,0.2811318,2024-08-05,16
2024-08-05 17:00:00,0.1279628,0.07350918,2024-08-05,17
2024-08-05 18:00:00,0.002519713,0.0,2024-08-05,18
2024-08-05 19:00:00,0.0,0.0,2024-08-05,19
2024-08-05 20:00:00,0.0,0.0,2024-08-05,20
2024-08-05 21:00:00,0.0,0.0,2024-08-05,21
2024-08-05 22:00:00,0.0,0.0,2024-08-05,22
2024-08-05 23:00:00,0.0,0.0,2024-08-05,23
2024-08-06 00:00:00,0.0,0.0,2024-08-06,0
2024-08-06 01:00:00,0.0,0.0,2024-08-06,1
2024-08-06 02:00:00,0.0,0.0,2024-08-06,2
2024-08-06 03:00:00,0.0,0.0,2024-08-06,3
2024-08-06 04:00:00,0.0,0.0,2024-08-06,4
2024-08-06 05:00:00,0.01877234,0.01778699,2024-08-06,5
2024-08-06 06:00:00,0.08397453,0.0810013,2024-08-06,6
2024-08-06 07:00:00,0.2520809,0.2404816,2024-08-06,7
2024-08-06 08:00:00,0.2879624,0.2789112,2024-08-06,8
2024-08-06 09:00:00,0.7032527,0.6741168,2024-08-06,9
2024-08-06 10:00:00,0.7524093,0.7299411,2024-08-06,10
2024-08-06 11:00:00,0.6210244,0.6048157,2024-08-06,11
2024-08-06 12:00:00,0.9088835,0.8832946,2024-08-06,12
2024-08-06 13:00:00,0.720504,0.695636,2024-08-06,13
2024-08-06 14:00:00,0.4108003,0.3969142,2024-08-06,14
2024-08-06 15:00:00,0.3263273,0.3116978,2024-08-06,15
2024-08-06 16:00:00,0.1854377,0.1757809,2024-08-06,16
2024-08-06 17:00:00,0.06243815,0.0586256,2024-08-06,17
2024-08-06 18:00:00,0.002980397,0.0,2024-08-06,18
2024-08-06 19:00:00,0.0,0.0,2024-08-06,19
2024-08-06 20:00:00,0.0,0.0,2024-08-06,20
2024-08-06 21:00:00,0.0,0.0,2024-08-06,21
2024-08-06 22:00:00,0.0,0.0,2024-08-06,22
2024-08-06 23:00:00,0.0,0.0,2024-08-06,23
2024-08-07 00:00:00,0.0,0.0,2024-08-07,0
2024-08-07 01:00:00,0.0,0.0,2024-08-07,1
2024-08-07 02:00:00,0.0,0.0,2024-08-07,2
2024-08-07 03:00:00,0.0,0.0,2024-08-07,3
2024-08-07 04:00:00,0.0,0.0,2024-08-07,4
2024-08-07 05:00:00,0.04570906,0.01821802,2024-08-07,5
2024-08-07 06:00:00,0.1787132,0.1546532,2024-08-07,6
2024-08-07 07:00:00,0.1574525,0.1525253,2024-08-07,7
2024-08-07 08:00:00,0.3894501,0.3743788,2024-08-07,8
2024-08-07 09:00:00,0.6218103,0.599112,2024-08-07,9
2024-08-07 10:00:00,0.7605249,0.738834,2024-08-07,10
2024-08-07 11:00:00,0.8616112,0.8403355,2024-08-07,11
2024-08-07 12:00:00,0.5762316,0.5611047,2024-08-07,12
2024-08-07 13:00:00,0.5003152,0.4858446,2024-08-07,13
2024-08-07 14:00:00,0.1676962,0.1628368,2024-08-07,14
2024-08-07 15:00:00,0.1541707,0.1495582,2024-08-07,15
2024-08-07 16:00:00,0.2206462,0.2041345,2024-08-07,16
2024-08-07 17:00:00,0.0859198,0.07257919,2024-08-07,17
2024-08-07 18:00:00,0.003660348,0.0,2024-08-07,18
2024-08-07 19:00:00,0.0,0.0,2024-08-07,19
2024-08-07 20:00:00,0.0,0.0,2024-08-07,20
2024-08-07 21:00:00,0.0,0.0,2024-08-07,21
2024-08-07 22:00:00,0.0,0.0,2024-08-07,22
2024-08-07 23:00:00,0.0,0.0,2024-08-07,23
2024-08-08 00:00:00,0.0,0.0,2024-08-08,0
2024-08-08 01:00:00,0.0,0.0,2024-08-08,1
2024-08-08 02:00:00,0.0,0.0,2024-08-08,2
2024-08-08 03:00:00,0.0,0.0,2024-08-08,3
2024-08-08 04:00:00,0.0,0.0,2024-08-08,4
2024-08-08 05:00:00,0.05262363,0.01011421,2024-08-08,5
2024-08-08 06:00:00,0.1342564,0.1255362,2024-08-08,6
2024-08-08 07:00:00,0.140836,0.1365044,2024-08-08,7
2024-08-08 08:00:00,0.1177745,0.1143444,2024-08-08,8
2024-08-08 09:00:00,0.2957671,0.2872928,2024-08-08,9
2024-08-08 10:00:00,0.248115,0.2410712,2024-08-08,10
2024-08-08 11:00:00,0.39007,0.3793483,2024-08-08,11
2024-08-08 12:00:00,0.4056742,0.3945628,2024-08-08,12
2024-08-08 13:00:00,0.2836812,0.2756129,2024-08-08,13
2024-08-08 14:00:00,0.2462126,0.23906,2024-08-08,14
2024-08-08 15:00:00,0.1274724,0.1236921,2024-08-08,15
2024-08-08 16:00:00,0.1078974,0.1044147,2024-08-08,16
2024-08-08 17:00:00,0.0254338,0.02452521,2024-08-08,17
2024-08-08 18:00:00,0.002616374,0.0,2024-08-08,18
2024-08-08 19:00:00,0.0,0.0,2024-08-08,19
2024-08-08 20:00:00,0.0,0.0,2024-08-08,20
2024-08-08 21:00:00,0.0,0.0,2024-08-08,21
2024-08-08 22:00:00,0.0,0.0,2024-08-08,22
2024-08-08 23:00:00,0.0,0.0,2024-08-08,23
2024-08-09 00:00:00,0.0,0.0,2024-08-09,0
2024-08-09 01:00:00,0.0,0.0,2024-08-09,1
2024-08-09 02:00:00,0.0,0.0,2024-08-09,2
2024-08-09 03:00:00,0.0,0.0,2024-08-09,3
2024-08-09 04:00:00,0.0,0.0,2024-08-09,4
2024-08-09 05:00:00,0.04105757,0.02042203,2024-08-09,5
2024-08-09 06:00:00,0.0737013,0.0711869,2024-08-09,6
2024-08-09 07:00:00,0.1934709,0.1869528,2024-08-09,7
2024-08-09 08:00:00,0.5971369,0.5613978,2024-08-09,8
2024-08-09 09:00:00,0.5825523,0.5635719,2024-08-09,9
2024-08-09 10:00:00,0.6997291,0.6818682,2024-08-09,10
2024-08-09 11:00:00,0.6546457,0.6393347,2024-08-09,11
2024-08-09 12:00:00,0.7952814,0.7768597,2024-08-09,12
2024-08-09 13:00:00,0.6853692,0.6650998,2024-08-09,13
2024-08-09 14:00:00,0.4696804,0.4530769,2024-08-09,14
2024-08-09 15:00:00,0.1699029,0.1648184,2024-08-09,15
2024-08-09 16:00:00,0.1070915,0.1036454,2024-08-09,16
2024-08-09 17:00:00,0.0361438,0.03472842,2024-08-09,17
2024-08-09 18:00:00,0.001718161,0.0,2024-08-09,18
2024-08-09 19:00:00,0.0,0.0,2024-08-09,19
2024-08-09 20:00:00,0.0,0.0,2024-08-09,20
2024-08-09 21:00:00,0.0,0.0,2024-08-09,21
2024-08-09 22:00:00,0.0,0.0,2024-08-09,22
2024-08-09 23:00:00,0.0,0.0,2024-08-09,23
2024-08-10 00:00:00,0.0,0.0,2024-08-10,0
2024-08-10 01:00:00,0.0,0.0,2024-08-10,1
2024-08-10 02:00:00,0.0,0.0,2024-08-10,2
2024-08-10 03:00:00,0.0,0.0,2024-08-10,3
2024-08-10 04:00:00,0.0,0.0,2024-08-10,4
2024-08-10 05:00:00,0.04012693,0.02025814,2024-08-10,5
2024-08-10 06:00:00,0.1264441,0.1192914,2024-08-10,6
2024-08-10 07:00:00,0.1787743,0.1730219,2024-08-10,7
2024-08-10 08:00:00,0.2130852,0.2068433,2024-08-10,8
2024-08-10 09:00:00,0.2449723,0.237974,2024-08-10,9
2024-08-10 10:00:00,0.291628,0.2834113,2024-08-10,10
2024-08-10 11:00:00,0.3795147,0.369128,2024-08-10,11
2024-08-10 12:00:00,0.2693893,0.2617932,2024-08-10,12
2024-08-10 13:00:00,0.2542405,0.2470201,2024-08-10,13
2024-08-10 14:00:00,0.1010794,0.09816071,2024-08-10,14
2024-08-10 15:00:00,0.07278495,0.07065519,2024-08-10,15
2024-08-10 16:00:00,0.08042851,0.07792052,2024-08-10,16
2024-08-10 17:00:00,0.04425992,0.04239791,2024-08-10,17
2024-08-10 18:00:00,0.001531758,0.0,2024-08-10,18
2024-08-10 19:00:00,0.0,0.0,2024-08-10,19
2024-08-10 20:00:00,0.0,0.0,2024-08-10,20
2024-08-10 21:00:00,0.0,0.0,2024-08-10,21
2024-08-10 22:00:00,0.0,0.0,2024-08-10,22
2024-08-10 23:00:00,0.0,0.0,2024-08-10,23
2024-08-11 00:00:00,0.0,0.0,2024-08-11,0
2024-08-11 01:00:00,0.0,0.0,2024-08-11,1
2024-08-11 02:00:00,0.0,0.0,2024-08-11,2
2024-08-11 03:00:00,0.0,0.0,2024-08-11,3
2024-08-11 04:00:00,0.0,0.0,2024-08-11,4
2024-08-11 05:00:00,0.03606709,0.02218577,2024-08-11,5
2024-08-11 06:00:00,0.05409796,0.05234504,2024-08-11,6
2024-08-11 07:00:00,0.1545234,0.1497617,2024-08-11,7
2024-08-11 08:00:00,0.09745715,0.09463115,2024-08-11,8
2024-08-11 09:00:00,0.03069726,0.02980752,2024-08-11,9
2024-08-11 10:00:00,0.05804184,0.05636817,2024-08-11,10
2024-08-11 11:00:00,0.04556999,0.04425362,2024-08-11,11
2024-08-11 12:00:00,0.09560487,0.0928632,2024-08-11,12
2024-08-11 13:00:00,0.1541835,0.14978,2024-08-11,13
2024-08-11 14:00:00,0.09654701,0.09376108,2024-08-11,14
2024-08-11 15:00:00,0.0281848,0.02736403,2024-08-11,15
2024-08-11 16:00:00,0.05470148,0.05304128,2024-08-11,16
2024-08-11 17:00:00,0.01806071,0.01745068,2024-08-11,17
2024-08-11 18:00:00,0.001363745,0.0,2024-08-11,18
2024-08-11 19:00:00,0.0,0.0,2024-08-11,19
2024-08-11 20:00:00,0.0,0.0,2024-08-11,20
2024-08-11 21:00:00,0.0,0.0,2024-08-11,21
2024-08-11 22:00:00,0.0,0.0,2024-08-11,22
2024-08-11 23:00:00,0.0,0.0,2024-08-11,23
2024-08-12 00:00:00,0.0,0.0,2024-08-12,0
2024-08-12 01:00:00,0.0,0.0,2024-08-12,1
2024-08-12 02:00:00,0.0,0.0,2024-08-12,2
2024-08-12 03:00:00,0.0,0.0,2024-08-12,3
2024-08-12 04:00:00,0.0,0.0,2024-08-12,4
2024-08-12 05:00:00,0.04200019,0.01664291,2024-08-12,5
2024-08-12 06:00:00,0.1093839,0.1046306,2024-08-12,6
2024-08-12 07:00:00,0.4416,0.3963812,2024-08-12,7
2024-08-12 08:00:00,0.6436301,0.6078227,2024-08-12,8
2024-08-12 09:00:00,0.9222231,0.8924239,2024-08-12,9
2024-08-12 10:00:00,0.9869875,0.9673985,2024-08-12,10
2024-08-12 11:00:00,1.028553,1.012824,2024-08-12,11
2024-08-12 12:00:00,0.9152808,0.899394,2024-08-12,12
2024-08-12 13:00:00,0.7533654,0.73427,2024-08-12,13
2024-08-12 14:00:00,0.5057394,0.488353,2024-08-12,14
2024-08-12 15:00:00,0.411117,0.3877062,2024-08-12,15
2024-08-12 16:00:00,0.2623703,0.2344781,2024-08-12,16
2024-08-12 17:00:00,0.1106415,0.06899577,2024-08-12,17
2024-08-12 18:00:00,0.001198267,0.0,2024-08-12,18
2024-08-12 19:00:00,0.0,0.0,2024-08-12,19
2024-08-12 20:00:00,0.0,0.0,2024-08-12,20
2024-08-12 21:00:00,0.0,0.0,2024-08-12,21
2024-08-12 22:00:00,0.0,0.0,2024-08-12,22
2024-08-12 23:00:00,0.0,0.0,2024-08-12,23
2024-08-13 00:00:00,0.0,0.0,2024-08-13,0
2024-08-13 01:00:00,0.0,0.0,2024-08-13,1
2024-08-13 02:00:00,0.0,0.0,2024-08-13,2
2024-08-13 03:00:00,0.0,0.0,2024-08-13,3
2024-08-13 04:00:00,0.0,0.0,2024-08-13,4
2024-08-13 05:00:00,0.03235785,0.02244222,2024-08-13,5
2024-08-13 06:00:00,0.2500489,0.190304,2024-08-13,6
2024-08-13 07:00:00,0.450217,0.4047675,2024-08-13,7
2024-08-13 08:00:00,0.6701156,0.6339553,2024-08-13,8
2024-08-13 09:00:00,0.8314775,0.8067134,2024-08-13,9
2024-08-13 10:00:00,0.7104843,0.6962065,2024-08-13,10
2024-08-13 11:00:00,0.8657695,0.8531249,2024-08-13,11
2024-08-13 12:00:00,0.886228,0.8723128,2024-08-13,12
2024-08-13 13:00:00,0.6846853,0.6683763,2024-08-13,13
2024-08-13 14:00:00,0.727623,0.6977137,2024-08-13,14
2024-08-13 15:00:00,0.6275741,0.5774558,2024-08-13,15
2024-08-13 16:00:00,0.3305709,0.2798732,2024-08-13,16
2024-08-13 17:00:00,0.1086733,0.06798787,2024-08-13,17
2024-08-13 18:00:00,0.000841479,0.0,2024-08-13,18
2024-08-13 19:00:00,0.0,0.0,2024-08-13,19
2024-08-13 20:00:00,0.0,0.0,2024-08-13,20
2024-08-13 21:00:00,0.0,0.0,2024-08-13,21
2024-08-13 22:00:00,0.0,0.0,2024-08-13,22
2024-08-13 23:00:00,0.0,0.0,2024-08-13,23
2024-08-14 00:00:00,0.0,0.0,2024-08-14,0
2024-08-14 01:00:00,0.0,0.0,2024-08-14,1
2024-08-14 02:00:00,0.0,0.0,2024-08-14,2
2024-08-14 03:00:00,0.0,0.0,2024-08-14,3
2024-08-14 04:00:00,0.0,0.0,2024-08-14,4
2024-08-14 05:00:00,0.03830467,0.01819501,2024-08-14,5
2024-08-14 06:00:00,0.2378324,0.1852512,2024-08-14,6
2024-08-14 07:00:00,0.3644283,0.3372416,2024-08-14,7
2024-08-14 08:00:00,0.4764083,0.4575846,2024-08-14,8
2024-08-14 09:00:00,0.6463675,0.6291573,2024-08-14,9
2024-08-14 10:00:00,0.7618749,0.7484317,2024-08-14,10
2024-08-14 11:00:00,0.983111,0.9718511,2024-08-14,11
2024-08-14 12:00:00,0.9704165,0.9576983,2024-08-14,12
2024-08-14 13:00:00,0.9635831,0.9430701,2024-08-14,13
2024-08-14 14:00:00,0.8270677,0.7944109,2024-08-14,14
2024-08-14 15:00:00,0.5167364,0.4802181,2024-08-14,15
2024-08-14 16:00:00,0.2945875,0.2566052,2024-08-14,16
2024-08-14 17:00:00,0.104227,0.06737861,2024-08-14,17
2024-08-14 18:00:00,0.001020424,0.0,2024-08-14,18
2024-08-14 19:00:00,0.0,0.0,2024-08-14,19
2024-08-14 20:00:00,0.0,0.0,2024-08-14,20
2024-08-14 21:00:00,0.0,0.0,2024-08-14,21
2024-08-14 22:00:00,0.0,0.0,2024-08-14,22
2024-08-14 23:00:00,0.0,0.0,2024-08-14,23
2024-08-15 00:00:00,0.0,0.0,2024-08-15,0
2024-08-15 01:00:00,0.0,0.0,2024-08-15,1
2024-08-15 02:00:00,0.0,0.0,2024-08-15,2
2024-08-15 03:00:00,0.0,0.0,2024-08-15,3
2024-08-15 04:00:00,0.0,0.0,2024-08-15,4
2024-08-15 05:00:00,0.04351797,0.01207798,2024-08-15,5
2024-08-15 06:00:00,0.1453351,0.1343793,2024-08-15,6
2024-08-15 07:00:00,0.206278,0.1993253,2024-08-15,7
2024-08-15 08:00:00,0.3006003,0.2916816,2024-08-15,8
2024-08-15 09:00:00,0.1589127,0.1543861,2024-08-15,9
2024-08-15 10:00:00,0.6306031,0.6182527,2024-08-15,10
2024-08-15 11:00:00,0.8299863,0.8201701,2024-08-15,11
2024-08-15 12:00:00,0.6589136,0.6470948,2024-08-15,12
2024-08-15 13:00:00,0.4836127,0.4716583,2024-08-15,13
2024-08-15 14:00:00,0.1324976,0.1286969,2024-08-15,14
2024-08-15 15:00:00,0.2121797,0.2057676,2024-08-15,15
2024-08-15 16:00:00,0.2359034,0.2163052,2024-08-15,16
2024-08-15 17:00:00,0.08093527,0.0658275,2024-08-15,17
2024-08-15 18:00:00,0.000725064,0.0,2024-08-15,18
2024-08-15 19:00:00,0.0,0.0,2024-08-15,19
2024-08-15 20:00:00,0.0,0.0,2024-08-15,20
2024-08-15 21:00:00,0.0,0.0,2024-08-15,21
2024-08-15 22:00:00,0.0,0.0,2024-08-15,22
2024-08-15 23:00:00,0.0,0.0,2024-08-15,23
2024-08-16 00:00:00,0.0,0.0,2024-08-16,0
2024-08-16 01:00:00,0.0,0.0,2024-08-16,1
2024-08-16 02:00:00,0.0,0.0,2024-08-16,2
2024-08-16 03:00:00,0.0,0.0,2024-08-16,3
2024-08-16 04:00:00,0.0,0.0,2024-08-16,4
2024-08-16 05:00:00,0.04395055,0.01066795,2024-08-16,5
2024-08-16 06:00:00,0.2917716,0.2209338,2024-08-16,6
2024-08-16 07:00:00,0.5223481,0.4717242,2024-08-16,7
2024-08-16 08:00:00,0.6616682,0.63168,2024-08-16,8
2024-08-16 09:00:00,0.8902814,0.8701012,2024-08-16,9
2024-08-16 10:00:00,0.9531463,0.9423029,2024-08-16,10
2024-08-16 11:00:00,0.9514692,0.9441646,2024-08-16,11
2024-08-16 12:00:00,0.9063594,0.8976231,2024-08-16,12
2024-08-16 13:00:00,0.803593,0.7895486,2024-08-16,13
2024-08-16 14:00:00,0.7632617,0.737138,2024-08-16,14
2024-08-16 15:00:00,0.642004,0.5965433,2024-08-16,15
2024-08-16 16:00:00,0.3019863,0.2627053,2024-08-16,16
2024-08-16 17:00:00,0.09344319,0.06585819,2024-08-16,17
2024-08-16 18:00:00,0.000318643,0.0,2024-08-16,18
2024-08-16 19:00:00,0.0,0.0,2024-08-16,19
2024-08-16 20:00:00,0.0,0.0,2024-08-16,20
2024-08-16 21:00:00,0.0,0.0,2024-08-16,21
2024-08-16 22:00:00,0.0,0.0,2024-08-16,22
2024-08-16 23:00:00,0.0,0.0,2024-08-16,23
2024-08-17 00:00:00,0.0,0.0,2024-08-17,0
2024-08-17 01:00:00,0.0,0.0,2024-08-17,1
2024-08-17 02:00:00,0.0,0.0,2024-08-17,2
2024-08-17 03:00:00,0.0,0.0,2024-08-17,3
2024-08-17 04:00:00,0.0,0.0,2024-08-17,4
2024-08-17 05:00:00,0.01650026,0.0155799,2024-08-17,5
2024-08-17 06:00:00,0.1531766,0.1403537,2024-08-17,6
2024-08-17 07:00:00,0.2993197,0.2844217,2024-08-17,7
2024-08-17 08:00:00,0.399583,0.3870211,2024-08-17,8
2024-08-17 09:00:00,0.5020342,0.4899675,2024-08-17,9
2024-08-17 10:00:00,0.4455125,0.4345562,2024-08-17,10
2024-08-17 11:00:00,0.5282351,0.5168373,2024-08-17,11
2024-08-17 12:00:00,0.5548417,0.5435077,2024-08-17,12
2024-08-17 13:00:00,0.735267,0.7231449,2024-08-17,13
2024-08-17 14:00:00,0.5775627,0.5605263,2024-08-17,14
2024-08-17 15:00:00,0.4587865,0.4330042,2024-08-17,15
2024-08-17 16:00:00,0.2259116,0.2090367,2024-08-17,16
2024-08-17 17:00:00,0.05595449,0.05199762,2024-08-17,17
2024-08-17 18:00:00,0.000206903,0.0,2024-08-17,18
2024-08-17 19:00:00,0.0,0.0,2024-08-17,19
2024-08-17 20:00:00,0.0,0.0,2024-08-17,20
2024-08-17 21:00:00,0.0,0.0,2024-08-17,21
2024-08-17 22:00:00,0.0,0.0,2024-08-17,22
2024-08-17 23:00:00,0.0,0.0,2024-08-17,23
2024-08-18 00:00:00,0.0,0.0,2024-08-18,0
2024-08-18 01:00:00,0.0,0.0,2024-08-18,1
2024-08-18 02:00:00,0.0,0.0,2024-08-18,2
2024-08-18 03:00:00,0.0,0.0,2024-08-18,3
2024-08-18 04:00:00,0.0,0.0,2024-08-18,4
2024-08-18 05:00:00,0.02446205,0.02052006,2024-08-18,5
2024-08-18 06:00:00,0.1690813,0.1513687,2024-08-18,6
2024-08-18 07:00:00,0.4722534,0.4316611,2024-08-18,7
2024-08-18 08:00:00,0.656482,0.6306103,2024-08-18,8
2024-08-18 09:00:00,0.9171894,0.901023,2024-08-18,9
2024-08-18 10:00:00,0.9936923,0.9869772,2024-08-18,10
2024-08-18 11:00:00,1.109137,1.106179,2024-08-18,11
2024-08-18 12:00:00,0.8317134,0.8255897,2024-08-18,12
2024-08-18 13:00:00,0.7888394,0.7781717,2024-08-18,13
2024-08-18 14:00:00,0.6068861,0.5899071,2024-08-18,14
2024-08-18 15:00:00,0.3973324,0.3791191,2024-08-18,15
2024-08-18 16:00:00,0.3222429,0.2784399,2024-08-18,16
2024-08-18 17:00:00,0.1045918,0.0610405,2024-08-18,17
2024-08-18 18:00:00,0.000238825,0.0,2024-08-18,18
2024-08-18 19:00:00,0.0,0.0,2024-08-18,19
2024-08-18 20:00:00,0.0,0.0,2024-08-18,20
2024-08-18 21:00:00,0.0,0.0,2024-08-18,21
2024-08-18 22:00:00,0.0,0.0,2024-08-18,22
2024-08-18 23:00:00,0.0,0.0,2024-08-18,23
2024-08-19 00:00:00,0.0,0.0,2024-08-19,0
2024-08-19 01:00:00,0.0,0.0,2024-08-19,1
2024-08-19 02:00:00,0.0,0.0,2024-08-19,2
2024-08-19 03:00:00,0.0,0.0,2024-08-19,3
2024-08-19 04:00:00,0.0,0.0,2024-08-19,4
2024-08-19 05:00:00,0.0201122,0.01827763,2024-08-19,5
2024-08-19 06:00:00,0.1954553,0.1676045,2024-08-19,6
2024-08-19 07:00:00,0.4102485,0.380365,2024-08-19,7
2024-08-19 08:00:00,0.554291,0.5354353,2024-08-19,8
2024-08-19 09:00:00,0.6768316,0.6651353,2024-08-19,9
2024-08-19 10:00:00,0.8562727,0.8510295,2024-08-19,10
2024-08-19 11:00:00,0.9007636,0.8985277,2024-08-19,11
2024-08-19 12:00:00,1.033634,1.031322,2024-08-19,12
2024-08-19 13:00:00,0.869029,0.860122,2024-08-19,13
2024-08-19 14:00:00,0.6981554,0.6798106,2024-08-19,14
2024-08-19 15:00:00,0.4206492,0.4008041,2024-08-19,15
2024-08-19 16:00:00,0.2589501,0.2340916,2024-08-19,16
2024-08-19 17:00:00,0.08510973,0.06203054,2024-08-19,17
2024-08-19 18:00:00,8.18695e-05,0.0,2024-08-19,18
2024-08-19 19:00:00,0.0,0.0,2024-08-19,19
2024-08-19 20:00:00,0.0,0.0,2024-08-19,20
2024-08-19 21:00:00,0.0,0.0,2024-08-19,21
2024-08-19 22:00:00,0.0,0.0,2024-08-19,22
2024-08-19 23:00:00,0.0,0.0,2024-08-19,23
2024-08-20 00:00:00,0.0,0.0,2024-08-20,0
2024-08-20 01:00:00,0.0,0.0,2024-08-20,1
2024-08-20 02:00:00,0.0,0.0,2024-08-20,2
2024-08-20 03:00:00,0.0,0.0,2024-08-20,3
2024-08-20 04:00:00,0.0,0.0,2024-08-20,4
2024-08-20 05:00:00,0.03715709,0.01397307,2024-08-20,5
2024-08-20 06:00:00,0.08426714,0.08142406,2024-08-20,6
2024-08-20 07:00:00,0.1331968,0.1292555,2024-08-20,7
2024-08-20 08:00:00,0.1704298,0.1655658,2024-08-20,8
2024-08-20 09:00:00,0.3384089,0.3293943,2024-08-20,9
2024-08-20 10:00:00,0.3357295,0.3266924,2024-08-20,10
2024-08-20 11:00:00,0.3757793,0.3659379,2024-08-20,11
2024-08-20 12:00:00,0.363378,0.3537818,2024-08-20,12
2024-08-20 13:00:00,0.3159507,0.3073709,2024-08-20,13
2024-08-20 14:00:00,0.1360194,0.1321452,2024-08-20,14
2024-08-20 15:00:00,0.07650405,0.07428832,2024-08-20,15
2024-08-20 16:00:00,0.1085457,0.1051365,2024-08-20,16
2024-08-20 17:00:00,0.0561142,0.05135099,2024-08-20,17
2024-08-20 18:00:00,4.89218e-05,0.0,2024-08-20,18
2024-08-20 19:00:00,0.0,0.0,2024-08-20,19
2024-08-20 20:00:00,0.0,0.0,2024-08-20,20
2024-08-20 21:00:00,0.0,0.0,2024-08-20,21
2024-08-20 22:00:00,0.0,0.0,2024-08-20,22
2024-08-20 23:00:00,0.0,0.0,2024-08-20,23
2024-08-21 00:00:00,0.0,0.0,2024-08-21,0
2024-08-21 01:00:00,0.0,0.0,2024-08-21,1
2024-08-21 02:00:00,0.0,0.0,2024-08-21,2
2024-08-21 03:00:00,0.0,0.0,2024-08-21,3
2024-08-21 04:00:00,0.0,0.0,2024-08-21,4
2024-08-21 05:00:00,0.03280598,0.01710874,2024-08-21,5
2024-08-21 06:00:00,0.03330167,0.03228874,2024-08-21,6
2024-08-21 07:00:00,0.05443454,0.05284931,2024-08-21,7
2024-08-21 08:00:00,0.01952168,0.01895531,2024-08-21,8
2024-08-21 09:00:00,0.02868192,0.02785209,2024-08-21,9
2024-08-21 10:00:00,0.05527132,0.05368227,2024-08-21,10
2024-08-21 11:00:00,0.1389318,0.135003,2024-08-21,11
2024-08-21 12:00:00,0.4037164,0.3935933,2024-08-21,12
2024-08-21 13:00:00,0.3179807,0.3093948,2024-08-21,13
2024-08-21 14:00:00,0.2228528,0.2165818,2024-08-21,14
2024-08-21 15:00:00,0.1998219,0.1939898,2024-08-21,15
2024-08-21 16:00:00,0.2009551,0.189446,2024-08-21,16
2024-08-21 17:00:00,0.04278506,0.04068062,2024-08-21,17
2024-08-21 18:00:00,7.04052e-06,0.0,2024-08-21,18
2024-08-21 19:00:00,0.0,0.0,2024-08-21,19
2024-08-21 20:00:00,0.0,0.0,2024-08-21,20
2024-08-21 21:00:00,0.0,0.0,2024-08-21,21
2024-08-21 22:00:00,0.0,0.0,2024-08-21,22
2024-08-21 23:00:00,0.0,0.0,2024-08-21,23
2024-08-22 00:00:00,0.0,0.0,2024-08-22,0
2024-08-22 01:00:00,0.0,0.0,2024-08-22,1
2024-08-22 02:00:00,0.0,0.0,2024-08-22,2
2024-08-22 03:00:00,0.0,0.0,2024-08-22,3
2024-08-22 04:00:00,0.0,0.0,2024-08-22,4
2024-08-22 05:00:00,0.03587073,0.0135531,2024-08-22,5
2024-08-22 06:00:00,0.1993619,0.1719299,2024-08-22,6
2024-08-22 07:00:00,0.2590759,0.2496367,2024-08-22,7
2024-08-22 08:00:00,0.3992971,0.3886898,2024-08-22,8
2024-08-22 09:00:00,0.5030841,0.4932705,2024-08-22,9
2024-08-22 10:00:00,0.5992241,0.5909628,2024-08-22,10
2024-08-22 11:00:00,0.750271,0.747515,2024-08-22,11
2024-08-22 12:00:00,0.6909082,0.6856319,2024-08-22,12
2024-08-22 13:00:00,0.6050009,0.5968362,2024-08-22,13
2024-08-22 14:00:00,0.5025895,0.4916117,2024-08-22,14
2024-08-22 15:00:00,0.3781346,0.3639395,2024-08-22,15
2024-08-22 16:00:00,0.182219,0.1734995,2024-08-22,16
2024-08-22 17:00:00,0.03444607,0.03302161,2024-08-22,17
2024-08-22 18:00:00,0.0,0.0,2024-08-22,18
2024-08-22 19:00:00,0.0,0.0,2024-08-22,19
2024-08-22 20:00:00,0.0,0.0,2024-08-22,20
2024-08-22 21:00:00,0.0,0.0,2024-08-22,21
2024-08-22 22:00:00,0.0,0.0,2024-08-22,22
2024-08-22 23:00:00,0.0,0.0,2024-08-22,23
2024-08-23 00:00:00,0.0,0.0,2024-08-23,0
2024-08-23 01:00:00,0.0,0.0,2024-08-23,1
2024-08-23 02:00:00,0.0,0.0,2024-08-23,2
2024-08-23 03:00:00,0.0,0.0,2024-08-23,3
2024-08-23 04:00:00,0.0,0.0,2024-08-23,4
2024-08-23 05:00:00,0.02232978,0.01880603,2024-08-23,5
2024-08-23 06:00:00,0.04306069,0.04173797,2024-08-23,6
2024-08-23 07:00:00,0.0551019,0.05350139,2024-08-23,7
2024-08-23 08:00:00,0.1923277,0.186891,2024-08-23,8
2024-08-23 09:00:00,0.5527757,0.5440984,2024-08-23,9
2024-08-23 10:00:00,0.5927392,0.5849037,2024-08-23,10
2024-08-23 11:00:00,0.4608961,0.4506167,2024-08-23,11
2024-08-23 12:00:00,0.6123796,0.6049926,2024-08-23,12
2024-08-23 13:00:00,0.4278544,0.4180897,2024-08-23,13
2024-08-23 14:00:00,0.5821319,0.5716639,2024-08-23,14
2024-08-23 15:00:00,0.428851,0.4117942,2024-08-23,15
2024-08-23 16:00:00,0.2262276,0.210378,2024-08-23,16
2024-08-23 17:00:00,0.09095241,0.05480058,2024-08-23,17
2024-08-23 18:00:00,0.0,0.0,2024-08-23,18
2024-08-23 19:00:00,0.0,0.0,2024-08-23,19
2024-08-23 20:00:00,0.0,0.0,2024-08-23,20
2024-08-23 21:00:00,0.0,0.0,2024-08-23,21
2024-08-23 22:00:00,0.0,0.0,2024-08-23,22
2024-08-23 23:00:00,0.0,0.0,2024-08-23,23
2024-08-24 00:00:00,0.0,0.0,2024-08-24,0
2024-08-24 01:00:00,0.0,0.0,2024-08-24,1
2024-08-24 02:00:00,0.0,0.0,2024-08-24,2
2024-08-24 03:00:00,0.0,0.0,2024-08-24,3
2024-08-24 04:00:00,0.0,0.0,2024-08-24,4
2024-08-24 05:00:00,0.03265569,0.01503291,2024-08-24,5
2024-08-24 06:00:00,0.09328269,0.0900524,2024-08-24,6
2024-08-24 07:00:00,0.1289414,0.1251808,2024-08-24,7
2024-08-24 08:00:00,0.05051412,0.04906026,2024-08-24,8
2024-08-24 09:00:00,0.2364383,0.2298846,2024-08-24,9
2024-08-24 10:00:00,0.4463489,0.4364662,2024-08-24,10
2024-08-24 11:00:00,0.7327825,0.7314984,2024-08-24,11
2024-08-24 12:00:00,0.772141,0.7729502,2024-08-24,12
2024-08-24 13:00:00,0.3478462,0.3388751,2024-08-24,13
2024-08-24 14:00:00,0.2077715,0.201956,2024-08-24,14
2024-08-24 15:00:00,0.2768504,0.268618,2024-08-24,15
2024-08-24 16:00:00,0.1536101,0.1478385,2024-08-24,16
2024-08-24 17:00:00,0.01582439,0.01528086,2024-08-24,17
2024-08-24 18:00:00,0.0,0.0,2024-08-24,18
2024-08-24 19:00:00,0.0,0.0,2024-08-24,19
2024-08-24 20:00:00,0.0,0.0,2024-08-24,20
2024-08-24 21:00:00,0.0,0.0,2024-08-24,21
2024-08-24 22:00:00,0.0,0.0,2024-08-24,22
2024-08-24 23:00:00,0.0,0.0,2024-08-24,23
2024-08-25 00:00:00,0.0,0.0,2024-08-25,0
2024-08-25 01:00:00,0.0,0.0,2024-08-25,1
2024-08-25 02:00:00,0.0,0.0,2024-08-25,2
2024-08-25 03:00:00,0.0,0.0,2024-08-25,3
2024-08-25 04:00:00,0.0,0.0,2024-08-25,4
2024-08-25 05:00:00,0.01739619,0.01598896,2024-08-25,5
2024-08-25 06:00:00,0.06237877,0.06042087,2024-08-25,6
2024-08-25 07:00:00,0.270932,0.2615464,2024-08-25,7
2024-08-25 08:00:00,0.5453399,0.5348459,2024-08-25,8
2024-08-25 09:00:00,0.6971301,0.6944546,2024-08-25,9
2024-08-25 10:00:00,0.8268389,0.8316467,2024-08-25,10
2024-08-25 11:00:00,0.9914843,1.003991,2024-08-25,11
2024-08-25 12:00:00,0.7224357,0.7218787,2024-08-25,12
2024-08-25 13:00:00,0.8088123,0.8110269,2024-08-25,13
2024-08-25 14:00:00,0.4965186,0.4877252,2024-08-25,14
2024-08-25 15:00:00,0.3183565,0.3087454,2024-08-25,15
2024-08-25 16:00:00,0.240447,0.2222943,2024-08-25,16
2024-08-25 17:00:00,0.08413406,0.05227937,2024-08-25,17
2024-08-25 18:00:00,0.0,0.0,2024-08-25,18
2024-08-25 19:00:00,0.0,0.0,2024-08-25,19
2024-08-25 20:00:00,0.0,0.0,2024-08-25,20
2024-08-25 21:00:00,0.0,0.0,2024-08-25,21
2024-08-25 22:00:00,0.0,0.0,2024-08-25,22
2024-08-25 23:00:00,0.0,0.0,2024-08-25,23
2024-08-26 00:00:00,0.0,0.0,2024-08-26,0
2024-08-26 01:00:00,0.0,0.0,2024-08-26,1
2024-08-26 02:00:00,0.0,0.0,2024-08-26,2
2024-08-26 03:00:00,0.0,0.0,2024-08-26,3
2024-08-26 04:00:00,0.0,0.0,2024-08-26,4
2024-08-26 05:00:00,0.0267719,0.01770728,2024-08-26,5
2024-08-26 06:00:00,0.04420402,0.04285695,2024-08-26,6
2024-08-26 07:00:00,0.03887128,0.0377458,2024-08-26,7
2024-08-26 08:00:00,0.08499014,0.08256449,2024-08-26,8
2024-08-26 09:00:00,0.05076661,0.04930846,2024-08-26,9
2024-08-26 10:00:00,0.1549384,0.1505934,2024-08-26,10
2024-08-26 11:00:00,0.06977664,0.06778127,2024-08-26,11
2024-08-26 12:00:00,0.1197817,0.1163961,2024-08-26,12
2024-08-26 13:00:00,0.0426861,0.04145737,2024-08-26,13
2024-08-26 14:00:00,0.136787,0.1329274,2024-08-26,14
2024-08-26 15:00:00,0.1097212,0.1065782,2024-08-26,15
2024-08-26 16:00:00,0.01772201,0.0172041,2024-08-26,16
2024-08-26 17:00:00,0.01040856,0.01006933,2024-08-26,17
2024-08-26 18:00:00,0.0,0.0,2024-08-26,18
2024-08-26 19:00:00,0.0,0.0,2024-08-26,19
2024-08-26 20:00:00,0.0,0.0,2024-08-26,20
2024-08-26 21:00:00,0.0,0.0,2024-08-26,21
2024-08-26 22:00:00,0.0,0.0,2024-08-26,22
2024-08-26 23:00:00,0.0,0.0,2024-08-26,23
2024-08-27 00:00:00,0.0,0.0,2024-08-27,0
2024-08-27 01:00:00,0.0,0.0,2024-08-27,1
2024-08-27 02:00:00,0.0,0.0,2024-08-27,2
2024-08-27 03:00:00,0.0,0.0,2024-08-27,3
2024-08-27 04:00:00,0.0,0.0,2024-08-27,4
2024-08-27 05:00:00,0.03516331,0.01019907,2024-08-27,5
2024-08-27 06:00:00,0.2142142,0.186305,2024-08-27,6
2024-08-27 07:00:00,0.4044551,0.3868018,2024-08-27,7
2024-08-27 08:00:00,0.5898793,0.5824573,2024-08-27,8
2024-08-27 09:00:00,0.6361035,0.6338729,2024-08-27,9
2024-08-27 10:00:00,0.9094529,0.9218562,2024-08-27,10
2024-08-27 11:00:00,0.9643118,0.9805324,2024-08-27,11
2024-08-27 12:00:00,1.000505,1.016774,2024-08-27,12
2024-08-27 13:00:00,0.8534002,0.8611175,2024-08-27,13
2024-08-27 14:00:00,0.5364479,0.5300202,2024-08-27,14
2024-08-27 15:00:00,0.5430116,0.5255415,2024-08-27,15
2024-08-27 16:00:00,0.2746149,0.2504857,2024-08-27,16
2024-08-27 17:00:00,0.04954846,0.04446001,2024-08-27,17
2024-08-27 18:00:00,0.0,0.0,2024-08-27,18
2024-08-27 19:00:00,0.0,0.0,2024-08-27,19
2024-08-27 20:00:00,0.0,0.0,2024-08-27,20
2024-08-27 21:00:00,0.0,0.0,2024-08-27,21
2024-08-27 22:00:00,0.0,0.0,2024-08-27,22
2024-08-27 23:00:00,0.0,0.0,2024-08-27,23
2024-08-28 00:00:00,0.0,0.0,2024-08-28,0
2024-08-28 01:00:00,0.0,0.0,2024-08-28,1
2024-08-28 02:00:00,0.0,0.0,2024-08-28,2
2024-08-28 03:00:00,0.0,0.0,2024-08-28,3
2024-08-28 04:00:00,0.0,0.0,2024-08-28,4
2024-08-28 05:00:00,0.01326309,0.01254932,2024-08-28,5
2024-08-28 06:00:00,0.1088134,0.104693,2024-08-28,6
2024-08-28 07:00:00,0.2790761,0.270317,2024-08-28,7
2024-08-28 08:00:00,0.06094923,0.05920424,2024-08-28,8
2024-08-28 09:00:00,0.218894,0.2128624,2024-08-28,9
2024-08-28 10:00:00,0.2431376,0.2364779,2024-08-28,10
2024-08-28 11:00:00,0.2072105,0.2014837,2024-08-28,11
2024-08-28 12:00:00,0.1291132,0.1254785,2024-08-28,12
2024-08-28 13:00:00,0.3452715,0.3366053,2024-08-28,13
2024-08-28 14:00:00,0.3016478,0.2939313,2024-08-28,14
2024-08-28 15:00:00,0.1532592,0.1489098,2024-08-28,15
2024-08-28 16:00:00,0.05356715,0.05198547,2024-08-28,16
2024-08-28 17:00:00,0.03481689,0.03312902,2024-08-28,17
2024-08-28 18:00:00,0.0,0.0,2024-08-28,18
2024-08-28 19:00:00,0.0,0.0,2024-08-28,19
2024-08-28 20:00:00,0.0,0.0,2024-08-28,20
2024-08-28 21:00:00,0.0,0.0,2024-08-28,21
2024-08-28 22:00:00,0.0,0.0,2024-08-28,22
2024-08-28 23:00:00,0.0,0.0,2024-08-28,23
2024-08-29 00:00:00,0.0,0.0,2024-08-29,0
2024-08-29 01:00:00,0.0,0.0,2024-08-29,1
2024-08-29 02:00:00,0.0,0.0,2024-08-29,2
2024-08-29 03:00:00,0.0,0.0,2024-08-29,3
2024-08-29 04:00:00,0.0,0.0,2024-08-29,4
2024-08-29 05:00:00,0.03636364,0.007476189,2024-08-29,5
2024-08-29 06:00:00,0.1250249,0.1194689,2024-08-29,6
2024-08-29 07:00:00,0.3276584,0.3171666,2024-08-29,7
2024-08-29 08:00:00,0.3796159,0.3718925,2024-08-29,8
2024-08-29 09:00:00,0.3516623,0.3431805,2024-08-29,9
2024-08-29 10:00:00,0.2420927,0.2354739,2024-08-29,10
2024-08-29 11:00:00,0.5490745,0.542038,2024-08-29,11
2024-08-29 12:00:00,0.4718724,0.4629987,2024-08-29,12
2024-08-29 13:00:00,0.395921,0.3871264,2024-08-29,13
2024-08-29 14:00:00,0.2861453,0.2787271,2024-08-29,14
2024-08-29 15:00:00,0.2266754,0.2204576,2024-08-29,15
2024-08-29 16:00:00,0.1362792,0.1317826,2024-08-29,16
2024-08-29 17:00:00,0.03121232,0.02983308,2024-08-29,17
2024-08-29 18:00:00,0.0,0.0,2024-08-29,18
2024-08-29 19:00:00,0.0,0.0,2024-08-29,19
2024-08-29 20:00:00,0.0,0.0,2024-08-29,20
2024-08-29 21:00:00,0.0,0.0,2024-08-29,21
2024-08-29 22:00:00,0.0,0.0,2024-08-29,22
2024-08-29 23:00:00,0.0,0.0,2024-08-29,23
2024-08-30 00:00:00,0.0,0.0,2024-08-30,0
2024-08-30 01:00:00,0.0,0.0,2024-08-30,1
2024-08-30 02:00:00,0.0,0.0,2024-08-30,2
2024-08-30 03:00:00,0.0,0.0,2024-08-30,3
2024-08-30 04:00:00,0.0,0.0,2024-08-30,4
2024-08-30 05:00:00,0.025008,0.01656874,2024-08-30,5
2024-08-30 06:00:00,0.02823061,0.02739449,2024-08-30,6
2024-08-30 07:00:00,0.06727624,0.06534511,2024-08-30,7
2024-08-30 08:00:00,0.1031715,0.1002544,2024-08-30,8
2024-08-30 09:00:00,0.1302799,0.1266242,2024-08-30,9
2024-08-30 10:00:00,0.1183268,0.1149937,2024-08-30,10
2024-08-30 11:00:00,0.1160708,0.1127979,2024-08-30,11
2024-08-30 12:00:00,0.122648,0.1191963,2024-08-30,12
2024-08-30 13:00:00,0.08462565,0.08222186,2024-08-30,13
2024-08-30 14:00:00,0.1065982,0.1035884,2024-08-30,14
2024-08-30 15:00:00,0.03786272,0.03677234,2024-08-30,15
2024-08-30 16:00:00,0.008019681,0.007785995,2024-08-30,16
2024-08-30 17:00:00,0.000826458,0.000802108,2024-08-30,17
2024-08-30 18:00:00,0.0,0.0,2024-08-30,18
2024-08-30 19:00:00,0.0,0.0,2024-08-30,19
2024-08-30 20:00:00,0.0,0.0,2024-08-30,20
2024-08-30 21:00:00,0.0,0.0,2024-08-30,21
2024-08-30 22:00:00,0.0,0.0,2024-08-30,22
2024-08-30 23:00:00,0.0,0.0,2024-08-30,23
2024-08-31 00:00:00,0.0,0.0,2024-08-31,0
2024-08-31 01:00:00,0.0,0.0,2024-08-31,1
2024-08-31 02:00:00,0.0,0.0,2024-08-31,2
2024-08-31 03:00:00,0.0,0.0,2024-08-31,3
2024-08-31 04:00:00,0.0,0.0,2024-08-31,4
2024-08-31 05:00:00,0.02205195,0.01681331,2024-08-31,5
2024-08-31 06:00:00,0.08122469,0.07869272,2024-08-31,6
2024-08-31 07:00:00,0.1087787,0.105681,2024-08-31,7
2024-08-31 08:00:00,0.1714133,0.1666588,2024-08-31,8
2024-08-31 09:00:00,0.08085958,0.07856268,2024-08-31,9
2024-08-31 10:00:00,0.2639123,0.2567712,2024-08-31,10
2024-08-31 11:00:00,0.1881163,0.1829163,2024-08-31,11
2024-08-31 12:00:00,0.5176694,0.5106285,2024-08-31,12
2024-08-31 13:00:00,0.17366,0.1688487,2024-08-31,13
2024-08-31 14:00:00,0.3386421,0.3310246,2024-08-31,14
2024-08-31 15:00:00,0.2619666,0.2552882,2024-08-31,15
2024-08-31 16:00:00,0.1686056,0.1621345,2024-08-31,16
2024-08-31 17:00:00,0.03453636,0.03257715,2024-08-31,17
2024-08-31 18:00:00,0.0,0.0,2024-08-31,18
2024-08-31 19:00:00,0.0,0.0,2024-08-31,19
2024-08-31 20:00:00,0.0,0.0,2024-08-31,20
2024-08-31 21:00:00,0.0,0.0,2024-08-31,21
2024-08-31 22:00:00,0.0,0.0,2024-08-31,22
2024-08-31 23:00:00,0.0,0.0,2024-08-31,23
2024-09-01 00:00:00,0.0,0.0,2024-09-01,0
2024-09-01 01:00:00,0.0,0.0,2024-09-01,1
2024-09-01 02:00:00,0.0,0.0,2024-09-01,2
2024-09-01 03:00:00,0.0,0.0,2024-09-01,3
2024-09-01 04:00:00,0.0,0.0,2024-09-01,4
2024-09-01 05:00:00,0.03125674,0.01050202,2024-09-01,5
2024-09-01 06:00:00,0.03221885,0.03126686,2024-09-01,6
2024-09-01 07:00:00,0.0443957,0.04311995,2024-09-01,7
2024-09-01 08:00:00,0.153128,0.1488713,2024-09-01,8
2024-09-01 09:00:00,0.2879176,0.2803783,2024-09-01,9
2024-09-01 10:00:00,0.2516263,0.2448103,2024-09-01,10
2024-09-01 11:00:00,0.2942443,0.2863804,2024-09-01,11
2024-09-01 12:00:00,0.1777826,0.1728641,2024-09-01,12
2024-09-01 13:00:00,0.2885895,0.2809742,2024-09-01,13
2024-09-01 14:00:00,0.2077312,0.2020473,2024-09-01,14
2024-09-01 15:00:00,0.1185339,0.1151926,2024-09-01,15
2024-09-01 16:00:00,0.0612304,0.05943631,2024-09-01,16
2024-09-01 17:00:00,0.02445488,0.02346536,2024-09-01,17
2024-09-01 18:00:00,0.0,0.0,2024-09-01,18
2024-09-01 19:00:00,0.0,0.0,2024-09-01,19
2024-09-01 20:00:00,0.0,0.0,2024-09-01,20
2024-09-01 21:00:00,0.0,0.0,2024-09-01,21
2024-09-01 22:00:00,0.0,0.0,2024-09-01,22
2024-09-01 23:00:00,0.0,0.0,2024-09-01,23
2024-09-02 00:00:00,0.0,0.0,2024-09-02,0
2024-09-02 01:00:00,0.0,0.0,2024-09-02,1
2024-09-02 02:00:00,0.0,0.0,2024-09-02,2
2024-09-02 03:00:00,0.0,0.0,2024-09-02,3
2024-09-02 04:00:00,0.0,0.0,2024-09-02,4
2024-09-02 05:00:00,0.02248434,0.01613159,2024-09-02,5
2024-09-02 06:00:00,0.08559025,0.08293806,2024-09-02,6
2024-09-02 07:00:00,0.0927509,0.09011877,2024-09-02,7
2024-09-02 08:00:00,0.2931187,0.2861375,2024-09-02,8
2024-09-02 09:00:00,0.5878505,0.5894414,2024-09-02,9
2024-09-02 10:00:00,0.6913834,0.6986398,2024-09-02,10
2024-09-02 11:00:00,0.4854265,0.4774607,2024-09-02,11
2024-09-02 12:00:00,0.4273383,0.4185579,2024-09-02,12
2024-09-02 13:00:00,0.214389,0.2085414,2024-09-02,13
2024-09-02 14:00:00,0.2248528,0.2187733,2024-09-02,14
2024-09-02 15:00:00,0.1387642,0.1348832,2024-09-02,15
2024-09-02 16:00:00,0.05540303,0.05378671,2024-09-02,16
2024-09-02 17:00:00,0.01880154,0.01809185,2024-09-02,17
2024-09-02 18:00:00,0.0,0.0,2024-09-02,18
2024-09-02 19:00:00,0.0,0.0,2024-09-02,19
2024-09-02 20:00:00,0.0,0.0,2024-09-02,20
2024-09-02 21:00:00,0.0,0.0,2024-09-02,21
2024-09-02 22:00:00,0.0,0.0,2024-09-02,22
2024-09-02 23:00:00,0.0,0.0,2024-09-02,23
2024-09-03 00:00:00,0.0,0.0,2024-09-03,0
2024-09-03 01:00:00,0.0,0.0,2024-09-03,1
2024-09-03 02:00:00,0.0,0.0,2024-09-03,2
2024-09-03 03:00:00,0.0,0.0,2024-09-03,3
2024-09-03 04:00:00,0.0,0.0,2024-09-03,4
2024-09-03 05:00:00,0.03056323,0.009804787,2024-09-03,5
2024-09-03 06:00:00,0.1462986,0.1393622,2024-09-03,6
2024-09-03 07:00:00,0.1407168,0.1367796,2024-09-03,7
2024-09-03 08:00:00,0.2259917,0.2199554,2024-09-03,8
2024-09-03 09:00:00,0.4059334,0.398502,2024-09-03,9
2024-09-03 10:00:00,0.4644513,0.4568403,2024-09-03,10
2024-09-03 11:00:00,0.6961308,0.7033721,2024-09-03,11
2024-09-03 12:00:00,0.4123551,0.4035706,2024-09-03,12
2024-09-03 13:00:00,0.6448023,0.651473,2024-09-03,13
2024-09-03 14:00:00,0.5683401,0.5722515,2024-09-03,14
2024-09-03 15:00:00,0.2604997,0.2544082,2024-09-03,15
2024-09-03 16:00:00,0.1959698,0.1879042,2024-09-03,16
2024-09-03 17:00:00,0.02380935,0.0228284,2024-09-03,17
2024-09-03 18:00:00,0.0,0.0,2024-09-03,18
2024-09-03 19:00:00,0.0,0.0,2024-09-03,19
2024-09-03 20:00:00,0.0,0.0,2024-09-03,20
2024-09-03 21:00:00,0.0,0.0,2024-09-03,21
2024-09-03 22:00:00,0.0,0.0,2024-09-03,22
2024-09-03 23:00:00,0.0,0.0,2024-09-03,23
2024-09-04 00:00:00,0.0,0.0,2024-09-04,0
2024-09-04 01:00:00,0.0,0.0,2024-09-04,1
2024-09-04 02:00:00,0.0,0.0,2024-09-04,2
2024-09-04 03:00:00,0.0,0.0,2024-09-04,3
2024-09-04 04:00:00,0.0,0.0,2024-09-04,4
2024-09-04 05:00:00,0.03061359,0.009057878,2024-09-04,5
2024-09-04 06:00:00,0.1504208,0.1433933,2024-09-04,6
2024-09-04 07:00:00,0.2697435,0.2639422,2024-09-04,7
2024-09-04 08:00:00,0.4175937,0.4137297,2024-09-04,8
2024-09-04 09:00:00,0.3656422,0.3578209,2024-09-04,9
2024-09-04 10:00:00,0.238621,0.2321766,2024-09-04,10
2024-09-04 11:00:00,0.4211221,0.412282,2024-09-04,11
2024-09-04 12:00:00,0.4273044,0.4188348,2024-09-04,12
2024-09-04 13:00:00,0.3796772,0.371666,2024-09-04,13
2024-09-04 14:00:00,0.3513886,0.3446764,2024-09-04,14
2024-09-04 15:00:00,0.1457053,0.1416681,2024-09-04,15
2024-09-04 16:00:00,0.04227132,0.04104647,2024-09-04,16
2024-09-04 17:00:00,0.03210763,0.02996128,2024-09-04,17
2024-09-04 18:00:00,0.0,0.0,2024-09-04,18
2024-09-04 19:00:00,0.0,0.0,2024-09-04,19
2024-09-04 20:00:00,0.0,0.0,2024-09-04,20
2024-09-04 21:00:00,0.0,0.0,2024-09-04,21
2024-09-04 22:00:00,0.0,0.0,2024-09-04,22
2024-09-04 23:00:00,0.0,0.0,2024-09-04,23
2024-09-05 00:00:00,0.0,0.0,2024-09-05,0
2024-09-05 01:00:00,0.0,0.0,2024-09-05,1
2024-09-05 02:00:00,0.0,0.0,2024-09-05,2
2024-09-05 03:00:00,0.0,0.0,2024-09-05,3
2024-09-05 04:00:00,0.0,0.0,2024-09-05,4
2024-09-05 05:00:00,0.02440076,0.01406273,2024-09-05,5
2024-09-05 06:00:00,0.005472067,0.005312676,2024-09-05,6
2024-09-05 07:00:00,0.07197972,0.06994127,2024-09-05,7
2024-09-05 08:00:00,0.0320716,0.03114975,2024-09-05,8
2024-09-05 09:00:00,0.004216986,0.00409402,2024-09-05,9
2024-09-05 10:00:00,0.1073417,0.1043254,2024-09-05,10
2024-09-05 11:00:00,0.2077041,0.202042,2024-09-05,11
2024-09-05 12:00:00,0.04732888,0.04597261,2024-09-05,12
2024-09-05 13:00:00,0.02899458,0.02815886,2024-09-05,13
2024-09-05 14:00:00,0.02974472,0.02888866,2024-09-05,14
2024-09-05 15:00:00,0.1399509,0.1360813,2024-09-05,15
2024-09-05 16:00:00,0.1062702,0.1031805,2024-09-05,16
2024-09-05 17:00:00,0.01702029,0.01637706,2024-09-05,17
2024-09-05 18:00:00,0.0,0.0,2024-09-05,18
2024-09-05 19:00:00,0.0,0.0,2024-09-05,19
2024-09-05 20:00:00,0.0,0.0,2024-09-05,20
2024-09-05 21:00:00,0.0,0.0,2024-09-05,21
2024-09-05 22:00:00,0.0,0.0,2024-09-05,22
2024-09-05 23:00:00,0.0,0.0,2024-09-05,23
2024-09-06 00:00:00,0.0,0.0,2024-09-06,0
2024-09-06 01:00:00,0.0,0.0,2024-09-06,1
2024-09-06 02:00:00,0.0,0.0,2024-09-06,2
2024-09-06 03:00:00,0.0,0.0,2024-09-06,3
2024-09-06 04:00:00,0.0,0.0,2024-09-06,4
2024-09-06 05:00:00,0.02851914,0.009873483,2024-09-06,5
2024-09-06 06:00:00,0.1942199,0.1833074,2024-09-06,6
2024-09-06 07:00:00,0.2895601,0.2848916,2024-09-06,7
2024-09-06 08:00:00,0.5424169,0.5497003,2024-09-06,8
2024-09-06 09:00:00,0.6602303,0.6739908,2024-09-06,9
2024-09-06 10:00:00,0.9585474,0.9979507,2024-09-06,10
2024-09-06 11:00:00,0.9712611,1.012198,2024-09-06,11
2024-09-06 12:00:00,0.8267993,0.8547311,2024-09-06,12
2024-09-06 13:00:00,0.6238571,0.6323004,2024-09-06,13
2024-09-06 14:00:00,0.617379,0.6304767,2024-09-06,14
2024-09-06 15:00:00,0.3597211,0.3570423,2024-09-06,15
2024-09-06 16:00:00,0.1263645,0.1226903,2024-09-06,16
2024-09-06 17:00:00,0.0424679,0.03450222,2024-09-06,17
2024-09-06 18:00:00,0.0,0.0,2024-09-06,18
2024-09-06 19:00:00,0.0,0.0,2024-09-06,19
2024-09-06 20:00:00,0.0,0.0,2024-09-06,20
2024-09-06 21:00:00,0.0,0.0,2024-09-06,21
2024-09-06 22:00:00,0.0,0.0,2024-09-06,22
2024-09-06 23:00:00,0.0,0.0,2024-09-06,23
2024-09-07 00:00:00,0.0,0.0,2024-09-07,0
2024-09-07 01:00:00,0.0,0.0,2024-09-07,1
2024-09-07 02:00:00,0.0,0.0,2024-09-07,2
2024-09-07 03:00:00,0.0,0.0,2024-09-07,3
2024-09-07 04:00:00,0.0,0.0,2024-09-07,4
2024-09-07 05:00:00,0.02398939,0.01332567,2024-09-07,5
2024-09-07 06:00:00,0.1282876,0.1240243,2024-09-07,6
2024-09-07 07:00:00,0.23401,0.2289824,2024-09-07,7
2024-09-07 08:00:00,0.3654397,0.3606476,2024-09-07,8
2024-09-07 09:00:00,0.671885,0.6886151,2024-09-07,9
2024-09-07 10:00:00,0.9274744,0.9674518,2024-09-07,10
2024-09-07 11:00:00,0.8351755,0.8650985,2024-09-07,11
2024-09-07 12:00:00,1.0456,1.092749,2024-09-07,12
2024-09-07 13:00:00,0.9549914,0.994302,2024-09-07,13
2024-09-07 14:00:00,0.7803892,0.805669,2024-09-07,14
2024-09-07 15:00:00,0.5784855,0.5864729,2024-09-07,15
2024-09-07 16:00:00,0.2667223,0.2570359,2024-09-07,16
2024-09-07 17:00:00,0.04656182,0.0339571,2024-09-07,17
2024-09-07 18:00:00,0.0,0.0,2024-09-07,18
2024-09-07 19:00:00,0.0,0.0,2024-09-07,19
2024-09-07 20:00:00,0.0,0.0,2024-09-07,20
2024-09-07 21:00:00,0.0,0.0,2024-09-07,21
2024-09-07 22:00:00,0.0,0.0,2024-09-07,22
2024-09-07 23:00:00,0.0,0.0,2024-09-07,23
2024-09-08 00:00:00,0.0,0.0,2024-09-08,0
2024-09-08 01:00:00,0.0,0.0,2024-09-08,1
2024-09-08 02:00:00,0.0,0.0,2024-09-08,2
2024-09-08 03:00:00,0.0,0.0,2024-09-08,3
2024-09-08 04:00:00,0.0,0.0,2024-09-08,4
2024-09-08 05:00:00,0.03214857,0.005025627,2024-09-08,5
2024-09-08 06:00:00,0.08900917,0.08642185,2024-09-08,6
2024-09-08 07:00:00,0.08652057,0.0841025,2024-09-08,7
2024-09-08 08:00:00,0.480245,0.4843782,2024-09-08,8
2024-09-08 09:00:00,0.3710286,0.3638246,2024-09-08,9
2024-09-08 10:00:00,0.6115532,0.6167336,2024-09-08,10
2024-09-08 11:00:00,0.7607117,0.7826874,2024-09-08,11
2024-09-08 12:00:00,0.5163129,0.5124073,2024-09-08,12
2024-09-08 13:00:00,0.4050809,0.3982714,2024-09-08,13
2024-09-08 14:00:00,0.09465739,0.09200869,2024-09-08,14
2024-09-08 15:00:00,0.163361,0.158968,2024-09-08,15
2024-09-08 16:00:00,0.08215761,0.07982203,2024-09-08,16
2024-09-08 17:00:00,0.01413513,0.01361131,2024-09-08,17
2024-09-08 18:00:00,0.0,0.0,2024-09-08,18
2024-09-08 19:00:00,0.0,0.0,2024-09-08,19
2024-09-08 20:00:00,0.0,0.0,2024-09-08,20
2024-09-08 21:00:00,0.0,0.0,2024-09-08,21
2024-09-08 22:00:00,0.0,0.0,2024-09-08,22
2024-09-08 23:00:00,0.0,0.0,2024-09-08,23
2024-09-09 00:00:00,0.0,0.0,2024-09-09,0
2024-09-09 01:00:00,0.0,0.0,2024-09-09,1
2024-09-09 02:00:00,0.0,0.0,2024-09-09,2
2024-09-09 03:00:00,0.0,0.0,2024-09-09,3
2024-09-09 04:00:00,0.0,0.0,2024-09-09,4
2024-09-09 05:00:00,0.02773449,0.008714957,2024-09-09,5
2024-09-09 06:00:00,0.2221173,0.2134629,2024-09-09,6
2024-09-09 07:00:00,0.4604116,0.468063,2024-09-09,7
2024-09-09 08:00:00,0.6933699,0.7189461,2024-09-09,8
2024-09-09 09:00:00,0.8499396,0.8885171,2024-09-09,9
2024-09-09 10:00:00,0.9901505,1.039529,2024-09-09,10
2024-09-09 11:00:00,0.9448426,0.9913446,2024-09-09,11
2024-09-09 12:00:00,0.8877288,0.9290944,2024-09-09,12
2024-09-09 13:00:00,0.7209817,0.7462778,2024-09-09,13
2024-09-09 14:00:00,0.5214058,0.5296581,2024-09-09,14
2024-09-09 15:00:00,0.4380767,0.4447403,2024-09-09,15
2024-09-09 16:00:00,0.2869883,0.2803902,2024-09-09,16
2024-09-09 17:00:00,0.04661839,0.03115416,2024-09-09,17
2024-09-09 18:00:00,0.0,0.0,2024-09-09,18
2024-09-09 19:00:00,0.0,0.0,2024-09-09,19
2024-09-09 20:00:00,0.0,0.0,2024-09-09,20
2024-09-09 21:00:00,0.0,0.0,2024-09-09,21
2024-09-09 22:00:00,0.0,0.0,2024-09-09,22
2024-09-09 23:00:00,0.0,0.0,2024-09-09,23
2024-09-10 00:00:00,0.0,0.0,2024-09-10,0
2024-09-10 01:00:00,0.0,0.0,2024-09-10,1
2024-09-10 02:00:00,0.0,0.0,2024-09-10,2
2024-09-10 03:00:00,0.0,0.0,2024-09-10,3
2024-09-10 04:00:00,0.0,0.0,2024-09-10,4
2024-09-10 05:00:00,0.02286347,0.01259869,2024-09-10,5
2024-09-10 06:00:00,0.2099551,0.2037498,2024-09-10,6
2024-09-10 07:00:00,0.5253235,0.5378487,2024-09-10,7
2024-09-10 08:00:00,0.7941356,0.8274509,2024-09-10,8
2024-09-10 09:00:00,0.9413094,0.9879807,2024-09-10,9
2024-09-10 10:00:00,1.041579,1.096977,2024-09-10,10
2024-09-10 11:00:00,1.079616,1.1383,2024-09-10,11
2024-09-10 12:00:00,1.027818,1.082611,2024-09-10,12
2024-09-10 13:00:00,0.9451156,0.9925993,2024-09-10,13
2024-09-10 14:00:00,0.7168778,0.747241,2024-09-10,14
2024-09-10 15:00:00,0.388797,0.3929407,2024-09-10,15
2024-09-10 16:00:00,0.2454102,0.2413219,2024-09-10,16
2024-09-10 17:00:00,0.04429444,0.02986061,2024-09-10,17
2024-09-10 18:00:00,0.0,0.0,2024-09-10,18
2024-09-10 19:00:00,0.0,0.0,2024-09-10,19
2024-09-10 20:00:00,0.0,0.0,2024-09-10,20
2024-09-10 21:00:00,0.0,0.0,2024-09-10,21
2024-09-10 22:00:00,0.0,0.0,2024-09-10,22
2024-09-10 23:00:00,0.0,0.0,2024-09-10,23
2024-09-11 00:00:00,0.0,0.0,2024-09-11,0
2024-09-11 01:00:00,0.0,0.0,2024-09-11,1
2024-09-11 02:00:00,0.0,0.0,2024-09-11,2
2024-09-11 03:00:00,0.0,0.0,2024-09-11,3
2024-09-11 04:00:00,0.0,0.0,2024-09-11,4
2024-09-11 05:00:00,0.02240495,0.01242441,2024-09-11,5
2024-09-11 06:00:00,0.04130437,0.04012815,2024-09-11,6
2024-09-11 07:00:00,0.08221035,0.07992771,2024-09-11,7
2024-09-11 08:00:00,0.08302411,0.08070172,2024-09-11,8
2024-09-11 09:00:00,0.2520204,0.2454513,2024-09-11,9
2024-09-11 10:00:00,0.1838033,0.1788147,2024-09-11,10
2024-09-11 11:00:00,0.1234827,0.1200486,2024-09-11,11
2024-09-11 12:00:00,0.05599037,0.05439506,2024-09-11,12
2024-09-11 13:00:00,0.06396899,0.06215543,2024-09-11,13
2024-09-11 14:00:00,0.0550715,0.05350967,2024-09-11,14
2024-09-11 15:00:00,0.06186589,0.06012703,2024-09-11,15
2024-09-11 16:00:00,0.06213698,0.06039125,2024-09-11,16
2024-09-11 17:00:00,0.0121716,0.01172457,2024-09-11,17
2024-09-11 18:00:00,0.0,0.0,2024-09-11,18
2024-09-11 19:00:00,0.0,0.0,2024-09-11,19
2024-09-11 20:00:00,0.0,0.0,2024-09-11,20
2024-09-11 21:00:00,0.0,0.0,2024-09-11,21
2024-09-11 22:00:00,0.0,0.0,2024-09-11,22
2024-09-11 23:00:00,0.0,0.0,2024-09-11,23
2024-09-12 00:00:00,0.0,0.0,2024-09-12,0
2024-09-12 01:00:00,0.0,0.0,2024-09-12,1
2024-09-12 02:00:00,0.0,0.0,2024-09-12,2
2024-09-12 03:00:00,0.0,0.0,2024-09-12,3
2024-09-12 04:00:00,0.0,0.0,2024-09-12,4
2024-09-12 05:00:00,0.0170423,0.01365139,2024-09-12,5
2024-09-12 06:00:00,0.02076356,0.02016817,2024-09-12,6
2024-09-12 07:00:00,0.03566576,0.03465068,2024-09-12,7
2024-09-12 08:00:00,0.1674985,0.1630119,2024-09-12,8
2024-09-12 09:00:00,0.2381209,0.2318694,2024-09-12,9
2024-09-12 10:00:00,0.1983537,0.1930114,2024-09-12,10
2024-09-12 11:00:00,0.1691166,0.1644988,2024-09-12,11
2024-09-12 12:00:00,0.1343134,0.1306017,2024-09-12,12
2024-09-12 13:00:00,0.008663813,0.008411998,2024-09-12,13
2024-09-12 14:00:00,0.1050595,0.1021524,2024-09-12,14
2024-09-12 15:00:00,0.02599443,0.02524967,2024-09-12,15
2024-09-12 16:00:00,0.04335184,0.0421273,2024-09-12,16
2024-09-12 17:00:00,0.01243688,0.01197336,2024-09-12,17
2024-09-12 18:00:00,0.0,0.0,2024-09-12,18
2024-09-12 19:00:00,0.0,0.0,2024-09-12,19
2024-09-12 20:00:00,0.0,0.0,2024-09-12,20
2024-09-12 21:00:00,0.0,0.0,2024-09-12,21
2024-09-12 22:00:00,0.0,0.0,2024-09-12,22
2024-09-12 23:00:00,0.0,0.0,2024-09-12,23
2024-09-13 00:00:00,0.0,0.0,2024-09-13,0
2024-09-13 01:00:00,0.0,0.0,2024-09-13,1
2024-09-13 02:00:00,0.0,0.0,2024-09-13,2
2024-09-13 03:00:00,0.0,0.0,2024-09-13,3
2024-09-13 04:00:00,0.0,0.0,2024-09-13,4
2024-09-13 05:00:00,0.01640258,0.01335637,2024-09-13,5
2024-09-13 06:00:00,0.1475504,0.1450461,2024-09-13,6
2024-09-13 07:00:00,0.4538838,0.4709713,2024-09-13,7
2024-09-13 08:00:00,0.4072995,0.4083434,2024-09-13,8
2024-09-13 09:00:00,0.5406084,0.5478656,2024-09-13,9
2024-09-13 10:00:00,0.7239938,0.7515143,2024-09-13,10
2024-09-13 11:00:00,0.9907967,1.05205,2024-09-13,11
2024-09-13 12:00:00,0.855299,0.9025683,2024-09-13,12
2024-09-13 13:00:00,0.7601258,0.7994562,2024-09-13,13
2024-09-13 14:00:00,0.5449608,0.562705,2024-09-13,14
2024-09-13 15:00:00,0.3622891,0.3679095,2024-09-13,15
2024-09-13 16:00:00,0.1969271,0.1959011,2024-09-13,16
2024-09-13 17:00:00,0.03934398,0.02616783,2024-09-13,17
2024-09-13 18:00:00,0.0,0.0,2024-09-13,18
2024-09-13 19:00:00,0.0,0.0,2024-09-13,19
2024-09-13 20:00:00,0.0,0.0,2024-09-13,20
2024-09-13 21:00:00,0.0,0.0,2024-09-13,21
2024-09-13 22:00:00,0.0,0.0,2024-09-13,22
2024-09-13 23:00:00,0.0,0.0,2024-09-13,23
2024-09-14 00:00:00,0.0,0.0,2024-09-14,0
2024-09-14 01:00:00,0.0,0.0,2024-09-14,1
2024-09-14 02:00:00,0.0,0.0,2024-09-14,2
2024-09-14 03:00:00,0.0,0.0,2024-09-14,3
2024-09-14 04:00:00,0.0,0.0,2024-09-14,4
2024-09-14 05:00:00,0.01979606,0.01261687,2024-09-14,5
2024-09-14 06:00:00,0.05342103,0.05193774,2024-09-14,6
2024-09-14 07:00:00,0.1728495,0.168629,2024-09-14,7
2024-09-14 08:00:00,0.3575553,0.3548866,2024-09-14,8
2024-09-14 09:00:00,0.4218933,0.4179778,2024-09-14,9
2024-09-14 10:00:00,0.8421465,0.8904653,2024-09-14,10
2024-09-14 11:00:00,0.9748068,1.037454,2024-09-14,11
2024-09-14 12:00:00,0.8734553,0.9256261,2024-09-14,12
2024-09-14 13:00:00,0.5645238,0.5749912,2024-09-14,13
2024-09-14 14:00:00,0.4683919,0.4763054,2024-09-14,14
2024-09-14 15:00:00,0.1298995,0.1264303,2024-09-14,15
2024-09-14 16:00:00,0.1193194,0.1165942,2024-09-14,16
2024-09-14 17:00:00,0.006588927,0.006369279,2024-09-14,17
2024-09-14 18:00:00,0.0,0.0,2024-09-14,18
2024-09-14 19:00:00,0.0,0.0,2024-09-14,19
2024-09-14 20:00:00,0.0,0.0,2024-09-14,20
2024-09-14 21:00:00,0.0,0.0,2024-09-14,21
2024-09-14 22:00:00,0.0,0.0,2024-09-14,22
2024-09-14 23:00:00,0.0,0.0,2024-09-14,23
2024-09-15 00:00:00,0.0,0.0,2024-09-15,0
2024-09-15 01:00:00,0.0,0.0,2024-09-15,1
2024-09-15 02:00:00,0.0,0.0,2024-09-15,2
2024-09-15 03:00:00,0.0,0.0,2024-09-15,3
2024-09-15 04:00:00,0.0,0.0,2024-09-15,4
2024-09-15 05:00:00,0.02075938,0.01163328,2024-09-15,5
2024-09-15 06:00:00,0.0491417,0.04778142,2024-09-15,6
2024-09-15 07:00:00,0.03007168,0.02921537,2024-09-15,7
2024-09-15 08:00:00,0.06290802,0.0611393,2024-09-15,8
2024-09-15 09:00:00,0.1064041,0.1034553,2024-09-15,9
2024-09-15 10:00:00,0.05940811,0.05772157,2024-09-15,10
2024-09-15 11:00:00,0.1856391,0.1806293,2024-09-15,11
2024-09-15 12:00:00,0.2928437,0.285416,2024-09-15,12
2024-09-15 13:00:00,0.3055649,0.2984222,2024-09-15,13
2024-09-15 14:00:00,0.1530554,0.1489541,2024-09-15,14
2024-09-15 15:00:00,0.1792379,0.1748992,2024-09-15,15
2024-09-15 16:00:00,0.05998779,0.0583422,2024-09-15,16
2024-09-15 17:00:00,0.004658903,0.004509559,2024-09-15,17
2024-09-15 18:00:00,0.0,0.0,2024-09-15,18
2024-09-15 19:00:00,0.0,0.0,2024-09-15,19
2024-09-15 20:00:00,0.0,0.0,2024-09-15,20
2024-09-15 21:00:00,0.0,0.0,2024-09-15,21
2024-09-15 22:00:00,0.0,0.0,2024-09-15,22
2024-09-15 23:00:00,0.0,0.0,2024-09-15,23
2024-09-16 00:00:00,0.0,0.0,2024-09-16,0
2024-09-16 01:00:00,0.0,0.0,2024-09-16,1
2024-09-16 02:00:00,0.0,0.0,2024-09-16,2
2024-09-16 03:00:00,0.0,0.0,2024-09-16,3
2024-09-16 04:00:00,0.0,0.0,2024-09-16,4
2024-09-16 05:00:00,0.01566699,0.01267058,2024-09-16,5
2024-09-16 06:00:00,0.07742985,0.07538535,2024-09-16,6
2024-09-16 07:00:00,0.08836747,0.08596152,2024-09-16,7
2024-09-16 08:00:00,0.1536568,0.1495613,2024-09-16,8
2024-09-16 09:00:00,0.4343742,0.4320342,2024-09-16,9
2024-09-16 10:00:00,0.3163553,0.3086882,2024-09-16,10
2024-09-16 11:00:00,0.3101065,0.3023616,2024-09-16,11
2024-09-16 12:00:00,0.3176309,0.3099221,2024-09-16,12
2024-09-16 13:00:00,0.205573,0.2001481,2024-09-16,13
2024-09-16 14:00:00,0.1405279,0.1367464,2024-09-16,14
2024-09-16 15:00:00,0.1956505,0.1913842,2024-09-16,15
2024-09-16 16:00:00,0.1207534,0.1183868,2024-09-16,16
2024-09-16 17:00:00,0.02693281,0.02204677,2024-09-16,17
2024-09-16 18:00:00,0.0,0.0,2024-09-16,18
2024-09-16 19:00:00,0.0,0.0,2024-09-16,19
2024-09-16 20:00:00,0.0,0.0,2024-09-16,20
2024-09-16 21:00:00,0.0,0.0,2024-09-16,21
2024-09-16 22:00:00,0.0,0.0,2024-09-16,22
2024-09-16 23:00:00,0.0,0.0,2024-09-16,23
2024-09-17 00:00:00,0.0,0.0,2024-09-17,0
2024-09-17 01:00:00,0.0,0.0,2024-09-17,1
2024-09-17 02:00:00,0.0,0.0,2024-09-17,2
2024-09-17 03:00:00,0.0,0.0,2024-09-17,3
2024-09-17 04:00:00,0.0,0.0,2024-09-17,4
2024-09-17 05:00:00,0.02398681,0.0,2024-09-17,5
2024-09-17 06:00:00,0.153359,0.1537822,2024-09-17,6
2024-09-17 07:00:00,0.2725936,0.2729555,2024-09-17,7
2024-09-17 08:00:00,0.4049155,0.4083455,2024-09-17,8
2024-09-17 09:00:00,0.6563067,0.6881462,2024-09-17,9
2024-09-17 10:00:00,0.747884,0.786903,2024-09-17,10
2024-09-17 11:00:00,0.7119571,0.7403475,2024-09-17,11
2024-09-17 12:00:00,0.6038022,0.6159528,2024-09-17,12
2024-09-17 13:00:00,0.3654937,0.3593592,2024-09-17,13
2024-09-17 14:00:00,0.5904806,0.6239086,2024-09-17,14
2024-09-17 15:00:00,0.341338,0.3495653,2024-09-17,15
2024-09-17 16:00:00,0.08291321,0.08075756,2024-09-17,16
2024-09-17 17:00:00,0.02338354,0.02020385,2024-09-17,17
2024-09-17 18:00:00,0.0,0.0,2024-09-17,18
2024-09-17 19:00:00,0.0,0.0,2024-09-17,19
2024-09-17 20:00:00,0.0,0.0,2024-09-17,20
2024-09-17 21:00:00,0.0,0.0,2024-09-17,21
2024-09-17 22:00:00,0.0,0.0,2024-09-17,22
2024-09-17 23:00:00,0.0,0.0,2024-09-17,23
2024-09-18 00:00:00,0.0,0.0,2024-09-18,0
2024-09-18 01:00:00,0.0,0.0,2024-09-18,1
2024-09-18 02:00:00,0.0,0.0,2024-09-18,2
2024-09-18 03:00:00,0.0,0.0,2024-09-18,3
2024-09-18 04:00:00,0.0,0.0,2024-09-18,4
2024-09-18 05:00:00,0.02181325,0.0,2024-09-18,5
2024-09-18 06:00:00,0.1558356,0.1573242,2024-09-18,6
2024-09-18 07:00:00,0.3239569,0.3320219,2024-09-18,7
2024-09-18 08:00:00,0.5528507,0.5829251,2024-09-18,8
2024-09-18 09:00:00,0.7764677,0.8313048,2024-09-18,9
2024-09-18 10:00:00,0.8923277,0.9577782,2024-09-18,10
2024-09-18 11:00:00,0.9042178,0.9693795,2024-09-18,11
2024-09-18 12:00:00,0.7201278,0.755119,2024-09-18,12
2024-09-18 13:00:00,0.4017965,0.3975304,2024-09-18,13
2024-09-18 14:00:00,0.3946086,0.3966439,2024-09-18,14
2024-09-18 15:00:00,0.376653,0.3926257,2024-09-18,15
2024-09-18 16:00:00,0.1842923,0.1884829,2024-09-18,16
2024-09-18 17:00:00,0.02743213,0.02138932,2024-09-18,17
2024-09-18 18:00:00,0.0,0.0,2024-09-18,18
2024-09-18 19:00:00,0.0,0.0,2024-09-18,19
2024-09-18 20:00:00,0.0,0.0,2024-09-18,20
2024-09-18 21:00:00,0.0,0.0,2024-09-18,21
2024-09-18 22:00:00,0.0,0.0,2024-09-18,22
2024-09-18 23:00:00,0.0,0.0,2024-09-18,23
2024-09-19 00:00:00,0.0,0.0,2024-09-19,0
2024-09-19 01:00:00,0.0,0.0,2024-09-19,1
2024-09-19 02:00:00,0.0,0.0,2024-09-19,2
2024-09-19 03:00:00,0.0,0.0,2024-09-19,3
2024-09-19 04:00:00,0.0,0.0,2024-09-19,4
2024-09-19 05:00:00,0.02566846,0.0,2024-09-19,5
2024-09-19 06:00:00,0.1319786,0.1315761,2024-09-19,6
2024-09-19 07:00:00,0.2483261,0.2473328,2024-09-19,7
2024-09-19 08:00:00,0.638665,0.685629,2024-09-19,8
2024-09-19 09:00:00,0.7299929,0.7797648,2024-09-19,9
2024-09-19 10:00:00,0.8158247,0.8718653,2024-09-19,10
2024-09-19 11:00:00,0.5210999,0.5215814,2024-09-19,11
2024-09-19 12:00:00,0.8356847,0.8948845,2024-09-19,12
2024-09-19 13:00:00,0.625456,0.6538789,2024-09-19,13
2024-09-19 14:00:00,0.4451677,0.4553889,2024-09-19,14
2024-09-19 15:00:00,0.3855449,0.4052098,2024-09-19,15
2024-09-19 16:00:00,0.1641827,0.166701,2024-09-19,16
2024-09-19 17:00:00,0.01651178,0.01553585,2024-09-19,17
2024-09-19 18:00:00,0.0,0.0,2024-09-19,18
2024-09-19 19:00:00,0.0,0.0,2024-09-19,19
2024-09-19 20:00:00,0.0,0.0,2024-09-19,20
2024-09-19 21:00:00,0.0,0.0,2024-09-19,21
2024-09-19 22:00:00,0.0,0.0,2024-09-19,22
2024-09-19 23:00:00,0.0,0.0,2024-09-19,23
2024-09-20 00:00:00,0.0,0.0,2024-09-20,0
2024-09-20 01:00:00,0.0,0.0,2024-09-20,1
2024-09-20 02:00:00,0.0,0.0,2024-09-20,2
2024-09-20 03:00:00,0.0,0.0,2024-09-20,3
2024-09-20 04:00:00,0.0,0.0,2024-09-20,4
2024-09-20 05:00:00,0.02199577,0.0,2024-09-20,5
2024-09-20 06:00:00,0.09441613,0.09244922,2024-09-20,6
2024-09-20 07:00:00,0.1599603,0.1561261,2024-09-20,7
2024-09-20 08:00:00,0.2688162,0.2635592,2024-09-20,8
2024-09-20 09:00:00,0.4765238,0.4805492,2024-09-20,9
2024-09-20 10:00:00,0.5036468,0.504719,2024-09-20,10
2024-09-20 11:00:00,0.7665455,0.8113346,2024-09-20,11
2024-09-20 12:00:00,0.6415779,0.6640823,2024-09-20,12
2024-09-20 13:00:00,0.7265555,0.777518,2024-09-20,13
2024-09-20 14:00:00,0.5247588,0.5520375,2024-09-20,14
2024-09-20 15:00:00,0.4091107,0.4357006,2024-09-20,15
2024-09-20 16:00:00,0.1493063,0.1507395,2024-09-20,16
2024-09-20 17:00:00,0.0170086,0.0162611,2024-09-20,17
2024-09-20 18:00:00,0.0,0.0,2024-09-20,18
2024-09-20 19:00:00,0.0,0.0,2024-09-20,19
2024-09-20 20:00:00,0.0,0.0,2024-09-20,20
2024-09-20 21:00:00,0.0,0.0,2024-09-20,21
2024-09-20 22:00:00,0.0,0.0,2024-09-20,22
2024-09-20 23:00:00,0.0,0.0,2024-09-20,23
2024-09-21 00:00:00,0.0,0.0,2024-09-21,0
2024-09-21 01:00:00,0.0,0.0,2024-09-21,1
2024-09-21 02:00:00,0.0,0.0,2024-09-21,2
2024-09-21 03:00:00,0.0,0.0,2024-09-21,3
2024-09-21 04:00:00,0.0,0.0,2024-09-21,4
2024-09-21 05:00:00,0.0204259,0.0,2024-09-21,5
2024-09-21 06:00:00,0.08645378,0.08450956,2024-09-21,6
2024-09-21 07:00:00,0.1524933,0.1487705,2024-09-21,7
2024-09-21 08:00:00,0.4489353,0.4628814,2024-09-21,8
2024-09-21 09:00:00,0.1062803,0.1033583,2024-09-21,9
2024-09-21 10:00:00,0.1621789,0.1578149,2024-09-21,10
2024-09-21 11:00:00,0.503436,0.5030865,2024-09-21,11
2024-09-21 12:00:00,0.6542354,0.6807453,2024-09-21,12
2024-09-21 13:00:00,0.3666059,0.3613358,2024-09-21,13
2024-09-21 14:00:00,0.1454752,0.1416335,2024-09-21,14
2024-09-21 15:00:00,0.05036676,0.04896766,2024-09-21,15
2024-09-21 16:00:00,0.06831637,0.0665706,2024-09-21,16
2024-09-21 17:00:00,0.007233549,0.007123786,2024-09-21,17
2024-09-21 18:00:00,0.0,0.0,2024-09-21,18
2024-09-21 19:00:00,0.0,0.0,2024-09-21,19
2024-09-21 20:00:00,0.0,0.0,2024-09-21,20
2024-09-21 21:00:00,0.0,0.0,2024-09-21,21
2024-09-21 22:00:00,0.0,0.0,2024-09-21,22
2024-09-21 23:00:00,0.0,0.0,2024-09-21,23
2024-09-22 00:00:00,0.0,0.0,2024-09-22,0
2024-09-22 01:00:00,0.0,0.0,2024-09-22,1
2024-09-22 02:00:00,0.0,0.0,2024-09-22,2
2024-09-22 03:00:00,0.0,0.0,2024-09-22,3
2024-09-22 04:00:00,0.0,0.0,2024-09-22,4
2024-09-22 05:00:00,0.01187567,0.0,2024-09-22,5
2024-09-22 06:00:00,0.1717696,0.1805074,2024-09-22,6
2024-09-22 07:00:00,0.4910634,0.5364709,2024-09-22,7
2024-09-22 08:00:00,0.7357298,0.8023341,2024-09-22,8
2024-09-22 09:00:00,0.837325,0.9112107,2024-09-22,9
2024-09-22 10:00:00,0.8789177,0.9533204,2024-09-22,10
2024-09-22 11:00:00,1.020388,1.110534,2024-09-22,11
2024-09-22 12:00:00,0.9569705,1.041308,2024-09-22,12
2024-09-22 13:00:00,0.8531935,0.9287667,2024-09-22,13
2024-09-22 14:00:00,0.5604475,0.599866,2024-09-22,14
2024-09-22 15:00:00,0.3596571,0.3799154,2024-09-22,15
2024-09-22 16:00:00,0.2032632,0.2192349,2024-09-22,16
2024-09-22 17:00:00,0.02914593,0.0,2024-09-22,17
2024-09-22 18:00:00,0.0,0.0,2024-09-22,18
2024-09-22 19:00:00,0.0,0.0,2024-09-22,19
2024-09-22 20:00:00,0.0,0.0,2024-09-22,20
2024-09-22 21:00:00,0.0,0.0,2024-09-22,21
2024-09-22 22:00:00,0.0,0.0,2024-09-22,22
2024-09-22 23:00:00,0.0,0.0,2024-09-22,23
2024-09-23 00:00:00,0.0,0.0,2024-09-23,0
2024-09-23 01:00:00,0.0,0.0,2024-09-23,1
2024-09-23 02:00:00,0.0,0.0,2024-09-23,2
2024-09-23 03:00:00,0.0,0.0,2024-09-23,3
2024-09-23 04:00:00,0.0,0.0,2024-09-23,4
2024-09-23 05:00:00,0.01885263,0.0,2024-09-23,5
2024-09-23 06:00:00,0.1798474,0.1921939,2024-09-23,6
2024-09-23 07:00:00,0.3427302,0.3610533,2024-09-23,7
2024-09-23 08:00:00,0.5132526,0.5441153,2024-09-23,8
2024-09-23 09:00:00,0.5488326,0.567686,2024-09-23,9
2024-09-23 10:00:00,0.6284875,0.6525178,2024-09-23,10
2024-09-23 11:00:00,0.8956654,0.9729452,2024-09-23,11
2024-09-23 12:00:00,0.6966879,0.7359504,2024-09-23,12
2024-09-23 13:00:00,0.7665116,0.8327525,2024-09-23,13
2024-09-23 14:00:00,0.5711491,0.6154025,2024-09-23,14
2024-09-23 15:00:00,0.2319343,0.2308231,2024-09-23,15
2024-09-23 16:00:00,0.1261798,0.126766,2024-09-23,16
2024-09-23 17:00:00,0.01051587,0.0,2024-09-23,17
2024-09-23 18:00:00,0.0,0.0,2024-09-23,18
2024-09-23 19:00:00,0.0,0.0,2024-09-23,19
2024-09-23 20:00:00,0.0,0.0,2024-09-23,20
2024-09-23 21:00:00,0.0,0.0,2024-09-23,21
2024-09-23 22:00:00,0.0,0.0,2024-09-23,22
2024-09-23 23:00:00,0.0,0.0,2024-09-23,23
2024-09-24 00:00:00,0.0,0.0,2024-09-24,0
2024-09-24 01:00:00,0.0,0.0,2024-09-24,1
2024-09-24 02:00:00,0.0,0.0,2024-09-24,2
2024-09-24 03:00:00,0.0,0.0,2024-09-24,3
2024-09-24 04:00:00,0.0,0.0,2024-09-24,4
2024-09-24 05:00:00,0.01601228,0.0,2024-09-24,5
2024-09-24 06:00:00,0.2186829,0.2438673,2024-09-24,6
2024-09-24 07:00:00,0.4538515,0.4998181,2024-09-24,7
2024-09-24 08:00:00,0.6016703,0.6549968,2024-09-24,8
2024-09-24 09:00:00,0.8010277,0.8757498,2024-09-24,9
2024-09-24 10:00:00,0.9506522,1.040273,2024-09-24,10
2024-09-24 11:00:00,0.8011712,0.8622404,2024-09-24,11
2024-09-24 12:00:00,0.6082762,0.6293498,2024-09-24,12
2024-09-24 13:00:00,0.6125394,0.6472473,2024-09-24,13
2024-09-24 14:00:00,0.5029416,0.5331876,2024-09-24,14
2024-09-24 15:00:00,0.3578089,0.3817671,2024-09-24,15
2024-09-24 16:00:00,0.1682514,0.1790983,2024-09-24,16
2024-09-24 17:00:00,0.0211271,0.0,2024-09-24,17
2024-09-24 18:00:00,0.0,0.0,2024-09-24,18
2024-09-24 19:00:00,0.0,0.0,2024-09-24,19
2024-09-24 20:00:00,0.0,0.0,2024-09-24,20
2024-09-24 21:00:00,0.0,0.0,2024-09-24,21
2024-09-24 22:00:00,0.0,0.0,2024-09-24,22
2024-09-24 23:00:00,0.0,0.0,2024-09-24,23
2024-09-25 00:00:00,0.0,0.0,2024-09-25,0
2024-09-25 01:00:00,0.0,0.0,2024-09-25,1
2024-09-25 02:00:00,0.0,0.0,2024-09-25,2
2024-09-25 03:00:00,0.0,0.0,2024-09-25,3
2024-09-25 04:00:00,0.0,0.0,2024-09-25,4
2024-09-25 05:00:00,0.0218552,0.0,2024-09-25,5
2024-09-25 06:00:00,0.2276524,0.2576777,2024-09-25,6
2024-09-25 07:00:00,0.4959218,0.5508528,2024-09-25,7
2024-09-25 08:00:00,0.6919287,0.7628404,2024-09-25,8
2024-09-25 09:00:00,0.927537,1.020517,2024-09-25,9
2024-09-25 10:00:00,0.9801028,1.075965,2024-09-25,10
2024-09-25 11:00:00,1.020006,1.119372,2024-09-25,11
2024-09-25 12:00:00,1.017683,1.117822,2024-09-25,12
2024-09-25 13:00:00,0.8619484,0.9474892,2024-09-25,13
2024-09-25 14:00:00,0.7065654,0.7792974,2024-09-25,14
2024-09-25 15:00:00,0.5088341,0.5656001,2024-09-25,15
2024-09-25 16:00:00,0.2432881,0.2768098,2024-09-25,16
2024-09-25 17:00:00,0.01992874,0.0,2024-09-25,17
2024-09-25 18:00:00,0.0,0.0,2024-09-25,18
2024-09-25 19:00:00,0.0,0.0,2024-09-25,19
2024-09-25 20:00:00,0.0,0.0,2024-09-25,20
2024-09-25 21:00:00,0.0,0.0,2024-09-25,21
2024-09-25 22:00:00,0.0,0.0,2024-09-25,22
2024-09-25 23:00:00,0.0,0.0,2024-09-25,23
2024-09-26 00:00:00,0.0,0.0,2024-09-26,0
2024-09-26 01:00:00,0.0,0.0,2024-09-26,1
2024-09-26 02:00:00,0.0,0.0,2024-09-26,2
2024-09-26 03:00:00,0.0,0.0,2024-09-26,3
2024-09-26 04:00:00,0.0,0.0,2024-09-26,4
2024-09-26 05:00:00,0.01608372,0.0,2024-09-26,5
2024-09-26 06:00:00,0.1089501,0.1086075,2024-09-26,6
2024-09-26 07:00:00,0.09128166,0.08889464,2024-09-26,7
2024-09-26 08:00:00,0.1180741,0.1149367,2024-09-26,8
2024-09-26 09:00:00,0.1889634,0.1840769,2024-09-26,9
2024-09-26 10:00:00,0.4540475,0.4526566,2024-09-26,10
2024-09-26 11:00:00,0.6859623,0.7232639,2024-09-26,11
2024-09-26 12:00:00,0.7802679,0.8459398,2024-09-26,12
2024-09-26 13:00:00,0.5138325,0.5291529,2024-09-26,13
2024-09-26 14:00:00,0.4364619,0.4539862,2024-09-26,14
2024-09-26 15:00:00,0.333199,0.3545739,2024-09-26,15
2024-09-26 16:00:00,0.1367106,0.141891,2024-09-26,16
2024-09-26 17:00:00,0.007681995,0.0,2024-09-26,17
2024-09-26 18:00:00,0.0,0.0,2024-09-26,18
2024-09-26 19:00:00,0.0,0.0,2024-09-26,19
2024-09-26 20:00:00,0.0,0.0,2024-09-26,20
2024-09-26 21:00:00,0.0,0.0,2024-09-26,21
2024-09-26 22:00:00,0.0,0.0,2024-09-26,22
2024-09-26 23:00:00,0.0,0.0,2024-09-26,23
2024-09-27 00:00:00,0.0,0.0,2024-09-27,0
2024-09-27 01:00:00,0.0,0.0,2024-09-27,1
2024-09-27 02:00:00,0.0,0.0,2024-09-27,2
2024-09-27 03:00:00,0.0,0.0,2024-09-27,3
2024-09-27 04:00:00,0.0,0.0,2024-09-27,4
2024-09-27 05:00:00,0.01458833,0.0,2024-09-27,5
2024-09-27 06:00:00,0.09230825,0.09096159,2024-09-27,6
2024-09-27 07:00:00,0.2661508,0.2714856,2024-09-27,7
2024-09-27 08:00:00,0.2785019,0.2743991,2024-09-27,8
2024-09-27 09:00:00,0.2118387,0.2064668,2024-09-27,9
2024-09-27 10:00:00,0.1743966,0.1697902,2024-09-27,10
2024-09-27 11:00:00,0.1825651,0.1777471,2024-09-27,11
2024-09-27 12:00:00,0.3209655,0.3139093,2024-09-27,12
2024-09-27 13:00:00,0.5000975,0.5137663,2024-09-27,13
2024-09-27 14:00:00,0.4145813,0.4285024,2024-09-27,14
2024-09-27 15:00:00,0.2506663,0.254187,2024-09-27,15
2024-09-27 16:00:00,0.07703947,0.07548022,2024-09-27,16
2024-09-27 17:00:00,0.003174176,0.0,2024-09-27,17
2024-09-27 18:00:00,0.0,0.0,2024-09-27,18
2024-09-27 19:00:00,0.0,0.0,2024-09-27,19
2024-09-27 20:00:00,0.0,0.0,2024-09-27,20
2024-09-27 21:00:00,0.0,0.0,2024-09-27,21
2024-09-27 22:00:00,0.0,0.0,2024-09-27,22
2024-09-27 23:00:00,0.0,0.0,2024-09-27,23
2024-09-28 00:00:00,0.0,0.0,2024-09-28,0
2024-09-28 01:00:00,0.0,0.0,2024-09-28,1
2024-09-28 02:00:00,0.0,0.0,2024-09-28,2
2024-09-28 03:00:00,0.0,0.0,2024-09-28,3
2024-09-28 04:00:00,0.0,0.0,2024-09-28,4
2024-09-28 05:00:00,0.01065648,0.0,2024-09-28,5
2024-09-28 06:00:00,0.1168381,0.1181289,2024-09-28,6
2024-09-28 07:00:00,0.2390569,0.24056,2024-09-28,7
2024-09-28 08:00:00,0.2599216,0.2553021,2024-09-28,8
2024-09-28 09:00:00,0.3440073,0.3390512,2024-09-28,9
2024-09-28 10:00:00,0.3475726,0.3408471,2024-09-28,10
2024-09-28 11:00:00,0.4861948,0.4872761,2024-09-28,11
2024-09-28 12:00:00,0.8557827,0.943078,2024-09-28,12
2024-09-28 13:00:00,0.7987189,0.8849946,2024-09-28,13
2024-09-28 14:00:00,0.543499,0.5936708,2024-09-28,14
2024-09-28 15:00:00,0.2668735,0.2743397,2024-09-28,15
2024-09-28 16:00:00,0.09703522,0.09663635,2024-09-28,16
2024-09-28 17:00:00,0.006038446,0.0,2024-09-28,17
2024-09-28 18:00:00,0.0,0.0,2024-09-28,18
2024-09-28 19:00:00,0.0,0.0,2024-09-28,19
2024-09-28 20:00:00,0.0,0.0,2024-09-28,20
2024-09-28 21:00:00,0.0,0.0,2024-09-28,21
2024-09-28 22:00:00,0.0,0.0,2024-09-28,22
2024-09-28 23:00:00,0.0,0.0,2024-09-28,23
2024-09-29 00:00:00,0.0,0.0,2024-09-29,0
2024-09-29 01:00:00,0.0,0.0,2024-09-29,1
2024-09-29 02:00:00,0.0,0.0,2024-09-29,2
2024-09-29 03:00:00,0.0,0.0,2024-09-29,3
2024-09-29 04:00:00,0.0,0.0,2024-09-29,4
2024-09-29 05:00:00,0.01626334,0.0,2024-09-29,5
2024-09-29 06:00:00,0.1520985,0.1636462,2024-09-29,6
2024-09-29 07:00:00,0.3463757,0.3753144,2024-09-29,7
2024-09-29 08:00:00,0.5790831,0.6395406,2024-09-29,8
2024-09-29 09:00:00,0.8697449,0.968394,2024-09-29,9
2024-09-29 10:00:00,0.8920164,0.9883249,2024-09-29,10
2024-09-29 11:00:00,1.08011,1.199695,2024-09-29,11
2024-09-29 12:00:00,1.042557,1.15907,2024-09-29,12
2024-09-29 13:00:00,0.8255763,0.9189146,2024-09-29,13
2024-09-29 14:00:00,0.6495509,0.7269247,2024-09-29,14
2024-09-29 15:00:00,0.4511073,0.5122687,2024-09-29,15
2024-09-29 16:00:00,0.2112097,0.2512341,2024-09-29,16
2024-09-29 17:00:00,0.01290142,0.0,2024-09-29,17
2024-09-29 18:00:00,0.0,0.0,2024-09-29,18
2024-09-29 19:00:00,0.0,0.0,2024-09-29,19
2024-09-29 20:00:00,0.0,0.0,2024-09-29,20
2024-09-29 21:00:00,0.0,0.0,2024-09-29,21
2024-09-29 22:00:00,0.0,0.0,2024-09-29,22
2024-09-29 23:00:00,0.0,0.0,2024-09-29,23
2024-09-30 00:00:00,0.0,0.0,2024-09-30,0
2024-09-30 01:00:00,0.0,0.0,2024-09-30,1
2024-09-30 02:00:00,0.0,0.0,2024-09-30,2
2024-09-30 03:00:00,0.0,0.0,2024-09-30,3
2024-09-30 04:00:00,0.0,0.0,2024-09-30,4
2024-09-30 05:00:00,0.01332927,0.0,2024-09-30,5
2024-09-30 06:00:00,0.1189068,0.1214079,2024-09-30,6
2024-09-30 07:00:00,0.1953833,0.1931707,2024-09-30,7
2024-09-30 08:00:00,0.3026204,0.3005653,2024-09-30,8
2024-09-30 09:00:00,0.5582516,0.588167,2024-09-30,9
2024-09-30 10:00:00,0.7561091,0.8249043,2024-09-30,10
2024-09-30 11:00:00,1.009601,1.123415,2024-09-30,11
2024-09-30 12:00:00,0.931453,1.036901,2024-09-30,12
2024-09-30 13:00:00,0.8072599,0.9009681,2024-09-30,13
2024-09-30 14:00:00,0.4963345,0.5375647,2024-09-30,14
2024-09-30 15:00:00,0.3032889,0.3232219,2024-09-30,15
2024-09-30 16:00:00,0.1387969,0.1508381,2024-09-30,16
2024-09-30 17:00:00,0.009960478,0.0,2024-09-30,17
2024-09-30 18:00:00,0.0,0.0,2024-09-30,18
2024-09-30 19:00:00,0.0,0.0,2024-09-30,19
2024-09-30 20:00:00,0.0,0.0,2024-09-30,20
2024-09-30 21:00:00,0.0,0.0,2024-09-30,21
2024-09-30 22:00:00,0.0,0.0,2024-09-30,22
2024-09-30 23:00:00,0.0,0.0,2024-09-30,23
2024-10-01 00:00:00,0.0,0.0,2024-10-01,0
2024-10-01 01:00:00,0.0,0.0,2024-10-01,1
2024-10-01 02:00:00,0.0,0.0,2024-10-01,2
2024-10-01 03:00:00,0.0,0.0,2024-10-01,3
2024-10-01 04:00:00,0.0,0.0,2024-10-01,4
2024-10-01 05:00:00,0.01423251,0.0,2024-10-01,5
2024-10-01 06:00:00,0.01682027,0.0163582,2024-10-01,6
2024-10-01 07:00:00,0.1075759,0.104895,2024-10-01,7
2024-10-01 08:00:00,0.3174493,0.3170517,2024-10-01,8
2024-10-01 09:00:00,0.5879989,0.6276989,2024-10-01,9
2024-10-01 10:00:00,0.5998977,0.6276162,2024-10-01,10
2024-10-01 11:00:00,0.7204905,0.7763013,2024-10-01,11
2024-10-01 12:00:00,0.6298813,0.6663708,2024-10-01,12
2024-10-01 13:00:00,0.5890504,0.6310704,2024-10-01,13
2024-10-01 14:00:00,0.3096282,0.3092774,2024-10-01,14
2024-10-01 15:00:00,0.1578259,0.1547581,2024-10-01,15
2024-10-01 16:00:00,0.04825082,0.04712042,2024-10-01,16
2024-10-01 17:00:00,0.000899244,0.0,2024-10-01,17
2024-10-01 18:00:00,0.0,0.0,2024-10-01,18
2024-10-01 19:00:00,0.0,0.0,2024-10-01,19
2024-10-01 20:00:00,0.0,0.0,2024-10-01,20
2024-10-01 21:00:00,0.0,0.0,2024-10-01,21
2024-10-01 22:00:00,0.0,0.0,2024-10-01,22
2024-10-01 23:00:00,0.0,0.0,2024-10-01,23
2024-10-02 00:00:00,0.0,0.0,2024-10-02,0
2024-10-02 01:00:00,0.0,0.0,2024-10-02,1
2024-10-02 02:00:00,0.0,0.0,2024-10-02,2
2024-10-02 03:00:00,0.0,0.0,2024-10-02,3
2024-10-02 04:00:00,0.0,0.0,2024-10-02,4
2024-10-02 05:00:00,0.01313082,0.0,2024-10-02,5
2024-10-02 06:00:00,0.08385857,0.08263961,2024-10-02,6
2024-10-02 07:00:00,0.1640988,0.1609328,2024-10-02,7
2024-10-02 08:00:00,0.3781601,0.3876057,2024-10-02,8
2024-10-02 09:00:00,0.2555105,0.2495303,2024-10-02,9
2024-10-02 10:00:00,0.1160203,0.112872,2024-10-02,10
2024-10-02 11:00:00,0.2021578,0.1969498,2024-10-02,11
2024-10-02 12:00:00,0.4850073,0.49069,2024-10-02,12
2024-10-02 13:00:00,0.2611189,0.2551789,2024-10-02,13
2024-10-02 14:00:00,0.2701687,0.2669465,2024-10-02,14
2024-10-02 15:00:00,0.06196037,0.06031796,2024-10-02,15
2024-10-02 16:00:00,0.04707137,0.04598249,2024-10-02,16
2024-10-02 17:00:00,0.002210352,0.0,2024-10-02,17
2024-10-02 18:00:00,0.0,0.0,2024-10-02,18
2024-10-02 19:00:00,0.0,0.0,2024-10-02,19
2024-10-02 20:00:00,0.0,0.0,2024-10-02,20
2024-10-02 21:00:00,0.0,0.0,2024-10-02,21
2024-10-02 22:00:00,0.0,0.0,2024-10-02,22
2024-10-02 23:00:00,0.0,0.0,2024-10-02,23
2024-10-03 00:00:00,0.0,0.0,2024-10-03,0
2024-10-03 01:00:00,0.0,0.0,2024-10-03,1
2024-10-03 02:00:00,0.0,0.0,2024-10-03,2
2024-10-03 03:00:00,0.0,0.0,2024-10-03,3
2024-10-03 04:00:00,0.0,0.0,2024-10-03,4
2024-10-03 05:00:00,0.01264244,0.0,2024-10-03,5
2024-10-03 06:00:00,0.06706382,0.06564592,2024-10-03,6
2024-10-03 07:00:00,0.06480884,0.06309298,2024-10-03,7
2024-10-03 08:00:00,0.1575807,0.1536416,2024-10-03,8
2024-10-03 09:00:00,0.2212016,0.2157583,2024-10-03,9
2024-10-03 10:00:00,0.5815286,0.6071171,2024-10-03,10
2024-10-03 11:00:00,0.7292843,0.7919111,2024-10-03,11
2024-10-03 12:00:00,0.5181217,0.5303672,2024-10-03,12
2024-10-03 13:00:00,0.5647037,0.6033309,2024-10-03,13
2024-10-03 14:00:00,0.2865523,0.2847563,2024-10-03,14
2024-10-03 15:00:00,0.2264761,0.2302232,2024-10-03,15
2024-10-03 16:00:00,0.06228846,0.06106924,2024-10-03,16
2024-10-03 17:00:00,0.004895239,0.0,2024-10-03,17
2024-10-03 18:00:00,0.0,0.0,2024-10-03,18
2024-10-03 19:00:00,0.0,0.0,2024-10-03,19
2024-10-03 20:00:00,0.0,0.0,2024-10-03,20
2024-10-03 21:00:00,0.0,0.0,2024-10-03,21
2024-10-03 22:00:00,0.0,0.0,2024-10-03,22
2024-10-03 23:00:00,0.0,0.0,2024-10-03,23
2024-10-04 00:00:00,0.0,0.0,2024-10-04,0
2024-10-04 01:00:00,0.0,0.0,2024-10-04,1
2024-10-04 02:00:00,0.0,0.0,2024-10-04,2
2024-10-04 03:00:00,0.0,0.0,2024-10-04,3
2024-10-04 04:00:00,0.0,0.0,2024-10-04,4
2024-10-04 05:00:00,0.01372819,0.0,2024-10-04,5
2024-10-04 06:00:00,0.141932,0.1550835,2024-10-04,6
2024-10-04 07:00:00,0.3433153,0.3801154,2024-10-04,7
2024-10-04 08:00:00,0.5443844,0.6066023,2024-10-04,8
2024-10-04 09:00:00,0.6338115,0.6931759,2024-10-04,9
2024-10-04 10:00:00,0.781405,0.8670204,2024-10-04,10
2024-10-04 11:00:00,0.6871549,0.7391337,2024-10-04,11
2024-10-04 12:00:00,0.7819325,0.8690884,2024-10-04,12
2024-10-04 13:00:00,0.7478717,0.8423892,2024-10-04,13
2024-10-04 14:00:00,0.6618934,0.7569618,2024-10-04,14
2024-10-04 15:00:00,0.4207179,0.4915231,2024-10-04,15
2024-10-04 16:00:00,0.1625334,0.1989552,2024-10-04,16
2024-10-04 17:00:00,0.007834503,0.0,2024-10-04,17
2024-10-04 18:00:00,0.0,0.0,2024-10-04,18
2024-10-04 19:00:00,0.0,0.0,2024-10-04,19
2024-10-04 20:00:00,0.0,0.0,2024-10-04,20
2024-10-04 21:00:00,0.0,0.0,2024-10-04,21
2024-10-04 22:00:00,0.0,0.0,2024-10-04,22
2024-10-04 23:00:00,0.0,0.0,2024-10-04,23
2024-10-05 00:00:00,0.0,0.0,2024-10-05,0
2024-10-05 01:00:00,0.0,0.0,2024-10-05,1
2024-10-05 02:00:00,0.0,0.0,2024-10-05,2
2024-10-05 03:00:00,0.0,0.0,2024-10-05,3
2024-10-05 04:00:00,0.0,0.0,2024-10-05,4
2024-10-05 05:00:00,0.00841365,0.0,2024-10-05,5
2024-10-05 06:00:00,0.03001473,0.0292493,2024-10-05,6
2024-10-05 07:00:00,0.214186,0.2148538,2024-10-05,7
2024-10-05 08:00:00,0.2429462,0.2385794,2024-10-05,8
2024-10-05 09:00:00,0.2916062,0.2859053,2024-10-05,9
2024-10-05 10:00:00,0.6215922,0.6609306,2024-10-05,10
2024-10-05 11:00:00,0.9801455,1.105651,2024-10-05,11
2024-10-05 12:00:00,0.9124007,1.03045,2024-10-05,12
2024-10-05 13:00:00,0.5401945,0.5749621,2024-10-05,13
2024-10-05 14:00:00,0.1944155,0.1899505,2024-10-05,14
2024-10-05 15:00:00,0.1229315,0.1201104,2024-10-05,15
2024-10-05 16:00:00,0.1394053,0.1641606,2024-10-05,16
2024-10-05 17:00:00,0.006819114,0.0,2024-10-05,17
2024-10-05 18:00:00,0.0,0.0,2024-10-05,18
2024-10-05 19:00:00,0.0,0.0,2024-10-05,19
2024-10-05 20:00:00,0.0,0.0,2024-10-05,20
2024-10-05 21:00:00,0.0,0.0,2024-10-05,21
2024-10-05 22:00:00,0.0,0.0,2024-10-05,22
2024-10-05 23:00:00,0.0,0.0,2024-10-05,23
2024-10-06 00:00:00,0.0,0.0,2024-10-06,0
2024-10-06 01:00:00,0.0,0.0,2024-10-06,1
2024-10-06 02:00:00,0.0,0.0,2024-10-06,2
2024-10-06 03:00:00,0.0,0.0,2024-10-06,3
2024-10-06 04:00:00,0.0,0.0,2024-10-06,4
2024-10-06 05:00:00,0.01188065,0.0,2024-10-06,5
2024-10-06 06:00:00,0.1999927,0.2507745,2024-10-06,6
2024-10-06 07:00:00,0.4083337,0.4752669,2024-10-06,7
2024-10-06 08:00:00,0.6902687,0.7943426,2024-10-06,8
2024-10-06 09:00:00,0.8567443,0.9753662,2024-10-06,9
2024-10-06 10:00:00,0.9536636,1.080322,2024-10-06,10
2024-10-06 11:00:00,1.038049,1.175414,2024-10-06,11
2024-10-06 12:00:00,0.9154029,1.036955,2024-10-06,12
2024-10-06 13:00:00,0.8595589,0.980082,2024-10-06,13
2024-10-06 14:00:00,0.6825672,0.7877432,2024-10-06,14
2024-10-06 15:00:00,0.4240494,0.5024526,2024-10-06,15
2024-10-06 16:00:00,0.1490223,0.1839096,2024-10-06,16
2024-10-06 17:00:00,0.005761791,0.0,2024-10-06,17
2024-10-06 18:00:00,0.0,0.0,2024-10-06,18
2024-10-06 19:00:00,0.0,0.0,2024-10-06,19
2024-10-06 20:00:00,0.0,0.0,2024-10-06,20
2024-10-06 21:00:00,0.0,0.0,2024-10-06,21
2024-10-06 22:00:00,0.0,0.0,2024-10-06,22
2024-10-06 23:00:00,0.0,0.0,2024-10-06,23
2024-10-07 00:00:00,0.0,0.0,2024-10-07,0
2024-10-07 01:00:00,0.0,0.0,2024-10-07,1
2024-10-07 02:00:00,0.0,0.0,2024-10-07,2
2024-10-07 03:00:00,0.0,0.0,2024-10-07,3
2024-10-07 04:00:00,0.0,0.0,2024-10-07,4
2024-10-07 05:00:00,0.01150191,0.0,2024-10-07,5
2024-10-07 06:00:00,0.1924216,0.2417142,2024-10-07,6
2024-10-07 07:00:00,0.3451412,0.3885388,2024-10-07,7
2024-10-07 08:00:00,0.6367345,0.7336358,2024-10-07,8
2024-10-07 09:00:00,0.7966095,0.9082612,2024-10-07,9
2024-10-07 10:00:00,0.8564399,0.9692122,2024-10-07,10
2024-10-07 11:00:00,0.8465441,0.95284,2024-10-07,11
2024-10-07 12:00:00,0.9161497,1.040869,2024-10-07,12
2024-10-07 13:00:00,0.5917795,0.647444,2024-10-07,13
2024-10-07 14:00:00,0.5243025,0.5931134,2024-10-07,14
2024-10-07 15:00:00,0.4215355,0.5027078,2024-10-07,15
2024-10-07 16:00:00,0.182263,0.2422395,2024-10-07,16
2024-10-07 17:00:00,0.004438794,0.0,2024-10-07,17
2024-10-07 18:00:00,0.0,0.0,2024-10-07,18
2024-10-07 19:00:00,0.0,0.0,2024-10-07,19
2024-10-07 20:00:00,0.0,0.0,2024-10-07,20
2024-10-07 21:00:00,0.0,0.0,2024-10-07,21
2024-10-07 22:00:00,0.0,0.0,2024-10-07,22
2024-10-07 23:00:00,0.0,0.0,2024-10-07,23
2024-10-08 00:00:00,0.0,0.0,2024-10-08,0
2024-10-08 01:00:00,0.0,0.0,2024-10-08,1
2024-10-08 02:00:00,0.0,0.0,2024-10-08,2
2024-10-08 03:00:00,0.0,0.0,2024-10-08,3
2024-10-08 04:00:00,0.0,0.0,2024-10-08,4
2024-10-08 05:00:00,0.00983867,0.0,2024-10-08,5
2024-10-08 06:00:00,0.1402731,0.1575871,2024-10-08,6
2024-10-08 07:00:00,0.3243204,0.360394,2024-10-08,7
2024-10-08 08:00:00,0.5235751,0.5877184,2024-10-08,8
2024-10-08 09:00:00,0.8027915,0.9186089,2024-10-08,9
2024-10-08 10:00:00,0.802514,0.9047387,2024-10-08,10
2024-10-08 11:00:00,0.8369287,0.943601,2024-10-08,11
2024-10-08 12:00:00,0.6877083,0.7560674,2024-10-08,12
2024-10-08 13:00:00,0.658031,0.7390012,2024-10-08,13
2024-10-08 14:00:00,0.4915804,0.5509331,2024-10-08,14
2024-10-08 15:00:00,0.3096923,0.3497046,2024-10-08,15
2024-10-08 16:00:00,0.1648115,0.2192249,2024-10-08,16
2024-10-08 17:00:00,0.004836251,0.0,2024-10-08,17
2024-10-08 18:00:00,0.0,0.0,2024-10-08,18
2024-10-08 19:00:00,0.0,0.0,2024-10-08,19
2024-10-08 20:00:00,0.0,0.0,2024-10-08,20
2024-10-08 21:00:00,0.0,0.0,2024-10-08,21
2024-10-08 22:00:00,0.0,0.0,2024-10-08,22
2024-10-08 23:00:00,0.0,0.0,2024-10-08,23
2024-10-09 00:00:00,0.0,0.0,2024-10-09,0
2024-10-09 01:00:00,0.0,0.0,2024-10-09,1
2024-10-09 02:00:00,0.0,0.0,2024-10-09,2
2024-10-09 03:00:00,0.0,0.0,2024-10-09,3
2024-10-09 04:00:00,0.0,0.0,2024-10-09,4
2024-10-09 05:00:00,0.01289303,0.0,2024-10-09,5
2024-10-09 06:00:00,0.2181721,0.2873565,2024-10-09,6
2024-10-09 07:00:00,0.370984,0.4305128,2024-10-09,7
2024-10-09 08:00:00,0.474943,0.5224279,2024-10-09,8
2024-10-09 09:00:00,0.6526575,0.7295958,2024-10-09,9
2024-10-09 10:00:00,0.8595449,0.9788823,2024-10-09,10
2024-10-09 11:00:00,0.9256396,1.054964,2024-10-09,11
2024-10-09 12:00:00,0.7968518,0.9023346,2024-10-09,12
2024-10-09 13:00:00,0.7705382,0.8854471,2024-10-09,13
2024-10-09 14:00:00,0.6563773,0.7668481,2024-10-09,14
2024-10-09 15:00:00,0.4245193,0.5132428,2024-10-09,15
2024-10-09 16:00:00,0.1732587,0.2372338,2024-10-09,16
2024-10-09 17:00:00,0.004425453,0.0,2024-10-09,17
2024-10-09 18:00:00,0.0,0.0,2024-10-09,18
2024-10-09 19:00:00,0.0,0.0,2024-10-09,19
2024-10-09 20:00:00,0.0,0.0,2024-10-09,20
2024-10-09 21:00:00,0.0,0.0,2024-10-09,21
2024-10-09 22:00:00,0.0,0.0,2024-10-09,22
2024-10-09 23:00:00,0.0,0.0,2024-10-09,23
2024-10-10 00:00:00,0.0,0.0,2024-10-10,0
2024-10-10 01:00:00,0.0,0.0,2024-10-10,1
2024-10-10 02:00:00,0.0,0.0,2024-10-10,2
2024-10-10 03:00:00,0.0,0.0,2024-10-10,3
2024-10-10 04:00:00,0.0,0.0,2024-10-10,4
2024-10-10 05:00:00,0.007037519,0.0,2024-10-10,5
2024-10-10 06:00:00,0.09690183,0.09856533,2024-10-10,6
2024-10-10 07:00:00,0.1634425,0.1609067,2024-10-10,7
2024-10-10 08:00:00,0.3400996,0.3469759,2024-10-10,8
2024-10-10 09:00:00,0.3735666,0.3737927,2024-10-10,9
2024-10-10 10:00:00,0.1216051,0.1183579,2024-10-10,10
2024-10-10 11:00:00,0.3173973,0.3109169,2024-10-10,11
2024-10-10 12:00:00,0.6291547,0.6817111,2024-10-10,12
2024-10-10 13:00:00,0.7724453,0.8908722,2024-10-10,13
2024-10-10 14:00:00,0.5215476,0.5981756,2024-10-10,14
2024-10-10 15:00:00,0.2903336,0.3260319,2024-10-10,15
2024-10-10 16:00:00,0.1331374,0.1707498,2024-10-10,16
2024-10-10 17:00:00,0.003295868,0.0,2024-10-10,17
2024-10-10 18:00:00,0.0,0.0,2024-10-10,18
2024-10-10 19:00:00,0.0,0.0,2024-10-10,19
2024-10-10 20:00:00,0.0,0.0,2024-10-10,20
2024-10-10 21:00:00,0.0,0.0,2024-10-10,21
2024-10-10 22:00:00,0.0,0.0,2024-10-10,22
2024-10-10 23:00:00,0.0,0.0,2024-10-10,23
2024-10-11 00:00:00,0.0,0.0,2024-10-11,0
2024-10-11 01:00:00,0.0,0.0,2024-10-11,1
2024-10-11 02:00:00,0.0,0.0,2024-10-11,2
2024-10-11 03:00:00,0.0,0.0,2024-10-11,3
2024-10-11 04:00:00,0.0,0.0,2024-10-11,4
2024-10-11 05:00:00,0.006860844,0.0,2024-10-11,5
2024-10-11 06:00:00,0.1264694,0.1396908,2024-10-11,6
2024-10-11 07:00:00,0.3494222,0.4034002,2024-10-11,7
2024-10-11 08:00:00,0.505811,0.5697504,2024-10-11,8
2024-10-11 09:00:00,0.6694778,0.7572544,2024-10-11,9
2024-10-11 10:00:00,0.761596,0.8597079,2024-10-11,10
2024-10-11 11:00:00,0.6620452,0.7194378,2024-10-11,11
2024-10-11 12:00:00,0.9177775,1.055267,2024-10-11,12
2024-10-11 13:00:00,0.8199429,0.9502004,2024-10-11,13
2024-10-11 14:00:00,0.6413919,0.7555552,2024-10-11,14
2024-10-11 15:00:00,0.3760258,0.4563135,2024-10-11,15
2024-10-11 16:00:00,0.1188966,0.1472285,2024-10-11,16
2024-10-11 17:00:00,0.00278744,0.0,2024-10-11,17
2024-10-11 18:00:00,0.0,0.0,2024-10-11,18
2024-10-11 19:00:00,0.0,0.0,2024-10-11,19
2024-10-11 20:00:00,0.0,0.0,2024-10-11,20
2024-10-11 21:00:00,0.0,0.0,2024-10-11,21
2024-10-11 22:00:00,0.0,0.0,2024-10-11,22
2024-10-11 23:00:00,0.0,0.0,2024-10-11,23
2024-10-12 00:00:00,0.0,0.0,2024-10-12,0
2024-10-12 01:00:00,0.0,0.0,2024-10-12,1
2024-10-12 02:00:00,0.0,0.0,2024-10-12,2
2024-10-12 03:00:00,0.0,0.0,2024-10-12,3
2024-10-12 04:00:00,0.0,0.0,2024-10-12,4
2024-10-12 05:00:00,0.007483227,0.0,2024-10-12,5
2024-10-12 06:00:00,0.1488214,0.178602,2024-10-12,6
2024-10-12 07:00:00,0.3958878,0.474543,2024-10-12,7
2024-10-12 08:00:00,0.5668471,0.6572722,2024-10-12,8
2024-10-12 09:00:00,0.7189691,0.8257607,2024-10-12,9
2024-10-12 10:00:00,0.6951551,0.7727269,2024-10-12,10
2024-10-12 11:00:00,0.8941036,1.026353,2024-10-12,11
2024-10-12 12:00:00,0.7830065,0.8932802,2024-10-12,12
2024-10-12 13:00:00,0.5622933,0.6183549,2024-10-12,13
2024-10-12 14:00:00,0.499313,0.572952,2024-10-12,14
2024-10-12 15:00:00,0.353424,0.4273105,2024-10-12,15
2024-10-12 16:00:00,0.1106221,0.1347398,2024-10-12,16
2024-10-12 17:00:00,0.001908233,0.0,2024-10-12,17
2024-10-12 18:00:00,0.0,0.0,2024-10-12,18
2024-10-12 19:00:00,0.0,0.0,2024-10-12,19
2024-10-12 20:00:00,0.0,0.0,2024-10-12,20
2024-10-12 21:00:00,0.0,0.0,2024-10-12,21
2024-10-12 22:00:00,0.0,0.0,2024-10-12,22
2024-10-12 23:00:00,0.0,0.0,2024-10-12,23
2024-10-13 00:00:00,0.0,0.0,2024-10-13,0
2024-10-13 01:00:00,0.0,0.0,2024-10-13,1
2024-10-13 02:00:00,0.0,0.0,2024-10-13,2
2024-10-13 03:00:00,0.0,0.0,2024-10-13,3
2024-10-13 04:00:00,0.0,0.0,2024-10-13,4
2024-10-13 05:00:00,0.006458423,0.0,2024-10-13,5
2024-10-13 06:00:00,0.08453677,0.08483341,2024-10-13,6
2024-10-13 07:00:00,0.1783374,0.1770501,2024-10-13,7
2024-10-13 08:00:00,0.3191824,0.3236888,2024-10-13,8
2024-10-13 09:00:00,0.6066129,0.6756145,2024-10-13,9
2024-10-13 10:00:00,0.4361863,0.4397673,2024-10-13,10
2024-10-13 11:00:00,0.4898033,0.5003077,2024-10-13,11
2024-10-13 12:00:00,0.5464437,0.5767827,2024-10-13,12
2024-10-13 13:00:00,0.3596299,0.3608293,2024-10-13,13
2024-10-13 14:00:00,0.5493879,0.6456716,2024-10-13,14
2024-10-13 15:00:00,0.2984805,0.3463036,2024-10-13,15
2024-10-13 16:00:00,0.1051211,0.1273049,2024-10-13,16
2024-10-13 17:00:00,0.001622709,0.0,2024-10-13,17
2024-10-13 18:00:00,0.0,0.0,2024-10-13,18
2024-10-13 19:00:00,0.0,0.0,2024-10-13,19
2024-10-13 20:00:00,0.0,0.0,2024-10-13,20
2024-10-13 21:00:00,0.0,0.0,2024-10-13,21
2024-10-13 22:00:00,0.0,0.0,2024-10-13,22
2024-10-13 23:00:00,0.0,0.0,2024-10-13,23
2024-10-14 00:00:00,0.0,0.0,2024-10-14,0
2024-10-14 01:00:00,0.0,0.0,2024-10-14,1
2024-10-14 02:00:00,0.0,0.0,2024-10-14,2
2024-10-14 03:00:00,0.0,0.0,2024-10-14,3
2024-10-14 04:00:00,0.0,0.0,2024-10-14,4
2024-10-14 05:00:00,0.01160697,0.0,2024-10-14,5
2024-10-14 06:00:00,0.1565734,0.197361,2024-10-14,6
2024-10-14 07:00:00,0.3850958,0.4644465,2024-10-14,7
2024-10-14 08:00:00,0.6355512,0.7530033,2024-10-14,8
2024-10-14 09:00:00,0.7835032,0.9132687,2024-10-14,9
2024-10-14 10:00:00,0.8539987,0.9868891,2024-10-14,10
2024-10-14 11:00:00,0.4900735,0.5013577,2024-10-14,11
2024-10-14 12:00:00,0.4331837,0.4379015,2024-10-14,12
2024-10-14 13:00:00,0.2506814,0.2454761,2024-10-14,13
2024-10-14 14:00:00,0.4515265,0.5095648,2024-10-14,14
2024-10-14 15:00:00,0.3895577,0.485573,2024-10-14,15
2024-10-14 16:00:00,0.1321549,0.186837,2024-10-14,16
2024-10-14 17:00:00,0.000938009,0.0,2024-10-14,17
2024-10-14 18:00:00,0.0,0.0,2024-10-14,18
2024-10-14 19:00:00,0.0,0.0,2024-10-14,19
2024-10-14 20:00:00,0.0,0.0,2024-10-14,20
2024-10-14 21:00:00,0.0,0.0,2024-10-14,21
2024-10-14 22:00:00,0.0,0.0,2024-10-14,22
2024-10-14 23:00:00,0.0,0.0,2024-10-14,23
2024-10-15 00:00:00,0.0,0.0,2024-10-15,0
2024-10-15 01:00:00,0.0,0.0,2024-10-15,1
2024-10-15 02:00:00,0.0,0.0,2024-10-15,2
2024-10-15 03:00:00,0.0,0.0,2024-10-15,3
2024-10-15 04:00:00,0.0,0.0,2024-10-15,4
2024-10-15 05:00:00,0.008126504,0.0,2024-10-15,5
2024-10-15 06:00:00,0.1150998,0.1262544,2024-10-15,6
2024-10-15 07:00:00,0.2183767,0.2237209,2024-10-15,7
2024-10-15 08:00:00,0.502008,0.5734459,2024-10-15,8
2024-10-15 09:00:00,0.6700465,0.7684518,2024-10-15,9
2024-10-15 10:00:00,0.6516387,0.7194544,2024-10-15,10
2024-10-15 11:00:00,0.8295921,0.9545055,2024-10-15,11
2024-10-15 12:00:00,0.9235755,1.074816,2024-10-15,12
2024-10-15 13:00:00,0.8179243,0.960902,2024-10-15,13
2024-10-15 14:00:00,0.5963582,0.7136042,2024-10-15,14
2024-10-15 15:00:00,0.3802039,0.4763775,2024-10-15,15
2024-10-15 16:00:00,0.1191653,0.1639109,2024-10-15,16
2024-10-15 17:00:00,0.001400408,0.0,2024-10-15,17
2024-10-15 18:00:00,0.0,0.0,2024-10-15,18
2024-10-15 19:00:00,0.0,0.0,2024-10-15,19
2024-10-15 20:00:00,0.0,0.0,2024-10-15,20
2024-10-15 21:00:00,0.0,0.0,2024-10-15,21
2024-10-15 22:00:00,0.0,0.0,2024-10-15,22
2024-10-15 23:00:00,0.0,0.0,2024-10-15,23
2024-10-16 00:00:00,0.0,0.0,2024-10-16,0
2024-10-16 01:00:00,0.0,0.0,2024-10-16,1
2024-10-16 02:00:00,0.0,0.0,2024-10-16,2
2024-10-16 03:00:00,0.0,0.0,2024-10-16,3
2024-10-16 04:00:00,0.0,0.0,2024-10-16,4
2024-10-16 05:00:00,0.007795815,0.0,2024-10-16,5
2024-10-16 06:00:00,0.08750354,0.08903407,2024-10-16,6
2024-10-16 07:00:00,0.35207,0.4194735,2024-10-16,7
2024-10-16 08:00:00,0.2262121,0.2223979,2024-10-16,8
2024-10-16 09:00:00,0.3586456,0.3591242,2024-10-16,9
2024-10-16 10:00:00,0.3490711,0.3448059,2024-10-16,10
2024-10-16 11:00:00,0.4210532,0.4220593,2024-10-16,11
2024-10-16 12:00:00,0.5930315,0.6439961,2024-10-16,12
2024-10-16 13:00:00,0.4404394,0.4605285,2024-10-16,13
2024-10-16 14:00:00,0.2999119,0.306234,2024-10-16,14
2024-10-16 15:00:00,0.1059739,0.1037252,2024-10-16,15
2024-10-16 16:00:00,0.06471521,0.06682222,2024-10-16,16
2024-10-16 17:00:00,0.000435338,0.0,2024-10-16,17
2024-10-16 18:00:00,0.0,0.0,2024-10-16,18
2024-10-16 19:00:00,0.0,0.0,2024-10-16,19
2024-10-16 20:00:00,0.0,0.0,2024-10-16,20
2024-10-16 21:00:00,0.0,0.0,2024-10-16,21
2024-10-16 22:00:00,0.0,0.0,2024-10-16,22
2024-10-16 23:00:00,0.0,0.0,2024-10-16,23
2024-10-17 00:00:00,0.0,0.0,2024-10-17,0
2024-10-17 01:00:00,0.0,0.0,2024-10-17,1
2024-10-17 02:00:00,0.0,0.0,2024-10-17,2
2024-10-17 03:00:00,0.0,0.0,2024-10-17,3
2024-10-17 04:00:00,0.0,0.0,2024-10-17,4
2024-10-17 05:00:00,0.007801595,0.0,2024-10-17,5
2024-10-17 06:00:00,0.1604765,0.213168,2024-10-17,6
2024-10-17 07:00:00,0.1982597,0.2004263,2024-10-17,7
2024-10-17 08:00:00,0.3608933,0.3779681,2024-10-17,8
2024-10-17 09:00:00,0.4367875,0.4524487,2024-10-17,9
2024-10-17 10:00:00,0.7055849,0.7991539,2024-10-17,10
2024-10-17 11:00:00,0.7137227,0.8037758,2024-10-17,11
2024-10-17 12:00:00,0.6849538,0.7744889,2024-10-17,12
2024-10-17 13:00:00,0.691008,0.8097076,2024-10-17,13
2024-10-17 14:00:00,0.4523761,0.5185818,2024-10-17,14
2024-10-17 15:00:00,0.2833268,0.3334328,2024-10-17,15
2024-10-17 16:00:00,0.09442913,0.1181753,2024-10-17,16
2024-10-17 17:00:00,0.000487448,0.0,2024-10-17,17
2024-10-17 18:00:00,0.0,0.0,2024-10-17,18
2024-10-17 19:00:00,0.0,0.0,2024-10-17,19
2024-10-17 20:00:00,0.0,0.0,2024-10-17,20
2024-10-17 21:00:00,0.0,0.0,2024-10-17,21
2024-10-17 22:00:00,0.0,0.0,2024-10-17,22
2024-10-17 23:00:00,0.0,0.0,2024-10-17,23
2024-10-18 00:00:00,0.0,0.0,2024-10-18,0
2024-10-18 01:00:00,0.0,0.0,2024-10-18,1
2024-10-18 02:00:00,0.0,0.0,2024-10-18,2
2024-10-18 03:00:00,0.0,0.0,2024-10-18,3
2024-10-18 04:00:00,0.0,0.0,2024-10-18,4
2024-10-18 05:00:00,0.007431493,0.0,2024-10-18,5
2024-10-18 06:00:00,0.05200767,0.0510973,2024-10-18,6
2024-10-18 07:00:00,0.1980336,0.2005103,2024-10-18,7
2024-10-18 08:00:00,0.5079886,0.5894263,2024-10-18,8
2024-10-18 09:00:00,0.8415463,0.9952464,2024-10-18,9
2024-10-18 10:00:00,0.8386459,0.9795958,2024-10-18,10
2024-10-18 11:00:00,0.95998,1.123067,2024-10-18,11
2024-10-18 12:00:00,0.9064185,1.063911,2024-10-18,12
2024-10-18 13:00:00,0.6439952,0.7486568,2024-10-18,13
2024-10-18 14:00:00,0.5266671,0.6303554,2024-10-18,14
2024-10-18 15:00:00,0.3537329,0.4492062,2024-10-18,15
2024-10-18 16:00:00,0.1412486,0.2257708,2024-10-18,16
2024-10-18 17:00:00,0.000390929,0.0,2024-10-18,17
2024-10-18 18:00:00,0.0,0.0,2024-10-18,18
2024-10-18 19:00:00,0.0,0.0,2024-10-18,19
2024-10-18 20:00:00,0.0,0.0,2024-10-18,20
2024-10-18 21:00:00,0.0,0.0,2024-10-18,21
2024-10-18 22:00:00,0.0,0.0,2024-10-18,22
2024-10-18 23:00:00,0.0,0.0,2024-10-18,23
2024-10-19 00:00:00,0.0,0.0,2024-10-19,0
2024-10-19 01:00:00,0.0,0.0,2024-10-19,1
2024-10-19 02:00:00,0.0,0.0,2024-10-19,2
2024-10-19 03:00:00,0.0,0.0,2024-10-19,3
2024-10-19 04:00:00,0.0,0.0,2024-10-19,4
2024-10-19 05:00:00,0.007490745,0.0,2024-10-19,5
2024-10-19 06:00:00,0.1209265,0.1408021,2024-10-19,6
2024-10-19 07:00:00,0.3769017,0.4664105,2024-10-19,7
2024-10-19 08:00:00,0.3021329,0.3063223,2024-10-19,8
2024-10-19 09:00:00,0.4057969,0.4155736,2024-10-19,9
2024-10-19 10:00:00,0.7504403,0.8664277,2024-10-19,10
2024-10-19 11:00:00,0.5153925,0.5370366,2024-10-19,11
2024-10-19 12:00:00,0.566132,0.6122509,2024-10-19,12
2024-10-19 13:00:00,0.5292073,0.5867895,2024-10-19,13
2024-10-19 14:00:00,0.2830352,0.2878015,2024-10-19,14
2024-10-19 15:00:00,0.04135905,0.04028754,2024-10-19,15
2024-10-19 16:00:00,0.02091139,0.02048213,2024-10-19,16
2024-10-19 17:00:00,8.134e-05,0.0,2024-10-19,17
2024-10-19 18:00:00,0.0,0.0,2024-10-19,18
2024-10-19 19:00:00,0.0,0.0,2024-10-19,19
2024-10-19 20:00:00,0.0,0.0,2024-10-19,20
2024-10-19 21:00:00,0.0,0.0,2024-10-19,21
2024-10-19 22:00:00,0.0,0.0,2024-10-19,22
2024-10-19 23:00:00,0.0,0.0,2024-10-19,23
2024-10-20 00:00:00,0.0,0.0,2024-10-20,0
2024-10-20 01:00:00,0.0,0.0,2024-10-20,1
2024-10-20 02:00:00,0.0,0.0,2024-10-20,2
2024-10-20 03:00:00,0.0,0.0,2024-10-20,3
2024-10-20 04:00:00,0.0,0.0,2024-10-20,4
2024-10-20 05:00:00,0.00572576,0.0,2024-10-20,5
2024-10-20 06:00:00,0.07502457,0.07532106,2024-10-20,6
2024-10-20 07:00:00,0.1266149,0.1240791,2024-10-20,7
2024-10-20 08:00:00,0.2768459,0.2775075,2024-10-20,8
2024-10-20 09:00:00,0.2988857,0.2951167,2024-10-20,9
2024-10-20 10:00:00,0.3166837,0.3115377,2024-10-20,10
2024-10-20 11:00:00,0.5263683,0.5521944,2024-10-20,11
2024-10-20 12:00:00,0.6184079,0.6875016,2024-10-20,12
2024-10-20 13:00:00,0.6499286,0.7628776,2024-10-20,13
2024-10-20 14:00:00,0.3468971,0.3708475,2024-10-20,14
2024-10-20 15:00:00,0.2839384,0.3432515,2024-10-20,15
2024-10-20 16:00:00,0.06546583,0.07107703,2024-10-20,16
2024-10-20 17:00:00,0.000204864,0.0,2024-10-20,17
2024-10-20 18:00:00,0.0,0.0,2024-10-20,18
2024-10-20 19:00:00,0.0,0.0,2024-10-20,19
2024-10-20 20:00:00,0.0,0.0,2024-10-20,20
2024-10-20 21:00:00,0.0,0.0,2024-10-20,21
2024-10-20 22:00:00,0.0,0.0,2024-10-20,22
2024-10-20 23:00:00,0.0,0.0,2024-10-20,23
2024-10-21 00:00:00,0.0,0.0,2024-10-21,0
2024-10-21 01:00:00,0.0,0.0,2024-10-21,1
2024-10-21 02:00:00,0.0,0.0,2024-10-21,2
2024-10-21 03:00:00,0.0,0.0,2024-10-21,3
2024-10-21 04:00:00,0.0,0.0,2024-10-21,4
2024-10-21 05:00:00,0.007316245,0.0,2024-10-21,5
2024-10-21 06:00:00,0.06689319,0.06647699,2024-10-21,6
2024-10-21 07:00:00,0.2955734,0.3403681,2024-10-21,7
2024-10-21 08:00:00,0.2310502,0.2279479,2024-10-21,8
2024-10-21 09:00:00,0.6520329,0.7593179,2024-10-21,9
2024-10-21 10:00:00,0.8064085,0.9470658,2024-10-21,10
2024-10-21 11:00:00,0.8054481,0.9403529,2024-10-21,11
2024-10-21 12:00:00,0.3035108,0.2983854,2024-10-21,12
2024-10-21 13:00:00,0.3489669,0.3522293,2024-10-21,13
2024-10-21 14:00:00,0.3545439,0.3829271,2024-10-21,14
2024-10-21 15:00:00,0.2924869,0.3609477,2024-10-21,15
2024-10-21 16:00:00,0.1147239,0.1848542,2024-10-21,16
2024-10-21 17:00:00,7.94655e-05,0.0,2024-10-21,17
2024-10-21 18:00:00,0.0,0.0,2024-10-21,18
2024-10-21 19:00:00,0.0,0.0,2024-10-21,19
2024-10-21 20:00:00,0.0,0.0,2024-10-21,20
2024-10-21 21:00:00,0.0,0.0,2024-10-21,21
2024-10-21 22:00:00,0.0,0.0,2024-10-21,22
2024-10-21 23:00:00,0.0,0.0,2024-10-21,23
2024-10-22 00:00:00,0.0,0.0,2024-10-22,0
2024-10-22 01:00:00,0.0,0.0,2024-10-22,1
2024-10-22 02:00:00,0.0,0.0,2024-10-22,2
2024-10-22 03:00:00,0.0,0.0,2024-10-22,3
2024-10-22 04:00:00,0.0,0.0,2024-10-22,4
2024-10-22 05:00:00,0.008088156,0.0,2024-10-22,5
2024-10-22 06:00:00,0.1690981,0.247704,2024-10-22,6
2024-10-22 07:00:00,0.4089153,0.5234289,2024-10-22,7
2024-10-22 08:00:00,0.6149973,0.750818,2024-10-22,8
2024-10-22 09:00:00,0.7863299,0.9404069,2024-10-22,9
2024-10-22 10:00:00,0.7522243,0.8772141,2024-10-22,10
2024-10-22 11:00:00,0.7396126,0.8529908,2024-10-22,11
2024-10-22 12:00:00,0.7250353,0.8442162,2024-10-22,12
2024-10-22 13:00:00,0.7971678,0.958619,2024-10-22,13
2024-10-22 14:00:00,0.6183172,0.7638356,2024-10-22,14
2024-10-22 15:00:00,0.3764084,0.4959216,2024-10-22,15
2024-10-22 16:00:00,0.118661,0.2001361,2024-10-22,16
2024-10-22 17:00:00,2.93922e-05,0.0,2024-10-22,17
2024-10-22 18:00:00,0.0,0.0,2024-10-22,18
2024-10-22 19:00:00,0.0,0.0,2024-10-22,19
2024-10-22 20:00:00,0.0,0.0,2024-10-22,20
2024-10-22 21:00:00,0.0,0.0,2024-10-22,21
2024-10-22 22:00:00,0.0,0.0,2024-10-22,22
2024-10-22 23:00:00,0.0,0.0,2024-10-22,23
2024-10-23 00:00:00,0.0,0.0,2024-10-23,0
2024-10-23 01:00:00,0.0,0.0,2024-10-23,1
2024-10-23 02:00:00,0.0,0.0,2024-10-23,2
2024-10-23 03:00:00,0.0,0.0,2024-10-23,3
2024-10-23 04:00:00,0.0,0.0,2024-10-23,4
2024-10-23 05:00:00,0.006570831,0.0,2024-10-23,5
2024-10-23 06:00:00,0.1578433,0.2273964,2024-10-23,6
2024-10-23 07:00:00,0.2553453,0.2807041,2024-10-23,7
2024-10-23 08:00:00,0.4065552,0.4485582,2024-10-23,8
2024-10-23 09:00:00,0.6446109,0.7540742,2024-10-23,9
2024-10-23 10:00:00,0.6993517,0.8056469,2024-10-23,10
2024-10-23 11:00:00,0.5229411,0.5510618,2024-10-23,11
2024-10-23 12:00:00,0.5594811,0.6097769,2024-10-23,12
2024-10-23 13:00:00,0.3439894,0.3473739,2024-10-23,13
2024-10-23 14:00:00,0.4083588,0.4666687,2024-10-23,14
2024-10-23 15:00:00,0.2194128,0.2437508,2024-10-23,15
2024-10-23 16:00:00,0.0514406,0.05332173,2024-10-23,16
2024-10-23 17:00:00,2.76362e-06,0.0,2024-10-23,17
2024-10-23 18:00:00,0.0,0.0,2024-10-23,18
2024-10-23 19:00:00,0.0,0.0,2024-10-23,19
2024-10-23 20:00:00,0.0,0.0,2024-10-23,20
2024-10-23 21:00:00,0.0,0.0,2024-10-23,21
2024-10-23 22:00:00,0.0,0.0,2024-10-23,22
2024-10-23 23:00:00,0.0,0.0,2024-10-23,23
2024-10-24 00:00:00,0.0,0.0,2024-10-24,0
2024-10-24 01:00:00,0.0,0.0,2024-10-24,1
2024-10-24 02:00:00,0.0,0.0,2024-10-24,2
2024-10-24 03:00:00,0.0,0.0,2024-10-24,3
2024-10-24 04:00:00,0.0,0.0,2024-10-24,4
2024-10-24 05:00:00,0.005436585,0.0,2024-10-24,5
2024-10-24 06:00:00,0.0871986,0.09190603,2024-10-24,6
2024-10-24 07:00:00,0.20154,0.2073213,2024-10-24,7
2024-10-24 08:00:00,0.3952691,0.4335778,2024-10-24,8
2024-10-24 09:00:00,0.539294,0.6019641,2024-10-24,9
2024-10-24 10:00:00,0.7456655,0.8737276,2024-10-24,10
2024-10-24 11:00:00,0.4528143,0.4632218,2024-10-24,11
2024-10-24 12:00:00,0.558055,0.6094804,2024-10-24,12
2024-10-24 13:00:00,0.6242281,0.7381993,2024-10-24,13
2024-10-24 14:00:00,0.5249713,0.6472844,2024-10-24,14
2024-10-24 15:00:00,0.2562759,0.3070527,2024-10-24,15
2024-10-24 16:00:00,0.08163169,0.1129912,2024-10-24,16
2024-10-24 17:00:00,0.0,0.0,2024-10-24,17
2024-10-24 18:00:00,0.0,0.0,2024-10-24,18
2024-10-24 19:00:00,0.0,0.0,2024-10-24,19
2024-10-24 20:00:00,0.0,0.0,2024-10-24,20
2024-10-24 21:00:00,0.0,0.0,2024-10-24,21
2024-10-24 22:00:00,0.0,0.0,2024-10-24,22
2024-10-24 23:00:00,0.0,0.0,2024-10-24,23
2024-10-25 00:00:00,0.0,0.0,2024-10-25,0
2024-10-25 01:00:00,0.0,0.0,2024-10-25,1
2024-10-25 02:00:00,0.0,0.0,2024-10-25,2
2024-10-25 03:00:00,0.0,0.0,2024-10-25,3
2024-10-25 04:00:00,0.0,0.0,2024-10-25,4
2024-10-25 05:00:00,0.005580463,0.0,2024-10-25,5
2024-10-25 06:00:00,0.1045488,0.1201476,2024-10-25,6
2024-10-25 07:00:00,0.2626469,0.2947282,2024-10-25,7
2024-10-25 08:00:00,0.4065025,0.4517165,2024-10-25,8
2024-10-25 09:00:00,0.5689484,0.6478093,2024-10-25,9
2024-10-25 10:00:00,0.7552508,0.889818,2024-10-25,10
2024-10-25 11:00:00,0.7782314,0.9150363,2024-10-25,11
2024-10-25 12:00:00,0.7189503,0.8441983,2024-10-25,12
2024-10-25 13:00:00,0.4265328,0.4524651,2024-10-25,13
2024-10-25 14:00:00,0.351812,0.3850437,2024-10-25,14
2024-10-25 15:00:00,0.2030858,0.2217204,2024-10-25,15
2024-10-25 16:00:00,0.06650815,0.08058238,2024-10-25,16
2024-10-25 17:00:00,0.0,0.0,2024-10-25,17
2024-10-25 18:00:00,0.0,0.0,2024-10-25,18
2024-10-25 19:00:00,0.0,0.0,2024-10-25,19
2024-10-25 20:00:00,0.0,0.0,2024-10-25,20
2024-10-25 21:00:00,0.0,0.0,2024-10-25,21
2024-10-25 22:00:00,0.0,0.0,2024-10-25,22
2024-10-25 23:00:00,0.0,0.0,2024-10-25,23
2024-10-26 00:00:00,0.0,0.0,2024-10-26,0
2024-10-26 01:00:00,0.0,0.0,2024-10-26,1
2024-10-26 02:00:00,0.0,0.0,2024-10-26,2
2024-10-26 03:00:00,0.0,0.0,2024-10-26,3
2024-10-26 04:00:00,0.0,0.0,2024-10-26,4
2024-10-26 05:00:00,0.006092985,0.0,2024-10-26,5
2024-10-26 06:00:00,0.135722,0.1874444,2024-10-26,6
2024-10-26 07:00:00,0.2496915,0.2760311,2024-10-26,7
2024-10-26 08:00:00,0.5499047,0.6731195,2024-10-26,8
2024-10-26 09:00:00,0.6341944,0.7470002,2024-10-26,9
2024-10-26 10:00:00,0.6063673,0.6776739,2024-10-26,10
2024-10-26 11:00:00,0.7905394,0.934713,2024-10-26,11
2024-10-26 12:00:00,0.4631366,0.4832522,2024-10-26,12
2024-10-26 13:00:00,0.5355458,0.6116492,2024-10-26,13
2024-10-26 14:00:00,0.3939138,0.4509481,2024-10-26,14
2024-10-26 15:00:00,0.3494017,0.4715704,2024-10-26,15
2024-10-26 16:00:00,0.09883706,0.1718195,2024-10-26,16
2024-10-26 17:00:00,0.0,0.0,2024-10-26,17
2024-10-26 18:00:00,0.0,0.0,2024-10-26,18
2024-10-26 19:00:00,0.0,0.0,2024-10-26,19
2024-10-26 20:00:00,0.0,0.0,2024-10-26,20
2024-10-26 21:00:00,0.0,0.0,2024-10-26,21
2024-10-26 22:00:00,0.0,0.0,2024-10-26,22
2024-10-26 23:00:00,0.0,0.0,2024-10-26,23
2024-10-27 00:00:00,0.0,0.0,2024-10-27,0
2024-10-27 01:00:00,0.0,0.0,2024-10-27,1
2024-10-27 02:00:00,0.0,0.0,2024-10-27,2
2024-10-27 03:00:00,0.0,0.0,2024-10-27,3
2024-10-27 04:00:00,0.0,0.0,2024-10-27,4
2024-10-27 05:00:00,0.003878967,0.0,2024-10-27,5
2024-10-27 06:00:00,0.1371597,0.1941494,2024-10-27,6
2024-10-27 07:00:00,0.2876176,0.339331,2024-10-27,7
2024-10-27 08:00:00,0.5526215,0.6800022,2024-10-27,8
2024-10-27 09:00:00,0.7434519,0.9012257,2024-10-27,9
2024-10-27 10:00:00,0.7115135,0.8336462,2024-10-27,10
2024-10-27 11:00:00,0.849062,1.014762,2024-10-27,11
2024-10-27 12:00:00,0.7819259,0.9363241,2024-10-27,12
2024-10-27 13:00:00,0.7095937,0.8647658,2024-10-27,13
2024-10-27 14:00:00,0.5415566,0.6801102,2024-10-27,14
2024-10-27 15:00:00,0.3184626,0.4262702,2024-10-27,15
2024-10-27 16:00:00,0.07139686,0.09718522,2024-10-27,16
2024-10-27 17:00:00,0.0,0.0,2024-10-27,17
2024-10-27 18:00:00,0.0,0.0,2024-10-27,18
2024-10-27 19:00:00,0.0,0.0,2024-10-27,19
2024-10-27 20:00:00,0.0,0.0,2024-10-27,20
2024-10-27 21:00:00,0.0,0.0,2024-10-27,21
2024-10-27 22:00:00,0.0,0.0,2024-10-27,22
2024-10-27 23:00:00,0.0,0.0,2024-10-27,23
2024-10-28 00:00:00,0.0,0.0,2024-10-28,0
2024-10-28 01:00:00,0.0,0.0,2024-10-28,1
2024-10-28 02:00:00,0.0,0.0,2024-10-28,2
2024-10-28 03:00:00,0.0,0.0,2024-10-28,3
2024-10-28 04:00:00,0.0,0.0,2024-10-28,4
2024-10-28 05:00:00,0.004068581,0.0,2024-10-28,5
2024-10-28 06:00:00,0.1428398,0.2114673,2024-10-28,6
2024-10-28 07:00:00,0.401447,0.5315401,2024-10-28,7
2024-10-28 08:00:00,0.5852473,0.7290285,2024-10-28,8
2024-10-28 09:00:00,0.7380226,0.8970756,2024-10-28,9
2024-10-28 10:00:00,0.9111405,1.098161,2024-10-28,10
2024-10-28 11:00:00,0.9702364,1.167127,2024-10-28,11
2024-10-28 12:00:00,0.8527625,1.029074,2024-10-28,12
2024-10-28 13:00:00,0.7102557,0.8685815,2024-10-28,13
2024-10-28 14:00:00,0.5275418,0.6636413,2024-10-28,14
2024-10-28 15:00:00,0.2943961,0.3880417,2024-10-28,15
2024-10-28 16:00:00,0.08503448,0.141243,2024-10-28,16
2024-10-28 17:00:00,0.0,0.0,2024-10-28,17
2024-10-28 18:00:00,0.0,0.0,2024-10-28,18
2024-10-28 19:00:00,0.0,0.0,2024-10-28,19
2024-10-28 20:00:00,0.0,0.0,2024-10-28,20
2024-10-28 21:00:00,0.0,0.0,2024-10-28,21
2024-10-28 22:00:00,0.0,0.0,2024-10-28,22
2024-10-28 23:00:00,0.0,0.0,2024-10-28,23
2024-10-29 00:00:00,0.0,0.0,2024-10-29,0
2024-10-29 01:00:00,0.0,0.0,2024-10-29,1
2024-10-29 02:00:00,0.0,0.0,2024-10-29,2
2024-10-29 03:00:00,0.0,0.0,2024-10-29,3
2024-10-29 04:00:00,0.0,0.0,2024-10-29,4
2024-10-29 05:00:00,0.003749432,0.0,2024-10-29,5
2024-10-29 06:00:00,0.1162019,0.151179,2024-10-29,6
2024-10-29 07:00:00,0.2300971,0.2500916,2024-10-29,7
2024-10-29 08:00:00,0.3458376,0.3693219,2024-10-29,8
2024-10-29 09:00:00,0.7187999,0.8746023,2024-10-29,9
2024-10-29 10:00:00,0.6951376,0.8152249,2024-10-29,10
2024-10-29 11:00:00,0.8321964,0.9987619,2024-10-29,11
2024-10-29 12:00:00,0.8137759,0.9834685,2024-10-29,12
2024-10-29 13:00:00,0.6965748,0.8536249,2024-10-29,13
2024-10-29 14:00:00,0.5296642,0.6697601,2024-10-29,14
2024-10-29 15:00:00,0.3553362,0.4904303,2024-10-29,15
2024-10-29 16:00:00,0.118414,0.2379131,2024-10-29,16
2024-10-29 17:00:00,0.0,0.0,2024-10-29,17
2024-10-29 18:00:00,0.0,0.0,2024-10-29,18
2024-10-29 19:00:00,0.0,0.0,2024-10-29,19
2024-10-29 20:00:00,0.0,0.0,2024-10-29,20
2024-10-29 21:00:00,0.0,0.0,2024-10-29,21
2024-10-29 22:00:00,0.0,0.0,2024-10-29,22
2024-10-29 23:00:00,0.0,0.0,2024-10-29,23
2024-10-30 00:00:00,0.0,0.0,2024-10-30,0
2024-10-30 01:00:00,0.0,0.0,2024-10-30,1
2024-10-30 02:00:00,0.0,0.0,2024-10-30,2
2024-10-30 03:00:00,0.0,0.0,2024-10-30,3
2024-10-30 04:00:00,0.0,0.0,2024-10-30,4
2024-10-30 05:00:00,0.004945436,0.0,2024-10-30,5
2024-10-30 06:00:00,0.06347287,0.06394246,2024-10-30,6
2024-10-30 07:00:00,0.08729691,0.08541137,2024-10-30,7
2024-10-30 08:00:00,0.3325873,0.3520803,2024-10-30,8
2024-10-30 09:00:00,0.2621854,0.2580266,2024-10-30,9
2024-10-30 10:00:00,0.5010065,0.5343564,2024-10-30,10
2024-10-30 11:00:00,0.1815892,0.1771978,2024-10-30,11
2024-10-30 12:00:00,0.3875985,0.3927281,2024-10-30,12
2024-10-30 13:00:00,0.3125539,0.3139235,2024-10-30,13
2024-10-30 14:00:00,0.3302829,0.3606471,2024-10-30,14
2024-10-30 15:00:00,0.2511166,0.3140966,2024-10-30,15
2024-10-30 16:00:00,0.06889272,0.1005267,2024-10-30,16
2024-10-30 17:00:00,0.0,0.0,2024-10-30,17
2024-10-30 18:00:00,0.0,0.0,2024-10-30,18
2024-10-30 19:00:00,0.0,0.0,2024-10-30,19
2024-10-30 20:00:00,0.0,0.0,2024-10-30,20
2024-10-30 21:00:00,0.0,0.0,2024-10-30,21
2024-10-30 22:00:00,0.0,0.0,2024-10-30,22
2024-10-30 23:00:00,0.0,0.0,2024-10-30,23
2024-10-31 00:00:00,0.0,0.0,2024-10-31,0
2024-10-31 01:00:00,0.0,0.0,2024-10-31,1
2024-10-31 02:00:00,0.0,0.0,2024-10-31,2
2024-10-31 03:00:00,0.0,0.0,2024-10-31,3
2024-10-31 04:00:00,0.0,0.0,2024-10-31,4
2024-10-31 05:00:00,0.001951523,0.0,2024-10-31,5
2024-10-31 06:00:00,0.1060582,0.1334687,2024-10-31,6
2024-10-31 07:00:00,0.3345688,0.4324542,2024-10-31,7
2024-10-31 08:00:00,0.5477562,0.6846807,2024-10-31,8
2024-10-31 09:00:00,0.8473452,1.043726,2024-10-31,9
2024-10-31 10:00:00,0.8709064,1.057165,2024-10-31,10
2024-10-31 11:00:00,0.6717824,0.7779306,2024-10-31,11
2024-10-31 12:00:00,0.6973312,0.8299093,2024-10-31,12
2024-10-31 13:00:00,0.6613395,0.8116042,2024-10-31,13
2024-10-31 14:00:00,0.4675072,0.5824028,2024-10-31,14
2024-10-31 15:00:00,0.3100737,0.4262058,2024-10-31,15
2024-10-31 16:00:00,0.09117945,0.1786721,2024-10-31,16
2024-10-31 17:00:00,0.0,0.0,2024-10-31,17
2024-10-31 18:00:00,0.0,0.0,2024-10-31,18
2024-10-31 19:00:00,0.0,0.0,2024-10-31,19
2024-10-31 20:00:00,0.0,0.0,2024-10-31,20
2024-10-31 21:00:00,0.0,0.0,2024-10-31,21
2024-10-31 22:00:00,0.0,0.0,2024-10-31,22
2024-10-31 23:00:00,0.0,0.0,2024-10-31,23
2024-11-01 00:00:00,0.0,0.0,2024-11-01,0
2024-11-01 01:00:00,0.0,0.0,2024-11-01,1
2024-11-01 02:00:00,0.0,0.0,2024-11-01,2
2024-11-01 03:00:00,0.0,0.0,2024-11-01,3
2024-11-01 04:00:00,0.0,0.0,2024-11-01,4
2024-11-01 05:00:00,0.003784,0.0,2024-11-01,5
2024-11-01 06:00:00,0.1255198,0.1832079,2024-11-01,6
2024-11-01 07:00:00,0.3520311,0.4659812,2024-11-01,7
2024-11-01 08:00:00,0.5525935,0.6947137,2024-11-01,8
2024-11-01 09:00:00,0.6840353,0.8355184,2024-11-01,9
2024-11-01 10:00:00,0.8603239,1.046821,2024-11-01,10
2024-11-01 11:00:00,0.8491775,1.02899,2024-11-01,11
2024-11-01 12:00:00,0.6586933,0.7754196,2024-11-01,12
2024-11-01 13:00:00,0.4790229,0.5383701,2024-11-01,13
2024-11-01 14:00:00,0.4808759,0.606442,2024-11-01,14
2024-11-01 15:00:00,0.2807589,0.3765565,2024-11-01,15
2024-11-01 16:00:00,0.0749977,0.1287661,2024-11-01,16
2024-11-01 17:00:00,0.0,0.0,2024-11-01,17
2024-11-01 18:00:00,0.0,0.0,2024-11-01,18
2024-11-01 19:00:00,0.0,0.0,2024-11-01,19
2024-11-01 20:00:00,0.0,0.0,2024-11-01,20
2024-11-01 21:00:00,0.0,0.0,2024-11-01,21
2024-11-01 22:00:00,0.0,0.0,2024-11-01,22
2024-11-01 23:00:00,0.0,0.0,2024-11-01,23
2024-11-02 00:00:00,0.0,0.0,2024-11-02,0
2024-11-02 01:00:00,0.0,0.0,2024-11-02,1
2024-11-02 02:00:00,0.0,0.0,2024-11-02,2
2024-11-02 03:00:00,0.0,0.0,2024-11-02,3
2024-11-02 04:00:00,0.0,0.0,2024-11-02,4
2024-11-02 05:00:00,0.00330033,0.0,2024-11-02,5
2024-11-02 06:00:00,0.1047186,0.1351141,2024-11-02,6
2024-11-02 07:00:00,0.3171177,0.4071695,2024-11-02,7
2024-11-02 08:00:00,0.4865508,0.5959148,2024-11-02,8
2024-11-02 09:00:00,0.6800485,0.8327293,2024-11-02,9
2024-11-02 10:00:00,0.8230928,1.002955,2024-11-02,10
2024-11-02 11:00:00,0.6639186,0.7709602,2024-11-02,11
2024-11-02 12:00:00,0.6280864,0.7316602,2024-11-02,12
2024-11-02 13:00:00,0.7571911,0.9427171,2024-11-02,13
2024-11-02 14:00:00,0.508335,0.6511593,2024-11-02,14
2024-11-02 15:00:00,0.2778667,0.3743673,2024-11-02,15
2024-11-02 16:00:00,0.07198915,0.1230881,2024-11-02,16
2024-11-02 17:00:00,0.0,0.0,2024-11-02,17
2024-11-02 18:00:00,0.0,0.0,2024-11-02,18
2024-11-02 19:00:00,0.0,0.0,2024-11-02,19
2024-11-02 20:00:00,0.0,0.0,2024-11-02,20
2024-11-02 21:00:00,0.0,0.0,2024-11-02,21
2024-11-02 22:00:00,0.0,0.0,2024-11-02,22
2024-11-02 23:00:00,0.0,0.0,2024-11-02,23
2024-11-03 00:00:00,0.0,0.0,2024-11-03,0
2024-11-03 01:00:00,0.0,0.0,2024-11-03,1
2024-11-03 02:00:00,0.0,0.0,2024-11-03,2
2024-11-03 03:00:00,0.0,0.0,2024-11-03,3
2024-11-03 04:00:00,0.0,0.0,2024-11-03,4
2024-11-03 05:00:00,0.004034708,0.0,2024-11-03,5
2024-11-03 06:00:00,0.120045,0.1763819,2024-11-03,6
2024-11-03 07:00:00,0.2001748,0.2117292,2024-11-03,7
2024-11-03 08:00:00,0.178829,0.175399,2024-11-03,8
2024-11-03 09:00:00,0.4012201,0.4208882,2024-11-03,9
2024-11-03 10:00:00,0.5535866,0.6149917,2024-11-03,10
2024-11-03 11:00:00,0.474185,0.4980071,2024-11-03,11
2024-11-03 12:00:00,0.6840143,0.8184035,2024-11-03,12
2024-11-03 13:00:00,0.5541556,0.6597344,2024-11-03,13
2024-11-03 14:00:00,0.1817251,0.179048,2024-11-03,14
2024-11-03 15:00:00,0.04362493,0.04258572,2024-11-03,15
2024-11-03 16:00:00,0.006906255,0.00675372,2024-11-03,16
2024-11-03 17:00:00,0.0,0.0,2024-11-03,17
2024-11-03 18:00:00,0.0,0.0,2024-11-03,18
2024-11-03 19:00:00,0.0,0.0,2024-11-03,19
2024-11-03 20:00:00,0.0,0.0,2024-11-03,20
2024-11-03 21:00:00,0.0,0.0,2024-11-03,21
2024-11-03 22:00:00,0.0,0.0,2024-11-03,22
2024-11-03 23:00:00,0.0,0.0,2024-11-03,23
2024-11-04 00:00:00,0.0,0.0,2024-11-04,0
2024-11-04 01:00:00,0.0,0.0,2024-11-04,1
2024-11-04 02:00:00,0.0,0.0,2024-11-04,2
2024-11-04 03:00:00,0.0,0.0,2024-11-04,3
2024-11-04 04:00:00,0.0,0.0,2024-11-04,4
2024-11-04 05:00:00,0.002573111,0.0,2024-11-04,5
2024-11-04 06:00:00,0.1163382,0.1702548,2024-11-04,6
2024-11-04 07:00:00,0.1759143,0.1804209,2024-11-04,7
2024-11-04 08:00:00,0.2138945,0.211616,2024-11-04,8
2024-11-04 09:00:00,0.2863856,0.2842435,2024-11-04,9
2024-11-04 10:00:00,0.5256122,0.5756115,2024-11-04,10
2024-11-04 11:00:00,0.5200915,0.5617498,2024-11-04,11
2024-11-04 12:00:00,0.7967099,0.9782087,2024-11-04,12
2024-11-04 13:00:00,0.5991184,0.7320325,2024-11-04,13
2024-11-04 14:00:00,0.4868763,0.6246265,2024-11-04,14
2024-11-04 15:00:00,0.2454609,0.3169804,2024-11-04,15
2024-11-04 16:00:00,0.08314276,0.1752769,2024-11-04,16
2024-11-04 17:00:00,0.0,0.0,2024-11-04,17
2024-11-04 18:00:00,0.0,0.0,2024-11-04,18
2024-11-04 19:00:00,0.0,0.0,2024-11-04,19
2024-11-04 20:00:00,0.0,0.0,2024-11-04,20
2024-11-04 21:00:00,0.0,0.0,2024-11-04,21
2024-11-04 22:00:00,0.0,0.0,2024-11-04,22
2024-11-04 23:00:00,0.0,0.0,2024-11-04,23
2024-11-05 00:00:00,0.0,0.0,2024-11-05,0
2024-11-05 01:00:00,0.0,0.0,2024-11-05,1
2024-11-05 02:00:00,0.0,0.0,2024-11-05,2
2024-11-05 03:00:00,0.0,0.0,2024-11-05,3
2024-11-05 04:00:00,0.0,0.0,2024-11-05,4
2024-11-05 05:00:00,0.002301959,0.0,2024-11-05,5
2024-11-05 06:00:00,0.09155832,0.1125938,2024-11-05,6
2024-11-05 07:00:00,0.1816683,0.1882159,2024-11-05,7
2024-11-05 08:00:00,0.2961711,0.3083132,2024-11-05,8
2024-11-05 09:00:00,0.6637992,0.8178902,2024-11-05,9
2024-11-05 10:00:00,0.6915883,0.8283645,2024-11-05,10
2024-11-05 11:00:00,0.6993148,0.8315478,2024-11-05,11
2024-11-05 12:00:00,0.7830259,0.963023,2024-11-05,12
2024-11-05 13:00:00,0.6793617,0.8504336,2024-11-05,13
2024-11-05 14:00:00,0.4075533,0.4967727,2024-11-05,14
2024-11-05 15:00:00,0.2373875,0.3035728,2024-11-05,15
2024-11-05 16:00:00,0.06024995,0.09438568,2024-11-05,16
2024-11-05 17:00:00,0.0,0.0,2024-11-05,17
2024-11-05 18:00:00,0.0,0.0,2024-11-05,18
2024-11-05 19:00:00,0.0,0.0,2024-11-05,19
2024-11-05 20:00:00,0.0,0.0,2024-11-05,20
2024-11-05 21:00:00,0.0,0.0,2024-11-05,21
2024-11-05 22:00:00,0.0,0.0,2024-11-05,22
2024-11-05 23:00:00,0.0,0.0,2024-11-05,23
2024-11-06 00:00:00,0.0,0.0,2024-11-06,0
2024-11-06 01:00:00,0.0,0.0,2024-11-06,1
2024-11-06 02:00:00,0.0,0.0,2024-11-06,2
2024-11-06 03:00:00,0.0,0.0,2024-11-06,3
2024-11-06 04:00:00,0.0,0.0,2024-11-06,4
2024-11-06 05:00:00,0.001871019,0.0,2024-11-06,5
2024-11-06 06:00:00,0.1270405,0.2087098,2024-11-06,6
2024-11-06 07:00:00,0.3019566,0.3908798,2024-11-06,7
2024-11-06 08:00:00,0.4395489,0.5290896,2024-11-06,8
2024-11-06 09:00:00,0.5938134,0.7149869,2024-11-06,9
2024-11-06 10:00:00,0.7195185,0.872189,2024-11-06,10
2024-11-06 11:00:00,0.8218356,1.00717,2024-11-06,11
2024-11-06 12:00:00,0.8216122,1.015076,2024-11-06,12
2024-11-06 13:00:00,0.7674331,0.9675822,2024-11-06,13
2024-11-06 14:00:00,0.5651243,0.7413391,2024-11-06,14
2024-11-06 15:00:00,0.3590134,0.5224181,2024-11-06,15
2024-11-06 16:00:00,0.09213377,0.216907,2024-11-06,16
2024-11-06 17:00:00,0.0,0.0,2024-11-06,17
2024-11-06 18:00:00,0.0,0.0,2024-11-06,18
2024-11-06 19:00:00,0.0,0.0,2024-11-06,19
2024-11-06 20:00:00,0.0,0.0,2024-11-06,20
2024-11-06 21:00:00,0.0,0.0,2024-11-06,21
2024-11-06 22:00:00,0.0,0.0,2024-11-06,22
2024-11-06 23:00:00,0.0,0.0,2024-11-06,23
2024-11-07 00:00:00,0.0,0.0,2024-11-07,0
2024-11-07 01:00:00,0.0,0.0,2024-11-07,1
2024-11-07 02:00:00,0.0,0.0,2024-11-07,2
2024-11-07 03:00:00,0.0,0.0,2024-11-07,3
2024-11-07 04:00:00,0.0,0.0,2024-11-07,4
2024-11-07 05:00:00,0.001100263,0.0,2024-11-07,5
2024-11-07 06:00:00,0.1078464,0.1583717,2024-11-07,6
2024-11-07 07:00:00,0.1662502,0.1696977,2024-11-07,7
2024-11-07 08:00:00,0.3867687,0.4438942,2024-11-07,8
2024-11-07 09:00:00,0.5770903,0.6912682,2024-11-07,9
2024-11-07 10:00:00,0.5200203,0.571852,2024-11-07,10
2024-11-07 11:00:00,0.5646765,0.6310833,2024-11-07,11
2024-11-07 12:00:00,0.5388833,0.6055268,2024-11-07,12
2024-11-07 13:00:00,0.6158853,0.7653846,2024-11-07,13
2024-11-07 14:00:00,0.4196613,0.5224347,2024-11-07,14
2024-11-07 15:00:00,0.2700201,0.3749253,2024-11-07,15
2024-11-07 16:00:00,0.1007517,0.2449065,2024-11-07,16
2024-11-07 17:00:00,0.0,0.0,2024-11-07,17
2024-11-07 18:00:00,0.0,0.0,2024-11-07,18
2024-11-07 19:00:00,0.0,0.0,2024-11-07,19
2024-11-07 20:00:00,0.0,0.0,2024-11-07,20
2024-11-07 21:00:00,0.0,0.0,2024-11-07,21
2024-11-07 22:00:00,0.0,0.0,2024-11-07,22
2024-11-07 23:00:00,0.0,0.0,2024-11-07,23
2024-11-08 00:00:00,0.0,0.0,2024-11-08,0
2024-11-08 01:00:00,0.0,0.0,2024-11-08,1
2024-11-08 02:00:00,0.0,0.0,2024-11-08,2
2024-11-08 03:00:00,0.0,0.0,2024-11-08,3
2024-11-08 04:00:00,0.0,0.0,2024-11-08,4
2024-11-08 05:00:00,0.001346452,0.0,2024-11-08,5
2024-11-08 06:00:00,0.1096834,0.1675494,2024-11-08,6
2024-11-08 07:00:00,0.3822988,0.5377056,2024-11-08,7
2024-11-08 08:00:00,0.5842997,0.7593228,2024-11-08,8
2024-11-08 09:00:00,0.7019218,0.8796938,2024-11-08,9
2024-11-08 10:00:00,0.8128144,1.00565,2024-11-08,10
2024-11-08 11:00:00,0.6381067,0.7453752,2024-11-08,11
2024-11-08 12:00:00,0.6403748,0.7648588,2024-11-08,12
2024-11-08 13:00:00,0.5727829,0.7015939,2024-11-08,13
2024-11-08 14:00:00,0.4196683,0.5249307,2024-11-08,14
2024-11-08 15:00:00,0.3030894,0.440456,2024-11-08,15
2024-11-08 16:00:00,0.0714819,0.1518651,2024-11-08,16
2024-11-08 17:00:00,0.0,0.0,2024-11-08,17
2024-11-08 18:00:00,0.0,0.0,2024-11-08,18
2024-11-08 19:00:00,0.0,0.0,2024-11-08,19
2024-11-08 20:00:00,0.0,0.0,2024-11-08,20
2024-11-08 21:00:00,0.0,0.0,2024-11-08,21
2024-11-08 22:00:00,0.0,0.0,2024-11-08,22
2024-11-08 23:00:00,0.0,0.0,2024-11-08,23
2024-11-09 00:00:00,0.0,0.0,2024-11-09,0
2024-11-09 01:00:00,0.0,0.0,2024-11-09,1
2024-11-09 02:00:00,0.0,0.0,2024-11-09,2
2024-11-09 03:00:00,0.0,0.0,2024-11-09,3
2024-11-09 04:00:00,0.0,0.0,2024-11-09,4
2024-11-09 05:00:00,0.0011422,0.0,2024-11-09,5
2024-11-09 06:00:00,0.1220833,0.2092042,2024-11-09,6
2024-11-09 07:00:00,0.3241992,0.4424257,2024-11-09,7
2024-11-09 08:00:00,0.6577501,0.8609152,2024-11-09,8
2024-11-09 09:00:00,0.8242472,1.041698,2024-11-09,9
2024-11-09 10:00:00,0.833398,1.034321,2024-11-09,10
2024-11-09 11:00:00,0.9072313,1.123468,2024-11-09,11
2024-11-09 12:00:00,0.7813814,0.9711909,2024-11-09,12
2024-11-09 13:00:00,0.7714711,0.9813899,2024-11-09,13
2024-11-09 14:00:00,0.4533873,0.5847899,2024-11-09,14
2024-11-09 15:00:00,0.2325379,0.30357,2024-11-09,15
2024-11-09 16:00:00,0.06880891,0.1454995,2024-11-09,16
2024-11-09 17:00:00,0.0,0.0,2024-11-09,17
2024-11-09 18:00:00,0.0,0.0,2024-11-09,18
2024-11-09 19:00:00,0.0,0.0,2024-11-09,19
2024-11-09 20:00:00,0.0,0.0,2024-11-09,20
2024-11-09 21:00:00,0.0,0.0,2024-11-09,21
2024-11-09 22:00:00,0.0,0.0,2024-11-09,22
2024-11-09 23:00:00,0.0,0.0,2024-11-09,23
2024-11-10 00:00:00,0.0,0.0,2024-11-10,0
2024-11-10 01:00:00,0.0,0.0,2024-11-10,1
2024-11-10 02:00:00,0.0,0.0,2024-11-10,2
2024-11-10 03:00:00,0.0,0.0,2024-11-10,3
2024-11-10 04:00:00,0.0,0.0,2024-11-10,4
2024-11-10 05:00:00,0.001752105,0.0,2024-11-10,5
2024-11-10 06:00:00,0.1642249,0.3181907,2024-11-10,6
2024-11-10 07:00:00,0.3893681,0.5542179,2024-11-10,7
2024-11-10 08:00:00,0.5566787,0.7266085,2024-11-10,8
2024-11-10 09:00:00,0.7380589,0.9325039,2024-11-10,9
2024-11-10 10:00:00,0.9418635,1.175663,2024-11-10,10
2024-11-10 11:00:00,0.8916842,1.106335,2024-11-10,11
2024-11-10 12:00:00,0.7941758,0.9902712,2024-11-10,12
2024-11-10 13:00:00,0.6144679,0.7710081,2024-11-10,13
2024-11-10 14:00:00,0.5614862,0.7474818,2024-11-10,14
2024-11-10 15:00:00,0.2982798,0.4379292,2024-11-10,15
2024-11-10 16:00:00,0.05605725,0.09566206,2024-11-10,16
2024-11-10 17:00:00,0.0,0.0,2024-11-10,17
2024-11-10 18:00:00,0.0,0.0,2024-11-10,18
2024-11-10 19:00:00,0.0,0.0,2024-11-10,19
2024-11-10 20:00:00,0.0,0.0,2024-11-10,20
2024-11-10 21:00:00,0.0,0.0,2024-11-10,21
2024-11-10 22:00:00,0.0,0.0,2024-11-10,22
2024-11-10 23:00:00,0.0,0.0,2024-11-10,23
2024-11-11 00:00:00,0.0,0.0,2024-11-11,0
2024-11-11 01:00:00,0.0,0.0,2024-11-11,1
2024-11-11 02:00:00,0.0,0.0,2024-11-11,2
2024-11-11 03:00:00,0.0,0.0,2024-11-11,3
2024-11-11 04:00:00,0.0,0.0,2024-11-11,4
2024-11-11 05:00:00,0.001075084,0.0,2024-11-11,5
2024-11-11 06:00:00,0.08336174,0.1069055,2024-11-11,6
2024-11-11 07:00:00,0.07880923,0.07722065,2024-11-11,7
2024-11-11 08:00:00,0.1934969,0.1909226,2024-11-11,8
2024-11-11 09:00:00,0.2386479,0.2347973,2024-11-11,9
2024-11-11 10:00:00,0.3306674,0.3302011,2024-11-11,10
2024-11-11 11:00:00,0.3488909,0.3492291,2024-11-11,11
2024-11-11 12:00:00,0.223292,0.2186036,2024-11-11,12
2024-11-11 13:00:00,0.1732206,0.1694955,2024-11-11,13
2024-11-11 14:00:00,0.2271129,0.2306784,2024-11-11,14
2024-11-11 15:00:00,0.02958798,0.02885176,2024-11-11,15
2024-11-11 16:00:00,0.01803597,0.01804963,2024-11-11,16
2024-11-11 17:00:00,0.0,0.0,2024-11-11,17
2024-11-11 18:00:00,0.0,0.0,2024-11-11,18
2024-11-11 19:00:00,0.0,0.0,2024-11-11,19
2024-11-11 20:00:00,0.0,0.0,2024-11-11,20
2024-11-11 21:00:00,0.0,0.0,2024-11-11,21
2024-11-11 22:00:00,0.0,0.0,2024-11-11,22
2024-11-11 23:00:00,0.0,0.0,2024-11-11,23
2024-11-12 00:00:00,0.0,0.0,2024-11-12,0
2024-11-12 01:00:00,0.0,0.0,2024-11-12,1
2024-11-12 02:00:00,0.0,0.0,2024-11-12,2
2024-11-12 03:00:00,0.0,0.0,2024-11-12,3
2024-11-12 04:00:00,0.0,0.0,2024-11-12,4
2024-11-12 05:00:00,0.000740759,0.0,2024-11-12,5
2024-11-12 06:00:00,0.09663239,0.1455994,2024-11-12,6
2024-11-12 07:00:00,0.02219434,0.0216017,2024-11-12,7
2024-11-12 08:00:00,0.04696551,0.04572063,2024-11-12,8
2024-11-12 09:00:00,0.1079126,0.1052332,2024-11-12,9
2024-11-12 10:00:00,0.1202945,0.1172728,2024-11-12,10
2024-11-12 11:00:00,0.1335384,0.1302189,2024-11-12,11
2024-11-12 12:00:00,0.1365436,0.1332133,2024-11-12,12
2024-11-12 13:00:00,0.09306701,0.09072552,2024-11-12,13
2024-11-12 14:00:00,0.1089266,0.1065491,2024-11-12,14
2024-11-12 15:00:00,0.04183328,0.0408752,2024-11-12,15
2024-11-12 16:00:00,0.01049634,0.0103716,2024-11-12,16
2024-11-12 17:00:00,0.0,0.0,2024-11-12,17
2024-11-12 18:00:00,0.0,0.0,2024-11-12,18
2024-11-12 19:00:00,0.0,0.0,2024-11-12,19
2024-11-12 20:00:00,0.0,0.0,2024-11-12,20
2024-11-12 21:00:00,0.0,0.0,2024-11-12,21
2024-11-12 22:00:00,0.0,0.0,2024-11-12,22
2024-11-12 23:00:00,0.0,0.0,2024-11-12,23
2024-11-13 00:00:00,0.0,0.0,2024-11-13,0
2024-11-13 01:00:00,0.0,0.0,2024-11-13,1
2024-11-13 02:00:00,0.0,0.0,2024-11-13,2
2024-11-13 03:00:00,0.0,0.0,2024-11-13,3
2024-11-13 04:00:00,0.0,0.0,2024-11-13,4
2024-11-13 05:00:00,0.000553616,0.0,2024-11-13,5
2024-11-13 06:00:00,0.1161155,0.2125411,2024-11-13,6
2024-11-13 07:00:00,0.17593,0.1852986,2024-11-13,7
2024-11-13 08:00:00,0.326417,0.358119,2024-11-13,8
2024-11-13 09:00:00,0.4712691,0.5350373,2024-11-13,9
2024-11-13 10:00:00,0.2671547,0.2627409,2024-11-13,10
2024-11-13 11:00:00,0.4403275,0.461439,2024-11-13,11
2024-11-13 12:00:00,0.6815557,0.839888,2024-11-13,12
2024-11-13 13:00:00,0.4732387,0.5505343,2024-11-13,13
2024-11-13 14:00:00,0.2889361,0.3145058,2024-11-13,14
2024-11-13 15:00:00,0.1467701,0.1551769,2024-11-13,15
2024-11-13 16:00:00,0.06279754,0.1366384,2024-11-13,16
2024-11-13 17:00:00,0.0,0.0,2024-11-13,17
2024-11-13 18:00:00,0.0,0.0,2024-11-13,18
2024-11-13 19:00:00,0.0,0.0,2024-11-13,19
2024-11-13 20:00:00,0.0,0.0,2024-11-13,20
2024-11-13 21:00:00,0.0,0.0,2024-11-13,21
2024-11-13 22:00:00,0.0,0.0,2024-11-13,22
2024-11-13 23:00:00,0.0,0.0,2024-11-13,23
2024-11-14 00:00:00,0.0,0.0,2024-11-14,0
2024-11-14 01:00:00,0.0,0.0,2024-11-14,1
2024-11-14 02:00:00,0.0,0.0,2024-11-14,2
2024-11-14 03:00:00,0.0,0.0,2024-11-14,3
2024-11-14 04:00:00,0.0,0.0,2024-11-14,4
2024-11-14 05:00:00,0.000498997,0.0,2024-11-14,5
2024-11-14 06:00:00,0.09738946,0.1566358,2024-11-14,6
2024-11-14 07:00:00,0.2882904,0.3887512,2024-11-14,7
2024-11-14 08:00:00,0.4734545,0.6077784,2024-11-14,8
2024-11-14 09:00:00,0.7676846,0.9815691,2024-11-14,9
2024-11-14 10:00:00,0.8043191,1.009304,2024-11-14,10
2024-11-14 11:00:00,0.9313114,1.167487,2024-11-14,11
2024-11-14 12:00:00,0.836217,1.053947,2024-11-14,12
2024-11-14 13:00:00,0.676951,0.869662,2024-11-14,13
2024-11-14 14:00:00,0.4984378,0.6688983,2024-11-14,14
2024-11-14 15:00:00,0.2980352,0.4486346,2024-11-14,15
2024-11-14 16:00:00,0.08197489,0.2249577,2024-11-14,16
2024-11-14 17:00:00,0.0,0.0,2024-11-14,17
2024-11-14 18:00:00,0.0,0.0,2024-11-14,18
2024-11-14 19:00:00,0.0,0.0,2024-11-14,19
2024-11-14 20:00:00,0.0,0.0,2024-11-14,20
2024-11-14 21:00:00,0.0,0.0,2024-11-14,21
2024-11-14 22:00:00,0.0,0.0,2024-11-14,22
2024-11-14 23:00:00,0.0,0.0,2024-11-14,23
2024-11-15 00:00:00,0.0,0.0,2024-11-15,0
2024-11-15 01:00:00,0.0,0.0,2024-11-15,1
2024-11-15 02:00:00,0.0,0.0,2024-11-15,2
2024-11-15 03:00:00,0.0,0.0,2024-11-15,3
2024-11-15 04:00:00,0.0,0.0,2024-11-15,4
2024-11-15 05:00:00,0.000111223,0.0,2024-11-15,5
2024-11-15 06:00:00,0.04078975,0.04090148,2024-11-15,6
2024-11-15 07:00:00,0.111624,0.1101468,2024-11-15,7
2024-11-15 08:00:00,0.2524485,0.2582808,2024-11-15,8
2024-11-15 09:00:00,0.5608408,0.6847503,2024-11-15,9
2024-11-15 10:00:00,0.3727854,0.3803276,2024-11-15,10
2024-11-15 11:00:00,0.3983034,0.4088575,2024-11-15,11
2024-11-15 12:00:00,0.5084922,0.5712518,2024-11-15,12
2024-11-15 13:00:00,0.5965829,0.7556569,2024-11-15,13
2024-11-15 14:00:00,0.3929145,0.4932552,2024-11-15,14
2024-11-15 15:00:00,0.1500487,0.1607864,2024-11-15,15
2024-11-15 16:00:00,0.03848743,0.04828388,2024-11-15,16
2024-11-15 17:00:00,0.0,0.0,2024-11-15,17
2024-11-15 18:00:00,0.0,0.0,2024-11-15,18
2024-11-15 19:00:00,0.0,0.0,2024-11-15,19
2024-11-15 20:00:00,0.0,0.0,2024-11-15,20
2024-11-15 21:00:00,0.0,0.0,2024-11-15,21
2024-11-15 22:00:00,0.0,0.0,2024-11-15,22
2024-11-15 23:00:00,0.0,0.0,2024-11-15,23
2024-11-16 00:00:00,0.0,0.0,2024-11-16,0
2024-11-16 01:00:00,0.0,0.0,2024-11-16,1
2024-11-16 02:00:00,0.0,0.0,2024-11-16,2
2024-11-16 03:00:00,0.0,0.0,2024-11-16,3
2024-11-16 04:00:00,0.0,0.0,2024-11-16,4
2024-11-16 05:00:00,0.000262725,0.0,2024-11-16,5
2024-11-16 06:00:00,0.09710356,0.1656614,2024-11-16,6
2024-11-16 07:00:00,0.1580688,0.1631885,2024-11-16,7
2024-11-16 08:00:00,0.1101377,0.1076816,2024-11-16,8
2024-11-16 09:00:00,0.2768292,0.2760377,2024-11-16,9
2024-11-16 10:00:00,0.4463039,0.4766528,2024-11-16,10
2024-11-16 11:00:00,0.3393249,0.339641,2024-11-16,11
2024-11-16 12:00:00,0.06729866,0.065499,2024-11-16,12
2024-11-16 13:00:00,0.1186932,0.1158755,2024-11-16,13
2024-11-16 14:00:00,0.148609,0.1459532,2024-11-16,14
2024-11-16 15:00:00,0.1052335,0.1047904,2024-11-16,15
2024-11-16 16:00:00,0.03941286,0.05143034,2024-11-16,16
2024-11-16 17:00:00,0.0,0.0,2024-11-16,17
2024-11-16 18:00:00,0.0,0.0,2024-11-16,18
2024-11-16 19:00:00,0.0,0.0,2024-11-16,19
2024-11-16 20:00:00,0.0,0.0,2024-11-16,20
2024-11-16 21:00:00,0.0,0.0,2024-11-16,21
2024-11-16 22:00:00,0.0,0.0,2024-11-16,22
2024-11-16 23:00:00,0.0,0.0,2024-11-16,23
2024-11-17 00:00:00,0.0,0.0,2024-11-17,0
2024-11-17 01:00:00,0.0,0.0,2024-11-17,1
2024-11-17 02:00:00,0.0,0.0,2024-11-17,2
2024-11-17 03:00:00,0.0,0.0,2024-11-17,3
2024-11-17 04:00:00,0.0,0.0,2024-11-17,4
2024-11-17 05:00:00,0.000102566,0.0,2024-11-17,5
2024-11-17 06:00:00,0.07125624,0.09168927,2024-11-17,6
2024-11-17 07:00:00,0.1569387,0.1621881,2024-11-17,7
2024-11-17 08:00:00,0.3015831,0.3255464,2024-11-17,8
2024-11-17 09:00:00,0.7011668,0.9011935,2024-11-17,9
2024-11-17 10:00:00,0.6634675,0.8150935,2024-11-17,10
2024-11-17 11:00:00,0.4736165,0.5103569,2024-11-17,11
2024-11-17 12:00:00,0.3644159,0.372577,2024-11-17,12
2024-11-17 13:00:00,0.4443778,0.5096211,2024-11-17,13
2024-11-17 14:00:00,0.4070349,0.522738,2024-11-17,14
2024-11-17 15:00:00,0.108308,0.1082408,2024-11-17,15
2024-11-17 16:00:00,0.0285948,0.03049259,2024-11-17,16
2024-11-17 17:00:00,0.0,0.0,2024-11-17,17
2024-11-17 18:00:00,0.0,0.0,2024-11-17,18
2024-11-17 19:00:00,0.0,0.0,2024-11-17,19
2024-11-17 20:00:00,0.0,0.0,2024-11-17,20
2024-11-17 21:00:00,0.0,0.0,2024-11-17,21
2024-11-17 22:00:00,0.0,0.0,2024-11-17,22
2024-11-17 23:00:00,0.0,0.0,2024-11-17,23
2024-11-18 00:00:00,0.0,0.0,2024-11-18,0
2024-11-18 01:00:00,0.0,0.0,2024-11-18,1
2024-11-18 02:00:00,0.0,0.0,2024-11-18,2
2024-11-18 03:00:00,0.0,0.0,2024-11-18,3
2024-11-18 04:00:00,0.0,0.0,2024-11-18,4
2024-11-18 05:00:00,0.000103104,0.0,2024-11-18,5
2024-11-18 06:00:00,0.05734625,0.06434715,2024-11-18,6
2024-11-18 07:00:00,0.1295788,0.1296708,2024-11-18,7
2024-11-18 08:00:00,0.2195781,0.2203267,2024-11-18,8
2024-11-18 09:00:00,0.4959783,0.5840266,2024-11-18,9
2024-11-18 10:00:00,0.6633452,0.8171797,2024-11-18,10
2024-11-18 11:00:00,0.4694968,0.505422,2024-11-18,11
2024-11-18 12:00:00,0.5500012,0.6412848,2024-11-18,12
2024-11-18 13:00:00,0.4148721,0.4639356,2024-11-18,13
2024-11-18 14:00:00,0.37114,0.4590689,2024-11-18,14
2024-11-18 15:00:00,0.2466996,0.3546357,2024-11-18,15
2024-11-18 16:00:00,0.04042744,0.05607213,2024-11-18,16
2024-11-18 17:00:00,0.0,0.0,2024-11-18,17
2024-11-18 18:00:00,0.0,0.0,2024-11-18,18
2024-11-18 19:00:00,0.0,0.0,2024-11-18,19
2024-11-18 20:00:00,0.0,0.0,2024-11-18,20
2024-11-18 21:00:00,0.0,0.0,2024-11-18,21
2024-11-18 22:00:00,0.0,0.0,2024-11-18,22
2024-11-18 23:00:00,0.0,0.0,2024-11-18,23
2024-11-19 00:00:00,0.0,0.0,2024-11-19,0
2024-11-19 01:00:00,0.0,0.0,2024-11-19,1
2024-11-19 02:00:00,0.0,0.0,2024-11-19,2
2024-11-19 03:00:00,0.0,0.0,2024-11-19,3
2024-11-19 04:00:00,0.0,0.0,2024-11-19,4
2024-11-19 05:00:00,4.15435e-05,0.0,2024-11-19,5
2024-11-19 06:00:00,0.04894678,0.05180852,2024-11-19,6
2024-11-19 07:00:00,0.1204587,0.1197924,2024-11-19,7
2024-11-19 08:00:00,0.3780305,0.4525889,2024-11-19,8
2024-11-19 09:00:00,0.4201519,0.46445,2024-11-19,9
2024-11-19 10:00:00,0.4452696,0.4778821,2024-11-19,10
2024-11-19 11:00:00,0.5417966,0.6147212,2024-11-19,11
2024-11-19 12:00:00,0.1329816,0.1297711,2024-11-19,12
2024-11-19 13:00:00,0.1613692,0.1579241,2024-11-19,13
2024-11-19 14:00:00,0.1724831,0.1705791,2024-11-19,14
2024-11-19 15:00:00,0.2057707,0.2657378,2024-11-19,15
2024-11-19 16:00:00,0.04359218,0.06753102,2024-11-19,16
2024-11-19 17:00:00,0.0,0.0,2024-11-19,17
2024-11-19 18:00:00,0.0,0.0,2024-11-19,18
2024-11-19 19:00:00,0.0,0.0,2024-11-19,19
2024-11-19 20:00:00,0.0,0.0,2024-11-19,20
2024-11-19 21:00:00,0.0,0.0,2024-11-19,21
2024-11-19 22:00:00,0.0,0.0,2024-11-19,22
2024-11-19 23:00:00,0.0,0.0,2024-11-19,23
2024-11-20 00:00:00,0.0,0.0,2024-11-20,0
2024-11-20 01:00:00,0.0,0.0,2024-11-20,1
2024-11-20 02:00:00,0.0,0.0,2024-11-20,2
2024-11-20 03:00:00,0.0,0.0,2024-11-20,3
2024-11-20 04:00:00,0.0,0.0,2024-11-20,4
2024-11-20 05:00:00,1.21282e-05,0.0,2024-11-20,5
2024-11-20 06:00:00,0.1094714,0.2340032,2024-11-20,6
2024-11-20 07:00:00,0.1657494,0.1757461,2024-11-20,7
2024-11-20 08:00:00,0.2230511,0.2248058,2024-11-20,8
2024-11-20 09:00:00,0.1762598,0.1725567,2024-11-20,9
2024-11-20 10:00:00,0.2126256,0.2081658,2024-11-20,10
2024-11-20 11:00:00,0.3140033,0.3123123,2024-11-20,11
2024-11-20 12:00:00,0.6114569,0.7446891,2024-11-20,12
2024-11-20 13:00:00,0.5854549,0.74875,2024-11-20,13
2024-11-20 14:00:00,0.4663968,0.6318902,2024-11-20,14
2024-11-20 15:00:00,0.2406919,0.3451459,2024-11-20,15
2024-11-20 16:00:00,0.05369585,0.114093,2024-11-20,16
2024-11-20 17:00:00,0.0,0.0,2024-11-20,17
2024-11-20 18:00:00,0.0,0.0,2024-11-20,18
2024-11-20 19:00:00,0.0,0.0,2024-11-20,19
2024-11-20 20:00:00,0.0,0.0,2024-11-20,20
2024-11-20 21:00:00,0.0,0.0,2024-11-20,21
2024-11-20 22:00:00,0.0,0.0,2024-11-20,22
2024-11-20 23:00:00,0.0,0.0,2024-11-20,23
2024-11-21 00:00:00,0.0,0.0,2024-11-21,0
2024-11-21 01:00:00,0.0,0.0,2024-11-21,1
2024-11-21 02:00:00,0.0,0.0,2024-11-21,2
2024-11-21 03:00:00,0.0,0.0,2024-11-21,3
2024-11-21 04:00:00,0.0,0.0,2024-11-21,4
2024-11-21 05:00:00,2.42052e-07,0.0,2024-11-21,5
2024-11-21 06:00:00,0.06971814,0.09832644,2024-11-21,6
2024-11-21 07:00:00,0.2892214,0.4135865,2024-11-21,7
2024-11-21 08:00:00,0.580746,0.7884208,2024-11-21,8
2024-11-21 09:00:00,0.7453485,0.9690763,2024-11-21,9
2024-11-21 10:00:00,0.7662282,0.9744582,2024-11-21,10
2024-11-21 11:00:00,0.7253548,0.9081782,2024-11-21,11
2024-11-21 12:00:00,0.7626706,0.9729963,2024-11-21,12
2024-11-21 13:00:00,0.6866711,0.8971416,2024-11-21,13
2024-11-21 14:00:00,0.513532,0.7056382,2024-11-21,14
2024-11-21 15:00:00,0.2839173,0.438682,2024-11-21,15
2024-11-21 16:00:00,0.06169376,0.1601127,2024-11-21,16
2024-11-21 17:00:00,0.0,0.0,2024-11-21,17
2024-11-21 18:00:00,0.0,0.0,2024-11-21,18
2024-11-21 19:00:00,0.0,0.0,2024-11-21,19
2024-11-21 20:00:00,0.0,0.0,2024-11-21,20
2024-11-21 21:00:00,0.0,0.0,2024-11-21,21
2024-11-21 22:00:00,0.0,0.0,2024-11-21,22
2024-11-21 23:00:00,0.0,0.0,2024-11-21,23
2024-11-22 00:00:00,0.0,0.0,2024-11-22,0
2024-11-22 01:00:00,0.0,0.0,2024-11-22,1
2024-11-22 02:00:00,0.0,0.0,2024-11-22,2
2024-11-22 03:00:00,0.0,0.0,2024-11-22,3
2024-11-22 04:00:00,0.0,0.0,2024-11-22,4
2024-11-22 05:00:00,0.0,0.0,2024-11-22,5
2024-11-22 06:00:00,0.07282832,0.1114815,2024-11-22,6
2024-11-22 07:00:00,0.2396242,0.3108662,2024-11-22,7
2024-11-22 08:00:00,0.3972931,0.4935811,2024-11-22,8
2024-11-22 09:00:00,0.6710584,0.8712375,2024-11-22,9
2024-11-22 10:00:00,0.7447178,0.9469538,2024-11-22,10
2024-11-22 11:00:00,0.7745804,0.9806946,2024-11-22,11
2024-11-22 12:00:00,0.7855554,1.004928,2024-11-22,12
2024-11-22 13:00:00,0.7130094,0.9345806,2024-11-22,13
2024-11-22 14:00:00,0.497972,0.6849561,2024-11-22,14
2024-11-22 15:00:00,0.2654049,0.4031539,2024-11-22,15
2024-11-22 16:00:00,0.06610797,0.186847,2024-11-22,16
2024-11-22 17:00:00,0.0,0.0,2024-11-22,17
2024-11-22 18:00:00,0.0,0.0,2024-11-22,18
2024-11-22 19:00:00,0.0,0.0,2024-11-22,19
2024-11-22 20:00:00,0.0,0.0,2024-11-22,20
2024-11-22 21:00:00,0.0,0.0,2024-11-22,21
2024-11-22 22:00:00,0.0,0.0,2024-11-22,22
2024-11-22 23:00:00,0.0,0.0,2024-11-22,23
2024-11-23 00:00:00,0.0,0.0,2024-11-23,0
2024-11-23 01:00:00,0.0,0.0,2024-11-23,1
2024-11-23 02:00:00,0.0,0.0,2024-11-23,2
2024-11-23 03:00:00,0.0,0.0,2024-11-23,3
2024-11-23 04:00:00,0.0,0.0,2024-11-23,4
2024-11-23 05:00:00,0.0,0.0,2024-11-23,5
2024-11-23 06:00:00,0.0868986,0.16913,2024-11-23,6
2024-11-23 07:00:00,0.3838125,0.5856459,2024-11-23,7
2024-11-23 08:00:00,0.563945,0.7695947,2024-11-23,8
2024-11-23 09:00:00,0.7373047,0.9627538,2024-11-23,9
2024-11-23 10:00:00,0.8610886,1.103411,2024-11-23,10
2024-11-23 11:00:00,0.8932943,1.138973,2024-11-23,11
2024-11-23 12:00:00,0.7912549,1.014279,2024-11-23,12
2024-11-23 13:00:00,0.7749317,1.020591,2024-11-23,13
2024-11-23 14:00:00,0.5886127,0.8169413,2024-11-23,14
2024-11-23 15:00:00,0.2977857,0.4680006,2024-11-23,15
2024-11-23 16:00:00,0.05759422,0.1418404,2024-11-23,16
2024-11-23 17:00:00,0.0,0.0,2024-11-23,17
2024-11-23 18:00:00,0.0,0.0,2024-11-23,18
2024-11-23 19:00:00,0.0,0.0,2024-11-23,19
2024-11-23 20:00:00,0.0,0.0,2024-11-23,20
2024-11-23 21:00:00,0.0,0.0,2024-11-23,21
2024-11-23 22:00:00,0.0,0.0,2024-11-23,22
2024-11-23 23:00:00,0.0,0.0,2024-11-23,23
2024-11-24 00:00:00,0.0,0.0,2024-11-24,0
2024-11-24 01:00:00,0.0,0.0,2024-11-24,1
2024-11-24 02:00:00,0.0,0.0,2024-11-24,2
2024-11-24 03:00:00,0.0,0.0,2024-11-24,3
2024-11-24 04:00:00,0.0,0.0,2024-11-24,4
2024-11-24 05:00:00,0.0,0.0,2024-11-24,5
2024-11-24 06:00:00,0.0983811,0.2217276,2024-11-24,6
2024-11-24 07:00:00,0.2776309,0.3990248,2024-11-24,7
2024-11-24 08:00:00,0.4322252,0.5621437,2024-11-24,8
2024-11-24 09:00:00,0.5203813,0.6370562,2024-11-24,9
2024-11-24 10:00:00,0.7321926,0.9333088,2024-11-24,10
2024-11-24 11:00:00,0.9276297,1.186212,2024-11-24,11
2024-11-24 12:00:00,0.8037137,1.032542,2024-11-24,12
2024-11-24 13:00:00,0.7069507,0.9300922,2024-11-24,13
2024-11-24 14:00:00,0.4963653,0.6860242,2024-11-24,14
2024-11-24 15:00:00,0.318536,0.5044432,2024-11-24,15
2024-11-24 16:00:00,0.08399434,0.2652677,2024-11-24,16
2024-11-24 17:00:00,0.0,0.0,2024-11-24,17
2024-11-24 18:00:00,0.0,0.0,2024-11-24,18
2024-11-24 19:00:00,0.0,0.0,2024-11-24,19
2024-11-24 20:00:00,0.0,0.0,2024-11-24,20
2024-11-24 21:00:00,0.0,0.0,2024-11-24,21
2024-11-24 22:00:00,0.0,0.0,2024-11-24,22
2024-11-24 23:00:00,0.0,0.0,2024-11-24,23
2024-11-25 00:00:00,0.0,0.0,2024-11-25,0
2024-11-25 01:00:00,0.0,0.0,2024-11-25,1
2024-11-25 02:00:00,0.0,0.0,2024-11-25,2
2024-11-25 03:00:00,0.0,0.0,2024-11-25,3
2024-11-25 04:00:00,0.0,0.0,2024-11-25,4
2024-11-25 05:00:00,0.0,0.0,2024-11-25,5
2024-11-25 06:00:00,0.05265816,0.06395131,2024-11-25,6
2024-11-25 07:00:00,0.2978552,0.4446014,2024-11-25,7
2024-11-25 08:00:00,0.4024713,0.5099584,2024-11-25,8
2024-11-25 09:00:00,0.5475773,0.6853631,2024-11-25,9
2024-11-25 10:00:00,0.7732084,0.9914917,2024-11-25,10
2024-11-25 11:00:00,0.7445154,0.943947,2024-11-25,11
2024-11-25 12:00:00,0.5156,0.5952275,2024-11-25,12
2024-11-25 13:00:00,0.4845369,0.5876071,2024-11-25,13
2024-11-25 14:00:00,0.4423486,0.6000881,2024-11-25,14
2024-11-25 15:00:00,0.2715162,0.4209492,2024-11-25,15
2024-11-25 16:00:00,0.06206926,0.1711358,2024-11-25,16
2024-11-25 17:00:00,0.0,0.0,2024-11-25,17
2024-11-25 18:00:00,0.0,0.0,2024-11-25,18
2024-11-25 19:00:00,0.0,0.0,2024-11-25,19
2024-11-25 20:00:00,0.0,0.0,2024-11-25,20
2024-11-25 21:00:00,0.0,0.0,2024-11-25,21
2024-11-25 22:00:00,0.0,0.0,2024-11-25,22
2024-11-25 23:00:00,0.0,0.0,2024-11-25,23
2024-11-26 00:00:00,0.0,0.0,2024-11-26,0
2024-11-26 01:00:00,0.0,0.0,2024-11-26,1
2024-11-26 02:00:00,0.0,0.0,2024-11-26,2
2024-11-26 03:00:00,0.0,0.0,2024-11-26,3
2024-11-26 04:00:00,0.0,0.0,2024-11-26,4
2024-11-26 05:00:00,0.0,0.0,2024-11-26,5
2024-11-26 06:00:00,0.06044021,0.08638966,2024-11-26,6
2024-11-26 07:00:00,0.2642285,0.3762729,2024-11-26,7
2024-11-26 08:00:00,0.5013161,0.6850782,2024-11-26,8
2024-11-26 09:00:00,0.5192294,0.6390732,2024-11-26,9
2024-11-26 10:00:00,0.5682063,0.6787475,2024-11-26,10
2024-11-26 11:00:00,0.6945686,0.8711188,2024-11-26,11
2024-11-26 12:00:00,0.75829,0.9758926,2024-11-26,12
2024-11-26 13:00:00,0.505387,0.6249634,2024-11-26,13
2024-11-26 14:00:00,0.4252559,0.5711753,2024-11-26,14
2024-11-26 15:00:00,0.270442,0.4201734,2024-11-26,15
2024-11-26 16:00:00,0.06509221,0.1896404,2024-11-26,16
2024-11-26 17:00:00,0.0,0.0,2024-11-26,17
2024-11-26 18:00:00,0.0,0.0,2024-11-26,18
2024-11-26 19:00:00,0.0,0.0,2024-11-26,19
2024-11-26 20:00:00,0.0,0.0,2024-11-26,20
2024-11-26 21:00:00,0.0,0.0,2024-11-26,21
2024-11-26 22:00:00,0.0,0.0,2024-11-26,22
2024-11-26 23:00:00,0.0,0.0,2024-11-26,23
2024-11-27 00:00:00,0.0,0.0,2024-11-27,0
2024-11-27 01:00:00,0.0,0.0,2024-11-27,1
2024-11-27 02:00:00,0.0,0.0,2024-11-27,2
2024-11-27 03:00:00,0.0,0.0,2024-11-27,3
2024-11-27 04:00:00,0.0,0.0,2024-11-27,4
2024-11-27 05:00:00,0.0,0.0,2024-11-27,5
2024-11-27 06:00:00,0.0603223,0.08921316,2024-11-27,6
2024-11-27 07:00:00,0.2169713,0.2753318,2024-11-27,7
2024-11-27 08:00:00,0.5406898,0.7454942,2024-11-27,8
2024-11-27 09:00:00,0.6562983,0.8606362,2024-11-27,9
2024-11-27 10:00:00,0.887943,1.14731,2024-11-27,10
2024-11-27 11:00:00,0.8891238,1.141206,2024-11-27,11
2024-11-27 12:00:00,0.7936713,1.024345,2024-11-27,12
2024-11-27 13:00:00,0.6042797,0.7902926,2024-11-27,13
2024-11-27 14:00:00,0.5330325,0.7437025,2024-11-27,14
2024-11-27 15:00:00,0.3287397,0.5262696,2024-11-27,15
2024-11-27 16:00:00,0.07995281,0.256751,2024-11-27,16
2024-11-27 17:00:00,0.0,0.0,2024-11-27,17
2024-11-27 18:00:00,0.0,0.0,2024-11-27,18
2024-11-27 19:00:00,0.0,0.0,2024-11-27,19
2024-11-27 20:00:00,0.0,0.0,2024-11-27,20
2024-11-27 21:00:00,0.0,0.0,2024-11-27,21
2024-11-27 22:00:00,0.0,0.0,2024-11-27,22
2024-11-27 23:00:00,0.0,0.0,2024-11-27,23
2024-11-28 00:00:00,0.0,0.0,2024-11-28,0
2024-11-28 01:00:00,0.0,0.0,2024-11-28,1
2024-11-28 02:00:00,0.0,0.0,2024-11-28,2
2024-11-28 03:00:00,0.0,0.0,2024-11-28,3
2024-11-28 04:00:00,0.0,0.0,2024-11-28,4
2024-11-28 05:00:00,0.0,0.0,2024-11-28,5
2024-11-28 06:00:00,0.06107987,0.09533571,2024-11-28,6
2024-11-28 07:00:00,0.09880059,0.0977001,2024-11-28,7
2024-11-28 08:00:00,0.08869736,0.08668632,2024-11-28,8
2024-11-28 09:00:00,0.2519204,0.2505894,2024-11-28,9
2024-11-28 10:00:00,0.3695441,0.3816723,2024-11-28,10
2024-11-28 11:00:00,0.6019166,0.7251484,2024-11-28,11
2024-11-28 12:00:00,0.2908508,0.289617,2024-11-28,12
2024-11-28 13:00:00,0.1771949,0.1736923,2024-11-28,13
2024-11-28 14:00:00,0.1041381,0.1019707,2024-11-28,14
2024-11-28 15:00:00,0.1170542,0.1192677,2024-11-28,15
2024-11-28 16:00:00,0.03688641,0.05039645,2024-11-28,16
2024-11-28 17:00:00,0.0,0.0,2024-11-28,17
2024-11-28 18:00:00,0.0,0.0,2024-11-28,18
2024-11-28 19:00:00,0.0,0.0,2024-11-28,19
2024-11-28 20:00:00,0.0,0.0,2024-11-28,20
2024-11-28 21:00:00,0.0,0.0,2024-11-28,21
2024-11-28 22:00:00,0.0,0.0,2024-11-28,22
2024-11-28 23:00:00,0.0,0.0,2024-11-28,23
2024-11-29 00:00:00,0.0,0.0,2024-11-29,0
2024-11-29 01:00:00,0.0,0.0,2024-11-29,1
2024-11-29 02:00:00,0.0,0.0,2024-11-29,2
2024-11-29 03:00:00,0.0,0.0,2024-11-29,3
2024-11-29 04:00:00,0.0,0.0,2024-11-29,4
2024-11-29 05:00:00,0.0,0.0,2024-11-29,5
2024-11-29 06:00:00,0.05601599,0.08187606,2024-11-29,6
2024-11-29 07:00:00,0.06042434,0.05926403,2024-11-29,7
2024-11-29 08:00:00,0.2015002,0.2020543,2024-11-29,8
2024-11-29 09:00:00,0.4763896,0.5706639,2024-11-29,9
2024-11-29 10:00:00,0.4954762,0.5638667,2024-11-29,10
2024-11-29 11:00:00,0.2378312,0.2333415,2024-11-29,11
2024-11-29 12:00:00,0.3991643,0.4224752,2024-11-29,12
2024-11-29 13:00:00,0.343135,0.3647025,2024-11-29,13
2024-11-29 14:00:00,0.2489299,0.2642834,2024-11-29,14
2024-11-29 15:00:00,0.09231108,0.09151557,2024-11-29,15
2024-11-29 16:00:00,0.02056669,0.02109609,2024-11-29,16
2024-11-29 17:00:00,0.0,0.0,2024-11-29,17
2024-11-29 18:00:00,0.0,0.0,2024-11-29,18
2024-11-29 19:00:00,0.0,0.0,2024-11-29,19
2024-11-29 20:00:00,0.0,0.0,2024-11-29,20
2024-11-29 21:00:00,0.0,0.0,2024-11-29,21
2024-11-29 22:00:00,0.0,0.0,2024-11-29,22
2024-11-29 23:00:00,0.0,0.0,2024-11-29,23
2024-11-30 00:00:00,0.0,0.0,2024-11-30,0
2024-11-30 01:00:00,0.0,0.0,2024-11-30,1
2024-11-30 02:00:00,0.0,0.0,2024-11-30,2
2024-11-30 03:00:00,0.0,0.0,2024-11-30,3
2024-11-30 04:00:00,0.0,0.0,2024-11-30,4
2024-11-30 05:00:00,0.0,0.0,2024-11-30,5
2024-11-30 06:00:00,0.04405523,0.05246309,2024-11-30,6
2024-11-30 07:00:00,0.1825511,0.2128155,2024-11-30,7
2024-11-30 08:00:00,0.3880553,0.4940704,2024-11-30,8
2024-11-30 09:00:00,0.533101,0.6706561,2024-11-30,9
2024-11-30 10:00:00,0.7299551,0.9409006,2024-11-30,10
2024-11-30 11:00:00,0.7661883,0.9828038,2024-11-30,11
2024-11-30 12:00:00,0.704625,0.906792,2024-11-30,12
2024-11-30 13:00:00,0.7107551,0.9448012,2024-11-30,13
2024-11-30 14:00:00,0.5065289,0.7093722,2024-11-30,14
2024-11-30 15:00:00,0.3023679,0.4857934,2024-11-30,15
2024-11-30 16:00:00,0.0751729,0.2419133,2024-11-30,16
2024-11-30 17:00:00,0.0,0.0,2024-11-30,17
2024-11-30 18:00:00,0.0,0.0,2024-11-30,18
2024-11-30 19:00:00,0.0,0.0,2024-11-30,19
2024-11-30 20:00:00,0.0,0.0,2024-11-30,20
2024-11-30 21:00:00,0.0,0.0,2024-11-30,21
2024-11-30 22:00:00,0.0,0.0,2024-11-30,22
2024-11-30 23:00:00,0.0,0.0,2024-11-30,23
2024-12-01 00:00:00,0.0,0.0,2024-12-01,0
2024-12-01 01:00:00,0.0,0.0,2024-12-01,1
2024-12-01 02:00:00,0.0,0.0,2024-12-01,2
2024-12-01 03:00:00,0.0,0.0,2024-12-01,3
2024-12-01 04:00:00,0.0,0.0,2024-12-01,4
2024-12-01 05:00:00,0.0,0.0,2024-12-01,5
2024-12-01 06:00:00,0.04915997,0.06664301,2024-12-01,6
2024-12-01 07:00:00,0.2271473,0.3073779,2024-12-01,7
2024-12-01 08:00:00,0.5094139,0.7082558,2024-12-01,8
2024-12-01 09:00:00,0.7297012,0.96836,2024-12-01,9
2024-12-01 10:00:00,0.6501359,0.8219458,2024-12-01,10
2024-12-01 11:00:00,0.8821382,1.13864,2024-12-01,11
2024-12-01 12:00:00,0.8082412,1.04973,2024-12-01,12
2024-12-01 13:00:00,0.7162498,0.9536969,2024-12-01,13
2024-12-01 14:00:00,0.5756538,0.8113523,2024-12-01,14
2024-12-01 15:00:00,0.3102743,0.5001002,2024-12-01,15
2024-12-01 16:00:00,0.06128481,0.170227,2024-12-01,16
2024-12-01 17:00:00,0.0,0.0,2024-12-01,17
2024-12-01 18:00:00,0.0,0.0,2024-12-01,18
2024-12-01 19:00:00,0.0,0.0,2024-12-01,19
2024-12-01 20:00:00,0.0,0.0,2024-12-01,20
2024-12-01 21:00:00,0.0,0.0,2024-12-01,21
2024-12-01 22:00:00,0.0,0.0,2024-12-01,22
2024-12-01 23:00:00,0.0,0.0,2024-12-01,23
2024-12-02 00:00:00,0.0,0.0,2024-12-02,0
2024-12-02 01:00:00,0.0,0.0,2024-12-02,1
2024-12-02 02:00:00,0.0,0.0,2024-12-02,2
2024-12-02 03:00:00,0.0,0.0,2024-12-02,3
2024-12-02 04:00:00,0.0,0.0,2024-12-02,4
2024-12-02 05:00:00,0.0,0.0,2024-12-02,5
2024-12-02 06:00:00,0.0999099,0.2788379,2024-12-02,6
2024-12-02 07:00:00,0.1536585,0.1664654,2024-12-02,7
2024-12-02 08:00:00,0.4238364,0.5657515,2024-12-02,8
2024-12-02 09:00:00,0.5489668,0.7015435,2024-12-02,9
2024-12-02 10:00:00,0.4793717,0.5413733,2024-12-02,10
2024-12-02 11:00:00,0.5154746,0.5881363,2024-12-02,11
2024-12-02 12:00:00,0.536527,0.6371485,2024-12-02,12
2024-12-02 13:00:00,0.4178377,0.480345,2024-12-02,13
2024-12-02 14:00:00,0.1713051,0.1698842,2024-12-02,14
2024-12-02 15:00:00,0.1020235,0.1019713,2024-12-02,15
2024-12-02 16:00:00,0.03823501,0.05415184,2024-12-02,16
2024-12-02 17:00:00,0.0,0.0,2024-12-02,17
2024-12-02 18:00:00,0.0,0.0,2024-12-02,18
2024-12-02 19:00:00,0.0,0.0,2024-12-02,19
2024-12-02 20:00:00,0.0,0.0,2024-12-02,20
2024-12-02 21:00:00,0.0,0.0,2024-12-02,21
2024-12-02 22:00:00,0.0,0.0,2024-12-02,22
2024-12-02 23:00:00,0.0,0.0,2024-12-02,23
2024-12-03 00:00:00,0.0,0.0,2024-12-03,0
2024-12-03 01:00:00,0.0,0.0,2024-12-03,1
2024-12-03 02:00:00,0.0,0.0,2024-12-03,2
2024-12-03 03:00:00,0.0,0.0,2024-12-03,3
2024-12-03 04:00:00,0.0,0.0,2024-12-03,4
2024-12-03 05:00:00,0.0,0.0,2024-12-03,5
2024-12-03 06:00:00,0.06994095,0.1631098,2024-12-03,6
2024-12-03 07:00:00,0.3059847,0.4843379,2024-12-03,7
2024-12-03 08:00:00,0.3420216,0.4134404,2024-12-03,8
2024-12-03 09:00:00,0.4673141,0.5611198,2024-12-03,9
2024-12-03 10:00:00,0.4063396,0.4329858,2024-12-03,10
2024-12-03 11:00:00,0.5373269,0.624445,2024-12-03,11
2024-12-03 12:00:00,0.646898,0.8220239,2024-12-03,12
2024-12-03 13:00:00,0.524839,0.6665887,2024-12-03,13
2024-12-03 14:00:00,0.2342542,0.2447753,2024-12-03,14
2024-12-03 15:00:00,0.2283704,0.3304199,2024-12-03,15
2024-12-03 16:00:00,0.05621162,0.1384422,2024-12-03,16
2024-12-03 17:00:00,0.0,0.0,2024-12-03,17
2024-12-03 18:00:00,0.0,0.0,2024-12-03,18
2024-12-03 19:00:00,0.0,0.0,2024-12-03,19
2024-12-03 20:00:00,0.0,0.0,2024-12-03,20
2024-12-03 21:00:00,0.0,0.0,2024-12-03,21
2024-12-03 22:00:00,0.0,0.0,2024-12-03,22
2024-12-03 23:00:00,0.0,0.0,2024-12-03,23
2024-12-04 00:00:00,0.0,0.0,2024-12-04,0
2024-12-04 01:00:00,0.0,0.0,2024-12-04,1
2024-12-04 02:00:00,0.0,0.0,2024-12-04,2
2024-12-04 03:00:00,0.0,0.0,2024-12-04,3
2024-12-04 04:00:00,0.0,0.0,2024-12-04,4
2024-12-04 05:00:00,0.0,0.0,2024-12-04,5
2024-12-04 06:00:00,0.08485766,0.2415079,2024-12-04,6
2024-12-04 07:00:00,0.2379279,0.3406256,2024-12-04,7
2024-12-04 08:00:00,0.392338,0.5105112,2024-12-04,8
2024-12-04 09:00:00,0.5582703,0.7208367,2024-12-04,9
2024-12-04 10:00:00,0.3965922,0.4199716,2024-12-04,10
2024-12-04 11:00:00,0.3931606,0.4100375,2024-12-04,11
2024-12-04 12:00:00,0.3229828,0.3267829,2024-12-04,12
2024-12-04 13:00:00,0.06734629,0.06561622,2024-12-04,13
2024-12-04 14:00:00,0.1400197,0.1376392,2024-12-04,14
2024-12-04 15:00:00,0.1126753,0.1141477,2024-12-04,15
2024-12-04 16:00:00,0.01373716,0.01380689,2024-12-04,16
2024-12-04 17:00:00,0.0,0.0,2024-12-04,17
2024-12-04 18:00:00,0.0,0.0,2024-12-04,18
2024-12-04 19:00:00,0.0,0.0,2024-12-04,19
2024-12-04 20:00:00,0.0,0.0,2024-12-04,20
2024-12-04 21:00:00,0.0,0.0,2024-12-04,21
2024-12-04 22:00:00,0.0,0.0,2024-12-04,22
2024-12-04 23:00:00,0.0,0.0,2024-12-04,23
2024-12-05 00:00:00,0.0,0.0,2024-12-05,0
2024-12-05 01:00:00,0.0,0.0,2024-12-05,1
2024-12-05 02:00:00,0.0,0.0,2024-12-05,2
2024-12-05 03:00:00,0.0,0.0,2024-12-05,3
2024-12-05 04:00:00,0.0,0.0,2024-12-05,4
2024-12-05 05:00:00,0.0,0.0,2024-12-05,5
2024-12-05 06:00:00,0.06353933,0.1446683,2024-12-05,6
2024-12-05 07:00:00,0.1180907,0.1197965,2024-12-05,7
2024-12-05 08:00:00,0.4316696,0.5866337,2024-12-05,8
2024-12-05 09:00:00,0.58737,0.7704901,2024-12-05,9
2024-12-05 10:00:00,0.6847348,0.8819898,2024-12-05,10
2024-12-05 11:00:00,0.6873205,0.8732242,2024-12-05,11
2024-12-05 12:00:00,0.6314779,0.7992409,2024-12-05,12
2024-12-05 13:00:00,0.5303558,0.6778224,2024-12-05,13
2024-12-05 14:00:00,0.4822869,0.6778038,2024-12-05,14
2024-12-05 15:00:00,0.2179224,0.3057289,2024-12-05,15
2024-12-05 16:00:00,0.06495287,0.1874566,2024-12-05,16
2024-12-05 17:00:00,0.0,0.0,2024-12-05,17
2024-12-05 18:00:00,0.0,0.0,2024-12-05,18
2024-12-05 19:00:00,0.0,0.0,2024-12-05,19
2024-12-05 20:00:00,0.0,0.0,2024-12-05,20
2024-12-05 21:00:00,0.0,0.0,2024-12-05,21
2024-12-05 22:00:00,0.0,0.0,2024-12-05,22
2024-12-05 23:00:00,0.0,0.0,2024-12-05,23
2024-12-06 00:00:00,0.0,0.0,2024-12-06,0
2024-12-06 01:00:00,0.0,0.0,2024-12-06,1
2024-12-06 02:00:00,0.0,0.0,2024-12-06,2
2024-12-06 03:00:00,0.0,0.0,2024-12-06,3
2024-12-06 04:00:00,0.0,0.0,2024-12-06,4
2024-12-06 05:00:00,0.0,0.0,2024-12-06,5
2024-12-06 06:00:00,0.05734288,0.1191274,2024-12-06,6
2024-12-06 07:00:00,0.194093,0.2454885,2024-12-06,7
2024-12-06 08:00:00,0.256218,0.2744091,2024-12-06,8
2024-12-06 09:00:00,0.3922727,0.4390641,2024-12-06,9
2024-12-06 10:00:00,0.5324126,0.6324891,2024-12-06,10
2024-12-06 11:00:00,0.48742,0.5467311,2024-12-06,11
2024-12-06 12:00:00,0.3408057,0.3484622,2024-12-06,12
2024-12-06 13:00:00,0.2326486,0.2307183,2024-12-06,13
2024-12-06 14:00:00,0.3205993,0.3817911,2024-12-06,14
2024-12-06 15:00:00,0.2391357,0.3565544,2024-12-06,15
2024-12-06 16:00:00,0.02950129,0.03271937,2024-12-06,16
2024-12-06 17:00:00,0.0,0.0,2024-12-06,17
2024-12-06 18:00:00,0.0,0.0,2024-12-06,18
2024-12-06 19:00:00,0.0,0.0,2024-12-06,19
2024-12-06 20:00:00,0.0,0.0,2024-12-06,20
2024-12-06 21:00:00,0.0,0.0,2024-12-06,21
2024-12-06 22:00:00,0.0,0.0,2024-12-06,22
2024-12-06 23:00:00,0.0,0.0,2024-12-06,23
2024-12-07 00:00:00,0.0,0.0,2024-12-07,0
2024-12-07 01:00:00,0.0,0.0,2024-12-07,1
2024-12-07 02:00:00,0.0,0.0,2024-12-07,2
2024-12-07 03:00:00,0.0,0.0,2024-12-07,3
2024-12-07 04:00:00,0.0,0.0,2024-12-07,4
2024-12-07 05:00:00,0.0,0.0,2024-12-07,5
2024-12-07 06:00:00,0.06486484,0.1672938,2024-12-07,6
2024-12-07 07:00:00,0.2688236,0.4205624,2024-12-07,7
2024-12-07 08:00:00,0.425117,0.5785879,2024-12-07,8
2024-12-07 09:00:00,0.6877849,0.9199798,2024-12-07,9
2024-12-07 10:00:00,0.7275435,0.9471853,2024-12-07,10
2024-12-07 11:00:00,0.7631569,0.9872555,2024-12-07,11
2024-12-07 12:00:00,0.7968861,1.041384,2024-12-07,12
2024-12-07 13:00:00,0.6536091,0.8736273,2024-12-07,13
2024-12-07 14:00:00,0.5417833,0.7674111,2024-12-07,14
2024-12-07 15:00:00,0.2533601,0.3899831,2024-12-07,15
2024-12-07 16:00:00,0.06783362,0.1997193,2024-12-07,16
2024-12-07 17:00:00,0.0,0.0,2024-12-07,17
2024-12-07 18:00:00,0.0,0.0,2024-12-07,18
2024-12-07 19:00:00,0.0,0.0,2024-12-07,19
2024-12-07 20:00:00,0.0,0.0,2024-12-07,20
2024-12-07 21:00:00,0.0,0.0,2024-12-07,21
2024-12-07 22:00:00,0.0,0.0,2024-12-07,22
2024-12-07 23:00:00,0.0,0.0,2024-12-07,23
2024-12-08 00:00:00,0.0,0.0,2024-12-08,0
2024-12-08 01:00:00,0.0,0.0,2024-12-08,1
2024-12-08 02:00:00,0.0,0.0,2024-12-08,2
2024-12-08 03:00:00,0.0,0.0,2024-12-08,3
2024-12-08 04:00:00,0.0,0.0,2024-12-08,4
2024-12-08 05:00:00,0.0,0.0,2024-12-08,5
2024-12-08 06:00:00,0.04402016,0.06882354,2024-12-08,6
2024-12-08 07:00:00,0.2982812,0.4826013,2024-12-08,7
2024-12-08 08:00:00,0.4398604,0.6073746,2024-12-08,8
2024-12-08 09:00:00,0.6354364,0.8484132,2024-12-08,9
2024-12-08 10:00:00,0.5900295,0.7325603,2024-12-08,10
2024-12-08 11:00:00,0.6541492,0.8235738,2024-12-08,11
2024-12-08 12:00:00,0.7091291,0.9221303,2024-12-08,12
2024-12-08 13:00:00,0.6896678,0.9241132,2024-12-08,13
2024-12-08 14:00:00,0.5343944,0.7571591,2024-12-08,14
2024-12-08 15:00:00,0.3029114,0.4917988,2024-12-08,15
2024-12-08 16:00:00,0.06695729,0.192371,2024-12-08,16
2024-12-08 17:00:00,0.0,0.0,2024-12-08,17
2024-12-08 18:00:00,0.0,0.0,2024-12-08,18
2024-12-08 19:00:00,0.0,0.0,2024-12-08,19
2024-12-08 20:00:00,0.0,0.0,2024-12-08,20
2024-12-08 21:00:00,0.0,0.0,2024-12-08,21
2024-12-08 22:00:00,0.0,0.0,2024-12-08,22
2024-12-08 23:00:00,0.0,0.0,2024-12-08,23
2024-12-09 00:00:00,0.0,0.0,2024-12-09,0
2024-12-09 01:00:00,0.0,0.0,2024-12-09,1
2024-12-09 02:00:00,0.0,0.0,2024-12-09,2
2024-12-09 03:00:00,0.0,0.0,2024-12-09,3
2024-12-09 04:00:00,0.0,0.0,2024-12-09,4
2024-12-09 05:00:00,0.0,0.0,2024-12-09,5
2024-12-09 06:00:00,0.03622012,0.04661781,2024-12-09,6
2024-12-09 07:00:00,0.1914371,0.2453271,2024-12-09,7
2024-12-09 08:00:00,0.401474,0.5377257,2024-12-09,8
2024-12-09 09:00:00,0.5680174,0.7448967,2024-12-09,9
2024-12-09 10:00:00,0.542062,0.6519099,2024-12-09,10
2024-12-09 11:00:00,0.6695824,0.8493757,2024-12-09,11
2024-12-09 12:00:00,0.699038,0.9081046,2024-12-09,12
2024-12-09 13:00:00,0.6457905,0.8640816,2024-12-09,13
2024-12-09 14:00:00,0.5394278,0.7650892,2024-12-09,14
2024-12-09 15:00:00,0.2884824,0.465146,2024-12-09,15
2024-12-09 16:00:00,0.03632196,0.04577717,2024-12-09,16
2024-12-09 17:00:00,0.0,0.0,2024-12-09,17
2024-12-09 18:00:00,0.0,0.0,2024-12-09,18
2024-12-09 19:00:00,0.0,0.0,2024-12-09,19
2024-12-09 20:00:00,0.0,0.0,2024-12-09,20
2024-12-09 21:00:00,0.0,0.0,2024-12-09,21
2024-12-09 22:00:00,0.0,0.0,2024-12-09,22
2024-12-09 23:00:00,0.0,0.0,2024-12-09,23
2024-12-10 00:00:00,0.0,0.0,2024-12-10,0
2024-12-10 01:00:00,0.0,0.0,2024-12-10,1
2024-12-10 02:00:00,0.0,0.0,2024-12-10,2
2024-12-10 03:00:00,0.0,0.0,2024-12-10,3
2024-12-10 04:00:00,0.0,0.0,2024-12-10,4
2024-12-10 05:00:00,0.0,0.0,2024-12-10,5
2024-12-10 06:00:00,0.05033272,0.1064271,2024-12-10,6
2024-12-10 07:00:00,0.1860974,0.2355043,2024-12-10,7
2024-12-10 08:00:00,0.433253,0.5990553,2024-12-10,8
2024-12-10 09:00:00,0.3766818,0.4176019,2024-12-10,9
2024-12-10 10:00:00,0.5794349,0.7167037,2024-12-10,10
2024-12-10 11:00:00,0.3597218,0.3687168,2024-12-10,11
2024-12-10 12:00:00,0.2914416,0.2911028,2024-12-10,12
2024-12-10 13:00:00,0.2721014,0.2750514,2024-12-10,13
2024-12-10 14:00:00,0.2745577,0.3036699,2024-12-10,14
2024-12-10 15:00:00,0.263139,0.4115604,2024-12-10,15
2024-12-10 16:00:00,0.05142939,0.1001993,2024-12-10,16
2024-12-10 17:00:00,0.0,0.0,2024-12-10,17
2024-12-10 18:00:00,0.0,0.0,2024-12-10,18
2024-12-10 19:00:00,0.0,0.0,2024-12-10,19
2024-12-10 20:00:00,0.0,0.0,2024-12-10,20
2024-12-10 21:00:00,0.0,0.0,2024-12-10,21
2024-12-10 22:00:00,0.0,0.0,2024-12-10,22
2024-12-10 23:00:00,0.0,0.0,2024-12-10,23
2024-12-11 00:00:00,0.0,0.0,2024-12-11,0
2024-12-11 01:00:00,0.0,0.0,2024-12-11,1
2024-12-11 02:00:00,0.0,0.0,2024-12-11,2
2024-12-11 03:00:00,0.0,0.0,2024-12-11,3
2024-12-11 04:00:00,0.0,0.0,2024-12-11,4
2024-12-11 05:00:00,0.0,0.0,2024-12-11,5
2024-12-11 06:00:00,0.06550959,0.2051222,2024-12-11,6
2024-12-11 07:00:00,0.08267286,0.08171881,2024-12-11,7
2024-12-11 08:00:00,0.1110333,0.1088604,2024-12-11,8
2024-12-11 09:00:00,0.1060267,0.1035441,2024-12-11,9
2024-12-11 10:00:00,0.1175291,0.1147009,2024-12-11,10
2024-12-11 11:00:00,0.310872,0.3112015,2024-12-11,11
2024-12-11 12:00:00,0.09421384,0.0918458,2024-12-11,12
2024-12-11 13:00:00,0.08174509,0.07971483,2024-12-11,13
2024-12-11 14:00:00,0.03099239,0.03016523,2024-12-11,14
2024-12-11 15:00:00,0.004582779,0.004452886,2024-12-11,15
2024-12-11 16:00:00,0.01260429,0.01258737,2024-12-11,16
2024-12-11 17:00:00,0.0,0.0,2024-12-11,17
2024-12-11 18:00:00,0.0,0.0,2024-12-11,18
2024-12-11 19:00:00,0.0,0.0,2024-12-11,19
2024-12-11 20:00:00,0.0,0.0,2024-12-11,20
2024-12-11 21:00:00,0.0,0.0,2024-12-11,21
2024-12-11 22:00:00,0.0,0.0,2024-12-11,22
2024-12-11 23:00:00,0.0,0.0,2024-12-11,23
2024-12-12 00:00:00,0.0,0.0,2024-12-12,0
2024-12-12 01:00:00,0.0,0.0,2024-12-12,1
2024-12-12 02:00:00,0.0,0.0,2024-12-12,2
2024-12-12 03:00:00,0.0,0.0,2024-12-12,3
2024-12-12 04:00:00,0.0,0.0,2024-12-12,4
2024-12-12 05:00:00,0.0,0.0,2024-12-12,5
2024-12-12 06:00:00,0.04318889,0.07994894,2024-12-12,6
2024-12-12 07:00:00,0.2643269,0.4240537,2024-12-12,7
2024-12-12 08:00:00,0.4992337,0.7104757,2024-12-12,8
2024-12-12 09:00:00,0.5701014,0.7521619,2024-12-12,9
2024-12-12 10:00:00,0.6640745,0.8580425,2024-12-12,10
2024-12-12 11:00:00,0.7138063,0.920333,2024-12-12,11
2024-12-12 12:00:00,0.6721665,0.869235,2024-12-12,12
2024-12-12 13:00:00,0.4649137,0.5649669,2024-12-12,13
2024-12-12 14:00:00,0.4489461,0.6248137,2024-12-12,14
2024-12-12 15:00:00,0.2808226,0.448903,2024-12-12,15
2024-12-12 16:00:00,0.0670694,0.1802491,2024-12-12,16
2024-12-12 17:00:00,0.0,0.0,2024-12-12,17
2024-12-12 18:00:00,0.0,0.0,2024-12-12,18
2024-12-12 19:00:00,0.0,0.0,2024-12-12,19
2024-12-12 20:00:00,0.0,0.0,2024-12-12,20
2024-12-12 21:00:00,0.0,0.0,2024-12-12,21
2024-12-12 22:00:00,0.0,0.0,2024-12-12,22
2024-12-12 23:00:00,0.0,0.0,2024-12-12,23
2024-12-13 00:00:00,0.0,0.0,2024-12-13,0
2024-12-13 01:00:00,0.0,0.0,2024-12-13,1
2024-12-13 02:00:00,0.0,0.0,2024-12-13,2
2024-12-13 03:00:00,0.0,0.0,2024-12-13,3
2024-12-13 04:00:00,0.0,0.0,2024-12-13,4
2024-12-13 05:00:00,0.0,0.0,2024-12-13,5
2024-12-13 06:00:00,0.0476726,0.1094335,2024-12-13,6
2024-12-13 07:00:00,0.199305,0.271071,2024-12-13,7
2024-12-13 08:00:00,0.4854624,0.6911287,2024-12-13,8
2024-12-13 09:00:00,0.6937667,0.9350692,2024-12-13,9
2024-12-13 10:00:00,0.7967355,1.04659,2024-12-13,10
2024-12-13 11:00:00,0.8288626,1.080215,2024-12-13,11
2024-12-13 12:00:00,0.5545983,0.6747476,2024-12-13,12
2024-12-13 13:00:00,0.4137703,0.4766364,2024-12-13,13
2024-12-13 14:00:00,0.3999916,0.5336913,2024-12-13,14
2024-12-13 15:00:00,0.231056,0.3338774,2024-12-13,15
2024-12-13 16:00:00,0.05734781,0.1226007,2024-12-13,16
2024-12-13 17:00:00,0.0,0.0,2024-12-13,17
2024-12-13 18:00:00,0.0,0.0,2024-12-13,18
2024-12-13 19:00:00,0.0,0.0,2024-12-13,19
2024-12-13 20:00:00,0.0,0.0,2024-12-13,20
2024-12-13 21:00:00,0.0,0.0,2024-12-13,21
2024-12-13 22:00:00,0.0,0.0,2024-12-13,22
2024-12-13 23:00:00,0.0,0.0,2024-12-13,23
2024-12-14 00:00:00,0.0,0.0,2024-12-14,0
2024-12-14 01:00:00,0.0,0.0,2024-12-14,1
2024-12-14 02:00:00,0.0,0.0,2024-12-14,2
2024-12-14 03:00:00,0.0,0.0,2024-12-14,3
2024-12-14 04:00:00,0.0,0.0,2024-12-14,4
2024-12-14 05:00:00,0.0,0.0,2024-12-14,5
2024-12-14 06:00:00,0.04287103,0.08749913,2024-12-14,6
2024-12-14 07:00:00,0.1730226,0.2138955,2024-12-14,7
2024-12-14 08:00:00,0.4165346,0.5746691,2024-12-14,8
2024-12-14 09:00:00,0.5240557,0.675814,2024-12-14,9
2024-12-14 10:00:00,0.7369449,0.966431,2024-12-14,10
2024-12-14 11:00:00,0.7739103,1.007116,2024-12-14,11
2024-12-14 12:00:00,0.641368,0.8211723,2024-12-14,12
2024-12-14 13:00:00,0.6152564,0.8212457,2024-12-14,13
2024-12-14 14:00:00,0.468467,0.6581792,2024-12-14,14
2024-12-14 15:00:00,0.3096333,0.5029112,2024-12-14,15
2024-12-14 16:00:00,0.09268315,0.2849371,2024-12-14,16
2024-12-14 17:00:00,0.0,0.0,2024-12-14,17
2024-12-14 18:00:00,0.0,0.0,2024-12-14,18
2024-12-14 19:00:00,0.0,0.0,2024-12-14,19
2024-12-14 20:00:00,0.0,0.0,2024-12-14,20
2024-12-14 21:00:00,0.0,0.0,2024-12-14,21
2024-12-14 22:00:00,0.0,0.0,2024-12-14,22
2024-12-14 23:00:00,0.0,0.0,2024-12-14,23
2024-12-15 00:00:00,0.0,0.0,2024-12-15,0
2024-12-15 01:00:00,0.0,0.0,2024-12-15,1
2024-12-15 02:00:00,0.0,0.0,2024-12-15,2
2024-12-15 03:00:00,0.0,0.0,2024-12-15,3
2024-12-15 04:00:00,0.0,0.0,2024-12-15,4
2024-12-15 05:00:00,0.0,0.0,2024-12-15,5
2024-12-15 06:00:00,0.07279852,0.2720011,2024-12-15,6
2024-12-15 07:00:00,0.279523,0.4620916,2024-12-15,7
2024-12-15 08:00:00,0.4878152,0.6968938,2024-12-15,8
2024-12-15 09:00:00,0.6498973,0.875656,2024-12-15,9
2024-12-15 10:00:00,0.7504389,0.9852257,2024-12-15,10
2024-12-15 11:00:00,0.7777376,1.012693,2024-12-15,11
2024-12-15 12:00:00,0.6303059,0.8033662,2024-12-15,12
2024-12-15 13:00:00,0.5099567,0.645234,2024-12-15,13
2024-12-15 14:00:00,0.459023,0.6419427,2024-12-15,14
2024-12-15 15:00:00,0.2901779,0.4660118,2024-12-15,15
2024-12-15 16:00:00,0.05606017,0.1099209,2024-12-15,16
2024-12-15 17:00:00,0.0,0.0,2024-12-15,17
2024-12-15 18:00:00,0.0,0.0,2024-12-15,18
2024-12-15 19:00:00,0.0,0.0,2024-12-15,19
2024-12-15 20:00:00,0.0,0.0,2024-12-15,20
2024-12-15 21:00:00,0.0,0.0,2024-12-15,21
2024-12-15 22:00:00,0.0,0.0,2024-12-15,22
2024-12-15 23:00:00,0.0,0.0,2024-12-15,23
2024-12-16 00:00:00,0.0,0.0,2024-12-16,0
2024-12-16 01:00:00,0.0,0.0,2024-12-16,1
2024-12-16 02:00:00,0.0,0.0,2024-12-16,2
2024-12-16 03:00:00,0.0,0.0,2024-12-16,3
2024-12-16 04:00:00,0.0,0.0,2024-12-16,4
2024-12-16 05:00:00,0.0,0.0,2024-12-16,5
2024-12-16 06:00:00,0.0601841,0.2176608,2024-12-16,6
2024-12-16 07:00:00,0.2823218,0.4692492,2024-12-16,7
2024-12-16 08:00:00,0.4212356,0.5862095,2024-12-16,8
2024-12-16 09:00:00,0.3439503,0.3712062,2024-12-16,9
2024-12-16 10:00:00,0.6370645,0.8179798,2024-12-16,10
2024-12-16 11:00:00,0.4140192,0.4410314,2024-12-16,11
2024-12-16 12:00:00,0.6150316,0.7782049,2024-12-16,12
2024-12-16 13:00:00,0.4130138,0.4751297,2024-12-16,13
2024-12-16 14:00:00,0.426209,0.5825166,2024-12-16,14
2024-12-16 15:00:00,0.3005426,0.4853224,2024-12-16,15
2024-12-16 16:00:00,0.06863976,0.1724072,2024-12-16,16
2024-12-16 17:00:00,0.0,0.0,2024-12-16,17
2024-12-16 18:00:00,0.0,0.0,2024-12-16,18
2024-12-16 19:00:00,0.0,0.0,2024-12-16,19
2024-12-16 20:00:00,0.0,0.0,2024-12-16,20
2024-12-16 21:00:00,0.0,0.0,2024-12-16,21
2024-12-16 22:00:00,0.0,0.0,2024-12-16,22
2024-12-16 23:00:00,0.0,0.0,2024-12-16,23
2024-12-17 00:00:00,0.0,0.0,2024-12-17,0
2024-12-17 01:00:00,0.0,0.0,2024-12-17,1
2024-12-17 02:00:00,0.0,0.0,2024-12-17,2
2024-12-17 03:00:00,0.0,0.0,2024-12-17,3
2024-12-17 04:00:00,0.0,0.0,2024-12-17,4
2024-12-17 05:00:00,0.0,0.0,2024-12-17,5
2024-12-17 06:00:00,0.05737382,0.2085311,2024-12-17,6
2024-12-17 07:00:00,0.2688812,0.4446628,2024-12-17,7
2024-12-17 08:00:00,0.4369316,0.6158551,2024-12-17,8
2024-12-17 09:00:00,0.4779742,0.596303,2024-12-17,9
2024-12-17 10:00:00,0.644583,0.8306841,2024-12-17,10
2024-12-17 11:00:00,0.4103705,0.4360535,2024-12-17,11
2024-12-17 12:00:00,0.3709941,0.3878002,2024-12-17,12
2024-12-17 13:00:00,0.5056883,0.6372948,2024-12-17,13
2024-12-17 14:00:00,0.2905177,0.3280667,2024-12-17,14
2024-12-17 15:00:00,0.1561472,0.1731072,2024-12-17,15
2024-12-17 16:00:00,0.04551359,0.06375539,2024-12-17,16
2024-12-17 17:00:00,0.0,0.0,2024-12-17,17
2024-12-17 18:00:00,0.0,0.0,2024-12-17,18
2024-12-17 19:00:00,0.0,0.0,2024-12-17,19
2024-12-17 20:00:00,0.0,0.0,2024-12-17,20
2024-12-17 21:00:00,0.0,0.0,2024-12-17,21
2024-12-17 22:00:00,0.0,0.0,2024-12-17,22
2024-12-17 23:00:00,0.0,0.0,2024-12-17,23
2024-12-18 00:00:00,0.0,0.0,2024-12-18,0
2024-12-18 01:00:00,0.0,0.0,2024-12-18,1
2024-12-18 02:00:00,0.0,0.0,2024-12-18,2
2024-12-18 03:00:00,0.0,0.0,2024-12-18,3
2024-12-18 04:00:00,0.0,0.0,2024-12-18,4
2024-12-18 05:00:00,0.0,0.0,2024-12-18,5
2024-12-18 06:00:00,0.05621153,0.2098532,2024-12-18,6
2024-12-18 07:00:00,0.2960274,0.4966994,2024-12-18,7
2024-12-18 08:00:00,0.5040286,0.72364,2024-12-18,8
2024-12-18 09:00:00,0.6045347,0.8121408,2024-12-18,9
2024-12-18 10:00:00,0.6583857,0.8531018,2024-12-18,10
2024-12-18 11:00:00,0.5965028,0.7332556,2024-12-18,11
2024-12-18 12:00:00,0.6102145,0.7702175,2024-12-18,12
2024-12-18 13:00:00,0.628064,0.840517,2024-12-18,13
2024-12-18 14:00:00,0.54344,0.7717252,2024-12-18,14
2024-12-18 15:00:00,0.2829281,0.4481215,2024-12-18,15
2024-12-18 16:00:00,0.06366395,0.1370961,2024-12-18,16
2024-12-18 17:00:00,0.0,0.0,2024-12-18,17
2024-12-18 18:00:00,0.0,0.0,2024-12-18,18
2024-12-18 19:00:00,0.0,0.0,2024-12-18,19
2024-12-18 20:00:00,0.0,0.0,2024-12-18,20
2024-12-18 21:00:00,0.0,0.0,2024-12-18,21
2024-12-18 22:00:00,0.0,0.0,2024-12-18,22
2024-12-18 23:00:00,0.0,0.0,2024-12-18,23
2024-12-19 00:00:00,0.0,0.0,2024-12-19,0
2024-12-19 01:00:00,0.0,0.0,2024-12-19,1
2024-12-19 02:00:00,0.0,0.0,2024-12-19,2
2024-12-19 03:00:00,0.0,0.0,2024-12-19,3
2024-12-19 04:00:00,0.0,0.0,2024-12-19,4
2024-12-19 05:00:00,0.0,0.0,2024-12-19,5
2024-12-19 06:00:00,0.04342408,0.1214167,2024-12-19,6
2024-12-19 07:00:00,0.1993896,0.2829391,2024-12-19,7
2024-12-19 08:00:00,0.3580773,0.4671012,2024-12-19,8
2024-12-19 09:00:00,0.3510781,0.3827486,2024-12-19,9
2024-12-19 10:00:00,0.0420991,0.04094875,2024-12-19,10
2024-12-19 11:00:00,0.2439486,0.2398799,2024-12-19,11
2024-12-19 12:00:00,0.4190937,0.4548894,2024-12-19,12
2024-12-19 13:00:00,0.4643616,0.5629653,2024-12-19,13
2024-12-19 14:00:00,0.1872952,0.1871424,2024-12-19,14
2024-12-19 15:00:00,0.07815203,0.07704388,2024-12-19,15
2024-12-19 16:00:00,0.03105752,0.03259707,2024-12-19,16
2024-12-19 17:00:00,0.0,0.0,2024-12-19,17
2024-12-19 18:00:00,0.0,0.0,2024-12-19,18
2024-12-19 19:00:00,0.0,0.0,2024-12-19,19
2024-12-19 20:00:00,0.0,0.0,2024-12-19,20
2024-12-19 21:00:00,0.0,0.0,2024-12-19,21
2024-12-19 22:00:00,0.0,0.0,2024-12-19,22
2024-12-19 23:00:00,0.0,0.0,2024-12-19,23
2024-12-20 00:00:00,0.0,0.0,2024-12-20,0
2024-12-20 01:00:00,0.0,0.0,2024-12-20,1
2024-12-20 02:00:00,0.0,0.0,2024-12-20,2
2024-12-20 03:00:00,0.0,0.0,2024-12-20,3
2024-12-20 04:00:00,0.0,0.0,2024-12-20,4
2024-12-20 05:00:00,0.0,0.0,2024-12-20,5
2024-12-20 06:00:00,0.04488905,0.1405116,2024-12-20,6
2024-12-20 07:00:00,0.05553331,0.05462484,2024-12-20,7
2024-12-20 08:00:00,0.08498401,0.08315603,2024-12-20,8
2024-12-20 09:00:00,0.04662717,0.0453871,2024-12-20,9
2024-12-20 10:00:00,0.1138923,0.1111479,2024-12-20,10
2024-12-20 11:00:00,0.1057845,0.1031567,2024-12-20,11
2024-12-20 12:00:00,0.04358835,0.04239835,2024-12-20,12
2024-12-20 13:00:00,0.02343655,0.02278177,2024-12-20,13
2024-12-20 14:00:00,0.05836492,0.05693316,2024-12-20,14
2024-12-20 15:00:00,0.07972634,0.07861204,2024-12-20,15
2024-12-20 16:00:00,0.02006187,0.0201913,2024-12-20,16
2024-12-20 17:00:00,0.0,0.0,2024-12-20,17
2024-12-20 18:00:00,0.0,0.0,2024-12-20,18
2024-12-20 19:00:00,0.0,0.0,2024-12-20,19
2024-12-20 20:00:00,0.0,0.0,2024-12-20,20
2024-12-20 21:00:00,0.0,0.0,2024-12-20,21
2024-12-20 22:00:00,0.0,0.0,2024-12-20,22
2024-12-20 23:00:00,0.0,0.0,2024-12-20,23
2024-12-21 00:00:00,0.0,0.0,2024-12-21,0
2024-12-21 01:00:00,0.0,0.0,2024-12-21,1
2024-12-21 02:00:00,0.0,0.0,2024-12-21,2
2024-12-21 03:00:00,0.0,0.0,2024-12-21,3
2024-12-21 04:00:00,0.0,0.0,2024-12-21,4
2024-12-21 05:00:00,0.0,0.0,2024-12-21,5
2024-12-21 06:00:00,0.01848352,0.01984994,2024-12-21,6
2024-12-21 07:00:00,0.07369661,0.07285818,2024-12-21,7
2024-12-21 08:00:00,0.1890514,0.1910033,2024-12-21,8
2024-12-21 09:00:00,0.4575306,0.5620541,2024-12-21,9
2024-12-21 10:00:00,0.5245748,0.629087,2024-12-21,10
2024-12-21 11:00:00,0.238262,0.2340941,2024-12-21,11
2024-12-21 12:00:00,0.5110033,0.6005121,2024-12-21,12
2024-12-21 13:00:00,0.5913952,0.7827371,2024-12-21,13
2024-12-21 14:00:00,0.4037067,0.5360486,2024-12-21,14
2024-12-21 15:00:00,0.2704459,0.4164108,2024-12-21,15
2024-12-21 16:00:00,0.09525891,0.2697628,2024-12-21,16
2024-12-21 17:00:00,0.0,0.0,2024-12-21,17
2024-12-21 18:00:00,0.0,0.0,2024-12-21,18
2024-12-21 19:00:00,0.0,0.0,2024-12-21,19
2024-12-21 20:00:00,0.0,0.0,2024-12-21,20
2024-12-21 21:00:00,0.0,0.0,2024-12-21,21
2024-12-21 22:00:00,0.0,0.0,2024-12-21,22
2024-12-21 23:00:00,0.0,0.0,2024-12-21,23
2024-12-22 00:00:00,0.0,0.0,2024-12-22,0
2024-12-22 01:00:00,0.0,0.0,2024-12-22,1
2024-12-22 02:00:00,0.0,0.0,2024-12-22,2
2024-12-22 03:00:00,0.0,0.0,2024-12-22,3
2024-12-22 04:00:00,0.0,0.0,2024-12-22,4
2024-12-22 05:00:00,0.0,0.0,2024-12-22,5
2024-12-22 06:00:00,0.02378168,0.03001512,2024-12-22,6
2024-12-22 07:00:00,0.1932816,0.2728035,2024-12-22,7
2024-12-22 08:00:00,0.5201812,0.7504545,2024-12-22,8
2024-12-22 09:00:00,0.6814666,0.9231722,2024-12-22,9
2024-12-22 10:00:00,0.6280499,0.8055134,2024-12-22,10
2024-12-22 11:00:00,0.8222029,1.073583,2024-12-22,11
2024-12-22 12:00:00,0.6492785,0.8338493,2024-12-22,12
2024-12-22 13:00:00,0.5239974,0.6675969,2024-12-22,13
2024-12-22 14:00:00,0.5092012,0.7195238,2024-12-22,14
2024-12-22 15:00:00,0.2522473,0.3724614,2024-12-22,15
2024-12-22 16:00:00,0.07906577,0.195808,2024-12-22,16
2024-12-22 17:00:00,0.0,0.0,2024-12-22,17
2024-12-22 18:00:00,0.0,0.0,2024-12-22,18
2024-12-22 19:00:00,0.0,0.0,2024-12-22,19
2024-12-22 20:00:00,0.0,0.0,2024-12-22,20
2024-12-22 21:00:00,0.0,0.0,2024-12-22,21
2024-12-22 22:00:00,0.0,0.0,2024-12-22,22
2024-12-22 23:00:00,0.0,0.0,2024-12-22,23
2024-12-23 00:00:00,0.0,0.0,2024-12-23,0
2024-12-23 01:00:00,0.0,0.0,2024-12-23,1
2024-12-23 02:00:00,0.0,0.0,2024-12-23,2
2024-12-23 03:00:00,0.0,0.0,2024-12-23,3
2024-12-23 04:00:00,0.0,0.0,2024-12-23,4
2024-12-23 05:00:00,0.0,0.0,2024-12-23,5
2024-12-23 06:00:00,0.0482459,0.1957356,2024-12-23,6
2024-12-23 07:00:00,0.1982568,0.2868828,2024-12-23,7
2024-12-23 08:00:00,0.4756218,0.6842523,2024-12-23,8
2024-12-23 09:00:00,0.6733768,0.9120349,2024-12-23,9
2024-12-23 10:00:00,0.6529637,0.8457603,2024-12-23,10
2024-12-23 11:00:00,0.7563245,0.9845974,2024-12-23,11
2024-12-23 12:00:00,0.7796745,1.023098,2024-12-23,12
2024-12-23 13:00:00,0.691551,0.928555,2024-12-23,13
2024-12-23 14:00:00,0.5344165,0.7558722,2024-12-23,14
2024-12-23 15:00:00,0.2336536,0.3266456,2024-12-23,15
2024-12-23 16:00:00,0.06306255,0.1139694,2024-12-23,16
2024-12-23 17:00:00,0.0,0.0,2024-12-23,17
2024-12-23 18:00:00,0.0,0.0,2024-12-23,18
2024-12-23 19:00:00,0.0,0.0,2024-12-23,19
2024-12-23 20:00:00,0.0,0.0,2024-12-23,20
2024-12-23 21:00:00,0.0,0.0,2024-12-23,21
2024-12-23 22:00:00,0.0,0.0,2024-12-23,22
2024-12-23 23:00:00,0.0,0.0,2024-12-23,23
2024-12-24 00:00:00,0.0,0.0,2024-12-24,0
2024-12-24 01:00:00,0.0,0.0,2024-12-24,1
2024-12-24 02:00:00,0.0,0.0,2024-12-24,2
2024-12-24 03:00:00,0.0,0.0,2024-12-24,3
2024-12-24 04:00:00,0.0,0.0,2024-12-24,4
2024-12-24 05:00:00,0.0,0.0,2024-12-24,5
2024-12-24 06:00:00,0.04390792,0.1662158,2024-12-24,6
2024-12-24 07:00:00,0.1628686,0.2039887,2024-12-24,7
2024-12-24 08:00:00,0.2751376,0.31431,2024-12-24,8
2024-12-24 09:00:00,0.5519905,0.7305688,2024-12-24,9
2024-12-24 10:00:00,0.6063383,0.7696077,2024-12-24,10
2024-12-24 11:00:00,0.7269004,0.9423342,2024-12-24,11
2024-12-24 12:00:00,0.5567834,0.6774732,2024-12-24,12
2024-12-24 13:00:00,0.5980268,0.7916003,2024-12-24,13
2024-12-24 14:00:00,0.5555328,0.7860982,2024-12-24,14
2024-12-24 15:00:00,0.2212331,0.2961179,2024-12-24,15
2024-12-24 16:00:00,0.02908832,0.0296285,2024-12-24,16
2024-12-24 17:00:00,0.0,0.0,2024-12-24,17
2024-12-24 18:00:00,0.0,0.0,2024-12-24,18
2024-12-24 19:00:00,0.0,0.0,2024-12-24,19
2024-12-24 20:00:00,0.0,0.0,2024-12-24,20
2024-12-24 21:00:00,0.0,0.0,2024-12-24,21
2024-12-24 22:00:00,0.0,0.0,2024-12-24,22
2024-12-24 23:00:00,0.0,0.0,2024-12-24,23
2024-12-25 00:00:00,0.0,0.0,2024-12-25,0
2024-12-25 01:00:00,0.0,0.0,2024-12-25,1
2024-12-25 02:00:00,0.0,0.0,2024-12-25,2
2024-12-25 03:00:00,0.0,0.0,2024-12-25,3
2024-12-25 04:00:00,0.0,0.0,2024-12-25,4
2024-12-25 05:00:00,0.0,0.0,2024-12-25,5
2024-12-25 06:00:00,0.04505113,0.1837668,2024-12-25,6
2024-12-25 07:00:00,0.23074,0.3723407,2024-12-25,7
2024-12-25 08:00:00,0.515332,0.7443283,2024-12-25,8
2024-12-25 09:00:00,0.6847526,0.928127,2024-12-25,9
2024-12-25 10:00:00,0.7276187,0.9562876,2024-12-25,10
2024-12-25 11:00:00,0.7348503,0.9536406,2024-12-25,11
2024-12-25 12:00:00,0.6860991,0.8903187,2024-12-25,12
2024-12-25 13:00:00,0.7296754,0.9803529,2024-12-25,13
2024-12-25 14:00:00,0.5773499,0.8172864,2024-12-25,14
2024-12-25 15:00:00,0.2846031,0.4403521,2024-12-25,15
2024-12-25 16:00:00,0.09657036,0.2558275,2024-12-25,16
2024-12-25 17:00:00,0.0,0.0,2024-12-25,17
2024-12-25 18:00:00,0.0,0.0,2024-12-25,18
2024-12-25 19:00:00,0.0,0.0,2024-12-25,19
2024-12-25 20:00:00,0.0,0.0,2024-12-25,20
2024-12-25 21:00:00,0.0,0.0,2024-12-25,21
2024-12-25 22:00:00,0.0,0.0,2024-12-25,22
2024-12-25 23:00:00,0.0,0.0,2024-12-25,23
2024-12-26 00:00:00,0.0,0.0,2024-12-26,0
2024-12-26 01:00:00,0.0,0.0,2024-12-26,1
2024-12-26 02:00:00,0.0,0.0,2024-12-26,2
2024-12-26 03:00:00,0.0,0.0,2024-12-26,3
2024-12-26 04:00:00,0.0,0.0,2024-12-26,4
2024-12-26 05:00:00,0.0,0.0,2024-12-26,5
2024-12-26 06:00:00,0.03225379,0.07648098,2024-12-26,6
2024-12-26 07:00:00,0.07837226,0.07770129,2024-12-26,7
2024-12-26 08:00:00,0.04230718,0.04123294,2024-12-26,8
2024-12-26 09:00:00,0.1034198,0.1010128,2024-12-26,9
2024-12-26 10:00:00,0.1822637,0.1784834,2024-12-26,10
2024-12-26 11:00:00,0.248172,0.2441766,2024-12-26,11
2024-12-26 12:00:00,0.5905364,0.7341372,2024-12-26,12
2024-12-26 13:00:00,0.4429587,0.5215695,2024-12-26,13
2024-12-26 14:00:00,0.4126496,0.5474974,2024-12-26,14
2024-12-26 15:00:00,0.1244781,0.1262678,2024-12-26,15
2024-12-26 16:00:00,0.04303854,0.0484519,2024-12-26,16
2024-12-26 17:00:00,0.0,0.0,2024-12-26,17
2024-12-26 18:00:00,0.0,0.0,2024-12-26,18
2024-12-26 19:00:00,0.0,0.0,2024-12-26,19
2024-12-26 20:00:00,0.0,0.0,2024-12-26,20
2024-12-26 21:00:00,0.0,0.0,2024-12-26,21
2024-12-26 22:00:00,0.0,0.0,2024-12-26,22
2024-12-26 23:00:00,0.0,0.0,2024-12-26,23
2024-12-27 00:00:00,0.0,0.0,2024-12-27,0
2024-12-27 01:00:00,0.0,0.0,2024-12-27,1
2024-12-27 02:00:00,0.0,0.0,2024-12-27,2
2024-12-27 03:00:00,0.0,0.0,2024-12-27,3
2024-12-27 04:00:00,0.0,0.0,2024-12-27,4
2024-12-27 05:00:00,0.0,0.0,2024-12-27,5
2024-12-27 06:00:00,0.01800175,0.02025132,2024-12-27,6
2024-12-27 07:00:00,0.1317988,0.1465558,2024-12-27,7
2024-12-27 08:00:00,0.3082337,0.3752167,2024-12-27,8
2024-12-27 09:00:00,0.5463044,0.7213427,2024-12-27,9
2024-12-27 10:00:00,0.5178617,0.6177539,2024-12-27,10
2024-12-27 11:00:00,0.5157754,0.5963089,2024-12-27,11
2024-12-27 12:00:00,0.4975644,0.5757427,2024-12-27,12
2024-12-27 13:00:00,0.398755,0.4475608,2024-12-27,13
2024-12-27 14:00:00,0.2900337,0.3221844,2024-12-27,14
2024-12-27 15:00:00,0.1461809,0.1539031,2024-12-27,15
2024-12-27 16:00:00,0.04469232,0.05072108,2024-12-27,16
2024-12-27 17:00:00,0.0,0.0,2024-12-27,17
2024-12-27 18:00:00,0.0,0.0,2024-12-27,18
2024-12-27 19:00:00,0.0,0.0,2024-12-27,19
2024-12-27 20:00:00,0.0,0.0,2024-12-27,20
2024-12-27 21:00:00,0.0,0.0,2024-12-27,21
2024-12-27 22:00:00,0.0,0.0,2024-12-27,22
2024-12-27 23:00:00,0.0,0.0,2024-12-27,23
2024-12-28 00:00:00,0.0,0.0,2024-12-28,0
2024-12-28 01:00:00,0.0,0.0,2024-12-28,1
2024-12-28 02:00:00,0.0,0.0,2024-12-28,2
2024-12-28 03:00:00,0.0,0.0,2024-12-28,3
2024-12-28 04:00:00,0.0,0.0,2024-12-28,4
2024-12-28 05:00:00,0.0,0.0,2024-12-28,5
2024-12-28 06:00:00,0.03243562,0.08337447,2024-12-28,6
2024-12-28 07:00:00,0.2504492,0.4212214,2024-12-28,7
2024-12-28 08:00:00,0.450649,0.6462315,2024-12-28,8
2024-12-28 09:00:00,0.5908946,0.7935707,2024-12-28,9
2024-12-28 10:00:00,0.7611204,1.000864,2024-12-28,10
2024-12-28 11:00:00,0.8590361,1.121235,2024-12-28,11
2024-12-28 12:00:00,0.795921,1.04261,2024-12-28,12
2024-12-28 13:00:00,0.7122078,0.9538386,2024-12-28,13
2024-12-28 14:00:00,0.5024708,0.7035584,2024-12-28,14
2024-12-28 15:00:00,0.364224,0.5802878,2024-12-28,15
2024-12-28 16:00:00,0.1021711,0.2603528,2024-12-28,16
2024-12-28 17:00:00,0.0,0.0,2024-12-28,17
2024-12-28 18:00:00,0.0,0.0,2024-12-28,18
2024-12-28 19:00:00,0.0,0.0,2024-12-28,19
2024-12-28 20:00:00,0.0,0.0,2024-12-28,20
2024-12-28 21:00:00,0.0,0.0,2024-12-28,21
2024-12-28 22:00:00,0.0,0.0,2024-12-28,22
2024-12-28 23:00:00,0.0,0.0,2024-12-28,23
2024-12-29 00:00:00,0.0,0.0,2024-12-29,0
2024-12-29 01:00:00,0.0,0.0,2024-12-29,1
2024-12-29 02:00:00,0.0,0.0,2024-12-29,2
2024-12-29 03:00:00,0.0,0.0,2024-12-29,3
2024-12-29 04:00:00,0.0,0.0,2024-12-29,4
2024-12-29 05:00:00,0.0,0.0,2024-12-29,5
2024-12-29 06:00:00,0.04369455,0.1870269,2024-12-29,6
2024-12-29 07:00:00,0.2502548,0.421583,2024-12-29,7
2024-12-29 08:00:00,0.45882,0.6594276,2024-12-29,8
2024-12-29 09:00:00,0.5164251,0.6695437,2024-12-29,9
2024-12-29 10:00:00,0.6246781,0.799048,2024-12-29,10
2024-12-29 11:00:00,0.5981789,0.7338936,2024-12-29,11
2024-12-29 12:00:00,0.6578845,0.8434506,2024-12-29,12
2024-12-29 13:00:00,0.6277977,0.8336211,2024-12-29,13
2024-12-29 14:00:00,0.5585178,0.7853913,2024-12-29,14
2024-12-29 15:00:00,0.3071896,0.4788878,2024-12-29,15
2024-12-29 16:00:00,0.100944,0.250118,2024-12-29,16
2024-12-29 17:00:00,0.0,0.0,2024-12-29,17
2024-12-29 18:00:00,0.0,0.0,2024-12-29,18
2024-12-29 19:00:00,0.0,0.0,2024-12-29,19
2024-12-29 20:00:00,0.0,0.0,2024-12-29,20
2024-12-29 21:00:00,0.0,0.0,2024-12-29,21
2024-12-29 22:00:00,0.0,0.0,2024-12-29,22
2024-12-29 23:00:00,0.0,0.0,2024-12-29,23
2024-12-30 00:00:00,0.0,0.0,2024-12-30,0
2024-12-30 01:00:00,0.0,0.0,2024-12-30,1
2024-12-30 02:00:00,0.0,0.0,2024-12-30,2
2024-12-30 03:00:00,0.0,0.0,2024-12-30,3
2024-12-30 04:00:00,0.0,0.0,2024-12-30,4
2024-12-30 05:00:00,0.0,0.0,2024-12-30,5
2024-12-30 06:00:00,0.0296172,0.06810291,2024-12-30,6
2024-12-30 07:00:00,0.1320447,0.1479856,2024-12-30,7
2024-12-30 08:00:00,0.2374421,0.2557956,2024-12-30,8
2024-12-30 09:00:00,0.3382944,0.3653219,2024-12-30,9
2024-12-30 10:00:00,0.5068036,0.5982219,2024-12-30,10
2024-12-30 11:00:00,0.3569088,0.3653978,2024-12-30,11
2024-12-30 12:00:00,0.3964489,0.4202555,2024-12-30,12
2024-12-30 13:00:00,0.3317584,0.347838,2024-12-30,13
2024-12-30 14:00:00,0.5175695,0.7243555,2024-12-30,14
2024-12-30 15:00:00,0.2542811,0.3602744,2024-12-30,15
2024-12-30 16:00:00,0.0753288,0.1349869,2024-12-30,16
2024-12-30 17:00:00,0.0,0.0,2024-12-30,17
2024-12-30 18:00:00,0.0,0.0,2024-12-30,18
2024-12-30 19:00:00,0.0,0.0,2024-12-30,19
2024-12-30 20:00:00,0.0,0.0,2024-12-30,20
2024-12-30 21:00:00,0.0,0.0,2024-12-30,21
2024-12-30 22:00:00,0.0,0.0,2024-12-30,22
2024-12-30 23:00:00,0.0,0.0,2024-12-30,23
