date_time,global_solar_kw/m2,incident_solar_kw/m2,date,hour
2024-01-01 00:00:00,0.0,0.0,2024-01-01,0
2024-01-01 01:00:00,0.0,0.0,2024-01-01,1
2024-01-01 02:00:00,0.0,0.0,2024-01-01,2
2024-01-01 03:00:00,0.0,0.0,2024-01-01,3
2024-01-01 04:00:00,0.0,0.0,2024-01-01,4
2024-01-01 05:00:00,0.0,0.0,2024-01-01,5
2024-01-01 06:00:00,0.0185042,0.04246557,2024-01-01,6
2024-01-01 07:00:00,0.1665652,0.264685,2024-01-01,7
2024-01-01 08:00:00,0.3797563,0.569208,2024-01-01,8
2024-01-01 09:00:00,0.3248333,0.3650506,2024-01-01,9
2024-01-01 10:00:00,0.3458463,0.3698967,2024-01-01,10
2024-01-01 11:00:00,0.6173184,0.8203645,2024-01-01,11
2024-01-01 12:00:00,0.432704,0.501586,2024-01-01,12
2024-01-01 13:00:00,0.39622,0.4755756,2024-01-01,13
2024-01-01 14:00:00,0.2336851,0.253285,2024-01-01,14
2024-01-01 15:00:00,0.1432892,0.1634858,2024-01-01,15
2024-01-01 16:00:00,0.04377261,0.09124635,2024-01-01,16
2024-01-01 17:00:00,0.0,0.0,2024-01-01,17
2024-01-01 18:00:00,0.0,0.0,2024-01-01,18
2024-01-01 19:00:00,0.0,0.0,2024-01-01,19
2024-01-01 20:00:00,0.0,0.0,2024-01-01,20
2024-01-01 21:00:00,0.0,0.0,2024-01-01,21
2024-01-01 22:00:00,0.0,0.0,2024-01-01,22
2024-01-01 23:00:00,0.0,0.0,2024-01-01,23
2024-01-02 00:00:00,0.0,0.0,2024-01-02,0
2024-01-02 01:00:00,0.0,0.0,2024-01-02,1
2024-01-02 02:00:00,0.0,0.0,2024-01-02,2
2024-01-02 03:00:00,0.0,0.0,2024-01-02,3
2024-01-02 04:00:00,0.0,0.0,2024-01-02,4
2024-01-02 05:00:00,0.0,0.0,2024-01-02,5
2024-01-02 06:00:00,0.0226544,0.07809268,2024-01-02,6
2024-01-02 07:00:00,0.2050558,0.374481,2024-01-02,7
2024-01-02 08:00:00,0.431621,0.6593437,2024-01-02,8
2024-01-02 09:00:00,0.5761154,0.8172402,2024-01-02,9
2024-01-02 10:00:00,0.5688651,0.7566655,2024-01-02,10
2024-01-02 11:00:00,0.5073438,0.6219999,2024-01-02,11
2024-01-02 12:00:00,0.4340011,0.5030206,2024-01-02,12
2024-01-02 13:00:00,0.5561638,0.7707487,2024-01-02,13
2024-01-02 14:00:00,0.3939068,0.5610363,2024-01-02,14
2024-01-02 15:00:00,0.2870156,0.4936769,2024-01-02,15
2024-01-02 16:00:00,0.05419151,0.1486802,2024-01-02,16
2024-01-02 17:00:00,0.0,0.0,2024-01-02,17
2024-01-02 18:00:00,0.0,0.0,2024-01-02,18
2024-01-02 19:00:00,0.0,0.0,2024-01-02,19
2024-01-02 20:00:00,0.0,0.0,2024-01-02,20
2024-01-02 21:00:00,0.0,0.0,2024-01-02,21
2024-01-02 22:00:00,0.0,0.0,2024-01-02,22
2024-01-02 23:00:00,0.0,0.0,2024-01-02,23
2024-01-03 00:00:00,0.0,0.0,2024-01-03,0
2024-01-03 01:00:00,0.0,0.0,2024-01-03,1
2024-01-03 02:00:00,0.0,0.0,2024-01-03,2
2024-01-03 03:00:00,0.0,0.0,2024-01-03,3
2024-01-03 04:00:00,0.0,0.0,2024-01-03,4
2024-01-03 05:00:00,0.0,0.0,2024-01-03,5
2024-01-03 06:00:00,0.01450276,0.02280213,2024-01-03,6
2024-01-03 07:00:00,0.1592979,0.244787,2024-01-03,7
2024-01-03 08:00:00,0.300288,0.4004486,2024-01-03,8
2024-01-03 09:00:00,0.3353937,0.3822567,2024-01-03,9
2024-01-03 10:00:00,0.6718943,0.9223698,2024-01-03,10
2024-01-03 11:00:00,0.5267971,0.656451,2024-01-03,11
2024-01-03 12:00:00,0.3864022,0.4250194,2024-01-03,12
2024-01-03 13:00:00,0.4481504,0.5704967,2024-01-03,13
2024-01-03 14:00:00,0.3837259,0.5381909,2024-01-03,14
2024-01-03 15:00:00,0.2540487,0.4220286,2024-01-03,15
2024-01-03 16:00:00,0.05553235,0.1483164,2024-01-03,16
2024-01-03 17:00:00,0.0,0.0,2024-01-03,17
2024-01-03 18:00:00,0.0,0.0,2024-01-03,18
2024-01-03 19:00:00,0.0,0.0,2024-01-03,19
2024-01-03 20:00:00,0.0,0.0,2024-01-03,20
2024-01-03 21:00:00,0.0,0.0,2024-01-03,21
2024-01-03 22:00:00,0.0,0.0,2024-01-03,22
2024-01-03 23:00:00,0.0,0.0,2024-01-03,23
2024-01-04 00:00:00,0.0,0.0,2024-01-04,0
2024-01-04 01:00:00,0.0,0.0,2024-01-04,1
2024-01-04 02:00:00,0.0,0.0,2024-01-04,2
2024-01-04 03:00:00,0.0,0.0,2024-01-04,3
2024-01-04 04:00:00,0.0,0.0,2024-01-04,4
2024-01-04 05:00:00,0.0,0.0,2024-01-04,5
2024-01-04 06:00:00,0.02253024,0.08063634,2024-01-04,6
2024-01-04 07:00:00,0.2208987,0.4121416,2024-01-04,7
2024-01-04 08:00:00,0.4274321,0.6516525,2024-01-04,8
2024-01-04 09:00:00,0.585121,0.8290431,2024-01-04,9
2024-01-04 10:00:00,0.6621125,0.9072671,2024-01-04,10
2024-01-04 11:00:00,0.7125861,0.9670306,2024-01-04,11
2024-01-04 12:00:00,0.7233648,0.9885104,2024-01-04,12
2024-01-04 13:00:00,0.5690422,0.7890184,2024-01-04,13
2024-01-04 14:00:00,0.4331187,0.6320277,2024-01-04,14
2024-01-04 15:00:00,0.2684025,0.4512307,2024-01-04,15
2024-01-04 16:00:00,0.0760731,0.2556753,2024-01-04,16
2024-01-04 17:00:00,0.0,0.0,2024-01-04,17
2024-01-04 18:00:00,0.0,0.0,2024-01-04,18
2024-01-04 19:00:00,0.0,0.0,2024-01-04,19
2024-01-04 20:00:00,0.0,0.0,2024-01-04,20
2024-01-04 21:00:00,0.0,0.0,2024-01-04,21
2024-01-04 22:00:00,0.0,0.0,2024-01-04,22
2024-01-04 23:00:00,0.0,0.0,2024-01-04,23
2024-01-05 00:00:00,0.0,0.0,2024-01-05,0
2024-01-05 01:00:00,0.0,0.0,2024-01-05,1
2024-01-05 02:00:00,0.0,0.0,2024-01-05,2
2024-01-05 03:00:00,0.0,0.0,2024-01-05,3
2024-01-05 04:00:00,0.0,0.0,2024-01-05,4
2024-01-05 05:00:00,0.0,0.0,2024-01-05,5
2024-01-05 06:00:00,0.01005586,0.0112843,2024-01-05,6
2024-01-05 07:00:00,0.09014564,0.09450871,2024-01-05,7
2024-01-05 08:00:00,0.2474701,0.2925186,2024-01-05,8
2024-01-05 09:00:00,0.2773062,0.2928115,2024-01-05,9
2024-01-05 10:00:00,0.444602,0.5275606,2024-01-05,10
2024-01-05 11:00:00,0.5940231,0.7755063,2024-01-05,11
2024-01-05 12:00:00,0.5910309,0.7817939,2024-01-05,12
2024-01-05 13:00:00,0.4905297,0.6477825,2024-01-05,13
2024-01-05 14:00:00,0.3121735,0.3867564,2024-01-05,14
2024-01-05 15:00:00,0.1731075,0.2166758,2024-01-05,15
2024-01-05 16:00:00,0.0395302,0.05655348,2024-01-05,16
2024-01-05 17:00:00,0.0,0.0,2024-01-05,17
2024-01-05 18:00:00,0.0,0.0,2024-01-05,18
2024-01-05 19:00:00,0.0,0.0,2024-01-05,19
2024-01-05 20:00:00,0.0,0.0,2024-01-05,20
2024-01-05 21:00:00,0.0,0.0,2024-01-05,21
2024-01-05 22:00:00,0.0,0.0,2024-01-05,22
2024-01-05 23:00:00,0.0,0.0,2024-01-05,23
2024-01-06 00:00:00,0.0,0.0,2024-01-06,0
2024-01-06 01:00:00,0.0,0.0,2024-01-06,1
2024-01-06 02:00:00,0.0,0.0,2024-01-06,2
2024-01-06 03:00:00,0.0,0.0,2024-01-06,3
2024-01-06 04:00:00,0.0,0.0,2024-01-06,4
2024-01-06 05:00:00,0.0,0.0,2024-01-06,5
2024-01-06 06:00:00,0.02056241,0.06553092,2024-01-06,6
2024-01-06 07:00:00,0.1734882,0.2874288,2024-01-06,7
2024-01-06 08:00:00,0.3261739,0.4560509,2024-01-06,8
2024-01-06 09:00:00,0.4127267,0.5225672,2024-01-06,9
2024-01-06 10:00:00,0.431859,0.5046194,2024-01-06,10
2024-01-06 11:00:00,0.4635177,0.5410616,2024-01-06,11
2024-01-06 12:00:00,0.5311937,0.6726851,2024-01-06,12
2024-01-06 13:00:00,0.5221728,0.7044221,2024-01-06,13
2024-01-06 14:00:00,0.3899297,0.5439142,2024-01-06,14
2024-01-06 15:00:00,0.1740829,0.2168807,2024-01-06,15
2024-01-06 16:00:00,0.05904923,0.1433632,2024-01-06,16
2024-01-06 17:00:00,0.0,0.0,2024-01-06,17
2024-01-06 18:00:00,0.0,0.0,2024-01-06,18
2024-01-06 19:00:00,0.0,0.0,2024-01-06,19
2024-01-06 20:00:00,0.0,0.0,2024-01-06,20
2024-01-06 21:00:00,0.0,0.0,2024-01-06,21
2024-01-06 22:00:00,0.0,0.0,2024-01-06,22
2024-01-06 23:00:00,0.0,0.0,2024-01-06,23
2024-01-07 00:00:00,0.0,0.0,2024-01-07,0
2024-01-07 01:00:00,0.0,0.0,2024-01-07,1
2024-01-07 02:00:00,0.0,0.0,2024-01-07,2
2024-01-07 03:00:00,0.0,0.0,2024-01-07,3
2024-01-07 04:00:00,0.0,0.0,2024-01-07,4
2024-01-07 05:00:00,0.0,0.0,2024-01-07,5
2024-01-07 06:00:00,0.02168551,0.07693328,2024-01-07,6
2024-01-07 07:00:00,0.2045379,0.3733845,2024-01-07,7
2024-01-07 08:00:00,0.3458246,0.4977227,2024-01-07,8
2024-01-07 09:00:00,0.5079238,0.7021439,2024-01-07,9
2024-01-07 10:00:00,0.6745219,0.9222277,2024-01-07,10
2024-01-07 11:00:00,0.7104369,0.9605052,2024-01-07,11
2024-01-07 12:00:00,0.6517859,0.8797589,2024-01-07,12
2024-01-07 13:00:00,0.5330749,0.7220466,2024-01-07,13
2024-01-07 14:00:00,0.4148693,0.5909252,2024-01-07,14
2024-01-07 15:00:00,0.2340024,0.3590745,2024-01-07,15
2024-01-07 16:00:00,0.06115729,0.146901,2024-01-07,16
2024-01-07 17:00:00,0.0,0.0,2024-01-07,17
2024-01-07 18:00:00,0.0,0.0,2024-01-07,18
2024-01-07 19:00:00,0.0,0.0,2024-01-07,19
2024-01-07 20:00:00,0.0,0.0,2024-01-07,20
2024-01-07 21:00:00,0.0,0.0,2024-01-07,21
2024-01-07 22:00:00,0.0,0.0,2024-01-07,22
2024-01-07 23:00:00,0.0,0.0,2024-01-07,23
2024-01-08 00:00:00,0.0,0.0,2024-01-08,0
2024-01-08 01:00:00,0.0,0.0,2024-01-08,1
2024-01-08 02:00:00,0.0,0.0,2024-01-08,2
2024-01-08 03:00:00,0.0,0.0,2024-01-08,3
2024-01-08 04:00:00,0.0,0.0,2024-01-08,4
2024-01-08 05:00:00,0.0,0.0,2024-01-08,5
2024-01-08 06:00:00,0.01245458,0.01709981,2024-01-08,6
2024-01-08 07:00:00,0.1286814,0.1647848,2024-01-08,7
2024-01-08 08:00:00,0.3035917,0.4059061,2024-01-08,8
2024-01-08 09:00:00,0.3676924,0.436752,2024-01-08,9
2024-01-08 10:00:00,0.4873106,0.6020476,2024-01-08,10
2024-01-08 11:00:00,0.5176269,0.6343011,2024-01-08,11
2024-01-08 12:00:00,0.5352898,0.6770235,2024-01-08,12
2024-01-08 13:00:00,0.5605549,0.7677284,2024-01-08,13
2024-01-08 14:00:00,0.4023777,0.5639279,2024-01-08,14
2024-01-08 15:00:00,0.2268198,0.3374245,2024-01-08,15
2024-01-08 16:00:00,0.07182559,0.1975227,2024-01-08,16
2024-01-08 17:00:00,0.0,0.0,2024-01-08,17
2024-01-08 18:00:00,0.0,0.0,2024-01-08,18
2024-01-08 19:00:00,0.0,0.0,2024-01-08,19
2024-01-08 20:00:00,0.0,0.0,2024-01-08,20
2024-01-08 21:00:00,0.0,0.0,2024-01-08,21
2024-01-08 22:00:00,0.0,0.0,2024-01-08,22
2024-01-08 23:00:00,0.0,0.0,2024-01-08,23
2024-01-09 00:00:00,0.0,0.0,2024-01-09,0
2024-01-09 01:00:00,0.0,0.0,2024-01-09,1
2024-01-09 02:00:00,0.0,0.0,2024-01-09,2
2024-01-09 03:00:00,0.0,0.0,2024-01-09,3
2024-01-09 04:00:00,0.0,0.0,2024-01-09,4
2024-01-09 05:00:00,0.0,0.0,2024-01-09,5
2024-01-09 06:00:00,0.01968156,0.060563,2024-01-09,6
2024-01-09 07:00:00,0.07196116,0.07221689,2024-01-09,7
2024-01-09 08:00:00,0.1631816,0.1652911,2024-01-09,8
2024-01-09 09:00:00,0.3359085,0.3810305,2024-01-09,9
2024-01-09 10:00:00,0.5299258,0.6790482,2024-01-09,10
2024-01-09 11:00:00,0.521535,0.6400304,2024-01-09,11
2024-01-09 12:00:00,0.5993806,0.7896295,2024-01-09,12
2024-01-09 13:00:00,0.3111835,0.330461,2024-01-09,13
2024-01-09 14:00:00,0.1579464,0.1564187,2024-01-09,14
2024-01-09 15:00:00,0.147432,0.1628189,2024-01-09,15
2024-01-09 16:00:00,0.0390722,0.04749226,2024-01-09,16
2024-01-09 17:00:00,0.0,0.0,2024-01-09,17
2024-01-09 18:00:00,0.0,0.0,2024-01-09,18
2024-01-09 19:00:00,0.0,0.0,2024-01-09,19
2024-01-09 20:00:00,0.0,0.0,2024-01-09,20
2024-01-09 21:00:00,0.0,0.0,2024-01-09,21
2024-01-09 22:00:00,0.0,0.0,2024-01-09,22
2024-01-09 23:00:00,0.0,0.0,2024-01-09,23
2024-01-10 00:00:00,0.0,0.0,2024-01-10,0
2024-01-10 01:00:00,0.0,0.0,2024-01-10,1
2024-01-10 02:00:00,0.0,0.0,2024-01-10,2
2024-01-10 03:00:00,0.0,0.0,2024-01-10,3
2024-01-10 04:00:00,0.0,0.0,2024-01-10,4
2024-01-10 05:00:00,0.0,0.0,2024-01-10,5
2024-01-10 06:00:00,0.01962535,0.06065037,2024-01-10,6
2024-01-10 07:00:00,0.186181,0.3228991,2024-01-10,7
2024-01-10 08:00:00,0.3419818,0.4871044,2024-01-10,8
2024-01-10 09:00:00,0.5398741,0.7532978,2024-01-10,9
2024-01-10 10:00:00,0.6645542,0.9039451,2024-01-10,10
2024-01-10 11:00:00,0.8010572,1.083079,2024-01-10,11
2024-01-10 12:00:00,0.7683061,1.043033,2024-01-10,12
2024-01-10 13:00:00,0.6611112,0.9166932,2024-01-10,13
2024-01-10 14:00:00,0.513083,0.7492609,2024-01-10,14
2024-01-10 15:00:00,0.259626,0.4107344,2024-01-10,15
2024-01-10 16:00:00,0.07659752,0.2032257,2024-01-10,16
2024-01-10 17:00:00,0.0,0.0,2024-01-10,17
2024-01-10 18:00:00,0.0,0.0,2024-01-10,18
2024-01-10 19:00:00,0.0,0.0,2024-01-10,19
2024-01-10 20:00:00,0.0,0.0,2024-01-10,20
2024-01-10 21:00:00,0.0,0.0,2024-01-10,21
2024-01-10 22:00:00,0.0,0.0,2024-01-10,22
2024-01-10 23:00:00,0.0,0.0,2024-01-10,23
2024-01-11 00:00:00,0.0,0.0,2024-01-11,0
2024-01-11 01:00:00,0.0,0.0,2024-01-11,1
2024-01-11 02:00:00,0.0,0.0,2024-01-11,2
2024-01-11 03:00:00,0.0,0.0,2024-01-11,3
2024-01-11 04:00:00,0.0,0.0,2024-01-11,4
2024-01-11 05:00:00,0.0,0.0,2024-01-11,5
2024-01-11 06:00:00,0.01945489,0.05957648,2024-01-11,6
2024-01-11 07:00:00,0.1592669,0.2445847,2024-01-11,7
2024-01-11 08:00:00,0.2969956,0.3896773,2024-01-11,8
2024-01-11 09:00:00,0.3873911,0.4706018,2024-01-11,9
2024-01-11 10:00:00,0.6998339,0.9527858,2024-01-11,10
2024-01-11 11:00:00,0.6686929,0.8916141,2024-01-11,11
2024-01-11 12:00:00,0.6099738,0.8040289,2024-01-11,12
2024-01-11 13:00:00,0.3626688,0.4064453,2024-01-11,13
2024-01-11 14:00:00,0.3199236,0.3908814,2024-01-11,14
2024-01-11 15:00:00,0.1962842,0.2545315,2024-01-11,15
2024-01-11 16:00:00,0.04868672,0.06862112,2024-01-11,16
2024-01-11 17:00:00,0.0,0.0,2024-01-11,17
2024-01-11 18:00:00,0.0,0.0,2024-01-11,18
2024-01-11 19:00:00,0.0,0.0,2024-01-11,19
2024-01-11 20:00:00,0.0,0.0,2024-01-11,20
2024-01-11 21:00:00,0.0,0.0,2024-01-11,21
2024-01-11 22:00:00,0.0,0.0,2024-01-11,22
2024-01-11 23:00:00,0.0,0.0,2024-01-11,23
2024-01-12 00:00:00,0.0,0.0,2024-01-12,0
2024-01-12 01:00:00,0.0,0.0,2024-01-12,1
2024-01-12 02:00:00,0.0,0.0,2024-01-12,2
2024-01-12 03:00:00,0.0,0.0,2024-01-12,3
2024-01-12 04:00:00,0.0,0.0,2024-01-12,4
2024-01-12 05:00:00,0.0,0.0,2024-01-12,5
2024-01-12 06:00:00,0.02009074,0.06544182,2024-01-12,6
2024-01-12 07:00:00,0.1979755,0.3530637,2024-01-12,7
2024-01-12 08:00:00,0.3821553,0.5658107,2024-01-12,8
2024-01-12 09:00:00,0.5005674,0.6828521,2024-01-12,9
2024-01-12 10:00:00,0.5951099,0.7902933,2024-01-12,10
2024-01-12 11:00:00,0.5407086,0.6700302,2024-01-12,11
2024-01-12 12:00:00,0.6224925,0.8231699,2024-01-12,12
2024-01-12 13:00:00,0.4958935,0.6434423,2024-01-12,13
2024-01-12 14:00:00,0.286242,0.3279295,2024-01-12,14
2024-01-12 15:00:00,0.2079983,0.2785972,2024-01-12,15
2024-01-12 16:00:00,0.06402293,0.123148,2024-01-12,16
2024-01-12 17:00:00,0.0,0.0,2024-01-12,17
2024-01-12 18:00:00,0.0,0.0,2024-01-12,18
2024-01-12 19:00:00,0.0,0.0,2024-01-12,19
2024-01-12 20:00:00,0.0,0.0,2024-01-12,20
2024-01-12 21:00:00,0.0,0.0,2024-01-12,21
2024-01-12 22:00:00,0.0,0.0,2024-01-12,22
2024-01-12 23:00:00,0.0,0.0,2024-01-12,23
2024-01-13 00:00:00,0.0,0.0,2024-01-13,0
2024-01-13 01:00:00,0.0,0.0,2024-01-13,1
2024-01-13 02:00:00,0.0,0.0,2024-01-13,2
2024-01-13 03:00:00,0.0,0.0,2024-01-13,3
2024-01-13 04:00:00,0.0,0.0,2024-01-13,4
2024-01-13 05:00:00,0.0,0.0,2024-01-13,5
2024-01-13 06:00:00,0.01965944,0.0,2024-01-13,6
2024-01-13 07:00:00,0.1282034,0.1625794,2024-01-13,7
2024-01-13 08:00:00,0.3015171,0.3974365,2024-01-13,8
2024-01-13 09:00:00,0.166198,0.1634088,2024-01-13,9
2024-01-13 10:00:00,0.3190009,0.3302827,2024-01-13,10
2024-01-13 11:00:00,0.376793,0.400438,2024-01-13,11
2024-01-13 12:00:00,0.3484576,0.3649094,2024-01-13,12
2024-01-13 13:00:00,0.2652288,0.2692145,2024-01-13,13
2024-01-13 14:00:00,0.2366015,0.249923,2024-01-13,14
2024-01-13 15:00:00,0.1833903,0.2226451,2024-01-13,15
2024-01-13 16:00:00,0.06877976,0.1380231,2024-01-13,16
2024-01-13 17:00:00,0.0,0.0,2024-01-13,17
2024-01-13 18:00:00,0.0,0.0,2024-01-13,18
2024-01-13 19:00:00,0.0,0.0,2024-01-13,19
2024-01-13 20:00:00,0.0,0.0,2024-01-13,20
2024-01-13 21:00:00,0.0,0.0,2024-01-13,21
2024-01-13 22:00:00,0.0,0.0,2024-01-13,22
2024-01-13 23:00:00,0.0,0.0,2024-01-13,23
2024-01-14 00:00:00,0.0,0.0,2024-01-14,0
2024-01-14 01:00:00,0.0,0.0,2024-01-14,1
2024-01-14 02:00:00,0.0,0.0,2024-01-14,2
2024-01-14 03:00:00,0.0,0.0,2024-01-14,3
2024-01-14 04:00:00,0.0,0.0,2024-01-14,4
2024-01-14 05:00:00,0.0,0.0,2024-01-14,5
2024-01-14 06:00:00,0.006224429,0.0,2024-01-14,6
2024-01-14 07:00:00,0.04443992,0.04382704,2024-01-14,7
2024-01-14 08:00:00,0.2056655,0.2206854,2024-01-14,8
2024-01-14 09:00:00,0.3490843,0.4000413,2024-01-14,9
2024-01-14 10:00:00,0.2613081,0.2610597,2024-01-14,10
2024-01-14 11:00:00,0.3880458,0.4157591,2024-01-14,11
2024-01-14 12:00:00,0.5040205,0.610367,2024-01-14,12
2024-01-14 13:00:00,0.5246,0.6913147,2024-01-14,13
2024-01-14 14:00:00,0.3839213,0.5107838,2024-01-14,14
2024-01-14 15:00:00,0.2705706,0.4207529,2024-01-14,15
2024-01-14 16:00:00,0.07309049,0.150454,2024-01-14,16
2024-01-14 17:00:00,0.0,0.0,2024-01-14,17
2024-01-14 18:00:00,0.0,0.0,2024-01-14,18
2024-01-14 19:00:00,0.0,0.0,2024-01-14,19
2024-01-14 20:00:00,0.0,0.0,2024-01-14,20
2024-01-14 21:00:00,0.0,0.0,2024-01-14,21
2024-01-14 22:00:00,0.0,0.0,2024-01-14,22
2024-01-14 23:00:00,0.0,0.0,2024-01-14,23
2024-01-15 00:00:00,0.0,0.0,2024-01-15,0
2024-01-15 01:00:00,0.0,0.0,2024-01-15,1
2024-01-15 02:00:00,0.0,0.0,2024-01-15,2
2024-01-15 03:00:00,0.0,0.0,2024-01-15,3
2024-01-15 04:00:00,0.0,0.0,2024-01-15,4
2024-01-15 05:00:00,0.0,0.0,2024-01-15,5
2024-01-15 06:00:00,0.01674317,0.03846017,2024-01-15,6
2024-01-15 07:00:00,0.1464365,0.206214,2024-01-15,7
2024-01-15 08:00:00,0.3101173,0.4133929,2024-01-15,8
2024-01-15 09:00:00,0.4969601,0.671626,2024-01-15,9
2024-01-15 10:00:00,0.6388688,0.8567297,2024-01-15,10
2024-01-15 11:00:00,0.6838876,0.9079972,2024-01-15,11
2024-01-15 12:00:00,0.726045,0.9749361,2024-01-15,12
2024-01-15 13:00:00,0.6501054,0.8911107,2024-01-15,13
2024-01-15 14:00:00,0.4643314,0.6602661,2024-01-15,14
2024-01-15 15:00:00,0.2036392,0.2605858,2024-01-15,15
2024-01-15 16:00:00,0.08506589,0.1976421,2024-01-15,16
2024-01-15 17:00:00,0.0,0.0,2024-01-15,17
2024-01-15 18:00:00,0.0,0.0,2024-01-15,18
2024-01-15 19:00:00,0.0,0.0,2024-01-15,19
2024-01-15 20:00:00,0.0,0.0,2024-01-15,20
2024-01-15 21:00:00,0.0,0.0,2024-01-15,21
2024-01-15 22:00:00,0.0,0.0,2024-01-15,22
2024-01-15 23:00:00,0.0,0.0,2024-01-15,23
2024-01-16 00:00:00,0.0,0.0,2024-01-16,0
2024-01-16 01:00:00,0.0,0.0,2024-01-16,1
2024-01-16 02:00:00,0.0,0.0,2024-01-16,2
2024-01-16 03:00:00,0.0,0.0,2024-01-16,3
2024-01-16 04:00:00,0.0,0.0,2024-01-16,4
2024-01-16 05:00:00,0.0,0.0,2024-01-16,5
2024-01-16 06:00:00,0.02248984,0.08687248,2024-01-16,6
2024-01-16 07:00:00,0.2130767,0.3840786,2024-01-16,7
2024-01-16 08:00:00,0.4165846,0.6206186,2024-01-16,8
2024-01-16 09:00:00,0.5609243,0.7776998,2024-01-16,9
2024-01-16 10:00:00,0.5073646,0.6277732,2024-01-16,10
2024-01-16 11:00:00,0.3803007,0.4036033,2024-01-16,11
2024-01-16 12:00:00,0.2740255,0.2735099,2024-01-16,12
2024-01-16 13:00:00,0.247353,0.24774,2024-01-16,13
2024-01-16 14:00:00,0.2678434,0.2932101,2024-01-16,14
2024-01-16 15:00:00,0.2062262,0.2636128,2024-01-16,15
2024-01-16 16:00:00,0.05352084,0.06884089,2024-01-16,16
2024-01-16 17:00:00,0.0,0.0,2024-01-16,17
2024-01-16 18:00:00,0.0,0.0,2024-01-16,18
2024-01-16 19:00:00,0.0,0.0,2024-01-16,19
2024-01-16 20:00:00,0.0,0.0,2024-01-16,20
2024-01-16 21:00:00,0.0,0.0,2024-01-16,21
2024-01-16 22:00:00,0.0,0.0,2024-01-16,22
2024-01-16 23:00:00,0.0,0.0,2024-01-16,23
2024-01-17 00:00:00,0.0,0.0,2024-01-17,0
2024-01-17 01:00:00,0.0,0.0,2024-01-17,1
2024-01-17 02:00:00,0.0,0.0,2024-01-17,2
2024-01-17 03:00:00,0.0,0.0,2024-01-17,3
2024-01-17 04:00:00,0.0,0.0,2024-01-17,4
2024-01-17 05:00:00,0.0,0.0,2024-01-17,5
2024-01-17 06:00:00,0.02019274,0.06494629,2024-01-17,6
2024-01-17 07:00:00,0.1453977,0.2016045,2024-01-17,7
2024-01-17 08:00:00,0.368579,0.5317514,2024-01-17,8
2024-01-17 09:00:00,0.5411409,0.7442392,2024-01-17,9
2024-01-17 10:00:00,0.7003509,0.9436001,2024-01-17,10
2024-01-17 11:00:00,0.7159125,0.9519613,2024-01-17,11
2024-01-17 12:00:00,0.6908141,0.9206048,2024-01-17,12
2024-01-17 13:00:00,0.4946005,0.6292361,2024-01-17,13
2024-01-17 14:00:00,0.2455704,0.2597204,2024-01-17,14
2024-01-17 15:00:00,0.1097009,0.109486,2024-01-17,15
2024-01-17 16:00:00,0.04837224,0.05577561,2024-01-17,16
2024-01-17 17:00:00,0.0,0.0,2024-01-17,17
2024-01-17 18:00:00,0.0,0.0,2024-01-17,18
2024-01-17 19:00:00,0.0,0.0,2024-01-17,19
2024-01-17 20:00:00,0.0,0.0,2024-01-17,20
2024-01-17 21:00:00,0.0,0.0,2024-01-17,21
2024-01-17 22:00:00,0.0,0.0,2024-01-17,22
2024-01-17 23:00:00,0.0,0.0,2024-01-17,23
2024-01-18 00:00:00,0.0,0.0,2024-01-18,0
2024-01-18 01:00:00,0.0,0.0,2024-01-18,1
2024-01-18 02:00:00,0.0,0.0,2024-01-18,2
2024-01-18 03:00:00,0.0,0.0,2024-01-18,3
2024-01-18 04:00:00,0.0,0.0,2024-01-18,4
2024-01-18 05:00:00,0.0,0.0,2024-01-18,5
2024-01-18 06:00:00,0.01788988,0.04523307,2024-01-18,6
2024-01-18 07:00:00,0.200037,0.3490137,2024-01-18,7
2024-01-18 08:00:00,0.2376465,0.2694178,2024-01-18,8
2024-01-18 09:00:00,0.3996321,0.4852722,2024-01-18,9
2024-01-18 10:00:00,0.4005655,0.4434024,2024-01-18,10
2024-01-18 11:00:00,0.5092658,0.6047975,2024-01-18,11
2024-01-18 12:00:00,0.5980509,0.768325,2024-01-18,12
2024-01-18 13:00:00,0.5046427,0.6450801,2024-01-18,13
2024-01-18 14:00:00,0.4081294,0.5470517,2024-01-18,14
2024-01-18 15:00:00,0.2477293,0.3518906,2024-01-18,15
2024-01-18 16:00:00,0.09293982,0.2055682,2024-01-18,16
2024-01-18 17:00:00,2.54172e-06,0.0,2024-01-18,17
2024-01-18 18:00:00,0.0,0.0,2024-01-18,18
2024-01-18 19:00:00,0.0,0.0,2024-01-18,19
2024-01-18 20:00:00,0.0,0.0,2024-01-18,20
2024-01-18 21:00:00,0.0,0.0,2024-01-18,21
2024-01-18 22:00:00,0.0,0.0,2024-01-18,22
2024-01-18 23:00:00,0.0,0.0,2024-01-18,23
2024-01-19 00:00:00,0.0,0.0,2024-01-19,0
2024-01-19 01:00:00,0.0,0.0,2024-01-19,1
2024-01-19 02:00:00,0.0,0.0,2024-01-19,2
2024-01-19 03:00:00,0.0,0.0,2024-01-19,3
2024-01-19 04:00:00,0.0,0.0,2024-01-19,4
2024-01-19 05:00:00,0.0,0.0,2024-01-19,5
2024-01-19 06:00:00,0.01777476,0.04364608,2024-01-19,6
2024-01-19 07:00:00,0.1777759,0.2873025,2024-01-19,7
2024-01-19 08:00:00,0.2940481,0.3745868,2024-01-19,8
2024-01-19 09:00:00,0.3838848,0.4555161,2024-01-19,9
2024-01-19 10:00:00,0.6563721,0.8759613,2024-01-19,10
2024-01-19 11:00:00,0.6812432,0.8955114,2024-01-19,11
2024-01-19 12:00:00,0.7355933,0.9800575,2024-01-19,12
2024-01-19 13:00:00,0.5851783,0.7830876,2024-01-19,13
2024-01-19 14:00:00,0.5039812,0.7142276,2024-01-19,14
2024-01-19 15:00:00,0.2350251,0.3189474,2024-01-19,15
2024-01-19 16:00:00,0.09791042,0.2173464,2024-01-19,16
2024-01-19 17:00:00,3.15305e-05,0.0,2024-01-19,17
2024-01-19 18:00:00,0.0,0.0,2024-01-19,18
2024-01-19 19:00:00,0.0,0.0,2024-01-19,19
2024-01-19 20:00:00,0.0,0.0,2024-01-19,20
2024-01-19 21:00:00,0.0,0.0,2024-01-19,21
2024-01-19 22:00:00,0.0,0.0,2024-01-19,22
2024-01-19 23:00:00,0.0,0.0,2024-01-19,23
2024-01-20 00:00:00,0.0,0.0,2024-01-20,0
2024-01-20 01:00:00,0.0,0.0,2024-01-20,1
2024-01-20 02:00:00,0.0,0.0,2024-01-20,2
2024-01-20 03:00:00,0.0,0.0,2024-01-20,3
2024-01-20 04:00:00,0.0,0.0,2024-01-20,4
2024-01-20 05:00:00,0.0,0.0,2024-01-20,5
2024-01-20 06:00:00,0.02322949,0.08984007,2024-01-20,6
2024-01-20 07:00:00,0.2101108,0.3692037,2024-01-20,7
2024-01-20 08:00:00,0.3771976,0.5426245,2024-01-20,8
2024-01-20 09:00:00,0.4665292,0.6065072,2024-01-20,9
2024-01-20 10:00:00,0.717856,0.9620087,2024-01-20,10
2024-01-20 11:00:00,0.6749068,0.883316,2024-01-20,11
2024-01-20 12:00:00,0.6621662,0.8696594,2024-01-20,12
2024-01-20 13:00:00,0.5181025,0.6642234,2024-01-20,13
2024-01-20 14:00:00,0.4821845,0.6762123,2024-01-20,14
2024-01-20 15:00:00,0.2778923,0.4133158,2024-01-20,15
2024-01-20 16:00:00,0.09435561,0.1945525,2024-01-20,16
2024-01-20 17:00:00,7.67028e-05,0.0,2024-01-20,17
2024-01-20 18:00:00,0.0,0.0,2024-01-20,18
2024-01-20 19:00:00,0.0,0.0,2024-01-20,19
2024-01-20 20:00:00,0.0,0.0,2024-01-20,20
2024-01-20 21:00:00,0.0,0.0,2024-01-20,21
2024-01-20 22:00:00,0.0,0.0,2024-01-20,22
2024-01-20 23:00:00,0.0,0.0,2024-01-20,23
2024-01-21 00:00:00,0.0,0.0,2024-01-21,0
2024-01-21 01:00:00,0.0,0.0,2024-01-21,1
2024-01-21 02:00:00,0.0,0.0,2024-01-21,2
2024-01-21 03:00:00,0.0,0.0,2024-01-21,3
2024-01-21 04:00:00,0.0,0.0,2024-01-21,4
2024-01-21 05:00:00,0.0,0.0,2024-01-21,5
2024-01-21 06:00:00,0.01847073,0.04683251,2024-01-21,6
2024-01-21 07:00:00,0.1219426,0.1445703,2024-01-21,7
2024-01-21 08:00:00,0.2319523,0.2579905,2024-01-21,8
2024-01-21 09:00:00,0.4466736,0.5676273,2024-01-21,9
2024-01-21 10:00:00,0.6579664,0.8740721,2024-01-21,10
2024-01-21 11:00:00,0.6819256,0.891973,2024-01-21,11
2024-01-21 12:00:00,0.4140877,0.4519106,2024-01-21,12
2024-01-21 13:00:00,0.5483046,0.7150477,2024-01-21,13
2024-01-21 14:00:00,0.3571736,0.4398427,2024-01-21,14
2024-01-21 15:00:00,0.1763613,0.196943,2024-01-21,15
2024-01-21 16:00:00,0.09136959,0.1746788,2024-01-21,16
2024-01-21 17:00:00,0.000225011,0.0,2024-01-21,17
2024-01-21 18:00:00,0.0,0.0,2024-01-21,18
2024-01-21 19:00:00,0.0,0.0,2024-01-21,19
2024-01-21 20:00:00,0.0,0.0,2024-01-21,20
2024-01-21 21:00:00,0.0,0.0,2024-01-21,21
2024-01-21 22:00:00,0.0,0.0,2024-01-21,22
2024-01-21 23:00:00,0.0,0.0,2024-01-21,23
2024-01-22 00:00:00,0.0,0.0,2024-01-22,0
2024-01-22 01:00:00,0.0,0.0,2024-01-22,1
2024-01-22 02:00:00,0.0,0.0,2024-01-22,2
2024-01-22 03:00:00,0.0,0.0,2024-01-22,3
2024-01-22 04:00:00,0.0,0.0,2024-01-22,4
2024-01-22 05:00:00,0.0,0.0,2024-01-22,5
2024-01-22 06:00:00,0.02450532,0.09854836,2024-01-22,6
2024-01-22 07:00:00,0.1594969,0.2314118,2024-01-22,7
2024-01-22 08:00:00,0.2385907,0.2680934,2024-01-22,8
2024-01-22 09:00:00,0.2295852,0.2300804,2024-01-22,9
2024-01-22 10:00:00,0.5048333,0.6126751,2024-01-22,10
2024-01-22 11:00:00,0.5564041,0.678974,2024-01-22,11
2024-01-22 12:00:00,0.4714405,0.5407707,2024-01-22,12
2024-01-22 13:00:00,0.392093,0.439712,2024-01-22,13
2024-01-22 14:00:00,0.3989702,0.5172158,2024-01-22,14
2024-01-22 15:00:00,0.2614534,0.3682954,2024-01-22,15
2024-01-22 16:00:00,0.06263674,0.07706828,2024-01-22,16
2024-01-22 17:00:00,0.000285917,0.0,2024-01-22,17
2024-01-22 18:00:00,0.0,0.0,2024-01-22,18
2024-01-22 19:00:00,0.0,0.0,2024-01-22,19
2024-01-22 20:00:00,0.0,0.0,2024-01-22,20
2024-01-22 21:00:00,0.0,0.0,2024-01-22,21
2024-01-22 22:00:00,0.0,0.0,2024-01-22,22
2024-01-22 23:00:00,0.0,0.0,2024-01-22,23
2024-01-23 00:00:00,0.0,0.0,2024-01-23,0
2024-01-23 01:00:00,0.0,0.0,2024-01-23,1
2024-01-23 02:00:00,0.0,0.0,2024-01-23,2
2024-01-23 03:00:00,0.0,0.0,2024-01-23,3
2024-01-23 04:00:00,0.0,0.0,2024-01-23,4
2024-01-23 05:00:00,0.0,0.0,2024-01-23,5
2024-01-23 06:00:00,0.01973094,0.05384995,2024-01-23,6
2024-01-23 07:00:00,0.193354,0.3201602,2024-01-23,7
2024-01-23 08:00:00,0.4645549,0.6809323,2024-01-23,8
2024-01-23 09:00:00,0.6305631,0.8649471,2024-01-23,9
2024-01-23 10:00:00,0.7632961,1.018044,2024-01-23,10
2024-01-23 11:00:00,0.7668364,1.010142,2024-01-23,11
2024-01-23 12:00:00,0.6704979,0.8751337,2024-01-23,12
2024-01-23 13:00:00,0.6298801,0.8428401,2024-01-23,13
2024-01-23 14:00:00,0.5331033,0.7470416,2024-01-23,14
2024-01-23 15:00:00,0.356211,0.5520085,2024-01-23,15
2024-01-23 16:00:00,0.1222001,0.2709416,2024-01-23,16
2024-01-23 17:00:00,0.000441523,0.0,2024-01-23,17
2024-01-23 18:00:00,0.0,0.0,2024-01-23,18
2024-01-23 19:00:00,0.0,0.0,2024-01-23,19
2024-01-23 20:00:00,0.0,0.0,2024-01-23,20
2024-01-23 21:00:00,0.0,0.0,2024-01-23,21
2024-01-23 22:00:00,0.0,0.0,2024-01-23,22
2024-01-23 23:00:00,0.0,0.0,2024-01-23,23
2024-01-24 00:00:00,0.0,0.0,2024-01-24,0
2024-01-24 01:00:00,0.0,0.0,2024-01-24,1
2024-01-24 02:00:00,0.0,0.0,2024-01-24,2
2024-01-24 03:00:00,0.0,0.0,2024-01-24,3
2024-01-24 04:00:00,0.0,0.0,2024-01-24,4
2024-01-24 05:00:00,0.0,0.0,2024-01-24,5
2024-01-24 06:00:00,0.0314902,0.1500986,2024-01-24,6
2024-01-24 07:00:00,0.2034333,0.342947,2024-01-24,7
2024-01-24 08:00:00,0.3275612,0.4344503,2024-01-24,8
2024-01-24 09:00:00,0.5455764,0.736425,2024-01-24,9
2024-01-24 10:00:00,0.6923138,0.9178706,2024-01-24,10
2024-01-24 11:00:00,0.7450525,0.9781067,2024-01-24,11
2024-01-24 12:00:00,0.6228621,0.7952422,2024-01-24,12
2024-01-24 13:00:00,0.4105225,0.4663616,2024-01-24,13
2024-01-24 14:00:00,0.3927507,0.4993949,2024-01-24,14
2024-01-24 15:00:00,0.2294346,0.2911544,2024-01-24,15
2024-01-24 16:00:00,0.05616837,0.06175805,2024-01-24,16
2024-01-24 17:00:00,0.000522124,0.0,2024-01-24,17
2024-01-24 18:00:00,0.0,0.0,2024-01-24,18
2024-01-24 19:00:00,0.0,0.0,2024-01-24,19
2024-01-24 20:00:00,0.0,0.0,2024-01-24,20
2024-01-24 21:00:00,0.0,0.0,2024-01-24,21
2024-01-24 22:00:00,0.0,0.0,2024-01-24,22
2024-01-24 23:00:00,0.0,0.0,2024-01-24,23
2024-01-25 00:00:00,0.0,0.0,2024-01-25,0
2024-01-25 01:00:00,0.0,0.0,2024-01-25,1
2024-01-25 02:00:00,0.0,0.0,2024-01-25,2
2024-01-25 03:00:00,0.0,0.0,2024-01-25,3
2024-01-25 04:00:00,0.0,0.0,2024-01-25,4
2024-01-25 05:00:00,0.0,0.0,2024-01-25,5
2024-01-25 06:00:00,0.01855008,0.04212534,2024-01-25,6
2024-01-25 07:00:00,0.2153881,0.368246,2024-01-25,7
2024-01-25 08:00:00,0.3503806,0.4784583,2024-01-25,8
2024-01-25 09:00:00,0.5722672,0.7762186,2024-01-25,9
2024-01-25 10:00:00,0.6381806,0.8337941,2024-01-25,10
2024-01-25 11:00:00,0.7116095,0.9273775,2024-01-25,11
2024-01-25 12:00:00,0.5445832,0.6586612,2024-01-25,12
2024-01-25 13:00:00,0.5251729,0.6631059,2024-01-25,13
2024-01-25 14:00:00,0.4115739,0.532153,2024-01-25,14
2024-01-25 15:00:00,0.2730792,0.3826365,2024-01-25,15
2024-01-25 16:00:00,0.1076169,0.2063643,2024-01-25,16
2024-01-25 17:00:00,0.000642363,0.0,2024-01-25,17
2024-01-25 18:00:00,0.0,0.0,2024-01-25,18
2024-01-25 19:00:00,0.0,0.0,2024-01-25,19
2024-01-25 20:00:00,0.0,0.0,2024-01-25,20
2024-01-25 21:00:00,0.0,0.0,2024-01-25,21
2024-01-25 22:00:00,0.0,0.0,2024-01-25,22
2024-01-25 23:00:00,0.0,0.0,2024-01-25,23
2024-01-26 00:00:00,0.0,0.0,2024-01-26,0
2024-01-26 01:00:00,0.0,0.0,2024-01-26,1
2024-01-26 02:00:00,0.0,0.0,2024-01-26,2
2024-01-26 03:00:00,0.0,0.0,2024-01-26,3
2024-01-26 04:00:00,0.0,0.0,2024-01-26,4
2024-01-26 05:00:00,0.0,0.0,2024-01-26,5
2024-01-26 06:00:00,0.02337132,0.07900137,2024-01-26,6
2024-01-26 07:00:00,0.1492713,0.1983333,2024-01-26,7
2024-01-26 08:00:00,0.3050839,0.3851229,2024-01-26,8
2024-01-26 09:00:00,0.5031627,0.6593345,2024-01-26,9
2024-01-26 10:00:00,0.5198562,0.6308752,2024-01-26,10
2024-01-26 11:00:00,0.3859808,0.4047916,2024-01-26,11
2024-01-26 12:00:00,0.5035069,0.5867087,2024-01-26,12
2024-01-26 13:00:00,0.5260856,0.6618955,2024-01-26,13
2024-01-26 14:00:00,0.3074081,0.3429025,2024-01-26,14
2024-01-26 15:00:00,0.264473,0.359974,2024-01-26,15
2024-01-26 16:00:00,0.07511368,0.0966409,2024-01-26,16
2024-01-26 17:00:00,0.001100405,0.0,2024-01-26,17
2024-01-26 18:00:00,0.0,0.0,2024-01-26,18
2024-01-26 19:00:00,0.0,0.0,2024-01-26,19
2024-01-26 20:00:00,0.0,0.0,2024-01-26,20
2024-01-26 21:00:00,0.0,0.0,2024-01-26,21
2024-01-26 22:00:00,0.0,0.0,2024-01-26,22
2024-01-26 23:00:00,0.0,0.0,2024-01-26,23
2024-01-27 00:00:00,0.0,0.0,2024-01-27,0
2024-01-27 01:00:00,0.0,0.0,2024-01-27,1
2024-01-27 02:00:00,0.0,0.0,2024-01-27,2
2024-01-27 03:00:00,0.0,0.0,2024-01-27,3
2024-01-27 04:00:00,0.0,0.0,2024-01-27,4
2024-01-27 05:00:00,0.0,0.0,2024-01-27,5
2024-01-27 06:00:00,0.02708444,0.1107591,2024-01-27,6
2024-01-27 07:00:00,0.1625031,0.228805,2024-01-27,7
2024-01-27 08:00:00,0.3079847,0.3888937,2024-01-27,8
2024-01-27 09:00:00,0.5616965,0.7547683,2024-01-27,9
2024-01-27 10:00:00,0.6644435,0.8694218,2024-01-27,10
2024-01-27 11:00:00,0.7279217,0.9462245,2024-01-27,11
2024-01-27 12:00:00,0.6902493,0.89482,2024-01-27,12
2024-01-27 13:00:00,0.6121219,0.8039728,2024-01-27,13
2024-01-27 14:00:00,0.4185428,0.5390301,2024-01-27,14
2024-01-27 15:00:00,0.2025449,0.2325833,2024-01-27,15
2024-01-27 16:00:00,0.1147387,0.216796,2024-01-27,16
2024-01-27 17:00:00,0.001407621,0.0,2024-01-27,17
2024-01-27 18:00:00,0.0,0.0,2024-01-27,18
2024-01-27 19:00:00,0.0,0.0,2024-01-27,19
2024-01-27 20:00:00,0.0,0.0,2024-01-27,20
2024-01-27 21:00:00,0.0,0.0,2024-01-27,21
2024-01-27 22:00:00,0.0,0.0,2024-01-27,22
2024-01-27 23:00:00,0.0,0.0,2024-01-27,23
2024-01-28 00:00:00,0.0,0.0,2024-01-28,0
2024-01-28 01:00:00,0.0,0.0,2024-01-28,1
2024-01-28 02:00:00,0.0,0.0,2024-01-28,2
2024-01-28 03:00:00,0.0,0.0,2024-01-28,3
2024-01-28 04:00:00,0.0,0.0,2024-01-28,4
2024-01-28 05:00:00,0.0,0.0,2024-01-28,5
2024-01-28 06:00:00,0.01738585,0.03130845,2024-01-28,6
2024-01-28 07:00:00,0.02114242,0.02064404,2024-01-28,7
2024-01-28 08:00:00,0.03717768,0.03622345,2024-01-28,8
2024-01-28 09:00:00,0.04669084,0.04545458,2024-01-28,9
2024-01-28 10:00:00,0.1617989,0.1583027,2024-01-28,10
2024-01-28 11:00:00,0.1966422,0.1925578,2024-01-28,11
2024-01-28 12:00:00,0.1844129,0.180517,2024-01-28,12
2024-01-28 13:00:00,0.1825111,0.1789114,2024-01-28,13
2024-01-28 14:00:00,0.1352207,0.1325942,2024-01-28,14
2024-01-28 15:00:00,0.09075052,0.08925178,2024-01-28,15
2024-01-28 16:00:00,0.08742291,0.1222074,2024-01-28,16
2024-01-28 17:00:00,0.001939636,0.0,2024-01-28,17
2024-01-28 18:00:00,0.0,0.0,2024-01-28,18
2024-01-28 19:00:00,0.0,0.0,2024-01-28,19
2024-01-28 20:00:00,0.0,0.0,2024-01-28,20
2024-01-28 21:00:00,0.0,0.0,2024-01-28,21
2024-01-28 22:00:00,0.0,0.0,2024-01-28,22
2024-01-28 23:00:00,0.0,0.0,2024-01-28,23
2024-01-29 00:00:00,0.0,0.0,2024-01-29,0
2024-01-29 01:00:00,0.0,0.0,2024-01-29,1
2024-01-29 02:00:00,0.0,0.0,2024-01-29,2
2024-01-29 03:00:00,0.0,0.0,2024-01-29,3
2024-01-29 04:00:00,0.0,0.0,2024-01-29,4
2024-01-29 05:00:00,0.0,0.0,2024-01-29,5
2024-01-29 06:00:00,0.02378833,0.07410646,2024-01-29,6
2024-01-29 07:00:00,0.1908634,0.2960817,2024-01-29,7
2024-01-29 08:00:00,0.4176541,0.5928329,2024-01-29,8
2024-01-29 09:00:00,0.4725565,0.5972803,2024-01-29,9
2024-01-29 10:00:00,0.5855581,0.7368155,2024-01-29,10
2024-01-29 11:00:00,0.497899,0.5669026,2024-01-29,11
2024-01-29 12:00:00,0.3458834,0.3534919,2024-01-29,12
2024-01-29 13:00:00,0.5653582,0.7210082,2024-01-29,13
2024-01-29 14:00:00,0.3439364,0.3981301,2024-01-29,14
2024-01-29 15:00:00,0.3016417,0.427863,2024-01-29,15
2024-01-29 16:00:00,0.1370619,0.2728961,2024-01-29,16
2024-01-29 17:00:00,0.002075721,0.0,2024-01-29,17
2024-01-29 18:00:00,0.0,0.0,2024-01-29,18
2024-01-29 19:00:00,0.0,0.0,2024-01-29,19
2024-01-29 20:00:00,0.0,0.0,2024-01-29,20
2024-01-29 21:00:00,0.0,0.0,2024-01-29,21
2024-01-29 22:00:00,0.0,0.0,2024-01-29,22
2024-01-29 23:00:00,0.0,0.0,2024-01-29,23
2024-01-30 00:00:00,0.0,0.0,2024-01-30,0
2024-01-30 01:00:00,0.0,0.0,2024-01-30,1
2024-01-30 02:00:00,0.0,0.0,2024-01-30,2
2024-01-30 03:00:00,0.0,0.0,2024-01-30,3
2024-01-30 04:00:00,0.0,0.0,2024-01-30,4
2024-01-30 05:00:00,0.0,0.0,2024-01-30,5
2024-01-30 06:00:00,0.02891026,0.1178656,2024-01-30,6
2024-01-30 07:00:00,0.1638712,0.2251035,2024-01-30,7
2024-01-30 08:00:00,0.1590931,0.1584133,2024-01-30,8
2024-01-30 09:00:00,0.3074185,0.3239467,2024-01-30,9
2024-01-30 10:00:00,0.2409245,0.2374978,2024-01-30,10
2024-01-30 11:00:00,0.3481047,0.3544613,2024-01-30,11
2024-01-30 12:00:00,0.3384328,0.3440091,2024-01-30,12
2024-01-30 13:00:00,0.4227415,0.475961,2024-01-30,13
2024-01-30 14:00:00,0.4215651,0.5352459,2024-01-30,14
2024-01-30 15:00:00,0.2796539,0.3777591,2024-01-30,15
2024-01-30 16:00:00,0.140508,0.2758706,2024-01-30,16
2024-01-30 17:00:00,0.003061911,0.0,2024-01-30,17
2024-01-30 18:00:00,0.0,0.0,2024-01-30,18
2024-01-30 19:00:00,0.0,0.0,2024-01-30,19
2024-01-30 20:00:00,0.0,0.0,2024-01-30,20
2024-01-30 21:00:00,0.0,0.0,2024-01-30,21
2024-01-30 22:00:00,0.0,0.0,2024-01-30,22
2024-01-30 23:00:00,0.0,0.0,2024-01-30,23
2024-01-31 00:00:00,0.0,0.0,2024-01-31,0
2024-01-31 01:00:00,0.0,0.0,2024-01-31,1
2024-01-31 02:00:00,0.0,0.0,2024-01-31,2
2024-01-31 03:00:00,0.0,0.0,2024-01-31,3
2024-01-31 04:00:00,0.0,0.0,2024-01-31,4
2024-01-31 05:00:00,0.0,0.0,2024-01-31,5
2024-01-31 06:00:00,0.02350654,0.06541781,2024-01-31,6
2024-01-31 07:00:00,0.1896662,0.2865629,2024-01-31,7
2024-01-31 08:00:00,0.3528421,0.4678385,2024-01-31,8
2024-01-31 09:00:00,0.5899761,0.7873127,2024-01-31,9
2024-01-31 10:00:00,0.7487842,0.9778741,2024-01-31,10
2024-01-31 11:00:00,0.740113,0.9530287,2024-01-31,11
2024-01-31 12:00:00,0.6435779,0.8096436,2024-01-31,12
2024-01-31 13:00:00,0.657738,0.8615167,2024-01-31,13
2024-01-31 14:00:00,0.5341733,0.7249535,2024-01-31,14
2024-01-31 15:00:00,0.3306862,0.4777178,2024-01-31,15
2024-01-31 16:00:00,0.1328481,0.2471396,2024-01-31,16
2024-01-31 17:00:00,0.001791893,0.0,2024-01-31,17
2024-01-31 18:00:00,0.0,0.0,2024-01-31,18
2024-01-31 19:00:00,0.0,0.0,2024-01-31,19
2024-01-31 20:00:00,0.0,0.0,2024-01-31,20
2024-01-31 21:00:00,0.0,0.0,2024-01-31,21
2024-01-31 22:00:00,0.0,0.0,2024-01-31,22
2024-01-31 23:00:00,0.0,0.0,2024-01-31,23
2024-02-01 00:00:00,0.0,0.0,2024-02-01,0
2024-02-01 01:00:00,0.0,0.0,2024-02-01,1
2024-02-01 02:00:00,0.0,0.0,2024-02-01,2
2024-02-01 03:00:00,0.0,0.0,2024-02-01,3
2024-02-01 04:00:00,0.0,0.0,2024-02-01,4
2024-02-01 05:00:00,0.0,0.0,2024-02-01,5
2024-02-01 06:00:00,0.01688226,0.02487156,2024-02-01,6
2024-02-01 07:00:00,0.02806999,0.02744323,2024-02-01,7
2024-02-01 08:00:00,0.2436547,0.267202,2024-02-01,8
2024-02-01 09:00:00,0.3403976,0.3690575,2024-02-01,9
2024-02-01 10:00:00,0.5467348,0.6631471,2024-02-01,10
2024-02-01 11:00:00,0.6468369,0.8066373,2024-02-01,11
2024-02-01 12:00:00,0.5279032,0.6145805,2024-02-01,12
2024-02-01 13:00:00,0.5338615,0.658204,2024-02-01,13
2024-02-01 14:00:00,0.5099906,0.683688,2024-02-01,14
2024-02-01 15:00:00,0.3376493,0.4868527,2024-02-01,15
2024-02-01 16:00:00,0.1143077,0.1830938,2024-02-01,16
2024-02-01 17:00:00,0.003001446,0.0,2024-02-01,17
2024-02-01 18:00:00,0.0,0.0,2024-02-01,18
2024-02-01 19:00:00,0.0,0.0,2024-02-01,19
2024-02-01 20:00:00,0.0,0.0,2024-02-01,20
2024-02-01 21:00:00,0.0,0.0,2024-02-01,21
2024-02-01 22:00:00,0.0,0.0,2024-02-01,22
2024-02-01 23:00:00,0.0,0.0,2024-02-01,23
2024-02-02 00:00:00,0.0,0.0,2024-02-02,0
2024-02-02 01:00:00,0.0,0.0,2024-02-02,1
2024-02-02 02:00:00,0.0,0.0,2024-02-02,2
2024-02-02 03:00:00,0.0,0.0,2024-02-02,3
2024-02-02 04:00:00,0.0,0.0,2024-02-02,4
2024-02-02 05:00:00,0.0,0.0,2024-02-02,5
2024-02-02 06:00:00,0.0201437,0.03779586,2024-02-02,6
2024-02-02 07:00:00,0.08625765,0.08657698,2024-02-02,7
2024-02-02 08:00:00,0.2829888,0.3309629,2024-02-02,8
2024-02-02 09:00:00,0.1951144,0.1919939,2024-02-02,9
2024-02-02 10:00:00,0.3241706,0.3292527,2024-02-02,10
2024-02-02 11:00:00,0.101726,0.09915515,2024-02-02,11
2024-02-02 12:00:00,0.2133838,0.2090397,2024-02-02,12
2024-02-02 13:00:00,0.1456952,0.1424392,2024-02-02,13
2024-02-02 14:00:00,0.06609065,0.06443653,2024-02-02,14
2024-02-02 15:00:00,0.03587154,0.03497365,2024-02-02,15
2024-02-02 16:00:00,0.01421839,0.01390276,2024-02-02,16
2024-02-02 17:00:00,0.00414051,0.0,2024-02-02,17
2024-02-02 18:00:00,0.0,0.0,2024-02-02,18
2024-02-02 19:00:00,0.0,0.0,2024-02-02,19
2024-02-02 20:00:00,0.0,0.0,2024-02-02,20
2024-02-02 21:00:00,0.0,0.0,2024-02-02,21
2024-02-02 22:00:00,0.0,0.0,2024-02-02,22
2024-02-02 23:00:00,0.0,0.0,2024-02-02,23
2024-02-03 00:00:00,0.0,0.0,2024-02-03,0
2024-02-03 01:00:00,0.0,0.0,2024-02-03,1
2024-02-03 02:00:00,0.0,0.0,2024-02-03,2
2024-02-03 03:00:00,0.0,0.0,2024-02-03,3
2024-02-03 04:00:00,0.0,0.0,2024-02-03,4
2024-02-03 05:00:00,0.0,0.0,2024-02-03,5
2024-02-03 06:00:00,0.02598724,0.07504222,2024-02-03,6
2024-02-03 07:00:00,0.1370448,0.159769,2024-02-03,7
2024-02-03 08:00:00,0.09133709,0.08941343,2024-02-03,8
2024-02-03 09:00:00,0.08785172,0.08570367,2024-02-03,9
2024-02-03 10:00:00,0.1849064,0.1810033,2024-02-03,10
2024-02-03 11:00:00,0.5945311,0.7149525,2024-02-03,11
2024-02-03 12:00:00,0.6432359,0.8001856,2024-02-03,12
2024-02-03 13:00:00,0.466132,0.5384645,2024-02-03,13
2024-02-03 14:00:00,0.2899681,0.3073932,2024-02-03,14
2024-02-03 15:00:00,0.1247015,0.1234225,2024-02-03,15
2024-02-03 16:00:00,0.04824352,0.04808299,2024-02-03,16
2024-02-03 17:00:00,0.003114563,0.0,2024-02-03,17
2024-02-03 18:00:00,0.0,0.0,2024-02-03,18
2024-02-03 19:00:00,0.0,0.0,2024-02-03,19
2024-02-03 20:00:00,0.0,0.0,2024-02-03,20
2024-02-03 21:00:00,0.0,0.0,2024-02-03,21
2024-02-03 22:00:00,0.0,0.0,2024-02-03,22
2024-02-03 23:00:00,0.0,0.0,2024-02-03,23
2024-02-04 00:00:00,0.0,0.0,2024-02-04,0
2024-02-04 01:00:00,0.0,0.0,2024-02-04,1
2024-02-04 02:00:00,0.0,0.0,2024-02-04,2
2024-02-04 03:00:00,0.0,0.0,2024-02-04,3
2024-02-04 04:00:00,0.0,0.0,2024-02-04,4
2024-02-04 05:00:00,0.0,0.0,2024-02-04,5
2024-02-04 06:00:00,0.01627468,0.02074121,2024-02-04,6
2024-02-04 07:00:00,0.241034,0.3878835,2024-02-04,7
2024-02-04 08:00:00,0.4813162,0.6725522,2024-02-04,8
2024-02-04 09:00:00,0.6856405,0.9089614,2024-02-04,9
2024-02-04 10:00:00,0.8020886,1.037816,2024-02-04,10
2024-02-04 11:00:00,0.8201981,1.050387,2024-02-04,11
2024-02-04 12:00:00,0.8412742,1.080705,2024-02-04,12
2024-02-04 13:00:00,0.747408,0.9727964,2024-02-04,13
2024-02-04 14:00:00,0.5152184,0.6819697,2024-02-04,14
2024-02-04 15:00:00,0.2932475,0.3874574,2024-02-04,15
2024-02-04 16:00:00,0.1138126,0.1664316,2024-02-04,16
2024-02-04 17:00:00,0.002225298,0.0,2024-02-04,17
2024-02-04 18:00:00,0.0,0.0,2024-02-04,18
2024-02-04 19:00:00,0.0,0.0,2024-02-04,19
2024-02-04 20:00:00,0.0,0.0,2024-02-04,20
2024-02-04 21:00:00,0.0,0.0,2024-02-04,21
2024-02-04 22:00:00,0.0,0.0,2024-02-04,22
2024-02-04 23:00:00,0.0,0.0,2024-02-04,23
2024-02-05 00:00:00,0.0,0.0,2024-02-05,0
2024-02-05 01:00:00,0.0,0.0,2024-02-05,1
2024-02-05 02:00:00,0.0,0.0,2024-02-05,2
2024-02-05 03:00:00,0.0,0.0,2024-02-05,3
2024-02-05 04:00:00,0.0,0.0,2024-02-05,4
2024-02-05 05:00:00,0.0,0.0,2024-02-05,5
2024-02-05 06:00:00,0.03770717,0.1704739,2024-02-05,6
2024-02-05 07:00:00,0.2414395,0.3848976,2024-02-05,7
2024-02-05 08:00:00,0.4095496,0.5576093,2024-02-05,8
2024-02-05 09:00:00,0.4014841,0.4586112,2024-02-05,9
2024-02-05 10:00:00,0.5633284,0.6807463,2024-02-05,10
2024-02-05 11:00:00,0.795324,1.014914,2024-02-05,11
2024-02-05 12:00:00,0.7573669,0.9662923,2024-02-05,12
2024-02-05 13:00:00,0.5284653,0.6376381,2024-02-05,13
2024-02-05 14:00:00,0.3824533,0.4487533,2024-02-05,14
2024-02-05 15:00:00,0.3017006,0.4007685,2024-02-05,15
2024-02-05 16:00:00,0.06559192,0.06754424,2024-02-05,16
2024-02-05 17:00:00,0.00343081,0.0,2024-02-05,17
2024-02-05 18:00:00,0.0,0.0,2024-02-05,18
2024-02-05 19:00:00,0.0,0.0,2024-02-05,19
2024-02-05 20:00:00,0.0,0.0,2024-02-05,20
2024-02-05 21:00:00,0.0,0.0,2024-02-05,21
2024-02-05 22:00:00,0.0,0.0,2024-02-05,22
2024-02-05 23:00:00,0.0,0.0,2024-02-05,23
2024-02-06 00:00:00,0.0,0.0,2024-02-06,0
2024-02-06 01:00:00,0.0,0.0,2024-02-06,1
2024-02-06 02:00:00,0.0,0.0,2024-02-06,2
2024-02-06 03:00:00,0.0,0.0,2024-02-06,3
2024-02-06 04:00:00,0.0,0.0,2024-02-06,4
2024-02-06 05:00:00,0.0,0.0,2024-02-06,5
2024-02-06 06:00:00,0.03116519,0.1063032,2024-02-06,6
2024-02-06 07:00:00,0.1331418,0.1492086,2024-02-06,7
2024-02-06 08:00:00,0.3293186,0.406803,2024-02-06,8
2024-02-06 09:00:00,0.5024886,0.6279919,2024-02-06,9
2024-02-06 10:00:00,0.4462945,0.4904946,2024-02-06,10
2024-02-06 11:00:00,0.6451904,0.7894925,2024-02-06,11
2024-02-06 12:00:00,0.7291031,0.9231438,2024-02-06,12
2024-02-06 13:00:00,0.3719625,0.3920641,2024-02-06,13
2024-02-06 14:00:00,0.3967024,0.4707844,2024-02-06,14
2024-02-06 15:00:00,0.3377138,0.4670472,2024-02-06,15
2024-02-06 16:00:00,0.1286012,0.1981235,2024-02-06,16
2024-02-06 17:00:00,0.006411473,0.0,2024-02-06,17
2024-02-06 18:00:00,0.0,0.0,2024-02-06,18
2024-02-06 19:00:00,0.0,0.0,2024-02-06,19
2024-02-06 20:00:00,0.0,0.0,2024-02-06,20
2024-02-06 21:00:00,0.0,0.0,2024-02-06,21
2024-02-06 22:00:00,0.0,0.0,2024-02-06,22
2024-02-06 23:00:00,0.0,0.0,2024-02-06,23
2024-02-07 00:00:00,0.0,0.0,2024-02-07,0
2024-02-07 01:00:00,0.0,0.0,2024-02-07,1
2024-02-07 02:00:00,0.0,0.0,2024-02-07,2
2024-02-07 03:00:00,0.0,0.0,2024-02-07,3
2024-02-07 04:00:00,0.0,0.0,2024-02-07,4
2024-02-07 05:00:00,0.0,0.0,2024-02-07,5
2024-02-07 06:00:00,0.02457705,0.05062735,2024-02-07,6
2024-02-07 07:00:00,0.2293749,0.3525223,2024-02-07,7
2024-02-07 08:00:00,0.4546245,0.6243915,2024-02-07,8
2024-02-07 09:00:00,0.6205146,0.8110965,2024-02-07,9
2024-02-07 10:00:00,0.8056051,1.033245,2024-02-07,10
2024-02-07 11:00:00,0.76626,0.9696255,2024-02-07,11
2024-02-07 12:00:00,0.6524678,0.8028862,2024-02-07,12
2024-02-07 13:00:00,0.6213913,0.7841566,2024-02-07,13
2024-02-07 14:00:00,0.3120816,0.3343908,2024-02-07,14
2024-02-07 15:00:00,0.2405029,0.2782506,2024-02-07,15
2024-02-07 16:00:00,0.06635715,0.06774771,2024-02-07,16
2024-02-07 17:00:00,0.003622374,0.0,2024-02-07,17
2024-02-07 18:00:00,0.0,0.0,2024-02-07,18
2024-02-07 19:00:00,0.0,0.0,2024-02-07,19
2024-02-07 20:00:00,0.0,0.0,2024-02-07,20
2024-02-07 21:00:00,0.0,0.0,2024-02-07,21
2024-02-07 22:00:00,0.0,0.0,2024-02-07,22
2024-02-07 23:00:00,0.0,0.0,2024-02-07,23
2024-02-08 00:00:00,0.0,0.0,2024-02-08,0
2024-02-08 01:00:00,0.0,0.0,2024-02-08,1
2024-02-08 02:00:00,0.0,0.0,2024-02-08,2
2024-02-08 03:00:00,0.0,0.0,2024-02-08,3
2024-02-08 04:00:00,0.0,0.0,2024-02-08,4
2024-02-08 05:00:00,0.0,0.0,2024-02-08,5
2024-02-08 06:00:00,0.01212326,0.01285446,2024-02-08,6
2024-02-08 07:00:00,0.184761,0.248419,2024-02-08,7
2024-02-08 08:00:00,0.290012,0.3326624,2024-02-08,8
2024-02-08 09:00:00,0.5040847,0.6248376,2024-02-08,9
2024-02-08 10:00:00,0.4760699,0.5325634,2024-02-08,10
2024-02-08 11:00:00,0.4060065,0.4214987,2024-02-08,11
2024-02-08 12:00:00,0.5249679,0.5949446,2024-02-08,12
2024-02-08 13:00:00,0.7214423,0.9261529,2024-02-08,13
2024-02-08 14:00:00,0.5636227,0.7426785,2024-02-08,14
2024-02-08 15:00:00,0.3278473,0.4405673,2024-02-08,15
2024-02-08 16:00:00,0.1528234,0.2534999,2024-02-08,16
2024-02-08 17:00:00,0.006031396,0.0,2024-02-08,17
2024-02-08 18:00:00,0.0,0.0,2024-02-08,18
2024-02-08 19:00:00,0.0,0.0,2024-02-08,19
2024-02-08 20:00:00,0.0,0.0,2024-02-08,20
2024-02-08 21:00:00,0.0,0.0,2024-02-08,21
2024-02-08 22:00:00,0.0,0.0,2024-02-08,22
2024-02-08 23:00:00,0.0,0.0,2024-02-08,23
2024-02-09 00:00:00,0.0,0.0,2024-02-09,0
2024-02-09 01:00:00,0.0,0.0,2024-02-09,1
2024-02-09 02:00:00,0.0,0.0,2024-02-09,2
2024-02-09 03:00:00,0.0,0.0,2024-02-09,3
2024-02-09 04:00:00,0.0,0.0,2024-02-09,4
2024-02-09 05:00:00,0.0,0.0,2024-02-09,5
2024-02-09 06:00:00,0.02843701,0.06836037,2024-02-09,6
2024-02-09 07:00:00,0.04034151,0.03948687,2024-02-09,7
2024-02-09 08:00:00,0.03334366,0.03245538,2024-02-09,8
2024-02-09 09:00:00,0.132682,0.1296892,2024-02-09,9
2024-02-09 10:00:00,0.1268141,0.1237367,2024-02-09,10
2024-02-09 11:00:00,0.08174394,0.07959067,2024-02-09,11
2024-02-09 12:00:00,0.05128299,0.04988005,2024-02-09,12
2024-02-09 13:00:00,0.08145632,0.07935039,2024-02-09,13
2024-02-09 14:00:00,0.05425227,0.05283106,2024-02-09,14
2024-02-09 15:00:00,0.03697864,0.03603262,2024-02-09,15
2024-02-09 16:00:00,0.001542816,0.001498592,2024-02-09,16
2024-02-09 17:00:00,0.005943469,0.0,2024-02-09,17
2024-02-09 18:00:00,0.0,0.0,2024-02-09,18
2024-02-09 19:00:00,0.0,0.0,2024-02-09,19
2024-02-09 20:00:00,0.0,0.0,2024-02-09,20
2024-02-09 21:00:00,0.0,0.0,2024-02-09,21
2024-02-09 22:00:00,0.0,0.0,2024-02-09,22
2024-02-09 23:00:00,0.0,0.0,2024-02-09,23
2024-02-10 00:00:00,0.0,0.0,2024-02-10,0
2024-02-10 01:00:00,0.0,0.0,2024-02-10,1
2024-02-10 02:00:00,0.0,0.0,2024-02-10,2
2024-02-10 03:00:00,0.0,0.0,2024-02-10,3
2024-02-10 04:00:00,0.0,0.0,2024-02-10,4
2024-02-10 05:00:00,0.0,0.0,2024-02-10,5
2024-02-10 06:00:00,0.03286029,0.09200132,2024-02-10,6
2024-02-10 07:00:00,0.01756823,0.01711314,2024-02-10,7
2024-02-10 08:00:00,0.04559207,0.04441712,2024-02-10,8
2024-02-10 09:00:00,0.02887394,0.02807145,2024-02-10,9
2024-02-10 10:00:00,0.09106123,0.08871704,2024-02-10,10
2024-02-10 11:00:00,0.08271427,0.08053479,2024-02-10,11
2024-02-10 12:00:00,0.09404621,0.09161098,2024-02-10,12
2024-02-10 13:00:00,0.06344357,0.06175382,2024-02-10,13
2024-02-10 14:00:00,0.05452066,0.05309017,2024-02-10,14
2024-02-10 15:00:00,0.0384342,0.03745292,2024-02-10,15
2024-02-10 16:00:00,0.03924663,0.03865449,2024-02-10,16
2024-02-10 17:00:00,0.00844191,0.0,2024-02-10,17
2024-02-10 18:00:00,0.0,0.0,2024-02-10,18
2024-02-10 19:00:00,0.0,0.0,2024-02-10,19
2024-02-10 20:00:00,0.0,0.0,2024-02-10,20
2024-02-10 21:00:00,0.0,0.0,2024-02-10,21
2024-02-10 22:00:00,0.0,0.0,2024-02-10,22
2024-02-10 23:00:00,0.0,0.0,2024-02-10,23
2024-02-11 00:00:00,0.0,0.0,2024-02-11,0
2024-02-11 01:00:00,0.0,0.0,2024-02-11,1
2024-02-11 02:00:00,0.0,0.0,2024-02-11,2
2024-02-11 03:00:00,0.0,0.0,2024-02-11,3
2024-02-11 04:00:00,0.0,0.0,2024-02-11,4
2024-02-11 05:00:00,0.0,0.0,2024-02-11,5
2024-02-11 06:00:00,0.02422578,0.03618097,2024-02-11,6
2024-02-11 07:00:00,0.1586825,0.1869257,2024-02-11,7
2024-02-11 08:00:00,0.4370134,0.5832629,2024-02-11,8
2024-02-11 09:00:00,0.6215438,0.8000419,2024-02-11,9
2024-02-11 10:00:00,0.5494355,0.6423557,2024-02-11,10
2024-02-11 11:00:00,0.5885924,0.6846687,2024-02-11,11
2024-02-11 12:00:00,0.5103323,0.5666365,2024-02-11,12
2024-02-11 13:00:00,0.4524763,0.5012578,2024-02-11,13
2024-02-11 14:00:00,0.5066851,0.6440294,2024-02-11,14
2024-02-11 15:00:00,0.3658816,0.4983919,2024-02-11,15
2024-02-11 16:00:00,0.09977418,0.1142778,2024-02-11,16
2024-02-11 17:00:00,0.007474465,0.0,2024-02-11,17
2024-02-11 18:00:00,0.0,0.0,2024-02-11,18
2024-02-11 19:00:00,0.0,0.0,2024-02-11,19
2024-02-11 20:00:00,0.0,0.0,2024-02-11,20
2024-02-11 21:00:00,0.0,0.0,2024-02-11,21
2024-02-11 22:00:00,0.0,0.0,2024-02-11,22
2024-02-11 23:00:00,0.0,0.0,2024-02-11,23
2024-02-12 00:00:00,0.0,0.0,2024-02-12,0
2024-02-12 01:00:00,0.0,0.0,2024-02-12,1
2024-02-12 02:00:00,0.0,0.0,2024-02-12,2
2024-02-12 03:00:00,0.0,0.0,2024-02-12,3
2024-02-12 04:00:00,0.0,0.0,2024-02-12,4
2024-02-12 05:00:00,0.0,0.0,2024-02-12,5
2024-02-12 06:00:00,0.01568526,0.01652432,2024-02-12,6
2024-02-12 07:00:00,0.1086611,0.1104428,2024-02-12,7
2024-02-12 08:00:00,0.1842442,0.1839069,2024-02-12,8
2024-02-12 09:00:00,0.32009,0.3315499,2024-02-12,9
2024-02-12 10:00:00,0.4039483,0.4236248,2024-02-12,10
2024-02-12 11:00:00,0.4737772,0.5088565,2024-02-12,11
2024-02-12 12:00:00,0.4426325,0.468067,2024-02-12,12
2024-02-12 13:00:00,0.3135814,0.3155555,2024-02-12,13
2024-02-12 14:00:00,0.2141328,0.2119275,2024-02-12,14
2024-02-12 15:00:00,0.2397061,0.2678813,2024-02-12,15
2024-02-12 16:00:00,0.1444511,0.2109283,2024-02-12,16
2024-02-12 17:00:00,0.005917679,0.0,2024-02-12,17
2024-02-12 18:00:00,0.0,0.0,2024-02-12,18
2024-02-12 19:00:00,0.0,0.0,2024-02-12,19
2024-02-12 20:00:00,0.0,0.0,2024-02-12,20
2024-02-12 21:00:00,0.0,0.0,2024-02-12,21
2024-02-12 22:00:00,0.0,0.0,2024-02-12,22
2024-02-12 23:00:00,0.0,0.0,2024-02-12,23
2024-02-13 00:00:00,0.0,0.0,2024-02-13,0
2024-02-13 01:00:00,0.0,0.0,2024-02-13,1
2024-02-13 02:00:00,0.0,0.0,2024-02-13,2
2024-02-13 03:00:00,0.0,0.0,2024-02-13,3
2024-02-13 04:00:00,0.0,0.0,2024-02-13,4
2024-02-13 05:00:00,0.0,0.0,2024-02-13,5
2024-02-13 06:00:00,0.02581782,0.03620698,2024-02-13,6
2024-02-13 07:00:00,0.1973046,0.2592975,2024-02-13,7
2024-02-13 08:00:00,0.3429505,0.4130398,2024-02-13,8
2024-02-13 09:00:00,0.4431009,0.5099005,2024-02-13,9
2024-02-13 10:00:00,0.5658713,0.6635457,2024-02-13,10
2024-02-13 11:00:00,0.7012148,0.8557261,2024-02-13,11
2024-02-13 12:00:00,0.7271783,0.8981448,2024-02-13,12
2024-02-13 13:00:00,0.4849637,0.547286,2024-02-13,13
2024-02-13 14:00:00,0.4971343,0.6216044,2024-02-13,14
2024-02-13 15:00:00,0.2872875,0.3474044,2024-02-13,15
2024-02-13 16:00:00,0.1282527,0.1678747,2024-02-13,16
2024-02-13 17:00:00,0.006773384,0.0,2024-02-13,17
2024-02-13 18:00:00,0.0,0.0,2024-02-13,18
2024-02-13 19:00:00,0.0,0.0,2024-02-13,19
2024-02-13 20:00:00,0.0,0.0,2024-02-13,20
2024-02-13 21:00:00,0.0,0.0,2024-02-13,21
2024-02-13 22:00:00,0.0,0.0,2024-02-13,22
2024-02-13 23:00:00,0.0,0.0,2024-02-13,23
2024-02-14 00:00:00,0.0,0.0,2024-02-14,0
2024-02-14 01:00:00,0.0,0.0,2024-02-14,1
2024-02-14 02:00:00,0.0,0.0,2024-02-14,2
2024-02-14 03:00:00,0.0,0.0,2024-02-14,3
2024-02-14 04:00:00,0.0,0.0,2024-02-14,4
2024-02-14 05:00:00,0.0,0.0,2024-02-14,5
2024-02-14 06:00:00,0.04621756,0.1388612,2024-02-14,6
2024-02-14 07:00:00,0.2201244,0.3040215,2024-02-14,7
2024-02-14 08:00:00,0.438407,0.5748996,2024-02-14,8
2024-02-14 09:00:00,0.501139,0.6022368,2024-02-14,9
2024-02-14 10:00:00,0.6901513,0.8541517,2024-02-14,10
2024-02-14 11:00:00,0.6926377,0.839522,2024-02-14,11
2024-02-14 12:00:00,0.8075429,1.006255,2024-02-14,12
2024-02-14 13:00:00,0.647976,0.8022355,2024-02-14,13
2024-02-14 14:00:00,0.5290328,0.6696365,2024-02-14,14
2024-02-14 15:00:00,0.3376303,0.4366401,2024-02-14,15
2024-02-14 16:00:00,0.1509027,0.2178088,2024-02-14,16
2024-02-14 17:00:00,0.01237081,0.0,2024-02-14,17
2024-02-14 18:00:00,0.0,0.0,2024-02-14,18
2024-02-14 19:00:00,0.0,0.0,2024-02-14,19
2024-02-14 20:00:00,0.0,0.0,2024-02-14,20
2024-02-14 21:00:00,0.0,0.0,2024-02-14,21
2024-02-14 22:00:00,0.0,0.0,2024-02-14,22
2024-02-14 23:00:00,0.0,0.0,2024-02-14,23
2024-02-15 00:00:00,0.0,0.0,2024-02-15,0
2024-02-15 01:00:00,0.0,0.0,2024-02-15,1
2024-02-15 02:00:00,0.0,0.0,2024-02-15,2
2024-02-15 03:00:00,0.0,0.0,2024-02-15,3
2024-02-15 04:00:00,0.0,0.0,2024-02-15,4
2024-02-15 05:00:00,0.0,0.0,2024-02-15,5
2024-02-15 06:00:00,0.04879254,0.1415603,2024-02-15,6
2024-02-15 07:00:00,0.2731384,0.40205,2024-02-15,7
2024-02-15 08:00:00,0.4765418,0.6299491,2024-02-15,8
2024-02-15 09:00:00,0.5585152,0.6918805,2024-02-15,9
2024-02-15 10:00:00,0.7220498,0.8968684,2024-02-15,10
2024-02-15 11:00:00,0.5449644,0.6079499,2024-02-15,11
2024-02-15 12:00:00,0.6811097,0.822722,2024-02-15,12
2024-02-15 13:00:00,0.5681264,0.6742062,2024-02-15,13
2024-02-15 14:00:00,0.5251221,0.660061,2024-02-15,14
2024-02-15 15:00:00,0.3160031,0.3937747,2024-02-15,15
2024-02-15 16:00:00,0.1613414,0.2383454,2024-02-15,16
2024-02-15 17:00:00,0.01085049,0.0,2024-02-15,17
2024-02-15 18:00:00,0.0,0.0,2024-02-15,18
2024-02-15 19:00:00,0.0,0.0,2024-02-15,19
2024-02-15 20:00:00,0.0,0.0,2024-02-15,20
2024-02-15 21:00:00,0.0,0.0,2024-02-15,21
2024-02-15 22:00:00,0.0,0.0,2024-02-15,22
2024-02-15 23:00:00,0.0,0.0,2024-02-15,23
2024-02-16 00:00:00,0.0,0.0,2024-02-16,0
2024-02-16 01:00:00,0.0,0.0,2024-02-16,1
2024-02-16 02:00:00,0.0,0.0,2024-02-16,2
2024-02-16 03:00:00,0.0,0.0,2024-02-16,3
2024-02-16 04:00:00,0.0,0.0,2024-02-16,4
2024-02-16 05:00:00,0.0,0.0,2024-02-16,5
2024-02-16 06:00:00,0.03419602,0.05551795,2024-02-16,6
2024-02-16 07:00:00,0.1839914,0.2233892,2024-02-16,7
2024-02-16 08:00:00,0.4104113,0.521351,2024-02-16,8
2024-02-16 09:00:00,0.4949217,0.5863395,2024-02-16,9
2024-02-16 10:00:00,0.7840402,0.9770538,2024-02-16,10
2024-02-16 11:00:00,0.7949998,0.9809197,2024-02-16,11
2024-02-16 12:00:00,0.7017415,0.8507863,2024-02-16,12
2024-02-16 13:00:00,0.629539,0.7676368,2024-02-16,13
2024-02-16 14:00:00,0.3656372,0.4005009,2024-02-16,14
2024-02-16 15:00:00,0.4291562,0.5794792,2024-02-16,15
2024-02-16 16:00:00,0.2165007,0.3458405,2024-02-16,16
2024-02-16 17:00:00,0.0147486,0.0,2024-02-16,17
2024-02-16 18:00:00,0.0,0.0,2024-02-16,18
2024-02-16 19:00:00,0.0,0.0,2024-02-16,19
2024-02-16 20:00:00,0.0,0.0,2024-02-16,20
2024-02-16 21:00:00,0.0,0.0,2024-02-16,21
2024-02-16 22:00:00,0.0,0.0,2024-02-16,22
2024-02-16 23:00:00,0.0,0.0,2024-02-16,23
2024-02-17 00:00:00,0.0,0.0,2024-02-17,0
2024-02-17 01:00:00,0.0,0.0,2024-02-17,1
2024-02-17 02:00:00,0.0,0.0,2024-02-17,2
2024-02-17 03:00:00,0.0,0.0,2024-02-17,3
2024-02-17 04:00:00,0.0,0.0,2024-02-17,4
2024-02-17 05:00:00,0.0,0.0,2024-02-17,5
2024-02-17 06:00:00,0.04066259,0.07751991,2024-02-17,6
2024-02-17 07:00:00,0.1742578,0.2030883,2024-02-17,7
2024-02-17 08:00:00,0.2854145,0.3109174,2024-02-17,8
2024-02-17 09:00:00,0.6680225,0.844021,2024-02-17,9
2024-02-17 10:00:00,0.8637791,1.075609,2024-02-17,10
2024-02-17 11:00:00,0.8328787,1.027696,2024-02-17,11
2024-02-17 12:00:00,0.719321,0.8736766,2024-02-17,12
2024-02-17 13:00:00,0.6035348,0.7241873,2024-02-17,13
2024-02-17 14:00:00,0.5501637,0.6920393,2024-02-17,14
2024-02-17 15:00:00,0.244091,0.2672013,2024-02-17,15
2024-02-17 16:00:00,0.1401986,0.1815118,2024-02-17,16
2024-02-17 17:00:00,0.006247857,0.0,2024-02-17,17
2024-02-17 18:00:00,0.0,0.0,2024-02-17,18
2024-02-17 19:00:00,0.0,0.0,2024-02-17,19
2024-02-17 20:00:00,0.0,0.0,2024-02-17,20
2024-02-17 21:00:00,0.0,0.0,2024-02-17,21
2024-02-17 22:00:00,0.0,0.0,2024-02-17,22
2024-02-17 23:00:00,0.0,0.0,2024-02-17,23
2024-02-18 00:00:00,0.0,0.0,2024-02-18,0
2024-02-18 01:00:00,0.0,0.0,2024-02-18,1
2024-02-18 02:00:00,0.0,0.0,2024-02-18,2
2024-02-18 03:00:00,0.0,0.0,2024-02-18,3
2024-02-18 04:00:00,0.0,0.0,2024-02-18,4
2024-02-18 05:00:00,0.0,0.0,2024-02-18,5
2024-02-18 06:00:00,0.05801388,0.152497,2024-02-18,6
2024-02-18 07:00:00,0.2206735,0.2895055,2024-02-18,7
2024-02-18 08:00:00,0.4098802,0.5134804,2024-02-18,8
2024-02-18 09:00:00,0.7630827,0.9639714,2024-02-18,9
2024-02-18 10:00:00,0.8270483,1.025362,2024-02-18,10
2024-02-18 11:00:00,0.7535589,0.9167031,2024-02-18,11
2024-02-18 12:00:00,0.8390381,1.034062,2024-02-18,12
2024-02-18 13:00:00,0.7030362,0.8690971,2024-02-18,13
2024-02-18 14:00:00,0.4498046,0.5284665,2024-02-18,14
2024-02-18 15:00:00,0.1660704,0.1656274,2024-02-18,15
2024-02-18 16:00:00,0.1043667,0.112952,2024-02-18,16
2024-02-18 17:00:00,0.01227903,0.0,2024-02-18,17
2024-02-18 18:00:00,0.0,0.0,2024-02-18,18
2024-02-18 19:00:00,0.0,0.0,2024-02-18,19
2024-02-18 20:00:00,0.0,0.0,2024-02-18,20
2024-02-18 21:00:00,0.0,0.0,2024-02-18,21
2024-02-18 22:00:00,0.0,0.0,2024-02-18,22
2024-02-18 23:00:00,0.0,0.0,2024-02-18,23
2024-02-19 00:00:00,0.0,0.0,2024-02-19,0
2024-02-19 01:00:00,0.0,0.0,2024-02-19,1
2024-02-19 02:00:00,0.0,0.0,2024-02-19,2
2024-02-19 03:00:00,0.0,0.0,2024-02-19,3
2024-02-19 04:00:00,0.0,0.0,2024-02-19,4
2024-02-19 05:00:00,0.0,0.0,2024-02-19,5
2024-02-19 06:00:00,0.03415693,0.04503464,2024-02-19,6
2024-02-19 07:00:00,0.1673689,0.1875885,2024-02-19,7
2024-02-19 08:00:00,0.355192,0.4178492,2024-02-19,8
2024-02-19 09:00:00,0.3780556,0.4020519,2024-02-19,9
2024-02-19 10:00:00,0.7550148,0.9291847,2024-02-19,10
2024-02-19 11:00:00,0.7866927,0.9598331,2024-02-19,11
2024-02-19 12:00:00,0.712701,0.8574902,2024-02-19,12
2024-02-19 13:00:00,0.7836854,0.9721618,2024-02-19,13
2024-02-19 14:00:00,0.4273637,0.4899407,2024-02-19,14
2024-02-19 15:00:00,0.2970227,0.3490528,2024-02-19,15
2024-02-19 16:00:00,0.1809276,0.2642947,2024-02-19,16
2024-02-19 17:00:00,0.01326151,0.0,2024-02-19,17
2024-02-19 18:00:00,0.0,0.0,2024-02-19,18
2024-02-19 19:00:00,0.0,0.0,2024-02-19,19
2024-02-19 20:00:00,0.0,0.0,2024-02-19,20
2024-02-19 21:00:00,0.0,0.0,2024-02-19,21
2024-02-19 22:00:00,0.0,0.0,2024-02-19,22
2024-02-19 23:00:00,0.0,0.0,2024-02-19,23
2024-02-20 00:00:00,0.0,0.0,2024-02-20,0
2024-02-20 01:00:00,0.0,0.0,2024-02-20,1
2024-02-20 02:00:00,0.0,0.0,2024-02-20,2
2024-02-20 03:00:00,0.0,0.0,2024-02-20,3
2024-02-20 04:00:00,0.0,0.0,2024-02-20,4
2024-02-20 05:00:00,0.0,0.0,2024-02-20,5
2024-02-20 06:00:00,0.01384429,0.01380815,2024-02-20,6
2024-02-20 07:00:00,0.02672275,0.02603839,2024-02-20,7
2024-02-20 08:00:00,0.132679,0.1299093,2024-02-20,8
2024-02-20 09:00:00,0.1660432,0.1623319,2024-02-20,9
2024-02-20 10:00:00,0.2766022,0.2723093,2024-02-20,10
2024-02-20 11:00:00,0.4289055,0.4412847,2024-02-20,11
2024-02-20 12:00:00,0.1864876,0.182108,2024-02-20,12
2024-02-20 13:00:00,0.09449653,0.09204242,2024-02-20,13
2024-02-20 14:00:00,0.09191643,0.0896123,2024-02-20,14
2024-02-20 15:00:00,0.1460565,0.1439541,2024-02-20,15
2024-02-20 16:00:00,0.0903391,0.09241992,2024-02-20,16
2024-02-20 17:00:00,0.01459238,0.0,2024-02-20,17
2024-02-20 18:00:00,0.0,0.0,2024-02-20,18
2024-02-20 19:00:00,0.0,0.0,2024-02-20,19
2024-02-20 20:00:00,0.0,0.0,2024-02-20,20
2024-02-20 21:00:00,0.0,0.0,2024-02-20,21
2024-02-20 22:00:00,0.0,0.0,2024-02-20,22
2024-02-20 23:00:00,0.0,0.0,2024-02-20,23
2024-02-21 00:00:00,0.0,0.0,2024-02-21,0
2024-02-21 01:00:00,0.0,0.0,2024-02-21,1
2024-02-21 02:00:00,0.0,0.0,2024-02-21,2
2024-02-21 03:00:00,0.0,0.0,2024-02-21,3
2024-02-21 04:00:00,0.0,0.0,2024-02-21,4
2024-02-21 05:00:00,0.0,0.0,2024-02-21,5
2024-02-21 06:00:00,0.05027358,0.09061134,2024-02-21,6
2024-02-21 07:00:00,0.1096559,0.1091775,2024-02-21,7
2024-02-21 08:00:00,0.3969899,0.4818001,2024-02-21,8
2024-02-21 09:00:00,0.5397736,0.6429906,2024-02-21,9
2024-02-21 10:00:00,0.3988465,0.4096077,2024-02-21,10
2024-02-21 11:00:00,0.6598975,0.7684047,2024-02-21,11
2024-02-21 12:00:00,0.573761,0.6419211,2024-02-21,12
2024-02-21 13:00:00,0.4742856,0.5165176,2024-02-21,13
2024-02-21 14:00:00,0.4019617,0.4464667,2024-02-21,14
2024-02-21 15:00:00,0.2449614,0.2633651,2024-02-21,15
2024-02-21 16:00:00,0.07893696,0.07882211,2024-02-21,16
2024-02-21 17:00:00,0.007409366,0.0,2024-02-21,17
2024-02-21 18:00:00,0.0,0.0,2024-02-21,18
2024-02-21 19:00:00,0.0,0.0,2024-02-21,19
2024-02-21 20:00:00,0.0,0.0,2024-02-21,20
2024-02-21 21:00:00,0.0,0.0,2024-02-21,21
2024-02-21 22:00:00,0.0,0.0,2024-02-21,22
2024-02-21 23:00:00,0.0,0.0,2024-02-21,23
2024-02-22 00:00:00,0.0,0.0,2024-02-22,0
2024-02-22 01:00:00,0.0,0.0,2024-02-22,1
2024-02-22 02:00:00,0.0,0.0,2024-02-22,2
2024-02-22 03:00:00,0.0,0.0,2024-02-22,3
2024-02-22 04:00:00,0.0,0.0,2024-02-22,4
2024-02-22 05:00:00,0.0,0.0,2024-02-22,5
2024-02-22 06:00:00,0.06616451,0.1444761,2024-02-22,6
2024-02-22 07:00:00,0.2075754,0.2507935,2024-02-22,7
2024-02-22 08:00:00,0.1990601,0.1979234,2024-02-22,8
2024-02-22 09:00:00,0.4598606,0.5159608,2024-02-22,9
2024-02-22 10:00:00,0.7859518,0.9601845,2024-02-22,10
2024-02-22 11:00:00,0.6944454,0.8173642,2024-02-22,11
2024-02-22 12:00:00,0.4571053,0.4768705,2024-02-22,12
2024-02-22 13:00:00,0.5519339,0.6302145,2024-02-22,13
2024-02-22 14:00:00,0.5720192,0.7075969,2024-02-22,14
2024-02-22 15:00:00,0.3995445,0.5133376,2024-02-22,15
2024-02-22 16:00:00,0.1792149,0.2477948,2024-02-22,16
2024-02-22 17:00:00,0.01760414,0.0,2024-02-22,17
2024-02-22 18:00:00,0.0,0.0,2024-02-22,18
2024-02-22 19:00:00,0.0,0.0,2024-02-22,19
2024-02-22 20:00:00,0.0,0.0,2024-02-22,20
2024-02-22 21:00:00,0.0,0.0,2024-02-22,21
2024-02-22 22:00:00,0.0,0.0,2024-02-22,22
2024-02-22 23:00:00,0.0,0.0,2024-02-22,23
2024-02-23 00:00:00,0.0,0.0,2024-02-23,0
2024-02-23 01:00:00,0.0,0.0,2024-02-23,1
2024-02-23 02:00:00,0.0,0.0,2024-02-23,2
2024-02-23 03:00:00,0.0,0.0,2024-02-23,3
2024-02-23 04:00:00,0.0,0.0,2024-02-23,4
2024-02-23 05:00:00,0.0,0.0,2024-02-23,5
2024-02-23 06:00:00,0.05729075,0.102989,2024-02-23,6
2024-02-23 07:00:00,0.2456913,0.3183885,2024-02-23,7
2024-02-23 08:00:00,0.4584489,0.5737537,2024-02-23,8
2024-02-23 09:00:00,0.646328,0.7945018,2024-02-23,9
2024-02-23 10:00:00,0.8169512,0.9961812,2024-02-23,10
2024-02-23 11:00:00,0.8382385,1.015287,2024-02-23,11
2024-02-23 12:00:00,0.8846619,1.074996,2024-02-23,12
2024-02-23 13:00:00,0.6845875,0.8265342,2024-02-23,13
2024-02-23 14:00:00,0.5110115,0.6118951,2024-02-23,14
2024-02-23 15:00:00,0.3798064,0.4780968,2024-02-23,15
2024-02-23 16:00:00,0.1424711,0.1699621,2024-02-23,16
2024-02-23 17:00:00,0.01005771,0.0,2024-02-23,17
2024-02-23 18:00:00,0.0,0.0,2024-02-23,18
2024-02-23 19:00:00,0.0,0.0,2024-02-23,19
2024-02-23 20:00:00,0.0,0.0,2024-02-23,20
2024-02-23 21:00:00,0.0,0.0,2024-02-23,21
2024-02-23 22:00:00,0.0,0.0,2024-02-23,22
2024-02-23 23:00:00,0.0,0.0,2024-02-23,23
2024-02-24 00:00:00,0.0,0.0,2024-02-24,0
2024-02-24 01:00:00,0.0,0.0,2024-02-24,1
2024-02-24 02:00:00,0.0,0.0,2024-02-24,2
2024-02-24 03:00:00,0.0,0.0,2024-02-24,3
2024-02-24 04:00:00,0.0,0.0,2024-02-24,4
2024-02-24 05:00:00,0.0,0.0,2024-02-24,5
2024-02-24 06:00:00,0.05406499,0.08528477,2024-02-24,6
2024-02-24 07:00:00,0.2624818,0.3450063,2024-02-24,7
2024-02-24 08:00:00,0.5550581,0.7046573,2024-02-24,8
2024-02-24 09:00:00,0.6641767,0.81539,2024-02-24,9
2024-02-24 10:00:00,0.814637,0.9900741,2024-02-24,10
2024-02-24 11:00:00,0.7676795,0.9170296,2024-02-24,11
2024-02-24 12:00:00,0.815338,0.9843089,2024-02-24,12
2024-02-24 13:00:00,0.7476763,0.9098608,2024-02-24,13
2024-02-24 14:00:00,0.6733254,0.8366278,2024-02-24,14
2024-02-24 15:00:00,0.4971739,0.6435366,2024-02-24,15
2024-02-24 16:00:00,0.2551968,0.3728622,2024-02-24,16
2024-02-24 17:00:00,0.02353722,0.0,2024-02-24,17
2024-02-24 18:00:00,0.0,0.0,2024-02-24,18
2024-02-24 19:00:00,0.0,0.0,2024-02-24,19
2024-02-24 20:00:00,0.0,0.0,2024-02-24,20
2024-02-24 21:00:00,0.0,0.0,2024-02-24,21
2024-02-24 22:00:00,0.0,0.0,2024-02-24,22
2024-02-24 23:00:00,0.0,0.0,2024-02-24,23
2024-02-25 00:00:00,0.0,0.0,2024-02-25,0
2024-02-25 01:00:00,0.0,0.0,2024-02-25,1
2024-02-25 02:00:00,0.0,0.0,2024-02-25,2
2024-02-25 03:00:00,0.0,0.0,2024-02-25,3
2024-02-25 04:00:00,0.0,0.0,2024-02-25,4
2024-02-25 05:00:00,0.0,0.0,2024-02-25,5
2024-02-25 06:00:00,0.07332645,0.1423725,2024-02-25,6
2024-02-25 07:00:00,0.2695342,0.3533353,2024-02-25,7
2024-02-25 08:00:00,0.5369737,0.677596,2024-02-25,8
2024-02-25 09:00:00,0.7044017,0.8643081,2024-02-25,9
2024-02-25 10:00:00,0.8078226,0.9782593,2024-02-25,10
2024-02-25 11:00:00,0.8279422,0.9953506,2024-02-25,11
2024-02-25 12:00:00,0.9093955,1.09893,2024-02-25,12
2024-02-25 13:00:00,0.753905,0.9147353,2024-02-25,13
2024-02-25 14:00:00,0.5881201,0.7206771,2024-02-25,14
2024-02-25 15:00:00,0.4577633,0.5876911,2024-02-25,15
2024-02-25 16:00:00,0.2021971,0.2816032,2024-02-25,16
2024-02-25 17:00:00,0.02129282,0.0,2024-02-25,17
2024-02-25 18:00:00,0.0,0.0,2024-02-25,18
2024-02-25 19:00:00,0.0,0.0,2024-02-25,19
2024-02-25 20:00:00,0.0,0.0,2024-02-25,20
2024-02-25 21:00:00,0.0,0.0,2024-02-25,21
2024-02-25 22:00:00,0.0,0.0,2024-02-25,22
2024-02-25 23:00:00,0.0,0.0,2024-02-25,23
2024-02-26 00:00:00,0.0,0.0,2024-02-26,0
2024-02-26 01:00:00,0.0,0.0,2024-02-26,1
2024-02-26 02:00:00,0.0,0.0,2024-02-26,2
2024-02-26 03:00:00,0.0,0.0,2024-02-26,3
2024-02-26 04:00:00,0.0,0.0,2024-02-26,4
2024-02-26 05:00:00,0.0,0.0,2024-02-26,5
2024-02-26 06:00:00,0.05608284,0.08108085,2024-02-26,6
2024-02-26 07:00:00,0.2273339,0.2741255,2024-02-26,7
2024-02-26 08:00:00,0.3087667,0.3316211,2024-02-26,8
2024-02-26 09:00:00,0.5722373,0.6768592,2024-02-26,9
2024-02-26 10:00:00,0.4875696,0.5198963,2024-02-26,10
2024-02-26 11:00:00,0.6014717,0.6685255,2024-02-26,11
2024-02-26 12:00:00,0.5273286,0.5660027,2024-02-26,12
2024-02-26 13:00:00,0.4461544,0.4706338,2024-02-26,13
2024-02-26 14:00:00,0.3726741,0.3967364,2024-02-26,14
2024-02-26 15:00:00,0.225591,0.2328003,2024-02-26,15
2024-02-26 16:00:00,0.1026989,0.1051907,2024-02-26,16
2024-02-26 17:00:00,0.007202729,0.0,2024-02-26,17
2024-02-26 18:00:00,0.0,0.0,2024-02-26,18
2024-02-26 19:00:00,0.0,0.0,2024-02-26,19
2024-02-26 20:00:00,0.0,0.0,2024-02-26,20
2024-02-26 21:00:00,0.0,0.0,2024-02-26,21
2024-02-26 22:00:00,0.0,0.0,2024-02-26,22
2024-02-26 23:00:00,0.0,0.0,2024-02-26,23
2024-02-27 00:00:00,0.0,0.0,2024-02-27,0
2024-02-27 01:00:00,0.0,0.0,2024-02-27,1
2024-02-27 02:00:00,0.0,0.0,2024-02-27,2
2024-02-27 03:00:00,0.0,0.0,2024-02-27,3
2024-02-27 04:00:00,0.0,0.0,2024-02-27,4
2024-02-27 05:00:00,0.0,0.0,2024-02-27,5
2024-02-27 06:00:00,0.08544804,0.1605505,2024-02-27,6
2024-02-27 07:00:00,0.2841537,0.3699961,2024-02-27,7
2024-02-27 08:00:00,0.5286561,0.6596824,2024-02-27,8
2024-02-27 09:00:00,0.7512565,0.9160693,2024-02-27,9
2024-02-27 10:00:00,0.8099639,0.9743544,2024-02-27,10
2024-02-27 11:00:00,0.9045391,1.084794,2024-02-27,11
2024-02-27 12:00:00,0.905333,1.087138,2024-02-27,12
2024-02-27 13:00:00,0.8217193,0.9932524,2024-02-27,13
2024-02-27 14:00:00,0.5799229,0.702415,2024-02-27,14
2024-02-27 15:00:00,0.4564988,0.5791109,2024-02-27,15
2024-02-27 16:00:00,0.2078913,0.2842214,2024-02-27,16
2024-02-27 17:00:00,0.02922373,0.0,2024-02-27,17
2024-02-27 18:00:00,0.0,0.0,2024-02-27,18
2024-02-27 19:00:00,0.0,0.0,2024-02-27,19
2024-02-27 20:00:00,0.0,0.0,2024-02-27,20
2024-02-27 21:00:00,0.0,0.0,2024-02-27,21
2024-02-27 22:00:00,0.0,0.0,2024-02-27,22
2024-02-27 23:00:00,0.0,0.0,2024-02-27,23
2024-02-28 00:00:00,0.0,0.0,2024-02-28,0
2024-02-28 01:00:00,0.0,0.0,2024-02-28,1
2024-02-28 02:00:00,0.0,0.0,2024-02-28,2
2024-02-28 03:00:00,0.0,0.0,2024-02-28,3
2024-02-28 04:00:00,0.0,0.0,2024-02-28,4
2024-02-28 05:00:00,0.0,0.0,2024-02-28,5
2024-02-28 06:00:00,0.09708722,0.1792154,2024-02-28,6
2024-02-28 07:00:00,0.2734168,0.347787,2024-02-28,7
2024-02-28 08:00:00,0.5666197,0.7049934,2024-02-28,8
2024-02-28 09:00:00,0.7222644,0.8765109,2024-02-28,9
2024-02-28 10:00:00,0.7578728,0.9029791,2024-02-28,10
2024-02-28 11:00:00,0.8898255,1.063527,2024-02-28,11
2024-02-28 12:00:00,0.8820632,1.055319,2024-02-28,12
2024-02-28 13:00:00,0.8072053,0.9720213,2024-02-28,13
2024-02-28 14:00:00,0.6300617,0.7680001,2024-02-28,14
2024-02-28 15:00:00,0.4301767,0.5387146,2024-02-28,15
2024-02-28 16:00:00,0.2415956,0.3367097,2024-02-28,16
2024-02-28 17:00:00,0.02663017,0.1155266,2024-02-28,17
2024-02-28 18:00:00,0.0,0.0,2024-02-28,18
2024-02-28 19:00:00,0.0,0.0,2024-02-28,19
2024-02-28 20:00:00,0.0,0.0,2024-02-28,20
2024-02-28 21:00:00,0.0,0.0,2024-02-28,21
2024-02-28 22:00:00,0.0,0.0,2024-02-28,22
2024-02-28 23:00:00,0.0,0.0,2024-02-28,23
2024-02-29 00:00:00,0.0,0.0,2024-02-29,0
2024-02-29 01:00:00,0.0,0.0,2024-02-29,1
2024-02-29 02:00:00,0.0,0.0,2024-02-29,2
2024-02-29 03:00:00,0.0,0.0,2024-02-29,3
2024-02-29 04:00:00,0.0,0.0,2024-02-29,4
2024-02-29 05:00:00,0.0,0.0,2024-02-29,5
2024-02-29 06:00:00,0.06831763,0.09979978,2024-02-29,6
2024-02-29 07:00:00,0.247411,0.2993003,2024-02-29,7
2024-02-29 08:00:00,0.4340892,0.5149813,2024-02-29,8
2024-02-29 09:00:00,0.7246749,0.8761463,2024-02-29,9
2024-02-29 10:00:00,0.8891087,1.065012,2024-02-29,10
2024-02-29 11:00:00,0.9270159,1.10553,2024-02-29,11
2024-02-29 12:00:00,0.8522681,1.015353,2024-02-29,12
2024-02-29 13:00:00,0.6460478,0.7520978,2024-02-29,13
2024-02-29 14:00:00,0.577475,0.6924429,2024-02-29,14
2024-02-29 15:00:00,0.4249706,0.5277125,2024-02-29,15
2024-02-29 16:00:00,0.2394174,0.3295588,2024-02-29,16
2024-02-29 17:00:00,0.03258166,0.1554628,2024-02-29,17
2024-02-29 18:00:00,0.0,0.0,2024-02-29,18
2024-02-29 19:00:00,0.0,0.0,2024-02-29,19
2024-02-29 20:00:00,0.0,0.0,2024-02-29,20
2024-02-29 21:00:00,0.0,0.0,2024-02-29,21
2024-02-29 22:00:00,0.0,0.0,2024-02-29,22
2024-02-29 23:00:00,0.0,0.0,2024-02-29,23
2024-03-01 00:00:00,0.0,0.0,2024-03-01,0
2024-03-01 01:00:00,0.0,0.0,2024-03-01,1
2024-03-01 02:00:00,0.0,0.0,2024-03-01,2
2024-03-01 03:00:00,0.0,0.0,2024-03-01,3
2024-03-01 04:00:00,0.0,0.0,2024-03-01,4
2024-03-01 05:00:00,0.0,0.0,2024-03-01,5
2024-03-01 06:00:00,0.02435993,0.02405728,2024-03-01,6
2024-03-01 07:00:00,0.1542844,0.1573849,2024-03-01,7
2024-03-01 08:00:00,0.1682923,0.1648921,2024-03-01,8
2024-03-01 09:00:00,0.1392277,0.1357995,2024-03-01,9
2024-03-01 10:00:00,0.2283905,0.2231681,2024-03-01,10
2024-03-01 11:00:00,0.1370627,0.1335291,2024-03-01,11
2024-03-01 12:00:00,0.2667288,0.2609909,2024-03-01,12
2024-03-01 13:00:00,0.139703,0.1361833,2024-03-01,13
2024-03-01 14:00:00,0.1169734,0.1140599,2024-03-01,14
2024-03-01 15:00:00,0.06953066,0.06777786,2024-03-01,15
2024-03-01 16:00:00,0.0232595,0.02265923,2024-03-01,16
2024-03-01 17:00:00,0.009098158,0.009671262,2024-03-01,17
2024-03-01 18:00:00,0.0,0.0,2024-03-01,18
2024-03-01 19:00:00,0.0,0.0,2024-03-01,19
2024-03-01 20:00:00,0.0,0.0,2024-03-01,20
2024-03-01 21:00:00,0.0,0.0,2024-03-01,21
2024-03-01 22:00:00,0.0,0.0,2024-03-01,22
2024-03-01 23:00:00,0.0,0.0,2024-03-01,23
2024-03-02 00:00:00,0.0,0.0,2024-03-02,0
2024-03-02 01:00:00,0.0,0.0,2024-03-02,1
2024-03-02 02:00:00,0.0,0.0,2024-03-02,2
2024-03-02 03:00:00,0.0,0.0,2024-03-02,3
2024-03-02 04:00:00,0.0,0.0,2024-03-02,4
2024-03-02 05:00:00,0.0,0.0,2024-03-02,5
2024-03-02 06:00:00,0.01812817,0.01779641,2024-03-02,6
2024-03-02 07:00:00,0.02427116,0.02361473,2024-03-02,7
2024-03-02 08:00:00,0.004457393,0.004328164,2024-03-02,8
2024-03-02 09:00:00,0.08759201,0.08527916,2024-03-02,9
2024-03-02 10:00:00,0.1226801,0.1194959,2024-03-02,10
2024-03-02 11:00:00,0.09474192,0.09219594,2024-03-02,11
2024-03-02 12:00:00,0.131634,0.1282226,2024-03-02,12
2024-03-02 13:00:00,0.2208375,0.2157972,2024-03-02,13
2024-03-02 14:00:00,0.1204366,0.1174411,2024-03-02,14
2024-03-02 15:00:00,0.1652393,0.1627211,2024-03-02,15
2024-03-02 16:00:00,0.0519284,0.05080115,2024-03-02,16
2024-03-02 17:00:00,0.01650404,0.0259152,2024-03-02,17
2024-03-02 18:00:00,0.0,0.0,2024-03-02,18
2024-03-02 19:00:00,0.0,0.0,2024-03-02,19
2024-03-02 20:00:00,0.0,0.0,2024-03-02,20
2024-03-02 21:00:00,0.0,0.0,2024-03-02,21
2024-03-02 22:00:00,0.0,0.0,2024-03-02,22
2024-03-02 23:00:00,0.0,0.0,2024-03-02,23
2024-03-03 00:00:00,0.0,0.0,2024-03-03,0
2024-03-03 01:00:00,0.0,0.0,2024-03-03,1
2024-03-03 02:00:00,0.0,0.0,2024-03-03,2
2024-03-03 03:00:00,0.0,0.0,2024-03-03,3
2024-03-03 04:00:00,0.0,0.0,2024-03-03,4
2024-03-03 05:00:00,0.0,0.0,2024-03-03,5
2024-03-03 06:00:00,0.006495869,0.006328223,2024-03-03,6
2024-03-03 07:00:00,0.07768494,0.07594427,2024-03-03,7
2024-03-03 08:00:00,0.2605319,0.2637864,2024-03-03,8
2024-03-03 09:00:00,0.3842373,0.3962919,2024-03-03,9
2024-03-03 10:00:00,0.2467319,0.2412291,2024-03-03,10
2024-03-03 11:00:00,0.2980951,0.2922758,2024-03-03,11
2024-03-03 12:00:00,0.141449,0.1378095,2024-03-03,12
2024-03-03 13:00:00,0.2639316,0.2587295,2024-03-03,13
2024-03-03 14:00:00,0.3784539,0.3976622,2024-03-03,14
2024-03-03 15:00:00,0.3350392,0.3805613,2024-03-03,15
2024-03-03 16:00:00,0.08590574,0.08481029,2024-03-03,16
2024-03-03 17:00:00,0.01188661,0.01318339,2024-03-03,17
2024-03-03 18:00:00,0.0,0.0,2024-03-03,18
2024-03-03 19:00:00,0.0,0.0,2024-03-03,19
2024-03-03 20:00:00,0.0,0.0,2024-03-03,20
2024-03-03 21:00:00,0.0,0.0,2024-03-03,21
2024-03-03 22:00:00,0.0,0.0,2024-03-03,22
2024-03-03 23:00:00,0.0,0.0,2024-03-03,23
2024-03-04 00:00:00,0.0,0.0,2024-03-04,0
2024-03-04 01:00:00,0.0,0.0,2024-03-04,1
2024-03-04 02:00:00,0.0,0.0,2024-03-04,2
2024-03-04 03:00:00,0.0,0.0,2024-03-04,3
2024-03-04 04:00:00,0.0,0.0,2024-03-04,4
2024-03-04 05:00:00,0.0,0.0,2024-03-04,5
2024-03-04 06:00:00,0.01993656,0.01955022,2024-03-04,6
2024-03-04 07:00:00,0.095934,0.09391882,2024-03-04,7
2024-03-04 08:00:00,0.3036982,0.3160612,2024-03-04,8
2024-03-04 09:00:00,0.4481466,0.478373,2024-03-04,9
2024-03-04 10:00:00,0.3571612,0.3553752,2024-03-04,10
2024-03-04 11:00:00,0.4813442,0.4956563,2024-03-04,11
2024-03-04 12:00:00,0.1941782,0.1894257,2024-03-04,12
2024-03-04 13:00:00,0.3680079,0.3695289,2024-03-04,13
2024-03-04 14:00:00,0.293041,0.2932644,2024-03-04,14
2024-03-04 15:00:00,0.1774132,0.1751956,2024-03-04,15
2024-03-04 16:00:00,0.1422317,0.1534815,2024-03-04,16
2024-03-04 17:00:00,0.0174914,0.02676564,2024-03-04,17
2024-03-04 18:00:00,0.0,0.0,2024-03-04,18
2024-03-04 19:00:00,0.0,0.0,2024-03-04,19
2024-03-04 20:00:00,0.0,0.0,2024-03-04,20
2024-03-04 21:00:00,0.0,0.0,2024-03-04,21
2024-03-04 22:00:00,0.0,0.0,2024-03-04,22
2024-03-04 23:00:00,0.0,0.0,2024-03-04,23
2024-03-05 00:00:00,0.0,0.0,2024-03-05,0
2024-03-05 01:00:00,0.0,0.0,2024-03-05,1
2024-03-05 02:00:00,0.0,0.0,2024-03-05,2
2024-03-05 03:00:00,0.0,0.0,2024-03-05,3
2024-03-05 04:00:00,0.0,0.0,2024-03-05,4
2024-03-05 05:00:00,0.0,0.0,2024-03-05,5
2024-03-05 06:00:00,0.07591793,0.09537493,2024-03-05,6
2024-03-05 07:00:00,0.1540783,0.1550595,2024-03-05,7
2024-03-05 08:00:00,0.2406206,0.2401762,2024-03-05,8
2024-03-05 09:00:00,0.6286029,0.7323967,2024-03-05,9
2024-03-05 10:00:00,0.8946365,1.054298,2024-03-05,10
2024-03-05 11:00:00,0.9083732,1.066434,2024-03-05,11
2024-03-05 12:00:00,0.7771858,0.9010558,2024-03-05,12
2024-03-05 13:00:00,0.8637968,1.020776,2024-03-05,13
2024-03-05 14:00:00,0.6932364,0.8275641,2024-03-05,14
2024-03-05 15:00:00,0.4530956,0.5507712,2024-03-05,15
2024-03-05 16:00:00,0.2612535,0.3427463,2024-03-05,16
2024-03-05 17:00:00,0.03172804,0.1169808,2024-03-05,17
2024-03-05 18:00:00,0.0,0.0,2024-03-05,18
2024-03-05 19:00:00,0.0,0.0,2024-03-05,19
2024-03-05 20:00:00,0.0,0.0,2024-03-05,20
2024-03-05 21:00:00,0.0,0.0,2024-03-05,21
2024-03-05 22:00:00,0.0,0.0,2024-03-05,22
2024-03-05 23:00:00,0.0,0.0,2024-03-05,23
2024-03-06 00:00:00,0.0,0.0,2024-03-06,0
2024-03-06 01:00:00,0.0,0.0,2024-03-06,1
2024-03-06 02:00:00,0.0,0.0,2024-03-06,2
2024-03-06 03:00:00,0.0,0.0,2024-03-06,3
2024-03-06 04:00:00,0.0,0.0,2024-03-06,4
2024-03-06 05:00:00,1.70337e-06,0.0,2024-03-06,5
2024-03-06 06:00:00,0.08346518,0.1071557,2024-03-06,6
2024-03-06 07:00:00,0.1621795,0.1639799,2024-03-06,7
2024-03-06 08:00:00,0.3379678,0.3586717,2024-03-06,8
2024-03-06 09:00:00,0.5190775,0.5733899,2024-03-06,9
2024-03-06 10:00:00,0.8893356,1.04451,2024-03-06,10
2024-03-06 11:00:00,0.8766433,1.024498,2024-03-06,11
2024-03-06 12:00:00,0.9142863,1.071279,2024-03-06,12
2024-03-06 13:00:00,0.9103253,1.07333,2024-03-06,13
2024-03-06 14:00:00,0.7490184,0.8920624,2024-03-06,14
2024-03-06 15:00:00,0.4050078,0.4790893,2024-03-06,15
2024-03-06 16:00:00,0.2112338,0.2618842,2024-03-06,16
2024-03-06 17:00:00,0.02111547,0.03405171,2024-03-06,17
2024-03-06 18:00:00,0.0,0.0,2024-03-06,18
2024-03-06 19:00:00,0.0,0.0,2024-03-06,19
2024-03-06 20:00:00,0.0,0.0,2024-03-06,20
2024-03-06 21:00:00,0.0,0.0,2024-03-06,21
2024-03-06 22:00:00,0.0,0.0,2024-03-06,22
2024-03-06 23:00:00,0.0,0.0,2024-03-06,23
2024-03-07 00:00:00,0.0,0.0,2024-03-07,0
2024-03-07 01:00:00,0.0,0.0,2024-03-07,1
2024-03-07 02:00:00,0.0,0.0,2024-03-07,2
2024-03-07 03:00:00,0.0,0.0,2024-03-07,3
2024-03-07 04:00:00,0.0,0.0,2024-03-07,4
2024-03-07 05:00:00,3.58282e-05,0.0,2024-03-07,5
2024-03-07 06:00:00,0.1121798,0.1613166,2024-03-07,6
2024-03-07 07:00:00,0.2735012,0.3190544,2024-03-07,7
2024-03-07 08:00:00,0.5841323,0.6985345,2024-03-07,8
2024-03-07 09:00:00,0.7848344,0.9254223,2024-03-07,9
2024-03-07 10:00:00,0.8680661,1.015759,2024-03-07,10
2024-03-07 11:00:00,0.9806888,1.146022,2024-03-07,11
2024-03-07 12:00:00,0.9983971,1.1683,2024-03-07,12
2024-03-07 13:00:00,0.8977404,1.054601,2024-03-07,13
2024-03-07 14:00:00,0.6830954,0.8087121,2024-03-07,14
2024-03-07 15:00:00,0.4913823,0.5941144,2024-03-07,15
2024-03-07 16:00:00,0.2553732,0.3274112,2024-03-07,16
2024-03-07 17:00:00,0.0304908,0.07562024,2024-03-07,17
2024-03-07 18:00:00,0.0,0.0,2024-03-07,18
2024-03-07 19:00:00,0.0,0.0,2024-03-07,19
2024-03-07 20:00:00,0.0,0.0,2024-03-07,20
2024-03-07 21:00:00,0.0,0.0,2024-03-07,21
2024-03-07 22:00:00,0.0,0.0,2024-03-07,22
2024-03-07 23:00:00,0.0,0.0,2024-03-07,23
2024-03-08 00:00:00,0.0,0.0,2024-03-08,0
2024-03-08 01:00:00,0.0,0.0,2024-03-08,1
2024-03-08 02:00:00,0.0,0.0,2024-03-08,2
2024-03-08 03:00:00,0.0,0.0,2024-03-08,3
2024-03-08 04:00:00,0.0,0.0,2024-03-08,4
2024-03-08 05:00:00,0.000133067,0.0,2024-03-08,5
2024-03-08 06:00:00,0.1095551,0.150952,2024-03-08,6
2024-03-08 07:00:00,0.3204755,0.3873343,2024-03-08,7
2024-03-08 08:00:00,0.4752062,0.5499393,2024-03-08,8
2024-03-08 09:00:00,0.5662821,0.6354011,2024-03-08,9
2024-03-08 10:00:00,0.8632716,1.006788,2024-03-08,10
2024-03-08 11:00:00,0.9448574,1.099988,2024-03-08,11
2024-03-08 12:00:00,0.9861176,1.150071,2024-03-08,12
2024-03-08 13:00:00,0.7203884,0.8318092,2024-03-08,13
2024-03-08 14:00:00,0.617576,0.7223079,2024-03-08,14
2024-03-08 15:00:00,0.4463212,0.5317845,2024-03-08,15
2024-03-08 16:00:00,0.2405358,0.3021692,2024-03-08,16
2024-03-08 17:00:00,0.03585919,0.09373993,2024-03-08,17
2024-03-08 18:00:00,0.0,0.0,2024-03-08,18
2024-03-08 19:00:00,0.0,0.0,2024-03-08,19
2024-03-08 20:00:00,0.0,0.0,2024-03-08,20
2024-03-08 21:00:00,0.0,0.0,2024-03-08,21
2024-03-08 22:00:00,0.0,0.0,2024-03-08,22
2024-03-08 23:00:00,0.0,0.0,2024-03-08,23
2024-03-09 00:00:00,0.0,0.0,2024-03-09,0
2024-03-09 01:00:00,0.0,0.0,2024-03-09,1
2024-03-09 02:00:00,0.0,0.0,2024-03-09,2
2024-03-09 03:00:00,0.0,0.0,2024-03-09,3
2024-03-09 04:00:00,0.0,0.0,2024-03-09,4
2024-03-09 05:00:00,0.000242774,0.0,2024-03-09,5
2024-03-09 06:00:00,0.09474709,0.1175364,2024-03-09,6
2024-03-09 07:00:00,0.3644713,0.4446923,2024-03-09,7
2024-03-09 08:00:00,0.6019425,0.7132538,2024-03-09,8
2024-03-09 09:00:00,0.6808006,0.7898198,2024-03-09,9
2024-03-09 10:00:00,0.7859845,0.9071732,2024-03-09,10
2024-03-09 11:00:00,0.9044199,1.048695,2024-03-09,11
2024-03-09 12:00:00,0.927452,1.077046,2024-03-09,12
2024-03-09 13:00:00,0.8176462,0.9522835,2024-03-09,13
2024-03-09 14:00:00,0.7036086,0.8268207,2024-03-09,14
2024-03-09 15:00:00,0.4385852,0.5180067,2024-03-09,15
2024-03-09 16:00:00,0.2055485,0.24388,2024-03-09,16
2024-03-09 17:00:00,0.03430204,0.0753434,2024-03-09,17
2024-03-09 18:00:00,0.0,0.0,2024-03-09,18
2024-03-09 19:00:00,0.0,0.0,2024-03-09,19
2024-03-09 20:00:00,0.0,0.0,2024-03-09,20
2024-03-09 21:00:00,0.0,0.0,2024-03-09,21
2024-03-09 22:00:00,0.0,0.0,2024-03-09,22
2024-03-09 23:00:00,0.0,0.0,2024-03-09,23
2024-03-10 00:00:00,0.0,0.0,2024-03-10,0
2024-03-10 01:00:00,0.0,0.0,2024-03-10,1
2024-03-10 02:00:00,0.0,0.0,2024-03-10,2
2024-03-10 03:00:00,0.0,0.0,2024-03-10,3
2024-03-10 04:00:00,0.0,0.0,2024-03-10,4
2024-03-10 05:00:00,0.000247176,0.0,2024-03-10,5
2024-03-10 06:00:00,0.07583035,0.08246811,2024-03-10,6
2024-03-10 07:00:00,0.2928175,0.339101,2024-03-10,7
2024-03-10 08:00:00,0.5223408,0.608814,2024-03-10,8
2024-03-10 09:00:00,0.687655,0.7954671,2024-03-10,9
2024-03-10 10:00:00,0.6042531,0.6571791,2024-03-10,10
2024-03-10 11:00:00,0.6306121,0.6825231,2024-03-10,11
2024-03-10 12:00:00,0.7618359,0.86533,2024-03-10,12
2024-03-10 13:00:00,0.7800753,0.9029067,2024-03-10,13
2024-03-10 14:00:00,0.7177479,0.8404062,2024-03-10,14
2024-03-10 15:00:00,0.4745738,0.5629542,2024-03-10,15
2024-03-10 16:00:00,0.273946,0.3421947,2024-03-10,16
2024-03-10 17:00:00,0.04226377,0.0985973,2024-03-10,17
2024-03-10 18:00:00,0.0,0.0,2024-03-10,18
2024-03-10 19:00:00,0.0,0.0,2024-03-10,19
2024-03-10 20:00:00,0.0,0.0,2024-03-10,20
2024-03-10 21:00:00,0.0,0.0,2024-03-10,21
2024-03-10 22:00:00,0.0,0.0,2024-03-10,22
2024-03-10 23:00:00,0.0,0.0,2024-03-10,23
2024-03-11 00:00:00,0.0,0.0,2024-03-11,0
2024-03-11 01:00:00,0.0,0.0,2024-03-11,1
2024-03-11 02:00:00,0.0,0.0,2024-03-11,2
2024-03-11 03:00:00,0.0,0.0,2024-03-11,3
2024-03-11 04:00:00,0.0,0.0,2024-03-11,4
2024-03-11 05:00:00,0.000593133,0.0,2024-03-11,5
2024-03-11 06:00:00,0.1210605,0.1573598,2024-03-11,6
2024-03-11 07:00:00,0.3502074,0.4183426,2024-03-11,7
2024-03-11 08:00:00,0.5820377,0.6823502,2024-03-11,8
2024-03-11 09:00:00,0.7582707,0.8802284,2024-03-11,9
2024-03-11 10:00:00,0.8964553,1.036157,2024-03-11,10
2024-03-11 11:00:00,0.9793278,1.130569,2024-03-11,11
2024-03-11 12:00:00,0.8848535,1.019936,2024-03-11,12
2024-03-11 13:00:00,0.8236267,0.9530348,2024-03-11,13
2024-03-11 14:00:00,0.7289486,0.8503825,2024-03-11,14
2024-03-11 15:00:00,0.3934867,0.4485532,2024-03-11,15
2024-03-11 16:00:00,0.2132558,0.2507808,2024-03-11,16
2024-03-11 17:00:00,0.0432839,0.09255272,2024-03-11,17
2024-03-11 18:00:00,0.0,0.0,2024-03-11,18
2024-03-11 19:00:00,0.0,0.0,2024-03-11,19
2024-03-11 20:00:00,0.0,0.0,2024-03-11,20
2024-03-11 21:00:00,0.0,0.0,2024-03-11,21
2024-03-11 22:00:00,0.0,0.0,2024-03-11,22
2024-03-11 23:00:00,0.0,0.0,2024-03-11,23
2024-03-12 00:00:00,0.0,0.0,2024-03-12,0
2024-03-12 01:00:00,0.0,0.0,2024-03-12,1
2024-03-12 02:00:00,0.0,0.0,2024-03-12,2
2024-03-12 03:00:00,0.0,0.0,2024-03-12,3
2024-03-12 04:00:00,0.0,0.0,2024-03-12,4
2024-03-12 05:00:00,0.00080467,0.0,2024-03-12,5
2024-03-12 06:00:00,0.104265,0.1238891,2024-03-12,6
2024-03-12 07:00:00,0.2912488,0.3306804,2024-03-12,7
2024-03-12 08:00:00,0.5182701,0.5966879,2024-03-12,8
2024-03-12 09:00:00,0.7502486,0.8672972,2024-03-12,9
2024-03-12 10:00:00,0.9097919,1.048497,2024-03-12,10
2024-03-12 11:00:00,1.000004,1.151407,2024-03-12,11
2024-03-12 12:00:00,0.9448815,1.087667,2024-03-12,12
2024-03-12 13:00:00,0.9011529,1.041069,2024-03-12,13
2024-03-12 14:00:00,0.5580688,0.6300132,2024-03-12,14
2024-03-12 15:00:00,0.4487912,0.5227441,2024-03-12,15
2024-03-12 16:00:00,0.2746683,0.3363595,2024-03-12,16
2024-03-12 17:00:00,0.0384016,0.06868012,2024-03-12,17
2024-03-12 18:00:00,0.0,0.0,2024-03-12,18
2024-03-12 19:00:00,0.0,0.0,2024-03-12,19
2024-03-12 20:00:00,0.0,0.0,2024-03-12,20
2024-03-12 21:00:00,0.0,0.0,2024-03-12,21
2024-03-12 22:00:00,0.0,0.0,2024-03-12,22
2024-03-12 23:00:00,0.0,0.0,2024-03-12,23
2024-03-13 00:00:00,0.0,0.0,2024-03-13,0
2024-03-13 01:00:00,0.0,0.0,2024-03-13,1
2024-03-13 02:00:00,0.0,0.0,2024-03-13,2
2024-03-13 03:00:00,0.0,0.0,2024-03-13,3
2024-03-13 04:00:00,0.0,0.0,2024-03-13,4
2024-03-13 05:00:00,0.001015126,0.0,2024-03-13,5
2024-03-13 06:00:00,0.02049043,0.01997645,2024-03-13,6
2024-03-13 07:00:00,0.08164565,0.07963889,2024-03-13,7
2024-03-13 08:00:00,0.1629815,0.1591226,2024-03-13,8
2024-03-13 09:00:00,0.5440907,0.5923494,2024-03-13,9
2024-03-13 10:00:00,0.5278112,0.5511401,2024-03-13,10
2024-03-13 11:00:00,0.7893348,0.8902833,2024-03-13,11
2024-03-13 12:00:00,0.7588632,0.8528595,2024-03-13,12
2024-03-13 13:00:00,0.8011997,0.9195855,2024-03-13,13
2024-03-13 14:00:00,0.6120018,0.6998018,2024-03-13,14
2024-03-13 15:00:00,0.4211827,0.4822375,2024-03-13,15
2024-03-13 16:00:00,0.2065573,0.2356393,2024-03-13,16
2024-03-13 17:00:00,0.03179796,0.04395113,2024-03-13,17
2024-03-13 18:00:00,0.0,0.0,2024-03-13,18
2024-03-13 19:00:00,0.0,0.0,2024-03-13,19
2024-03-13 20:00:00,0.0,0.0,2024-03-13,20
2024-03-13 21:00:00,0.0,0.0,2024-03-13,21
2024-03-13 22:00:00,0.0,0.0,2024-03-13,22
2024-03-13 23:00:00,0.0,0.0,2024-03-13,23
2024-03-14 00:00:00,0.0,0.0,2024-03-14,0
2024-03-14 01:00:00,0.0,0.0,2024-03-14,1
2024-03-14 02:00:00,0.0,0.0,2024-03-14,2
2024-03-14 03:00:00,0.0,0.0,2024-03-14,3
2024-03-14 04:00:00,0.0,0.0,2024-03-14,4
2024-03-14 05:00:00,0.00182665,0.0,2024-03-14,5
2024-03-14 06:00:00,0.05960373,0.05912146,2024-03-14,6
2024-03-14 07:00:00,0.3005568,0.3383497,2024-03-14,7
2024-03-14 08:00:00,0.354003,0.3687895,2024-03-14,8
2024-03-14 09:00:00,0.3327414,0.3304861,2024-03-14,9
2024-03-14 10:00:00,0.4766236,0.4869699,2024-03-14,10
2024-03-14 11:00:00,0.4674849,0.4719814,2024-03-14,11
2024-03-14 12:00:00,0.4180109,0.4171748,2024-03-14,12
2024-03-14 13:00:00,0.6141555,0.6717032,2024-03-14,13
2024-03-14 14:00:00,0.5096915,0.5588826,2024-03-14,14
2024-03-14 15:00:00,0.2004359,0.1979748,2024-03-14,15
2024-03-14 16:00:00,0.1068627,0.1055244,2024-03-14,16
2024-03-14 17:00:00,0.02798295,0.03307151,2024-03-14,17
2024-03-14 18:00:00,0.0,0.0,2024-03-14,18
2024-03-14 19:00:00,0.0,0.0,2024-03-14,19
2024-03-14 20:00:00,0.0,0.0,2024-03-14,20
2024-03-14 21:00:00,0.0,0.0,2024-03-14,21
2024-03-14 22:00:00,0.0,0.0,2024-03-14,22
2024-03-14 23:00:00,0.0,0.0,2024-03-14,23
2024-03-15 00:00:00,0.0,0.0,2024-03-15,0
2024-03-15 01:00:00,0.0,0.0,2024-03-15,1
2024-03-15 02:00:00,0.0,0.0,2024-03-15,2
2024-03-15 03:00:00,0.0,0.0,2024-03-15,3
2024-03-15 04:00:00,0.0,0.0,2024-03-15,4
2024-03-15 05:00:00,0.001235733,0.0,2024-03-15,5
2024-03-15 06:00:00,0.009578682,0.009314372,2024-03-15,6
2024-03-15 07:00:00,0.0169953,0.01651466,2024-03-15,7
2024-03-15 08:00:00,0.07107337,0.06915679,2024-03-15,8
2024-03-15 09:00:00,0.01885616,0.01831494,2024-03-15,9
2024-03-15 10:00:00,0.05778174,0.05616548,2024-03-15,10
2024-03-15 11:00:00,0.1358644,0.1322536,2024-03-15,11
2024-03-15 12:00:00,0.1576574,0.1535427,2024-03-15,12
2024-03-15 13:00:00,0.1639993,0.1597973,2024-03-15,13
2024-03-15 14:00:00,0.008230253,0.007991951,2024-03-15,14
2024-03-15 15:00:00,0.04127426,0.0401357,2024-03-15,15
2024-03-15 16:00:00,0.03820937,0.03720788,2024-03-15,16
2024-03-15 17:00:00,0.005864638,0.005731348,2024-03-15,17
2024-03-15 18:00:00,0.0,0.0,2024-03-15,18
2024-03-15 19:00:00,0.0,0.0,2024-03-15,19
2024-03-15 20:00:00,0.0,0.0,2024-03-15,20
2024-03-15 21:00:00,0.0,0.0,2024-03-15,21
2024-03-15 22:00:00,0.0,0.0,2024-03-15,22
2024-03-15 23:00:00,0.0,0.0,2024-03-15,23
2024-03-16 00:00:00,0.0,0.0,2024-03-16,0
2024-03-16 01:00:00,0.0,0.0,2024-03-16,1
2024-03-16 02:00:00,0.0,0.0,2024-03-16,2
2024-03-16 03:00:00,0.0,0.0,2024-03-16,3
2024-03-16 04:00:00,0.0,0.0,2024-03-16,4
2024-03-16 05:00:00,0.003312287,0.0,2024-03-16,5
2024-03-16 06:00:00,0.1125999,0.1256047,2024-03-16,6
2024-03-16 07:00:00,0.3233316,0.3644644,2024-03-16,7
2024-03-16 08:00:00,0.4036295,0.4300417,2024-03-16,8
2024-03-16 09:00:00,0.536492,0.5759234,2024-03-16,9
2024-03-16 10:00:00,0.5552073,0.582015,2024-03-16,10
2024-03-16 11:00:00,0.7022991,0.7665191,2024-03-16,11
2024-03-16 12:00:00,0.7103228,0.7803804,2024-03-16,12
2024-03-16 13:00:00,0.2554344,0.2495153,2024-03-16,13
2024-03-16 14:00:00,0.3454944,0.3479154,2024-03-16,14
2024-03-16 15:00:00,0.4166885,0.4681681,2024-03-16,15
2024-03-16 16:00:00,0.1096709,0.1082032,2024-03-16,16
2024-03-16 17:00:00,0.02196047,0.0223664,2024-03-16,17
2024-03-16 18:00:00,0.0,0.0,2024-03-16,18
2024-03-16 19:00:00,0.0,0.0,2024-03-16,19
2024-03-16 20:00:00,0.0,0.0,2024-03-16,20
2024-03-16 21:00:00,0.0,0.0,2024-03-16,21
2024-03-16 22:00:00,0.0,0.0,2024-03-16,22
2024-03-16 23:00:00,0.0,0.0,2024-03-16,23
2024-03-17 00:00:00,0.0,0.0,2024-03-17,0
2024-03-17 01:00:00,0.0,0.0,2024-03-17,1
2024-03-17 02:00:00,0.0,0.0,2024-03-17,2
2024-03-17 03:00:00,0.0,0.0,2024-03-17,3
2024-03-17 04:00:00,0.0,0.0,2024-03-17,4
2024-03-17 05:00:00,0.004422379,0.0,2024-03-17,5
2024-03-17 06:00:00,0.06997909,0.06954131,2024-03-17,6
2024-03-17 07:00:00,0.199012,0.2004959,2024-03-17,7
2024-03-17 08:00:00,0.3940056,0.4157858,2024-03-17,8
2024-03-17 09:00:00,0.5138677,0.5444442,2024-03-17,9
2024-03-17 10:00:00,0.4029115,0.4010792,2024-03-17,10
2024-03-17 11:00:00,0.4791296,0.483643,2024-03-17,11
2024-03-17 12:00:00,0.260324,0.2540439,2024-03-17,12
2024-03-17 13:00:00,0.2731743,0.267124,2024-03-17,13
2024-03-17 14:00:00,0.2435879,0.2386602,2024-03-17,14
2024-03-17 15:00:00,0.2794876,0.2859178,2024-03-17,15
2024-03-17 16:00:00,0.2236611,0.2513115,2024-03-17,16
2024-03-17 17:00:00,0.03948725,0.04997369,2024-03-17,17
2024-03-17 18:00:00,0.0,0.0,2024-03-17,18
2024-03-17 19:00:00,0.0,0.0,2024-03-17,19
2024-03-17 20:00:00,0.0,0.0,2024-03-17,20
2024-03-17 21:00:00,0.0,0.0,2024-03-17,21
2024-03-17 22:00:00,0.0,0.0,2024-03-17,22
2024-03-17 23:00:00,0.0,0.0,2024-03-17,23
2024-03-18 00:00:00,0.0,0.0,2024-03-18,0
2024-03-18 01:00:00,0.0,0.0,2024-03-18,1
2024-03-18 02:00:00,0.0,0.0,2024-03-18,2
2024-03-18 03:00:00,0.0,0.0,2024-03-18,3
2024-03-18 04:00:00,0.0,0.0,2024-03-18,4
2024-03-18 05:00:00,0.004045668,0.0,2024-03-18,5
2024-03-18 06:00:00,0.09731661,0.1010034,2024-03-18,6
2024-03-18 07:00:00,0.3572143,0.403904,2024-03-18,7
2024-03-18 08:00:00,0.4899925,0.540772,2024-03-18,8
2024-03-18 09:00:00,0.5088986,0.5364133,2024-03-18,9
2024-03-18 10:00:00,0.8903235,1.006447,2024-03-18,10
2024-03-18 11:00:00,0.8283703,0.9262242,2024-03-18,11
2024-03-18 12:00:00,0.8974006,1.012935,2024-03-18,12
2024-03-18 13:00:00,0.6008023,0.6460186,2024-03-18,13
2024-03-18 14:00:00,0.4847223,0.5180858,2024-03-18,14
2024-03-18 15:00:00,0.3864518,0.4227189,2024-03-18,15
2024-03-18 16:00:00,0.2052759,0.2236928,2024-03-18,16
2024-03-18 17:00:00,0.0617822,0.08535616,2024-03-18,17
2024-03-18 18:00:00,0.0,0.0,2024-03-18,18
2024-03-18 19:00:00,0.0,0.0,2024-03-18,19
2024-03-18 20:00:00,0.0,0.0,2024-03-18,20
2024-03-18 21:00:00,0.0,0.0,2024-03-18,21
2024-03-18 22:00:00,0.0,0.0,2024-03-18,22
2024-03-18 23:00:00,0.0,0.0,2024-03-18,23
2024-03-19 00:00:00,0.0,0.0,2024-03-19,0
2024-03-19 01:00:00,0.0,0.0,2024-03-19,1
2024-03-19 02:00:00,0.0,0.0,2024-03-19,2
2024-03-19 03:00:00,0.0,0.0,2024-03-19,3
2024-03-19 04:00:00,0.0,0.0,2024-03-19,4
2024-03-19 05:00:00,0.004773076,0.0,2024-03-19,5
2024-03-19 06:00:00,0.09009787,0.09131083,2024-03-19,6
2024-03-19 07:00:00,0.1762688,0.1745389,2024-03-19,7
2024-03-19 08:00:00,0.4707805,0.5127442,2024-03-19,8
2024-03-19 09:00:00,0.4664668,0.4818033,2024-03-19,9
2024-03-19 10:00:00,0.7660416,0.8510104,2024-03-19,10
2024-03-19 11:00:00,0.5164653,0.5257745,2024-03-19,11
2024-03-19 12:00:00,0.8191319,0.9140653,2024-03-19,12
2024-03-19 13:00:00,0.6041352,0.64856,2024-03-19,13
2024-03-19 14:00:00,0.41523,0.4284872,2024-03-19,14
2024-03-19 15:00:00,0.4268016,0.4740911,2024-03-19,15
2024-03-19 16:00:00,0.2371406,0.265084,2024-03-19,16
2024-03-19 17:00:00,0.05754096,0.0748006,2024-03-19,17
2024-03-19 18:00:00,0.0,0.0,2024-03-19,18
2024-03-19 19:00:00,0.0,0.0,2024-03-19,19
2024-03-19 20:00:00,0.0,0.0,2024-03-19,20
2024-03-19 21:00:00,0.0,0.0,2024-03-19,21
2024-03-19 22:00:00,0.0,0.0,2024-03-19,22
2024-03-19 23:00:00,0.0,0.0,2024-03-19,23
2024-03-20 00:00:00,0.0,0.0,2024-03-20,0
2024-03-20 01:00:00,0.0,0.0,2024-03-20,1
2024-03-20 02:00:00,0.0,0.0,2024-03-20,2
2024-03-20 03:00:00,0.0,0.0,2024-03-20,3
2024-03-20 04:00:00,0.0,0.0,2024-03-20,4
2024-03-20 05:00:00,0.005222158,0.0,2024-03-20,5
2024-03-20 06:00:00,0.1592482,0.1803417,2024-03-20,6
2024-03-20 07:00:00,0.3822611,0.4296003,2024-03-20,7
2024-03-20 08:00:00,0.6032466,0.6784659,2024-03-20,8
2024-03-20 09:00:00,0.8340848,0.9388834,2024-03-20,9
2024-03-20 10:00:00,1.00827,1.135131,2024-03-20,10
2024-03-20 11:00:00,0.8952608,1.002887,2024-03-20,11
2024-03-20 12:00:00,0.8627852,0.9652007,2024-03-20,12
2024-03-20 13:00:00,0.7231318,0.8011836,2024-03-20,13
2024-03-20 14:00:00,0.5802566,0.6394092,2024-03-20,14
2024-03-20 15:00:00,0.414286,0.4552785,2024-03-20,15
2024-03-20 16:00:00,0.2372462,0.2628165,2024-03-20,16
2024-03-20 17:00:00,0.058687,0.07232742,2024-03-20,17
2024-03-20 18:00:00,0.0,0.0,2024-03-20,18
2024-03-20 19:00:00,0.0,0.0,2024-03-20,19
2024-03-20 20:00:00,0.0,0.0,2024-03-20,20
2024-03-20 21:00:00,0.0,0.0,2024-03-20,21
2024-03-20 22:00:00,0.0,0.0,2024-03-20,22
2024-03-20 23:00:00,0.0,0.0,2024-03-20,23
2024-03-21 00:00:00,0.0,0.0,2024-03-21,0
2024-03-21 01:00:00,0.0,0.0,2024-03-21,1
2024-03-21 02:00:00,0.0,0.0,2024-03-21,2
2024-03-21 03:00:00,0.0,0.0,2024-03-21,3
2024-03-21 04:00:00,0.0,0.0,2024-03-21,4
2024-03-21 05:00:00,0.003841871,0.0,2024-03-21,5
2024-03-21 06:00:00,0.02495828,0.0242869,2024-03-21,6
2024-03-21 07:00:00,0.1257371,0.1227224,2024-03-21,7
2024-03-21 08:00:00,0.3794568,0.3919467,2024-03-21,8
2024-03-21 09:00:00,0.4702739,0.484238,2024-03-21,9
2024-03-21 10:00:00,0.6511917,0.6972641,2024-03-21,10
2024-03-21 11:00:00,0.7404384,0.8052272,2024-03-21,11
2024-03-21 12:00:00,0.886325,0.99058,2024-03-21,12
2024-03-21 13:00:00,0.8320171,0.9316322,2024-03-21,13
2024-03-21 14:00:00,0.3938976,0.4012286,2024-03-21,14
2024-03-21 15:00:00,0.3341431,0.3495662,2024-03-21,15
2024-03-21 16:00:00,0.1892632,0.1981503,2024-03-21,16
2024-03-21 17:00:00,0.03280483,0.03353663,2024-03-21,17
2024-03-21 18:00:00,0.0,0.0,2024-03-21,18
2024-03-21 19:00:00,0.0,0.0,2024-03-21,19
2024-03-21 20:00:00,0.0,0.0,2024-03-21,20
2024-03-21 21:00:00,0.0,0.0,2024-03-21,21
2024-03-21 22:00:00,0.0,0.0,2024-03-21,22
2024-03-21 23:00:00,0.0,0.0,2024-03-21,23
2024-03-22 00:00:00,0.0,0.0,2024-03-22,0
2024-03-22 01:00:00,0.0,0.0,2024-03-22,1
2024-03-22 02:00:00,0.0,0.0,2024-03-22,2
2024-03-22 03:00:00,0.0,0.0,2024-03-22,3
2024-03-22 04:00:00,0.0,0.0,2024-03-22,4
2024-03-22 05:00:00,0.01035975,0.0,2024-03-22,5
2024-03-22 06:00:00,0.1609473,0.1765483,2024-03-22,6
2024-03-22 07:00:00,0.3198663,0.3440543,2024-03-22,7
2024-03-22 08:00:00,0.5223563,0.5721638,2024-03-22,8
2024-03-22 09:00:00,0.4008738,0.4023426,2024-03-22,9
2024-03-22 10:00:00,0.3768467,0.371826,2024-03-22,10
2024-03-22 11:00:00,0.6253425,0.6555562,2024-03-22,11
2024-03-22 12:00:00,0.7215258,0.781482,2024-03-22,12
2024-03-22 13:00:00,0.6952749,0.7605406,2024-03-22,13
2024-03-22 14:00:00,0.6269044,0.6935,2024-03-22,14
2024-03-22 15:00:00,0.448135,0.4938996,2024-03-22,15
2024-03-22 16:00:00,0.1947533,0.2038271,2024-03-22,16
2024-03-22 17:00:00,0.03083383,0.03078015,2024-03-22,17
2024-03-22 18:00:00,0.0,0.0,2024-03-22,18
2024-03-22 19:00:00,0.0,0.0,2024-03-22,19
2024-03-22 20:00:00,0.0,0.0,2024-03-22,20
2024-03-22 21:00:00,0.0,0.0,2024-03-22,21
2024-03-22 22:00:00,0.0,0.0,2024-03-22,22
2024-03-22 23:00:00,0.0,0.0,2024-03-22,23
2024-03-23 00:00:00,0.0,0.0,2024-03-23,0
2024-03-23 01:00:00,0.0,0.0,2024-03-23,1
2024-03-23 02:00:00,0.0,0.0,2024-03-23,2
2024-03-23 03:00:00,0.0,0.0,2024-03-23,3
2024-03-23 04:00:00,0.0,0.0,2024-03-23,4
2024-03-23 05:00:00,0.009616252,0.0,2024-03-23,5
2024-03-23 06:00:00,0.09389358,0.0933765,2024-03-23,6
2024-03-23 07:00:00,0.3457191,0.3747545,2024-03-23,7
2024-03-23 08:00:00,0.3953541,0.4089249,2024-03-23,8
2024-03-23 09:00:00,0.5547673,0.5865978,2024-03-23,9
2024-03-23 10:00:00,0.7552925,0.8264875,2024-03-23,10
2024-03-23 11:00:00,0.8241663,0.9069458,2024-03-23,11
2024-03-23 12:00:00,0.8987463,0.999306,2024-03-23,12
2024-03-23 13:00:00,0.8578923,0.9553861,2024-03-23,13
2024-03-23 14:00:00,0.7547414,0.8406256,2024-03-23,14
2024-03-23 15:00:00,0.5356492,0.5954905,2024-03-23,15
2024-03-23 16:00:00,0.2437751,0.2642953,2024-03-23,16
2024-03-23 17:00:00,0.04280808,0.04364346,2024-03-23,17
2024-03-23 18:00:00,0.0,0.0,2024-03-23,18
2024-03-23 19:00:00,0.0,0.0,2024-03-23,19
2024-03-23 20:00:00,0.0,0.0,2024-03-23,20
2024-03-23 21:00:00,0.0,0.0,2024-03-23,21
2024-03-23 22:00:00,0.0,0.0,2024-03-23,22
2024-03-23 23:00:00,0.0,0.0,2024-03-23,23
2024-03-24 00:00:00,0.0,0.0,2024-03-24,0
2024-03-24 01:00:00,0.0,0.0,2024-03-24,1
2024-03-24 02:00:00,0.0,0.0,2024-03-24,2
2024-03-24 03:00:00,0.0,0.0,2024-03-24,3
2024-03-24 04:00:00,0.0,0.0,2024-03-24,4
2024-03-24 05:00:00,0.01057831,0.0,2024-03-24,5
2024-03-24 06:00:00,0.1782356,0.1922529,2024-03-24,6
2024-03-24 07:00:00,0.4177253,0.4600071,2024-03-24,7
2024-03-24 08:00:00,0.5675852,0.6231782,2024-03-24,8
2024-03-24 09:00:00,0.7647446,0.8466088,2024-03-24,9
2024-03-24 10:00:00,0.9338968,1.037456,2024-03-24,10
2024-03-24 11:00:00,1.019968,1.134041,2024-03-24,11
2024-03-24 12:00:00,0.9380819,1.04186,2024-03-24,12
2024-03-24 13:00:00,0.8985399,0.9981495,2024-03-24,13
2024-03-24 14:00:00,0.70806,0.7847447,2024-03-24,14
2024-03-24 15:00:00,0.5170656,0.5713477,2024-03-24,15
2024-03-24 16:00:00,0.1800203,0.1838325,2024-03-24,16
2024-03-24 17:00:00,0.04099504,0.04062665,2024-03-24,17
2024-03-24 18:00:00,0.0,0.0,2024-03-24,18
2024-03-24 19:00:00,0.0,0.0,2024-03-24,19
2024-03-24 20:00:00,0.0,0.0,2024-03-24,20
2024-03-24 21:00:00,0.0,0.0,2024-03-24,21
2024-03-24 22:00:00,0.0,0.0,2024-03-24,22
2024-03-24 23:00:00,0.0,0.0,2024-03-24,23
2024-03-25 00:00:00,0.0,0.0,2024-03-25,0
2024-03-25 01:00:00,0.0,0.0,2024-03-25,1
2024-03-25 02:00:00,0.0,0.0,2024-03-25,2
2024-03-25 03:00:00,0.0,0.0,2024-03-25,3
2024-03-25 04:00:00,0.0,0.0,2024-03-25,4
2024-03-25 05:00:00,0.01077391,0.0,2024-03-25,5
2024-03-25 06:00:00,0.1478382,0.1534688,2024-03-25,6
2024-03-25 07:00:00,0.3673866,0.3966798,2024-03-25,7
2024-03-25 08:00:00,0.4874634,0.5205371,2024-03-25,8
2024-03-25 09:00:00,0.6891598,0.7522423,2024-03-25,9
2024-03-25 10:00:00,0.8967111,0.992189,2024-03-25,10
2024-03-25 11:00:00,0.8685533,0.9560065,2024-03-25,11
2024-03-25 12:00:00,0.5805998,0.5989347,2024-03-25,12
2024-03-25 13:00:00,0.7982943,0.8800187,2024-03-25,13
2024-03-25 14:00:00,0.6493796,0.7128528,2024-03-25,14
2024-03-25 15:00:00,0.491178,0.5383023,2024-03-25,15
2024-03-25 16:00:00,0.2336021,0.2474524,2024-03-25,16
2024-03-25 17:00:00,0.03037013,0.02952804,2024-03-25,17
2024-03-25 18:00:00,0.0,0.0,2024-03-25,18
2024-03-25 19:00:00,0.0,0.0,2024-03-25,19
2024-03-25 20:00:00,0.0,0.0,2024-03-25,20
2024-03-25 21:00:00,0.0,0.0,2024-03-25,21
2024-03-25 22:00:00,0.0,0.0,2024-03-25,22
2024-03-25 23:00:00,0.0,0.0,2024-03-25,23
2024-03-26 00:00:00,0.0,0.0,2024-03-26,0
2024-03-26 01:00:00,0.0,0.0,2024-03-26,1
2024-03-26 02:00:00,0.0,0.0,2024-03-26,2
2024-03-26 03:00:00,0.0,0.0,2024-03-26,3
2024-03-26 04:00:00,0.0,0.0,2024-03-26,4
2024-03-26 05:00:00,0.01155856,0.0,2024-03-26,5
2024-03-26 06:00:00,0.1822076,0.1916829,2024-03-26,6
2024-03-26 07:00:00,0.3337187,0.3528043,2024-03-26,7
2024-03-26 08:00:00,0.638285,0.7008478,2024-03-26,8
2024-03-26 09:00:00,0.8360253,0.9219704,2024-03-26,9
2024-03-26 10:00:00,0.7036677,0.7540407,2024-03-26,10
2024-03-26 11:00:00,0.7259853,0.7759601,2024-03-26,11
2024-03-26 12:00:00,0.6374339,0.6674672,2024-03-26,12
2024-03-26 13:00:00,0.6476476,0.6913573,2024-03-26,13
2024-03-26 14:00:00,0.67149,0.736406,2024-03-26,14
2024-03-26 15:00:00,0.5403443,0.591594,2024-03-26,15
2024-03-26 16:00:00,0.2246376,0.2347761,2024-03-26,16
2024-03-26 17:00:00,0.04204653,0.04018389,2024-03-26,17
2024-03-26 18:00:00,0.0,0.0,2024-03-26,18
2024-03-26 19:00:00,0.0,0.0,2024-03-26,19
2024-03-26 20:00:00,0.0,0.0,2024-03-26,20
2024-03-26 21:00:00,0.0,0.0,2024-03-26,21
2024-03-26 22:00:00,0.0,0.0,2024-03-26,22
2024-03-26 23:00:00,0.0,0.0,2024-03-26,23
2024-03-27 00:00:00,0.0,0.0,2024-03-27,0
2024-03-27 01:00:00,0.0,0.0,2024-03-27,1
2024-03-27 02:00:00,0.0,0.0,2024-03-27,2
2024-03-27 03:00:00,0.0,0.0,2024-03-27,3
2024-03-27 04:00:00,0.0,0.0,2024-03-27,4
2024-03-27 05:00:00,0.008009603,0.0,2024-03-27,5
2024-03-27 06:00:00,0.1381974,0.1395164,2024-03-27,6
2024-03-27 07:00:00,0.365881,0.3898435,2024-03-27,7
2024-03-27 08:00:00,0.5967455,0.6497077,2024-03-27,8
2024-03-27 09:00:00,0.8593476,0.9448893,2024-03-27,9
2024-03-27 10:00:00,0.8265894,0.9037622,2024-03-27,10
2024-03-27 11:00:00,0.7718304,0.8314848,2024-03-27,11
2024-03-27 12:00:00,0.515891,0.5210803,2024-03-27,12
2024-03-27 13:00:00,0.7389674,0.802977,2024-03-27,13
2024-03-27 14:00:00,0.717234,0.7862149,2024-03-27,14
2024-03-27 15:00:00,0.4415416,0.473601,2024-03-27,15
2024-03-27 16:00:00,0.1951095,0.1986307,2024-03-27,16
2024-03-27 17:00:00,0.03509903,0.03358634,2024-03-27,17
2024-03-27 18:00:00,0.0,0.0,2024-03-27,18
2024-03-27 19:00:00,0.0,0.0,2024-03-27,19
2024-03-27 20:00:00,0.0,0.0,2024-03-27,20
2024-03-27 21:00:00,0.0,0.0,2024-03-27,21
2024-03-27 22:00:00,0.0,0.0,2024-03-27,22
2024-03-27 23:00:00,0.0,0.0,2024-03-27,23
2024-03-28 00:00:00,0.0,0.0,2024-03-28,0
2024-03-28 01:00:00,0.0,0.0,2024-03-28,1
2024-03-28 02:00:00,0.0,0.0,2024-03-28,2
2024-03-28 03:00:00,0.0,0.0,2024-03-28,3
2024-03-28 04:00:00,0.0,0.0,2024-03-28,4
2024-03-28 05:00:00,0.01453756,0.0,2024-03-28,5
2024-03-28 06:00:00,0.1311151,0.1308074,2024-03-28,6
2024-03-28 07:00:00,0.3585935,0.3787548,2024-03-28,7
2024-03-28 08:00:00,0.4174806,0.4293486,2024-03-28,8
2024-03-28 09:00:00,0.6874389,0.7423252,2024-03-28,9
2024-03-28 10:00:00,0.6152222,0.6402373,2024-03-28,10
2024-03-28 11:00:00,0.9898804,1.087821,2024-03-28,11
2024-03-28 12:00:00,1.001915,1.101123,2024-03-28,12
2024-03-28 13:00:00,0.8961228,0.982964,2024-03-28,13
2024-03-28 14:00:00,0.7060311,0.7706131,2024-03-28,14
2024-03-28 15:00:00,0.3850915,0.4028608,2024-03-28,15
2024-03-28 16:00:00,0.2510606,0.2622623,2024-03-28,16
2024-03-28 17:00:00,0.04840418,0.04401859,2024-03-28,17
2024-03-28 18:00:00,0.0,0.0,2024-03-28,18
2024-03-28 19:00:00,0.0,0.0,2024-03-28,19
2024-03-28 20:00:00,0.0,0.0,2024-03-28,20
2024-03-28 21:00:00,0.0,0.0,2024-03-28,21
2024-03-28 22:00:00,0.0,0.0,2024-03-28,22
2024-03-28 23:00:00,0.0,0.0,2024-03-28,23
2024-03-29 00:00:00,0.0,0.0,2024-03-29,0
2024-03-29 01:00:00,0.0,0.0,2024-03-29,1
2024-03-29 02:00:00,0.0,0.0,2024-03-29,2
2024-03-29 03:00:00,0.0,0.0,2024-03-29,3
2024-03-29 04:00:00,0.0,0.0,2024-03-29,4
2024-03-29 05:00:00,0.009738531,0.0,2024-03-29,5
2024-03-29 06:00:00,0.09232669,0.0902219,2024-03-29,6
2024-03-29 07:00:00,0.2754824,0.2789836,2024-03-29,7
2024-03-29 08:00:00,0.4005478,0.4082715,2024-03-29,8
2024-03-29 09:00:00,0.3888115,0.3859912,2024-03-29,9
2024-03-29 10:00:00,0.7436855,0.7973986,2024-03-29,10
2024-03-29 11:00:00,0.7023758,0.7408259,2024-03-29,11
2024-03-29 12:00:00,0.840983,0.9136935,2024-03-29,12
2024-03-29 13:00:00,0.8543634,0.9334328,2024-03-29,13
2024-03-29 14:00:00,0.5909188,0.6319798,2024-03-29,14
2024-03-29 15:00:00,0.4639065,0.4956463,2024-03-29,15
2024-03-29 16:00:00,0.2590939,0.2693558,2024-03-29,16
2024-03-29 17:00:00,0.0492868,0.0439516,2024-03-29,17
2024-03-29 18:00:00,0.0,0.0,2024-03-29,18
2024-03-29 19:00:00,0.0,0.0,2024-03-29,19
2024-03-29 20:00:00,0.0,0.0,2024-03-29,20
2024-03-29 21:00:00,0.0,0.0,2024-03-29,21
2024-03-29 22:00:00,0.0,0.0,2024-03-29,22
2024-03-29 23:00:00,0.0,0.0,2024-03-29,23
2024-03-30 00:00:00,0.0,0.0,2024-03-30,0
2024-03-30 01:00:00,0.0,0.0,2024-03-30,1
2024-03-30 02:00:00,0.0,0.0,2024-03-30,2
2024-03-30 03:00:00,0.0,0.0,2024-03-30,3
2024-03-30 04:00:00,0.0,0.0,2024-03-30,4
2024-03-30 05:00:00,0.01722097,0.0,2024-03-30,5
2024-03-30 06:00:00,0.02194161,0.02131792,2024-03-30,6
2024-03-30 07:00:00,0.02711014,0.02633918,2024-03-30,7
2024-03-30 08:00:00,0.04902949,0.04764797,2024-03-30,8
2024-03-30 09:00:00,0.0733542,0.07130472,2024-03-30,9
2024-03-30 10:00:00,0.2447083,0.2384543,2024-03-30,10
2024-03-30 11:00:00,0.0859471,0.08354774,2024-03-30,11
2024-03-30 12:00:00,0.0623268,0.06056761,2024-03-30,12
2024-03-30 13:00:00,0.08011191,0.07787792,2024-03-30,13
2024-03-30 14:00:00,0.07817281,0.07600483,2024-03-30,14
2024-03-30 15:00:00,0.0635002,0.06174051,2024-03-30,15
2024-03-30 16:00:00,0.0610614,0.05939153,2024-03-30,16
2024-03-30 17:00:00,0.01245162,0.01206345,2024-03-30,17
2024-03-30 18:00:00,0.0,0.0,2024-03-30,18
2024-03-30 19:00:00,0.0,0.0,2024-03-30,19
2024-03-30 20:00:00,0.0,0.0,2024-03-30,20
2024-03-30 21:00:00,0.0,0.0,2024-03-30,21
2024-03-30 22:00:00,0.0,0.0,2024-03-30,22
2024-03-30 23:00:00,0.0,0.0,2024-03-30,23
2024-03-31 00:00:00,0.0,0.0,2024-03-31,0
2024-03-31 01:00:00,0.0,0.0,2024-03-31,1
2024-03-31 02:00:00,0.0,0.0,2024-03-31,2
2024-03-31 03:00:00,0.0,0.0,2024-03-31,3
2024-03-31 04:00:00,0.0,0.0,2024-03-31,4
2024-03-31 05:00:00,0.01849896,0.0,2024-03-31,5
2024-03-31 06:00:00,0.1844931,0.1839887,2024-03-31,6
2024-03-31 07:00:00,0.4357104,0.4606874,2024-03-31,7
2024-03-31 08:00:00,0.6528823,0.7027534,2024-03-31,8
2024-03-31 09:00:00,0.8910512,0.9674853,2024-03-31,9
2024-03-31 10:00:00,0.9489631,1.033141,2024-03-31,10
2024-03-31 11:00:00,1.008302,1.099205,2024-03-31,11
2024-03-31 12:00:00,1.002172,1.092121,2024-03-31,12
2024-03-31 13:00:00,0.6650176,0.7034775,2024-03-31,13
2024-03-31 14:00:00,0.6342418,0.6793126,2024-03-31,14
2024-03-31 15:00:00,0.5797429,0.6193885,2024-03-31,15
2024-03-31 16:00:00,0.3042438,0.3139267,2024-03-31,16
2024-03-31 17:00:00,0.0475423,0.04193342,2024-03-31,17
2024-03-31 18:00:00,0.0,0.0,2024-03-31,18
2024-03-31 19:00:00,0.0,0.0,2024-03-31,19
2024-03-31 20:00:00,0.0,0.0,2024-03-31,20
2024-03-31 21:00:00,0.0,0.0,2024-03-31,21
2024-03-31 22:00:00,0.0,0.0,2024-03-31,22
2024-03-31 23:00:00,0.0,0.0,2024-03-31,23
2024-04-01 00:00:00,0.0,0.0,2024-04-01,0
2024-04-01 01:00:00,0.0,0.0,2024-04-01,1
2024-04-01 02:00:00,0.0,0.0,2024-04-01,2
2024-04-01 03:00:00,0.0,0.0,2024-04-01,3
2024-04-01 04:00:00,0.0,0.0,2024-04-01,4
2024-04-01 05:00:00,0.01846659,0.0,2024-04-01,5
2024-04-01 06:00:00,0.151137,0.1485825,2024-04-01,6
2024-04-01 07:00:00,0.2391372,0.2369961,2024-04-01,7
2024-04-01 08:00:00,0.4089261,0.4149528,2024-04-01,8
2024-04-01 09:00:00,0.642775,0.6787727,2024-04-01,9
2024-04-01 10:00:00,0.6452588,0.6710225,2024-04-01,10
2024-04-01 11:00:00,0.2973871,0.2900097,2024-04-01,11
2024-04-01 12:00:00,0.5475796,0.5539895,2024-04-01,12
2024-04-01 13:00:00,0.4114477,0.4077702,2024-04-01,13
2024-04-01 14:00:00,0.3076905,0.3025303,2024-04-01,14
2024-04-01 15:00:00,0.3095556,0.3106651,2024-04-01,15
2024-04-01 16:00:00,0.2325052,0.2344128,2024-04-01,16
2024-04-01 17:00:00,0.06284706,0.04869425,2024-04-01,17
2024-04-01 18:00:00,0.0,0.0,2024-04-01,18
2024-04-01 19:00:00,0.0,0.0,2024-04-01,19
2024-04-01 20:00:00,0.0,0.0,2024-04-01,20
2024-04-01 21:00:00,0.0,0.0,2024-04-01,21
2024-04-01 22:00:00,0.0,0.0,2024-04-01,22
2024-04-01 23:00:00,0.0,0.0,2024-04-01,23
2024-04-02 00:00:00,0.0,0.0,2024-04-02,0
2024-04-02 01:00:00,0.0,0.0,2024-04-02,1
2024-04-02 02:00:00,0.0,0.0,2024-04-02,2
2024-04-02 03:00:00,0.0,0.0,2024-04-02,3
2024-04-02 04:00:00,0.0,0.0,2024-04-02,4
2024-04-02 05:00:00,0.01357884,0.0,2024-04-02,5
2024-04-02 06:00:00,0.158962,0.1556387,2024-04-02,6
2024-04-02 07:00:00,0.2234508,0.2201607,2024-04-02,7
2024-04-02 08:00:00,0.3114245,0.3074341,2024-04-02,8
2024-04-02 09:00:00,0.5073062,0.5158453,2024-04-02,9
2024-04-02 10:00:00,0.6229401,0.6428666,2024-04-02,10
2024-04-02 11:00:00,0.464011,0.4600324,2024-04-02,11
2024-04-02 12:00:00,0.4059427,0.3995234,2024-04-02,12
2024-04-02 13:00:00,0.3343422,0.32752,2024-04-02,13
2024-04-02 14:00:00,0.3597427,0.3569861,2024-04-02,14
2024-04-02 15:00:00,0.3706454,0.3787947,2024-04-02,15
2024-04-02 16:00:00,0.1814287,0.1791523,2024-04-02,16
2024-04-02 17:00:00,0.04028849,0.03695597,2024-04-02,17
2024-04-02 18:00:00,0.0,0.0,2024-04-02,18
2024-04-02 19:00:00,0.0,0.0,2024-04-02,19
2024-04-02 20:00:00,0.0,0.0,2024-04-02,20
2024-04-02 21:00:00,0.0,0.0,2024-04-02,21
2024-04-02 22:00:00,0.0,0.0,2024-04-02,22
2024-04-02 23:00:00,0.0,0.0,2024-04-02,23
2024-04-03 00:00:00,0.0,0.0,2024-04-03,0
2024-04-03 01:00:00,0.0,0.0,2024-04-03,1
2024-04-03 02:00:00,0.0,0.0,2024-04-03,2
2024-04-03 03:00:00,0.0,0.0,2024-04-03,3
2024-04-03 04:00:00,0.0,0.0,2024-04-03,4
2024-04-03 05:00:00,0.02728358,0.00459765,2024-04-03,5
2024-04-03 06:00:00,0.1060185,0.1031299,2024-04-03,6
2024-04-03 07:00:00,0.3108849,0.3136377,2024-04-03,7
2024-04-03 08:00:00,0.5744678,0.6055416,2024-04-03,8
2024-04-03 09:00:00,0.426638,0.424847,2024-04-03,9
2024-04-03 10:00:00,0.502575,0.5033434,2024-04-03,10
2024-04-03 11:00:00,0.2669409,0.2600824,2024-04-03,11
2024-04-03 12:00:00,0.2236457,0.2177828,2024-04-03,12
2024-04-03 13:00:00,0.3710458,0.3649352,2024-04-03,13
2024-04-03 14:00:00,0.248782,0.2428152,2024-04-03,14
2024-04-03 15:00:00,0.3016794,0.3008596,2024-04-03,15
2024-04-03 16:00:00,0.1691219,0.1660524,2024-04-03,16
2024-04-03 17:00:00,0.059488,0.04611106,2024-04-03,17
2024-04-03 18:00:00,0.0,0.0,2024-04-03,18
2024-04-03 19:00:00,0.0,0.0,2024-04-03,19
2024-04-03 20:00:00,0.0,0.0,2024-04-03,20
2024-04-03 21:00:00,0.0,0.0,2024-04-03,21
2024-04-03 22:00:00,0.0,0.0,2024-04-03,22
2024-04-03 23:00:00,0.0,0.0,2024-04-03,23
2024-04-04 00:00:00,0.0,0.0,2024-04-04,0
2024-04-04 01:00:00,0.0,0.0,2024-04-04,1
2024-04-04 02:00:00,0.0,0.0,2024-04-04,2
2024-04-04 03:00:00,0.0,0.0,2024-04-04,3
2024-04-04 04:00:00,0.0,0.0,2024-04-04,4
2024-04-04 05:00:00,0.02081668,0.01265655,2024-04-04,5
2024-04-04 06:00:00,0.1409327,0.1368586,2024-04-04,6
2024-04-04 07:00:00,0.2710378,0.2694117,2024-04-04,7
2024-04-04 08:00:00,0.4813419,0.4949949,2024-04-04,8
2024-04-04 09:00:00,0.4685178,0.4703099,2024-04-04,9
2024-04-04 10:00:00,0.5643799,0.5722883,2024-04-04,10
2024-04-04 11:00:00,0.8490119,0.9067286,2024-04-04,11
2024-04-04 12:00:00,0.8420122,0.8998934,2024-04-04,12
2024-04-04 13:00:00,0.899764,0.9660965,2024-04-04,13
2024-04-04 14:00:00,0.556132,0.5786882,2024-04-04,14
2024-04-04 15:00:00,0.4136742,0.4250927,2024-04-04,15
2024-04-04 16:00:00,0.1795012,0.176147,2024-04-04,16
2024-04-04 17:00:00,0.05335594,0.0438136,2024-04-04,17
2024-04-04 18:00:00,0.0,0.0,2024-04-04,18
2024-04-04 19:00:00,0.0,0.0,2024-04-04,19
2024-04-04 20:00:00,0.0,0.0,2024-04-04,20
2024-04-04 21:00:00,0.0,0.0,2024-04-04,21
2024-04-04 22:00:00,0.0,0.0,2024-04-04,22
2024-04-04 23:00:00,0.0,0.0,2024-04-04,23
2024-04-05 00:00:00,0.0,0.0,2024-04-05,0
2024-04-05 01:00:00,0.0,0.0,2024-04-05,1
2024-04-05 02:00:00,0.0,0.0,2024-04-05,2
2024-04-05 03:00:00,0.0,0.0,2024-04-05,3
2024-04-05 04:00:00,0.0,0.0,2024-04-05,4
2024-04-05 05:00:00,0.01967584,0.01444895,2024-04-05,5
2024-04-05 06:00:00,0.1324082,0.1283622,2024-04-05,6
2024-04-05 07:00:00,0.2649385,0.2623782,2024-04-05,7
2024-04-05 08:00:00,0.6030852,0.6336175,2024-04-05,8
2024-04-05 09:00:00,0.6816091,0.7168903,2024-04-05,9
2024-04-05 10:00:00,0.9333425,1.001658,2024-04-05,10
2024-04-05 11:00:00,0.8481302,0.9033444,2024-04-05,11
2024-04-05 12:00:00,0.5734875,0.5806217,2024-04-05,12
2024-04-05 13:00:00,0.493331,0.4953892,2024-04-05,13
2024-04-05 14:00:00,0.33151,0.326454,2024-04-05,14
2024-04-05 15:00:00,0.2637087,0.2598369,2024-04-05,15
2024-04-05 16:00:00,0.1736249,0.1698113,2024-04-05,16
2024-04-05 17:00:00,0.03358746,0.03176981,2024-04-05,17
2024-04-05 18:00:00,0.0,0.0,2024-04-05,18
2024-04-05 19:00:00,0.0,0.0,2024-04-05,19
2024-04-05 20:00:00,0.0,0.0,2024-04-05,20
2024-04-05 21:00:00,0.0,0.0,2024-04-05,21
2024-04-05 22:00:00,0.0,0.0,2024-04-05,22
2024-04-05 23:00:00,0.0,0.0,2024-04-05,23
2024-04-06 00:00:00,0.0,0.0,2024-04-06,0
2024-04-06 01:00:00,0.0,0.0,2024-04-06,1
2024-04-06 02:00:00,0.0,0.0,2024-04-06,2
2024-04-06 03:00:00,0.0,0.0,2024-04-06,3
2024-04-06 04:00:00,0.0,0.0,2024-04-06,4
2024-04-06 05:00:00,0.02378686,0.01447237,2024-04-06,5
2024-04-06 06:00:00,0.05304729,0.05151404,2024-04-06,6
2024-04-06 07:00:00,0.2331168,0.2289738,2024-04-06,7
2024-04-06 08:00:00,0.1973042,0.1921403,2024-04-06,8
2024-04-06 09:00:00,0.2444845,0.2381747,2024-04-06,9
2024-04-06 10:00:00,0.4616392,0.4575972,2024-04-06,10
2024-04-06 11:00:00,0.7172469,0.7458246,2024-04-06,11
2024-04-06 12:00:00,0.6256803,0.6398515,2024-04-06,12
2024-04-06 13:00:00,0.2030244,0.1976425,2024-04-06,13
2024-04-06 14:00:00,0.3543869,0.3500959,2024-04-06,14
2024-04-06 15:00:00,0.300344,0.2978984,2024-04-06,15
2024-04-06 16:00:00,0.1137611,0.1106273,2024-04-06,16
2024-04-06 17:00:00,0.02574798,0.02475013,2024-04-06,17
2024-04-06 18:00:00,0.0,0.0,2024-04-06,18
2024-04-06 19:00:00,0.0,0.0,2024-04-06,19
2024-04-06 20:00:00,0.0,0.0,2024-04-06,20
2024-04-06 21:00:00,0.0,0.0,2024-04-06,21
2024-04-06 22:00:00,0.0,0.0,2024-04-06,22
2024-04-06 23:00:00,0.0,0.0,2024-04-06,23
2024-04-07 00:00:00,0.0,0.0,2024-04-07,0
2024-04-07 01:00:00,0.0,0.0,2024-04-07,1
2024-04-07 02:00:00,0.0,0.0,2024-04-07,2
2024-04-07 03:00:00,0.0,0.0,2024-04-07,3
2024-04-07 04:00:00,0.0,0.0,2024-04-07,4
2024-04-07 05:00:00,0.03408539,0.007483884,2024-04-07,5
2024-04-07 06:00:00,0.1729121,0.1654922,2024-04-07,6
2024-04-07 07:00:00,0.258014,0.254233,2024-04-07,7
2024-04-07 08:00:00,0.5391426,0.5566034,2024-04-07,8
2024-04-07 09:00:00,0.7552781,0.7976303,2024-04-07,9
2024-04-07 10:00:00,0.8723113,0.9280927,2024-04-07,10
2024-04-07 11:00:00,0.8213267,0.867406,2024-04-07,11
2024-04-07 12:00:00,0.9856424,1.053596,2024-04-07,12
2024-04-07 13:00:00,0.9031374,0.9611816,2024-04-07,13
2024-04-07 14:00:00,0.6242222,0.651773,2024-04-07,14
2024-04-07 15:00:00,0.3687678,0.3709594,2024-04-07,15
2024-04-07 16:00:00,0.2034305,0.198224,2024-04-07,16
2024-04-07 17:00:00,0.03671277,0.03434696,2024-04-07,17
2024-04-07 18:00:00,0.0,0.0,2024-04-07,18
2024-04-07 19:00:00,0.0,0.0,2024-04-07,19
2024-04-07 20:00:00,0.0,0.0,2024-04-07,20
2024-04-07 21:00:00,0.0,0.0,2024-04-07,21
2024-04-07 22:00:00,0.0,0.0,2024-04-07,22
2024-04-07 23:00:00,0.0,0.0,2024-04-07,23
2024-04-08 00:00:00,0.0,0.0,2024-04-08,0
2024-04-08 01:00:00,0.0,0.0,2024-04-08,1
2024-04-08 02:00:00,0.0,0.0,2024-04-08,2
2024-04-08 03:00:00,0.0,0.0,2024-04-08,3
2024-04-08 04:00:00,0.0,0.0,2024-04-08,4
2024-04-08 05:00:00,0.03526507,0.008906831,2024-04-08,5
2024-04-08 06:00:00,0.1035479,0.100381,2024-04-08,6
2024-04-08 07:00:00,0.3145424,0.3127473,2024-04-08,7
2024-04-08 08:00:00,0.3677844,0.3647741,2024-04-08,8
2024-04-08 09:00:00,0.4451013,0.4425351,2024-04-08,9
2024-04-08 10:00:00,0.7868804,0.827462,2024-04-08,10
2024-04-08 11:00:00,0.8208935,0.8647982,2024-04-08,11
2024-04-08 12:00:00,0.984696,1.04979,2024-04-08,12
2024-04-08 13:00:00,0.7978715,0.8427545,2024-04-08,13
2024-04-08 14:00:00,0.4944695,0.5020537,2024-04-08,14
2024-04-08 15:00:00,0.4576958,0.4667421,2024-04-08,15
2024-04-08 16:00:00,0.1932474,0.1877152,2024-04-08,16
2024-04-08 17:00:00,0.05723827,0.04484231,2024-04-08,17
2024-04-08 18:00:00,0.0,0.0,2024-04-08,18
2024-04-08 19:00:00,0.0,0.0,2024-04-08,19
2024-04-08 20:00:00,0.0,0.0,2024-04-08,20
2024-04-08 21:00:00,0.0,0.0,2024-04-08,21
2024-04-08 22:00:00,0.0,0.0,2024-04-08,22
2024-04-08 23:00:00,0.0,0.0,2024-04-08,23
2024-04-09 00:00:00,0.0,0.0,2024-04-09,0
2024-04-09 01:00:00,0.0,0.0,2024-04-09,1
2024-04-09 02:00:00,0.0,0.0,2024-04-09,2
2024-04-09 03:00:00,0.0,0.0,2024-04-09,3
2024-04-09 04:00:00,0.0,0.0,2024-04-09,4
2024-04-09 05:00:00,0.02660656,0.01819351,2024-04-09,5
2024-04-09 06:00:00,0.1048825,0.1016221,2024-04-09,6
2024-04-09 07:00:00,0.2491037,0.2444067,2024-04-09,7
2024-04-09 08:00:00,0.4086251,0.4080396,2024-04-09,8
2024-04-09 09:00:00,0.3544945,0.3475826,2024-04-09,9
2024-04-09 10:00:00,0.4227393,0.4159852,2024-04-09,10
2024-04-09 11:00:00,0.366987,0.358745,2024-04-09,11
2024-04-09 12:00:00,0.6426073,0.6562704,2024-04-09,12
2024-04-09 13:00:00,0.7430869,0.7781744,2024-04-09,13
2024-04-09 14:00:00,0.5988482,0.619014,2024-04-09,14
2024-04-09 15:00:00,0.2161932,0.2110083,2024-04-09,15
2024-04-09 16:00:00,0.2221275,0.2146208,2024-04-09,16
2024-04-09 17:00:00,0.03000262,0.02868336,2024-04-09,17
2024-04-09 18:00:00,0.0,0.0,2024-04-09,18
2024-04-09 19:00:00,0.0,0.0,2024-04-09,19
2024-04-09 20:00:00,0.0,0.0,2024-04-09,20
2024-04-09 21:00:00,0.0,0.0,2024-04-09,21
2024-04-09 22:00:00,0.0,0.0,2024-04-09,22
2024-04-09 23:00:00,0.0,0.0,2024-04-09,23
2024-04-10 00:00:00,0.0,0.0,2024-04-10,0
2024-04-10 01:00:00,0.0,0.0,2024-04-10,1
2024-04-10 02:00:00,0.0,0.0,2024-04-10,2
2024-04-10 03:00:00,0.0,0.0,2024-04-10,3
2024-04-10 04:00:00,0.0,0.0,2024-04-10,4
2024-04-10 05:00:00,0.04203116,0.00756866,2024-04-10,5
2024-04-10 06:00:00,0.2462994,0.2270165,2024-04-10,6
2024-04-10 07:00:00,0.4662613,0.4693605,2024-04-10,7
2024-04-10 08:00:00,0.5631452,0.5781517,2024-04-10,8
2024-04-10 09:00:00,0.7951052,0.834928,2024-04-10,9
2024-04-10 10:00:00,0.910408,0.9630753,2024-04-10,10
2024-04-10 11:00:00,0.8635537,0.9098614,2024-04-10,11
2024-04-10 12:00:00,0.7990902,0.8367158,2024-04-10,12
2024-04-10 13:00:00,0.6923512,0.71793,2024-04-10,13
2024-04-10 14:00:00,0.5489746,0.5610418,2024-04-10,14
2024-04-10 15:00:00,0.5700175,0.5802234,2024-04-10,15
2024-04-10 16:00:00,0.3655835,0.3477356,2024-04-10,16
2024-04-10 17:00:00,0.09606503,0.04974999,2024-04-10,17
2024-04-10 18:00:00,0.0,0.0,2024-04-10,18
2024-04-10 19:00:00,0.0,0.0,2024-04-10,19
2024-04-10 20:00:00,0.0,0.0,2024-04-10,20
2024-04-10 21:00:00,0.0,0.0,2024-04-10,21
2024-04-10 22:00:00,0.0,0.0,2024-04-10,22
2024-04-10 23:00:00,0.0,0.0,2024-04-10,23
2024-04-11 00:00:00,0.0,0.0,2024-04-11,0
2024-04-11 01:00:00,0.0,0.0,2024-04-11,1
2024-04-11 02:00:00,0.0,0.0,2024-04-11,2
2024-04-11 03:00:00,0.0,0.0,2024-04-11,3
2024-04-11 04:00:00,0.0,0.0,2024-04-11,4
2024-04-11 05:00:00,0.04611826,0.006506272,2024-04-11,5
2024-04-11 06:00:00,0.2129279,0.1976361,2024-04-11,6
2024-04-11 07:00:00,0.4147546,0.4142011,2024-04-11,7
2024-04-11 08:00:00,0.7642581,0.7914906,2024-04-11,8
2024-04-11 09:00:00,0.8178869,0.857416,2024-04-11,9
2024-04-11 10:00:00,0.7715778,0.8037568,2024-04-11,10
2024-04-11 11:00:00,0.8207037,0.8584946,2024-04-11,11
2024-04-11 12:00:00,0.5857521,0.5899726,2024-04-11,12
2024-04-11 13:00:00,0.4971654,0.4962579,2024-04-11,13
2024-04-11 14:00:00,0.6247107,0.6440889,2024-04-11,14
2024-04-11 15:00:00,0.5496184,0.5567445,2024-04-11,15
2024-04-11 16:00:00,0.3410487,0.3219486,2024-04-11,16
2024-04-11 17:00:00,0.1004562,0.05017411,2024-04-11,17
2024-04-11 18:00:00,0.0,0.0,2024-04-11,18
2024-04-11 19:00:00,0.0,0.0,2024-04-11,19
2024-04-11 20:00:00,0.0,0.0,2024-04-11,20
2024-04-11 21:00:00,0.0,0.0,2024-04-11,21
2024-04-11 22:00:00,0.0,0.0,2024-04-11,22
2024-04-11 23:00:00,0.0,0.0,2024-04-11,23
2024-04-12 00:00:00,0.0,0.0,2024-04-12,0
2024-04-12 01:00:00,0.0,0.0,2024-04-12,1
2024-04-12 02:00:00,0.0,0.0,2024-04-12,2
2024-04-12 03:00:00,0.0,0.0,2024-04-12,3
2024-04-12 04:00:00,0.0,0.0,2024-04-12,4
2024-04-12 05:00:00,0.06119208,0.003216728,2024-04-12,5
2024-04-12 06:00:00,0.2394544,0.2186836,2024-04-12,6
2024-04-12 07:00:00,0.5001234,0.4993729,2024-04-12,7
2024-04-12 08:00:00,0.3521729,0.3468736,2024-04-12,8
2024-04-12 09:00:00,0.4546861,0.451024,2024-04-12,9
2024-04-12 10:00:00,0.1200992,0.1167574,2024-04-12,10
2024-04-12 11:00:00,0.4856622,0.4800401,2024-04-12,11
2024-04-12 12:00:00,0.7502029,0.7766107,2024-04-12,12
2024-04-12 13:00:00,0.7770087,0.8101673,2024-04-12,13
2024-04-12 14:00:00,0.3259975,0.3195492,2024-04-12,14
2024-04-12 15:00:00,0.2200335,0.2145587,2024-04-12,15
2024-04-12 16:00:00,0.1667872,0.1611092,2024-04-12,16
2024-04-12 17:00:00,0.05030928,0.04329683,2024-04-12,17
2024-04-12 18:00:00,0.0,0.0,2024-04-12,18
2024-04-12 19:00:00,0.0,0.0,2024-04-12,19
2024-04-12 20:00:00,0.0,0.0,2024-04-12,20
2024-04-12 21:00:00,0.0,0.0,2024-04-12,21
2024-04-12 22:00:00,0.0,0.0,2024-04-12,22
2024-04-12 23:00:00,0.0,0.0,2024-04-12,23
2024-04-13 00:00:00,0.0,0.0,2024-04-13,0
2024-04-13 01:00:00,0.0,0.0,2024-04-13,1
2024-04-13 02:00:00,0.0,0.0,2024-04-13,2
2024-04-13 03:00:00,0.0,0.0,2024-04-13,3
2024-04-13 04:00:00,0.0,0.0,2024-04-13,4
2024-04-13 05:00:00,0.04296048,0.01509035,2024-04-13,5
2024-04-13 06:00:00,0.235069,0.2140791,2024-04-13,6
2024-04-13 07:00:00,0.4379356,0.4344836,2024-04-13,7
2024-04-13 08:00:00,0.6971309,0.7165248,2024-04-13,8
2024-04-13 09:00:00,0.9249317,0.9660279,2024-04-13,9
2024-04-13 10:00:00,1.008669,1.060935,2024-04-13,10
2024-04-13 11:00:00,1.000502,1.054383,2024-04-13,11
2024-04-13 12:00:00,0.8856084,0.9284058,2024-04-13,12
2024-04-13 13:00:00,0.7495478,0.7773491,2024-04-13,13
2024-04-13 14:00:00,0.6311737,0.6472322,2024-04-13,14
2024-04-13 15:00:00,0.4502005,0.4496405,2024-04-13,15
2024-04-13 16:00:00,0.298397,0.2784683,2024-04-13,16
2024-04-13 17:00:00,0.08982226,0.04473929,2024-04-13,17
2024-04-13 18:00:00,0.0,0.0,2024-04-13,18
2024-04-13 19:00:00,0.0,0.0,2024-04-13,19
2024-04-13 20:00:00,0.0,0.0,2024-04-13,20
2024-04-13 21:00:00,0.0,0.0,2024-04-13,21
2024-04-13 22:00:00,0.0,0.0,2024-04-13,22
2024-04-13 23:00:00,0.0,0.0,2024-04-13,23
2024-04-14 00:00:00,0.0,0.0,2024-04-14,0
2024-04-14 01:00:00,0.0,0.0,2024-04-14,1
2024-04-14 02:00:00,0.0,0.0,2024-04-14,2
2024-04-14 03:00:00,0.0,0.0,2024-04-14,3
2024-04-14 04:00:00,0.0,0.0,2024-04-14,4
2024-04-14 05:00:00,0.03579845,0.02316632,2024-04-14,5
2024-04-14 06:00:00,0.2079512,0.1917125,2024-04-14,6
2024-04-14 07:00:00,0.2967437,0.2905987,2024-04-14,7
2024-04-14 08:00:00,0.648902,0.6633806,2024-04-14,8
2024-04-14 09:00:00,0.8379923,0.8717228,2024-04-14,9
2024-04-14 10:00:00,0.9310254,0.9755734,2024-04-14,10
2024-04-14 11:00:00,0.7530965,0.7754683,2024-04-14,11
2024-04-14 12:00:00,0.6864498,0.700737,2024-04-14,12
2024-04-14 13:00:00,0.6416101,0.6540934,2024-04-14,13
2024-04-14 14:00:00,0.6272647,0.641028,2024-04-14,14
2024-04-14 15:00:00,0.5481402,0.5477535,2024-04-14,15
2024-04-14 16:00:00,0.3014257,0.2792624,2024-04-14,16
2024-04-14 17:00:00,0.0711862,0.04651881,2024-04-14,17
2024-04-14 18:00:00,0.0,0.0,2024-04-14,18
2024-04-14 19:00:00,0.0,0.0,2024-04-14,19
2024-04-14 20:00:00,0.0,0.0,2024-04-14,20
2024-04-14 21:00:00,0.0,0.0,2024-04-14,21
2024-04-14 22:00:00,0.0,0.0,2024-04-14,22
2024-04-14 23:00:00,0.0,0.0,2024-04-14,23
2024-04-15 00:00:00,0.0,0.0,2024-04-15,0
2024-04-15 01:00:00,0.0,0.0,2024-04-15,1
2024-04-15 02:00:00,0.0,0.0,2024-04-15,2
2024-04-15 03:00:00,0.0,0.0,2024-04-15,3
2024-04-15 04:00:00,0.0,0.0,2024-04-15,4
2024-04-15 05:00:00,0.05142803,0.01229551,2024-04-15,5
2024-04-15 06:00:00,0.2577369,0.2302375,2024-04-15,6
2024-04-15 07:00:00,0.5047056,0.4973745,2024-04-15,7
2024-04-15 08:00:00,0.6950502,0.7096214,2024-04-15,8
2024-04-15 09:00:00,0.6522352,0.6654524,2024-04-15,9
2024-04-15 10:00:00,0.8398169,0.8731273,2024-04-15,10
2024-04-15 11:00:00,0.8069313,0.8352444,2024-04-15,11
2024-04-15 12:00:00,0.8308795,0.8629795,2024-04-15,12
2024-04-15 13:00:00,0.6268935,0.6363704,2024-04-15,13
2024-04-15 14:00:00,0.7015045,0.7184733,2024-04-15,14
2024-04-15 15:00:00,0.446413,0.4424527,2024-04-15,15
2024-04-15 16:00:00,0.2176902,0.2060808,2024-04-15,16
2024-04-15 17:00:00,0.05553311,0.04595355,2024-04-15,17
2024-04-15 18:00:00,0.0,0.0,2024-04-15,18
2024-04-15 19:00:00,0.0,0.0,2024-04-15,19
2024-04-15 20:00:00,0.0,0.0,2024-04-15,20
2024-04-15 21:00:00,0.0,0.0,2024-04-15,21
2024-04-15 22:00:00,0.0,0.0,2024-04-15,22
2024-04-15 23:00:00,0.0,0.0,2024-04-15,23
2024-04-16 00:00:00,0.0,0.0,2024-04-16,0
2024-04-16 01:00:00,0.0,0.0,2024-04-16,1
2024-04-16 02:00:00,0.0,0.0,2024-04-16,2
2024-04-16 03:00:00,0.0,0.0,2024-04-16,3
2024-04-16 04:00:00,0.0,0.0,2024-04-16,4
2024-04-16 05:00:00,0.05204618,0.01466982,2024-04-16,5
2024-04-16 06:00:00,0.2258043,0.2045942,2024-04-16,6
2024-04-16 07:00:00,0.4083962,0.4002558,2024-04-16,7
2024-04-16 08:00:00,0.4980885,0.4983631,2024-04-16,8
2024-04-16 09:00:00,0.7930569,0.8188021,2024-04-16,9
2024-04-16 10:00:00,0.6593212,0.668433,2024-04-16,10
2024-04-16 11:00:00,0.8153234,0.8429694,2024-04-16,11
2024-04-16 12:00:00,0.9740578,1.017234,2024-04-16,12
2024-04-16 13:00:00,0.8575788,0.888865,2024-04-16,13
2024-04-16 14:00:00,0.7555481,0.7724236,2024-04-16,14
2024-04-16 15:00:00,0.5019062,0.4967376,2024-04-16,15
2024-04-16 16:00:00,0.1970951,0.1875916,2024-04-16,16
2024-04-16 17:00:00,0.07065584,0.04739799,2024-04-16,17
2024-04-16 18:00:00,0.0,0.0,2024-04-16,18
2024-04-16 19:00:00,0.0,0.0,2024-04-16,19
2024-04-16 20:00:00,0.0,0.0,2024-04-16,20
2024-04-16 21:00:00,0.0,0.0,2024-04-16,21
2024-04-16 22:00:00,0.0,0.0,2024-04-16,22
2024-04-16 23:00:00,0.0,0.0,2024-04-16,23
2024-04-17 00:00:00,0.0,0.0,2024-04-17,0
2024-04-17 01:00:00,0.0,0.0,2024-04-17,1
2024-04-17 02:00:00,0.0,0.0,2024-04-17,2
2024-04-17 03:00:00,0.0,0.0,2024-04-17,3
2024-04-17 04:00:00,0.0,0.0,2024-04-17,4
2024-04-17 05:00:00,0.03697487,0.02758427,2024-04-17,5
2024-04-17 06:00:00,0.1496078,0.1426803,2024-04-17,6
2024-04-17 07:00:00,0.3437551,0.3354993,2024-04-17,7
2024-04-17 08:00:00,0.6402231,0.6479927,2024-04-17,8
2024-04-17 09:00:00,0.7755352,0.7977287,2024-04-17,9
2024-04-17 10:00:00,0.7409312,0.7587119,2024-04-17,10
2024-04-17 11:00:00,1.04015,1.086041,2024-04-17,11
2024-04-17 12:00:00,0.6937229,0.7053486,2024-04-17,12
2024-04-17 13:00:00,0.6093732,0.6147489,2024-04-17,13
2024-04-17 14:00:00,0.354001,0.3470725,2024-04-17,14
2024-04-17 15:00:00,0.2563637,0.2498845,2024-04-17,15
2024-04-17 16:00:00,0.1804917,0.1725473,2024-04-17,16
2024-04-17 17:00:00,0.06646511,0.0482239,2024-04-17,17
2024-04-17 18:00:00,0.0,0.0,2024-04-17,18
2024-04-17 19:00:00,0.0,0.0,2024-04-17,19
2024-04-17 20:00:00,0.0,0.0,2024-04-17,20
2024-04-17 21:00:00,0.0,0.0,2024-04-17,21
2024-04-17 22:00:00,0.0,0.0,2024-04-17,22
2024-04-17 23:00:00,0.0,0.0,2024-04-17,23
2024-04-18 00:00:00,0.0,0.0,2024-04-18,0
2024-04-18 01:00:00,0.0,0.0,2024-04-18,1
2024-04-18 02:00:00,0.0,0.0,2024-04-18,2
2024-04-18 03:00:00,0.0,0.0,2024-04-18,3
2024-04-18 04:00:00,0.0,0.0,2024-04-18,4
2024-04-18 05:00:00,0.03729668,0.02881694,2024-04-18,5
2024-04-18 06:00:00,0.08794188,0.08520791,2024-04-18,6
2024-04-18 07:00:00,0.08911721,0.08657365,2024-04-18,7
2024-04-18 08:00:00,0.2042597,0.1986778,2024-04-18,8
2024-04-18 09:00:00,0.2922317,0.2846897,2024-04-18,9
2024-04-18 10:00:00,0.1578404,0.1534734,2024-04-18,10
2024-04-18 11:00:00,0.1379228,0.1340814,2024-04-18,11
2024-04-18 12:00:00,0.2055012,0.1999001,2024-04-18,12
2024-04-18 13:00:00,0.1388974,0.135034,2024-04-18,13
2024-04-18 14:00:00,0.181879,0.1768809,2024-04-18,14
2024-04-18 15:00:00,0.2255515,0.2194925,2024-04-18,15
2024-04-18 16:00:00,0.1521778,0.1465824,2024-04-18,16
2024-04-18 17:00:00,0.01855649,0.01787461,2024-04-18,17
2024-04-18 18:00:00,0.0,0.0,2024-04-18,18
2024-04-18 19:00:00,0.0,0.0,2024-04-18,19
2024-04-18 20:00:00,0.0,0.0,2024-04-18,20
2024-04-18 21:00:00,0.0,0.0,2024-04-18,21
2024-04-18 22:00:00,0.0,0.0,2024-04-18,22
2024-04-18 23:00:00,0.0,0.0,2024-04-18,23
2024-04-19 00:00:00,0.0,0.0,2024-04-19,0
2024-04-19 01:00:00,0.0,0.0,2024-04-19,1
2024-04-19 02:00:00,0.0,0.0,2024-04-19,2
2024-04-19 03:00:00,0.0,0.0,2024-04-19,3
2024-04-19 04:00:00,0.0,0.0,2024-04-19,4
2024-04-19 05:00:00,0.04080733,0.02989033,2024-04-19,5
2024-04-19 06:00:00,0.2711921,0.2365535,2024-04-19,6
2024-04-19 07:00:00,0.5573847,0.5402543,2024-04-19,7
2024-04-19 08:00:00,0.7470667,0.753599,2024-04-19,8
2024-04-19 09:00:00,0.8800265,0.9039643,2024-04-19,9
2024-04-19 10:00:00,1.031188,1.068837,2024-04-19,10
2024-04-19 11:00:00,1.004143,1.043189,2024-04-19,11
2024-04-19 12:00:00,1.036057,1.074693,2024-04-19,12
2024-04-19 13:00:00,1.005282,1.035285,2024-04-19,13
2024-04-19 14:00:00,0.7989647,0.8091737,2024-04-19,14
2024-04-19 15:00:00,0.6110193,0.5975527,2024-04-19,15
2024-04-19 16:00:00,0.2951447,0.2655472,2024-04-19,16
2024-04-19 17:00:00,0.07158756,0.04886471,2024-04-19,17
2024-04-19 18:00:00,0.0,0.0,2024-04-19,18
2024-04-19 19:00:00,0.0,0.0,2024-04-19,19
2024-04-19 20:00:00,0.0,0.0,2024-04-19,20
2024-04-19 21:00:00,0.0,0.0,2024-04-19,21
2024-04-19 22:00:00,0.0,0.0,2024-04-19,22
2024-04-19 23:00:00,0.0,0.0,2024-04-19,23
2024-04-20 00:00:00,0.0,0.0,2024-04-20,0
2024-04-20 01:00:00,0.0,0.0,2024-04-20,1
2024-04-20 02:00:00,0.0,0.0,2024-04-20,2
2024-04-20 03:00:00,0.0,0.0,2024-04-20,3
2024-04-20 04:00:00,0.0,0.0,2024-04-20,4
2024-04-20 05:00:00,0.07760445,0.005408864,2024-04-20,5
2024-04-20 06:00:00,0.2367391,0.210685,2024-04-20,6
2024-04-20 07:00:00,0.3178145,0.3085552,2024-04-20,7
2024-04-20 08:00:00,0.4548844,0.4495023,2024-04-20,8
2024-04-20 09:00:00,0.954605,0.9784898,2024-04-20,9
2024-04-20 10:00:00,1.006451,1.040549,2024-04-20,10
2024-04-20 11:00:00,0.7811499,0.7981502,2024-04-20,11
2024-04-20 12:00:00,0.8592344,0.8844219,2024-04-20,12
2024-04-20 13:00:00,0.8782397,0.9011381,2024-04-20,13
2024-04-20 14:00:00,0.3636461,0.3561929,2024-04-20,14
2024-04-20 15:00:00,0.4937285,0.4809238,2024-04-20,15
2024-04-20 16:00:00,0.2892425,0.2594365,2024-04-20,16
2024-04-20 17:00:00,0.07128441,0.04951116,2024-04-20,17
2024-04-20 18:00:00,0.0,0.0,2024-04-20,18
2024-04-20 19:00:00,0.0,0.0,2024-04-20,19
2024-04-20 20:00:00,0.0,0.0,2024-04-20,20
2024-04-20 21:00:00,0.0,0.0,2024-04-20,21
2024-04-20 22:00:00,0.0,0.0,2024-04-20,22
2024-04-20 23:00:00,0.0,0.0,2024-04-20,23
2024-04-21 00:00:00,0.0,0.0,2024-04-21,0
2024-04-21 01:00:00,0.0,0.0,2024-04-21,1
2024-04-21 02:00:00,0.0,0.0,2024-04-21,2
2024-04-21 03:00:00,0.0,0.0,2024-04-21,3
2024-04-21 04:00:00,0.0,0.0,2024-04-21,4
2024-04-21 05:00:00,0.05591727,0.02582416,2024-04-21,5
2024-04-21 06:00:00,0.1094508,0.105785,2024-04-21,6
2024-04-21 07:00:00,0.1595329,0.154972,2024-04-21,7
2024-04-21 08:00:00,0.1663108,0.1616821,2024-04-21,8
2024-04-21 09:00:00,0.5831478,0.5828723,2024-04-21,9
2024-04-21 10:00:00,0.8887651,0.9141129,2024-04-21,10
2024-04-21 11:00:00,0.7659891,0.7799004,2024-04-21,11
2024-04-21 12:00:00,0.5778778,0.5750544,2024-04-21,12
2024-04-21 13:00:00,0.6505255,0.6552521,2024-04-21,13
2024-04-21 14:00:00,0.5405663,0.5378979,2024-04-21,14
2024-04-21 15:00:00,0.3270088,0.3180324,2024-04-21,15
2024-04-21 16:00:00,0.2535055,0.2308563,2024-04-21,16
2024-04-21 17:00:00,0.07656746,0.04919872,2024-04-21,17
2024-04-21 18:00:00,0.0,0.0,2024-04-21,18
2024-04-21 19:00:00,0.0,0.0,2024-04-21,19
2024-04-21 20:00:00,0.0,0.0,2024-04-21,20
2024-04-21 21:00:00,0.0,0.0,2024-04-21,21
2024-04-21 22:00:00,0.0,0.0,2024-04-21,22
2024-04-21 23:00:00,0.0,0.0,2024-04-21,23
2024-04-22 00:00:00,0.0,0.0,2024-04-22,0
2024-04-22 01:00:00,0.0,0.0,2024-04-22,1
2024-04-22 02:00:00,0.0,0.0,2024-04-22,2
2024-04-22 03:00:00,0.0,0.0,2024-04-22,3
2024-04-22 04:00:00,0.0,0.0,2024-04-22,4
2024-04-22 05:00:00,0.06534374,0.01974726,2024-04-22,5
2024-04-22 06:00:00,0.1592785,0.1509623,2024-04-22,6
2024-04-22 07:00:00,0.3134756,0.3035768,2024-04-22,7
2024-04-22 08:00:00,0.7134432,0.7129725,2024-04-22,8
2024-04-22 09:00:00,0.88351,0.900602,2024-04-22,9
2024-04-22 10:00:00,0.9736132,1.001648,2024-04-22,10
2024-04-22 11:00:00,0.795001,0.8104933,2024-04-22,11
2024-04-22 12:00:00,0.9758565,1.004601,2024-04-22,12
2024-04-22 13:00:00,0.8667312,0.884539,2024-04-22,13
2024-04-22 14:00:00,0.7343125,0.7364179,2024-04-22,14
2024-04-22 15:00:00,0.4438198,0.4296724,2024-04-22,15
2024-04-22 16:00:00,0.2435512,0.2225088,2024-04-22,16
2024-04-22 17:00:00,0.1004525,0.0423026,2024-04-22,17
2024-04-22 18:00:00,0.0,0.0,2024-04-22,18
2024-04-22 19:00:00,0.0,0.0,2024-04-22,19
2024-04-22 20:00:00,0.0,0.0,2024-04-22,20
2024-04-22 21:00:00,0.0,0.0,2024-04-22,21
2024-04-22 22:00:00,0.0,0.0,2024-04-22,22
2024-04-22 23:00:00,0.0,0.0,2024-04-22,23
2024-04-23 00:00:00,0.0,0.0,2024-04-23,0
2024-04-23 01:00:00,0.0,0.0,2024-04-23,1
2024-04-23 02:00:00,0.0,0.0,2024-04-23,2
2024-04-23 03:00:00,0.0,0.0,2024-04-23,3
2024-04-23 04:00:00,0.0,0.0,2024-04-23,4
2024-04-23 05:00:00,0.06190456,0.02686195,2024-04-23,5
2024-04-23 06:00:00,0.3202849,0.2699272,2024-04-23,6
2024-04-23 07:00:00,0.5369051,0.5124074,2024-04-23,7
2024-04-23 08:00:00,0.7528032,0.7503119,2024-04-23,8
2024-04-23 09:00:00,0.8761621,0.8907979,2024-04-23,9
2024-04-23 10:00:00,1.013512,1.040622,2024-04-23,10
2024-04-23 11:00:00,1.023833,1.054283,2024-04-23,11
2024-04-23 12:00:00,0.9568011,0.9823666,2024-04-23,12
2024-04-23 13:00:00,0.8352776,0.8495359,2024-04-23,13
2024-04-23 14:00:00,0.8047172,0.80494,2024-04-23,14
2024-04-23 15:00:00,0.6258779,0.6019316,2024-04-23,15
2024-04-23 16:00:00,0.3979017,0.3438069,2024-04-23,16
2024-04-23 17:00:00,0.1258975,0.04440882,2024-04-23,17
2024-04-23 18:00:00,2.14826e-07,0.0,2024-04-23,18
2024-04-23 19:00:00,0.0,0.0,2024-04-23,19
2024-04-23 20:00:00,0.0,0.0,2024-04-23,20
2024-04-23 21:00:00,0.0,0.0,2024-04-23,21
2024-04-23 22:00:00,0.0,0.0,2024-04-23,22
2024-04-23 23:00:00,0.0,0.0,2024-04-23,23
2024-04-24 00:00:00,0.0,0.0,2024-04-24,0
2024-04-24 01:00:00,0.0,0.0,2024-04-24,1
2024-04-24 02:00:00,0.0,0.0,2024-04-24,2
2024-04-24 03:00:00,0.0,0.0,2024-04-24,3
2024-04-24 04:00:00,0.0,0.0,2024-04-24,4
2024-04-24 05:00:00,0.05190754,0.03580808,2024-04-24,5
2024-04-24 06:00:00,0.2634374,0.2272689,2024-04-24,6
2024-04-24 07:00:00,0.4105732,0.3932537,2024-04-24,7
2024-04-24 08:00:00,0.6939035,0.6892468,2024-04-24,8
2024-04-24 09:00:00,0.8897055,0.9024631,2024-04-24,9
2024-04-24 10:00:00,0.8786767,0.8973136,2024-04-24,10
2024-04-24 11:00:00,0.9934076,1.020282,2024-04-24,11
2024-04-24 12:00:00,1.034315,1.060391,2024-04-24,12
2024-04-24 13:00:00,0.9292591,0.9442636,2024-04-24,13
2024-04-24 14:00:00,0.7499267,0.7477065,2024-04-24,14
2024-04-24 15:00:00,0.5493349,0.5264556,2024-04-24,15
2024-04-24 16:00:00,0.305284,0.2661712,2024-04-24,16
2024-04-24 17:00:00,0.09250374,0.0459585,2024-04-24,17
2024-04-24 18:00:00,6.23078e-06,0.0,2024-04-24,18
2024-04-24 19:00:00,0.0,0.0,2024-04-24,19
2024-04-24 20:00:00,0.0,0.0,2024-04-24,20
2024-04-24 21:00:00,0.0,0.0,2024-04-24,21
2024-04-24 22:00:00,0.0,0.0,2024-04-24,22
2024-04-24 23:00:00,0.0,0.0,2024-04-24,23
2024-04-25 00:00:00,0.0,0.0,2024-04-25,0
2024-04-25 01:00:00,0.0,0.0,2024-04-25,1
2024-04-25 02:00:00,0.0,0.0,2024-04-25,2
2024-04-25 03:00:00,0.0,0.0,2024-04-25,3
2024-04-25 04:00:00,0.0,0.0,2024-04-25,4
2024-04-25 05:00:00,0.08288126,0.01530067,2024-04-25,5
2024-04-25 06:00:00,0.2655166,0.2281348,2024-04-25,6
2024-04-25 07:00:00,0.4501584,0.4284995,2024-04-25,7
2024-04-25 08:00:00,0.3880835,0.3794506,2024-04-25,8
2024-04-25 09:00:00,0.3500648,0.3414406,2024-04-25,9
2024-04-25 10:00:00,0.4874263,0.479106,2024-04-25,10
2024-04-25 11:00:00,0.6854321,0.6872433,2024-04-25,11
2024-04-25 12:00:00,0.7996908,0.8110669,2024-04-25,12
2024-04-25 13:00:00,0.5404469,0.5347801,2024-04-25,13
2024-04-25 14:00:00,0.5810017,0.5748179,2024-04-25,14
2024-04-25 15:00:00,0.3478197,0.3360586,2024-04-25,15
2024-04-25 16:00:00,0.1435097,0.1381056,2024-04-25,16
2024-04-25 17:00:00,0.03197701,0.03059351,2024-04-25,17
2024-04-25 18:00:00,7.26779e-06,0.0,2024-04-25,18
2024-04-25 19:00:00,0.0,0.0,2024-04-25,19
2024-04-25 20:00:00,0.0,0.0,2024-04-25,20
2024-04-25 21:00:00,0.0,0.0,2024-04-25,21
2024-04-25 22:00:00,0.0,0.0,2024-04-25,22
2024-04-25 23:00:00,0.0,0.0,2024-04-25,23
2024-04-26 00:00:00,0.0,0.0,2024-04-26,0
2024-04-26 01:00:00,0.0,0.0,2024-04-26,1
2024-04-26 02:00:00,0.0,0.0,2024-04-26,2
2024-04-26 03:00:00,0.0,0.0,2024-04-26,3
2024-04-26 04:00:00,0.0,0.0,2024-04-26,4
2024-04-26 05:00:00,0.06002717,0.03689309,2024-04-26,5
2024-04-26 06:00:00,0.2495569,0.217216,2024-04-26,6
2024-04-26 07:00:00,0.450958,0.4280116,2024-04-26,7
2024-04-26 08:00:00,0.5624442,0.5538408,2024-04-26,8
2024-04-26 09:00:00,0.7938274,0.799577,2024-04-26,9
2024-04-26 10:00:00,1.044328,1.065246,2024-04-26,10
2024-04-26 11:00:00,1.055688,1.080189,2024-04-26,11
2024-04-26 12:00:00,1.014285,1.035094,2024-04-26,12
2024-04-26 13:00:00,0.8961145,0.9059052,2024-04-26,13
2024-04-26 14:00:00,0.7597624,0.7531204,2024-04-26,14
2024-04-26 15:00:00,0.6034177,0.5735003,2024-04-26,15
2024-04-26 16:00:00,0.2808262,0.2462385,2024-04-26,16
2024-04-26 17:00:00,0.09310199,0.04740511,2024-04-26,17
2024-04-26 18:00:00,6.87034e-05,0.0,2024-04-26,18
2024-04-26 19:00:00,0.0,0.0,2024-04-26,19
2024-04-26 20:00:00,0.0,0.0,2024-04-26,20
2024-04-26 21:00:00,0.0,0.0,2024-04-26,21
2024-04-26 22:00:00,0.0,0.0,2024-04-26,22
2024-04-26 23:00:00,0.0,0.0,2024-04-26,23
2024-04-27 00:00:00,0.0,0.0,2024-04-27,0
2024-04-27 01:00:00,0.0,0.0,2024-04-27,1
2024-04-27 02:00:00,0.0,0.0,2024-04-27,2
2024-04-27 03:00:00,0.0,0.0,2024-04-27,3
2024-04-27 04:00:00,0.0,0.0,2024-04-27,4
2024-04-27 05:00:00,0.04727487,0.03963928,2024-04-27,5
2024-04-27 06:00:00,0.1345144,0.1291307,2024-04-27,6
2024-04-27 07:00:00,0.1660798,0.1612302,2024-04-27,7
2024-04-27 08:00:00,0.2659232,0.2586664,2024-04-27,8
2024-04-27 09:00:00,0.5281987,0.5210836,2024-04-27,9
2024-04-27 10:00:00,0.4707096,0.4616253,2024-04-27,10
2024-04-27 11:00:00,0.3918163,0.3822629,2024-04-27,11
2024-04-27 12:00:00,0.556568,0.5497532,2024-04-27,12
2024-04-27 13:00:00,0.498843,0.4908883,2024-04-27,13
2024-04-27 14:00:00,0.3981084,0.388988,2024-04-27,14
2024-04-27 15:00:00,0.4490392,0.4281957,2024-04-27,15
2024-04-27 16:00:00,0.2769475,0.2426387,2024-04-27,16
2024-04-27 17:00:00,0.1056792,0.04302831,2024-04-27,17
2024-04-27 18:00:00,0.000139088,0.0,2024-04-27,18
2024-04-27 19:00:00,0.0,0.0,2024-04-27,19
2024-04-27 20:00:00,0.0,0.0,2024-04-27,20
2024-04-27 21:00:00,0.0,0.0,2024-04-27,21
2024-04-27 22:00:00,0.0,0.0,2024-04-27,22
2024-04-27 23:00:00,0.0,0.0,2024-04-27,23
2024-04-28 00:00:00,0.0,0.0,2024-04-28,0
2024-04-28 01:00:00,0.0,0.0,2024-04-28,1
2024-04-28 02:00:00,0.0,0.0,2024-04-28,2
2024-04-28 03:00:00,0.0,0.0,2024-04-28,3
2024-04-28 04:00:00,0.0,0.0,2024-04-28,4
2024-04-28 05:00:00,0.04387927,0.03887617,2024-04-28,5
2024-04-28 06:00:00,0.2341805,0.2067749,2024-04-28,6
2024-04-28 07:00:00,0.2245824,0.2177043,2024-04-28,7
2024-04-28 08:00:00,0.1738986,0.1689931,2024-04-28,8
2024-04-28 09:00:00,0.6268072,0.6225855,2024-04-28,9
2024-04-28 10:00:00,0.8303782,0.8389585,2024-04-28,10
2024-04-28 11:00:00,0.9095314,0.9239762,2024-04-28,11
2024-04-28 12:00:00,1.039484,1.056301,2024-04-28,12
2024-04-28 13:00:00,0.9041445,0.9097042,2024-04-28,13
2024-04-28 14:00:00,0.7815675,0.7703438,2024-04-28,14
2024-04-28 15:00:00,0.6159684,0.5809192,2024-04-28,15
2024-04-28 16:00:00,0.3120824,0.2658636,2024-04-28,16
2024-04-28 17:00:00,0.08727092,0.05179317,2024-04-28,17
2024-04-28 18:00:00,0.000147273,0.0,2024-04-28,18
2024-04-28 19:00:00,0.0,0.0,2024-04-28,19
2024-04-28 20:00:00,0.0,0.0,2024-04-28,20
2024-04-28 21:00:00,0.0,0.0,2024-04-28,21
2024-04-28 22:00:00,0.0,0.0,2024-04-28,22
2024-04-28 23:00:00,0.0,0.0,2024-04-28,23
2024-04-29 00:00:00,0.0,0.0,2024-04-29,0
2024-04-29 01:00:00,0.0,0.0,2024-04-29,1
2024-04-29 02:00:00,0.0,0.0,2024-04-29,2
2024-04-29 03:00:00,0.0,0.0,2024-04-29,3
2024-04-29 04:00:00,0.0,0.0,2024-04-29,4
2024-04-29 05:00:00,0.006249283,0.006045507,2024-04-29,5
2024-04-29 06:00:00,0.1373916,0.1317609,2024-04-29,6
2024-04-29 07:00:00,0.2343962,0.2270448,2024-04-29,7
2024-04-29 08:00:00,0.6966298,0.6826535,2024-04-29,8
2024-04-29 09:00:00,0.5712951,0.5643215,2024-04-29,9
2024-04-29 10:00:00,0.7159328,0.716228,2024-04-29,10
2024-04-29 11:00:00,0.8221397,0.8296272,2024-04-29,11
2024-04-29 12:00:00,0.7271017,0.7281147,2024-04-29,12
2024-04-29 13:00:00,0.5677276,0.5607188,2024-04-29,13
2024-04-29 14:00:00,0.5615408,0.5505824,2024-04-29,14
2024-04-29 15:00:00,0.2513838,0.2435474,2024-04-29,15
2024-04-29 16:00:00,0.229963,0.2089579,2024-04-29,16
2024-04-29 17:00:00,0.06293301,0.05343053,2024-04-29,17
2024-04-29 18:00:00,3.75405e-05,0.0,2024-04-29,18
2024-04-29 19:00:00,0.0,0.0,2024-04-29,19
2024-04-29 20:00:00,0.0,0.0,2024-04-29,20
2024-04-29 21:00:00,0.0,0.0,2024-04-29,21
2024-04-29 22:00:00,0.0,0.0,2024-04-29,22
2024-04-29 23:00:00,0.0,0.0,2024-04-29,23
2024-04-30 00:00:00,0.0,0.0,2024-04-30,0
2024-04-30 01:00:00,0.0,0.0,2024-04-30,1
2024-04-30 02:00:00,0.0,0.0,2024-04-30,2
2024-04-30 03:00:00,0.0,0.0,2024-04-30,3
2024-04-30 04:00:00,0.0,0.0,2024-04-30,4
2024-04-30 05:00:00,0.1130681,0.01758089,2024-04-30,5
2024-04-30 06:00:00,0.3490076,0.2831936,2024-04-30,6
2024-04-30 07:00:00,0.4891872,0.4572522,2024-04-30,7
2024-04-30 08:00:00,0.6862766,0.6707708,2024-04-30,8
2024-04-30 09:00:00,0.8352451,0.8347324,2024-04-30,9
2024-04-30 10:00:00,0.9985695,1.009694,2024-04-30,10
2024-04-30 11:00:00,1.163178,1.18081,2024-04-30,11
2024-04-30 12:00:00,1.008397,1.020234,2024-04-30,12
2024-04-30 13:00:00,0.9528809,0.9544322,2024-04-30,13
2024-04-30 14:00:00,0.831882,0.8153943,2024-04-30,14
2024-04-30 15:00:00,0.563691,0.5280696,2024-04-30,15
2024-04-30 16:00:00,0.3907242,0.3233158,2024-04-30,16
2024-04-30 17:00:00,0.110661,0.04330235,2024-04-30,17
2024-04-30 18:00:00,0.000405704,0.0,2024-04-30,18
2024-04-30 19:00:00,0.0,0.0,2024-04-30,19
2024-04-30 20:00:00,0.0,0.0,2024-04-30,20
2024-04-30 21:00:00,0.0,0.0,2024-04-30,21
2024-04-30 22:00:00,0.0,0.0,2024-04-30,22
2024-04-30 23:00:00,0.0,0.0,2024-04-30,23
2024-05-01 00:00:00,0.0,0.0,2024-05-01,0
2024-05-01 01:00:00,0.0,0.0,2024-05-01,1
2024-05-01 02:00:00,0.0,0.0,2024-05-01,2
2024-05-01 03:00:00,0.0,0.0,2024-05-01,3
2024-05-01 04:00:00,0.0,0.0,2024-05-01,4
2024-05-01 05:00:00,0.09240478,0.02724353,2024-05-01,5
2024-05-01 06:00:00,0.353231,0.2851903,2024-05-01,6
2024-05-01 07:00:00,0.5991642,0.5554947,2024-05-01,7
2024-05-01 08:00:00,0.7466124,0.7278699,2024-05-01,8
2024-05-01 09:00:00,0.7788411,0.7756352,2024-05-01,9
2024-05-01 10:00:00,0.9289195,0.9364768,2024-05-01,10
2024-05-01 11:00:00,0.9863871,0.9982951,2024-05-01,11
2024-05-01 12:00:00,1.047671,1.057914,2024-05-01,12
2024-05-01 13:00:00,0.8993354,0.8985579,2024-05-01,13
2024-05-01 14:00:00,0.6815556,0.66616,2024-05-01,14
2024-05-01 15:00:00,0.5458972,0.509994,2024-05-01,15
2024-05-01 16:00:00,0.3303066,0.2748923,2024-05-01,16
2024-05-01 17:00:00,0.1346783,0.04122523,2024-05-01,17
2024-05-01 18:00:00,0.000649107,0.0,2024-05-01,18
2024-05-01 19:00:00,0.0,0.0,2024-05-01,19
2024-05-01 20:00:00,0.0,0.0,2024-05-01,20
2024-05-01 21:00:00,0.0,0.0,2024-05-01,21
2024-05-01 22:00:00,0.0,0.0,2024-05-01,22
2024-05-01 23:00:00,0.0,0.0,2024-05-01,23
2024-05-02 00:00:00,0.0,0.0,2024-05-02,0
2024-05-02 01:00:00,0.0,0.0,2024-05-02,1
2024-05-02 02:00:00,0.0,0.0,2024-05-02,2
2024-05-02 03:00:00,0.0,0.0,2024-05-02,3
2024-05-02 04:00:00,6.30913e-07,0.0,2024-05-02,4
2024-05-02 05:00:00,0.04439785,0.04068754,2024-05-02,5
2024-05-02 06:00:00,0.1347116,0.1293508,2024-05-02,6
2024-05-02 07:00:00,0.2043706,0.1981332,2024-05-02,7
2024-05-02 08:00:00,0.486676,0.4737909,2024-05-02,8
2024-05-02 09:00:00,0.7002087,0.693983,2024-05-02,9
2024-05-02 10:00:00,0.9732723,0.9799048,2024-05-02,10
2024-05-02 11:00:00,0.6679826,0.6631933,2024-05-02,11
2024-05-02 12:00:00,0.8234223,0.8257536,2024-05-02,12
2024-05-02 13:00:00,0.7551969,0.7506557,2024-05-02,13
2024-05-02 14:00:00,0.7169783,0.6990019,2024-05-02,14
2024-05-02 15:00:00,0.4771786,0.4472168,2024-05-02,15
2024-05-02 16:00:00,0.2740492,0.2369917,2024-05-02,16
2024-05-02 17:00:00,0.1203746,0.04152263,2024-05-02,17
2024-05-02 18:00:00,0.000717919,0.0,2024-05-02,18
2024-05-02 19:00:00,0.0,0.0,2024-05-02,19
2024-05-02 20:00:00,0.0,0.0,2024-05-02,20
2024-05-02 21:00:00,0.0,0.0,2024-05-02,21
2024-05-02 22:00:00,0.0,0.0,2024-05-02,22
2024-05-02 23:00:00,0.0,0.0,2024-05-02,23
2024-05-03 00:00:00,0.0,0.0,2024-05-03,0
2024-05-03 01:00:00,0.0,0.0,2024-05-03,1
2024-05-03 02:00:00,0.0,0.0,2024-05-03,2
2024-05-03 03:00:00,0.0,0.0,2024-05-03,3
2024-05-03 04:00:00,2.8487e-05,0.0,2024-05-03,4
2024-05-03 05:00:00,0.09781767,0.02906241,2024-05-03,5
2024-05-03 06:00:00,0.1640785,0.1551569,2024-05-03,6
2024-05-03 07:00:00,0.4028601,0.379223,2024-05-03,7
2024-05-03 08:00:00,0.3667273,0.3566548,2024-05-03,8
2024-05-03 09:00:00,0.3391988,0.3302264,2024-05-03,9
2024-05-03 10:00:00,0.3741696,0.3645524,2024-05-03,10
2024-05-03 11:00:00,0.2108517,0.2049837,2024-05-03,11
2024-05-03 12:00:00,0.5130288,0.5031805,2024-05-03,12
2024-05-03 13:00:00,0.5115308,0.5015556,2024-05-03,13
2024-05-03 14:00:00,0.6111232,0.5946348,2024-05-03,14
2024-05-03 15:00:00,0.397742,0.3768065,2024-05-03,15
2024-05-03 16:00:00,0.2775425,0.238556,2024-05-03,16
2024-05-03 17:00:00,0.09412381,0.05421943,2024-05-03,17
2024-05-03 18:00:00,0.000536318,0.0,2024-05-03,18
2024-05-03 19:00:00,0.0,0.0,2024-05-03,19
2024-05-03 20:00:00,0.0,0.0,2024-05-03,20
2024-05-03 21:00:00,0.0,0.0,2024-05-03,21
2024-05-03 22:00:00,0.0,0.0,2024-05-03,22
2024-05-03 23:00:00,0.0,0.0,2024-05-03,23
2024-05-04 00:00:00,0.0,0.0,2024-05-04,0
2024-05-04 01:00:00,0.0,0.0,2024-05-04,1
2024-05-04 02:00:00,0.0,0.0,2024-05-04,2
2024-05-04 03:00:00,0.0,0.0,2024-05-04,3
2024-05-04 04:00:00,6.67723e-05,0.0,2024-05-04,4
2024-05-04 05:00:00,0.06737592,0.04938929,2024-05-04,5
2024-05-04 06:00:00,0.2406991,0.2102015,2024-05-04,6
2024-05-04 07:00:00,0.2417885,0.2337693,2024-05-04,7
2024-05-04 08:00:00,0.2675982,0.2600453,2024-05-04,8
2024-05-04 09:00:00,0.4211431,0.410983,2024-05-04,9
2024-05-04 10:00:00,0.6991016,0.693793,2024-05-04,10
2024-05-04 11:00:00,0.7699171,0.7682374,2024-05-04,11
2024-05-04 12:00:00,0.518018,0.5079792,2024-05-04,12
2024-05-04 13:00:00,0.2559879,0.2488671,2024-05-04,13
2024-05-04 14:00:00,0.202989,0.1972194,2024-05-04,14
2024-05-04 15:00:00,0.1768645,0.1716086,2024-05-04,15
2024-05-04 16:00:00,0.2183931,0.1993781,2024-05-04,16
2024-05-04 17:00:00,0.02253891,0.02168632,2024-05-04,17
2024-05-04 18:00:00,0.000436022,0.0,2024-05-04,18
2024-05-04 19:00:00,0.0,0.0,2024-05-04,19
2024-05-04 20:00:00,0.0,0.0,2024-05-04,20
2024-05-04 21:00:00,0.0,0.0,2024-05-04,21
2024-05-04 22:00:00,0.0,0.0,2024-05-04,22
2024-05-04 23:00:00,0.0,0.0,2024-05-04,23
2024-05-05 00:00:00,0.0,0.0,2024-05-05,0
2024-05-05 01:00:00,0.0,0.0,2024-05-05,1
2024-05-05 02:00:00,0.0,0.0,2024-05-05,2
2024-05-05 03:00:00,0.0,0.0,2024-05-05,3
2024-05-05 04:00:00,0.000166503,0.0,2024-05-05,4
2024-05-05 05:00:00,0.08162026,0.04611294,2024-05-05,5
2024-05-05 06:00:00,0.2813625,0.2337526,2024-05-05,6
2024-05-05 07:00:00,0.365528,0.3459406,2024-05-05,7
2024-05-05 08:00:00,0.5453604,0.528262,2024-05-05,8
2024-05-05 09:00:00,0.4188944,0.4086125,2024-05-05,9
2024-05-05 10:00:00,0.2794839,0.2717699,2024-05-05,10
2024-05-05 11:00:00,0.6115332,0.6029419,2024-05-05,11
2024-05-05 12:00:00,0.230431,0.2240176,2024-05-05,12
2024-05-05 13:00:00,0.5850693,0.5747126,2024-05-05,13
2024-05-05 14:00:00,0.526256,0.5107759,2024-05-05,14
2024-05-05 15:00:00,0.3680473,0.3496158,2024-05-05,15
2024-05-05 16:00:00,0.2723868,0.2342681,2024-05-05,16
2024-05-05 17:00:00,0.0988937,0.05431919,2024-05-05,17
2024-05-05 18:00:00,0.001038644,0.0,2024-05-05,18
2024-05-05 19:00:00,0.0,0.0,2024-05-05,19
2024-05-05 20:00:00,0.0,0.0,2024-05-05,20
2024-05-05 21:00:00,0.0,0.0,2024-05-05,21
2024-05-05 22:00:00,0.0,0.0,2024-05-05,22
2024-05-05 23:00:00,0.0,0.0,2024-05-05,23
2024-05-06 00:00:00,0.0,0.0,2024-05-06,0
2024-05-06 01:00:00,0.0,0.0,2024-05-06,1
2024-05-06 02:00:00,0.0,0.0,2024-05-06,2
2024-05-06 03:00:00,0.0,0.0,2024-05-06,3
2024-05-06 04:00:00,0.000248963,0.0,2024-05-06,4
2024-05-06 05:00:00,0.09728633,0.03749394,2024-05-06,5
2024-05-06 06:00:00,0.1727705,0.1624013,2024-05-06,6
2024-05-06 07:00:00,0.2473561,0.2389026,2024-05-06,7
2024-05-06 08:00:00,0.3392833,0.3295974,2024-05-06,8
2024-05-06 09:00:00,0.5358652,0.5246834,2024-05-06,9
2024-05-06 10:00:00,0.4393501,0.4288284,2024-05-06,10
2024-05-06 11:00:00,0.5197888,0.5092517,2024-05-06,11
2024-05-06 12:00:00,0.7279657,0.7219139,2024-05-06,12
2024-05-06 13:00:00,0.4000038,0.3898518,2024-05-06,13
2024-05-06 14:00:00,0.5309523,0.5145461,2024-05-06,14
2024-05-06 15:00:00,0.4766489,0.4420527,2024-05-06,15
2024-05-06 16:00:00,0.2742012,0.2348688,2024-05-06,16
2024-05-06 17:00:00,0.08128788,0.06039132,2024-05-06,17
2024-05-06 18:00:00,0.00046647,0.0,2024-05-06,18
2024-05-06 19:00:00,0.0,0.0,2024-05-06,19
2024-05-06 20:00:00,0.0,0.0,2024-05-06,20
2024-05-06 21:00:00,0.0,0.0,2024-05-06,21
2024-05-06 22:00:00,0.0,0.0,2024-05-06,22
2024-05-06 23:00:00,0.0,0.0,2024-05-06,23
2024-05-07 00:00:00,0.0,0.0,2024-05-07,0
2024-05-07 01:00:00,0.0,0.0,2024-05-07,1
2024-05-07 02:00:00,0.0,0.0,2024-05-07,2
2024-05-07 03:00:00,0.0,0.0,2024-05-07,3
2024-05-07 04:00:00,0.00029049,0.0,2024-05-07,4
2024-05-07 05:00:00,0.09433269,0.04216999,2024-05-07,5
2024-05-07 06:00:00,0.06582533,0.06375693,2024-05-07,6
2024-05-07 07:00:00,0.3999325,0.3743324,2024-05-07,7
2024-05-07 08:00:00,0.6442087,0.6199606,2024-05-07,8
2024-05-07 09:00:00,0.6800476,0.6681684,2024-05-07,9
2024-05-07 10:00:00,0.5057768,0.4949605,2024-05-07,10
2024-05-07 11:00:00,0.5211298,0.5103887,2024-05-07,11
2024-05-07 12:00:00,0.4755084,0.4646922,2024-05-07,12
2024-05-07 13:00:00,0.5653185,0.5537906,2024-05-07,13
2024-05-07 14:00:00,0.4454476,0.4321006,2024-05-07,14
2024-05-07 15:00:00,0.5307765,0.4871704,2024-05-07,15
2024-05-07 16:00:00,0.3624796,0.2900495,2024-05-07,16
2024-05-07 17:00:00,0.1320579,0.04168029,2024-05-07,17
2024-05-07 18:00:00,0.001471213,0.0,2024-05-07,18
2024-05-07 19:00:00,0.0,0.0,2024-05-07,19
2024-05-07 20:00:00,0.0,0.0,2024-05-07,20
2024-05-07 21:00:00,0.0,0.0,2024-05-07,21
2024-05-07 22:00:00,0.0,0.0,2024-05-07,22
2024-05-07 23:00:00,0.0,0.0,2024-05-07,23
2024-05-08 00:00:00,0.0,0.0,2024-05-08,0
2024-05-08 01:00:00,0.0,0.0,2024-05-08,1
2024-05-08 02:00:00,0.0,0.0,2024-05-08,2
2024-05-08 03:00:00,0.0,0.0,2024-05-08,3
2024-05-08 04:00:00,0.000419113,0.0,2024-05-08,4
2024-05-08 05:00:00,0.03455975,0.03294824,2024-05-08,5
2024-05-08 06:00:00,0.1088734,0.1051881,2024-05-08,6
2024-05-08 07:00:00,0.1553965,0.1507454,2024-05-08,7
2024-05-08 08:00:00,0.09709767,0.09430137,2024-05-08,8
2024-05-08 09:00:00,0.05434746,0.05278185,2024-05-08,9
2024-05-08 10:00:00,0.01206319,0.01171231,2024-05-08,10
2024-05-08 11:00:00,0.05600856,0.05439741,2024-05-08,11
2024-05-08 12:00:00,0.05502747,0.05344394,2024-05-08,12
2024-05-08 13:00:00,0.3053392,0.2969077,2024-05-08,13
2024-05-08 14:00:00,0.1398795,0.1358635,2024-05-08,14
2024-05-08 15:00:00,0.2008913,0.1947236,2024-05-08,15
2024-05-08 16:00:00,0.1019368,0.0986039,2024-05-08,16
2024-05-08 17:00:00,0.07577193,0.06125843,2024-05-08,17
2024-05-08 18:00:00,0.001255554,0.0,2024-05-08,18
2024-05-08 19:00:00,0.0,0.0,2024-05-08,19
2024-05-08 20:00:00,0.0,0.0,2024-05-08,20
2024-05-08 21:00:00,0.0,0.0,2024-05-08,21
2024-05-08 22:00:00,0.0,0.0,2024-05-08,22
2024-05-08 23:00:00,0.0,0.0,2024-05-08,23
2024-05-09 00:00:00,0.0,0.0,2024-05-09,0
2024-05-09 01:00:00,0.0,0.0,2024-05-09,1
2024-05-09 02:00:00,0.0,0.0,2024-05-09,2
2024-05-09 03:00:00,0.0,0.0,2024-05-09,3
2024-05-09 04:00:00,0.000415305,0.0,2024-05-09,4
2024-05-09 05:00:00,0.0633459,0.05350458,2024-05-09,5
2024-05-09 06:00:00,0.1943265,0.1792027,2024-05-09,6
2024-05-09 07:00:00,0.4815538,0.4404098,2024-05-09,7
2024-05-09 08:00:00,0.6934845,0.6636953,2024-05-09,8
2024-05-09 09:00:00,0.6842846,0.6704379,2024-05-09,9
2024-05-09 10:00:00,0.7020779,0.6927071,2024-05-09,10
2024-05-09 11:00:00,1.051986,1.049418,2024-05-09,11
2024-05-09 12:00:00,1.01267,1.006721,2024-05-09,12
2024-05-09 13:00:00,0.9392491,0.9227031,2024-05-09,13
2024-05-09 14:00:00,0.8419402,0.8064355,2024-05-09,14
2024-05-09 15:00:00,0.640177,0.5813494,2024-05-09,15
2024-05-09 16:00:00,0.3459305,0.2762704,2024-05-09,16
2024-05-09 17:00:00,0.1254581,0.04546314,2024-05-09,17
2024-05-09 18:00:00,0.001709033,0.0,2024-05-09,18
2024-05-09 19:00:00,0.0,0.0,2024-05-09,19
2024-05-09 20:00:00,0.0,0.0,2024-05-09,20
2024-05-09 21:00:00,0.0,0.0,2024-05-09,21
2024-05-09 22:00:00,0.0,0.0,2024-05-09,22
2024-05-09 23:00:00,0.0,0.0,2024-05-09,23
2024-05-10 00:00:00,0.0,0.0,2024-05-10,0
2024-05-10 01:00:00,0.0,0.0,2024-05-10,1
2024-05-10 02:00:00,0.0,0.0,2024-05-10,2
2024-05-10 03:00:00,0.0,0.0,2024-05-10,3
2024-05-10 04:00:00,0.000568866,0.0,2024-05-10,4
2024-05-10 05:00:00,0.096632,0.04703388,2024-05-10,5
2024-05-10 06:00:00,0.2193152,0.196553,2024-05-10,6
2024-05-10 07:00:00,0.4370366,0.4031038,2024-05-10,7
2024-05-10 08:00:00,0.7677285,0.7322997,2024-05-10,8
2024-05-10 09:00:00,0.8809314,0.8628121,2024-05-10,9
2024-05-10 10:00:00,0.9180916,0.9100994,2024-05-10,10
2024-05-10 11:00:00,0.8114595,0.8046147,2024-05-10,11
2024-05-10 12:00:00,0.9594862,0.9518995,2024-05-10,12
2024-05-10 13:00:00,0.8418822,0.8252945,2024-05-10,13
2024-05-10 14:00:00,0.6855029,0.6562309,2024-05-10,14
2024-05-10 15:00:00,0.4665424,0.4295839,2024-05-10,15
2024-05-10 16:00:00,0.2250606,0.2031452,2024-05-10,16
2024-05-10 17:00:00,0.08275211,0.06334533,2024-05-10,17
2024-05-10 18:00:00,0.001266755,0.0,2024-05-10,18
2024-05-10 19:00:00,0.0,0.0,2024-05-10,19
2024-05-10 20:00:00,0.0,0.0,2024-05-10,20
2024-05-10 21:00:00,0.0,0.0,2024-05-10,21
2024-05-10 22:00:00,0.0,0.0,2024-05-10,22
2024-05-10 23:00:00,0.0,0.0,2024-05-10,23
2024-05-11 00:00:00,0.0,0.0,2024-05-11,0
2024-05-11 01:00:00,0.0,0.0,2024-05-11,1
2024-05-11 02:00:00,0.0,0.0,2024-05-11,2
2024-05-11 03:00:00,0.0,0.0,2024-05-11,3
2024-05-11 04:00:00,0.001081995,0.0,2024-05-11,4
2024-05-11 05:00:00,0.1131504,0.03717786,2024-05-11,5
2024-05-11 06:00:00,0.3047398,0.2444038,2024-05-11,6
2024-05-11 07:00:00,0.5446654,0.4910194,2024-05-11,7
2024-05-11 08:00:00,0.7729477,0.7356221,2024-05-11,8
2024-05-11 09:00:00,1.006775,0.9842282,2024-05-11,9
2024-05-11 10:00:00,1.063601,1.053256,2024-05-11,10
2024-05-11 11:00:00,0.9233932,0.9169591,2024-05-11,11
2024-05-11 12:00:00,1.045276,1.035517,2024-05-11,12
2024-05-11 13:00:00,0.9170335,0.8973873,2024-05-11,13
2024-05-11 14:00:00,0.7121515,0.6798232,2024-05-11,14
2024-05-11 15:00:00,0.5407215,0.4903303,2024-05-11,15
2024-05-11 16:00:00,0.3190647,0.2580001,2024-05-11,16
2024-05-11 17:00:00,0.09812422,0.0616577,2024-05-11,17
2024-05-11 18:00:00,0.002460126,0.0,2024-05-11,18
2024-05-11 19:00:00,0.0,0.0,2024-05-11,19
2024-05-11 20:00:00,0.0,0.0,2024-05-11,20
2024-05-11 21:00:00,0.0,0.0,2024-05-11,21
2024-05-11 22:00:00,0.0,0.0,2024-05-11,22
2024-05-11 23:00:00,0.0,0.0,2024-05-11,23
2024-05-12 00:00:00,0.0,0.0,2024-05-12,0
2024-05-12 01:00:00,0.0,0.0,2024-05-12,1
2024-05-12 02:00:00,0.0,0.0,2024-05-12,2
2024-05-12 03:00:00,0.0,0.0,2024-05-12,3
2024-05-12 04:00:00,0.000673105,0.0,2024-05-12,4
2024-05-12 05:00:00,0.0113454,0.01096303,2024-05-12,5
2024-05-12 06:00:00,0.1464038,0.1399776,2024-05-12,6
2024-05-12 07:00:00,0.1599663,0.155133,2024-05-12,7
2024-05-12 08:00:00,0.266751,0.2589932,2024-05-12,8
2024-05-12 09:00:00,0.4499283,0.4381105,2024-05-12,9
2024-05-12 10:00:00,0.3966543,0.3862005,2024-05-12,10
2024-05-12 11:00:00,0.5972419,0.5856168,2024-05-12,11
2024-05-12 12:00:00,0.3473922,0.3379243,2024-05-12,12
2024-05-12 13:00:00,0.1894594,0.1840804,2024-05-12,13
2024-05-12 14:00:00,0.06318209,0.06135499,2024-05-12,14
2024-05-12 15:00:00,0.0785918,0.0762799,2024-05-12,15
2024-05-12 16:00:00,0.2046915,0.1886414,2024-05-12,16
2024-05-12 17:00:00,0.06140626,0.05614395,2024-05-12,17
2024-05-12 18:00:00,0.000596408,0.0,2024-05-12,18
2024-05-12 19:00:00,0.0,0.0,2024-05-12,19
2024-05-12 20:00:00,0.0,0.0,2024-05-12,20
2024-05-12 21:00:00,0.0,0.0,2024-05-12,21
2024-05-12 22:00:00,0.0,0.0,2024-05-12,22
2024-05-12 23:00:00,0.0,0.0,2024-05-12,23
2024-05-13 00:00:00,0.0,0.0,2024-05-13,0
2024-05-13 01:00:00,0.0,0.0,2024-05-13,1
2024-05-13 02:00:00,0.0,0.0,2024-05-13,2
2024-05-13 03:00:00,0.0,0.0,2024-05-13,3
2024-05-13 04:00:00,0.002053456,0.0,2024-05-13,4
2024-05-13 05:00:00,0.113414,0.04071092,2024-05-13,5
2024-05-13 06:00:00,0.2767568,0.2289794,2024-05-13,6
2024-05-13 07:00:00,0.3578338,0.3365967,2024-05-13,7
2024-05-13 08:00:00,0.5135014,0.4929794,2024-05-13,8
2024-05-13 09:00:00,0.8266295,0.8052294,2024-05-13,9
2024-05-13 10:00:00,0.8503746,0.8381579,2024-05-13,10
2024-05-13 11:00:00,1.05983,1.050159,2024-05-13,11
2024-05-13 12:00:00,0.9094769,0.8973861,2024-05-13,12
2024-05-13 13:00:00,0.587402,0.5725855,2024-05-13,13
2024-05-13 14:00:00,0.6023191,0.5756149,2024-05-13,14
2024-05-13 15:00:00,0.377837,0.3546921,2024-05-13,15
2024-05-13 16:00:00,0.1876189,0.1755515,2024-05-13,16
2024-05-13 17:00:00,0.04813834,0.04571149,2024-05-13,17
2024-05-13 18:00:00,0.001368779,0.0,2024-05-13,18
2024-05-13 19:00:00,0.0,0.0,2024-05-13,19
2024-05-13 20:00:00,0.0,0.0,2024-05-13,20
2024-05-13 21:00:00,0.0,0.0,2024-05-13,21
2024-05-13 22:00:00,0.0,0.0,2024-05-13,22
2024-05-13 23:00:00,0.0,0.0,2024-05-13,23
2024-05-14 00:00:00,0.0,0.0,2024-05-14,0
2024-05-14 01:00:00,0.0,0.0,2024-05-14,1
2024-05-14 02:00:00,0.0,0.0,2024-05-14,2
2024-05-14 03:00:00,0.0,0.0,2024-05-14,3
2024-05-14 04:00:00,0.001383588,0.0,2024-05-14,4
2024-05-14 05:00:00,0.07073936,0.05853667,2024-05-14,5
2024-05-14 06:00:00,0.2527183,0.2161722,2024-05-14,6
2024-05-14 07:00:00,0.5322219,0.4769124,2024-05-14,7
2024-05-14 08:00:00,0.6019729,0.5732409,2024-05-14,8
2024-05-14 09:00:00,0.8021991,0.7801827,2024-05-14,9
2024-05-14 10:00:00,1.085323,1.069358,2024-05-14,10
2024-05-14 11:00:00,0.7524182,0.7409453,2024-05-14,11
2024-05-14 12:00:00,0.756974,0.7440137,2024-05-14,12
2024-05-14 13:00:00,0.855254,0.8324314,2024-05-14,13
2024-05-14 14:00:00,0.7800987,0.7391816,2024-05-14,14
2024-05-14 15:00:00,0.5104157,0.4616539,2024-05-14,15
2024-05-14 16:00:00,0.2427616,0.2140991,2024-05-14,16
2024-05-14 17:00:00,0.07863194,0.06510626,2024-05-14,17
2024-05-14 18:00:00,0.002172039,0.0,2024-05-14,18
2024-05-14 19:00:00,0.0,0.0,2024-05-14,19
2024-05-14 20:00:00,0.0,0.0,2024-05-14,20
2024-05-14 21:00:00,0.0,0.0,2024-05-14,21
2024-05-14 22:00:00,0.0,0.0,2024-05-14,22
2024-05-14 23:00:00,0.0,0.0,2024-05-14,23
2024-05-15 00:00:00,0.0,0.0,2024-05-15,0
2024-05-15 01:00:00,0.0,0.0,2024-05-15,1
2024-05-15 02:00:00,0.0,0.0,2024-05-15,2
2024-05-15 03:00:00,0.0,0.0,2024-05-15,3
2024-05-15 04:00:00,0.001449998,0.0,2024-05-15,4
2024-05-15 05:00:00,0.02430218,0.02334821,2024-05-15,5
2024-05-15 06:00:00,0.04100446,0.03975054,2024-05-15,6
2024-05-15 07:00:00,0.1553696,0.1506575,2024-05-15,7
2024-05-15 08:00:00,0.2284145,0.2217678,2024-05-15,8
2024-05-15 09:00:00,0.3141434,0.3053108,2024-05-15,9
2024-05-15 10:00:00,0.3069553,0.2983944,2024-05-15,10
2024-05-15 11:00:00,0.2708818,0.2632964,2024-05-15,11
2024-05-15 12:00:00,0.1836289,0.1784253,2024-05-15,12
2024-05-15 13:00:00,0.109295,0.1061603,2024-05-15,13
2024-05-15 14:00:00,0.08914611,0.08656675,2024-05-15,14
2024-05-15 15:00:00,0.1120636,0.1087272,2024-05-15,15
2024-05-15 16:00:00,0.09976113,0.09646704,2024-05-15,16
2024-05-15 17:00:00,0.02441653,0.02350036,2024-05-15,17
2024-05-15 18:00:00,0.000674231,0.0,2024-05-15,18
2024-05-15 19:00:00,0.0,0.0,2024-05-15,19
2024-05-15 20:00:00,0.0,0.0,2024-05-15,20
2024-05-15 21:00:00,0.0,0.0,2024-05-15,21
2024-05-15 22:00:00,0.0,0.0,2024-05-15,22
2024-05-15 23:00:00,0.0,0.0,2024-05-15,23
2024-05-16 00:00:00,0.0,0.0,2024-05-16,0
2024-05-16 01:00:00,0.0,0.0,2024-05-16,1
2024-05-16 02:00:00,0.0,0.0,2024-05-16,2
2024-05-16 03:00:00,0.0,0.0,2024-05-16,3
2024-05-16 04:00:00,0.002875605,0.0,2024-05-16,4
2024-05-16 05:00:00,0.1407486,0.03117107,2024-05-16,5
2024-05-16 06:00:00,0.2802044,0.2299974,2024-05-16,6
2024-05-16 07:00:00,0.3532929,0.3319688,2024-05-16,7
2024-05-16 08:00:00,0.1986745,0.1928975,2024-05-16,8
2024-05-16 09:00:00,0.1870044,0.1816682,2024-05-16,9
2024-05-16 10:00:00,0.2771934,0.2694058,2024-05-16,10
2024-05-16 11:00:00,0.2204353,0.2142192,2024-05-16,11
2024-05-16 12:00:00,0.3508768,0.3412226,2024-05-16,12
2024-05-16 13:00:00,0.4492184,0.4368832,2024-05-16,13
2024-05-16 14:00:00,0.2674411,0.2595982,2024-05-16,14
2024-05-16 15:00:00,0.34774,0.3284664,2024-05-16,15
2024-05-16 16:00:00,0.2970349,0.2436621,2024-05-16,16
2024-05-16 17:00:00,0.04834089,0.04598212,2024-05-16,17
2024-05-16 18:00:00,0.001188741,0.0,2024-05-16,18
2024-05-16 19:00:00,0.0,0.0,2024-05-16,19
2024-05-16 20:00:00,0.0,0.0,2024-05-16,20
2024-05-16 21:00:00,0.0,0.0,2024-05-16,21
2024-05-16 22:00:00,0.0,0.0,2024-05-16,22
2024-05-16 23:00:00,0.0,0.0,2024-05-16,23
2024-05-17 00:00:00,0.0,0.0,2024-05-17,0
2024-05-17 01:00:00,0.0,0.0,2024-05-17,1
2024-05-17 02:00:00,0.0,0.0,2024-05-17,2
2024-05-17 03:00:00,0.0,0.0,2024-05-17,3
2024-05-17 04:00:00,0.000672146,0.0,2024-05-17,4
2024-05-17 05:00:00,0.02633861,0.02528694,2024-05-17,5
2024-05-17 06:00:00,0.100038,0.09668151,2024-05-17,6
2024-05-17 07:00:00,0.2405395,0.2319903,2024-05-17,7
2024-05-17 08:00:00,0.2422118,0.2351192,2024-05-17,8
2024-05-17 09:00:00,0.6492605,0.629857,2024-05-17,9
2024-05-17 10:00:00,0.2557482,0.2485389,2024-05-17,10
2024-05-17 11:00:00,0.3967582,0.3860936,2024-05-17,11
2024-05-17 12:00:00,0.5390034,0.5258685,2024-05-17,12
2024-05-17 13:00:00,0.8504936,0.8237339,2024-05-17,13
2024-05-17 14:00:00,0.6087718,0.5780253,2024-05-17,14
2024-05-17 15:00:00,0.3168903,0.301661,2024-05-17,15
2024-05-17 16:00:00,0.1238394,0.1194651,2024-05-17,16
2024-05-17 17:00:00,0.03273245,0.03140419,2024-05-17,17
2024-05-17 18:00:00,0.001011467,0.0,2024-05-17,18
2024-05-17 19:00:00,0.0,0.0,2024-05-17,19
2024-05-17 20:00:00,0.0,0.0,2024-05-17,20
2024-05-17 21:00:00,0.0,0.0,2024-05-17,21
2024-05-17 22:00:00,0.0,0.0,2024-05-17,22
2024-05-17 23:00:00,0.0,0.0,2024-05-17,23
2024-05-18 00:00:00,0.0,0.0,2024-05-18,0
2024-05-18 01:00:00,0.0,0.0,2024-05-18,1
2024-05-18 02:00:00,0.0,0.0,2024-05-18,2
2024-05-18 03:00:00,0.0,0.0,2024-05-18,3
2024-05-18 04:00:00,0.002332504,0.0,2024-05-18,4
2024-05-18 05:00:00,0.05221561,0.04894658,2024-05-18,5
2024-05-18 06:00:00,0.1837281,0.1712347,2024-05-18,6
2024-05-18 07:00:00,0.3883895,0.3599107,2024-05-18,7
2024-05-18 08:00:00,0.5929872,0.561776,2024-05-18,8
2024-05-18 09:00:00,0.540449,0.5247322,2024-05-18,9
2024-05-18 10:00:00,0.5533182,0.5396971,2024-05-18,10
2024-05-18 11:00:00,0.5658873,0.5526075,2024-05-18,11
2024-05-18 12:00:00,0.3887388,0.3781612,2024-05-18,12
2024-05-18 13:00:00,0.3873558,0.3764864,2024-05-18,13
2024-05-18 14:00:00,0.5687115,0.5411993,2024-05-18,14
2024-05-18 15:00:00,0.3356157,0.3177372,2024-05-18,15
2024-05-18 16:00:00,0.1675448,0.1590156,2024-05-18,16
2024-05-18 17:00:00,0.02897722,0.02784854,2024-05-18,17
2024-05-18 18:00:00,0.001211286,0.0,2024-05-18,18
2024-05-18 19:00:00,0.0,0.0,2024-05-18,19
2024-05-18 20:00:00,0.0,0.0,2024-05-18,20
2024-05-18 21:00:00,0.0,0.0,2024-05-18,21
2024-05-18 22:00:00,0.0,0.0,2024-05-18,22
2024-05-18 23:00:00,0.0,0.0,2024-05-18,23
2024-05-19 00:00:00,0.0,0.0,2024-05-19,0
2024-05-19 01:00:00,0.0,0.0,2024-05-19,1
2024-05-19 02:00:00,0.0,0.0,2024-05-19,2
2024-05-19 03:00:00,0.0,0.0,2024-05-19,3
2024-05-19 04:00:00,0.003188884,0.0,2024-05-19,4
2024-05-19 05:00:00,0.1173195,0.04697282,2024-05-19,5
2024-05-19 06:00:00,0.2154561,0.1938369,2024-05-19,6
2024-05-19 07:00:00,0.3089318,0.2936677,2024-05-19,7
2024-05-19 08:00:00,0.6247573,0.5892998,2024-05-19,8
2024-05-19 09:00:00,0.7098547,0.6862531,2024-05-19,9
2024-05-19 10:00:00,1.041512,1.018257,2024-05-19,10
2024-05-19 11:00:00,0.8447658,0.8286884,2024-05-19,11
2024-05-19 12:00:00,0.5879153,0.5735509,2024-05-19,12
2024-05-19 13:00:00,0.6149288,0.5962099,2024-05-19,13
2024-05-19 14:00:00,0.3553581,0.3439633,2024-05-19,14
2024-05-19 15:00:00,0.3097292,0.2951339,2024-05-19,15
2024-05-19 16:00:00,0.2839703,0.236351,2024-05-19,16
2024-05-19 17:00:00,0.09908479,0.06970747,2024-05-19,17
2024-05-19 18:00:00,0.002389498,0.0,2024-05-19,18
2024-05-19 19:00:00,0.0,0.0,2024-05-19,19
2024-05-19 20:00:00,0.0,0.0,2024-05-19,20
2024-05-19 21:00:00,0.0,0.0,2024-05-19,21
2024-05-19 22:00:00,0.0,0.0,2024-05-19,22
2024-05-19 23:00:00,0.0,0.0,2024-05-19,23
2024-05-20 00:00:00,0.0,0.0,2024-05-20,0
2024-05-20 01:00:00,0.0,0.0,2024-05-20,1
2024-05-20 02:00:00,0.0,0.0,2024-05-20,2
2024-05-20 03:00:00,0.0,0.0,2024-05-20,3
2024-05-20 04:00:00,0.002848378,0.0,2024-05-20,4
2024-05-20 05:00:00,0.04546993,0.04320797,2024-05-20,5
2024-05-20 06:00:00,0.1551855,0.1477251,2024-05-20,6
2024-05-20 07:00:00,0.2766572,0.2649924,2024-05-20,7
2024-05-20 08:00:00,0.3356862,0.3249994,2024-05-20,8
2024-05-20 09:00:00,0.2290863,0.2225337,2024-05-20,9
2024-05-20 10:00:00,0.5380101,0.524211,2024-05-20,10
2024-05-20 11:00:00,0.6842209,0.6690741,2024-05-20,11
2024-05-20 12:00:00,0.611677,0.5965827,2024-05-20,12
2024-05-20 13:00:00,0.7113138,0.6875033,2024-05-20,13
2024-05-20 14:00:00,0.4143024,0.39941,2024-05-20,14
2024-05-20 15:00:00,0.1582103,0.1533902,2024-05-20,15
2024-05-20 16:00:00,0.2190313,0.1987105,2024-05-20,16
2024-05-20 17:00:00,0.08201051,0.06898492,2024-05-20,17
2024-05-20 18:00:00,0.003417794,0.0,2024-05-20,18
2024-05-20 19:00:00,0.0,0.0,2024-05-20,19
2024-05-20 20:00:00,0.0,0.0,2024-05-20,20
2024-05-20 21:00:00,0.0,0.0,2024-05-20,21
2024-05-20 22:00:00,0.0,0.0,2024-05-20,22
2024-05-20 23:00:00,0.0,0.0,2024-05-20,23
2024-05-21 00:00:00,0.0,0.0,2024-05-21,0
2024-05-21 01:00:00,0.0,0.0,2024-05-21,1
2024-05-21 02:00:00,0.0,0.0,2024-05-21,2
2024-05-21 03:00:00,0.0,0.0,2024-05-21,3
2024-05-21 04:00:00,0.002537685,0.0,2024-05-21,4
2024-05-21 05:00:00,0.08681539,0.06405711,2024-05-21,5
2024-05-21 06:00:00,0.2444316,0.2109162,2024-05-21,6
2024-05-21 07:00:00,0.461149,0.4145578,2024-05-21,7
2024-05-21 08:00:00,0.5341311,0.5074368,2024-05-21,8
2024-05-21 09:00:00,0.8884513,0.8540183,2024-05-21,9
2024-05-21 10:00:00,0.8117129,0.7914944,2024-05-21,10
2024-05-21 11:00:00,0.8429779,0.8250316,2024-05-21,11
2024-05-21 12:00:00,0.7313175,0.7133204,2024-05-21,12
2024-05-21 13:00:00,0.6513975,0.6299165,2024-05-21,13
2024-05-21 14:00:00,0.6819651,0.6401909,2024-05-21,14
2024-05-21 15:00:00,0.6125885,0.5397026,2024-05-21,15
2024-05-21 16:00:00,0.3797201,0.2881845,2024-05-21,16
2024-05-21 17:00:00,0.09429809,0.07173413,2024-05-21,17
2024-05-21 18:00:00,0.006356059,0.0,2024-05-21,18
2024-05-21 19:00:00,0.0,0.0,2024-05-21,19
2024-05-21 20:00:00,0.0,0.0,2024-05-21,20
2024-05-21 21:00:00,0.0,0.0,2024-05-21,21
2024-05-21 22:00:00,0.0,0.0,2024-05-21,22
2024-05-21 23:00:00,0.0,0.0,2024-05-21,23
2024-05-22 00:00:00,0.0,0.0,2024-05-22,0
2024-05-22 01:00:00,0.0,0.0,2024-05-22,1
2024-05-22 02:00:00,0.0,0.0,2024-05-22,2
2024-05-22 03:00:00,0.0,0.0,2024-05-22,3
2024-05-22 04:00:00,0.004494412,0.0,2024-05-22,4
2024-05-22 05:00:00,0.1028748,0.0597013,2024-05-22,5
2024-05-22 06:00:00,0.192943,0.1781453,2024-05-22,6
2024-05-22 07:00:00,0.2421982,0.2333503,2024-05-22,7
2024-05-22 08:00:00,0.250796,0.2433572,2024-05-22,8
2024-05-22 09:00:00,0.4506457,0.437367,2024-05-22,9
2024-05-22 10:00:00,0.7398123,0.7206914,2024-05-22,10
2024-05-22 11:00:00,0.6687817,0.6529381,2024-05-22,11
2024-05-22 12:00:00,0.6077051,0.5920308,2024-05-22,12
2024-05-22 13:00:00,0.5692952,0.5513641,2024-05-22,13
2024-05-22 14:00:00,0.3591509,0.3473309,2024-05-22,14
2024-05-22 15:00:00,0.2573509,0.2476918,2024-05-22,15
2024-05-22 16:00:00,0.1818797,0.1710275,2024-05-22,16
2024-05-22 17:00:00,0.07726217,0.0677932,2024-05-22,17
2024-05-22 18:00:00,0.003026543,0.0,2024-05-22,18
2024-05-22 19:00:00,0.0,0.0,2024-05-22,19
2024-05-22 20:00:00,0.0,0.0,2024-05-22,20
2024-05-22 21:00:00,0.0,0.0,2024-05-22,21
2024-05-22 22:00:00,0.0,0.0,2024-05-22,22
2024-05-22 23:00:00,0.0,0.0,2024-05-22,23
2024-05-23 00:00:00,0.0,0.0,2024-05-23,0
2024-05-23 01:00:00,0.0,0.0,2024-05-23,1
2024-05-23 02:00:00,0.0,0.0,2024-05-23,2
2024-05-23 03:00:00,0.0,0.0,2024-05-23,3
2024-05-23 04:00:00,0.002813792,0.0,2024-05-23,4
2024-05-23 05:00:00,0.01918993,0.01849376,2024-05-23,5
2024-05-23 06:00:00,0.08204431,0.07935257,2024-05-23,6
2024-05-23 07:00:00,0.1585386,0.1536624,2024-05-23,7
2024-05-23 08:00:00,0.1845022,0.179095,2024-05-23,8
2024-05-23 09:00:00,0.2060304,0.2001151,2024-05-23,9
2024-05-23 10:00:00,0.09708774,0.09429788,2024-05-23,10
2024-05-23 11:00:00,0.1304785,0.1267457,2024-05-23,11
2024-05-23 12:00:00,0.09864924,0.09581528,2024-05-23,12
2024-05-23 13:00:00,0.2501786,0.243008,2024-05-23,13
2024-05-23 14:00:00,0.2864164,0.2777674,2024-05-23,14
2024-05-23 15:00:00,0.1664009,0.1612932,2024-05-23,15
2024-05-23 16:00:00,0.04293517,0.04162006,2024-05-23,16
2024-05-23 17:00:00,0.04292686,0.0410526,2024-05-23,17
2024-05-23 18:00:00,0.003089801,0.0,2024-05-23,18
2024-05-23 19:00:00,0.0,0.0,2024-05-23,19
2024-05-23 20:00:00,0.0,0.0,2024-05-23,20
2024-05-23 21:00:00,0.0,0.0,2024-05-23,21
2024-05-23 22:00:00,0.0,0.0,2024-05-23,22
2024-05-23 23:00:00,0.0,0.0,2024-05-23,23
2024-05-24 00:00:00,0.0,0.0,2024-05-24,0
2024-05-24 01:00:00,0.0,0.0,2024-05-24,1
2024-05-24 02:00:00,0.0,0.0,2024-05-24,2
2024-05-24 03:00:00,0.0,0.0,2024-05-24,3
2024-05-24 04:00:00,0.002855589,0.0,2024-05-24,4
2024-05-24 05:00:00,0.1375144,0.03819649,2024-05-24,5
2024-05-24 06:00:00,0.3907674,0.2874349,2024-05-24,6
2024-05-24 07:00:00,0.5769442,0.5028455,2024-05-24,7
2024-05-24 08:00:00,0.7393652,0.6868168,2024-05-24,8
2024-05-24 09:00:00,0.6615989,0.637169,2024-05-24,9
2024-05-24 10:00:00,0.9463559,0.9190936,2024-05-24,10
2024-05-24 11:00:00,0.959556,0.9360986,2024-05-24,11
2024-05-24 12:00:00,0.7327072,0.7128126,2024-05-24,12
2024-05-24 13:00:00,0.7442739,0.7155121,2024-05-24,13
2024-05-24 14:00:00,0.6071947,0.571572,2024-05-24,14
2024-05-24 15:00:00,0.4051856,0.3732116,2024-05-24,15
2024-05-24 16:00:00,0.2325316,0.2076844,2024-05-24,16
2024-05-24 17:00:00,0.08527833,0.07186098,2024-05-24,17
2024-05-24 18:00:00,0.006498337,0.0,2024-05-24,18
2024-05-24 19:00:00,0.0,0.0,2024-05-24,19
2024-05-24 20:00:00,0.0,0.0,2024-05-24,20
2024-05-24 21:00:00,0.0,0.0,2024-05-24,21
2024-05-24 22:00:00,0.0,0.0,2024-05-24,22
2024-05-24 23:00:00,0.0,0.0,2024-05-24,23
2024-05-25 00:00:00,0.0,0.0,2024-05-25,0
2024-05-25 01:00:00,0.0,0.0,2024-05-25,1
2024-05-25 02:00:00,0.0,0.0,2024-05-25,2
2024-05-25 03:00:00,0.0,0.0,2024-05-25,3
2024-05-25 04:00:00,0.003243358,0.0,2024-05-25,4
2024-05-25 05:00:00,0.1230643,0.0486457,2024-05-25,5
2024-05-25 06:00:00,0.3262002,0.2485007,2024-05-25,6
2024-05-25 07:00:00,0.5635818,0.490834,2024-05-25,7
2024-05-25 08:00:00,0.8337466,0.7722058,2024-05-25,8
2024-05-25 09:00:00,0.9585905,0.9159437,2024-05-25,9
2024-05-25 10:00:00,1.038915,1.007579,2024-05-25,10
2024-05-25 11:00:00,0.9834148,0.9582394,2024-05-25,11
2024-05-25 12:00:00,1.029511,0.9990897,2024-05-25,12
2024-05-25 13:00:00,0.9689653,0.927205,2024-05-25,13
2024-05-25 14:00:00,0.8347671,0.7755024,2024-05-25,14
2024-05-25 15:00:00,0.6394664,0.5587569,2024-05-25,15
2024-05-25 16:00:00,0.4095203,0.306199,2024-05-25,16
2024-05-25 17:00:00,0.1569567,0.05154487,2024-05-25,17
2024-05-25 18:00:00,0.007057415,0.0,2024-05-25,18
2024-05-25 19:00:00,0.0,0.0,2024-05-25,19
2024-05-25 20:00:00,0.0,0.0,2024-05-25,20
2024-05-25 21:00:00,0.0,0.0,2024-05-25,21
2024-05-25 22:00:00,0.0,0.0,2024-05-25,22
2024-05-25 23:00:00,0.0,0.0,2024-05-25,23
2024-05-26 00:00:00,0.0,0.0,2024-05-26,0
2024-05-26 01:00:00,0.0,0.0,2024-05-26,1
2024-05-26 02:00:00,0.0,0.0,2024-05-26,2
2024-05-26 03:00:00,0.0,0.0,2024-05-26,3
2024-05-26 04:00:00,0.004014849,0.0,2024-05-26,4
2024-05-26 05:00:00,0.1241934,0.04848671,2024-05-26,5
2024-05-26 06:00:00,0.3488047,0.2594852,2024-05-26,6
2024-05-26 07:00:00,0.5385321,0.4698824,2024-05-26,7
2024-05-26 08:00:00,0.8356073,0.7726839,2024-05-26,8
2024-05-26 09:00:00,0.8485466,0.8104252,2024-05-26,9
2024-05-26 10:00:00,0.8801463,0.8531216,2024-05-26,10
2024-05-26 11:00:00,0.9831637,0.9569119,2024-05-26,11
2024-05-26 12:00:00,1.053328,1.020985,2024-05-26,12
2024-05-26 13:00:00,0.850253,0.8133417,2024-05-26,13
2024-05-26 14:00:00,0.7156724,0.6657831,2024-05-26,14
2024-05-26 15:00:00,0.5647227,0.4948775,2024-05-26,15
2024-05-26 16:00:00,0.3149405,0.2507483,2024-05-26,16
2024-05-26 17:00:00,0.1348587,0.06337345,2024-05-26,17
2024-05-26 18:00:00,0.007704379,0.0,2024-05-26,18
2024-05-26 19:00:00,0.0,0.0,2024-05-26,19
2024-05-26 20:00:00,0.0,0.0,2024-05-26,20
2024-05-26 21:00:00,0.0,0.0,2024-05-26,21
2024-05-26 22:00:00,0.0,0.0,2024-05-26,22
2024-05-26 23:00:00,0.0,0.0,2024-05-26,23
2024-05-27 00:00:00,0.0,0.0,2024-05-27,0
2024-05-27 01:00:00,0.0,0.0,2024-05-27,1
2024-05-27 02:00:00,0.0,0.0,2024-05-27,2
2024-05-27 03:00:00,0.0,0.0,2024-05-27,3
2024-05-27 04:00:00,0.002799521,0.0,2024-05-27,4
2024-05-27 05:00:00,0.08473749,0.06649812,2024-05-27,5
2024-05-27 06:00:00,0.3069582,0.2387066,2024-05-27,6
2024-05-27 07:00:00,0.4289297,0.3871919,2024-05-27,7
2024-05-27 08:00:00,0.6796048,0.6306099,2024-05-27,8
2024-05-27 09:00:00,0.8740212,0.8333727,2024-05-27,9
2024-05-27 10:00:00,0.8168923,0.7915253,2024-05-27,10
2024-05-27 11:00:00,0.7851422,0.7639872,2024-05-27,11
2024-05-27 12:00:00,0.7297071,0.7082493,2024-05-27,12
2024-05-27 13:00:00,0.5680794,0.5486991,2024-05-27,13
2024-05-27 14:00:00,0.4823079,0.4601981,2024-05-27,14
2024-05-27 15:00:00,0.596989,0.5206163,2024-05-27,15
2024-05-27 16:00:00,0.3936763,0.2939276,2024-05-27,16
2024-05-27 17:00:00,0.1010479,0.07630421,2024-05-27,17
2024-05-27 18:00:00,0.005209473,0.0,2024-05-27,18
2024-05-27 19:00:00,0.0,0.0,2024-05-27,19
2024-05-27 20:00:00,0.0,0.0,2024-05-27,20
2024-05-27 21:00:00,0.0,0.0,2024-05-27,21
2024-05-27 22:00:00,0.0,0.0,2024-05-27,22
2024-05-27 23:00:00,0.0,0.0,2024-05-27,23
2024-05-28 00:00:00,0.0,0.0,2024-05-28,0
2024-05-28 01:00:00,0.0,0.0,2024-05-28,1
2024-05-28 02:00:00,0.0,0.0,2024-05-28,2
2024-05-28 03:00:00,0.0,0.0,2024-05-28,3
2024-05-28 04:00:00,0.003911223,0.0,2024-05-28,4
2024-05-28 05:00:00,0.1521666,0.03312439,2024-05-28,5
2024-05-28 06:00:00,0.3052523,0.2375409,2024-05-28,6
2024-05-28 07:00:00,0.5972445,0.5157105,2024-05-28,7
2024-05-28 08:00:00,0.6503749,0.604325,2024-05-28,8
2024-05-28 09:00:00,0.7195295,0.688553,2024-05-28,9
2024-05-28 10:00:00,0.8921784,0.8628557,2024-05-28,10
2024-05-28 11:00:00,0.7994533,0.7772219,2024-05-28,11
2024-05-28 12:00:00,0.765459,0.7420232,2024-05-28,12
2024-05-28 13:00:00,0.7619053,0.7290462,2024-05-28,13
2024-05-28 14:00:00,0.728566,0.6756214,2024-05-28,14
2024-05-28 15:00:00,0.5166141,0.4559703,2024-05-28,15
2024-05-28 16:00:00,0.2948496,0.2413223,2024-05-28,16
2024-05-28 17:00:00,0.1182038,0.07406408,2024-05-28,17
2024-05-28 18:00:00,0.009019247,0.0,2024-05-28,18
2024-05-28 19:00:00,0.0,0.0,2024-05-28,19
2024-05-28 20:00:00,0.0,0.0,2024-05-28,20
2024-05-28 21:00:00,0.0,0.0,2024-05-28,21
2024-05-28 22:00:00,0.0,0.0,2024-05-28,22
2024-05-28 23:00:00,0.0,0.0,2024-05-28,23
2024-05-29 00:00:00,0.0,0.0,2024-05-29,0
2024-05-29 01:00:00,0.0,0.0,2024-05-29,1
2024-05-29 02:00:00,0.0,0.0,2024-05-29,2
2024-05-29 03:00:00,0.0,0.0,2024-05-29,3
2024-05-29 04:00:00,0.003405631,0.0,2024-05-29,4
2024-05-29 05:00:00,0.08946044,0.06711841,2024-05-29,5
2024-05-29 06:00:00,0.2666839,0.2205452,2024-05-29,6
2024-05-29 07:00:00,0.5298953,0.4606695,2024-05-29,7
2024-05-29 08:00:00,0.6396568,0.5943295,2024-05-29,8
2024-05-29 09:00:00,0.9064928,0.8619394,2024-05-29,9
2024-05-29 10:00:00,0.6251574,0.6066599,2024-05-29,10
2024-05-29 11:00:00,0.3680715,0.3577388,2024-05-29,11
2024-05-29 12:00:00,0.3427663,0.3330564,2024-05-29,12
2024-05-29 13:00:00,0.5835687,0.5627126,2024-05-29,13
2024-05-29 14:00:00,0.5196555,0.4927875,2024-05-29,14
2024-05-29 15:00:00,0.3603228,0.3368071,2024-05-29,15
2024-05-29 16:00:00,0.2702744,0.2294409,2024-05-29,16
2024-05-29 17:00:00,0.03271278,0.03143987,2024-05-29,17
2024-05-29 18:00:00,0.004518135,0.0,2024-05-29,18
2024-05-29 19:00:00,0.0,0.0,2024-05-29,19
2024-05-29 20:00:00,0.0,0.0,2024-05-29,20
2024-05-29 21:00:00,0.0,0.0,2024-05-29,21
2024-05-29 22:00:00,0.0,0.0,2024-05-29,22
2024-05-29 23:00:00,0.0,0.0,2024-05-29,23
2024-05-30 00:00:00,0.0,0.0,2024-05-30,0
2024-05-30 01:00:00,0.0,0.0,2024-05-30,1
2024-05-30 02:00:00,0.0,0.0,2024-05-30,2
2024-05-30 03:00:00,0.0,0.0,2024-05-30,3
2024-05-30 04:00:00,0.003362581,0.0,2024-05-30,4
2024-05-30 05:00:00,0.05447363,0.0512767,2024-05-30,5
2024-05-30 06:00:00,0.09595091,0.09269819,2024-05-30,6
2024-05-30 07:00:00,0.3811966,0.3504322,2024-05-30,7
2024-05-30 08:00:00,0.6444405,0.5977341,2024-05-30,8
2024-05-30 09:00:00,0.5603864,0.5401281,2024-05-30,9
2024-05-30 10:00:00,0.6114622,0.5932286,2024-05-30,10
2024-05-30 11:00:00,0.9207855,0.8928068,2024-05-30,11
2024-05-30 12:00:00,1.089695,1.051684,2024-05-30,12
2024-05-30 13:00:00,0.7769225,0.7416232,2024-05-30,13
2024-05-30 14:00:00,0.3966869,0.3818681,2024-05-30,14
2024-05-30 15:00:00,0.4838501,0.4305753,2024-05-30,15
2024-05-30 16:00:00,0.314898,0.2506927,2024-05-30,16
2024-05-30 17:00:00,0.1548447,0.05871321,2024-05-30,17
2024-05-30 18:00:00,0.01231073,0.0,2024-05-30,18
2024-05-30 19:00:00,0.0,0.0,2024-05-30,19
2024-05-30 20:00:00,0.0,0.0,2024-05-30,20
2024-05-30 21:00:00,0.0,0.0,2024-05-30,21
2024-05-30 22:00:00,0.0,0.0,2024-05-30,22
2024-05-30 23:00:00,0.0,0.0,2024-05-30,23
2024-05-31 00:00:00,0.0,0.0,2024-05-31,0
2024-05-31 01:00:00,0.0,0.0,2024-05-31,1
2024-05-31 02:00:00,0.0,0.0,2024-05-31,2
2024-05-31 03:00:00,0.0,0.0,2024-05-31,3
2024-05-31 04:00:00,0.004956753,0.0,2024-05-31,4
2024-05-31 05:00:00,0.1044888,0.06365591,2024-05-31,5
2024-05-31 06:00:00,0.281178,0.2262856,2024-05-31,6
2024-05-31 07:00:00,0.4722504,0.416613,2024-05-31,7
2024-05-31 08:00:00,0.7261236,0.668069,2024-05-31,8
2024-05-31 09:00:00,0.7271006,0.6936042,2024-05-31,9
2024-05-31 10:00:00,0.6244199,0.6053984,2024-05-31,10
2024-05-31 11:00:00,0.7934655,0.7697048,2024-05-31,11
2024-05-31 12:00:00,1.01541,0.9791539,2024-05-31,12
2024-05-31 13:00:00,0.9765391,0.9280837,2024-05-31,13
2024-05-31 14:00:00,0.7633121,0.7044151,2024-05-31,14
2024-05-31 15:00:00,0.50936,0.4491629,2024-05-31,15
2024-05-31 16:00:00,0.4125803,0.3051219,2024-05-31,16
2024-05-31 17:00:00,0.1809154,0.0538738,2024-05-31,17
2024-05-31 18:00:00,0.0123812,0.0,2024-05-31,18
2024-05-31 19:00:00,0.0,0.0,2024-05-31,19
2024-05-31 20:00:00,0.0,0.0,2024-05-31,20
2024-05-31 21:00:00,0.0,0.0,2024-05-31,21
2024-05-31 22:00:00,0.0,0.0,2024-05-31,22
2024-05-31 23:00:00,0.0,0.0,2024-05-31,23
2024-06-01 00:00:00,0.0,0.0,2024-06-01,0
2024-06-01 01:00:00,0.0,0.0,2024-06-01,1
2024-06-01 02:00:00,0.0,0.0,2024-06-01,2
2024-06-01 03:00:00,0.0,0.0,2024-06-01,3
2024-06-01 04:00:00,0.003230478,0.0,2024-06-01,4
2024-06-01 05:00:00,0.05851354,0.05458506,2024-06-01,5
2024-06-01 06:00:00,0.1785313,0.1668566,2024-06-01,6
2024-06-01 07:00:00,0.2688591,0.2572298,2024-06-01,7
2024-06-01 08:00:00,0.1178415,0.1143901,2024-06-01,8
2024-06-01 09:00:00,0.1843558,0.1790259,2024-06-01,9
2024-06-01 10:00:00,0.0650608,0.06318121,2024-06-01,10
2024-06-01 11:00:00,0.05965322,0.05792987,2024-06-01,11
2024-06-01 12:00:00,0.1565866,0.152093,2024-06-01,12
2024-06-01 13:00:00,0.2719242,0.2640584,2024-06-01,13
2024-06-01 14:00:00,0.1120587,0.1087849,2024-06-01,14
2024-06-01 15:00:00,0.1123364,0.1089452,2024-06-01,15
2024-06-01 16:00:00,0.1292088,0.1245474,2024-06-01,16
2024-06-01 17:00:00,0.04708512,0.04503591,2024-06-01,17
2024-06-01 18:00:00,0.003482223,0.0,2024-06-01,18
2024-06-01 19:00:00,0.0,0.0,2024-06-01,19
2024-06-01 20:00:00,0.0,0.0,2024-06-01,20
2024-06-01 21:00:00,0.0,0.0,2024-06-01,21
2024-06-01 22:00:00,0.0,0.0,2024-06-01,22
2024-06-01 23:00:00,0.0,0.0,2024-06-01,23
2024-06-02 00:00:00,0.0,0.0,2024-06-02,0
2024-06-02 01:00:00,0.0,0.0,2024-06-02,1
2024-06-02 02:00:00,0.0,0.0,2024-06-02,2
2024-06-02 03:00:00,0.0,0.0,2024-06-02,3
2024-06-02 04:00:00,0.00476067,0.0,2024-06-02,4
2024-06-02 05:00:00,0.01114736,0.01077951,2024-06-02,5
2024-06-02 06:00:00,0.04255214,0.041234,2024-06-02,6
2024-06-02 07:00:00,0.1091294,0.1058183,2024-06-02,7
2024-06-02 08:00:00,0.2244709,0.2177741,2024-06-02,8
2024-06-02 09:00:00,0.08024409,0.07792158,2024-06-02,9
2024-06-02 10:00:00,0.1608598,0.156241,2024-06-02,10
2024-06-02 11:00:00,0.1444937,0.1403486,2024-06-02,11
2024-06-02 12:00:00,0.2077447,0.2017938,2024-06-02,12
2024-06-02 13:00:00,0.0723332,0.07023989,2024-06-02,13
2024-06-02 14:00:00,0.0455756,0.04424929,2024-06-02,14
2024-06-02 15:00:00,0.03351001,0.0325269,2024-06-02,15
2024-06-02 16:00:00,0.04400655,0.04265382,2024-06-02,16
2024-06-02 17:00:00,0.03028504,0.02914504,2024-06-02,17
2024-06-02 18:00:00,0.002234549,0.0,2024-06-02,18
2024-06-02 19:00:00,0.0,0.0,2024-06-02,19
2024-06-02 20:00:00,0.0,0.0,2024-06-02,20
2024-06-02 21:00:00,0.0,0.0,2024-06-02,21
2024-06-02 22:00:00,0.0,0.0,2024-06-02,22
2024-06-02 23:00:00,0.0,0.0,2024-06-02,23
2024-06-03 00:00:00,0.0,0.0,2024-06-03,0
2024-06-03 01:00:00,0.0,0.0,2024-06-03,1
2024-06-03 02:00:00,0.0,0.0,2024-06-03,2
2024-06-03 03:00:00,0.0,0.0,2024-06-03,3
2024-06-03 04:00:00,0.003815361,0.0,2024-06-03,4
2024-06-03 05:00:00,0.02516336,0.02419235,2024-06-03,5
2024-06-03 06:00:00,0.05421808,0.05250443,2024-06-03,6
2024-06-03 07:00:00,0.1498546,0.1452043,2024-06-03,7
2024-06-03 08:00:00,0.1002091,0.09727754,2024-06-03,8
2024-06-03 09:00:00,0.138081,0.1340866,2024-06-03,9
2024-06-03 10:00:00,0.2273171,0.2208024,2024-06-03,10
2024-06-03 11:00:00,0.1114395,0.1082343,2024-06-03,11
2024-06-03 12:00:00,0.2538324,0.2465677,2024-06-03,12
2024-06-03 13:00:00,0.2328326,0.2260965,2024-06-03,13
2024-06-03 14:00:00,0.1517741,0.1473164,2024-06-03,14
2024-06-03 15:00:00,0.1938969,0.1877227,2024-06-03,15
2024-06-03 16:00:00,0.1444338,0.1387312,2024-06-03,16
2024-06-03 17:00:00,0.02657741,0.02561047,2024-06-03,17
2024-06-03 18:00:00,0.00126505,0.0,2024-06-03,18
2024-06-03 19:00:00,0.0,0.0,2024-06-03,19
2024-06-03 20:00:00,0.0,0.0,2024-06-03,20
2024-06-03 21:00:00,0.0,0.0,2024-06-03,21
2024-06-03 22:00:00,0.0,0.0,2024-06-03,22
2024-06-03 23:00:00,0.0,0.0,2024-06-03,23
2024-06-04 00:00:00,0.0,0.0,2024-06-04,0
2024-06-04 01:00:00,0.0,0.0,2024-06-04,1
2024-06-04 02:00:00,0.0,0.0,2024-06-04,2
2024-06-04 03:00:00,0.0,0.0,2024-06-04,3
2024-06-04 04:00:00,0.003334086,0.0,2024-06-04,4
2024-06-04 05:00:00,0.01967098,0.01895635,2024-06-04,5
2024-06-04 06:00:00,0.05413603,0.05242403,2024-06-04,6
2024-06-04 07:00:00,0.0819375,0.07948079,2024-06-04,7
2024-06-04 08:00:00,0.01162536,0.01128647,2024-06-04,8
2024-06-04 09:00:00,0.1546745,0.1501976,2024-06-04,9
2024-06-04 10:00:00,0.3544676,0.3443313,2024-06-04,10
2024-06-04 11:00:00,0.3549805,0.3449084,2024-06-04,11
2024-06-04 12:00:00,0.266726,0.25909,2024-06-04,12
2024-06-04 13:00:00,0.3742679,0.3631096,2024-06-04,13
2024-06-04 14:00:00,0.1706216,0.165595,2024-06-04,14
2024-06-04 15:00:00,0.08143599,0.07900655,2024-06-04,15
2024-06-04 16:00:00,0.05563584,0.05389689,2024-06-04,16
2024-06-04 17:00:00,0.03638293,0.03495032,2024-06-04,17
2024-06-04 18:00:00,0.004265312,0.0,2024-06-04,18
2024-06-04 19:00:00,0.0,0.0,2024-06-04,19
2024-06-04 20:00:00,0.0,0.0,2024-06-04,20
2024-06-04 21:00:00,0.0,0.0,2024-06-04,21
2024-06-04 22:00:00,0.0,0.0,2024-06-04,22
2024-06-04 23:00:00,0.0,0.0,2024-06-04,23
2024-06-05 00:00:00,0.0,0.0,2024-06-05,0
2024-06-05 01:00:00,0.0,0.0,2024-06-05,1
2024-06-05 02:00:00,0.0,0.0,2024-06-05,2
2024-06-05 03:00:00,0.0,0.0,2024-06-05,3
2024-06-05 04:00:00,0.006060641,0.0,2024-06-05,4
2024-06-05 05:00:00,0.1041912,0.0643037,2024-06-05,5
2024-06-05 06:00:00,0.3513376,0.2543313,2024-06-05,6
2024-06-05 07:00:00,0.5137956,0.4437107,2024-06-05,7
2024-06-05 08:00:00,0.57485,0.5354348,2024-06-05,8
2024-06-05 09:00:00,0.4897662,0.472893,2024-06-05,9
2024-06-05 10:00:00,0.3824267,0.3714604,2024-06-05,10
2024-06-05 11:00:00,0.5691941,0.552642,2024-06-05,11
2024-06-05 12:00:00,0.5274575,0.5117586,2024-06-05,12
2024-06-05 13:00:00,0.4838865,0.4678292,2024-06-05,13
2024-06-05 14:00:00,0.6718224,0.6211886,2024-06-05,14
2024-06-05 15:00:00,0.4856529,0.4303222,2024-06-05,15
2024-06-05 16:00:00,0.3080245,0.2482794,2024-06-05,16
2024-06-05 17:00:00,0.1419995,0.07338853,2024-06-05,17
2024-06-05 18:00:00,0.009852117,0.0,2024-06-05,18
2024-06-05 19:00:00,0.0,0.0,2024-06-05,19
2024-06-05 20:00:00,0.0,0.0,2024-06-05,20
2024-06-05 21:00:00,0.0,0.0,2024-06-05,21
2024-06-05 22:00:00,0.0,0.0,2024-06-05,22
2024-06-05 23:00:00,0.0,0.0,2024-06-05,23
2024-06-06 00:00:00,0.0,0.0,2024-06-06,0
2024-06-06 01:00:00,0.0,0.0,2024-06-06,1
2024-06-06 02:00:00,0.0,0.0,2024-06-06,2
2024-06-06 03:00:00,0.0,0.0,2024-06-06,3
2024-06-06 04:00:00,0.003187867,0.0,2024-06-06,4
2024-06-06 05:00:00,0.05055256,0.04791259,2024-06-06,5
2024-06-06 06:00:00,0.1158957,0.1117307,2024-06-06,6
2024-06-06 07:00:00,0.1229202,0.1191525,2024-06-06,7
2024-06-06 08:00:00,0.1382088,0.1341392,2024-06-06,8
2024-06-06 09:00:00,0.3598687,0.3490762,2024-06-06,9
2024-06-06 10:00:00,0.5612618,0.5438567,2024-06-06,10
2024-06-06 11:00:00,0.6228234,0.6041011,2024-06-06,11
2024-06-06 12:00:00,0.8290619,0.7976869,2024-06-06,12
2024-06-06 13:00:00,0.8380254,0.793906,2024-06-06,13
2024-06-06 14:00:00,0.5475748,0.5150931,2024-06-06,14
2024-06-06 15:00:00,0.2941274,0.2805667,2024-06-06,15
2024-06-06 16:00:00,0.1452571,0.1395256,2024-06-06,16
2024-06-06 17:00:00,0.05455739,0.05208974,2024-06-06,17
2024-06-06 18:00:00,0.001247374,0.0,2024-06-06,18
2024-06-06 19:00:00,0.0,0.0,2024-06-06,19
2024-06-06 20:00:00,0.0,0.0,2024-06-06,20
2024-06-06 21:00:00,0.0,0.0,2024-06-06,21
2024-06-06 22:00:00,0.0,0.0,2024-06-06,22
2024-06-06 23:00:00,0.0,0.0,2024-06-06,23
2024-06-07 00:00:00,0.0,0.0,2024-06-07,0
2024-06-07 01:00:00,0.0,0.0,2024-06-07,1
2024-06-07 02:00:00,0.0,0.0,2024-06-07,2
2024-06-07 03:00:00,0.0,0.0,2024-06-07,3
2024-06-07 04:00:00,0.00446218,0.0,2024-06-07,4
2024-06-07 05:00:00,0.06417085,0.05877599,2024-06-07,5
2024-06-07 06:00:00,0.1389797,0.1331392,2024-06-07,6
2024-06-07 07:00:00,0.3189293,0.299769,2024-06-07,7
2024-06-07 08:00:00,0.2420209,0.2347054,2024-06-07,8
2024-06-07 09:00:00,0.272487,0.2645456,2024-06-07,9
2024-06-07 10:00:00,0.2711801,0.2633964,2024-06-07,10
2024-06-07 11:00:00,0.1123292,0.1090959,2024-06-07,11
2024-06-07 12:00:00,0.204732,0.1988541,2024-06-07,12
2024-06-07 13:00:00,0.2449324,0.2378277,2024-06-07,13
2024-06-07 14:00:00,0.1614521,0.156696,2024-06-07,14
2024-06-07 15:00:00,0.06898758,0.06693824,2024-06-07,15
2024-06-07 16:00:00,0.02526068,0.02450326,2024-06-07,16
2024-06-07 17:00:00,0.01258654,0.01218153,2024-06-07,17
2024-06-07 18:00:00,0.002338885,0.0,2024-06-07,18
2024-06-07 19:00:00,0.0,0.0,2024-06-07,19
2024-06-07 20:00:00,0.0,0.0,2024-06-07,20
2024-06-07 21:00:00,0.0,0.0,2024-06-07,21
2024-06-07 22:00:00,0.0,0.0,2024-06-07,22
2024-06-07 23:00:00,0.0,0.0,2024-06-07,23
2024-06-08 00:00:00,0.0,0.0,2024-06-08,0
2024-06-08 01:00:00,0.0,0.0,2024-06-08,1
2024-06-08 02:00:00,0.0,0.0,2024-06-08,2
2024-06-08 03:00:00,0.0,0.0,2024-06-08,3
2024-06-08 04:00:00,0.003520805,0.0,2024-06-08,4
2024-06-08 05:00:00,0.003029145,0.002937745,2024-06-08,5
2024-06-08 06:00:00,0.008414628,0.008166566,2024-06-08,6
2024-06-08 07:00:00,0.02399367,0.02329003,2024-06-08,7
2024-06-08 08:00:00,0.05135562,0.04985817,2024-06-08,8
2024-06-08 09:00:00,0.1145092,0.1111917,2024-06-08,9
2024-06-08 10:00:00,0.08886521,0.08629996,2024-06-08,10
2024-06-08 11:00:00,0.3984415,0.3871006,2024-06-08,11
2024-06-08 12:00:00,0.2750437,0.2671535,2024-06-08,12
2024-06-08 13:00:00,0.1629479,0.1582306,2024-06-08,13
2024-06-08 14:00:00,0.2557347,0.2480138,2024-06-08,14
2024-06-08 15:00:00,0.1180652,0.1144831,2024-06-08,15
2024-06-08 16:00:00,0.1148501,0.1109144,2024-06-08,16
2024-06-08 17:00:00,0.0724139,0.06764313,2024-06-08,17
2024-06-08 18:00:00,0.004266568,0.0,2024-06-08,18
2024-06-08 19:00:00,0.0,0.0,2024-06-08,19
2024-06-08 20:00:00,0.0,0.0,2024-06-08,20
2024-06-08 21:00:00,0.0,0.0,2024-06-08,21
2024-06-08 22:00:00,0.0,0.0,2024-06-08,22
2024-06-08 23:00:00,0.0,0.0,2024-06-08,23
2024-06-09 00:00:00,0.0,0.0,2024-06-09,0
2024-06-09 01:00:00,0.0,0.0,2024-06-09,1
2024-06-09 02:00:00,0.0,0.0,2024-06-09,2
2024-06-09 03:00:00,0.0,0.0,2024-06-09,3
2024-06-09 04:00:00,0.004949622,0.0,2024-06-09,4
2024-06-09 05:00:00,0.05476816,0.05154277,2024-06-09,5
2024-06-09 06:00:00,0.1722544,0.161516,2024-06-09,6
2024-06-09 07:00:00,0.1704224,0.1650263,2024-06-09,7
2024-06-09 08:00:00,0.1663244,0.1613958,2024-06-09,8
2024-06-09 09:00:00,0.1334081,0.1295413,2024-06-09,9
2024-06-09 10:00:00,0.4983479,0.4833128,2024-06-09,10
2024-06-09 11:00:00,0.283411,0.275304,2024-06-09,11
2024-06-09 12:00:00,0.2330887,0.2263957,2024-06-09,12
2024-06-09 13:00:00,0.457517,0.4426109,2024-06-09,13
2024-06-09 14:00:00,0.6702747,0.6185272,2024-06-09,14
2024-06-09 15:00:00,0.3610218,0.3368489,2024-06-09,15
2024-06-09 16:00:00,0.0624048,0.0604354,2024-06-09,16
2024-06-09 17:00:00,0.01643349,0.01588953,2024-06-09,17
2024-06-09 18:00:00,0.000472309,0.0,2024-06-09,18
2024-06-09 19:00:00,0.0,0.0,2024-06-09,19
2024-06-09 20:00:00,0.0,0.0,2024-06-09,20
2024-06-09 21:00:00,0.0,0.0,2024-06-09,21
2024-06-09 22:00:00,0.0,0.0,2024-06-09,22
2024-06-09 23:00:00,0.0,0.0,2024-06-09,23
2024-06-10 00:00:00,0.0,0.0,2024-06-10,0
2024-06-10 01:00:00,0.0,0.0,2024-06-10,1
2024-06-10 02:00:00,0.0,0.0,2024-06-10,2
2024-06-10 03:00:00,0.0,0.0,2024-06-10,3
2024-06-10 04:00:00,0.002900076,0.0,2024-06-10,4
2024-06-10 05:00:00,0.03079543,0.02952153,2024-06-10,5
2024-06-10 06:00:00,0.06161098,0.05962797,2024-06-10,6
2024-06-10 07:00:00,0.0343178,0.0333076,2024-06-10,7
2024-06-10 08:00:00,0.07209436,0.06998761,2024-06-10,8
2024-06-10 09:00:00,0.3488256,0.3383605,2024-06-10,9
2024-06-10 10:00:00,0.4340949,0.4213757,2024-06-10,10
2024-06-10 11:00:00,0.6555421,0.6347485,2024-06-10,11
2024-06-10 12:00:00,0.5734778,0.5553818,2024-06-10,12
2024-06-10 13:00:00,0.5550196,0.5339992,2024-06-10,13
2024-06-10 14:00:00,0.5429419,0.5105472,2024-06-10,14
2024-06-10 15:00:00,0.3746093,0.3476199,2024-06-10,15
2024-06-10 16:00:00,0.2626769,0.2273676,2024-06-10,16
2024-06-10 17:00:00,0.1012297,0.08420577,2024-06-10,17
2024-06-10 18:00:00,0.01090082,0.0,2024-06-10,18
2024-06-10 19:00:00,0.0,0.0,2024-06-10,19
2024-06-10 20:00:00,0.0,0.0,2024-06-10,20
2024-06-10 21:00:00,0.0,0.0,2024-06-10,21
2024-06-10 22:00:00,0.0,0.0,2024-06-10,22
2024-06-10 23:00:00,0.0,0.0,2024-06-10,23
2024-06-11 00:00:00,0.0,0.0,2024-06-11,0
2024-06-11 01:00:00,0.0,0.0,2024-06-11,1
2024-06-11 02:00:00,0.0,0.0,2024-06-11,2
2024-06-11 03:00:00,0.0,0.0,2024-06-11,3
2024-06-11 04:00:00,0.004631272,0.0,2024-06-11,4
2024-06-11 05:00:00,0.04005098,0.03821515,2024-06-11,5
2024-06-11 06:00:00,0.1058143,0.102103,2024-06-11,6
2024-06-11 07:00:00,0.2203541,0.2124922,2024-06-11,7
2024-06-11 08:00:00,0.2786098,0.2698469,2024-06-11,8
2024-06-11 09:00:00,0.2870652,0.2786551,2024-06-11,9
2024-06-11 10:00:00,0.3123398,0.303356,2024-06-11,10
2024-06-11 11:00:00,0.1969455,0.1912949,2024-06-11,11
2024-06-11 12:00:00,0.2753861,0.2674761,2024-06-11,12
2024-06-11 13:00:00,0.2466583,0.2394912,2024-06-11,13
2024-06-11 14:00:00,0.2032683,0.1972318,2024-06-11,14
2024-06-11 15:00:00,0.1102901,0.1069542,2024-06-11,15
2024-06-11 16:00:00,0.1093985,0.1056863,2024-06-11,16
2024-06-11 17:00:00,0.01926376,0.01861366,2024-06-11,17
2024-06-11 18:00:00,0.003112887,0.0,2024-06-11,18
2024-06-11 19:00:00,0.0,0.0,2024-06-11,19
2024-06-11 20:00:00,0.0,0.0,2024-06-11,20
2024-06-11 21:00:00,0.0,0.0,2024-06-11,21
2024-06-11 22:00:00,0.0,0.0,2024-06-11,22
2024-06-11 23:00:00,0.0,0.0,2024-06-11,23
2024-06-12 00:00:00,0.0,0.0,2024-06-12,0
2024-06-12 01:00:00,0.0,0.0,2024-06-12,1
2024-06-12 02:00:00,0.0,0.0,2024-06-12,2
2024-06-12 03:00:00,0.0,0.0,2024-06-12,3
2024-06-12 04:00:00,0.006208076,0.0,2024-06-12,4
2024-06-12 05:00:00,0.1519124,0.02808059,2024-06-12,5
2024-06-12 06:00:00,0.3534964,0.2511939,2024-06-12,6
2024-06-12 07:00:00,0.5624403,0.4762444,2024-06-12,7
2024-06-12 08:00:00,0.8054866,0.7305545,2024-06-12,8
2024-06-12 09:00:00,1.029519,0.966404,2024-06-12,9
2024-06-12 10:00:00,1.076947,1.028409,2024-06-12,10
2024-06-12 11:00:00,0.9671088,0.9292233,2024-06-12,11
2024-06-12 12:00:00,1.022476,0.9781066,2024-06-12,12
2024-06-12 13:00:00,0.7851673,0.7432908,2024-06-12,13
2024-06-12 14:00:00,0.5658037,0.5297617,2024-06-12,14
2024-06-12 15:00:00,0.5925465,0.5097476,2024-06-12,15
2024-06-12 16:00:00,0.4148204,0.3047358,2024-06-12,16
2024-06-12 17:00:00,0.1947698,0.06428132,2024-06-12,17
2024-06-12 18:00:00,0.0152447,0.0,2024-06-12,18
2024-06-12 19:00:00,0.0,0.0,2024-06-12,19
2024-06-12 20:00:00,0.0,0.0,2024-06-12,20
2024-06-12 21:00:00,0.0,0.0,2024-06-12,21
2024-06-12 22:00:00,0.0,0.0,2024-06-12,22
2024-06-12 23:00:00,0.0,0.0,2024-06-12,23
2024-06-13 00:00:00,0.0,0.0,2024-06-13,0
2024-06-13 01:00:00,0.0,0.0,2024-06-13,1
2024-06-13 02:00:00,0.0,0.0,2024-06-13,2
2024-06-13 03:00:00,0.0,0.0,2024-06-13,3
2024-06-13 04:00:00,0.004328381,0.0,2024-06-13,4
2024-06-13 05:00:00,0.1335098,0.03966751,2024-06-13,5
2024-06-13 06:00:00,0.2906772,0.2249538,2024-06-13,6
2024-06-13 07:00:00,0.4999594,0.4296032,2024-06-13,7
2024-06-13 08:00:00,0.4711035,0.4455843,2024-06-13,8
2024-06-13 09:00:00,0.6963587,0.6601216,2024-06-13,9
2024-06-13 10:00:00,0.9603461,0.9171138,2024-06-13,10
2024-06-13 11:00:00,0.9245885,0.8885227,2024-06-13,11
2024-06-13 12:00:00,0.9208738,0.8814321,2024-06-13,12
2024-06-13 13:00:00,0.8517019,0.8038276,2024-06-13,13
2024-06-13 14:00:00,0.745039,0.682131,2024-06-13,14
2024-06-13 15:00:00,0.6123822,0.5256672,2024-06-13,15
2024-06-13 16:00:00,0.4302338,0.3153791,2024-06-13,16
2024-06-13 17:00:00,0.168775,0.07082139,2024-06-13,17
2024-06-13 18:00:00,0.01632782,0.0,2024-06-13,18
2024-06-13 19:00:00,0.0,0.0,2024-06-13,19
2024-06-13 20:00:00,0.0,0.0,2024-06-13,20
2024-06-13 21:00:00,0.0,0.0,2024-06-13,21
2024-06-13 22:00:00,0.0,0.0,2024-06-13,22
2024-06-13 23:00:00,0.0,0.0,2024-06-13,23
2024-06-14 00:00:00,0.0,0.0,2024-06-14,0
2024-06-14 01:00:00,0.0,0.0,2024-06-14,1
2024-06-14 02:00:00,0.0,0.0,2024-06-14,2
2024-06-14 03:00:00,0.0,0.0,2024-06-14,3
2024-06-14 04:00:00,0.004770288,0.0,2024-06-14,4
2024-06-14 05:00:00,0.1096049,0.05858456,2024-06-14,5
2024-06-14 06:00:00,0.3659672,0.2566258,2024-06-14,6
2024-06-14 07:00:00,0.4529915,0.3967522,2024-06-14,7
2024-06-14 08:00:00,0.7542573,0.6837717,2024-06-14,8
2024-06-14 09:00:00,1.015754,0.9525784,2024-06-14,9
2024-06-14 10:00:00,1.068462,1.019468,2024-06-14,10
2024-06-14 11:00:00,1.10749,1.06268,2024-06-14,11
2024-06-14 12:00:00,1.078605,1.030942,2024-06-14,12
2024-06-14 13:00:00,0.7416022,0.7034359,2024-06-14,13
2024-06-14 14:00:00,0.6911236,0.6353359,2024-06-14,14
2024-06-14 15:00:00,0.4298811,0.3895139,2024-06-14,15
2024-06-14 16:00:00,0.3688017,0.2783741,2024-06-14,16
2024-06-14 17:00:00,0.1775647,0.0688709,2024-06-14,17
2024-06-14 18:00:00,0.012684,0.0,2024-06-14,18
2024-06-14 19:00:00,0.0,0.0,2024-06-14,19
2024-06-14 20:00:00,0.0,0.0,2024-06-14,20
2024-06-14 21:00:00,0.0,0.0,2024-06-14,21
2024-06-14 22:00:00,0.0,0.0,2024-06-14,22
2024-06-14 23:00:00,0.0,0.0,2024-06-14,23
2024-06-15 00:00:00,0.0,0.0,2024-06-15,0
2024-06-15 01:00:00,0.0,0.0,2024-06-15,1
2024-06-15 02:00:00,0.0,0.0,2024-06-15,2
2024-06-15 03:00:00,0.0,0.0,2024-06-15,3
2024-06-15 04:00:00,0.003523425,0.0,2024-06-15,4
2024-06-15 05:00:00,0.1177532,0.0516814,2024-06-15,5
2024-06-15 06:00:00,0.353264,0.249394,2024-06-15,6
2024-06-15 07:00:00,0.5773784,0.486547,2024-06-15,7
2024-06-15 08:00:00,0.70566,0.6411095,2024-06-15,8
2024-06-15 09:00:00,0.932457,0.8744637,2024-06-15,9
2024-06-15 10:00:00,0.9818336,0.9367567,2024-06-15,10
2024-06-15 11:00:00,1.044246,1.001811,2024-06-15,11
2024-06-15 12:00:00,1.088065,1.039667,2024-06-15,12
2024-06-15 13:00:00,0.8868245,0.8357798,2024-06-15,13
2024-06-15 14:00:00,0.7101664,0.6515548,2024-06-15,14
2024-06-15 15:00:00,0.553576,0.4793827,2024-06-15,15
2024-06-15 16:00:00,0.3284184,0.2597753,2024-06-15,16
2024-06-15 17:00:00,0.1617804,0.0761188,2024-06-15,17
2024-06-15 18:00:00,0.0165397,0.0,2024-06-15,18
2024-06-15 19:00:00,0.0,0.0,2024-06-15,19
2024-06-15 20:00:00,0.0,0.0,2024-06-15,20
2024-06-15 21:00:00,0.0,0.0,2024-06-15,21
2024-06-15 22:00:00,0.0,0.0,2024-06-15,22
2024-06-15 23:00:00,0.0,0.0,2024-06-15,23
2024-06-16 00:00:00,0.0,0.0,2024-06-16,0
2024-06-16 01:00:00,0.0,0.0,2024-06-16,1
2024-06-16 02:00:00,0.0,0.0,2024-06-16,2
2024-06-16 03:00:00,0.0,0.0,2024-06-16,3
2024-06-16 04:00:00,0.002917005,0.0,2024-06-16,4
2024-06-16 05:00:00,0.1131254,0.05466972,2024-06-16,5
2024-06-16 06:00:00,0.2670273,0.2150148,2024-06-16,6
2024-06-16 07:00:00,0.2886073,0.2735772,2024-06-16,7
2024-06-16 08:00:00,0.6648327,0.6062047,2024-06-16,8
2024-06-16 09:00:00,0.8868074,0.8316726,2024-06-16,9
2024-06-16 10:00:00,0.7642699,0.7330545,2024-06-16,10
2024-06-16 11:00:00,1.00466,0.9637451,2024-06-16,11
2024-06-16 12:00:00,0.7238289,0.6965696,2024-06-16,12
2024-06-16 13:00:00,0.6261804,0.5988421,2024-06-16,13
2024-06-16 14:00:00,0.7036381,0.6458675,2024-06-16,14
2024-06-16 15:00:00,0.4021038,0.3689905,2024-06-16,15
2024-06-16 16:00:00,0.2603904,0.2273181,2024-06-16,16
2024-06-16 17:00:00,0.106,0.0878588,2024-06-16,17
2024-06-16 18:00:00,0.01262885,0.0,2024-06-16,18
2024-06-16 19:00:00,0.0,0.0,2024-06-16,19
2024-06-16 20:00:00,0.0,0.0,2024-06-16,20
2024-06-16 21:00:00,0.0,0.0,2024-06-16,21
2024-06-16 22:00:00,0.0,0.0,2024-06-16,22
2024-06-16 23:00:00,0.0,0.0,2024-06-16,23
2024-06-17 00:00:00,0.0,0.0,2024-06-17,0
2024-06-17 01:00:00,0.0,0.0,2024-06-17,1
2024-06-17 02:00:00,0.0,0.0,2024-06-17,2
2024-06-17 03:00:00,0.0,0.0,2024-06-17,3
2024-06-17 04:00:00,0.004571502,0.0,2024-06-17,4
2024-06-17 05:00:00,0.06960054,0.06145244,2024-06-17,5
2024-06-17 06:00:00,0.1017857,0.09821874,2024-06-17,6
2024-06-17 07:00:00,0.1529311,0.1481239,2024-06-17,7
2024-06-17 08:00:00,0.159821,0.1550764,2024-06-17,8
2024-06-17 09:00:00,0.413982,0.4006056,2024-06-17,9
2024-06-17 10:00:00,0.3543495,0.3440966,2024-06-17,10
2024-06-17 11:00:00,0.3205794,0.3113934,2024-06-17,11
2024-06-17 12:00:00,0.3814389,0.3704042,2024-06-17,12
2024-06-17 13:00:00,0.2917286,0.2832012,2024-06-17,13
2024-06-17 14:00:00,0.1128476,0.10954,2024-06-17,14
2024-06-17 15:00:00,0.1339675,0.1298692,2024-06-17,15
2024-06-17 16:00:00,0.1013551,0.09796936,2024-06-17,16
2024-06-17 17:00:00,0.05832656,0.05573089,2024-06-17,17
2024-06-17 18:00:00,0.004923946,0.0,2024-06-17,18
2024-06-17 19:00:00,0.0,0.0,2024-06-17,19
2024-06-17 20:00:00,0.0,0.0,2024-06-17,20
2024-06-17 21:00:00,0.0,0.0,2024-06-17,21
2024-06-17 22:00:00,0.0,0.0,2024-06-17,22
2024-06-17 23:00:00,0.0,0.0,2024-06-17,23
2024-06-18 00:00:00,0.0,0.0,2024-06-18,0
2024-06-18 01:00:00,0.0,0.0,2024-06-18,1
2024-06-18 02:00:00,0.0,0.0,2024-06-18,2
2024-06-18 03:00:00,0.0,0.0,2024-06-18,3
2024-06-18 04:00:00,0.005515364,0.0,2024-06-18,4
2024-06-18 05:00:00,0.1073434,0.05740044,2024-06-18,5
2024-06-18 06:00:00,0.2472292,0.2062757,2024-06-18,6
2024-06-18 07:00:00,0.3276816,0.3055699,2024-06-18,7
2024-06-18 08:00:00,0.4586538,0.434274,2024-06-18,8
2024-06-18 09:00:00,0.4465207,0.4313718,2024-06-18,9
2024-06-18 10:00:00,0.6223926,0.6005563,2024-06-18,10
2024-06-18 11:00:00,0.850797,0.8178863,2024-06-18,11
2024-06-18 12:00:00,0.857665,0.8212275,2024-06-18,12
2024-06-18 13:00:00,0.61828,0.5915843,2024-06-18,13
2024-06-18 14:00:00,0.5602235,0.5248535,2024-06-18,14
2024-06-18 15:00:00,0.4343055,0.3930599,2024-06-18,15
2024-06-18 16:00:00,0.2631496,0.2292816,2024-06-18,16
2024-06-18 17:00:00,0.1281022,0.09056392,2024-06-18,17
2024-06-18 18:00:00,0.01544097,0.0,2024-06-18,18
2024-06-18 19:00:00,0.0,0.0,2024-06-18,19
2024-06-18 20:00:00,0.0,0.0,2024-06-18,20
2024-06-18 21:00:00,0.0,0.0,2024-06-18,21
2024-06-18 22:00:00,0.0,0.0,2024-06-18,22
2024-06-18 23:00:00,0.0,0.0,2024-06-18,23
2024-06-19 00:00:00,0.0,0.0,2024-06-19,0
2024-06-19 01:00:00,0.0,0.0,2024-06-19,1
2024-06-19 02:00:00,0.0,0.0,2024-06-19,2
2024-06-19 03:00:00,0.0,0.0,2024-06-19,3
2024-06-19 04:00:00,0.004609815,0.0,2024-06-19,4
2024-06-19 05:00:00,0.07746487,0.064113,2024-06-19,5
2024-06-19 06:00:00,0.2015439,0.1816892,2024-06-19,6
2024-06-19 07:00:00,0.4184335,0.3717632,2024-06-19,7
2024-06-19 08:00:00,0.5825691,0.537607,2024-06-19,8
2024-06-19 09:00:00,0.6142355,0.5855539,2024-06-19,9
2024-06-19 10:00:00,0.8524334,0.8145109,2024-06-19,10
2024-06-19 11:00:00,0.8570063,0.8236338,2024-06-19,11
2024-06-19 12:00:00,0.8349072,0.7999172,2024-06-19,12
2024-06-19 13:00:00,0.7764685,0.7345296,2024-06-19,13
2024-06-19 14:00:00,0.49236,0.4667645,2024-06-19,14
2024-06-19 15:00:00,0.3397209,0.319826,2024-06-19,15
2024-06-19 16:00:00,0.1736814,0.1652317,2024-06-19,16
2024-06-19 17:00:00,0.08020818,0.07452775,2024-06-19,17
2024-06-19 18:00:00,0.008759521,0.0,2024-06-19,18
2024-06-19 19:00:00,0.0,0.0,2024-06-19,19
2024-06-19 20:00:00,0.0,0.0,2024-06-19,20
2024-06-19 21:00:00,0.0,0.0,2024-06-19,21
2024-06-19 22:00:00,0.0,0.0,2024-06-19,22
2024-06-19 23:00:00,0.0,0.0,2024-06-19,23
2024-06-20 00:00:00,0.0,0.0,2024-06-20,0
2024-06-20 01:00:00,0.0,0.0,2024-06-20,1
2024-06-20 02:00:00,0.0,0.0,2024-06-20,2
2024-06-20 03:00:00,0.0,0.0,2024-06-20,3
2024-06-20 04:00:00,0.005776869,0.0,2024-06-20,4
2024-06-20 05:00:00,0.08561146,0.06464372,2024-06-20,5
2024-06-20 06:00:00,0.2535674,0.2082767,2024-06-20,6
2024-06-20 07:00:00,0.2195565,0.2116016,2024-06-20,7
2024-06-20 08:00:00,0.3770477,0.3618127,2024-06-20,8
2024-06-20 09:00:00,0.2816895,0.2734147,2024-06-20,9
2024-06-20 10:00:00,0.3082663,0.2993743,2024-06-20,10
2024-06-20 11:00:00,0.1274714,0.1238002,2024-06-20,11
2024-06-20 12:00:00,0.3493558,0.3392845,2024-06-20,12
2024-06-20 13:00:00,0.4289975,0.4153218,2024-06-20,13
2024-06-20 14:00:00,0.2614856,0.2535437,2024-06-20,14
2024-06-20 15:00:00,0.1102989,0.1069634,2024-06-20,15
2024-06-20 16:00:00,0.1322548,0.1275357,2024-06-20,16
2024-06-20 17:00:00,0.1016804,0.08748438,2024-06-20,17
2024-06-20 18:00:00,0.01320936,0.0,2024-06-20,18
2024-06-20 19:00:00,0.0,0.0,2024-06-20,19
2024-06-20 20:00:00,0.0,0.0,2024-06-20,20
2024-06-20 21:00:00,0.0,0.0,2024-06-20,21
2024-06-20 22:00:00,0.0,0.0,2024-06-20,22
2024-06-20 23:00:00,0.0,0.0,2024-06-20,23
2024-06-21 00:00:00,0.0,0.0,2024-06-21,0
2024-06-21 01:00:00,0.0,0.0,2024-06-21,1
2024-06-21 02:00:00,0.0,0.0,2024-06-21,2
2024-06-21 03:00:00,0.0,0.0,2024-06-21,3
2024-06-21 04:00:00,0.00294419,0.0,2024-06-21,4
2024-06-21 05:00:00,0.1157351,0.04771744,2024-06-21,5
2024-06-21 06:00:00,0.3155766,0.2300839,2024-06-21,6
2024-06-21 07:00:00,0.5174431,0.4392071,2024-06-21,7
2024-06-21 08:00:00,0.5664115,0.5240834,2024-06-21,8
2024-06-21 09:00:00,0.7979102,0.7495983,2024-06-21,9
2024-06-21 10:00:00,0.8576718,0.8192279,2024-06-21,10
2024-06-21 11:00:00,0.7891575,0.7598091,2024-06-21,11
2024-06-21 12:00:00,0.6594492,0.6361057,2024-06-21,12
2024-06-21 13:00:00,0.8265456,0.7800478,2024-06-21,13
2024-06-21 14:00:00,0.759031,0.6940846,2024-06-21,14
2024-06-21 15:00:00,0.472944,0.4213744,2024-06-21,15
2024-06-21 16:00:00,0.4109052,0.3042082,2024-06-21,16
2024-06-21 17:00:00,0.1515795,0.08638098,2024-06-21,17
2024-06-21 18:00:00,0.01894249,0.0,2024-06-21,18
2024-06-21 19:00:00,0.0,0.0,2024-06-21,19
2024-06-21 20:00:00,0.0,0.0,2024-06-21,20
2024-06-21 21:00:00,0.0,0.0,2024-06-21,21
2024-06-21 22:00:00,0.0,0.0,2024-06-21,22
2024-06-21 23:00:00,0.0,0.0,2024-06-21,23
2024-06-22 00:00:00,0.0,0.0,2024-06-22,0
2024-06-22 01:00:00,0.0,0.0,2024-06-22,1
2024-06-22 02:00:00,0.0,0.0,2024-06-22,2
2024-06-22 03:00:00,0.0,0.0,2024-06-22,3
2024-06-22 04:00:00,0.004331958,0.0,2024-06-22,4
2024-06-22 05:00:00,0.1150202,0.04719704,2024-06-22,5
2024-06-22 06:00:00,0.2493755,0.2058757,2024-06-22,6
2024-06-22 07:00:00,0.4403715,0.3859697,2024-06-22,7
2024-06-22 08:00:00,0.740495,0.6695648,2024-06-22,8
2024-06-22 09:00:00,0.8265378,0.7754332,2024-06-22,9
2024-06-22 10:00:00,0.8155529,0.7800693,2024-06-22,10
2024-06-22 11:00:00,0.797534,0.767678,2024-06-22,11
2024-06-22 12:00:00,0.6025845,0.5825238,2024-06-22,12
2024-06-22 13:00:00,0.4838056,0.467226,2024-06-22,13
2024-06-22 14:00:00,0.2566652,0.2488992,2024-06-22,14
2024-06-22 15:00:00,0.3274744,0.30973,2024-06-22,15
2024-06-22 16:00:00,0.3044474,0.25124,2024-06-22,16
2024-06-22 17:00:00,0.1239006,0.0929477,2024-06-22,17
2024-06-22 18:00:00,0.01023755,0.0,2024-06-22,18
2024-06-22 19:00:00,0.0,0.0,2024-06-22,19
2024-06-22 20:00:00,0.0,0.0,2024-06-22,20
2024-06-22 21:00:00,0.0,0.0,2024-06-22,21
2024-06-22 22:00:00,0.0,0.0,2024-06-22,22
2024-06-22 23:00:00,0.0,0.0,2024-06-22,23
2024-06-23 00:00:00,0.0,0.0,2024-06-23,0
2024-06-23 01:00:00,0.0,0.0,2024-06-23,1
2024-06-23 02:00:00,0.0,0.0,2024-06-23,2
2024-06-23 03:00:00,0.0,0.0,2024-06-23,3
2024-06-23 04:00:00,0.004128196,0.0,2024-06-23,4
2024-06-23 05:00:00,0.1020709,0.05659702,2024-06-23,5
2024-06-23 06:00:00,0.2236791,0.1937047,2024-06-23,6
2024-06-23 07:00:00,0.5566725,0.4678943,2024-06-23,7
2024-06-23 08:00:00,0.8163372,0.7369903,2024-06-23,8
2024-06-23 09:00:00,0.8175635,0.767257,2024-06-23,9
2024-06-23 10:00:00,0.9872091,0.9407535,2024-06-23,10
2024-06-23 11:00:00,1.068964,1.024612,2024-06-23,11
2024-06-23 12:00:00,1.102286,1.052606,2024-06-23,12
2024-06-23 13:00:00,0.9985126,0.9399257,2024-06-23,13
2024-06-23 14:00:00,0.788197,0.7202578,2024-06-23,14
2024-06-23 15:00:00,0.6482366,0.5563169,2024-06-23,15
2024-06-23 16:00:00,0.3860873,0.2904888,2024-06-23,16
2024-06-23 17:00:00,0.1476341,0.08932804,2024-06-23,17
2024-06-23 18:00:00,0.0165503,0.0,2024-06-23,18
2024-06-23 19:00:00,0.0,0.0,2024-06-23,19
2024-06-23 20:00:00,0.0,0.0,2024-06-23,20
2024-06-23 21:00:00,0.0,0.0,2024-06-23,21
2024-06-23 22:00:00,0.0,0.0,2024-06-23,22
2024-06-23 23:00:00,0.0,0.0,2024-06-23,23
2024-06-24 00:00:00,0.0,0.0,2024-06-24,0
2024-06-24 01:00:00,0.0,0.0,2024-06-24,1
2024-06-24 02:00:00,0.0,0.0,2024-06-24,2
2024-06-24 03:00:00,0.0,0.0,2024-06-24,3
2024-06-24 04:00:00,0.003681147,0.0,2024-06-24,4
2024-06-24 05:00:00,0.09398165,0.06023077,2024-06-24,5
2024-06-24 06:00:00,0.2459583,0.2037841,2024-06-24,6
2024-06-24 07:00:00,0.5220929,0.441912,2024-06-24,7
2024-06-24 08:00:00,0.7238968,0.6549748,2024-06-24,8
2024-06-24 09:00:00,0.7861266,0.738875,2024-06-24,9
2024-06-24 10:00:00,0.7756823,0.7431386,2024-06-24,10
2024-06-24 11:00:00,0.8178964,0.78689,2024-06-24,11
2024-06-24 12:00:00,0.8450144,0.8095058,2024-06-24,12
2024-06-24 13:00:00,0.7009639,0.6666728,2024-06-24,13
2024-06-24 14:00:00,0.7088693,0.6509578,2024-06-24,14
2024-06-24 15:00:00,0.4706181,0.4202927,2024-06-24,15
2024-06-24 16:00:00,0.2366396,0.2141623,2024-06-24,16
2024-06-24 17:00:00,0.1495006,0.08940525,2024-06-24,17
2024-06-24 18:00:00,0.01821647,0.0,2024-06-24,18
2024-06-24 19:00:00,0.0,0.0,2024-06-24,19
2024-06-24 20:00:00,0.0,0.0,2024-06-24,20
2024-06-24 21:00:00,0.0,0.0,2024-06-24,21
2024-06-24 22:00:00,0.0,0.0,2024-06-24,22
2024-06-24 23:00:00,0.0,0.0,2024-06-24,23
2024-06-25 00:00:00,0.0,0.0,2024-06-25,0
2024-06-25 01:00:00,0.0,0.0,2024-06-25,1
2024-06-25 02:00:00,0.0,0.0,2024-06-25,2
2024-06-25 03:00:00,0.0,0.0,2024-06-25,3
2024-06-25 04:00:00,0.003413848,0.0,2024-06-25,4
2024-06-25 05:00:00,0.02191088,0.02106069,2024-06-25,5
2024-06-25 06:00:00,0.1350624,0.129236,2024-06-25,6
2024-06-25 07:00:00,0.1657834,0.1605014,2024-06-25,7
2024-06-25 08:00:00,0.1612872,0.1564924,2024-06-25,8
2024-06-25 09:00:00,0.07188565,0.06979984,2024-06-25,9
2024-06-25 10:00:00,0.1843921,0.179078,2024-06-25,10
2024-06-25 11:00:00,0.09049211,0.08788072,2024-06-25,11
2024-06-25 12:00:00,0.2801777,0.2721191,2024-06-25,12
2024-06-25 13:00:00,0.2407972,0.2337963,2024-06-25,13
2024-06-25 14:00:00,0.1120889,0.1088054,2024-06-25,14
2024-06-25 15:00:00,0.07341813,0.07123411,2024-06-25,15
2024-06-25 16:00:00,0.0806284,0.07803068,2024-06-25,16
2024-06-25 17:00:00,0.02252565,0.0217618,2024-06-25,17
2024-06-25 18:00:00,0.00400592,0.0,2024-06-25,18
2024-06-25 19:00:00,0.0,0.0,2024-06-25,19
2024-06-25 20:00:00,0.0,0.0,2024-06-25,20
2024-06-25 21:00:00,0.0,0.0,2024-06-25,21
2024-06-25 22:00:00,0.0,0.0,2024-06-25,22
2024-06-25 23:00:00,0.0,0.0,2024-06-25,23
2024-06-26 00:00:00,0.0,0.0,2024-06-26,0
2024-06-26 01:00:00,0.0,0.0,2024-06-26,1
2024-06-26 02:00:00,0.0,0.0,2024-06-26,2
2024-06-26 03:00:00,0.0,0.0,2024-06-26,3
2024-06-26 04:00:00,0.001251662,0.0,2024-06-26,4
2024-06-26 05:00:00,0.003659286,0.003547267,2024-06-26,5
2024-06-26 06:00:00,0.08196108,0.07918079,2024-06-26,6
2024-06-26 07:00:00,0.1208986,0.1171638,2024-06-26,7
2024-06-26 08:00:00,0.3762596,0.3609631,2024-06-26,8
2024-06-26 09:00:00,0.5592977,0.5356943,2024-06-26,9
2024-06-26 10:00:00,0.3762207,0.365284,2024-06-26,10
2024-06-26 11:00:00,0.2561111,0.2487647,2024-06-26,11
2024-06-26 12:00:00,0.2468425,0.2397436,2024-06-26,12
2024-06-26 13:00:00,0.4627444,0.4474487,2024-06-26,13
2024-06-26 14:00:00,0.484551,0.4603797,2024-06-26,14
2024-06-26 15:00:00,0.2645948,0.2543273,2024-06-26,15
2024-06-26 16:00:00,0.2639816,0.2314624,2024-06-26,16
2024-06-26 17:00:00,0.0701102,0.06654976,2024-06-26,17
2024-06-26 18:00:00,0.01442215,0.0,2024-06-26,18
2024-06-26 19:00:00,0.0,0.0,2024-06-26,19
2024-06-26 20:00:00,0.0,0.0,2024-06-26,20
2024-06-26 21:00:00,0.0,0.0,2024-06-26,21
2024-06-26 22:00:00,0.0,0.0,2024-06-26,22
2024-06-26 23:00:00,0.0,0.0,2024-06-26,23
2024-06-27 00:00:00,0.0,0.0,2024-06-27,0
2024-06-27 01:00:00,0.0,0.0,2024-06-27,1
2024-06-27 02:00:00,0.0,0.0,2024-06-27,2
2024-06-27 03:00:00,0.0,0.0,2024-06-27,3
2024-06-27 04:00:00,0.003418583,0.0,2024-06-27,4
2024-06-27 05:00:00,0.06346441,0.05659129,2024-06-27,5
2024-06-27 06:00:00,0.1871736,0.1709881,2024-06-27,6
2024-06-27 07:00:00,0.2045036,0.1974237,2024-06-27,7
2024-06-27 08:00:00,0.1435922,0.1393392,2024-06-27,8
2024-06-27 09:00:00,0.0594423,0.05771725,2024-06-27,9
2024-06-27 10:00:00,0.1344942,0.1306151,2024-06-27,10
2024-06-27 11:00:00,0.4850197,0.4708222,2024-06-27,11
2024-06-27 12:00:00,0.397209,0.3857019,2024-06-27,12
2024-06-27 13:00:00,0.3507063,0.3402747,2024-06-27,13
2024-06-27 14:00:00,0.2542079,0.2465442,2024-06-27,14
2024-06-27 15:00:00,0.1371998,0.133007,2024-06-27,15
2024-06-27 16:00:00,0.1410994,0.135918,2024-06-27,16
2024-06-27 17:00:00,0.05968068,0.05708164,2024-06-27,17
2024-06-27 18:00:00,0.01101855,0.0,2024-06-27,18
2024-06-27 19:00:00,0.0,0.0,2024-06-27,19
2024-06-27 20:00:00,0.0,0.0,2024-06-27,20
2024-06-27 21:00:00,0.0,0.0,2024-06-27,21
2024-06-27 22:00:00,0.0,0.0,2024-06-27,22
2024-06-27 23:00:00,0.0,0.0,2024-06-27,23
2024-06-28 00:00:00,0.0,0.0,2024-06-28,0
2024-06-28 01:00:00,0.0,0.0,2024-06-28,1
2024-06-28 02:00:00,0.0,0.0,2024-06-28,2
2024-06-28 03:00:00,0.0,0.0,2024-06-28,3
2024-06-28 04:00:00,0.003399914,0.0,2024-06-28,4
2024-06-28 05:00:00,0.08976352,0.05863272,2024-06-28,5
2024-06-28 06:00:00,0.2987339,0.2208981,2024-06-28,6
2024-06-28 07:00:00,0.4353166,0.3815926,2024-06-28,7
2024-06-28 08:00:00,0.7442096,0.672879,2024-06-28,8
2024-06-28 09:00:00,0.8251221,0.7745075,2024-06-28,9
2024-06-28 10:00:00,0.8633735,0.8250707,2024-06-28,10
2024-06-28 11:00:00,0.7374371,0.711634,2024-06-28,11
2024-06-28 12:00:00,0.9948158,0.9513542,2024-06-28,12
2024-06-28 13:00:00,0.8303843,0.7848098,2024-06-28,13
2024-06-28 14:00:00,0.652119,0.603618,2024-06-28,14
2024-06-28 15:00:00,0.2213211,0.2139467,2024-06-28,15
2024-06-28 16:00:00,0.2065109,0.1927743,2024-06-28,16
2024-06-28 17:00:00,0.1086922,0.09186405,2024-06-28,17
2024-06-28 18:00:00,0.01196881,0.0,2024-06-28,18
2024-06-28 19:00:00,0.0,0.0,2024-06-28,19
2024-06-28 20:00:00,0.0,0.0,2024-06-28,20
2024-06-28 21:00:00,0.0,0.0,2024-06-28,21
2024-06-28 22:00:00,0.0,0.0,2024-06-28,22
2024-06-28 23:00:00,0.0,0.0,2024-06-28,23
2024-06-29 00:00:00,0.0,0.0,2024-06-29,0
2024-06-29 01:00:00,0.0,0.0,2024-06-29,1
2024-06-29 02:00:00,0.0,0.0,2024-06-29,2
2024-06-29 03:00:00,0.0,0.0,2024-06-29,3
2024-06-29 04:00:00,0.002921927,0.0,2024-06-29,4
2024-06-29 05:00:00,0.1251863,0.02680159,2024-06-29,5
2024-06-29 06:00:00,0.3158527,0.2266078,2024-06-29,6
2024-06-29 07:00:00,0.540863,0.4553488,2024-06-29,7
2024-06-29 08:00:00,0.6508922,0.5932497,2024-06-29,8
2024-06-29 09:00:00,0.3314592,0.3215316,2024-06-29,9
2024-06-29 10:00:00,0.8123935,0.777802,2024-06-29,10
2024-06-29 11:00:00,0.7656978,0.7384332,2024-06-29,11
2024-06-29 12:00:00,0.8470148,0.8123364,2024-06-29,12
2024-06-29 13:00:00,0.835994,0.7902721,2024-06-29,13
2024-06-29 14:00:00,0.8428637,0.7716097,2024-06-29,14
2024-06-29 15:00:00,0.5131691,0.4525146,2024-06-29,15
2024-06-29 16:00:00,0.375262,0.2874763,2024-06-29,16
2024-06-29 17:00:00,0.1763724,0.08313749,2024-06-29,17
2024-06-29 18:00:00,0.01962574,0.0,2024-06-29,18
2024-06-29 19:00:00,0.0,0.0,2024-06-29,19
2024-06-29 20:00:00,0.0,0.0,2024-06-29,20
2024-06-29 21:00:00,0.0,0.0,2024-06-29,21
2024-06-29 22:00:00,0.0,0.0,2024-06-29,22
2024-06-29 23:00:00,0.0,0.0,2024-06-29,23
2024-06-30 00:00:00,0.0,0.0,2024-06-30,0
2024-06-30 01:00:00,0.0,0.0,2024-06-30,1
2024-06-30 02:00:00,0.0,0.0,2024-06-30,2
2024-06-30 03:00:00,0.0,0.0,2024-06-30,3
2024-06-30 04:00:00,0.001746168,0.0,2024-06-30,4
2024-06-30 05:00:00,0.08858553,0.05752001,2024-06-30,5
2024-06-30 06:00:00,0.1880718,0.1711853,2024-06-30,6
2024-06-30 07:00:00,0.2961919,0.2791882,2024-06-30,7
2024-06-30 08:00:00,0.4338564,0.4123194,2024-06-30,8
2024-06-30 09:00:00,0.5331395,0.5119298,2024-06-30,9
2024-06-30 10:00:00,0.5707718,0.5520324,2024-06-30,10
2024-06-30 11:00:00,0.6319689,0.6119308,2024-06-30,11
2024-06-30 12:00:00,0.7074007,0.6818779,2024-06-30,12
2024-06-30 13:00:00,0.8551159,0.8082159,2024-06-30,13
2024-06-30 14:00:00,0.5680309,0.532976,2024-06-30,14
2024-06-30 15:00:00,0.5578595,0.4861935,2024-06-30,15
2024-06-30 16:00:00,0.2825684,0.242688,2024-06-30,16
2024-06-30 17:00:00,0.1277226,0.09593124,2024-06-30,17
2024-06-30 18:00:00,0.01752635,0.0,2024-06-30,18
2024-06-30 19:00:00,0.0,0.0,2024-06-30,19
2024-06-30 20:00:00,0.0,0.0,2024-06-30,20
2024-06-30 21:00:00,0.0,0.0,2024-06-30,21
2024-06-30 22:00:00,0.0,0.0,2024-06-30,22
2024-06-30 23:00:00,0.0,0.0,2024-06-30,23
2024-07-01 00:00:00,0.0,0.0,2024-07-01,0
2024-07-01 01:00:00,0.0,0.0,2024-07-01,1
2024-07-01 02:00:00,0.0,0.0,2024-07-01,2
2024-07-01 03:00:00,0.0,0.0,2024-07-01,3
2024-07-01 04:00:00,0.001806192,0.0,2024-07-01,4
2024-07-01 05:00:00,0.04153057,0.03941608,2024-07-01,5
2024-07-01 06:00:00,0.121027,0.1163073,2024-07-01,6
2024-07-01 07:00:00,0.3823015,0.3449953,2024-07-01,7
2024-07-01 08:00:00,0.3015513,0.2915415,2024-07-01,8
2024-07-01 09:00:00,0.3402055,0.3299722,2024-07-01,9
2024-07-01 10:00:00,0.4612752,0.4474715,2024-07-01,10
2024-07-01 11:00:00,0.4028324,0.3913099,2024-07-01,11
2024-07-01 12:00:00,0.6143132,0.5942134,2024-07-01,12
2024-07-01 13:00:00,0.4315476,0.4179659,2024-07-01,13
2024-07-01 14:00:00,0.288576,0.2796631,2024-07-01,14
2024-07-01 15:00:00,0.1368418,0.1326688,2024-07-01,15
2024-07-01 16:00:00,0.08389457,0.0811902,2024-07-01,16
2024-07-01 17:00:00,0.02370267,0.02289757,2024-07-01,17
2024-07-01 18:00:00,0.003774734,0.0,2024-07-01,18
2024-07-01 19:00:00,0.0,0.0,2024-07-01,19
2024-07-01 20:00:00,0.0,0.0,2024-07-01,20
2024-07-01 21:00:00,0.0,0.0,2024-07-01,21
2024-07-01 22:00:00,0.0,0.0,2024-07-01,22
2024-07-01 23:00:00,0.0,0.0,2024-07-01,23
2024-07-02 00:00:00,0.0,0.0,2024-07-02,0
2024-07-02 01:00:00,0.0,0.0,2024-07-02,1
2024-07-02 02:00:00,0.0,0.0,2024-07-02,2
2024-07-02 03:00:00,0.0,0.0,2024-07-02,3
2024-07-02 04:00:00,0.001325721,0.0,2024-07-02,4
2024-07-02 05:00:00,0.02853457,0.02729841,2024-07-02,5
2024-07-02 06:00:00,0.02950008,0.02859668,2024-07-02,6
2024-07-02 07:00:00,0.01620263,0.01572808,2024-07-02,7
2024-07-02 08:00:00,0.1761534,0.1709041,2024-07-02,8
2024-07-02 09:00:00,0.140055,0.13599,2024-07-02,9
2024-07-02 10:00:00,0.1826921,0.1774326,2024-07-02,10
2024-07-02 11:00:00,0.280025,0.2720088,2024-07-02,11
2024-07-02 12:00:00,0.2015844,0.1957922,2024-07-02,12
2024-07-02 13:00:00,0.197128,0.191418,2024-07-02,13
2024-07-02 14:00:00,0.2706592,0.2624416,2024-07-02,14
2024-07-02 15:00:00,0.1536936,0.1489729,2024-07-02,15
2024-07-02 16:00:00,0.1343655,0.1296194,2024-07-02,16
2024-07-02 17:00:00,0.09967779,0.08828507,2024-07-02,17
2024-07-02 18:00:00,0.003106536,0.0,2024-07-02,18
2024-07-02 19:00:00,0.0,0.0,2024-07-02,19
2024-07-02 20:00:00,0.0,0.0,2024-07-02,20
2024-07-02 21:00:00,0.0,0.0,2024-07-02,21
2024-07-02 22:00:00,0.0,0.0,2024-07-02,22
2024-07-02 23:00:00,0.0,0.0,2024-07-02,23
2024-07-03 00:00:00,0.0,0.0,2024-07-03,0
2024-07-03 01:00:00,0.0,0.0,2024-07-03,1
2024-07-03 02:00:00,0.0,0.0,2024-07-03,2
2024-07-03 03:00:00,0.0,0.0,2024-07-03,3
2024-07-03 04:00:00,0.001611178,0.0,2024-07-03,4
2024-07-03 05:00:00,0.02628182,0.02517326,2024-07-03,5
2024-07-03 06:00:00,0.07517417,0.07264926,2024-07-03,6
2024-07-03 07:00:00,0.1387104,0.1343761,2024-07-03,7
2024-07-03 08:00:00,0.1454897,0.1411826,2024-07-03,8
2024-07-03 09:00:00,0.3162248,0.3068499,2024-07-03,9
2024-07-03 10:00:00,0.5466349,0.5293099,2024-07-03,10
2024-07-03 11:00:00,0.2929542,0.2845746,2024-07-03,11
2024-07-03 12:00:00,0.2155471,0.2093575,2024-07-03,12
2024-07-03 13:00:00,0.4026207,0.3903418,2024-07-03,13
2024-07-03 14:00:00,0.3380448,0.326882,2024-07-03,14
2024-07-03 15:00:00,0.2217002,0.2143604,2024-07-03,15
2024-07-03 16:00:00,0.1706335,0.1629901,2024-07-03,16
2024-07-03 17:00:00,0.09655457,0.08659576,2024-07-03,17
2024-07-03 18:00:00,0.008482154,0.0,2024-07-03,18
2024-07-03 19:00:00,0.0,0.0,2024-07-03,19
2024-07-03 20:00:00,0.0,0.0,2024-07-03,20
2024-07-03 21:00:00,0.0,0.0,2024-07-03,21
2024-07-03 22:00:00,0.0,0.0,2024-07-03,22
2024-07-03 23:00:00,0.0,0.0,2024-07-03,23
2024-07-04 00:00:00,0.0,0.0,2024-07-04,0
2024-07-04 01:00:00,0.0,0.0,2024-07-04,1
2024-07-04 02:00:00,0.0,0.0,2024-07-04,2
2024-07-04 03:00:00,0.0,0.0,2024-07-04,3
2024-07-04 04:00:00,0.00154863,0.0,2024-07-04,4
2024-07-04 05:00:00,0.01453793,0.01401534,2024-07-04,5
2024-07-04 06:00:00,0.05128155,0.04964214,2024-07-04,6
2024-07-04 07:00:00,0.1409089,0.1365003,2024-07-04,7
2024-07-04 08:00:00,0.2413293,0.2339685,2024-07-04,8
2024-07-04 09:00:00,0.2606099,0.252999,2024-07-04,9
2024-07-04 10:00:00,0.1392747,0.1352625,2024-07-04,10
2024-07-04 11:00:00,0.191901,0.1863977,2024-07-04,11
2024-07-04 12:00:00,0.167483,0.1626687,2024-07-04,12
2024-07-04 13:00:00,0.1358764,0.1319464,2024-07-04,13
2024-07-04 14:00:00,0.1727203,0.1676339,2024-07-04,14
2024-07-04 15:00:00,0.1526765,0.1479957,2024-07-04,15
2024-07-04 16:00:00,0.07585763,0.07344471,2024-07-04,16
2024-07-04 17:00:00,0.02724739,0.02630252,2024-07-04,17
2024-07-04 18:00:00,0.002424104,0.0,2024-07-04,18
2024-07-04 19:00:00,0.0,0.0,2024-07-04,19
2024-07-04 20:00:00,0.0,0.0,2024-07-04,20
2024-07-04 21:00:00,0.0,0.0,2024-07-04,21
2024-07-04 22:00:00,0.0,0.0,2024-07-04,22
2024-07-04 23:00:00,0.0,0.0,2024-07-04,23
2024-07-05 00:00:00,0.0,0.0,2024-07-05,0
2024-07-05 01:00:00,0.0,0.0,2024-07-05,1
2024-07-05 02:00:00,0.0,0.0,2024-07-05,2
2024-07-05 03:00:00,0.0,0.0,2024-07-05,3
2024-07-05 04:00:00,0.002251712,0.0,2024-07-05,4
2024-07-05 05:00:00,0.08613207,0.05438755,2024-07-05,5
2024-07-05 06:00:00,0.1070809,0.1031907,2024-07-05,6
2024-07-05 07:00:00,0.3404305,0.3141794,2024-07-05,7
2024-07-05 08:00:00,0.530199,0.4944832,2024-07-05,8
2024-07-05 09:00:00,0.5650396,0.5416131,2024-07-05,9
2024-07-05 10:00:00,0.8736393,0.8369728,2024-07-05,10
2024-07-05 11:00:00,0.7564455,0.7311295,2024-07-05,11
2024-07-05 12:00:00,0.5544574,0.5375776,2024-07-05,12
2024-07-05 13:00:00,0.5233369,0.5051546,2024-07-05,13
2024-07-05 14:00:00,0.3039383,0.2944438,2024-07-05,14
2024-07-05 15:00:00,0.4544071,0.4115465,2024-07-05,15
2024-07-05 16:00:00,0.4311934,0.3246288,2024-07-05,16
2024-07-05 17:00:00,0.172473,0.08757245,2024-07-05,17
2024-07-05 18:00:00,0.0173792,0.0,2024-07-05,18
2024-07-05 19:00:00,0.0,0.0,2024-07-05,19
2024-07-05 20:00:00,0.0,0.0,2024-07-05,20
2024-07-05 21:00:00,0.0,0.0,2024-07-05,21
2024-07-05 22:00:00,0.0,0.0,2024-07-05,22
2024-07-05 23:00:00,0.0,0.0,2024-07-05,23
2024-07-06 00:00:00,0.0,0.0,2024-07-06,0
2024-07-06 01:00:00,0.0,0.0,2024-07-06,1
2024-07-06 02:00:00,0.0,0.0,2024-07-06,2
2024-07-06 03:00:00,0.0,0.0,2024-07-06,3
2024-07-06 04:00:00,0.000934259,0.0,2024-07-06,4
2024-07-06 05:00:00,0.04059039,0.03849898,2024-07-06,5
2024-07-06 06:00:00,0.2415247,0.19802,2024-07-06,6
2024-07-06 07:00:00,0.4880084,0.4175395,2024-07-06,7
2024-07-06 08:00:00,0.5719043,0.5291703,2024-07-06,8
2024-07-06 09:00:00,0.530776,0.5102619,2024-07-06,9
2024-07-06 10:00:00,0.6610486,0.6380619,2024-07-06,10
2024-07-06 11:00:00,0.394179,0.3829817,2024-07-06,11
2024-07-06 12:00:00,0.1003673,0.09747417,2024-07-06,12
2024-07-06 13:00:00,0.09188434,0.08922632,2024-07-06,13
2024-07-06 14:00:00,0.03723408,0.03615062,2024-07-06,14
2024-07-06 15:00:00,0.07921959,0.07686531,2024-07-06,15
2024-07-06 16:00:00,0.06518184,0.06314044,2024-07-06,16
2024-07-06 17:00:00,0.08874859,0.08164994,2024-07-06,17
2024-07-06 18:00:00,0.01699366,0.0,2024-07-06,18
2024-07-06 19:00:00,0.0,0.0,2024-07-06,19
2024-07-06 20:00:00,0.0,0.0,2024-07-06,20
2024-07-06 21:00:00,0.0,0.0,2024-07-06,21
2024-07-06 22:00:00,0.0,0.0,2024-07-06,22
2024-07-06 23:00:00,0.0,0.0,2024-07-06,23
2024-07-07 00:00:00,0.0,0.0,2024-07-07,0
2024-07-07 01:00:00,0.0,0.0,2024-07-07,1
2024-07-07 02:00:00,0.0,0.0,2024-07-07,2
2024-07-07 03:00:00,0.0,0.0,2024-07-07,3
2024-07-07 04:00:00,0.000933183,0.0,2024-07-07,4
2024-07-07 05:00:00,0.07159608,0.05604466,2024-07-07,5
2024-07-07 06:00:00,0.1129076,0.1086729,2024-07-07,6
2024-07-07 07:00:00,0.2133575,0.2056704,2024-07-07,7
2024-07-07 08:00:00,0.2536683,0.2458599,2024-07-07,8
2024-07-07 09:00:00,0.5511739,0.5291853,2024-07-07,9
2024-07-07 10:00:00,0.8274511,0.7945344,2024-07-07,10
2024-07-07 11:00:00,0.4031143,0.3916841,2024-07-07,11
2024-07-07 12:00:00,0.8043034,0.7751667,2024-07-07,12
2024-07-07 13:00:00,0.5636207,0.5431688,2024-07-07,13
2024-07-07 14:00:00,0.3774283,0.3641106,2024-07-07,14
2024-07-07 15:00:00,0.4391166,0.4007255,2024-07-07,15
2024-07-07 16:00:00,0.4076115,0.3104537,2024-07-07,16
2024-07-07 17:00:00,0.1397779,0.09675202,2024-07-07,17
2024-07-07 18:00:00,0.01966867,0.0,2024-07-07,18
2024-07-07 19:00:00,0.0,0.0,2024-07-07,19
2024-07-07 20:00:00,0.0,0.0,2024-07-07,20
2024-07-07 21:00:00,0.0,0.0,2024-07-07,21
2024-07-07 22:00:00,0.0,0.0,2024-07-07,22
2024-07-07 23:00:00,0.0,0.0,2024-07-07,23
2024-07-08 00:00:00,0.0,0.0,2024-07-08,0
2024-07-08 01:00:00,0.0,0.0,2024-07-08,1
2024-07-08 02:00:00,0.0,0.0,2024-07-08,2
2024-07-08 03:00:00,0.0,0.0,2024-07-08,3
2024-07-08 04:00:00,0.001057414,0.0,2024-07-08,4
2024-07-08 05:00:00,0.000270416,0.000262477,2024-07-08,5
2024-07-08 06:00:00,0.03719491,0.03603786,2024-07-08,6
2024-07-08 07:00:00,0.05822348,0.05648892,2024-07-08,7
2024-07-08 08:00:00,0.1208353,0.1172791,2024-07-08,8
2024-07-08 09:00:00,0.1105652,0.1073622,2024-07-08,9
2024-07-08 10:00:00,0.148911,0.1446272,2024-07-08,10
2024-07-08 11:00:00,0.1093905,0.1062428,2024-07-08,11
2024-07-08 12:00:00,0.1469062,0.1426848,2024-07-08,12
2024-07-08 13:00:00,0.1087327,0.1055902,2024-07-08,13
2024-07-08 14:00:00,0.06604312,0.06412087,2024-07-08,14
2024-07-08 15:00:00,0.0333621,0.03238451,2024-07-08,15
2024-07-08 16:00:00,0.0520617,0.05045978,2024-07-08,16
2024-07-08 17:00:00,0.02565704,0.02477918,2024-07-08,17
2024-07-08 18:00:00,0.001903148,0.0,2024-07-08,18
2024-07-08 19:00:00,0.0,0.0,2024-07-08,19
2024-07-08 20:00:00,0.0,0.0,2024-07-08,20
2024-07-08 21:00:00,0.0,0.0,2024-07-08,21
2024-07-08 22:00:00,0.0,0.0,2024-07-08,22
2024-07-08 23:00:00,0.0,0.0,2024-07-08,23
2024-07-09 00:00:00,0.0,0.0,2024-07-09,0
2024-07-09 01:00:00,0.0,0.0,2024-07-09,1
2024-07-09 02:00:00,0.0,0.0,2024-07-09,2
2024-07-09 03:00:00,0.0,0.0,2024-07-09,3
2024-07-09 04:00:00,0.001409172,0.0,2024-07-09,4
2024-07-09 05:00:00,0.07504561,0.05460738,2024-07-09,5
2024-07-09 06:00:00,0.1380247,0.131442,2024-07-09,6
2024-07-09 07:00:00,0.2490461,0.2383171,2024-07-09,7
2024-07-09 08:00:00,0.1739877,0.1688195,2024-07-09,8
2024-07-09 09:00:00,0.2863108,0.2779436,2024-07-09,9
2024-07-09 10:00:00,0.2387304,0.2318828,2024-07-09,10
2024-07-09 11:00:00,0.2930939,0.2847395,2024-07-09,11
2024-07-09 12:00:00,0.2483788,0.2412722,2024-07-09,12
2024-07-09 13:00:00,0.4854826,0.4698292,2024-07-09,13
2024-07-09 14:00:00,0.4492523,0.4304983,2024-07-09,14
2024-07-09 15:00:00,0.244445,0.2359328,2024-07-09,15
2024-07-09 16:00:00,0.1741983,0.1662858,2024-07-09,16
2024-07-09 17:00:00,0.04432002,0.04261007,2024-07-09,17
2024-07-09 18:00:00,0.003914012,0.0,2024-07-09,18
2024-07-09 19:00:00,0.0,0.0,2024-07-09,19
2024-07-09 20:00:00,0.0,0.0,2024-07-09,20
2024-07-09 21:00:00,0.0,0.0,2024-07-09,21
2024-07-09 22:00:00,0.0,0.0,2024-07-09,22
2024-07-09 23:00:00,0.0,0.0,2024-07-09,23
2024-07-10 00:00:00,0.0,0.0,2024-07-10,0
2024-07-10 01:00:00,0.0,0.0,2024-07-10,1
2024-07-10 02:00:00,0.0,0.0,2024-07-10,2
2024-07-10 03:00:00,0.0,0.0,2024-07-10,3
2024-07-10 04:00:00,0.001212665,0.0,2024-07-10,4
2024-07-10 05:00:00,0.11804,0.01920491,2024-07-10,5
2024-07-10 06:00:00,0.2948686,0.2154201,2024-07-10,6
2024-07-10 07:00:00,0.471406,0.4066772,2024-07-10,7
2024-07-10 08:00:00,0.379637,0.3643048,2024-07-10,8
2024-07-10 09:00:00,0.7495368,0.7102681,2024-07-10,9
2024-07-10 10:00:00,0.9693504,0.9306558,2024-07-10,10
2024-07-10 11:00:00,0.8860092,0.8567527,2024-07-10,11
2024-07-10 12:00:00,0.8011796,0.7736932,2024-07-10,12
2024-07-10 13:00:00,0.5478806,0.5289653,2024-07-10,13
2024-07-10 14:00:00,0.3561614,0.3442747,2024-07-10,14
2024-07-10 15:00:00,0.2917504,0.2795537,2024-07-10,15
2024-07-10 16:00:00,0.1353256,0.1305861,2024-07-10,16
2024-07-10 17:00:00,0.0948953,0.08573762,2024-07-10,17
2024-07-10 18:00:00,0.01673839,0.0,2024-07-10,18
2024-07-10 19:00:00,0.0,0.0,2024-07-10,19
2024-07-10 20:00:00,0.0,0.0,2024-07-10,20
2024-07-10 21:00:00,0.0,0.0,2024-07-10,21
2024-07-10 22:00:00,0.0,0.0,2024-07-10,22
2024-07-10 23:00:00,0.0,0.0,2024-07-10,23
2024-07-11 00:00:00,0.0,0.0,2024-07-11,0
2024-07-11 01:00:00,0.0,0.0,2024-07-11,1
2024-07-11 02:00:00,0.0,0.0,2024-07-11,2
2024-07-11 03:00:00,0.0,0.0,2024-07-11,3
2024-07-11 04:00:00,0.000975104,0.0,2024-07-11,4
2024-07-11 05:00:00,0.07066323,0.05364244,2024-07-11,5
2024-07-11 06:00:00,0.1237087,0.1186152,2024-07-11,6
2024-07-11 07:00:00,0.3865298,0.3480303,2024-07-11,7
2024-07-11 08:00:00,0.490853,0.4623943,2024-07-11,8
2024-07-11 09:00:00,0.6652575,0.634242,2024-07-11,9
2024-07-11 10:00:00,0.7580708,0.7311521,2024-07-11,10
2024-07-11 11:00:00,0.9226663,0.8925452,2024-07-11,11
2024-07-11 12:00:00,1.029263,0.9921988,2024-07-11,12
2024-07-11 13:00:00,0.8083902,0.7711549,2024-07-11,13
2024-07-11 14:00:00,0.4370285,0.419631,2024-07-11,14
2024-07-11 15:00:00,0.623894,0.5459726,2024-07-11,15
2024-07-11 16:00:00,0.4251177,0.3247544,2024-07-11,16
2024-07-11 17:00:00,0.1227303,0.09667531,2024-07-11,17
2024-07-11 18:00:00,0.02227856,0.0,2024-07-11,18
2024-07-11 19:00:00,0.0,0.0,2024-07-11,19
2024-07-11 20:00:00,0.0,0.0,2024-07-11,20
2024-07-11 21:00:00,0.0,0.0,2024-07-11,21
2024-07-11 22:00:00,0.0,0.0,2024-07-11,22
2024-07-11 23:00:00,0.0,0.0,2024-07-11,23
2024-07-12 00:00:00,0.0,0.0,2024-07-12,0
2024-07-12 01:00:00,0.0,0.0,2024-07-12,1
2024-07-12 02:00:00,0.0,0.0,2024-07-12,2
2024-07-12 03:00:00,0.0,0.0,2024-07-12,3
2024-07-12 04:00:00,0.000970467,0.0,2024-07-12,4
2024-07-12 05:00:00,0.0505538,0.04624961,2024-07-12,5
2024-07-12 06:00:00,0.130846,0.1250249,2024-07-12,6
2024-07-12 07:00:00,0.09169032,0.08891331,2024-07-12,7
2024-07-12 08:00:00,0.1994241,0.1934813,2024-07-12,8
2024-07-12 09:00:00,0.3054717,0.2965347,2024-07-12,9
2024-07-12 10:00:00,0.2769125,0.2689915,2024-07-12,10
2024-07-12 11:00:00,0.2603511,0.2529345,2024-07-12,11
2024-07-12 12:00:00,0.4792145,0.4656307,2024-07-12,12
2024-07-12 13:00:00,0.3072605,0.298384,2024-07-12,13
2024-07-12 14:00:00,0.2144247,0.2081101,2024-07-12,14
2024-07-12 15:00:00,0.09405432,0.09125283,2024-07-12,15
2024-07-12 16:00:00,0.1045429,0.1011113,2024-07-12,16
2024-07-12 17:00:00,0.04433741,0.04263049,2024-07-12,17
2024-07-12 18:00:00,0.001404192,0.0,2024-07-12,18
2024-07-12 19:00:00,0.0,0.0,2024-07-12,19
2024-07-12 20:00:00,0.0,0.0,2024-07-12,20
2024-07-12 21:00:00,0.0,0.0,2024-07-12,21
2024-07-12 22:00:00,0.0,0.0,2024-07-12,22
2024-07-12 23:00:00,0.0,0.0,2024-07-12,23
2024-07-13 00:00:00,0.0,0.0,2024-07-13,0
2024-07-13 01:00:00,0.0,0.0,2024-07-13,1
2024-07-13 02:00:00,0.0,0.0,2024-07-13,2
2024-07-13 03:00:00,0.0,0.0,2024-07-13,3
2024-07-13 04:00:00,0.000520505,0.0,2024-07-13,4
2024-07-13 05:00:00,0.05467909,0.04858647,2024-07-13,5
2024-07-13 06:00:00,0.3131259,0.2221507,2024-07-13,6
2024-07-13 07:00:00,0.4598067,0.3993695,2024-07-13,7
2024-07-13 08:00:00,0.6601604,0.6059269,2024-07-13,8
2024-07-13 09:00:00,0.8137404,0.7710006,2024-07-13,9
2024-07-13 10:00:00,0.832303,0.8025364,2024-07-13,10
2024-07-13 11:00:00,0.9458553,0.9163957,2024-07-13,11
2024-07-13 12:00:00,0.6462672,0.6271122,2024-07-13,12
2024-07-13 13:00:00,0.7548479,0.7227943,2024-07-13,13
2024-07-13 14:00:00,0.5626209,0.5324455,2024-07-13,14
2024-07-13 15:00:00,0.4179223,0.3862456,2024-07-13,15
2024-07-13 16:00:00,0.2124565,0.1984034,2024-07-13,16
2024-07-13 17:00:00,0.09885546,0.08798826,2024-07-13,17
2024-07-13 18:00:00,0.01184189,0.0,2024-07-13,18
2024-07-13 19:00:00,0.0,0.0,2024-07-13,19
2024-07-13 20:00:00,0.0,0.0,2024-07-13,20
2024-07-13 21:00:00,0.0,0.0,2024-07-13,21
2024-07-13 22:00:00,0.0,0.0,2024-07-13,22
2024-07-13 23:00:00,0.0,0.0,2024-07-13,23
2024-07-14 00:00:00,0.0,0.0,2024-07-14,0
2024-07-14 01:00:00,0.0,0.0,2024-07-14,1
2024-07-14 02:00:00,0.0,0.0,2024-07-14,2
2024-07-14 03:00:00,0.0,0.0,2024-07-14,3
2024-07-14 04:00:00,0.000506833,0.0,2024-07-14,4
2024-07-14 05:00:00,0.03311975,0.03150585,2024-07-14,5
2024-07-14 06:00:00,0.1038182,0.1000603,2024-07-14,6
2024-07-14 07:00:00,0.2362804,0.2268078,2024-07-14,7
2024-07-14 08:00:00,0.3395655,0.3275141,2024-07-14,8
2024-07-14 09:00:00,0.399863,0.3875971,2024-07-14,9
2024-07-14 10:00:00,0.3750461,0.3644012,2024-07-14,10
2024-07-14 11:00:00,0.2093896,0.2034165,2024-07-14,11
2024-07-14 12:00:00,0.2403283,0.2334728,2024-07-14,12
2024-07-14 13:00:00,0.2329919,0.2262864,2024-07-14,13
2024-07-14 14:00:00,0.1401445,0.1360556,2024-07-14,14
2024-07-14 15:00:00,0.1858888,0.1801481,2024-07-14,15
2024-07-14 16:00:00,0.05045313,0.04890877,2024-07-14,16
2024-07-14 17:00:00,0.02977134,0.02872842,2024-07-14,17
2024-07-14 18:00:00,0.006056084,0.0,2024-07-14,18
2024-07-14 19:00:00,0.0,0.0,2024-07-14,19
2024-07-14 20:00:00,0.0,0.0,2024-07-14,20
2024-07-14 21:00:00,0.0,0.0,2024-07-14,21
2024-07-14 22:00:00,0.0,0.0,2024-07-14,22
2024-07-14 23:00:00,0.0,0.0,2024-07-14,23
2024-07-15 00:00:00,0.0,0.0,2024-07-15,0
2024-07-15 01:00:00,0.0,0.0,2024-07-15,1
2024-07-15 02:00:00,0.0,0.0,2024-07-15,2
2024-07-15 03:00:00,0.0,0.0,2024-07-15,3
2024-07-15 04:00:00,0.000530548,0.0,2024-07-15,4
2024-07-15 05:00:00,0.07440967,0.0495831,2024-07-15,5
2024-07-15 06:00:00,0.09354278,0.09026016,2024-07-15,6
2024-07-15 07:00:00,0.1558829,0.1509855,2024-07-15,7
2024-07-15 08:00:00,0.4220946,0.4030437,2024-07-15,8
2024-07-15 09:00:00,0.5633037,0.5420395,2024-07-15,9
2024-07-15 10:00:00,0.799442,0.772644,2024-07-15,10
2024-07-15 11:00:00,0.849883,0.825469,2024-07-15,11
2024-07-15 12:00:00,0.7795243,0.7558967,2024-07-15,12
2024-07-15 13:00:00,0.8355975,0.7997035,2024-07-15,13
2024-07-15 14:00:00,0.6562676,0.6155426,2024-07-15,14
2024-07-15 15:00:00,0.5006819,0.4508933,2024-07-15,15
2024-07-15 16:00:00,0.3299217,0.2719226,2024-07-15,16
2024-07-15 17:00:00,0.1593188,0.09261099,2024-07-15,17
2024-07-15 18:00:00,0.01388941,0.0,2024-07-15,18
2024-07-15 19:00:00,0.0,0.0,2024-07-15,19
2024-07-15 20:00:00,0.0,0.0,2024-07-15,20
2024-07-15 21:00:00,0.0,0.0,2024-07-15,21
2024-07-15 22:00:00,0.0,0.0,2024-07-15,22
2024-07-15 23:00:00,0.0,0.0,2024-07-15,23
2024-07-16 00:00:00,0.0,0.0,2024-07-16,0
2024-07-16 01:00:00,0.0,0.0,2024-07-16,1
2024-07-16 02:00:00,0.0,0.0,2024-07-16,2
2024-07-16 03:00:00,0.0,0.0,2024-07-16,3
2024-07-16 04:00:00,6.21613e-05,0.0,2024-07-16,4
2024-07-16 05:00:00,0.03667265,0.03475068,2024-07-16,5
2024-07-16 06:00:00,0.07125889,0.06887864,2024-07-16,6
2024-07-16 07:00:00,0.28229,0.2674288,2024-07-16,7
2024-07-16 08:00:00,0.587319,0.5456853,2024-07-16,8
2024-07-16 09:00:00,0.4151238,0.4023423,2024-07-16,9
2024-07-16 10:00:00,0.6185382,0.6002418,2024-07-16,10
2024-07-16 11:00:00,0.8375344,0.8142657,2024-07-16,11
2024-07-16 12:00:00,0.9807819,0.9503158,2024-07-16,12
2024-07-16 13:00:00,0.7764803,0.745093,2024-07-16,13
2024-07-16 14:00:00,0.6019379,0.5684156,2024-07-16,14
2024-07-16 15:00:00,0.6359771,0.5609062,2024-07-16,15
2024-07-16 16:00:00,0.3966157,0.3098405,2024-07-16,16
2024-07-16 17:00:00,0.1452632,0.0955594,2024-07-16,17
2024-07-16 18:00:00,0.0139133,0.0,2024-07-16,18
2024-07-16 19:00:00,0.0,0.0,2024-07-16,19
2024-07-16 20:00:00,0.0,0.0,2024-07-16,20
2024-07-16 21:00:00,0.0,0.0,2024-07-16,21
2024-07-16 22:00:00,0.0,0.0,2024-07-16,22
2024-07-16 23:00:00,0.0,0.0,2024-07-16,23
2024-07-17 00:00:00,0.0,0.0,2024-07-17,0
2024-07-17 01:00:00,0.0,0.0,2024-07-17,1
2024-07-17 02:00:00,0.0,0.0,2024-07-17,2
2024-07-17 03:00:00,0.0,0.0,2024-07-17,3
2024-07-17 04:00:00,0.000222276,0.0,2024-07-17,4
2024-07-17 05:00:00,0.0586833,0.04889046,2024-07-17,5
2024-07-17 06:00:00,0.1703678,0.1568169,2024-07-17,6
2024-07-17 07:00:00,0.3004598,0.2827189,2024-07-17,7
2024-07-17 08:00:00,0.2808547,0.2720472,2024-07-17,8
2024-07-17 09:00:00,0.3567916,0.3462723,2024-07-17,9
2024-07-17 10:00:00,0.5716023,0.5552603,2024-07-17,10
2024-07-17 11:00:00,0.6751955,0.6573716,2024-07-17,11
2024-07-17 12:00:00,0.4590794,0.446427,2024-07-17,12
2024-07-17 13:00:00,0.411641,0.399655,2024-07-17,13
2024-07-17 14:00:00,0.1571622,0.1525803,2024-07-17,14
2024-07-17 15:00:00,0.1967942,0.1906825,2024-07-17,15
2024-07-17 16:00:00,0.3045247,0.2590571,2024-07-17,16
2024-07-17 17:00:00,0.09296054,0.08423153,2024-07-17,17
2024-07-17 18:00:00,0.01046422,0.0,2024-07-17,18
2024-07-17 19:00:00,0.0,0.0,2024-07-17,19
2024-07-17 20:00:00,0.0,0.0,2024-07-17,20
2024-07-17 21:00:00,0.0,0.0,2024-07-17,21
2024-07-17 22:00:00,0.0,0.0,2024-07-17,22
2024-07-17 23:00:00,0.0,0.0,2024-07-17,23
2024-07-18 00:00:00,0.0,0.0,2024-07-18,0
2024-07-18 01:00:00,0.0,0.0,2024-07-18,1
2024-07-18 02:00:00,0.0,0.0,2024-07-18,2
2024-07-18 03:00:00,0.0,0.0,2024-07-18,3
2024-07-18 04:00:00,0.000162479,0.0,2024-07-18,4
2024-07-18 05:00:00,0.04730655,0.0431419,2024-07-18,5
2024-07-18 06:00:00,0.2537688,0.1994259,2024-07-18,6
2024-07-18 07:00:00,0.3579683,0.3280672,2024-07-18,7
2024-07-18 08:00:00,0.584263,0.544185,2024-07-18,8
2024-07-18 09:00:00,0.885601,0.8427506,2024-07-18,9
2024-07-18 10:00:00,0.7044936,0.6836421,2024-07-18,10
2024-07-18 11:00:00,0.7794824,0.7593377,2024-07-18,11
2024-07-18 12:00:00,0.8736957,0.848854,2024-07-18,12
2024-07-18 13:00:00,0.8037726,0.7724138,2024-07-18,13
2024-07-18 14:00:00,0.8319868,0.7772652,2024-07-18,14
2024-07-18 15:00:00,0.5852896,0.5201473,2024-07-18,15
2024-07-18 16:00:00,0.3390706,0.2780378,2024-07-18,16
2024-07-18 17:00:00,0.1474942,0.09461642,2024-07-18,17
2024-07-18 18:00:00,0.01150647,0.0,2024-07-18,18
2024-07-18 19:00:00,0.0,0.0,2024-07-18,19
2024-07-18 20:00:00,0.0,0.0,2024-07-18,20
2024-07-18 21:00:00,0.0,0.0,2024-07-18,21
2024-07-18 22:00:00,0.0,0.0,2024-07-18,22
2024-07-18 23:00:00,0.0,0.0,2024-07-18,23
2024-07-19 00:00:00,0.0,0.0,2024-07-19,0
2024-07-19 01:00:00,0.0,0.0,2024-07-19,1
2024-07-19 02:00:00,0.0,0.0,2024-07-19,2
2024-07-19 03:00:00,0.0,0.0,2024-07-19,3
2024-07-19 04:00:00,6.75198e-05,0.0,2024-07-19,4
2024-07-19 05:00:00,0.01576357,0.01516143,2024-07-19,5
2024-07-19 06:00:00,0.06010597,0.05814674,2024-07-19,6
2024-07-19 07:00:00,0.1824075,0.1764739,2024-07-19,7
2024-07-19 08:00:00,0.2086803,0.2024929,2024-07-19,8
2024-07-19 09:00:00,0.3126054,0.3035555,2024-07-19,9
2024-07-19 10:00:00,0.2095958,0.2036178,2024-07-19,10
2024-07-19 11:00:00,0.1907589,0.185327,2024-07-19,11
2024-07-19 12:00:00,0.1695338,0.1646929,2024-07-19,12
2024-07-19 13:00:00,0.1325113,0.1287013,2024-07-19,13
2024-07-19 14:00:00,0.1696225,0.1646813,2024-07-19,14
2024-07-19 15:00:00,0.09650717,0.09364349,2024-07-19,15
2024-07-19 16:00:00,0.05847406,0.05667356,2024-07-19,16
2024-07-19 17:00:00,0.02516402,0.02430855,2024-07-19,17
2024-07-19 18:00:00,0.008998512,0.0,2024-07-19,18
2024-07-19 19:00:00,0.0,0.0,2024-07-19,19
2024-07-19 20:00:00,0.0,0.0,2024-07-19,20
2024-07-19 21:00:00,0.0,0.0,2024-07-19,21
2024-07-19 22:00:00,0.0,0.0,2024-07-19,22
2024-07-19 23:00:00,0.0,0.0,2024-07-19,23
2024-07-20 00:00:00,0.0,0.0,2024-07-20,0
2024-07-20 01:00:00,0.0,0.0,2024-07-20,1
2024-07-20 02:00:00,0.0,0.0,2024-07-20,2
2024-07-20 03:00:00,0.0,0.0,2024-07-20,3
2024-07-20 04:00:00,5.58208e-05,0.0,2024-07-20,4
2024-07-20 05:00:00,0.000804596,0.00078077,2024-07-20,5
2024-07-20 06:00:00,0.004309166,0.004182636,2024-07-20,6
2024-07-20 07:00:00,0.02034318,0.01974752,2024-07-20,7
2024-07-20 08:00:00,0.02767763,0.02687225,2024-07-20,8
2024-07-20 09:00:00,0.01589117,0.01542892,2024-07-20,9
2024-07-20 10:00:00,0.08948097,0.08690661,2024-07-20,10
2024-07-20 11:00:00,0.1594021,0.1548536,2024-07-20,11
2024-07-20 12:00:00,0.05234471,0.05083271,2024-07-20,12
2024-07-20 13:00:00,0.05993995,0.05820797,2024-07-20,13
2024-07-20 14:00:00,0.08949072,0.08689454,2024-07-20,14
2024-07-20 15:00:00,0.06778871,0.06579376,2024-07-20,15
2024-07-20 16:00:00,0.0244838,0.0237562,2024-07-20,16
2024-07-20 17:00:00,0.06653254,0.06342438,2024-07-20,17
2024-07-20 18:00:00,0.004376518,0.0,2024-07-20,18
2024-07-20 19:00:00,0.0,0.0,2024-07-20,19
2024-07-20 20:00:00,0.0,0.0,2024-07-20,20
2024-07-20 21:00:00,0.0,0.0,2024-07-20,21
2024-07-20 22:00:00,0.0,0.0,2024-07-20,22
2024-07-20 23:00:00,0.0,0.0,2024-07-20,23
2024-07-21 00:00:00,0.0,0.0,2024-07-21,0
2024-07-21 01:00:00,0.0,0.0,2024-07-21,1
2024-07-21 02:00:00,0.0,0.0,2024-07-21,2
2024-07-21 03:00:00,0.0,0.0,2024-07-21,3
2024-07-21 04:00:00,3.1918e-05,0.0,2024-07-21,4
2024-07-21 05:00:00,0.08168409,0.03669928,2024-07-21,5
2024-07-21 06:00:00,0.3101139,0.2216786,2024-07-21,6
2024-07-21 07:00:00,0.5017548,0.4342087,2024-07-21,7
2024-07-21 08:00:00,0.7011355,0.64837,2024-07-21,8
2024-07-21 09:00:00,0.758325,0.7262415,2024-07-21,9
2024-07-21 10:00:00,0.7220997,0.702339,2024-07-21,10
2024-07-21 11:00:00,0.8068331,0.7881839,2024-07-21,11
2024-07-21 12:00:00,0.8206978,0.8001155,2024-07-21,12
2024-07-21 13:00:00,0.8082458,0.7794833,2024-07-21,13
2024-07-21 14:00:00,0.734652,0.6909367,2024-07-21,14
2024-07-21 15:00:00,0.4373958,0.4045758,2024-07-21,15
2024-07-21 16:00:00,0.3644973,0.293819,2024-07-21,16
2024-07-21 17:00:00,0.1458972,0.09375417,2024-07-21,17
2024-07-21 18:00:00,0.01296073,0.0,2024-07-21,18
2024-07-21 19:00:00,0.0,0.0,2024-07-21,19
2024-07-21 20:00:00,0.0,0.0,2024-07-21,20
2024-07-21 21:00:00,0.0,0.0,2024-07-21,21
2024-07-21 22:00:00,0.0,0.0,2024-07-21,22
2024-07-21 23:00:00,0.0,0.0,2024-07-21,23
2024-07-22 00:00:00,0.0,0.0,2024-07-22,0
2024-07-22 01:00:00,0.0,0.0,2024-07-22,1
2024-07-22 02:00:00,0.0,0.0,2024-07-22,2
2024-07-22 03:00:00,0.0,0.0,2024-07-22,3
2024-07-22 04:00:00,1.58646e-05,0.0,2024-07-22,4
2024-07-22 05:00:00,0.08892206,0.02770817,2024-07-22,5
2024-07-22 06:00:00,0.2503371,0.1976442,2024-07-22,6
2024-07-22 07:00:00,0.5070624,0.439106,2024-07-22,7
2024-07-22 08:00:00,0.7326199,0.6779038,2024-07-22,8
2024-07-22 09:00:00,0.9295175,0.8893057,2024-07-22,9
2024-07-22 10:00:00,1.020181,0.9922661,2024-07-22,10
2024-07-22 11:00:00,1.02953,1.007334,2024-07-22,11
2024-07-22 12:00:00,1.053872,1.028571,2024-07-22,12
2024-07-22 13:00:00,0.9874783,0.9524308,2024-07-22,13
2024-07-22 14:00:00,0.5945536,0.5654325,2024-07-22,14
2024-07-22 15:00:00,0.5277694,0.4770029,2024-07-22,15
2024-07-22 16:00:00,0.4071492,0.3215439,2024-07-22,16
2024-07-22 17:00:00,0.1636435,0.08947363,2024-07-22,17
2024-07-22 18:00:00,0.01121698,0.0,2024-07-22,18
2024-07-22 19:00:00,0.0,0.0,2024-07-22,19
2024-07-22 20:00:00,0.0,0.0,2024-07-22,20
2024-07-22 21:00:00,0.0,0.0,2024-07-22,21
2024-07-22 22:00:00,0.0,0.0,2024-07-22,22
2024-07-22 23:00:00,0.0,0.0,2024-07-22,23
2024-07-23 00:00:00,0.0,0.0,2024-07-23,0
2024-07-23 01:00:00,0.0,0.0,2024-07-23,1
2024-07-23 02:00:00,0.0,0.0,2024-07-23,2
2024-07-23 03:00:00,0.0,0.0,2024-07-23,3
2024-07-23 04:00:00,2.55477e-06,0.0,2024-07-23,4
2024-07-23 05:00:00,0.005024408,0.004863787,2024-07-23,5
2024-07-23 06:00:00,0.04463616,0.04322871,2024-07-23,6
2024-07-23 07:00:00,0.0968954,0.09397285,2024-07-23,7
2024-07-23 08:00:00,0.2367838,0.2297328,2024-07-23,8
2024-07-23 09:00:00,0.1891307,0.1836993,2024-07-23,9
2024-07-23 10:00:00,0.07353767,0.07142008,2024-07-23,10
2024-07-23 11:00:00,0.06477993,0.06291363,2024-07-23,11
2024-07-23 12:00:00,0.1696311,0.1647998,2024-07-23,12
2024-07-23 13:00:00,0.09748673,0.09468238,2024-07-23,13
2024-07-23 14:00:00,0.06808791,0.06611487,2024-07-23,14
2024-07-23 15:00:00,0.07732756,0.07505074,2024-07-23,15
2024-07-23 16:00:00,0.06136654,0.05947664,2024-07-23,16
2024-07-23 17:00:00,0.03782953,0.03643284,2024-07-23,17
2024-07-23 18:00:00,0.003511219,0.0,2024-07-23,18
2024-07-23 19:00:00,0.0,0.0,2024-07-23,19
2024-07-23 20:00:00,0.0,0.0,2024-07-23,20
2024-07-23 21:00:00,0.0,0.0,2024-07-23,21
2024-07-23 22:00:00,0.0,0.0,2024-07-23,22
2024-07-23 23:00:00,0.0,0.0,2024-07-23,23
2024-07-24 00:00:00,0.0,0.0,2024-07-24,0
2024-07-24 01:00:00,0.0,0.0,2024-07-24,1
2024-07-24 02:00:00,0.0,0.0,2024-07-24,2
2024-07-24 03:00:00,0.0,0.0,2024-07-24,3
2024-07-24 04:00:00,0.0,0.0,2024-07-24,4
2024-07-24 05:00:00,0.06333604,0.04407126,2024-07-24,5
2024-07-24 06:00:00,0.2514529,0.1979574,2024-07-24,6
2024-07-24 07:00:00,0.4916696,0.428854,2024-07-24,7
2024-07-24 08:00:00,0.7551757,0.701075,2024-07-24,8
2024-07-24 09:00:00,0.9331894,0.8955504,2024-07-24,9
2024-07-24 10:00:00,1.025223,0.999956,2024-07-24,10
2024-07-24 11:00:00,0.967797,0.9493831,2024-07-24,11
2024-07-24 12:00:00,0.8130156,0.7952868,2024-07-24,12
2024-07-24 13:00:00,0.9424299,0.9117538,2024-07-24,13
2024-07-24 14:00:00,0.7188288,0.6797377,2024-07-24,14
2024-07-24 15:00:00,0.536588,0.485835,2024-07-24,15
2024-07-24 16:00:00,0.3582497,0.2919262,2024-07-24,16
2024-07-24 17:00:00,0.1199517,0.09335752,2024-07-24,17
2024-07-24 18:00:00,0.00826558,0.0,2024-07-24,18
2024-07-24 19:00:00,0.0,0.0,2024-07-24,19
2024-07-24 20:00:00,0.0,0.0,2024-07-24,20
2024-07-24 21:00:00,0.0,0.0,2024-07-24,21
2024-07-24 22:00:00,0.0,0.0,2024-07-24,22
2024-07-24 23:00:00,0.0,0.0,2024-07-24,23
2024-07-25 00:00:00,0.0,0.0,2024-07-25,0
2024-07-25 01:00:00,0.0,0.0,2024-07-25,1
2024-07-25 02:00:00,0.0,0.0,2024-07-25,2
2024-07-25 03:00:00,0.0,0.0,2024-07-25,3
2024-07-25 04:00:00,0.0,0.0,2024-07-25,4
2024-07-25 05:00:00,0.02143941,0.02050932,2024-07-25,5
2024-07-25 06:00:00,0.07242965,0.0700127,2024-07-25,6
2024-07-25 07:00:00,0.09436083,0.09152331,2024-07-25,7
2024-07-25 08:00:00,0.07790881,0.07564404,2024-07-25,8
2024-07-25 09:00:00,0.09732036,0.09451789,2024-07-25,9
2024-07-25 10:00:00,0.3292425,0.3200521,2024-07-25,10
2024-07-25 11:00:00,0.2541607,0.2470016,2024-07-25,11
2024-07-25 12:00:00,0.2131175,0.2070824,2024-07-25,12
2024-07-25 13:00:00,0.2715223,0.2638136,2024-07-25,13
2024-07-25 14:00:00,0.1778107,0.1726605,2024-07-25,14
2024-07-25 15:00:00,0.1466262,0.1422371,2024-07-25,15
2024-07-25 16:00:00,0.07108788,0.06887913,2024-07-25,16
2024-07-25 17:00:00,0.03747033,0.03608816,2024-07-25,17
2024-07-25 18:00:00,0.003851789,0.0,2024-07-25,18
2024-07-25 19:00:00,0.0,0.0,2024-07-25,19
2024-07-25 20:00:00,0.0,0.0,2024-07-25,20
2024-07-25 21:00:00,0.0,0.0,2024-07-25,21
2024-07-25 22:00:00,0.0,0.0,2024-07-25,22
2024-07-25 23:00:00,0.0,0.0,2024-07-25,23
2024-07-26 00:00:00,0.0,0.0,2024-07-26,0
2024-07-26 01:00:00,0.0,0.0,2024-07-26,1
2024-07-26 02:00:00,0.0,0.0,2024-07-26,2
2024-07-26 03:00:00,0.0,0.0,2024-07-26,3
2024-07-26 04:00:00,0.0,0.0,2024-07-26,4
2024-07-26 05:00:00,0.102428,0.009560323,2024-07-26,5
2024-07-26 06:00:00,0.3519317,0.2498264,2024-07-26,6
2024-07-26 07:00:00,0.5264192,0.4583995,2024-07-26,7
2024-07-26 08:00:00,0.699343,0.6524363,2024-07-26,8
2024-07-26 09:00:00,0.5790105,0.5608528,2024-07-26,9
2024-07-26 10:00:00,0.9669456,0.9458947,2024-07-26,10
2024-07-26 11:00:00,0.9972313,0.9810787,2024-07-26,11
2024-07-26 12:00:00,0.8444152,0.8282228,2024-07-26,12
2024-07-26 13:00:00,0.9260018,0.8986868,2024-07-26,13
2024-07-26 14:00:00,0.8364795,0.7920357,2024-07-26,14
2024-07-26 15:00:00,0.595336,0.5370457,2024-07-26,15
2024-07-26 16:00:00,0.1724403,0.1649887,2024-07-26,16
2024-07-26 17:00:00,0.1526909,0.08951046,2024-07-26,17
2024-07-26 18:00:00,0.005826092,0.0,2024-07-26,18
2024-07-26 19:00:00,0.0,0.0,2024-07-26,19
2024-07-26 20:00:00,0.0,0.0,2024-07-26,20
2024-07-26 21:00:00,0.0,0.0,2024-07-26,21
2024-07-26 22:00:00,0.0,0.0,2024-07-26,22
2024-07-26 23:00:00,0.0,0.0,2024-07-26,23
2024-07-27 00:00:00,0.0,0.0,2024-07-27,0
2024-07-27 01:00:00,0.0,0.0,2024-07-27,1
2024-07-27 02:00:00,0.0,0.0,2024-07-27,2
2024-07-27 03:00:00,0.0,0.0,2024-07-27,3
2024-07-27 04:00:00,0.0,0.0,2024-07-27,4
2024-07-27 05:00:00,0.0330834,0.0312313,2024-07-27,5
2024-07-27 06:00:00,0.04874815,0.04720145,2024-07-27,6
2024-07-27 07:00:00,0.07622032,0.07395041,2024-07-27,7
2024-07-27 08:00:00,0.1434365,0.139257,2024-07-27,8
2024-07-27 09:00:00,0.2251178,0.2186892,2024-07-27,9
2024-07-27 10:00:00,0.4962735,0.4837242,2024-07-27,10
2024-07-27 11:00:00,0.4627346,0.4509644,2024-07-27,11
2024-07-27 12:00:00,0.2476075,0.2406344,2024-07-27,12
2024-07-27 13:00:00,0.3605821,0.3505752,2024-07-27,13
2024-07-27 14:00:00,0.1745048,0.1694624,2024-07-27,14
2024-07-27 15:00:00,0.1414721,0.1372548,2024-07-27,15
2024-07-27 16:00:00,0.08910327,0.08628488,2024-07-27,16
2024-07-27 17:00:00,0.01868247,0.01807167,2024-07-27,17
2024-07-27 18:00:00,0.001897816,0.0,2024-07-27,18
2024-07-27 19:00:00,0.0,0.0,2024-07-27,19
2024-07-27 20:00:00,0.0,0.0,2024-07-27,20
2024-07-27 21:00:00,0.0,0.0,2024-07-27,21
2024-07-27 22:00:00,0.0,0.0,2024-07-27,22
2024-07-27 23:00:00,0.0,0.0,2024-07-27,23
2024-07-28 00:00:00,0.0,0.0,2024-07-28,0
2024-07-28 01:00:00,0.0,0.0,2024-07-28,1
2024-07-28 02:00:00,0.0,0.0,2024-07-28,2
2024-07-28 03:00:00,0.0,0.0,2024-07-28,3
2024-07-28 04:00:00,0.0,0.0,2024-07-28,4
2024-07-28 05:00:00,0.01344897,0.01293728,2024-07-28,5
2024-07-28 06:00:00,0.05996919,0.05802424,2024-07-28,6
2024-07-28 07:00:00,0.1556309,0.1508205,2024-07-28,7
2024-07-28 08:00:00,0.2213919,0.2148954,2024-07-28,8
2024-07-28 09:00:00,0.2880214,0.2798483,2024-07-28,9
2024-07-28 10:00:00,0.2622525,0.2548722,2024-07-28,10
2024-07-28 11:00:00,0.142334,0.1382839,2024-07-28,11
2024-07-28 12:00:00,0.1445079,0.1403945,2024-07-28,12
2024-07-28 13:00:00,0.04063983,0.03946451,2024-07-28,13
2024-07-28 14:00:00,0.06604256,0.06413243,2024-07-28,14
2024-07-28 15:00:00,0.02760763,0.02680277,2024-07-28,15
2024-07-28 16:00:00,0.03264168,0.03166757,2024-07-28,16
2024-07-28 17:00:00,0.01645722,0.01592655,2024-07-28,17
2024-07-28 18:00:00,0.002224152,0.0,2024-07-28,18
2024-07-28 19:00:00,0.0,0.0,2024-07-28,19
2024-07-28 20:00:00,0.0,0.0,2024-07-28,20
2024-07-28 21:00:00,0.0,0.0,2024-07-28,21
2024-07-28 22:00:00,0.0,0.0,2024-07-28,22
2024-07-28 23:00:00,0.0,0.0,2024-07-28,23
2024-07-29 00:00:00,0.0,0.0,2024-07-29,0
2024-07-29 01:00:00,0.0,0.0,2024-07-29,1
2024-07-29 02:00:00,0.0,0.0,2024-07-29,2
2024-07-29 03:00:00,0.0,0.0,2024-07-29,3
2024-07-29 04:00:00,0.0,0.0,2024-07-29,4
2024-07-29 05:00:00,0.02137815,0.02042708,2024-07-29,5
2024-07-29 06:00:00,0.04119512,0.03990888,2024-07-29,6
2024-07-29 07:00:00,0.0861888,0.08361634,2024-07-29,7
2024-07-29 08:00:00,0.08180808,0.07943515,2024-07-29,8
2024-07-29 09:00:00,0.1590582,0.1545101,2024-07-29,9
2024-07-29 10:00:00,0.1342136,0.1303874,2024-07-29,10
2024-07-29 11:00:00,0.3317464,0.3226,2024-07-29,11
2024-07-29 12:00:00,0.1701915,0.1653659,2024-07-29,12
2024-07-29 13:00:00,0.02058848,0.01999077,2024-07-29,13
2024-07-29 14:00:00,0.0450845,0.04377886,2024-07-29,14
2024-07-29 15:00:00,0.04791478,0.04651588,2024-07-29,15
2024-07-29 16:00:00,0.06087179,0.05900753,2024-07-29,16
2024-07-29 17:00:00,0.0277458,0.02678199,2024-07-29,17
2024-07-29 18:00:00,0.003293,0.0,2024-07-29,18
2024-07-29 19:00:00,0.0,0.0,2024-07-29,19
2024-07-29 20:00:00,0.0,0.0,2024-07-29,20
2024-07-29 21:00:00,0.0,0.0,2024-07-29,21
2024-07-29 22:00:00,0.0,0.0,2024-07-29,22
2024-07-29 23:00:00,0.0,0.0,2024-07-29,23
2024-07-30 00:00:00,0.0,0.0,2024-07-30,0
2024-07-30 01:00:00,0.0,0.0,2024-07-30,1
2024-07-30 02:00:00,0.0,0.0,2024-07-30,2
2024-07-30 03:00:00,0.0,0.0,2024-07-30,3
2024-07-30 04:00:00,0.0,0.0,2024-07-30,4
2024-07-30 05:00:00,0.01437709,0.01381477,2024-07-30,5
2024-07-30 06:00:00,0.04293939,0.04159513,2024-07-30,6
2024-07-30 07:00:00,0.03213459,0.03119326,2024-07-30,7
2024-07-30 08:00:00,0.02046315,0.01986825,2024-07-30,8
2024-07-30 09:00:00,0.03026984,0.02939273,2024-07-30,9
2024-07-30 10:00:00,0.003614603,0.003509074,2024-07-30,10
2024-07-30 11:00:00,0.02844751,0.0276235,2024-07-30,11
2024-07-30 12:00:00,0.03167226,0.03075546,2024-07-30,12
2024-07-30 13:00:00,0.01209097,0.01173918,2024-07-30,13
2024-07-30 14:00:00,0.000652531,0.000633439,2024-07-30,14
2024-07-30 15:00:00,0.01601333,0.01554672,2024-07-30,15
2024-07-30 16:00:00,0.02657227,0.02578397,2024-07-30,16
2024-07-30 17:00:00,0.02515647,0.02429659,2024-07-30,17
2024-07-30 18:00:00,0.002035372,0.0,2024-07-30,18
2024-07-30 19:00:00,0.0,0.0,2024-07-30,19
2024-07-30 20:00:00,0.0,0.0,2024-07-30,20
2024-07-30 21:00:00,0.0,0.0,2024-07-30,21
2024-07-30 22:00:00,0.0,0.0,2024-07-30,22
2024-07-30 23:00:00,0.0,0.0,2024-07-30,23
2024-07-31 00:00:00,0.0,0.0,2024-07-31,0
2024-07-31 01:00:00,0.0,0.0,2024-07-31,1
2024-07-31 02:00:00,0.0,0.0,2024-07-31,2
2024-07-31 03:00:00,0.0,0.0,2024-07-31,3
2024-07-31 04:00:00,0.0,0.0,2024-07-31,4
2024-07-31 05:00:00,0.008284691,0.007997302,2024-07-31,5
2024-07-31 06:00:00,0.03811973,0.036938,2024-07-31,6
2024-07-31 07:00:00,0.07282439,0.07066599,2024-07-31,7
2024-07-31 08:00:00,0.1357636,0.131827,2024-07-31,8
2024-07-31 09:00:00,0.1549257,0.1505028,2024-07-31,9
2024-07-31 10:00:00,0.1522286,0.1479048,2024-07-31,10
2024-07-31 11:00:00,0.1255362,0.1219621,2024-07-31,11
2024-07-31 12:00:00,0.1110417,0.107872,2024-07-31,12
2024-07-31 13:00:00,0.07461547,0.07247057,2024-07-31,13
2024-07-31 14:00:00,0.09291618,0.09023718,2024-07-31,14
2024-07-31 15:00:00,0.08412279,0.08165729,2024-07-31,15
2024-07-31 16:00:00,0.06588373,0.06385968,2024-07-31,16
2024-07-31 17:00:00,0.04749593,0.04560753,2024-07-31,17
2024-07-31 18:00:00,0.00116165,0.0,2024-07-31,18
2024-07-31 19:00:00,0.0,0.0,2024-07-31,19
2024-07-31 20:00:00,0.0,0.0,2024-07-31,20
2024-07-31 21:00:00,0.0,0.0,2024-07-31,21
2024-07-31 22:00:00,0.0,0.0,2024-07-31,22
2024-07-31 23:00:00,0.0,0.0,2024-07-31,23
2024-08-01 00:00:00,0.0,0.0,2024-08-01,0
2024-08-01 01:00:00,0.0,0.0,2024-08-01,1
2024-08-01 02:00:00,0.0,0.0,2024-08-01,2
2024-08-01 03:00:00,0.0,0.0,2024-08-01,3
2024-08-01 04:00:00,0.0,0.0,2024-08-01,4
2024-08-01 05:00:00,0.006946075,0.00671116,2024-08-01,5
2024-08-01 06:00:00,0.02575102,0.02497067,2024-08-01,6
2024-08-01 07:00:00,0.01675479,0.01626563,2024-08-01,7
2024-08-01 08:00:00,0.10005,0.09715396,2024-08-01,8
2024-08-01 09:00:00,0.1573658,0.1528786,2024-08-01,9
2024-08-01 10:00:00,0.1035489,0.1005897,2024-08-01,10
2024-08-01 11:00:00,0.09316999,0.09050521,2024-08-01,11
2024-08-01 12:00:00,0.1010971,0.09820834,2024-08-01,12
2024-08-01 13:00:00,0.1187195,0.1153284,2024-08-01,13
2024-08-01 14:00:00,0.09905285,0.09619988,2024-08-01,14
2024-08-01 15:00:00,0.04266447,0.04142112,2024-08-01,15
2024-08-01 16:00:00,0.03314417,0.0321566,2024-08-01,16
2024-08-01 17:00:00,0.01509003,0.01460658,2024-08-01,17
2024-08-01 18:00:00,0.001316987,0.0,2024-08-01,18
2024-08-01 19:00:00,0.0,0.0,2024-08-01,19
2024-08-01 20:00:00,0.0,0.0,2024-08-01,20
2024-08-01 21:00:00,0.0,0.0,2024-08-01,21
2024-08-01 22:00:00,0.0,0.0,2024-08-01,22
2024-08-01 23:00:00,0.0,0.0,2024-08-01,23
2024-08-02 00:00:00,0.0,0.0,2024-08-02,0
2024-08-02 01:00:00,0.0,0.0,2024-08-02,1
2024-08-02 02:00:00,0.0,0.0,2024-08-02,2
2024-08-02 03:00:00,0.0,0.0,2024-08-02,3
2024-08-02 04:00:00,0.0,0.0,2024-08-02,4
2024-08-02 05:00:00,0.05221045,0.03817385,2024-08-02,5
2024-08-02 06:00:00,0.2153053,0.1824744,2024-08-02,6
2024-08-02 07:00:00,0.4072973,0.371279,2024-08-02,7
2024-08-02 08:00:00,0.6345947,0.602258,2024-08-02,8
2024-08-02 09:00:00,0.9018142,0.879487,2024-08-02,9
2024-08-02 10:00:00,0.808696,0.7986403,2024-08-02,10
2024-08-02 11:00:00,0.904467,0.8985815,2024-08-02,11
2024-08-02 12:00:00,0.9414968,0.9341351,2024-08-02,12
2024-08-02 13:00:00,0.9190531,0.9027702,2024-08-02,13
2024-08-02 14:00:00,0.7082474,0.6808776,2024-08-02,14
2024-08-02 15:00:00,0.3600188,0.3433407,2024-08-02,15
2024-08-02 16:00:00,0.2488202,0.2268092,2024-08-02,16
2024-08-02 17:00:00,0.07622553,0.07071897,2024-08-02,17
2024-08-02 18:00:00,0.006234117,0.0,2024-08-02,18
2024-08-02 19:00:00,0.0,0.0,2024-08-02,19
2024-08-02 20:00:00,0.0,0.0,2024-08-02,20
2024-08-02 21:00:00,0.0,0.0,2024-08-02,21
2024-08-02 22:00:00,0.0,0.0,2024-08-02,22
2024-08-02 23:00:00,0.0,0.0,2024-08-02,23
2024-08-03 00:00:00,0.0,0.0,2024-08-03,0
2024-08-03 01:00:00,0.0,0.0,2024-08-03,1
2024-08-03 02:00:00,0.0,0.0,2024-08-03,2
2024-08-03 03:00:00,0.0,0.0,2024-08-03,3
2024-08-03 04:00:00,0.0,0.0,2024-08-03,4
2024-08-03 05:00:00,0.05847387,0.03483699,2024-08-03,5
2024-08-03 06:00:00,0.2256814,0.1876244,2024-08-03,6
2024-08-03 07:00:00,0.4527327,0.4078879,2024-08-03,7
2024-08-03 08:00:00,0.6630926,0.6299155,2024-08-03,8
2024-08-03 09:00:00,0.9290001,0.9078161,2024-08-03,9
2024-08-03 10:00:00,0.881946,0.8735833,2024-08-03,10
2024-08-03 11:00:00,0.9220606,0.917851,2024-08-03,11
2024-08-03 12:00:00,0.9651203,0.959426,2024-08-03,12
2024-08-03 13:00:00,0.8423549,0.8286814,2024-08-03,13
2024-08-03 14:00:00,0.8321207,0.8007158,2024-08-03,14
2024-08-03 15:00:00,0.6711133,0.6161758,2024-08-03,15
2024-08-03 16:00:00,0.4193321,0.3432372,2024-08-03,16
2024-08-03 17:00:00,0.1561199,0.08219897,2024-08-03,17
2024-08-03 18:00:00,0.009428659,0.0,2024-08-03,18
2024-08-03 19:00:00,0.0,0.0,2024-08-03,19
2024-08-03 20:00:00,0.0,0.0,2024-08-03,20
2024-08-03 21:00:00,0.0,0.0,2024-08-03,21
2024-08-03 22:00:00,0.0,0.0,2024-08-03,22
2024-08-03 23:00:00,0.0,0.0,2024-08-03,23
2024-08-04 00:00:00,0.0,0.0,2024-08-04,0
2024-08-04 01:00:00,0.0,0.0,2024-08-04,1
2024-08-04 02:00:00,0.0,0.0,2024-08-04,2
2024-08-04 03:00:00,0.0,0.0,2024-08-04,3
2024-08-04 04:00:00,0.0,0.0,2024-08-04,4
2024-08-04 05:00:00,0.06308857,0.0300568,2024-08-04,5
2024-08-04 06:00:00,0.2153221,0.1826732,2024-08-04,6
2024-08-04 07:00:00,0.5216202,0.4660152,2024-08-04,7
2024-08-04 08:00:00,0.5961084,0.569266,2024-08-04,8
2024-08-04 09:00:00,0.5720259,0.5588477,2024-08-04,9
2024-08-04 10:00:00,0.8772219,0.8703467,2024-08-04,10
2024-08-04 11:00:00,0.8242509,0.8195643,2024-08-04,11
2024-08-04 12:00:00,0.8050299,0.7988938,2024-08-04,12
2024-08-04 13:00:00,0.5304278,0.5188013,2024-08-04,13
2024-08-04 14:00:00,0.4334166,0.4208679,2024-08-04,14
2024-08-04 15:00:00,0.3782221,0.3600903,2024-08-04,15
2024-08-04 16:00:00,0.2876944,0.2535259,2024-08-04,16
2024-08-04 17:00:00,0.140695,0.08334858,2024-08-04,17
2024-08-04 18:00:00,0.007406581,0.0,2024-08-04,18
2024-08-04 19:00:00,0.0,0.0,2024-08-04,19
2024-08-04 20:00:00,0.0,0.0,2024-08-04,20
2024-08-04 21:00:00,0.0,0.0,2024-08-04,21
2024-08-04 22:00:00,0.0,0.0,2024-08-04,22
2024-08-04 23:00:00,0.0,0.0,2024-08-04,23
2024-08-05 00:00:00,0.0,0.0,2024-08-05,0
2024-08-05 01:00:00,0.0,0.0,2024-08-05,1
2024-08-05 02:00:00,0.0,0.0,2024-08-05,2
2024-08-05 03:00:00,0.0,0.0,2024-08-05,3
2024-08-05 04:00:00,0.0,0.0,2024-08-05,4
2024-08-05 05:00:00,0.06955567,0.02208542,2024-08-05,5
2024-08-05 06:00:00,0.2600802,0.2042618,2024-08-05,6
2024-08-05 07:00:00,0.5227751,0.4685267,2024-08-05,7
2024-08-05 08:00:00,0.6221813,0.5946714,2024-08-05,8
2024-08-05 09:00:00,0.5570225,0.5445866,2024-08-05,9
2024-08-05 10:00:00,0.7647169,0.7576477,2024-08-05,10
2024-08-05 11:00:00,0.8420841,0.8391213,2024-08-05,11
2024-08-05 12:00:00,0.9236155,0.9209254,2024-08-05,12
2024-08-05 13:00:00,0.8116291,0.8010812,2024-08-05,13
2024-08-05 14:00:00,0.690707,0.6682113,2024-08-05,14
2024-08-05 15:00:00,0.418626,0.3960187,2024-08-05,15
2024-08-05 16:00:00,0.3303737,0.281434,2024-08-05,16
2024-08-05 17:00:00,0.1305882,0.08373256,2024-08-05,17
2024-08-05 18:00:00,0.004576785,0.0,2024-08-05,18
2024-08-05 19:00:00,0.0,0.0,2024-08-05,19
2024-08-05 20:00:00,0.0,0.0,2024-08-05,20
2024-08-05 21:00:00,0.0,0.0,2024-08-05,21
2024-08-05 22:00:00,0.0,0.0,2024-08-05,22
2024-08-05 23:00:00,0.0,0.0,2024-08-05,23
2024-08-06 00:00:00,0.0,0.0,2024-08-06,0
2024-08-06 01:00:00,0.0,0.0,2024-08-06,1
2024-08-06 02:00:00,0.0,0.0,2024-08-06,2
2024-08-06 03:00:00,0.0,0.0,2024-08-06,3
2024-08-06 04:00:00,0.0,0.0,2024-08-06,4
2024-08-06 05:00:00,0.01191281,0.01145476,2024-08-06,5
2024-08-06 06:00:00,0.07576554,0.07325991,2024-08-06,6
2024-08-06 07:00:00,0.2214818,0.2138357,2024-08-06,7
2024-08-06 08:00:00,0.2330612,0.2263579,2024-08-06,8
2024-08-06 09:00:00,0.6226313,0.6103855,2024-08-06,9
2024-08-06 10:00:00,0.6494789,0.6408137,2024-08-06,10
2024-08-06 11:00:00,0.5105273,0.4999424,2024-08-06,11
2024-08-06 12:00:00,0.8090681,0.8054676,2024-08-06,12
2024-08-06 13:00:00,0.6193907,0.6089333,2024-08-06,13
2024-08-06 14:00:00,0.3324126,0.3231543,2024-08-06,14
2024-08-06 15:00:00,0.2711193,0.2621533,2024-08-06,15
2024-08-06 16:00:00,0.1584607,0.1523712,2024-08-06,16
2024-08-06 17:00:00,0.05681812,0.05423694,2024-08-06,17
2024-08-06 18:00:00,0.003513716,0.0,2024-08-06,18
2024-08-06 19:00:00,0.0,0.0,2024-08-06,19
2024-08-06 20:00:00,0.0,0.0,2024-08-06,20
2024-08-06 21:00:00,0.0,0.0,2024-08-06,21
2024-08-06 22:00:00,0.0,0.0,2024-08-06,22
2024-08-06 23:00:00,0.0,0.0,2024-08-06,23
2024-08-07 00:00:00,0.0,0.0,2024-08-07,0
2024-08-07 01:00:00,0.0,0.0,2024-08-07,1
2024-08-07 02:00:00,0.0,0.0,2024-08-07,2
2024-08-07 03:00:00,0.0,0.0,2024-08-07,3
2024-08-07 04:00:00,0.0,0.0,2024-08-07,4
2024-08-07 05:00:00,0.04146278,0.03444507,2024-08-07,5
2024-08-07 06:00:00,0.1718364,0.1568652,2024-08-07,6
2024-08-07 07:00:00,0.1323318,0.1283697,2024-08-07,7
2024-08-07 08:00:00,0.3298199,0.3201812,2024-08-07,8
2024-08-07 09:00:00,0.5339898,0.5227311,2024-08-07,9
2024-08-07 10:00:00,0.6541348,0.6462761,2024-08-07,10
2024-08-07 11:00:00,0.7490708,0.7452356,2024-08-07,11
2024-08-07 12:00:00,0.4646671,0.4541681,2024-08-07,12
2024-08-07 13:00:00,0.4012192,0.3911687,2024-08-07,13
2024-08-07 14:00:00,0.1211084,0.1176441,2024-08-07,14
2024-08-07 15:00:00,0.1163969,0.1129971,2024-08-07,15
2024-08-07 16:00:00,0.1928979,0.1830127,2024-08-07,16
2024-08-07 17:00:00,0.08000147,0.07218812,2024-08-07,17
2024-08-07 18:00:00,0.00495461,0.0,2024-08-07,18
2024-08-07 19:00:00,0.0,0.0,2024-08-07,19
2024-08-07 20:00:00,0.0,0.0,2024-08-07,20
2024-08-07 21:00:00,0.0,0.0,2024-08-07,21
2024-08-07 22:00:00,0.0,0.0,2024-08-07,22
2024-08-07 23:00:00,0.0,0.0,2024-08-07,23
2024-08-08 00:00:00,0.0,0.0,2024-08-08,0
2024-08-08 01:00:00,0.0,0.0,2024-08-08,1
2024-08-08 02:00:00,0.0,0.0,2024-08-08,2
2024-08-08 03:00:00,0.0,0.0,2024-08-08,3
2024-08-08 04:00:00,0.0,0.0,2024-08-08,4
2024-08-08 05:00:00,0.04741402,0.03406406,2024-08-08,5
2024-08-08 06:00:00,0.1248206,0.1192728,2024-08-08,6
2024-08-08 07:00:00,0.1197658,0.1162021,2024-08-08,7
2024-08-08 08:00:00,0.08884874,0.08629169,2024-08-08,8
2024-08-08 09:00:00,0.2326076,0.2260956,2024-08-08,9
2024-08-08 10:00:00,0.1813544,0.1762651,2024-08-08,10
2024-08-08 11:00:00,0.299504,0.2913108,2024-08-08,11
2024-08-08 12:00:00,0.3133648,0.3048469,2024-08-08,12
2024-08-08 13:00:00,0.2122457,0.2063053,2024-08-08,13
2024-08-08 14:00:00,0.1893575,0.1839823,2024-08-08,14
2024-08-08 15:00:00,0.09771042,0.09486549,2024-08-08,15
2024-08-08 16:00:00,0.08975587,0.08696336,2024-08-08,16
2024-08-08 17:00:00,0.02157293,0.02084413,2024-08-08,17
2024-08-08 18:00:00,0.002652775,0.0,2024-08-08,18
2024-08-08 19:00:00,0.0,0.0,2024-08-08,19
2024-08-08 20:00:00,0.0,0.0,2024-08-08,20
2024-08-08 21:00:00,0.0,0.0,2024-08-08,21
2024-08-08 22:00:00,0.0,0.0,2024-08-08,22
2024-08-08 23:00:00,0.0,0.0,2024-08-08,23
2024-08-09 00:00:00,0.0,0.0,2024-08-09,0
2024-08-09 01:00:00,0.0,0.0,2024-08-09,1
2024-08-09 02:00:00,0.0,0.0,2024-08-09,2
2024-08-09 03:00:00,0.0,0.0,2024-08-09,3
2024-08-09 04:00:00,0.0,0.0,2024-08-09,4
2024-08-09 05:00:00,0.03608463,0.0317179,2024-08-09,5
2024-08-09 06:00:00,0.0658647,0.06374031,2024-08-09,6
2024-08-09 07:00:00,0.1655215,0.1605113,2024-08-09,7
2024-08-09 08:00:00,0.5413936,0.5234702,2024-08-09,8
2024-08-09 09:00:00,0.4941864,0.4838232,2024-08-09,9
2024-08-09 10:00:00,0.5915173,0.5832145,2024-08-09,10
2024-08-09 11:00:00,0.5386121,0.5290831,2024-08-09,11
2024-08-09 12:00:00,0.680133,0.6749707,2024-08-09,12
2024-08-09 13:00:00,0.57998,0.570921,2024-08-09,13
2024-08-09 14:00:00,0.3864557,0.3762712,2024-08-09,14
2024-08-09 15:00:00,0.1300505,0.1262584,2024-08-09,15
2024-08-09 16:00:00,0.08682144,0.08413208,2024-08-09,16
2024-08-09 17:00:00,0.03153293,0.03038454,2024-08-09,17
2024-08-09 18:00:00,0.001780226,0.0,2024-08-09,18
2024-08-09 19:00:00,0.0,0.0,2024-08-09,19
2024-08-09 20:00:00,0.0,0.0,2024-08-09,20
2024-08-09 21:00:00,0.0,0.0,2024-08-09,21
2024-08-09 22:00:00,0.0,0.0,2024-08-09,22
2024-08-09 23:00:00,0.0,0.0,2024-08-09,23
2024-08-10 00:00:00,0.0,0.0,2024-08-10,0
2024-08-10 01:00:00,0.0,0.0,2024-08-10,1
2024-08-10 02:00:00,0.0,0.0,2024-08-10,2
2024-08-10 03:00:00,0.0,0.0,2024-08-10,3
2024-08-10 04:00:00,0.0,0.0,2024-08-10,4
2024-08-10 05:00:00,0.01869244,0.01783113,2024-08-10,5
2024-08-10 06:00:00,0.1145981,0.1100626,2024-08-10,6
2024-08-10 07:00:00,0.1542703,0.14965,2024-08-10,7
2024-08-10 08:00:00,0.1794833,0.1743627,2024-08-10,8
2024-08-10 09:00:00,0.204169,0.1984496,2024-08-10,9
2024-08-10 10:00:00,0.2406335,0.2339726,2024-08-10,10
2024-08-10 11:00:00,0.3119657,0.3035152,2024-08-10,11
2024-08-10 12:00:00,0.2205424,0.2144191,2024-08-10,12
2024-08-10 13:00:00,0.2086762,0.2028502,2024-08-10,13
2024-08-10 14:00:00,0.0828311,0.08045688,2024-08-10,14
2024-08-10 15:00:00,0.0602493,0.05850158,2024-08-10,15
2024-08-10 16:00:00,0.06765539,0.0655975,2024-08-10,16
2024-08-10 17:00:00,0.0391568,0.03764212,2024-08-10,17
2024-08-10 18:00:00,0.00063015,0.0,2024-08-10,18
2024-08-10 19:00:00,0.0,0.0,2024-08-10,19
2024-08-10 20:00:00,0.0,0.0,2024-08-10,20
2024-08-10 21:00:00,0.0,0.0,2024-08-10,21
2024-08-10 22:00:00,0.0,0.0,2024-08-10,22
2024-08-10 23:00:00,0.0,0.0,2024-08-10,23
2024-08-11 00:00:00,0.0,0.0,2024-08-11,0
2024-08-11 01:00:00,0.0,0.0,2024-08-11,1
2024-08-11 02:00:00,0.0,0.0,2024-08-11,2
2024-08-11 03:00:00,0.0,0.0,2024-08-11,3
2024-08-11 04:00:00,0.0,0.0,2024-08-11,4
2024-08-11 05:00:00,0.01049189,0.01009195,2024-08-11,5
2024-08-11 06:00:00,0.04983041,0.04827374,2024-08-11,6
2024-08-11 07:00:00,0.1366089,0.1325536,2024-08-11,7
2024-08-11 08:00:00,0.08448813,0.08206221,2024-08-11,8
2024-08-11 09:00:00,0.02359169,0.02290842,2024-08-11,9
2024-08-11 10:00:00,0.05059613,0.04914146,2024-08-11,10
2024-08-11 11:00:00,0.03460879,0.0336097,2024-08-11,11
2024-08-11 12:00:00,0.08053937,0.07824014,2024-08-11,12
2024-08-11 13:00:00,0.1297135,0.1260438,2024-08-11,13
2024-08-11 14:00:00,0.08155155,0.07921525,2024-08-11,14
2024-08-11 15:00:00,0.02153101,0.02090552,2024-08-11,15
2024-08-11 16:00:00,0.04726101,0.04584767,2024-08-11,16
2024-08-11 17:00:00,0.01625923,0.01572788,2024-08-11,17
2024-08-11 18:00:00,0.000436633,0.0,2024-08-11,18
2024-08-11 19:00:00,0.0,0.0,2024-08-11,19
2024-08-11 20:00:00,0.0,0.0,2024-08-11,20
2024-08-11 21:00:00,0.0,0.0,2024-08-11,21
2024-08-11 22:00:00,0.0,0.0,2024-08-11,22
2024-08-11 23:00:00,0.0,0.0,2024-08-11,23
2024-08-12 00:00:00,0.0,0.0,2024-08-12,0
2024-08-12 01:00:00,0.0,0.0,2024-08-12,1
2024-08-12 02:00:00,0.0,0.0,2024-08-12,2
2024-08-12 03:00:00,0.0,0.0,2024-08-12,3
2024-08-12 04:00:00,0.0,0.0,2024-08-12,4
2024-08-12 05:00:00,0.05762215,0.02272526,2024-08-12,5
2024-08-12 06:00:00,0.09810026,0.09469287,2024-08-12,6
2024-08-12 07:00:00,0.4308543,0.400059,2024-08-12,7
2024-08-12 08:00:00,0.6161214,0.5988977,2024-08-12,8
2024-08-12 09:00:00,0.9041087,0.9011973,2024-08-12,9
2024-08-12 10:00:00,0.9494638,0.9578134,2024-08-12,10
2024-08-12 11:00:00,0.9858249,0.9987665,2024-08-12,11
2024-08-12 12:00:00,0.8585191,0.8653947,2024-08-12,12
2024-08-12 13:00:00,0.6938782,0.6905085,2024-08-12,13
2024-08-12 14:00:00,0.4480407,0.4377103,2024-08-12,14
2024-08-12 15:00:00,0.3695832,0.3552524,2024-08-12,15
2024-08-12 16:00:00,0.2401156,0.2214071,2024-08-12,16
2024-08-12 17:00:00,0.1105556,0.07638241,2024-08-12,17
2024-08-12 18:00:00,0.002349865,0.0,2024-08-12,18
2024-08-12 19:00:00,0.0,0.0,2024-08-12,19
2024-08-12 20:00:00,0.0,0.0,2024-08-12,20
2024-08-12 21:00:00,0.0,0.0,2024-08-12,21
2024-08-12 22:00:00,0.0,0.0,2024-08-12,22
2024-08-12 23:00:00,0.0,0.0,2024-08-12,23
2024-08-13 00:00:00,0.0,0.0,2024-08-13,0
2024-08-13 01:00:00,0.0,0.0,2024-08-13,1
2024-08-13 02:00:00,0.0,0.0,2024-08-13,2
2024-08-13 03:00:00,0.0,0.0,2024-08-13,3
2024-08-13 04:00:00,0.0,0.0,2024-08-13,4
2024-08-13 05:00:00,0.04401828,0.03074109,2024-08-13,5
2024-08-13 06:00:00,0.2623828,0.2114398,2024-08-13,6
2024-08-13 07:00:00,0.445693,0.4141266,2024-08-13,7
2024-08-13 08:00:00,0.6555719,0.6388257,2024-08-13,8
2024-08-13 09:00:00,0.8071343,0.8057409,2024-08-13,9
2024-08-13 10:00:00,0.6621279,0.6592548,2024-08-13,10
2024-08-13 11:00:00,0.8211416,0.8282468,2024-08-13,11
2024-08-13 12:00:00,0.8448333,0.8526492,2024-08-13,12
2024-08-13 13:00:00,0.6367223,0.6321842,2024-08-13,13
2024-08-13 14:00:00,0.6962467,0.6855742,2024-08-13,14
2024-08-13 15:00:00,0.6118852,0.5788541,2024-08-13,15
2024-08-13 16:00:00,0.3188246,0.278409,2024-08-13,16
2024-08-13 17:00:00,0.1094237,0.07498235,2024-08-13,17
2024-08-13 18:00:00,0.001718875,0.0,2024-08-13,18
2024-08-13 19:00:00,0.0,0.0,2024-08-13,19
2024-08-13 20:00:00,0.0,0.0,2024-08-13,20
2024-08-13 21:00:00,0.0,0.0,2024-08-13,21
2024-08-13 22:00:00,0.0,0.0,2024-08-13,22
2024-08-13 23:00:00,0.0,0.0,2024-08-13,23
2024-08-14 00:00:00,0.0,0.0,2024-08-14,0
2024-08-14 01:00:00,0.0,0.0,2024-08-14,1
2024-08-14 02:00:00,0.0,0.0,2024-08-14,2
2024-08-14 03:00:00,0.0,0.0,2024-08-14,3
2024-08-14 04:00:00,0.0,0.0,2024-08-14,4
2024-08-14 05:00:00,0.05286784,0.0242726,2024-08-14,5
2024-08-14 06:00:00,0.2471973,0.2035706,2024-08-14,6
2024-08-14 07:00:00,0.3459405,0.3285656,2024-08-14,7
2024-08-14 08:00:00,0.4373987,0.4266791,2024-08-14,8
2024-08-14 09:00:00,0.5983031,0.5925888,2024-08-14,9
2024-08-14 10:00:00,0.7078809,0.70856,2024-08-14,10
2024-08-14 11:00:00,0.9395561,0.9547902,2024-08-14,11
2024-08-14 12:00:00,0.9265296,0.9399113,2024-08-14,12
2024-08-14 13:00:00,0.9335324,0.9399098,2024-08-14,13
2024-08-14 14:00:00,0.8031389,0.7933496,2024-08-14,14
2024-08-14 15:00:00,0.4856788,0.4632392,2024-08-14,15
2024-08-14 16:00:00,0.2766093,0.2488005,2024-08-14,16
2024-08-14 17:00:00,0.103857,0.07372894,2024-08-14,17
2024-08-14 18:00:00,0.002263024,0.0,2024-08-14,18
2024-08-14 19:00:00,0.0,0.0,2024-08-14,19
2024-08-14 20:00:00,0.0,0.0,2024-08-14,20
2024-08-14 21:00:00,0.0,0.0,2024-08-14,21
2024-08-14 22:00:00,0.0,0.0,2024-08-14,22
2024-08-14 23:00:00,0.0,0.0,2024-08-14,23
2024-08-15 00:00:00,0.0,0.0,2024-08-15,0
2024-08-15 01:00:00,0.0,0.0,2024-08-15,1
2024-08-15 02:00:00,0.0,0.0,2024-08-15,2
2024-08-15 03:00:00,0.0,0.0,2024-08-15,3
2024-08-15 04:00:00,0.0,0.0,2024-08-15,4
2024-08-15 05:00:00,0.05847476,0.01720453,2024-08-15,5
2024-08-15 06:00:00,0.1369539,0.1299777,2024-08-15,6
2024-08-15 07:00:00,0.1766024,0.1713346,2024-08-15,7
2024-08-15 08:00:00,0.2444424,0.2376635,2024-08-15,8
2024-08-15 09:00:00,0.1110208,0.1078766,2024-08-15,9
2024-08-15 10:00:00,0.5228257,0.5150496,2024-08-15,10
2024-08-15 11:00:00,0.7146931,0.71689,2024-08-15,11
2024-08-15 12:00:00,0.5428366,0.5355026,2024-08-15,12
2024-08-15 13:00:00,0.3855957,0.3764964,2024-08-15,13
2024-08-15 14:00:00,0.09061524,0.08803187,2024-08-15,14
2024-08-15 15:00:00,0.165294,0.1605263,2024-08-15,15
2024-08-15 16:00:00,0.2074192,0.1955532,2024-08-15,16
2024-08-15 17:00:00,0.07535682,0.06612729,2024-08-15,17
2024-08-15 18:00:00,0.001659409,0.0,2024-08-15,18
2024-08-15 19:00:00,0.0,0.0,2024-08-15,19
2024-08-15 20:00:00,0.0,0.0,2024-08-15,20
2024-08-15 21:00:00,0.0,0.0,2024-08-15,21
2024-08-15 22:00:00,0.0,0.0,2024-08-15,22
2024-08-15 23:00:00,0.0,0.0,2024-08-15,23
2024-08-16 00:00:00,0.0,0.0,2024-08-16,0
2024-08-16 01:00:00,0.0,0.0,2024-08-16,1
2024-08-16 02:00:00,0.0,0.0,2024-08-16,2
2024-08-16 03:00:00,0.0,0.0,2024-08-16,3
2024-08-16 04:00:00,0.0,0.0,2024-08-16,4
2024-08-16 05:00:00,0.06092002,0.01321256,2024-08-16,5
2024-08-16 06:00:00,0.3087403,0.247122,2024-08-16,6
2024-08-16 07:00:00,0.5217455,0.4873251,2024-08-16,7
2024-08-16 08:00:00,0.6397514,0.6286692,2024-08-16,8
2024-08-16 09:00:00,0.865198,0.8707395,2024-08-16,9
2024-08-16 10:00:00,0.9161166,0.9316019,2024-08-16,10
2024-08-16 11:00:00,0.9057351,0.9230443,2024-08-16,11
2024-08-16 12:00:00,0.8559934,0.8694633,2024-08-16,12
2024-08-16 13:00:00,0.7544186,0.7591395,2024-08-16,13
2024-08-16 14:00:00,0.7284782,0.7230355,2024-08-16,14
2024-08-16 15:00:00,0.6215986,0.5937865,2024-08-16,15
2024-08-16 16:00:00,0.2849891,0.2557131,2024-08-16,16
2024-08-16 17:00:00,0.09178418,0.07039187,2024-08-16,17
2024-08-16 18:00:00,0.000763817,0.0,2024-08-16,18
2024-08-16 19:00:00,0.0,0.0,2024-08-16,19
2024-08-16 20:00:00,0.0,0.0,2024-08-16,20
2024-08-16 21:00:00,0.0,0.0,2024-08-16,21
2024-08-16 22:00:00,0.0,0.0,2024-08-16,22
2024-08-16 23:00:00,0.0,0.0,2024-08-16,23
2024-08-17 00:00:00,0.0,0.0,2024-08-17,0
2024-08-17 01:00:00,0.0,0.0,2024-08-17,1
2024-08-17 02:00:00,0.0,0.0,2024-08-17,2
2024-08-17 03:00:00,0.0,0.0,2024-08-17,3
2024-08-17 04:00:00,0.0,0.0,2024-08-17,4
2024-08-17 05:00:00,0.02072116,0.01964495,2024-08-17,5
2024-08-17 06:00:00,0.1472298,0.1387281,2024-08-17,6
2024-08-17 07:00:00,0.2691368,0.2597906,2024-08-17,7
2024-08-17 08:00:00,0.3470067,0.3385014,2024-08-17,8
2024-08-17 09:00:00,0.436675,0.428307,2024-08-17,9
2024-08-17 10:00:00,0.3662274,0.3571936,2024-08-17,10
2024-08-17 11:00:00,0.4490854,0.4398428,2024-08-17,11
2024-08-17 12:00:00,0.4738784,0.4651974,2024-08-17,12
2024-08-17 13:00:00,0.6655276,0.6665115,2024-08-17,13
2024-08-17 14:00:00,0.5168338,0.5096602,2024-08-17,14
2024-08-17 15:00:00,0.4152337,0.4006891,2024-08-17,15
2024-08-17 16:00:00,0.1988119,0.1884022,2024-08-17,16
2024-08-17 17:00:00,0.04958843,0.047169,2024-08-17,17
2024-08-17 18:00:00,0.000550895,0.0,2024-08-17,18
2024-08-17 19:00:00,0.0,0.0,2024-08-17,19
2024-08-17 20:00:00,0.0,0.0,2024-08-17,20
2024-08-17 21:00:00,0.0,0.0,2024-08-17,21
2024-08-17 22:00:00,0.0,0.0,2024-08-17,22
2024-08-17 23:00:00,0.0,0.0,2024-08-17,23
2024-08-18 00:00:00,0.0,0.0,2024-08-18,0
2024-08-18 01:00:00,0.0,0.0,2024-08-18,1
2024-08-18 02:00:00,0.0,0.0,2024-08-18,2
2024-08-18 03:00:00,0.0,0.0,2024-08-18,3
2024-08-18 04:00:00,0.0,0.0,2024-08-18,4
2024-08-18 05:00:00,0.03228089,0.02745767,2024-08-18,5
2024-08-18 06:00:00,0.1688528,0.1559046,2024-08-18,6
2024-08-18 07:00:00,0.4718325,0.4453495,2024-08-18,7
2024-08-18 08:00:00,0.6438702,0.6364532,2024-08-18,8
2024-08-18 09:00:00,0.9049549,0.9155765,2024-08-18,9
2024-08-18 10:00:00,0.9715167,0.9933268,2024-08-18,10
2024-08-18 11:00:00,1.087068,1.116098,2024-08-18,11
2024-08-18 12:00:00,0.793183,0.8053688,2024-08-18,12
2024-08-18 13:00:00,0.751398,0.7591242,2024-08-18,13
2024-08-18 14:00:00,0.5739041,0.5690618,2024-08-18,14
2024-08-18 15:00:00,0.3683116,0.3568298,2024-08-18,15
2024-08-18 16:00:00,0.3117176,0.2768905,2024-08-18,16
2024-08-18 17:00:00,0.1060327,0.06688954,2024-08-18,17
2024-08-18 18:00:00,0.00078937,0.0,2024-08-18,18
2024-08-18 19:00:00,0.0,0.0,2024-08-18,19
2024-08-18 20:00:00,0.0,0.0,2024-08-18,20
2024-08-18 21:00:00,0.0,0.0,2024-08-18,21
2024-08-18 22:00:00,0.0,0.0,2024-08-18,22
2024-08-18 23:00:00,0.0,0.0,2024-08-18,23
2024-08-19 00:00:00,0.0,0.0,2024-08-19,0
2024-08-19 01:00:00,0.0,0.0,2024-08-19,1
2024-08-19 02:00:00,0.0,0.0,2024-08-19,2
2024-08-19 03:00:00,0.0,0.0,2024-08-19,3
2024-08-19 04:00:00,0.0,0.0,2024-08-19,4
2024-08-19 05:00:00,0.02599026,0.02387154,2024-08-19,5
2024-08-19 06:00:00,0.1958066,0.1753692,2024-08-19,6
2024-08-19 07:00:00,0.3902291,0.3725015,2024-08-19,7
2024-08-19 08:00:00,0.506253,0.499151,2024-08-19,8
2024-08-19 09:00:00,0.6097403,0.6093169,2024-08-19,9
2024-08-19 10:00:00,0.7832699,0.7960403,2024-08-19,10
2024-08-19 11:00:00,0.8219278,0.8382612,2024-08-19,11
2024-08-19 12:00:00,0.9751339,1.000935,2024-08-19,12
2024-08-19 13:00:00,0.8025274,0.8149887,2024-08-19,13
2024-08-19 14:00:00,0.639143,0.6375588,2024-08-19,14
2024-08-19 15:00:00,0.3706277,0.3595875,2024-08-19,15
2024-08-19 16:00:00,0.2334911,0.2173675,2024-08-19,16
2024-08-19 17:00:00,0.08208098,0.0651015,2024-08-19,17
2024-08-19 18:00:00,0.000336817,0.0,2024-08-19,18
2024-08-19 19:00:00,0.0,0.0,2024-08-19,19
2024-08-19 20:00:00,0.0,0.0,2024-08-19,20
2024-08-19 21:00:00,0.0,0.0,2024-08-19,21
2024-08-19 22:00:00,0.0,0.0,2024-08-19,22
2024-08-19 23:00:00,0.0,0.0,2024-08-19,23
2024-08-20 00:00:00,0.0,0.0,2024-08-20,0
2024-08-20 01:00:00,0.0,0.0,2024-08-20,1
2024-08-20 02:00:00,0.0,0.0,2024-08-20,2
2024-08-20 03:00:00,0.0,0.0,2024-08-20,3
2024-08-20 04:00:00,0.0,0.0,2024-08-20,4
2024-08-20 05:00:00,0.04847679,0.02009566,2024-08-20,5
2024-08-20 06:00:00,0.07513729,0.07275792,2024-08-20,6
2024-08-20 07:00:00,0.1130451,0.1097818,2024-08-20,7
2024-08-20 08:00:00,0.1397224,0.1357955,2024-08-20,8
2024-08-20 09:00:00,0.2770401,0.2696634,2024-08-20,9
2024-08-20 10:00:00,0.2668034,0.2596072,2024-08-20,10
2024-08-20 11:00:00,0.2958015,0.2879165,2024-08-20,11
2024-08-20 12:00:00,0.2854102,0.2777708,2024-08-20,12
2024-08-20 13:00:00,0.2495336,0.2427644,2024-08-20,13
2024-08-20 14:00:00,0.103958,0.1010182,2024-08-20,14
2024-08-20 15:00:00,0.0604687,0.05873034,2024-08-20,15
2024-08-20 16:00:00,0.09007233,0.08733925,2024-08-20,16
2024-08-20 17:00:00,0.04936668,0.04665714,2024-08-20,17
2024-08-20 18:00:00,0.000317868,0.0,2024-08-20,18
2024-08-20 19:00:00,0.0,0.0,2024-08-20,19
2024-08-20 20:00:00,0.0,0.0,2024-08-20,20
2024-08-20 21:00:00,0.0,0.0,2024-08-20,21
2024-08-20 22:00:00,0.0,0.0,2024-08-20,22
2024-08-20 23:00:00,0.0,0.0,2024-08-20,23
2024-08-21 00:00:00,0.0,0.0,2024-08-21,0
2024-08-21 01:00:00,0.0,0.0,2024-08-21,1
2024-08-21 02:00:00,0.0,0.0,2024-08-21,2
2024-08-21 03:00:00,0.0,0.0,2024-08-21,3
2024-08-21 04:00:00,0.0,0.0,2024-08-21,4
2024-08-21 05:00:00,0.04302749,0.02349923,2024-08-21,5
2024-08-21 06:00:00,0.0291218,0.02825302,2024-08-21,6
2024-08-21 07:00:00,0.04403811,0.04276573,2024-08-21,7
2024-08-21 08:00:00,0.01188661,0.01154143,2024-08-21,8
2024-08-21 09:00:00,0.01529349,0.01484994,2024-08-21,9
2024-08-21 10:00:00,0.03260387,0.03166411,2024-08-21,10
2024-08-21 11:00:00,0.1004315,0.09759545,2024-08-21,11
2024-08-21 12:00:00,0.3213633,0.3130279,2024-08-21,12
2024-08-21 13:00:00,0.251531,0.2447283,2024-08-21,13
2024-08-21 14:00:00,0.1768338,0.171931,2024-08-21,14
2024-08-21 15:00:00,0.163702,0.1590627,2024-08-21,15
2024-08-21 16:00:00,0.1700917,0.1632282,2024-08-21,16
2024-08-21 17:00:00,0.03726599,0.035744,2024-08-21,17
2024-08-21 18:00:00,0.000157791,0.0,2024-08-21,18
2024-08-21 19:00:00,0.0,0.0,2024-08-21,19
2024-08-21 20:00:00,0.0,0.0,2024-08-21,20
2024-08-21 21:00:00,0.0,0.0,2024-08-21,21
2024-08-21 22:00:00,0.0,0.0,2024-08-21,22
2024-08-21 23:00:00,0.0,0.0,2024-08-21,23
2024-08-22 00:00:00,0.0,0.0,2024-08-22,0
2024-08-22 01:00:00,0.0,0.0,2024-08-22,1
2024-08-22 02:00:00,0.0,0.0,2024-08-22,2
2024-08-22 03:00:00,0.0,0.0,2024-08-22,3
2024-08-22 04:00:00,0.0,0.0,2024-08-22,4
2024-08-22 05:00:00,0.04694701,0.01890631,2024-08-22,5
2024-08-22 06:00:00,0.189611,0.172372,2024-08-22,6
2024-08-22 07:00:00,0.227379,0.2207873,2024-08-22,7
2024-08-22 08:00:00,0.3386089,0.3311465,2024-08-22,8
2024-08-22 09:00:00,0.4142023,0.4066258,2024-08-22,9
2024-08-22 10:00:00,0.4885347,0.4817719,2024-08-22,10
2024-08-22 11:00:00,0.6274182,0.6285386,2024-08-22,11
2024-08-22 12:00:00,0.569708,0.5669255,2024-08-22,12
2024-08-22 13:00:00,0.4960557,0.4907399,2024-08-22,13
2024-08-22 14:00:00,0.4164275,0.4097729,2024-08-22,14
2024-08-22 15:00:00,0.3203304,0.3121024,2024-08-22,15
2024-08-22 16:00:00,0.1557354,0.150063,2024-08-22,16
2024-08-22 17:00:00,0.02981902,0.02867416,2024-08-22,17
2024-08-22 18:00:00,3.25161e-05,0.0,2024-08-22,18
2024-08-22 19:00:00,0.0,0.0,2024-08-22,19
2024-08-22 20:00:00,0.0,0.0,2024-08-22,20
2024-08-22 21:00:00,0.0,0.0,2024-08-22,21
2024-08-22 22:00:00,0.0,0.0,2024-08-22,22
2024-08-22 23:00:00,0.0,0.0,2024-08-22,23
2024-08-23 00:00:00,0.0,0.0,2024-08-23,0
2024-08-23 01:00:00,0.0,0.0,2024-08-23,1
2024-08-23 02:00:00,0.0,0.0,2024-08-23,2
2024-08-23 03:00:00,0.0,0.0,2024-08-23,3
2024-08-23 04:00:00,0.0,0.0,2024-08-23,4
2024-08-23 05:00:00,0.02993355,0.02505638,2024-08-23,5
2024-08-23 06:00:00,0.03581019,0.03473883,2024-08-23,6
2024-08-23 07:00:00,0.03909591,0.03796773,2024-08-23,7
2024-08-23 08:00:00,0.1470295,0.1429302,2024-08-23,8
2024-08-23 09:00:00,0.4617096,0.4558467,2024-08-23,9
2024-08-23 10:00:00,0.4840816,0.4774326,2024-08-23,10
2024-08-23 11:00:00,0.3579145,0.3491263,2024-08-23,11
2024-08-23 12:00:00,0.4965484,0.4900822,2024-08-23,12
2024-08-23 13:00:00,0.3336831,0.3255375,2024-08-23,13
2024-08-23 14:00:00,0.4966897,0.4937087,2024-08-23,14
2024-08-23 15:00:00,0.370628,0.3620412,2024-08-23,15
2024-08-23 16:00:00,0.1974339,0.1877843,2024-08-23,16
2024-08-23 17:00:00,0.08612835,0.05910651,2024-08-23,17
2024-08-23 18:00:00,1.26824e-05,0.0,2024-08-23,18
2024-08-23 19:00:00,0.0,0.0,2024-08-23,19
2024-08-23 20:00:00,0.0,0.0,2024-08-23,20
2024-08-23 21:00:00,0.0,0.0,2024-08-23,21
2024-08-23 22:00:00,0.0,0.0,2024-08-23,22
2024-08-23 23:00:00,0.0,0.0,2024-08-23,23
2024-08-24 00:00:00,0.0,0.0,2024-08-24,0
2024-08-24 01:00:00,0.0,0.0,2024-08-24,1
2024-08-24 02:00:00,0.0,0.0,2024-08-24,2
2024-08-24 03:00:00,0.0,0.0,2024-08-24,3
2024-08-24 04:00:00,0.0,0.0,2024-08-24,4
2024-08-24 05:00:00,0.04239781,0.02058442,2024-08-24,5
2024-08-24 06:00:00,0.08369541,0.08106182,2024-08-24,6
2024-08-24 07:00:00,0.1080189,0.1049353,2024-08-24,7
2024-08-24 08:00:00,0.03698733,0.03592421,2024-08-24,8
2024-08-24 09:00:00,0.1798651,0.174925,2024-08-24,9
2024-08-24 10:00:00,0.3534977,0.3449793,2024-08-24,10
2024-08-24 11:00:00,0.6080266,0.6088318,2024-08-24,11
2024-08-24 12:00:00,0.6454973,0.6507316,2024-08-24,12
2024-08-24 13:00:00,0.2667914,0.2596988,2024-08-24,13
2024-08-24 14:00:00,0.1560962,0.1517716,2024-08-24,14
2024-08-24 15:00:00,0.2282079,0.2220912,2024-08-24,15
2024-08-24 16:00:00,0.1296267,0.1254925,2024-08-24,16
2024-08-24 17:00:00,0.0130318,0.01260226,2024-08-24,17
2024-08-24 18:00:00,0.0,0.0,2024-08-24,18
2024-08-24 19:00:00,0.0,0.0,2024-08-24,19
2024-08-24 20:00:00,0.0,0.0,2024-08-24,20
2024-08-24 21:00:00,0.0,0.0,2024-08-24,21
2024-08-24 22:00:00,0.0,0.0,2024-08-24,22
2024-08-24 23:00:00,0.0,0.0,2024-08-24,23
2024-08-25 00:00:00,0.0,0.0,2024-08-25,0
2024-08-25 01:00:00,0.0,0.0,2024-08-25,1
2024-08-25 02:00:00,0.0,0.0,2024-08-25,2
2024-08-25 03:00:00,0.0,0.0,2024-08-25,3
2024-08-25 04:00:00,0.0,0.0,2024-08-25,4
2024-08-25 05:00:00,0.02258887,0.02083019,2024-08-25,5
2024-08-25 06:00:00,0.05230827,0.05072715,2024-08-25,6
2024-08-25 07:00:00,0.237313,0.2308655,2024-08-25,7
2024-08-25 08:00:00,0.4881569,0.4865865,2024-08-25,8
2024-08-25 09:00:00,0.6177903,0.6247215,2024-08-25,9
2024-08-25 10:00:00,0.7342862,0.7513698,2024-08-25,10
2024-08-25 11:00:00,0.906599,0.9422005,2024-08-25,11
2024-08-25 12:00:00,0.6169589,0.6201634,2024-08-25,12
2024-08-25 13:00:00,0.7204143,0.7372361,2024-08-25,13
2024-08-25 14:00:00,0.4166657,0.4112921,2024-08-25,14
2024-08-25 15:00:00,0.2626584,0.2560765,2024-08-25,15
2024-08-25 16:00:00,0.2131196,0.2017897,2024-08-25,16
2024-08-25 17:00:00,0.08088601,0.05543868,2024-08-25,17
2024-08-25 18:00:00,0.0,0.0,2024-08-25,18
2024-08-25 19:00:00,0.0,0.0,2024-08-25,19
2024-08-25 20:00:00,0.0,0.0,2024-08-25,20
2024-08-25 21:00:00,0.0,0.0,2024-08-25,21
2024-08-25 22:00:00,0.0,0.0,2024-08-25,22
2024-08-25 23:00:00,0.0,0.0,2024-08-25,23
2024-08-26 00:00:00,0.0,0.0,2024-08-26,0
2024-08-26 01:00:00,0.0,0.0,2024-08-26,1
2024-08-26 02:00:00,0.0,0.0,2024-08-26,2
2024-08-26 03:00:00,0.0,0.0,2024-08-26,3
2024-08-26 04:00:00,0.0,0.0,2024-08-26,4
2024-08-26 05:00:00,0.03508155,0.02326182,2024-08-26,5
2024-08-26 06:00:00,0.03995149,0.03876067,2024-08-26,6
2024-08-26 07:00:00,0.03408668,0.03310462,2024-08-26,7
2024-08-26 08:00:00,0.07257208,0.07051375,2024-08-26,8
2024-08-26 09:00:00,0.04427169,0.0430034,2024-08-26,9
2024-08-26 10:00:00,0.1311777,0.1275257,2024-08-26,10
2024-08-26 11:00:00,0.05968091,0.05797881,2024-08-26,11
2024-08-26 12:00:00,0.1004165,0.09759187,2024-08-26,12
2024-08-26 13:00:00,0.03230901,0.03137911,2024-08-26,13
2024-08-26 14:00:00,0.1135281,0.1103522,2024-08-26,14
2024-08-26 15:00:00,0.09257682,0.08995528,2024-08-26,15
2024-08-26 16:00:00,0.01354552,0.01315095,2024-08-26,16
2024-08-26 17:00:00,0.009073443,0.008784065,2024-08-26,17
2024-08-26 18:00:00,0.0,0.0,2024-08-26,18
2024-08-26 19:00:00,0.0,0.0,2024-08-26,19
2024-08-26 20:00:00,0.0,0.0,2024-08-26,20
2024-08-26 21:00:00,0.0,0.0,2024-08-26,21
2024-08-26 22:00:00,0.0,0.0,2024-08-26,22
2024-08-26 23:00:00,0.0,0.0,2024-08-26,23
2024-08-27 00:00:00,0.0,0.0,2024-08-27,0
2024-08-27 01:00:00,0.0,0.0,2024-08-27,1
2024-08-27 02:00:00,0.0,0.0,2024-08-27,2
2024-08-27 03:00:00,0.0,0.0,2024-08-27,3
2024-08-27 04:00:00,0.0,0.0,2024-08-27,4
2024-08-27 05:00:00,0.04680576,0.01245195,2024-08-27,5
2024-08-27 06:00:00,0.2170728,0.1961627,2024-08-27,6
2024-08-27 07:00:00,0.3833044,0.3756298,2024-08-27,7
2024-08-27 08:00:00,0.5477765,0.5526219,2024-08-27,8
2024-08-27 09:00:00,0.5725543,0.5771507,2024-08-27,9
2024-08-27 10:00:00,0.8480904,0.8818824,2024-08-27,10
2024-08-27 11:00:00,0.8993462,0.9386173,2024-08-27,11
2024-08-27 12:00:00,0.944252,0.9869631,2024-08-27,12
2024-08-27 13:00:00,0.7913368,0.8189964,2024-08-27,13
2024-08-27 14:00:00,0.4730689,0.4719558,2024-08-27,14
2024-08-27 15:00:00,0.5061212,0.5026619,2024-08-27,15
2024-08-27 16:00:00,0.2520165,0.2358378,2024-08-27,16
2024-08-27 17:00:00,0.04404907,0.04099923,2024-08-27,17
2024-08-27 18:00:00,0.0,0.0,2024-08-27,18
2024-08-27 19:00:00,0.0,0.0,2024-08-27,19
2024-08-27 20:00:00,0.0,0.0,2024-08-27,20
2024-08-27 21:00:00,0.0,0.0,2024-08-27,21
2024-08-27 22:00:00,0.0,0.0,2024-08-27,22
2024-08-27 23:00:00,0.0,0.0,2024-08-27,23
2024-08-28 00:00:00,0.0,0.0,2024-08-28,0
2024-08-28 01:00:00,0.0,0.0,2024-08-28,1
2024-08-28 02:00:00,0.0,0.0,2024-08-28,2
2024-08-28 03:00:00,0.0,0.0,2024-08-28,3
2024-08-28 04:00:00,0.0,0.0,2024-08-28,4
2024-08-28 05:00:00,0.01836208,0.0172958,2024-08-28,5
2024-08-28 06:00:00,0.09821798,0.09507788,2024-08-28,6
2024-08-28 07:00:00,0.2459434,0.2399177,2024-08-28,7
2024-08-28 08:00:00,0.04093919,0.03976673,2024-08-28,8
2024-08-28 09:00:00,0.1601875,0.1557912,2024-08-28,9
2024-08-28 10:00:00,0.1732737,0.1685314,2024-08-28,10
2024-08-28 11:00:00,0.1436697,0.1396932,2024-08-28,11
2024-08-28 12:00:00,0.08328559,0.08093268,2024-08-28,12
2024-08-28 13:00:00,0.2603431,0.2534825,2024-08-28,13
2024-08-28 14:00:00,0.2320416,0.2259048,2024-08-28,14
2024-08-28 15:00:00,0.1168251,0.1135538,2024-08-28,15
2024-08-28 16:00:00,0.04069483,0.03950813,2024-08-28,16
2024-08-28 17:00:00,0.02981718,0.0285931,2024-08-28,17
2024-08-28 18:00:00,0.0,0.0,2024-08-28,18
2024-08-28 19:00:00,0.0,0.0,2024-08-28,19
2024-08-28 20:00:00,0.0,0.0,2024-08-28,20
2024-08-28 21:00:00,0.0,0.0,2024-08-28,21
2024-08-28 22:00:00,0.0,0.0,2024-08-28,22
2024-08-28 23:00:00,0.0,0.0,2024-08-28,23
2024-08-29 00:00:00,0.0,0.0,2024-08-29,0
2024-08-29 01:00:00,0.0,0.0,2024-08-29,1
2024-08-29 02:00:00,0.0,0.0,2024-08-29,2
2024-08-29 03:00:00,0.0,0.0,2024-08-29,3
2024-08-29 04:00:00,0.0,0.0,2024-08-29,4
2024-08-29 05:00:00,0.04664611,0.01013606,2024-08-29,5
2024-08-29 06:00:00,0.1149708,0.1110008,2024-08-29,6
2024-08-29 07:00:00,0.2953718,0.2895102,2024-08-29,7
2024-08-29 08:00:00,0.3161189,0.309787,2024-08-29,8
2024-08-29 09:00:00,0.2726527,0.2656234,2024-08-29,9
2024-08-29 10:00:00,0.1725975,0.16788,2024-08-29,10
2024-08-29 11:00:00,0.4381935,0.4306246,2024-08-29,11
2024-08-29 12:00:00,0.3689991,0.360705,2024-08-29,12
2024-08-29 13:00:00,0.3062742,0.2987133,2024-08-29,13
2024-08-29 14:00:00,0.2176077,0.2118038,2024-08-29,14
2024-08-29 15:00:00,0.1768006,0.1719953,2024-08-29,15
2024-08-29 16:00:00,0.1115269,0.1081975,2024-08-29,16
2024-08-29 17:00:00,0.02642277,0.02537216,2024-08-29,17
2024-08-29 18:00:00,0.0,0.0,2024-08-29,18
2024-08-29 19:00:00,0.0,0.0,2024-08-29,19
2024-08-29 20:00:00,0.0,0.0,2024-08-29,20
2024-08-29 21:00:00,0.0,0.0,2024-08-29,21
2024-08-29 22:00:00,0.0,0.0,2024-08-29,22
2024-08-29 23:00:00,0.0,0.0,2024-08-29,23
2024-08-30 00:00:00,0.0,0.0,2024-08-30,0
2024-08-30 01:00:00,0.0,0.0,2024-08-30,1
2024-08-30 02:00:00,0.0,0.0,2024-08-30,2
2024-08-30 03:00:00,0.0,0.0,2024-08-30,3
2024-08-30 04:00:00,0.0,0.0,2024-08-30,4
2024-08-30 05:00:00,0.03215607,0.02140017,2024-08-30,5
2024-08-30 06:00:00,0.0271607,0.02636513,2024-08-30,6
2024-08-30 07:00:00,0.06315675,0.06136209,2024-08-30,7
2024-08-30 08:00:00,0.09654888,0.0938479,2024-08-30,8
2024-08-30 09:00:00,0.1214056,0.1180357,2024-08-30,9
2024-08-30 10:00:00,0.1069279,0.103938,2024-08-30,10
2024-08-30 11:00:00,0.1036217,0.1007186,2024-08-30,11
2024-08-30 12:00:00,0.1105149,0.107428,2024-08-30,12
2024-08-30 13:00:00,0.07706749,0.07489097,2024-08-30,13
2024-08-30 14:00:00,0.09741107,0.09468629,2024-08-30,14
2024-08-30 15:00:00,0.03448518,0.03349597,2024-08-30,15
2024-08-30 16:00:00,0.006965535,0.006762795,2024-08-30,16
2024-08-30 17:00:00,0.000732853,0.000711287,2024-08-30,17
2024-08-30 18:00:00,0.0,0.0,2024-08-30,18
2024-08-30 19:00:00,0.0,0.0,2024-08-30,19
2024-08-30 20:00:00,0.0,0.0,2024-08-30,20
2024-08-30 21:00:00,0.0,0.0,2024-08-30,21
2024-08-30 22:00:00,0.0,0.0,2024-08-30,22
2024-08-30 23:00:00,0.0,0.0,2024-08-30,23
2024-08-31 00:00:00,0.0,0.0,2024-08-31,0
2024-08-31 01:00:00,0.0,0.0,2024-08-31,1
2024-08-31 02:00:00,0.0,0.0,2024-08-31,2
2024-08-31 03:00:00,0.0,0.0,2024-08-31,3
2024-08-31 04:00:00,0.0,0.0,2024-08-31,4
2024-08-31 05:00:00,0.02890936,0.02154108,2024-08-31,5
2024-08-31 06:00:00,0.07703725,0.07473282,2024-08-31,6
2024-08-31 07:00:00,0.09867399,0.09590992,2024-08-31,7
2024-08-31 08:00:00,0.1530032,0.148828,2024-08-31,8
2024-08-31 09:00:00,0.06741174,0.06550284,2024-08-31,9
2024-08-31 10:00:00,0.2281294,0.22205,2024-08-31,10
2024-08-31 11:00:00,0.1582963,0.1539547,2024-08-31,11
2024-08-31 12:00:00,0.4549955,0.4489342,2024-08-31,12
2024-08-31 13:00:00,0.1469629,0.1429277,2024-08-31,13
2024-08-31 14:00:00,0.29822,0.2916763,2024-08-31,14
2024-08-31 15:00:00,0.2320467,0.2265881,2024-08-31,15
2024-08-31 16:00:00,0.1503071,0.1455109,2024-08-31,16
2024-08-31 17:00:00,0.03127046,0.02978085,2024-08-31,17
2024-08-31 18:00:00,0.0,0.0,2024-08-31,18
2024-08-31 19:00:00,0.0,0.0,2024-08-31,19
2024-08-31 20:00:00,0.0,0.0,2024-08-31,20
2024-08-31 21:00:00,0.0,0.0,2024-08-31,21
2024-08-31 22:00:00,0.0,0.0,2024-08-31,22
2024-08-31 23:00:00,0.0,0.0,2024-08-31,23
2024-09-01 00:00:00,0.0,0.0,2024-09-01,0
2024-09-01 01:00:00,0.0,0.0,2024-09-01,1
2024-09-01 02:00:00,0.0,0.0,2024-09-01,2
2024-09-01 03:00:00,0.0,0.0,2024-09-01,3
2024-09-01 04:00:00,0.0,0.0,2024-09-01,4
2024-09-01 05:00:00,0.03963424,0.0136989,2024-09-01,5
2024-09-01 06:00:00,0.0305558,0.02966399,2024-09-01,6
2024-09-01 07:00:00,0.04046427,0.0393081,2024-09-01,7
2024-09-01 08:00:00,0.1383555,0.134566,2024-09-01,8
2024-09-01 09:00:00,0.2579466,0.2512658,2024-09-01,9
2024-09-01 10:00:00,0.2267498,0.2207178,2024-09-01,10
2024-09-01 11:00:00,0.2586773,0.2518736,2024-09-01,11
2024-09-01 12:00:00,0.1566721,0.152382,2024-09-01,12
2024-09-01 13:00:00,0.2576736,0.2509662,2024-09-01,13
2024-09-01 14:00:00,0.1838581,0.1789193,2024-09-01,14
2024-09-01 15:00:00,0.1054905,0.102558,2024-09-01,15
2024-09-01 16:00:00,0.05412132,0.05255546,2024-09-01,16
2024-09-01 17:00:00,0.02198166,0.02112397,2024-09-01,17
2024-09-01 18:00:00,0.0,0.0,2024-09-01,18
2024-09-01 19:00:00,0.0,0.0,2024-09-01,19
2024-09-01 20:00:00,0.0,0.0,2024-09-01,20
2024-09-01 21:00:00,0.0,0.0,2024-09-01,21
2024-09-01 22:00:00,0.0,0.0,2024-09-01,22
2024-09-01 23:00:00,0.0,0.0,2024-09-01,23
2024-09-02 00:00:00,0.0,0.0,2024-09-02,0
2024-09-02 01:00:00,0.0,0.0,2024-09-02,1
2024-09-02 02:00:00,0.0,0.0,2024-09-02,2
2024-09-02 03:00:00,0.0,0.0,2024-09-02,3
2024-09-02 04:00:00,0.0,0.0,2024-09-02,4
2024-09-02 05:00:00,0.0289827,0.02040277,2024-09-02,5
2024-09-02 06:00:00,0.08149584,0.07908554,2024-09-02,6
2024-09-02 07:00:00,0.0830311,0.08070462,2024-09-02,7
2024-09-02 08:00:00,0.2628262,0.2566655,2024-09-02,8
2024-09-02 09:00:00,0.5315291,0.5369489,2024-09-02,9
2024-09-02 10:00:00,0.6200857,0.6316598,2024-09-02,10
2024-09-02 11:00:00,0.4166757,0.4091811,2024-09-02,11
2024-09-02 12:00:00,0.3629591,0.3549834,2024-09-02,12
2024-09-02 13:00:00,0.1738584,0.169155,2024-09-02,13
2024-09-02 14:00:00,0.1887601,0.1837175,2024-09-02,14
2024-09-02 15:00:00,0.1180977,0.1148423,2024-09-02,15
2024-09-02 16:00:00,0.04760936,0.04623572,2024-09-02,16
2024-09-02 17:00:00,0.01662358,0.01601475,2024-09-02,17
2024-09-02 18:00:00,0.0,0.0,2024-09-02,18
2024-09-02 19:00:00,0.0,0.0,2024-09-02,19
2024-09-02 20:00:00,0.0,0.0,2024-09-02,20
2024-09-02 21:00:00,0.0,0.0,2024-09-02,21
2024-09-02 22:00:00,0.0,0.0,2024-09-02,22
2024-09-02 23:00:00,0.0,0.0,2024-09-02,23
2024-09-03 00:00:00,0.0,0.0,2024-09-03,0
2024-09-03 01:00:00,0.0,0.0,2024-09-03,1
2024-09-03 02:00:00,0.0,0.0,2024-09-03,2
2024-09-03 03:00:00,0.0,0.0,2024-09-03,3
2024-09-03 04:00:00,0.0,0.0,2024-09-03,4
2024-09-03 05:00:00,0.03879499,0.01221297,2024-09-03,5
2024-09-03 06:00:00,0.1434765,0.1383611,2024-09-03,6
2024-09-03 07:00:00,0.1253584,0.1219226,2024-09-03,7
2024-09-03 08:00:00,0.1938732,0.1887316,2024-09-03,8
2024-09-03 09:00:00,0.3530375,0.3462549,2024-09-03,9
2024-09-03 10:00:00,0.401519,0.394382,2024-09-03,10
2024-09-03 11:00:00,0.6195647,0.6296021,2024-09-03,11
2024-09-03 12:00:00,0.3500711,0.3421362,2024-09-03,12
2024-09-03 13:00:00,0.5761523,0.587243,2024-09-03,13
2024-09-03 14:00:00,0.5131767,0.5235887,2024-09-03,14
2024-09-03 15:00:00,0.2267478,0.2217012,2024-09-03,15
2024-09-03 16:00:00,0.1783902,0.1728565,2024-09-03,16
2024-09-03 17:00:00,0.02122539,0.02038266,2024-09-03,17
2024-09-03 18:00:00,0.0,0.0,2024-09-03,18
2024-09-03 19:00:00,0.0,0.0,2024-09-03,19
2024-09-03 20:00:00,0.0,0.0,2024-09-03,20
2024-09-03 21:00:00,0.0,0.0,2024-09-03,21
2024-09-03 22:00:00,0.0,0.0,2024-09-03,22
2024-09-03 23:00:00,0.0,0.0,2024-09-03,23
2024-09-04 00:00:00,0.0,0.0,2024-09-04,0
2024-09-04 01:00:00,0.0,0.0,2024-09-04,1
2024-09-04 02:00:00,0.0,0.0,2024-09-04,2
2024-09-04 03:00:00,0.0,0.0,2024-09-04,3
2024-09-04 04:00:00,0.0,0.0,2024-09-04,4
2024-09-04 05:00:00,0.0384567,0.01140637,2024-09-04,5
2024-09-04 06:00:00,0.1468667,0.1418439,2024-09-04,6
2024-09-04 07:00:00,0.2513807,0.2472177,2024-09-04,7
2024-09-04 08:00:00,0.3791344,0.3771973,2024-09-04,8
2024-09-04 09:00:00,0.3150167,0.3079366,2024-09-04,9
2024-09-04 10:00:00,0.1952048,0.1899752,2024-09-04,10
2024-09-04 11:00:00,0.3554766,0.3474198,2024-09-04,11
2024-09-04 12:00:00,0.3615456,0.3537399,2024-09-04,12
2024-09-04 13:00:00,0.3209672,0.3137431,2024-09-04,13
2024-09-04 14:00:00,0.3015842,0.2956173,2024-09-04,14
2024-09-04 15:00:00,0.1214004,0.1180828,2024-09-04,15
2024-09-04 16:00:00,0.03565069,0.03462555,2024-09-04,16
2024-09-04 17:00:00,0.02883481,0.02722203,2024-09-04,17
2024-09-04 18:00:00,0.0,0.0,2024-09-04,18
2024-09-04 19:00:00,0.0,0.0,2024-09-04,19
2024-09-04 20:00:00,0.0,0.0,2024-09-04,20
2024-09-04 21:00:00,0.0,0.0,2024-09-04,21
2024-09-04 22:00:00,0.0,0.0,2024-09-04,22
2024-09-04 23:00:00,0.0,0.0,2024-09-04,23
2024-09-05 00:00:00,0.0,0.0,2024-09-05,0
2024-09-05 01:00:00,0.0,0.0,2024-09-05,1
2024-09-05 02:00:00,0.0,0.0,2024-09-05,2
2024-09-05 03:00:00,0.0,0.0,2024-09-05,3
2024-09-05 04:00:00,0.0,0.0,2024-09-05,4
2024-09-05 05:00:00,0.03063993,0.01748444,2024-09-05,5
2024-09-05 06:00:00,0.004644682,0.004509543,2024-09-05,6
2024-09-05 07:00:00,0.06504823,0.06322306,2024-09-05,7
2024-09-05 08:00:00,0.02597515,0.02522902,2024-09-05,8
2024-09-05 09:00:00,0.003367385,0.003269168,2024-09-05,9
2024-09-05 10:00:00,0.09346107,0.09084812,2024-09-05,10
2024-09-05 11:00:00,0.1823936,0.1774788,2024-09-05,11
2024-09-05 12:00:00,0.03654037,0.03549303,2024-09-05,12
2024-09-05 13:00:00,0.02258384,0.02193278,2024-09-05,13
2024-09-05 14:00:00,0.02345076,0.022776,2024-09-05,14
2024-09-05 15:00:00,0.1232231,0.1198719,2024-09-05,15
2024-09-05 16:00:00,0.09304495,0.09041379,2024-09-05,16
2024-09-05 17:00:00,0.01481378,0.0142672,2024-09-05,17
2024-09-05 18:00:00,0.0,0.0,2024-09-05,18
2024-09-05 19:00:00,0.0,0.0,2024-09-05,19
2024-09-05 20:00:00,0.0,0.0,2024-09-05,20
2024-09-05 21:00:00,0.0,0.0,2024-09-05,21
2024-09-05 22:00:00,0.0,0.0,2024-09-05,22
2024-09-05 23:00:00,0.0,0.0,2024-09-05,23
2024-09-06 00:00:00,0.0,0.0,2024-09-06,0
2024-09-06 01:00:00,0.0,0.0,2024-09-06,1
2024-09-06 02:00:00,0.0,0.0,2024-09-06,2
2024-09-06 03:00:00,0.0,0.0,2024-09-06,3
2024-09-06 04:00:00,0.0,0.0,2024-09-06,4
2024-09-06 05:00:00,0.03571135,0.01198926,2024-09-06,5
2024-09-06 06:00:00,0.1946505,0.1882371,2024-09-06,6
2024-09-06 07:00:00,0.2709229,0.2682859,2024-09-06,7
2024-09-06 08:00:00,0.5057464,0.520834,2024-09-06,8
2024-09-06 09:00:00,0.605239,0.626201,2024-09-06,9
2024-09-06 10:00:00,0.9071006,0.971615,2024-09-06,10
2024-09-06 11:00:00,0.9080766,0.9723003,2024-09-06,11
2024-09-06 12:00:00,0.7552819,0.7954847,2024-09-06,12
2024-09-06 13:00:00,0.5573944,0.569023,2024-09-06,13
2024-09-06 14:00:00,0.5646885,0.5876276,2024-09-06,14
2024-09-06 15:00:00,0.322701,0.3228974,2024-09-06,15
2024-09-06 16:00:00,0.1105313,0.107486,2024-09-06,16
2024-09-06 17:00:00,0.03879204,0.03241798,2024-09-06,17
2024-09-06 18:00:00,0.0,0.0,2024-09-06,18
2024-09-06 19:00:00,0.0,0.0,2024-09-06,19
2024-09-06 20:00:00,0.0,0.0,2024-09-06,20
2024-09-06 21:00:00,0.0,0.0,2024-09-06,21
2024-09-06 22:00:00,0.0,0.0,2024-09-06,22
2024-09-06 23:00:00,0.0,0.0,2024-09-06,23
2024-09-07 00:00:00,0.0,0.0,2024-09-07,0
2024-09-07 01:00:00,0.0,0.0,2024-09-07,1
2024-09-07 02:00:00,0.0,0.0,2024-09-07,2
2024-09-07 03:00:00,0.0,0.0,2024-09-07,3
2024-09-07 04:00:00,0.0,0.0,2024-09-07,4
2024-09-07 05:00:00,0.02993879,0.0162464,2024-09-07,5
2024-09-07 06:00:00,0.1248579,0.1214574,2024-09-07,6
2024-09-07 07:00:00,0.2124852,0.2081869,2024-09-07,7
2024-09-07 08:00:00,0.3313458,0.3274527,2024-09-07,8
2024-09-07 09:00:00,0.634304,0.6620977,2024-09-07,9
2024-09-07 10:00:00,0.8908101,0.9560045,2024-09-07,10
2024-09-07 11:00:00,0.7886245,0.8350059,2024-09-07,11
2024-09-07 12:00:00,1.012536,1.089925,2024-09-07,12
2024-09-07 13:00:00,0.9238938,0.9905784,2024-09-07,13
2024-09-07 14:00:00,0.7487386,0.7955852,2024-09-07,14
2024-09-07 15:00:00,0.5544909,0.5780863,2024-09-07,15
2024-09-07 16:00:00,0.2511176,0.2473822,2024-09-07,16
2024-09-07 17:00:00,0.04315708,0.03199343,2024-09-07,17
2024-09-07 18:00:00,0.0,0.0,2024-09-07,18
2024-09-07 19:00:00,0.0,0.0,2024-09-07,19
2024-09-07 20:00:00,0.0,0.0,2024-09-07,20
2024-09-07 21:00:00,0.0,0.0,2024-09-07,21
2024-09-07 22:00:00,0.0,0.0,2024-09-07,22
2024-09-07 23:00:00,0.0,0.0,2024-09-07,23
2024-09-08 00:00:00,0.0,0.0,2024-09-08,0
2024-09-08 01:00:00,0.0,0.0,2024-09-08,1
2024-09-08 02:00:00,0.0,0.0,2024-09-08,2
2024-09-08 03:00:00,0.0,0.0,2024-09-08,3
2024-09-08 04:00:00,0.0,0.0,2024-09-08,4
2024-09-08 05:00:00,0.03954789,0.006107146,2024-09-08,5
2024-09-08 06:00:00,0.08426479,0.08191284,2024-09-08,6
2024-09-08 07:00:00,0.07458859,0.07252226,2024-09-08,7
2024-09-08 08:00:00,0.4404558,0.4479949,2024-09-08,8
2024-09-08 09:00:00,0.318971,0.3122368,2024-09-08,9
2024-09-08 10:00:00,0.5402802,0.5455822,2024-09-08,10
2024-09-08 11:00:00,0.6824096,0.7091051,2024-09-08,11
2024-09-08 12:00:00,0.4452142,0.4408425,2024-09-08,12
2024-09-08 13:00:00,0.3442572,0.3377257,2024-09-08,13
2024-09-08 14:00:00,0.07502136,0.07292708,2024-09-08,14
2024-09-08 15:00:00,0.136391,0.1327611,2024-09-08,15
2024-09-08 16:00:00,0.06966765,0.06771941,2024-09-08,16
2024-09-08 17:00:00,0.01185014,0.01141874,2024-09-08,17
2024-09-08 18:00:00,0.0,0.0,2024-09-08,18
2024-09-08 19:00:00,0.0,0.0,2024-09-08,19
2024-09-08 20:00:00,0.0,0.0,2024-09-08,20
2024-09-08 21:00:00,0.0,0.0,2024-09-08,21
2024-09-08 22:00:00,0.0,0.0,2024-09-08,22
2024-09-08 23:00:00,0.0,0.0,2024-09-08,23
2024-09-09 00:00:00,0.0,0.0,2024-09-09,0
2024-09-09 01:00:00,0.0,0.0,2024-09-09,1
2024-09-09 02:00:00,0.0,0.0,2024-09-09,2
2024-09-09 03:00:00,0.0,0.0,2024-09-09,3
2024-09-09 04:00:00,0.0,0.0,2024-09-09,4
2024-09-09 05:00:00,0.03448139,0.009965789,2024-09-09,5
2024-09-09 06:00:00,0.2274423,0.2251185,2024-09-09,6
2024-09-09 07:00:00,0.456064,0.4771911,2024-09-09,7
2024-09-09 08:00:00,0.6808628,0.7271698,2024-09-09,8
2024-09-09 09:00:00,0.8295038,0.8931427,2024-09-09,9
2024-09-09 10:00:00,0.9663073,1.045158,2024-09-09,10
2024-09-09 11:00:00,0.9148605,0.9879178,2024-09-09,11
2024-09-09 12:00:00,0.8558716,0.9210128,2024-09-09,12
2024-09-09 13:00:00,0.6880736,0.728871,2024-09-09,13
2024-09-09 14:00:00,0.4917138,0.5073496,2024-09-09,14
2024-09-09 15:00:00,0.4154306,0.4312207,2024-09-09,15
2024-09-09 16:00:00,0.273631,0.2740122,2024-09-09,16
2024-09-09 17:00:00,0.04310197,0.02845111,2024-09-09,17
2024-09-09 18:00:00,0.0,0.0,2024-09-09,18
2024-09-09 19:00:00,0.0,0.0,2024-09-09,19
2024-09-09 20:00:00,0.0,0.0,2024-09-09,20
2024-09-09 21:00:00,0.0,0.0,2024-09-09,21
2024-09-09 22:00:00,0.0,0.0,2024-09-09,22
2024-09-09 23:00:00,0.0,0.0,2024-09-09,23
2024-09-10 00:00:00,0.0,0.0,2024-09-10,0
2024-09-10 01:00:00,0.0,0.0,2024-09-10,1
2024-09-10 02:00:00,0.0,0.0,2024-09-10,2
2024-09-10 03:00:00,0.0,0.0,2024-09-10,3
2024-09-10 04:00:00,0.0,0.0,2024-09-10,4
2024-09-10 05:00:00,0.02801196,0.01506264,2024-09-10,5
2024-09-10 06:00:00,0.2134049,0.2127084,2024-09-10,6
2024-09-10 07:00:00,0.5207711,0.5495222,2024-09-10,7
2024-09-10 08:00:00,0.7862748,0.8444387,2024-09-10,8
2024-09-10 09:00:00,0.9225696,0.9978807,2024-09-10,9
2024-09-10 10:00:00,1.018506,1.105398,2024-09-10,10
2024-09-10 11:00:00,1.05256,1.143559,2024-09-10,11
2024-09-10 12:00:00,0.9964767,1.081326,2024-09-10,12
2024-09-10 13:00:00,0.915942,0.9909183,2024-09-10,13
2024-09-10 14:00:00,0.6859878,0.7358121,2024-09-10,14
2024-09-10 15:00:00,0.3607652,0.3701375,2024-09-10,15
2024-09-10 16:00:00,0.2298008,0.2306262,2024-09-10,16
2024-09-10 17:00:00,0.04047424,0.02682237,2024-09-10,17
2024-09-10 18:00:00,0.0,0.0,2024-09-10,18
2024-09-10 19:00:00,0.0,0.0,2024-09-10,19
2024-09-10 20:00:00,0.0,0.0,2024-09-10,20
2024-09-10 21:00:00,0.0,0.0,2024-09-10,21
2024-09-10 22:00:00,0.0,0.0,2024-09-10,22
2024-09-10 23:00:00,0.0,0.0,2024-09-10,23
2024-09-11 00:00:00,0.0,0.0,2024-09-11,0
2024-09-11 01:00:00,0.0,0.0,2024-09-11,1
2024-09-11 02:00:00,0.0,0.0,2024-09-11,2
2024-09-11 03:00:00,0.0,0.0,2024-09-11,3
2024-09-11 04:00:00,0.0,0.0,2024-09-11,4
2024-09-11 05:00:00,0.02703364,0.01492842,2024-09-11,5
2024-09-11 06:00:00,0.03827941,0.03720241,2024-09-11,6
2024-09-11 07:00:00,0.07391348,0.07188144,2024-09-11,7
2024-09-11 08:00:00,0.07416042,0.07209915,2024-09-11,8
2024-09-11 09:00:00,0.2223818,0.2166659,2024-09-11,9
2024-09-11 10:00:00,0.1623283,0.1579697,2024-09-11,10
2024-09-11 11:00:00,0.1083753,0.1053798,2024-09-11,11
2024-09-11 12:00:00,0.04994525,0.04852632,2024-09-11,12
2024-09-11 13:00:00,0.05617547,0.05458828,2024-09-11,13
2024-09-11 14:00:00,0.0482676,0.04690365,2024-09-11,14
2024-09-11 15:00:00,0.05401448,0.05250546,2024-09-11,15
2024-09-11 16:00:00,0.05407126,0.05257096,2024-09-11,16
2024-09-11 17:00:00,0.01022004,0.009843663,2024-09-11,17
2024-09-11 18:00:00,0.0,0.0,2024-09-11,18
2024-09-11 19:00:00,0.0,0.0,2024-09-11,19
2024-09-11 20:00:00,0.0,0.0,2024-09-11,20
2024-09-11 21:00:00,0.0,0.0,2024-09-11,21
2024-09-11 22:00:00,0.0,0.0,2024-09-11,22
2024-09-11 23:00:00,0.0,0.0,2024-09-11,23
2024-09-12 00:00:00,0.0,0.0,2024-09-12,0
2024-09-12 01:00:00,0.0,0.0,2024-09-12,1
2024-09-12 02:00:00,0.0,0.0,2024-09-12,2
2024-09-12 03:00:00,0.0,0.0,2024-09-12,3
2024-09-12 04:00:00,0.0,0.0,2024-09-12,4
2024-09-12 05:00:00,0.02102219,0.01638572,2024-09-12,5
2024-09-12 06:00:00,0.01945109,0.01889637,2024-09-12,6
2024-09-12 07:00:00,0.0326557,0.03173011,2024-09-12,7
2024-09-12 08:00:00,0.149996,0.1460389,2024-09-12,8
2024-09-12 09:00:00,0.2122767,0.206804,2024-09-12,9
2024-09-12 10:00:00,0.1787021,0.1739549,2024-09-12,10
2024-09-12 11:00:00,0.1492427,0.1452057,2024-09-12,11
2024-09-12 12:00:00,0.119385,0.1161118,2024-09-12,12
2024-09-12 13:00:00,0.007138188,0.006930694,2024-09-12,13
2024-09-12 14:00:00,0.09307576,0.09052189,2024-09-12,14
2024-09-12 15:00:00,0.02130454,0.02069477,2024-09-12,15
2024-09-12 16:00:00,0.03795185,0.0368888,2024-09-12,16
2024-09-12 17:00:00,0.01030031,0.009912957,2024-09-12,17
2024-09-12 18:00:00,0.0,0.0,2024-09-12,18
2024-09-12 19:00:00,0.0,0.0,2024-09-12,19
2024-09-12 20:00:00,0.0,0.0,2024-09-12,20
2024-09-12 21:00:00,0.0,0.0,2024-09-12,21
2024-09-12 22:00:00,0.0,0.0,2024-09-12,22
2024-09-12 23:00:00,0.0,0.0,2024-09-12,23
2024-09-13 00:00:00,0.0,0.0,2024-09-13,0
2024-09-13 01:00:00,0.0,0.0,2024-09-13,1
2024-09-13 02:00:00,0.0,0.0,2024-09-13,2
2024-09-13 03:00:00,0.0,0.0,2024-09-13,3
2024-09-13 04:00:00,0.0,0.0,2024-09-13,4
2024-09-13 05:00:00,0.01939622,0.01584944,2024-09-13,5
2024-09-13 06:00:00,0.1440078,0.1427365,2024-09-13,6
2024-09-13 07:00:00,0.4427383,0.472407,2024-09-13,7
2024-09-13 08:00:00,0.3681596,0.3696287,2024-09-13,8
2024-09-13 09:00:00,0.4895556,0.4978347,2024-09-13,9
2024-09-13 10:00:00,0.6659948,0.700432,2024-09-13,10
2024-09-13 11:00:00,0.9372727,1.024605,2024-09-13,11
2024-09-13 12:00:00,0.7951126,0.859021,2024-09-13,12
2024-09-13 13:00:00,0.7038367,0.7570794,2024-09-13,13
2024-09-13 14:00:00,0.4958491,0.5187433,2024-09-13,14
2024-09-13 15:00:00,0.3262039,0.334223,2024-09-13,15
2024-09-13 16:00:00,0.17789,0.1788776,2024-09-13,16
2024-09-13 17:00:00,0.03491501,0.02169619,2024-09-13,17
2024-09-13 18:00:00,0.0,0.0,2024-09-13,18
2024-09-13 19:00:00,0.0,0.0,2024-09-13,19
2024-09-13 20:00:00,0.0,0.0,2024-09-13,20
2024-09-13 21:00:00,0.0,0.0,2024-09-13,21
2024-09-13 22:00:00,0.0,0.0,2024-09-13,22
2024-09-13 23:00:00,0.0,0.0,2024-09-13,23
2024-09-14 00:00:00,0.0,0.0,2024-09-14,0
2024-09-14 01:00:00,0.0,0.0,2024-09-14,1
2024-09-14 02:00:00,0.0,0.0,2024-09-14,2
2024-09-14 03:00:00,0.0,0.0,2024-09-14,3
2024-09-14 04:00:00,0.0,0.0,2024-09-14,4
2024-09-14 05:00:00,0.02347962,0.01482116,2024-09-14,5
2024-09-14 06:00:00,0.04739332,0.0460938,2024-09-14,6
2024-09-14 07:00:00,0.1534129,0.1496257,2024-09-14,7
2024-09-14 08:00:00,0.3165519,0.3136568,2024-09-14,8
2024-09-14 09:00:00,0.3666064,0.3621487,2024-09-14,9
2024-09-14 10:00:00,0.7760713,0.8385244,2024-09-14,10
2024-09-14 11:00:00,0.9099984,0.9960903,2024-09-14,11
2024-09-14 12:00:00,0.8025672,0.8705881,2024-09-14,12
2024-09-14 13:00:00,0.4972499,0.5071798,2024-09-14,13
2024-09-14 14:00:00,0.4130236,0.421044,2024-09-14,14
2024-09-14 15:00:00,0.1048351,0.1020554,2024-09-14,15
2024-09-14 16:00:00,0.1026903,0.1003469,2024-09-14,16
2024-09-14 17:00:00,0.005054029,0.004883603,2024-09-14,17
2024-09-14 18:00:00,0.0,0.0,2024-09-14,18
2024-09-14 19:00:00,0.0,0.0,2024-09-14,19
2024-09-14 20:00:00,0.0,0.0,2024-09-14,20
2024-09-14 21:00:00,0.0,0.0,2024-09-14,21
2024-09-14 22:00:00,0.0,0.0,2024-09-14,22
2024-09-14 23:00:00,0.0,0.0,2024-09-14,23
2024-09-15 00:00:00,0.0,0.0,2024-09-15,0
2024-09-15 01:00:00,0.0,0.0,2024-09-15,1
2024-09-15 02:00:00,0.0,0.0,2024-09-15,2
2024-09-15 03:00:00,0.0,0.0,2024-09-15,3
2024-09-15 04:00:00,0.0,0.0,2024-09-15,4
2024-09-15 05:00:00,0.02435504,0.01359088,2024-09-15,5
2024-09-15 06:00:00,0.04610324,0.04484511,2024-09-15,6
2024-09-15 07:00:00,0.02779113,0.02700263,2024-09-15,7
2024-09-15 08:00:00,0.05688596,0.05529464,2024-09-15,8
2024-09-15 09:00:00,0.0955516,0.09292262,2024-09-15,9
2024-09-15 10:00:00,0.05392875,0.05240326,2024-09-15,10
2024-09-15 11:00:00,0.1656455,0.161227,2024-09-15,11
2024-09-15 12:00:00,0.263877,0.2572884,2024-09-15,12
2024-09-15 13:00:00,0.2675383,0.2611817,2024-09-15,13
2024-09-15 14:00:00,0.1361457,0.1325488,2024-09-15,14
2024-09-15 15:00:00,0.1540086,0.1502284,2024-09-15,15
2024-09-15 16:00:00,0.05237916,0.05096114,2024-09-15,16
2024-09-15 17:00:00,0.003791346,0.003666648,2024-09-15,17
2024-09-15 18:00:00,0.0,0.0,2024-09-15,18
2024-09-15 19:00:00,0.0,0.0,2024-09-15,19
2024-09-15 20:00:00,0.0,0.0,2024-09-15,20
2024-09-15 21:00:00,0.0,0.0,2024-09-15,21
2024-09-15 22:00:00,0.0,0.0,2024-09-15,22
2024-09-15 23:00:00,0.0,0.0,2024-09-15,23
2024-09-16 00:00:00,0.0,0.0,2024-09-16,0
2024-09-16 01:00:00,0.0,0.0,2024-09-16,1
2024-09-16 02:00:00,0.0,0.0,2024-09-16,2
2024-09-16 03:00:00,0.0,0.0,2024-09-16,3
2024-09-16 04:00:00,0.0,0.0,2024-09-16,4
2024-09-16 05:00:00,0.01869019,0.01492881,2024-09-16,5
2024-09-16 06:00:00,0.07124457,0.06939191,2024-09-16,6
2024-09-16 07:00:00,0.07864141,0.07652088,2024-09-16,7
2024-09-16 08:00:00,0.1349554,0.1313998,2024-09-16,8
2024-09-16 09:00:00,0.3844863,0.3816828,2024-09-16,9
2024-09-16 10:00:00,0.2726236,0.2659158,2024-09-16,10
2024-09-16 11:00:00,0.2644241,0.2577958,2024-09-16,11
2024-09-16 12:00:00,0.2705649,0.2638875,2024-09-16,12
2024-09-16 13:00:00,0.1729985,0.1684751,2024-09-16,13
2024-09-16 14:00:00,0.1188618,0.1156893,2024-09-16,14
2024-09-16 15:00:00,0.1697571,0.1659436,2024-09-16,15
2024-09-16 16:00:00,0.1038504,0.101775,2024-09-16,16
2024-09-16 17:00:00,0.02161907,0.01734325,2024-09-16,17
2024-09-16 18:00:00,0.0,0.0,2024-09-16,18
2024-09-16 19:00:00,0.0,0.0,2024-09-16,19
2024-09-16 20:00:00,0.0,0.0,2024-09-16,20
2024-09-16 21:00:00,0.0,0.0,2024-09-16,21
2024-09-16 22:00:00,0.0,0.0,2024-09-16,22
2024-09-16 23:00:00,0.0,0.0,2024-09-16,23
2024-09-17 00:00:00,0.0,0.0,2024-09-17,0
2024-09-17 01:00:00,0.0,0.0,2024-09-17,1
2024-09-17 02:00:00,0.0,0.0,2024-09-17,2
2024-09-17 03:00:00,0.0,0.0,2024-09-17,3
2024-09-17 04:00:00,0.0,0.0,2024-09-17,4
2024-09-17 05:00:00,0.02766612,0.01145497,2024-09-17,5
2024-09-17 06:00:00,0.1468019,0.1481788,2024-09-17,6
2024-09-17 07:00:00,0.2511742,0.2519488,2024-09-17,7
2024-09-17 08:00:00,0.3629099,0.3658428,2024-09-17,8
2024-09-17 09:00:00,0.5952274,0.6309311,2024-09-17,9
2024-09-17 10:00:00,0.6723034,0.7150609,2024-09-17,10
2024-09-17 11:00:00,0.6301235,0.6579206,2024-09-17,11
2024-09-17 12:00:00,0.5245478,0.5338787,2024-09-17,12
2024-09-17 13:00:00,0.3057245,0.2996221,2024-09-17,13
2024-09-17 14:00:00,0.5324596,0.5721921,2024-09-17,14
2024-09-17 15:00:00,0.3024904,0.311308,2024-09-17,15
2024-09-17 16:00:00,0.06988276,0.06808133,2024-09-17,16
2024-09-17 17:00:00,0.01906806,0.01560723,2024-09-17,17
2024-09-17 18:00:00,0.0,0.0,2024-09-17,18
2024-09-17 19:00:00,0.0,0.0,2024-09-17,19
2024-09-17 20:00:00,0.0,0.0,2024-09-17,20
2024-09-17 21:00:00,0.0,0.0,2024-09-17,21
2024-09-17 22:00:00,0.0,0.0,2024-09-17,22
2024-09-17 23:00:00,0.0,0.0,2024-09-17,23
2024-09-18 00:00:00,0.0,0.0,2024-09-18,0
2024-09-18 01:00:00,0.0,0.0,2024-09-18,1
2024-09-18 02:00:00,0.0,0.0,2024-09-18,2
2024-09-18 03:00:00,0.0,0.0,2024-09-18,3
2024-09-18 04:00:00,0.0,0.0,2024-09-18,4
2024-09-18 05:00:00,0.02533203,0.01446248,2024-09-18,5
2024-09-18 06:00:00,0.1518864,0.1547826,2024-09-18,6
2024-09-18 07:00:00,0.3044626,0.3148177,2024-09-18,7
2024-09-18 08:00:00,0.5226709,0.5620009,2024-09-18,8
2024-09-18 09:00:00,0.7398674,0.8140516,2024-09-18,9
2024-09-18 10:00:00,0.8497066,0.9383352,2024-09-18,10
2024-09-18 11:00:00,0.8578783,0.9454478,2024-09-18,11
2024-09-18 12:00:00,0.6712273,0.7155645,2024-09-18,12
2024-09-18 13:00:00,0.3510134,0.346562,2024-09-18,13
2024-09-18 14:00:00,0.3537659,0.3560856,2024-09-18,14
2024-09-18 15:00:00,0.3448624,0.3649394,2024-09-18,15
2024-09-18 16:00:00,0.1652039,0.1707144,2024-09-18,16
2024-09-18 17:00:00,0.02290132,0.01215586,2024-09-18,17
2024-09-18 18:00:00,0.0,0.0,2024-09-18,18
2024-09-18 19:00:00,0.0,0.0,2024-09-18,19
2024-09-18 20:00:00,0.0,0.0,2024-09-18,20
2024-09-18 21:00:00,0.0,0.0,2024-09-18,21
2024-09-18 22:00:00,0.0,0.0,2024-09-18,22
2024-09-18 23:00:00,0.0,0.0,2024-09-18,23
2024-09-19 00:00:00,0.0,0.0,2024-09-19,0
2024-09-19 01:00:00,0.0,0.0,2024-09-19,1
2024-09-19 02:00:00,0.0,0.0,2024-09-19,2
2024-09-19 03:00:00,0.0,0.0,2024-09-19,3
2024-09-19 04:00:00,0.0,0.0,2024-09-19,4
2024-09-19 05:00:00,0.02930775,0.01725052,2024-09-19,5
2024-09-19 06:00:00,0.1255925,0.1255055,2024-09-19,6
2024-09-19 07:00:00,0.2264011,0.2253869,2024-09-19,7
2024-09-19 08:00:00,0.6026414,0.6642417,2024-09-19,8
2024-09-19 09:00:00,0.6729118,0.7333831,2024-09-19,9
2024-09-19 10:00:00,0.7461711,0.8129911,2024-09-19,10
2024-09-19 11:00:00,0.4502597,0.4487775,2024-09-19,11
2024-09-19 12:00:00,0.7613524,0.8323809,2024-09-19,12
2024-09-19 13:00:00,0.5552942,0.5840915,2024-09-19,13
2024-09-19 14:00:00,0.3890524,0.3978173,2024-09-19,14
2024-09-19 15:00:00,0.3462012,0.3686634,2024-09-19,15
2024-09-19 16:00:00,0.1447159,0.1476171,2024-09-19,16
2024-09-19 17:00:00,0.01297477,0.01160108,2024-09-19,17
2024-09-19 18:00:00,0.0,0.0,2024-09-19,18
2024-09-19 19:00:00,0.0,0.0,2024-09-19,19
2024-09-19 20:00:00,0.0,0.0,2024-09-19,20
2024-09-19 21:00:00,0.0,0.0,2024-09-19,21
2024-09-19 22:00:00,0.0,0.0,2024-09-19,22
2024-09-19 23:00:00,0.0,0.0,2024-09-19,23
2024-09-20 00:00:00,0.0,0.0,2024-09-20,0
2024-09-20 01:00:00,0.0,0.0,2024-09-20,1
2024-09-20 02:00:00,0.0,0.0,2024-09-20,2
2024-09-20 03:00:00,0.0,0.0,2024-09-20,3
2024-09-20 04:00:00,0.0,0.0,2024-09-20,4
2024-09-20 05:00:00,0.02477021,0.02222258,2024-09-20,5
2024-09-20 06:00:00,0.0874123,0.08554862,2024-09-20,6
2024-09-20 07:00:00,0.1419344,0.1384988,2024-09-20,7
2024-09-20 08:00:00,0.231672,0.2266815,2024-09-20,8
2024-09-20 09:00:00,0.415789,0.4175858,2024-09-20,9
2024-09-20 10:00:00,0.4324511,0.4310842,2024-09-20,10
2024-09-20 11:00:00,0.6839445,0.7306759,2024-09-20,11
2024-09-20 12:00:00,0.5606287,0.5800205,2024-09-20,12
2024-09-20 13:00:00,0.6537748,0.7119064,2024-09-20,13
2024-09-20 14:00:00,0.4656245,0.4938157,2024-09-20,14
2024-09-20 15:00:00,0.3693048,0.4004353,2024-09-20,15
2024-09-20 16:00:00,0.1303119,0.1317789,2024-09-20,16
2024-09-20 17:00:00,0.0131663,0.0,2024-09-20,17
2024-09-20 18:00:00,0.0,0.0,2024-09-20,18
2024-09-20 19:00:00,0.0,0.0,2024-09-20,19
2024-09-20 20:00:00,0.0,0.0,2024-09-20,20
2024-09-20 21:00:00,0.0,0.0,2024-09-20,21
2024-09-20 22:00:00,0.0,0.0,2024-09-20,22
2024-09-20 23:00:00,0.0,0.0,2024-09-20,23
2024-09-21 00:00:00,0.0,0.0,2024-09-21,0
2024-09-21 01:00:00,0.0,0.0,2024-09-21,1
2024-09-21 02:00:00,0.0,0.0,2024-09-21,2
2024-09-21 03:00:00,0.0,0.0,2024-09-21,3
2024-09-21 04:00:00,0.0,0.0,2024-09-21,4
2024-09-21 05:00:00,0.02276576,0.02923551,2024-09-21,5
2024-09-21 06:00:00,0.07942545,0.07760793,2024-09-21,6
2024-09-21 07:00:00,0.1355117,0.1322043,2024-09-21,7
2024-09-21 08:00:00,0.4057807,0.4193451,2024-09-21,8
2024-09-21 09:00:00,0.0838312,0.08152499,2024-09-21,9
2024-09-21 10:00:00,0.1248573,0.1214897,2024-09-21,10
2024-09-21 11:00:00,0.4270499,0.4242017,2024-09-21,11
2024-09-21 12:00:00,0.5705068,0.5934004,2024-09-21,12
2024-09-21 13:00:00,0.3054334,0.2998053,2024-09-21,13
2024-09-21 14:00:00,0.1136649,0.110663,2024-09-21,14
2024-09-21 15:00:00,0.03603547,0.03503042,2024-09-21,15
2024-09-21 16:00:00,0.05689616,0.05546215,2024-09-21,16
2024-09-21 17:00:00,0.005318466,0.0,2024-09-21,17
2024-09-21 18:00:00,0.0,0.0,2024-09-21,18
2024-09-21 19:00:00,0.0,0.0,2024-09-21,19
2024-09-21 20:00:00,0.0,0.0,2024-09-21,20
2024-09-21 21:00:00,0.0,0.0,2024-09-21,21
2024-09-21 22:00:00,0.0,0.0,2024-09-21,22
2024-09-21 23:00:00,0.0,0.0,2024-09-21,23
2024-09-22 00:00:00,0.0,0.0,2024-09-22,0
2024-09-22 01:00:00,0.0,0.0,2024-09-22,1
2024-09-22 02:00:00,0.0,0.0,2024-09-22,2
2024-09-22 03:00:00,0.0,0.0,2024-09-22,3
2024-09-22 04:00:00,0.0,0.0,2024-09-22,4
2024-09-22 05:00:00,0.01290005,0.01510343,2024-09-22,5
2024-09-22 06:00:00,0.1682736,0.179612,2024-09-22,6
2024-09-22 07:00:00,0.4792259,0.5399798,2024-09-22,7
2024-09-22 08:00:00,0.7156264,0.8050741,2024-09-22,8
2024-09-22 09:00:00,0.8060525,0.9044358,2024-09-22,9
2024-09-22 10:00:00,0.8394247,0.9373529,2024-09-22,10
2024-09-22 11:00:00,0.9828827,1.103413,2024-09-22,11
2024-09-22 12:00:00,0.9170659,1.02921,2024-09-22,12
2024-09-22 13:00:00,0.8141019,0.9140146,2024-09-22,13
2024-09-22 14:00:00,0.5230983,0.572571,2024-09-22,14
2024-09-22 15:00:00,0.3296058,0.3536754,2024-09-22,15
2024-09-22 16:00:00,0.183709,0.2026504,2024-09-22,16
2024-09-22 17:00:00,0.02334766,0.0,2024-09-22,17
2024-09-22 18:00:00,0.0,0.0,2024-09-22,18
2024-09-22 19:00:00,0.0,0.0,2024-09-22,19
2024-09-22 20:00:00,0.0,0.0,2024-09-22,20
2024-09-22 21:00:00,0.0,0.0,2024-09-22,21
2024-09-22 22:00:00,0.0,0.0,2024-09-22,22
2024-09-22 23:00:00,0.0,0.0,2024-09-22,23
2024-09-23 00:00:00,0.0,0.0,2024-09-23,0
2024-09-23 01:00:00,0.0,0.0,2024-09-23,1
2024-09-23 02:00:00,0.0,0.0,2024-09-23,2
2024-09-23 03:00:00,0.0,0.0,2024-09-23,3
2024-09-23 04:00:00,0.0,0.0,2024-09-23,4
2024-09-23 05:00:00,0.02088165,0.06423897,2024-09-23,5
2024-09-23 06:00:00,0.1758895,0.1913746,2024-09-23,6
2024-09-23 07:00:00,0.3210676,0.3420084,2024-09-23,7
2024-09-23 08:00:00,0.4762465,0.5115206,2024-09-23,8
2024-09-23 09:00:00,0.5000217,0.5195158,2024-09-23,9
2024-09-23 10:00:00,0.5733089,0.5989116,2024-09-23,10
2024-09-23 11:00:00,0.8398471,0.93742,2024-09-23,11
2024-09-23 12:00:00,0.6383536,0.682869,2024-09-23,12
2024-09-23 13:00:00,0.7132513,0.795748,2024-09-23,13
2024-09-23 14:00:00,0.5238845,0.5762271,2024-09-23,14
2024-09-23 15:00:00,0.1978662,0.1961755,2024-09-23,15
2024-09-23 16:00:00,0.1068921,0.1070688,2024-09-23,16
2024-09-23 17:00:00,0.007535659,0.0,2024-09-23,17
2024-09-23 18:00:00,0.0,0.0,2024-09-23,18
2024-09-23 19:00:00,0.0,0.0,2024-09-23,19
2024-09-23 20:00:00,0.0,0.0,2024-09-23,20
2024-09-23 21:00:00,0.0,0.0,2024-09-23,21
2024-09-23 22:00:00,0.0,0.0,2024-09-23,22
2024-09-23 23:00:00,0.0,0.0,2024-09-23,23
2024-09-24 00:00:00,0.0,0.0,2024-09-24,0
2024-09-24 01:00:00,0.0,0.0,2024-09-24,1
2024-09-24 02:00:00,0.0,0.0,2024-09-24,2
2024-09-24 03:00:00,0.0,0.0,2024-09-24,3
2024-09-24 04:00:00,0.0,0.0,2024-09-24,4
2024-09-24 05:00:00,0.01743587,0.0,2024-09-24,5
2024-09-24 06:00:00,0.2166865,0.2488335,2024-09-24,6
2024-09-24 07:00:00,0.4390343,0.4981354,2024-09-24,7
2024-09-24 08:00:00,0.5745475,0.6424076,2024-09-24,8
2024-09-24 09:00:00,0.7684968,0.8658383,2024-09-24,9
2024-09-24 10:00:00,0.914586,1.032444,2024-09-24,10
2024-09-24 11:00:00,0.7563325,0.8334305,2024-09-24,11
2024-09-24 12:00:00,0.5664266,0.5922117,2024-09-24,12
2024-09-24 13:00:00,0.5683643,0.6099363,2024-09-24,13
2024-09-24 14:00:00,0.4649701,0.5009951,2024-09-24,14
2024-09-24 15:00:00,0.3284458,0.3566084,2024-09-24,15
2024-09-24 16:00:00,0.1493386,0.1610307,2024-09-24,16
2024-09-24 17:00:00,0.0160783,0.0,2024-09-24,17
2024-09-24 18:00:00,0.0,0.0,2024-09-24,18
2024-09-24 19:00:00,0.0,0.0,2024-09-24,19
2024-09-24 20:00:00,0.0,0.0,2024-09-24,20
2024-09-24 21:00:00,0.0,0.0,2024-09-24,21
2024-09-24 22:00:00,0.0,0.0,2024-09-24,22
2024-09-24 23:00:00,0.0,0.0,2024-09-24,23
2024-09-25 00:00:00,0.0,0.0,2024-09-25,0
2024-09-25 01:00:00,0.0,0.0,2024-09-25,1
2024-09-25 02:00:00,0.0,0.0,2024-09-25,2
2024-09-25 03:00:00,0.0,0.0,2024-09-25,3
2024-09-25 04:00:00,0.0,0.0,2024-09-25,4
2024-09-25 05:00:00,0.02390718,0.0,2024-09-25,5
2024-09-25 06:00:00,0.2254868,0.2632047,2024-09-25,6
2024-09-25 07:00:00,0.4851542,0.5561985,2024-09-25,7
2024-09-25 08:00:00,0.670603,0.7628874,2024-09-25,8
2024-09-25 09:00:00,0.9003429,1.022474,2024-09-25,9
2024-09-25 10:00:00,0.9475428,1.073445,2024-09-25,10
2024-09-25 11:00:00,0.9846776,1.115173,2024-09-25,11
2024-09-25 12:00:00,0.9824595,1.113904,2024-09-25,12
2024-09-25 13:00:00,0.8248515,0.9357868,2024-09-25,13
2024-09-25 14:00:00,0.6723277,0.7655306,2024-09-25,14
2024-09-25 15:00:00,0.4801399,0.5514092,2024-09-25,15
2024-09-25 16:00:00,0.222309,0.2620756,2024-09-25,16
2024-09-25 17:00:00,0.01483849,0.0,2024-09-25,17
2024-09-25 18:00:00,0.0,0.0,2024-09-25,18
2024-09-25 19:00:00,0.0,0.0,2024-09-25,19
2024-09-25 20:00:00,0.0,0.0,2024-09-25,20
2024-09-25 21:00:00,0.0,0.0,2024-09-25,21
2024-09-25 22:00:00,0.0,0.0,2024-09-25,22
2024-09-25 23:00:00,0.0,0.0,2024-09-25,23
2024-09-26 00:00:00,0.0,0.0,2024-09-26,0
2024-09-26 01:00:00,0.0,0.0,2024-09-26,1
2024-09-26 02:00:00,0.0,0.0,2024-09-26,2
2024-09-26 03:00:00,0.0,0.0,2024-09-26,3
2024-09-26 04:00:00,0.0,0.0,2024-09-26,4
2024-09-26 05:00:00,0.01719169,0.0,2024-09-26,5
2024-09-26 06:00:00,0.1005039,0.09995445,2024-09-26,6
2024-09-26 07:00:00,0.07736029,0.07534573,2024-09-26,7
2024-09-26 08:00:00,0.09336837,0.09088221,2024-09-26,8
2024-09-26 09:00:00,0.1495652,0.1456905,2024-09-26,9
2024-09-26 10:00:00,0.3850308,0.3814711,2024-09-26,10
2024-09-26 11:00:00,0.602538,0.6358117,2024-09-26,11
2024-09-26 12:00:00,0.6981283,0.7681843,2024-09-26,12
2024-09-26 13:00:00,0.4422726,0.4530722,2024-09-26,13
2024-09-26 14:00:00,0.3780775,0.3921609,2024-09-26,14
2024-09-26 15:00:00,0.2928804,0.3132472,2024-09-26,15
2024-09-26 16:00:00,0.1169362,0.1213654,2024-09-26,16
2024-09-26 17:00:00,0.005148663,0.0,2024-09-26,17
2024-09-26 18:00:00,0.0,0.0,2024-09-26,18
2024-09-26 19:00:00,0.0,0.0,2024-09-26,19
2024-09-26 20:00:00,0.0,0.0,2024-09-26,20
2024-09-26 21:00:00,0.0,0.0,2024-09-26,21
2024-09-26 22:00:00,0.0,0.0,2024-09-26,22
2024-09-26 23:00:00,0.0,0.0,2024-09-26,23
2024-09-27 00:00:00,0.0,0.0,2024-09-27,0
2024-09-27 01:00:00,0.0,0.0,2024-09-27,1
2024-09-27 02:00:00,0.0,0.0,2024-09-27,2
2024-09-27 03:00:00,0.0,0.0,2024-09-27,3
2024-09-27 04:00:00,0.0,0.0,2024-09-27,4
2024-09-27 05:00:00,0.01549304,0.0,2024-09-27,5
2024-09-27 06:00:00,0.08351307,0.08211188,2024-09-27,6
2024-09-27 07:00:00,0.2404731,0.2447181,2024-09-27,7
2024-09-27 08:00:00,0.2454181,0.2412568,2024-09-27,8
2024-09-27 09:00:00,0.1760384,0.1715976,2024-09-27,9
2024-09-27 10:00:00,0.1382034,0.1345492,2024-09-27,10
2024-09-27 11:00:00,0.1426401,0.1388676,2024-09-27,11
2024-09-27 12:00:00,0.2639964,0.2577921,2024-09-27,12
2024-09-27 13:00:00,0.4322346,0.4419045,2024-09-27,13
2024-09-27 14:00:00,0.3603093,0.3713041,2024-09-27,14
2024-09-27 15:00:00,0.2165469,0.2188238,2024-09-27,15
2024-09-27 16:00:00,0.06373508,0.06239883,2024-09-27,16
2024-09-27 17:00:00,0.001979818,0.0,2024-09-27,17
2024-09-27 18:00:00,0.0,0.0,2024-09-27,18
2024-09-27 19:00:00,0.0,0.0,2024-09-27,19
2024-09-27 20:00:00,0.0,0.0,2024-09-27,20
2024-09-27 21:00:00,0.0,0.0,2024-09-27,21
2024-09-27 22:00:00,0.0,0.0,2024-09-27,22
2024-09-27 23:00:00,0.0,0.0,2024-09-27,23
2024-09-28 00:00:00,0.0,0.0,2024-09-28,0
2024-09-28 01:00:00,0.0,0.0,2024-09-28,1
2024-09-28 02:00:00,0.0,0.0,2024-09-28,2
2024-09-28 03:00:00,0.0,0.0,2024-09-28,3
2024-09-28 04:00:00,0.0,0.0,2024-09-28,4
2024-09-28 05:00:00,0.01099272,0.0,2024-09-28,5
2024-09-28 06:00:00,0.1084737,0.1094616,2024-09-28,6
2024-09-28 07:00:00,0.2137802,0.2143059,2024-09-28,7
2024-09-28 08:00:00,0.2195065,0.2149469,2024-09-28,8
2024-09-28 09:00:00,0.2924673,0.2871685,2024-09-28,9
2024-09-28 10:00:00,0.2924852,0.286135,2024-09-28,10
2024-09-28 11:00:00,0.4220805,0.4210992,2024-09-28,11
2024-09-28 12:00:00,0.7878011,0.8913219,2024-09-28,12
2024-09-28 13:00:00,0.7375807,0.8415968,2024-09-28,13
2024-09-28 14:00:00,0.4887252,0.5426111,2024-09-28,14
2024-09-28 15:00:00,0.2287971,0.2340761,2024-09-28,15
2024-09-28 16:00:00,0.07899661,0.07827114,2024-09-28,16
2024-09-28 17:00:00,0.003756553,0.0,2024-09-28,17
2024-09-28 18:00:00,0.0,0.0,2024-09-28,18
2024-09-28 19:00:00,0.0,0.0,2024-09-28,19
2024-09-28 20:00:00,0.0,0.0,2024-09-28,20
2024-09-28 21:00:00,0.0,0.0,2024-09-28,21
2024-09-28 22:00:00,0.0,0.0,2024-09-28,22
2024-09-28 23:00:00,0.0,0.0,2024-09-28,23
2024-09-29 00:00:00,0.0,0.0,2024-09-29,0
2024-09-29 01:00:00,0.0,0.0,2024-09-29,1
2024-09-29 02:00:00,0.0,0.0,2024-09-29,2
2024-09-29 03:00:00,0.0,0.0,2024-09-29,3
2024-09-29 04:00:00,0.0,0.0,2024-09-29,4
2024-09-29 05:00:00,0.01696493,0.0,2024-09-29,5
2024-09-29 06:00:00,0.1456738,0.158373,2024-09-29,6
2024-09-29 07:00:00,0.3244979,0.3564431,2024-09-29,7
2024-09-29 08:00:00,0.548066,0.6208326,2024-09-29,8
2024-09-29 09:00:00,0.834608,0.9594212,2024-09-29,9
2024-09-29 10:00:00,0.8491926,0.9702927,2024-09-29,10
2024-09-29 11:00:00,1.042766,1.196304,2024-09-29,11
2024-09-29 12:00:00,1.004105,1.153192,2024-09-29,12
2024-09-29 13:00:00,0.7812279,0.897859,2024-09-29,13
2024-09-29 14:00:00,0.6087182,0.7033884,2024-09-29,14
2024-09-29 15:00:00,0.4179548,0.4908155,2024-09-29,15
2024-09-29 16:00:00,0.1874182,0.2319014,2024-09-29,16
2024-09-29 17:00:00,0.008473017,0.0,2024-09-29,17
2024-09-29 18:00:00,0.0,0.0,2024-09-29,18
2024-09-29 19:00:00,0.0,0.0,2024-09-29,19
2024-09-29 20:00:00,0.0,0.0,2024-09-29,20
2024-09-29 21:00:00,0.0,0.0,2024-09-29,21
2024-09-29 22:00:00,0.0,0.0,2024-09-29,22
2024-09-29 23:00:00,0.0,0.0,2024-09-29,23
2024-09-30 00:00:00,0.0,0.0,2024-09-30,0
2024-09-30 01:00:00,0.0,0.0,2024-09-30,1
2024-09-30 02:00:00,0.0,0.0,2024-09-30,2
2024-09-30 03:00:00,0.0,0.0,2024-09-30,3
2024-09-30 04:00:00,0.0,0.0,2024-09-30,4
2024-09-30 05:00:00,0.01368796,0.0,2024-09-30,5
2024-09-30 06:00:00,0.1302392,0.1379467,2024-09-30,6
2024-09-30 07:00:00,0.2265945,0.2298581,2024-09-30,7
2024-09-30 08:00:00,0.3477282,0.3558736,2024-09-30,8
2024-09-30 09:00:00,0.5889475,0.6469647,2024-09-30,9
2024-09-30 10:00:00,0.771165,0.8741286,2024-09-30,10
2024-09-30 11:00:00,0.9853442,1.132631,2024-09-30,11
2024-09-30 12:00:00,0.9130179,1.050037,2024-09-30,12
2024-09-30 13:00:00,0.79244,0.9142841,2024-09-30,13
2024-09-30 14:00:00,0.5048819,0.5704722,2024-09-30,14
2024-09-30 15:00:00,0.3102368,0.3463929,2024-09-30,15
2024-09-30 16:00:00,0.1353738,0.155537,2024-09-30,16
2024-09-30 17:00:00,0.006795379,0.0,2024-09-30,17
2024-09-30 18:00:00,0.0,0.0,2024-09-30,18
2024-09-30 19:00:00,0.0,0.0,2024-09-30,19
2024-09-30 20:00:00,0.0,0.0,2024-09-30,20
2024-09-30 21:00:00,0.0,0.0,2024-09-30,21
2024-09-30 22:00:00,0.0,0.0,2024-09-30,22
2024-09-30 23:00:00,0.0,0.0,2024-09-30,23
2024-10-01 00:00:00,0.0,0.0,2024-10-01,0
2024-10-01 01:00:00,0.0,0.0,2024-10-01,1
2024-10-01 02:00:00,0.0,0.0,2024-10-01,2
2024-10-01 03:00:00,0.0,0.0,2024-10-01,3
2024-10-01 04:00:00,0.0,0.0,2024-10-01,4
2024-10-01 05:00:00,0.01434437,0.0,2024-10-01,5
2024-10-01 06:00:00,0.02659629,0.02590401,2024-10-01,6
2024-10-01 07:00:00,0.1380213,0.1350056,2024-10-01,7
2024-10-01 08:00:00,0.3705289,0.3847853,2024-10-01,8
2024-10-01 09:00:00,0.6437427,0.7243342,2024-10-01,9
2024-10-01 10:00:00,0.6698209,0.7401974,2024-10-01,10
2024-10-01 11:00:00,0.7812074,0.8852118,2024-10-01,11
2024-10-01 12:00:00,0.6934031,0.7747366,2024-10-01,12
2024-10-01 13:00:00,0.6385839,0.7217731,2024-10-01,13
2024-10-01 14:00:00,0.3581058,0.3730834,2024-10-01,14
2024-10-01 15:00:00,0.1871452,0.1874104,2024-10-01,15
2024-10-01 16:00:00,0.05681371,0.05572025,2024-10-01,16
2024-10-01 17:00:00,0.000926474,0.0,2024-10-01,17
2024-10-01 18:00:00,0.0,0.0,2024-10-01,18
2024-10-01 19:00:00,0.0,0.0,2024-10-01,19
2024-10-01 20:00:00,0.0,0.0,2024-10-01,20
2024-10-01 21:00:00,0.0,0.0,2024-10-01,21
2024-10-01 22:00:00,0.0,0.0,2024-10-01,22
2024-10-01 23:00:00,0.0,0.0,2024-10-01,23
2024-10-02 00:00:00,0.0,0.0,2024-10-02,0
2024-10-02 01:00:00,0.0,0.0,2024-10-02,1
2024-10-02 02:00:00,0.0,0.0,2024-10-02,2
2024-10-02 03:00:00,0.0,0.0,2024-10-02,3
2024-10-02 04:00:00,0.0,0.0,2024-10-02,4
2024-10-02 05:00:00,0.01307156,0.0,2024-10-02,5
2024-10-02 06:00:00,0.09967714,0.100581,2024-10-02,6
2024-10-02 07:00:00,0.1962975,0.1959599,2024-10-02,7
2024-10-02 08:00:00,0.4359066,0.4724579,2024-10-02,8
2024-10-02 09:00:00,0.3301628,0.3272494,2024-10-02,9
2024-10-02 10:00:00,0.1740877,0.1696709,2024-10-02,10
2024-10-02 11:00:00,0.2778322,0.2715465,2024-10-02,11
2024-10-02 12:00:00,0.5806768,0.6232257,2024-10-02,12
2024-10-02 13:00:00,0.3353286,0.333715,2024-10-02,13
2024-10-02 14:00:00,0.3279405,0.336525,2024-10-02,14
2024-10-02 15:00:00,0.08432322,0.08225691,2024-10-02,15
2024-10-02 16:00:00,0.05393806,0.0529006,2024-10-02,16
2024-10-02 17:00:00,0.001692891,0.0,2024-10-02,17
2024-10-02 18:00:00,0.0,0.0,2024-10-02,18
2024-10-02 19:00:00,0.0,0.0,2024-10-02,19
2024-10-02 20:00:00,0.0,0.0,2024-10-02,20
2024-10-02 21:00:00,0.0,0.0,2024-10-02,21
2024-10-02 22:00:00,0.0,0.0,2024-10-02,22
2024-10-02 23:00:00,0.0,0.0,2024-10-02,23
2024-10-03 00:00:00,0.0,0.0,2024-10-03,0
2024-10-03 01:00:00,0.0,0.0,2024-10-03,1
2024-10-03 02:00:00,0.0,0.0,2024-10-03,2
2024-10-03 03:00:00,0.0,0.0,2024-10-03,3
2024-10-03 04:00:00,0.0,0.0,2024-10-03,4
2024-10-03 05:00:00,0.01247246,0.0,2024-10-03,5
2024-10-03 06:00:00,0.08085267,0.0799335,2024-10-03,6
2024-10-03 07:00:00,0.09305417,0.09078166,2024-10-03,7
2024-10-03 08:00:00,0.2073334,0.2029983,2024-10-03,8
2024-10-03 09:00:00,0.2839213,0.2789178,2024-10-03,9
2024-10-03 10:00:00,0.6444203,0.7097371,2024-10-03,10
2024-10-03 11:00:00,0.7790858,0.8882554,2024-10-03,11
2024-10-03 12:00:00,0.5813596,0.6259596,2024-10-03,12
2024-10-03 13:00:00,0.6086101,0.6863374,2024-10-03,13
2024-10-03 14:00:00,0.3310811,0.3413263,2024-10-03,14
2024-10-03 15:00:00,0.2488113,0.2660141,2024-10-03,15
2024-10-03 16:00:00,0.06875658,0.06849006,2024-10-03,16
2024-10-03 17:00:00,0.003128854,0.0,2024-10-03,17
2024-10-03 18:00:00,0.0,0.0,2024-10-03,18
2024-10-03 19:00:00,0.0,0.0,2024-10-03,19
2024-10-03 20:00:00,0.0,0.0,2024-10-03,20
2024-10-03 21:00:00,0.0,0.0,2024-10-03,21
2024-10-03 22:00:00,0.0,0.0,2024-10-03,22
2024-10-03 23:00:00,0.0,0.0,2024-10-03,23
2024-10-04 00:00:00,0.0,0.0,2024-10-04,0
2024-10-04 01:00:00,0.0,0.0,2024-10-04,1
2024-10-04 02:00:00,0.0,0.0,2024-10-04,2
2024-10-04 03:00:00,0.0,0.0,2024-10-04,3
2024-10-04 04:00:00,0.0,0.0,2024-10-04,4
2024-10-04 05:00:00,0.01323848,0.0,2024-10-04,5
2024-10-04 06:00:00,0.147739,0.1693064,2024-10-04,6
2024-10-04 07:00:00,0.3504817,0.4047135,2024-10-04,7
2024-10-04 08:00:00,0.5481067,0.6345863,2024-10-04,8
2024-10-04 09:00:00,0.6429162,0.7310444,2024-10-04,9
2024-10-04 10:00:00,0.7799966,0.8975351,2024-10-04,10
2024-10-04 11:00:00,0.7027872,0.7869046,2024-10-04,11
2024-10-04 12:00:00,0.7743073,0.8923956,2024-10-04,12
2024-10-04 13:00:00,0.7286589,0.8499826,2024-10-04,13
2024-10-04 14:00:00,0.6325366,0.7489392,2024-10-04,14
2024-10-04 15:00:00,0.3981769,0.483385,2024-10-04,15
2024-10-04 16:00:00,0.1478833,0.1920364,2024-10-04,16
2024-10-04 17:00:00,0.004206263,0.0,2024-10-04,17
2024-10-04 18:00:00,0.0,0.0,2024-10-04,18
2024-10-04 19:00:00,0.0,0.0,2024-10-04,19
2024-10-04 20:00:00,0.0,0.0,2024-10-04,20
2024-10-04 21:00:00,0.0,0.0,2024-10-04,21
2024-10-04 22:00:00,0.0,0.0,2024-10-04,22
2024-10-04 23:00:00,0.0,0.0,2024-10-04,23
2024-10-05 00:00:00,0.0,0.0,2024-10-05,0
2024-10-05 01:00:00,0.0,0.0,2024-10-05,1
2024-10-05 02:00:00,0.0,0.0,2024-10-05,2
2024-10-05 03:00:00,0.0,0.0,2024-10-05,3
2024-10-05 04:00:00,0.0,0.0,2024-10-05,4
2024-10-05 05:00:00,0.00816901,0.0,2024-10-05,5
2024-10-05 06:00:00,0.04091348,0.03996616,2024-10-05,6
2024-10-05 07:00:00,0.2417713,0.2515925,2024-10-05,7
2024-10-05 08:00:00,0.2943938,0.2958132,2024-10-05,8
2024-10-05 09:00:00,0.357915,0.358552,2024-10-05,9
2024-10-05 10:00:00,0.6849483,0.7708082,2024-10-05,10
2024-10-05 11:00:00,0.9769804,1.139934,2024-10-05,11
2024-10-05 12:00:00,0.9178609,1.072571,2024-10-05,12
2024-10-05 13:00:00,0.590133,0.6660756,2024-10-05,13
2024-10-05 14:00:00,0.2397119,0.2373219,2024-10-05,14
2024-10-05 15:00:00,0.1499512,0.1481274,2024-10-05,15
2024-10-05 16:00:00,0.1321721,0.1684069,2024-10-05,16
2024-10-05 17:00:00,0.003509349,0.0,2024-10-05,17
2024-10-05 18:00:00,0.0,0.0,2024-10-05,18
2024-10-05 19:00:00,0.0,0.0,2024-10-05,19
2024-10-05 20:00:00,0.0,0.0,2024-10-05,20
2024-10-05 21:00:00,0.0,0.0,2024-10-05,21
2024-10-05 22:00:00,0.0,0.0,2024-10-05,22
2024-10-05 23:00:00,0.0,0.0,2024-10-05,23
2024-10-06 00:00:00,0.0,0.0,2024-10-06,0
2024-10-06 01:00:00,0.0,0.0,2024-10-06,1
2024-10-06 02:00:00,0.0,0.0,2024-10-06,2
2024-10-06 03:00:00,0.0,0.0,2024-10-06,3
2024-10-06 04:00:00,0.0,0.0,2024-10-06,4
2024-10-06 05:00:00,0.01127871,0.0,2024-10-06,5
2024-10-06 06:00:00,0.1961239,0.2560982,2024-10-06,6
2024-10-06 07:00:00,0.4008317,0.4837916,2024-10-06,7
2024-10-06 08:00:00,0.6685369,0.7957945,2024-10-06,8
2024-10-06 09:00:00,0.8280842,0.9747671,2024-10-06,9
2024-10-06 10:00:00,0.9201612,1.077619,2024-10-06,10
2024-10-06 11:00:00,0.9967066,1.166982,2024-10-06,11
2024-10-06 12:00:00,0.88087,1.031808,2024-10-06,12
2024-10-06 13:00:00,0.8186768,0.9659007,2024-10-06,13
2024-10-06 14:00:00,0.644928,0.7711106,2024-10-06,14
2024-10-06 15:00:00,0.3962487,0.4881853,2024-10-06,15
2024-10-06 16:00:00,0.1333716,0.1752306,2024-10-06,16
2024-10-06 17:00:00,0.002659871,0.0,2024-10-06,17
2024-10-06 18:00:00,0.0,0.0,2024-10-06,18
2024-10-06 19:00:00,0.0,0.0,2024-10-06,19
2024-10-06 20:00:00,0.0,0.0,2024-10-06,20
2024-10-06 21:00:00,0.0,0.0,2024-10-06,21
2024-10-06 22:00:00,0.0,0.0,2024-10-06,22
2024-10-06 23:00:00,0.0,0.0,2024-10-06,23
2024-10-07 00:00:00,0.0,0.0,2024-10-07,0
2024-10-07 01:00:00,0.0,0.0,2024-10-07,1
2024-10-07 02:00:00,0.0,0.0,2024-10-07,2
2024-10-07 03:00:00,0.0,0.0,2024-10-07,3
2024-10-07 04:00:00,0.0,0.0,2024-10-07,4
2024-10-07 05:00:00,0.01077544,0.0,2024-10-07,5
2024-10-07 06:00:00,0.188348,0.2467094,2024-10-07,6
2024-10-07 07:00:00,0.3484405,0.4092956,2024-10-07,7
2024-10-07 08:00:00,0.6220864,0.7420691,2024-10-07,8
2024-10-07 09:00:00,0.7768693,0.9163662,2024-10-07,9
2024-10-07 10:00:00,0.8375546,0.9810047,2024-10-07,10
2024-10-07 11:00:00,0.8323306,0.9706559,2024-10-07,11
2024-10-07 12:00:00,0.8823346,1.036872,2024-10-07,12
2024-10-07 13:00:00,0.5940228,0.6773279,2024-10-07,13
2024-10-07 14:00:00,0.5116752,0.6024311,2024-10-07,14
2024-10-07 15:00:00,0.3944526,0.4895289,2024-10-07,15
2024-10-07 16:00:00,0.1588259,0.224739,2024-10-07,16
2024-10-07 17:00:00,0.001899563,0.0,2024-10-07,17
2024-10-07 18:00:00,0.0,0.0,2024-10-07,18
2024-10-07 19:00:00,0.0,0.0,2024-10-07,19
2024-10-07 20:00:00,0.0,0.0,2024-10-07,20
2024-10-07 21:00:00,0.0,0.0,2024-10-07,21
2024-10-07 22:00:00,0.0,0.0,2024-10-07,22
2024-10-07 23:00:00,0.0,0.0,2024-10-07,23
2024-10-08 00:00:00,0.0,0.0,2024-10-08,0
2024-10-08 01:00:00,0.0,0.0,2024-10-08,1
2024-10-08 02:00:00,0.0,0.0,2024-10-08,2
2024-10-08 03:00:00,0.0,0.0,2024-10-08,3
2024-10-08 04:00:00,0.0,0.0,2024-10-08,4
2024-10-08 05:00:00,0.009228868,0.0,2024-10-08,5
2024-10-08 06:00:00,0.1441428,0.1711314,2024-10-08,6
2024-10-08 07:00:00,0.3300117,0.3834375,2024-10-08,7
2024-10-08 08:00:00,0.5265765,0.6155295,2024-10-08,8
2024-10-08 09:00:00,0.7815402,0.9252436,2024-10-08,9
2024-10-08 10:00:00,0.7914856,0.9250032,2024-10-08,10
2024-10-08 11:00:00,0.823132,0.9619445,2024-10-08,11
2024-10-08 12:00:00,0.6889159,0.7881909,2024-10-08,12
2024-10-08 13:00:00,0.648082,0.756673,2024-10-08,13
2024-10-08 14:00:00,0.4850998,0.5675485,2024-10-08,14
2024-10-08 15:00:00,0.3027093,0.3595278,2024-10-08,15
2024-10-08 16:00:00,0.1435451,0.20424,2024-10-08,16
2024-10-08 17:00:00,0.001771238,0.0,2024-10-08,17
2024-10-08 18:00:00,0.0,0.0,2024-10-08,18
2024-10-08 19:00:00,0.0,0.0,2024-10-08,19
2024-10-08 20:00:00,0.0,0.0,2024-10-08,20
2024-10-08 21:00:00,0.0,0.0,2024-10-08,21
2024-10-08 22:00:00,0.0,0.0,2024-10-08,22
2024-10-08 23:00:00,0.0,0.0,2024-10-08,23
2024-10-09 00:00:00,0.0,0.0,2024-10-09,0
2024-10-09 01:00:00,0.0,0.0,2024-10-09,1
2024-10-09 02:00:00,0.0,0.0,2024-10-09,2
2024-10-09 03:00:00,0.0,0.0,2024-10-09,3
2024-10-09 04:00:00,0.0,0.0,2024-10-09,4
2024-10-09 05:00:00,0.01153158,0.0,2024-10-09,5
2024-10-09 06:00:00,0.2102203,0.2885979,2024-10-09,6
2024-10-09 07:00:00,0.3661603,0.4419934,2024-10-09,7
2024-10-09 08:00:00,0.4749945,0.5425535,2024-10-09,8
2024-10-09 09:00:00,0.6491036,0.7535958,2024-10-09,9
2024-10-09 10:00:00,0.8355275,0.9848548,2024-10-09,10
2024-10-09 11:00:00,0.8927327,1.05253,2024-10-09,11
2024-10-09 12:00:00,0.7764708,0.911361,2024-10-09,12
2024-10-09 13:00:00,0.7374665,0.8777122,2024-10-09,13
2024-10-09 14:00:00,0.6187952,0.7497936,2024-10-09,14
2024-10-09 15:00:00,0.3926769,0.4945512,2024-10-09,15
2024-10-09 16:00:00,0.1479027,0.2169928,2024-10-09,16
2024-10-09 17:00:00,0.001384429,0.0,2024-10-09,17
2024-10-09 18:00:00,0.0,0.0,2024-10-09,18
2024-10-09 19:00:00,0.0,0.0,2024-10-09,19
2024-10-09 20:00:00,0.0,0.0,2024-10-09,20
2024-10-09 21:00:00,0.0,0.0,2024-10-09,21
2024-10-09 22:00:00,0.0,0.0,2024-10-09,22
2024-10-09 23:00:00,0.0,0.0,2024-10-09,23
2024-10-10 00:00:00,0.0,0.0,2024-10-10,0
2024-10-10 01:00:00,0.0,0.0,2024-10-10,1
2024-10-10 02:00:00,0.0,0.0,2024-10-10,2
2024-10-10 03:00:00,0.0,0.0,2024-10-10,3
2024-10-10 04:00:00,0.0,0.0,2024-10-10,4
2024-10-10 05:00:00,0.006601116,0.0,2024-10-10,5
2024-10-10 06:00:00,0.1060422,0.1128223,2024-10-10,6
2024-10-10 07:00:00,0.1905274,0.1917918,2024-10-10,7
2024-10-10 08:00:00,0.3744943,0.3994083,2024-10-10,8
2024-10-10 09:00:00,0.4205358,0.4360243,2024-10-10,9
2024-10-10 10:00:00,0.209469,0.2044834,2024-10-10,10
2024-10-10 11:00:00,0.3817323,0.3807001,2024-10-10,11
2024-10-10 12:00:00,0.6528481,0.7425069,2024-10-10,12
2024-10-10 13:00:00,0.7561169,0.9038703,2024-10-10,13
2024-10-10 14:00:00,0.518572,0.6226388,2024-10-10,14
2024-10-10 15:00:00,0.2899694,0.345993,2024-10-10,15
2024-10-10 16:00:00,0.1184372,0.1658237,2024-10-10,16
2024-10-10 17:00:00,0.000878318,0.0,2024-10-10,17
2024-10-10 18:00:00,0.0,0.0,2024-10-10,18
2024-10-10 19:00:00,0.0,0.0,2024-10-10,19
2024-10-10 20:00:00,0.0,0.0,2024-10-10,20
2024-10-10 21:00:00,0.0,0.0,2024-10-10,21
2024-10-10 22:00:00,0.0,0.0,2024-10-10,22
2024-10-10 23:00:00,0.0,0.0,2024-10-10,23
2024-10-11 00:00:00,0.0,0.0,2024-10-11,0
2024-10-11 01:00:00,0.0,0.0,2024-10-11,1
2024-10-11 02:00:00,0.0,0.0,2024-10-11,2
2024-10-11 03:00:00,0.0,0.0,2024-10-11,3
2024-10-11 04:00:00,0.0,0.0,2024-10-11,4
2024-10-11 05:00:00,0.006353056,0.0,2024-10-11,5
2024-10-11 06:00:00,0.130813,0.153621,2024-10-11,6
2024-10-11 07:00:00,0.3491195,0.4213558,2024-10-11,7
2024-10-11 08:00:00,0.508871,0.5981312,2024-10-11,8
2024-10-11 09:00:00,0.6669793,0.7846664,2024-10-11,9
2024-10-11 10:00:00,0.7565441,0.8874894,2024-10-11,10
2024-10-11 11:00:00,0.6744478,0.7651452,2024-10-11,11
2024-10-11 12:00:00,0.8802562,1.047804,2024-10-11,12
2024-10-11 13:00:00,0.7809504,0.9377064,2024-10-11,13
2024-10-11 14:00:00,0.6064487,0.7415941,2024-10-11,14
2024-10-11 15:00:00,0.3526957,0.4477636,2024-10-11,15
2024-10-11 16:00:00,0.1055909,0.1431996,2024-10-11,16
2024-10-11 17:00:00,0.000583856,0.0,2024-10-11,17
2024-10-11 18:00:00,0.0,0.0,2024-10-11,18
2024-10-11 19:00:00,0.0,0.0,2024-10-11,19
2024-10-11 20:00:00,0.0,0.0,2024-10-11,20
2024-10-11 21:00:00,0.0,0.0,2024-10-11,21
2024-10-11 22:00:00,0.0,0.0,2024-10-11,22
2024-10-11 23:00:00,0.0,0.0,2024-10-11,23
2024-10-12 00:00:00,0.0,0.0,2024-10-12,0
2024-10-12 01:00:00,0.0,0.0,2024-10-12,1
2024-10-12 02:00:00,0.0,0.0,2024-10-12,2
2024-10-12 03:00:00,0.0,0.0,2024-10-12,3
2024-10-12 04:00:00,0.0,0.0,2024-10-12,4
2024-10-12 05:00:00,0.00663254,0.0,2024-10-12,5
2024-10-12 06:00:00,0.1481894,0.1885519,2024-10-12,6
2024-10-12 07:00:00,0.3845204,0.4791499,2024-10-12,7
2024-10-12 08:00:00,0.554185,0.6670237,2024-10-12,8
2024-10-12 09:00:00,0.7028372,0.8371223,2024-10-12,9
2024-10-12 10:00:00,0.6896052,0.7963296,2024-10-12,10
2024-10-12 11:00:00,0.8633459,1.026174,2024-10-12,11
2024-10-12 12:00:00,0.7605981,0.9000469,2024-10-12,12
2024-10-12 13:00:00,0.5557576,0.6361013,2024-10-12,13
2024-10-12 14:00:00,0.482185,0.5768007,2024-10-12,14
2024-10-12 15:00:00,0.3300963,0.4178922,2024-10-12,15
2024-10-12 16:00:00,0.09574214,0.1262094,2024-10-12,16
2024-10-12 17:00:00,0.000293901,0.0,2024-10-12,17
2024-10-12 18:00:00,0.0,0.0,2024-10-12,18
2024-10-12 19:00:00,0.0,0.0,2024-10-12,19
2024-10-12 20:00:00,0.0,0.0,2024-10-12,20
2024-10-12 21:00:00,0.0,0.0,2024-10-12,21
2024-10-12 22:00:00,0.0,0.0,2024-10-12,22
2024-10-12 23:00:00,0.0,0.0,2024-10-12,23
2024-10-13 00:00:00,0.0,0.0,2024-10-13,0
2024-10-13 01:00:00,0.0,0.0,2024-10-13,1
2024-10-13 02:00:00,0.0,0.0,2024-10-13,2
2024-10-13 03:00:00,0.0,0.0,2024-10-13,3
2024-10-13 04:00:00,0.0,0.0,2024-10-13,4
2024-10-13 05:00:00,0.005548292,0.0,2024-10-13,5
2024-10-13 06:00:00,0.09397733,0.09823864,2024-10-13,6
2024-10-13 07:00:00,0.2027993,0.2076216,2024-10-13,7
2024-10-13 08:00:00,0.3623832,0.3864334,2024-10-13,8
2024-10-13 09:00:00,0.6462482,0.7612846,2024-10-13,9
2024-10-13 10:00:00,0.5049101,0.5352926,2024-10-13,10
2024-10-13 11:00:00,0.558289,0.6035013,2024-10-13,11
2024-10-13 12:00:00,0.6048467,0.6807203,2024-10-13,12
2024-10-13 13:00:00,0.414739,0.4367561,2024-10-13,13
2024-10-13 14:00:00,0.5506011,0.6774249,2024-10-13,14
2024-10-13 15:00:00,0.300022,0.373531,2024-10-13,15
2024-10-13 16:00:00,0.09527887,0.1298783,2024-10-13,16
2024-10-13 17:00:00,0.000161104,0.0,2024-10-13,17
2024-10-13 18:00:00,0.0,0.0,2024-10-13,18
2024-10-13 19:00:00,0.0,0.0,2024-10-13,19
2024-10-13 20:00:00,0.0,0.0,2024-10-13,20
2024-10-13 21:00:00,0.0,0.0,2024-10-13,21
2024-10-13 22:00:00,0.0,0.0,2024-10-13,22
2024-10-13 23:00:00,0.0,0.0,2024-10-13,23
2024-10-14 00:00:00,0.0,0.0,2024-10-14,0
2024-10-14 01:00:00,0.0,0.0,2024-10-14,1
2024-10-14 02:00:00,0.0,0.0,2024-10-14,2
2024-10-14 03:00:00,0.0,0.0,2024-10-14,3
2024-10-14 04:00:00,0.0,0.0,2024-10-14,4
2024-10-14 05:00:00,0.009481527,0.0,2024-10-14,5
2024-10-14 06:00:00,0.1539738,0.2063771,2024-10-14,6
2024-10-14 07:00:00,0.3795896,0.4782483,2024-10-14,7
2024-10-14 08:00:00,0.6257361,0.7691539,2024-10-14,8
2024-10-14 09:00:00,0.7753088,0.9367855,2024-10-14,9
2024-10-14 10:00:00,0.8488086,1.017417,2024-10-14,10
2024-10-14 11:00:00,0.5355061,0.5736337,2024-10-14,11
2024-10-14 12:00:00,0.4780476,0.504037,2024-10-14,12
2024-10-14 13:00:00,0.3039201,0.3031643,2024-10-14,13
2024-10-14 14:00:00,0.4566608,0.5449381,2024-10-14,14
2024-10-14 15:00:00,0.3659945,0.478125,2024-10-14,15
2024-10-14 16:00:00,0.1120208,0.1753523,2024-10-14,16
2024-10-14 17:00:00,4.42466e-05,0.0,2024-10-14,17
2024-10-14 18:00:00,0.0,0.0,2024-10-14,18
2024-10-14 19:00:00,0.0,0.0,2024-10-14,19
2024-10-14 20:00:00,0.0,0.0,2024-10-14,20
2024-10-14 21:00:00,0.0,0.0,2024-10-14,21
2024-10-14 22:00:00,0.0,0.0,2024-10-14,22
2024-10-14 23:00:00,0.0,0.0,2024-10-14,23
2024-10-15 00:00:00,0.0,0.0,2024-10-15,0
2024-10-15 01:00:00,0.0,0.0,2024-10-15,1
2024-10-15 02:00:00,0.0,0.0,2024-10-15,2
2024-10-15 03:00:00,0.0,0.0,2024-10-15,3
2024-10-15 04:00:00,0.0,0.0,2024-10-15,4
2024-10-15 05:00:00,0.00670764,0.0,2024-10-15,5
2024-10-15 06:00:00,0.1184647,0.1388591,2024-10-15,6
2024-10-15 07:00:00,0.2374753,0.2550758,2024-10-15,7
2024-10-15 08:00:00,0.5056415,0.6048372,2024-10-15,8
2024-10-15 09:00:00,0.6685564,0.799217,2024-10-15,9
2024-10-15 10:00:00,0.6639007,0.7673459,2024-10-15,10
2024-10-15 11:00:00,0.8156096,0.974736,2024-10-15,11
2024-10-15 12:00:00,0.8839221,1.06603,2024-10-15,12
2024-10-15 13:00:00,0.7769061,0.94687,2024-10-15,13
2024-10-15 14:00:00,0.567329,0.7062772,2024-10-15,14
2024-10-15 15:00:00,0.3525341,0.4633418,2024-10-15,15
2024-10-15 16:00:00,0.100772,0.1546264,2024-10-15,16
2024-10-15 17:00:00,9.75141e-06,0.0,2024-10-15,17
2024-10-15 18:00:00,0.0,0.0,2024-10-15,18
2024-10-15 19:00:00,0.0,0.0,2024-10-15,19
2024-10-15 20:00:00,0.0,0.0,2024-10-15,20
2024-10-15 21:00:00,0.0,0.0,2024-10-15,21
2024-10-15 22:00:00,0.0,0.0,2024-10-15,22
2024-10-15 23:00:00,0.0,0.0,2024-10-15,23
2024-10-16 00:00:00,0.0,0.0,2024-10-16,0
2024-10-16 01:00:00,0.0,0.0,2024-10-16,1
2024-10-16 02:00:00,0.0,0.0,2024-10-16,2
2024-10-16 03:00:00,0.0,0.0,2024-10-16,3
2024-10-16 04:00:00,0.0,0.0,2024-10-16,4
2024-10-16 05:00:00,0.006249721,0.0,2024-10-16,5
2024-10-16 06:00:00,0.0969163,0.1045407,2024-10-16,6
2024-10-16 07:00:00,0.3637555,0.4601523,2024-10-16,7
2024-10-16 08:00:00,0.2714951,0.2736541,2024-10-16,8
2024-10-16 09:00:00,0.4250851,0.4476739,2024-10-16,9
2024-10-16 10:00:00,0.4269026,0.4379458,2024-10-16,10
2024-10-16 11:00:00,0.5028973,0.5322182,2024-10-16,11
2024-10-16 12:00:00,0.6586254,0.7683448,2024-10-16,12
2024-10-16 13:00:00,0.4997671,0.5629831,2024-10-16,13
2024-10-16 14:00:00,0.3410135,0.3723482,2024-10-16,14
2024-10-16 15:00:00,0.1254958,0.1242332,2024-10-16,15
2024-10-16 16:00:00,0.0615221,0.06938862,2024-10-16,16
2024-10-16 17:00:00,0.0,0.0,2024-10-16,17
2024-10-16 18:00:00,0.0,0.0,2024-10-16,18
2024-10-16 19:00:00,0.0,0.0,2024-10-16,19
2024-10-16 20:00:00,0.0,0.0,2024-10-16,20
2024-10-16 21:00:00,0.0,0.0,2024-10-16,21
2024-10-16 22:00:00,0.0,0.0,2024-10-16,22
2024-10-16 23:00:00,0.0,0.0,2024-10-16,23
2024-10-17 00:00:00,0.0,0.0,2024-10-17,0
2024-10-17 01:00:00,0.0,0.0,2024-10-17,1
2024-10-17 02:00:00,0.0,0.0,2024-10-17,2
2024-10-17 03:00:00,0.0,0.0,2024-10-17,3
2024-10-17 04:00:00,0.0,0.0,2024-10-17,4
2024-10-17 05:00:00,0.0061555,0.0,2024-10-17,5
2024-10-17 06:00:00,0.1548635,0.2191415,2024-10-17,6
2024-10-17 07:00:00,0.2183628,0.230419,2024-10-17,7
2024-10-17 08:00:00,0.3860518,0.4258534,2024-10-17,8
2024-10-17 09:00:00,0.4717315,0.5133308,2024-10-17,9
2024-10-17 10:00:00,0.7146997,0.8473747,2024-10-17,10
2024-10-17 11:00:00,0.7232029,0.8531805,2024-10-17,11
2024-10-17 12:00:00,0.6907333,0.8185356,2024-10-17,12
2024-10-17 13:00:00,0.6777373,0.8277433,2024-10-17,13
2024-10-17 14:00:00,0.4505643,0.5456862,2024-10-17,14
2024-10-17 15:00:00,0.2750325,0.3462124,2024-10-17,15
2024-10-17 16:00:00,0.08106773,0.115463,2024-10-17,16
2024-10-17 17:00:00,0.0,0.0,2024-10-17,17
2024-10-17 18:00:00,0.0,0.0,2024-10-17,18
2024-10-17 19:00:00,0.0,0.0,2024-10-17,19
2024-10-17 20:00:00,0.0,0.0,2024-10-17,20
2024-10-17 21:00:00,0.0,0.0,2024-10-17,21
2024-10-17 22:00:00,0.0,0.0,2024-10-17,22
2024-10-17 23:00:00,0.0,0.0,2024-10-17,23
2024-10-18 00:00:00,0.0,0.0,2024-10-18,0
2024-10-18 01:00:00,0.0,0.0,2024-10-18,1
2024-10-18 02:00:00,0.0,0.0,2024-10-18,2
2024-10-18 03:00:00,0.0,0.0,2024-10-18,3
2024-10-18 04:00:00,0.0,0.0,2024-10-18,4
2024-10-18 05:00:00,0.005734782,0.0,2024-10-18,5
2024-10-18 06:00:00,0.06161337,0.06113838,2024-10-18,6
2024-10-18 07:00:00,0.2177537,0.2304559,2024-10-18,7
2024-10-18 08:00:00,0.5137064,0.6262395,2024-10-18,8
2024-10-18 09:00:00,0.8135489,0.9977958,2024-10-18,9
2024-10-18 10:00:00,0.8298554,1.006549,2024-10-18,10
2024-10-18 11:00:00,0.9256669,1.122661,2024-10-18,11
2024-10-18 12:00:00,0.8743924,1.064614,2024-10-18,12
2024-10-18 13:00:00,0.6408683,0.780292,2024-10-18,13
2024-10-18 14:00:00,0.5131158,0.6437469,2024-10-18,14
2024-10-18 15:00:00,0.3313531,0.4442828,2024-10-18,15
2024-10-18 16:00:00,0.112652,0.2028128,2024-10-18,16
2024-10-18 17:00:00,0.0,0.0,2024-10-18,17
2024-10-18 18:00:00,0.0,0.0,2024-10-18,18
2024-10-18 19:00:00,0.0,0.0,2024-10-18,19
2024-10-18 20:00:00,0.0,0.0,2024-10-18,20
2024-10-18 21:00:00,0.0,0.0,2024-10-18,21
2024-10-18 22:00:00,0.0,0.0,2024-10-18,22
2024-10-18 23:00:00,0.0,0.0,2024-10-18,23
2024-10-19 00:00:00,0.0,0.0,2024-10-19,0
2024-10-19 01:00:00,0.0,0.0,2024-10-19,1
2024-10-19 02:00:00,0.0,0.0,2024-10-19,2
2024-10-19 03:00:00,0.0,0.0,2024-10-19,3
2024-10-19 04:00:00,0.0,0.0,2024-10-19,4
2024-10-19 05:00:00,0.00561921,0.0,2024-10-19,5
2024-10-19 06:00:00,0.1220193,0.1544923,2024-10-19,6
2024-10-19 07:00:00,0.3704042,0.4808514,2024-10-19,7
2024-10-19 08:00:00,0.3386133,0.3605696,2024-10-19,8
2024-10-19 09:00:00,0.4521746,0.4885463,2024-10-19,9
2024-10-19 10:00:00,0.7647982,0.9242141,2024-10-19,10
2024-10-19 11:00:00,0.5635775,0.6219645,2024-10-19,11
2024-10-19 12:00:00,0.602358,0.6925923,2024-10-19,12
2024-10-19 13:00:00,0.552885,0.6525201,2024-10-19,13
2024-10-19 14:00:00,0.3116602,0.3349113,2024-10-19,14
2024-10-19 15:00:00,0.05802334,0.05668648,2024-10-19,15
2024-10-19 16:00:00,0.02331951,0.02302887,2024-10-19,16
2024-10-19 17:00:00,0.0,0.0,2024-10-19,17
2024-10-19 18:00:00,0.0,0.0,2024-10-19,18
2024-10-19 19:00:00,0.0,0.0,2024-10-19,19
2024-10-19 20:00:00,0.0,0.0,2024-10-19,20
2024-10-19 21:00:00,0.0,0.0,2024-10-19,21
2024-10-19 22:00:00,0.0,0.0,2024-10-19,22
2024-10-19 23:00:00,0.0,0.0,2024-10-19,23
2024-10-20 00:00:00,0.0,0.0,2024-10-20,0
2024-10-20 01:00:00,0.0,0.0,2024-10-20,1
2024-10-20 02:00:00,0.0,0.0,2024-10-20,2
2024-10-20 03:00:00,0.0,0.0,2024-10-20,3
2024-10-20 04:00:00,0.0,0.0,2024-10-20,4
2024-10-20 05:00:00,0.004172017,0.0,2024-10-20,5
2024-10-20 06:00:00,0.08271684,0.08705265,2024-10-20,6
2024-10-20 07:00:00,0.1487559,0.1475834,2024-10-20,7
2024-10-20 08:00:00,0.3188358,0.3347599,2024-10-20,8
2024-10-20 09:00:00,0.3601863,0.3682477,2024-10-20,9
2024-10-20 10:00:00,0.3879496,0.3934314,2024-10-20,10
2024-10-20 11:00:00,0.5977365,0.6746218,2024-10-20,11
2024-10-20 12:00:00,0.6724269,0.8012145,2024-10-20,12
2024-10-20 13:00:00,0.6713867,0.829407,2024-10-20,13
2024-10-20 14:00:00,0.3786923,0.4393367,2024-10-20,14
2024-10-20 15:00:00,0.2824964,0.3715702,2024-10-20,15
2024-10-20 16:00:00,0.05879986,0.07300976,2024-10-20,16
2024-10-20 17:00:00,0.0,0.0,2024-10-20,17
2024-10-20 18:00:00,0.0,0.0,2024-10-20,18
2024-10-20 19:00:00,0.0,0.0,2024-10-20,19
2024-10-20 20:00:00,0.0,0.0,2024-10-20,20
2024-10-20 21:00:00,0.0,0.0,2024-10-20,21
2024-10-20 22:00:00,0.0,0.0,2024-10-20,22
2024-10-20 23:00:00,0.0,0.0,2024-10-20,23
2024-10-21 00:00:00,0.0,0.0,2024-10-21,0
2024-10-21 01:00:00,0.0,0.0,2024-10-21,1
2024-10-21 02:00:00,0.0,0.0,2024-10-21,2
2024-10-21 03:00:00,0.0,0.0,2024-10-21,3
2024-10-21 04:00:00,0.0,0.0,2024-10-21,4
2024-10-21 05:00:00,0.005207666,0.0,2024-10-21,5
2024-10-21 06:00:00,0.07411341,0.07616238,2024-10-21,6
2024-10-21 07:00:00,0.3031344,0.373035,2024-10-21,7
2024-10-21 08:00:00,0.2718304,0.2761301,2024-10-21,8
2024-10-21 09:00:00,0.6721875,0.8234475,2024-10-21,9
2024-10-21 10:00:00,0.8178828,1.000891,2024-10-21,10
2024-10-21 11:00:00,0.8203321,1.000386,2024-10-21,11
2024-10-21 12:00:00,0.3614034,0.3645514,2024-10-21,12
2024-10-21 13:00:00,0.3966261,0.422497,2024-10-21,13
2024-10-21 14:00:00,0.378112,0.4410905,2024-10-21,14
2024-10-21 15:00:00,0.2844454,0.3792446,2024-10-21,15
2024-10-21 16:00:00,0.09192992,0.1733242,2024-10-21,16
2024-10-21 17:00:00,0.0,0.0,2024-10-21,17
2024-10-21 18:00:00,0.0,0.0,2024-10-21,18
2024-10-21 19:00:00,0.0,0.0,2024-10-21,19
2024-10-21 20:00:00,0.0,0.0,2024-10-21,20
2024-10-21 21:00:00,0.0,0.0,2024-10-21,21
2024-10-21 22:00:00,0.0,0.0,2024-10-21,22
2024-10-21 23:00:00,0.0,0.0,2024-10-21,23
2024-10-22 00:00:00,0.0,0.0,2024-10-22,0
2024-10-22 01:00:00,0.0,0.0,2024-10-22,1
2024-10-22 02:00:00,0.0,0.0,2024-10-22,2
2024-10-22 03:00:00,0.0,0.0,2024-10-22,3
2024-10-22 04:00:00,0.0,0.0,2024-10-22,4
2024-10-22 05:00:00,0.005459876,0.0,2024-10-22,5
2024-10-22 06:00:00,0.1575291,0.2462557,2024-10-22,6
2024-10-22 07:00:00,0.3901025,0.5215641,2024-10-22,7
2024-10-22 08:00:00,0.5945827,0.7549563,2024-10-22,8
2024-10-22 09:00:00,0.7567952,0.939349,2024-10-22,9
2024-10-22 10:00:00,0.7408779,0.9005681,2024-10-22,10
2024-10-22 11:00:00,0.732168,0.8819495,2024-10-22,11
2024-10-22 12:00:00,0.711549,0.8649095,2024-10-22,12
2024-10-22 13:00:00,0.751099,0.9391196,2024-10-22,13
2024-10-22 14:00:00,0.5749632,0.7412116,2024-10-22,14
2024-10-22 15:00:00,0.3398902,0.4725835,2024-10-22,15
2024-10-22 16:00:00,0.09138257,0.1793754,2024-10-22,16
2024-10-22 17:00:00,0.0,0.0,2024-10-22,17
2024-10-22 18:00:00,0.0,0.0,2024-10-22,18
2024-10-22 19:00:00,0.0,0.0,2024-10-22,19
2024-10-22 20:00:00,0.0,0.0,2024-10-22,20
2024-10-22 21:00:00,0.0,0.0,2024-10-22,21
2024-10-22 22:00:00,0.0,0.0,2024-10-22,22
2024-10-22 23:00:00,0.0,0.0,2024-10-22,23
2024-10-23 00:00:00,0.0,0.0,2024-10-23,0
2024-10-23 01:00:00,0.0,0.0,2024-10-23,1
2024-10-23 02:00:00,0.0,0.0,2024-10-23,2
2024-10-23 03:00:00,0.0,0.0,2024-10-23,3
2024-10-23 04:00:00,0.0,0.0,2024-10-23,4
2024-10-23 05:00:00,0.004366947,0.0,2024-10-23,5
2024-10-23 06:00:00,0.1479507,0.2290406,2024-10-23,6
2024-10-23 07:00:00,0.2622133,0.3064161,2024-10-23,7
2024-10-23 08:00:00,0.4201197,0.4911485,2024-10-23,8
2024-10-23 09:00:00,0.6437054,0.7886293,2024-10-23,9
2024-10-23 10:00:00,0.7019134,0.8474551,2024-10-23,10
2024-10-23 11:00:00,0.5527967,0.6139614,2024-10-23,11
2024-10-23 12:00:00,0.5765674,0.6636665,2024-10-23,12
2024-10-23 13:00:00,0.3756072,0.3962655,2024-10-23,13
2024-10-23 14:00:00,0.4068725,0.494768,2024-10-23,14
2024-10-23 15:00:00,0.2168996,0.2607845,2024-10-23,15
2024-10-23 16:00:00,0.0456739,0.05254819,2024-10-23,16
2024-10-23 17:00:00,0.0,0.0,2024-10-23,17
2024-10-23 18:00:00,0.0,0.0,2024-10-23,18
2024-10-23 19:00:00,0.0,0.0,2024-10-23,19
2024-10-23 20:00:00,0.0,0.0,2024-10-23,20
2024-10-23 21:00:00,0.0,0.0,2024-10-23,21
2024-10-23 22:00:00,0.0,0.0,2024-10-23,22
2024-10-23 23:00:00,0.0,0.0,2024-10-23,23
2024-10-24 00:00:00,0.0,0.0,2024-10-24,0
2024-10-24 01:00:00,0.0,0.0,2024-10-24,1
2024-10-24 02:00:00,0.0,0.0,2024-10-24,2
2024-10-24 03:00:00,0.0,0.0,2024-10-24,3
2024-10-24 04:00:00,0.0,0.0,2024-10-24,4
2024-10-24 05:00:00,0.003546881,0.0,2024-10-24,5
2024-10-24 06:00:00,0.0903278,0.1025808,2024-10-24,6
2024-10-24 07:00:00,0.2163129,0.2344249,2024-10-24,7
2024-10-24 08:00:00,0.41311,0.4821436,2024-10-24,8
2024-10-24 09:00:00,0.5588454,0.6611033,2024-10-24,9
2024-10-24 10:00:00,0.7470835,0.915714,2024-10-24,10
2024-10-24 11:00:00,0.4922906,0.5283074,2024-10-24,11
2024-10-24 12:00:00,0.5794178,0.6706832,2024-10-24,12
2024-10-24 13:00:00,0.6187633,0.768954,2024-10-24,13
2024-10-24 14:00:00,0.5051996,0.6540341,2024-10-24,14
2024-10-24 15:00:00,0.2471351,0.321573,2024-10-24,15
2024-10-24 16:00:00,0.06543477,0.109498,2024-10-24,16
2024-10-24 17:00:00,0.0,0.0,2024-10-24,17
2024-10-24 18:00:00,0.0,0.0,2024-10-24,18
2024-10-24 19:00:00,0.0,0.0,2024-10-24,19
2024-10-24 20:00:00,0.0,0.0,2024-10-24,20
2024-10-24 21:00:00,0.0,0.0,2024-10-24,21
2024-10-24 22:00:00,0.0,0.0,2024-10-24,22
2024-10-24 23:00:00,0.0,0.0,2024-10-24,23
2024-10-25 00:00:00,0.0,0.0,2024-10-25,0
2024-10-25 01:00:00,0.0,0.0,2024-10-25,1
2024-10-25 02:00:00,0.0,0.0,2024-10-25,2
2024-10-25 03:00:00,0.0,0.0,2024-10-25,3
2024-10-25 04:00:00,0.0,0.0,2024-10-25,4
2024-10-25 05:00:00,0.003476762,0.0,2024-10-25,5
2024-10-25 06:00:00,0.1035466,0.1302639,2024-10-25,6
2024-10-25 07:00:00,0.265829,0.3172148,2024-10-25,7
2024-10-25 08:00:00,0.41693,0.4908465,2024-10-25,8
2024-10-25 09:00:00,0.5752072,0.6897916,2024-10-25,9
2024-10-25 10:00:00,0.7437872,0.9142803,2024-10-25,10
2024-10-25 11:00:00,0.7646317,0.9379234,2024-10-25,11
2024-10-25 12:00:00,0.7064266,0.8673724,2024-10-25,12
2024-10-25 13:00:00,0.4436954,0.4978178,2024-10-25,13
2024-10-25 14:00:00,0.3560378,0.4152145,2024-10-25,14
2024-10-25 15:00:00,0.2010411,0.2372723,2024-10-25,15
2024-10-25 16:00:00,0.05425537,0.07854353,2024-10-25,16
2024-10-25 17:00:00,0.0,0.0,2024-10-25,17
2024-10-25 18:00:00,0.0,0.0,2024-10-25,18
2024-10-25 19:00:00,0.0,0.0,2024-10-25,19
2024-10-25 20:00:00,0.0,0.0,2024-10-25,20
2024-10-25 21:00:00,0.0,0.0,2024-10-25,21
2024-10-25 22:00:00,0.0,0.0,2024-10-25,22
2024-10-25 23:00:00,0.0,0.0,2024-10-25,23
2024-10-26 00:00:00,0.0,0.0,2024-10-26,0
2024-10-26 01:00:00,0.0,0.0,2024-10-26,1
2024-10-26 02:00:00,0.0,0.0,2024-10-26,2
2024-10-26 03:00:00,0.0,0.0,2024-10-26,3
2024-10-26 04:00:00,0.0,0.0,2024-10-26,4
2024-10-26 05:00:00,0.003625917,0.0,2024-10-26,5
2024-10-26 06:00:00,0.1286586,0.1949121,2024-10-26,6
2024-10-26 07:00:00,0.2563945,0.3028375,2024-10-26,7
2024-10-26 08:00:00,0.5401815,0.6921944,2024-10-26,8
2024-10-26 09:00:00,0.6401376,0.7929355,2024-10-26,9
2024-10-26 10:00:00,0.6308025,0.7482431,2024-10-26,10
2024-10-26 11:00:00,0.7883883,0.9738728,2024-10-26,11
2024-10-26 12:00:00,0.4981982,0.5507906,2024-10-26,12
2024-10-26 13:00:00,0.5458233,0.6633578,2024-10-26,13
2024-10-26 14:00:00,0.3981847,0.489705,2024-10-26,14
2024-10-26 15:00:00,0.3185673,0.4568306,2024-10-26,15
2024-10-26 16:00:00,0.07495445,0.1594683,2024-10-26,16
2024-10-26 17:00:00,0.0,0.0,2024-10-26,17
2024-10-26 18:00:00,0.0,0.0,2024-10-26,18
2024-10-26 19:00:00,0.0,0.0,2024-10-26,19
2024-10-26 20:00:00,0.0,0.0,2024-10-26,20
2024-10-26 21:00:00,0.0,0.0,2024-10-26,21
2024-10-26 22:00:00,0.0,0.0,2024-10-26,22
2024-10-26 23:00:00,0.0,0.0,2024-10-26,23
2024-10-27 00:00:00,0.0,0.0,2024-10-27,0
2024-10-27 01:00:00,0.0,0.0,2024-10-27,1
2024-10-27 02:00:00,0.0,0.0,2024-10-27,2
2024-10-27 03:00:00,0.0,0.0,2024-10-27,3
2024-10-27 04:00:00,0.0,0.0,2024-10-27,4
2024-10-27 05:00:00,0.002290995,0.0,2024-10-27,5
2024-10-27 06:00:00,0.1281108,0.1980943,2024-10-27,6
2024-10-27 07:00:00,0.2831492,0.3541229,2024-10-27,7
2024-10-27 08:00:00,0.5307417,0.6814482,2024-10-27,8
2024-10-27 09:00:00,0.7103667,0.8951924,2024-10-27,9
2024-10-27 10:00:00,0.695612,0.8506752,2024-10-27,10
2024-10-27 11:00:00,0.8107695,1.006851,2024-10-27,11
2024-10-27 12:00:00,0.7460625,0.9296353,2024-10-27,12
2024-10-27 13:00:00,0.6680594,0.8481467,2024-10-27,13
2024-10-27 14:00:00,0.5028716,0.6612235,2024-10-27,14
2024-10-27 15:00:00,0.2862734,0.4080065,2024-10-27,15
2024-10-27 16:00:00,0.05521252,0.09144359,2024-10-27,16
2024-10-27 17:00:00,0.0,0.0,2024-10-27,17
2024-10-27 18:00:00,0.0,0.0,2024-10-27,18
2024-10-27 19:00:00,0.0,0.0,2024-10-27,19
2024-10-27 20:00:00,0.0,0.0,2024-10-27,20
2024-10-27 21:00:00,0.0,0.0,2024-10-27,21
2024-10-27 22:00:00,0.0,0.0,2024-10-27,22
2024-10-27 23:00:00,0.0,0.0,2024-10-27,23
2024-10-28 00:00:00,0.0,0.0,2024-10-28,0
2024-10-28 01:00:00,0.0,0.0,2024-10-28,1
2024-10-28 02:00:00,0.0,0.0,2024-10-28,2
2024-10-28 03:00:00,0.0,0.0,2024-10-28,3
2024-10-28 04:00:00,0.0,0.0,2024-10-28,4
2024-10-28 05:00:00,0.002265041,0.0,2024-10-28,5
2024-10-28 06:00:00,0.1013416,0.1333002,2024-10-28,6
2024-10-28 07:00:00,0.3756834,0.5209526,2024-10-28,7
2024-10-28 08:00:00,0.5569896,0.7231054,2024-10-28,8
2024-10-28 09:00:00,0.7050507,0.8912326,2024-10-28,9
2024-10-28 10:00:00,0.8623917,1.079715,2024-10-28,10
2024-10-28 11:00:00,0.9156772,1.144422,2024-10-28,11
2024-10-28 12:00:00,0.8049498,1.009869,2024-10-28,12
2024-10-28 13:00:00,0.6677861,0.850977,2024-10-28,13
2024-10-28 14:00:00,0.4902837,0.6464481,2024-10-28,14
2024-10-28 15:00:00,0.2666094,0.3759028,2024-10-28,15
2024-10-28 16:00:00,0.06340417,0.1310175,2024-10-28,16
2024-10-28 17:00:00,0.0,0.0,2024-10-28,17
2024-10-28 18:00:00,0.0,0.0,2024-10-28,18
2024-10-28 19:00:00,0.0,0.0,2024-10-28,19
2024-10-28 20:00:00,0.0,0.0,2024-10-28,20
2024-10-28 21:00:00,0.0,0.0,2024-10-28,21
2024-10-28 22:00:00,0.0,0.0,2024-10-28,22
2024-10-28 23:00:00,0.0,0.0,2024-10-28,23
2024-10-29 00:00:00,0.0,0.0,2024-10-29,0
2024-10-29 01:00:00,0.0,0.0,2024-10-29,1
2024-10-29 02:00:00,0.0,0.0,2024-10-29,2
2024-10-29 03:00:00,0.0,0.0,2024-10-29,3
2024-10-29 04:00:00,0.0,0.0,2024-10-29,4
2024-10-29 05:00:00,0.001985324,0.0,2024-10-29,5
2024-10-29 06:00:00,0.08258397,0.09570169,2024-10-29,6
2024-10-29 07:00:00,0.2344249,0.2707611,2024-10-29,7
2024-10-29 08:00:00,0.3568664,0.4018121,2024-10-29,8
2024-10-29 09:00:00,0.6879203,0.8711219,2024-10-29,9
2024-10-29 10:00:00,0.6783341,0.8308359,2024-10-29,10
2024-10-29 11:00:00,0.7954592,0.9927896,2024-10-29,11
2024-10-29 12:00:00,0.7708701,0.9690437,2024-10-29,12
2024-10-29 13:00:00,0.6559429,0.8382191,2024-10-29,13
2024-10-29 14:00:00,0.4911755,0.6512186,2024-10-29,14
2024-10-29 15:00:00,0.313185,0.4600978,2024-10-29,15
2024-10-29 16:00:00,0.08410245,0.2125135,2024-10-29,16
2024-10-29 17:00:00,0.0,0.0,2024-10-29,17
2024-10-29 18:00:00,0.0,0.0,2024-10-29,18
2024-10-29 19:00:00,0.0,0.0,2024-10-29,19
2024-10-29 20:00:00,0.0,0.0,2024-10-29,20
2024-10-29 21:00:00,0.0,0.0,2024-10-29,21
2024-10-29 22:00:00,0.0,0.0,2024-10-29,22
2024-10-29 23:00:00,0.0,0.0,2024-10-29,23
2024-10-30 00:00:00,0.0,0.0,2024-10-30,0
2024-10-30 01:00:00,0.0,0.0,2024-10-30,1
2024-10-30 02:00:00,0.0,0.0,2024-10-30,2
2024-10-30 03:00:00,0.0,0.0,2024-10-30,3
2024-10-30 04:00:00,0.0,0.0,2024-10-30,4
2024-10-30 05:00:00,0.002478607,0.0,2024-10-30,5
2024-10-30 06:00:00,0.08869805,0.1097951,2024-10-30,6
2024-10-30 07:00:00,0.104314,0.1024859,2024-10-30,7
2024-10-30 08:00:00,0.3636013,0.4144454,2024-10-30,8
2024-10-30 09:00:00,0.3153253,0.3194682,2024-10-30,9
2024-10-30 10:00:00,0.5590261,0.6454234,2024-10-30,10
2024-10-30 11:00:00,0.2360381,0.2311987,2024-10-30,11
2024-10-30 12:00:00,0.4485078,0.4844647,2024-10-30,12
2024-10-30 13:00:00,0.3615801,0.3847796,2024-10-30,13
2024-10-30 14:00:00,0.3530913,0.423107,2024-10-30,14
2024-10-30 15:00:00,0.2446071,0.3403708,2024-10-30,15
2024-10-30 16:00:00,0.05421295,0.1066867,2024-10-30,16
2024-10-30 17:00:00,0.0,0.0,2024-10-30,17
2024-10-30 18:00:00,0.0,0.0,2024-10-30,18
2024-10-30 19:00:00,0.0,0.0,2024-10-30,19
2024-10-30 20:00:00,0.0,0.0,2024-10-30,20
2024-10-30 21:00:00,0.0,0.0,2024-10-30,21
2024-10-30 22:00:00,0.0,0.0,2024-10-30,22
2024-10-30 23:00:00,0.0,0.0,2024-10-30,23
2024-10-31 00:00:00,0.0,0.0,2024-10-31,0
2024-10-31 01:00:00,0.0,0.0,2024-10-31,1
2024-10-31 02:00:00,0.0,0.0,2024-10-31,2
2024-10-31 03:00:00,0.0,0.0,2024-10-31,3
2024-10-31 04:00:00,0.0,0.0,2024-10-31,4
2024-10-31 05:00:00,0.000979989,0.0,2024-10-31,5
2024-10-31 06:00:00,0.07155317,0.07890075,2024-10-31,6
2024-10-31 07:00:00,0.3154467,0.4287457,2024-10-31,7
2024-10-31 08:00:00,0.522106,0.681662,2024-10-31,8
2024-10-31 09:00:00,0.8022091,1.028333,2024-10-31,9
2024-10-31 10:00:00,0.8278897,1.044751,2024-10-31,10
2024-10-31 11:00:00,0.6547524,0.7925642,2024-10-31,11
2024-10-31 12:00:00,0.6719888,0.8357199,2024-10-31,12
2024-10-31 13:00:00,0.6237351,0.799477,2024-10-31,13
2024-10-31 14:00:00,0.4376173,0.5741578,2024-10-31,14
2024-10-31 15:00:00,0.2750263,0.4043839,2024-10-31,15
2024-10-31 16:00:00,0.06447314,0.1624888,2024-10-31,16
2024-10-31 17:00:00,0.0,0.0,2024-10-31,17
2024-10-31 18:00:00,0.0,0.0,2024-10-31,18
2024-10-31 19:00:00,0.0,0.0,2024-10-31,19
2024-10-31 20:00:00,0.0,0.0,2024-10-31,20
2024-10-31 21:00:00,0.0,0.0,2024-10-31,21
2024-10-31 22:00:00,0.0,0.0,2024-10-31,22
2024-10-31 23:00:00,0.0,0.0,2024-10-31,23
2024-11-01 00:00:00,0.0,0.0,2024-11-01,0
2024-11-01 01:00:00,0.0,0.0,2024-11-01,1
2024-11-01 02:00:00,0.0,0.0,2024-11-01,2
2024-11-01 03:00:00,0.0,0.0,2024-11-01,3
2024-11-01 04:00:00,0.0,0.0,2024-11-01,4
2024-11-01 05:00:00,0.001640662,0.0,2024-11-01,5
2024-11-01 06:00:00,0.08887564,0.1150681,2024-11-01,6
2024-11-01 07:00:00,0.330009,0.4593844,2024-11-01,7
2024-11-01 08:00:00,0.5254384,0.6900475,2024-11-01,8
2024-11-01 09:00:00,0.6556858,0.83501,2024-11-01,9
2024-11-01 10:00:00,0.817741,1.034661,2024-11-01,10
2024-11-01 11:00:00,0.8077402,1.018009,2024-11-01,11
2024-11-01 12:00:00,0.6355494,0.7824478,2024-11-01,12
2024-11-01 13:00:00,0.4702719,0.5565643,2024-11-01,13
2024-11-01 14:00:00,0.4466602,0.5926093,2024-11-01,14
2024-11-01 15:00:00,0.2499508,0.3595791,2024-11-01,15
2024-11-01 16:00:00,0.05326246,0.1176688,2024-11-01,16
2024-11-01 17:00:00,0.0,0.0,2024-11-01,17
2024-11-01 18:00:00,0.0,0.0,2024-11-01,18
2024-11-01 19:00:00,0.0,0.0,2024-11-01,19
2024-11-01 20:00:00,0.0,0.0,2024-11-01,20
2024-11-01 21:00:00,0.0,0.0,2024-11-01,21
2024-11-01 22:00:00,0.0,0.0,2024-11-01,22
2024-11-01 23:00:00,0.0,0.0,2024-11-01,23
2024-11-02 00:00:00,0.0,0.0,2024-11-02,0
2024-11-02 01:00:00,0.0,0.0,2024-11-02,1
2024-11-02 02:00:00,0.0,0.0,2024-11-02,2
2024-11-02 03:00:00,0.0,0.0,2024-11-02,3
2024-11-02 04:00:00,0.0,0.0,2024-11-02,4
2024-11-02 05:00:00,0.001318745,0.0,2024-11-02,5
2024-11-02 06:00:00,0.08609221,0.1111657,2024-11-02,6
2024-11-02 07:00:00,0.3006464,0.4077271,2024-11-02,7
2024-11-02 08:00:00,0.4687713,0.6022326,2024-11-02,8
2024-11-02 09:00:00,0.6536634,0.8352221,2024-11-02,9
2024-11-02 10:00:00,0.7874681,0.9983194,2024-11-02,10
2024-11-02 11:00:00,0.6474585,0.7868941,2024-11-02,11
2024-11-02 12:00:00,0.6095588,0.7439623,2024-11-02,12
2024-11-02 13:00:00,0.7088312,0.9212695,2024-11-02,13
2024-11-02 14:00:00,0.4717899,0.635834,2024-11-02,14
2024-11-02 15:00:00,0.2481247,0.3599219,2024-11-02,15
2024-11-02 16:00:00,0.05105197,0.1146292,2024-11-02,16
2024-11-02 17:00:00,0.0,0.0,2024-11-02,17
2024-11-02 18:00:00,0.0,0.0,2024-11-02,18
2024-11-02 19:00:00,0.0,0.0,2024-11-02,19
2024-11-02 20:00:00,0.0,0.0,2024-11-02,20
2024-11-02 21:00:00,0.0,0.0,2024-11-02,21
2024-11-02 22:00:00,0.0,0.0,2024-11-02,22
2024-11-02 23:00:00,0.0,0.0,2024-11-02,23
2024-11-03 00:00:00,0.0,0.0,2024-11-03,0
2024-11-03 01:00:00,0.0,0.0,2024-11-03,1
2024-11-03 02:00:00,0.0,0.0,2024-11-03,2
2024-11-03 03:00:00,0.0,0.0,2024-11-03,3
2024-11-03 04:00:00,0.0,0.0,2024-11-03,4
2024-11-03 05:00:00,0.001472534,0.0,2024-11-03,5
2024-11-03 06:00:00,0.1238808,0.2240325,2024-11-03,6
2024-11-03 07:00:00,0.2011839,0.2235419,2024-11-03,7
2024-11-03 08:00:00,0.1928185,0.1907521,2024-11-03,8
2024-11-03 09:00:00,0.4141012,0.4550887,2024-11-03,9
2024-11-03 10:00:00,0.5626233,0.6608393,2024-11-03,10
2024-11-03 11:00:00,0.4893757,0.5388708,2024-11-03,11
2024-11-03 12:00:00,0.6754235,0.8502892,2024-11-03,12
2024-11-03 13:00:00,0.5453628,0.6878918,2024-11-03,13
2024-11-03 14:00:00,0.1897247,0.1898388,2024-11-03,14
2024-11-03 15:00:00,0.04866375,0.04765499,2024-11-03,15
2024-11-03 16:00:00,0.006490551,0.006404561,2024-11-03,16
2024-11-03 17:00:00,0.0,0.0,2024-11-03,17
2024-11-03 18:00:00,0.0,0.0,2024-11-03,18
2024-11-03 19:00:00,0.0,0.0,2024-11-03,19
2024-11-03 20:00:00,0.0,0.0,2024-11-03,20
2024-11-03 21:00:00,0.0,0.0,2024-11-03,21
2024-11-03 22:00:00,0.0,0.0,2024-11-03,22
2024-11-03 23:00:00,0.0,0.0,2024-11-03,23
2024-11-04 00:00:00,0.0,0.0,2024-11-04,0
2024-11-04 01:00:00,0.0,0.0,2024-11-04,1
2024-11-04 02:00:00,0.0,0.0,2024-11-04,2
2024-11-04 03:00:00,0.0,0.0,2024-11-04,3
2024-11-04 04:00:00,0.0,0.0,2024-11-04,4
2024-11-04 05:00:00,0.000842475,0.0,2024-11-04,5
2024-11-04 06:00:00,0.1028249,0.1652315,2024-11-04,6
2024-11-04 07:00:00,0.1775934,0.1889705,2024-11-04,7
2024-11-04 08:00:00,0.2263988,0.2280582,2024-11-04,8
2024-11-04 09:00:00,0.3050065,0.3093623,2024-11-04,9
2024-11-04 10:00:00,0.5248749,0.602254,2024-11-04,10
2024-11-04 11:00:00,0.5212758,0.5893914,2024-11-04,11
2024-11-04 12:00:00,0.7606661,0.9734367,2024-11-04,12
2024-11-04 13:00:00,0.5729302,0.7354587,2024-11-04,13
2024-11-04 14:00:00,0.4540486,0.6147768,2024-11-04,14
2024-11-04 15:00:00,0.2213397,0.3100576,2024-11-04,15
2024-11-04 16:00:00,0.05714118,0.1662831,2024-11-04,16
2024-11-04 17:00:00,0.0,0.0,2024-11-04,17
2024-11-04 18:00:00,0.0,0.0,2024-11-04,18
2024-11-04 19:00:00,0.0,0.0,2024-11-04,19
2024-11-04 20:00:00,0.0,0.0,2024-11-04,20
2024-11-04 21:00:00,0.0,0.0,2024-11-04,21
2024-11-04 22:00:00,0.0,0.0,2024-11-04,22
2024-11-04 23:00:00,0.0,0.0,2024-11-04,23
2024-11-05 00:00:00,0.0,0.0,2024-11-05,0
2024-11-05 01:00:00,0.0,0.0,2024-11-05,1
2024-11-05 02:00:00,0.0,0.0,2024-11-05,2
2024-11-05 03:00:00,0.0,0.0,2024-11-05,3
2024-11-05 04:00:00,0.0,0.0,2024-11-05,4
2024-11-05 05:00:00,0.000661555,0.0,2024-11-05,5
2024-11-05 06:00:00,0.07858279,0.1011818,2024-11-05,6
2024-11-05 07:00:00,0.1823547,0.1968067,2024-11-05,7
2024-11-05 08:00:00,0.3011879,0.3266759,2024-11-05,8
2024-11-05 09:00:00,0.6384159,0.8221588,2024-11-05,9
2024-11-05 10:00:00,0.6708384,0.8408719,2024-11-05,10
2024-11-05 11:00:00,0.6777928,0.8437212,2024-11-05,11
2024-11-05 12:00:00,0.745346,0.9560673,2024-11-05,12
2024-11-05 13:00:00,0.6403275,0.8383287,2024-11-05,13
2024-11-05 14:00:00,0.3842333,0.4967763,2024-11-05,14
2024-11-05 15:00:00,0.2133254,0.2957719,2024-11-05,15
2024-11-05 16:00:00,0.04219863,0.08978913,2024-11-05,16
2024-11-05 17:00:00,0.0,0.0,2024-11-05,17
2024-11-05 18:00:00,0.0,0.0,2024-11-05,18
2024-11-05 19:00:00,0.0,0.0,2024-11-05,19
2024-11-05 20:00:00,0.0,0.0,2024-11-05,20
2024-11-05 21:00:00,0.0,0.0,2024-11-05,21
2024-11-05 22:00:00,0.0,0.0,2024-11-05,22
2024-11-05 23:00:00,0.0,0.0,2024-11-05,23
2024-11-06 00:00:00,0.0,0.0,2024-11-06,0
2024-11-06 01:00:00,0.0,0.0,2024-11-06,1
2024-11-06 02:00:00,0.0,0.0,2024-11-06,2
2024-11-06 03:00:00,0.0,0.0,2024-11-06,3
2024-11-06 04:00:00,0.0,0.0,2024-11-06,4
2024-11-06 05:00:00,0.000462244,0.0,2024-11-06,5
2024-11-06 06:00:00,0.07844732,0.1035556,2024-11-06,6
2024-11-06 07:00:00,0.281097,0.3832187,2024-11-06,7
2024-11-06 08:00:00,0.4218025,0.5328256,2024-11-06,8
2024-11-06 09:00:00,0.5692458,0.716375,2024-11-06,9
2024-11-06 10:00:00,0.686662,0.8682085,2024-11-06,10
2024-11-06 11:00:00,0.7801527,0.9960048,2024-11-06,11
2024-11-06 12:00:00,0.772482,0.994779,2024-11-06,12
2024-11-06 13:00:00,0.7115815,0.9378921,2024-11-06,13
2024-11-06 14:00:00,0.5142146,0.7098421,2024-11-06,14
2024-11-06 15:00:00,0.3095212,0.4849193,2024-11-06,15
2024-11-06 16:00:00,0.06087571,0.2051358,2024-11-06,16
2024-11-06 17:00:00,0.0,0.0,2024-11-06,17
2024-11-06 18:00:00,0.0,0.0,2024-11-06,18
2024-11-06 19:00:00,0.0,0.0,2024-11-06,19
2024-11-06 20:00:00,0.0,0.0,2024-11-06,20
2024-11-06 21:00:00,0.0,0.0,2024-11-06,21
2024-11-06 22:00:00,0.0,0.0,2024-11-06,22
2024-11-06 23:00:00,0.0,0.0,2024-11-06,23
2024-11-07 00:00:00,0.0,0.0,2024-11-07,0
2024-11-07 01:00:00,0.0,0.0,2024-11-07,1
2024-11-07 02:00:00,0.0,0.0,2024-11-07,2
2024-11-07 03:00:00,0.0,0.0,2024-11-07,3
2024-11-07 04:00:00,0.0,0.0,2024-11-07,4
2024-11-07 05:00:00,0.000230705,0.0,2024-11-07,5
2024-11-07 06:00:00,0.09262384,0.1484987,2024-11-07,6
2024-11-07 07:00:00,0.1669412,0.1763447,2024-11-07,7
2024-11-07 08:00:00,0.3782431,0.4572939,2024-11-07,8
2024-11-07 09:00:00,0.5609253,0.7056254,2024-11-07,9
2024-11-07 10:00:00,0.5171545,0.5961382,2024-11-07,10
2024-11-07 11:00:00,0.5584246,0.6553007,2024-11-07,11
2024-11-07 12:00:00,0.5301875,0.6265362,2024-11-07,12
2024-11-07 13:00:00,0.5840658,0.7621092,2024-11-07,13
2024-11-07 14:00:00,0.3936849,0.5203915,2024-11-07,14
2024-11-07 15:00:00,0.2386446,0.3597427,2024-11-07,15
2024-11-07 16:00:00,0.06624145,0.2359268,2024-11-07,16
2024-11-07 17:00:00,0.0,0.0,2024-11-07,17
2024-11-07 18:00:00,0.0,0.0,2024-11-07,18
2024-11-07 19:00:00,0.0,0.0,2024-11-07,19
2024-11-07 20:00:00,0.0,0.0,2024-11-07,20
2024-11-07 21:00:00,0.0,0.0,2024-11-07,21
2024-11-07 22:00:00,0.0,0.0,2024-11-07,22
2024-11-07 23:00:00,0.0,0.0,2024-11-07,23
2024-11-08 00:00:00,0.0,0.0,2024-11-08,0
2024-11-08 01:00:00,0.0,0.0,2024-11-08,1
2024-11-08 02:00:00,0.0,0.0,2024-11-08,2
2024-11-08 03:00:00,0.0,0.0,2024-11-08,3
2024-11-08 04:00:00,0.0,0.0,2024-11-08,4
2024-11-08 05:00:00,0.000214119,0.0,2024-11-08,5
2024-11-08 06:00:00,0.09261827,0.1538325,2024-11-08,6
2024-11-08 07:00:00,0.3507014,0.5207239,2024-11-08,7
2024-11-08 08:00:00,0.5474073,0.7440524,2024-11-08,8
2024-11-08 09:00:00,0.6648284,0.8694363,2024-11-08,9
2024-11-08 10:00:00,0.7696292,0.9918926,2024-11-08,10
2024-11-08 11:00:00,0.616523,0.7537333,2024-11-08,11
2024-11-08 12:00:00,0.6147511,0.7698399,2024-11-08,12
2024-11-08 13:00:00,0.5413971,0.6965352,2024-11-08,13
2024-11-08 14:00:00,0.3912878,0.5190685,2024-11-08,14
2024-11-08 15:00:00,0.262431,0.4121568,2024-11-08,15
2024-11-08 16:00:00,0.04716589,0.146844,2024-11-08,16
2024-11-08 17:00:00,0.0,0.0,2024-11-08,17
2024-11-08 18:00:00,0.0,0.0,2024-11-08,18
2024-11-08 19:00:00,0.0,0.0,2024-11-08,19
2024-11-08 20:00:00,0.0,0.0,2024-11-08,20
2024-11-08 21:00:00,0.0,0.0,2024-11-08,21
2024-11-08 22:00:00,0.0,0.0,2024-11-08,22
2024-11-08 23:00:00,0.0,0.0,2024-11-08,23
2024-11-09 00:00:00,0.0,0.0,2024-11-09,0
2024-11-09 01:00:00,0.0,0.0,2024-11-09,1
2024-11-09 02:00:00,0.0,0.0,2024-11-09,2
2024-11-09 03:00:00,0.0,0.0,2024-11-09,3
2024-11-09 04:00:00,0.0,0.0,2024-11-09,4
2024-11-09 05:00:00,0.000130099,0.0,2024-11-09,5
2024-11-09 06:00:00,0.1016804,0.1914314,2024-11-09,6
2024-11-09 07:00:00,0.3004144,0.4340329,2024-11-09,7
2024-11-09 08:00:00,0.6142023,0.8416501,2024-11-09,8
2024-11-09 09:00:00,0.7746719,1.021647,2024-11-09,9
2024-11-09 10:00:00,0.7878148,1.0188,2024-11-09,10
2024-11-09 11:00:00,0.8533728,1.101332,2024-11-09,11
2024-11-09 12:00:00,0.7357129,0.9542305,2024-11-09,12
2024-11-09 13:00:00,0.7139751,0.950613,2024-11-09,13
2024-11-09 14:00:00,0.4188979,0.5720329,2024-11-09,14
2024-11-09 15:00:00,0.2059672,0.2924677,2024-11-09,15
2024-11-09 16:00:00,0.0451504,0.1427203,2024-11-09,16
2024-11-09 17:00:00,0.0,0.0,2024-11-09,17
2024-11-09 18:00:00,0.0,0.0,2024-11-09,18
2024-11-09 19:00:00,0.0,0.0,2024-11-09,19
2024-11-09 20:00:00,0.0,0.0,2024-11-09,20
2024-11-09 21:00:00,0.0,0.0,2024-11-09,21
2024-11-09 22:00:00,0.0,0.0,2024-11-09,22
2024-11-09 23:00:00,0.0,0.0,2024-11-09,23
2024-11-10 00:00:00,0.0,0.0,2024-11-10,0
2024-11-10 01:00:00,0.0,0.0,2024-11-10,1
2024-11-10 02:00:00,0.0,0.0,2024-11-10,2
2024-11-10 03:00:00,0.0,0.0,2024-11-10,3
2024-11-10 04:00:00,0.0,0.0,2024-11-10,4
2024-11-10 05:00:00,0.000116851,0.0,2024-11-10,5
2024-11-10 06:00:00,0.1342987,0.2921901,2024-11-10,6
2024-11-10 07:00:00,0.3559382,0.5357097,2024-11-10,7
2024-11-10 08:00:00,0.521413,0.7128599,2024-11-10,8
2024-11-10 09:00:00,0.6949069,0.9161258,2024-11-10,9
2024-11-10 10:00:00,0.8851715,1.152022,2024-11-10,10
2024-11-10 11:00:00,0.8382025,1.08404,2024-11-10,11
2024-11-10 12:00:00,0.7455443,0.9699959,2024-11-10,12
2024-11-10 13:00:00,0.5762265,0.7587365,2024-11-10,13
2024-11-10 14:00:00,0.5084366,0.713957,2024-11-10,14
2024-11-10 15:00:00,0.2570536,0.4090182,2024-11-10,15
2024-11-10 16:00:00,0.03718675,0.09372295,2024-11-10,16
2024-11-10 17:00:00,0.0,0.0,2024-11-10,17
2024-11-10 18:00:00,0.0,0.0,2024-11-10,18
2024-11-10 19:00:00,0.0,0.0,2024-11-10,19
2024-11-10 20:00:00,0.0,0.0,2024-11-10,20
2024-11-10 21:00:00,0.0,0.0,2024-11-10,21
2024-11-10 22:00:00,0.0,0.0,2024-11-10,22
2024-11-10 23:00:00,0.0,0.0,2024-11-10,23
2024-11-11 00:00:00,0.0,0.0,2024-11-11,0
2024-11-11 01:00:00,0.0,0.0,2024-11-11,1
2024-11-11 02:00:00,0.0,0.0,2024-11-11,2
2024-11-11 03:00:00,0.0,0.0,2024-11-11,3
2024-11-11 04:00:00,0.0,0.0,2024-11-11,4
2024-11-11 05:00:00,3.47566e-05,0.0,2024-11-11,5
2024-11-11 06:00:00,0.06834406,0.0920918,2024-11-11,6
2024-11-11 07:00:00,0.08463146,0.08323539,2024-11-11,7
2024-11-11 08:00:00,0.2070674,0.2078519,2024-11-11,8
2024-11-11 09:00:00,0.2594416,0.259118,2024-11-11,9
2024-11-11 10:00:00,0.3582862,0.3694212,2024-11-11,10
2024-11-11 11:00:00,0.3781678,0.3919968,2024-11-11,11
2024-11-11 12:00:00,0.2476182,0.2442956,2024-11-11,12
2024-11-11 13:00:00,0.1905122,0.187259,2024-11-11,13
2024-11-11 14:00:00,0.2345086,0.2496425,2024-11-11,14
2024-11-11 15:00:00,0.03175654,0.03104179,2024-11-11,15
2024-11-11 16:00:00,0.01342238,0.0139575,2024-11-11,16
2024-11-11 17:00:00,0.0,0.0,2024-11-11,17
2024-11-11 18:00:00,0.0,0.0,2024-11-11,18
2024-11-11 19:00:00,0.0,0.0,2024-11-11,19
2024-11-11 20:00:00,0.0,0.0,2024-11-11,20
2024-11-11 21:00:00,0.0,0.0,2024-11-11,21
2024-11-11 22:00:00,0.0,0.0,2024-11-11,22
2024-11-11 23:00:00,0.0,0.0,2024-11-11,23
2024-11-12 00:00:00,0.0,0.0,2024-11-12,0
2024-11-12 01:00:00,0.0,0.0,2024-11-12,1
2024-11-12 02:00:00,0.0,0.0,2024-11-12,2
2024-11-12 03:00:00,0.0,0.0,2024-11-12,3
2024-11-12 04:00:00,0.0,0.0,2024-11-12,4
2024-11-12 05:00:00,4.03752e-06,0.0,2024-11-12,5
2024-11-12 06:00:00,0.08009236,0.1328959,2024-11-12,6
2024-11-12 07:00:00,0.0224876,0.02190362,2024-11-12,7
2024-11-12 08:00:00,0.04885166,0.04759619,2024-11-12,8
2024-11-12 09:00:00,0.112931,0.1102822,2024-11-12,9
2024-11-12 10:00:00,0.1254915,0.1224981,2024-11-12,10
2024-11-12 11:00:00,0.1447401,0.1413757,2024-11-12,11
2024-11-12 12:00:00,0.1451168,0.1418259,2024-11-12,12
2024-11-12 13:00:00,0.09565826,0.09337526,2024-11-12,13
2024-11-12 14:00:00,0.1114843,0.1093551,2024-11-12,14
2024-11-12 15:00:00,0.03992102,0.0391037,2024-11-12,15
2024-11-12 16:00:00,0.007453259,0.007524379,2024-11-12,16
2024-11-12 17:00:00,0.0,0.0,2024-11-12,17
2024-11-12 18:00:00,0.0,0.0,2024-11-12,18
2024-11-12 19:00:00,0.0,0.0,2024-11-12,19
2024-11-12 20:00:00,0.0,0.0,2024-11-12,20
2024-11-12 21:00:00,0.0,0.0,2024-11-12,21
2024-11-12 22:00:00,0.0,0.0,2024-11-12,22
2024-11-12 23:00:00,0.0,0.0,2024-11-12,23
2024-11-13 00:00:00,0.0,0.0,2024-11-13,0
2024-11-13 01:00:00,0.0,0.0,2024-11-13,1
2024-11-13 02:00:00,0.0,0.0,2024-11-13,2
2024-11-13 03:00:00,0.0,0.0,2024-11-13,3
2024-11-13 04:00:00,0.0,0.0,2024-11-13,4
2024-11-13 05:00:00,0.0,0.0,2024-11-13,5
2024-11-13 06:00:00,0.09469426,0.1947616,2024-11-13,6
2024-11-13 07:00:00,0.1739565,0.1925564,2024-11-13,7
2024-11-13 08:00:00,0.3245024,0.3759936,2024-11-13,8
2024-11-13 09:00:00,0.4680835,0.5623197,2024-11-13,9
2024-11-13 10:00:00,0.2845912,0.2834261,2024-11-13,10
2024-11-13 11:00:00,0.4469525,0.4893648,2024-11-13,11
2024-11-13 12:00:00,0.6586369,0.8537284,2024-11-13,12
2024-11-13 13:00:00,0.4613462,0.5706242,2024-11-13,13
2024-11-13 14:00:00,0.2812123,0.3253228,2024-11-13,14
2024-11-13 15:00:00,0.1362993,0.1533667,2024-11-13,15
2024-11-13 16:00:00,0.0405688,0.1466389,2024-11-13,16
2024-11-13 17:00:00,0.0,0.0,2024-11-13,17
2024-11-13 18:00:00,0.0,0.0,2024-11-13,18
2024-11-13 19:00:00,0.0,0.0,2024-11-13,19
2024-11-13 20:00:00,0.0,0.0,2024-11-13,20
2024-11-13 21:00:00,0.0,0.0,2024-11-13,21
2024-11-13 22:00:00,0.0,0.0,2024-11-13,22
2024-11-13 23:00:00,0.0,0.0,2024-11-13,23
2024-11-14 00:00:00,0.0,0.0,2024-11-14,0
2024-11-14 01:00:00,0.0,0.0,2024-11-14,1
2024-11-14 02:00:00,0.0,0.0,2024-11-14,2
2024-11-14 03:00:00,0.0,0.0,2024-11-14,3
2024-11-14 04:00:00,0.0,0.0,2024-11-14,4
2024-11-14 05:00:00,0.0,0.0,2024-11-14,5
2024-11-14 06:00:00,0.07927889,0.1417882,2024-11-14,6
2024-11-14 07:00:00,0.2650023,0.3792316,2024-11-14,7
2024-11-14 08:00:00,0.4459959,0.6021262,2024-11-14,8
2024-11-14 09:00:00,0.7180868,0.9593068,2024-11-14,9
2024-11-14 10:00:00,0.7572615,0.9912787,2024-11-14,10
2024-11-14 11:00:00,0.8716969,1.140398,2024-11-14,11
2024-11-14 12:00:00,0.7793254,1.026194,2024-11-14,12
2024-11-14 13:00:00,0.6262937,0.8432911,2024-11-14,13
2024-11-14 14:00:00,0.4517911,0.641371,2024-11-14,14
2024-11-14 15:00:00,0.2538532,0.416169,2024-11-14,15
2024-11-14 16:00:00,0.0504164,0.2353695,2024-11-14,16
2024-11-14 17:00:00,0.0,0.0,2024-11-14,17
2024-11-14 18:00:00,0.0,0.0,2024-11-14,18
2024-11-14 19:00:00,0.0,0.0,2024-11-14,19
2024-11-14 20:00:00,0.0,0.0,2024-11-14,20
2024-11-14 21:00:00,0.0,0.0,2024-11-14,21
2024-11-14 22:00:00,0.0,0.0,2024-11-14,22
2024-11-14 23:00:00,0.0,0.0,2024-11-14,23
2024-11-15 00:00:00,0.0,0.0,2024-11-15,0
2024-11-15 01:00:00,0.0,0.0,2024-11-15,1
2024-11-15 02:00:00,0.0,0.0,2024-11-15,2
2024-11-15 03:00:00,0.0,0.0,2024-11-15,3
2024-11-15 04:00:00,0.0,0.0,2024-11-15,4
2024-11-15 05:00:00,0.0,0.0,2024-11-15,5
2024-11-15 06:00:00,0.03455997,0.03513882,2024-11-15,6
2024-11-15 07:00:00,0.1153116,0.1153123,2024-11-15,7
2024-11-15 08:00:00,0.2569846,0.2728267,2024-11-15,8
2024-11-15 09:00:00,0.5467284,0.7053776,2024-11-15,9
2024-11-15 10:00:00,0.3834237,0.4052019,2024-11-15,10
2024-11-15 11:00:00,0.4071439,0.4338126,2024-11-15,11
2024-11-15 12:00:00,0.5037799,0.5992493,2024-11-15,12
2024-11-15 13:00:00,0.5679894,0.7594147,2024-11-15,13
2024-11-15 14:00:00,0.3701988,0.4988709,2024-11-15,14
2024-11-15 15:00:00,0.1381829,0.158512,2024-11-15,15
2024-11-15 16:00:00,0.02563419,0.04568126,2024-11-15,16
2024-11-15 17:00:00,0.0,0.0,2024-11-15,17
2024-11-15 18:00:00,0.0,0.0,2024-11-15,18
2024-11-15 19:00:00,0.0,0.0,2024-11-15,19
2024-11-15 20:00:00,0.0,0.0,2024-11-15,20
2024-11-15 21:00:00,0.0,0.0,2024-11-15,21
2024-11-15 22:00:00,0.0,0.0,2024-11-15,22
2024-11-15 23:00:00,0.0,0.0,2024-11-15,23
2024-11-16 00:00:00,0.0,0.0,2024-11-16,0
2024-11-16 01:00:00,0.0,0.0,2024-11-16,1
2024-11-16 02:00:00,0.0,0.0,2024-11-16,2
2024-11-16 03:00:00,0.0,0.0,2024-11-16,3
2024-11-16 04:00:00,0.0,0.0,2024-11-16,4
2024-11-16 05:00:00,0.0,0.0,2024-11-16,5
2024-11-16 06:00:00,0.07961725,0.1569063,2024-11-16,6
2024-11-16 07:00:00,0.1695963,0.1890996,2024-11-16,7
2024-11-16 08:00:00,0.1219775,0.1196145,2024-11-16,8
2024-11-16 09:00:00,0.3051247,0.3153237,2024-11-16,9
2024-11-16 10:00:00,0.4860003,0.5626858,2024-11-16,10
2024-11-16 11:00:00,0.372326,0.3874577,2024-11-16,11
2024-11-16 12:00:00,0.07901288,0.07699322,2024-11-16,12
2024-11-16 13:00:00,0.1310225,0.1282271,2024-11-16,13
2024-11-16 14:00:00,0.1581789,0.1571317,2024-11-16,14
2024-11-16 15:00:00,0.1050921,0.1085257,2024-11-16,15
2024-11-16 16:00:00,0.02823317,0.06224193,2024-11-16,16
2024-11-16 17:00:00,0.0,0.0,2024-11-16,17
2024-11-16 18:00:00,0.0,0.0,2024-11-16,18
2024-11-16 19:00:00,0.0,0.0,2024-11-16,19
2024-11-16 20:00:00,0.0,0.0,2024-11-16,20
2024-11-16 21:00:00,0.0,0.0,2024-11-16,21
2024-11-16 22:00:00,0.0,0.0,2024-11-16,22
2024-11-16 23:00:00,0.0,0.0,2024-11-16,23
2024-11-17 00:00:00,0.0,0.0,2024-11-17,0
2024-11-17 01:00:00,0.0,0.0,2024-11-17,1
2024-11-17 02:00:00,0.0,0.0,2024-11-17,2
2024-11-17 03:00:00,0.0,0.0,2024-11-17,3
2024-11-17 04:00:00,0.0,0.0,2024-11-17,4
2024-11-17 05:00:00,0.0,0.0,2024-11-17,5
2024-11-17 06:00:00,0.05724417,0.07980625,2024-11-17,6
2024-11-17 07:00:00,0.1560183,0.168734,2024-11-17,7
2024-11-17 08:00:00,0.3023384,0.3451919,2024-11-17,8
2024-11-17 09:00:00,0.6719629,0.9036191,2024-11-17,9
2024-11-17 10:00:00,0.6517977,0.8454001,2024-11-17,10
2024-11-17 11:00:00,0.4816259,0.5488616,2024-11-17,11
2024-11-17 12:00:00,0.3750722,0.3990263,2024-11-17,12
2024-11-17 13:00:00,0.4387581,0.5385455,2024-11-17,13
2024-11-17 14:00:00,0.3845835,0.5318161,2024-11-17,14
2024-11-17 15:00:00,0.1028362,0.1058806,2024-11-17,15
2024-11-17 16:00:00,0.019313,0.02448444,2024-11-17,16
2024-11-17 17:00:00,0.0,0.0,2024-11-17,17
2024-11-17 18:00:00,0.0,0.0,2024-11-17,18
2024-11-17 19:00:00,0.0,0.0,2024-11-17,19
2024-11-17 20:00:00,0.0,0.0,2024-11-17,20
2024-11-17 21:00:00,0.0,0.0,2024-11-17,21
2024-11-17 22:00:00,0.0,0.0,2024-11-17,22
2024-11-17 23:00:00,0.0,0.0,2024-11-17,23
2024-11-18 00:00:00,0.0,0.0,2024-11-18,0
2024-11-18 01:00:00,0.0,0.0,2024-11-18,1
2024-11-18 02:00:00,0.0,0.0,2024-11-18,2
2024-11-18 03:00:00,0.0,0.0,2024-11-18,3
2024-11-18 04:00:00,0.0,0.0,2024-11-18,4
2024-11-18 05:00:00,0.0,0.0,2024-11-18,5
2024-11-18 06:00:00,0.0465978,0.05550034,2024-11-18,6
2024-11-18 07:00:00,0.1306421,0.1342574,2024-11-18,7
2024-11-18 08:00:00,0.2254468,0.232506,2024-11-18,8
2024-11-18 09:00:00,0.4860444,0.606419,2024-11-18,9
2024-11-18 10:00:00,0.6424139,0.8329918,2024-11-18,10
2024-11-18 11:00:00,0.4707283,0.5327874,2024-11-18,11
2024-11-18 12:00:00,0.5378066,0.6644614,2024-11-18,12
2024-11-18 13:00:00,0.4064766,0.4826359,2024-11-18,13
2024-11-18 14:00:00,0.3488911,0.4638546,2024-11-18,14
2024-11-18 15:00:00,0.2144252,0.3410453,2024-11-18,15
2024-11-18 16:00:00,0.02609226,0.05290912,2024-11-18,16
2024-11-18 17:00:00,0.0,0.0,2024-11-18,17
2024-11-18 18:00:00,0.0,0.0,2024-11-18,18
2024-11-18 19:00:00,0.0,0.0,2024-11-18,19
2024-11-18 20:00:00,0.0,0.0,2024-11-18,20
2024-11-18 21:00:00,0.0,0.0,2024-11-18,21
2024-11-18 22:00:00,0.0,0.0,2024-11-18,22
2024-11-18 23:00:00,0.0,0.0,2024-11-18,23
2024-11-19 00:00:00,0.0,0.0,2024-11-19,0
2024-11-19 01:00:00,0.0,0.0,2024-11-19,1
2024-11-19 02:00:00,0.0,0.0,2024-11-19,2
2024-11-19 03:00:00,0.0,0.0,2024-11-19,3
2024-11-19 04:00:00,0.0,0.0,2024-11-19,4
2024-11-19 05:00:00,0.0,0.0,2024-11-19,5
2024-11-19 06:00:00,0.03901898,0.0426376,2024-11-19,6
2024-11-19 07:00:00,0.1222679,0.1242766,2024-11-19,7
2024-11-19 08:00:00,0.3703373,0.4746825,2024-11-19,8
2024-11-19 09:00:00,0.4227938,0.496451,2024-11-19,9
2024-11-19 10:00:00,0.4532991,0.5140556,2024-11-19,10
2024-11-19 11:00:00,0.5434595,0.6563888,2024-11-19,11
2024-11-19 12:00:00,0.1484613,0.1452057,2024-11-19,12
2024-11-19 13:00:00,0.173799,0.1707103,2024-11-19,13
2024-11-19 14:00:00,0.175771,0.1771578,2024-11-19,14
2024-11-19 15:00:00,0.1834437,0.2649041,2024-11-19,15
2024-11-19 16:00:00,0.02792005,0.06638069,2024-11-19,16
2024-11-19 17:00:00,0.0,0.0,2024-11-19,17
2024-11-19 18:00:00,0.0,0.0,2024-11-19,18
2024-11-19 19:00:00,0.0,0.0,2024-11-19,19
2024-11-19 20:00:00,0.0,0.0,2024-11-19,20
2024-11-19 21:00:00,0.0,0.0,2024-11-19,21
2024-11-19 22:00:00,0.0,0.0,2024-11-19,22
2024-11-19 23:00:00,0.0,0.0,2024-11-19,23
2024-11-20 00:00:00,0.0,0.0,2024-11-20,0
2024-11-20 01:00:00,0.0,0.0,2024-11-20,1
2024-11-20 02:00:00,0.0,0.0,2024-11-20,2
2024-11-20 03:00:00,0.0,0.0,2024-11-20,3
2024-11-20 04:00:00,0.0,0.0,2024-11-20,4
2024-11-20 05:00:00,0.0,0.0,2024-11-20,5
2024-11-20 06:00:00,0.08578303,0.2168147,2024-11-20,6
2024-11-20 07:00:00,0.1628989,0.1829065,2024-11-20,7
2024-11-20 08:00:00,0.2285245,0.2375202,2024-11-20,8
2024-11-20 09:00:00,0.191018,0.1877656,2024-11-20,9
2024-11-20 10:00:00,0.2285597,0.2249074,2024-11-20,10
2024-11-20 11:00:00,0.3295881,0.3355644,2024-11-20,11
2024-11-20 12:00:00,0.5992931,0.775353,2024-11-20,12
2024-11-20 13:00:00,0.5606952,0.7598836,2024-11-20,13
2024-11-20 14:00:00,0.4332636,0.6264409,2024-11-20,14
2024-11-20 15:00:00,0.2108312,0.3374644,2024-11-20,15
2024-11-20 16:00:00,0.03349462,0.114753,2024-11-20,16
2024-11-20 17:00:00,0.0,0.0,2024-11-20,17
2024-11-20 18:00:00,0.0,0.0,2024-11-20,18
2024-11-20 19:00:00,0.0,0.0,2024-11-20,19
2024-11-20 20:00:00,0.0,0.0,2024-11-20,20
2024-11-20 21:00:00,0.0,0.0,2024-11-20,21
2024-11-20 22:00:00,0.0,0.0,2024-11-20,22
2024-11-20 23:00:00,0.0,0.0,2024-11-20,23
2024-11-21 00:00:00,0.0,0.0,2024-11-21,0
2024-11-21 01:00:00,0.0,0.0,2024-11-21,1
2024-11-21 02:00:00,0.0,0.0,2024-11-21,2
2024-11-21 03:00:00,0.0,0.0,2024-11-21,3
2024-11-21 04:00:00,0.0,0.0,2024-11-21,4
2024-11-21 05:00:00,0.0,0.0,2024-11-21,5
2024-11-21 06:00:00,0.05497026,0.08734255,2024-11-21,6
2024-11-21 07:00:00,0.2612538,0.3986529,2024-11-21,7
2024-11-21 08:00:00,0.5347233,0.7636485,2024-11-21,8
2024-11-21 09:00:00,0.6934736,0.9439527,2024-11-21,9
2024-11-21 10:00:00,0.7190409,0.955851,2024-11-21,10
2024-11-21 11:00:00,0.6859246,0.8996161,2024-11-21,11
2024-11-21 12:00:00,0.710422,0.9484791,2024-11-21,12
2024-11-21 13:00:00,0.6305617,0.8654807,2024-11-21,13
2024-11-21 14:00:00,0.460262,0.6708294,2024-11-21,14
2024-11-21 15:00:00,0.2387742,0.4052961,2024-11-21,15
2024-11-21 16:00:00,0.03652461,0.1456196,2024-11-21,16
2024-11-21 17:00:00,0.0,0.0,2024-11-21,17
2024-11-21 18:00:00,0.0,0.0,2024-11-21,18
2024-11-21 19:00:00,0.0,0.0,2024-11-21,19
2024-11-21 20:00:00,0.0,0.0,2024-11-21,20
2024-11-21 21:00:00,0.0,0.0,2024-11-21,21
2024-11-21 22:00:00,0.0,0.0,2024-11-21,22
2024-11-21 23:00:00,0.0,0.0,2024-11-21,23
2024-11-22 00:00:00,0.0,0.0,2024-11-22,0
2024-11-22 01:00:00,0.0,0.0,2024-11-22,1
2024-11-22 02:00:00,0.0,0.0,2024-11-22,2
2024-11-22 03:00:00,0.0,0.0,2024-11-22,3
2024-11-22 04:00:00,0.0,0.0,2024-11-22,4
2024-11-22 05:00:00,0.0,0.0,2024-11-22,5
2024-11-22 06:00:00,0.0568249,0.09948748,2024-11-22,6
2024-11-22 07:00:00,0.2215188,0.3089387,2024-11-22,7
2024-11-22 08:00:00,0.3768137,0.4958213,2024-11-22,8
2024-11-22 09:00:00,0.6290289,0.8555899,2024-11-22,9
2024-11-22 10:00:00,0.7016594,0.9334937,2024-11-22,10
2024-11-22 11:00:00,0.7287678,0.9652034,2024-11-22,11
2024-11-22 12:00:00,0.7315518,0.9796597,2024-11-22,12
2024-11-22 13:00:00,0.6545261,0.9017414,2024-11-22,13
2024-11-22 14:00:00,0.4481196,0.6544756,2024-11-22,14
2024-11-22 15:00:00,0.2246372,0.3760586,2024-11-22,15
2024-11-22 16:00:00,0.03900081,0.1701007,2024-11-22,16
2024-11-22 17:00:00,0.0,0.0,2024-11-22,17
2024-11-22 18:00:00,0.0,0.0,2024-11-22,18
2024-11-22 19:00:00,0.0,0.0,2024-11-22,19
2024-11-22 20:00:00,0.0,0.0,2024-11-22,20
2024-11-22 21:00:00,0.0,0.0,2024-11-22,21
2024-11-22 22:00:00,0.0,0.0,2024-11-22,22
2024-11-22 23:00:00,0.0,0.0,2024-11-22,23
2024-11-23 00:00:00,0.0,0.0,2024-11-23,0
2024-11-23 01:00:00,0.0,0.0,2024-11-23,1
2024-11-23 02:00:00,0.0,0.0,2024-11-23,2
2024-11-23 03:00:00,0.0,0.0,2024-11-23,3
2024-11-23 04:00:00,0.0,0.0,2024-11-23,4
2024-11-23 05:00:00,0.0,0.0,2024-11-23,5
2024-11-23 06:00:00,0.06668275,0.1532664,2024-11-23,6
2024-11-23 07:00:00,0.3403938,0.5556523,2024-11-23,7
2024-11-23 08:00:00,0.518419,0.7447835,2024-11-23,8
2024-11-23 09:00:00,0.6854648,0.9376057,2024-11-23,9
2024-11-23 10:00:00,0.8027827,1.075771,2024-11-23,10
2024-11-23 11:00:00,0.8318593,1.109106,2024-11-23,11
2024-11-23 12:00:00,0.7346808,0.9860448,2024-11-23,12
2024-11-23 13:00:00,0.7087673,0.9817172,2024-11-23,13
2024-11-23 14:00:00,0.5241235,0.7727547,2024-11-23,14
2024-11-23 15:00:00,0.2489542,0.4305209,2024-11-23,15
2024-11-23 16:00:00,0.03403147,0.1266498,2024-11-23,16
2024-11-23 17:00:00,0.0,0.0,2024-11-23,17
2024-11-23 18:00:00,0.0,0.0,2024-11-23,18
2024-11-23 19:00:00,0.0,0.0,2024-11-23,19
2024-11-23 20:00:00,0.0,0.0,2024-11-23,20
2024-11-23 21:00:00,0.0,0.0,2024-11-23,21
2024-11-23 22:00:00,0.0,0.0,2024-11-23,22
2024-11-23 23:00:00,0.0,0.0,2024-11-23,23
2024-11-24 00:00:00,0.0,0.0,2024-11-24,0
2024-11-24 01:00:00,0.0,0.0,2024-11-24,1
2024-11-24 02:00:00,0.0,0.0,2024-11-24,2
2024-11-24 03:00:00,0.0,0.0,2024-11-24,3
2024-11-24 04:00:00,0.0,0.0,2024-11-24,4
2024-11-24 05:00:00,0.0,0.0,2024-11-24,5
2024-11-24 06:00:00,0.07453384,0.2027627,2024-11-24,6
2024-11-24 07:00:00,0.2519505,0.3891953,2024-11-24,7
2024-11-24 08:00:00,0.4055296,0.5581341,2024-11-24,8
2024-11-24 09:00:00,0.4969544,0.6413377,2024-11-24,9
2024-11-24 10:00:00,0.6896398,0.9204133,2024-11-24,10
2024-11-24 11:00:00,0.8639045,1.155683,2024-11-24,11
2024-11-24 12:00:00,0.7465013,1.004474,2024-11-24,12
2024-11-24 13:00:00,0.6482269,0.8968889,2024-11-24,13
2024-11-24 14:00:00,0.4458545,0.654851,2024-11-24,14
2024-11-24 15:00:00,0.2656628,0.4633614,2024-11-24,15
2024-11-24 16:00:00,0.04854226,0.233618,2024-11-24,16
2024-11-24 17:00:00,0.0,0.0,2024-11-24,17
2024-11-24 18:00:00,0.0,0.0,2024-11-24,18
2024-11-24 19:00:00,0.0,0.0,2024-11-24,19
2024-11-24 20:00:00,0.0,0.0,2024-11-24,20
2024-11-24 21:00:00,0.0,0.0,2024-11-24,21
2024-11-24 22:00:00,0.0,0.0,2024-11-24,22
2024-11-24 23:00:00,0.0,0.0,2024-11-24,23
2024-11-25 00:00:00,0.0,0.0,2024-11-25,0
2024-11-25 01:00:00,0.0,0.0,2024-11-25,1
2024-11-25 02:00:00,0.0,0.0,2024-11-25,2
2024-11-25 03:00:00,0.0,0.0,2024-11-25,3
2024-11-25 04:00:00,0.0,0.0,2024-11-25,4
2024-11-25 05:00:00,0.0,0.0,2024-11-25,5
2024-11-25 06:00:00,0.04156116,0.05670979,2024-11-25,6
2024-11-25 07:00:00,0.267507,0.4284521,2024-11-25,7
2024-11-25 08:00:00,0.3791265,0.5089556,2024-11-25,8
2024-11-25 09:00:00,0.5206729,0.6868193,2024-11-25,9
2024-11-25 10:00:00,0.7239242,0.9708923,2024-11-25,10
2024-11-25 11:00:00,0.7001157,0.9297405,2024-11-25,11
2024-11-25 12:00:00,0.5009944,0.6123528,2024-11-25,12
2024-11-25 13:00:00,0.4605294,0.5934851,2024-11-25,13
2024-11-25 14:00:00,0.399817,0.5781915,2024-11-25,14
2024-11-25 15:00:00,0.2279518,0.3902175,2024-11-25,15
2024-11-25 16:00:00,0.0361028,0.1491828,2024-11-25,16
2024-11-25 17:00:00,0.0,0.0,2024-11-25,17
2024-11-25 18:00:00,0.0,0.0,2024-11-25,18
2024-11-25 19:00:00,0.0,0.0,2024-11-25,19
2024-11-25 20:00:00,0.0,0.0,2024-11-25,20
2024-11-25 21:00:00,0.0,0.0,2024-11-25,21
2024-11-25 22:00:00,0.0,0.0,2024-11-25,22
2024-11-25 23:00:00,0.0,0.0,2024-11-25,23
2024-11-26 00:00:00,0.0,0.0,2024-11-26,0
2024-11-26 01:00:00,0.0,0.0,2024-11-26,1
2024-11-26 02:00:00,0.0,0.0,2024-11-26,2
2024-11-26 03:00:00,0.0,0.0,2024-11-26,3
2024-11-26 04:00:00,0.0,0.0,2024-11-26,4
2024-11-26 05:00:00,0.0,0.0,2024-11-26,5
2024-11-26 06:00:00,0.04635658,0.07651285,2024-11-26,6
2024-11-26 07:00:00,0.2375217,0.3625469,2024-11-26,7
2024-11-26 08:00:00,0.4619459,0.6657768,2024-11-26,8
2024-11-26 09:00:00,0.4918965,0.6369025,2024-11-26,9
2024-11-26 10:00:00,0.5485239,0.6914687,2024-11-26,10
2024-11-26 11:00:00,0.6546601,0.8610985,2024-11-26,11
2024-11-26 12:00:00,0.7041574,0.9493003,2024-11-26,12
2024-11-26 13:00:00,0.4721412,0.6168737,2024-11-26,13
2024-11-26 14:00:00,0.3855473,0.5529323,2024-11-26,14
2024-11-26 15:00:00,0.2263163,0.3883122,2024-11-26,15
2024-11-26 16:00:00,0.03735017,0.1614866,2024-11-26,16
2024-11-26 17:00:00,0.0,0.0,2024-11-26,17
2024-11-26 18:00:00,0.0,0.0,2024-11-26,18
2024-11-26 19:00:00,0.0,0.0,2024-11-26,19
2024-11-26 20:00:00,0.0,0.0,2024-11-26,20
2024-11-26 21:00:00,0.0,0.0,2024-11-26,21
2024-11-26 22:00:00,0.0,0.0,2024-11-26,22
2024-11-26 23:00:00,0.0,0.0,2024-11-26,23
2024-11-27 00:00:00,0.0,0.0,2024-11-27,0
2024-11-27 01:00:00,0.0,0.0,2024-11-27,1
2024-11-27 02:00:00,0.0,0.0,2024-11-27,2
2024-11-27 03:00:00,0.0,0.0,2024-11-27,3
2024-11-27 04:00:00,0.0,0.0,2024-11-27,4
2024-11-27 05:00:00,0.0,0.0,2024-11-27,5
2024-11-27 06:00:00,0.04602871,0.07977614,2024-11-27,6
2024-11-27 07:00:00,0.1990052,0.2714809,2024-11-27,7
2024-11-27 08:00:00,0.4965945,0.7219918,2024-11-27,8
2024-11-27 09:00:00,0.6122931,0.8423004,2024-11-27,9
2024-11-27 10:00:00,0.8257001,1.116869,2024-11-27,10
2024-11-27 11:00:00,0.8267042,1.110513,2024-11-27,11
2024-11-27 12:00:00,0.7353374,0.9945898,2024-11-27,12
2024-11-27 13:00:00,0.5581285,0.7696214,2024-11-27,13
2024-11-27 14:00:00,0.474936,0.7048289,2024-11-27,14
2024-11-27 15:00:00,0.2727581,0.4822922,2024-11-27,15
2024-11-27 16:00:00,0.04538443,0.2174325,2024-11-27,16
2024-11-27 17:00:00,0.0,0.0,2024-11-27,17
2024-11-27 18:00:00,0.0,0.0,2024-11-27,18
2024-11-27 19:00:00,0.0,0.0,2024-11-27,19
2024-11-27 20:00:00,0.0,0.0,2024-11-27,20
2024-11-27 21:00:00,0.0,0.0,2024-11-27,21
2024-11-27 22:00:00,0.0,0.0,2024-11-27,22
2024-11-27 23:00:00,0.0,0.0,2024-11-27,23
2024-11-28 00:00:00,0.0,0.0,2024-11-28,0
2024-11-28 01:00:00,0.0,0.0,2024-11-28,1
2024-11-28 02:00:00,0.0,0.0,2024-11-28,2
2024-11-28 03:00:00,0.0,0.0,2024-11-28,3
2024-11-28 04:00:00,0.0,0.0,2024-11-28,4
2024-11-28 05:00:00,0.0,0.0,2024-11-28,5
2024-11-28 06:00:00,0.04562361,0.08306323,2024-11-28,6
2024-11-28 07:00:00,0.1003064,0.1007079,2024-11-28,7
2024-11-28 08:00:00,0.09544422,0.09352707,2024-11-28,8
2024-11-28 09:00:00,0.2659821,0.2714089,2024-11-28,9
2024-11-28 10:00:00,0.3870629,0.4209506,2024-11-28,10
2024-11-28 11:00:00,0.6075194,0.7861309,2024-11-28,11
2024-11-28 12:00:00,0.3084098,0.3160287,2024-11-28,12
2024-11-28 13:00:00,0.1890091,0.1864878,2024-11-28,13
2024-11-28 14:00:00,0.1091234,0.1072555,2024-11-28,14
2024-11-28 15:00:00,0.1093881,0.1173806,2024-11-28,15
2024-11-28 16:00:00,0.02326857,0.04582171,2024-11-28,16
2024-11-28 17:00:00,0.0,0.0,2024-11-28,17
2024-11-28 18:00:00,0.0,0.0,2024-11-28,18
2024-11-28 19:00:00,0.0,0.0,2024-11-28,19
2024-11-28 20:00:00,0.0,0.0,2024-11-28,20
2024-11-28 21:00:00,0.0,0.0,2024-11-28,21
2024-11-28 22:00:00,0.0,0.0,2024-11-28,22
2024-11-28 23:00:00,0.0,0.0,2024-11-28,23
2024-11-29 00:00:00,0.0,0.0,2024-11-29,0
2024-11-29 01:00:00,0.0,0.0,2024-11-29,1
2024-11-29 02:00:00,0.0,0.0,2024-11-29,2
2024-11-29 03:00:00,0.0,0.0,2024-11-29,3
2024-11-29 04:00:00,0.0,0.0,2024-11-29,4
2024-11-29 05:00:00,0.0,0.0,2024-11-29,5
2024-11-29 06:00:00,0.04126281,0.06875994,2024-11-29,6
2024-11-29 07:00:00,0.06350397,0.06256382,2024-11-29,7
2024-11-29 08:00:00,0.2093774,0.2168829,2024-11-29,8
2024-11-29 09:00:00,0.4850592,0.6311327,2024-11-29,9
2024-11-29 10:00:00,0.5117155,0.631108,2024-11-29,10
2024-11-29 11:00:00,0.2593981,0.2573247,2024-11-29,11
2024-11-29 12:00:00,0.4161927,0.4710281,2024-11-29,12
2024-11-29 13:00:00,0.3526778,0.4021412,2024-11-29,13
2024-11-29 14:00:00,0.2490237,0.2846137,2024-11-29,14
2024-11-29 15:00:00,0.08780907,0.08893677,2024-11-29,15
2024-11-29 16:00:00,0.01343639,0.01465768,2024-11-29,16
2024-11-29 17:00:00,0.0,0.0,2024-11-29,17
2024-11-29 18:00:00,0.0,0.0,2024-11-29,18
2024-11-29 19:00:00,0.0,0.0,2024-11-29,19
2024-11-29 20:00:00,0.0,0.0,2024-11-29,20
2024-11-29 21:00:00,0.0,0.0,2024-11-29,21
2024-11-29 22:00:00,0.0,0.0,2024-11-29,22
2024-11-29 23:00:00,0.0,0.0,2024-11-29,23
2024-11-30 00:00:00,0.0,0.0,2024-11-30,0
2024-11-30 01:00:00,0.0,0.0,2024-11-30,1
2024-11-30 02:00:00,0.0,0.0,2024-11-30,2
2024-11-30 03:00:00,0.0,0.0,2024-11-30,3
2024-11-30 04:00:00,0.0,0.0,2024-11-30,4
2024-11-30 05:00:00,0.0,0.0,2024-11-30,5
2024-11-30 06:00:00,0.03315463,0.04384028,2024-11-30,6
2024-11-30 07:00:00,0.163741,0.1997402,2024-11-30,7
2024-11-30 08:00:00,0.3587064,0.4809769,2024-11-30,8
2024-11-30 09:00:00,0.4990493,0.6593118,2024-11-30,9
2024-11-30 10:00:00,0.6802755,0.9184209,2024-11-30,10
2024-11-30 11:00:00,0.7132667,0.9580102,2024-11-30,11
2024-11-30 12:00:00,0.6535947,0.8825976,2024-11-30,12
2024-11-30 13:00:00,0.6475019,0.9064862,2024-11-30,13
2024-11-30 14:00:00,0.4497732,0.6704494,2024-11-30,14
2024-11-30 15:00:00,0.2492573,0.4429641,2024-11-30,15
2024-11-30 16:00:00,0.04221731,0.2000119,2024-11-30,16
2024-11-30 17:00:00,0.0,0.0,2024-11-30,17
2024-11-30 18:00:00,0.0,0.0,2024-11-30,18
2024-11-30 19:00:00,0.0,0.0,2024-11-30,19
2024-11-30 20:00:00,0.0,0.0,2024-11-30,20
2024-11-30 21:00:00,0.0,0.0,2024-11-30,21
2024-11-30 22:00:00,0.0,0.0,2024-11-30,22
2024-11-30 23:00:00,0.0,0.0,2024-11-30,23
2024-12-01 00:00:00,0.0,0.0,2024-12-01,0
2024-12-01 01:00:00,0.0,0.0,2024-12-01,1
2024-12-01 02:00:00,0.0,0.0,2024-12-01,2
2024-12-01 03:00:00,0.0,0.0,2024-12-01,3
2024-12-01 04:00:00,0.0,0.0,2024-12-01,4
2024-12-01 05:00:00,0.0,0.0,2024-12-01,5
2024-12-01 06:00:00,0.03669921,0.05816504,2024-12-01,6
2024-12-01 07:00:00,0.2019426,0.2913566,2024-12-01,7
2024-12-01 08:00:00,0.4646787,0.6821846,2024-12-01,8
2024-12-01 09:00:00,0.6744094,0.9394822,2024-12-01,9
2024-12-01 10:00:00,0.6088449,0.8070694,2024-12-01,10
2024-12-01 11:00:00,0.8178768,1.105612,2024-12-01,11
2024-12-01 12:00:00,0.7452867,1.015176,2024-12-01,12
2024-12-01 13:00:00,0.6520736,0.9146373,2024-12-01,13
2024-12-01 14:00:00,0.5111929,0.7677129,2024-12-01,14
2024-12-01 15:00:00,0.2556039,0.4560431,2024-12-01,15
2024-12-01 16:00:00,0.03453799,0.1383066,2024-12-01,16
2024-12-01 17:00:00,0.0,0.0,2024-12-01,17
2024-12-01 18:00:00,0.0,0.0,2024-12-01,18
2024-12-01 19:00:00,0.0,0.0,2024-12-01,19
2024-12-01 20:00:00,0.0,0.0,2024-12-01,20
2024-12-01 21:00:00,0.0,0.0,2024-12-01,21
2024-12-01 22:00:00,0.0,0.0,2024-12-01,22
2024-12-01 23:00:00,0.0,0.0,2024-12-01,23
2024-12-02 00:00:00,0.0,0.0,2024-12-02,0
2024-12-02 01:00:00,0.0,0.0,2024-12-02,1
2024-12-02 02:00:00,0.0,0.0,2024-12-02,2
2024-12-02 03:00:00,0.0,0.0,2024-12-02,3
2024-12-02 04:00:00,0.0,0.0,2024-12-02,4
2024-12-02 05:00:00,0.0,0.0,2024-12-02,5
2024-12-02 06:00:00,0.0735137,0.2736899,2024-12-02,6
2024-12-02 07:00:00,0.1432209,0.1633861,2024-12-02,7
2024-12-02 08:00:00,0.3984441,0.5667078,2024-12-02,8
2024-12-02 09:00:00,0.5221928,0.7057466,2024-12-02,9
2024-12-02 10:00:00,0.4613179,0.5459086,2024-12-02,10
2024-12-02 11:00:00,0.4953454,0.5933155,2024-12-02,11
2024-12-02 12:00:00,0.5113207,0.6408775,2024-12-02,12
2024-12-02 13:00:00,0.3942902,0.4777761,2024-12-02,13
2024-12-02 14:00:00,0.1607091,0.1611695,2024-12-02,14
2024-12-02 15:00:00,0.08944763,0.09099569,2024-12-02,15
2024-12-02 16:00:00,0.02266933,0.04273592,2024-12-02,16
2024-12-02 17:00:00,0.0,0.0,2024-12-02,17
2024-12-02 18:00:00,0.0,0.0,2024-12-02,18
2024-12-02 19:00:00,0.0,0.0,2024-12-02,19
2024-12-02 20:00:00,0.0,0.0,2024-12-02,20
2024-12-02 21:00:00,0.0,0.0,2024-12-02,21
2024-12-02 22:00:00,0.0,0.0,2024-12-02,22
2024-12-02 23:00:00,0.0,0.0,2024-12-02,23
2024-12-03 00:00:00,0.0,0.0,2024-12-03,0
2024-12-03 01:00:00,0.0,0.0,2024-12-03,1
2024-12-03 02:00:00,0.0,0.0,2024-12-03,2
2024-12-03 03:00:00,0.0,0.0,2024-12-03,3
2024-12-03 04:00:00,0.0,0.0,2024-12-03,4
2024-12-03 05:00:00,0.0,0.0,2024-12-03,5
2024-12-03 06:00:00,0.0508931,0.1566324,2024-12-03,6
2024-12-03 07:00:00,0.2714562,0.4645342,2024-12-03,7
2024-12-03 08:00:00,0.3163584,0.4009282,2024-12-03,8
2024-12-03 09:00:00,0.4377842,0.5500766,2024-12-03,9
2024-12-03 10:00:00,0.3895122,0.4284655,2024-12-03,10
2024-12-03 11:00:00,0.5066116,0.6144777,2024-12-03,11
2024-12-03 12:00:00,0.6001673,0.8006871,2024-12-03,12
2024-12-03 13:00:00,0.4819937,0.6450372,2024-12-03,13
2024-12-03 14:00:00,0.2160429,0.2328902,2024-12-03,14
2024-12-03 15:00:00,0.1900057,0.3025107,2024-12-03,15
2024-12-03 16:00:00,0.03212343,0.1149241,2024-12-03,16
2024-12-03 17:00:00,0.0,0.0,2024-12-03,17
2024-12-03 18:00:00,0.0,0.0,2024-12-03,18
2024-12-03 19:00:00,0.0,0.0,2024-12-03,19
2024-12-03 20:00:00,0.0,0.0,2024-12-03,20
2024-12-03 21:00:00,0.0,0.0,2024-12-03,21
2024-12-03 22:00:00,0.0,0.0,2024-12-03,22
2024-12-03 23:00:00,0.0,0.0,2024-12-03,23
2024-12-04 00:00:00,0.0,0.0,2024-12-04,0
2024-12-04 01:00:00,0.0,0.0,2024-12-04,1
2024-12-04 02:00:00,0.0,0.0,2024-12-04,2
2024-12-04 03:00:00,0.0,0.0,2024-12-04,3
2024-12-04 04:00:00,0.0,0.0,2024-12-04,4
2024-12-04 05:00:00,0.0,0.0,2024-12-04,5
2024-12-04 06:00:00,0.0618507,0.2417829,2024-12-04,6
2024-12-04 07:00:00,0.2170106,0.3409031,2024-12-04,7
2024-12-04 08:00:00,0.3709098,0.5162499,2024-12-04,8
2024-12-04 09:00:00,0.530714,0.7249053,2024-12-04,9
2024-12-04 10:00:00,0.3850322,0.4223159,2024-12-04,10
2024-12-04 11:00:00,0.3817595,0.410588,2024-12-04,11
2024-12-04 12:00:00,0.3132506,0.3234849,2024-12-04,12
2024-12-04 13:00:00,0.06777136,0.06610377,2024-12-04,13
2024-12-04 14:00:00,0.1320106,0.1303638,2024-12-04,14
2024-12-04 15:00:00,0.09876129,0.1028329,2024-12-04,15
2024-12-04 16:00:00,0.008421232,0.008706952,2024-12-04,16
2024-12-04 17:00:00,0.0,0.0,2024-12-04,17
2024-12-04 18:00:00,0.0,0.0,2024-12-04,18
2024-12-04 19:00:00,0.0,0.0,2024-12-04,19
2024-12-04 20:00:00,0.0,0.0,2024-12-04,20
2024-12-04 21:00:00,0.0,0.0,2024-12-04,21
2024-12-04 22:00:00,0.0,0.0,2024-12-04,22
2024-12-04 23:00:00,0.0,0.0,2024-12-04,23
2024-12-05 00:00:00,0.0,0.0,2024-12-05,0
2024-12-05 01:00:00,0.0,0.0,2024-12-05,1
2024-12-05 02:00:00,0.0,0.0,2024-12-05,2
2024-12-05 03:00:00,0.0,0.0,2024-12-05,3
2024-12-05 04:00:00,0.0,0.0,2024-12-05,4
2024-12-05 05:00:00,0.0,0.0,2024-12-05,5
2024-12-05 06:00:00,0.0458187,0.1408167,2024-12-05,6
2024-12-05 07:00:00,0.1102043,0.1145795,2024-12-05,7
2024-12-05 08:00:00,0.3991497,0.5755465,2024-12-05,8
2024-12-05 09:00:00,0.548893,0.7580889,2024-12-05,9
2024-12-05 10:00:00,0.6419745,0.8681528,2024-12-05,10
2024-12-05 11:00:00,0.6448907,0.8604379,2024-12-05,11
2024-12-05 12:00:00,0.5898274,0.7854948,2024-12-05,12
2024-12-05 13:00:00,0.4895922,0.6612514,2024-12-05,13
2024-12-05 14:00:00,0.4313137,0.6468373,2024-12-05,14
2024-12-05 15:00:00,0.1833396,0.2846277,2024-12-05,15
2024-12-05 16:00:00,0.03718005,0.1598313,2024-12-05,16
2024-12-05 17:00:00,0.0,0.0,2024-12-05,17
2024-12-05 18:00:00,0.0,0.0,2024-12-05,18
2024-12-05 19:00:00,0.0,0.0,2024-12-05,19
2024-12-05 20:00:00,0.0,0.0,2024-12-05,20
2024-12-05 21:00:00,0.0,0.0,2024-12-05,21
2024-12-05 22:00:00,0.0,0.0,2024-12-05,22
2024-12-05 23:00:00,0.0,0.0,2024-12-05,23
2024-12-06 00:00:00,0.0,0.0,2024-12-06,0
2024-12-06 01:00:00,0.0,0.0,2024-12-06,1
2024-12-06 02:00:00,0.0,0.0,2024-12-06,2
2024-12-06 03:00:00,0.0,0.0,2024-12-06,3
2024-12-06 04:00:00,0.0,0.0,2024-12-06,4
2024-12-06 05:00:00,0.0,0.0,2024-12-06,5
2024-12-06 06:00:00,0.04117518,0.1151769,2024-12-06,6
2024-12-06 07:00:00,0.1767545,0.2424961,2024-12-06,7
2024-12-06 08:00:00,0.2424575,0.2691806,2024-12-06,8
2024-12-06 09:00:00,0.3730108,0.4355501,2024-12-06,9
2024-12-06 10:00:00,0.505329,0.6303414,2024-12-06,10
2024-12-06 11:00:00,0.4643105,0.5432345,2024-12-06,11
2024-12-06 12:00:00,0.3262872,0.3408906,2024-12-06,12
2024-12-06 13:00:00,0.2225222,0.2230145,2024-12-06,13
2024-12-06 14:00:00,0.2917547,0.3686479,2024-12-06,14
2024-12-06 15:00:00,0.2012391,0.3344501,2024-12-06,15
2024-12-06 16:00:00,0.01764641,0.02255969,2024-12-06,16
2024-12-06 17:00:00,0.0,0.0,2024-12-06,17
2024-12-06 18:00:00,0.0,0.0,2024-12-06,18
2024-12-06 19:00:00,0.0,0.0,2024-12-06,19
2024-12-06 20:00:00,0.0,0.0,2024-12-06,20
2024-12-06 21:00:00,0.0,0.0,2024-12-06,21
2024-12-06 22:00:00,0.0,0.0,2024-12-06,22
2024-12-06 23:00:00,0.0,0.0,2024-12-06,23
2024-12-07 00:00:00,0.0,0.0,2024-12-07,0
2024-12-07 01:00:00,0.0,0.0,2024-12-07,1
2024-12-07 02:00:00,0.0,0.0,2024-12-07,2
2024-12-07 03:00:00,0.0,0.0,2024-12-07,3
2024-12-07 04:00:00,0.0,0.0,2024-12-07,4
2024-12-07 05:00:00,0.0,0.0,2024-12-07,5
2024-12-07 06:00:00,0.04613798,0.167713,2024-12-07,6
2024-12-07 07:00:00,0.2345477,0.3962706,2024-12-07,7
2024-12-07 08:00:00,0.3884421,0.5590534,2024-12-07,8
2024-12-07 09:00:00,0.6335233,0.8904685,2024-12-07,9
2024-12-07 10:00:00,0.6757432,0.9223413,2024-12-07,10
2024-12-07 11:00:00,0.7084548,0.9605229,2024-12-07,11
2024-12-07 12:00:00,0.7337051,1.006443,2024-12-07,12
2024-12-07 13:00:00,0.5951112,0.8384588,2024-12-07,13
2024-12-07 14:00:00,0.4791051,0.7237999,2024-12-07,14
2024-12-07 15:00:00,0.2096558,0.3571905,2024-12-07,15
2024-12-07 16:00:00,0.03793703,0.1640112,2024-12-07,16
2024-12-07 17:00:00,0.0,0.0,2024-12-07,17
2024-12-07 18:00:00,0.0,0.0,2024-12-07,18
2024-12-07 19:00:00,0.0,0.0,2024-12-07,19
2024-12-07 20:00:00,0.0,0.0,2024-12-07,20
2024-12-07 21:00:00,0.0,0.0,2024-12-07,21
2024-12-07 22:00:00,0.0,0.0,2024-12-07,22
2024-12-07 23:00:00,0.0,0.0,2024-12-07,23
2024-12-08 00:00:00,0.0,0.0,2024-12-08,0
2024-12-08 01:00:00,0.0,0.0,2024-12-08,1
2024-12-08 02:00:00,0.0,0.0,2024-12-08,2
2024-12-08 03:00:00,0.0,0.0,2024-12-08,3
2024-12-08 04:00:00,0.0,0.0,2024-12-08,4
2024-12-08 05:00:00,0.0,0.0,2024-12-08,5
2024-12-08 06:00:00,0.03150811,0.06385422,2024-12-08,6
2024-12-08 07:00:00,0.2591063,0.4543297,2024-12-08,7
2024-12-08 08:00:00,0.4007798,0.5854752,2024-12-08,8
2024-12-08 09:00:00,0.5869495,0.8237927,2024-12-08,9
2024-12-08 10:00:00,0.5537421,0.7217243,2024-12-08,10
2024-12-08 11:00:00,0.6112797,0.8076628,2024-12-08,11
2024-12-08 12:00:00,0.6558705,0.8958448,2024-12-08,12
2024-12-08 13:00:00,0.6272593,0.8863084,2024-12-08,13
2024-12-08 14:00:00,0.472719,0.7144254,2024-12-08,14
2024-12-08 15:00:00,0.2488002,0.4482095,2024-12-08,15
2024-12-08 16:00:00,0.0372758,0.1565456,2024-12-08,16
2024-12-08 17:00:00,0.0,0.0,2024-12-08,17
2024-12-08 18:00:00,0.0,0.0,2024-12-08,18
2024-12-08 19:00:00,0.0,0.0,2024-12-08,19
2024-12-08 20:00:00,0.0,0.0,2024-12-08,20
2024-12-08 21:00:00,0.0,0.0,2024-12-08,21
2024-12-08 22:00:00,0.0,0.0,2024-12-08,22
2024-12-08 23:00:00,0.0,0.0,2024-12-08,23
2024-12-09 00:00:00,0.0,0.0,2024-12-09,0
2024-12-09 01:00:00,0.0,0.0,2024-12-09,1
2024-12-09 02:00:00,0.0,0.0,2024-12-09,2
2024-12-09 03:00:00,0.0,0.0,2024-12-09,3
2024-12-09 04:00:00,0.0,0.0,2024-12-09,4
2024-12-09 05:00:00,0.0,0.0,2024-12-09,5
2024-12-09 06:00:00,0.02600045,0.04072414,2024-12-09,6
2024-12-09 07:00:00,0.1702957,0.233813,2024-12-09,7
2024-12-09 08:00:00,0.3667002,0.5190148,2024-12-09,8
2024-12-09 09:00:00,0.5257441,0.7249627,2024-12-09,9
2024-12-09 10:00:00,0.5097426,0.6422353,2024-12-09,10
2024-12-09 11:00:00,0.6241214,0.830663,2024-12-09,11
2024-12-09 12:00:00,0.6452852,0.8804907,2024-12-09,12
2024-12-09 13:00:00,0.5871753,0.828424,2024-12-09,13
2024-12-09 14:00:00,0.4767761,0.7214199,2024-12-09,14
2024-12-09 15:00:00,0.2372279,0.4243346,2024-12-09,15
2024-12-09 16:00:00,0.02109449,0.0326378,2024-12-09,16
2024-12-09 17:00:00,0.0,0.0,2024-12-09,17
2024-12-09 18:00:00,0.0,0.0,2024-12-09,18
2024-12-09 19:00:00,0.0,0.0,2024-12-09,19
2024-12-09 20:00:00,0.0,0.0,2024-12-09,20
2024-12-09 21:00:00,0.0,0.0,2024-12-09,21
2024-12-09 22:00:00,0.0,0.0,2024-12-09,22
2024-12-09 23:00:00,0.0,0.0,2024-12-09,23
2024-12-10 00:00:00,0.0,0.0,2024-12-10,0
2024-12-10 01:00:00,0.0,0.0,2024-12-10,1
2024-12-10 02:00:00,0.0,0.0,2024-12-10,2
2024-12-10 03:00:00,0.0,0.0,2024-12-10,3
2024-12-10 04:00:00,0.0,0.0,2024-12-10,4
2024-12-10 05:00:00,0.0,0.0,2024-12-10,5
2024-12-10 06:00:00,0.03535781,0.1025908,2024-12-10,6
2024-12-10 07:00:00,0.1667145,0.2271868,2024-12-10,7
2024-12-10 08:00:00,0.3953488,0.5790679,2024-12-10,8
2024-12-10 09:00:00,0.3554175,0.4090292,2024-12-10,9
2024-12-10 10:00:00,0.5416871,0.7022766,2024-12-10,10
2024-12-10 11:00:00,0.3476736,0.3648852,2024-12-10,11
2024-12-10 12:00:00,0.2815092,0.2851353,2024-12-10,12
2024-12-10 13:00:00,0.26175,0.270406,2024-12-10,13
2024-12-10 14:00:00,0.2493067,0.2876909,2024-12-10,14
2024-12-10 15:00:00,0.2176485,0.3774175,2024-12-10,15
2024-12-10 16:00:00,0.02970403,0.08384068,2024-12-10,16
2024-12-10 17:00:00,0.0,0.0,2024-12-10,17
2024-12-10 18:00:00,0.0,0.0,2024-12-10,18
2024-12-10 19:00:00,0.0,0.0,2024-12-10,19
2024-12-10 20:00:00,0.0,0.0,2024-12-10,20
2024-12-10 21:00:00,0.0,0.0,2024-12-10,21
2024-12-10 22:00:00,0.0,0.0,2024-12-10,22
2024-12-10 23:00:00,0.0,0.0,2024-12-10,23
2024-12-11 00:00:00,0.0,0.0,2024-12-11,0
2024-12-11 01:00:00,0.0,0.0,2024-12-11,1
2024-12-11 02:00:00,0.0,0.0,2024-12-11,2
2024-12-11 03:00:00,0.0,0.0,2024-12-11,3
2024-12-11 04:00:00,0.0,0.0,2024-12-11,4
2024-12-11 05:00:00,0.0,0.0,2024-12-11,5
2024-12-11 06:00:00,0.04633556,0.2076474,2024-12-11,6
2024-12-11 07:00:00,0.07871255,0.07844453,2024-12-11,7
2024-12-11 08:00:00,0.1103743,0.1085391,2024-12-11,8
2024-12-11 09:00:00,0.107198,0.1048724,2024-12-11,9
2024-12-11 10:00:00,0.120057,0.1173559,2024-12-11,10
2024-12-11 11:00:00,0.3107518,0.3175129,2024-12-11,11
2024-12-11 12:00:00,0.09594555,0.09365454,2024-12-11,12
2024-12-11 13:00:00,0.08209161,0.08016513,2024-12-11,13
2024-12-11 14:00:00,0.03023389,0.02945081,2024-12-11,14
2024-12-11 15:00:00,0.004745114,0.004612913,2024-12-11,15
2024-12-11 16:00:00,0.00791758,0.008120941,2024-12-11,16
2024-12-11 17:00:00,0.0,0.0,2024-12-11,17
2024-12-11 18:00:00,0.0,0.0,2024-12-11,18
2024-12-11 19:00:00,0.0,0.0,2024-12-11,19
2024-12-11 20:00:00,0.0,0.0,2024-12-11,20
2024-12-11 21:00:00,0.0,0.0,2024-12-11,21
2024-12-11 22:00:00,0.0,0.0,2024-12-11,22
2024-12-11 23:00:00,0.0,0.0,2024-12-11,23
2024-12-12 00:00:00,0.0,0.0,2024-12-12,0
2024-12-12 01:00:00,0.0,0.0,2024-12-12,1
2024-12-12 02:00:00,0.0,0.0,2024-12-12,2
2024-12-12 03:00:00,0.0,0.0,2024-12-12,3
2024-12-12 04:00:00,0.0,0.0,2024-12-12,4
2024-12-12 05:00:00,0.0,0.0,2024-12-12,5
2024-12-12 06:00:00,0.03012683,0.07202472,2024-12-12,6
2024-12-12 07:00:00,0.2295804,0.4000068,2024-12-12,7
2024-12-12 08:00:00,0.4515209,0.6807809,2024-12-12,8
2024-12-12 09:00:00,0.527382,0.7321509,2024-12-12,9
2024-12-12 10:00:00,0.61779,0.8379155,2024-12-12,10
2024-12-12 11:00:00,0.6632301,0.897217,2024-12-12,11
2024-12-12 12:00:00,0.6216365,0.8449469,2024-12-12,12
2024-12-12 13:00:00,0.4296715,0.550103,2024-12-12,13
2024-12-12 14:00:00,0.3987104,0.5922881,2024-12-12,14
2024-12-12 15:00:00,0.2312007,0.4097432,2024-12-12,15
2024-12-12 16:00:00,0.03798601,0.1539104,2024-12-12,16
2024-12-12 17:00:00,0.0,0.0,2024-12-12,17
2024-12-12 18:00:00,0.0,0.0,2024-12-12,18
2024-12-12 19:00:00,0.0,0.0,2024-12-12,19
2024-12-12 20:00:00,0.0,0.0,2024-12-12,20
2024-12-12 21:00:00,0.0,0.0,2024-12-12,21
2024-12-12 22:00:00,0.0,0.0,2024-12-12,22
2024-12-12 23:00:00,0.0,0.0,2024-12-12,23
2024-12-13 00:00:00,0.0,0.0,2024-12-13,0
2024-12-13 01:00:00,0.0,0.0,2024-12-13,1
2024-12-13 02:00:00,0.0,0.0,2024-12-13,2
2024-12-13 03:00:00,0.0,0.0,2024-12-13,3
2024-12-13 04:00:00,0.0,0.0,2024-12-13,4
2024-12-13 05:00:00,0.0,0.0,2024-12-13,5
2024-12-13 06:00:00,0.0328951,0.09840615,2024-12-13,6
2024-12-13 07:00:00,0.176434,0.2598206,2024-12-13,7
2024-12-13 08:00:00,0.4406596,0.6650133,2024-12-13,8
2024-12-13 09:00:00,0.6385255,0.9053479,2024-12-13,9
2024-12-13 10:00:00,0.7370958,1.015732,2024-12-13,10
2024-12-13 11:00:00,0.7663949,1.047327,2024-12-13,11
2024-12-13 12:00:00,0.5170769,0.660328,2024-12-13,12
2024-12-13 13:00:00,0.3846562,0.4644413,2024-12-13,13
2024-12-13 14:00:00,0.3565737,0.5069723,2024-12-13,14
2024-12-13 15:00:00,0.1918633,0.305115,2024-12-13,15
2024-12-13 16:00:00,0.03310718,0.1057813,2024-12-13,16
2024-12-13 17:00:00,0.0,0.0,2024-12-13,17
2024-12-13 18:00:00,0.0,0.0,2024-12-13,18
2024-12-13 19:00:00,0.0,0.0,2024-12-13,19
2024-12-13 20:00:00,0.0,0.0,2024-12-13,20
2024-12-13 21:00:00,0.0,0.0,2024-12-13,21
2024-12-13 22:00:00,0.0,0.0,2024-12-13,22
2024-12-13 23:00:00,0.0,0.0,2024-12-13,23
2024-12-14 00:00:00,0.0,0.0,2024-12-14,0
2024-12-14 01:00:00,0.0,0.0,2024-12-14,1
2024-12-14 02:00:00,0.0,0.0,2024-12-14,2
2024-12-14 03:00:00,0.0,0.0,2024-12-14,3
2024-12-14 04:00:00,0.0,0.0,2024-12-14,4
2024-12-14 05:00:00,0.0,0.0,2024-12-14,5
2024-12-14 06:00:00,0.02953514,0.07607923,2024-12-14,6
2024-12-14 07:00:00,0.1538955,0.2038201,2024-12-14,7
2024-12-14 08:00:00,0.3784169,0.5527801,2024-12-14,8
2024-12-14 09:00:00,0.4852051,0.6578404,2024-12-14,9
2024-12-14 10:00:00,0.6816171,0.9374961,2024-12-14,10
2024-12-14 11:00:00,0.7157199,0.9763882,2024-12-14,11
2024-12-14 12:00:00,0.5931241,0.7980386,2024-12-14,12
2024-12-14 13:00:00,0.5596417,0.7882797,2024-12-14,13
2024-12-14 14:00:00,0.4147931,0.6218769,2024-12-14,14
2024-12-14 15:00:00,0.2548048,0.4591133,2024-12-14,15
2024-12-14 16:00:00,0.05269675,0.2534336,2024-12-14,16
2024-12-14 17:00:00,0.0,0.0,2024-12-14,17
2024-12-14 18:00:00,0.0,0.0,2024-12-14,18
2024-12-14 19:00:00,0.0,0.0,2024-12-14,19
2024-12-14 20:00:00,0.0,0.0,2024-12-14,20
2024-12-14 21:00:00,0.0,0.0,2024-12-14,21
2024-12-14 22:00:00,0.0,0.0,2024-12-14,22
2024-12-14 23:00:00,0.0,0.0,2024-12-14,23
2024-12-15 00:00:00,0.0,0.0,2024-12-15,0
2024-12-15 01:00:00,0.0,0.0,2024-12-15,1
2024-12-15 02:00:00,0.0,0.0,2024-12-15,2
2024-12-15 03:00:00,0.0,0.0,2024-12-15,3
2024-12-15 04:00:00,0.0,0.0,2024-12-15,4
2024-12-15 05:00:00,0.0,0.0,2024-12-15,5
2024-12-15 06:00:00,0.04934449,0.2368141,2024-12-15,6
2024-12-15 07:00:00,0.2445001,0.4414811,2024-12-15,7
2024-12-15 08:00:00,0.442627,0.6705437,2024-12-15,8
2024-12-15 09:00:00,0.5988332,0.8488052,2024-12-15,9
2024-12-15 10:00:00,0.6952535,0.9575007,2024-12-15,10
2024-12-15 11:00:00,0.7203681,0.9834282,2024-12-15,11
2024-12-15 12:00:00,0.5836704,0.7819331,2024-12-15,12
2024-12-15 13:00:00,0.4676709,0.62397,2024-12-15,13
2024-12-15 14:00:00,0.4075563,0.6084756,2024-12-15,14
2024-12-15 15:00:00,0.2400084,0.4277039,2024-12-15,15
2024-12-15 16:00:00,0.03280849,0.09713569,2024-12-15,16
2024-12-15 17:00:00,0.0,0.0,2024-12-15,17
2024-12-15 18:00:00,0.0,0.0,2024-12-15,18
2024-12-15 19:00:00,0.0,0.0,2024-12-15,19
2024-12-15 20:00:00,0.0,0.0,2024-12-15,20
2024-12-15 21:00:00,0.0,0.0,2024-12-15,21
2024-12-15 22:00:00,0.0,0.0,2024-12-15,22
2024-12-15 23:00:00,0.0,0.0,2024-12-15,23
2024-12-16 00:00:00,0.0,0.0,2024-12-16,0
2024-12-16 01:00:00,0.0,0.0,2024-12-16,1
2024-12-16 02:00:00,0.0,0.0,2024-12-16,2
2024-12-16 03:00:00,0.0,0.0,2024-12-16,3
2024-12-16 04:00:00,0.0,0.0,2024-12-16,4
2024-12-16 05:00:00,0.0,0.0,2024-12-16,5
2024-12-16 06:00:00,0.04077417,0.1851886,2024-12-16,6
2024-12-16 07:00:00,0.2486675,0.4519034,2024-12-16,7
2024-12-16 08:00:00,0.3883624,0.5757613,2024-12-16,8
2024-12-16 09:00:00,0.3274217,0.3663247,2024-12-16,9
2024-12-16 10:00:00,0.598654,0.8091938,2024-12-16,10
2024-12-16 11:00:00,0.3961782,0.4361692,2024-12-16,11
2024-12-16 12:00:00,0.5761541,0.7689105,2024-12-16,12
2024-12-16 13:00:00,0.3854796,0.4657279,2024-12-16,13
2024-12-16 14:00:00,0.3838186,0.5622232,2024-12-16,14
2024-12-16 15:00:00,0.2516,0.4515074,2024-12-16,15
2024-12-16 16:00:00,0.04044341,0.1633209,2024-12-16,16
2024-12-16 17:00:00,0.0,0.0,2024-12-16,17
2024-12-16 18:00:00,0.0,0.0,2024-12-16,18
2024-12-16 19:00:00,0.0,0.0,2024-12-16,19
2024-12-16 20:00:00,0.0,0.0,2024-12-16,20
2024-12-16 21:00:00,0.0,0.0,2024-12-16,21
2024-12-16 22:00:00,0.0,0.0,2024-12-16,22
2024-12-16 23:00:00,0.0,0.0,2024-12-16,23
2024-12-17 00:00:00,0.0,0.0,2024-12-17,0
2024-12-17 01:00:00,0.0,0.0,2024-12-17,1
2024-12-17 02:00:00,0.0,0.0,2024-12-17,2
2024-12-17 03:00:00,0.0,0.0,2024-12-17,3
2024-12-17 04:00:00,0.0,0.0,2024-12-17,4
2024-12-17 05:00:00,0.0,0.0,2024-12-17,5
2024-12-17 06:00:00,0.03849478,0.170696,2024-12-17,6
2024-12-17 07:00:00,0.2345192,0.4242668,2024-12-17,7
2024-12-17 08:00:00,0.3963456,0.5925399,2024-12-17,8
2024-12-17 09:00:00,0.443754,0.581135,2024-12-17,9
2024-12-17 10:00:00,0.5985865,0.8097041,2024-12-17,10
2024-12-17 11:00:00,0.3938249,0.4326988,2024-12-17,11
2024-12-17 12:00:00,0.3522204,0.3782153,2024-12-17,12
2024-12-17 13:00:00,0.4634282,0.6154261,2024-12-17,13
2024-12-17 14:00:00,0.2631555,0.3112079,2024-12-17,14
2024-12-17 15:00:00,0.132213,0.1543045,2024-12-17,15
2024-12-17 16:00:00,0.02704824,0.05173726,2024-12-17,16
2024-12-17 17:00:00,0.0,0.0,2024-12-17,17
2024-12-17 18:00:00,0.0,0.0,2024-12-17,18
2024-12-17 19:00:00,0.0,0.0,2024-12-17,19
2024-12-17 20:00:00,0.0,0.0,2024-12-17,20
2024-12-17 21:00:00,0.0,0.0,2024-12-17,21
2024-12-17 22:00:00,0.0,0.0,2024-12-17,22
2024-12-17 23:00:00,0.0,0.0,2024-12-17,23
2024-12-18 00:00:00,0.0,0.0,2024-12-18,0
2024-12-18 01:00:00,0.0,0.0,2024-12-18,1
2024-12-18 02:00:00,0.0,0.0,2024-12-18,2
2024-12-18 03:00:00,0.0,0.0,2024-12-18,3
2024-12-18 04:00:00,0.0,0.0,2024-12-18,4
2024-12-18 05:00:00,0.0,0.0,2024-12-18,5
2024-12-18 06:00:00,0.03752521,0.1666972,2024-12-18,6
2024-12-18 07:00:00,0.2557084,0.4688999,2024-12-18,7
2024-12-18 08:00:00,0.4555342,0.6939455,2024-12-18,8
2024-12-18 09:00:00,0.5566938,0.787199,2024-12-18,9
2024-12-18 10:00:00,0.6119231,0.8326372,2024-12-18,10
2024-12-18 11:00:00,0.55834,0.7201574,2024-12-18,11
2024-12-18 12:00:00,0.5680838,0.7546602,2024-12-18,12
2024-12-18 13:00:00,0.5715512,0.8071821,2024-12-18,13
2024-12-18 14:00:00,0.4799429,0.7271767,2024-12-18,14
2024-12-18 15:00:00,0.233808,0.4098155,2024-12-18,15
2024-12-18 16:00:00,0.03706343,0.1235791,2024-12-18,16
2024-12-18 17:00:00,0.0,0.0,2024-12-18,17
2024-12-18 18:00:00,0.0,0.0,2024-12-18,18
2024-12-18 19:00:00,0.0,0.0,2024-12-18,19
2024-12-18 20:00:00,0.0,0.0,2024-12-18,20
2024-12-18 21:00:00,0.0,0.0,2024-12-18,21
2024-12-18 22:00:00,0.0,0.0,2024-12-18,22
2024-12-18 23:00:00,0.0,0.0,2024-12-18,23
2024-12-19 00:00:00,0.0,0.0,2024-12-19,0
2024-12-19 01:00:00,0.0,0.0,2024-12-19,1
2024-12-19 02:00:00,0.0,0.0,2024-12-19,2
2024-12-19 03:00:00,0.0,0.0,2024-12-19,3
2024-12-19 04:00:00,0.0,0.0,2024-12-19,4
2024-12-19 05:00:00,0.0,0.0,2024-12-19,5
2024-12-19 06:00:00,0.02911778,0.09480932,2024-12-19,6
2024-12-19 07:00:00,0.180996,0.2874993,2024-12-19,7
2024-12-19 08:00:00,0.3385355,0.4760965,2024-12-19,8
2024-12-19 09:00:00,0.3413852,0.3908762,2024-12-19,9
2024-12-19 10:00:00,0.04177723,0.04065512,2024-12-19,10
2024-12-19 11:00:00,0.2413201,0.2388772,2024-12-19,11
2024-12-19 12:00:00,0.4063113,0.4621404,2024-12-19,12
2024-12-19 13:00:00,0.4416478,0.5723435,2024-12-19,13
2024-12-19 14:00:00,0.1769826,0.1799627,2024-12-19,14
2024-12-19 15:00:00,0.06996424,0.06937431,2024-12-19,15
2024-12-19 16:00:00,0.01939262,0.0228553,2024-12-19,16
2024-12-19 17:00:00,0.0,0.0,2024-12-19,17
2024-12-19 18:00:00,0.0,0.0,2024-12-19,18
2024-12-19 19:00:00,0.0,0.0,2024-12-19,19
2024-12-19 20:00:00,0.0,0.0,2024-12-19,20
2024-12-19 21:00:00,0.0,0.0,2024-12-19,21
2024-12-19 22:00:00,0.0,0.0,2024-12-19,22
2024-12-19 23:00:00,0.0,0.0,2024-12-19,23
2024-12-20 00:00:00,0.0,0.0,2024-12-20,0
2024-12-20 01:00:00,0.0,0.0,2024-12-20,1
2024-12-20 02:00:00,0.0,0.0,2024-12-20,2
2024-12-20 03:00:00,0.0,0.0,2024-12-20,3
2024-12-20 04:00:00,0.0,0.0,2024-12-20,4
2024-12-20 05:00:00,0.0,0.0,2024-12-20,5
2024-12-20 06:00:00,0.03005977,0.1079782,2024-12-20,6
2024-12-20 07:00:00,0.05085675,0.05021978,2024-12-20,7
2024-12-20 08:00:00,0.08325037,0.08164274,2024-12-20,8
2024-12-20 09:00:00,0.04540581,0.0442261,2024-12-20,9
2024-12-20 10:00:00,0.1107839,0.1082502,2024-12-20,10
2024-12-20 11:00:00,0.1037074,0.1012445,2024-12-20,11
2024-12-20 12:00:00,0.04230456,0.04116834,2024-12-20,12
2024-12-20 13:00:00,0.02344885,0.0228022,2024-12-20,13
2024-12-20 14:00:00,0.0556917,0.0544021,2024-12-20,14
2024-12-20 15:00:00,0.07002667,0.06942213,2024-12-20,15
2024-12-20 16:00:00,0.01225056,0.01281136,2024-12-20,16
2024-12-20 17:00:00,0.0,0.0,2024-12-20,17
2024-12-20 18:00:00,0.0,0.0,2024-12-20,18
2024-12-20 19:00:00,0.0,0.0,2024-12-20,19
2024-12-20 20:00:00,0.0,0.0,2024-12-20,20
2024-12-20 21:00:00,0.0,0.0,2024-12-20,21
2024-12-20 22:00:00,0.0,0.0,2024-12-20,22
2024-12-20 23:00:00,0.0,0.0,2024-12-20,23
2024-12-21 00:00:00,0.0,0.0,2024-12-21,0
2024-12-21 01:00:00,0.0,0.0,2024-12-21,1
2024-12-21 02:00:00,0.0,0.0,2024-12-21,2
2024-12-21 03:00:00,0.0,0.0,2024-12-21,3
2024-12-21 04:00:00,0.0,0.0,2024-12-21,4
2024-12-21 05:00:00,0.0,0.0,2024-12-21,5
2024-12-21 06:00:00,0.0127406,0.0140813,2024-12-21,6
2024-12-21 07:00:00,0.06943768,0.06913266,2024-12-21,7
2024-12-21 08:00:00,0.1781569,0.1830539,2024-12-21,8
2024-12-21 09:00:00,0.4262291,0.5497876,2024-12-21,9
2024-12-21 10:00:00,0.4922306,0.6182373,2024-12-21,10
2024-12-21 11:00:00,0.23987,0.2373453,2024-12-21,11
2024-12-21 12:00:00,0.4780948,0.5881637,2024-12-21,12
2024-12-21 13:00:00,0.5406309,0.755656,2024-12-21,13
2024-12-21 14:00:00,0.3610891,0.5110919,2024-12-21,14
2024-12-21 15:00:00,0.2257446,0.3845466,2024-12-21,15
2024-12-21 16:00:00,0.05632637,0.2691046,2024-12-21,16
2024-12-21 17:00:00,0.0,0.0,2024-12-21,17
2024-12-21 18:00:00,0.0,0.0,2024-12-21,18
2024-12-21 19:00:00,0.0,0.0,2024-12-21,19
2024-12-21 20:00:00,0.0,0.0,2024-12-21,20
2024-12-21 21:00:00,0.0,0.0,2024-12-21,21
2024-12-21 22:00:00,0.0,0.0,2024-12-21,22
2024-12-21 23:00:00,0.0,0.0,2024-12-21,23
2024-12-22 00:00:00,0.0,0.0,2024-12-22,0
2024-12-22 01:00:00,0.0,0.0,2024-12-22,1
2024-12-22 02:00:00,0.0,0.0,2024-12-22,2
2024-12-22 03:00:00,0.0,0.0,2024-12-22,3
2024-12-22 04:00:00,0.0,0.0,2024-12-22,4
2024-12-22 05:00:00,0.0,0.0,2024-12-22,5
2024-12-22 06:00:00,0.0160134,0.02135967,2024-12-22,6
2024-12-22 07:00:00,0.1680889,0.2567379,2024-12-22,7
2024-12-22 08:00:00,0.4698217,0.719695,2024-12-22,8
2024-12-22 09:00:00,0.6255358,0.8920117,2024-12-22,9
2024-12-22 10:00:00,0.585095,0.788305,2024-12-22,10
2024-12-22 11:00:00,0.7596338,1.040285,2024-12-22,11
2024-12-22 12:00:00,0.6017836,0.8127998,2024-12-22,12
2024-12-22 13:00:00,0.4816964,0.6479982,2024-12-22,13
2024-12-22 14:00:00,0.4508718,0.6792833,2024-12-22,14
2024-12-22 15:00:00,0.2104611,0.3418883,2024-12-22,15
2024-12-22 16:00:00,0.04668283,0.190854,2024-12-22,16
2024-12-22 17:00:00,0.0,0.0,2024-12-22,17
2024-12-22 18:00:00,0.0,0.0,2024-12-22,18
2024-12-22 19:00:00,0.0,0.0,2024-12-22,19
2024-12-22 20:00:00,0.0,0.0,2024-12-22,20
2024-12-22 21:00:00,0.0,0.0,2024-12-22,21
2024-12-22 22:00:00,0.0,0.0,2024-12-22,22
2024-12-22 23:00:00,0.0,0.0,2024-12-22,23
2024-12-23 00:00:00,0.0,0.0,2024-12-23,0
2024-12-23 01:00:00,0.0,0.0,2024-12-23,1
2024-12-23 02:00:00,0.0,0.0,2024-12-23,2
2024-12-23 03:00:00,0.0,0.0,2024-12-23,3
2024-12-23 04:00:00,0.0,0.0,2024-12-23,4
2024-12-23 05:00:00,0.0,0.0,2024-12-23,5
2024-12-23 06:00:00,0.03161972,0.1348289,2024-12-23,6
2024-12-23 07:00:00,0.1718867,0.2695131,2024-12-23,7
2024-12-23 08:00:00,0.4293432,0.6556412,2024-12-23,8
2024-12-23 09:00:00,0.6181207,0.8812383,2024-12-23,9
2024-12-23 10:00:00,0.6076671,0.826839,2024-12-23,10
2024-12-23 11:00:00,0.7009128,0.9570476,2024-12-23,11
2024-12-23 12:00:00,0.7171316,0.9882777,2024-12-23,12
2024-12-23 13:00:00,0.628192,0.8896396,2024-12-23,13
2024-12-23 14:00:00,0.4732632,0.71364,2024-12-23,14
2024-12-23 15:00:00,0.1960385,0.3001777,2024-12-23,15
2024-12-23 16:00:00,0.03777995,0.1033832,2024-12-23,16
2024-12-23 17:00:00,0.0,0.0,2024-12-23,17
2024-12-23 18:00:00,0.0,0.0,2024-12-23,18
2024-12-23 19:00:00,0.0,0.0,2024-12-23,19
2024-12-23 20:00:00,0.0,0.0,2024-12-23,20
2024-12-23 21:00:00,0.0,0.0,2024-12-23,21
2024-12-23 22:00:00,0.0,0.0,2024-12-23,22
2024-12-23 23:00:00,0.0,0.0,2024-12-23,23
2024-12-24 00:00:00,0.0,0.0,2024-12-24,0
2024-12-24 01:00:00,0.0,0.0,2024-12-24,1
2024-12-24 02:00:00,0.0,0.0,2024-12-24,2
2024-12-24 03:00:00,0.0,0.0,2024-12-24,3
2024-12-24 04:00:00,0.0,0.0,2024-12-24,4
2024-12-24 05:00:00,0.0,0.0,2024-12-24,5
2024-12-24 06:00:00,0.02869107,0.111638,2024-12-24,6
2024-12-24 07:00:00,0.1442578,0.195135,2024-12-24,7
2024-12-24 08:00:00,0.2541548,0.3031568,2024-12-24,8
2024-12-24 09:00:00,0.5094472,0.7098631,2024-12-24,9
2024-12-24 10:00:00,0.56471,0.7524166,2024-12-24,10
2024-12-24 11:00:00,0.6738515,0.9165229,2024-12-24,11
2024-12-24 12:00:00,0.5188805,0.6625318,2024-12-24,12
2024-12-24 13:00:00,0.545545,0.7620212,2024-12-24,13
2024-12-24 14:00:00,0.4923822,0.7428268,2024-12-24,14
2024-12-24 15:00:00,0.1860512,0.2710436,2024-12-24,15
2024-12-24 16:00:00,0.01867985,0.02023486,2024-12-24,16
2024-12-24 17:00:00,0.0,0.0,2024-12-24,17
2024-12-24 18:00:00,0.0,0.0,2024-12-24,18
2024-12-24 19:00:00,0.0,0.0,2024-12-24,19
2024-12-24 20:00:00,0.0,0.0,2024-12-24,20
2024-12-24 21:00:00,0.0,0.0,2024-12-24,21
2024-12-24 22:00:00,0.0,0.0,2024-12-24,22
2024-12-24 23:00:00,0.0,0.0,2024-12-24,23
2024-12-25 00:00:00,0.0,0.0,2024-12-25,0
2024-12-25 01:00:00,0.0,0.0,2024-12-25,1
2024-12-25 02:00:00,0.0,0.0,2024-12-25,2
2024-12-25 03:00:00,0.0,0.0,2024-12-25,3
2024-12-25 04:00:00,0.0,0.0,2024-12-25,4
2024-12-25 05:00:00,0.0,0.0,2024-12-25,5
2024-12-25 06:00:00,0.02929905,0.1207944,2024-12-25,6
2024-12-25 07:00:00,0.1992551,0.3518366,2024-12-25,7
2024-12-25 08:00:00,0.4654111,0.7138929,2024-12-25,8
2024-12-25 09:00:00,0.6290395,0.8975683,2024-12-25,9
2024-12-25 10:00:00,0.6734399,0.9286057,2024-12-25,10
2024-12-25 11:00:00,0.6818065,0.9283151,2024-12-25,11
2024-12-25 12:00:00,0.6343914,0.8652488,2024-12-25,12
2024-12-25 13:00:00,0.6631495,0.9397878,2024-12-25,13
2024-12-25 14:00:00,0.5105008,0.7703536,2024-12-25,14
2024-12-25 15:00:00,0.2372511,0.4044385,2024-12-25,15
2024-12-25 16:00:00,0.05786883,0.2450449,2024-12-25,16
2024-12-25 17:00:00,0.0,0.0,2024-12-25,17
2024-12-25 18:00:00,0.0,0.0,2024-12-25,18
2024-12-25 19:00:00,0.0,0.0,2024-12-25,19
2024-12-25 20:00:00,0.0,0.0,2024-12-25,20
2024-12-25 21:00:00,0.0,0.0,2024-12-25,21
2024-12-25 22:00:00,0.0,0.0,2024-12-25,22
2024-12-25 23:00:00,0.0,0.0,2024-12-25,23
2024-12-26 00:00:00,0.0,0.0,2024-12-26,0
2024-12-26 01:00:00,0.0,0.0,2024-12-26,1
2024-12-26 02:00:00,0.0,0.0,2024-12-26,2
2024-12-26 03:00:00,0.0,0.0,2024-12-26,3
2024-12-26 04:00:00,0.0,0.0,2024-12-26,4
2024-12-26 05:00:00,0.0,0.0,2024-12-26,5
2024-12-26 06:00:00,0.0210735,0.05159581,2024-12-26,6
2024-12-26 07:00:00,0.07289092,0.07299253,2024-12-26,7
2024-12-26 08:00:00,0.04518434,0.04410465,2024-12-26,8
2024-12-26 09:00:00,0.1020049,0.09979209,2024-12-26,9
2024-12-26 10:00:00,0.1804393,0.1771151,2024-12-26,10
2024-12-26 11:00:00,0.2426352,0.2402235,2024-12-26,11
2024-12-26 12:00:00,0.5569253,0.7312923,2024-12-26,12
2024-12-26 13:00:00,0.4153324,0.5164534,2024-12-26,13
2024-12-26 14:00:00,0.3751902,0.533915,2024-12-26,14
2024-12-26 15:00:00,0.109663,0.114226,2024-12-26,15
2024-12-26 16:00:00,0.02760506,0.0376322,2024-12-26,16
2024-12-26 17:00:00,0.0,0.0,2024-12-26,17
2024-12-26 18:00:00,0.0,0.0,2024-12-26,18
2024-12-26 19:00:00,0.0,0.0,2024-12-26,19
2024-12-26 20:00:00,0.0,0.0,2024-12-26,20
2024-12-26 21:00:00,0.0,0.0,2024-12-26,21
2024-12-26 22:00:00,0.0,0.0,2024-12-26,22
2024-12-26 23:00:00,0.0,0.0,2024-12-26,23
2024-12-27 00:00:00,0.0,0.0,2024-12-27,0
2024-12-27 01:00:00,0.0,0.0,2024-12-27,1
2024-12-27 02:00:00,0.0,0.0,2024-12-27,2
2024-12-27 03:00:00,0.0,0.0,2024-12-27,3
2024-12-27 04:00:00,0.0,0.0,2024-12-27,4
2024-12-27 05:00:00,0.0,0.0,2024-12-27,5
2024-12-27 06:00:00,0.01197557,0.01374453,2024-12-27,6
2024-12-27 07:00:00,0.1190816,0.1408237,2024-12-27,7
2024-12-27 08:00:00,0.2850795,0.3667493,2024-12-27,8
2024-12-27 09:00:00,0.5076367,0.706915,2024-12-27,9
2024-12-27 10:00:00,0.4878152,0.6100479,2024-12-27,10
2024-12-27 11:00:00,0.4865997,0.5877219,2024-12-27,11
2024-12-27 12:00:00,0.4671213,0.565155,2024-12-27,12
2024-12-27 13:00:00,0.3717918,0.4354081,2024-12-27,13
2024-12-27 14:00:00,0.2642694,0.3065377,2024-12-27,14
2024-12-27 15:00:00,0.1265581,0.1384106,2024-12-27,15
2024-12-27 16:00:00,0.02870841,0.03937506,2024-12-27,16
2024-12-27 17:00:00,0.0,0.0,2024-12-27,17
2024-12-27 18:00:00,0.0,0.0,2024-12-27,18
2024-12-27 19:00:00,0.0,0.0,2024-12-27,19
2024-12-27 20:00:00,0.0,0.0,2024-12-27,20
2024-12-27 21:00:00,0.0,0.0,2024-12-27,21
2024-12-27 22:00:00,0.0,0.0,2024-12-27,22
2024-12-27 23:00:00,0.0,0.0,2024-12-27,23
2024-12-28 00:00:00,0.0,0.0,2024-12-28,0
2024-12-28 01:00:00,0.0,0.0,2024-12-28,1
2024-12-28 02:00:00,0.0,0.0,2024-12-28,2
2024-12-28 03:00:00,0.0,0.0,2024-12-28,3
2024-12-28 04:00:00,0.0,0.0,2024-12-28,4
2024-12-28 05:00:00,0.0,0.0,2024-12-28,5
2024-12-28 06:00:00,0.02114817,0.05650908,2024-12-28,6
2024-12-28 07:00:00,0.2145554,0.3952596,2024-12-28,7
2024-12-28 08:00:00,0.4078372,0.6210118,2024-12-28,8
2024-12-28 09:00:00,0.5452,0.7710182,2024-12-28,9
2024-12-28 10:00:00,0.7045264,0.9719617,2024-12-28,10
2024-12-28 11:00:00,0.7943663,1.087353,2024-12-28,11
2024-12-28 12:00:00,0.7332972,1.008561,2024-12-28,12
2024-12-28 13:00:00,0.648276,0.9153332,2024-12-28,13
2024-12-28 14:00:00,0.4475914,0.6676964,2024-12-28,14
2024-12-28 15:00:00,0.3037434,0.5329266,2024-12-28,15
2024-12-28 16:00:00,0.06204308,0.2406944,2024-12-28,16
2024-12-28 17:00:00,0.0,0.0,2024-12-28,17
2024-12-28 18:00:00,0.0,0.0,2024-12-28,18
2024-12-28 19:00:00,0.0,0.0,2024-12-28,19
2024-12-28 20:00:00,0.0,0.0,2024-12-28,20
2024-12-28 21:00:00,0.0,0.0,2024-12-28,21
2024-12-28 22:00:00,0.0,0.0,2024-12-28,22
2024-12-28 23:00:00,0.0,0.0,2024-12-28,23
2024-12-29 00:00:00,0.0,0.0,2024-12-29,0
2024-12-29 01:00:00,0.0,0.0,2024-12-29,1
2024-12-29 02:00:00,0.0,0.0,2024-12-29,2
2024-12-29 03:00:00,0.0,0.0,2024-12-29,3
2024-12-29 04:00:00,0.0,0.0,2024-12-29,4
2024-12-29 05:00:00,0.0,0.0,2024-12-29,5
2024-12-29 06:00:00,0.0281397,0.1217209,2024-12-29,6
2024-12-29 07:00:00,0.2174674,0.4029521,2024-12-29,7
2024-12-29 08:00:00,0.4164179,0.6356409,2024-12-29,8
2024-12-29 09:00:00,0.4785601,0.6530865,2024-12-29,9
2024-12-29 10:00:00,0.581933,0.7815493,2024-12-29,10
2024-12-29 11:00:00,0.5597588,0.7199866,2024-12-29,11
2024-12-29 12:00:00,0.6095648,0.8212063,2024-12-29,12
2024-12-29 13:00:00,0.5735413,0.8031797,2024-12-29,13
2024-12-29 14:00:00,0.496758,0.7438249,2024-12-29,14
2024-12-29 15:00:00,0.2579179,0.4424554,2024-12-29,15
2024-12-29 16:00:00,0.06268132,0.2346271,2024-12-29,16
2024-12-29 17:00:00,0.0,0.0,2024-12-29,17
2024-12-29 18:00:00,0.0,0.0,2024-12-29,18
2024-12-29 19:00:00,0.0,0.0,2024-12-29,19
2024-12-29 20:00:00,0.0,0.0,2024-12-29,20
2024-12-29 21:00:00,0.0,0.0,2024-12-29,21
2024-12-29 22:00:00,0.0,0.0,2024-12-29,22
2024-12-29 23:00:00,0.0,0.0,2024-12-29,23
2024-12-30 00:00:00,0.0,0.0,2024-12-30,0
2024-12-30 01:00:00,0.0,0.0,2024-12-30,1
2024-12-30 02:00:00,0.0,0.0,2024-12-30,2
2024-12-30 03:00:00,0.0,0.0,2024-12-30,3
2024-12-30 04:00:00,0.0,0.0,2024-12-30,4
2024-12-30 05:00:00,0.0,0.0,2024-12-30,5
2024-12-30 06:00:00,0.01919239,0.04572128,2024-12-30,6
2024-12-30 07:00:00,0.1198968,0.1438421,2024-12-30,7
2024-12-30 08:00:00,0.2245928,0.2521121,2024-12-30,8
2024-12-30 09:00:00,0.3236516,0.3632065,2024-12-30,9
2024-12-30 10:00:00,0.4828641,0.5998412,2024-12-30,10
2024-12-30 11:00:00,0.3448497,0.3612807,2024-12-30,11
2024-12-30 12:00:00,0.37976,0.416397,2024-12-30,12
2024-12-30 13:00:00,0.3144562,0.3401443,2024-12-30,13
2024-12-30 14:00:00,0.4671533,0.6964509,2024-12-30,14
2024-12-30 15:00:00,0.2189643,0.3434068,2024-12-30,15
2024-12-30 16:00:00,0.04843771,0.1273982,2024-12-30,16
2024-12-30 17:00:00,0.0,0.0,2024-12-30,17
2024-12-30 18:00:00,0.0,0.0,2024-12-30,18
2024-12-30 19:00:00,0.0,0.0,2024-12-30,19
2024-12-30 20:00:00,0.0,0.0,2024-12-30,20
2024-12-30 21:00:00,0.0,0.0,2024-12-30,21
2024-12-30 22:00:00,0.0,0.0,2024-12-30,22
2024-12-30 23:00:00,0.0,0.0,2024-12-30,23
