date_time,global_solar_kw/m2,incident_solar_kw/m2,date,hour
2024-01-01 00:00:00,0.0,0.0,2024-01-01,0
2024-01-01 01:00:00,0.0,0.0,2024-01-01,1
2024-01-01 02:00:00,0.0,0.0,2024-01-01,2
2024-01-01 03:00:00,0.0,0.0,2024-01-01,3
2024-01-01 04:00:00,0.0,0.0,2024-01-01,4
2024-01-01 05:00:00,0.0,0.0,2024-01-01,5
2024-01-01 06:00:00,0.02424452,0.05572697,2024-01-01,6
2024-01-01 07:00:00,0.1831945,0.2876396,2024-01-01,7
2024-01-01 08:00:00,0.4010876,0.5942481,2024-01-01,8
2024-01-01 09:00:00,0.3545025,0.4076632,2024-01-01,9
2024-01-01 10:00:00,0.3784439,0.4137749,2024-01-01,10
2024-01-01 11:00:00,0.6448244,0.8566236,2024-01-01,11
2024-01-01 12:00:00,0.4618633,0.5468311,2024-01-01,12
2024-01-01 13:00:00,0.4191147,0.5135497,2024-01-01,13
2024-01-01 14:00:00,0.2514988,0.2802928,2024-01-01,14
2024-01-01 15:00:00,0.1521029,0.180266,2024-01-01,15
2024-01-01 16:00:00,0.04335684,0.09875384,2024-01-01,16
2024-01-01 17:00:00,0.0,0.0,2024-01-01,17
2024-01-01 18:00:00,0.0,0.0,2024-01-01,18
2024-01-01 19:00:00,0.0,0.0,2024-01-01,19
2024-01-01 20:00:00,0.0,0.0,2024-01-01,20
2024-01-01 21:00:00,0.0,0.0,2024-01-01,21
2024-01-01 22:00:00,0.0,0.0,2024-01-01,22
2024-01-01 23:00:00,0.0,0.0,2024-01-01,23
2024-01-02 00:00:00,0.0,0.0,2024-01-02,0
2024-01-02 01:00:00,0.0,0.0,2024-01-02,1
2024-01-02 02:00:00,0.0,0.0,2024-01-02,2
2024-01-02 03:00:00,0.0,0.0,2024-01-02,3
2024-01-02 04:00:00,0.0,0.0,2024-01-02,4
2024-01-02 05:00:00,0.0,0.0,2024-01-02,5
2024-01-02 06:00:00,0.02946809,0.1001908,2024-01-02,6
2024-01-02 07:00:00,0.2228284,0.3944109,2024-01-02,7
2024-01-02 08:00:00,0.4534128,0.6818458,2024-01-02,8
2024-01-02 09:00:00,0.5957529,0.8358811,2024-01-02,9
2024-01-02 10:00:00,0.5913819,0.7845564,2024-01-02,10
2024-01-02 11:00:00,0.5273163,0.649596,2024-01-02,11
2024-01-02 12:00:00,0.4591695,0.5412522,2024-01-02,12
2024-01-02 13:00:00,0.5670993,0.7824315,2024-01-02,13
2024-01-02 14:00:00,0.4023859,0.5739672,2024-01-02,14
2024-01-02 15:00:00,0.2870183,0.4920771,2024-01-02,15
2024-01-02 16:00:00,0.05298722,0.1549647,2024-01-02,16
2024-01-02 17:00:00,0.0,0.0,2024-01-02,17
2024-01-02 18:00:00,0.0,0.0,2024-01-02,18
2024-01-02 19:00:00,0.0,0.0,2024-01-02,19
2024-01-02 20:00:00,0.0,0.0,2024-01-02,20
2024-01-02 21:00:00,0.0,0.0,2024-01-02,21
2024-01-02 22:00:00,0.0,0.0,2024-01-02,22
2024-01-02 23:00:00,0.0,0.0,2024-01-02,23
2024-01-03 00:00:00,0.0,0.0,2024-01-03,0
2024-01-03 01:00:00,0.0,0.0,2024-01-03,1
2024-01-03 02:00:00,0.0,0.0,2024-01-03,2
2024-01-03 03:00:00,0.0,0.0,2024-01-03,3
2024-01-03 04:00:00,0.0,0.0,2024-01-03,4
2024-01-03 05:00:00,0.0,0.0,2024-01-03,5
2024-01-03 06:00:00,0.01930567,0.03099088,2024-01-03,6
2024-01-03 07:00:00,0.1760203,0.2687768,2024-01-03,7
2024-01-03 08:00:00,0.3227515,0.4334929,2024-01-03,8
2024-01-03 09:00:00,0.3636504,0.4230351,2024-01-03,9
2024-01-03 10:00:00,0.6920727,0.9417699,2024-01-03,10
2024-01-03 11:00:00,0.5530154,0.6949006,2024-01-03,11
2024-01-03 12:00:00,0.4101373,0.4586255,2024-01-03,12
2024-01-03 13:00:00,0.4669796,0.6009023,2024-01-03,13
2024-01-03 14:00:00,0.3942031,0.555639,2024-01-03,14
2024-01-03 15:00:00,0.2570882,0.4285134,2024-01-03,15
2024-01-03 16:00:00,0.05435211,0.1545218,2024-01-03,16
2024-01-03 17:00:00,0.0,0.0,2024-01-03,17
2024-01-03 18:00:00,0.0,0.0,2024-01-03,18
2024-01-03 19:00:00,0.0,0.0,2024-01-03,19
2024-01-03 20:00:00,0.0,0.0,2024-01-03,20
2024-01-03 21:00:00,0.0,0.0,2024-01-03,21
2024-01-03 22:00:00,0.0,0.0,2024-01-03,22
2024-01-03 23:00:00,0.0,0.0,2024-01-03,23
2024-01-04 00:00:00,0.0,0.0,2024-01-04,0
2024-01-04 01:00:00,0.0,0.0,2024-01-04,1
2024-01-04 02:00:00,0.0,0.0,2024-01-04,2
2024-01-04 03:00:00,0.0,0.0,2024-01-04,3
2024-01-04 04:00:00,0.0,0.0,2024-01-04,4
2024-01-04 05:00:00,0.0,0.0,2024-01-04,5
2024-01-04 06:00:00,0.02932578,0.1031832,2024-01-04,6
2024-01-04 07:00:00,0.2389012,0.4305108,2024-01-04,7
2024-01-04 08:00:00,0.448476,0.6731106,2024-01-04,8
2024-01-04 09:00:00,0.6114153,0.8572325,2024-01-04,9
2024-01-04 10:00:00,0.6863765,0.9328947,2024-01-04,10
2024-01-04 11:00:00,0.7330603,0.9872529,2024-01-04,11
2024-01-04 12:00:00,0.738949,1.002638,2024-01-04,12
2024-01-04 13:00:00,0.5848829,0.8080497,2024-01-04,13
2024-01-04 14:00:00,0.4440137,0.6471352,2024-01-04,14
2024-01-04 15:00:00,0.2716547,0.4572012,2024-01-04,15
2024-01-04 16:00:00,0.07297003,0.2536742,2024-01-04,16
2024-01-04 17:00:00,0.0,0.0,2024-01-04,17
2024-01-04 18:00:00,0.0,0.0,2024-01-04,18
2024-01-04 19:00:00,0.0,0.0,2024-01-04,19
2024-01-04 20:00:00,0.0,0.0,2024-01-04,20
2024-01-04 21:00:00,0.0,0.0,2024-01-04,21
2024-01-04 22:00:00,0.0,0.0,2024-01-04,22
2024-01-04 23:00:00,0.0,0.0,2024-01-04,23
2024-01-05 00:00:00,0.0,0.0,2024-01-05,0
2024-01-05 01:00:00,0.0,0.0,2024-01-05,1
2024-01-05 02:00:00,0.0,0.0,2024-01-05,2
2024-01-05 03:00:00,0.0,0.0,2024-01-05,3
2024-01-05 04:00:00,0.0,0.0,2024-01-05,4
2024-01-05 05:00:00,0.0,0.0,2024-01-05,5
2024-01-05 06:00:00,0.01314252,0.01469613,2024-01-05,6
2024-01-05 07:00:00,0.104114,0.111056,2024-01-05,7
2024-01-05 08:00:00,0.2719622,0.3290002,2024-01-05,8
2024-01-05 09:00:00,0.3095177,0.3350827,2024-01-05,9
2024-01-05 10:00:00,0.4844255,0.5898102,2024-01-05,10
2024-01-05 11:00:00,0.6300325,0.8277177,2024-01-05,11
2024-01-05 12:00:00,0.6241885,0.8299991,2024-01-05,12
2024-01-05 13:00:00,0.5181675,0.6927348,2024-01-05,13
2024-01-05 14:00:00,0.3321854,0.4243763,2024-01-05,14
2024-01-05 15:00:00,0.1817109,0.2362336,2024-01-05,15
2024-01-05 16:00:00,0.04010297,0.0628752,2024-01-05,16
2024-01-05 17:00:00,0.0,0.0,2024-01-05,17
2024-01-05 18:00:00,0.0,0.0,2024-01-05,18
2024-01-05 19:00:00,0.0,0.0,2024-01-05,19
2024-01-05 20:00:00,0.0,0.0,2024-01-05,20
2024-01-05 21:00:00,0.0,0.0,2024-01-05,21
2024-01-05 22:00:00,0.0,0.0,2024-01-05,22
2024-01-05 23:00:00,0.0,0.0,2024-01-05,23
2024-01-06 00:00:00,0.0,0.0,2024-01-06,0
2024-01-06 01:00:00,0.0,0.0,2024-01-06,1
2024-01-06 02:00:00,0.0,0.0,2024-01-06,2
2024-01-06 03:00:00,0.0,0.0,2024-01-06,3
2024-01-06 04:00:00,0.0,0.0,2024-01-06,4
2024-01-06 05:00:00,0.0,0.0,2024-01-06,5
2024-01-06 06:00:00,0.02687243,0.08430199,2024-01-06,6
2024-01-06 07:00:00,0.190464,0.3101031,2024-01-06,7
2024-01-06 08:00:00,0.349018,0.4884248,2024-01-06,8
2024-01-06 09:00:00,0.439431,0.5617159,2024-01-06,9
2024-01-06 10:00:00,0.4615531,0.5483586,2024-01-06,10
2024-01-06 11:00:00,0.4918883,0.5831833,2024-01-06,11
2024-01-06 12:00:00,0.554036,0.706479,2024-01-06,12
2024-01-06 13:00:00,0.5390934,0.728212,2024-01-06,13
2024-01-06 14:00:00,0.4016662,0.5636246,2024-01-06,14
2024-01-06 15:00:00,0.1822099,0.2351624,2024-01-06,15
2024-01-06 16:00:00,0.05787956,0.1488197,2024-01-06,16
2024-01-06 17:00:00,0.0,0.0,2024-01-06,17
2024-01-06 18:00:00,0.0,0.0,2024-01-06,18
2024-01-06 19:00:00,0.0,0.0,2024-01-06,19
2024-01-06 20:00:00,0.0,0.0,2024-01-06,20
2024-01-06 21:00:00,0.0,0.0,2024-01-06,21
2024-01-06 22:00:00,0.0,0.0,2024-01-06,22
2024-01-06 23:00:00,0.0,0.0,2024-01-06,23
2024-01-07 00:00:00,0.0,0.0,2024-01-07,0
2024-01-07 01:00:00,0.0,0.0,2024-01-07,1
2024-01-07 02:00:00,0.0,0.0,2024-01-07,2
2024-01-07 03:00:00,0.0,0.0,2024-01-07,3
2024-01-07 04:00:00,0.0,0.0,2024-01-07,4
2024-01-07 05:00:00,0.0,0.0,2024-01-07,5
2024-01-07 06:00:00,0.0283842,0.09938042,2024-01-07,6
2024-01-07 07:00:00,0.2222408,0.3929785,2024-01-07,7
2024-01-07 08:00:00,0.3650942,0.5212292,2024-01-07,8
2024-01-07 09:00:00,0.5279592,0.7244093,2024-01-07,9
2024-01-07 10:00:00,0.6919855,0.9378151,2024-01-07,10
2024-01-07 11:00:00,0.7254683,0.9733198,2024-01-07,11
2024-01-07 12:00:00,0.6647072,0.8918561,2024-01-07,12
2024-01-07 13:00:00,0.5432317,0.7335449,2024-01-07,13
2024-01-07 14:00:00,0.4212602,0.5990995,2024-01-07,14
2024-01-07 15:00:00,0.2370614,0.3668538,2024-01-07,15
2024-01-07 16:00:00,0.05978061,0.1511271,2024-01-07,16
2024-01-07 17:00:00,0.0,0.0,2024-01-07,17
2024-01-07 18:00:00,0.0,0.0,2024-01-07,18
2024-01-07 19:00:00,0.0,0.0,2024-01-07,19
2024-01-07 20:00:00,0.0,0.0,2024-01-07,20
2024-01-07 21:00:00,0.0,0.0,2024-01-07,21
2024-01-07 22:00:00,0.0,0.0,2024-01-07,22
2024-01-07 23:00:00,0.0,0.0,2024-01-07,23
2024-01-08 00:00:00,0.0,0.0,2024-01-08,0
2024-01-08 01:00:00,0.0,0.0,2024-01-08,1
2024-01-08 02:00:00,0.0,0.0,2024-01-08,2
2024-01-08 03:00:00,0.0,0.0,2024-01-08,3
2024-01-08 04:00:00,0.0,0.0,2024-01-08,4
2024-01-08 05:00:00,0.0,0.0,2024-01-08,5
2024-01-08 06:00:00,0.01672933,0.02346998,2024-01-08,6
2024-01-08 07:00:00,0.1441427,0.186799,2024-01-08,7
2024-01-08 08:00:00,0.3269317,0.4405347,2024-01-08,8
2024-01-08 09:00:00,0.3964983,0.4796154,2024-01-08,9
2024-01-08 10:00:00,0.5163957,0.6448528,2024-01-08,10
2024-01-08 11:00:00,0.5457883,0.6761742,2024-01-08,11
2024-01-08 12:00:00,0.559542,0.7131614,2024-01-08,12
2024-01-08 13:00:00,0.5768985,0.78838,2024-01-08,13
2024-01-08 14:00:00,0.4143806,0.583519,2024-01-08,14
2024-01-08 15:00:00,0.232673,0.352349,2024-01-08,15
2024-01-08 16:00:00,0.06986918,0.1997931,2024-01-08,16
2024-01-08 17:00:00,0.0,0.0,2024-01-08,17
2024-01-08 18:00:00,0.0,0.0,2024-01-08,18
2024-01-08 19:00:00,0.0,0.0,2024-01-08,19
2024-01-08 20:00:00,0.0,0.0,2024-01-08,20
2024-01-08 21:00:00,0.0,0.0,2024-01-08,21
2024-01-08 22:00:00,0.0,0.0,2024-01-08,22
2024-01-08 23:00:00,0.0,0.0,2024-01-08,23
2024-01-09 00:00:00,0.0,0.0,2024-01-09,0
2024-01-09 01:00:00,0.0,0.0,2024-01-09,1
2024-01-09 02:00:00,0.0,0.0,2024-01-09,2
2024-01-09 03:00:00,0.0,0.0,2024-01-09,3
2024-01-09 04:00:00,0.0,0.0,2024-01-09,4
2024-01-09 05:00:00,0.0,0.0,2024-01-09,5
2024-01-09 06:00:00,0.02583137,0.07855733,2024-01-09,6
2024-01-09 07:00:00,0.08438018,0.08536542,2024-01-09,7
2024-01-09 08:00:00,0.1856264,0.1910187,2024-01-09,8
2024-01-09 09:00:00,0.3674044,0.4270442,2024-01-09,9
2024-01-09 10:00:00,0.5622074,0.7261266,2024-01-09,10
2024-01-09 11:00:00,0.5552022,0.6915818,2024-01-09,11
2024-01-09 12:00:00,0.6263202,0.8270587,2024-01-09,12
2024-01-09 13:00:00,0.3384164,0.3683212,2024-01-09,13
2024-01-09 14:00:00,0.177681,0.1777047,2024-01-09,14
2024-01-09 15:00:00,0.1571965,0.1796651,2024-01-09,15
2024-01-09 16:00:00,0.03984503,0.05167774,2024-01-09,16
2024-01-09 17:00:00,0.0,0.0,2024-01-09,17
2024-01-09 18:00:00,0.0,0.0,2024-01-09,18
2024-01-09 19:00:00,0.0,0.0,2024-01-09,19
2024-01-09 20:00:00,0.0,0.0,2024-01-09,20
2024-01-09 21:00:00,0.0,0.0,2024-01-09,21
2024-01-09 22:00:00,0.0,0.0,2024-01-09,22
2024-01-09 23:00:00,0.0,0.0,2024-01-09,23
2024-01-10 00:00:00,0.0,0.0,2024-01-10,0
2024-01-10 01:00:00,0.0,0.0,2024-01-10,1
2024-01-10 02:00:00,0.0,0.0,2024-01-10,2
2024-01-10 03:00:00,0.0,0.0,2024-01-10,3
2024-01-10 04:00:00,0.0,0.0,2024-01-10,4
2024-01-10 05:00:00,0.0,0.0,2024-01-10,5
2024-01-10 06:00:00,0.02571346,0.07825931,2024-01-10,6
2024-01-10 07:00:00,0.2037215,0.3449584,2024-01-10,7
2024-01-10 08:00:00,0.3644903,0.5175015,2024-01-10,8
2024-01-10 09:00:00,0.5628219,0.7787222,2024-01-10,9
2024-01-10 10:00:00,0.6862371,0.925962,2024-01-10,10
2024-01-10 11:00:00,0.8147252,1.092838,2024-01-10,11
2024-01-10 12:00:00,0.7807091,1.052259,2024-01-10,12
2024-01-10 13:00:00,0.6690092,0.9214642,2024-01-10,13
2024-01-10 14:00:00,0.5177369,0.7516432,2024-01-10,14
2024-01-10 15:00:00,0.2634153,0.4191435,2024-01-10,15
2024-01-10 16:00:00,0.0746729,0.2056122,2024-01-10,16
2024-01-10 17:00:00,0.0,0.0,2024-01-10,17
2024-01-10 18:00:00,0.0,0.0,2024-01-10,18
2024-01-10 19:00:00,0.0,0.0,2024-01-10,19
2024-01-10 20:00:00,0.0,0.0,2024-01-10,20
2024-01-10 21:00:00,0.0,0.0,2024-01-10,21
2024-01-10 22:00:00,0.0,0.0,2024-01-10,22
2024-01-10 23:00:00,0.0,0.0,2024-01-10,23
2024-01-11 00:00:00,0.0,0.0,2024-01-11,0
2024-01-11 01:00:00,0.0,0.0,2024-01-11,1
2024-01-11 02:00:00,0.0,0.0,2024-01-11,2
2024-01-11 03:00:00,0.0,0.0,2024-01-11,3
2024-01-11 04:00:00,0.0,0.0,2024-01-11,4
2024-01-11 05:00:00,0.0,0.0,2024-01-11,5
2024-01-11 06:00:00,0.0255136,0.0770687,2024-01-11,6
2024-01-11 07:00:00,0.1756877,0.2675529,2024-01-11,7
2024-01-11 08:00:00,0.3204482,0.424639,2024-01-11,8
2024-01-11 09:00:00,0.415725,0.5127254,2024-01-11,9
2024-01-11 10:00:00,0.7242005,0.9776515,2024-01-11,10
2024-01-11 11:00:00,0.6935254,0.9207447,2024-01-11,11
2024-01-11 12:00:00,0.6331466,0.834654,2024-01-11,12
2024-01-11 13:00:00,0.3873256,0.4441633,2024-01-11,13
2024-01-11 14:00:00,0.3359305,0.4196442,2024-01-11,14
2024-01-11 15:00:00,0.204217,0.2730862,2024-01-11,15
2024-01-11 16:00:00,0.04902886,0.07414189,2024-01-11,16
2024-01-11 17:00:00,0.0,0.0,2024-01-11,17
2024-01-11 18:00:00,0.0,0.0,2024-01-11,18
2024-01-11 19:00:00,0.0,0.0,2024-01-11,19
2024-01-11 20:00:00,0.0,0.0,2024-01-11,20
2024-01-11 21:00:00,0.0,0.0,2024-01-11,21
2024-01-11 22:00:00,0.0,0.0,2024-01-11,22
2024-01-11 23:00:00,0.0,0.0,2024-01-11,23
2024-01-12 00:00:00,0.0,0.0,2024-01-12,0
2024-01-12 01:00:00,0.0,0.0,2024-01-12,1
2024-01-12 02:00:00,0.0,0.0,2024-01-12,2
2024-01-12 03:00:00,0.0,0.0,2024-01-12,3
2024-01-12 04:00:00,0.0,0.0,2024-01-12,4
2024-01-12 05:00:00,0.0,0.0,2024-01-12,5
2024-01-12 06:00:00,0.02630227,0.08432911,2024-01-12,6
2024-01-12 07:00:00,0.2159528,0.3743239,2024-01-12,7
2024-01-12 08:00:00,0.4027875,0.5893527,2024-01-12,8
2024-01-12 09:00:00,0.5225569,0.7089843,2024-01-12,9
2024-01-12 10:00:00,0.6162188,0.8146627,2024-01-12,10
2024-01-12 11:00:00,0.5648283,0.7040936,2024-01-12,11
2024-01-12 12:00:00,0.6386881,0.8417881,2024-01-12,12
2024-01-12 13:00:00,0.5112464,0.6658159,2024-01-12,13
2024-01-12 14:00:00,0.3034316,0.3566213,2024-01-12,14
2024-01-12 15:00:00,0.2131215,0.2910162,2024-01-12,15
2024-01-12 16:00:00,0.06352977,0.130075,2024-01-12,16
2024-01-12 17:00:00,0.0,0.0,2024-01-12,17
2024-01-12 18:00:00,0.0,0.0,2024-01-12,18
2024-01-12 19:00:00,0.0,0.0,2024-01-12,19
2024-01-12 20:00:00,0.0,0.0,2024-01-12,20
2024-01-12 21:00:00,0.0,0.0,2024-01-12,21
2024-01-12 22:00:00,0.0,0.0,2024-01-12,22
2024-01-12 23:00:00,0.0,0.0,2024-01-12,23
2024-01-13 00:00:00,0.0,0.0,2024-01-13,0
2024-01-13 01:00:00,0.0,0.0,2024-01-13,1
2024-01-13 02:00:00,0.0,0.0,2024-01-13,2
2024-01-13 03:00:00,0.0,0.0,2024-01-13,3
2024-01-13 04:00:00,0.0,0.0,2024-01-13,4
2024-01-13 05:00:00,0.0,0.0,2024-01-13,5
2024-01-13 06:00:00,0.02578758,0.07994754,2024-01-13,6
2024-01-13 07:00:00,0.1438719,0.1849525,2024-01-13,7
2024-01-13 08:00:00,0.3260469,0.4344217,2024-01-13,8
2024-01-13 09:00:00,0.193388,0.1909425,2024-01-13,9
2024-01-13 10:00:00,0.3552563,0.3759547,2024-01-13,10
2024-01-13 11:00:00,0.4143234,0.4512319,2024-01-13,11
2024-01-13 12:00:00,0.3829556,0.4105005,2024-01-13,12
2024-01-13 13:00:00,0.2942528,0.304448,2024-01-13,13
2024-01-13 14:00:00,0.2576135,0.2796256,2024-01-13,14
2024-01-13 15:00:00,0.1924873,0.2418655,2024-01-13,15
2024-01-13 16:00:00,0.06796871,0.1440552,2024-01-13,16
2024-01-13 17:00:00,0.0,0.0,2024-01-13,17
2024-01-13 18:00:00,0.0,0.0,2024-01-13,18
2024-01-13 19:00:00,0.0,0.0,2024-01-13,19
2024-01-13 20:00:00,0.0,0.0,2024-01-13,20
2024-01-13 21:00:00,0.0,0.0,2024-01-13,21
2024-01-13 22:00:00,0.0,0.0,2024-01-13,22
2024-01-13 23:00:00,0.0,0.0,2024-01-13,23
2024-01-14 00:00:00,0.0,0.0,2024-01-14,0
2024-01-14 01:00:00,0.0,0.0,2024-01-14,1
2024-01-14 02:00:00,0.0,0.0,2024-01-14,2
2024-01-14 03:00:00,0.0,0.0,2024-01-14,3
2024-01-14 04:00:00,0.0,0.0,2024-01-14,4
2024-01-14 05:00:00,0.0,0.0,2024-01-14,5
2024-01-14 06:00:00,0.008188859,0.008536506,2024-01-14,6
2024-01-14 07:00:00,0.05328831,0.05259319,2024-01-14,7
2024-01-14 08:00:00,0.2290508,0.251297,2024-01-14,8
2024-01-14 09:00:00,0.3830328,0.4505939,2024-01-14,9
2024-01-14 10:00:00,0.2973363,0.3014127,2024-01-14,10
2024-01-14 11:00:00,0.4290244,0.4726098,2024-01-14,11
2024-01-14 12:00:00,0.5416341,0.6704384,2024-01-14,12
2024-01-14 13:00:00,0.5510218,0.7318792,2024-01-14,13
2024-01-14 14:00:00,0.4029534,0.5451565,2024-01-14,14
2024-01-14 15:00:00,0.2757116,0.4317927,2024-01-14,15
2024-01-14 16:00:00,0.07256931,0.1582834,2024-01-14,16
2024-01-14 17:00:00,0.0,0.0,2024-01-14,17
2024-01-14 18:00:00,0.0,0.0,2024-01-14,18
2024-01-14 19:00:00,0.0,0.0,2024-01-14,19
2024-01-14 20:00:00,0.0,0.0,2024-01-14,20
2024-01-14 21:00:00,0.0,0.0,2024-01-14,21
2024-01-14 22:00:00,0.0,0.0,2024-01-14,22
2024-01-14 23:00:00,0.0,0.0,2024-01-14,23
2024-01-15 00:00:00,0.0,0.0,2024-01-15,0
2024-01-15 01:00:00,0.0,0.0,2024-01-15,1
2024-01-15 02:00:00,0.0,0.0,2024-01-15,2
2024-01-15 03:00:00,0.0,0.0,2024-01-15,3
2024-01-15 04:00:00,0.0,0.0,2024-01-15,4
2024-01-15 05:00:00,0.0,0.0,2024-01-15,5
2024-01-15 06:00:00,0.02206569,0.05065306,2024-01-15,6
2024-01-15 07:00:00,0.1629914,0.2305304,2024-01-15,7
2024-01-15 08:00:00,0.3322416,0.4449586,2024-01-15,8
2024-01-15 09:00:00,0.5205913,0.7009002,2024-01-15,9
2024-01-15 10:00:00,0.6604946,0.8800058,2024-01-15,10
2024-01-15 11:00:00,0.703299,0.9284135,2024-01-15,11
2024-01-15 12:00:00,0.739785,0.9865145,2024-01-15,12
2024-01-15 13:00:00,0.6609731,0.900234,2024-01-15,13
2024-01-15 14:00:00,0.4723703,0.6696852,2024-01-15,14
2024-01-15 15:00:00,0.211509,0.2784266,2024-01-15,15
2024-01-15 16:00:00,0.08307274,0.1994835,2024-01-15,16
2024-01-15 17:00:00,0.0,0.0,2024-01-15,17
2024-01-15 18:00:00,0.0,0.0,2024-01-15,18
2024-01-15 19:00:00,0.0,0.0,2024-01-15,19
2024-01-15 20:00:00,0.0,0.0,2024-01-15,20
2024-01-15 21:00:00,0.0,0.0,2024-01-15,21
2024-01-15 22:00:00,0.0,0.0,2024-01-15,22
2024-01-15 23:00:00,0.0,0.0,2024-01-15,23
2024-01-16 00:00:00,0.0,0.0,2024-01-16,0
2024-01-16 01:00:00,0.0,0.0,2024-01-16,1
2024-01-16 02:00:00,0.0,0.0,2024-01-16,2
2024-01-16 03:00:00,0.0,0.0,2024-01-16,3
2024-01-16 04:00:00,0.0,0.0,2024-01-16,4
2024-01-16 05:00:00,0.0,0.0,2024-01-16,5
2024-01-16 06:00:00,0.02921537,0.1106381,2024-01-16,6
2024-01-16 07:00:00,0.2312455,0.403852,2024-01-16,7
2024-01-16 08:00:00,0.4393097,0.6453952,2024-01-16,8
2024-01-16 09:00:00,0.5845578,0.8032353,2024-01-16,9
2024-01-16 10:00:00,0.5362277,0.6693025,2024-01-16,10
2024-01-16 11:00:00,0.4111813,0.4443737,2024-01-16,11
2024-01-16 12:00:00,0.3058794,0.309173,2024-01-16,12
2024-01-16 13:00:00,0.2743212,0.2785693,2024-01-16,13
2024-01-16 14:00:00,0.2866905,0.3220822,2024-01-16,14
2024-01-16 15:00:00,0.2146686,0.2826434,2024-01-16,15
2024-01-16 16:00:00,0.05453136,0.07503543,2024-01-16,16
2024-01-16 17:00:00,0.0,0.0,2024-01-16,17
2024-01-16 18:00:00,0.0,0.0,2024-01-16,18
2024-01-16 19:00:00,0.0,0.0,2024-01-16,19
2024-01-16 20:00:00,0.0,0.0,2024-01-16,20
2024-01-16 21:00:00,0.0,0.0,2024-01-16,21
2024-01-16 22:00:00,0.0,0.0,2024-01-16,22
2024-01-16 23:00:00,0.0,0.0,2024-01-16,23
2024-01-17 00:00:00,0.0,0.0,2024-01-17,0
2024-01-17 01:00:00,0.0,0.0,2024-01-17,1
2024-01-17 02:00:00,0.0,0.0,2024-01-17,2
2024-01-17 03:00:00,0.0,0.0,2024-01-17,3
2024-01-17 04:00:00,0.0,0.0,2024-01-17,4
2024-01-17 05:00:00,0.0,0.0,2024-01-17,5
2024-01-17 06:00:00,0.02630177,0.08314851,2024-01-17,6
2024-01-17 07:00:00,0.1615965,0.225002,2024-01-17,7
2024-01-17 08:00:00,0.3920781,0.5618782,2024-01-17,8
2024-01-17 09:00:00,0.5671437,0.7746757,2024-01-17,9
2024-01-17 10:00:00,0.723582,0.9668731,2024-01-17,10
2024-01-17 11:00:00,0.7395357,0.9771519,2024-01-17,11
2024-01-17 12:00:00,0.7106084,0.9419354,2024-01-17,12
2024-01-17 13:00:00,0.5151986,0.661089,2024-01-17,13
2024-01-17 14:00:00,0.2657482,0.288162,2024-01-17,14
2024-01-17 15:00:00,0.1227936,0.1244487,2024-01-17,15
2024-01-17 16:00:00,0.0499364,0.06101386,2024-01-17,16
2024-01-17 17:00:00,0.0,0.0,2024-01-17,17
2024-01-17 18:00:00,0.0,0.0,2024-01-17,18
2024-01-17 19:00:00,0.0,0.0,2024-01-17,19
2024-01-17 20:00:00,0.0,0.0,2024-01-17,20
2024-01-17 21:00:00,0.0,0.0,2024-01-17,21
2024-01-17 22:00:00,0.0,0.0,2024-01-17,22
2024-01-17 23:00:00,0.0,0.0,2024-01-17,23
2024-01-18 00:00:00,0.0,0.0,2024-01-18,0
2024-01-18 01:00:00,0.0,0.0,2024-01-18,1
2024-01-18 02:00:00,0.0,0.0,2024-01-18,2
2024-01-18 03:00:00,0.0,0.0,2024-01-18,3
2024-01-18 04:00:00,0.0,0.0,2024-01-18,4
2024-01-18 05:00:00,0.0,0.0,2024-01-18,5
2024-01-18 06:00:00,0.02339668,0.0586909,2024-01-18,6
2024-01-18 07:00:00,0.2179791,0.3702508,2024-01-18,7
2024-01-18 08:00:00,0.2607615,0.3017453,2024-01-18,8
2024-01-18 09:00:00,0.4273386,0.5256699,2024-01-18,9
2024-01-18 10:00:00,0.4322298,0.4877147,2024-01-18,10
2024-01-18 11:00:00,0.5377949,0.6465357,2024-01-18,11
2024-01-18 12:00:00,0.6195018,0.7970059,2024-01-18,12
2024-01-18 13:00:00,0.5231551,0.6728231,2024-01-18,13
2024-01-18 14:00:00,0.4207302,0.5678225,2024-01-18,14
2024-01-18 15:00:00,0.2540704,0.3667965,2024-01-18,15
2024-01-18 16:00:00,0.09075113,0.206659,2024-01-18,16
2024-01-18 17:00:00,0.0,0.0,2024-01-18,17
2024-01-18 18:00:00,0.0,0.0,2024-01-18,18
2024-01-18 19:00:00,0.0,0.0,2024-01-18,19
2024-01-18 20:00:00,0.0,0.0,2024-01-18,20
2024-01-18 21:00:00,0.0,0.0,2024-01-18,21
2024-01-18 22:00:00,0.0,0.0,2024-01-18,22
2024-01-18 23:00:00,0.0,0.0,2024-01-18,23
2024-01-19 00:00:00,0.0,0.0,2024-01-19,0
2024-01-19 01:00:00,0.0,0.0,2024-01-19,1
2024-01-19 02:00:00,0.0,0.0,2024-01-19,2
2024-01-19 03:00:00,0.0,0.0,2024-01-19,3
2024-01-19 04:00:00,0.0,0.0,2024-01-19,4
2024-01-19 05:00:00,0.0,0.0,2024-01-19,5
2024-01-19 06:00:00,0.02324223,0.05679379,2024-01-19,6
2024-01-19 07:00:00,0.1949514,0.3100959,2024-01-19,7
2024-01-19 08:00:00,0.3169924,0.4081,2024-01-19,8
2024-01-19 09:00:00,0.4092209,0.4914204,2024-01-19,9
2024-01-19 10:00:00,0.6774951,0.8979257,2024-01-19,10
2024-01-19 11:00:00,0.7008511,0.9165552,2024-01-19,11
2024-01-19 12:00:00,0.7488528,0.9908906,2024-01-19,12
2024-01-19 13:00:00,0.5986375,0.7986498,2024-01-19,13
2024-01-19 14:00:00,0.5107907,0.7202954,2024-01-19,14
2024-01-19 15:00:00,0.2415448,0.3341605,2024-01-19,15
2024-01-19 16:00:00,0.09571256,0.2184629,2024-01-19,16
2024-01-19 17:00:00,0.0,0.0,2024-01-19,17
2024-01-19 18:00:00,0.0,0.0,2024-01-19,18
2024-01-19 19:00:00,0.0,0.0,2024-01-19,19
2024-01-19 20:00:00,0.0,0.0,2024-01-19,20
2024-01-19 21:00:00,0.0,0.0,2024-01-19,21
2024-01-19 22:00:00,0.0,0.0,2024-01-19,22
2024-01-19 23:00:00,0.0,0.0,2024-01-19,23
2024-01-20 00:00:00,0.0,0.0,2024-01-20,0
2024-01-20 01:00:00,0.0,0.0,2024-01-20,1
2024-01-20 02:00:00,0.0,0.0,2024-01-20,2
2024-01-20 03:00:00,0.0,0.0,2024-01-20,3
2024-01-20 04:00:00,0.0,0.0,2024-01-20,4
2024-01-20 05:00:00,0.0,0.0,2024-01-20,5
2024-01-20 06:00:00,0.02999296,0.113797,2024-01-20,6
2024-01-20 07:00:00,0.2276703,0.3883926,2024-01-20,7
2024-01-20 08:00:00,0.3980202,0.567212,2024-01-20,8
2024-01-20 09:00:00,0.4901243,0.637457,2024-01-20,9
2024-01-20 10:00:00,0.7363588,0.978589,2024-01-20,10
2024-01-20 11:00:00,0.6941821,0.9041686,2024-01-20,11
2024-01-20 12:00:00,0.6782232,0.8868952,2024-01-20,12
2024-01-20 13:00:00,0.5339433,0.6867447,2024-01-20,13
2024-01-20 14:00:00,0.4888836,0.6830701,2024-01-20,14
2024-01-20 15:00:00,0.2814197,0.4208021,2024-01-20,15
2024-01-20 16:00:00,0.09259508,0.1972299,2024-01-20,16
2024-01-20 17:00:00,4.23061e-06,0.0,2024-01-20,17
2024-01-20 18:00:00,0.0,0.0,2024-01-20,18
2024-01-20 19:00:00,0.0,0.0,2024-01-20,19
2024-01-20 20:00:00,0.0,0.0,2024-01-20,20
2024-01-20 21:00:00,0.0,0.0,2024-01-20,21
2024-01-20 22:00:00,0.0,0.0,2024-01-20,22
2024-01-20 23:00:00,0.0,0.0,2024-01-20,23
2024-01-21 00:00:00,0.0,0.0,2024-01-21,0
2024-01-21 01:00:00,0.0,0.0,2024-01-21,1
2024-01-21 02:00:00,0.0,0.0,2024-01-21,2
2024-01-21 03:00:00,0.0,0.0,2024-01-21,3
2024-01-21 04:00:00,0.0,0.0,2024-01-21,4
2024-01-21 05:00:00,0.0,0.0,2024-01-21,5
2024-01-21 06:00:00,0.02399082,0.06022421,2024-01-21,6
2024-01-21 07:00:00,0.1377357,0.1664322,2024-01-21,7
2024-01-21 08:00:00,0.2563956,0.2918033,2024-01-21,8
2024-01-21 09:00:00,0.4804417,0.6179221,2024-01-21,9
2024-01-21 10:00:00,0.6879646,0.9091216,2024-01-21,10
2024-01-21 11:00:00,0.716829,0.9360158,2024-01-21,11
2024-01-21 12:00:00,0.453063,0.5082934,2024-01-21,12
2024-01-21 13:00:00,0.5742879,0.753476,2024-01-21,13
2024-01-21 14:00:00,0.3779402,0.4768493,2024-01-21,14
2024-01-21 15:00:00,0.1870754,0.2156477,2024-01-21,15
2024-01-21 16:00:00,0.09078942,0.181674,2024-01-21,16
2024-01-21 17:00:00,4.61166e-05,0.0,2024-01-21,17
2024-01-21 18:00:00,0.0,0.0,2024-01-21,18
2024-01-21 19:00:00,0.0,0.0,2024-01-21,19
2024-01-21 20:00:00,0.0,0.0,2024-01-21,20
2024-01-21 21:00:00,0.0,0.0,2024-01-21,21
2024-01-21 22:00:00,0.0,0.0,2024-01-21,22
2024-01-21 23:00:00,0.0,0.0,2024-01-21,23
2024-01-22 00:00:00,0.0,0.0,2024-01-22,0
2024-01-22 01:00:00,0.0,0.0,2024-01-22,1
2024-01-22 02:00:00,0.0,0.0,2024-01-22,2
2024-01-22 03:00:00,0.0,0.0,2024-01-22,3
2024-01-22 04:00:00,0.0,0.0,2024-01-22,4
2024-01-22 05:00:00,0.0,0.0,2024-01-22,5
2024-01-22 06:00:00,0.03147458,0.1242269,2024-01-22,6
2024-01-22 07:00:00,0.1759529,0.2545465,2024-01-22,7
2024-01-22 08:00:00,0.2629417,0.3021075,2024-01-22,8
2024-01-22 09:00:00,0.2602225,0.2644787,2024-01-22,9
2024-01-22 10:00:00,0.5360045,0.6578558,2024-01-22,10
2024-01-22 11:00:00,0.5871875,0.7237056,2024-01-22,11
2024-01-22 12:00:00,0.5010453,0.5849354,2024-01-22,12
2024-01-22 13:00:00,0.417458,0.4780138,2024-01-22,13
2024-01-22 14:00:00,0.414569,0.5439393,2024-01-22,14
2024-01-22 15:00:00,0.2685261,0.3842629,2024-01-22,15
2024-01-22 16:00:00,0.06391477,0.08317378,2024-01-22,16
2024-01-22 17:00:00,9.3286e-05,0.0,2024-01-22,17
2024-01-22 18:00:00,0.0,0.0,2024-01-22,18
2024-01-22 19:00:00,0.0,0.0,2024-01-22,19
2024-01-22 20:00:00,0.0,0.0,2024-01-22,20
2024-01-22 21:00:00,0.0,0.0,2024-01-22,21
2024-01-22 22:00:00,0.0,0.0,2024-01-22,22
2024-01-22 23:00:00,0.0,0.0,2024-01-22,23
2024-01-23 00:00:00,0.0,0.0,2024-01-23,0
2024-01-23 01:00:00,0.0,0.0,2024-01-23,1
2024-01-23 02:00:00,0.0,0.0,2024-01-23,2
2024-01-23 03:00:00,0.0,0.0,2024-01-23,3
2024-01-23 04:00:00,0.0,0.0,2024-01-23,4
2024-01-23 05:00:00,0.0,0.0,2024-01-23,5
2024-01-23 06:00:00,0.02550489,0.06892553,2024-01-23,6
2024-01-23 07:00:00,0.2106305,0.341343,2024-01-23,7
2024-01-23 08:00:00,0.4833442,0.6983977,2024-01-23,8
2024-01-23 09:00:00,0.6488321,0.8811113,2024-01-23,9
2024-01-23 10:00:00,0.7804052,1.032223,2024-01-23,10
2024-01-23 11:00:00,0.7817295,1.022212,2024-01-23,11
2024-01-23 12:00:00,0.6855336,0.8906835,2024-01-23,12
2024-01-23 13:00:00,0.6394705,0.85107,2024-01-23,13
2024-01-23 14:00:00,0.5369337,0.7481458,2024-01-23,14
2024-01-23 15:00:00,0.3569238,0.551181,2024-01-23,15
2024-01-23 16:00:00,0.1190677,0.2683993,2024-01-23,16
2024-01-23 17:00:00,0.000184802,0.0,2024-01-23,17
2024-01-23 18:00:00,0.0,0.0,2024-01-23,18
2024-01-23 19:00:00,0.0,0.0,2024-01-23,19
2024-01-23 20:00:00,0.0,0.0,2024-01-23,20
2024-01-23 21:00:00,0.0,0.0,2024-01-23,21
2024-01-23 22:00:00,0.0,0.0,2024-01-23,22
2024-01-23 23:00:00,0.0,0.0,2024-01-23,23
2024-01-24 00:00:00,0.0,0.0,2024-01-24,0
2024-01-24 01:00:00,0.0,0.0,2024-01-24,1
2024-01-24 02:00:00,0.0,0.0,2024-01-24,2
2024-01-24 03:00:00,0.0,0.0,2024-01-24,3
2024-01-24 04:00:00,0.0,0.0,2024-01-24,4
2024-01-24 05:00:00,0.0,0.0,2024-01-24,5
2024-01-24 06:00:00,0.04020958,0.1909539,2024-01-24,6
2024-01-24 07:00:00,0.2208888,0.3632917,2024-01-24,7
2024-01-24 08:00:00,0.3520527,0.469701,2024-01-24,8
2024-01-24 09:00:00,0.5734701,0.7699491,2024-01-24,9
2024-01-24 10:00:00,0.7194767,0.9470679,2024-01-24,10
2024-01-24 11:00:00,0.7700702,1.004334,2024-01-24,11
2024-01-24 12:00:00,0.6509303,0.8336976,2024-01-24,12
2024-01-24 13:00:00,0.4386517,0.5097809,2024-01-24,13
2024-01-24 14:00:00,0.410599,0.530349,2024-01-24,14
2024-01-24 15:00:00,0.2389709,0.3117445,2024-01-24,15
2024-01-24 16:00:00,0.05782055,0.06609801,2024-01-24,16
2024-01-24 17:00:00,0.000256409,0.0,2024-01-24,17
2024-01-24 18:00:00,0.0,0.0,2024-01-24,18
2024-01-24 19:00:00,0.0,0.0,2024-01-24,19
2024-01-24 20:00:00,0.0,0.0,2024-01-24,20
2024-01-24 21:00:00,0.0,0.0,2024-01-24,21
2024-01-24 22:00:00,0.0,0.0,2024-01-24,22
2024-01-24 23:00:00,0.0,0.0,2024-01-24,23
2024-01-25 00:00:00,0.0,0.0,2024-01-25,0
2024-01-25 01:00:00,0.0,0.0,2024-01-25,1
2024-01-25 02:00:00,0.0,0.0,2024-01-25,2
2024-01-25 03:00:00,0.0,0.0,2024-01-25,3
2024-01-25 04:00:00,0.0,0.0,2024-01-25,4
2024-01-25 05:00:00,0.0,0.0,2024-01-25,5
2024-01-25 06:00:00,0.02397834,0.05448864,2024-01-25,6
2024-01-25 07:00:00,0.2329772,0.387543,2024-01-25,7
2024-01-25 08:00:00,0.3726962,0.5080442,2024-01-25,8
2024-01-25 09:00:00,0.5936082,0.7983057,2024-01-25,9
2024-01-25 10:00:00,0.6604561,0.8586404,2024-01-25,10
2024-01-25 11:00:00,0.7303655,0.9463596,2024-01-25,11
2024-01-25 12:00:00,0.5666564,0.6900254,2024-01-25,12
2024-01-25 13:00:00,0.5417479,0.6866905,2024-01-25,13
2024-01-25 14:00:00,0.4222927,0.5492218,2024-01-25,14
2024-01-25 15:00:00,0.2781237,0.3936849,2024-01-25,15
2024-01-25 16:00:00,0.1060321,0.2092576,2024-01-25,16
2024-01-25 17:00:00,0.000352524,0.0,2024-01-25,17
2024-01-25 18:00:00,0.0,0.0,2024-01-25,18
2024-01-25 19:00:00,0.0,0.0,2024-01-25,19
2024-01-25 20:00:00,0.0,0.0,2024-01-25,20
2024-01-25 21:00:00,0.0,0.0,2024-01-25,21
2024-01-25 22:00:00,0.0,0.0,2024-01-25,22
2024-01-25 23:00:00,0.0,0.0,2024-01-25,23
2024-01-26 00:00:00,0.0,0.0,2024-01-26,0
2024-01-26 01:00:00,0.0,0.0,2024-01-26,1
2024-01-26 02:00:00,0.0,0.0,2024-01-26,2
2024-01-26 03:00:00,0.0,0.0,2024-01-26,3
2024-01-26 04:00:00,0.0,0.0,2024-01-26,4
2024-01-26 05:00:00,0.0,0.0,2024-01-26,5
2024-01-26 06:00:00,0.02978763,0.09884281,2024-01-26,6
2024-01-26 07:00:00,0.1655759,0.2215263,2024-01-26,7
2024-01-26 08:00:00,0.3291996,0.4202383,2024-01-26,8
2024-01-26 09:00:00,0.5303109,0.6946154,2024-01-26,9
2024-01-26 10:00:00,0.5503771,0.6742953,2024-01-26,10
2024-01-26 11:00:00,0.4174094,0.4450324,2024-01-26,11
2024-01-26 12:00:00,0.5314075,0.6279738,2024-01-26,12
2024-01-26 13:00:00,0.547214,0.6933013,2024-01-26,13
2024-01-26 14:00:00,0.3262239,0.3723589,2024-01-26,14
2024-01-26 15:00:00,0.2717679,0.3760166,2024-01-26,15
2024-01-26 16:00:00,0.07616061,0.1031151,2024-01-26,16
2024-01-26 17:00:00,0.000642999,0.0,2024-01-26,17
2024-01-26 18:00:00,0.0,0.0,2024-01-26,18
2024-01-26 19:00:00,0.0,0.0,2024-01-26,19
2024-01-26 20:00:00,0.0,0.0,2024-01-26,20
2024-01-26 21:00:00,0.0,0.0,2024-01-26,21
2024-01-26 22:00:00,0.0,0.0,2024-01-26,22
2024-01-26 23:00:00,0.0,0.0,2024-01-26,23
2024-01-27 00:00:00,0.0,0.0,2024-01-27,0
2024-01-27 01:00:00,0.0,0.0,2024-01-27,1
2024-01-27 02:00:00,0.0,0.0,2024-01-27,2
2024-01-27 03:00:00,0.0,0.0,2024-01-27,3
2024-01-27 04:00:00,0.0,0.0,2024-01-27,4
2024-01-27 05:00:00,0.0,0.0,2024-01-27,5
2024-01-27 06:00:00,0.03419682,0.1368131,2024-01-27,6
2024-01-27 07:00:00,0.1791275,0.2521763,2024-01-27,7
2024-01-27 08:00:00,0.3318271,0.423336,2024-01-27,8
2024-01-27 09:00:00,0.5863474,0.782501,2024-01-27,9
2024-01-27 10:00:00,0.6889207,0.8964855,2024-01-27,10
2024-01-27 11:00:00,0.7494726,0.9687203,2024-01-27,11
2024-01-27 12:00:00,0.7103065,0.9173927,2024-01-27,12
2024-01-27 13:00:00,0.6280806,0.8228397,2024-01-27,13
2024-01-27 14:00:00,0.4321704,0.5612379,2024-01-27,14
2024-01-27 15:00:00,0.2123216,0.2505472,2024-01-27,15
2024-01-27 16:00:00,0.1128705,0.2185584,2024-01-27,16
2024-01-27 17:00:00,0.000871378,0.0,2024-01-27,17
2024-01-27 18:00:00,0.0,0.0,2024-01-27,18
2024-01-27 19:00:00,0.0,0.0,2024-01-27,19
2024-01-27 20:00:00,0.0,0.0,2024-01-27,20
2024-01-27 21:00:00,0.0,0.0,2024-01-27,21
2024-01-27 22:00:00,0.0,0.0,2024-01-27,22
2024-01-27 23:00:00,0.0,0.0,2024-01-27,23
2024-01-28 00:00:00,0.0,0.0,2024-01-28,0
2024-01-28 01:00:00,0.0,0.0,2024-01-28,1
2024-01-28 02:00:00,0.0,0.0,2024-01-28,2
2024-01-28 03:00:00,0.0,0.0,2024-01-28,3
2024-01-28 04:00:00,0.0,0.0,2024-01-28,4
2024-01-28 05:00:00,0.0,0.0,2024-01-28,5
2024-01-28 06:00:00,0.02165161,0.03718678,2024-01-28,6
2024-01-28 07:00:00,0.02660918,0.02599819,2024-01-28,7
2024-01-28 08:00:00,0.0454856,0.04434029,2024-01-28,8
2024-01-28 09:00:00,0.05708127,0.05559424,2024-01-28,9
2024-01-28 10:00:00,0.1875628,0.1836804,2024-01-28,10
2024-01-28 11:00:00,0.2270682,0.2226778,2024-01-28,11
2024-01-28 12:00:00,0.2126078,0.2083387,2024-01-28,12
2024-01-28 13:00:00,0.2072112,0.2035519,2024-01-28,13
2024-01-28 14:00:00,0.1520542,0.1492756,2024-01-28,14
2024-01-28 15:00:00,0.100534,0.09902512,2024-01-28,15
2024-01-28 16:00:00,0.09218944,0.1417661,2024-01-28,16
2024-01-28 17:00:00,0.001292829,0.0,2024-01-28,17
2024-01-28 18:00:00,0.0,0.0,2024-01-28,18
2024-01-28 19:00:00,0.0,0.0,2024-01-28,19
2024-01-28 20:00:00,0.0,0.0,2024-01-28,20
2024-01-28 21:00:00,0.0,0.0,2024-01-28,21
2024-01-28 22:00:00,0.0,0.0,2024-01-28,22
2024-01-28 23:00:00,0.0,0.0,2024-01-28,23
2024-01-29 00:00:00,0.0,0.0,2024-01-29,0
2024-01-29 01:00:00,0.0,0.0,2024-01-29,1
2024-01-29 02:00:00,0.0,0.0,2024-01-29,2
2024-01-29 03:00:00,0.0,0.0,2024-01-29,3
2024-01-29 04:00:00,0.0,0.0,2024-01-29,4
2024-01-29 05:00:00,0.0,0.0,2024-01-29,5
2024-01-29 06:00:00,0.03011426,0.09248891,2024-01-29,6
2024-01-29 07:00:00,0.2080368,0.3181432,2024-01-29,7
2024-01-29 08:00:00,0.440569,0.6188458,2024-01-29,8
2024-01-29 09:00:00,0.5037211,0.6412163,2024-01-29,9
2024-01-29 10:00:00,0.6194125,0.7831073,2024-01-29,10
2024-01-29 11:00:00,0.5347972,0.6206788,2024-01-29,11
2024-01-29 12:00:00,0.3794464,0.394407,2024-01-29,12
2024-01-29 13:00:00,0.5892407,0.7551875,2024-01-29,13
2024-01-29 14:00:00,0.3650831,0.4331035,2024-01-29,14
2024-01-29 15:00:00,0.3086607,0.4418933,2024-01-29,15
2024-01-29 16:00:00,0.1337312,0.2698412,2024-01-29,16
2024-01-29 17:00:00,0.001399398,0.0,2024-01-29,17
2024-01-29 18:00:00,0.0,0.0,2024-01-29,18
2024-01-29 19:00:00,0.0,0.0,2024-01-29,19
2024-01-29 20:00:00,0.0,0.0,2024-01-29,20
2024-01-29 21:00:00,0.0,0.0,2024-01-29,21
2024-01-29 22:00:00,0.0,0.0,2024-01-29,22
2024-01-29 23:00:00,0.0,0.0,2024-01-29,23
2024-01-30 00:00:00,0.0,0.0,2024-01-30,0
2024-01-30 01:00:00,0.0,0.0,2024-01-30,1
2024-01-30 02:00:00,0.0,0.0,2024-01-30,2
2024-01-30 03:00:00,0.0,0.0,2024-01-30,3
2024-01-30 04:00:00,0.0,0.0,2024-01-30,4
2024-01-30 05:00:00,0.0,0.0,2024-01-30,5
2024-01-30 06:00:00,0.03642889,0.1468258,2024-01-30,6
2024-01-30 07:00:00,0.1812524,0.2501716,2024-01-30,7
2024-01-30 08:00:00,0.1813772,0.1824304,2024-01-30,8
2024-01-30 09:00:00,0.3414671,0.3680325,2024-01-30,9
2024-01-30 10:00:00,0.2757637,0.2739551,2024-01-30,10
2024-01-30 11:00:00,0.3874248,0.4017857,2024-01-30,11
2024-01-30 12:00:00,0.3756276,0.3888324,2024-01-30,12
2024-01-30 13:00:00,0.4550662,0.5252692,2024-01-30,13
2024-01-30 14:00:00,0.441779,0.5691668,2024-01-30,14
2024-01-30 15:00:00,0.2882102,0.3958191,2024-01-30,15
2024-01-30 16:00:00,0.1375525,0.2738278,2024-01-30,16
2024-01-30 17:00:00,0.002130199,0.0,2024-01-30,17
2024-01-30 18:00:00,0.0,0.0,2024-01-30,18
2024-01-30 19:00:00,0.0,0.0,2024-01-30,19
2024-01-30 20:00:00,0.0,0.0,2024-01-30,20
2024-01-30 21:00:00,0.0,0.0,2024-01-30,21
2024-01-30 22:00:00,0.0,0.0,2024-01-30,22
2024-01-30 23:00:00,0.0,0.0,2024-01-30,23
2024-01-31 00:00:00,0.0,0.0,2024-01-31,0
2024-01-31 01:00:00,0.0,0.0,2024-01-31,1
2024-01-31 02:00:00,0.0,0.0,2024-01-31,2
2024-01-31 03:00:00,0.0,0.0,2024-01-31,3
2024-01-31 04:00:00,0.0,0.0,2024-01-31,4
2024-01-31 05:00:00,0.0,0.0,2024-01-31,5
2024-01-31 06:00:00,0.02961764,0.08156932,2024-01-31,6
2024-01-31 07:00:00,0.2066962,0.3086661,2024-01-31,7
2024-01-31 08:00:00,0.3737015,0.4946474,2024-01-31,8
2024-01-31 09:00:00,0.6102563,0.8075647,2024-01-31,9
2024-01-31 10:00:00,0.7663882,0.9931002,2024-01-31,10
2024-01-31 11:00:00,0.7572699,0.9691909,2024-01-31,11
2024-01-31 12:00:00,0.6611053,0.8305337,2024-01-31,12
2024-01-31 13:00:00,0.6679001,0.8703286,2024-01-31,13
2024-01-31 14:00:00,0.5397868,0.7292323,2024-01-31,14
2024-01-31 15:00:00,0.3331184,0.4814788,2024-01-31,15
2024-01-31 16:00:00,0.1304889,0.2470776,2024-01-31,16
2024-01-31 17:00:00,0.001299664,0.0,2024-01-31,17
2024-01-31 18:00:00,0.0,0.0,2024-01-31,18
2024-01-31 19:00:00,0.0,0.0,2024-01-31,19
2024-01-31 20:00:00,0.0,0.0,2024-01-31,20
2024-01-31 21:00:00,0.0,0.0,2024-01-31,21
2024-01-31 22:00:00,0.0,0.0,2024-01-31,22
2024-01-31 23:00:00,0.0,0.0,2024-01-31,23
2024-02-01 00:00:00,0.0,0.0,2024-02-01,0
2024-02-01 01:00:00,0.0,0.0,2024-02-01,1
2024-02-01 02:00:00,0.0,0.0,2024-02-01,2
2024-02-01 03:00:00,0.0,0.0,2024-02-01,3
2024-02-01 04:00:00,0.0,0.0,2024-02-01,4
2024-02-01 05:00:00,0.0,0.0,2024-02-01,5
2024-02-01 06:00:00,0.02121501,0.03106082,2024-02-01,6
2024-02-01 07:00:00,0.03366053,0.03292315,2024-02-01,7
2024-02-01 08:00:00,0.2683757,0.3003948,2024-02-01,8
2024-02-01 09:00:00,0.3746391,0.415605,2024-02-01,9
2024-02-01 10:00:00,0.5866545,0.7211002,2024-02-01,10
2024-02-01 11:00:00,0.6874529,0.8627827,2024-02-01,11
2024-02-01 12:00:00,0.5672175,0.6739269,2024-02-01,12
2024-02-01 13:00:00,0.565352,0.7065373,2024-02-01,13
2024-02-01 14:00:00,0.52595,0.7050351,2024-02-01,14
2024-02-01 15:00:00,0.3458605,0.5008292,2024-02-01,15
2024-02-01 16:00:00,0.1144434,0.1904044,2024-02-01,16
2024-02-01 17:00:00,0.002203714,0.0,2024-02-01,17
2024-02-01 18:00:00,0.0,0.0,2024-02-01,18
2024-02-01 19:00:00,0.0,0.0,2024-02-01,19
2024-02-01 20:00:00,0.0,0.0,2024-02-01,20
2024-02-01 21:00:00,0.0,0.0,2024-02-01,21
2024-02-01 22:00:00,0.0,0.0,2024-02-01,22
2024-02-01 23:00:00,0.0,0.0,2024-02-01,23
2024-02-02 00:00:00,0.0,0.0,2024-02-02,0
2024-02-02 01:00:00,0.0,0.0,2024-02-02,1
2024-02-02 02:00:00,0.0,0.0,2024-02-02,2
2024-02-02 03:00:00,0.0,0.0,2024-02-02,3
2024-02-02 04:00:00,0.0,0.0,2024-02-02,4
2024-02-02 05:00:00,0.0,0.0,2024-02-02,5
2024-02-02 06:00:00,0.02497234,0.04567659,2024-02-02,6
2024-02-02 07:00:00,0.09937362,0.1006074,2024-02-02,7
2024-02-02 08:00:00,0.3117281,0.3732482,2024-02-02,8
2024-02-02 09:00:00,0.2209928,0.2185063,2024-02-02,9
2024-02-02 10:00:00,0.3624995,0.3746986,2024-02-02,10
2024-02-02 11:00:00,0.1240735,0.1210255,2024-02-02,11
2024-02-02 12:00:00,0.2443065,0.2399527,2024-02-02,12
2024-02-02 13:00:00,0.1663274,0.1627499,2024-02-02,13
2024-02-02 14:00:00,0.07618092,0.07431744,2024-02-02,14
2024-02-02 15:00:00,0.04127001,0.04026284,2024-02-02,15
2024-02-02 16:00:00,0.01596991,0.01563619,2024-02-02,16
2024-02-02 17:00:00,0.003124224,0.0,2024-02-02,17
2024-02-02 18:00:00,0.0,0.0,2024-02-02,18
2024-02-02 19:00:00,0.0,0.0,2024-02-02,19
2024-02-02 20:00:00,0.0,0.0,2024-02-02,20
2024-02-02 21:00:00,0.0,0.0,2024-02-02,21
2024-02-02 22:00:00,0.0,0.0,2024-02-02,22
2024-02-02 23:00:00,0.0,0.0,2024-02-02,23
2024-02-03 00:00:00,0.0,0.0,2024-02-03,0
2024-02-03 01:00:00,0.0,0.0,2024-02-03,1
2024-02-03 02:00:00,0.0,0.0,2024-02-03,2
2024-02-03 03:00:00,0.0,0.0,2024-02-03,3
2024-02-03 04:00:00,0.0,0.0,2024-02-03,4
2024-02-03 05:00:00,0.0,0.0,2024-02-03,5
2024-02-03 06:00:00,0.03246242,0.09298833,2024-02-03,6
2024-02-03 07:00:00,0.1558771,0.1866923,2024-02-03,7
2024-02-03 08:00:00,0.1048558,0.1027127,2024-02-03,8
2024-02-03 09:00:00,0.1039468,0.1014678,2024-02-03,9
2024-02-03 10:00:00,0.2123666,0.2081121,2024-02-03,10
2024-02-03 11:00:00,0.6460137,0.7913229,2024-02-03,11
2024-02-03 12:00:00,0.6932778,0.8717855,2024-02-03,12
2024-02-03 13:00:00,0.5043201,0.5981489,2024-02-03,13
2024-02-03 14:00:00,0.3137921,0.3408608,2024-02-03,14
2024-02-03 15:00:00,0.1348176,0.1342993,2024-02-03,15
2024-02-03 16:00:00,0.05084452,0.05100244,2024-02-03,16
2024-02-03 17:00:00,0.002345896,0.0,2024-02-03,17
2024-02-03 18:00:00,0.0,0.0,2024-02-03,18
2024-02-03 19:00:00,0.0,0.0,2024-02-03,19
2024-02-03 20:00:00,0.0,0.0,2024-02-03,20
2024-02-03 21:00:00,0.0,0.0,2024-02-03,21
2024-02-03 22:00:00,0.0,0.0,2024-02-03,22
2024-02-03 23:00:00,0.0,0.0,2024-02-03,23
2024-02-04 00:00:00,0.0,0.0,2024-02-04,0
2024-02-04 01:00:00,0.0,0.0,2024-02-04,1
2024-02-04 02:00:00,0.0,0.0,2024-02-04,2
2024-02-04 03:00:00,0.0,0.0,2024-02-04,3
2024-02-04 04:00:00,0.0,0.0,2024-02-04,4
2024-02-04 05:00:00,0.0,0.0,2024-02-04,5
2024-02-04 06:00:00,0.02080729,0.02672577,2024-02-04,6
2024-02-04 07:00:00,0.2603541,0.4096199,2024-02-04,7
2024-02-04 08:00:00,0.5033792,0.6949862,2024-02-04,8
2024-02-04 09:00:00,0.7065216,0.928346,2024-02-04,9
2024-02-04 10:00:00,0.8209849,1.054272,2024-02-04,10
2024-02-04 11:00:00,0.8384028,1.066498,2024-02-04,11
2024-02-04 12:00:00,0.8543376,1.090526,2024-02-04,12
2024-02-04 13:00:00,0.7579369,0.980726,2024-02-04,13
2024-02-04 14:00:00,0.52487,0.6934955,2024-02-04,14
2024-02-04 15:00:00,0.299782,0.4006945,2024-02-04,15
2024-02-04 16:00:00,0.1141317,0.1731535,2024-02-04,16
2024-02-04 17:00:00,0.001797324,0.0,2024-02-04,17
2024-02-04 18:00:00,0.0,0.0,2024-02-04,18
2024-02-04 19:00:00,0.0,0.0,2024-02-04,19
2024-02-04 20:00:00,0.0,0.0,2024-02-04,20
2024-02-04 21:00:00,0.0,0.0,2024-02-04,21
2024-02-04 22:00:00,0.0,0.0,2024-02-04,22
2024-02-04 23:00:00,0.0,0.0,2024-02-04,23
2024-02-05 00:00:00,0.0,0.0,2024-02-05,0
2024-02-05 01:00:00,0.0,0.0,2024-02-05,1
2024-02-05 02:00:00,0.0,0.0,2024-02-05,2
2024-02-05 03:00:00,0.0,0.0,2024-02-05,3
2024-02-05 04:00:00,0.0,0.0,2024-02-05,4
2024-02-05 05:00:00,0.0,0.0,2024-02-05,5
2024-02-05 06:00:00,0.04632522,0.1868731,2024-02-05,6
2024-02-05 07:00:00,0.2592466,0.4040091,2024-02-05,7
2024-02-05 08:00:00,0.4343148,0.5879573,2024-02-05,8
2024-02-05 09:00:00,0.4338075,0.5042465,2024-02-05,9
2024-02-05 10:00:00,0.597432,0.7281345,2024-02-05,10
2024-02-05 11:00:00,0.8232251,1.043846,2024-02-05,11
2024-02-05 12:00:00,0.7814482,0.9921156,2024-02-05,12
2024-02-05 13:00:00,0.554332,0.6763287,2024-02-05,13
2024-02-05 14:00:00,0.402535,0.4814706,2024-02-05,14
2024-02-05 15:00:00,0.30995,0.4171415,2024-02-05,15
2024-02-05 16:00:00,0.06825639,0.07176736,2024-02-05,16
2024-02-05 17:00:00,0.002700568,0.0,2024-02-05,17
2024-02-05 18:00:00,0.0,0.0,2024-02-05,18
2024-02-05 19:00:00,0.0,0.0,2024-02-05,19
2024-02-05 20:00:00,0.0,0.0,2024-02-05,20
2024-02-05 21:00:00,0.0,0.0,2024-02-05,21
2024-02-05 22:00:00,0.0,0.0,2024-02-05,22
2024-02-05 23:00:00,0.0,0.0,2024-02-05,23
2024-02-06 00:00:00,0.0,0.0,2024-02-06,0
2024-02-06 01:00:00,0.0,0.0,2024-02-06,1
2024-02-06 02:00:00,0.0,0.0,2024-02-06,2
2024-02-06 03:00:00,0.0,0.0,2024-02-06,3
2024-02-06 04:00:00,0.0,0.0,2024-02-06,4
2024-02-06 05:00:00,0.0,0.0,2024-02-06,5
2024-02-06 06:00:00,0.03835408,0.1126404,2024-02-06,6
2024-02-06 07:00:00,0.1490147,0.1697822,2024-02-06,7
2024-02-06 08:00:00,0.3549125,0.4431396,2024-02-06,8
2024-02-06 09:00:00,0.533447,0.669801,2024-02-06,9
2024-02-06 10:00:00,0.4812678,0.5383201,2024-02-06,10
2024-02-06 11:00:00,0.6778544,0.8332793,2024-02-06,11
2024-02-06 12:00:00,0.7557341,0.9540508,2024-02-06,12
2024-02-06 13:00:00,0.3988656,0.4277902,2024-02-06,13
2024-02-06 14:00:00,0.4162889,0.5026832,2024-02-06,14
2024-02-06 15:00:00,0.3442756,0.4785599,2024-02-06,15
2024-02-06 16:00:00,0.1278665,0.2022995,2024-02-06,16
2024-02-06 17:00:00,0.005013291,0.0,2024-02-06,17
2024-02-06 18:00:00,0.0,0.0,2024-02-06,18
2024-02-06 19:00:00,0.0,0.0,2024-02-06,19
2024-02-06 20:00:00,0.0,0.0,2024-02-06,20
2024-02-06 21:00:00,0.0,0.0,2024-02-06,21
2024-02-06 22:00:00,0.0,0.0,2024-02-06,22
2024-02-06 23:00:00,0.0,0.0,2024-02-06,23
2024-02-07 00:00:00,0.0,0.0,2024-02-07,0
2024-02-07 01:00:00,0.0,0.0,2024-02-07,1
2024-02-07 02:00:00,0.0,0.0,2024-02-07,2
2024-02-07 03:00:00,0.0,0.0,2024-02-07,3
2024-02-07 04:00:00,0.0,0.0,2024-02-07,4
2024-02-07 05:00:00,0.0,0.0,2024-02-07,5
2024-02-07 06:00:00,0.03046003,0.05541451,2024-02-07,6
2024-02-07 07:00:00,0.2475065,0.3738026,2024-02-07,7
2024-02-07 08:00:00,0.4766379,0.6477677,2024-02-07,8
2024-02-07 09:00:00,0.6435862,0.834677,2024-02-07,9
2024-02-07 10:00:00,0.8252707,1.050742,2024-02-07,10
2024-02-07 11:00:00,0.7872521,0.990733,2024-02-07,11
2024-02-07 12:00:00,0.673735,0.829568,2024-02-07,12
2024-02-07 13:00:00,0.6379513,0.8043352,2024-02-07,13
2024-02-07 14:00:00,0.3307253,0.3607751,2024-02-07,14
2024-02-07 15:00:00,0.2509793,0.2972273,2024-02-07,15
2024-02-07 16:00:00,0.06917768,0.07191344,2024-02-07,16
2024-02-07 17:00:00,0.002959755,0.0,2024-02-07,17
2024-02-07 18:00:00,0.0,0.0,2024-02-07,18
2024-02-07 19:00:00,0.0,0.0,2024-02-07,19
2024-02-07 20:00:00,0.0,0.0,2024-02-07,20
2024-02-07 21:00:00,0.0,0.0,2024-02-07,21
2024-02-07 22:00:00,0.0,0.0,2024-02-07,22
2024-02-07 23:00:00,0.0,0.0,2024-02-07,23
2024-02-08 00:00:00,0.0,0.0,2024-02-08,0
2024-02-08 01:00:00,0.0,0.0,2024-02-08,1
2024-02-08 02:00:00,0.0,0.0,2024-02-08,2
2024-02-08 03:00:00,0.0,0.0,2024-02-08,3
2024-02-08 04:00:00,0.0,0.0,2024-02-08,4
2024-02-08 05:00:00,0.0,0.0,2024-02-08,5
2024-02-08 06:00:00,0.01579277,0.01641969,2024-02-08,6
2024-02-08 07:00:00,0.2022555,0.272469,2024-02-08,7
2024-02-08 08:00:00,0.3131713,0.3641053,2024-02-08,8
2024-02-08 09:00:00,0.5283232,0.65542,2024-02-08,9
2024-02-08 10:00:00,0.5020408,0.5668957,2024-02-08,10
2024-02-08 11:00:00,0.4353518,0.4576408,2024-02-08,11
2024-02-08 12:00:00,0.5500497,0.6297929,2024-02-08,12
2024-02-08 13:00:00,0.7330338,0.9356461,2024-02-08,13
2024-02-08 14:00:00,0.5714617,0.7498913,2024-02-08,14
2024-02-08 15:00:00,0.3333724,0.4507248,2024-02-08,15
2024-02-08 16:00:00,0.1509428,0.2544549,2024-02-08,16
2024-02-08 17:00:00,0.004840275,0.0,2024-02-08,17
2024-02-08 18:00:00,0.0,0.0,2024-02-08,18
2024-02-08 19:00:00,0.0,0.0,2024-02-08,19
2024-02-08 20:00:00,0.0,0.0,2024-02-08,20
2024-02-08 21:00:00,0.0,0.0,2024-02-08,21
2024-02-08 22:00:00,0.0,0.0,2024-02-08,22
2024-02-08 23:00:00,0.0,0.0,2024-02-08,23
2024-02-09 00:00:00,0.0,0.0,2024-02-09,0
2024-02-09 01:00:00,0.0,0.0,2024-02-09,1
2024-02-09 02:00:00,0.0,0.0,2024-02-09,2
2024-02-09 03:00:00,0.0,0.0,2024-02-09,3
2024-02-09 04:00:00,0.0,0.0,2024-02-09,4
2024-02-09 05:00:00,0.0,0.0,2024-02-09,5
2024-02-09 06:00:00,0.03432157,0.06497069,2024-02-09,6
2024-02-09 07:00:00,0.04725586,0.04627359,2024-02-09,7
2024-02-09 08:00:00,0.0376991,0.03670016,2024-02-09,8
2024-02-09 09:00:00,0.1513916,0.1480679,2024-02-09,9
2024-02-09 10:00:00,0.1424386,0.139038,2024-02-09,10
2024-02-09 11:00:00,0.09143997,0.08905154,2024-02-09,11
2024-02-09 12:00:00,0.05638941,0.05485335,2024-02-09,12
2024-02-09 13:00:00,0.09017783,0.0878704,2024-02-09,13
2024-02-09 14:00:00,0.05986284,0.05830974,2024-02-09,14
2024-02-09 15:00:00,0.04046898,0.0394471,2024-02-09,15
2024-02-09 16:00:00,0.00175626,0.001706103,2024-02-09,16
2024-02-09 17:00:00,0.004750309,0.0,2024-02-09,17
2024-02-09 18:00:00,0.0,0.0,2024-02-09,18
2024-02-09 19:00:00,0.0,0.0,2024-02-09,19
2024-02-09 20:00:00,0.0,0.0,2024-02-09,20
2024-02-09 21:00:00,0.0,0.0,2024-02-09,21
2024-02-09 22:00:00,0.0,0.0,2024-02-09,22
2024-02-09 23:00:00,0.0,0.0,2024-02-09,23
2024-02-10 00:00:00,0.0,0.0,2024-02-10,0
2024-02-10 01:00:00,0.0,0.0,2024-02-10,1
2024-02-10 02:00:00,0.0,0.0,2024-02-10,2
2024-02-10 03:00:00,0.0,0.0,2024-02-10,3
2024-02-10 04:00:00,0.0,0.0,2024-02-10,4
2024-02-10 05:00:00,0.0,0.0,2024-02-10,5
2024-02-10 06:00:00,0.03997497,0.08902995,2024-02-10,6
2024-02-10 07:00:00,0.01989651,0.0193819,2024-02-10,7
2024-02-10 08:00:00,0.05062275,0.04932474,2024-02-10,8
2024-02-10 09:00:00,0.03326768,0.03234734,2024-02-10,9
2024-02-10 10:00:00,0.09975891,0.09720796,2024-02-10,10
2024-02-10 11:00:00,0.09069081,0.08831567,2024-02-10,11
2024-02-10 12:00:00,0.1023383,0.09970678,2024-02-10,12
2024-02-10 13:00:00,0.06840532,0.06659219,2024-02-10,13
2024-02-10 14:00:00,0.05854943,0.05702272,2024-02-10,14
2024-02-10 15:00:00,0.04096288,0.03992648,2024-02-10,15
2024-02-10 16:00:00,0.04119585,0.04063559,2024-02-10,16
2024-02-10 17:00:00,0.006977723,0.0,2024-02-10,17
2024-02-10 18:00:00,0.0,0.0,2024-02-10,18
2024-02-10 19:00:00,0.0,0.0,2024-02-10,19
2024-02-10 20:00:00,0.0,0.0,2024-02-10,20
2024-02-10 21:00:00,0.0,0.0,2024-02-10,21
2024-02-10 22:00:00,0.0,0.0,2024-02-10,22
2024-02-10 23:00:00,0.0,0.0,2024-02-10,23
2024-02-11 00:00:00,0.0,0.0,2024-02-11,0
2024-02-11 01:00:00,0.0,0.0,2024-02-11,1
2024-02-11 02:00:00,0.0,0.0,2024-02-11,2
2024-02-11 03:00:00,0.0,0.0,2024-02-11,3
2024-02-11 04:00:00,0.0,0.0,2024-02-11,4
2024-02-11 05:00:00,0.0,0.0,2024-02-11,5
2024-02-11 06:00:00,0.03672044,0.06621971,2024-02-11,6
2024-02-11 07:00:00,0.1750567,0.2086811,2024-02-11,7
2024-02-11 08:00:00,0.4593198,0.6084735,2024-02-11,8
2024-02-11 09:00:00,0.6447592,0.8241318,2024-02-11,9
2024-02-11 10:00:00,0.5760316,0.6773644,2024-02-11,10
2024-02-11 11:00:00,0.6139506,0.718227,2024-02-11,11
2024-02-11 12:00:00,0.5338378,0.5983932,2024-02-11,12
2024-02-11 13:00:00,0.4724383,0.5291142,2024-02-11,13
2024-02-11 14:00:00,0.5173762,0.6580302,2024-02-11,14
2024-02-11 15:00:00,0.3700083,0.5045401,2024-02-11,15
2024-02-11 16:00:00,0.1021009,0.1210317,2024-02-11,16
2024-02-11 17:00:00,0.007262465,0.0,2024-02-11,17
2024-02-11 18:00:00,0.0,0.0,2024-02-11,18
2024-02-11 19:00:00,0.0,0.0,2024-02-11,19
2024-02-11 20:00:00,0.0,0.0,2024-02-11,20
2024-02-11 21:00:00,0.0,0.0,2024-02-11,21
2024-02-11 22:00:00,0.0,0.0,2024-02-11,22
2024-02-11 23:00:00,0.0,0.0,2024-02-11,23
2024-02-12 00:00:00,0.0,0.0,2024-02-12,0
2024-02-12 01:00:00,0.0,0.0,2024-02-12,1
2024-02-12 02:00:00,0.0,0.0,2024-02-12,2
2024-02-12 03:00:00,0.0,0.0,2024-02-12,3
2024-02-12 04:00:00,0.0,0.0,2024-02-12,4
2024-02-12 05:00:00,0.0,0.0,2024-02-12,5
2024-02-12 06:00:00,0.02045946,0.02135688,2024-02-12,6
2024-02-12 07:00:00,0.1229487,0.1263022,2024-02-12,7
2024-02-12 08:00:00,0.2069014,0.2085289,2024-02-12,8
2024-02-12 09:00:00,0.3549586,0.3745936,2024-02-12,9
2024-02-12 10:00:00,0.4458132,0.4773744,2024-02-12,10
2024-02-12 11:00:00,0.5183968,0.5692862,2024-02-12,11
2024-02-12 12:00:00,0.4843978,0.5236536,2024-02-12,12
2024-02-12 13:00:00,0.3470591,0.3545838,2024-02-12,13
2024-02-12 14:00:00,0.2368857,0.2365461,2024-02-12,14
2024-02-12 15:00:00,0.2526252,0.2895025,2024-02-12,15
2024-02-12 16:00:00,0.1453481,0.2187246,2024-02-12,16
2024-02-12 17:00:00,0.005163691,0.0,2024-02-12,17
2024-02-12 18:00:00,0.0,0.0,2024-02-12,18
2024-02-12 19:00:00,0.0,0.0,2024-02-12,19
2024-02-12 20:00:00,0.0,0.0,2024-02-12,20
2024-02-12 21:00:00,0.0,0.0,2024-02-12,21
2024-02-12 22:00:00,0.0,0.0,2024-02-12,22
2024-02-12 23:00:00,0.0,0.0,2024-02-12,23
2024-02-13 00:00:00,0.0,0.0,2024-02-13,0
2024-02-13 01:00:00,0.0,0.0,2024-02-13,1
2024-02-13 02:00:00,0.0,0.0,2024-02-13,2
2024-02-13 03:00:00,0.0,0.0,2024-02-13,3
2024-02-13 04:00:00,0.0,0.0,2024-02-13,4
2024-02-13 05:00:00,0.0,0.0,2024-02-13,5
2024-02-13 06:00:00,0.03270337,0.0444437,2024-02-13,6
2024-02-13 07:00:00,0.2150249,0.2831442,2024-02-13,7
2024-02-13 08:00:00,0.3696476,0.4501956,2024-02-13,8
2024-02-13 09:00:00,0.4776352,0.5580765,2024-02-13,9
2024-02-13 10:00:00,0.6036968,0.7158704,2024-02-13,10
2024-02-13 11:00:00,0.7361976,0.9001312,2024-02-13,11
2024-02-13 12:00:00,0.7579201,0.9354956,2024-02-13,12
2024-02-13 13:00:00,0.5157537,0.592374,2024-02-13,13
2024-02-13 14:00:00,0.5158635,0.648909,2024-02-13,14
2024-02-13 15:00:00,0.2985136,0.3682367,2024-02-13,15
2024-02-13 16:00:00,0.1290864,0.1742235,2024-02-13,16
2024-02-13 17:00:00,0.005892418,0.0,2024-02-13,17
2024-02-13 18:00:00,0.0,0.0,2024-02-13,18
2024-02-13 19:00:00,0.0,0.0,2024-02-13,19
2024-02-13 20:00:00,0.0,0.0,2024-02-13,20
2024-02-13 21:00:00,0.0,0.0,2024-02-13,21
2024-02-13 22:00:00,0.0,0.0,2024-02-13,22
2024-02-13 23:00:00,0.0,0.0,2024-02-13,23
2024-02-14 00:00:00,0.0,0.0,2024-02-14,0
2024-02-14 01:00:00,0.0,0.0,2024-02-14,1
2024-02-14 02:00:00,0.0,0.0,2024-02-14,2
2024-02-14 03:00:00,0.0,0.0,2024-02-14,3
2024-02-14 04:00:00,0.0,0.0,2024-02-14,4
2024-02-14 05:00:00,0.0,0.0,2024-02-14,5
2024-02-14 06:00:00,0.05607045,0.1414841,2024-02-14,6
2024-02-14 07:00:00,0.2380005,0.3267841,2024-02-14,7
2024-02-14 08:00:00,0.4594394,0.5983509,2024-02-14,8
2024-02-14 09:00:00,0.5266428,0.6348789,2024-02-14,9
2024-02-14 10:00:00,0.7111456,0.8763564,2024-02-14,10
2024-02-14 11:00:00,0.712231,0.8615584,2024-02-14,11
2024-02-14 12:00:00,0.8218965,1.018289,2024-02-14,12
2024-02-14 13:00:00,0.6625451,0.8187662,2024-02-14,13
2024-02-14 14:00:00,0.5384697,0.6809599,2024-02-14,14
2024-02-14 15:00:00,0.341919,0.4442561,2024-02-14,15
2024-02-14 16:00:00,0.1497344,0.2202471,2024-02-14,16
2024-02-14 17:00:00,0.01041875,0.0,2024-02-14,17
2024-02-14 18:00:00,0.0,0.0,2024-02-14,18
2024-02-14 19:00:00,0.0,0.0,2024-02-14,19
2024-02-14 20:00:00,0.0,0.0,2024-02-14,20
2024-02-14 21:00:00,0.0,0.0,2024-02-14,21
2024-02-14 22:00:00,0.0,0.0,2024-02-14,22
2024-02-14 23:00:00,0.0,0.0,2024-02-14,23
2024-02-15 00:00:00,0.0,0.0,2024-02-15,0
2024-02-15 01:00:00,0.0,0.0,2024-02-15,1
2024-02-15 02:00:00,0.0,0.0,2024-02-15,2
2024-02-15 03:00:00,0.0,0.0,2024-02-15,3
2024-02-15 04:00:00,0.0,0.0,2024-02-15,4
2024-02-15 05:00:00,0.0,0.0,2024-02-15,5
2024-02-15 06:00:00,0.0588935,0.1451676,2024-02-15,6
2024-02-15 07:00:00,0.2920233,0.4225264,2024-02-15,7
2024-02-15 08:00:00,0.4974697,0.6516231,2024-02-15,8
2024-02-15 09:00:00,0.5806526,0.7172032,2024-02-15,9
2024-02-15 10:00:00,0.7440438,0.9194738,2024-02-15,10
2024-02-15 11:00:00,0.5739687,0.646697,2024-02-15,11
2024-02-15 12:00:00,0.6989712,0.8434342,2024-02-15,12
2024-02-15 13:00:00,0.58667,0.6993399,2024-02-15,13
2024-02-15 14:00:00,0.5342522,0.6711005,2024-02-15,14
2024-02-15 15:00:00,0.320933,0.4029304,2024-02-15,15
2024-02-15 16:00:00,0.1601752,0.2407562,2024-02-15,16
2024-02-15 17:00:00,0.009293873,0.0,2024-02-15,17
2024-02-15 18:00:00,0.0,0.0,2024-02-15,18
2024-02-15 19:00:00,0.0,0.0,2024-02-15,19
2024-02-15 20:00:00,0.0,0.0,2024-02-15,20
2024-02-15 21:00:00,0.0,0.0,2024-02-15,21
2024-02-15 22:00:00,0.0,0.0,2024-02-15,22
2024-02-15 23:00:00,0.0,0.0,2024-02-15,23
2024-02-16 00:00:00,0.0,0.0,2024-02-16,0
2024-02-16 01:00:00,0.0,0.0,2024-02-16,1
2024-02-16 02:00:00,0.0,0.0,2024-02-16,2
2024-02-16 03:00:00,0.0,0.0,2024-02-16,3
2024-02-16 04:00:00,0.0,0.0,2024-02-16,4
2024-02-16 05:00:00,0.0,0.0,2024-02-16,5
2024-02-16 06:00:00,0.04217691,0.06501516,2024-02-16,6
2024-02-16 07:00:00,0.201219,0.2463517,2024-02-16,7
2024-02-16 08:00:00,0.4334823,0.5496719,2024-02-16,8
2024-02-16 09:00:00,0.5204373,0.6190572,2024-02-16,9
2024-02-16 10:00:00,0.8056406,0.9973052,2024-02-16,10
2024-02-16 11:00:00,0.8155272,1.001104,2024-02-16,11
2024-02-16 12:00:00,0.7217901,0.8740947,2024-02-16,12
2024-02-16 13:00:00,0.6452819,0.7866375,2024-02-16,13
2024-02-16 14:00:00,0.3839585,0.4270707,2024-02-16,14
2024-02-16 15:00:00,0.4315111,0.5806576,2024-02-16,15
2024-02-16 16:00:00,0.2116816,0.3395344,2024-02-16,16
2024-02-16 17:00:00,0.01248578,0.0,2024-02-16,17
2024-02-16 18:00:00,0.0,0.0,2024-02-16,18
2024-02-16 19:00:00,0.0,0.0,2024-02-16,19
2024-02-16 20:00:00,0.0,0.0,2024-02-16,20
2024-02-16 21:00:00,0.0,0.0,2024-02-16,21
2024-02-16 22:00:00,0.0,0.0,2024-02-16,22
2024-02-16 23:00:00,0.0,0.0,2024-02-16,23
2024-02-17 00:00:00,0.0,0.0,2024-02-17,0
2024-02-17 01:00:00,0.0,0.0,2024-02-17,1
2024-02-17 02:00:00,0.0,0.0,2024-02-17,2
2024-02-17 03:00:00,0.0,0.0,2024-02-17,3
2024-02-17 04:00:00,0.0,0.0,2024-02-17,4
2024-02-17 05:00:00,0.0,0.0,2024-02-17,5
2024-02-17 06:00:00,0.04949256,0.08724085,2024-02-17,6
2024-02-17 07:00:00,0.1919391,0.2266236,2024-02-17,7
2024-02-17 08:00:00,0.309058,0.3412482,2024-02-17,8
2024-02-17 09:00:00,0.6921839,0.8681349,2024-02-17,9
2024-02-17 10:00:00,0.8857392,1.095652,2024-02-17,10
2024-02-17 11:00:00,0.8538563,1.047357,2024-02-17,11
2024-02-17 12:00:00,0.7411237,0.8989154,2024-02-17,12
2024-02-17 13:00:00,0.6221697,0.7484406,2024-02-17,13
2024-02-17 14:00:00,0.5609886,0.704793,2024-02-17,14
2024-02-17 15:00:00,0.254945,0.2843601,2024-02-17,15
2024-02-17 16:00:00,0.140998,0.1875462,2024-02-17,16
2024-02-17 17:00:00,0.005799193,0.0,2024-02-17,17
2024-02-17 18:00:00,0.0,0.0,2024-02-17,18
2024-02-17 19:00:00,0.0,0.0,2024-02-17,19
2024-02-17 20:00:00,0.0,0.0,2024-02-17,20
2024-02-17 21:00:00,0.0,0.0,2024-02-17,21
2024-02-17 22:00:00,0.0,0.0,2024-02-17,22
2024-02-17 23:00:00,0.0,0.0,2024-02-17,23
2024-02-18 00:00:00,0.0,0.0,2024-02-18,0
2024-02-18 01:00:00,0.0,0.0,2024-02-18,1
2024-02-18 02:00:00,0.0,0.0,2024-02-18,2
2024-02-18 03:00:00,0.0,0.0,2024-02-18,3
2024-02-18 04:00:00,0.0,0.0,2024-02-18,4
2024-02-18 05:00:00,0.0,0.0,2024-02-18,5
2024-02-18 06:00:00,0.06909662,0.1590881,2024-02-18,6
2024-02-18 07:00:00,0.2389206,0.3132313,2024-02-18,7
2024-02-18 08:00:00,0.4340788,0.5437453,2024-02-18,8
2024-02-18 09:00:00,0.7835171,0.9823058,2024-02-18,9
2024-02-18 10:00:00,0.8501799,1.047217,2024-02-18,10
2024-02-18 11:00:00,0.7779464,0.9437153,2024-02-18,11
2024-02-18 12:00:00,0.8566179,1.049739,2024-02-18,12
2024-02-18 13:00:00,0.7192354,0.88613,2024-02-18,13
2024-02-18 14:00:00,0.4652391,0.5514634,2024-02-18,14
2024-02-18 15:00:00,0.1827338,0.184721,2024-02-18,15
2024-02-18 16:00:00,0.1075831,0.1196591,2024-02-18,16
2024-02-18 17:00:00,0.01069101,0.0,2024-02-18,17
2024-02-18 18:00:00,0.0,0.0,2024-02-18,18
2024-02-18 19:00:00,0.0,0.0,2024-02-18,19
2024-02-18 20:00:00,0.0,0.0,2024-02-18,20
2024-02-18 21:00:00,0.0,0.0,2024-02-18,21
2024-02-18 22:00:00,0.0,0.0,2024-02-18,22
2024-02-18 23:00:00,0.0,0.0,2024-02-18,23
2024-02-19 00:00:00,0.0,0.0,2024-02-19,0
2024-02-19 01:00:00,0.0,0.0,2024-02-19,1
2024-02-19 02:00:00,0.0,0.0,2024-02-19,2
2024-02-19 03:00:00,0.0,0.0,2024-02-19,3
2024-02-19 04:00:00,0.0,0.0,2024-02-19,4
2024-02-19 05:00:00,0.0,0.0,2024-02-19,5
2024-02-19 06:00:00,0.04203064,0.0547335,2024-02-19,6
2024-02-19 07:00:00,0.1850518,0.2104861,2024-02-19,7
2024-02-19 08:00:00,0.380754,0.4520503,2024-02-19,8
2024-02-19 09:00:00,0.4087526,0.4409231,2024-02-19,9
2024-02-19 10:00:00,0.7824305,0.9581237,2024-02-19,10
2024-02-19 11:00:00,0.8132922,0.9885854,2024-02-19,11
2024-02-19 12:00:00,0.7381139,0.8882259,2024-02-19,12
2024-02-19 13:00:00,0.7967691,0.9831346,2024-02-19,13
2024-02-19 14:00:00,0.4448629,0.5161206,2024-02-19,14
2024-02-19 15:00:00,0.3069053,0.3663833,2024-02-19,15
2024-02-19 16:00:00,0.1790033,0.264567,2024-02-19,16
2024-02-19 17:00:00,0.01156543,0.0,2024-02-19,17
2024-02-19 18:00:00,0.0,0.0,2024-02-19,18
2024-02-19 19:00:00,0.0,0.0,2024-02-19,19
2024-02-19 20:00:00,0.0,0.0,2024-02-19,20
2024-02-19 21:00:00,0.0,0.0,2024-02-19,21
2024-02-19 22:00:00,0.0,0.0,2024-02-19,22
2024-02-19 23:00:00,0.0,0.0,2024-02-19,23
2024-02-20 00:00:00,0.0,0.0,2024-02-20,0
2024-02-20 01:00:00,0.0,0.0,2024-02-20,1
2024-02-20 02:00:00,0.0,0.0,2024-02-20,2
2024-02-20 03:00:00,0.0,0.0,2024-02-20,3
2024-02-20 04:00:00,0.0,0.0,2024-02-20,4
2024-02-20 05:00:00,0.0,0.0,2024-02-20,5
2024-02-20 06:00:00,0.01792471,0.01783811,2024-02-20,6
2024-02-20 07:00:00,0.03259691,0.03177483,2024-02-20,7
2024-02-20 08:00:00,0.1502688,0.1472514,2024-02-20,8
2024-02-20 09:00:00,0.1894678,0.1853569,2024-02-20,9
2024-02-20 10:00:00,0.3120027,0.3091393,2024-02-20,10
2024-02-20 11:00:00,0.4752173,0.4983471,2024-02-20,11
2024-02-20 12:00:00,0.2152558,0.2103588,2024-02-20,12
2024-02-20 13:00:00,0.1122292,0.1093724,2024-02-20,13
2024-02-20 14:00:00,0.1051808,0.1025999,2024-02-20,14
2024-02-20 15:00:00,0.1578751,0.1564272,2024-02-20,15
2024-02-20 16:00:00,0.09475249,0.09886177,2024-02-20,16
2024-02-20 17:00:00,0.01323052,0.0,2024-02-20,17
2024-02-20 18:00:00,0.0,0.0,2024-02-20,18
2024-02-20 19:00:00,0.0,0.0,2024-02-20,19
2024-02-20 20:00:00,0.0,0.0,2024-02-20,20
2024-02-20 21:00:00,0.0,0.0,2024-02-20,21
2024-02-20 22:00:00,0.0,0.0,2024-02-20,22
2024-02-20 23:00:00,0.0,0.0,2024-02-20,23
2024-02-21 00:00:00,0.0,0.0,2024-02-21,0
2024-02-21 01:00:00,0.0,0.0,2024-02-21,1
2024-02-21 02:00:00,0.0,0.0,2024-02-21,2
2024-02-21 03:00:00,0.0,0.0,2024-02-21,3
2024-02-21 04:00:00,0.0,0.0,2024-02-21,4
2024-02-21 05:00:00,0.0,0.0,2024-02-21,5
2024-02-21 06:00:00,0.06054044,0.1035226,2024-02-21,6
2024-02-21 07:00:00,0.1240736,0.1243792,2024-02-21,7
2024-02-21 08:00:00,0.4252965,0.5192719,2024-02-21,8
2024-02-21 09:00:00,0.5766923,0.6916917,2024-02-21,9
2024-02-21 10:00:00,0.4398868,0.4592912,2024-02-21,10
2024-02-21 11:00:00,0.7025441,0.8256545,2024-02-21,11
2024-02-21 12:00:00,0.6146564,0.6987971,2024-02-21,12
2024-02-21 13:00:00,0.5092564,0.5652522,2024-02-21,13
2024-02-21 14:00:00,0.4271685,0.4837212,2024-02-21,14
2024-02-21 15:00:00,0.2589224,0.2843067,2024-02-21,15
2024-02-21 16:00:00,0.08265553,0.08337087,2024-02-21,16
2024-02-21 17:00:00,0.006783817,0.0,2024-02-21,17
2024-02-21 18:00:00,0.0,0.0,2024-02-21,18
2024-02-21 19:00:00,0.0,0.0,2024-02-21,19
2024-02-21 20:00:00,0.0,0.0,2024-02-21,20
2024-02-21 21:00:00,0.0,0.0,2024-02-21,21
2024-02-21 22:00:00,0.0,0.0,2024-02-21,22
2024-02-21 23:00:00,0.0,0.0,2024-02-21,23
2024-02-22 00:00:00,0.0,0.0,2024-02-22,0
2024-02-22 01:00:00,0.0,0.0,2024-02-22,1
2024-02-22 02:00:00,0.0,0.0,2024-02-22,2
2024-02-22 03:00:00,0.0,0.0,2024-02-22,3
2024-02-22 04:00:00,0.0,0.0,2024-02-22,4
2024-02-22 05:00:00,0.0,0.0,2024-02-22,5
2024-02-22 06:00:00,0.07778723,0.1549448,2024-02-22,6
2024-02-22 07:00:00,0.2258401,0.2748117,2024-02-22,7
2024-02-22 08:00:00,0.2256098,0.22658,2024-02-22,8
2024-02-22 09:00:00,0.4899991,0.5554627,2024-02-22,9
2024-02-22 10:00:00,0.8120868,0.986521,2024-02-22,10
2024-02-22 11:00:00,0.7244686,0.8547608,2024-02-22,11
2024-02-22 12:00:00,0.488818,0.5166133,2024-02-22,12
2024-02-22 13:00:00,0.5757283,0.6630288,2024-02-22,13
2024-02-22 14:00:00,0.5852187,0.7231027,2024-02-22,14
2024-02-22 15:00:00,0.4056155,0.5217203,2024-02-22,15
2024-02-22 16:00:00,0.1781117,0.2497543,2024-02-22,16
2024-02-22 17:00:00,0.01534033,0.0,2024-02-22,17
2024-02-22 18:00:00,0.0,0.0,2024-02-22,18
2024-02-22 19:00:00,0.0,0.0,2024-02-22,19
2024-02-22 20:00:00,0.0,0.0,2024-02-22,20
2024-02-22 21:00:00,0.0,0.0,2024-02-22,21
2024-02-22 22:00:00,0.0,0.0,2024-02-22,22
2024-02-22 23:00:00,0.0,0.0,2024-02-22,23
2024-02-23 00:00:00,0.0,0.0,2024-02-23,0
2024-02-23 01:00:00,0.0,0.0,2024-02-23,1
2024-02-23 02:00:00,0.0,0.0,2024-02-23,2
2024-02-23 03:00:00,0.0,0.0,2024-02-23,3
2024-02-23 04:00:00,0.0,0.0,2024-02-23,4
2024-02-23 05:00:00,0.0,0.0,2024-02-23,5
2024-02-23 06:00:00,0.06773949,0.1148484,2024-02-23,6
2024-02-23 07:00:00,0.2640132,0.3410674,2024-02-23,7
2024-02-23 08:00:00,0.4809126,0.5992351,2024-02-23,8
2024-02-23 09:00:00,0.669302,0.818319,2024-02-23,9
2024-02-23 10:00:00,0.8370134,1.014273,2024-02-23,10
2024-02-23 11:00:00,0.8572984,1.032794,2024-02-23,11
2024-02-23 12:00:00,0.8980188,1.085099,2024-02-23,12
2024-02-23 13:00:00,0.6984309,0.8412029,2024-02-23,13
2024-02-23 14:00:00,0.5223004,0.6268173,2024-02-23,14
2024-02-23 15:00:00,0.3840738,0.4844685,2024-02-23,15
2024-02-23 16:00:00,0.1442438,0.176534,2024-02-23,16
2024-02-23 17:00:00,0.009480502,0.0,2024-02-23,17
2024-02-23 18:00:00,0.0,0.0,2024-02-23,18
2024-02-23 19:00:00,0.0,0.0,2024-02-23,19
2024-02-23 20:00:00,0.0,0.0,2024-02-23,20
2024-02-23 21:00:00,0.0,0.0,2024-02-23,21
2024-02-23 22:00:00,0.0,0.0,2024-02-23,22
2024-02-23 23:00:00,0.0,0.0,2024-02-23,23
2024-02-24 00:00:00,0.0,0.0,2024-02-24,0
2024-02-24 01:00:00,0.0,0.0,2024-02-24,1
2024-02-24 02:00:00,0.0,0.0,2024-02-24,2
2024-02-24 03:00:00,0.0,0.0,2024-02-24,3
2024-02-24 04:00:00,0.0,0.0,2024-02-24,4
2024-02-24 05:00:00,0.0,0.0,2024-02-24,5
2024-02-24 06:00:00,0.06391395,0.09694339,2024-02-24,6
2024-02-24 07:00:00,0.2807777,0.3667264,2024-02-24,7
2024-02-24 08:00:00,0.5762131,0.7253653,2024-02-24,8
2024-02-24 09:00:00,0.6852897,0.836243,2024-02-24,9
2024-02-24 10:00:00,0.8337187,1.006963,2024-02-24,10
2024-02-24 11:00:00,0.7864077,0.9360484,2024-02-24,11
2024-02-24 12:00:00,0.829892,0.9970099,2024-02-24,12
2024-02-24 13:00:00,0.75823,0.9183897,2024-02-24,13
2024-02-24 14:00:00,0.6775821,0.8377766,2024-02-24,14
2024-02-24 15:00:00,0.4949769,0.6381752,2024-02-24,15
2024-02-24 16:00:00,0.2488521,0.3643015,2024-02-24,16
2024-02-24 17:00:00,0.02037958,0.0,2024-02-24,17
2024-02-24 18:00:00,0.0,0.0,2024-02-24,18
2024-02-24 19:00:00,0.0,0.0,2024-02-24,19
2024-02-24 20:00:00,0.0,0.0,2024-02-24,20
2024-02-24 21:00:00,0.0,0.0,2024-02-24,21
2024-02-24 22:00:00,0.0,0.0,2024-02-24,22
2024-02-24 23:00:00,0.0,0.0,2024-02-24,23
2024-02-25 00:00:00,0.0,0.0,2024-02-25,0
2024-02-25 01:00:00,0.0,0.0,2024-02-25,1
2024-02-25 02:00:00,0.0,0.0,2024-02-25,2
2024-02-25 03:00:00,0.0,0.0,2024-02-25,3
2024-02-25 04:00:00,0.0,0.0,2024-02-25,4
2024-02-25 05:00:00,0.0,0.0,2024-02-25,5
2024-02-25 06:00:00,0.08521665,0.1541649,2024-02-25,6
2024-02-25 07:00:00,0.2866388,0.3727265,2024-02-25,7
2024-02-25 08:00:00,0.5565166,0.6964386,2024-02-25,8
2024-02-25 09:00:00,0.7236289,0.8818302,2024-02-25,9
2024-02-25 10:00:00,0.8259076,0.9941229,2024-02-25,10
2024-02-25 11:00:00,0.8439417,1.009308,2024-02-25,11
2024-02-25 12:00:00,0.9199184,1.105382,2024-02-25,12
2024-02-25 13:00:00,0.7629521,0.9212359,2024-02-25,13
2024-02-25 14:00:00,0.5939623,0.7254522,2024-02-25,14
2024-02-25 15:00:00,0.4573666,0.5849812,2024-02-25,15
2024-02-25 16:00:00,0.1989078,0.2787677,2024-02-25,16
2024-02-25 17:00:00,0.01853113,0.0,2024-02-25,17
2024-02-25 18:00:00,0.0,0.0,2024-02-25,18
2024-02-25 19:00:00,0.0,0.0,2024-02-25,19
2024-02-25 20:00:00,0.0,0.0,2024-02-25,20
2024-02-25 21:00:00,0.0,0.0,2024-02-25,21
2024-02-25 22:00:00,0.0,0.0,2024-02-25,22
2024-02-25 23:00:00,0.0,0.0,2024-02-25,23
2024-02-26 00:00:00,0.0,0.0,2024-02-26,0
2024-02-26 01:00:00,0.0,0.0,2024-02-26,1
2024-02-26 02:00:00,0.0,0.0,2024-02-26,2
2024-02-26 03:00:00,0.0,0.0,2024-02-26,3
2024-02-26 04:00:00,0.0,0.0,2024-02-26,4
2024-02-26 05:00:00,0.0,0.0,2024-02-26,5
2024-02-26 06:00:00,0.06662694,0.09467701,2024-02-26,6
2024-02-26 07:00:00,0.2463199,0.2986853,2024-02-26,7
2024-02-26 08:00:00,0.337594,0.3684129,2024-02-26,8
2024-02-26 09:00:00,0.6076525,0.7215218,2024-02-26,9
2024-02-26 10:00:00,0.5294377,0.5739027,2024-02-26,10
2024-02-26 11:00:00,0.6438408,0.7252587,2024-02-26,11
2024-02-26 12:00:00,0.5671383,0.6187022,2024-02-26,12
2024-02-26 13:00:00,0.4801831,0.5151934,2024-02-26,13
2024-02-26 14:00:00,0.3982258,0.4316706,2024-02-26,14
2024-02-26 15:00:00,0.2407881,0.2528335,2024-02-26,15
2024-02-26 16:00:00,0.1063568,0.1106875,2024-02-26,16
2024-02-26 17:00:00,0.006860052,0.0,2024-02-26,17
2024-02-26 18:00:00,0.0,0.0,2024-02-26,18
2024-02-26 19:00:00,0.0,0.0,2024-02-26,19
2024-02-26 20:00:00,0.0,0.0,2024-02-26,20
2024-02-26 21:00:00,0.0,0.0,2024-02-26,21
2024-02-26 22:00:00,0.0,0.0,2024-02-26,22
2024-02-26 23:00:00,0.0,0.0,2024-02-26,23
2024-02-27 00:00:00,0.0,0.0,2024-02-27,0
2024-02-27 01:00:00,0.0,0.0,2024-02-27,1
2024-02-27 02:00:00,0.0,0.0,2024-02-27,2
2024-02-27 03:00:00,0.0,0.0,2024-02-27,3
2024-02-27 04:00:00,0.0,0.0,2024-02-27,4
2024-02-27 05:00:00,0.0,0.0,2024-02-27,5
2024-02-27 06:00:00,0.09839648,0.1733877,2024-02-27,6
2024-02-27 07:00:00,0.3017155,0.3896214,2024-02-27,7
2024-02-27 08:00:00,0.5482745,0.6789651,2024-02-27,8
2024-02-27 09:00:00,0.7701969,0.9328817,2024-02-27,9
2024-02-27 10:00:00,0.8288938,0.9913357,2024-02-27,10
2024-02-27 11:00:00,0.9194767,1.096358,2024-02-27,11
2024-02-27 12:00:00,0.9162921,1.094192,2024-02-27,12
2024-02-27 13:00:00,0.828998,0.9967361,2024-02-27,13
2024-02-27 14:00:00,0.5855162,0.7071314,2024-02-27,14
2024-02-27 15:00:00,0.4561951,0.5766634,2024-02-27,15
2024-02-27 16:00:00,0.2046118,0.281334,2024-02-27,16
2024-02-27 17:00:00,0.02532876,0.0,2024-02-27,17
2024-02-27 18:00:00,0.0,0.0,2024-02-27,18
2024-02-27 19:00:00,0.0,0.0,2024-02-27,19
2024-02-27 20:00:00,0.0,0.0,2024-02-27,20
2024-02-27 21:00:00,0.0,0.0,2024-02-27,21
2024-02-27 22:00:00,0.0,0.0,2024-02-27,22
2024-02-27 23:00:00,0.0,0.0,2024-02-27,23
2024-02-28 00:00:00,0.0,0.0,2024-02-28,0
2024-02-28 01:00:00,0.0,0.0,2024-02-28,1
2024-02-28 02:00:00,0.0,0.0,2024-02-28,2
2024-02-28 03:00:00,0.0,0.0,2024-02-28,3
2024-02-28 04:00:00,0.0,0.0,2024-02-28,4
2024-02-28 05:00:00,0.0,0.0,2024-02-28,5
2024-02-28 06:00:00,0.1109473,0.1926221,2024-02-28,6
2024-02-28 07:00:00,0.2913324,0.3686579,2024-02-28,7
2024-02-28 08:00:00,0.5856,0.7228993,2024-02-28,8
2024-02-28 09:00:00,0.7414958,0.8939633,2024-02-28,9
2024-02-28 10:00:00,0.7777705,0.9224852,2024-02-28,10
2024-02-28 11:00:00,0.9049594,1.075431,2024-02-28,11
2024-02-28 12:00:00,0.8937641,1.063457,2024-02-28,12
2024-02-28 13:00:00,0.814881,0.9761052,2024-02-28,13
2024-02-28 14:00:00,0.6347955,0.7704334,2024-02-28,14
2024-02-28 15:00:00,0.431198,0.5387896,2024-02-28,15
2024-02-28 16:00:00,0.2363109,0.3297938,2024-02-28,16
2024-02-28 17:00:00,0.0232516,0.0,2024-02-28,17
2024-02-28 18:00:00,0.0,0.0,2024-02-28,18
2024-02-28 19:00:00,0.0,0.0,2024-02-28,19
2024-02-28 20:00:00,0.0,0.0,2024-02-28,20
2024-02-28 21:00:00,0.0,0.0,2024-02-28,21
2024-02-28 22:00:00,0.0,0.0,2024-02-28,22
2024-02-28 23:00:00,0.0,0.0,2024-02-28,23
2024-02-29 00:00:00,0.0,0.0,2024-02-29,0
2024-02-29 01:00:00,0.0,0.0,2024-02-29,1
2024-02-29 02:00:00,0.0,0.0,2024-02-29,2
2024-02-29 03:00:00,0.0,0.0,2024-02-29,3
2024-02-29 04:00:00,0.0,0.0,2024-02-29,4
2024-02-29 05:00:00,0.0,0.0,2024-02-29,5
2024-02-29 06:00:00,0.07903247,0.1121729,2024-02-29,6
2024-02-29 07:00:00,0.2643304,0.3196362,2024-02-29,7
2024-02-29 08:00:00,0.4551633,0.5395511,2024-02-29,8
2024-02-29 09:00:00,0.7450511,0.8949779,2024-02-29,9
2024-02-29 10:00:00,0.9073722,1.080385,2024-02-29,10
2024-02-29 11:00:00,0.9427879,1.117963,2024-02-29,11
2024-02-29 12:00:00,0.8658645,1.026275,2024-02-29,12
2024-02-29 13:00:00,0.6581492,0.7654549,2024-02-29,13
2024-02-29 14:00:00,0.5840611,0.6986807,2024-02-29,14
2024-02-29 15:00:00,0.426732,0.5290297,2024-02-29,15
2024-02-29 16:00:00,0.2346798,0.323568,2024-02-29,16
2024-02-29 17:00:00,0.02837262,0.0,2024-02-29,17
2024-02-29 18:00:00,0.0,0.0,2024-02-29,18
2024-02-29 19:00:00,0.0,0.0,2024-02-29,19
2024-02-29 20:00:00,0.0,0.0,2024-02-29,20
2024-02-29 21:00:00,0.0,0.0,2024-02-29,21
2024-02-29 22:00:00,0.0,0.0,2024-02-29,22
2024-02-29 23:00:00,0.0,0.0,2024-02-29,23
2024-03-01 00:00:00,0.0,0.0,2024-03-01,0
2024-03-01 01:00:00,0.0,0.0,2024-03-01,1
2024-03-01 02:00:00,0.0,0.0,2024-03-01,2
2024-03-01 03:00:00,0.0,0.0,2024-03-01,3
2024-03-01 04:00:00,0.0,0.0,2024-03-01,4
2024-03-01 05:00:00,0.0,0.0,2024-03-01,5
2024-03-01 06:00:00,0.03028648,0.02990348,2024-03-01,6
2024-03-01 07:00:00,0.1762778,0.182879,2024-03-01,7
2024-03-01 08:00:00,0.1902419,0.1869033,2024-03-01,8
2024-03-01 09:00:00,0.1573561,0.153541,2024-03-01,9
2024-03-01 10:00:00,0.2558315,0.250257,2024-03-01,10
2024-03-01 11:00:00,0.155702,0.1517398,2024-03-01,11
2024-03-01 12:00:00,0.2983623,0.2927345,2024-03-01,12
2024-03-01 13:00:00,0.1566043,0.1527186,2024-03-01,13
2024-03-01 14:00:00,0.1295348,0.1263586,2024-03-01,14
2024-03-01 15:00:00,0.07633802,0.07444236,2024-03-01,15
2024-03-01 16:00:00,0.0254871,0.02484079,2024-03-01,16
2024-03-01 17:00:00,0.008672944,0.0,2024-03-01,17
2024-03-01 18:00:00,0.0,0.0,2024-03-01,18
2024-03-01 19:00:00,0.0,0.0,2024-03-01,19
2024-03-01 20:00:00,0.0,0.0,2024-03-01,20
2024-03-01 21:00:00,0.0,0.0,2024-03-01,21
2024-03-01 22:00:00,0.0,0.0,2024-03-01,22
2024-03-01 23:00:00,0.0,0.0,2024-03-01,23
2024-03-02 00:00:00,0.0,0.0,2024-03-02,0
2024-03-02 01:00:00,0.0,0.0,2024-03-02,1
2024-03-02 02:00:00,0.0,0.0,2024-03-02,2
2024-03-02 03:00:00,0.0,0.0,2024-03-02,3
2024-03-02 04:00:00,0.0,0.0,2024-03-02,4
2024-03-02 05:00:00,0.0,0.0,2024-03-02,5
2024-03-02 06:00:00,0.02264709,0.0222322,2024-03-02,6
2024-03-02 07:00:00,0.02821441,0.02745561,2024-03-02,7
2024-03-02 08:00:00,0.00558626,0.005424551,2024-03-02,8
2024-03-02 09:00:00,0.09924144,0.09664346,2024-03-02,9
2024-03-02 10:00:00,0.1389745,0.1354075,2024-03-02,10
2024-03-02 11:00:00,0.1070294,0.1041752,2024-03-02,11
2024-03-02 12:00:00,0.1483388,0.14454,2024-03-02,12
2024-03-02 13:00:00,0.244028,0.2387375,2024-03-02,13
2024-03-02 14:00:00,0.1330141,0.1297561,2024-03-02,14
2024-03-02 15:00:00,0.1801935,0.17853,2024-03-02,15
2024-03-02 16:00:00,0.05582868,0.05466637,2024-03-02,16
2024-03-02 17:00:00,0.0157008,0.0,2024-03-02,17
2024-03-02 18:00:00,0.0,0.0,2024-03-02,18
2024-03-02 19:00:00,0.0,0.0,2024-03-02,19
2024-03-02 20:00:00,0.0,0.0,2024-03-02,20
2024-03-02 21:00:00,0.0,0.0,2024-03-02,21
2024-03-02 22:00:00,0.0,0.0,2024-03-02,22
2024-03-02 23:00:00,0.0,0.0,2024-03-02,23
2024-03-03 00:00:00,0.0,0.0,2024-03-03,0
2024-03-03 01:00:00,0.0,0.0,2024-03-03,1
2024-03-03 02:00:00,0.0,0.0,2024-03-03,2
2024-03-03 03:00:00,0.0,0.0,2024-03-03,3
2024-03-03 04:00:00,0.0,0.0,2024-03-03,4
2024-03-03 05:00:00,4.33399e-06,0.0,2024-03-03,5
2024-03-03 06:00:00,0.008117493,0.007908082,2024-03-03,6
2024-03-03 07:00:00,0.08875422,0.08680183,2024-03-03,7
2024-03-03 08:00:00,0.2893045,0.2965508,2024-03-03,8
2024-03-03 09:00:00,0.4235017,0.4435953,2024-03-03,9
2024-03-03 10:00:00,0.2794174,0.2737735,2024-03-03,10
2024-03-03 11:00:00,0.3356353,0.3305572,2024-03-03,11
2024-03-03 12:00:00,0.1645567,0.160397,2024-03-03,12
2024-03-03 13:00:00,0.2937027,0.2890873,2024-03-03,13
2024-03-03 14:00:00,0.4081849,0.4369206,2024-03-03,14
2024-03-03 15:00:00,0.3556459,0.4124263,2024-03-03,15
2024-03-03 16:00:00,0.09028852,0.08965832,2024-03-03,16
2024-03-03 17:00:00,0.01122814,0.01302758,2024-03-03,17
2024-03-03 18:00:00,0.0,0.0,2024-03-03,18
2024-03-03 19:00:00,0.0,0.0,2024-03-03,19
2024-03-03 20:00:00,0.0,0.0,2024-03-03,20
2024-03-03 21:00:00,0.0,0.0,2024-03-03,21
2024-03-03 22:00:00,0.0,0.0,2024-03-03,22
2024-03-03 23:00:00,0.0,0.0,2024-03-03,23
2024-03-04 00:00:00,0.0,0.0,2024-03-04,0
2024-03-04 01:00:00,0.0,0.0,2024-03-04,1
2024-03-04 02:00:00,0.0,0.0,2024-03-04,2
2024-03-04 03:00:00,0.0,0.0,2024-03-04,3
2024-03-04 04:00:00,0.0,0.0,2024-03-04,4
2024-03-04 05:00:00,4.32147e-05,0.0,2024-03-04,5
2024-03-04 06:00:00,0.02459799,0.02412168,2024-03-04,6
2024-03-04 07:00:00,0.108549,0.1063609,2024-03-04,7
2024-03-04 08:00:00,0.3333515,0.3518254,2024-03-04,8
2024-03-04 09:00:00,0.490497,0.5324041,2024-03-04,9
2024-03-04 10:00:00,0.3995585,0.401743,2024-03-04,10
2024-03-04 11:00:00,0.5307024,0.5558384,2024-03-04,11
2024-03-04 12:00:00,0.2247648,0.2194014,2024-03-04,12
2024-03-04 13:00:00,0.4058404,0.4129109,2024-03-04,13
2024-03-04 14:00:00,0.3195829,0.3234876,2024-03-04,14
2024-03-04 15:00:00,0.1909539,0.1897614,2024-03-04,15
2024-03-04 16:00:00,0.1465813,0.1617155,2024-03-04,16
2024-03-04 17:00:00,0.01622584,0.02765595,2024-03-04,17
2024-03-04 18:00:00,0.0,0.0,2024-03-04,18
2024-03-04 19:00:00,0.0,0.0,2024-03-04,19
2024-03-04 20:00:00,0.0,0.0,2024-03-04,20
2024-03-04 21:00:00,0.0,0.0,2024-03-04,21
2024-03-04 22:00:00,0.0,0.0,2024-03-04,22
2024-03-04 23:00:00,0.0,0.0,2024-03-04,23
2024-03-05 00:00:00,0.0,0.0,2024-03-05,0
2024-03-05 01:00:00,0.0,0.0,2024-03-05,1
2024-03-05 02:00:00,0.0,0.0,2024-03-05,2
2024-03-05 03:00:00,0.0,0.0,2024-03-05,3
2024-03-05 04:00:00,0.0,0.0,2024-03-05,4
2024-03-05 05:00:00,0.000122188,0.0,2024-03-05,5
2024-03-05 06:00:00,0.08763763,0.1096028,2024-03-05,6
2024-03-05 07:00:00,0.1718412,0.1745099,2024-03-05,7
2024-03-05 08:00:00,0.2678748,0.2698566,2024-03-05,8
2024-03-05 09:00:00,0.6613591,0.7706148,2024-03-05,9
2024-03-05 10:00:00,0.9193571,1.077404,2024-03-05,10
2024-03-05 11:00:00,0.9333727,1.089978,2024-03-05,11
2024-03-05 12:00:00,0.8081985,0.9367571,2024-03-05,12
2024-03-05 13:00:00,0.8750896,1.028868,2024-03-05,13
2024-03-05 14:00:00,0.705654,0.8385236,2024-03-05,14
2024-03-05 15:00:00,0.4590905,0.5570952,2024-03-05,15
2024-03-05 16:00:00,0.2566603,0.3366389,2024-03-05,16
2024-03-05 17:00:00,0.02817469,0.1177462,2024-03-05,17
2024-03-05 18:00:00,0.0,0.0,2024-03-05,18
2024-03-05 19:00:00,0.0,0.0,2024-03-05,19
2024-03-05 20:00:00,0.0,0.0,2024-03-05,20
2024-03-05 21:00:00,0.0,0.0,2024-03-05,21
2024-03-05 22:00:00,0.0,0.0,2024-03-05,22
2024-03-05 23:00:00,0.0,0.0,2024-03-05,23
2024-03-06 00:00:00,0.0,0.0,2024-03-06,0
2024-03-06 01:00:00,0.0,0.0,2024-03-06,1
2024-03-06 02:00:00,0.0,0.0,2024-03-06,2
2024-03-06 03:00:00,0.0,0.0,2024-03-06,3
2024-03-06 04:00:00,0.0,0.0,2024-03-06,4
2024-03-06 05:00:00,0.00027664,0.0,2024-03-06,5
2024-03-06 06:00:00,0.09533724,0.1212139,2024-03-06,6
2024-03-06 07:00:00,0.1808186,0.1846694,2024-03-06,7
2024-03-06 08:00:00,0.3647653,0.3913067,2024-03-06,8
2024-03-06 09:00:00,0.5484579,0.609584,2024-03-06,9
2024-03-06 10:00:00,0.9116984,1.064824,2024-03-06,10
2024-03-06 11:00:00,0.8998485,1.046716,2024-03-06,11
2024-03-06 12:00:00,0.9320305,1.086429,2024-03-06,12
2024-03-06 13:00:00,0.9170452,1.075632,2024-03-06,13
2024-03-06 14:00:00,0.7527234,0.8921,2024-03-06,14
2024-03-06 15:00:00,0.4114038,0.487731,2024-03-06,15
2024-03-06 16:00:00,0.2100068,0.2623668,2024-03-06,16
2024-03-06 17:00:00,0.01930924,0.03939994,2024-03-06,17
2024-03-06 18:00:00,0.0,0.0,2024-03-06,18
2024-03-06 19:00:00,0.0,0.0,2024-03-06,19
2024-03-06 20:00:00,0.0,0.0,2024-03-06,20
2024-03-06 21:00:00,0.0,0.0,2024-03-06,21
2024-03-06 22:00:00,0.0,0.0,2024-03-06,22
2024-03-06 23:00:00,0.0,0.0,2024-03-06,23
2024-03-07 00:00:00,0.0,0.0,2024-03-07,0
2024-03-07 01:00:00,0.0,0.0,2024-03-07,1
2024-03-07 02:00:00,0.0,0.0,2024-03-07,2
2024-03-07 03:00:00,0.0,0.0,2024-03-07,3
2024-03-07 04:00:00,0.0,0.0,2024-03-07,4
2024-03-07 05:00:00,0.000435157,0.0,2024-03-07,5
2024-03-07 06:00:00,0.1257638,0.1761026,2024-03-07,6
2024-03-07 07:00:00,0.2926294,0.3420255,2024-03-07,7
2024-03-07 08:00:00,0.6049457,0.7186669,2024-03-07,8
2024-03-07 09:00:00,0.8055266,0.9442116,2024-03-07,9
2024-03-07 10:00:00,0.8886897,1.03413,2024-03-07,10
2024-03-07 11:00:00,0.9978753,1.159804,2024-03-07,11
2024-03-07 12:00:00,1.009346,1.17481,2024-03-07,12
2024-03-07 13:00:00,0.9055992,1.058358,2024-03-07,13
2024-03-07 14:00:00,0.6887794,0.8115147,2024-03-07,14
2024-03-07 15:00:00,0.4918753,0.5922734,2024-03-07,15
2024-03-07 16:00:00,0.2508656,0.321671,2024-03-07,16
2024-03-07 17:00:00,0.0271855,0.09794991,2024-03-07,17
2024-03-07 18:00:00,0.0,0.0,2024-03-07,18
2024-03-07 19:00:00,0.0,0.0,2024-03-07,19
2024-03-07 20:00:00,0.0,0.0,2024-03-07,20
2024-03-07 21:00:00,0.0,0.0,2024-03-07,21
2024-03-07 22:00:00,0.0,0.0,2024-03-07,22
2024-03-07 23:00:00,0.0,0.0,2024-03-07,23
2024-03-08 00:00:00,0.0,0.0,2024-03-08,0
2024-03-08 01:00:00,0.0,0.0,2024-03-08,1
2024-03-08 02:00:00,0.0,0.0,2024-03-08,2
2024-03-08 03:00:00,0.0,0.0,2024-03-08,3
2024-03-08 04:00:00,0.0,0.0,2024-03-08,4
2024-03-08 05:00:00,0.000747526,0.0,2024-03-08,5
2024-03-08 06:00:00,0.1227686,0.1656568,2024-03-08,6
2024-03-08 07:00:00,0.3386762,0.4073111,2024-03-08,7
2024-03-08 08:00:00,0.4952859,0.5719927,2024-03-08,8
2024-03-08 09:00:00,0.5898547,0.6626341,2024-03-08,9
2024-03-08 10:00:00,0.8825303,1.023591,2024-03-08,10
2024-03-08 11:00:00,0.960746,1.112485,2024-03-08,11
2024-03-08 12:00:00,0.997552,1.157252,2024-03-08,12
2024-03-08 13:00:00,0.7321675,0.8430453,2024-03-08,13
2024-03-08 14:00:00,0.6250222,0.7288551,2024-03-08,14
2024-03-08 15:00:00,0.4481049,0.5327532,2024-03-08,15
2024-03-08 16:00:00,0.2366996,0.2977981,2024-03-08,16
2024-03-08 17:00:00,0.03173295,0.1237238,2024-03-08,17
2024-03-08 18:00:00,0.0,0.0,2024-03-08,18
2024-03-08 19:00:00,0.0,0.0,2024-03-08,19
2024-03-08 20:00:00,0.0,0.0,2024-03-08,20
2024-03-08 21:00:00,0.0,0.0,2024-03-08,21
2024-03-08 22:00:00,0.0,0.0,2024-03-08,22
2024-03-08 23:00:00,0.0,0.0,2024-03-08,23
2024-03-09 00:00:00,0.0,0.0,2024-03-09,0
2024-03-09 01:00:00,0.0,0.0,2024-03-09,1
2024-03-09 02:00:00,0.0,0.0,2024-03-09,2
2024-03-09 03:00:00,0.0,0.0,2024-03-09,3
2024-03-09 04:00:00,0.0,0.0,2024-03-09,4
2024-03-09 05:00:00,0.000918135,0.0,2024-03-09,5
2024-03-09 06:00:00,0.1065736,0.1311026,2024-03-09,6
2024-03-09 07:00:00,0.3828414,0.4634943,2024-03-09,7
2024-03-09 08:00:00,0.6224572,0.7328913,2024-03-09,8
2024-03-09 09:00:00,0.7025729,0.8118471,2024-03-09,9
2024-03-09 10:00:00,0.8073845,0.928325,2024-03-09,10
2024-03-09 11:00:00,0.9209411,1.062369,2024-03-09,11
2024-03-09 12:00:00,0.9396799,1.085562,2024-03-09,12
2024-03-09 13:00:00,0.8266203,0.9579694,2024-03-09,13
2024-03-09 14:00:00,0.707443,0.8273013,2024-03-09,14
2024-03-09 15:00:00,0.439968,0.5186381,2024-03-09,15
2024-03-09 16:00:00,0.2046056,0.2446761,2024-03-09,16
2024-03-09 17:00:00,0.03044143,0.09229843,2024-03-09,17
2024-03-09 18:00:00,0.0,0.0,2024-03-09,18
2024-03-09 19:00:00,0.0,0.0,2024-03-09,19
2024-03-09 20:00:00,0.0,0.0,2024-03-09,20
2024-03-09 21:00:00,0.0,0.0,2024-03-09,21
2024-03-09 22:00:00,0.0,0.0,2024-03-09,22
2024-03-09 23:00:00,0.0,0.0,2024-03-09,23
2024-03-10 00:00:00,0.0,0.0,2024-03-10,0
2024-03-10 01:00:00,0.0,0.0,2024-03-10,1
2024-03-10 02:00:00,0.0,0.0,2024-03-10,2
2024-03-10 03:00:00,0.0,0.0,2024-03-10,3
2024-03-10 04:00:00,0.0,0.0,2024-03-10,4
2024-03-10 05:00:00,0.000743192,0.0,2024-03-10,5
2024-03-10 06:00:00,0.08683705,0.09505125,2024-03-10,6
2024-03-10 07:00:00,0.3110219,0.3600714,2024-03-10,7
2024-03-10 08:00:00,0.5440533,0.6318153,2024-03-10,8
2024-03-10 09:00:00,0.7109175,0.8192533,2024-03-10,9
2024-03-10 10:00:00,0.6327898,0.6914983,2024-03-10,10
2024-03-10 11:00:00,0.6571586,0.7145267,2024-03-10,11
2024-03-10 12:00:00,0.7809148,0.8857201,2024-03-10,12
2024-03-10 13:00:00,0.7918827,0.9128137,2024-03-10,13
2024-03-10 14:00:00,0.7217838,0.8410367,2024-03-10,14
2024-03-10 15:00:00,0.4757048,0.5623971,2024-03-10,15
2024-03-10 16:00:00,0.2686127,0.3350047,2024-03-10,16
2024-03-10 17:00:00,0.03727813,0.1148686,2024-03-10,17
2024-03-10 18:00:00,0.0,0.0,2024-03-10,18
2024-03-10 19:00:00,0.0,0.0,2024-03-10,19
2024-03-10 20:00:00,0.0,0.0,2024-03-10,20
2024-03-10 21:00:00,0.0,0.0,2024-03-10,21
2024-03-10 22:00:00,0.0,0.0,2024-03-10,22
2024-03-10 23:00:00,0.0,0.0,2024-03-10,23
2024-03-11 00:00:00,0.0,0.0,2024-03-11,0
2024-03-11 01:00:00,0.0,0.0,2024-03-11,1
2024-03-11 02:00:00,0.0,0.0,2024-03-11,2
2024-03-11 03:00:00,0.0,0.0,2024-03-11,3
2024-03-11 04:00:00,0.0,0.0,2024-03-11,4
2024-03-11 05:00:00,0.001474181,0.0,2024-03-11,5
2024-03-11 06:00:00,0.1343678,0.1720839,2024-03-11,6
2024-03-11 07:00:00,0.3687274,0.4379353,2024-03-11,7
2024-03-11 08:00:00,0.6041977,0.704306,2024-03-11,8
2024-03-11 09:00:00,0.7804039,0.9009451,2024-03-11,9
2024-03-11 10:00:00,0.9170795,1.054322,2024-03-11,10
2024-03-11 11:00:00,0.9952601,1.142891,2024-03-11,11
2024-03-11 12:00:00,0.9008399,1.033478,2024-03-11,12
2024-03-11 13:00:00,0.8347451,0.9611894,2024-03-11,13
2024-03-11 14:00:00,0.7327534,0.8506668,2024-03-11,14
2024-03-11 15:00:00,0.3991439,0.4561411,2024-03-11,15
2024-03-11 16:00:00,0.2120199,0.250865,2024-03-11,16
2024-03-11 17:00:00,0.03821721,0.103248,2024-03-11,17
2024-03-11 18:00:00,0.0,0.0,2024-03-11,18
2024-03-11 19:00:00,0.0,0.0,2024-03-11,19
2024-03-11 20:00:00,0.0,0.0,2024-03-11,20
2024-03-11 21:00:00,0.0,0.0,2024-03-11,21
2024-03-11 22:00:00,0.0,0.0,2024-03-11,22
2024-03-11 23:00:00,0.0,0.0,2024-03-11,23
2024-03-12 00:00:00,0.0,0.0,2024-03-12,0
2024-03-12 01:00:00,0.0,0.0,2024-03-12,1
2024-03-12 02:00:00,0.0,0.0,2024-03-12,2
2024-03-12 03:00:00,0.0,0.0,2024-03-12,3
2024-03-12 04:00:00,0.0,0.0,2024-03-12,4
2024-03-12 05:00:00,0.001765245,0.0,2024-03-12,5
2024-03-12 06:00:00,0.1164049,0.1377553,2024-03-12,6
2024-03-12 07:00:00,0.3109366,0.3537681,2024-03-12,7
2024-03-12 08:00:00,0.5430906,0.6239533,2024-03-12,8
2024-03-12 09:00:00,0.775259,0.8916413,2024-03-12,9
2024-03-12 10:00:00,0.9319318,1.068332,2024-03-12,10
2024-03-12 11:00:00,1.019328,1.167548,2024-03-12,11
2024-03-12 12:00:00,0.9608013,1.100374,2024-03-12,12
2024-03-12 13:00:00,0.9119918,1.048312,2024-03-12,13
2024-03-12 14:00:00,0.5720829,0.6467901,2024-03-12,14
2024-03-12 15:00:00,0.4533793,0.5273621,2024-03-12,15
2024-03-12 16:00:00,0.2705323,0.330731,2024-03-12,16
2024-03-12 17:00:00,0.03421391,0.07422066,2024-03-12,17
2024-03-12 18:00:00,0.0,0.0,2024-03-12,18
2024-03-12 19:00:00,0.0,0.0,2024-03-12,19
2024-03-12 20:00:00,0.0,0.0,2024-03-12,20
2024-03-12 21:00:00,0.0,0.0,2024-03-12,21
2024-03-12 22:00:00,0.0,0.0,2024-03-12,22
2024-03-12 23:00:00,0.0,0.0,2024-03-12,23
2024-03-13 00:00:00,0.0,0.0,2024-03-13,0
2024-03-13 01:00:00,0.0,0.0,2024-03-13,1
2024-03-13 02:00:00,0.0,0.0,2024-03-13,2
2024-03-13 03:00:00,0.0,0.0,2024-03-13,3
2024-03-13 04:00:00,0.0,0.0,2024-03-13,4
2024-03-13 05:00:00,0.002019784,0.0,2024-03-13,5
2024-03-13 06:00:00,0.02625376,0.02560745,2024-03-13,6
2024-03-13 07:00:00,0.09424041,0.09195979,2024-03-13,7
2024-03-13 08:00:00,0.1873621,0.1831271,2024-03-13,8
2024-03-13 09:00:00,0.5808038,0.6372987,2024-03-13,9
2024-03-13 10:00:00,0.5675892,0.5991097,2024-03-13,10
2024-03-13 11:00:00,0.8259923,0.9323076,2024-03-13,11
2024-03-13 12:00:00,0.7927763,0.8925899,2024-03-13,12
2024-03-13 13:00:00,0.8233749,0.9414498,2024-03-13,13
2024-03-13 14:00:00,0.6297572,0.7197194,2024-03-13,14
2024-03-13 15:00:00,0.4303112,0.493738,2024-03-13,15
2024-03-13 16:00:00,0.2068803,0.2379403,2024-03-13,16
2024-03-13 17:00:00,0.02880838,0.04598147,2024-03-13,17
2024-03-13 18:00:00,0.0,0.0,2024-03-13,18
2024-03-13 19:00:00,0.0,0.0,2024-03-13,19
2024-03-13 20:00:00,0.0,0.0,2024-03-13,20
2024-03-13 21:00:00,0.0,0.0,2024-03-13,21
2024-03-13 22:00:00,0.0,0.0,2024-03-13,22
2024-03-13 23:00:00,0.0,0.0,2024-03-13,23
2024-03-14 00:00:00,0.0,0.0,2024-03-14,0
2024-03-14 01:00:00,0.0,0.0,2024-03-14,1
2024-03-14 02:00:00,0.0,0.0,2024-03-14,2
2024-03-14 03:00:00,0.0,0.0,2024-03-14,3
2024-03-14 04:00:00,0.0,0.0,2024-03-14,4
2024-03-14 05:00:00,0.003342541,0.0,2024-03-14,5
2024-03-14 06:00:00,0.06882007,0.06855651,2024-03-14,6
2024-03-14 07:00:00,0.3208289,0.3619257,2024-03-14,7
2024-03-14 08:00:00,0.3840195,0.4042544,2024-03-14,8
2024-03-14 09:00:00,0.3675416,0.3678447,2024-03-14,9
2024-03-14 10:00:00,0.5162444,0.533011,2024-03-14,10
2024-03-14 11:00:00,0.5057712,0.5154016,2024-03-14,11
2024-03-14 12:00:00,0.4524594,0.4550548,2024-03-14,12
2024-03-14 13:00:00,0.6450019,0.710386,2024-03-14,13
2024-03-14 14:00:00,0.5320258,0.5875998,2024-03-14,14
2024-03-14 15:00:00,0.2158157,0.2145333,2024-03-14,15
2024-03-14 16:00:00,0.1119083,0.1111568,2024-03-14,16
2024-03-14 17:00:00,0.02560384,0.0332691,2024-03-14,17
2024-03-14 18:00:00,0.0,0.0,2024-03-14,18
2024-03-14 19:00:00,0.0,0.0,2024-03-14,19
2024-03-14 20:00:00,0.0,0.0,2024-03-14,20
2024-03-14 21:00:00,0.0,0.0,2024-03-14,21
2024-03-14 22:00:00,0.0,0.0,2024-03-14,22
2024-03-14 23:00:00,0.0,0.0,2024-03-14,23
2024-03-15 00:00:00,0.0,0.0,2024-03-15,0
2024-03-15 01:00:00,0.0,0.0,2024-03-15,1
2024-03-15 02:00:00,0.0,0.0,2024-03-15,2
2024-03-15 03:00:00,0.0,0.0,2024-03-15,3
2024-03-15 04:00:00,0.0,0.0,2024-03-15,4
2024-03-15 05:00:00,0.001965209,0.0,2024-03-15,5
2024-03-15 06:00:00,0.01131969,0.01100797,2024-03-15,6
2024-03-15 07:00:00,0.0209552,0.02036536,2024-03-15,7
2024-03-15 08:00:00,0.08025823,0.07810652,2024-03-15,8
2024-03-15 09:00:00,0.02283432,0.02218063,2024-03-15,9
2024-03-15 10:00:00,0.06432337,0.06252928,2024-03-15,10
2024-03-15 11:00:00,0.1518443,0.1478393,2024-03-15,11
2024-03-15 12:00:00,0.1749714,0.1704453,2024-03-15,12
2024-03-15 13:00:00,0.1817646,0.1771589,2024-03-15,13
2024-03-15 14:00:00,0.009771307,0.0094888,2024-03-15,14
2024-03-15 15:00:00,0.0452748,0.04403175,2024-03-15,15
2024-03-15 16:00:00,0.04085213,0.03979215,2024-03-15,16
2024-03-15 17:00:00,0.005679348,0.005565441,2024-03-15,17
2024-03-15 18:00:00,0.0,0.0,2024-03-15,18
2024-03-15 19:00:00,0.0,0.0,2024-03-15,19
2024-03-15 20:00:00,0.0,0.0,2024-03-15,20
2024-03-15 21:00:00,0.0,0.0,2024-03-15,21
2024-03-15 22:00:00,0.0,0.0,2024-03-15,22
2024-03-15 23:00:00,0.0,0.0,2024-03-15,23
2024-03-16 00:00:00,0.0,0.0,2024-03-16,0
2024-03-16 01:00:00,0.0,0.0,2024-03-16,1
2024-03-16 02:00:00,0.0,0.0,2024-03-16,2
2024-03-16 03:00:00,0.0,0.0,2024-03-16,3
2024-03-16 04:00:00,0.0,0.0,2024-03-16,4
2024-03-16 05:00:00,0.005375695,0.0,2024-03-16,5
2024-03-16 06:00:00,0.1247679,0.139253,2024-03-16,6
2024-03-16 07:00:00,0.3430584,0.3866413,2024-03-16,7
2024-03-16 08:00:00,0.4304427,0.4616358,2024-03-16,8
2024-03-16 09:00:00,0.5681435,0.613552,2024-03-16,9
2024-03-16 10:00:00,0.5876747,0.6204002,2024-03-16,10
2024-03-16 11:00:00,0.7334003,0.8032485,2024-03-16,11
2024-03-16 12:00:00,0.7369355,0.8115246,2024-03-16,12
2024-03-16 13:00:00,0.2817741,0.2757333,2024-03-16,13
2024-03-16 14:00:00,0.3670415,0.3725879,2024-03-16,14
2024-03-16 15:00:00,0.4241907,0.4773618,2024-03-16,15
2024-03-16 16:00:00,0.116038,0.1152194,2024-03-16,16
2024-03-16 17:00:00,0.02059521,0.02163205,2024-03-16,17
2024-03-16 18:00:00,0.0,0.0,2024-03-16,18
2024-03-16 19:00:00,0.0,0.0,2024-03-16,19
2024-03-16 20:00:00,0.0,0.0,2024-03-16,20
2024-03-16 21:00:00,0.0,0.0,2024-03-16,21
2024-03-16 22:00:00,0.0,0.0,2024-03-16,22
2024-03-16 23:00:00,0.0,0.0,2024-03-16,23
2024-03-17 00:00:00,0.0,0.0,2024-03-17,0
2024-03-17 01:00:00,0.0,0.0,2024-03-17,1
2024-03-17 02:00:00,0.0,0.0,2024-03-17,2
2024-03-17 03:00:00,0.0,0.0,2024-03-17,3
2024-03-17 04:00:00,0.0,0.0,2024-03-17,4
2024-03-17 05:00:00,0.006937304,0.0,2024-03-17,5
2024-03-17 06:00:00,0.08010134,0.07998133,2024-03-17,6
2024-03-17 07:00:00,0.2184107,0.2216244,2024-03-17,7
2024-03-17 08:00:00,0.4260375,0.4539368,2024-03-17,8
2024-03-17 09:00:00,0.5555694,0.5949685,2024-03-17,9
2024-03-17 10:00:00,0.4453207,0.4471851,2024-03-17,10
2024-03-17 11:00:00,0.5241768,0.5349057,2024-03-17,11
2024-03-17 12:00:00,0.2941541,0.2874326,2024-03-17,12
2024-03-17 13:00:00,0.3055741,0.2997286,2024-03-17,13
2024-03-17 14:00:00,0.2688406,0.2644465,2024-03-17,14
2024-03-17 15:00:00,0.2955774,0.3057047,2024-03-17,15
2024-03-17 16:00:00,0.2247274,0.2539443,2024-03-17,16
2024-03-17 17:00:00,0.03598816,0.04921799,2024-03-17,17
2024-03-17 18:00:00,0.0,0.0,2024-03-17,18
2024-03-17 19:00:00,0.0,0.0,2024-03-17,19
2024-03-17 20:00:00,0.0,0.0,2024-03-17,20
2024-03-17 21:00:00,0.0,0.0,2024-03-17,21
2024-03-17 22:00:00,0.0,0.0,2024-03-17,22
2024-03-17 23:00:00,0.0,0.0,2024-03-17,23
2024-03-18 00:00:00,0.0,0.0,2024-03-18,0
2024-03-18 01:00:00,0.0,0.0,2024-03-18,1
2024-03-18 02:00:00,0.0,0.0,2024-03-18,2
2024-03-18 03:00:00,0.0,0.0,2024-03-18,3
2024-03-18 04:00:00,0.0,0.0,2024-03-18,4
2024-03-18 05:00:00,0.006101382,0.0,2024-03-18,5
2024-03-18 06:00:00,0.1088856,0.1136141,2024-03-18,6
2024-03-18 07:00:00,0.3772399,0.4255263,2024-03-18,7
2024-03-18 08:00:00,0.5190609,0.5741941,2024-03-18,8
2024-03-18 09:00:00,0.5457459,0.5803117,2024-03-18,9
2024-03-18 10:00:00,0.9196979,1.034669,2024-03-18,10
2024-03-18 11:00:00,0.863463,0.9645821,2024-03-18,11
2024-03-18 12:00:00,0.9254643,1.040395,2024-03-18,12
2024-03-18 13:00:00,0.6310862,0.6832721,2024-03-18,13
2024-03-18 14:00:00,0.5077727,0.5470561,2024-03-18,14
2024-03-18 15:00:00,0.3976151,0.4371507,2024-03-18,15
2024-03-18 16:00:00,0.2061683,0.2261072,2024-03-18,16
2024-03-18 17:00:00,0.05455468,0.07965095,2024-03-18,17
2024-03-18 18:00:00,0.0,0.0,2024-03-18,18
2024-03-18 19:00:00,0.0,0.0,2024-03-18,19
2024-03-18 20:00:00,0.0,0.0,2024-03-18,20
2024-03-18 21:00:00,0.0,0.0,2024-03-18,21
2024-03-18 22:00:00,0.0,0.0,2024-03-18,22
2024-03-18 23:00:00,0.0,0.0,2024-03-18,23
2024-03-19 00:00:00,0.0,0.0,2024-03-19,0
2024-03-19 01:00:00,0.0,0.0,2024-03-19,1
2024-03-19 02:00:00,0.0,0.0,2024-03-19,2
2024-03-19 03:00:00,0.0,0.0,2024-03-19,3
2024-03-19 04:00:00,0.0,0.0,2024-03-19,4
2024-03-19 05:00:00,0.006960686,0.0,2024-03-19,5
2024-03-19 06:00:00,0.1015574,0.103527,2024-03-19,6
2024-03-19 07:00:00,0.1964199,0.1956336,2024-03-19,7
2024-03-19 08:00:00,0.4958799,0.5412517,2024-03-19,8
2024-03-19 09:00:00,0.4972217,0.5171683,2024-03-19,9
2024-03-19 10:00:00,0.7926511,0.879267,2024-03-19,10
2024-03-19 11:00:00,0.5477887,0.5613735,2024-03-19,11
2024-03-19 12:00:00,0.8390065,0.9339015,2024-03-19,12
2024-03-19 13:00:00,0.6235275,0.6714275,2024-03-19,13
2024-03-19 14:00:00,0.4347096,0.4519223,2024-03-19,14
2024-03-19 15:00:00,0.4319828,0.4797741,2024-03-19,15
2024-03-19 16:00:00,0.2352973,0.2633028,2024-03-19,16
2024-03-19 17:00:00,0.05103152,0.0689991,2024-03-19,17
2024-03-19 18:00:00,0.0,0.0,2024-03-19,18
2024-03-19 19:00:00,0.0,0.0,2024-03-19,19
2024-03-19 20:00:00,0.0,0.0,2024-03-19,20
2024-03-19 21:00:00,0.0,0.0,2024-03-19,21
2024-03-19 22:00:00,0.0,0.0,2024-03-19,22
2024-03-19 23:00:00,0.0,0.0,2024-03-19,23
2024-03-20 00:00:00,0.0,0.0,2024-03-20,0
2024-03-20 01:00:00,0.0,0.0,2024-03-20,1
2024-03-20 02:00:00,0.0,0.0,2024-03-20,2
2024-03-20 03:00:00,0.0,0.0,2024-03-20,3
2024-03-20 04:00:00,0.0,0.0,2024-03-20,4
2024-03-20 05:00:00,0.007433481,0.0,2024-03-20,5
2024-03-20 06:00:00,0.1724465,0.1943629,2024-03-20,6
2024-03-20 07:00:00,0.4000892,0.4478844,2024-03-20,7
2024-03-20 08:00:00,0.6232718,0.6977836,2024-03-20,8
2024-03-20 09:00:00,0.8529986,0.9552745,2024-03-20,9
2024-03-20 10:00:00,1.024439,1.147417,2024-03-20,10
2024-03-20 11:00:00,0.9126899,1.018076,2024-03-20,11
2024-03-20 12:00:00,0.8768181,0.9769835,2024-03-20,12
2024-03-20 13:00:00,0.7365585,0.8143647,2024-03-20,13
2024-03-20 14:00:00,0.5880445,0.6470826,2024-03-20,14
2024-03-20 15:00:00,0.4181213,0.4594146,2024-03-20,15
2024-03-20 16:00:00,0.2346831,0.2600195,2024-03-20,16
2024-03-20 17:00:00,0.05200814,0.06564154,2024-03-20,17
2024-03-20 18:00:00,0.0,0.0,2024-03-20,18
2024-03-20 19:00:00,0.0,0.0,2024-03-20,19
2024-03-20 20:00:00,0.0,0.0,2024-03-20,20
2024-03-20 21:00:00,0.0,0.0,2024-03-20,21
2024-03-20 22:00:00,0.0,0.0,2024-03-20,22
2024-03-20 23:00:00,0.0,0.0,2024-03-20,23
2024-03-21 00:00:00,0.0,0.0,2024-03-21,0
2024-03-21 01:00:00,0.0,0.0,2024-03-21,1
2024-03-21 02:00:00,0.0,0.0,2024-03-21,2
2024-03-21 03:00:00,0.0,0.0,2024-03-21,3
2024-03-21 04:00:00,0.0,0.0,2024-03-21,4
2024-03-21 05:00:00,0.00538951,0.0,2024-03-21,5
2024-03-21 06:00:00,0.03117539,0.03034586,2024-03-21,6
2024-03-21 07:00:00,0.1426809,0.1394339,2024-03-21,7
2024-03-21 08:00:00,0.4111383,0.4284298,2024-03-21,8
2024-03-21 09:00:00,0.5092639,0.5294595,2024-03-21,9
2024-03-21 10:00:00,0.6935121,0.7476199,2024-03-21,10
2024-03-21 11:00:00,0.7817119,0.8536734,2024-03-21,11
2024-03-21 12:00:00,0.9150472,1.019105,2024-03-21,12
2024-03-21 13:00:00,0.856648,0.9552312,2024-03-21,13
2024-03-21 14:00:00,0.419985,0.4318966,2024-03-21,14
2024-03-21 15:00:00,0.3485837,0.3677363,2024-03-21,15
2024-03-21 16:00:00,0.1916472,0.2019809,2024-03-21,16
2024-03-21 17:00:00,0.03020385,0.03125652,2024-03-21,17
2024-03-21 18:00:00,0.0,0.0,2024-03-21,18
2024-03-21 19:00:00,0.0,0.0,2024-03-21,19
2024-03-21 20:00:00,0.0,0.0,2024-03-21,20
2024-03-21 21:00:00,0.0,0.0,2024-03-21,21
2024-03-21 22:00:00,0.0,0.0,2024-03-21,22
2024-03-21 23:00:00,0.0,0.0,2024-03-21,23
2024-03-22 00:00:00,0.0,0.0,2024-03-22,0
2024-03-22 01:00:00,0.0,0.0,2024-03-22,1
2024-03-22 02:00:00,0.0,0.0,2024-03-22,2
2024-03-22 03:00:00,0.0,0.0,2024-03-22,3
2024-03-22 04:00:00,0.0,0.0,2024-03-22,4
2024-03-22 05:00:00,0.01393799,0.0,2024-03-22,5
2024-03-22 06:00:00,0.1740183,0.1904201,2024-03-22,6
2024-03-22 07:00:00,0.340103,0.3665564,2024-03-22,7
2024-03-22 08:00:00,0.5488747,0.6012323,2024-03-22,8
2024-03-22 09:00:00,0.4322496,0.4366246,2024-03-22,9
2024-03-22 10:00:00,0.4095525,0.4059475,2024-03-22,10
2024-03-22 11:00:00,0.6566802,0.6920778,2024-03-22,11
2024-03-22 12:00:00,0.7477345,0.8112539,2024-03-22,12
2024-03-22 13:00:00,0.7164118,0.7839026,2024-03-22,13
2024-03-22 14:00:00,0.6401786,0.7068483,2024-03-22,14
2024-03-22 15:00:00,0.4541419,0.4999035,2024-03-22,15
2024-03-22 16:00:00,0.1964188,0.2066278,2024-03-22,16
2024-03-22 17:00:00,0.02842874,0.02850309,2024-03-22,17
2024-03-22 18:00:00,0.0,0.0,2024-03-22,18
2024-03-22 19:00:00,0.0,0.0,2024-03-22,19
2024-03-22 20:00:00,0.0,0.0,2024-03-22,20
2024-03-22 21:00:00,0.0,0.0,2024-03-22,21
2024-03-22 22:00:00,0.0,0.0,2024-03-22,22
2024-03-22 23:00:00,0.0,0.0,2024-03-22,23
2024-03-23 00:00:00,0.0,0.0,2024-03-23,0
2024-03-23 01:00:00,0.0,0.0,2024-03-23,1
2024-03-23 02:00:00,0.0,0.0,2024-03-23,2
2024-03-23 03:00:00,0.0,0.0,2024-03-23,3
2024-03-23 04:00:00,0.0,0.0,2024-03-23,4
2024-03-23 05:00:00,0.01273754,0.0,2024-03-23,5
2024-03-23 06:00:00,0.1048888,0.1046967,2024-03-23,6
2024-03-23 07:00:00,0.3660685,0.3969098,2024-03-23,7
2024-03-23 08:00:00,0.4233635,0.4406841,2024-03-23,8
2024-03-23 09:00:00,0.5881361,0.6251825,2024-03-23,9
2024-03-23 10:00:00,0.7878557,0.8622218,2024-03-23,10
2024-03-23 11:00:00,0.854997,0.9398977,2024-03-23,11
2024-03-23 12:00:00,0.9221786,1.02132,2024-03-23,12
2024-03-23 13:00:00,0.8736399,0.9682382,2024-03-23,13
2024-03-23 14:00:00,0.7616002,0.8440887,2024-03-23,14
2024-03-23 15:00:00,0.5360443,0.5929636,2024-03-23,15
2024-03-23 16:00:00,0.2422158,0.2624352,2024-03-23,16
2024-03-23 17:00:00,0.03880529,0.03932169,2024-03-23,17
2024-03-23 18:00:00,0.0,0.0,2024-03-23,18
2024-03-23 19:00:00,0.0,0.0,2024-03-23,19
2024-03-23 20:00:00,0.0,0.0,2024-03-23,20
2024-03-23 21:00:00,0.0,0.0,2024-03-23,21
2024-03-23 22:00:00,0.0,0.0,2024-03-23,22
2024-03-23 23:00:00,0.0,0.0,2024-03-23,23
2024-03-24 00:00:00,0.0,0.0,2024-03-24,0
2024-03-24 01:00:00,0.0,0.0,2024-03-24,1
2024-03-24 02:00:00,0.0,0.0,2024-03-24,2
2024-03-24 03:00:00,0.0,0.0,2024-03-24,3
2024-03-24 04:00:00,0.0,0.0,2024-03-24,4
2024-03-24 05:00:00,0.01379248,0.0,2024-03-24,5
2024-03-24 06:00:00,0.1913853,0.205976,2024-03-24,6
2024-03-24 07:00:00,0.4359045,0.4781207,2024-03-24,7
2024-03-24 08:00:00,0.589079,0.6449977,2024-03-24,8
2024-03-24 09:00:00,0.7864553,0.8670686,2024-03-24,9
2024-03-24 10:00:00,0.9527882,1.053276,2024-03-24,10
2024-03-24 11:00:00,1.034323,1.14429,2024-03-24,11
2024-03-24 12:00:00,0.9515283,1.051699,2024-03-24,12
2024-03-24 13:00:00,0.9058888,1.001299,2024-03-24,13
2024-03-24 14:00:00,0.7128704,0.7863169,2024-03-24,14
2024-03-24 15:00:00,0.5171047,0.5686852,2024-03-24,15
2024-03-24 16:00:00,0.1831637,0.1880179,2024-03-24,16
2024-03-24 17:00:00,0.03739662,0.03661203,2024-03-24,17
2024-03-24 18:00:00,0.0,0.0,2024-03-24,18
2024-03-24 19:00:00,0.0,0.0,2024-03-24,19
2024-03-24 20:00:00,0.0,0.0,2024-03-24,20
2024-03-24 21:00:00,0.0,0.0,2024-03-24,21
2024-03-24 22:00:00,0.0,0.0,2024-03-24,22
2024-03-24 23:00:00,0.0,0.0,2024-03-24,23
2024-03-25 00:00:00,0.0,0.0,2024-03-25,0
2024-03-25 01:00:00,0.0,0.0,2024-03-25,1
2024-03-25 02:00:00,0.0,0.0,2024-03-25,2
2024-03-25 03:00:00,0.0,0.0,2024-03-25,3
2024-03-25 04:00:00,0.0,0.0,2024-03-25,4
2024-03-25 05:00:00,0.01385285,0.0,2024-03-25,5
2024-03-25 06:00:00,0.1602859,0.1665966,2024-03-25,6
2024-03-25 07:00:00,0.3870859,0.4175241,2024-03-25,7
2024-03-25 08:00:00,0.5129401,0.5486841,2024-03-25,8
2024-03-25 09:00:00,0.715666,0.7799872,2024-03-25,9
2024-03-25 10:00:00,0.9195151,1.0129,2024-03-25,10
2024-03-25 11:00:00,0.8918396,0.9786693,2024-03-25,11
2024-03-25 12:00:00,0.6050588,0.6267701,2024-03-25,12
2024-03-25 13:00:00,0.8124118,0.892282,2024-03-25,13
2024-03-25 14:00:00,0.659154,0.7213077,2024-03-25,14
2024-03-25 15:00:00,0.4940868,0.5394191,2024-03-25,15
2024-03-25 16:00:00,0.2325983,0.2462738,2024-03-25,16
2024-03-25 17:00:00,0.02838725,0.02741738,2024-03-25,17
2024-03-25 18:00:00,0.0,0.0,2024-03-25,18
2024-03-25 19:00:00,0.0,0.0,2024-03-25,19
2024-03-25 20:00:00,0.0,0.0,2024-03-25,20
2024-03-25 21:00:00,0.0,0.0,2024-03-25,21
2024-03-25 22:00:00,0.0,0.0,2024-03-25,22
2024-03-25 23:00:00,0.0,0.0,2024-03-25,23
2024-03-26 00:00:00,0.0,0.0,2024-03-26,0
2024-03-26 01:00:00,0.0,0.0,2024-03-26,1
2024-03-26 02:00:00,0.0,0.0,2024-03-26,2
2024-03-26 03:00:00,0.0,0.0,2024-03-26,3
2024-03-26 04:00:00,0.0,0.0,2024-03-26,4
2024-03-26 05:00:00,0.0146727,0.0,2024-03-26,5
2024-03-26 06:00:00,0.1954002,0.2053904,2024-03-26,6
2024-03-26 07:00:00,0.3532175,0.3738434,2024-03-26,7
2024-03-26 08:00:00,0.6596613,0.7212138,2024-03-26,8
2024-03-26 09:00:00,0.8570174,0.9406278,2024-03-26,9
2024-03-26 10:00:00,0.7285762,0.780997,2024-03-26,10
2024-03-26 11:00:00,0.7521261,0.8048663,2024-03-26,11
2024-03-26 12:00:00,0.659772,0.6926812,2024-03-26,12
2024-03-26 13:00:00,0.6667661,0.7126397,2024-03-26,13
2024-03-26 14:00:00,0.6782897,0.7408915,2024-03-26,14
2024-03-26 15:00:00,0.5388875,0.5869131,2024-03-26,15
2024-03-26 16:00:00,0.2236267,0.2336202,2024-03-26,16
2024-03-26 17:00:00,0.03832893,0.03572766,2024-03-26,17
2024-03-26 18:00:00,0.0,0.0,2024-03-26,18
2024-03-26 19:00:00,0.0,0.0,2024-03-26,19
2024-03-26 20:00:00,0.0,0.0,2024-03-26,20
2024-03-26 21:00:00,0.0,0.0,2024-03-26,21
2024-03-26 22:00:00,0.0,0.0,2024-03-26,22
2024-03-26 23:00:00,0.0,0.0,2024-03-26,23
2024-03-27 00:00:00,0.0,0.0,2024-03-27,0
2024-03-27 01:00:00,0.0,0.0,2024-03-27,1
2024-03-27 02:00:00,0.0,0.0,2024-03-27,2
2024-03-27 03:00:00,0.0,0.0,2024-03-27,3
2024-03-27 04:00:00,0.0,0.0,2024-03-27,4
2024-03-27 05:00:00,0.01025586,0.0,2024-03-27,5
2024-03-27 06:00:00,0.1505828,0.1523822,2024-03-27,6
2024-03-27 07:00:00,0.3862509,0.4114129,2024-03-27,7
2024-03-27 08:00:00,0.6214216,0.6746398,2024-03-27,8
2024-03-27 09:00:00,0.8821149,0.9653646,2024-03-27,9
2024-03-27 10:00:00,0.8548286,0.9322513,2024-03-27,10
2024-03-27 11:00:00,0.8015211,0.8639455,2024-03-27,11
2024-03-27 12:00:00,0.5469612,0.5557256,2024-03-27,12
2024-03-27 13:00:00,0.7588786,0.823382,2024-03-27,13
2024-03-27 14:00:00,0.7258447,0.7918454,2024-03-27,14
2024-03-27 15:00:00,0.448192,0.4801257,2024-03-27,15
2024-03-27 16:00:00,0.1970614,0.2010459,2024-03-27,16
2024-03-27 17:00:00,0.03248001,0.03054944,2024-03-27,17
2024-03-27 18:00:00,0.0,0.0,2024-03-27,18
2024-03-27 19:00:00,0.0,0.0,2024-03-27,19
2024-03-27 20:00:00,0.0,0.0,2024-03-27,20
2024-03-27 21:00:00,0.0,0.0,2024-03-27,21
2024-03-27 22:00:00,0.0,0.0,2024-03-27,22
2024-03-27 23:00:00,0.0,0.0,2024-03-27,23
2024-03-28 00:00:00,0.0,0.0,2024-03-28,0
2024-03-28 01:00:00,0.0,0.0,2024-03-28,1
2024-03-28 02:00:00,0.0,0.0,2024-03-28,2
2024-03-28 03:00:00,0.0,0.0,2024-03-28,3
2024-03-28 04:00:00,0.0,0.0,2024-03-28,4
2024-03-28 05:00:00,0.01798917,0.0,2024-03-28,5
2024-03-28 06:00:00,0.1433774,0.1433961,2024-03-28,6
2024-03-28 07:00:00,0.378673,0.4000166,2024-03-28,7
2024-03-28 08:00:00,0.4445409,0.4592718,2024-03-28,8
2024-03-28 09:00:00,0.7144897,0.7706209,2024-03-28,9
2024-03-28 10:00:00,0.6442537,0.6727615,2024-03-28,10
2024-03-28 11:00:00,1.008896,1.103384,2024-03-28,11
2024-03-28 12:00:00,1.01485,1.109863,2024-03-28,12
2024-03-28 13:00:00,0.9067238,0.9896864,2024-03-28,13
2024-03-28 14:00:00,0.7140402,0.7757751,2024-03-28,14
2024-03-28 15:00:00,0.3928199,0.4114908,2024-03-28,15
2024-03-28 16:00:00,0.2492408,0.259518,2024-03-28,16
2024-03-28 17:00:00,0.04389793,0.03810147,2024-03-28,17
2024-03-28 18:00:00,0.0,0.0,2024-03-28,18
2024-03-28 19:00:00,0.0,0.0,2024-03-28,19
2024-03-28 20:00:00,0.0,0.0,2024-03-28,20
2024-03-28 21:00:00,0.0,0.0,2024-03-28,21
2024-03-28 22:00:00,0.0,0.0,2024-03-28,22
2024-03-28 23:00:00,0.0,0.0,2024-03-28,23
2024-03-29 00:00:00,0.0,0.0,2024-03-29,0
2024-03-29 01:00:00,0.0,0.0,2024-03-29,1
2024-03-29 02:00:00,0.0,0.0,2024-03-29,2
2024-03-29 03:00:00,0.0,0.0,2024-03-29,3
2024-03-29 04:00:00,0.0,0.0,2024-03-29,4
2024-03-29 05:00:00,0.01221053,0.0,2024-03-29,5
2024-03-29 06:00:00,0.1034922,0.1012933,2024-03-29,6
2024-03-29 07:00:00,0.2963335,0.3013054,2024-03-29,7
2024-03-29 08:00:00,0.4264834,0.4365932,2024-03-29,8
2024-03-29 09:00:00,0.4202892,0.4192576,2024-03-29,9
2024-03-29 10:00:00,0.7710404,0.826494,2024-03-29,10
2024-03-29 11:00:00,0.7276112,0.7685637,2024-03-29,11
2024-03-29 12:00:00,0.8597706,0.9314293,2024-03-29,12
2024-03-29 13:00:00,0.8654733,0.9411465,2024-03-29,13
2024-03-29 14:00:00,0.6024765,0.6435643,2024-03-29,14
2024-03-29 15:00:00,0.4677657,0.4982565,2024-03-29,15
2024-03-29 16:00:00,0.2566288,0.2656406,2024-03-29,16
2024-03-29 17:00:00,0.04472756,0.03782465,2024-03-29,17
2024-03-29 18:00:00,0.0,0.0,2024-03-29,18
2024-03-29 19:00:00,0.0,0.0,2024-03-29,19
2024-03-29 20:00:00,0.0,0.0,2024-03-29,20
2024-03-29 21:00:00,0.0,0.0,2024-03-29,21
2024-03-29 22:00:00,0.0,0.0,2024-03-29,22
2024-03-29 23:00:00,0.0,0.0,2024-03-29,23
2024-03-30 00:00:00,0.0,0.0,2024-03-30,0
2024-03-30 01:00:00,0.0,0.0,2024-03-30,1
2024-03-30 02:00:00,0.0,0.0,2024-03-30,2
2024-03-30 03:00:00,0.0,0.0,2024-03-30,3
2024-03-30 04:00:00,0.0,0.0,2024-03-30,4
2024-03-30 05:00:00,0.02118917,0.0,2024-03-30,5
2024-03-30 06:00:00,0.02557458,0.02484935,2024-03-30,6
2024-03-30 07:00:00,0.03028795,0.02942778,2024-03-30,7
2024-03-30 08:00:00,0.05487751,0.0533345,2024-03-30,8
2024-03-30 09:00:00,0.08227684,0.07998487,2024-03-30,9
2024-03-30 10:00:00,0.2738136,0.2669214,2024-03-30,10
2024-03-30 11:00:00,0.09583887,0.09317152,2024-03-30,11
2024-03-30 12:00:00,0.06845905,0.06653041,2024-03-30,12
2024-03-30 13:00:00,0.08878121,0.08631308,2024-03-30,13
2024-03-30 14:00:00,0.08559417,0.08322742,2024-03-30,14
2024-03-30 15:00:00,0.06885303,0.06694994,2024-03-30,15
2024-03-30 16:00:00,0.06477066,0.06300078,2024-03-30,16
2024-03-30 17:00:00,0.01214781,0.01175197,2024-03-30,17
2024-03-30 18:00:00,0.0,0.0,2024-03-30,18
2024-03-30 19:00:00,0.0,0.0,2024-03-30,19
2024-03-30 20:00:00,0.0,0.0,2024-03-30,20
2024-03-30 21:00:00,0.0,0.0,2024-03-30,21
2024-03-30 22:00:00,0.0,0.0,2024-03-30,22
2024-03-30 23:00:00,0.0,0.0,2024-03-30,23
2024-03-31 00:00:00,0.0,0.0,2024-03-31,0
2024-03-31 01:00:00,0.0,0.0,2024-03-31,1
2024-03-31 02:00:00,0.0,0.0,2024-03-31,2
2024-03-31 03:00:00,0.0,0.0,2024-03-31,3
2024-03-31 04:00:00,0.0,0.0,2024-03-31,4
2024-03-31 05:00:00,0.02242074,0.0,2024-03-31,5
2024-03-31 06:00:00,0.1906433,0.1900771,2024-03-31,6
2024-03-31 07:00:00,0.4431269,0.4666585,2024-03-31,7
2024-03-31 08:00:00,0.6597517,0.7068735,2024-03-31,8
2024-03-31 09:00:00,0.9017821,0.9745256,2024-03-31,9
2024-03-31 10:00:00,0.9538715,1.033436,2024-03-31,10
2024-03-31 11:00:00,1.011184,1.096889,2024-03-31,11
2024-03-31 12:00:00,1.003038,1.087574,2024-03-31,12
2024-03-31 13:00:00,0.6482087,0.6805295,2024-03-31,13
2024-03-31 14:00:00,0.6209033,0.6608236,2024-03-31,14
2024-03-31 15:00:00,0.5705754,0.6060985,2024-03-31,15
2024-03-31 16:00:00,0.2918186,0.2987552,2024-03-31,16
2024-03-31 17:00:00,0.04040863,0.03486541,2024-03-31,17
2024-03-31 18:00:00,0.0,0.0,2024-03-31,18
2024-03-31 19:00:00,0.0,0.0,2024-03-31,19
2024-03-31 20:00:00,0.0,0.0,2024-03-31,20
2024-03-31 21:00:00,0.0,0.0,2024-03-31,21
2024-03-31 22:00:00,0.0,0.0,2024-03-31,22
2024-03-31 23:00:00,0.0,0.0,2024-03-31,23
2024-04-01 00:00:00,0.0,0.0,2024-04-01,0
2024-04-01 01:00:00,0.0,0.0,2024-04-01,1
2024-04-01 02:00:00,0.0,0.0,2024-04-01,2
2024-04-01 03:00:00,0.0,0.0,2024-04-01,3
2024-04-01 04:00:00,0.0,0.0,2024-04-01,4
2024-04-01 05:00:00,0.02208788,0.01068908,2024-04-01,5
2024-04-01 06:00:00,0.1519606,0.1492701,2024-04-01,6
2024-04-01 07:00:00,0.2278627,0.2246024,2024-04-01,7
2024-04-01 08:00:00,0.3863089,0.3879178,2024-04-01,8
2024-04-01 09:00:00,0.6140832,0.6406984,2024-04-01,9
2024-04-01 10:00:00,0.6065603,0.6222003,2024-04-01,10
2024-04-01 11:00:00,0.2635617,0.25678,2024-04-01,11
2024-04-01 12:00:00,0.5036991,0.5037521,2024-04-01,12
2024-04-01 13:00:00,0.3714711,0.3655123,2024-04-01,13
2024-04-01 14:00:00,0.2737364,0.2678617,2024-04-01,14
2024-04-01 15:00:00,0.2817241,0.2801546,2024-04-01,15
2024-04-01 16:00:00,0.215443,0.2154268,2024-04-01,16
2024-04-01 17:00:00,0.05375012,0.03891573,2024-04-01,17
2024-04-01 18:00:00,0.0,0.0,2024-04-01,18
2024-04-01 19:00:00,0.0,0.0,2024-04-01,19
2024-04-01 20:00:00,0.0,0.0,2024-04-01,20
2024-04-01 21:00:00,0.0,0.0,2024-04-01,21
2024-04-01 22:00:00,0.0,0.0,2024-04-01,22
2024-04-01 23:00:00,0.0,0.0,2024-04-01,23
2024-04-02 00:00:00,0.0,0.0,2024-04-02,0
2024-04-02 01:00:00,0.0,0.0,2024-04-02,1
2024-04-02 02:00:00,0.0,0.0,2024-04-02,2
2024-04-02 03:00:00,0.0,0.0,2024-04-02,3
2024-04-02 04:00:00,0.0,0.0,2024-04-02,4
2024-04-02 05:00:00,0.01592882,0.01355178,2024-04-02,5
2024-04-02 06:00:00,0.160724,0.1573773,2024-04-02,6
2024-04-02 07:00:00,0.2108168,0.2068086,2024-04-02,7
2024-04-02 08:00:00,0.2889119,0.2836671,2024-04-02,8
2024-04-02 09:00:00,0.4792576,0.4822721,2024-04-02,9
2024-04-02 10:00:00,0.5909668,0.6028929,2024-04-02,10
2024-04-02 11:00:00,0.4274954,0.4210585,2024-04-02,11
2024-04-02 12:00:00,0.3699595,0.3624357,2024-04-02,12
2024-04-02 13:00:00,0.301489,0.2944355,2024-04-02,13
2024-04-02 14:00:00,0.327672,0.3229502,2024-04-02,14
2024-04-02 15:00:00,0.3448558,0.3489612,2024-04-02,15
2024-04-02 16:00:00,0.164497,0.1615748,2024-04-02,16
2024-04-02 17:00:00,0.03346846,0.03062302,2024-04-02,17
2024-04-02 18:00:00,0.0,0.0,2024-04-02,18
2024-04-02 19:00:00,0.0,0.0,2024-04-02,19
2024-04-02 20:00:00,0.0,0.0,2024-04-02,20
2024-04-02 21:00:00,0.0,0.0,2024-04-02,21
2024-04-02 22:00:00,0.0,0.0,2024-04-02,22
2024-04-02 23:00:00,0.0,0.0,2024-04-02,23
2024-04-03 00:00:00,0.0,0.0,2024-04-03,0
2024-04-03 01:00:00,0.0,0.0,2024-04-03,1
2024-04-03 02:00:00,0.0,0.0,2024-04-03,2
2024-04-03 03:00:00,0.0,0.0,2024-04-03,3
2024-04-03 04:00:00,0.0,0.0,2024-04-03,4
2024-04-03 05:00:00,0.03196865,0.00567973,2024-04-03,5
2024-04-03 06:00:00,0.1029108,0.1000913,2024-04-03,6
2024-04-03 07:00:00,0.3001269,0.3006051,2024-04-03,7
2024-04-03 08:00:00,0.5568033,0.5818362,2024-04-03,8
2024-04-03 09:00:00,0.3892792,0.3842726,2024-04-03,9
2024-04-03 10:00:00,0.4567394,0.4526558,2024-04-03,10
2024-04-03 11:00:00,0.2302758,0.2242188,2024-04-03,11
2024-04-03 12:00:00,0.1921555,0.1870196,2024-04-03,12
2024-04-03 13:00:00,0.3281277,0.3210467,2024-04-03,13
2024-04-03 14:00:00,0.2163301,0.2107701,2024-04-03,14
2024-04-03 15:00:00,0.2725118,0.2695588,2024-04-03,15
2024-04-03 16:00:00,0.1520391,0.1486787,2024-04-03,16
2024-04-03 17:00:00,0.04994461,0.03727315,2024-04-03,17
2024-04-03 18:00:00,0.0,0.0,2024-04-03,18
2024-04-03 19:00:00,0.0,0.0,2024-04-03,19
2024-04-03 20:00:00,0.0,0.0,2024-04-03,20
2024-04-03 21:00:00,0.0,0.0,2024-04-03,21
2024-04-03 22:00:00,0.0,0.0,2024-04-03,22
2024-04-03 23:00:00,0.0,0.0,2024-04-03,23
2024-04-04 00:00:00,0.0,0.0,2024-04-04,0
2024-04-04 01:00:00,0.0,0.0,2024-04-04,1
2024-04-04 02:00:00,0.0,0.0,2024-04-04,2
2024-04-04 03:00:00,0.0,0.0,2024-04-04,3
2024-04-04 04:00:00,0.0,0.0,2024-04-04,4
2024-04-04 05:00:00,0.02426858,0.01494182,2024-04-04,5
2024-04-04 06:00:00,0.1407388,0.1367805,2024-04-04,6
2024-04-04 07:00:00,0.2615369,0.2586677,2024-04-04,7
2024-04-04 08:00:00,0.4706192,0.4803698,2024-04-04,8
2024-04-04 09:00:00,0.446576,0.4450415,2024-04-04,9
2024-04-04 10:00:00,0.5409809,0.5442136,2024-04-04,10
2024-04-04 11:00:00,0.8344008,0.8851086,2024-04-04,11
2024-04-04 12:00:00,0.8250759,0.8758623,2024-04-04,12
2024-04-04 13:00:00,0.8898048,0.9504683,2024-04-04,13
2024-04-04 14:00:00,0.5345566,0.551775,2024-04-04,14
2024-04-04 15:00:00,0.3941457,0.4019053,2024-04-04,15
2024-04-04 16:00:00,0.1635327,0.1598434,2024-04-04,16
2024-04-04 17:00:00,0.04532627,0.0362418,2024-04-04,17
2024-04-04 18:00:00,0.0,0.0,2024-04-04,18
2024-04-04 19:00:00,0.0,0.0,2024-04-04,19
2024-04-04 20:00:00,0.0,0.0,2024-04-04,20
2024-04-04 21:00:00,0.0,0.0,2024-04-04,21
2024-04-04 22:00:00,0.0,0.0,2024-04-04,22
2024-04-04 23:00:00,0.0,0.0,2024-04-04,23
2024-04-05 00:00:00,0.0,0.0,2024-04-05,0
2024-04-05 01:00:00,0.0,0.0,2024-04-05,1
2024-04-05 02:00:00,0.0,0.0,2024-04-05,2
2024-04-05 03:00:00,0.0,0.0,2024-04-05,3
2024-04-05 04:00:00,0.0,0.0,2024-04-05,4
2024-04-05 05:00:00,0.02261633,0.01688392,2024-04-05,5
2024-04-05 06:00:00,0.1306114,0.1267517,2024-04-05,6
2024-04-05 07:00:00,0.2545304,0.2509343,2024-04-05,7
2024-04-05 08:00:00,0.5986353,0.6254063,2024-04-05,8
2024-04-05 09:00:00,0.66926,0.6987955,2024-04-05,9
2024-04-05 10:00:00,0.9276257,0.9904354,2024-04-05,10
2024-04-05 11:00:00,0.8318439,0.8798892,2024-04-05,11
2024-04-05 12:00:00,0.545079,0.5474467,2024-04-05,12
2024-04-05 13:00:00,0.4635628,0.4620129,2024-04-05,13
2024-04-05 14:00:00,0.30283,0.2968897,2024-04-05,14
2024-04-05 15:00:00,0.238801,0.234183,2024-04-05,15
2024-04-05 16:00:00,0.1566977,0.1527614,2024-04-05,16
2024-04-05 17:00:00,0.02714436,0.02575132,2024-04-05,17
2024-04-05 18:00:00,0.0,0.0,2024-04-05,18
2024-04-05 19:00:00,0.0,0.0,2024-04-05,19
2024-04-05 20:00:00,0.0,0.0,2024-04-05,20
2024-04-05 21:00:00,0.0,0.0,2024-04-05,21
2024-04-05 22:00:00,0.0,0.0,2024-04-05,22
2024-04-05 23:00:00,0.0,0.0,2024-04-05,23
2024-04-06 00:00:00,0.0,0.0,2024-04-06,0
2024-04-06 01:00:00,0.0,0.0,2024-04-06,1
2024-04-06 02:00:00,0.0,0.0,2024-04-06,2
2024-04-06 03:00:00,0.0,0.0,2024-04-06,3
2024-04-06 04:00:00,0.0,0.0,2024-04-06,4
2024-04-06 05:00:00,0.02761069,0.01675035,2024-04-06,5
2024-04-06 06:00:00,0.049372,0.0479472,2024-04-06,6
2024-04-06 07:00:00,0.2199299,0.2152982,2024-04-06,7
2024-04-06 08:00:00,0.1764024,0.1716976,2024-04-06,8
2024-04-06 09:00:00,0.2139491,0.2082929,2024-04-06,9
2024-04-06 10:00:00,0.4132506,0.4063418,2024-04-06,10
2024-04-06 11:00:00,0.6616151,0.6776957,2024-04-06,11
2024-04-06 12:00:00,0.5679607,0.5723675,2024-04-06,12
2024-04-06 13:00:00,0.1714272,0.1667982,2024-04-06,13
2024-04-06 14:00:00,0.3143964,0.3085366,2024-04-06,14
2024-04-06 15:00:00,0.2702482,0.2661978,2024-04-06,15
2024-04-06 16:00:00,0.09983587,0.09702233,2024-04-06,16
2024-04-06 17:00:00,0.02063756,0.01981933,2024-04-06,17
2024-04-06 18:00:00,0.0,0.0,2024-04-06,18
2024-04-06 19:00:00,0.0,0.0,2024-04-06,19
2024-04-06 20:00:00,0.0,0.0,2024-04-06,20
2024-04-06 21:00:00,0.0,0.0,2024-04-06,21
2024-04-06 22:00:00,0.0,0.0,2024-04-06,22
2024-04-06 23:00:00,0.0,0.0,2024-04-06,23
2024-04-07 00:00:00,0.0,0.0,2024-04-07,0
2024-04-07 01:00:00,0.0,0.0,2024-04-07,1
2024-04-07 02:00:00,0.0,0.0,2024-04-07,2
2024-04-07 03:00:00,0.0,0.0,2024-04-07,3
2024-04-07 04:00:00,0.0,0.0,2024-04-07,4
2024-04-07 05:00:00,0.03968744,0.008228821,2024-04-07,5
2024-04-07 06:00:00,0.1747105,0.1676962,2024-04-07,6
2024-04-07 07:00:00,0.2455736,0.2410644,2024-04-07,7
2024-04-07 08:00:00,0.530652,0.5443742,2024-04-07,8
2024-04-07 09:00:00,0.7483269,0.7857778,2024-04-07,9
2024-04-07 10:00:00,0.8641756,0.9142805,2024-04-07,10
2024-04-07 11:00:00,0.8045136,0.843719,2024-04-07,11
2024-04-07 12:00:00,0.9786163,1.040814,2024-04-07,12
2024-04-07 13:00:00,0.8935385,0.9460412,2024-04-07,13
2024-04-07 14:00:00,0.6049032,0.6272538,2024-04-07,14
2024-04-07 15:00:00,0.3473795,0.3470533,2024-04-07,15
2024-04-07 16:00:00,0.1869779,0.1814911,2024-04-07,16
2024-04-07 17:00:00,0.02983364,0.0280327,2024-04-07,17
2024-04-07 18:00:00,0.0,0.0,2024-04-07,18
2024-04-07 19:00:00,0.0,0.0,2024-04-07,19
2024-04-07 20:00:00,0.0,0.0,2024-04-07,20
2024-04-07 21:00:00,0.0,0.0,2024-04-07,21
2024-04-07 22:00:00,0.0,0.0,2024-04-07,22
2024-04-07 23:00:00,0.0,0.0,2024-04-07,23
2024-04-08 00:00:00,0.0,0.0,2024-04-08,0
2024-04-08 01:00:00,0.0,0.0,2024-04-08,1
2024-04-08 02:00:00,0.0,0.0,2024-04-08,2
2024-04-08 03:00:00,0.0,0.0,2024-04-08,3
2024-04-08 04:00:00,0.0,0.0,2024-04-08,4
2024-04-08 05:00:00,0.04059175,0.01004113,2024-04-08,5
2024-04-08 06:00:00,0.09954861,0.09657714,2024-04-08,6
2024-04-08 07:00:00,0.3042697,0.3011816,2024-04-08,7
2024-04-08 08:00:00,0.3441061,0.3392212,2024-04-08,8
2024-04-08 09:00:00,0.4141773,0.4089567,2024-04-08,9
2024-04-08 10:00:00,0.7599193,0.7922288,2024-04-08,10
2024-04-08 11:00:00,0.7903979,0.8253199,2024-04-08,11
2024-04-08 12:00:00,0.9640738,1.022368,2024-04-08,12
2024-04-08 13:00:00,0.7694713,0.8068547,2024-04-08,13
2024-04-08 14:00:00,0.4618683,0.4646566,2024-04-08,14
2024-04-08 15:00:00,0.4338363,0.4390185,2024-04-08,15
2024-04-08 16:00:00,0.1752387,0.1697676,2024-04-08,16
2024-04-08 17:00:00,0.04854811,0.03714425,2024-04-08,17
2024-04-08 18:00:00,0.0,0.0,2024-04-08,18
2024-04-08 19:00:00,0.0,0.0,2024-04-08,19
2024-04-08 20:00:00,0.0,0.0,2024-04-08,20
2024-04-08 21:00:00,0.0,0.0,2024-04-08,21
2024-04-08 22:00:00,0.0,0.0,2024-04-08,22
2024-04-08 23:00:00,0.0,0.0,2024-04-08,23
2024-04-09 00:00:00,0.0,0.0,2024-04-09,0
2024-04-09 01:00:00,0.0,0.0,2024-04-09,1
2024-04-09 02:00:00,0.0,0.0,2024-04-09,2
2024-04-09 03:00:00,0.0,0.0,2024-04-09,3
2024-04-09 04:00:00,0.0,0.0,2024-04-09,4
2024-04-09 05:00:00,0.03049207,0.02070648,2024-04-09,5
2024-04-09 06:00:00,0.1002316,0.09720729,2024-04-09,6
2024-04-09 07:00:00,0.2349032,0.229795,2024-04-09,7
2024-04-09 08:00:00,0.3808666,0.3773708,2024-04-09,8
2024-04-09 09:00:00,0.3170258,0.3096215,2024-04-09,9
2024-04-09 10:00:00,0.3762898,0.3682549,2024-04-09,10
2024-04-09 11:00:00,0.3209028,0.3128413,2024-04-09,11
2024-04-09 12:00:00,0.5859292,0.5903242,2024-04-09,12
2024-04-09 13:00:00,0.693242,0.7179484,2024-04-09,13
2024-04-09 14:00:00,0.5563278,0.5689692,2024-04-09,14
2024-04-09 15:00:00,0.1900872,0.1851512,2024-04-09,15
2024-04-09 16:00:00,0.2012254,0.1937592,2024-04-09,16
2024-04-09 17:00:00,0.02414041,0.02309303,2024-04-09,17
2024-04-09 18:00:00,0.0,0.0,2024-04-09,18
2024-04-09 19:00:00,0.0,0.0,2024-04-09,19
2024-04-09 20:00:00,0.0,0.0,2024-04-09,20
2024-04-09 21:00:00,0.0,0.0,2024-04-09,21
2024-04-09 22:00:00,0.0,0.0,2024-04-09,22
2024-04-09 23:00:00,0.0,0.0,2024-04-09,23
2024-04-10 00:00:00,0.0,0.0,2024-04-10,0
2024-04-10 01:00:00,0.0,0.0,2024-04-10,1
2024-04-10 02:00:00,0.0,0.0,2024-04-10,2
2024-04-10 03:00:00,0.0,0.0,2024-04-10,3
2024-04-10 04:00:00,0.0,0.0,2024-04-10,4
2024-04-10 05:00:00,0.04815487,0.008202637,2024-04-10,5
2024-04-10 06:00:00,0.2539036,0.2349362,2024-04-10,6
2024-04-10 07:00:00,0.4721907,0.4740745,2024-04-10,7
2024-04-10 08:00:00,0.5620092,0.5743625,2024-04-10,8
2024-04-10 09:00:00,0.7959315,0.8318842,2024-04-10,9
2024-04-10 10:00:00,0.9113472,0.9594576,2024-04-10,10
2024-04-10 11:00:00,0.8557512,0.8966775,2024-04-10,11
2024-04-10 12:00:00,0.7853512,0.8173134,2024-04-10,12
2024-04-10 13:00:00,0.6735039,0.6937065,2024-04-10,13
2024-04-10 14:00:00,0.5310585,0.5393128,2024-04-10,14
2024-04-10 15:00:00,0.559467,0.5657942,2024-04-10,15
2024-04-10 16:00:00,0.3537583,0.3327997,2024-04-10,16
2024-04-10 17:00:00,0.08448777,0.03523439,2024-04-10,17
2024-04-10 18:00:00,0.0,0.0,2024-04-10,18
2024-04-10 19:00:00,0.0,0.0,2024-04-10,19
2024-04-10 20:00:00,0.0,0.0,2024-04-10,20
2024-04-10 21:00:00,0.0,0.0,2024-04-10,21
2024-04-10 22:00:00,0.0,0.0,2024-04-10,22
2024-04-10 23:00:00,0.0,0.0,2024-04-10,23
2024-04-11 00:00:00,0.0,0.0,2024-04-11,0
2024-04-11 01:00:00,0.0,0.0,2024-04-11,1
2024-04-11 02:00:00,0.0,0.0,2024-04-11,2
2024-04-11 03:00:00,0.0,0.0,2024-04-11,3
2024-04-11 04:00:00,0.0,0.0,2024-04-11,4
2024-04-11 05:00:00,0.05278935,0.006852441,2024-04-11,5
2024-04-11 06:00:00,0.2162443,0.2017184,2024-04-11,6
2024-04-11 07:00:00,0.4124039,0.4106138,2024-04-11,7
2024-04-11 08:00:00,0.7719757,0.7964137,2024-04-11,8
2024-04-11 09:00:00,0.8117715,0.8468038,2024-04-11,9
2024-04-11 10:00:00,0.7548988,0.7810227,2024-04-11,10
2024-04-11 11:00:00,0.8010582,0.8321177,2024-04-11,11
2024-04-11 12:00:00,0.5577043,0.5578279,2024-04-11,12
2024-04-11 13:00:00,0.466867,0.4630561,2024-04-11,13
2024-04-11 14:00:00,0.6025878,0.6170033,2024-04-11,14
2024-04-11 15:00:00,0.5339483,0.5372778,2024-04-11,15
2024-04-11 16:00:00,0.325646,0.3039964,2024-04-11,16
2024-04-11 17:00:00,0.08869608,0.03523052,2024-04-11,17
2024-04-11 18:00:00,0.0,0.0,2024-04-11,18
2024-04-11 19:00:00,0.0,0.0,2024-04-11,19
2024-04-11 20:00:00,0.0,0.0,2024-04-11,20
2024-04-11 21:00:00,0.0,0.0,2024-04-11,21
2024-04-11 22:00:00,0.0,0.0,2024-04-11,22
2024-04-11 23:00:00,0.0,0.0,2024-04-11,23
2024-04-12 00:00:00,0.0,0.0,2024-04-12,0
2024-04-12 01:00:00,0.0,0.0,2024-04-12,1
2024-04-12 02:00:00,0.0,0.0,2024-04-12,2
2024-04-12 03:00:00,0.0,0.0,2024-04-12,3
2024-04-12 04:00:00,0.0,0.0,2024-04-12,4
2024-04-12 05:00:00,0.06796487,0.003676469,2024-04-12,5
2024-04-12 06:00:00,0.2387641,0.2196432,2024-04-12,6
2024-04-12 07:00:00,0.4937942,0.4917383,2024-04-12,7
2024-04-12 08:00:00,0.3239995,0.3175971,2024-04-12,8
2024-04-12 09:00:00,0.4133724,0.4070092,2024-04-12,9
2024-04-12 10:00:00,0.1019256,0.0990655,2024-04-12,10
2024-04-12 11:00:00,0.4327615,0.4247577,2024-04-12,11
2024-04-12 12:00:00,0.6943935,0.7099361,2024-04-12,12
2024-04-12 13:00:00,0.7292291,0.7532512,2024-04-12,13
2024-04-12 14:00:00,0.2870354,0.2802683,2024-04-12,14
2024-04-12 15:00:00,0.193358,0.188223,2024-04-12,15
2024-04-12 16:00:00,0.1484982,0.1434672,2024-04-12,16
2024-04-12 17:00:00,0.04127292,0.03592231,2024-04-12,17
2024-04-12 18:00:00,0.0,0.0,2024-04-12,18
2024-04-12 19:00:00,0.0,0.0,2024-04-12,19
2024-04-12 20:00:00,0.0,0.0,2024-04-12,20
2024-04-12 21:00:00,0.0,0.0,2024-04-12,21
2024-04-12 22:00:00,0.0,0.0,2024-04-12,22
2024-04-12 23:00:00,0.0,0.0,2024-04-12,23
2024-04-13 00:00:00,0.0,0.0,2024-04-13,0
2024-04-13 01:00:00,0.0,0.0,2024-04-13,1
2024-04-13 02:00:00,0.0,0.0,2024-04-13,2
2024-04-13 03:00:00,0.0,0.0,2024-04-13,3
2024-04-13 04:00:00,0.0,0.0,2024-04-13,4
2024-04-13 05:00:00,0.04846728,0.01661385,2024-04-13,5
2024-04-13 06:00:00,0.2397898,0.2195305,2024-04-13,6
2024-04-13 07:00:00,0.4393989,0.4348984,2024-04-13,7
2024-04-13 08:00:00,0.7016865,0.7184574,2024-04-13,8
2024-04-13 09:00:00,0.9330577,0.9703371,2024-04-13,9
2024-04-13 10:00:00,1.013009,1.060616,2024-04-13,10
2024-04-13 11:00:00,0.9993443,1.048077,2024-04-13,11
2024-04-13 12:00:00,0.8761425,0.9135459,2024-04-13,12
2024-04-13 13:00:00,0.7344317,0.7571667,2024-04-13,13
2024-04-13 14:00:00,0.6152485,0.6271056,2024-04-13,14
2024-04-13 15:00:00,0.4337925,0.4305906,2024-04-13,15
2024-04-13 16:00:00,0.2838599,0.2622848,2024-04-13,16
2024-04-13 17:00:00,0.0786787,0.03185844,2024-04-13,17
2024-04-13 18:00:00,0.0,0.0,2024-04-13,18
2024-04-13 19:00:00,0.0,0.0,2024-04-13,19
2024-04-13 20:00:00,0.0,0.0,2024-04-13,20
2024-04-13 21:00:00,0.0,0.0,2024-04-13,21
2024-04-13 22:00:00,0.0,0.0,2024-04-13,22
2024-04-13 23:00:00,0.0,0.0,2024-04-13,23
2024-04-14 00:00:00,0.0,0.0,2024-04-14,0
2024-04-14 01:00:00,0.0,0.0,2024-04-14,1
2024-04-14 02:00:00,0.0,0.0,2024-04-14,2
2024-04-14 03:00:00,0.0,0.0,2024-04-14,3
2024-04-14 04:00:00,0.0,0.0,2024-04-14,4
2024-04-14 05:00:00,0.03973702,0.02598602,2024-04-14,5
2024-04-14 06:00:00,0.2097059,0.1945354,2024-04-14,6
2024-04-14 07:00:00,0.2840212,0.2775921,2024-04-14,7
2024-04-14 08:00:00,0.6498507,0.661717,2024-04-14,8
2024-04-14 09:00:00,0.8395951,0.8695447,2024-04-14,9
2024-04-14 10:00:00,0.9301187,0.9700207,2024-04-14,10
2024-04-14 11:00:00,0.7382037,0.7555662,2024-04-14,11
2024-04-14 12:00:00,0.6672463,0.6769183,2024-04-14,12
2024-04-14 13:00:00,0.6191394,0.6270267,2024-04-14,13
2024-04-14 14:00:00,0.6101112,0.6197112,2024-04-14,14
2024-04-14 15:00:00,0.5350354,0.5310294,2024-04-14,15
2024-04-14 16:00:00,0.2868064,0.263021,2024-04-14,16
2024-04-14 17:00:00,0.06104475,0.03767307,2024-04-14,17
2024-04-14 18:00:00,0.0,0.0,2024-04-14,18
2024-04-14 19:00:00,0.0,0.0,2024-04-14,19
2024-04-14 20:00:00,0.0,0.0,2024-04-14,20
2024-04-14 21:00:00,0.0,0.0,2024-04-14,21
2024-04-14 22:00:00,0.0,0.0,2024-04-14,22
2024-04-14 23:00:00,0.0,0.0,2024-04-14,23
2024-04-15 00:00:00,0.0,0.0,2024-04-15,0
2024-04-15 01:00:00,0.0,0.0,2024-04-15,1
2024-04-15 02:00:00,0.0,0.0,2024-04-15,2
2024-04-15 03:00:00,0.0,0.0,2024-04-15,3
2024-04-15 04:00:00,0.0,0.0,2024-04-15,4
2024-04-15 05:00:00,0.05780971,0.01312576,2024-04-15,5
2024-04-15 06:00:00,0.2638752,0.2369534,2024-04-15,6
2024-04-15 07:00:00,0.5112746,0.5027687,2024-04-15,7
2024-04-15 08:00:00,0.6997803,0.7117998,2024-04-15,8
2024-04-15 09:00:00,0.6443048,0.6540487,2024-04-15,9
2024-04-15 10:00:00,0.8335497,0.8621747,2024-04-15,10
2024-04-15 11:00:00,0.7957687,0.819117,2024-04-15,11
2024-04-15 12:00:00,0.8201764,0.8472335,2024-04-15,12
2024-04-15 13:00:00,0.6083132,0.613957,2024-04-15,13
2024-04-15 14:00:00,0.6887019,0.701277,2024-04-15,14
2024-04-15 15:00:00,0.4304451,0.424117,2024-04-15,15
2024-04-15 16:00:00,0.2017972,0.1907106,2024-04-15,16
2024-04-15 17:00:00,0.04620911,0.03851707,2024-04-15,17
2024-04-15 18:00:00,0.0,0.0,2024-04-15,18
2024-04-15 19:00:00,0.0,0.0,2024-04-15,19
2024-04-15 20:00:00,0.0,0.0,2024-04-15,20
2024-04-15 21:00:00,0.0,0.0,2024-04-15,21
2024-04-15 22:00:00,0.0,0.0,2024-04-15,22
2024-04-15 23:00:00,0.0,0.0,2024-04-15,23
2024-04-16 00:00:00,0.0,0.0,2024-04-16,0
2024-04-16 01:00:00,0.0,0.0,2024-04-16,1
2024-04-16 02:00:00,0.0,0.0,2024-04-16,2
2024-04-16 03:00:00,0.0,0.0,2024-04-16,3
2024-04-16 04:00:00,0.0,0.0,2024-04-16,4
2024-04-16 05:00:00,0.05823937,0.01651556,2024-04-16,5
2024-04-16 06:00:00,0.2281205,0.2081193,2024-04-16,6
2024-04-16 07:00:00,0.4038086,0.395039,2024-04-16,7
2024-04-16 08:00:00,0.4832908,0.4811984,2024-04-16,8
2024-04-16 09:00:00,0.7836891,0.8050905,2024-04-16,9
2024-04-16 10:00:00,0.6346262,0.6389472,2024-04-16,10
2024-04-16 11:00:00,0.7951906,0.8168131,2024-04-16,11
2024-04-16 12:00:00,0.9610243,0.9984217,2024-04-16,12
2024-04-16 13:00:00,0.8403315,0.8660941,2024-04-16,13
2024-04-16 14:00:00,0.7384176,0.7505186,2024-04-16,14
2024-04-16 15:00:00,0.4823796,0.4742272,2024-04-16,15
2024-04-16 16:00:00,0.1788745,0.170416,2024-04-16,16
2024-04-16 17:00:00,0.06040525,0.03892297,2024-04-16,17
2024-04-16 18:00:00,0.0,0.0,2024-04-16,18
2024-04-16 19:00:00,0.0,0.0,2024-04-16,19
2024-04-16 20:00:00,0.0,0.0,2024-04-16,20
2024-04-16 21:00:00,0.0,0.0,2024-04-16,21
2024-04-16 22:00:00,0.0,0.0,2024-04-16,22
2024-04-16 23:00:00,0.0,0.0,2024-04-16,23
2024-04-17 00:00:00,0.0,0.0,2024-04-17,0
2024-04-17 01:00:00,0.0,0.0,2024-04-17,1
2024-04-17 02:00:00,0.0,0.0,2024-04-17,2
2024-04-17 03:00:00,0.0,0.0,2024-04-17,3
2024-04-17 04:00:00,0.0,0.0,2024-04-17,4
2024-04-17 05:00:00,0.0403998,0.03090192,2024-04-17,5
2024-04-17 06:00:00,0.1452599,0.1392213,2024-04-17,6
2024-04-17 07:00:00,0.3364934,0.328022,2024-04-17,7
2024-04-17 08:00:00,0.637127,0.6423118,2024-04-17,8
2024-04-17 09:00:00,0.7691301,0.7873474,2024-04-17,9
2024-04-17 10:00:00,0.7254065,0.7384288,2024-04-17,10
2024-04-17 11:00:00,1.038326,1.078962,2024-04-17,11
2024-04-17 12:00:00,0.6720661,0.679095,2024-04-17,12
2024-04-17 13:00:00,0.5837771,0.5852177,2024-04-17,13
2024-04-17 14:00:00,0.3212239,0.3138887,2024-04-17,14
2024-04-17 15:00:00,0.2331395,0.2268955,2024-04-17,15
2024-04-17 16:00:00,0.161921,0.1550915,2024-04-17,16
2024-04-17 17:00:00,0.0564408,0.04028691,2024-04-17,17
2024-04-17 18:00:00,0.0,0.0,2024-04-17,18
2024-04-17 19:00:00,0.0,0.0,2024-04-17,19
2024-04-17 20:00:00,0.0,0.0,2024-04-17,20
2024-04-17 21:00:00,0.0,0.0,2024-04-17,21
2024-04-17 22:00:00,0.0,0.0,2024-04-17,22
2024-04-17 23:00:00,0.0,0.0,2024-04-17,23
2024-04-18 00:00:00,0.0,0.0,2024-04-18,0
2024-04-18 01:00:00,0.0,0.0,2024-04-18,1
2024-04-18 02:00:00,0.0,0.0,2024-04-18,2
2024-04-18 03:00:00,0.0,0.0,2024-04-18,3
2024-04-18 04:00:00,0.0,0.0,2024-04-18,4
2024-04-18 05:00:00,0.04234084,0.03231467,2024-04-18,5
2024-04-18 06:00:00,0.08059573,0.07812557,2024-04-18,6
2024-04-18 07:00:00,0.08056488,0.07825982,2024-04-18,7
2024-04-18 08:00:00,0.1839149,0.1788403,2024-04-18,8
2024-04-18 09:00:00,0.2627553,0.2557226,2024-04-18,9
2024-04-18 10:00:00,0.1404565,0.1365404,2024-04-18,10
2024-04-18 11:00:00,0.1223206,0.1188908,2024-04-18,11
2024-04-18 12:00:00,0.1830017,0.177963,2024-04-18,12
2024-04-18 13:00:00,0.1225867,0.1191524,2024-04-18,13
2024-04-18 14:00:00,0.1596737,0.1552407,2024-04-18,14
2024-04-18 15:00:00,0.1975161,0.192018,2024-04-18,15
2024-04-18 16:00:00,0.1315358,0.1269946,2024-04-18,16
2024-04-18 17:00:00,0.01455779,0.01401785,2024-04-18,17
2024-04-18 18:00:00,0.0,0.0,2024-04-18,18
2024-04-18 19:00:00,0.0,0.0,2024-04-18,19
2024-04-18 20:00:00,0.0,0.0,2024-04-18,20
2024-04-18 21:00:00,0.0,0.0,2024-04-18,21
2024-04-18 22:00:00,0.0,0.0,2024-04-18,22
2024-04-18 23:00:00,0.0,0.0,2024-04-18,23
2024-04-19 00:00:00,0.0,0.0,2024-04-19,0
2024-04-19 01:00:00,0.0,0.0,2024-04-19,1
2024-04-19 02:00:00,0.0,0.0,2024-04-19,2
2024-04-19 03:00:00,0.0,0.0,2024-04-19,3
2024-04-19 04:00:00,0.0,0.0,2024-04-19,4
2024-04-19 05:00:00,0.04435872,0.03372813,2024-04-19,5
2024-04-19 06:00:00,0.2772872,0.2432607,2024-04-19,6
2024-04-19 07:00:00,0.5673808,0.5488955,2024-04-19,7
2024-04-19 08:00:00,0.7556605,0.7596111,2024-04-19,8
2024-04-19 09:00:00,0.8860453,0.9063832,2024-04-19,9
2024-04-19 10:00:00,1.037938,1.071009,2024-04-19,10
2024-04-19 11:00:00,1.005041,1.039181,2024-04-19,11
2024-04-19 12:00:00,1.036464,1.069788,2024-04-19,12
2024-04-19 13:00:00,1.003684,1.028178,2024-04-19,13
2024-04-19 14:00:00,0.792078,0.797536,2024-04-19,14
2024-04-19 15:00:00,0.6011046,0.5835811,2024-04-19,15
2024-04-19 16:00:00,0.2818862,0.2509626,2024-04-19,16
2024-04-19 17:00:00,0.06206656,0.04032118,2024-04-19,17
2024-04-19 18:00:00,0.0,0.0,2024-04-19,18
2024-04-19 19:00:00,0.0,0.0,2024-04-19,19
2024-04-19 20:00:00,0.0,0.0,2024-04-19,20
2024-04-19 21:00:00,0.0,0.0,2024-04-19,21
2024-04-19 22:00:00,0.0,0.0,2024-04-19,22
2024-04-19 23:00:00,0.0,0.0,2024-04-19,23
2024-04-20 00:00:00,0.0,0.0,2024-04-20,0
2024-04-20 01:00:00,0.0,0.0,2024-04-20,1
2024-04-20 02:00:00,0.0,0.0,2024-04-20,2
2024-04-20 03:00:00,0.0,0.0,2024-04-20,3
2024-04-20 04:00:00,0.0,0.0,2024-04-20,4
2024-04-20 05:00:00,0.08598765,0.01298821,2024-04-20,5
2024-04-20 06:00:00,0.2381616,0.2137352,2024-04-20,6
2024-04-20 07:00:00,0.3042136,0.295305,2024-04-20,7
2024-04-20 08:00:00,0.4323273,0.4254732,2024-04-20,8
2024-04-20 09:00:00,0.956849,0.9767072,2024-04-20,9
2024-04-20 10:00:00,0.9967301,1.025818,2024-04-20,10
2024-04-20 11:00:00,0.7510107,0.7618444,2024-04-20,11
2024-04-20 12:00:00,0.8310882,0.849914,2024-04-20,12
2024-04-20 13:00:00,0.855486,0.8728403,2024-04-20,13
2024-04-20 14:00:00,0.3314654,0.3237056,2024-04-20,14
2024-04-20 15:00:00,0.470106,0.4550388,2024-04-20,15
2024-04-20 16:00:00,0.2712224,0.2415107,2024-04-20,16
2024-04-20 17:00:00,0.06069486,0.04135707,2024-04-20,17
2024-04-20 18:00:00,0.0,0.0,2024-04-20,18
2024-04-20 19:00:00,0.0,0.0,2024-04-20,19
2024-04-20 20:00:00,0.0,0.0,2024-04-20,20
2024-04-20 21:00:00,0.0,0.0,2024-04-20,21
2024-04-20 22:00:00,0.0,0.0,2024-04-20,22
2024-04-20 23:00:00,0.0,0.0,2024-04-20,23
2024-04-21 00:00:00,0.0,0.0,2024-04-21,0
2024-04-21 01:00:00,0.0,0.0,2024-04-21,1
2024-04-21 02:00:00,0.0,0.0,2024-04-21,2
2024-04-21 03:00:00,0.0,0.0,2024-04-21,3
2024-04-21 04:00:00,0.0,0.0,2024-04-21,4
2024-04-21 05:00:00,0.06112158,0.03162202,2024-04-21,5
2024-04-21 06:00:00,0.1037694,0.1004356,2024-04-21,6
2024-04-21 07:00:00,0.145125,0.1409661,2024-04-21,7
2024-04-21 08:00:00,0.1440657,0.1400242,2024-04-21,8
2024-04-21 09:00:00,0.5424393,0.5382124,2024-04-21,9
2024-04-21 10:00:00,0.8501835,0.8686716,2024-04-21,10
2024-04-21 11:00:00,0.7141326,0.7201905,2024-04-21,11
2024-04-21 12:00:00,0.5252911,0.5186973,2024-04-21,12
2024-04-21 13:00:00,0.6005576,0.5996847,2024-04-21,13
2024-04-21 14:00:00,0.4975176,0.491691,2024-04-21,14
2024-04-21 15:00:00,0.2949718,0.2863573,2024-04-21,15
2024-04-21 16:00:00,0.2321477,0.2115277,2024-04-21,16
2024-04-21 17:00:00,0.06453813,0.04097008,2024-04-21,17
2024-04-21 18:00:00,0.0,0.0,2024-04-21,18
2024-04-21 19:00:00,0.0,0.0,2024-04-21,19
2024-04-21 20:00:00,0.0,0.0,2024-04-21,20
2024-04-21 21:00:00,0.0,0.0,2024-04-21,21
2024-04-21 22:00:00,0.0,0.0,2024-04-21,22
2024-04-21 23:00:00,0.0,0.0,2024-04-21,23
2024-04-22 00:00:00,0.0,0.0,2024-04-22,0
2024-04-22 01:00:00,0.0,0.0,2024-04-22,1
2024-04-22 02:00:00,0.0,0.0,2024-04-22,2
2024-04-22 03:00:00,0.0,0.0,2024-04-22,3
2024-04-22 04:00:00,0.0,0.0,2024-04-22,4
2024-04-22 05:00:00,0.07162435,0.02674731,2024-04-22,5
2024-04-22 06:00:00,0.1546786,0.1475064,2024-04-22,6
2024-04-22 07:00:00,0.298435,0.2891478,2024-04-22,7
2024-04-22 08:00:00,0.7047352,0.7017418,2024-04-22,8
2024-04-22 09:00:00,0.8709731,0.8839892,2024-04-22,9
2024-04-22 10:00:00,0.9557947,0.9785935,2024-04-22,10
2024-04-22 11:00:00,0.7575946,0.7664883,2024-04-22,11
2024-04-22 12:00:00,0.9518133,0.9745938,2024-04-22,12
2024-04-22 13:00:00,0.8373209,0.8495128,2024-04-22,13
2024-04-22 14:00:00,0.7070113,0.7046946,2024-04-22,14
2024-04-22 15:00:00,0.4159729,0.4008866,2024-04-22,15
2024-04-22 16:00:00,0.2235996,0.2045195,2024-04-22,16
2024-04-22 17:00:00,0.08727604,0.02982444,2024-04-22,17
2024-04-22 18:00:00,0.0,0.0,2024-04-22,18
2024-04-22 19:00:00,0.0,0.0,2024-04-22,19
2024-04-22 20:00:00,0.0,0.0,2024-04-22,20
2024-04-22 21:00:00,0.0,0.0,2024-04-22,21
2024-04-22 22:00:00,0.0,0.0,2024-04-22,22
2024-04-22 23:00:00,0.0,0.0,2024-04-22,23
2024-04-23 00:00:00,0.0,0.0,2024-04-23,0
2024-04-23 01:00:00,0.0,0.0,2024-04-23,1
2024-04-23 02:00:00,0.0,0.0,2024-04-23,2
2024-04-23 03:00:00,0.0,0.0,2024-04-23,3
2024-04-23 04:00:00,0.0,0.0,2024-04-23,4
2024-04-23 05:00:00,0.06771012,0.03298119,2024-04-23,5
2024-04-23 06:00:00,0.3293959,0.2790479,2024-04-23,6
2024-04-23 07:00:00,0.5448328,0.5191122,2024-04-23,7
2024-04-23 08:00:00,0.7612258,0.7561574,2024-04-23,8
2024-04-23 09:00:00,0.8812624,0.8923475,2024-04-23,9
2024-04-23 10:00:00,1.018551,1.041159,2024-04-23,10
2024-04-23 11:00:00,1.025392,1.050925,2024-04-23,11
2024-04-23 12:00:00,0.952956,0.9735569,2024-04-23,12
2024-04-23 13:00:00,0.8260177,0.8356668,2024-04-23,13
2024-04-23 14:00:00,0.7979288,0.7934024,2024-04-23,14
2024-04-23 15:00:00,0.6159576,0.5878671,2024-04-23,15
2024-04-23 16:00:00,0.3845587,0.3272543,2024-04-23,16
2024-04-23 17:00:00,0.1112543,0.02770028,2024-04-23,17
2024-04-23 18:00:00,0.0,0.0,2024-04-23,18
2024-04-23 19:00:00,0.0,0.0,2024-04-23,19
2024-04-23 20:00:00,0.0,0.0,2024-04-23,20
2024-04-23 21:00:00,0.0,0.0,2024-04-23,21
2024-04-23 22:00:00,0.0,0.0,2024-04-23,22
2024-04-23 23:00:00,0.0,0.0,2024-04-23,23
2024-04-24 00:00:00,0.0,0.0,2024-04-24,0
2024-04-24 01:00:00,0.0,0.0,2024-04-24,1
2024-04-24 02:00:00,0.0,0.0,2024-04-24,2
2024-04-24 03:00:00,0.0,0.0,2024-04-24,3
2024-04-24 04:00:00,0.0,0.0,2024-04-24,4
2024-04-24 05:00:00,0.05610634,0.04060346,2024-04-24,5
2024-04-24 06:00:00,0.2675611,0.2324744,2024-04-24,6
2024-04-24 07:00:00,0.4113186,0.3937664,2024-04-24,7
2024-04-24 08:00:00,0.6977206,0.6907508,2024-04-24,8
2024-04-24 09:00:00,0.8954833,0.9046581,2024-04-24,9
2024-04-24 10:00:00,0.8774747,0.8921164,2024-04-24,10
2024-04-24 11:00:00,0.9919875,1.014009,2024-04-24,11
2024-04-24 12:00:00,1.034137,1.054943,2024-04-24,12
2024-04-24 13:00:00,0.9244563,0.9343895,2024-04-24,13
2024-04-24 14:00:00,0.7400237,0.7334497,2024-04-24,14
2024-04-24 15:00:00,0.5373242,0.5111141,2024-04-24,15
2024-04-24 16:00:00,0.2915924,0.2512926,2024-04-24,16
2024-04-24 17:00:00,0.08054547,0.03519905,2024-04-24,17
2024-04-24 18:00:00,0.0,0.0,2024-04-24,18
2024-04-24 19:00:00,0.0,0.0,2024-04-24,19
2024-04-24 20:00:00,0.0,0.0,2024-04-24,20
2024-04-24 21:00:00,0.0,0.0,2024-04-24,21
2024-04-24 22:00:00,0.0,0.0,2024-04-24,22
2024-04-24 23:00:00,0.0,0.0,2024-04-24,23
2024-04-25 00:00:00,0.0,0.0,2024-04-25,0
2024-04-25 01:00:00,0.0,0.0,2024-04-25,1
2024-04-25 02:00:00,0.0,0.0,2024-04-25,2
2024-04-25 03:00:00,0.0,0.0,2024-04-25,3
2024-04-25 04:00:00,0.0,0.0,2024-04-25,4
2024-04-25 05:00:00,0.09048834,0.02333746,2024-04-25,5
2024-04-25 06:00:00,0.2669127,0.2315081,2024-04-25,6
2024-04-25 07:00:00,0.4426105,0.4213716,2024-04-25,7
2024-04-25 08:00:00,0.3611956,0.3524048,2024-04-25,8
2024-04-25 09:00:00,0.3192355,0.3108844,2024-04-25,9
2024-04-25 10:00:00,0.4513744,0.4420039,2024-04-25,10
2024-04-25 11:00:00,0.6463041,0.6435686,2024-04-25,11
2024-04-25 12:00:00,0.7632546,0.7688114,2024-04-25,12
2024-04-25 13:00:00,0.5019,0.4940577,2024-04-25,13
2024-04-25 14:00:00,0.5471663,0.5383483,2024-04-25,14
2024-04-25 15:00:00,0.3187729,0.3076924,2024-04-25,15
2024-04-25 16:00:00,0.1255749,0.1211426,2024-04-25,16
2024-04-25 17:00:00,0.02497849,0.02389491,2024-04-25,17
2024-04-25 18:00:00,0.0,0.0,2024-04-25,18
2024-04-25 19:00:00,0.0,0.0,2024-04-25,19
2024-04-25 20:00:00,0.0,0.0,2024-04-25,20
2024-04-25 21:00:00,0.0,0.0,2024-04-25,21
2024-04-25 22:00:00,0.0,0.0,2024-04-25,22
2024-04-25 23:00:00,0.0,0.0,2024-04-25,23
2024-04-26 00:00:00,0.0,0.0,2024-04-26,0
2024-04-26 01:00:00,0.0,0.0,2024-04-26,1
2024-04-26 02:00:00,0.0,0.0,2024-04-26,2
2024-04-26 03:00:00,0.0,0.0,2024-04-26,3
2024-04-26 04:00:00,0.0,0.0,2024-04-26,4
2024-04-26 05:00:00,0.064858,0.04217582,2024-04-26,5
2024-04-26 06:00:00,0.2505591,0.220195,2024-04-26,6
2024-04-26 07:00:00,0.4491404,0.4261697,2024-04-26,7
2024-04-26 08:00:00,0.5547663,0.5447443,2024-04-26,8
2024-04-26 09:00:00,0.7896152,0.7920533,2024-04-26,9
2024-04-26 10:00:00,1.048831,1.065109,2024-04-26,10
2024-04-26 11:00:00,1.055311,1.07472,2024-04-26,11
2024-04-26 12:00:00,1.010208,1.025806,2024-04-26,12
2024-04-26 13:00:00,0.8871022,0.8919862,2024-04-26,13
2024-04-26 14:00:00,0.7483553,0.737349,2024-04-26,14
2024-04-26 15:00:00,0.5902568,0.5565998,2024-04-26,15
2024-04-26 16:00:00,0.2639542,0.2301392,2024-04-26,16
2024-04-26 17:00:00,0.08061264,0.03723947,2024-04-26,17
2024-04-26 18:00:00,0.0,0.0,2024-04-26,18
2024-04-26 19:00:00,0.0,0.0,2024-04-26,19
2024-04-26 20:00:00,0.0,0.0,2024-04-26,20
2024-04-26 21:00:00,0.0,0.0,2024-04-26,21
2024-04-26 22:00:00,0.0,0.0,2024-04-26,22
2024-04-26 23:00:00,0.0,0.0,2024-04-26,23
2024-04-27 00:00:00,0.0,0.0,2024-04-27,0
2024-04-27 01:00:00,0.0,0.0,2024-04-27,1
2024-04-27 02:00:00,0.0,0.0,2024-04-27,2
2024-04-27 03:00:00,0.0,0.0,2024-04-27,3
2024-04-27 04:00:00,0.0,0.0,2024-04-27,4
2024-04-27 05:00:00,0.05103248,0.04342808,2024-04-27,5
2024-04-27 06:00:00,0.1282127,0.1235213,2024-04-27,6
2024-04-27 07:00:00,0.1496836,0.1453196,2024-04-27,7
2024-04-27 08:00:00,0.2384217,0.231776,2024-04-27,8
2024-04-27 09:00:00,0.4897837,0.4809531,2024-04-27,9
2024-04-27 10:00:00,0.4281958,0.4184515,2024-04-27,10
2024-04-27 11:00:00,0.3514069,0.3422347,2024-04-27,11
2024-04-27 12:00:00,0.5097254,0.5007888,2024-04-27,12
2024-04-27 13:00:00,0.4542638,0.4450215,2024-04-27,13
2024-04-27 14:00:00,0.3589199,0.3498054,2024-04-27,14
2024-04-27 15:00:00,0.4182996,0.3976514,2024-04-27,15
2024-04-27 16:00:00,0.2556357,0.2238466,2024-04-27,16
2024-04-27 17:00:00,0.09181375,0.03101041,2024-04-27,17
2024-04-27 18:00:00,0.0,0.0,2024-04-27,18
2024-04-27 19:00:00,0.0,0.0,2024-04-27,19
2024-04-27 20:00:00,0.0,0.0,2024-04-27,20
2024-04-27 21:00:00,0.0,0.0,2024-04-27,21
2024-04-27 22:00:00,0.0,0.0,2024-04-27,22
2024-04-27 23:00:00,0.0,0.0,2024-04-27,23
2024-04-28 00:00:00,0.0,0.0,2024-04-28,0
2024-04-28 01:00:00,0.0,0.0,2024-04-28,1
2024-04-28 02:00:00,0.0,0.0,2024-04-28,2
2024-04-28 03:00:00,0.0,0.0,2024-04-28,3
2024-04-28 04:00:00,0.0,0.0,2024-04-28,4
2024-04-28 05:00:00,0.04611345,0.04157262,2024-04-28,5
2024-04-28 06:00:00,0.2326249,0.2077882,2024-04-28,6
2024-04-28 07:00:00,0.2070552,0.200849,2024-04-28,7
2024-04-28 08:00:00,0.1405904,0.1365974,2024-04-28,8
2024-04-28 09:00:00,0.6040866,0.597414,2024-04-28,9
2024-04-28 10:00:00,0.8089197,0.8129976,2024-04-28,10
2024-04-28 11:00:00,0.8877482,0.8970048,2024-04-28,11
2024-04-28 12:00:00,1.026469,1.037826,2024-04-28,12
2024-04-28 13:00:00,0.8848763,0.8854501,2024-04-28,13
2024-04-28 14:00:00,0.7632954,0.747745,2024-04-28,14
2024-04-28 15:00:00,0.5970629,0.5586063,2024-04-28,15
2024-04-28 16:00:00,0.2934316,0.2476954,2024-04-28,16
2024-04-28 17:00:00,0.07495205,0.04290656,2024-04-28,17
2024-04-28 18:00:00,0.0,0.0,2024-04-28,18
2024-04-28 19:00:00,0.0,0.0,2024-04-28,19
2024-04-28 20:00:00,0.0,0.0,2024-04-28,20
2024-04-28 21:00:00,0.0,0.0,2024-04-28,21
2024-04-28 22:00:00,0.0,0.0,2024-04-28,22
2024-04-28 23:00:00,0.0,0.0,2024-04-28,23
2024-04-29 00:00:00,0.0,0.0,2024-04-29,0
2024-04-29 01:00:00,0.0,0.0,2024-04-29,1
2024-04-29 02:00:00,0.0,0.0,2024-04-29,2
2024-04-29 03:00:00,0.0,0.0,2024-04-29,3
2024-04-29 04:00:00,0.0,0.0,2024-04-29,4
2024-04-29 05:00:00,0.02323094,0.02226573,2024-04-29,5
2024-04-29 06:00:00,0.1298048,0.1250027,2024-04-29,6
2024-04-29 07:00:00,0.2171486,0.2105297,2024-04-29,7
2024-04-29 08:00:00,0.6746619,0.6590604,2024-04-29,8
2024-04-29 09:00:00,0.5251677,0.5160886,2024-04-29,9
2024-04-29 10:00:00,0.6619429,0.657328,2024-04-29,10
2024-04-29 11:00:00,0.7642657,0.7651724,2024-04-29,11
2024-04-29 12:00:00,0.6668338,0.6624423,2024-04-29,12
2024-04-29 13:00:00,0.5121068,0.5028439,2024-04-29,13
2024-04-29 14:00:00,0.5137792,0.5014494,2024-04-29,14
2024-04-29 15:00:00,0.2211509,0.2143705,2024-04-29,15
2024-04-29 16:00:00,0.207272,0.1898492,2024-04-29,16
2024-04-29 17:00:00,0.05197959,0.04504116,2024-04-29,17
2024-04-29 18:00:00,0.0,0.0,2024-04-29,18
2024-04-29 19:00:00,0.0,0.0,2024-04-29,19
2024-04-29 20:00:00,0.0,0.0,2024-04-29,20
2024-04-29 21:00:00,0.0,0.0,2024-04-29,21
2024-04-29 22:00:00,0.0,0.0,2024-04-29,22
2024-04-29 23:00:00,0.0,0.0,2024-04-29,23
2024-04-30 00:00:00,0.0,0.0,2024-04-30,0
2024-04-30 01:00:00,0.0,0.0,2024-04-30,1
2024-04-30 02:00:00,0.0,0.0,2024-04-30,2
2024-04-30 03:00:00,0.0,0.0,2024-04-30,3
2024-04-30 04:00:00,3.91769e-06,0.0,2024-04-30,4
2024-04-30 05:00:00,0.1215384,0.02712481,2024-04-30,5
2024-04-30 06:00:00,0.3580402,0.2921041,2024-04-30,6
2024-04-30 07:00:00,0.4932602,0.4606747,2024-04-30,7
2024-04-30 08:00:00,0.6909838,0.6733238,2024-04-30,8
2024-04-30 09:00:00,0.8380027,0.8342384,2024-04-30,9
2024-04-30 10:00:00,1.004728,1.011492,2024-04-30,10
2024-04-30 11:00:00,1.172184,1.184341,2024-04-30,11
2024-04-30 12:00:00,1.008895,1.015661,2024-04-30,12
2024-04-30 13:00:00,0.9513814,0.9477792,2024-04-30,13
2024-04-30 14:00:00,0.8274193,0.8059839,2024-04-30,14
2024-04-30 15:00:00,0.5528921,0.5138043,2024-04-30,15
2024-04-30 16:00:00,0.3780672,0.3075095,2024-04-30,16
2024-04-30 17:00:00,0.09758484,0.03050642,2024-04-30,17
2024-04-30 18:00:00,0.0,0.0,2024-04-30,18
2024-04-30 19:00:00,0.0,0.0,2024-04-30,19
2024-04-30 20:00:00,0.0,0.0,2024-04-30,20
2024-04-30 21:00:00,0.0,0.0,2024-04-30,21
2024-04-30 22:00:00,0.0,0.0,2024-04-30,22
2024-04-30 23:00:00,0.0,0.0,2024-04-30,23
2024-05-01 00:00:00,0.0,0.0,2024-05-01,0
2024-05-01 01:00:00,0.0,0.0,2024-05-01,1
2024-05-01 02:00:00,0.0,0.0,2024-05-01,2
2024-05-01 03:00:00,0.0,0.0,2024-05-01,3
2024-05-01 04:00:00,3.58484e-05,0.0,2024-05-01,4
2024-05-01 05:00:00,0.09817147,0.03515619,2024-05-01,5
2024-05-01 06:00:00,0.362305,0.2941134,2024-05-01,6
2024-05-01 07:00:00,0.6094192,0.5642031,2024-05-01,7
2024-05-01 08:00:00,0.7540557,0.7328071,2024-05-01,8
2024-05-01 09:00:00,0.7780053,0.7718982,2024-05-01,9
2024-05-01 10:00:00,0.9293926,0.9329031,2024-05-01,10
2024-05-01 11:00:00,0.9866793,0.9939567,2024-05-01,11
2024-05-01 12:00:00,1.04979,1.054758,2024-05-01,12
2024-05-01 13:00:00,0.8944904,0.8889022,2024-05-01,13
2024-05-01 14:00:00,0.6699153,0.6510373,2024-05-01,14
2024-05-01 15:00:00,0.5334607,0.4944949,2024-05-01,15
2024-05-01 16:00:00,0.316955,0.2598501,2024-05-01,16
2024-05-01 17:00:00,0.1198943,0.02487597,2024-05-01,17
2024-05-01 18:00:00,9.10192e-06,0.0,2024-05-01,18
2024-05-01 19:00:00,0.0,0.0,2024-05-01,19
2024-05-01 20:00:00,0.0,0.0,2024-05-01,20
2024-05-01 21:00:00,0.0,0.0,2024-05-01,21
2024-05-01 22:00:00,0.0,0.0,2024-05-01,22
2024-05-01 23:00:00,0.0,0.0,2024-05-01,23
2024-05-02 00:00:00,0.0,0.0,2024-05-02,0
2024-05-02 01:00:00,0.0,0.0,2024-05-02,1
2024-05-02 02:00:00,0.0,0.0,2024-05-02,2
2024-05-02 03:00:00,0.0,0.0,2024-05-02,3
2024-05-02 04:00:00,9.54832e-05,0.0,2024-05-02,4
2024-05-02 05:00:00,0.04364099,0.04082955,2024-05-02,5
2024-05-02 06:00:00,0.1269773,0.1223739,2024-05-02,6
2024-05-02 07:00:00,0.1846354,0.1791138,2024-05-02,7
2024-05-02 08:00:00,0.4553946,0.4427812,2024-05-02,8
2024-05-02 09:00:00,0.6623141,0.6533504,2024-05-02,9
2024-05-02 10:00:00,0.9445323,0.9464726,2024-05-02,10
2024-05-02 11:00:00,0.616229,0.6080062,2024-05-02,11
2024-05-02 12:00:00,0.7749657,0.7721183,2024-05-02,12
2024-05-02 13:00:00,0.7091281,0.7006685,2024-05-02,13
2024-05-02 14:00:00,0.6827075,0.6617308,2024-05-02,14
2024-05-02 15:00:00,0.4447837,0.4156945,2024-05-02,15
2024-05-02 16:00:00,0.2516415,0.2183288,2024-05-02,16
2024-05-02 17:00:00,0.1056083,0.02806384,2024-05-02,17
2024-05-02 18:00:00,3.14579e-05,0.0,2024-05-02,18
2024-05-02 19:00:00,0.0,0.0,2024-05-02,19
2024-05-02 20:00:00,0.0,0.0,2024-05-02,20
2024-05-02 21:00:00,0.0,0.0,2024-05-02,21
2024-05-02 22:00:00,0.0,0.0,2024-05-02,22
2024-05-02 23:00:00,0.0,0.0,2024-05-02,23
2024-05-03 00:00:00,0.0,0.0,2024-05-03,0
2024-05-03 01:00:00,0.0,0.0,2024-05-03,1
2024-05-03 02:00:00,0.0,0.0,2024-05-03,2
2024-05-03 03:00:00,0.0,0.0,2024-05-03,3
2024-05-03 04:00:00,0.0002432,0.0,2024-05-03,4
2024-05-03 05:00:00,0.1005689,0.03873334,2024-05-03,5
2024-05-03 06:00:00,0.1565462,0.1491771,2024-05-03,6
2024-05-03 07:00:00,0.3861451,0.3649983,2024-05-03,7
2024-05-03 08:00:00,0.3332134,0.3238768,2024-05-03,8
2024-05-03 09:00:00,0.298964,0.2907522,2024-05-03,9
2024-05-03 10:00:00,0.329108,0.3202098,2024-05-03,10
2024-05-03 11:00:00,0.1756975,0.1707617,2024-05-03,11
2024-05-03 12:00:00,0.4590649,0.4485158,2024-05-03,12
2024-05-03 13:00:00,0.4593494,0.4487066,2024-05-03,13
2024-05-03 14:00:00,0.56643,0.5488582,2024-05-03,14
2024-05-03 15:00:00,0.3622219,0.3436953,2024-05-03,15
2024-05-03 16:00:00,0.2543082,0.2194629,2024-05-03,16
2024-05-03 17:00:00,0.08047296,0.04584211,2024-05-03,17
2024-05-03 18:00:00,4.14852e-05,0.0,2024-05-03,18
2024-05-03 19:00:00,0.0,0.0,2024-05-03,19
2024-05-03 20:00:00,0.0,0.0,2024-05-03,20
2024-05-03 21:00:00,0.0,0.0,2024-05-03,21
2024-05-03 22:00:00,0.0,0.0,2024-05-03,22
2024-05-03 23:00:00,0.0,0.0,2024-05-03,23
2024-05-04 00:00:00,0.0,0.0,2024-05-04,0
2024-05-04 01:00:00,0.0,0.0,2024-05-04,1
2024-05-04 02:00:00,0.0,0.0,2024-05-04,2
2024-05-04 03:00:00,0.0,0.0,2024-05-04,3
2024-05-04 04:00:00,0.000280486,0.0,2024-05-04,4
2024-05-04 05:00:00,0.06660957,0.0535165,2024-05-04,5
2024-05-04 06:00:00,0.2321911,0.206901,2024-05-04,6
2024-05-04 07:00:00,0.2233601,0.2162895,2024-05-04,7
2024-05-04 08:00:00,0.238122,0.2313408,2024-05-04,8
2024-05-04 09:00:00,0.3754033,0.365606,2024-05-04,9
2024-05-04 10:00:00,0.6403316,0.6315043,2024-05-04,10
2024-05-04 11:00:00,0.7059084,0.6993244,2024-05-04,11
2024-05-04 12:00:00,0.4577523,0.4470685,2024-05-04,12
2024-05-04 13:00:00,0.2158756,0.2098098,2024-05-04,13
2024-05-04 14:00:00,0.1702675,0.1653967,2024-05-04,14
2024-05-04 15:00:00,0.151561,0.1470591,2024-05-04,15
2024-05-04 16:00:00,0.1952956,0.1801843,2024-05-04,16
2024-05-04 17:00:00,0.01770614,0.01703735,2024-05-04,17
2024-05-04 18:00:00,4.84158e-05,0.0,2024-05-04,18
2024-05-04 19:00:00,0.0,0.0,2024-05-04,19
2024-05-04 20:00:00,0.0,0.0,2024-05-04,20
2024-05-04 21:00:00,0.0,0.0,2024-05-04,21
2024-05-04 22:00:00,0.0,0.0,2024-05-04,22
2024-05-04 23:00:00,0.0,0.0,2024-05-04,23
2024-05-05 00:00:00,0.0,0.0,2024-05-05,0
2024-05-05 01:00:00,0.0,0.0,2024-05-05,1
2024-05-05 02:00:00,0.0,0.0,2024-05-05,2
2024-05-05 03:00:00,0.0,0.0,2024-05-05,3
2024-05-05 04:00:00,0.000493218,0.0,2024-05-05,4
2024-05-05 05:00:00,0.08189416,0.05350215,2024-05-05,5
2024-05-05 06:00:00,0.2766474,0.2337613,2024-05-05,6
2024-05-05 07:00:00,0.3465206,0.3295875,2024-05-05,7
2024-05-05 08:00:00,0.5127723,0.4963362,2024-05-05,8
2024-05-05 09:00:00,0.3737947,0.3639493,2024-05-05,9
2024-05-05 10:00:00,0.2391592,0.2324885,2024-05-05,10
2024-05-05 11:00:00,0.5515401,0.5408964,2024-05-05,11
2024-05-05 12:00:00,0.1942904,0.1888325,2024-05-05,12
2024-05-05 13:00:00,0.528278,0.5166504,2024-05-05,13
2024-05-05 14:00:00,0.4775192,0.462486,2024-05-05,14
2024-05-05 15:00:00,0.3316168,0.3159748,2024-05-05,15
2024-05-05 16:00:00,0.2484961,0.2151628,2024-05-05,16
2024-05-05 17:00:00,0.08426164,0.04622857,2024-05-05,17
2024-05-05 18:00:00,0.00015861,0.0,2024-05-05,18
2024-05-05 19:00:00,0.0,0.0,2024-05-05,19
2024-05-05 20:00:00,0.0,0.0,2024-05-05,20
2024-05-05 21:00:00,0.0,0.0,2024-05-05,21
2024-05-05 22:00:00,0.0,0.0,2024-05-05,22
2024-05-05 23:00:00,0.0,0.0,2024-05-05,23
2024-05-06 00:00:00,0.0,0.0,2024-05-06,0
2024-05-06 01:00:00,0.0,0.0,2024-05-06,1
2024-05-06 02:00:00,0.0,0.0,2024-05-06,2
2024-05-06 03:00:00,0.0,0.0,2024-05-06,3
2024-05-06 04:00:00,0.000603953,0.0,2024-05-06,4
2024-05-06 05:00:00,0.09977438,0.04623526,2024-05-06,5
2024-05-06 06:00:00,0.1651897,0.1566664,2024-05-06,6
2024-05-06 07:00:00,0.2265963,0.2193018,2024-05-06,7
2024-05-06 08:00:00,0.3066848,0.2978892,2024-05-06,8
2024-05-06 09:00:00,0.4939698,0.4823161,2024-05-06,9
2024-05-06 10:00:00,0.3949625,0.3847298,2024-05-06,10
2024-05-06 11:00:00,0.4712764,0.4602319,2024-05-06,11
2024-05-06 12:00:00,0.6772656,0.667823,2024-05-06,12
2024-05-06 13:00:00,0.3560057,0.3464335,2024-05-06,13
2024-05-06 14:00:00,0.4877685,0.4716981,2024-05-06,14
2024-05-06 15:00:00,0.444147,0.4111658,2024-05-06,15
2024-05-06 16:00:00,0.2515728,0.2166059,2024-05-06,16
2024-05-06 17:00:00,0.06904887,0.05224257,2024-05-06,17
2024-05-06 18:00:00,8.31866e-05,0.0,2024-05-06,18
2024-05-06 19:00:00,0.0,0.0,2024-05-06,19
2024-05-06 20:00:00,0.0,0.0,2024-05-06,20
2024-05-06 21:00:00,0.0,0.0,2024-05-06,21
2024-05-06 22:00:00,0.0,0.0,2024-05-06,22
2024-05-06 23:00:00,0.0,0.0,2024-05-06,23
2024-05-07 00:00:00,0.0,0.0,2024-05-07,0
2024-05-07 01:00:00,0.0,0.0,2024-05-07,1
2024-05-07 02:00:00,0.0,0.0,2024-05-07,2
2024-05-07 03:00:00,0.0,0.0,2024-05-07,3
2024-05-07 04:00:00,0.000612638,0.0,2024-05-07,4
2024-05-07 05:00:00,0.09511886,0.05110865,2024-05-07,5
2024-05-07 06:00:00,0.06005187,0.05818696,2024-05-07,6
2024-05-07 07:00:00,0.3816836,0.3592526,2024-05-07,7
2024-05-07 08:00:00,0.6170298,0.5929651,2024-05-07,8
2024-05-07 09:00:00,0.6349611,0.621585,2024-05-07,9
2024-05-07 10:00:00,0.4522966,0.441267,2024-05-07,10
2024-05-07 11:00:00,0.4643888,0.4532618,2024-05-07,11
2024-05-07 12:00:00,0.4206958,0.4100238,2024-05-07,12
2024-05-07 13:00:00,0.5094857,0.4972984,2024-05-07,13
2024-05-07 14:00:00,0.3980814,0.3858837,2024-05-07,14
2024-05-07 15:00:00,0.4981677,0.4550364,2024-05-07,15
2024-05-07 16:00:00,0.3391795,0.2675128,2024-05-07,16
2024-05-07 17:00:00,0.1152068,0.02821033,2024-05-07,17
2024-05-07 18:00:00,0.000327204,0.0,2024-05-07,18
2024-05-07 19:00:00,0.0,0.0,2024-05-07,19
2024-05-07 20:00:00,0.0,0.0,2024-05-07,20
2024-05-07 21:00:00,0.0,0.0,2024-05-07,21
2024-05-07 22:00:00,0.0,0.0,2024-05-07,22
2024-05-07 23:00:00,0.0,0.0,2024-05-07,23
2024-05-08 00:00:00,0.0,0.0,2024-05-08,0
2024-05-08 01:00:00,0.0,0.0,2024-05-08,1
2024-05-08 02:00:00,0.0,0.0,2024-05-08,2
2024-05-08 03:00:00,0.0,0.0,2024-05-08,3
2024-05-08 04:00:00,0.000797308,0.0,2024-05-08,4
2024-05-08 05:00:00,0.03271062,0.03129027,2024-05-08,5
2024-05-08 06:00:00,0.09987377,0.0965929,2024-05-08,6
2024-05-08 07:00:00,0.1411593,0.1369507,2024-05-08,7
2024-05-08 08:00:00,0.0861154,0.08363117,2024-05-08,8
2024-05-08 09:00:00,0.04778796,0.04640882,2024-05-08,9
2024-05-08 10:00:00,0.007953008,0.007721294,2024-05-08,10
2024-05-08 11:00:00,0.03899226,0.03786588,2024-05-08,11
2024-05-08 12:00:00,0.03891915,0.03779474,2024-05-08,12
2024-05-08 13:00:00,0.2666604,0.2591647,2024-05-08,13
2024-05-08 14:00:00,0.1202572,0.1167917,2024-05-08,14
2024-05-08 15:00:00,0.1760761,0.1707355,2024-05-08,15
2024-05-08 16:00:00,0.08807893,0.08521289,2024-05-08,16
2024-05-08 17:00:00,0.06168774,0.0521782,2024-05-08,17
2024-05-08 18:00:00,0.000299365,0.0,2024-05-08,18
2024-05-08 19:00:00,0.0,0.0,2024-05-08,19
2024-05-08 20:00:00,0.0,0.0,2024-05-08,20
2024-05-08 21:00:00,0.0,0.0,2024-05-08,21
2024-05-08 22:00:00,0.0,0.0,2024-05-08,22
2024-05-08 23:00:00,0.0,0.0,2024-05-08,23
2024-05-09 00:00:00,0.0,0.0,2024-05-09,0
2024-05-09 01:00:00,0.0,0.0,2024-05-09,1
2024-05-09 02:00:00,0.0,0.0,2024-05-09,2
2024-05-09 03:00:00,0.0,0.0,2024-05-09,3
2024-05-09 04:00:00,0.000715602,0.0,2024-05-09,4
2024-05-09 05:00:00,0.06191066,0.05480855,2024-05-09,5
2024-05-09 06:00:00,0.1866993,0.1743235,2024-05-09,6
2024-05-09 07:00:00,0.479126,0.4386354,2024-05-09,7
2024-05-09 08:00:00,0.6931788,0.6616423,2024-05-09,8
2024-05-09 09:00:00,0.6734328,0.6578847,2024-05-09,9
2024-05-09 10:00:00,0.6856851,0.6742396,2024-05-09,10
2024-05-09 11:00:00,1.052424,1.044941,2024-05-09,11
2024-05-09 12:00:00,1.009552,0.9985674,2024-05-09,12
2024-05-09 13:00:00,0.9334452,0.9119241,2024-05-09,13
2024-05-09 14:00:00,0.8360147,0.7955392,2024-05-09,14
2024-05-09 15:00:00,0.6299035,0.5669102,2024-05-09,15
2024-05-09 16:00:00,0.3304409,0.259735,2024-05-09,16
2024-05-09 17:00:00,0.1113729,0.03277015,2024-05-09,17
2024-05-09 18:00:00,0.000492684,0.0,2024-05-09,18
2024-05-09 19:00:00,0.0,0.0,2024-05-09,19
2024-05-09 20:00:00,0.0,0.0,2024-05-09,20
2024-05-09 21:00:00,0.0,0.0,2024-05-09,21
2024-05-09 22:00:00,0.0,0.0,2024-05-09,22
2024-05-09 23:00:00,0.0,0.0,2024-05-09,23
2024-05-10 00:00:00,0.0,0.0,2024-05-10,0
2024-05-10 01:00:00,0.0,0.0,2024-05-10,1
2024-05-10 02:00:00,0.0,0.0,2024-05-10,2
2024-05-10 03:00:00,0.0,0.0,2024-05-10,3
2024-05-10 04:00:00,0.000933225,0.0,2024-05-10,4
2024-05-10 05:00:00,0.09963804,0.05401726,2024-05-10,5
2024-05-10 06:00:00,0.2135026,0.1941507,2024-05-10,6
2024-05-10 07:00:00,0.4287943,0.3967918,2024-05-10,7
2024-05-10 08:00:00,0.7672916,0.7297192,2024-05-10,8
2024-05-10 09:00:00,0.8768604,0.8555652,2024-05-10,9
2024-05-10 10:00:00,0.9078164,0.8960578,2024-05-10,10
2024-05-10 11:00:00,0.7903655,0.7802742,2024-05-10,11
2024-05-10 12:00:00,0.9473678,0.935156,2024-05-10,12
2024-05-10 13:00:00,0.8246916,0.804154,2024-05-10,13
2024-05-10 14:00:00,0.6649107,0.6330618,2024-05-10,14
2024-05-10 15:00:00,0.4441185,0.4076623,2024-05-10,15
2024-05-10 16:00:00,0.2048,0.1865048,2024-05-10,16
2024-05-10 17:00:00,0.07034105,0.05508076,2024-05-10,17
2024-05-10 18:00:00,0.000381231,0.0,2024-05-10,18
2024-05-10 19:00:00,0.0,0.0,2024-05-10,19
2024-05-10 20:00:00,0.0,0.0,2024-05-10,20
2024-05-10 21:00:00,0.0,0.0,2024-05-10,21
2024-05-10 22:00:00,0.0,0.0,2024-05-10,22
2024-05-10 23:00:00,0.0,0.0,2024-05-10,23
2024-05-11 00:00:00,0.0,0.0,2024-05-11,0
2024-05-11 01:00:00,0.0,0.0,2024-05-11,1
2024-05-11 02:00:00,0.0,0.0,2024-05-11,2
2024-05-11 03:00:00,0.0,0.0,2024-05-11,3
2024-05-11 04:00:00,0.001739175,0.0,2024-05-11,4
2024-05-11 05:00:00,0.1179582,0.04457055,2024-05-11,5
2024-05-11 06:00:00,0.3066196,0.2483513,2024-05-11,6
2024-05-11 07:00:00,0.5477411,0.493496,2024-05-11,7
2024-05-11 08:00:00,0.7781823,0.7383845,2024-05-11,8
2024-05-11 09:00:00,1.016264,0.9896526,2024-05-11,9
2024-05-11 10:00:00,1.070151,1.055145,2024-05-11,10
2024-05-11 11:00:00,0.9166595,0.9061708,2024-05-11,11
2024-05-11 12:00:00,1.044479,1.029489,2024-05-11,12
2024-05-11 13:00:00,0.9103166,0.8858721,2024-05-11,13
2024-05-11 14:00:00,0.698366,0.6626575,2024-05-11,14
2024-05-11 15:00:00,0.5255817,0.4729086,2024-05-11,15
2024-05-11 16:00:00,0.3025803,0.2421059,2024-05-11,16
2024-05-11 17:00:00,0.0853257,0.05324044,2024-05-11,17
2024-05-11 18:00:00,0.000846831,0.0,2024-05-11,18
2024-05-11 19:00:00,0.0,0.0,2024-05-11,19
2024-05-11 20:00:00,0.0,0.0,2024-05-11,20
2024-05-11 21:00:00,0.0,0.0,2024-05-11,21
2024-05-11 22:00:00,0.0,0.0,2024-05-11,22
2024-05-11 23:00:00,0.0,0.0,2024-05-11,23
2024-05-12 00:00:00,0.0,0.0,2024-05-12,0
2024-05-12 01:00:00,0.0,0.0,2024-05-12,1
2024-05-12 02:00:00,0.0,0.0,2024-05-12,2
2024-05-12 03:00:00,0.0,0.0,2024-05-12,3
2024-05-12 04:00:00,0.001073274,0.0,2024-05-12,4
2024-05-12 05:00:00,0.01040551,0.01006398,2024-05-12,5
2024-05-12 06:00:00,0.1352269,0.1300388,2024-05-12,6
2024-05-12 07:00:00,0.145335,0.1409659,2024-05-12,7
2024-05-12 08:00:00,0.2403196,0.2333403,2024-05-12,8
2024-05-12 09:00:00,0.4061545,0.395048,2024-05-12,9
2024-05-12 10:00:00,0.350706,0.3410842,2024-05-12,10
2024-05-12 11:00:00,0.5342806,0.5219055,2024-05-12,11
2024-05-12 12:00:00,0.3014652,0.2930476,2024-05-12,12
2024-05-12 13:00:00,0.1590659,0.154524,2024-05-12,13
2024-05-12 14:00:00,0.05128875,0.04980265,2024-05-12,14
2024-05-12 15:00:00,0.06696813,0.06499745,2024-05-12,15
2024-05-12 16:00:00,0.1797748,0.1679199,2024-05-12,16
2024-05-12 17:00:00,0.05017193,0.04660778,2024-05-12,17
2024-05-12 18:00:00,0.000197415,0.0,2024-05-12,18
2024-05-12 19:00:00,0.0,0.0,2024-05-12,19
2024-05-12 20:00:00,0.0,0.0,2024-05-12,20
2024-05-12 21:00:00,0.0,0.0,2024-05-12,21
2024-05-12 22:00:00,0.0,0.0,2024-05-12,22
2024-05-12 23:00:00,0.0,0.0,2024-05-12,23
2024-05-13 00:00:00,0.0,0.0,2024-05-13,0
2024-05-13 01:00:00,0.0,0.0,2024-05-13,1
2024-05-13 02:00:00,0.0,0.0,2024-05-13,2
2024-05-13 03:00:00,0.0,0.0,2024-05-13,3
2024-05-13 04:00:00,0.003036104,0.0,2024-05-13,4
2024-05-13 05:00:00,0.1159645,0.04904918,2024-05-13,5
2024-05-13 06:00:00,0.2730068,0.2297312,2024-05-13,6
2024-05-13 07:00:00,0.3380888,0.3201834,2024-05-13,7
2024-05-13 08:00:00,0.4817402,0.4631456,2024-05-13,8
2024-05-13 09:00:00,0.7967822,0.7735236,2024-05-13,9
2024-05-13 10:00:00,0.8090765,0.7940142,2024-05-13,10
2024-05-13 11:00:00,1.033034,1.018774,2024-05-13,11
2024-05-13 12:00:00,0.8666096,0.8507465,2024-05-13,12
2024-05-13 13:00:00,0.5381941,0.5233403,2024-05-13,13
2024-05-13 14:00:00,0.5598962,0.5340378,2024-05-13,14
2024-05-13 15:00:00,0.3428029,0.3233755,2024-05-13,15
2024-05-13 16:00:00,0.1652516,0.1561548,2024-05-13,16
2024-05-13 17:00:00,0.03914746,0.03726336,2024-05-13,17
2024-05-13 18:00:00,0.000495151,0.0,2024-05-13,18
2024-05-13 19:00:00,0.0,0.0,2024-05-13,19
2024-05-13 20:00:00,0.0,0.0,2024-05-13,20
2024-05-13 21:00:00,0.0,0.0,2024-05-13,21
2024-05-13 22:00:00,0.0,0.0,2024-05-13,22
2024-05-13 23:00:00,0.0,0.0,2024-05-13,23
2024-05-14 00:00:00,0.0,0.0,2024-05-14,0
2024-05-14 01:00:00,0.0,0.0,2024-05-14,1
2024-05-14 02:00:00,0.0,0.0,2024-05-14,2
2024-05-14 03:00:00,0.0,0.0,2024-05-14,3
2024-05-14 04:00:00,0.001989452,0.0,2024-05-14,4
2024-05-14 05:00:00,0.06986624,0.06045235,2024-05-14,5
2024-05-14 06:00:00,0.2484948,0.2160685,2024-05-14,6
2024-05-14 07:00:00,0.5289512,0.4742785,2024-05-14,7
2024-05-14 08:00:00,0.5874598,0.5590772,2024-05-14,8
2024-05-14 09:00:00,0.7891305,0.7649112,2024-05-14,9
2024-05-14 10:00:00,1.089568,1.068879,2024-05-14,10
2024-05-14 11:00:00,0.7254461,0.7116635,2024-05-14,11
2024-05-14 12:00:00,0.7321448,0.7167321,2024-05-14,12
2024-05-14 13:00:00,0.8359956,0.8093594,2024-05-14,13
2024-05-14 14:00:00,0.7629758,0.7182629,2024-05-14,14
2024-05-14 15:00:00,0.4886062,0.4396353,2024-05-14,15
2024-05-14 16:00:00,0.2217756,0.1974907,2024-05-14,16
2024-05-14 17:00:00,0.0663218,0.05633038,2024-05-14,17
2024-05-14 18:00:00,0.000854071,0.0,2024-05-14,18
2024-05-14 19:00:00,0.0,0.0,2024-05-14,19
2024-05-14 20:00:00,0.0,0.0,2024-05-14,20
2024-05-14 21:00:00,0.0,0.0,2024-05-14,21
2024-05-14 22:00:00,0.0,0.0,2024-05-14,22
2024-05-14 23:00:00,0.0,0.0,2024-05-14,23
2024-05-15 00:00:00,0.0,0.0,2024-05-15,0
2024-05-15 01:00:00,0.0,0.0,2024-05-15,1
2024-05-15 02:00:00,0.0,0.0,2024-05-15,2
2024-05-15 03:00:00,0.0,0.0,2024-05-15,3
2024-05-15 04:00:00,0.002050912,0.0,2024-05-15,4
2024-05-15 05:00:00,0.02272282,0.02187078,2024-05-15,5
2024-05-15 06:00:00,0.03720313,0.03607377,2024-05-15,6
2024-05-15 07:00:00,0.1419562,0.1376731,2024-05-15,7
2024-05-15 08:00:00,0.2051757,0.1992036,2024-05-15,8
2024-05-15 09:00:00,0.2816442,0.2736424,2024-05-15,9
2024-05-15 10:00:00,0.2771353,0.2693298,2024-05-15,10
2024-05-15 11:00:00,0.2439132,0.2370374,2024-05-15,11
2024-05-15 12:00:00,0.1627222,0.1580888,2024-05-15,12
2024-05-15 13:00:00,0.09687597,0.09408959,2024-05-15,13
2024-05-15 14:00:00,0.07863416,0.07635443,2024-05-15,14
2024-05-15 15:00:00,0.09830894,0.0953811,2024-05-15,15
2024-05-15 16:00:00,0.08697459,0.08411637,2024-05-15,16
2024-05-15 17:00:00,0.01983,0.01908579,2024-05-15,17
2024-05-15 18:00:00,0.000262301,0.0,2024-05-15,18
2024-05-15 19:00:00,0.0,0.0,2024-05-15,19
2024-05-15 20:00:00,0.0,0.0,2024-05-15,20
2024-05-15 21:00:00,0.0,0.0,2024-05-15,21
2024-05-15 22:00:00,0.0,0.0,2024-05-15,22
2024-05-15 23:00:00,0.0,0.0,2024-05-15,23
2024-05-16 00:00:00,0.0,0.0,2024-05-16,0
2024-05-16 01:00:00,0.0,0.0,2024-05-16,1
2024-05-16 02:00:00,0.0,0.0,2024-05-16,2
2024-05-16 03:00:00,0.0,0.0,2024-05-16,3
2024-05-16 04:00:00,0.003966502,0.0,2024-05-16,4
2024-05-16 05:00:00,0.1460081,0.03891056,2024-05-16,5
2024-05-16 06:00:00,0.2765712,0.2309262,2024-05-16,6
2024-05-16 07:00:00,0.333178,0.3153604,2024-05-16,7
2024-05-16 08:00:00,0.1697372,0.164801,2024-05-16,8
2024-05-16 09:00:00,0.1560607,0.1515894,2024-05-16,9
2024-05-16 10:00:00,0.2422794,0.2354263,2024-05-16,10
2024-05-16 11:00:00,0.1875415,0.1822189,2024-05-16,11
2024-05-16 12:00:00,0.3126624,0.3038923,2024-05-16,12
2024-05-16 13:00:00,0.4045253,0.3930664,2024-05-16,13
2024-05-16 14:00:00,0.2328912,0.2260677,2024-05-16,14
2024-05-16 15:00:00,0.3133534,0.2975917,2024-05-16,15
2024-05-16 16:00:00,0.2733607,0.225469,2024-05-16,16
2024-05-16 17:00:00,0.03933087,0.03746815,2024-05-16,17
2024-05-16 18:00:00,0.000481115,0.0,2024-05-16,18
2024-05-16 19:00:00,0.0,0.0,2024-05-16,19
2024-05-16 20:00:00,0.0,0.0,2024-05-16,20
2024-05-16 21:00:00,0.0,0.0,2024-05-16,21
2024-05-16 22:00:00,0.0,0.0,2024-05-16,22
2024-05-16 23:00:00,0.0,0.0,2024-05-16,23
2024-05-17 00:00:00,0.0,0.0,2024-05-17,0
2024-05-17 01:00:00,0.0,0.0,2024-05-17,1
2024-05-17 02:00:00,0.0,0.0,2024-05-17,2
2024-05-17 03:00:00,0.0,0.0,2024-05-17,3
2024-05-17 04:00:00,0.000992579,0.0,2024-05-17,4
2024-05-17 05:00:00,0.02452461,0.0235915,2024-05-17,5
2024-05-17 06:00:00,0.09191077,0.08888597,2024-05-17,6
2024-05-17 07:00:00,0.2216455,0.2142778,2024-05-17,7
2024-05-17 08:00:00,0.2146911,0.2084182,2024-05-17,8
2024-05-17 09:00:00,0.598462,0.5799366,2024-05-17,9
2024-05-17 10:00:00,0.2152137,0.2091058,2024-05-17,10
2024-05-17 11:00:00,0.3430505,0.3335118,2024-05-17,11
2024-05-17 12:00:00,0.4768611,0.4642507,2024-05-17,12
2024-05-17 13:00:00,0.790184,0.7617857,2024-05-17,13
2024-05-17 14:00:00,0.5558097,0.5276198,2024-05-17,14
2024-05-17 15:00:00,0.2823718,0.2701736,2024-05-17,15
2024-05-17 16:00:00,0.1074692,0.1037922,2024-05-17,16
2024-05-17 17:00:00,0.02642393,0.02535602,2024-05-17,17
2024-05-17 18:00:00,0.000423017,0.0,2024-05-17,18
2024-05-17 19:00:00,0.0,0.0,2024-05-17,19
2024-05-17 20:00:00,0.0,0.0,2024-05-17,20
2024-05-17 21:00:00,0.0,0.0,2024-05-17,21
2024-05-17 22:00:00,0.0,0.0,2024-05-17,22
2024-05-17 23:00:00,0.0,0.0,2024-05-17,23
2024-05-18 00:00:00,0.0,0.0,2024-05-18,0
2024-05-18 01:00:00,0.0,0.0,2024-05-18,1
2024-05-18 02:00:00,0.0,0.0,2024-05-18,2
2024-05-18 03:00:00,0.0,0.0,2024-05-18,3
2024-05-18 04:00:00,0.003113867,0.0,2024-05-18,4
2024-05-18 05:00:00,0.04989886,0.04728874,2024-05-18,5
2024-05-18 06:00:00,0.1743768,0.1644035,2024-05-18,6
2024-05-18 07:00:00,0.3701843,0.3457621,2024-05-18,7
2024-05-18 08:00:00,0.5682555,0.5389056,2024-05-18,8
2024-05-18 09:00:00,0.5030649,0.4881289,2024-05-18,9
2024-05-18 10:00:00,0.5121598,0.4986945,2024-05-18,10
2024-05-18 11:00:00,0.5230339,0.5096962,2024-05-18,11
2024-05-18 12:00:00,0.3496324,0.3398766,2024-05-18,12
2024-05-18 13:00:00,0.3473714,0.3374583,2024-05-18,13
2024-05-18 14:00:00,0.5303199,0.5043283,2024-05-18,14
2024-05-18 15:00:00,0.3029154,0.2882616,2024-05-18,15
2024-05-18 16:00:00,0.14534,0.1389783,2024-05-18,16
2024-05-18 17:00:00,0.02218263,0.02133431,2024-05-18,17
2024-05-18 18:00:00,0.00050126,0.0,2024-05-18,18
2024-05-18 19:00:00,0.0,0.0,2024-05-18,19
2024-05-18 20:00:00,0.0,0.0,2024-05-18,20
2024-05-18 21:00:00,0.0,0.0,2024-05-18,21
2024-05-18 22:00:00,0.0,0.0,2024-05-18,22
2024-05-18 23:00:00,0.0,0.0,2024-05-18,23
2024-05-19 00:00:00,0.0,0.0,2024-05-19,0
2024-05-19 01:00:00,0.0,0.0,2024-05-19,1
2024-05-19 02:00:00,0.0,0.0,2024-05-19,2
2024-05-19 03:00:00,0.0,0.0,2024-05-19,3
2024-05-19 04:00:00,0.004236976,0.0,2024-05-19,4
2024-05-19 05:00:00,0.1203094,0.05416819,2024-05-19,5
2024-05-19 06:00:00,0.2069688,0.189359,2024-05-19,6
2024-05-19 07:00:00,0.2878449,0.2753043,2024-05-19,7
2024-05-19 08:00:00,0.6074635,0.5729331,2024-05-19,8
2024-05-19 09:00:00,0.6852466,0.6611353,2024-05-19,9
2024-05-19 10:00:00,1.033447,1.006021,2024-05-19,10
2024-05-19 11:00:00,0.816511,0.797731,2024-05-19,11
2024-05-19 12:00:00,0.5507481,0.5361919,2024-05-19,12
2024-05-19 13:00:00,0.5800397,0.5612257,2024-05-19,13
2024-05-19 14:00:00,0.3205275,0.3104544,2024-05-19,14
2024-05-19 15:00:00,0.2797232,0.2676534,2024-05-19,15
2024-05-19 16:00:00,0.2616927,0.219389,2024-05-19,16
2024-05-19 17:00:00,0.08534328,0.06159101,2024-05-19,17
2024-05-19 18:00:00,0.001090571,0.0,2024-05-19,18
2024-05-19 19:00:00,0.0,0.0,2024-05-19,19
2024-05-19 20:00:00,0.0,0.0,2024-05-19,20
2024-05-19 21:00:00,0.0,0.0,2024-05-19,21
2024-05-19 22:00:00,0.0,0.0,2024-05-19,22
2024-05-19 23:00:00,0.0,0.0,2024-05-19,23
2024-05-20 00:00:00,0.0,0.0,2024-05-20,0
2024-05-20 01:00:00,0.0,0.0,2024-05-20,1
2024-05-20 02:00:00,0.0,0.0,2024-05-20,2
2024-05-20 03:00:00,0.0,0.0,2024-05-20,3
2024-05-20 04:00:00,0.003667114,0.0,2024-05-20,4
2024-05-20 05:00:00,0.04296634,0.04099982,2024-05-20,5
2024-05-20 06:00:00,0.1453088,0.1392313,2024-05-20,6
2024-05-20 07:00:00,0.2566096,0.2468713,2024-05-20,7
2024-05-20 08:00:00,0.3029607,0.2936573,2024-05-20,8
2024-05-20 09:00:00,0.1951816,0.1895787,2024-05-20,9
2024-05-20 10:00:00,0.4794314,0.4664332,2024-05-20,10
2024-05-20 11:00:00,0.618669,0.6031391,2024-05-20,11
2024-05-20 12:00:00,0.5468471,0.5321656,2024-05-20,12
2024-05-20 13:00:00,0.6519129,0.6286536,2024-05-20,13
2024-05-20 14:00:00,0.3663143,0.3538181,2024-05-20,14
2024-05-20 15:00:00,0.1338517,0.129787,2024-05-20,15
2024-05-20 16:00:00,0.1949701,0.1794642,2024-05-20,16
2024-05-20 17:00:00,0.0690506,0.05974096,2024-05-20,17
2024-05-20 18:00:00,0.001622541,0.0,2024-05-20,18
2024-05-20 19:00:00,0.0,0.0,2024-05-20,19
2024-05-20 20:00:00,0.0,0.0,2024-05-20,20
2024-05-20 21:00:00,0.0,0.0,2024-05-20,21
2024-05-20 22:00:00,0.0,0.0,2024-05-20,22
2024-05-20 23:00:00,0.0,0.0,2024-05-20,23
2024-05-21 00:00:00,0.0,0.0,2024-05-21,0
2024-05-21 01:00:00,0.0,0.0,2024-05-21,1
2024-05-21 02:00:00,0.0,0.0,2024-05-21,2
2024-05-21 03:00:00,0.0,0.0,2024-05-21,3
2024-05-21 04:00:00,0.003250848,0.0,2024-05-21,4
2024-05-21 05:00:00,0.08624193,0.06774626,2024-05-21,5
2024-05-21 06:00:00,0.2381072,0.2093281,2024-05-21,6
2024-05-21 07:00:00,0.4482134,0.4053625,2024-05-21,7
2024-05-21 08:00:00,0.5069335,0.4827618,2024-05-21,8
2024-05-21 09:00:00,0.8722283,0.8354768,2024-05-21,9
2024-05-21 10:00:00,0.7780971,0.7562354,2024-05-21,10
2024-05-21 11:00:00,0.806898,0.7866395,2024-05-21,11
2024-05-21 12:00:00,0.690631,0.671515,2024-05-21,12
2024-05-21 13:00:00,0.6114397,0.5900476,2024-05-21,13
2024-05-21 14:00:00,0.6493097,0.6070936,2024-05-21,14
2024-05-21 15:00:00,0.5893632,0.5144948,2024-05-21,15
2024-05-21 16:00:00,0.3588818,0.2677685,2024-05-21,16
2024-05-21 17:00:00,0.08096139,0.06329205,2024-05-21,17
2024-05-21 18:00:00,0.003310276,0.0,2024-05-21,18
2024-05-21 19:00:00,0.0,0.0,2024-05-21,19
2024-05-21 20:00:00,0.0,0.0,2024-05-21,20
2024-05-21 21:00:00,0.0,0.0,2024-05-21,21
2024-05-21 22:00:00,0.0,0.0,2024-05-21,22
2024-05-21 23:00:00,0.0,0.0,2024-05-21,23
2024-05-22 00:00:00,0.0,0.0,2024-05-22,0
2024-05-22 01:00:00,0.0,0.0,2024-05-22,1
2024-05-22 02:00:00,0.0,0.0,2024-05-22,2
2024-05-22 03:00:00,0.0,0.0,2024-05-22,3
2024-05-22 04:00:00,0.00558318,0.0,2024-05-22,4
2024-05-22 05:00:00,0.0982362,0.06744949,2024-05-22,5
2024-05-22 06:00:00,0.1794174,0.1684581,2024-05-22,6
2024-05-22 07:00:00,0.2221711,0.2146591,2024-05-22,7
2024-05-22 08:00:00,0.2249956,0.2183614,2024-05-22,8
2024-05-22 09:00:00,0.4059361,0.3940091,2024-05-22,9
2024-05-22 10:00:00,0.6725679,0.6536596,2024-05-22,10
2024-05-22 11:00:00,0.6003407,0.5846151,2024-05-22,11
2024-05-22 12:00:00,0.5435394,0.5285392,2024-05-22,12
2024-05-22 13:00:00,0.5105524,0.4942672,2024-05-22,13
2024-05-22 14:00:00,0.3168952,0.3068521,2024-05-22,14
2024-05-22 15:00:00,0.2271789,0.219275,2024-05-22,15
2024-05-22 16:00:00,0.1594097,0.1513266,2024-05-22,16
2024-05-22 17:00:00,0.06411619,0.05775991,2024-05-22,17
2024-05-22 18:00:00,0.001478155,0.0,2024-05-22,18
2024-05-22 19:00:00,0.0,0.0,2024-05-22,19
2024-05-22 20:00:00,0.0,0.0,2024-05-22,20
2024-05-22 21:00:00,0.0,0.0,2024-05-22,21
2024-05-22 22:00:00,0.0,0.0,2024-05-22,22
2024-05-22 23:00:00,0.0,0.0,2024-05-22,23
2024-05-23 00:00:00,0.0,0.0,2024-05-23,0
2024-05-23 01:00:00,0.0,0.0,2024-05-23,1
2024-05-23 02:00:00,0.0,0.0,2024-05-23,2
2024-05-23 03:00:00,0.0,0.0,2024-05-23,3
2024-05-23 04:00:00,0.003574643,0.0,2024-05-23,4
2024-05-23 05:00:00,0.01779469,0.01717027,2024-05-23,5
2024-05-23 06:00:00,0.07451823,0.07211498,2024-05-23,6
2024-05-23 07:00:00,0.1435962,0.1392118,2024-05-23,7
2024-05-23 08:00:00,0.1650721,0.1602366,2024-05-23,8
2024-05-23 09:00:00,0.1823937,0.1771427,2024-05-23,9
2024-05-23 10:00:00,0.08141851,0.07907268,2024-05-23,10
2024-05-23 11:00:00,0.1122025,0.1089819,2024-05-23,11
2024-05-23 12:00:00,0.08131699,0.07897396,2024-05-23,12
2024-05-23 13:00:00,0.2187795,0.2124801,2024-05-23,13
2024-05-23 14:00:00,0.253104,0.24554,2024-05-23,14
2024-05-23 15:00:00,0.1454565,0.1410005,2024-05-23,15
2024-05-23 16:00:00,0.03626043,0.0351534,2024-05-23,16
2024-05-23 17:00:00,0.03497916,0.03346194,2024-05-23,17
2024-05-23 18:00:00,0.001528014,0.0,2024-05-23,18
2024-05-23 19:00:00,0.0,0.0,2024-05-23,19
2024-05-23 20:00:00,0.0,0.0,2024-05-23,20
2024-05-23 21:00:00,0.0,0.0,2024-05-23,21
2024-05-23 22:00:00,0.0,0.0,2024-05-23,22
2024-05-23 23:00:00,0.0,0.0,2024-05-23,23
2024-05-24 00:00:00,0.0,0.0,2024-05-24,0
2024-05-24 01:00:00,0.0,0.0,2024-05-24,1
2024-05-24 02:00:00,0.0,0.0,2024-05-24,2
2024-05-24 03:00:00,0.0,0.0,2024-05-24,3
2024-05-24 04:00:00,0.003544276,0.0,2024-05-24,4
2024-05-24 05:00:00,0.1420169,0.04509664,2024-05-24,5
2024-05-24 06:00:00,0.396093,0.2930951,2024-05-24,6
2024-05-24 07:00:00,0.5771957,0.5029193,2024-05-24,7
2024-05-24 08:00:00,0.7343075,0.6805146,2024-05-24,8
2024-05-24 09:00:00,0.639284,0.6149555,2024-05-24,9
2024-05-24 10:00:00,0.9356377,0.9049586,2024-05-24,10
2024-05-24 11:00:00,0.9447116,0.9174919,2024-05-24,11
2024-05-24 12:00:00,0.7042371,0.6830426,2024-05-24,12
2024-05-24 13:00:00,0.7204184,0.6899226,2024-05-24,13
2024-05-24 14:00:00,0.5807917,0.5453635,2024-05-24,14
2024-05-24 15:00:00,0.3788991,0.3500561,2024-05-24,15
2024-05-24 16:00:00,0.2105531,0.1904658,2024-05-24,16
2024-05-24 17:00:00,0.07187878,0.06238126,2024-05-24,17
2024-05-24 18:00:00,0.003580226,0.0,2024-05-24,18
2024-05-24 19:00:00,0.0,0.0,2024-05-24,19
2024-05-24 20:00:00,0.0,0.0,2024-05-24,20
2024-05-24 21:00:00,0.0,0.0,2024-05-24,21
2024-05-24 22:00:00,0.0,0.0,2024-05-24,22
2024-05-24 23:00:00,0.0,0.0,2024-05-24,23
2024-05-25 00:00:00,0.0,0.0,2024-05-25,0
2024-05-25 01:00:00,0.0,0.0,2024-05-25,1
2024-05-25 02:00:00,0.0,0.0,2024-05-25,2
2024-05-25 03:00:00,0.0,0.0,2024-05-25,3
2024-05-25 04:00:00,0.004019106,0.0,2024-05-25,4
2024-05-25 05:00:00,0.1265198,0.05513202,2024-05-25,5
2024-05-25 06:00:00,0.3286068,0.2526943,2024-05-25,6
2024-05-25 07:00:00,0.5678229,0.4942602,2024-05-25,7
2024-05-25 08:00:00,0.8436256,0.7790711,2024-05-25,8
2024-05-25 09:00:00,0.9660549,0.9195846,2024-05-25,9
2024-05-25 10:00:00,1.043706,1.007869,2024-05-25,10
2024-05-25 11:00:00,0.9813296,0.9518097,2024-05-25,11
2024-05-25 12:00:00,1.028007,0.9925014,2024-05-25,12
2024-05-25 13:00:00,0.9657076,0.9187534,2024-05-25,13
2024-05-25 14:00:00,0.8279759,0.7638624,2024-05-25,14
2024-05-25 15:00:00,0.6282831,0.5436128,2024-05-25,15
2024-05-25 16:00:00,0.3955767,0.2894982,2024-05-25,16
2024-05-25 17:00:00,0.1422549,0.03733543,2024-05-25,17
2024-05-25 18:00:00,0.00398233,0.0,2024-05-25,18
2024-05-25 19:00:00,0.0,0.0,2024-05-25,19
2024-05-25 20:00:00,0.0,0.0,2024-05-25,20
2024-05-25 21:00:00,0.0,0.0,2024-05-25,21
2024-05-25 22:00:00,0.0,0.0,2024-05-25,22
2024-05-25 23:00:00,0.0,0.0,2024-05-25,23
2024-05-26 00:00:00,0.0,0.0,2024-05-26,0
2024-05-26 01:00:00,0.0,0.0,2024-05-26,1
2024-05-26 02:00:00,0.0,0.0,2024-05-26,2
2024-05-26 03:00:00,0.0,0.0,2024-05-26,3
2024-05-26 04:00:00,0.004980957,0.0,2024-05-26,4
2024-05-26 05:00:00,0.1276463,0.05494413,2024-05-26,5
2024-05-26 06:00:00,0.352647,0.2643666,2024-05-26,6
2024-05-26 07:00:00,0.5413103,0.4722806,2024-05-26,7
2024-05-26 08:00:00,0.8456507,0.7796881,2024-05-26,8
2024-05-26 09:00:00,0.8481246,0.807185,2024-05-26,9
2024-05-26 10:00:00,0.8738353,0.8437703,2024-05-26,10
2024-05-26 11:00:00,0.9811578,0.9505678,2024-05-26,11
2024-05-26 12:00:00,1.053617,1.015993,2024-05-26,12
2024-05-26 13:00:00,0.8401434,0.7993348,2024-05-26,13
2024-05-26 14:00:00,0.7035524,0.6504344,2024-05-26,14
2024-05-26 15:00:00,0.5506465,0.4783178,2024-05-26,15
2024-05-26 16:00:00,0.2985249,0.2360374,2024-05-26,16
2024-05-26 17:00:00,0.1212193,0.05268585,2024-05-26,17
2024-05-26 18:00:00,0.0044256,0.0,2024-05-26,18
2024-05-26 19:00:00,0.0,0.0,2024-05-26,19
2024-05-26 20:00:00,0.0,0.0,2024-05-26,20
2024-05-26 21:00:00,0.0,0.0,2024-05-26,21
2024-05-26 22:00:00,0.0,0.0,2024-05-26,22
2024-05-26 23:00:00,0.0,0.0,2024-05-26,23
2024-05-27 00:00:00,0.0,0.0,2024-05-27,0
2024-05-27 01:00:00,0.0,0.0,2024-05-27,1
2024-05-27 02:00:00,0.0,0.0,2024-05-27,2
2024-05-27 03:00:00,0.0,0.0,2024-05-27,3
2024-05-27 04:00:00,0.003379259,0.0,2024-05-27,4
2024-05-27 05:00:00,0.08331615,0.06895163,2024-05-27,5
2024-05-27 06:00:00,0.3049127,0.2408593,2024-05-27,6
2024-05-27 07:00:00,0.4147885,0.3774008,2024-05-27,7
2024-05-27 08:00:00,0.6663195,0.6177734,2024-05-27,8
2024-05-27 09:00:00,0.8605727,0.8177985,2024-05-27,9
2024-05-27 10:00:00,0.7921817,0.7652684,2024-05-27,10
2024-05-27 11:00:00,0.7562099,0.7335811,2024-05-27,11
2024-05-27 12:00:00,0.6963726,0.6740797,2024-05-27,12
2024-05-27 13:00:00,0.5327896,0.5142314,2024-05-27,13
2024-05-27 14:00:00,0.4494949,0.4293872,2024-05-27,14
2024-05-27 15:00:00,0.5761412,0.4980001,2024-05-27,15
2024-05-27 16:00:00,0.3754108,0.2748635,2024-05-27,16
2024-05-27 17:00:00,0.08703478,0.06776856,2024-05-27,17
2024-05-27 18:00:00,0.002903206,0.0,2024-05-27,18
2024-05-27 19:00:00,0.0,0.0,2024-05-27,19
2024-05-27 20:00:00,0.0,0.0,2024-05-27,20
2024-05-27 21:00:00,0.0,0.0,2024-05-27,21
2024-05-27 22:00:00,0.0,0.0,2024-05-27,22
2024-05-27 23:00:00,0.0,0.0,2024-05-27,23
2024-05-28 00:00:00,0.0,0.0,2024-05-28,0
2024-05-28 01:00:00,0.0,0.0,2024-05-28,1
2024-05-28 02:00:00,0.0,0.0,2024-05-28,2
2024-05-28 03:00:00,0.0,0.0,2024-05-28,3
2024-05-28 04:00:00,0.004781326,0.0,2024-05-28,4
2024-05-28 05:00:00,0.1580591,0.03981601,2024-05-28,5
2024-05-28 06:00:00,0.3043844,0.2402164,2024-05-28,6
2024-05-28 07:00:00,0.6015082,0.5189919,2024-05-28,7
2024-05-28 08:00:00,0.6450121,0.5986287,2024-05-28,8
2024-05-28 09:00:00,0.7085894,0.6766687,2024-05-28,9
2024-05-28 10:00:00,0.8857177,0.8533042,2024-05-28,10
2024-05-28 11:00:00,0.7806771,0.7564734,2024-05-28,11
2024-05-28 12:00:00,0.746315,0.7210401,2024-05-28,12
2024-05-28 13:00:00,0.7432805,0.7082471,2024-05-28,13
2024-05-28 14:00:00,0.7138561,0.6578636,2024-05-28,14
2024-05-28 15:00:00,0.4995103,0.438172,2024-05-28,15
2024-05-28 16:00:00,0.2758247,0.2261971,2024-05-28,16
2024-05-28 17:00:00,0.1045571,0.06552116,2024-05-28,17
2024-05-28 18:00:00,0.005351253,0.0,2024-05-28,18
2024-05-28 19:00:00,0.0,0.0,2024-05-28,19
2024-05-28 20:00:00,0.0,0.0,2024-05-28,20
2024-05-28 21:00:00,0.0,0.0,2024-05-28,21
2024-05-28 22:00:00,0.0,0.0,2024-05-28,22
2024-05-28 23:00:00,0.0,0.0,2024-05-28,23
2024-05-29 00:00:00,0.0,0.0,2024-05-29,0
2024-05-29 01:00:00,0.0,0.0,2024-05-29,1
2024-05-29 02:00:00,0.0,0.0,2024-05-29,2
2024-05-29 03:00:00,0.0,0.0,2024-05-29,3
2024-05-29 04:00:00,0.004139161,0.0,2024-05-29,4
2024-05-29 05:00:00,0.08771675,0.0702274,2024-05-29,5
2024-05-29 06:00:00,0.260033,0.2198663,2024-05-29,6
2024-05-29 07:00:00,0.5194687,0.4531553,2024-05-29,7
2024-05-29 08:00:00,0.6121117,0.5698455,2024-05-29,8
2024-05-29 09:00:00,0.8853025,0.8389139,2024-05-29,9
2024-05-29 10:00:00,0.5745982,0.5571765,2024-05-29,10
2024-05-29 11:00:00,0.3253794,0.3161284,2024-05-29,11
2024-05-29 12:00:00,0.3012073,0.2925944,2024-05-29,12
2024-05-29 13:00:00,0.5321562,0.5132375,2024-05-29,13
2024-05-29 14:00:00,0.4737459,0.4505725,2024-05-29,14
2024-05-29 15:00:00,0.3237882,0.3051361,2024-05-29,15
2024-05-29 16:00:00,0.2448468,0.2113217,2024-05-29,16
2024-05-29 17:00:00,0.02628161,0.02526947,2024-05-29,17
2024-05-29 18:00:00,0.002529963,0.0,2024-05-29,18
2024-05-29 19:00:00,0.0,0.0,2024-05-29,19
2024-05-29 20:00:00,0.0,0.0,2024-05-29,20
2024-05-29 21:00:00,0.0,0.0,2024-05-29,21
2024-05-29 22:00:00,0.0,0.0,2024-05-29,22
2024-05-29 23:00:00,0.0,0.0,2024-05-29,23
2024-05-30 00:00:00,0.0,0.0,2024-05-30,0
2024-05-30 01:00:00,0.0,0.0,2024-05-30,1
2024-05-30 02:00:00,0.0,0.0,2024-05-30,2
2024-05-30 03:00:00,0.0,0.0,2024-05-30,3
2024-05-30 04:00:00,0.004032956,0.0,2024-05-30,4
2024-05-30 05:00:00,0.05116063,0.04860092,2024-05-30,5
2024-05-30 06:00:00,0.08422028,0.0814394,2024-05-30,6
2024-05-30 07:00:00,0.3621513,0.3362824,2024-05-30,7
2024-05-30 08:00:00,0.625012,0.580178,2024-05-30,8
2024-05-30 09:00:00,0.5271545,0.5084105,2024-05-30,9
2024-05-30 10:00:00,0.5756516,0.5579891,2024-05-30,10
2024-05-30 11:00:00,0.8909466,0.8604134,2024-05-30,11
2024-05-30 12:00:00,1.080186,1.037102,2024-05-30,12
2024-05-30 13:00:00,0.7428492,0.7066012,2024-05-30,13
2024-05-30 14:00:00,0.360485,0.3476458,2024-05-30,14
2024-05-30 15:00:00,0.4539338,0.4043438,2024-05-30,15
2024-05-30 16:00:00,0.2918289,0.2333587,2024-05-30,16
2024-05-30 17:00:00,0.139417,0.04648698,2024-05-30,17
2024-05-30 18:00:00,0.007555242,0.0,2024-05-30,18
2024-05-30 19:00:00,0.0,0.0,2024-05-30,19
2024-05-30 20:00:00,0.0,0.0,2024-05-30,20
2024-05-30 21:00:00,0.0,0.0,2024-05-30,21
2024-05-30 22:00:00,0.0,0.0,2024-05-30,22
2024-05-30 23:00:00,0.0,0.0,2024-05-30,23
2024-05-31 00:00:00,0.0,0.0,2024-05-31,0
2024-05-31 01:00:00,0.0,0.0,2024-05-31,1
2024-05-31 02:00:00,0.0,0.0,2024-05-31,2
2024-05-31 03:00:00,0.0,0.0,2024-05-31,3
2024-05-31 04:00:00,0.006009681,0.0,2024-05-31,4
2024-05-31 05:00:00,0.1043424,0.06926795,2024-05-31,5
2024-05-31 06:00:00,0.2753367,0.2265081,2024-05-31,6
2024-05-31 07:00:00,0.4608357,0.4091237,2024-05-31,7
2024-05-31 08:00:00,0.7166405,0.6581692,2024-05-31,8
2024-05-31 09:00:00,0.7064201,0.6729076,2024-05-31,9
2024-05-31 10:00:00,0.5899999,0.5715019,2024-05-31,10
2024-05-31 11:00:00,0.7652047,0.7401202,2024-05-31,11
2024-05-31 12:00:00,1.000133,0.9594885,2024-05-31,12
2024-05-31 13:00:00,0.9623489,0.9093028,2024-05-31,13
2024-05-31 14:00:00,0.7415119,0.6799802,2024-05-31,14
2024-05-31 15:00:00,0.4835319,0.4253262,2024-05-31,15
2024-05-31 16:00:00,0.3926226,0.284386,2024-05-31,16
2024-05-31 17:00:00,0.1638658,0.03772642,2024-05-31,17
2024-05-31 18:00:00,0.007652608,0.0,2024-05-31,18
2024-05-31 19:00:00,0.0,0.0,2024-05-31,19
2024-05-31 20:00:00,0.0,0.0,2024-05-31,20
2024-05-31 21:00:00,0.0,0.0,2024-05-31,21
2024-05-31 22:00:00,0.0,0.0,2024-05-31,22
2024-05-31 23:00:00,0.0,0.0,2024-05-31,23
2024-06-01 00:00:00,0.0,0.0,2024-06-01,0
2024-06-01 01:00:00,0.0,0.0,2024-06-01,1
2024-06-01 02:00:00,0.0,0.0,2024-06-01,2
2024-06-01 03:00:00,0.0,0.0,2024-06-01,3
2024-06-01 04:00:00,0.003958951,0.0,2024-06-01,4
2024-06-01 05:00:00,0.05479649,0.05182577,2024-06-01,5
2024-06-01 06:00:00,0.1649999,0.1563238,2024-06-01,6
2024-06-01 07:00:00,0.246512,0.2370932,2024-06-01,7
2024-06-01 08:00:00,0.1023527,0.0993576,2024-06-01,8
2024-06-01 09:00:00,0.1593106,0.1546976,2024-06-01,9
2024-06-01 10:00:00,0.05417782,0.0526099,2024-06-01,10
2024-06-01 11:00:00,0.04345259,0.04219406,2024-06-01,11
2024-06-01 12:00:00,0.127009,0.1233515,2024-06-01,12
2024-06-01 13:00:00,0.2343857,0.2275838,2024-06-01,13
2024-06-01 14:00:00,0.09352098,0.09078711,2024-06-01,14
2024-06-01 15:00:00,0.09671852,0.09380476,2024-06-01,15
2024-06-01 16:00:00,0.112631,0.1087009,2024-06-01,16
2024-06-01 17:00:00,0.03888455,0.03720346,2024-06-01,17
2024-06-01 18:00:00,0.001966554,0.0,2024-06-01,18
2024-06-01 19:00:00,0.0,0.0,2024-06-01,19
2024-06-01 20:00:00,0.0,0.0,2024-06-01,20
2024-06-01 21:00:00,0.0,0.0,2024-06-01,21
2024-06-01 22:00:00,0.0,0.0,2024-06-01,22
2024-06-01 23:00:00,0.0,0.0,2024-06-01,23
2024-06-02 00:00:00,0.0,0.0,2024-06-02,0
2024-06-02 01:00:00,0.0,0.0,2024-06-02,1
2024-06-02 02:00:00,0.0,0.0,2024-06-02,2
2024-06-02 03:00:00,0.0,0.0,2024-06-02,3
2024-06-02 04:00:00,0.005637852,0.0,2024-06-02,4
2024-06-02 05:00:00,0.01065635,0.01030989,2024-06-02,5
2024-06-02 06:00:00,0.03939131,0.03818008,2024-06-02,6
2024-06-02 07:00:00,0.1004731,0.09743833,2024-06-02,7
2024-06-02 08:00:00,0.2029163,0.1968822,2024-06-02,8
2024-06-02 09:00:00,0.07367837,0.07154365,2024-06-02,9
2024-06-02 10:00:00,0.1472629,0.1430242,2024-06-02,10
2024-06-02 11:00:00,0.1322907,0.1284862,2024-06-02,11
2024-06-02 12:00:00,0.1912411,0.1857441,2024-06-02,12
2024-06-02 13:00:00,0.06587815,0.06396897,2024-06-02,13
2024-06-02 14:00:00,0.04185127,0.04063227,2024-06-02,14
2024-06-02 15:00:00,0.02978579,0.02891167,2024-06-02,15
2024-06-02 16:00:00,0.03868372,0.03749638,2024-06-02,16
2024-06-02 17:00:00,0.02548775,0.02452704,2024-06-02,17
2024-06-02 18:00:00,0.001296235,0.0,2024-06-02,18
2024-06-02 19:00:00,0.0,0.0,2024-06-02,19
2024-06-02 20:00:00,0.0,0.0,2024-06-02,20
2024-06-02 21:00:00,0.0,0.0,2024-06-02,21
2024-06-02 22:00:00,0.0,0.0,2024-06-02,22
2024-06-02 23:00:00,0.0,0.0,2024-06-02,23
2024-06-03 00:00:00,0.0,0.0,2024-06-03,0
2024-06-03 01:00:00,0.0,0.0,2024-06-03,1
2024-06-03 02:00:00,0.0,0.0,2024-06-03,2
2024-06-03 03:00:00,0.0,0.0,2024-06-03,3
2024-06-03 04:00:00,0.004599132,0.0,2024-06-03,4
2024-06-03 05:00:00,0.02365414,0.02277372,2024-06-03,5
2024-06-03 06:00:00,0.05003916,0.04847342,2024-06-03,6
2024-06-03 07:00:00,0.1381223,0.1338659,2024-06-03,7
2024-06-03 08:00:00,0.09152047,0.08884356,2024-06-03,8
2024-06-03 09:00:00,0.1259298,0.1222819,2024-06-03,9
2024-06-03 10:00:00,0.2045744,0.1986926,2024-06-03,10
2024-06-03 11:00:00,0.0999884,0.09710646,2024-06-03,11
2024-06-03 12:00:00,0.2303848,0.2237639,2024-06-03,12
2024-06-03 13:00:00,0.2106291,0.204515,2024-06-03,13
2024-06-03 14:00:00,0.1360461,0.1320446,2024-06-03,14
2024-06-03 15:00:00,0.174364,0.1688758,2024-06-03,15
2024-06-03 16:00:00,0.1254062,0.1208155,2024-06-03,16
2024-06-03 17:00:00,0.02217649,0.02137024,2024-06-03,17
2024-06-03 18:00:00,0.00073191,0.0,2024-06-03,18
2024-06-03 19:00:00,0.0,0.0,2024-06-03,19
2024-06-03 20:00:00,0.0,0.0,2024-06-03,20
2024-06-03 21:00:00,0.0,0.0,2024-06-03,21
2024-06-03 22:00:00,0.0,0.0,2024-06-03,22
2024-06-03 23:00:00,0.0,0.0,2024-06-03,23
2024-06-04 00:00:00,0.0,0.0,2024-06-04,0
2024-06-04 01:00:00,0.0,0.0,2024-06-04,1
2024-06-04 02:00:00,0.0,0.0,2024-06-04,2
2024-06-04 03:00:00,0.0,0.0,2024-06-04,3
2024-06-04 04:00:00,0.004086522,0.0,2024-06-04,4
2024-06-04 05:00:00,0.01827257,0.01762897,2024-06-04,5
2024-06-04 06:00:00,0.04916242,0.04762534,2024-06-04,6
2024-06-04 07:00:00,0.07396412,0.07175493,2024-06-04,7
2024-06-04 08:00:00,0.009208326,0.008939769,2024-06-04,8
2024-06-04 09:00:00,0.1370365,0.1330648,2024-06-04,9
2024-06-04 10:00:00,0.3164491,0.3073502,2024-06-04,10
2024-06-04 11:00:00,0.3146224,0.3056199,2024-06-04,11
2024-06-04 12:00:00,0.2349127,0.2281585,2024-06-04,12
2024-06-04 13:00:00,0.3316335,0.3218183,2024-06-04,13
2024-06-04 14:00:00,0.1495639,0.1451537,2024-06-04,14
2024-06-04 15:00:00,0.07106334,0.06894498,2024-06-04,15
2024-06-04 16:00:00,0.04802627,0.04653059,2024-06-04,16
2024-06-04 17:00:00,0.03001013,0.02883511,2024-06-04,17
2024-06-04 18:00:00,0.002472195,0.0,2024-06-04,18
2024-06-04 19:00:00,0.0,0.0,2024-06-04,19
2024-06-04 20:00:00,0.0,0.0,2024-06-04,20
2024-06-04 21:00:00,0.0,0.0,2024-06-04,21
2024-06-04 22:00:00,0.0,0.0,2024-06-04,22
2024-06-04 23:00:00,0.0,0.0,2024-06-04,23
2024-06-05 00:00:00,0.0,0.0,2024-06-05,0
2024-06-05 01:00:00,0.0,0.0,2024-06-05,1
2024-06-05 02:00:00,0.0,0.0,2024-06-05,2
2024-06-05 03:00:00,0.0,0.0,2024-06-05,3
2024-06-05 04:00:00,0.007144308,0.0,2024-06-05,4
2024-06-05 05:00:00,0.1017508,0.07024658,2024-06-05,5
2024-06-05 06:00:00,0.3455294,0.2543947,2024-06-05,6
2024-06-05 07:00:00,0.4954919,0.4311008,2024-06-05,7
2024-06-05 08:00:00,0.5377015,0.5037645,2024-06-05,8
2024-06-05 09:00:00,0.4394659,0.4251032,2024-06-05,9
2024-06-05 10:00:00,0.3328974,0.3233117,2024-06-05,10
2024-06-05 11:00:00,0.5080683,0.4931107,2024-06-05,11
2024-06-05 12:00:00,0.4676877,0.4537457,2024-06-05,12
2024-06-05 13:00:00,0.4274433,0.4137432,2024-06-05,13
2024-06-05 14:00:00,0.6220137,0.5749658,2024-06-05,14
2024-06-05 15:00:00,0.445077,0.3968619,2024-06-05,15
2024-06-05 16:00:00,0.2799302,0.229251,2024-06-05,16
2024-06-05 17:00:00,0.1245768,0.06541406,2024-06-05,17
2024-06-05 18:00:00,0.006061636,0.0,2024-06-05,18
2024-06-05 19:00:00,0.0,0.0,2024-06-05,19
2024-06-05 20:00:00,0.0,0.0,2024-06-05,20
2024-06-05 21:00:00,0.0,0.0,2024-06-05,21
2024-06-05 22:00:00,0.0,0.0,2024-06-05,22
2024-06-05 23:00:00,0.0,0.0,2024-06-05,23
2024-06-06 00:00:00,0.0,0.0,2024-06-06,0
2024-06-06 01:00:00,0.0,0.0,2024-06-06,1
2024-06-06 02:00:00,0.0,0.0,2024-06-06,2
2024-06-06 03:00:00,0.0,0.0,2024-06-06,3
2024-06-06 04:00:00,0.003818745,0.0,2024-06-06,4
2024-06-06 05:00:00,0.04731701,0.04507764,2024-06-06,5
2024-06-06 06:00:00,0.1062294,0.1025495,2024-06-06,6
2024-06-06 07:00:00,0.1053406,0.1021429,2024-06-06,7
2024-06-06 08:00:00,0.1158562,0.1124529,2024-06-06,8
2024-06-06 09:00:00,0.3143544,0.3050785,2024-06-06,9
2024-06-06 10:00:00,0.501756,0.4863766,2024-06-06,10
2024-06-06 11:00:00,0.5583088,0.5413311,2024-06-06,11
2024-06-06 12:00:00,0.7665139,0.7359165,2024-06-06,12
2024-06-06 13:00:00,0.7829785,0.7393604,2024-06-06,13
2024-06-06 14:00:00,0.4938073,0.4667529,2024-06-06,14
2024-06-06 15:00:00,0.2567149,0.2464238,2024-06-06,15
2024-06-06 16:00:00,0.1245779,0.1200528,2024-06-06,16
2024-06-06 17:00:00,0.04514638,0.04312361,2024-06-06,17
2024-06-06 18:00:00,0.000696802,0.0,2024-06-06,18
2024-06-06 19:00:00,0.0,0.0,2024-06-06,19
2024-06-06 20:00:00,0.0,0.0,2024-06-06,20
2024-06-06 21:00:00,0.0,0.0,2024-06-06,21
2024-06-06 22:00:00,0.0,0.0,2024-06-06,22
2024-06-06 23:00:00,0.0,0.0,2024-06-06,23
2024-06-07 00:00:00,0.0,0.0,2024-06-07,0
2024-06-07 01:00:00,0.0,0.0,2024-06-07,1
2024-06-07 02:00:00,0.0,0.0,2024-06-07,2
2024-06-07 03:00:00,0.0,0.0,2024-06-07,3
2024-06-07 04:00:00,0.005275045,0.0,2024-06-07,4
2024-06-07 05:00:00,0.06006588,0.0562291,2024-06-07,5
2024-06-07 06:00:00,0.1279472,0.1231222,2024-06-07,6
2024-06-07 07:00:00,0.2932645,0.2785019,2024-06-07,7
2024-06-07 08:00:00,0.2186403,0.2120908,2024-06-07,8
2024-06-07 09:00:00,0.2418297,0.2347792,2024-06-07,9
2024-06-07 10:00:00,0.2368574,0.230036,2024-06-07,10
2024-06-07 11:00:00,0.09009395,0.08749366,2024-06-07,11
2024-06-07 12:00:00,0.1737233,0.1687185,2024-06-07,12
2024-06-07 13:00:00,0.2118305,0.2056693,2024-06-07,13
2024-06-07 14:00:00,0.1387493,0.1346607,2024-06-07,14
2024-06-07 15:00:00,0.05856666,0.05682902,2024-06-07,15
2024-06-07 16:00:00,0.02196477,0.0213068,2024-06-07,16
2024-06-07 17:00:00,0.01041407,0.01007929,2024-06-07,17
2024-06-07 18:00:00,0.001375076,0.0,2024-06-07,18
2024-06-07 19:00:00,0.0,0.0,2024-06-07,19
2024-06-07 20:00:00,0.0,0.0,2024-06-07,20
2024-06-07 21:00:00,0.0,0.0,2024-06-07,21
2024-06-07 22:00:00,0.0,0.0,2024-06-07,22
2024-06-07 23:00:00,0.0,0.0,2024-06-07,23
2024-06-08 00:00:00,0.0,0.0,2024-06-08,0
2024-06-08 01:00:00,0.0,0.0,2024-06-08,1
2024-06-08 02:00:00,0.0,0.0,2024-06-08,2
2024-06-08 03:00:00,0.0,0.0,2024-06-08,3
2024-06-08 04:00:00,0.004260235,0.0,2024-06-08,4
2024-06-08 05:00:00,0.002522231,0.002446709,2024-06-08,5
2024-06-08 06:00:00,0.006889532,0.006686878,2024-06-08,6
2024-06-08 07:00:00,0.01951935,0.01894765,2024-06-08,7
2024-06-08 08:00:00,0.04654034,0.04518318,2024-06-08,8
2024-06-08 09:00:00,0.1021275,0.09916556,2024-06-08,9
2024-06-08 10:00:00,0.0768576,0.07463522,2024-06-08,10
2024-06-08 11:00:00,0.3563284,0.3461026,2024-06-08,11
2024-06-08 12:00:00,0.2434449,0.2364325,2024-06-08,12
2024-06-08 13:00:00,0.142697,0.1385568,2024-06-08,13
2024-06-08 14:00:00,0.2270996,0.2202848,2024-06-08,14
2024-06-08 15:00:00,0.103685,0.1005443,2024-06-08,15
2024-06-08 16:00:00,0.09978168,0.09639248,2024-06-08,16
2024-06-08 17:00:00,0.06054942,0.05711181,2024-06-08,17
2024-06-08 18:00:00,0.002554711,0.0,2024-06-08,18
2024-06-08 19:00:00,0.0,0.0,2024-06-08,19
2024-06-08 20:00:00,0.0,0.0,2024-06-08,20
2024-06-08 21:00:00,0.0,0.0,2024-06-08,21
2024-06-08 22:00:00,0.0,0.0,2024-06-08,22
2024-06-08 23:00:00,0.0,0.0,2024-06-08,23
2024-06-09 00:00:00,0.0,0.0,2024-06-09,0
2024-06-09 01:00:00,0.0,0.0,2024-06-09,1
2024-06-09 02:00:00,0.0,0.0,2024-06-09,2
2024-06-09 03:00:00,0.0,0.0,2024-06-09,3
2024-06-09 04:00:00,0.005809683,0.0,2024-06-09,4
2024-06-09 05:00:00,0.05139798,0.0487982,2024-06-09,5
2024-06-09 06:00:00,0.1607396,0.1524593,2024-06-09,6
2024-06-09 07:00:00,0.1528421,0.1480676,2024-06-09,7
2024-06-09 08:00:00,0.1414658,0.1372877,2024-06-09,8
2024-06-09 09:00:00,0.1078356,0.1047072,2024-06-09,9
2024-06-09 10:00:00,0.4397889,0.4266909,2024-06-09,10
2024-06-09 11:00:00,0.2382117,0.231368,2024-06-09,11
2024-06-09 12:00:00,0.1936132,0.1880335,2024-06-09,12
2024-06-09 13:00:00,0.3997808,0.3872424,2024-06-09,13
2024-06-09 14:00:00,0.6168582,0.569611,2024-06-09,14
2024-06-09 15:00:00,0.3212651,0.3027833,2024-06-09,15
2024-06-09 16:00:00,0.05099438,0.04939937,2024-06-09,16
2024-06-09 17:00:00,0.01285909,0.01243713,2024-06-09,17
2024-06-09 18:00:00,0.000222442,0.0,2024-06-09,18
2024-06-09 19:00:00,0.0,0.0,2024-06-09,19
2024-06-09 20:00:00,0.0,0.0,2024-06-09,20
2024-06-09 21:00:00,0.0,0.0,2024-06-09,21
2024-06-09 22:00:00,0.0,0.0,2024-06-09,22
2024-06-09 23:00:00,0.0,0.0,2024-06-09,23
2024-06-10 00:00:00,0.0,0.0,2024-06-10,0
2024-06-10 01:00:00,0.0,0.0,2024-06-10,1
2024-06-10 02:00:00,0.0,0.0,2024-06-10,2
2024-06-10 03:00:00,0.0,0.0,2024-06-10,3
2024-06-10 04:00:00,0.003595961,0.0,2024-06-10,4
2024-06-10 05:00:00,0.02845901,0.02733727,2024-06-10,5
2024-06-10 06:00:00,0.05530028,0.05354661,2024-06-10,6
2024-06-10 07:00:00,0.0309415,0.03003183,2024-06-10,7
2024-06-10 08:00:00,0.05993923,0.05818892,2024-06-10,8
2024-06-10 09:00:00,0.3105321,0.3013426,2024-06-10,9
2024-06-10 10:00:00,0.3849478,0.3737103,2024-06-10,10
2024-06-10 11:00:00,0.587749,0.5690634,2024-06-10,11
2024-06-10 12:00:00,0.5125825,0.4965324,2024-06-10,12
2024-06-10 13:00:00,0.4959219,0.4780141,2024-06-10,13
2024-06-10 14:00:00,0.4868214,0.4603607,2024-06-10,14
2024-06-10 15:00:00,0.3346185,0.3137853,2024-06-10,15
2024-06-10 16:00:00,0.2322319,0.2060655,2024-06-10,16
2024-06-10 17:00:00,0.08525695,0.07375608,2024-06-10,17
2024-06-10 18:00:00,0.006740427,0.0,2024-06-10,18
2024-06-10 19:00:00,0.0,0.0,2024-06-10,19
2024-06-10 20:00:00,0.0,0.0,2024-06-10,20
2024-06-10 21:00:00,0.0,0.0,2024-06-10,21
2024-06-10 22:00:00,0.0,0.0,2024-06-10,22
2024-06-10 23:00:00,0.0,0.0,2024-06-10,23
2024-06-11 00:00:00,0.0,0.0,2024-06-11,0
2024-06-11 01:00:00,0.0,0.0,2024-06-11,1
2024-06-11 02:00:00,0.0,0.0,2024-06-11,2
2024-06-11 03:00:00,0.0,0.0,2024-06-11,3
2024-06-11 04:00:00,0.005450279,0.0,2024-06-11,4
2024-06-11 05:00:00,0.03730161,0.03568778,2024-06-11,5
2024-06-11 06:00:00,0.09737094,0.09403323,2024-06-11,6
2024-06-11 07:00:00,0.203667,0.19683,2024-06-11,7
2024-06-11 08:00:00,0.2574559,0.2495395,2024-06-11,8
2024-06-11 09:00:00,0.2635848,0.2558675,2024-06-11,9
2024-06-11 10:00:00,0.2865008,0.2782303,2024-06-11,10
2024-06-11 11:00:00,0.1778686,0.1727501,2024-06-11,11
2024-06-11 12:00:00,0.2480431,0.2408902,2024-06-11,12
2024-06-11 13:00:00,0.2226923,0.2162018,2024-06-11,13
2024-06-11 14:00:00,0.1832917,0.1778411,2024-06-11,14
2024-06-11 15:00:00,0.09734134,0.09440072,2024-06-11,15
2024-06-11 16:00:00,0.0967401,0.09347504,2024-06-11,16
2024-06-11 17:00:00,0.01599432,0.01545564,2024-06-11,17
2024-06-11 18:00:00,0.001908368,0.0,2024-06-11,18
2024-06-11 19:00:00,0.0,0.0,2024-06-11,19
2024-06-11 20:00:00,0.0,0.0,2024-06-11,20
2024-06-11 21:00:00,0.0,0.0,2024-06-11,21
2024-06-11 22:00:00,0.0,0.0,2024-06-11,22
2024-06-11 23:00:00,0.0,0.0,2024-06-11,23
2024-06-12 00:00:00,0.0,0.0,2024-06-12,0
2024-06-12 01:00:00,0.0,0.0,2024-06-12,1
2024-06-12 02:00:00,0.0,0.0,2024-06-12,2
2024-06-12 03:00:00,0.0,0.0,2024-06-12,3
2024-06-12 04:00:00,0.007412396,0.0,2024-06-12,4
2024-06-12 05:00:00,0.1562965,0.03449594,2024-06-12,5
2024-06-12 06:00:00,0.3552391,0.2549164,2024-06-12,6
2024-06-12 07:00:00,0.5627655,0.4766608,2024-06-12,7
2024-06-12 08:00:00,0.8077422,0.7305995,2024-06-12,8
2024-06-12 09:00:00,1.035515,0.9683785,2024-06-12,9
2024-06-12 10:00:00,1.0787,1.025654,2024-06-12,10
2024-06-12 11:00:00,0.9580673,0.9164419,2024-06-12,11
2024-06-12 12:00:00,1.014917,0.9658505,2024-06-12,12
2024-06-12 13:00:00,0.7688174,0.7246149,2024-06-12,13
2024-06-12 14:00:00,0.5431349,0.5079601,2024-06-12,14
2024-06-12 15:00:00,0.5760138,0.4910821,2024-06-12,15
2024-06-12 16:00:00,0.3981832,0.2865816,2024-06-12,16
2024-06-12 17:00:00,0.1782545,0.04818248,2024-06-12,17
2024-06-12 18:00:00,0.01027031,0.0,2024-06-12,18
2024-06-12 19:00:00,0.0,0.0,2024-06-12,19
2024-06-12 20:00:00,0.0,0.0,2024-06-12,20
2024-06-12 21:00:00,0.0,0.0,2024-06-12,21
2024-06-12 22:00:00,0.0,0.0,2024-06-12,22
2024-06-12 23:00:00,0.0,0.0,2024-06-12,23
2024-06-13 00:00:00,0.0,0.0,2024-06-13,0
2024-06-13 01:00:00,0.0,0.0,2024-06-13,1
2024-06-13 02:00:00,0.0,0.0,2024-06-13,2
2024-06-13 03:00:00,0.0,0.0,2024-06-13,3
2024-06-13 04:00:00,0.005088629,0.0,2024-06-13,4
2024-06-13 05:00:00,0.1358406,0.04665866,2024-06-13,5
2024-06-13 06:00:00,0.2854155,0.2260186,2024-06-13,6
2024-06-13 07:00:00,0.4907659,0.4238889,2024-06-13,7
2024-06-13 08:00:00,0.4467202,0.4243428,2024-06-13,8
2024-06-13 09:00:00,0.6741683,0.6388339,2024-06-13,9
2024-06-13 10:00:00,0.947058,0.9008269,2024-06-13,10
2024-06-13 11:00:00,0.9047874,0.8660308,2024-06-13,11
2024-06-13 12:00:00,0.8996724,0.8572617,2024-06-13,12
2024-06-13 13:00:00,0.828851,0.7784364,2024-06-13,13
2024-06-13 14:00:00,0.7217472,0.6570092,2024-06-13,14
2024-06-13 15:00:00,0.5915288,0.5031828,2024-06-13,15
2024-06-13 16:00:00,0.4109169,0.2949454,2024-06-13,16
2024-06-13 17:00:00,0.1521118,0.05931628,2024-06-13,17
2024-06-13 18:00:00,0.01104771,0.0,2024-06-13,18
2024-06-13 19:00:00,0.0,0.0,2024-06-13,19
2024-06-13 20:00:00,0.0,0.0,2024-06-13,20
2024-06-13 21:00:00,0.0,0.0,2024-06-13,21
2024-06-13 22:00:00,0.0,0.0,2024-06-13,22
2024-06-13 23:00:00,0.0,0.0,2024-06-13,23
2024-06-14 00:00:00,0.0,0.0,2024-06-14,0
2024-06-14 01:00:00,0.0,0.0,2024-06-14,1
2024-06-14 02:00:00,0.0,0.0,2024-06-14,2
2024-06-14 03:00:00,0.0,0.0,2024-06-14,3
2024-06-14 04:00:00,0.005646659,0.0,2024-06-14,4
2024-06-14 05:00:00,0.1099484,0.06466619,2024-06-14,5
2024-06-14 06:00:00,0.3663875,0.2594935,2024-06-14,6
2024-06-14 07:00:00,0.4427735,0.3906489,2024-06-14,7
2024-06-14 08:00:00,0.7506288,0.6788905,2024-06-14,8
2024-06-14 09:00:00,1.019013,0.9520683,2024-06-14,9
2024-06-14 10:00:00,1.067579,1.01426,2024-06-14,10
2024-06-14 11:00:00,1.104385,1.054675,2024-06-14,11
2024-06-14 12:00:00,1.072161,1.01944,2024-06-14,12
2024-06-14 13:00:00,0.7183813,0.6792184,2024-06-14,13
2024-06-14 14:00:00,0.6686643,0.6119154,2024-06-14,14
2024-06-14 15:00:00,0.4039283,0.3672582,2024-06-14,15
2024-06-14 16:00:00,0.3488353,0.2606022,2024-06-14,16
2024-06-14 17:00:00,0.1609569,0.05591453,2024-06-14,17
2024-06-14 18:00:00,0.008420366,0.0,2024-06-14,18
2024-06-14 19:00:00,0.0,0.0,2024-06-14,19
2024-06-14 20:00:00,0.0,0.0,2024-06-14,20
2024-06-14 21:00:00,0.0,0.0,2024-06-14,21
2024-06-14 22:00:00,0.0,0.0,2024-06-14,22
2024-06-14 23:00:00,0.0,0.0,2024-06-14,23
2024-06-15 00:00:00,0.0,0.0,2024-06-15,0
2024-06-15 01:00:00,0.0,0.0,2024-06-15,1
2024-06-15 02:00:00,0.0,0.0,2024-06-15,2
2024-06-15 03:00:00,0.0,0.0,2024-06-15,3
2024-06-15 04:00:00,0.004106453,0.0,2024-06-15,4
2024-06-15 05:00:00,0.1195177,0.05790023,2024-06-15,5
2024-06-15 06:00:00,0.3554752,0.2533492,2024-06-15,6
2024-06-15 07:00:00,0.5795975,0.4883163,2024-06-15,7
2024-06-15 08:00:00,0.7034208,0.6378586,2024-06-15,8
2024-06-15 09:00:00,0.9335138,0.8722333,2024-06-15,9
2024-06-15 10:00:00,0.9780164,0.929216,2024-06-15,10
2024-06-15 11:00:00,1.040086,0.9931245,2024-06-15,11
2024-06-15 12:00:00,1.084398,1.030746,2024-06-15,12
2024-06-15 13:00:00,0.87488,0.8199273,2024-06-15,13
2024-06-15 14:00:00,0.6945092,0.6335446,2024-06-15,14
2024-06-15 15:00:00,0.535877,0.4607637,2024-06-15,15
2024-06-15 16:00:00,0.3100379,0.2445184,2024-06-15,16
2024-06-15 17:00:00,0.1464805,0.06516833,2024-06-15,17
2024-06-15 18:00:00,0.01131932,0.0,2024-06-15,18
2024-06-15 19:00:00,0.0,0.0,2024-06-15,19
2024-06-15 20:00:00,0.0,0.0,2024-06-15,20
2024-06-15 21:00:00,0.0,0.0,2024-06-15,21
2024-06-15 22:00:00,0.0,0.0,2024-06-15,22
2024-06-15 23:00:00,0.0,0.0,2024-06-15,23
2024-06-16 00:00:00,0.0,0.0,2024-06-16,0
2024-06-16 01:00:00,0.0,0.0,2024-06-16,1
2024-06-16 02:00:00,0.0,0.0,2024-06-16,2
2024-06-16 03:00:00,0.0,0.0,2024-06-16,3
2024-06-16 04:00:00,0.00335777,0.0,2024-06-16,4
2024-06-16 05:00:00,0.1132372,0.06151539,2024-06-16,5
2024-06-16 06:00:00,0.2590804,0.2144098,2024-06-16,6
2024-06-16 07:00:00,0.2641104,0.2524619,2024-06-16,7
2024-06-16 08:00:00,0.6448539,0.5886376,2024-06-16,8
2024-06-16 09:00:00,0.8690267,0.8124232,2024-06-16,9
2024-06-16 10:00:00,0.7304236,0.699675,2024-06-16,10
2024-06-16 11:00:00,0.9793065,0.9352868,2024-06-16,11
2024-06-16 12:00:00,0.6845795,0.6578645,2024-06-16,12
2024-06-16 13:00:00,0.5856152,0.5601408,2024-06-16,13
2024-06-16 14:00:00,0.6707444,0.6135073,2024-06-16,14
2024-06-16 15:00:00,0.3689182,0.3411583,2024-06-16,15
2024-06-16 16:00:00,0.2341842,0.2082585,2024-06-16,16
2024-06-16 17:00:00,0.09045678,0.07762518,2024-06-16,17
2024-06-16 18:00:00,0.008375917,0.0,2024-06-16,18
2024-06-16 19:00:00,0.0,0.0,2024-06-16,19
2024-06-16 20:00:00,0.0,0.0,2024-06-16,20
2024-06-16 21:00:00,0.0,0.0,2024-06-16,21
2024-06-16 22:00:00,0.0,0.0,2024-06-16,22
2024-06-16 23:00:00,0.0,0.0,2024-06-16,23
2024-06-17 00:00:00,0.0,0.0,2024-06-17,0
2024-06-17 01:00:00,0.0,0.0,2024-06-17,1
2024-06-17 02:00:00,0.0,0.0,2024-06-17,2
2024-06-17 03:00:00,0.0,0.0,2024-06-17,3
2024-06-17 04:00:00,0.005362628,0.0,2024-06-17,4
2024-06-17 05:00:00,0.06557064,0.05995962,2024-06-17,5
2024-06-17 06:00:00,0.09313726,0.08995003,2024-06-17,6
2024-06-17 07:00:00,0.1384773,0.1341671,2024-06-17,7
2024-06-17 08:00:00,0.1402317,0.1360803,2024-06-17,8
2024-06-17 09:00:00,0.3714332,0.3598961,2024-06-17,9
2024-06-17 10:00:00,0.310106,0.3011252,2024-06-17,10
2024-06-17 11:00:00,0.2762092,0.2682579,2024-06-17,11
2024-06-17 12:00:00,0.3321154,0.3224906,2024-06-17,12
2024-06-17 13:00:00,0.2512991,0.2439513,2024-06-17,13
2024-06-17 14:00:00,0.09314314,0.09041335,2024-06-17,14
2024-06-17 15:00:00,0.1147335,0.1112367,2024-06-17,15
2024-06-17 16:00:00,0.08763488,0.0847314,2024-06-17,16
2024-06-17 17:00:00,0.04864329,0.04650025,2024-06-17,17
2024-06-17 18:00:00,0.003081493,0.0,2024-06-17,18
2024-06-17 19:00:00,0.0,0.0,2024-06-17,19
2024-06-17 20:00:00,0.0,0.0,2024-06-17,20
2024-06-17 21:00:00,0.0,0.0,2024-06-17,21
2024-06-17 22:00:00,0.0,0.0,2024-06-17,22
2024-06-17 23:00:00,0.0,0.0,2024-06-17,23
2024-06-18 00:00:00,0.0,0.0,2024-06-18,0
2024-06-18 01:00:00,0.0,0.0,2024-06-18,1
2024-06-18 02:00:00,0.0,0.0,2024-06-18,2
2024-06-18 03:00:00,0.0,0.0,2024-06-18,3
2024-06-18 04:00:00,0.006600345,0.0,2024-06-18,4
2024-06-18 05:00:00,0.1068505,0.06385502,2024-06-18,5
2024-06-18 06:00:00,0.237967,0.2041055,2024-06-18,6
2024-06-18 07:00:00,0.30375,0.2865419,2024-06-18,7
2024-06-18 08:00:00,0.426303,0.406002,2024-06-18,8
2024-06-18 09:00:00,0.4074419,0.3942204,2024-06-18,9
2024-06-18 10:00:00,0.5810656,0.560816,2024-06-18,10
2024-06-18 11:00:00,0.8123814,0.7788998,2024-06-18,11
2024-06-18 12:00:00,0.8190035,0.7817221,2024-06-18,12
2024-06-18 13:00:00,0.5762691,0.5516133,2024-06-18,13
2024-06-18 14:00:00,0.5206093,0.4889321,2024-06-18,14
2024-06-18 15:00:00,0.3990836,0.3640216,2024-06-18,15
2024-06-18 16:00:00,0.236174,0.2098107,2024-06-18,16
2024-06-18 17:00:00,0.1117179,0.08201358,2024-06-18,17
2024-06-18 18:00:00,0.01047187,0.0,2024-06-18,18
2024-06-18 19:00:00,0.0,0.0,2024-06-18,19
2024-06-18 20:00:00,0.0,0.0,2024-06-18,20
2024-06-18 21:00:00,0.0,0.0,2024-06-18,21
2024-06-18 22:00:00,0.0,0.0,2024-06-18,22
2024-06-18 23:00:00,0.0,0.0,2024-06-18,23
2024-06-19 00:00:00,0.0,0.0,2024-06-19,0
2024-06-19 01:00:00,0.0,0.0,2024-06-19,1
2024-06-19 02:00:00,0.0,0.0,2024-06-19,2
2024-06-19 03:00:00,0.0,0.0,2024-06-19,3
2024-06-19 04:00:00,0.005473428,0.0,2024-06-19,4
2024-06-19 05:00:00,0.07461055,0.06481867,2024-06-19,5
2024-06-19 06:00:00,0.1905693,0.1752564,2024-06-19,6
2024-06-19 07:00:00,0.3967932,0.3576166,2024-06-19,7
2024-06-19 08:00:00,0.5493166,0.5099648,2024-06-19,8
2024-06-19 09:00:00,0.5686098,0.5436031,2024-06-19,9
2024-06-19 10:00:00,0.806526,0.7692524,2024-06-19,10
2024-06-19 11:00:00,0.8055668,0.772486,2024-06-19,11
2024-06-19 12:00:00,0.7821533,0.747726,2024-06-19,12
2024-06-19 13:00:00,0.726017,0.685663,2024-06-19,13
2024-06-19 14:00:00,0.4442278,0.4231327,2024-06-19,14
2024-06-19 15:00:00,0.3010431,0.2859247,2024-06-19,15
2024-06-19 16:00:00,0.1489145,0.1427438,2024-06-19,16
2024-06-19 17:00:00,0.06714056,0.06316278,2024-06-19,17
2024-06-19 18:00:00,0.005645834,0.0,2024-06-19,18
2024-06-19 19:00:00,0.0,0.0,2024-06-19,19
2024-06-19 20:00:00,0.0,0.0,2024-06-19,20
2024-06-19 21:00:00,0.0,0.0,2024-06-19,21
2024-06-19 22:00:00,0.0,0.0,2024-06-19,22
2024-06-19 23:00:00,0.0,0.0,2024-06-19,23
2024-06-20 00:00:00,0.0,0.0,2024-06-20,0
2024-06-20 01:00:00,0.0,0.0,2024-06-20,1
2024-06-20 02:00:00,0.0,0.0,2024-06-20,2
2024-06-20 03:00:00,0.0,0.0,2024-06-20,3
2024-06-20 04:00:00,0.006768431,0.0,2024-06-20,4
2024-06-20 05:00:00,0.08203184,0.06702462,2024-06-20,5
2024-06-20 06:00:00,0.2407576,0.2049254,2024-06-20,6
2024-06-20 07:00:00,0.1991745,0.1924843,2024-06-20,7
2024-06-20 08:00:00,0.3400232,0.3277145,2024-06-20,8
2024-06-20 09:00:00,0.2418909,0.2348049,2024-06-20,9
2024-06-20 10:00:00,0.2625998,0.2550064,2024-06-20,10
2024-06-20 11:00:00,0.1055624,0.1025148,2024-06-20,11
2024-06-20 12:00:00,0.2978747,0.2892615,2024-06-20,12
2024-06-20 13:00:00,0.3728173,0.3613454,2024-06-20,13
2024-06-20 14:00:00,0.2218277,0.2151722,2024-06-20,14
2024-06-20 15:00:00,0.0909078,0.08817074,2024-06-20,15
2024-06-20 16:00:00,0.1136008,0.1096741,2024-06-20,16
2024-06-20 17:00:00,0.08688053,0.07684475,2024-06-20,17
2024-06-20 18:00:00,0.00866742,0.0,2024-06-20,18
2024-06-20 19:00:00,0.0,0.0,2024-06-20,19
2024-06-20 20:00:00,0.0,0.0,2024-06-20,20
2024-06-20 21:00:00,0.0,0.0,2024-06-20,21
2024-06-20 22:00:00,0.0,0.0,2024-06-20,22
2024-06-20 23:00:00,0.0,0.0,2024-06-20,23
2024-06-21 00:00:00,0.0,0.0,2024-06-21,0
2024-06-21 01:00:00,0.0,0.0,2024-06-21,1
2024-06-21 02:00:00,0.0,0.0,2024-06-21,2
2024-06-21 03:00:00,0.0,0.0,2024-06-21,3
2024-06-21 04:00:00,0.00345006,0.0,2024-06-21,4
2024-06-21 05:00:00,0.1169135,0.05453367,2024-06-21,5
2024-06-21 06:00:00,0.3130537,0.232439,2024-06-21,6
2024-06-21 07:00:00,0.5105185,0.4349135,2024-06-21,7
2024-06-21 08:00:00,0.5478547,0.50851,2024-06-21,8
2024-06-21 09:00:00,0.7820116,0.7330597,2024-06-21,9
2024-06-21 10:00:00,0.8388126,0.7987985,2024-06-21,10
2024-06-21 11:00:00,0.762237,0.7321374,2024-06-21,11
2024-06-21 12:00:00,0.6277885,0.6048974,2024-06-21,12
2024-06-21 13:00:00,0.8026836,0.7541591,2024-06-21,13
2024-06-21 14:00:00,0.7372561,0.6701076,2024-06-21,14
2024-06-21 15:00:00,0.4468283,0.3986638,2024-06-21,15
2024-06-21 16:00:00,0.390383,0.2841796,2024-06-21,16
2024-06-21 17:00:00,0.13512,0.07752796,2024-06-21,17
2024-06-21 18:00:00,0.0132071,0.0,2024-06-21,18
2024-06-21 19:00:00,0.0,0.0,2024-06-21,19
2024-06-21 20:00:00,0.0,0.0,2024-06-21,20
2024-06-21 21:00:00,0.0,0.0,2024-06-21,21
2024-06-21 22:00:00,0.0,0.0,2024-06-21,22
2024-06-21 23:00:00,0.0,0.0,2024-06-21,23
2024-06-22 00:00:00,0.0,0.0,2024-06-22,0
2024-06-22 01:00:00,0.0,0.0,2024-06-22,1
2024-06-22 02:00:00,0.0,0.0,2024-06-22,2
2024-06-22 03:00:00,0.0,0.0,2024-06-22,3
2024-06-22 04:00:00,0.005209466,0.0,2024-06-22,4
2024-06-22 05:00:00,0.1155153,0.05456749,2024-06-22,5
2024-06-22 06:00:00,0.2405179,0.2042452,2024-06-22,6
2024-06-22 07:00:00,0.4221404,0.374562,2024-06-22,7
2024-06-22 08:00:00,0.725291,0.6548525,2024-06-22,8
2024-06-22 09:00:00,0.7996917,0.7487752,2024-06-22,9
2024-06-22 10:00:00,0.7790157,0.7438305,2024-06-22,10
2024-06-22 11:00:00,0.7562997,0.7266165,2024-06-22,11
2024-06-22 12:00:00,0.5581881,0.5395311,2024-06-22,12
2024-06-22 13:00:00,0.439167,0.4245582,2024-06-22,13
2024-06-22 14:00:00,0.2183208,0.2117773,2024-06-22,14
2024-06-22 15:00:00,0.2915678,0.2778074,2024-06-22,15
2024-06-22 16:00:00,0.2774639,0.2326976,2024-06-22,16
2024-06-22 17:00:00,0.1076073,0.08385785,2024-06-22,17
2024-06-22 18:00:00,0.006700865,0.0,2024-06-22,18
2024-06-22 19:00:00,0.0,0.0,2024-06-22,19
2024-06-22 20:00:00,0.0,0.0,2024-06-22,20
2024-06-22 21:00:00,0.0,0.0,2024-06-22,21
2024-06-22 22:00:00,0.0,0.0,2024-06-22,22
2024-06-22 23:00:00,0.0,0.0,2024-06-22,23
2024-06-23 00:00:00,0.0,0.0,2024-06-23,0
2024-06-23 01:00:00,0.0,0.0,2024-06-23,1
2024-06-23 02:00:00,0.0,0.0,2024-06-23,2
2024-06-23 03:00:00,0.0,0.0,2024-06-23,3
2024-06-23 04:00:00,0.004993503,0.0,2024-06-23,4
2024-06-23 05:00:00,0.1025088,0.06224521,2024-06-23,5
2024-06-23 06:00:00,0.2160727,0.1911738,2024-06-23,6
2024-06-23 07:00:00,0.5555081,0.4672511,2024-06-23,7
2024-06-23 08:00:00,0.8193794,0.7377482,2024-06-23,8
2024-06-23 09:00:00,0.8096961,0.7577019,2024-06-23,9
2024-06-23 10:00:00,0.982155,0.9320327,2024-06-23,10
2024-06-23 11:00:00,1.063835,1.014897,2024-06-23,11
2024-06-23 12:00:00,1.096422,1.041543,2024-06-23,12
2024-06-23 13:00:00,0.9901076,0.9265473,2024-06-23,13
2024-06-23 14:00:00,0.7718759,0.70061,2024-06-23,14
2024-06-23 15:00:00,0.6322045,0.5372145,2024-06-23,15
2024-06-23 16:00:00,0.3673903,0.2727126,2024-06-23,16
2024-06-23 17:00:00,0.1321038,0.08034436,2024-06-23,17
2024-06-23 18:00:00,0.01147909,0.0,2024-06-23,18
2024-06-23 19:00:00,0.0,0.0,2024-06-23,19
2024-06-23 20:00:00,0.0,0.0,2024-06-23,20
2024-06-23 21:00:00,0.0,0.0,2024-06-23,21
2024-06-23 22:00:00,0.0,0.0,2024-06-23,22
2024-06-23 23:00:00,0.0,0.0,2024-06-23,23
2024-06-24 00:00:00,0.0,0.0,2024-06-24,0
2024-06-24 01:00:00,0.0,0.0,2024-06-24,1
2024-06-24 02:00:00,0.0,0.0,2024-06-24,2
2024-06-24 03:00:00,0.0,0.0,2024-06-24,3
2024-06-24 04:00:00,0.004447509,0.0,2024-06-24,4
2024-06-24 05:00:00,0.09285738,0.06512404,2024-06-24,5
2024-06-24 06:00:00,0.2369742,0.2019937,2024-06-24,6
2024-06-24 07:00:00,0.5121477,0.4354099,2024-06-24,7
2024-06-24 08:00:00,0.7093167,0.6410488,2024-06-24,8
2024-06-24 09:00:00,0.7618391,0.7150077,2024-06-24,9
2024-06-24 10:00:00,0.7425504,0.7103824,2024-06-24,10
2024-06-24 11:00:00,0.7833326,0.7518306,2024-06-24,11
2024-06-24 12:00:00,0.8103296,0.773825,2024-06-24,12
2024-06-24 13:00:00,0.6640777,0.6307949,2024-06-24,13
2024-06-24 14:00:00,0.6767556,0.6191822,2024-06-24,14
2024-06-24 15:00:00,0.4389016,0.3936232,2024-06-24,15
2024-06-24 16:00:00,0.2105267,0.1936858,2024-06-24,16
2024-06-24 17:00:00,0.1324886,0.0808863,2024-06-24,17
2024-06-24 18:00:00,0.01267465,0.0,2024-06-24,18
2024-06-24 19:00:00,0.0,0.0,2024-06-24,19
2024-06-24 20:00:00,0.0,0.0,2024-06-24,20
2024-06-24 21:00:00,0.0,0.0,2024-06-24,21
2024-06-24 22:00:00,0.0,0.0,2024-06-24,22
2024-06-24 23:00:00,0.0,0.0,2024-06-24,23
2024-06-25 00:00:00,0.0,0.0,2024-06-25,0
2024-06-25 01:00:00,0.0,0.0,2024-06-25,1
2024-06-25 02:00:00,0.0,0.0,2024-06-25,2
2024-06-25 03:00:00,0.0,0.0,2024-06-25,3
2024-06-25 04:00:00,0.004104841,0.0,2024-06-25,4
2024-06-25 05:00:00,0.02033922,0.01958035,2024-06-25,5
2024-06-25 06:00:00,0.124209,0.1194347,2024-06-25,6
2024-06-25 07:00:00,0.1502406,0.1455157,2024-06-25,7
2024-06-25 08:00:00,0.1460917,0.1417576,2024-06-25,8
2024-06-25 09:00:00,0.06403571,0.06217622,2024-06-25,9
2024-06-25 10:00:00,0.164237,0.1594932,2024-06-25,10
2024-06-25 11:00:00,0.07862616,0.07635313,2024-06-25,11
2024-06-25 12:00:00,0.2488828,0.2416972,2024-06-25,12
2024-06-25 13:00:00,0.2148449,0.2085818,2024-06-25,13
2024-06-25 14:00:00,0.0987279,0.09583348,2024-06-25,14
2024-06-25 15:00:00,0.06471659,0.06279229,2024-06-25,15
2024-06-25 16:00:00,0.07008642,0.06784018,2024-06-25,16
2024-06-25 17:00:00,0.01847622,0.01785314,2024-06-25,17
2024-06-25 18:00:00,0.002563952,0.0,2024-06-25,18
2024-06-25 19:00:00,0.0,0.0,2024-06-25,19
2024-06-25 20:00:00,0.0,0.0,2024-06-25,20
2024-06-25 21:00:00,0.0,0.0,2024-06-25,21
2024-06-25 22:00:00,0.0,0.0,2024-06-25,22
2024-06-25 23:00:00,0.0,0.0,2024-06-25,23
2024-06-26 00:00:00,0.0,0.0,2024-06-26,0
2024-06-26 01:00:00,0.0,0.0,2024-06-26,1
2024-06-26 02:00:00,0.0,0.0,2024-06-26,2
2024-06-26 03:00:00,0.0,0.0,2024-06-26,3
2024-06-26 04:00:00,0.001646211,0.0,2024-06-26,4
2024-06-26 05:00:00,0.002746064,0.002663232,2024-06-26,5
2024-06-26 06:00:00,0.07440735,0.07193545,2024-06-26,6
2024-06-26 07:00:00,0.1071571,0.1038764,2024-06-26,7
2024-06-26 08:00:00,0.342266,0.3297188,2024-06-26,8
2024-06-26 09:00:00,0.5094241,0.4895172,2024-06-26,9
2024-06-26 10:00:00,0.3276722,0.3181626,2024-06-26,10
2024-06-26 11:00:00,0.2143623,0.2081909,2024-06-26,11
2024-06-26 12:00:00,0.2056744,0.1997393,2024-06-26,12
2024-06-26 13:00:00,0.4078006,0.3948412,2024-06-26,13
2024-06-26 14:00:00,0.4331695,0.4136369,2024-06-26,14
2024-06-26 15:00:00,0.2325693,0.2243276,2024-06-26,15
2024-06-26 16:00:00,0.2350961,0.2105154,2024-06-26,16
2024-06-26 17:00:00,0.05901347,0.05623421,2024-06-26,17
2024-06-26 18:00:00,0.009540319,0.0,2024-06-26,18
2024-06-26 19:00:00,0.0,0.0,2024-06-26,19
2024-06-26 20:00:00,0.0,0.0,2024-06-26,20
2024-06-26 21:00:00,0.0,0.0,2024-06-26,21
2024-06-26 22:00:00,0.0,0.0,2024-06-26,22
2024-06-26 23:00:00,0.0,0.0,2024-06-26,23
2024-06-27 00:00:00,0.0,0.0,2024-06-27,0
2024-06-27 01:00:00,0.0,0.0,2024-06-27,1
2024-06-27 02:00:00,0.0,0.0,2024-06-27,2
2024-06-27 03:00:00,0.0,0.0,2024-06-27,3
2024-06-27 04:00:00,0.004115673,0.0,2024-06-27,4
2024-06-27 05:00:00,0.05947549,0.05480427,2024-06-27,5
2024-06-27 06:00:00,0.1727857,0.1612318,2024-06-27,6
2024-06-27 07:00:00,0.1864229,0.1803097,2024-06-27,7
2024-06-27 08:00:00,0.1279507,0.1241689,2024-06-27,8
2024-06-27 09:00:00,0.05150041,0.05000467,2024-06-27,9
2024-06-27 10:00:00,0.1142078,0.1109073,2024-06-27,10
2024-06-27 11:00:00,0.431967,0.4193161,2024-06-27,11
2024-06-27 12:00:00,0.3499979,0.3398406,2024-06-27,12
2024-06-27 13:00:00,0.3088676,0.2997483,2024-06-27,13
2024-06-27 14:00:00,0.223227,0.2165391,2024-06-27,14
2024-06-27 15:00:00,0.1192817,0.1156465,2024-06-27,15
2024-06-27 16:00:00,0.1231469,0.1188198,2024-06-27,16
2024-06-27 17:00:00,0.04984017,0.04769365,2024-06-27,17
2024-06-27 18:00:00,0.007165269,0.0,2024-06-27,18
2024-06-27 19:00:00,0.0,0.0,2024-06-27,19
2024-06-27 20:00:00,0.0,0.0,2024-06-27,20
2024-06-27 21:00:00,0.0,0.0,2024-06-27,21
2024-06-27 22:00:00,0.0,0.0,2024-06-27,22
2024-06-27 23:00:00,0.0,0.0,2024-06-27,23
2024-06-28 00:00:00,0.0,0.0,2024-06-28,0
2024-06-28 01:00:00,0.0,0.0,2024-06-28,1
2024-06-28 02:00:00,0.0,0.0,2024-06-28,2
2024-06-28 03:00:00,0.0,0.0,2024-06-28,3
2024-06-28 04:00:00,0.004183906,0.0,2024-06-28,4
2024-06-28 05:00:00,0.08823675,0.06336866,2024-06-28,5
2024-06-28 06:00:00,0.2935088,0.2224581,2024-06-28,6
2024-06-28 07:00:00,0.4158784,0.3694051,2024-06-28,7
2024-06-28 08:00:00,0.7283469,0.657496,2024-06-28,8
2024-06-28 09:00:00,0.7929829,0.7430805,2024-06-28,9
2024-06-28 10:00:00,0.8214188,0.783259,2024-06-28,10
2024-06-28 11:00:00,0.6858076,0.661205,2024-06-28,11
2024-06-28 12:00:00,0.9591862,0.9129019,2024-06-28,12
2024-06-28 13:00:00,0.7857513,0.7401467,2024-06-28,13
2024-06-28 14:00:00,0.6077846,0.5627548,2024-06-28,14
2024-06-28 15:00:00,0.188852,0.1828366,2024-06-28,15
2024-06-28 16:00:00,0.1797698,0.1699769,2024-06-28,16
2024-06-28 17:00:00,0.09343807,0.08132057,2024-06-28,17
2024-06-28 18:00:00,0.008007532,0.0,2024-06-28,18
2024-06-28 19:00:00,0.0,0.0,2024-06-28,19
2024-06-28 20:00:00,0.0,0.0,2024-06-28,20
2024-06-28 21:00:00,0.0,0.0,2024-06-28,21
2024-06-28 22:00:00,0.0,0.0,2024-06-28,22
2024-06-28 23:00:00,0.0,0.0,2024-06-28,23
2024-06-29 00:00:00,0.0,0.0,2024-06-29,0
2024-06-29 01:00:00,0.0,0.0,2024-06-29,1
2024-06-29 02:00:00,0.0,0.0,2024-06-29,2
2024-06-29 03:00:00,0.0,0.0,2024-06-29,3
2024-06-29 04:00:00,0.003625381,0.0,2024-06-29,4
2024-06-29 05:00:00,0.1279043,0.03364985,2024-06-29,5
2024-06-29 06:00:00,0.3131464,0.228963,2024-06-29,6
2024-06-29 07:00:00,0.5344481,0.4509889,2024-06-29,7
2024-06-29 08:00:00,0.6330308,0.5776175,2024-06-29,8
2024-06-29 09:00:00,0.2891965,0.2806576,2024-06-29,9
2024-06-29 10:00:00,0.7837893,0.7488021,2024-06-29,10
2024-06-29 11:00:00,0.731591,0.7041836,2024-06-29,11
2024-06-29 12:00:00,0.8147707,0.7788069,2024-06-29,12
2024-06-29 13:00:00,0.805792,0.758488,2024-06-29,13
2024-06-29 14:00:00,0.8205868,0.7460597,2024-06-29,14
2024-06-29 15:00:00,0.483792,0.4266463,2024-06-29,15
2024-06-29 16:00:00,0.3515981,0.2679558,2024-06-29,16
2024-06-29 17:00:00,0.1592456,0.07188392,2024-06-29,17
2024-06-29 18:00:00,0.01384525,0.0,2024-06-29,18
2024-06-29 19:00:00,0.0,0.0,2024-06-29,19
2024-06-29 20:00:00,0.0,0.0,2024-06-29,20
2024-06-29 21:00:00,0.0,0.0,2024-06-29,21
2024-06-29 22:00:00,0.0,0.0,2024-06-29,22
2024-06-29 23:00:00,0.0,0.0,2024-06-29,23
2024-06-30 00:00:00,0.0,0.0,2024-06-30,0
2024-06-30 01:00:00,0.0,0.0,2024-06-30,1
2024-06-30 02:00:00,0.0,0.0,2024-06-30,2
2024-06-30 03:00:00,0.0,0.0,2024-06-30,3
2024-06-30 04:00:00,0.002154395,0.0,2024-06-30,4
2024-06-30 05:00:00,0.0885561,0.06180855,2024-06-30,5
2024-06-30 06:00:00,0.1822625,0.1680442,2024-06-30,6
2024-06-30 07:00:00,0.2814368,0.2670749,2024-06-30,7
2024-06-30 08:00:00,0.4111792,0.3923044,2024-06-30,8
2024-06-30 09:00:00,0.5045594,0.4851419,2024-06-30,9
2024-06-30 10:00:00,0.5379612,0.5202847,2024-06-30,10
2024-06-30 11:00:00,0.5959362,0.5765995,2024-06-30,11
2024-06-30 12:00:00,0.6703402,0.6452241,2024-06-30,12
2024-06-30 13:00:00,0.8241992,0.7754836,2024-06-30,13
2024-06-30 14:00:00,0.5345141,0.5019785,2024-06-30,14
2024-06-30 15:00:00,0.5301954,0.4602672,2024-06-30,15
2024-06-30 16:00:00,0.2611956,0.2265502,2024-06-30,16
2024-06-30 17:00:00,0.1139563,0.08686669,2024-06-30,17
2024-06-30 18:00:00,0.01225764,0.0,2024-06-30,18
2024-06-30 19:00:00,0.0,0.0,2024-06-30,19
2024-06-30 20:00:00,0.0,0.0,2024-06-30,20
2024-06-30 21:00:00,0.0,0.0,2024-06-30,21
2024-06-30 22:00:00,0.0,0.0,2024-06-30,22
2024-06-30 23:00:00,0.0,0.0,2024-06-30,23
2024-07-01 00:00:00,0.0,0.0,2024-07-01,0
2024-07-01 01:00:00,0.0,0.0,2024-07-01,1
2024-07-01 02:00:00,0.0,0.0,2024-07-01,2
2024-07-01 03:00:00,0.0,0.0,2024-07-01,3
2024-07-01 04:00:00,0.002247639,0.0,2024-07-01,4
2024-07-01 05:00:00,0.04023498,0.03828021,2024-07-01,5
2024-07-01 06:00:00,0.1149503,0.110708,2024-07-01,6
2024-07-01 07:00:00,0.3695906,0.3367133,2024-07-01,7
2024-07-01 08:00:00,0.2795768,0.2706507,2024-07-01,8
2024-07-01 09:00:00,0.315422,0.3060189,2024-07-01,9
2024-07-01 10:00:00,0.4298041,0.4169504,2024-07-01,10
2024-07-01 11:00:00,0.3728014,0.3620577,2024-07-01,11
2024-07-01 12:00:00,0.577144,0.5578876,2024-07-01,12
2024-07-01 13:00:00,0.3982986,0.3858751,2024-07-01,13
2024-07-01 14:00:00,0.2607778,0.2528308,2024-07-01,14
2024-07-01 15:00:00,0.1198939,0.1162454,2024-07-01,15
2024-07-01 16:00:00,0.07142356,0.06913861,2024-07-01,16
2024-07-01 17:00:00,0.01951843,0.01885898,2024-07-01,17
2024-07-01 18:00:00,0.002406785,0.0,2024-07-01,18
2024-07-01 19:00:00,0.0,0.0,2024-07-01,19
2024-07-01 20:00:00,0.0,0.0,2024-07-01,20
2024-07-01 21:00:00,0.0,0.0,2024-07-01,21
2024-07-01 22:00:00,0.0,0.0,2024-07-01,22
2024-07-01 23:00:00,0.0,0.0,2024-07-01,23
2024-07-02 00:00:00,0.0,0.0,2024-07-02,0
2024-07-02 01:00:00,0.0,0.0,2024-07-02,1
2024-07-02 02:00:00,0.0,0.0,2024-07-02,2
2024-07-02 03:00:00,0.0,0.0,2024-07-02,3
2024-07-02 04:00:00,0.001727241,0.0,2024-07-02,4
2024-07-02 05:00:00,0.02776184,0.02659653,2024-07-02,5
2024-07-02 06:00:00,0.02791386,0.02706318,2024-07-02,6
2024-07-02 07:00:00,0.01435595,0.01393571,2024-07-02,7
2024-07-02 08:00:00,0.1662315,0.1612823,2024-07-02,8
2024-07-02 09:00:00,0.1302763,0.1264909,2024-07-02,9
2024-07-02 10:00:00,0.1694725,0.1645824,2024-07-02,10
2024-07-02 11:00:00,0.2591911,0.251742,2024-07-02,11
2024-07-02 12:00:00,0.1856044,0.1802549,2024-07-02,12
2024-07-02 13:00:00,0.1813629,0.1760948,2024-07-02,13
2024-07-02 14:00:00,0.2505017,0.2429273,2024-07-02,14
2024-07-02 15:00:00,0.1415166,0.137166,2024-07-02,15
2024-07-02 16:00:00,0.1224799,0.1182134,2024-07-02,16
2024-07-02 17:00:00,0.08775578,0.07871291,2024-07-02,17
2024-07-02 18:00:00,0.002097859,0.0,2024-07-02,18
2024-07-02 19:00:00,0.0,0.0,2024-07-02,19
2024-07-02 20:00:00,0.0,0.0,2024-07-02,20
2024-07-02 21:00:00,0.0,0.0,2024-07-02,21
2024-07-02 22:00:00,0.0,0.0,2024-07-02,22
2024-07-02 23:00:00,0.0,0.0,2024-07-02,23
2024-07-03 00:00:00,0.0,0.0,2024-07-03,0
2024-07-03 01:00:00,0.0,0.0,2024-07-03,1
2024-07-03 02:00:00,0.0,0.0,2024-07-03,2
2024-07-03 03:00:00,0.0,0.0,2024-07-03,3
2024-07-03 04:00:00,0.002066273,0.0,2024-07-03,4
2024-07-03 05:00:00,0.02553081,0.02448415,2024-07-03,5
2024-07-03 06:00:00,0.07157534,0.06920228,2024-07-03,6
2024-07-03 07:00:00,0.1315477,0.1274595,2024-07-03,7
2024-07-03 08:00:00,0.1359992,0.1319764,2024-07-03,8
2024-07-03 09:00:00,0.2971898,0.2884071,2024-07-03,9
2024-07-03 10:00:00,0.515631,0.4992333,2024-07-03,10
2024-07-03 11:00:00,0.2695791,0.2618348,2024-07-03,11
2024-07-03 12:00:00,0.1958235,0.1901816,2024-07-03,12
2024-07-03 13:00:00,0.3721537,0.3608522,2024-07-03,13
2024-07-03 14:00:00,0.3127604,0.3026451,2024-07-03,14
2024-07-03 15:00:00,0.2045069,0.1978605,2024-07-03,15
2024-07-03 16:00:00,0.1558244,0.1492707,2024-07-03,16
2024-07-03 17:00:00,0.08481499,0.07696681,2024-07-03,17
2024-07-03 18:00:00,0.005751007,0.0,2024-07-03,18
2024-07-03 19:00:00,0.0,0.0,2024-07-03,19
2024-07-03 20:00:00,0.0,0.0,2024-07-03,20
2024-07-03 21:00:00,0.0,0.0,2024-07-03,21
2024-07-03 22:00:00,0.0,0.0,2024-07-03,22
2024-07-03 23:00:00,0.0,0.0,2024-07-03,23
2024-07-04 00:00:00,0.0,0.0,2024-07-04,0
2024-07-04 01:00:00,0.0,0.0,2024-07-04,1
2024-07-04 02:00:00,0.0,0.0,2024-07-04,2
2024-07-04 03:00:00,0.0,0.0,2024-07-04,3
2024-07-04 04:00:00,0.001999363,0.0,2024-07-04,4
2024-07-04 05:00:00,0.01421286,0.01370932,2024-07-04,5
2024-07-04 06:00:00,0.04942643,0.04785794,2024-07-04,6
2024-07-04 07:00:00,0.135555,0.1313322,2024-07-04,7
2024-07-04 08:00:00,0.2280909,0.2211849,2024-07-04,8
2024-07-04 09:00:00,0.2485502,0.2412802,2024-07-04,9
2024-07-04 10:00:00,0.1321253,0.1283122,2024-07-04,10
2024-07-04 11:00:00,0.1816632,0.1764391,2024-07-04,11
2024-07-04 12:00:00,0.1571199,0.1525918,2024-07-04,12
2024-07-04 13:00:00,0.1277955,0.1240912,2024-07-04,13
2024-07-04 14:00:00,0.1602301,0.1555009,2024-07-04,14
2024-07-04 15:00:00,0.1422564,0.1378872,2024-07-04,15
2024-07-04 16:00:00,0.06938103,0.06717285,2024-07-04,16
2024-07-04 17:00:00,0.02397119,0.02313543,2024-07-04,17
2024-07-04 18:00:00,0.001647963,0.0,2024-07-04,18
2024-07-04 19:00:00,0.0,0.0,2024-07-04,19
2024-07-04 20:00:00,0.0,0.0,2024-07-04,20
2024-07-04 21:00:00,0.0,0.0,2024-07-04,21
2024-07-04 22:00:00,0.0,0.0,2024-07-04,22
2024-07-04 23:00:00,0.0,0.0,2024-07-04,23
2024-07-05 00:00:00,0.0,0.0,2024-07-05,0
2024-07-05 01:00:00,0.0,0.0,2024-07-05,1
2024-07-05 02:00:00,0.0,0.0,2024-07-05,2
2024-07-05 03:00:00,0.0,0.0,2024-07-05,3
2024-07-05 04:00:00,0.002939046,0.0,2024-07-05,4
2024-07-05 05:00:00,0.0867206,0.05792633,2024-07-05,5
2024-07-05 06:00:00,0.099347,0.0958529,2024-07-05,6
2024-07-05 07:00:00,0.327035,0.3044246,2024-07-05,7
2024-07-05 08:00:00,0.5118181,0.4789327,2024-07-05,8
2024-07-05 09:00:00,0.5410661,0.5190349,2024-07-05,9
2024-07-05 10:00:00,0.8511627,0.8128622,2024-07-05,10
2024-07-05 11:00:00,0.7286624,0.7026978,2024-07-05,11
2024-07-05 12:00:00,0.5236353,0.5073593,2024-07-05,12
2024-07-05 13:00:00,0.4921755,0.4750406,2024-07-05,13
2024-07-05 14:00:00,0.279604,0.2709778,2024-07-05,14
2024-07-05 15:00:00,0.4277998,0.3883702,2024-07-05,15
2024-07-05 16:00:00,0.4113552,0.3042263,2024-07-05,16
2024-07-05 17:00:00,0.1568572,0.07620708,2024-07-05,17
2024-07-05 18:00:00,0.01223181,0.0,2024-07-05,18
2024-07-05 19:00:00,0.0,0.0,2024-07-05,19
2024-07-05 20:00:00,0.0,0.0,2024-07-05,20
2024-07-05 21:00:00,0.0,0.0,2024-07-05,21
2024-07-05 22:00:00,0.0,0.0,2024-07-05,22
2024-07-05 23:00:00,0.0,0.0,2024-07-05,23
2024-07-06 00:00:00,0.0,0.0,2024-07-06,0
2024-07-06 01:00:00,0.0,0.0,2024-07-06,1
2024-07-06 02:00:00,0.0,0.0,2024-07-06,2
2024-07-06 03:00:00,0.0,0.0,2024-07-06,3
2024-07-06 04:00:00,0.00125573,0.0,2024-07-06,4
2024-07-06 05:00:00,0.03965977,0.0376804,2024-07-06,5
2024-07-06 06:00:00,0.2353616,0.1978981,2024-07-06,6
2024-07-06 07:00:00,0.4718796,0.4071912,2024-07-06,7
2024-07-06 08:00:00,0.5504556,0.5110685,2024-07-06,8
2024-07-06 09:00:00,0.5003854,0.4816645,2024-07-06,9
2024-07-06 10:00:00,0.6247561,0.6027025,2024-07-06,10
2024-07-06 11:00:00,0.3612801,0.3509248,2024-07-06,11
2024-07-06 12:00:00,0.08057605,0.07824768,2024-07-06,12
2024-07-06 13:00:00,0.07383339,0.07169362,2024-07-06,13
2024-07-06 14:00:00,0.02416338,0.02345965,2024-07-06,14
2024-07-06 15:00:00,0.06956496,0.06749839,2024-07-06,15
2024-07-06 16:00:00,0.057145,0.05536035,2024-07-06,16
2024-07-06 17:00:00,0.0782118,0.07248968,2024-07-06,17
2024-07-06 18:00:00,0.01172766,0.0,2024-07-06,18
2024-07-06 19:00:00,0.0,0.0,2024-07-06,19
2024-07-06 20:00:00,0.0,0.0,2024-07-06,20
2024-07-06 21:00:00,0.0,0.0,2024-07-06,21
2024-07-06 22:00:00,0.0,0.0,2024-07-06,22
2024-07-06 23:00:00,0.0,0.0,2024-07-06,23
2024-07-07 00:00:00,0.0,0.0,2024-07-07,0
2024-07-07 01:00:00,0.0,0.0,2024-07-07,1
2024-07-07 02:00:00,0.0,0.0,2024-07-07,2
2024-07-07 03:00:00,0.0,0.0,2024-07-07,3
2024-07-07 04:00:00,0.001230749,0.0,2024-07-07,4
2024-07-07 05:00:00,0.07139125,0.05797867,2024-07-07,5
2024-07-07 06:00:00,0.1048711,0.1011237,2024-07-07,6
2024-07-07 07:00:00,0.1988548,0.1921048,2024-07-07,7
2024-07-07 08:00:00,0.2348766,0.2277479,2024-07-07,8
2024-07-07 09:00:00,0.5276148,0.5069197,2024-07-07,9
2024-07-07 10:00:00,0.8051007,0.7709348,2024-07-07,10
2024-07-07 11:00:00,0.3739306,0.363221,2024-07-07,11
2024-07-07 12:00:00,0.7763409,0.7458426,2024-07-07,12
2024-07-07 13:00:00,0.5331868,0.5136,2024-07-07,13
2024-07-07 14:00:00,0.3496267,0.337625,2024-07-07,14
2024-07-07 15:00:00,0.4131751,0.3780459,2024-07-07,15
2024-07-07 16:00:00,0.387218,0.2907657,2024-07-07,16
2024-07-07 17:00:00,0.125398,0.08756699,2024-07-07,17
2024-07-07 18:00:00,0.01393616,0.0,2024-07-07,18
2024-07-07 19:00:00,0.0,0.0,2024-07-07,19
2024-07-07 20:00:00,0.0,0.0,2024-07-07,20
2024-07-07 21:00:00,0.0,0.0,2024-07-07,21
2024-07-07 22:00:00,0.0,0.0,2024-07-07,22
2024-07-07 23:00:00,0.0,0.0,2024-07-07,23
2024-07-08 00:00:00,0.0,0.0,2024-07-08,0
2024-07-08 01:00:00,0.0,0.0,2024-07-08,1
2024-07-08 02:00:00,0.0,0.0,2024-07-08,2
2024-07-08 03:00:00,0.0,0.0,2024-07-08,3
2024-07-08 04:00:00,0.001440882,0.0,2024-07-08,4
2024-07-08 05:00:00,0.000265049,0.000257269,2024-07-08,5
2024-07-08 06:00:00,0.0363882,0.03526112,2024-07-08,6
2024-07-08 07:00:00,0.05667329,0.05498663,2024-07-08,7
2024-07-08 08:00:00,0.115695,0.1122899,2024-07-08,8
2024-07-08 09:00:00,0.1069423,0.1038408,2024-07-08,9
2024-07-08 10:00:00,0.1446236,0.1404553,2024-07-08,10
2024-07-08 11:00:00,0.1046327,0.1016169,2024-07-08,11
2024-07-08 12:00:00,0.1417572,0.1376747,2024-07-08,12
2024-07-08 13:00:00,0.1037388,0.1007351,2024-07-08,13
2024-07-08 14:00:00,0.06303166,0.06119474,2024-07-08,14
2024-07-08 15:00:00,0.03172804,0.03079753,2024-07-08,15
2024-07-08 16:00:00,0.04846908,0.04697498,2024-07-08,16
2024-07-08 17:00:00,0.02291937,0.02212912,2024-07-08,17
2024-07-08 18:00:00,0.001323667,0.0,2024-07-08,18
2024-07-08 19:00:00,0.0,0.0,2024-07-08,19
2024-07-08 20:00:00,0.0,0.0,2024-07-08,20
2024-07-08 21:00:00,0.0,0.0,2024-07-08,21
2024-07-08 22:00:00,0.0,0.0,2024-07-08,22
2024-07-08 23:00:00,0.0,0.0,2024-07-08,23
2024-07-09 00:00:00,0.0,0.0,2024-07-09,0
2024-07-09 01:00:00,0.0,0.0,2024-07-09,1
2024-07-09 02:00:00,0.0,0.0,2024-07-09,2
2024-07-09 03:00:00,0.0,0.0,2024-07-09,3
2024-07-09 04:00:00,0.001927021,0.0,2024-07-09,4
2024-07-09 05:00:00,0.07308469,0.05718539,2024-07-09,5
2024-07-09 06:00:00,0.1318872,0.1262268,2024-07-09,6
2024-07-09 07:00:00,0.236641,0.227267,2024-07-09,7
2024-07-09 08:00:00,0.1642754,0.159399,2024-07-09,8
2024-07-09 09:00:00,0.2686849,0.2608296,2024-07-09,9
2024-07-09 10:00:00,0.2228654,0.2164529,2024-07-09,10
2024-07-09 11:00:00,0.2726711,0.2648626,2024-07-09,11
2024-07-09 12:00:00,0.2302952,0.2236797,2024-07-09,12
2024-07-09 13:00:00,0.4539882,0.4393169,2024-07-09,13
2024-07-09 14:00:00,0.422394,0.4051082,2024-07-09,14
2024-07-09 15:00:00,0.2250565,0.2174572,2024-07-09,15
2024-07-09 16:00:00,0.1595489,0.1527327,2024-07-09,16
2024-07-09 17:00:00,0.03865567,0.03715713,2024-07-09,17
2024-07-09 18:00:00,0.002633878,0.0,2024-07-09,18
2024-07-09 19:00:00,0.0,0.0,2024-07-09,19
2024-07-09 20:00:00,0.0,0.0,2024-07-09,20
2024-07-09 21:00:00,0.0,0.0,2024-07-09,21
2024-07-09 22:00:00,0.0,0.0,2024-07-09,22
2024-07-09 23:00:00,0.0,0.0,2024-07-09,23
2024-07-10 00:00:00,0.0,0.0,2024-07-10,0
2024-07-10 01:00:00,0.0,0.0,2024-07-10,1
2024-07-10 02:00:00,0.0,0.0,2024-07-10,2
2024-07-10 03:00:00,0.0,0.0,2024-07-10,3
2024-07-10 04:00:00,0.001726673,0.0,2024-07-10,4
2024-07-10 05:00:00,0.1219612,0.02105266,2024-07-10,5
2024-07-10 06:00:00,0.2942137,0.2187166,2024-07-10,6
2024-07-10 07:00:00,0.4641639,0.4025424,2024-07-10,7
2024-07-10 08:00:00,0.3590653,0.3454309,2024-07-10,8
2024-07-10 09:00:00,0.7327973,0.6931595,2024-07-10,9
2024-07-10 10:00:00,0.954326,0.912538,2024-07-10,10
2024-07-10 11:00:00,0.8632445,0.8316151,2024-07-10,11
2024-07-10 12:00:00,0.7752882,0.7462138,2024-07-10,12
2024-07-10 13:00:00,0.5203018,0.5020114,2024-07-10,13
2024-07-10 14:00:00,0.3292329,0.3184752,2024-07-10,14
2024-07-10 15:00:00,0.2667039,0.2562672,2024-07-10,15
2024-07-10 16:00:00,0.1184156,0.1143801,2024-07-10,16
2024-07-10 17:00:00,0.08289673,0.07581837,2024-07-10,17
2024-07-10 18:00:00,0.01175464,0.0,2024-07-10,18
2024-07-10 19:00:00,0.0,0.0,2024-07-10,19
2024-07-10 20:00:00,0.0,0.0,2024-07-10,20
2024-07-10 21:00:00,0.0,0.0,2024-07-10,21
2024-07-10 22:00:00,0.0,0.0,2024-07-10,22
2024-07-10 23:00:00,0.0,0.0,2024-07-10,23
2024-07-11 00:00:00,0.0,0.0,2024-07-11,0
2024-07-11 01:00:00,0.0,0.0,2024-07-11,1
2024-07-11 02:00:00,0.0,0.0,2024-07-11,2
2024-07-11 03:00:00,0.0,0.0,2024-07-11,3
2024-07-11 04:00:00,0.001423019,0.0,2024-07-11,4
2024-07-11 05:00:00,0.07096734,0.0559372,2024-07-11,5
2024-07-11 06:00:00,0.1154408,0.1110904,2024-07-11,6
2024-07-11 07:00:00,0.3774416,0.3424096,2024-07-11,7
2024-07-11 08:00:00,0.4749776,0.4486454,2024-07-11,8
2024-07-11 09:00:00,0.648416,0.6176602,2024-07-11,9
2024-07-11 10:00:00,0.7386783,0.7107796,2024-07-11,10
2024-07-11 11:00:00,0.9047908,0.8716574,2024-07-11,11
2024-07-11 12:00:00,1.014183,0.9726956,2024-07-11,12
2024-07-11 13:00:00,0.7857571,0.7463005,2024-07-11,13
2024-07-11 14:00:00,0.4111609,0.395065,2024-07-11,14
2024-07-11 15:00:00,0.602906,0.5231549,2024-07-11,15
2024-07-11 16:00:00,0.4048895,0.3042775,2024-07-11,16
2024-07-11 17:00:00,0.1090892,0.08735461,2024-07-11,17
2024-07-11 18:00:00,0.01590934,0.0,2024-07-11,18
2024-07-11 19:00:00,0.0,0.0,2024-07-11,19
2024-07-11 20:00:00,0.0,0.0,2024-07-11,20
2024-07-11 21:00:00,0.0,0.0,2024-07-11,21
2024-07-11 22:00:00,0.0,0.0,2024-07-11,22
2024-07-11 23:00:00,0.0,0.0,2024-07-11,23
2024-07-12 00:00:00,0.0,0.0,2024-07-12,0
2024-07-12 01:00:00,0.0,0.0,2024-07-12,1
2024-07-12 02:00:00,0.0,0.0,2024-07-12,2
2024-07-12 03:00:00,0.0,0.0,2024-07-12,3
2024-07-12 04:00:00,0.001424644,0.0,2024-07-12,4
2024-07-12 05:00:00,0.04937872,0.04583567,2024-07-12,5
2024-07-12 06:00:00,0.1253513,0.1202445,2024-07-12,6
2024-07-12 07:00:00,0.08697039,0.08434439,2024-07-12,7
2024-07-12 08:00:00,0.1882202,0.1826157,2024-07-12,8
2024-07-12 09:00:00,0.2886557,0.2802092,2024-07-12,9
2024-07-12 10:00:00,0.2590052,0.2515687,2024-07-12,10
2024-07-12 11:00:00,0.2431959,0.2362395,2024-07-12,11
2024-07-12 12:00:00,0.447834,0.4348895,2024-07-12,12
2024-07-12 13:00:00,0.2847678,0.2765037,2024-07-12,13
2024-07-12 14:00:00,0.198109,0.1922579,2024-07-12,14
2024-07-12 15:00:00,0.08619922,0.0836292,2024-07-12,15
2024-07-12 16:00:00,0.09527932,0.09215152,2024-07-12,16
2024-07-12 17:00:00,0.03869694,0.03719956,2024-07-12,17
2024-07-12 18:00:00,0.000950802,0.0,2024-07-12,18
2024-07-12 19:00:00,0.0,0.0,2024-07-12,19
2024-07-12 20:00:00,0.0,0.0,2024-07-12,20
2024-07-12 21:00:00,0.0,0.0,2024-07-12,21
2024-07-12 22:00:00,0.0,0.0,2024-07-12,22
2024-07-12 23:00:00,0.0,0.0,2024-07-12,23
2024-07-13 00:00:00,0.0,0.0,2024-07-13,0
2024-07-13 01:00:00,0.0,0.0,2024-07-13,1
2024-07-13 02:00:00,0.0,0.0,2024-07-13,2
2024-07-13 03:00:00,0.0,0.0,2024-07-13,3
2024-07-13 04:00:00,0.000800911,0.0,2024-07-13,4
2024-07-13 05:00:00,0.05398866,0.0489328,2024-07-13,5
2024-07-13 06:00:00,0.3140546,0.2259806,2024-07-13,6
2024-07-13 07:00:00,0.4537873,0.396098,2024-07-13,7
2024-07-13 08:00:00,0.6514529,0.5974486,2024-07-13,8
2024-07-13 09:00:00,0.8024965,0.7581658,2024-07-13,9
2024-07-13 10:00:00,0.8156113,0.7839512,2024-07-13,10
2024-07-13 11:00:00,0.9293875,0.8965837,2024-07-13,11
2024-07-13 12:00:00,0.6211429,0.6016229,2024-07-13,12
2024-07-13 13:00:00,0.7307317,0.6971813,2024-07-13,13
2024-07-13 14:00:00,0.5375776,0.5082002,2024-07-13,14
2024-07-13 15:00:00,0.3940105,0.3649102,2024-07-13,15
2024-07-13 16:00:00,0.1939176,0.182284,2024-07-13,16
2024-07-13 17:00:00,0.08622087,0.07789795,2024-07-13,17
2024-07-13 18:00:00,0.008111731,0.0,2024-07-13,18
2024-07-13 19:00:00,0.0,0.0,2024-07-13,19
2024-07-13 20:00:00,0.0,0.0,2024-07-13,20
2024-07-13 21:00:00,0.0,0.0,2024-07-13,21
2024-07-13 22:00:00,0.0,0.0,2024-07-13,22
2024-07-13 23:00:00,0.0,0.0,2024-07-13,23
2024-07-14 00:00:00,0.0,0.0,2024-07-14,0
2024-07-14 01:00:00,0.0,0.0,2024-07-14,1
2024-07-14 02:00:00,0.0,0.0,2024-07-14,2
2024-07-14 03:00:00,0.0,0.0,2024-07-14,3
2024-07-14 04:00:00,0.000817167,0.0,2024-07-14,4
2024-07-14 05:00:00,0.03281619,0.03125697,2024-07-14,5
2024-07-14 06:00:00,0.1001428,0.09660643,2024-07-14,6
2024-07-14 07:00:00,0.2253734,0.2169313,2024-07-14,7
2024-07-14 08:00:00,0.3284106,0.3170548,2024-07-14,8
2024-07-14 09:00:00,0.3820526,0.3703785,2024-07-14,9
2024-07-14 10:00:00,0.3503748,0.3403457,2024-07-14,10
2024-07-14 11:00:00,0.1972202,0.1915753,2024-07-14,11
2024-07-14 12:00:00,0.2257129,0.2192482,2024-07-14,12
2024-07-14 13:00:00,0.2190002,0.2126726,2024-07-14,13
2024-07-14 14:00:00,0.1303112,0.1265006,2024-07-14,14
2024-07-14 15:00:00,0.1726313,0.1673009,2024-07-14,15
2024-07-14 16:00:00,0.04605417,0.04464351,2024-07-14,16
2024-07-14 17:00:00,0.0260605,0.02514311,2024-07-14,17
2024-07-14 18:00:00,0.00407655,0.0,2024-07-14,18
2024-07-14 19:00:00,0.0,0.0,2024-07-14,19
2024-07-14 20:00:00,0.0,0.0,2024-07-14,20
2024-07-14 21:00:00,0.0,0.0,2024-07-14,21
2024-07-14 22:00:00,0.0,0.0,2024-07-14,22
2024-07-14 23:00:00,0.0,0.0,2024-07-14,23
2024-07-15 00:00:00,0.0,0.0,2024-07-15,0
2024-07-15 01:00:00,0.0,0.0,2024-07-15,1
2024-07-15 02:00:00,0.0,0.0,2024-07-15,2
2024-07-15 03:00:00,0.0,0.0,2024-07-15,3
2024-07-15 04:00:00,0.000906914,0.0,2024-07-15,4
2024-07-15 05:00:00,0.07546971,0.05269838,2024-07-15,5
2024-07-15 06:00:00,0.0861172,0.08316693,2024-07-15,6
2024-07-15 07:00:00,0.1404211,0.1360561,2024-07-15,7
2024-07-15 08:00:00,0.4047635,0.3874264,2024-07-15,8
2024-07-15 09:00:00,0.5449537,0.5243001,2024-07-15,9
2024-07-15 10:00:00,0.7806239,0.7522682,2024-07-15,10
2024-07-15 11:00:00,0.8303989,0.8035944,2024-07-15,11
2024-07-15 12:00:00,0.7566724,0.7312763,2024-07-15,12
2024-07-15 13:00:00,0.8138387,0.7751704,2024-07-15,13
2024-07-15 14:00:00,0.6322141,0.5909162,2024-07-15,14
2024-07-15 15:00:00,0.4781166,0.4296086,2024-07-15,15
2024-07-15 16:00:00,0.3102506,0.2556618,2024-07-15,16
2024-07-15 17:00:00,0.1443926,0.08213237,2024-07-15,17
2024-07-15 18:00:00,0.009599734,0.0,2024-07-15,18
2024-07-15 19:00:00,0.0,0.0,2024-07-15,19
2024-07-15 20:00:00,0.0,0.0,2024-07-15,20
2024-07-15 21:00:00,0.0,0.0,2024-07-15,21
2024-07-15 22:00:00,0.0,0.0,2024-07-15,22
2024-07-15 23:00:00,0.0,0.0,2024-07-15,23
2024-07-16 00:00:00,0.0,0.0,2024-07-16,0
2024-07-16 01:00:00,0.0,0.0,2024-07-16,1
2024-07-16 02:00:00,0.0,0.0,2024-07-16,2
2024-07-16 03:00:00,0.0,0.0,2024-07-16,3
2024-07-16 04:00:00,0.000105468,0.0,2024-07-16,4
2024-07-16 05:00:00,0.03547164,0.03370277,2024-07-16,5
2024-07-16 06:00:00,0.06268571,0.0606411,2024-07-16,6
2024-07-16 07:00:00,0.2680194,0.2554021,2024-07-16,7
2024-07-16 08:00:00,0.5734759,0.5334,2024-07-16,8
2024-07-16 09:00:00,0.3909096,0.3789671,2024-07-16,9
2024-07-16 10:00:00,0.5945484,0.5762187,2024-07-16,10
2024-07-16 11:00:00,0.8131189,0.7877421,2024-07-16,11
2024-07-16 12:00:00,0.9597018,0.9253305,2024-07-16,12
2024-07-16 13:00:00,0.7501765,0.7170449,2024-07-16,13
2024-07-16 14:00:00,0.57493,0.5419143,2024-07-16,14
2024-07-16 15:00:00,0.6158515,0.5384446,2024-07-16,15
2024-07-16 16:00:00,0.3772356,0.2909886,2024-07-16,16
2024-07-16 17:00:00,0.1307657,0.08599206,2024-07-16,17
2024-07-16 18:00:00,0.009593723,0.0,2024-07-16,18
2024-07-16 19:00:00,0.0,0.0,2024-07-16,19
2024-07-16 20:00:00,0.0,0.0,2024-07-16,20
2024-07-16 21:00:00,0.0,0.0,2024-07-16,21
2024-07-16 22:00:00,0.0,0.0,2024-07-16,22
2024-07-16 23:00:00,0.0,0.0,2024-07-16,23
2024-07-17 00:00:00,0.0,0.0,2024-07-17,0
2024-07-17 01:00:00,0.0,0.0,2024-07-17,1
2024-07-17 02:00:00,0.0,0.0,2024-07-17,2
2024-07-17 03:00:00,0.0,0.0,2024-07-17,3
2024-07-17 04:00:00,0.000434419,0.0,2024-07-17,4
2024-07-17 05:00:00,0.05863388,0.05032351,2024-07-17,5
2024-07-17 06:00:00,0.165524,0.1540449,2024-07-17,6
2024-07-17 07:00:00,0.2874404,0.2722038,2024-07-17,7
2024-07-17 08:00:00,0.260819,0.2528194,2024-07-17,8
2024-07-17 09:00:00,0.32956,0.3198796,2024-07-17,9
2024-07-17 10:00:00,0.536471,0.5206753,2024-07-17,10
2024-07-17 11:00:00,0.6364934,0.6184304,2024-07-17,11
2024-07-17 12:00:00,0.4229416,0.4110011,2024-07-17,12
2024-07-17 13:00:00,0.3782989,0.367195,2024-07-17,13
2024-07-17 14:00:00,0.1369887,0.1329878,2024-07-17,14
2024-07-17 15:00:00,0.1756509,0.1702407,2024-07-17,15
2024-07-17 16:00:00,0.2834738,0.2424583,2024-07-17,16
2024-07-17 17:00:00,0.08194194,0.07492638,2024-07-17,17
2024-07-17 18:00:00,0.007053406,0.0,2024-07-17,18
2024-07-17 19:00:00,0.0,0.0,2024-07-17,19
2024-07-17 20:00:00,0.0,0.0,2024-07-17,20
2024-07-17 21:00:00,0.0,0.0,2024-07-17,21
2024-07-17 22:00:00,0.0,0.0,2024-07-17,22
2024-07-17 23:00:00,0.0,0.0,2024-07-17,23
2024-07-18 00:00:00,0.0,0.0,2024-07-18,0
2024-07-18 01:00:00,0.0,0.0,2024-07-18,1
2024-07-18 02:00:00,0.0,0.0,2024-07-18,2
2024-07-18 03:00:00,0.0,0.0,2024-07-18,3
2024-07-18 04:00:00,0.000349833,0.0,2024-07-18,4
2024-07-18 05:00:00,0.04688132,0.043342,2024-07-18,5
2024-07-18 06:00:00,0.2521935,0.2020596,2024-07-18,6
2024-07-18 07:00:00,0.3486241,0.3217168,2024-07-18,7
2024-07-18 08:00:00,0.573785,0.5346632,2024-07-18,8
2024-07-18 09:00:00,0.8795542,0.8340423,2024-07-18,9
2024-07-18 10:00:00,0.6847743,0.6630442,2024-07-18,10
2024-07-18 11:00:00,0.7579445,0.736014,2024-07-18,11
2024-07-18 12:00:00,0.8540089,0.8261163,2024-07-18,12
2024-07-18 13:00:00,0.7820293,0.7481556,2024-07-18,13
2024-07-18 14:00:00,0.8143034,0.7557371,2024-07-18,14
2024-07-18 15:00:00,0.5644858,0.4981561,2024-07-18,15
2024-07-18 16:00:00,0.3199182,0.2616078,2024-07-18,16
2024-07-18 17:00:00,0.1331403,0.08480056,2024-07-18,17
2024-07-18 18:00:00,0.007822382,0.0,2024-07-18,18
2024-07-18 19:00:00,0.0,0.0,2024-07-18,19
2024-07-18 20:00:00,0.0,0.0,2024-07-18,20
2024-07-18 21:00:00,0.0,0.0,2024-07-18,21
2024-07-18 22:00:00,0.0,0.0,2024-07-18,22
2024-07-18 23:00:00,0.0,0.0,2024-07-18,23
2024-07-19 00:00:00,0.0,0.0,2024-07-19,0
2024-07-19 01:00:00,0.0,0.0,2024-07-19,1
2024-07-19 02:00:00,0.0,0.0,2024-07-19,2
2024-07-19 03:00:00,0.0,0.0,2024-07-19,3
2024-07-19 04:00:00,0.000174874,0.0,2024-07-19,4
2024-07-19 05:00:00,0.01540058,0.0148232,2024-07-19,5
2024-07-19 06:00:00,0.05733514,0.05548646,2024-07-19,6
2024-07-19 07:00:00,0.1734325,0.1679064,2024-07-19,7
2024-07-19 08:00:00,0.1959724,0.1901648,2024-07-19,8
2024-07-19 09:00:00,0.2926913,0.284201,2024-07-19,9
2024-07-19 10:00:00,0.1906594,0.1852021,2024-07-19,10
2024-07-19 11:00:00,0.1715952,0.1666902,2024-07-19,11
2024-07-19 12:00:00,0.1525788,0.1482068,2024-07-19,12
2024-07-19 13:00:00,0.1167737,0.1134069,2024-07-19,13
2024-07-19 14:00:00,0.1533334,0.1488555,2024-07-19,14
2024-07-19 15:00:00,0.08631563,0.0837529,2024-07-19,15
2024-07-19 16:00:00,0.05241944,0.05080594,2024-07-19,16
2024-07-19 17:00:00,0.02177478,0.02103239,2024-07-19,17
2024-07-19 18:00:00,0.005948159,0.0,2024-07-19,18
2024-07-19 19:00:00,0.0,0.0,2024-07-19,19
2024-07-19 20:00:00,0.0,0.0,2024-07-19,20
2024-07-19 21:00:00,0.0,0.0,2024-07-19,21
2024-07-19 22:00:00,0.0,0.0,2024-07-19,22
2024-07-19 23:00:00,0.0,0.0,2024-07-19,23
2024-07-20 00:00:00,0.0,0.0,2024-07-20,0
2024-07-20 01:00:00,0.0,0.0,2024-07-20,1
2024-07-20 02:00:00,0.0,0.0,2024-07-20,2
2024-07-20 03:00:00,0.0,0.0,2024-07-20,3
2024-07-20 04:00:00,0.000171758,0.0,2024-07-20,4
2024-07-20 05:00:00,0.000778357,0.000755331,2024-07-20,5
2024-07-20 06:00:00,0.004044425,0.00392574,2024-07-20,6
2024-07-20 07:00:00,0.0189492,0.01839457,2024-07-20,7
2024-07-20 08:00:00,0.02567457,0.02492724,2024-07-20,8
2024-07-20 09:00:00,0.01469471,0.01426707,2024-07-20,9
2024-07-20 10:00:00,0.08527007,0.0828133,2024-07-20,10
2024-07-20 11:00:00,0.1513833,0.1470518,2024-07-20,11
2024-07-20 12:00:00,0.04947004,0.04803956,2024-07-20,12
2024-07-20 13:00:00,0.0569486,0.05530111,2024-07-20,13
2024-07-20 14:00:00,0.08402685,0.08158489,2024-07-20,14
2024-07-20 15:00:00,0.06314202,0.06128129,2024-07-20,15
2024-07-20 16:00:00,0.02273712,0.02206075,2024-07-20,16
2024-07-20 17:00:00,0.05806956,0.05543099,2024-07-20,17
2024-07-20 18:00:00,0.002873122,0.0,2024-07-20,18
2024-07-20 19:00:00,0.0,0.0,2024-07-20,19
2024-07-20 20:00:00,0.0,0.0,2024-07-20,20
2024-07-20 21:00:00,0.0,0.0,2024-07-20,21
2024-07-20 22:00:00,0.0,0.0,2024-07-20,22
2024-07-20 23:00:00,0.0,0.0,2024-07-20,23
2024-07-21 00:00:00,0.0,0.0,2024-07-21,0
2024-07-21 01:00:00,0.0,0.0,2024-07-21,1
2024-07-21 02:00:00,0.0,0.0,2024-07-21,2
2024-07-21 03:00:00,0.0,0.0,2024-07-21,3
2024-07-21 04:00:00,0.000129773,0.0,2024-07-21,4
2024-07-21 05:00:00,0.08479417,0.03980447,2024-07-21,5
2024-07-21 06:00:00,0.3136673,0.2267732,2024-07-21,6
2024-07-21 07:00:00,0.5030785,0.4357764,2024-07-21,7
2024-07-21 08:00:00,0.7014687,0.6471956,2024-07-21,8
2024-07-21 09:00:00,0.7533576,0.7194166,2024-07-21,9
2024-07-21 10:00:00,0.7123948,0.6910367,2024-07-21,10
2024-07-21 11:00:00,0.7959069,0.7747154,2024-07-21,11
2024-07-21 12:00:00,0.8085313,0.785024,2024-07-21,12
2024-07-21 13:00:00,0.7955652,0.7635419,2024-07-21,13
2024-07-21 14:00:00,0.7202083,0.6733821,2024-07-21,14
2024-07-21 15:00:00,0.4207576,0.3884883,2024-07-21,15
2024-07-21 16:00:00,0.3486367,0.2780437,2024-07-21,16
2024-07-21 17:00:00,0.1324895,0.08365348,2024-07-21,17
2024-07-21 18:00:00,0.008849871,0.0,2024-07-21,18
2024-07-21 19:00:00,0.0,0.0,2024-07-21,19
2024-07-21 20:00:00,0.0,0.0,2024-07-21,20
2024-07-21 21:00:00,0.0,0.0,2024-07-21,21
2024-07-21 22:00:00,0.0,0.0,2024-07-21,22
2024-07-21 23:00:00,0.0,0.0,2024-07-21,23
2024-07-22 00:00:00,0.0,0.0,2024-07-22,0
2024-07-22 01:00:00,0.0,0.0,2024-07-22,1
2024-07-22 02:00:00,0.0,0.0,2024-07-22,2
2024-07-22 03:00:00,0.0,0.0,2024-07-22,3
2024-07-22 04:00:00,0.000112324,0.0,2024-07-22,4
2024-07-22 05:00:00,0.09242468,0.03066269,2024-07-22,5
2024-07-22 06:00:00,0.2493233,0.2005077,2024-07-22,6
2024-07-22 07:00:00,0.5054329,0.4383518,2024-07-22,7
2024-07-22 08:00:00,0.7299663,0.6738101,2024-07-22,8
2024-07-22 09:00:00,0.9277552,0.8843775,2024-07-22,9
2024-07-22 10:00:00,1.014807,0.9828733,2024-07-22,10
2024-07-22 11:00:00,1.019503,0.9929169,2024-07-22,11
2024-07-22 12:00:00,1.043965,1.013757,2024-07-22,12
2024-07-22 13:00:00,0.9759226,0.9360206,2024-07-22,13
2024-07-22 14:00:00,0.5721235,0.5426655,2024-07-22,14
2024-07-22 15:00:00,0.5071863,0.4563038,2024-07-22,15
2024-07-22 16:00:00,0.3891526,0.3028399,2024-07-22,16
2024-07-22 17:00:00,0.1487542,0.0779177,2024-07-22,17
2024-07-22 18:00:00,0.007539923,0.0,2024-07-22,18
2024-07-22 19:00:00,0.0,0.0,2024-07-22,19
2024-07-22 20:00:00,0.0,0.0,2024-07-22,20
2024-07-22 21:00:00,0.0,0.0,2024-07-22,21
2024-07-22 22:00:00,0.0,0.0,2024-07-22,22
2024-07-22 23:00:00,0.0,0.0,2024-07-22,23
2024-07-23 00:00:00,0.0,0.0,2024-07-23,0
2024-07-23 01:00:00,0.0,0.0,2024-07-23,1
2024-07-23 02:00:00,0.0,0.0,2024-07-23,2
2024-07-23 03:00:00,0.0,0.0,2024-07-23,3
2024-07-23 04:00:00,7.10923e-05,0.0,2024-07-23,4
2024-07-23 05:00:00,0.004639389,0.004492786,2024-07-23,5
2024-07-23 06:00:00,0.04262066,0.04128726,2024-07-23,6
2024-07-23 07:00:00,0.09199531,0.08922842,2024-07-23,7
2024-07-23 08:00:00,0.223661,0.2170247,2024-07-23,8
2024-07-23 09:00:00,0.1767605,0.171672,2024-07-23,9
2024-07-23 10:00:00,0.06697936,0.06504747,2024-07-23,10
2024-07-23 11:00:00,0.05917174,0.05746436,2024-07-23,11
2024-07-23 12:00:00,0.1556076,0.1511598,2024-07-23,12
2024-07-23 13:00:00,0.08779144,0.08526031,2024-07-23,13
2024-07-23 14:00:00,0.06141536,0.05963304,2024-07-23,14
2024-07-23 15:00:00,0.07080702,0.06871955,2024-07-23,15
2024-07-23 16:00:00,0.05546514,0.05375644,2024-07-23,16
2024-07-23 17:00:00,0.03288755,0.03166692,2024-07-23,17
2024-07-23 18:00:00,0.002263573,0.0,2024-07-23,18
2024-07-23 19:00:00,0.0,0.0,2024-07-23,19
2024-07-23 20:00:00,0.0,0.0,2024-07-23,20
2024-07-23 21:00:00,0.0,0.0,2024-07-23,21
2024-07-23 22:00:00,0.0,0.0,2024-07-23,22
2024-07-23 23:00:00,0.0,0.0,2024-07-23,23
2024-07-24 00:00:00,0.0,0.0,2024-07-24,0
2024-07-24 01:00:00,0.0,0.0,2024-07-24,1
2024-07-24 02:00:00,0.0,0.0,2024-07-24,2
2024-07-24 03:00:00,0.0,0.0,2024-07-24,3
2024-07-24 04:00:00,2.98746e-05,0.0,2024-07-24,4
2024-07-24 05:00:00,0.06491701,0.04706571,2024-07-24,5
2024-07-24 06:00:00,0.2509997,0.2011093,2024-07-24,6
2024-07-24 07:00:00,0.4900126,0.4281782,2024-07-24,7
2024-07-24 08:00:00,0.7535446,0.6977106,2024-07-24,8
2024-07-24 09:00:00,0.9329319,0.8920176,2024-07-24,9
2024-07-24 10:00:00,1.021592,0.9921996,2024-07-24,10
2024-07-24 11:00:00,0.9562331,0.9338014,2024-07-24,11
2024-07-24 12:00:00,0.7936882,0.7732072,2024-07-24,12
2024-07-24 13:00:00,0.9286733,0.8934764,2024-07-24,13
2024-07-24 14:00:00,0.6998535,0.6582139,2024-07-24,14
2024-07-24 15:00:00,0.5169199,0.4655576,2024-07-24,15
2024-07-24 16:00:00,0.3402333,0.275042,2024-07-24,16
2024-07-24 17:00:00,0.10705,0.08412039,2024-07-24,17
2024-07-24 18:00:00,0.005387085,0.0,2024-07-24,18
2024-07-24 19:00:00,0.0,0.0,2024-07-24,19
2024-07-24 20:00:00,0.0,0.0,2024-07-24,20
2024-07-24 21:00:00,0.0,0.0,2024-07-24,21
2024-07-24 22:00:00,0.0,0.0,2024-07-24,22
2024-07-24 23:00:00,0.0,0.0,2024-07-24,23
2024-07-25 00:00:00,0.0,0.0,2024-07-25,0
2024-07-25 01:00:00,0.0,0.0,2024-07-25,1
2024-07-25 02:00:00,0.0,0.0,2024-07-25,2
2024-07-25 03:00:00,0.0,0.0,2024-07-25,3
2024-07-25 04:00:00,1.47678e-05,0.0,2024-07-25,4
2024-07-25 05:00:00,0.02161244,0.02069179,2024-07-25,5
2024-07-25 06:00:00,0.06942481,0.06713805,2024-07-25,6
2024-07-25 07:00:00,0.09039309,0.08768103,2024-07-25,7
2024-07-25 08:00:00,0.07437072,0.07220762,2024-07-25,8
2024-07-25 09:00:00,0.0926723,0.08999989,2024-07-25,9
2024-07-25 10:00:00,0.3113982,0.3026194,2024-07-25,10
2024-07-25 11:00:00,0.242875,0.2360027,2024-07-25,11
2024-07-25 12:00:00,0.200244,0.1945496,2024-07-25,12
2024-07-25 13:00:00,0.2570799,0.2497382,2024-07-25,13
2024-07-25 14:00:00,0.1656602,0.1608452,2024-07-25,14
2024-07-25 15:00:00,0.1365228,0.1324251,2024-07-25,15
2024-07-25 16:00:00,0.06498922,0.06296747,2024-07-25,16
2024-07-25 17:00:00,0.03296752,0.03174084,2024-07-25,17
2024-07-25 18:00:00,0.002463509,0.0,2024-07-25,18
2024-07-25 19:00:00,0.0,0.0,2024-07-25,19
2024-07-25 20:00:00,0.0,0.0,2024-07-25,20
2024-07-25 21:00:00,0.0,0.0,2024-07-25,21
2024-07-25 22:00:00,0.0,0.0,2024-07-25,22
2024-07-25 23:00:00,0.0,0.0,2024-07-25,23
2024-07-26 00:00:00,0.0,0.0,2024-07-26,0
2024-07-26 01:00:00,0.0,0.0,2024-07-26,1
2024-07-26 02:00:00,0.0,0.0,2024-07-26,2
2024-07-26 03:00:00,0.0,0.0,2024-07-26,3
2024-07-26 04:00:00,1.61776e-06,0.0,2024-07-26,4
2024-07-26 05:00:00,0.1074797,0.01075914,2024-07-26,5
2024-07-26 06:00:00,0.3575464,0.2561265,2024-07-26,6
2024-07-26 07:00:00,0.5259575,0.4582664,2024-07-26,7
2024-07-26 08:00:00,0.6906534,0.6430672,2024-07-26,8
2024-07-26 09:00:00,0.5530831,0.5352682,2024-07-26,9
2024-07-26 10:00:00,0.9464961,0.9220263,2024-07-26,10
2024-07-26 11:00:00,0.9741314,0.9539334,2024-07-26,11
2024-07-26 12:00:00,0.8125083,0.7934023,2024-07-26,12
2024-07-26 13:00:00,0.9015623,0.8702158,2024-07-26,13
2024-07-26 14:00:00,0.8138735,0.7657039,2024-07-26,14
2024-07-26 15:00:00,0.5718334,0.5122145,2024-07-26,15
2024-07-26 16:00:00,0.1544911,0.1483344,2024-07-26,16
2024-07-26 17:00:00,0.1381918,0.07865137,2024-07-26,17
2024-07-26 18:00:00,0.003678516,0.0,2024-07-26,18
2024-07-26 19:00:00,0.0,0.0,2024-07-26,19
2024-07-26 20:00:00,0.0,0.0,2024-07-26,20
2024-07-26 21:00:00,0.0,0.0,2024-07-26,21
2024-07-26 22:00:00,0.0,0.0,2024-07-26,22
2024-07-26 23:00:00,0.0,0.0,2024-07-26,23
2024-07-27 00:00:00,0.0,0.0,2024-07-27,0
2024-07-27 01:00:00,0.0,0.0,2024-07-27,1
2024-07-27 02:00:00,0.0,0.0,2024-07-27,2
2024-07-27 03:00:00,0.0,0.0,2024-07-27,3
2024-07-27 04:00:00,0.0,0.0,2024-07-27,4
2024-07-27 05:00:00,0.03304932,0.03131119,2024-07-27,5
2024-07-27 06:00:00,0.0465528,0.04508858,2024-07-27,6
2024-07-27 07:00:00,0.07220883,0.07006247,2024-07-27,7
2024-07-27 08:00:00,0.1355312,0.1315794,2024-07-27,8
2024-07-27 09:00:00,0.212058,0.2059828,2024-07-27,9
2024-07-27 10:00:00,0.4715929,0.4590988,2024-07-27,10
2024-07-27 11:00:00,0.4363699,0.4247924,2024-07-27,11
2024-07-27 12:00:00,0.2297682,0.2232629,2024-07-27,12
2024-07-27 13:00:00,0.3352583,0.325794,2024-07-27,13
2024-07-27 14:00:00,0.1607351,0.1560743,2024-07-27,14
2024-07-27 15:00:00,0.1300832,0.1261965,2024-07-27,15
2024-07-27 16:00:00,0.08086176,0.07830229,2024-07-27,16
2024-07-27 17:00:00,0.01599787,0.01547373,2024-07-27,17
2024-07-27 18:00:00,0.00118613,0.0,2024-07-27,18
2024-07-27 19:00:00,0.0,0.0,2024-07-27,19
2024-07-27 20:00:00,0.0,0.0,2024-07-27,20
2024-07-27 21:00:00,0.0,0.0,2024-07-27,21
2024-07-27 22:00:00,0.0,0.0,2024-07-27,22
2024-07-27 23:00:00,0.0,0.0,2024-07-27,23
2024-07-28 00:00:00,0.0,0.0,2024-07-28,0
2024-07-28 01:00:00,0.0,0.0,2024-07-28,1
2024-07-28 02:00:00,0.0,0.0,2024-07-28,2
2024-07-28 03:00:00,0.0,0.0,2024-07-28,3
2024-07-28 04:00:00,0.0,0.0,2024-07-28,4
2024-07-28 05:00:00,0.01347294,0.01296796,2024-07-28,5
2024-07-28 06:00:00,0.05783812,0.05598078,2024-07-28,6
2024-07-28 07:00:00,0.1487461,0.1441739,2024-07-28,7
2024-07-28 08:00:00,0.2124721,0.2062357,2024-07-28,8
2024-07-28 09:00:00,0.2705818,0.2628573,2024-07-28,9
2024-07-28 10:00:00,0.2463522,0.239385,2024-07-28,10
2024-07-28 11:00:00,0.133942,0.1301198,2024-07-28,11
2024-07-28 12:00:00,0.1355986,0.1317271,2024-07-28,12
2024-07-28 13:00:00,0.03615327,0.03510633,2024-07-28,13
2024-07-28 14:00:00,0.06139351,0.05961511,2024-07-28,14
2024-07-28 15:00:00,0.02439733,0.02368558,2024-07-28,15
2024-07-28 16:00:00,0.02978491,0.02889527,2024-07-28,16
2024-07-28 17:00:00,0.01431138,0.01384815,2024-07-28,17
2024-07-28 18:00:00,0.00138581,0.0,2024-07-28,18
2024-07-28 19:00:00,0.0,0.0,2024-07-28,19
2024-07-28 20:00:00,0.0,0.0,2024-07-28,20
2024-07-28 21:00:00,0.0,0.0,2024-07-28,21
2024-07-28 22:00:00,0.0,0.0,2024-07-28,22
2024-07-28 23:00:00,0.0,0.0,2024-07-28,23
2024-07-29 00:00:00,0.0,0.0,2024-07-29,0
2024-07-29 01:00:00,0.0,0.0,2024-07-29,1
2024-07-29 02:00:00,0.0,0.0,2024-07-29,2
2024-07-29 03:00:00,0.0,0.0,2024-07-29,3
2024-07-29 04:00:00,0.0,0.0,2024-07-29,4
2024-07-29 05:00:00,0.02162203,0.02067897,2024-07-29,5
2024-07-29 06:00:00,0.04013193,0.03888613,2024-07-29,6
2024-07-29 07:00:00,0.08275583,0.08029,2024-07-29,7
2024-07-29 08:00:00,0.07844166,0.07616474,2024-07-29,8
2024-07-29 09:00:00,0.1523354,0.1479692,2024-07-29,9
2024-07-29 10:00:00,0.1284612,0.1247903,2024-07-29,10
2024-07-29 11:00:00,0.3089732,0.3003452,2024-07-29,11
2024-07-29 12:00:00,0.1608416,0.1562652,2024-07-29,12
2024-07-29 13:00:00,0.01885208,0.0183044,2024-07-29,13
2024-07-29 14:00:00,0.04280772,0.04156668,2024-07-29,14
2024-07-29 15:00:00,0.04490249,0.04358988,2024-07-29,15
2024-07-29 16:00:00,0.05631049,0.05458231,2024-07-29,16
2024-07-29 17:00:00,0.02448714,0.0236292,2024-07-29,17
2024-07-29 18:00:00,0.002045789,0.0,2024-07-29,18
2024-07-29 19:00:00,0.0,0.0,2024-07-29,19
2024-07-29 20:00:00,0.0,0.0,2024-07-29,20
2024-07-29 21:00:00,0.0,0.0,2024-07-29,21
2024-07-29 22:00:00,0.0,0.0,2024-07-29,22
2024-07-29 23:00:00,0.0,0.0,2024-07-29,23
2024-07-30 00:00:00,0.0,0.0,2024-07-30,0
2024-07-30 01:00:00,0.0,0.0,2024-07-30,1
2024-07-30 02:00:00,0.0,0.0,2024-07-30,2
2024-07-30 03:00:00,0.0,0.0,2024-07-30,3
2024-07-30 04:00:00,0.0,0.0,2024-07-30,4
2024-07-30 05:00:00,0.0152361,0.01464106,2024-07-30,5
2024-07-30 06:00:00,0.04369174,0.04232765,2024-07-30,6
2024-07-30 07:00:00,0.03240619,0.03145688,2024-07-30,7
2024-07-30 08:00:00,0.0204986,0.01990254,2024-07-30,8
2024-07-30 09:00:00,0.03022328,0.02934719,2024-07-30,9
2024-07-30 10:00:00,0.003598992,0.003493912,2024-07-30,10
2024-07-30 11:00:00,0.02824803,0.02742948,2024-07-30,11
2024-07-30 12:00:00,0.03135826,0.03045012,2024-07-30,12
2024-07-30 13:00:00,0.01192928,0.01158211,2024-07-30,13
2024-07-30 14:00:00,0.000640793,0.000622044,2024-07-30,14
2024-07-30 15:00:00,0.01561133,0.0151562,2024-07-30,15
2024-07-30 16:00:00,0.0255938,0.02483298,2024-07-30,16
2024-07-30 17:00:00,0.0231072,0.0223052,2024-07-30,17
2024-07-30 18:00:00,0.001309935,0.0,2024-07-30,18
2024-07-30 19:00:00,0.0,0.0,2024-07-30,19
2024-07-30 20:00:00,0.0,0.0,2024-07-30,20
2024-07-30 21:00:00,0.0,0.0,2024-07-30,21
2024-07-30 22:00:00,0.0,0.0,2024-07-30,22
2024-07-30 23:00:00,0.0,0.0,2024-07-30,23
2024-07-31 00:00:00,0.0,0.0,2024-07-31,0
2024-07-31 01:00:00,0.0,0.0,2024-07-31,1
2024-07-31 02:00:00,0.0,0.0,2024-07-31,2
2024-07-31 03:00:00,0.0,0.0,2024-07-31,3
2024-07-31 04:00:00,0.0,0.0,2024-07-31,4
2024-07-31 05:00:00,0.008430609,0.008140467,2024-07-31,5
2024-07-31 06:00:00,0.03718936,0.03604249,2024-07-31,6
2024-07-31 07:00:00,0.07061882,0.06852783,2024-07-31,7
2024-07-31 08:00:00,0.1311525,0.1273453,2024-07-31,8
2024-07-31 09:00:00,0.1485665,0.1443148,2024-07-31,9
2024-07-31 10:00:00,0.1450349,0.1409037,2024-07-31,10
2024-07-31 11:00:00,0.1198584,0.1164377,2024-07-31,11
2024-07-31 12:00:00,0.1054436,0.1024268,2024-07-31,12
2024-07-31 13:00:00,0.07085145,0.06881142,2024-07-31,13
2024-07-31 14:00:00,0.08763648,0.08510429,2024-07-31,14
2024-07-31 15:00:00,0.07902436,0.07670331,2024-07-31,15
2024-07-31 16:00:00,0.06032594,0.0584696,2024-07-31,16
2024-07-31 17:00:00,0.04231725,0.04060611,2024-07-31,17
2024-07-31 18:00:00,0.000706487,0.0,2024-07-31,18
2024-07-31 19:00:00,0.0,0.0,2024-07-31,19
2024-07-31 20:00:00,0.0,0.0,2024-07-31,20
2024-07-31 21:00:00,0.0,0.0,2024-07-31,21
2024-07-31 22:00:00,0.0,0.0,2024-07-31,22
2024-07-31 23:00:00,0.0,0.0,2024-07-31,23
2024-08-01 00:00:00,0.0,0.0,2024-08-01,0
2024-08-01 01:00:00,0.0,0.0,2024-08-01,1
2024-08-01 02:00:00,0.0,0.0,2024-08-01,2
2024-08-01 03:00:00,0.0,0.0,2024-08-01,3
2024-08-01 04:00:00,0.0,0.0,2024-08-01,4
2024-08-01 05:00:00,0.007309531,0.007062854,2024-08-01,5
2024-08-01 06:00:00,0.02600185,0.02521545,2024-08-01,6
2024-08-01 07:00:00,0.01658655,0.0161023,2024-08-01,7
2024-08-01 08:00:00,0.09970979,0.09682067,2024-08-01,8
2024-08-01 09:00:00,0.1556237,0.1511766,2024-08-01,9
2024-08-01 10:00:00,0.1015503,0.09864359,2024-08-01,10
2024-08-01 11:00:00,0.091963,0.08932909,2024-08-01,11
2024-08-01 12:00:00,0.09912407,0.09628697,2024-08-01,12
2024-08-01 13:00:00,0.1162518,0.1129239,2024-08-01,13
2024-08-01 14:00:00,0.09643342,0.09364979,2024-08-01,14
2024-08-01 15:00:00,0.04132598,0.04012003,2024-08-01,15
2024-08-01 16:00:00,0.03165237,0.03070709,2024-08-01,16
2024-08-01 17:00:00,0.01372735,0.01328361,2024-08-01,17
2024-08-01 18:00:00,0.00081079,0.0,2024-08-01,18
2024-08-01 19:00:00,0.0,0.0,2024-08-01,19
2024-08-01 20:00:00,0.0,0.0,2024-08-01,20
2024-08-01 21:00:00,0.0,0.0,2024-08-01,21
2024-08-01 22:00:00,0.0,0.0,2024-08-01,22
2024-08-01 23:00:00,0.0,0.0,2024-08-01,23
2024-08-02 00:00:00,0.0,0.0,2024-08-02,0
2024-08-02 01:00:00,0.0,0.0,2024-08-02,1
2024-08-02 02:00:00,0.0,0.0,2024-08-02,2
2024-08-02 03:00:00,0.0,0.0,2024-08-02,3
2024-08-02 04:00:00,0.0,0.0,2024-08-02,4
2024-08-02 05:00:00,0.05408625,0.04097579,2024-08-02,5
2024-08-02 06:00:00,0.2147349,0.1847221,2024-08-02,6
2024-08-02 07:00:00,0.4022657,0.3680573,2024-08-02,7
2024-08-02 08:00:00,0.627076,0.594121,2024-08-02,8
2024-08-02 09:00:00,0.8972521,0.8717743,2024-08-02,9
2024-08-02 10:00:00,0.7925817,0.7796305,2024-08-02,10
2024-08-02 11:00:00,0.8873965,0.8775701,2024-08-02,11
2024-08-02 12:00:00,0.9244024,0.9126136,2024-08-02,12
2024-08-02 13:00:00,0.903254,0.8824377,2024-08-02,13
2024-08-02 14:00:00,0.6873094,0.6571968,2024-08-02,14
2024-08-02 15:00:00,0.338665,0.3231297,2024-08-02,15
2024-08-02 16:00:00,0.230833,0.211325,2024-08-02,16
2024-08-02 17:00:00,0.06622506,0.06185822,2024-08-02,17
2024-08-02 18:00:00,0.003745751,0.0,2024-08-02,18
2024-08-02 19:00:00,0.0,0.0,2024-08-02,19
2024-08-02 20:00:00,0.0,0.0,2024-08-02,20
2024-08-02 21:00:00,0.0,0.0,2024-08-02,21
2024-08-02 22:00:00,0.0,0.0,2024-08-02,22
2024-08-02 23:00:00,0.0,0.0,2024-08-02,23
2024-08-03 00:00:00,0.0,0.0,2024-08-03,0
2024-08-03 01:00:00,0.0,0.0,2024-08-03,1
2024-08-03 02:00:00,0.0,0.0,2024-08-03,2
2024-08-03 03:00:00,0.0,0.0,2024-08-03,3
2024-08-03 04:00:00,0.0,0.0,2024-08-03,4
2024-08-03 05:00:00,0.06173139,0.03777674,2024-08-03,5
2024-08-03 06:00:00,0.2273627,0.1913369,2024-08-03,6
2024-08-03 07:00:00,0.4553511,0.4105318,2024-08-03,7
2024-08-03 08:00:00,0.6658691,0.6309773,2024-08-03,8
2024-08-03 09:00:00,0.9331145,0.9084097,2024-08-03,9
2024-08-03 10:00:00,0.8802032,0.8682985,2024-08-03,10
2024-08-03 11:00:00,0.9183534,0.910086,2024-08-03,11
2024-08-03 12:00:00,0.9598538,0.9494863,2024-08-03,12
2024-08-03 13:00:00,0.8335337,0.8157544,2024-08-03,13
2024-08-03 14:00:00,0.8224159,0.7864143,2024-08-03,14
2024-08-03 15:00:00,0.6585196,0.5995996,2024-08-03,15
2024-08-03 16:00:00,0.4046109,0.325995,2024-08-03,16
2024-08-03 17:00:00,0.1426532,0.06923662,2024-08-03,17
2024-08-03 18:00:00,0.005712012,0.0,2024-08-03,18
2024-08-03 19:00:00,0.0,0.0,2024-08-03,19
2024-08-03 20:00:00,0.0,0.0,2024-08-03,20
2024-08-03 21:00:00,0.0,0.0,2024-08-03,21
2024-08-03 22:00:00,0.0,0.0,2024-08-03,22
2024-08-03 23:00:00,0.0,0.0,2024-08-03,23
2024-08-04 00:00:00,0.0,0.0,2024-08-04,0
2024-08-04 01:00:00,0.0,0.0,2024-08-04,1
2024-08-04 02:00:00,0.0,0.0,2024-08-04,2
2024-08-04 03:00:00,0.0,0.0,2024-08-04,3
2024-08-04 04:00:00,0.0,0.0,2024-08-04,4
2024-08-04 05:00:00,0.0664871,0.03317341,2024-08-04,5
2024-08-04 06:00:00,0.2152357,0.1852042,2024-08-04,6
2024-08-04 07:00:00,0.5231171,0.4673276,2024-08-04,7
2024-08-04 08:00:00,0.589982,0.5625441,2024-08-04,8
2024-08-04 09:00:00,0.5566216,0.5426815,2024-08-04,9
2024-08-04 10:00:00,0.8671949,0.8567851,2024-08-04,10
2024-08-04 11:00:00,0.8090326,0.8009306,2024-08-04,11
2024-08-04 12:00:00,0.7871509,0.7775917,2024-08-04,12
2024-08-04 13:00:00,0.5090209,0.4967251,2024-08-04,13
2024-08-04 14:00:00,0.4098797,0.3975151,2024-08-04,14
2024-08-04 15:00:00,0.358429,0.3411035,2024-08-04,15
2024-08-04 16:00:00,0.2707318,0.2384692,2024-08-04,16
2024-08-04 17:00:00,0.1272171,0.07220091,2024-08-04,17
2024-08-04 18:00:00,0.004364674,0.0,2024-08-04,18
2024-08-04 19:00:00,0.0,0.0,2024-08-04,19
2024-08-04 20:00:00,0.0,0.0,2024-08-04,20
2024-08-04 21:00:00,0.0,0.0,2024-08-04,21
2024-08-04 22:00:00,0.0,0.0,2024-08-04,22
2024-08-04 23:00:00,0.0,0.0,2024-08-04,23
2024-08-05 00:00:00,0.0,0.0,2024-08-05,0
2024-08-05 01:00:00,0.0,0.0,2024-08-05,1
2024-08-05 02:00:00,0.0,0.0,2024-08-05,2
2024-08-05 03:00:00,0.0,0.0,2024-08-05,3
2024-08-05 04:00:00,0.0,0.0,2024-08-05,4
2024-08-05 05:00:00,0.07381796,0.02457302,2024-08-05,5
2024-08-05 06:00:00,0.2626096,0.2089627,2024-08-05,6
2024-08-05 07:00:00,0.5252299,0.4706262,2024-08-05,7
2024-08-05 08:00:00,0.6177785,0.5892993,2024-08-05,8
2024-08-05 09:00:00,0.5429433,0.5297481,2024-08-05,9
2024-08-05 10:00:00,0.7520666,0.7422502,2024-08-05,10
2024-08-05 11:00:00,0.8285704,0.8219945,2024-08-05,11
2024-08-05 12:00:00,0.9109275,0.9037876,2024-08-05,12
2024-08-05 13:00:00,0.7954018,0.7810671,2024-08-05,13
2024-08-05 14:00:00,0.6731517,0.6477367,2024-08-05,14
2024-08-05 15:00:00,0.3996672,0.3774028,2024-08-05,15
2024-08-05 16:00:00,0.3136969,0.2654079,2024-08-05,16
2024-08-05 17:00:00,0.1176764,0.07339514,2024-08-05,17
2024-08-05 18:00:00,0.002585773,0.0,2024-08-05,18
2024-08-05 19:00:00,0.0,0.0,2024-08-05,19
2024-08-05 20:00:00,0.0,0.0,2024-08-05,20
2024-08-05 21:00:00,0.0,0.0,2024-08-05,21
2024-08-05 22:00:00,0.0,0.0,2024-08-05,22
2024-08-05 23:00:00,0.0,0.0,2024-08-05,23
2024-08-06 00:00:00,0.0,0.0,2024-08-06,0
2024-08-06 01:00:00,0.0,0.0,2024-08-06,1
2024-08-06 02:00:00,0.0,0.0,2024-08-06,2
2024-08-06 03:00:00,0.0,0.0,2024-08-06,3
2024-08-06 04:00:00,0.0,0.0,2024-08-06,4
2024-08-06 05:00:00,0.01183584,0.01138996,2024-08-06,5
2024-08-06 06:00:00,0.07293576,0.07055502,2024-08-06,6
2024-08-06 07:00:00,0.2122096,0.2051637,2024-08-06,7
2024-08-06 08:00:00,0.2178596,0.211578,2024-08-06,8
2024-08-06 09:00:00,0.598117,0.5846826,2024-08-06,9
2024-08-06 10:00:00,0.6176233,0.606996,2024-08-06,10
2024-08-06 11:00:00,0.4767345,0.465674,2024-08-06,11
2024-08-06 12:00:00,0.7749887,0.7674671,2024-08-06,12
2024-08-06 13:00:00,0.5835818,0.5714654,2024-08-06,13
2024-08-06 14:00:00,0.3055252,0.2968389,2024-08-06,14
2024-08-06 15:00:00,0.2494509,0.2413237,2024-08-06,15
2024-08-06 16:00:00,0.1445882,0.1392474,2024-08-06,16
2024-08-06 17:00:00,0.04937439,0.04716769,2024-08-06,17
2024-08-06 18:00:00,0.001901551,0.0,2024-08-06,18
2024-08-06 19:00:00,0.0,0.0,2024-08-06,19
2024-08-06 20:00:00,0.0,0.0,2024-08-06,20
2024-08-06 21:00:00,0.0,0.0,2024-08-06,21
2024-08-06 22:00:00,0.0,0.0,2024-08-06,22
2024-08-06 23:00:00,0.0,0.0,2024-08-06,23
2024-08-07 00:00:00,0.0,0.0,2024-08-07,0
2024-08-07 01:00:00,0.0,0.0,2024-08-07,1
2024-08-07 02:00:00,0.0,0.0,2024-08-07,2
2024-08-07 03:00:00,0.0,0.0,2024-08-07,3
2024-08-07 04:00:00,0.0,0.0,2024-08-07,4
2024-08-07 05:00:00,0.04256618,0.03641727,2024-08-07,5
2024-08-07 06:00:00,0.1691511,0.1561366,2024-08-07,6
2024-08-07 07:00:00,0.1251793,0.1214412,2024-08-07,7
2024-08-07 08:00:00,0.3135177,0.3043387,2024-08-07,8
2024-08-07 09:00:00,0.5087104,0.4968307,2024-08-07,9
2024-08-07 10:00:00,0.6218463,0.6118305,2024-08-07,10
2024-08-07 11:00:00,0.7118242,0.7044499,2024-08-07,11
2024-08-07 12:00:00,0.4308378,0.4202286,2024-08-07,12
2024-08-07 13:00:00,0.3701817,0.3604106,2024-08-07,13
2024-08-07 14:00:00,0.1061389,0.1030914,2024-08-07,14
2024-08-07 15:00:00,0.103922,0.1008789,2024-08-07,15
2024-08-07 16:00:00,0.177355,0.168755,2024-08-07,16
2024-08-07 17:00:00,0.07007698,0.06366587,2024-08-07,17
2024-08-07 18:00:00,0.002622325,0.0,2024-08-07,18
2024-08-07 19:00:00,0.0,0.0,2024-08-07,19
2024-08-07 20:00:00,0.0,0.0,2024-08-07,20
2024-08-07 21:00:00,0.0,0.0,2024-08-07,21
2024-08-07 22:00:00,0.0,0.0,2024-08-07,22
2024-08-07 23:00:00,0.0,0.0,2024-08-07,23
2024-08-08 00:00:00,0.0,0.0,2024-08-08,0
2024-08-08 01:00:00,0.0,0.0,2024-08-08,1
2024-08-08 02:00:00,0.0,0.0,2024-08-08,2
2024-08-08 03:00:00,0.0,0.0,2024-08-08,3
2024-08-08 04:00:00,0.0,0.0,2024-08-08,4
2024-08-08 05:00:00,0.0487753,0.03698734,2024-08-08,5
2024-08-08 06:00:00,0.1217641,0.1167839,2024-08-08,6
2024-08-08 07:00:00,0.1142153,0.1108228,2024-08-08,7
2024-08-08 08:00:00,0.0825045,0.08012652,2024-08-08,8
2024-08-08 09:00:00,0.2165651,0.2104695,2024-08-08,9
2024-08-08 10:00:00,0.1647955,0.1601464,2024-08-08,10
2024-08-08 11:00:00,0.2757593,0.2681332,2024-08-08,11
2024-08-08 12:00:00,0.288213,0.2802584,2024-08-08,12
2024-08-08 13:00:00,0.1931,0.1876609,2024-08-08,13
2024-08-08 14:00:00,0.1727686,0.1678378,2024-08-08,14
2024-08-08 15:00:00,0.08877192,0.08618069,2024-08-08,15
2024-08-08 16:00:00,0.08157308,0.07902982,2024-08-08,16
2024-08-08 17:00:00,0.01844513,0.01781853,2024-08-08,17
2024-08-08 18:00:00,0.001343424,0.0,2024-08-08,18
2024-08-08 19:00:00,0.0,0.0,2024-08-08,19
2024-08-08 20:00:00,0.0,0.0,2024-08-08,20
2024-08-08 21:00:00,0.0,0.0,2024-08-08,21
2024-08-08 22:00:00,0.0,0.0,2024-08-08,22
2024-08-08 23:00:00,0.0,0.0,2024-08-08,23
2024-08-09 00:00:00,0.0,0.0,2024-08-09,0
2024-08-09 01:00:00,0.0,0.0,2024-08-09,1
2024-08-09 02:00:00,0.0,0.0,2024-08-09,2
2024-08-09 03:00:00,0.0,0.0,2024-08-09,3
2024-08-09 04:00:00,0.0,0.0,2024-08-09,4
2024-08-09 05:00:00,0.03709466,0.03324623,2024-08-09,5
2024-08-09 06:00:00,0.06352528,0.06149826,2024-08-09,6
2024-08-09 07:00:00,0.1578069,0.1530615,2024-08-09,7
2024-08-09 08:00:00,0.5272479,0.5091488,2024-08-09,8
2024-08-09 09:00:00,0.4687091,0.4578374,2024-08-09,9
2024-08-09 10:00:00,0.5601115,0.5501472,2024-08-09,10
2024-08-09 11:00:00,0.5035928,0.4930569,2024-08-09,11
2024-08-09 12:00:00,0.6420382,0.6338565,2024-08-09,12
2024-08-09 13:00:00,0.5439184,0.5332778,2024-08-09,13
2024-08-09 14:00:00,0.3580842,0.3482023,2024-08-09,14
2024-08-09 15:00:00,0.1173172,0.1138853,2024-08-09,15
2024-08-09 16:00:00,0.07837173,0.07594008,2024-08-09,16
2024-08-09 17:00:00,0.02694441,0.02595561,2024-08-09,17
2024-08-09 18:00:00,0.000860857,0.0,2024-08-09,18
2024-08-09 19:00:00,0.0,0.0,2024-08-09,19
2024-08-09 20:00:00,0.0,0.0,2024-08-09,20
2024-08-09 21:00:00,0.0,0.0,2024-08-09,21
2024-08-09 22:00:00,0.0,0.0,2024-08-09,22
2024-08-09 23:00:00,0.0,0.0,2024-08-09,23
2024-08-10 00:00:00,0.0,0.0,2024-08-10,0
2024-08-10 01:00:00,0.0,0.0,2024-08-10,1
2024-08-10 02:00:00,0.0,0.0,2024-08-10,2
2024-08-10 03:00:00,0.0,0.0,2024-08-10,3
2024-08-10 04:00:00,0.0,0.0,2024-08-10,4
2024-08-10 05:00:00,0.01908066,0.01822232,2024-08-10,5
2024-08-10 06:00:00,0.1105734,0.1064981,2024-08-10,6
2024-08-10 07:00:00,0.1488495,0.1444039,2024-08-10,7
2024-08-10 08:00:00,0.1725427,0.1676072,2024-08-10,8
2024-08-10 09:00:00,0.1945198,0.1890466,2024-08-10,9
2024-08-10 10:00:00,0.2295522,0.2231625,2024-08-10,10
2024-08-10 11:00:00,0.295567,0.2874629,2024-08-10,11
2024-08-10 12:00:00,0.2070315,0.2012495,2024-08-10,12
2024-08-10 13:00:00,0.1957855,0.1902882,2024-08-10,13
2024-08-10 14:00:00,0.07741125,0.07518712,2024-08-10,14
2024-08-10 15:00:00,0.05554085,0.05392668,2024-08-10,15
2024-08-10 16:00:00,0.06178065,0.05989715,2024-08-10,16
2024-08-10 17:00:00,0.03388917,0.03256061,2024-08-10,17
2024-08-10 18:00:00,0.000291,0.0,2024-08-10,18
2024-08-10 19:00:00,0.0,0.0,2024-08-10,19
2024-08-10 20:00:00,0.0,0.0,2024-08-10,20
2024-08-10 21:00:00,0.0,0.0,2024-08-10,21
2024-08-10 22:00:00,0.0,0.0,2024-08-10,22
2024-08-10 23:00:00,0.0,0.0,2024-08-10,23
2024-08-11 00:00:00,0.0,0.0,2024-08-11,0
2024-08-11 01:00:00,0.0,0.0,2024-08-11,1
2024-08-11 02:00:00,0.0,0.0,2024-08-11,2
2024-08-11 03:00:00,0.0,0.0,2024-08-11,3
2024-08-11 04:00:00,0.0,0.0,2024-08-11,4
2024-08-11 05:00:00,0.05330466,0.0331408,2024-08-11,5
2024-08-11 06:00:00,0.04850317,0.04699851,2024-08-11,6
2024-08-11 07:00:00,0.1322559,0.1283341,2024-08-11,7
2024-08-11 08:00:00,0.08153217,0.0791879,2024-08-11,8
2024-08-11 09:00:00,0.02202567,0.02138726,2024-08-11,9
2024-08-11 10:00:00,0.04898218,0.04757244,2024-08-11,10
2024-08-11 11:00:00,0.03211667,0.03118849,2024-08-11,11
2024-08-11 12:00:00,0.07693882,0.07473825,2024-08-11,12
2024-08-11 13:00:00,0.1237489,0.1202369,2024-08-11,13
2024-08-11 14:00:00,0.07688253,0.07467495,2024-08-11,14
2024-08-11 15:00:00,0.01961282,0.01904256,2024-08-11,15
2024-08-11 16:00:00,0.04369105,0.04238149,2024-08-11,16
2024-08-11 17:00:00,0.01416778,0.01370099,2024-08-11,17
2024-08-11 18:00:00,0.001228825,0.0,2024-08-11,18
2024-08-11 19:00:00,0.0,0.0,2024-08-11,19
2024-08-11 20:00:00,0.0,0.0,2024-08-11,20
2024-08-11 21:00:00,0.0,0.0,2024-08-11,21
2024-08-11 22:00:00,0.0,0.0,2024-08-11,22
2024-08-11 23:00:00,0.0,0.0,2024-08-11,23
2024-08-12 00:00:00,0.0,0.0,2024-08-12,0
2024-08-12 01:00:00,0.0,0.0,2024-08-12,1
2024-08-12 02:00:00,0.0,0.0,2024-08-12,2
2024-08-12 03:00:00,0.0,0.0,2024-08-12,3
2024-08-12 04:00:00,0.0,0.0,2024-08-12,4
2024-08-12 05:00:00,0.0636758,0.0234619,2024-08-12,5
2024-08-12 06:00:00,0.0943289,0.09116101,2024-08-12,6
2024-08-12 07:00:00,0.4285587,0.3983786,2024-08-12,7
2024-08-12 08:00:00,0.6102866,0.5917435,2024-08-12,8
2024-08-12 09:00:00,0.9036833,0.8972762,2024-08-12,9
2024-08-12 10:00:00,0.9414313,0.9454954,2024-08-12,10
2024-08-12 11:00:00,0.9744911,0.982556,2024-08-12,11
2024-08-12 12:00:00,0.8404569,0.8427896,2024-08-12,12
2024-08-12 13:00:00,0.672075,0.6655419,2024-08-12,13
2024-08-12 14:00:00,0.4263383,0.4155324,2024-08-12,14
2024-08-12 15:00:00,0.3493394,0.3353608,2024-08-12,15
2024-08-12 16:00:00,0.2234126,0.2063963,2024-08-12,16
2024-08-12 17:00:00,0.09854066,0.06669934,2024-08-12,17
2024-08-12 18:00:00,0.001033484,0.0,2024-08-12,18
2024-08-12 19:00:00,0.0,0.0,2024-08-12,19
2024-08-12 20:00:00,0.0,0.0,2024-08-12,20
2024-08-12 21:00:00,0.0,0.0,2024-08-12,21
2024-08-12 22:00:00,0.0,0.0,2024-08-12,22
2024-08-12 23:00:00,0.0,0.0,2024-08-12,23
2024-08-13 00:00:00,0.0,0.0,2024-08-13,0
2024-08-13 01:00:00,0.0,0.0,2024-08-13,1
2024-08-13 02:00:00,0.0,0.0,2024-08-13,2
2024-08-13 03:00:00,0.0,0.0,2024-08-13,3
2024-08-13 04:00:00,0.0,0.0,2024-08-13,4
2024-08-13 05:00:00,0.04775033,0.03341093,2024-08-13,5
2024-08-13 06:00:00,0.2670535,0.2173443,2024-08-13,6
2024-08-13 07:00:00,0.4469098,0.415335,2024-08-13,7
2024-08-13 08:00:00,0.6556374,0.637071,2024-08-13,8
2024-08-13 09:00:00,0.8054665,0.800954,2024-08-13,9
2024-08-13 10:00:00,0.6495519,0.6442982,2024-08-13,10
2024-08-13 11:00:00,0.8111411,0.8144052,2024-08-13,11
2024-08-13 12:00:00,0.8322852,0.8358188,2024-08-13,12
2024-08-13 13:00:00,0.6181414,0.6111165,2024-08-13,13
2024-08-13 14:00:00,0.6815347,0.6672987,2024-08-13,14
2024-08-13 15:00:00,0.5975924,0.5610024,2024-08-13,15
2024-08-13 16:00:00,0.3037415,0.2630481,2024-08-13,16
2024-08-13 17:00:00,0.09754739,0.06522254,2024-08-13,17
2024-08-13 18:00:00,0.000678311,0.0,2024-08-13,18
2024-08-13 19:00:00,0.0,0.0,2024-08-13,19
2024-08-13 20:00:00,0.0,0.0,2024-08-13,20
2024-08-13 21:00:00,0.0,0.0,2024-08-13,21
2024-08-13 22:00:00,0.0,0.0,2024-08-13,22
2024-08-13 23:00:00,0.0,0.0,2024-08-13,23
2024-08-14 00:00:00,0.0,0.0,2024-08-14,0
2024-08-14 01:00:00,0.0,0.0,2024-08-14,1
2024-08-14 02:00:00,0.0,0.0,2024-08-14,2
2024-08-14 03:00:00,0.0,0.0,2024-08-14,3
2024-08-14 04:00:00,0.0,0.0,2024-08-14,4
2024-08-14 05:00:00,0.05779618,0.02616758,2024-08-14,5
2024-08-14 06:00:00,0.2507949,0.2087364,2024-08-14,6
2024-08-14 07:00:00,0.340861,0.3243193,2024-08-14,7
2024-08-14 08:00:00,0.4262351,0.4152063,2024-08-14,8
2024-08-14 09:00:00,0.5856444,0.5780754,2024-08-14,9
2024-08-14 10:00:00,0.6939716,0.6916319,2024-08-14,10
2024-08-14 11:00:00,0.9295444,0.9400427,2024-08-14,11
2024-08-14 12:00:00,0.9141291,0.9226071,2024-08-14,12
2024-08-14 13:00:00,0.9225173,0.9238716,2024-08-14,13
2024-08-14 14:00:00,0.7902637,0.7759537,2024-08-14,14
2024-08-14 15:00:00,0.4677078,0.4437695,2024-08-14,15
2024-08-14 16:00:00,0.2608149,0.2339473,2024-08-14,16
2024-08-14 17:00:00,0.09216829,0.06428089,2024-08-14,17
2024-08-14 18:00:00,0.000813168,0.0,2024-08-14,18
2024-08-14 19:00:00,0.0,0.0,2024-08-14,19
2024-08-14 20:00:00,0.0,0.0,2024-08-14,20
2024-08-14 21:00:00,0.0,0.0,2024-08-14,21
2024-08-14 22:00:00,0.0,0.0,2024-08-14,22
2024-08-14 23:00:00,0.0,0.0,2024-08-14,23
2024-08-15 00:00:00,0.0,0.0,2024-08-15,0
2024-08-15 01:00:00,0.0,0.0,2024-08-15,1
2024-08-15 02:00:00,0.0,0.0,2024-08-15,2
2024-08-15 03:00:00,0.0,0.0,2024-08-15,3
2024-08-15 04:00:00,0.0,0.0,2024-08-15,4
2024-08-15 05:00:00,0.06334972,0.01915369,2024-08-15,5
2024-08-15 06:00:00,0.1345994,0.1283835,2024-08-15,6
2024-08-15 07:00:00,0.168878,0.1638709,2024-08-15,7
2024-08-15 08:00:00,0.2296031,0.2231637,2024-08-15,8
2024-08-15 09:00:00,0.09950418,0.09667482,2024-08-15,9
2024-08-15 10:00:00,0.4919671,0.4828136,2024-08-15,10
2024-08-15 11:00:00,0.6806303,0.6784932,2024-08-15,11
2024-08-15 12:00:00,0.5080439,0.4990678,2024-08-15,12
2024-08-15 13:00:00,0.3556667,0.3466601,2024-08-15,13
2024-08-15 14:00:00,0.08080086,0.07848912,2024-08-15,14
2024-08-15 15:00:00,0.150028,0.1456772,2024-08-15,15
2024-08-15 16:00:00,0.1915226,0.1809592,2024-08-15,16
2024-08-15 17:00:00,0.06542499,0.05777549,2024-08-15,17
2024-08-15 18:00:00,0.000512206,0.0,2024-08-15,18
2024-08-15 19:00:00,0.0,0.0,2024-08-15,19
2024-08-15 20:00:00,0.0,0.0,2024-08-15,20
2024-08-15 21:00:00,0.0,0.0,2024-08-15,21
2024-08-15 22:00:00,0.0,0.0,2024-08-15,22
2024-08-15 23:00:00,0.0,0.0,2024-08-15,23
2024-08-16 00:00:00,0.0,0.0,2024-08-16,0
2024-08-16 01:00:00,0.0,0.0,2024-08-16,1
2024-08-16 02:00:00,0.0,0.0,2024-08-16,2
2024-08-16 03:00:00,0.0,0.0,2024-08-16,3
2024-08-16 04:00:00,0.0,0.0,2024-08-16,4
2024-08-16 05:00:00,0.06701888,0.01393711,2024-08-16,5
2024-08-16 06:00:00,0.3163596,0.2551435,2024-08-16,6
2024-08-16 07:00:00,0.5276199,0.4922708,2024-08-16,7
2024-08-16 08:00:00,0.6378632,0.6249382,2024-08-16,8
2024-08-16 09:00:00,0.8650674,0.8671446,2024-08-16,9
2024-08-16 10:00:00,0.9101679,0.92136,2024-08-16,10
2024-08-16 11:00:00,0.8946757,0.9072603,2024-08-16,11
2024-08-16 12:00:00,0.8422418,0.8510743,2024-08-16,12
2024-08-16 13:00:00,0.7376327,0.7383227,2024-08-16,13
2024-08-16 14:00:00,0.7131408,0.7036674,2024-08-16,14
2024-08-16 15:00:00,0.6084585,0.5768576,2024-08-16,15
2024-08-16 16:00:00,0.2693241,0.240582,2024-08-16,16
2024-08-16 17:00:00,0.08087847,0.06151297,2024-08-16,17
2024-08-16 18:00:00,0.000192593,0.0,2024-08-16,18
2024-08-16 19:00:00,0.0,0.0,2024-08-16,19
2024-08-16 20:00:00,0.0,0.0,2024-08-16,20
2024-08-16 21:00:00,0.0,0.0,2024-08-16,21
2024-08-16 22:00:00,0.0,0.0,2024-08-16,22
2024-08-16 23:00:00,0.0,0.0,2024-08-16,23
2024-08-17 00:00:00,0.0,0.0,2024-08-17,0
2024-08-17 01:00:00,0.0,0.0,2024-08-17,1
2024-08-17 02:00:00,0.0,0.0,2024-08-17,2
2024-08-17 03:00:00,0.0,0.0,2024-08-17,3
2024-08-17 04:00:00,0.0,0.0,2024-08-17,4
2024-08-17 05:00:00,0.02209569,0.0209702,2024-08-17,5
2024-08-17 06:00:00,0.1454814,0.1378996,2024-08-17,6
2024-08-17 07:00:00,0.2601882,0.2514299,2024-08-17,7
2024-08-17 08:00:00,0.3316807,0.3231645,2024-08-17,8
2024-08-17 09:00:00,0.415982,0.4070032,2024-08-17,9
2024-08-17 10:00:00,0.3446521,0.3357563,2024-08-17,10
2024-08-17 11:00:00,0.4233782,0.4137241,2024-08-17,11
2024-08-17 12:00:00,0.4497551,0.4403667,2024-08-17,12
2024-08-17 13:00:00,0.6414376,0.6389261,2024-08-17,13
2024-08-17 14:00:00,0.492822,0.4839347,2024-08-17,14
2024-08-17 15:00:00,0.3938203,0.378783,2024-08-17,15
2024-08-17 16:00:00,0.1831262,0.1738729,2024-08-17,16
2024-08-17 17:00:00,0.04189824,0.03993414,2024-08-17,17
2024-08-17 18:00:00,0.000104857,0.0,2024-08-17,18
2024-08-17 19:00:00,0.0,0.0,2024-08-17,19
2024-08-17 20:00:00,0.0,0.0,2024-08-17,20
2024-08-17 21:00:00,0.0,0.0,2024-08-17,21
2024-08-17 22:00:00,0.0,0.0,2024-08-17,22
2024-08-17 23:00:00,0.0,0.0,2024-08-17,23
2024-08-18 00:00:00,0.0,0.0,2024-08-18,0
2024-08-18 01:00:00,0.0,0.0,2024-08-18,1
2024-08-18 02:00:00,0.0,0.0,2024-08-18,2
2024-08-18 03:00:00,0.0,0.0,2024-08-18,3
2024-08-18 04:00:00,0.0,0.0,2024-08-18,4
2024-08-18 05:00:00,0.03510716,0.02999242,2024-08-18,5
2024-08-18 06:00:00,0.1701188,0.1580403,2024-08-18,6
2024-08-18 07:00:00,0.4763843,0.4492231,2024-08-18,7
2024-08-18 08:00:00,0.6462704,0.636843,2024-08-18,8
2024-08-18 09:00:00,0.9103491,0.917361,2024-08-18,9
2024-08-18 10:00:00,0.9730082,0.9904684,2024-08-18,10
2024-08-18 11:00:00,1.087692,1.111484,2024-08-18,11
2024-08-18 12:00:00,0.78331,0.7915134,2024-08-18,12
2024-08-18 13:00:00,0.740241,0.7440789,2024-08-18,13
2024-08-18 14:00:00,0.5590854,0.5517813,2024-08-18,14
2024-08-18 15:00:00,0.35411,0.3421381,2024-08-18,15
2024-08-18 16:00:00,0.2981826,0.2623644,2024-08-18,16
2024-08-18 17:00:00,0.09425304,0.05631674,2024-08-18,17
2024-08-18 18:00:00,9.68362e-05,0.0,2024-08-18,18
2024-08-18 19:00:00,0.0,0.0,2024-08-18,19
2024-08-18 20:00:00,0.0,0.0,2024-08-18,20
2024-08-18 21:00:00,0.0,0.0,2024-08-18,21
2024-08-18 22:00:00,0.0,0.0,2024-08-18,22
2024-08-18 23:00:00,0.0,0.0,2024-08-18,23
2024-08-19 00:00:00,0.0,0.0,2024-08-19,0
2024-08-19 01:00:00,0.0,0.0,2024-08-19,1
2024-08-19 02:00:00,0.0,0.0,2024-08-19,2
2024-08-19 03:00:00,0.0,0.0,2024-08-19,3
2024-08-19 04:00:00,0.0,0.0,2024-08-19,4
2024-08-19 05:00:00,0.028273,0.02602319,2024-08-19,5
2024-08-19 06:00:00,0.1970025,0.1780756,2024-08-19,6
2024-08-19 07:00:00,0.3868907,0.3694318,2024-08-19,7
2024-08-19 08:00:00,0.4937473,0.4853762,2024-08-19,8
2024-08-19 09:00:00,0.5910545,0.5878403,2024-08-19,9
2024-08-19 10:00:00,0.7632753,0.7713554,2024-08-19,10
2024-08-19 11:00:00,0.798789,0.8097779,2024-08-19,11
2024-08-19 12:00:00,0.9599126,0.9802492,2024-08-19,12
2024-08-19 13:00:00,0.7797136,0.7872016,2024-08-19,13
2024-08-19 14:00:00,0.6153213,0.6102327,2024-08-19,14
2024-08-19 15:00:00,0.3486631,0.3374297,2024-08-19,15
2024-08-19 16:00:00,0.2171271,0.2022015,2024-08-19,16
2024-08-19 17:00:00,0.07164713,0.05651353,2024-08-19,17
2024-08-19 18:00:00,1.6221e-05,0.0,2024-08-19,18
2024-08-19 19:00:00,0.0,0.0,2024-08-19,19
2024-08-19 20:00:00,0.0,0.0,2024-08-19,20
2024-08-19 21:00:00,0.0,0.0,2024-08-19,21
2024-08-19 22:00:00,0.0,0.0,2024-08-19,22
2024-08-19 23:00:00,0.0,0.0,2024-08-19,23
2024-08-20 00:00:00,0.0,0.0,2024-08-20,0
2024-08-20 01:00:00,0.0,0.0,2024-08-20,1
2024-08-20 02:00:00,0.0,0.0,2024-08-20,2
2024-08-20 03:00:00,0.0,0.0,2024-08-20,3
2024-08-20 04:00:00,0.0,0.0,2024-08-20,4
2024-08-20 05:00:00,0.05284852,0.02255626,2024-08-20,5
2024-08-20 06:00:00,0.07309919,0.07080688,2024-08-20,6
2024-08-20 07:00:00,0.1081811,0.1050559,2024-08-20,7
2024-08-20 08:00:00,0.1326752,0.1289325,2024-08-20,8
2024-08-20 09:00:00,0.2612849,0.2542032,2024-08-20,9
2024-08-20 10:00:00,0.2501572,0.2433484,2024-08-20,10
2024-08-20 11:00:00,0.2772131,0.2697243,2024-08-20,11
2024-08-20 12:00:00,0.2663694,0.2591515,2024-08-20,12
2024-08-20 13:00:00,0.2317266,0.2253819,2024-08-20,13
2024-08-20 14:00:00,0.09550024,0.09278873,2024-08-20,14
2024-08-20 15:00:00,0.05531657,0.05372226,2024-08-20,15
2024-08-20 16:00:00,0.08212548,0.07962256,2024-08-20,16
2024-08-20 17:00:00,0.04164409,0.03947134,2024-08-20,17
2024-08-20 18:00:00,1.30857e-07,0.0,2024-08-20,18
2024-08-20 19:00:00,0.0,0.0,2024-08-20,19
2024-08-20 20:00:00,0.0,0.0,2024-08-20,20
2024-08-20 21:00:00,0.0,0.0,2024-08-20,21
2024-08-20 22:00:00,0.0,0.0,2024-08-20,22
2024-08-20 23:00:00,0.0,0.0,2024-08-20,23
2024-08-21 00:00:00,0.0,0.0,2024-08-21,0
2024-08-21 01:00:00,0.0,0.0,2024-08-21,1
2024-08-21 02:00:00,0.0,0.0,2024-08-21,2
2024-08-21 03:00:00,0.0,0.0,2024-08-21,3
2024-08-21 04:00:00,0.0,0.0,2024-08-21,4
2024-08-21 05:00:00,0.04716569,0.02607789,2024-08-21,5
2024-08-21 06:00:00,0.02779811,0.02697176,2024-08-21,6
2024-08-21 07:00:00,0.04166782,0.04046308,2024-08-21,7
2024-08-21 08:00:00,0.01047848,0.01017393,2024-08-21,8
2024-08-21 09:00:00,0.01316621,0.01278392,2024-08-21,9
2024-08-21 10:00:00,0.027356,0.02656574,2024-08-21,10
2024-08-21 11:00:00,0.09014568,0.08758914,2024-08-21,11
2024-08-21 12:00:00,0.2995384,0.2915648,2024-08-21,12
2024-08-21 13:00:00,0.2338656,0.2274802,2024-08-21,13
2024-08-21 14:00:00,0.1639891,0.1594111,2024-08-21,14
2024-08-21 15:00:00,0.1514677,0.1471456,2024-08-21,15
2024-08-21 16:00:00,0.155236,0.149163,2024-08-21,16
2024-08-21 17:00:00,0.03144756,0.03013438,2024-08-21,17
2024-08-21 18:00:00,0.0,0.0,2024-08-21,18
2024-08-21 19:00:00,0.0,0.0,2024-08-21,19
2024-08-21 20:00:00,0.0,0.0,2024-08-21,20
2024-08-21 21:00:00,0.0,0.0,2024-08-21,21
2024-08-21 22:00:00,0.0,0.0,2024-08-21,22
2024-08-21 23:00:00,0.0,0.0,2024-08-21,23
2024-08-22 00:00:00,0.0,0.0,2024-08-22,0
2024-08-22 01:00:00,0.0,0.0,2024-08-22,1
2024-08-22 02:00:00,0.0,0.0,2024-08-22,2
2024-08-22 03:00:00,0.0,0.0,2024-08-22,3
2024-08-22 04:00:00,0.0,0.0,2024-08-22,4
2024-08-22 05:00:00,0.05151378,0.02119795,2024-08-22,5
2024-08-22 06:00:00,0.1882536,0.1729521,2024-08-22,6
2024-08-22 07:00:00,0.220328,0.2139405,2024-08-22,7
2024-08-22 08:00:00,0.3234864,0.315799,2024-08-22,8
2024-08-22 09:00:00,0.3918624,0.3835949,2024-08-22,9
2024-08-22 10:00:00,0.4610647,0.4528943,2024-08-22,10
2024-08-22 11:00:00,0.5928682,0.589927,2024-08-22,11
2024-08-22 12:00:00,0.5347127,0.5289619,2024-08-22,12
2024-08-22 13:00:00,0.4656194,0.4585031,2024-08-22,13
2024-08-22 14:00:00,0.3902984,0.382688,2024-08-22,14
2024-08-22 15:00:00,0.2995824,0.291279,2024-08-22,15
2024-08-22 16:00:00,0.1428886,0.1377722,2024-08-22,16
2024-08-22 17:00:00,0.02501726,0.02403796,2024-08-22,17
2024-08-22 18:00:00,0.0,0.0,2024-08-22,18
2024-08-22 19:00:00,0.0,0.0,2024-08-22,19
2024-08-22 20:00:00,0.0,0.0,2024-08-22,20
2024-08-22 21:00:00,0.0,0.0,2024-08-22,21
2024-08-22 22:00:00,0.0,0.0,2024-08-22,22
2024-08-22 23:00:00,0.0,0.0,2024-08-22,23
2024-08-23 00:00:00,0.0,0.0,2024-08-23,0
2024-08-23 01:00:00,0.0,0.0,2024-08-23,1
2024-08-23 02:00:00,0.0,0.0,2024-08-23,2
2024-08-23 03:00:00,0.0,0.0,2024-08-23,3
2024-08-23 04:00:00,0.0,0.0,2024-08-23,4
2024-08-23 05:00:00,0.03335603,0.02779116,2024-08-23,5
2024-08-23 06:00:00,0.03445744,0.03343062,2024-08-23,6
2024-08-23 07:00:00,0.03589942,0.03486243,2024-08-23,7
2024-08-23 08:00:00,0.1357434,0.131938,2024-08-23,8
2024-08-23 09:00:00,0.4374487,0.4301278,2024-08-23,9
2024-08-23 10:00:00,0.4549449,0.4468404,2024-08-23,10
2024-08-23 11:00:00,0.3297491,0.3212254,2024-08-23,11
2024-08-23 12:00:00,0.4633204,0.4552576,2024-08-23,12
2024-08-23 13:00:00,0.3066971,0.2987857,2024-08-23,13
2024-08-23 14:00:00,0.4680381,0.4626871,2024-08-23,14
2024-08-23 15:00:00,0.3480694,0.3388263,2024-08-23,15
2024-08-23 16:00:00,0.1825161,0.1736755,2024-08-23,16
2024-08-23 17:00:00,0.07432191,0.04975389,2024-08-23,17
2024-08-23 18:00:00,0.0,0.0,2024-08-23,18
2024-08-23 19:00:00,0.0,0.0,2024-08-23,19
2024-08-23 20:00:00,0.0,0.0,2024-08-23,20
2024-08-23 21:00:00,0.0,0.0,2024-08-23,21
2024-08-23 22:00:00,0.0,0.0,2024-08-23,22
2024-08-23 23:00:00,0.0,0.0,2024-08-23,23
2024-08-24 00:00:00,0.0,0.0,2024-08-24,0
2024-08-24 01:00:00,0.0,0.0,2024-08-24,1
2024-08-24 02:00:00,0.0,0.0,2024-08-24,2
2024-08-24 03:00:00,0.0,0.0,2024-08-24,3
2024-08-24 04:00:00,0.0,0.0,2024-08-24,4
2024-08-24 05:00:00,0.04675572,0.02303927,2024-08-24,5
2024-08-24 06:00:00,0.08174237,0.07919879,2024-08-24,6
2024-08-24 07:00:00,0.1033106,0.1003562,2024-08-24,7
2024-08-24 08:00:00,0.03324485,0.03228749,2024-08-24,8
2024-08-24 09:00:00,0.1668336,0.1622187,2024-08-24,9
2024-08-24 10:00:00,0.3305799,0.3221737,2024-08-24,10
2024-08-24 11:00:00,0.5761765,0.5731871,2024-08-24,11
2024-08-24 12:00:00,0.61091,0.6113137,2024-08-24,12
2024-08-24 13:00:00,0.2456911,0.2390537,2024-08-24,13
2024-08-24 14:00:00,0.1420442,0.1380804,2024-08-24,14
2024-08-24 15:00:00,0.2121692,0.2063145,2024-08-24,15
2024-08-24 16:00:00,0.1183062,0.1145529,2024-08-24,16
2024-08-24 17:00:00,0.01086094,0.01049888,2024-08-24,17
2024-08-24 18:00:00,0.0,0.0,2024-08-24,18
2024-08-24 19:00:00,0.0,0.0,2024-08-24,19
2024-08-24 20:00:00,0.0,0.0,2024-08-24,20
2024-08-24 21:00:00,0.0,0.0,2024-08-24,21
2024-08-24 22:00:00,0.0,0.0,2024-08-24,22
2024-08-24 23:00:00,0.0,0.0,2024-08-24,23
2024-08-25 00:00:00,0.0,0.0,2024-08-25,0
2024-08-25 01:00:00,0.0,0.0,2024-08-25,1
2024-08-25 02:00:00,0.0,0.0,2024-08-25,2
2024-08-25 03:00:00,0.0,0.0,2024-08-25,3
2024-08-25 04:00:00,0.0,0.0,2024-08-25,4
2024-08-25 05:00:00,0.02515585,0.02318617,2024-08-25,5
2024-08-25 06:00:00,0.04997393,0.04847245,2024-08-25,6
2024-08-25 07:00:00,0.2292272,0.2229074,2024-08-25,7
2024-08-25 08:00:00,0.4744312,0.47086,2024-08-25,8
2024-08-25 09:00:00,0.596756,0.5996702,2024-08-25,9
2024-08-25 10:00:00,0.7088342,0.7201661,2024-08-25,10
2024-08-25 11:00:00,0.8841947,0.9133967,2024-08-25,11
2024-08-25 12:00:00,0.5853209,0.5843393,2024-08-25,12
2024-08-25 13:00:00,0.6917365,0.7028949,2024-08-25,13
2024-08-25 14:00:00,0.3895405,0.3828743,2024-08-25,14
2024-08-25 15:00:00,0.2421812,0.2357479,2024-08-25,15
2024-08-25 16:00:00,0.1977712,0.1871269,2024-08-25,16
2024-08-25 17:00:00,0.07007572,0.04622568,2024-08-25,17
2024-08-25 18:00:00,0.0,0.0,2024-08-25,18
2024-08-25 19:00:00,0.0,0.0,2024-08-25,19
2024-08-25 20:00:00,0.0,0.0,2024-08-25,20
2024-08-25 21:00:00,0.0,0.0,2024-08-25,21
2024-08-25 22:00:00,0.0,0.0,2024-08-25,22
2024-08-25 23:00:00,0.0,0.0,2024-08-25,23
2024-08-26 00:00:00,0.0,0.0,2024-08-26,0
2024-08-26 01:00:00,0.0,0.0,2024-08-26,1
2024-08-26 02:00:00,0.0,0.0,2024-08-26,2
2024-08-26 03:00:00,0.0,0.0,2024-08-26,3
2024-08-26 04:00:00,0.0,0.0,2024-08-26,4
2024-08-26 05:00:00,0.03910361,0.02588932,2024-08-26,5
2024-08-26 06:00:00,0.03968763,0.03850819,2024-08-26,6
2024-08-26 07:00:00,0.03338698,0.0324244,2024-08-26,7
2024-08-26 08:00:00,0.07012089,0.06812783,2024-08-26,8
2024-08-26 09:00:00,0.04288981,0.04165958,2024-08-26,9
2024-08-26 10:00:00,0.1265355,0.123,2024-08-26,10
2024-08-26 11:00:00,0.05756862,0.05592417,2024-08-26,11
2024-08-26 12:00:00,0.09568711,0.0929874,2024-08-26,12
2024-08-26 13:00:00,0.02987562,0.02901455,2024-08-26,13
2024-08-26 14:00:00,0.1078563,0.1048268,2024-08-26,14
2024-08-26 15:00:00,0.08637741,0.08392085,2024-08-26,15
2024-08-26 16:00:00,0.01214761,0.01179339,2024-08-26,16
2024-08-26 17:00:00,0.007706756,0.007457985,2024-08-26,17
2024-08-26 18:00:00,0.0,0.0,2024-08-26,18
2024-08-26 19:00:00,0.0,0.0,2024-08-26,19
2024-08-26 20:00:00,0.0,0.0,2024-08-26,20
2024-08-26 21:00:00,0.0,0.0,2024-08-26,21
2024-08-26 22:00:00,0.0,0.0,2024-08-26,22
2024-08-26 23:00:00,0.0,0.0,2024-08-26,23
2024-08-27 00:00:00,0.0,0.0,2024-08-27,0
2024-08-27 01:00:00,0.0,0.0,2024-08-27,1
2024-08-27 02:00:00,0.0,0.0,2024-08-27,2
2024-08-27 03:00:00,0.0,0.0,2024-08-27,3
2024-08-27 04:00:00,0.0,0.0,2024-08-27,4
2024-08-27 05:00:00,0.05262777,0.0134946,2024-08-27,5
2024-08-27 06:00:00,0.2211967,0.2011234,2024-08-27,6
2024-08-27 07:00:00,0.3813732,0.3731122,2024-08-27,7
2024-08-27 08:00:00,0.5398825,0.5422174,2024-08-27,8
2024-08-27 09:00:00,0.5575123,0.5589235,2024-08-27,9
2024-08-27 10:00:00,0.8354932,0.8639574,2024-08-27,10
2024-08-27 11:00:00,0.88425,0.9176207,2024-08-27,11
2024-08-27 12:00:00,0.9292019,0.9660333,2024-08-27,12
2024-08-27 13:00:00,0.7722902,0.7944683,2024-08-27,13
2024-08-27 14:00:00,0.4510303,0.4476362,2024-08-27,14
2024-08-27 15:00:00,0.489498,0.4829292,2024-08-27,15
2024-08-27 16:00:00,0.2368446,0.2205656,2024-08-27,16
2024-08-27 17:00:00,0.03708382,0.03459301,2024-08-27,17
2024-08-27 18:00:00,0.0,0.0,2024-08-27,18
2024-08-27 19:00:00,0.0,0.0,2024-08-27,19
2024-08-27 20:00:00,0.0,0.0,2024-08-27,20
2024-08-27 21:00:00,0.0,0.0,2024-08-27,21
2024-08-27 22:00:00,0.0,0.0,2024-08-27,22
2024-08-27 23:00:00,0.0,0.0,2024-08-27,23
2024-08-28 00:00:00,0.0,0.0,2024-08-28,0
2024-08-28 01:00:00,0.0,0.0,2024-08-28,1
2024-08-28 02:00:00,0.0,0.0,2024-08-28,2
2024-08-28 03:00:00,0.0,0.0,2024-08-28,3
2024-08-28 04:00:00,0.0,0.0,2024-08-28,4
2024-08-28 05:00:00,0.02117695,0.01988565,2024-08-28,5
2024-08-28 06:00:00,0.09657042,0.09355293,2024-08-28,6
2024-08-28 07:00:00,0.2388715,0.2327954,2024-08-28,7
2024-08-28 08:00:00,0.03771389,0.03663162,2024-08-28,8
2024-08-28 09:00:00,0.1460545,0.1420142,2024-08-28,9
2024-08-28 10:00:00,0.156547,0.1522252,2024-08-28,10
2024-08-28 11:00:00,0.1253143,0.1218168,2024-08-28,11
2024-08-28 12:00:00,0.06933097,0.0673606,2024-08-28,12
2024-08-28 13:00:00,0.237679,0.2313085,2024-08-28,13
2024-08-28 14:00:00,0.2126755,0.2069363,2024-08-28,14
2024-08-28 15:00:00,0.105828,0.1028448,2024-08-28,15
2024-08-28 16:00:00,0.03636901,0.03530543,2024-08-28,16
2024-08-28 17:00:00,0.02490283,0.02384968,2024-08-28,17
2024-08-28 18:00:00,0.0,0.0,2024-08-28,18
2024-08-28 19:00:00,0.0,0.0,2024-08-28,19
2024-08-28 20:00:00,0.0,0.0,2024-08-28,20
2024-08-28 21:00:00,0.0,0.0,2024-08-28,21
2024-08-28 22:00:00,0.0,0.0,2024-08-28,22
2024-08-28 23:00:00,0.0,0.0,2024-08-28,23
2024-08-29 00:00:00,0.0,0.0,2024-08-29,0
2024-08-29 01:00:00,0.0,0.0,2024-08-29,1
2024-08-29 02:00:00,0.0,0.0,2024-08-29,2
2024-08-29 03:00:00,0.0,0.0,2024-08-29,3
2024-08-29 04:00:00,0.0,0.0,2024-08-29,4
2024-08-29 05:00:00,0.05208996,0.0115665,2024-08-29,5
2024-08-29 06:00:00,0.1134909,0.1097354,2024-08-29,6
2024-08-29 07:00:00,0.2885708,0.2823522,2024-08-29,7
2024-08-29 08:00:00,0.30104,0.294322,2024-08-29,8
2024-08-29 09:00:00,0.2534018,0.2466921,2024-08-29,9
2024-08-29 10:00:00,0.1561877,0.1518812,2024-08-29,10
2024-08-29 11:00:00,0.4083507,0.3999057,2024-08-29,11
2024-08-29 12:00:00,0.3413275,0.3330012,2024-08-29,12
2024-08-29 13:00:00,0.2803109,0.273051,2024-08-29,13
2024-08-29 14:00:00,0.1972774,0.1919338,2024-08-29,14
2024-08-29 15:00:00,0.1611068,0.1566525,2024-08-29,15
2024-08-29 16:00:00,0.1011925,0.09815743,2024-08-29,16
2024-08-29 17:00:00,0.0220039,0.02109911,2024-08-29,17
2024-08-29 18:00:00,0.0,0.0,2024-08-29,18
2024-08-29 19:00:00,0.0,0.0,2024-08-29,19
2024-08-29 20:00:00,0.0,0.0,2024-08-29,20
2024-08-29 21:00:00,0.0,0.0,2024-08-29,21
2024-08-29 22:00:00,0.0,0.0,2024-08-29,22
2024-08-29 23:00:00,0.0,0.0,2024-08-29,23
2024-08-30 00:00:00,0.0,0.0,2024-08-30,0
2024-08-30 01:00:00,0.0,0.0,2024-08-30,1
2024-08-30 02:00:00,0.0,0.0,2024-08-30,2
2024-08-30 03:00:00,0.0,0.0,2024-08-30,3
2024-08-30 04:00:00,0.0,0.0,2024-08-30,4
2024-08-30 05:00:00,0.03617541,0.02403342,2024-08-30,5
2024-08-30 06:00:00,0.02767244,0.0268628,2024-08-30,6
2024-08-30 07:00:00,0.06315065,0.06135391,2024-08-30,7
2024-08-30 08:00:00,0.09624116,0.09354287,2024-08-30,8
2024-08-30 09:00:00,0.1206402,0.1172827,2024-08-30,9
2024-08-30 10:00:00,0.1048974,0.1019568,2024-08-30,10
2024-08-30 11:00:00,0.1010068,0.09816974,2024-08-30,11
2024-08-30 12:00:00,0.1078347,0.1048145,2024-08-30,12
2024-08-30 13:00:00,0.07538576,0.07325274,2024-08-30,13
2024-08-30 14:00:00,0.09477641,0.09211755,2024-08-30,14
2024-08-30 15:00:00,0.03328412,0.03232803,2024-08-30,15
2024-08-30 16:00:00,0.006511266,0.006321625,2024-08-30,16
2024-08-30 17:00:00,0.000625548,0.000607109,2024-08-30,17
2024-08-30 18:00:00,0.0,0.0,2024-08-30,18
2024-08-30 19:00:00,0.0,0.0,2024-08-30,19
2024-08-30 20:00:00,0.0,0.0,2024-08-30,20
2024-08-30 21:00:00,0.0,0.0,2024-08-30,21
2024-08-30 22:00:00,0.0,0.0,2024-08-30,22
2024-08-30 23:00:00,0.0,0.0,2024-08-30,23
2024-08-31 00:00:00,0.0,0.0,2024-08-31,0
2024-08-31 01:00:00,0.0,0.0,2024-08-31,1
2024-08-31 02:00:00,0.0,0.0,2024-08-31,2
2024-08-31 03:00:00,0.0,0.0,2024-08-31,3
2024-08-31 04:00:00,0.0,0.0,2024-08-31,4
2024-08-31 05:00:00,0.03280892,0.02423937,2024-08-31,5
2024-08-31 06:00:00,0.07710899,0.07481244,2024-08-31,6
2024-08-31 07:00:00,0.09723449,0.09450363,2024-08-31,7
2024-08-31 08:00:00,0.1494521,0.1453533,2024-08-31,8
2024-08-31 09:00:00,0.06500769,0.06316284,2024-08-31,9
2024-08-31 10:00:00,0.2205738,0.2146523,2024-08-31,10
2024-08-31 11:00:00,0.1513451,0.1471725,2024-08-31,11
2024-08-31 12:00:00,0.4413926,0.4344026,2024-08-31,12
2024-08-31 13:00:00,0.1403027,0.1364305,2024-08-31,13
2024-08-31 14:00:00,0.2858719,0.2792237,2024-08-31,14
2024-08-31 15:00:00,0.2213627,0.2158906,2024-08-31,15
2024-08-31 16:00:00,0.1405054,0.1359036,2024-08-31,16
2024-08-31 17:00:00,0.02657133,0.02526442,2024-08-31,17
2024-08-31 18:00:00,0.0,0.0,2024-08-31,18
2024-08-31 19:00:00,0.0,0.0,2024-08-31,19
2024-08-31 20:00:00,0.0,0.0,2024-08-31,20
2024-08-31 21:00:00,0.0,0.0,2024-08-31,21
2024-08-31 22:00:00,0.0,0.0,2024-08-31,22
2024-08-31 23:00:00,0.0,0.0,2024-08-31,23
2024-09-01 00:00:00,0.0,0.0,2024-09-01,0
2024-09-01 01:00:00,0.0,0.0,2024-09-01,1
2024-09-01 02:00:00,0.0,0.0,2024-09-01,2
2024-09-01 03:00:00,0.0,0.0,2024-09-01,3
2024-09-01 04:00:00,0.0,0.0,2024-09-01,4
2024-09-01 05:00:00,0.04467323,0.0155528,2024-09-01,5
2024-09-01 06:00:00,0.03073775,0.02984168,2024-09-01,6
2024-09-01 07:00:00,0.04007378,0.03892752,2024-09-01,7
2024-09-01 08:00:00,0.136302,0.1325531,2024-09-01,8
2024-09-01 09:00:00,0.2534115,0.2467701,2024-09-01,9
2024-09-01 10:00:00,0.2210616,0.215141,2024-09-01,10
2024-09-01 11:00:00,0.2530297,0.2463265,2024-09-01,11
2024-09-01 12:00:00,0.1512859,0.1471238,2024-09-01,12
2024-09-01 13:00:00,0.2488251,0.2422727,2024-09-01,13
2024-09-01 14:00:00,0.1772045,0.1724111,2024-09-01,14
2024-09-01 15:00:00,0.1006684,0.09785558,2024-09-01,15
2024-09-01 16:00:00,0.05040701,0.04894153,2024-09-01,16
2024-09-01 17:00:00,0.01875827,0.0179891,2024-09-01,17
2024-09-01 18:00:00,0.0,0.0,2024-09-01,18
2024-09-01 19:00:00,0.0,0.0,2024-09-01,19
2024-09-01 20:00:00,0.0,0.0,2024-09-01,20
2024-09-01 21:00:00,0.0,0.0,2024-09-01,21
2024-09-01 22:00:00,0.0,0.0,2024-09-01,22
2024-09-01 23:00:00,0.0,0.0,2024-09-01,23
2024-09-02 00:00:00,0.0,0.0,2024-09-02,0
2024-09-02 01:00:00,0.0,0.0,2024-09-02,1
2024-09-02 02:00:00,0.0,0.0,2024-09-02,2
2024-09-02 03:00:00,0.0,0.0,2024-09-02,3
2024-09-02 04:00:00,0.0,0.0,2024-09-02,4
2024-09-02 05:00:00,0.03299934,0.0230483,2024-09-02,5
2024-09-02 06:00:00,0.08200571,0.07959031,2024-09-02,6
2024-09-02 07:00:00,0.081704,0.07940879,2024-09-02,7
2024-09-02 08:00:00,0.2574659,0.2511939,2024-09-02,8
2024-09-02 09:00:00,0.5219936,0.5246761,2024-09-02,9
2024-09-02 10:00:00,0.6029445,0.610164,2024-09-02,10
2024-09-02 11:00:00,0.4017953,0.3937311,2024-09-02,11
2024-09-02 12:00:00,0.3475824,0.3394645,2024-09-02,12
2024-09-02 13:00:00,0.1631714,0.1587234,2024-09-02,13
2024-09-02 14:00:00,0.1784039,0.1735952,2024-09-02,14
2024-09-02 15:00:00,0.1112992,0.1082112,2024-09-02,15
2024-09-02 16:00:00,0.04386213,0.04259111,2024-09-02,16
2024-09-02 17:00:00,0.014018,0.0134832,2024-09-02,17
2024-09-02 18:00:00,0.0,0.0,2024-09-02,18
2024-09-02 19:00:00,0.0,0.0,2024-09-02,19
2024-09-02 20:00:00,0.0,0.0,2024-09-02,20
2024-09-02 21:00:00,0.0,0.0,2024-09-02,21
2024-09-02 22:00:00,0.0,0.0,2024-09-02,22
2024-09-02 23:00:00,0.0,0.0,2024-09-02,23
2024-09-03 00:00:00,0.0,0.0,2024-09-03,0
2024-09-03 01:00:00,0.0,0.0,2024-09-03,1
2024-09-03 02:00:00,0.0,0.0,2024-09-03,2
2024-09-03 03:00:00,0.0,0.0,2024-09-03,3
2024-09-03 04:00:00,0.0,0.0,2024-09-03,4
2024-09-03 05:00:00,0.0441002,0.01378632,2024-09-03,5
2024-09-03 06:00:00,0.1459222,0.1408982,2024-09-03,6
2024-09-03 07:00:00,0.1228075,0.1194261,2024-09-03,7
2024-09-03 08:00:00,0.1881846,0.1831538,2024-09-03,8
2024-09-03 09:00:00,0.342054,0.3348371,2024-09-03,9
2024-09-03 10:00:00,0.3874023,0.379664,2024-09-03,10
2024-09-03 11:00:00,0.6027774,0.6088419,2024-09-03,11
2024-09-03 12:00:00,0.3340033,0.3260054,2024-09-03,12
2024-09-03 13:00:00,0.557301,0.5644261,2024-09-03,13
2024-09-03 14:00:00,0.4950048,0.5018122,2024-09-03,14
2024-09-03 15:00:00,0.2146902,0.2095933,2024-09-03,15
2024-09-03 16:00:00,0.1678709,0.1622202,2024-09-03,16
2024-09-03 17:00:00,0.0178867,0.01713559,2024-09-03,17
2024-09-03 18:00:00,0.0,0.0,2024-09-03,18
2024-09-03 19:00:00,0.0,0.0,2024-09-03,19
2024-09-03 20:00:00,0.0,0.0,2024-09-03,20
2024-09-03 21:00:00,0.0,0.0,2024-09-03,21
2024-09-03 22:00:00,0.0,0.0,2024-09-03,22
2024-09-03 23:00:00,0.0,0.0,2024-09-03,23
2024-09-04 00:00:00,0.0,0.0,2024-09-04,0
2024-09-04 01:00:00,0.0,0.0,2024-09-04,1
2024-09-04 02:00:00,0.0,0.0,2024-09-04,2
2024-09-04 03:00:00,0.0,0.0,2024-09-04,3
2024-09-04 04:00:00,0.0,0.0,2024-09-04,4
2024-09-04 05:00:00,0.04375964,0.01297784,2024-09-04,5
2024-09-04 06:00:00,0.148987,0.1440635,2024-09-04,6
2024-09-04 07:00:00,0.2500353,0.2454663,2024-09-04,7
2024-09-04 08:00:00,0.3727196,0.3694889,2024-09-04,8
2024-09-04 09:00:00,0.304713,0.297487,2024-09-04,9
2024-09-04 10:00:00,0.1842125,0.179235,2024-09-04,10
2024-09-04 11:00:00,0.3403583,0.3322181,2024-09-04,11
2024-09-04 12:00:00,0.345807,0.3378296,2024-09-04,12
2024-09-04 13:00:00,0.3054856,0.2982084,2024-09-04,13
2024-09-04 14:00:00,0.2872265,0.2810135,2024-09-04,14
2024-09-04 15:00:00,0.1141269,0.1109854,2024-09-04,15
2024-09-04 16:00:00,0.03300736,0.03205494,2024-09-04,16
2024-09-04 17:00:00,0.0244048,0.0229569,2024-09-04,17
2024-09-04 18:00:00,0.0,0.0,2024-09-04,18
2024-09-04 19:00:00,0.0,0.0,2024-09-04,19
2024-09-04 20:00:00,0.0,0.0,2024-09-04,20
2024-09-04 21:00:00,0.0,0.0,2024-09-04,21
2024-09-04 22:00:00,0.0,0.0,2024-09-04,22
2024-09-04 23:00:00,0.0,0.0,2024-09-04,23
2024-09-05 00:00:00,0.0,0.0,2024-09-05,0
2024-09-05 01:00:00,0.0,0.0,2024-09-05,1
2024-09-05 02:00:00,0.0,0.0,2024-09-05,2
2024-09-05 03:00:00,0.0,0.0,2024-09-05,3
2024-09-05 04:00:00,0.0,0.0,2024-09-05,4
2024-09-05 05:00:00,0.03505597,0.02010132,2024-09-05,5
2024-09-05 06:00:00,0.004538149,0.004406092,2024-09-05,6
2024-09-05 07:00:00,0.06429722,0.06248897,2024-09-05,7
2024-09-05 08:00:00,0.02473576,0.0240243,2024-09-05,8
2024-09-05 09:00:00,0.003189306,0.003096262,2024-09-05,9
2024-09-05 10:00:00,0.09043841,0.08790247,2024-09-05,10
2024-09-05 11:00:00,0.1767881,0.171997,2024-09-05,11
2024-09-05 12:00:00,0.03415607,0.03317548,2024-09-05,12
2024-09-05 13:00:00,0.02106231,0.02045443,2024-09-05,13
2024-09-05 14:00:00,0.02179852,0.02117048,2024-09-05,14
2024-09-05 15:00:00,0.1169656,0.1137621,2024-09-05,15
2024-09-05 16:00:00,0.08690469,0.08442066,2024-09-05,16
2024-09-05 17:00:00,0.01247819,0.01199213,2024-09-05,17
2024-09-05 18:00:00,0.0,0.0,2024-09-05,18
2024-09-05 19:00:00,0.0,0.0,2024-09-05,19
2024-09-05 20:00:00,0.0,0.0,2024-09-05,20
2024-09-05 21:00:00,0.0,0.0,2024-09-05,21
2024-09-05 22:00:00,0.0,0.0,2024-09-05,22
2024-09-05 23:00:00,0.0,0.0,2024-09-05,23
2024-09-06 00:00:00,0.0,0.0,2024-09-06,0
2024-09-06 01:00:00,0.0,0.0,2024-09-06,1
2024-09-06 02:00:00,0.0,0.0,2024-09-06,2
2024-09-06 03:00:00,0.0,0.0,2024-09-06,3
2024-09-06 04:00:00,0.0,0.0,2024-09-06,4
2024-09-06 05:00:00,0.0409871,0.01470327,2024-09-06,5
2024-09-06 06:00:00,0.2000894,0.1937411,2024-09-06,6
2024-09-06 07:00:00,0.2702931,0.2670142,2024-09-06,7
2024-09-06 08:00:00,0.5032771,0.5155731,2024-09-06,8
2024-09-06 09:00:00,0.5971797,0.6140081,2024-09-06,9
2024-09-06 10:00:00,0.8988166,0.9575621,2024-09-06,10
2024-09-06 11:00:00,0.8976519,0.9556431,2024-09-06,11
2024-09-06 12:00:00,0.7397374,0.773788,2024-09-06,12
2024-09-06 13:00:00,0.5402275,0.5480531,2024-09-06,13
2024-09-06 14:00:00,0.5492928,0.5678838,2024-09-06,14
2024-09-06 15:00:00,0.3090635,0.3077836,2024-09-06,15
2024-09-06 16:00:00,0.1027121,0.09982017,2024-09-06,16
2024-09-06 17:00:00,0.03299825,0.02660809,2024-09-06,17
2024-09-06 18:00:00,0.0,0.0,2024-09-06,18
2024-09-06 19:00:00,0.0,0.0,2024-09-06,19
2024-09-06 20:00:00,0.0,0.0,2024-09-06,20
2024-09-06 21:00:00,0.0,0.0,2024-09-06,21
2024-09-06 22:00:00,0.0,0.0,2024-09-06,22
2024-09-06 23:00:00,0.0,0.0,2024-09-06,23
2024-09-07 00:00:00,0.0,0.0,2024-09-07,0
2024-09-07 01:00:00,0.0,0.0,2024-09-07,1
2024-09-07 02:00:00,0.0,0.0,2024-09-07,2
2024-09-07 03:00:00,0.0,0.0,2024-09-07,3
2024-09-07 04:00:00,0.0,0.0,2024-09-07,4
2024-09-07 05:00:00,0.03451686,0.01961499,2024-09-07,5
2024-09-07 06:00:00,0.1268173,0.1233737,2024-09-07,6
2024-09-07 07:00:00,0.2102868,0.2057404,2024-09-07,7
2024-09-07 08:00:00,0.326413,0.3217344,2024-09-07,8
2024-09-07 09:00:00,0.633279,0.6576677,2024-09-07,9
2024-09-07 10:00:00,0.8914958,0.9519598,2024-09-07,10
2024-09-07 11:00:00,0.7838584,0.8254597,2024-09-07,11
2024-09-07 12:00:00,1.010564,1.082329,2024-09-07,12
2024-09-07 13:00:00,0.9188588,0.9800764,2024-09-07,13
2024-09-07 14:00:00,0.7406058,0.7826651,2024-09-07,14
2024-09-07 15:00:00,0.5427411,0.5623348,2024-09-07,15
2024-09-07 16:00:00,0.2398026,0.2342357,2024-09-07,16
2024-09-07 17:00:00,0.03688681,0.02490581,2024-09-07,17
2024-09-07 18:00:00,0.0,0.0,2024-09-07,18
2024-09-07 19:00:00,0.0,0.0,2024-09-07,19
2024-09-07 20:00:00,0.0,0.0,2024-09-07,20
2024-09-07 21:00:00,0.0,0.0,2024-09-07,21
2024-09-07 22:00:00,0.0,0.0,2024-09-07,22
2024-09-07 23:00:00,0.0,0.0,2024-09-07,23
2024-09-08 00:00:00,0.0,0.0,2024-09-08,0
2024-09-08 01:00:00,0.0,0.0,2024-09-08,1
2024-09-08 02:00:00,0.0,0.0,2024-09-08,2
2024-09-08 03:00:00,0.0,0.0,2024-09-08,3
2024-09-08 04:00:00,0.0,0.0,2024-09-08,4
2024-09-08 05:00:00,0.04554959,0.01095995,2024-09-08,5
2024-09-08 06:00:00,0.08505696,0.08267904,2024-09-08,6
2024-09-08 07:00:00,0.07201274,0.07000929,2024-09-08,7
2024-09-08 08:00:00,0.4359029,0.4410367,2024-09-08,8
2024-09-08 09:00:00,0.3090858,0.3021041,2024-09-08,9
2024-09-08 10:00:00,0.5265124,0.5287067,2024-09-08,10
2024-09-08 11:00:00,0.6656436,0.6865125,2024-09-08,11
2024-09-08 12:00:00,0.4282589,0.4225508,2024-09-08,12
2024-09-08 13:00:00,0.3290876,0.3222002,2024-09-08,13
2024-09-08 14:00:00,0.06667875,0.06480638,2024-09-08,14
2024-09-08 15:00:00,0.1272967,0.1238746,2024-09-08,15
2024-09-08 16:00:00,0.06438854,0.06257338,2024-09-08,16
2024-09-08 17:00:00,0.009817618,0.009435802,2024-09-08,17
2024-09-08 18:00:00,0.0,0.0,2024-09-08,18
2024-09-08 19:00:00,0.0,0.0,2024-09-08,19
2024-09-08 20:00:00,0.0,0.0,2024-09-08,20
2024-09-08 21:00:00,0.0,0.0,2024-09-08,21
2024-09-08 22:00:00,0.0,0.0,2024-09-08,22
2024-09-08 23:00:00,0.0,0.0,2024-09-08,23
2024-09-09 00:00:00,0.0,0.0,2024-09-09,0
2024-09-09 01:00:00,0.0,0.0,2024-09-09,1
2024-09-09 02:00:00,0.0,0.0,2024-09-09,2
2024-09-09 03:00:00,0.0,0.0,2024-09-09,3
2024-09-09 04:00:00,0.0,0.0,2024-09-09,4
2024-09-09 05:00:00,0.04010547,0.01516666,2024-09-09,5
2024-09-09 06:00:00,0.2366517,0.2343073,2024-09-09,6
2024-09-09 07:00:00,0.4656146,0.4854817,2024-09-09,7
2024-09-09 08:00:00,0.6905407,0.7343208,2024-09-09,8
2024-09-09 09:00:00,0.8373051,0.8973536,2024-09-09,9
2024-09-09 10:00:00,0.9728318,1.047172,2024-09-09,10
2024-09-09 11:00:00,0.9162309,0.9844776,2024-09-09,11
2024-09-09 12:00:00,0.8542166,0.9145979,2024-09-09,12
2024-09-09 13:00:00,0.6824303,0.7192451,2024-09-09,13
2024-09-09 14:00:00,0.4839176,0.4970561,2024-09-09,14
2024-09-09 15:00:00,0.406266,0.4193668,2024-09-09,15
2024-09-09 16:00:00,0.2627005,0.260693,2024-09-09,16
2024-09-09 17:00:00,0.03680117,0.01984678,2024-09-09,17
2024-09-09 18:00:00,0.0,0.0,2024-09-09,18
2024-09-09 19:00:00,0.0,0.0,2024-09-09,19
2024-09-09 20:00:00,0.0,0.0,2024-09-09,20
2024-09-09 21:00:00,0.0,0.0,2024-09-09,21
2024-09-09 22:00:00,0.0,0.0,2024-09-09,22
2024-09-09 23:00:00,0.0,0.0,2024-09-09,23
2024-09-10 00:00:00,0.0,0.0,2024-09-10,0
2024-09-10 01:00:00,0.0,0.0,2024-09-10,1
2024-09-10 02:00:00,0.0,0.0,2024-09-10,2
2024-09-10 03:00:00,0.0,0.0,2024-09-10,3
2024-09-10 04:00:00,0.0,0.0,2024-09-10,4
2024-09-10 05:00:00,0.03260201,0.01996164,2024-09-10,5
2024-09-10 06:00:00,0.2217774,0.221011,2024-09-10,6
2024-09-10 07:00:00,0.5319357,0.5592704,2024-09-10,7
2024-09-10 08:00:00,0.7990216,0.8543479,2024-09-10,8
2024-09-10 09:00:00,0.932752,1.004163,2024-09-10,9
2024-09-10 10:00:00,1.02578,1.1079,2024-09-10,10
2024-09-10 11:00:00,1.056652,1.142327,2024-09-10,11
2024-09-10 12:00:00,0.9963178,1.075712,2024-09-10,12
2024-09-10 13:00:00,0.9127032,0.9823256,2024-09-10,13
2024-09-10 14:00:00,0.6782581,0.7235819,2024-09-10,14
2024-09-10 15:00:00,0.350598,0.3578221,2024-09-10,15
2024-09-10 16:00:00,0.2192873,0.2184035,2024-09-10,16
2024-09-10 17:00:00,0.03441017,0.01815889,2024-09-10,17
2024-09-10 18:00:00,0.0,0.0,2024-09-10,18
2024-09-10 19:00:00,0.0,0.0,2024-09-10,19
2024-09-10 20:00:00,0.0,0.0,2024-09-10,20
2024-09-10 21:00:00,0.0,0.0,2024-09-10,21
2024-09-10 22:00:00,0.0,0.0,2024-09-10,22
2024-09-10 23:00:00,0.0,0.0,2024-09-10,23
2024-09-11 00:00:00,0.0,0.0,2024-09-11,0
2024-09-11 01:00:00,0.0,0.0,2024-09-11,1
2024-09-11 02:00:00,0.0,0.0,2024-09-11,2
2024-09-11 03:00:00,0.0,0.0,2024-09-11,3
2024-09-11 04:00:00,0.0,0.0,2024-09-11,4
2024-09-11 05:00:00,0.03147413,0.02034536,2024-09-11,5
2024-09-11 06:00:00,0.03872252,0.03763175,2024-09-11,6
2024-09-11 07:00:00,0.07327276,0.07125106,2024-09-11,7
2024-09-11 08:00:00,0.07282215,0.07079194,2024-09-11,8
2024-09-11 09:00:00,0.2178915,0.2122408,2024-09-11,9
2024-09-11 10:00:00,0.1578853,0.1536216,2024-09-11,10
2024-09-11 11:00:00,0.1051888,0.1022712,2024-09-11,11
2024-09-11 12:00:00,0.04780811,0.04644736,2024-09-11,12
2024-09-11 13:00:00,0.05432768,0.05278976,2024-09-11,13
2024-09-11 14:00:00,0.0464175,0.04510321,2024-09-11,14
2024-09-11 15:00:00,0.05124757,0.04981113,2024-09-11,15
2024-09-11 16:00:00,0.05033951,0.04893369,2024-09-11,16
2024-09-11 17:00:00,0.008451452,0.008105795,2024-09-11,17
2024-09-11 18:00:00,0.0,0.0,2024-09-11,18
2024-09-11 19:00:00,0.0,0.0,2024-09-11,19
2024-09-11 20:00:00,0.0,0.0,2024-09-11,20
2024-09-11 21:00:00,0.0,0.0,2024-09-11,21
2024-09-11 22:00:00,0.0,0.0,2024-09-11,22
2024-09-11 23:00:00,0.0,0.0,2024-09-11,23
2024-09-12 00:00:00,0.0,0.0,2024-09-12,0
2024-09-12 01:00:00,0.0,0.0,2024-09-12,1
2024-09-12 02:00:00,0.0,0.0,2024-09-12,2
2024-09-12 03:00:00,0.0,0.0,2024-09-12,3
2024-09-12 04:00:00,0.0,0.0,2024-09-12,4
2024-09-12 05:00:00,0.02468875,0.02047634,2024-09-12,5
2024-09-12 06:00:00,0.01979516,0.01923023,2024-09-12,6
2024-09-12 07:00:00,0.03259815,0.03167286,2024-09-12,7
2024-09-12 08:00:00,0.1467912,0.1428902,2024-09-12,8
2024-09-12 09:00:00,0.2095478,0.2041037,2024-09-12,9
2024-09-12 10:00:00,0.1751464,0.1704662,2024-09-12,10
2024-09-12 11:00:00,0.1458997,0.1419349,2024-09-12,11
2024-09-12 12:00:00,0.1160951,0.1129,2024-09-12,12
2024-09-12 13:00:00,0.006766656,0.006569885,2024-09-12,13
2024-09-12 14:00:00,0.08974769,0.08727539,2024-09-12,14
2024-09-12 15:00:00,0.01991436,0.01934349,2024-09-12,15
2024-09-12 16:00:00,0.03546104,0.03446341,2024-09-12,16
2024-09-12 17:00:00,0.008547545,0.008179434,2024-09-12,17
2024-09-12 18:00:00,0.0,0.0,2024-09-12,18
2024-09-12 19:00:00,0.0,0.0,2024-09-12,19
2024-09-12 20:00:00,0.0,0.0,2024-09-12,20
2024-09-12 21:00:00,0.0,0.0,2024-09-12,21
2024-09-12 22:00:00,0.0,0.0,2024-09-12,22
2024-09-12 23:00:00,0.0,0.0,2024-09-12,23
2024-09-13 00:00:00,0.0,0.0,2024-09-13,0
2024-09-13 01:00:00,0.0,0.0,2024-09-13,1
2024-09-13 02:00:00,0.0,0.0,2024-09-13,2
2024-09-13 03:00:00,0.0,0.0,2024-09-13,3
2024-09-13 04:00:00,0.0,0.0,2024-09-13,4
2024-09-13 05:00:00,0.02269179,0.01972599,2024-09-13,5
2024-09-13 06:00:00,0.1481224,0.1465907,2024-09-13,6
2024-09-13 07:00:00,0.4501592,0.4782039,2024-09-13,7
2024-09-13 08:00:00,0.36443,0.3643459,2024-09-13,8
2024-09-13 09:00:00,0.4829557,0.4885137,2024-09-13,9
2024-09-13 10:00:00,0.6584498,0.6879231,2024-09-13,10
2024-09-13 11:00:00,0.9331579,1.014674,2024-09-13,11
2024-09-13 12:00:00,0.7851533,0.8429165,2024-09-13,12
2024-09-13 13:00:00,0.6920972,0.739683,2024-09-13,13
2024-09-13 14:00:00,0.4826471,0.5015973,2024-09-13,14
2024-09-13 15:00:00,0.314041,0.3198573,2024-09-13,15
2024-09-13 16:00:00,0.1678241,0.1678036,2024-09-13,16
2024-09-13 17:00:00,0.02929567,0.01188914,2024-09-13,17
2024-09-13 18:00:00,0.0,0.0,2024-09-13,18
2024-09-13 19:00:00,0.0,0.0,2024-09-13,19
2024-09-13 20:00:00,0.0,0.0,2024-09-13,20
2024-09-13 21:00:00,0.0,0.0,2024-09-13,21
2024-09-13 22:00:00,0.0,0.0,2024-09-13,22
2024-09-13 23:00:00,0.0,0.0,2024-09-13,23
2024-09-14 00:00:00,0.0,0.0,2024-09-14,0
2024-09-14 01:00:00,0.0,0.0,2024-09-14,1
2024-09-14 02:00:00,0.0,0.0,2024-09-14,2
2024-09-14 03:00:00,0.0,0.0,2024-09-14,3
2024-09-14 04:00:00,0.0,0.0,2024-09-14,4
2024-09-14 05:00:00,0.02764797,0.02118213,2024-09-14,5
2024-09-14 06:00:00,0.04752089,0.04621324,2024-09-14,6
2024-09-14 07:00:00,0.1511149,0.1473,2024-09-14,7
2024-09-14 08:00:00,0.3110394,0.3072031,2024-09-14,8
2024-09-14 09:00:00,0.3577683,0.3523974,2024-09-14,9
2024-09-14 10:00:00,0.7685289,0.8247339,2024-09-14,10
2024-09-14 11:00:00,0.9028234,0.9825947,2024-09-14,11
2024-09-14 12:00:00,0.7885237,0.8494089,2024-09-14,12
2024-09-14 13:00:00,0.4815906,0.4881167,2024-09-14,13
2024-09-14 14:00:00,0.3982054,0.4034214,2024-09-14,14
2024-09-14 15:00:00,0.09685448,0.09426071,2024-09-14,15
2024-09-14 16:00:00,0.0955018,0.09320755,2024-09-14,16
2024-09-14 17:00:00,0.004076206,0.003927762,2024-09-14,17
2024-09-14 18:00:00,0.0,0.0,2024-09-14,18
2024-09-14 19:00:00,0.0,0.0,2024-09-14,19
2024-09-14 20:00:00,0.0,0.0,2024-09-14,20
2024-09-14 21:00:00,0.0,0.0,2024-09-14,21
2024-09-14 22:00:00,0.0,0.0,2024-09-14,22
2024-09-14 23:00:00,0.0,0.0,2024-09-14,23
2024-09-15 00:00:00,0.0,0.0,2024-09-15,0
2024-09-15 01:00:00,0.0,0.0,2024-09-15,1
2024-09-15 02:00:00,0.0,0.0,2024-09-15,2
2024-09-15 03:00:00,0.0,0.0,2024-09-15,3
2024-09-15 04:00:00,0.0,0.0,2024-09-15,4
2024-09-15 05:00:00,0.02875046,0.02166517,2024-09-15,5
2024-09-15 06:00:00,0.04697749,0.04569151,2024-09-15,6
2024-09-15 07:00:00,0.02788012,0.02708807,2024-09-15,7
2024-09-15 08:00:00,0.0563838,0.05480301,2024-09-15,8
2024-09-15 09:00:00,0.09397519,0.09138078,2024-09-15,9
2024-09-15 10:00:00,0.05317204,0.05166568,2024-09-15,10
2024-09-15 11:00:00,0.16142,0.1570894,2024-09-15,11
2024-09-15 12:00:00,0.2551253,0.2486637,2024-09-15,12
2024-09-15 13:00:00,0.2598615,0.2535369,2024-09-15,13
2024-09-15 14:00:00,0.132007,0.1284983,2024-09-15,14
2024-09-15 15:00:00,0.1494884,0.1457665,2024-09-15,15
2024-09-15 16:00:00,0.04913085,0.04779212,2024-09-15,16
2024-09-15 17:00:00,0.003100366,0.002991947,2024-09-15,17
2024-09-15 18:00:00,0.0,0.0,2024-09-15,18
2024-09-15 19:00:00,0.0,0.0,2024-09-15,19
2024-09-15 20:00:00,0.0,0.0,2024-09-15,20
2024-09-15 21:00:00,0.0,0.0,2024-09-15,21
2024-09-15 22:00:00,0.0,0.0,2024-09-15,22
2024-09-15 23:00:00,0.0,0.0,2024-09-15,23
2024-09-16 00:00:00,0.0,0.0,2024-09-16,0
2024-09-16 01:00:00,0.0,0.0,2024-09-16,1
2024-09-16 02:00:00,0.0,0.0,2024-09-16,2
2024-09-16 03:00:00,0.0,0.0,2024-09-16,3
2024-09-16 04:00:00,0.0,0.0,2024-09-16,4
2024-09-16 05:00:00,0.02232578,0.01985408,2024-09-16,5
2024-09-16 06:00:00,0.07208313,0.07019536,2024-09-16,6
2024-09-16 07:00:00,0.07775213,0.07564454,2024-09-16,7
2024-09-16 08:00:00,0.1322719,0.1287618,2024-09-16,8
2024-09-16 09:00:00,0.3771765,0.3731939,2024-09-16,9
2024-09-16 10:00:00,0.2645608,0.2579355,2024-09-16,10
2024-09-16 11:00:00,0.2547366,0.2482715,2024-09-16,11
2024-09-16 12:00:00,0.2604239,0.2538738,2024-09-16,12
2024-09-16 13:00:00,0.1654653,0.1611017,2024-09-16,13
2024-09-16 14:00:00,0.1133571,0.1103114,2024-09-16,14
2024-09-16 15:00:00,0.1614006,0.1576143,2024-09-16,15
2024-09-16 16:00:00,0.09642383,0.09433756,2024-09-16,16
2024-09-16 17:00:00,0.01751287,0.01319797,2024-09-16,17
2024-09-16 18:00:00,0.0,0.0,2024-09-16,18
2024-09-16 19:00:00,0.0,0.0,2024-09-16,19
2024-09-16 20:00:00,0.0,0.0,2024-09-16,20
2024-09-16 21:00:00,0.0,0.0,2024-09-16,21
2024-09-16 22:00:00,0.0,0.0,2024-09-16,22
2024-09-16 23:00:00,0.0,0.0,2024-09-16,23
2024-09-17 00:00:00,0.0,0.0,2024-09-17,0
2024-09-17 01:00:00,0.0,0.0,2024-09-17,1
2024-09-17 02:00:00,0.0,0.0,2024-09-17,2
2024-09-17 03:00:00,0.0,0.0,2024-09-17,3
2024-09-17 04:00:00,0.0,0.0,2024-09-17,4
2024-09-17 05:00:00,0.03284925,0.02452902,2024-09-17,5
2024-09-17 06:00:00,0.1508545,0.1517143,2024-09-17,6
2024-09-17 07:00:00,0.2515484,0.2513555,2024-09-17,7
2024-09-17 08:00:00,0.3582216,0.3592886,2024-09-17,8
2024-09-17 09:00:00,0.587966,0.6183168,2024-09-17,9
2024-09-17 10:00:00,0.6614788,0.6978569,2024-09-17,10
2024-09-17 11:00:00,0.6146097,0.6364506,2024-09-17,11
2024-09-17 12:00:00,0.5081211,0.5137517,2024-09-17,12
2024-09-17 13:00:00,0.2915743,0.2852493,2024-09-17,13
2024-09-17 14:00:00,0.5182632,0.5527838,2024-09-17,14
2024-09-17 15:00:00,0.290347,0.2968941,2024-09-17,15
2024-09-17 16:00:00,0.06470602,0.0630192,2024-09-17,16
2024-09-17 17:00:00,0.01546841,0.01222353,2024-09-17,17
2024-09-17 18:00:00,0.0,0.0,2024-09-17,18
2024-09-17 19:00:00,0.0,0.0,2024-09-17,19
2024-09-17 20:00:00,0.0,0.0,2024-09-17,20
2024-09-17 21:00:00,0.0,0.0,2024-09-17,21
2024-09-17 22:00:00,0.0,0.0,2024-09-17,22
2024-09-17 23:00:00,0.0,0.0,2024-09-17,23
2024-09-18 00:00:00,0.0,0.0,2024-09-18,0
2024-09-18 01:00:00,0.0,0.0,2024-09-18,1
2024-09-18 02:00:00,0.0,0.0,2024-09-18,2
2024-09-18 03:00:00,0.0,0.0,2024-09-18,3
2024-09-18 04:00:00,0.0,0.0,2024-09-18,4
2024-09-18 05:00:00,0.03036759,0.02546692,2024-09-18,5
2024-09-18 06:00:00,0.1575078,0.1599717,2024-09-18,6
2024-09-18 07:00:00,0.307602,0.3164557,2024-09-18,7
2024-09-18 08:00:00,0.5260165,0.5622867,2024-09-18,8
2024-09-18 09:00:00,0.7439525,0.8140605,2024-09-18,9
2024-09-18 10:00:00,0.8519288,0.9357111,2024-09-18,10
2024-09-18 11:00:00,0.8570218,0.939326,2024-09-18,11
2024-09-18 12:00:00,0.6635761,0.7030419,2024-09-18,12
2024-09-18 13:00:00,0.3389755,0.3337983,2024-09-18,13
2024-09-18 14:00:00,0.3413848,0.3419894,2024-09-18,14
2024-09-18 15:00:00,0.3346468,0.3519663,2024-09-18,15
2024-09-18 16:00:00,0.1560487,0.1603252,2024-09-18,16
2024-09-18 17:00:00,0.01874609,0.0,2024-09-18,17
2024-09-18 18:00:00,0.0,0.0,2024-09-18,18
2024-09-18 19:00:00,0.0,0.0,2024-09-18,19
2024-09-18 20:00:00,0.0,0.0,2024-09-18,20
2024-09-18 21:00:00,0.0,0.0,2024-09-18,21
2024-09-18 22:00:00,0.0,0.0,2024-09-18,22
2024-09-18 23:00:00,0.0,0.0,2024-09-18,23
2024-09-19 00:00:00,0.0,0.0,2024-09-19,0
2024-09-19 01:00:00,0.0,0.0,2024-09-19,1
2024-09-19 02:00:00,0.0,0.0,2024-09-19,2
2024-09-19 03:00:00,0.0,0.0,2024-09-19,3
2024-09-19 04:00:00,0.0,0.0,2024-09-19,4
2024-09-19 05:00:00,0.03514075,0.03143074,2024-09-19,5
2024-09-19 06:00:00,0.1291626,0.1286725,2024-09-19,6
2024-09-19 07:00:00,0.2262801,0.2245256,2024-09-19,7
2024-09-19 08:00:00,0.6059977,0.663889,2024-09-19,8
2024-09-19 09:00:00,0.6687406,0.7234523,2024-09-19,9
2024-09-19 10:00:00,0.737555,0.7974205,2024-09-19,10
2024-09-19 11:00:00,0.4363909,0.43309,2024-09-19,11
2024-09-19 12:00:00,0.7487775,0.8125854,2024-09-19,12
2024-09-19 13:00:00,0.5402192,0.5637297,2024-09-19,13
2024-09-19 14:00:00,0.3749616,0.3809064,2024-09-19,14
2024-09-19 15:00:00,0.3341669,0.3532766,2024-09-19,15
2024-09-19 16:00:00,0.1356296,0.1375825,2024-09-19,16
2024-09-19 17:00:00,0.0103739,0.0,2024-09-19,17
2024-09-19 18:00:00,0.0,0.0,2024-09-19,18
2024-09-19 19:00:00,0.0,0.0,2024-09-19,19
2024-09-19 20:00:00,0.0,0.0,2024-09-19,20
2024-09-19 21:00:00,0.0,0.0,2024-09-19,21
2024-09-19 22:00:00,0.0,0.0,2024-09-19,22
2024-09-19 23:00:00,0.0,0.0,2024-09-19,23
2024-09-20 00:00:00,0.0,0.0,2024-09-20,0
2024-09-20 01:00:00,0.0,0.0,2024-09-20,1
2024-09-20 02:00:00,0.0,0.0,2024-09-20,2
2024-09-20 03:00:00,0.0,0.0,2024-09-20,3
2024-09-20 04:00:00,0.0,0.0,2024-09-20,4
2024-09-20 05:00:00,0.02977102,0.03010814,2024-09-20,5
2024-09-20 06:00:00,0.08923387,0.08724089,2024-09-20,6
2024-09-20 07:00:00,0.1407398,0.1372674,2024-09-20,7
2024-09-20 08:00:00,0.2268189,0.2216656,2024-09-20,8
2024-09-20 09:00:00,0.4068507,0.406521,2024-09-20,9
2024-09-20 10:00:00,0.4199154,0.4167314,2024-09-20,10
2024-09-20 11:00:00,0.6699511,0.7094943,2024-09-20,11
2024-09-20 12:00:00,0.5443986,0.5588068,2024-09-20,12
2024-09-20 13:00:00,0.6373464,0.6881688,2024-09-20,13
2024-09-20 14:00:00,0.4498728,0.4729799,2024-09-20,14
2024-09-20 15:00:00,0.3570257,0.3842959,2024-09-20,15
2024-09-20 16:00:00,0.1216769,0.1224366,2024-09-20,16
2024-09-20 17:00:00,0.01046483,0.0,2024-09-20,17
2024-09-20 18:00:00,0.0,0.0,2024-09-20,18
2024-09-20 19:00:00,0.0,0.0,2024-09-20,19
2024-09-20 20:00:00,0.0,0.0,2024-09-20,20
2024-09-20 21:00:00,0.0,0.0,2024-09-20,21
2024-09-20 22:00:00,0.0,0.0,2024-09-20,22
2024-09-20 23:00:00,0.0,0.0,2024-09-20,23
2024-09-21 00:00:00,0.0,0.0,2024-09-21,0
2024-09-21 01:00:00,0.0,0.0,2024-09-21,1
2024-09-21 02:00:00,0.0,0.0,2024-09-21,2
2024-09-21 03:00:00,0.0,0.0,2024-09-21,3
2024-09-21 04:00:00,0.0,0.0,2024-09-21,4
2024-09-21 05:00:00,0.02746621,0.03055725,2024-09-21,5
2024-09-21 06:00:00,0.08100624,0.07909432,2024-09-21,6
2024-09-21 07:00:00,0.1345867,0.1312485,2024-09-21,7
2024-09-21 08:00:00,0.4020856,0.4125926,2024-09-21,8
2024-09-21 09:00:00,0.07721885,0.07508004,2024-09-21,9
2024-09-21 10:00:00,0.117851,0.1146488,2024-09-21,10
2024-09-21 11:00:00,0.4126647,0.4082681,2024-09-21,11
2024-09-21 12:00:00,0.5546939,0.5722831,2024-09-21,12
2024-09-21 13:00:00,0.2919763,0.2860216,2024-09-21,13
2024-09-21 14:00:00,0.1073595,0.1045011,2024-09-21,14
2024-09-21 15:00:00,0.03320195,0.03227228,2024-09-21,15
2024-09-21 16:00:00,0.05250324,0.05116615,2024-09-21,16
2024-09-21 17:00:00,0.004135317,0.0,2024-09-21,17
2024-09-21 18:00:00,0.0,0.0,2024-09-21,18
2024-09-21 19:00:00,0.0,0.0,2024-09-21,19
2024-09-21 20:00:00,0.0,0.0,2024-09-21,20
2024-09-21 21:00:00,0.0,0.0,2024-09-21,21
2024-09-21 22:00:00,0.0,0.0,2024-09-21,22
2024-09-21 23:00:00,0.0,0.0,2024-09-21,23
2024-09-22 00:00:00,0.0,0.0,2024-09-22,0
2024-09-22 01:00:00,0.0,0.0,2024-09-22,1
2024-09-22 02:00:00,0.0,0.0,2024-09-22,2
2024-09-22 03:00:00,0.0,0.0,2024-09-22,3
2024-09-22 04:00:00,0.0,0.0,2024-09-22,4
2024-09-22 05:00:00,0.01554442,0.01571778,2024-09-22,5
2024-09-22 06:00:00,0.1759251,0.186785,2024-09-22,6
2024-09-22 07:00:00,0.491663,0.5510203,2024-09-22,7
2024-09-22 08:00:00,0.7280775,0.8147719,2024-09-22,8
2024-09-22 09:00:00,0.8145723,0.9091936,2024-09-22,9
2024-09-22 10:00:00,0.8437551,0.9371213,2024-09-22,10
2024-09-22 11:00:00,0.9873863,1.102745,2024-09-22,11
2024-09-22 12:00:00,0.9175876,1.024496,2024-09-22,12
2024-09-22 13:00:00,0.8111956,0.9060659,2024-09-22,13
2024-09-22 14:00:00,0.5158412,0.5614911,2024-09-22,14
2024-09-22 15:00:00,0.3206294,0.3420451,2024-09-22,15
2024-09-22 16:00:00,0.1745221,0.1915267,2024-09-22,16
2024-09-22 17:00:00,0.01872427,0.0,2024-09-22,17
2024-09-22 18:00:00,0.0,0.0,2024-09-22,18
2024-09-22 19:00:00,0.0,0.0,2024-09-22,19
2024-09-22 20:00:00,0.0,0.0,2024-09-22,20
2024-09-22 21:00:00,0.0,0.0,2024-09-22,21
2024-09-22 22:00:00,0.0,0.0,2024-09-22,22
2024-09-22 23:00:00,0.0,0.0,2024-09-22,23
2024-09-23 00:00:00,0.0,0.0,2024-09-23,0
2024-09-23 01:00:00,0.0,0.0,2024-09-23,1
2024-09-23 02:00:00,0.0,0.0,2024-09-23,2
2024-09-23 03:00:00,0.0,0.0,2024-09-23,3
2024-09-23 04:00:00,0.0,0.0,2024-09-23,4
2024-09-23 05:00:00,0.02552379,0.03546545,2024-09-23,5
2024-09-23 06:00:00,0.1839807,0.1989149,2024-09-23,6
2024-09-23 07:00:00,0.3251327,0.3440233,2024-09-23,7
2024-09-23 08:00:00,0.4778922,0.5097654,2024-09-23,8
2024-09-23 09:00:00,0.4962901,0.5123742,2024-09-23,9
2024-09-23 10:00:00,0.567268,0.5887447,2024-09-23,10
2024-09-23 11:00:00,0.8371606,0.9288329,2024-09-23,11
2024-09-23 12:00:00,0.6303237,0.6697984,2024-09-23,12
2024-09-23 13:00:00,0.7054799,0.7823277,2024-09-23,13
2024-09-23 14:00:00,0.5141071,0.5617843,2024-09-23,14
2024-09-23 15:00:00,0.1888472,0.186677,2024-09-23,15
2024-09-23 16:00:00,0.09916108,0.09891491,2024-09-23,16
2024-09-23 17:00:00,0.005786909,0.0,2024-09-23,17
2024-09-23 18:00:00,0.0,0.0,2024-09-23,18
2024-09-23 19:00:00,0.0,0.0,2024-09-23,19
2024-09-23 20:00:00,0.0,0.0,2024-09-23,20
2024-09-23 21:00:00,0.0,0.0,2024-09-23,21
2024-09-23 22:00:00,0.0,0.0,2024-09-23,22
2024-09-23 23:00:00,0.0,0.0,2024-09-23,23
2024-09-24 00:00:00,0.0,0.0,2024-09-24,0
2024-09-24 01:00:00,0.0,0.0,2024-09-24,1
2024-09-24 02:00:00,0.0,0.0,2024-09-24,2
2024-09-24 03:00:00,0.0,0.0,2024-09-24,3
2024-09-24 04:00:00,0.0,0.0,2024-09-24,4
2024-09-24 05:00:00,0.02135837,0.02934041,2024-09-24,5
2024-09-24 06:00:00,0.2281942,0.2602312,2024-09-24,6
2024-09-24 07:00:00,0.450431,0.5081184,2024-09-24,7
2024-09-24 08:00:00,0.5824772,0.6475456,2024-09-24,8
2024-09-24 09:00:00,0.7764314,0.870034,2024-09-24,9
2024-09-24 10:00:00,0.9216688,1.034986,2024-09-24,10
2024-09-24 11:00:00,0.755891,0.8282369,2024-09-24,11
2024-09-24 12:00:00,0.5580989,0.5799654,2024-09-24,12
2024-09-24 13:00:00,0.5617643,0.5994073,2024-09-24,13
2024-09-24 14:00:00,0.4568962,0.4894078,2024-09-24,14
2024-09-24 15:00:00,0.3195181,0.3448378,2024-09-24,15
2024-09-24 16:00:00,0.140856,0.1510533,2024-09-24,16
2024-09-24 17:00:00,0.01260945,0.0,2024-09-24,17
2024-09-24 18:00:00,0.0,0.0,2024-09-24,18
2024-09-24 19:00:00,0.0,0.0,2024-09-24,19
2024-09-24 20:00:00,0.0,0.0,2024-09-24,20
2024-09-24 21:00:00,0.0,0.0,2024-09-24,21
2024-09-24 22:00:00,0.0,0.0,2024-09-24,22
2024-09-24 23:00:00,0.0,0.0,2024-09-24,23
2024-09-25 00:00:00,0.0,0.0,2024-09-25,0
2024-09-25 01:00:00,0.0,0.0,2024-09-25,1
2024-09-25 02:00:00,0.0,0.0,2024-09-25,2
2024-09-25 03:00:00,0.0,0.0,2024-09-25,3
2024-09-25 04:00:00,0.0,0.0,2024-09-25,4
2024-09-25 05:00:00,0.02954126,0.07034232,2024-09-25,5
2024-09-25 06:00:00,0.2378635,0.2755516,2024-09-25,6
2024-09-25 07:00:00,0.4991839,0.5689371,2024-09-25,7
2024-09-25 08:00:00,0.6830075,0.7727479,2024-09-25,8
2024-09-25 09:00:00,0.9126864,1.030928,2024-09-25,9
2024-09-25 10:00:00,0.956393,1.077763,2024-09-25,10
2024-09-25 11:00:00,0.990573,1.11599,2024-09-25,11
2024-09-25 12:00:00,0.9853382,1.111362,2024-09-25,12
2024-09-25 13:00:00,0.8234675,0.9294301,2024-09-25,13
2024-09-25 14:00:00,0.6676353,0.7563651,2024-09-25,14
2024-09-25 15:00:00,0.4722623,0.5397887,2024-09-25,15
2024-09-25 16:00:00,0.2121893,0.2494514,2024-09-25,16
2024-09-25 17:00:00,0.01152232,0.0,2024-09-25,17
2024-09-25 18:00:00,0.0,0.0,2024-09-25,18
2024-09-25 19:00:00,0.0,0.0,2024-09-25,19
2024-09-25 20:00:00,0.0,0.0,2024-09-25,20
2024-09-25 21:00:00,0.0,0.0,2024-09-25,21
2024-09-25 22:00:00,0.0,0.0,2024-09-25,22
2024-09-25 23:00:00,0.0,0.0,2024-09-25,23
2024-09-26 00:00:00,0.0,0.0,2024-09-26,0
2024-09-26 01:00:00,0.0,0.0,2024-09-26,1
2024-09-26 02:00:00,0.0,0.0,2024-09-26,2
2024-09-26 03:00:00,0.0,0.0,2024-09-26,3
2024-09-26 04:00:00,0.0,0.0,2024-09-26,4
2024-09-26 05:00:00,0.0212604,0.04268507,2024-09-26,5
2024-09-26 06:00:00,0.1034357,0.1025276,2024-09-26,6
2024-09-26 07:00:00,0.07648785,0.07447934,2024-09-26,7
2024-09-26 08:00:00,0.08916647,0.08677174,2024-09-26,8
2024-09-26 09:00:00,0.1433056,0.1395538,2024-09-26,9
2024-09-26 10:00:00,0.3738484,0.369089,2024-09-26,10
2024-09-26 11:00:00,0.5885485,0.6153951,2024-09-26,11
2024-09-26 12:00:00,0.6850716,0.7472845,2024-09-26,12
2024-09-26 13:00:00,0.4276093,0.4349213,2024-09-26,13
2024-09-26 14:00:00,0.3644238,0.3750261,2024-09-26,14
2024-09-26 15:00:00,0.2815241,0.2986254,2024-09-26,15
2024-09-26 16:00:00,0.1090034,0.1124657,2024-09-26,16
2024-09-26 17:00:00,0.003838178,0.0,2024-09-26,17
2024-09-26 18:00:00,0.0,0.0,2024-09-26,18
2024-09-26 19:00:00,0.0,0.0,2024-09-26,19
2024-09-26 20:00:00,0.0,0.0,2024-09-26,20
2024-09-26 21:00:00,0.0,0.0,2024-09-26,21
2024-09-26 22:00:00,0.0,0.0,2024-09-26,22
2024-09-26 23:00:00,0.0,0.0,2024-09-26,23
2024-09-27 00:00:00,0.0,0.0,2024-09-27,0
2024-09-27 01:00:00,0.0,0.0,2024-09-27,1
2024-09-27 02:00:00,0.0,0.0,2024-09-27,2
2024-09-27 03:00:00,0.0,0.0,2024-09-27,3
2024-09-27 04:00:00,0.0,0.0,2024-09-27,4
2024-09-27 05:00:00,0.0192834,0.04332396,2024-09-27,5
2024-09-27 06:00:00,0.08564678,0.08405713,2024-09-27,6
2024-09-27 07:00:00,0.2410836,0.2439141,2024-09-27,7
2024-09-27 08:00:00,0.241928,0.2373771,2024-09-27,8
2024-09-27 09:00:00,0.1707954,0.1664372,2024-09-27,9
2024-09-27 10:00:00,0.1307443,0.1272552,2024-09-27,10
2024-09-27 11:00:00,0.1339466,0.1303699,2024-09-27,11
2024-09-27 12:00:00,0.2530027,0.2469043,2024-09-27,12
2024-09-27 13:00:00,0.4165986,0.4227528,2024-09-27,13
2024-09-27 14:00:00,0.3474701,0.3554869,2024-09-27,14
2024-09-27 15:00:00,0.2063343,0.2073712,2024-09-27,15
2024-09-27 16:00:00,0.05879357,0.05752208,2024-09-27,16
2024-09-27 17:00:00,0.001438283,0.0,2024-09-27,17
2024-09-27 18:00:00,0.0,0.0,2024-09-27,18
2024-09-27 19:00:00,0.0,0.0,2024-09-27,19
2024-09-27 20:00:00,0.0,0.0,2024-09-27,20
2024-09-27 21:00:00,0.0,0.0,2024-09-27,21
2024-09-27 22:00:00,0.0,0.0,2024-09-27,22
2024-09-27 23:00:00,0.0,0.0,2024-09-27,23
2024-09-28 00:00:00,0.0,0.0,2024-09-28,0
2024-09-28 01:00:00,0.0,0.0,2024-09-28,1
2024-09-28 02:00:00,0.0,0.0,2024-09-28,2
2024-09-28 03:00:00,0.0,0.0,2024-09-28,3
2024-09-28 04:00:00,0.0,0.0,2024-09-28,4
2024-09-28 05:00:00,0.01367718,0.01843067,2024-09-28,5
2024-09-28 06:00:00,0.1121865,0.1126542,2024-09-28,6
2024-09-28 07:00:00,0.2140114,0.2136014,2024-09-28,7
2024-09-28 08:00:00,0.215195,0.2104586,2024-09-28,8
2024-09-28 09:00:00,0.2837315,0.2780243,2024-09-28,9
2024-09-28 10:00:00,0.285247,0.2787805,2024-09-28,10
2024-09-28 11:00:00,0.4112542,0.4086421,2024-09-28,11
2024-09-28 12:00:00,0.7806587,0.8774315,2024-09-28,12
2024-09-28 13:00:00,0.7297726,0.8277612,2024-09-28,13
2024-09-28 14:00:00,0.477641,0.5261923,2024-09-28,14
2024-09-28 15:00:00,0.218826,0.2224971,2024-09-28,15
2024-09-28 16:00:00,0.07285859,0.07200183,2024-09-28,16
2024-09-28 17:00:00,0.00270003,0.0,2024-09-28,17
2024-09-28 18:00:00,0.0,0.0,2024-09-28,18
2024-09-28 19:00:00,0.0,0.0,2024-09-28,19
2024-09-28 20:00:00,0.0,0.0,2024-09-28,20
2024-09-28 21:00:00,0.0,0.0,2024-09-28,21
2024-09-28 22:00:00,0.0,0.0,2024-09-28,22
2024-09-28 23:00:00,0.0,0.0,2024-09-28,23
2024-09-29 00:00:00,0.0,0.0,2024-09-29,0
2024-09-29 01:00:00,0.0,0.0,2024-09-29,1
2024-09-29 02:00:00,0.0,0.0,2024-09-29,2
2024-09-29 03:00:00,0.0,0.0,2024-09-29,3
2024-09-29 04:00:00,0.0,0.0,2024-09-29,4
2024-09-29 05:00:00,0.02136352,0.06516448,2024-09-29,5
2024-09-29 06:00:00,0.1526057,0.1645045,2024-09-29,6
2024-09-29 07:00:00,0.330911,0.3608973,2024-09-29,7
2024-09-29 08:00:00,0.5552634,0.6249118,2024-09-29,8
2024-09-29 09:00:00,0.845278,0.9662756,2024-09-29,9
2024-09-29 10:00:00,0.8548231,0.9712735,2024-09-29,10
2024-09-29 11:00:00,1.04959,1.197677,2024-09-29,11
2024-09-29 12:00:00,1.007294,1.150742,2024-09-29,12
2024-09-29 13:00:00,0.7785857,0.8901656,2024-09-29,13
2024-09-29 14:00:00,0.60292,0.6931245,2024-09-29,14
2024-09-29 15:00:00,0.4099457,0.4792263,2024-09-29,15
2024-09-29 16:00:00,0.1777992,0.2198304,2024-09-29,16
2024-09-29 17:00:00,0.006178616,0.0,2024-09-29,17
2024-09-29 18:00:00,0.0,0.0,2024-09-29,18
2024-09-29 19:00:00,0.0,0.0,2024-09-29,19
2024-09-29 20:00:00,0.0,0.0,2024-09-29,20
2024-09-29 21:00:00,0.0,0.0,2024-09-29,21
2024-09-29 22:00:00,0.0,0.0,2024-09-29,22
2024-09-29 23:00:00,0.0,0.0,2024-09-29,23
2024-09-30 00:00:00,0.0,0.0,2024-09-30,0
2024-09-30 01:00:00,0.0,0.0,2024-09-30,1
2024-09-30 02:00:00,0.0,0.0,2024-09-30,2
2024-09-30 03:00:00,0.0,0.0,2024-09-30,3
2024-09-30 04:00:00,0.0,0.0,2024-09-30,4
2024-09-30 05:00:00,0.0172733,0.0,2024-09-30,5
2024-09-30 06:00:00,0.1323377,0.1380894,2024-09-30,6
2024-09-30 07:00:00,0.2184826,0.2192155,2024-09-30,7
2024-09-30 08:00:00,0.3317524,0.3352847,2024-09-30,8
2024-09-30 09:00:00,0.5769812,0.6259457,2024-09-30,9
2024-09-30 10:00:00,0.7623418,0.8567534,2024-09-30,10
2024-09-30 11:00:00,0.987995,1.129515,2024-09-30,11
2024-09-30 12:00:00,0.9090815,1.039885,2024-09-30,12
2024-09-30 13:00:00,0.7843755,0.9001895,2024-09-30,13
2024-09-30 14:00:00,0.4884644,0.5463178,2024-09-30,14
2024-09-30 15:00:00,0.2944281,0.3244164,2024-09-30,15
2024-09-30 16:00:00,0.1245346,0.1412812,2024-09-30,16
2024-09-30 17:00:00,0.00477423,0.0,2024-09-30,17
2024-09-30 18:00:00,0.0,0.0,2024-09-30,18
2024-09-30 19:00:00,0.0,0.0,2024-09-30,19
2024-09-30 20:00:00,0.0,0.0,2024-09-30,20
2024-09-30 21:00:00,0.0,0.0,2024-09-30,21
2024-09-30 22:00:00,0.0,0.0,2024-09-30,22
2024-09-30 23:00:00,0.0,0.0,2024-09-30,23
2024-10-01 00:00:00,0.0,0.0,2024-10-01,0
2024-10-01 01:00:00,0.0,0.0,2024-10-01,1
2024-10-01 02:00:00,0.0,0.0,2024-10-01,2
2024-10-01 03:00:00,0.0,0.0,2024-10-01,3
2024-10-01 04:00:00,0.0,0.0,2024-10-01,4
2024-10-01 05:00:00,0.01825944,0.0,2024-10-01,5
2024-10-01 06:00:00,0.02416506,0.0235223,2024-10-01,6
2024-10-01 07:00:00,0.1267758,0.1238137,2024-10-01,7
2024-10-01 08:00:00,0.350615,0.3580678,2024-10-01,8
2024-10-01 09:00:00,0.6221133,0.6892241,2024-10-01,9
2024-10-01 10:00:00,0.6389629,0.6935825,2024-10-01,10
2024-10-01 11:00:00,0.7511306,0.8398946,2024-10-01,11
2024-10-01 12:00:00,0.6593875,0.7246898,2024-10-01,12
2024-10-01 13:00:00,0.6077858,0.6768215,2024-10-01,13
2024-10-01 14:00:00,0.3283972,0.3360577,2024-10-01,14
2024-10-01 15:00:00,0.1670476,0.1655495,2024-10-01,15
2024-10-01 16:00:00,0.04810137,0.04709548,2024-10-01,16
2024-10-01 17:00:00,0.000518858,0.0,2024-10-01,17
2024-10-01 18:00:00,0.0,0.0,2024-10-01,18
2024-10-01 19:00:00,0.0,0.0,2024-10-01,19
2024-10-01 20:00:00,0.0,0.0,2024-10-01,20
2024-10-01 21:00:00,0.0,0.0,2024-10-01,21
2024-10-01 22:00:00,0.0,0.0,2024-10-01,22
2024-10-01 23:00:00,0.0,0.0,2024-10-01,23
2024-10-02 00:00:00,0.0,0.0,2024-10-02,0
2024-10-02 01:00:00,0.0,0.0,2024-10-02,1
2024-10-02 02:00:00,0.0,0.0,2024-10-02,2
2024-10-02 03:00:00,0.0,0.0,2024-10-02,3
2024-10-02 04:00:00,0.0,0.0,2024-10-02,4
2024-10-02 05:00:00,0.01673629,0.0,2024-10-02,5
2024-10-02 06:00:00,0.09800339,0.09774518,2024-10-02,6
2024-10-02 07:00:00,0.1861413,0.1842173,2024-10-02,7
2024-10-02 08:00:00,0.4156933,0.4411747,2024-10-02,8
2024-10-02 09:00:00,0.2967235,0.2916639,2024-10-02,9
2024-10-02 10:00:00,0.1466932,0.1428636,2024-10-02,10
2024-10-02 11:00:00,0.2411716,0.2353368,2024-10-02,11
2024-10-02 12:00:00,0.5332912,0.5588452,2024-10-02,12
2024-10-02 13:00:00,0.2964037,0.2920322,2024-10-02,13
2024-10-02 14:00:00,0.2946397,0.2969806,2024-10-02,14
2024-10-02 15:00:00,0.07015156,0.06837487,2024-10-02,15
2024-10-02 16:00:00,0.0461007,0.04515265,2024-10-02,16
2024-10-02 17:00:00,0.00104053,0.0,2024-10-02,17
2024-10-02 18:00:00,0.0,0.0,2024-10-02,18
2024-10-02 19:00:00,0.0,0.0,2024-10-02,19
2024-10-02 20:00:00,0.0,0.0,2024-10-02,20
2024-10-02 21:00:00,0.0,0.0,2024-10-02,21
2024-10-02 22:00:00,0.0,0.0,2024-10-02,22
2024-10-02 23:00:00,0.0,0.0,2024-10-02,23
2024-10-03 00:00:00,0.0,0.0,2024-10-03,0
2024-10-03 01:00:00,0.0,0.0,2024-10-03,1
2024-10-03 02:00:00,0.0,0.0,2024-10-03,2
2024-10-03 03:00:00,0.0,0.0,2024-10-03,3
2024-10-03 04:00:00,0.0,0.0,2024-10-03,4
2024-10-03 05:00:00,0.01605,0.0,2024-10-03,5
2024-10-03 06:00:00,0.07870384,0.07737693,2024-10-03,6
2024-10-03 07:00:00,0.08056144,0.07851955,2024-10-03,7
2024-10-03 08:00:00,0.1858743,0.1815564,2024-10-03,8
2024-10-03 09:00:00,0.2558015,0.2502413,2024-10-03,9
2024-10-03 10:00:00,0.6157849,0.6660702,2024-10-03,10
2024-10-03 11:00:00,0.7527875,0.8475564,2024-10-03,11
2024-10-03 12:00:00,0.5472973,0.5783367,2024-10-03,12
2024-10-03 13:00:00,0.5795832,0.6433121,2024-10-03,13
2024-10-03 14:00:00,0.303297,0.3076623,2024-10-03,14
2024-10-03 15:00:00,0.2289568,0.2400648,2024-10-03,15
2024-10-03 16:00:00,0.05942647,0.05874407,2024-10-03,16
2024-10-03 17:00:00,0.001958942,0.0,2024-10-03,17
2024-10-03 18:00:00,0.0,0.0,2024-10-03,18
2024-10-03 19:00:00,0.0,0.0,2024-10-03,19
2024-10-03 20:00:00,0.0,0.0,2024-10-03,20
2024-10-03 21:00:00,0.0,0.0,2024-10-03,21
2024-10-03 22:00:00,0.0,0.0,2024-10-03,22
2024-10-03 23:00:00,0.0,0.0,2024-10-03,23
2024-10-04 00:00:00,0.0,0.0,2024-10-04,0
2024-10-04 01:00:00,0.0,0.0,2024-10-04,1
2024-10-04 02:00:00,0.0,0.0,2024-10-04,2
2024-10-04 03:00:00,0.0,0.0,2024-10-04,3
2024-10-04 04:00:00,0.0,0.0,2024-10-04,4
2024-10-04 05:00:00,0.01721866,0.0,2024-10-04,5
2024-10-04 06:00:00,0.1527092,0.1716221,2024-10-04,6
2024-10-04 07:00:00,0.3533471,0.4028672,2024-10-04,7
2024-10-04 08:00:00,0.5500945,0.6310827,2024-10-04,8
2024-10-04 09:00:00,0.6382705,0.7185748,2024-10-04,9
2024-10-04 10:00:00,0.7770267,0.8874493,2024-10-04,10
2024-10-04 11:00:00,0.6881576,0.7619974,2024-10-04,11
2024-10-04 12:00:00,0.7670819,0.8779395,2024-10-04,12
2024-10-04 13:00:00,0.7215438,0.8367198,2024-10-04,13
2024-10-04 14:00:00,0.6255068,0.7369267,2024-10-04,14
2024-10-04 15:00:00,0.3887954,0.4699087,2024-10-04,15
2024-10-04 16:00:00,0.1379292,0.1786678,2024-10-04,16
2024-10-04 17:00:00,0.002649572,0.0,2024-10-04,17
2024-10-04 18:00:00,0.0,0.0,2024-10-04,18
2024-10-04 19:00:00,0.0,0.0,2024-10-04,19
2024-10-04 20:00:00,0.0,0.0,2024-10-04,20
2024-10-04 21:00:00,0.0,0.0,2024-10-04,21
2024-10-04 22:00:00,0.0,0.0,2024-10-04,22
2024-10-04 23:00:00,0.0,0.0,2024-10-04,23
2024-10-05 00:00:00,0.0,0.0,2024-10-05,0
2024-10-05 01:00:00,0.0,0.0,2024-10-05,1
2024-10-05 02:00:00,0.0,0.0,2024-10-05,2
2024-10-05 03:00:00,0.0,0.0,2024-10-05,3
2024-10-05 04:00:00,0.0,0.0,2024-10-05,4
2024-10-05 05:00:00,0.0105771,0.0,2024-10-05,5
2024-10-05 06:00:00,0.03815718,0.03723379,2024-10-05,6
2024-10-05 07:00:00,0.2345894,0.2403582,2024-10-05,7
2024-10-05 08:00:00,0.2737582,0.2719569,2024-10-05,8
2024-10-05 09:00:00,0.3292826,0.3263276,2024-10-05,9
2024-10-05 10:00:00,0.6565472,0.7259598,2024-10-05,10
2024-10-05 11:00:00,0.975789,1.132093,2024-10-05,11
2024-10-05 12:00:00,0.9015494,1.04743,2024-10-05,12
2024-10-05 13:00:00,0.5590135,0.6196864,2024-10-05,13
2024-10-05 14:00:00,0.2135798,0.2099421,2024-10-05,14
2024-10-05 15:00:00,0.1315554,0.1291535,2024-10-05,15
2024-10-05 16:00:00,0.1213943,0.1530399,2024-10-05,16
2024-10-05 17:00:00,0.002093383,0.0,2024-10-05,17
2024-10-05 18:00:00,0.0,0.0,2024-10-05,18
2024-10-05 19:00:00,0.0,0.0,2024-10-05,19
2024-10-05 20:00:00,0.0,0.0,2024-10-05,20
2024-10-05 21:00:00,0.0,0.0,2024-10-05,21
2024-10-05 22:00:00,0.0,0.0,2024-10-05,22
2024-10-05 23:00:00,0.0,0.0,2024-10-05,23
2024-10-06 00:00:00,0.0,0.0,2024-10-06,0
2024-10-06 01:00:00,0.0,0.0,2024-10-06,1
2024-10-06 02:00:00,0.0,0.0,2024-10-06,2
2024-10-06 03:00:00,0.0,0.0,2024-10-06,3
2024-10-06 04:00:00,0.0,0.0,2024-10-06,4
2024-10-06 05:00:00,0.01482045,0.0,2024-10-06,5
2024-10-06 06:00:00,0.2080764,0.267509,2024-10-06,6
2024-10-06 07:00:00,0.4107938,0.4914411,2024-10-06,7
2024-10-06 08:00:00,0.6815036,0.8059354,2024-10-06,8
2024-10-06 09:00:00,0.8397545,0.9825934,2024-10-06,9
2024-10-06 10:00:00,0.9292765,1.082082,2024-10-06,10
2024-10-06 11:00:00,1.004317,1.169377,2024-10-06,11
2024-10-06 12:00:00,0.882018,1.027565,2024-10-06,12
2024-10-06 13:00:00,0.8186024,0.9607795,2024-10-06,13
2024-10-06 14:00:00,0.6410303,0.7627161,2024-10-06,14
2024-10-06 15:00:00,0.3883213,0.4765486,2024-10-06,15
2024-10-06 16:00:00,0.1242122,0.1628103,2024-10-06,16
2024-10-06 17:00:00,0.00150402,0.0,2024-10-06,17
2024-10-06 18:00:00,0.0,0.0,2024-10-06,18
2024-10-06 19:00:00,0.0,0.0,2024-10-06,19
2024-10-06 20:00:00,0.0,0.0,2024-10-06,20
2024-10-06 21:00:00,0.0,0.0,2024-10-06,21
2024-10-06 22:00:00,0.0,0.0,2024-10-06,22
2024-10-06 23:00:00,0.0,0.0,2024-10-06,23
2024-10-07 00:00:00,0.0,0.0,2024-10-07,0
2024-10-07 01:00:00,0.0,0.0,2024-10-07,1
2024-10-07 02:00:00,0.0,0.0,2024-10-07,2
2024-10-07 03:00:00,0.0,0.0,2024-10-07,3
2024-10-07 04:00:00,0.0,0.0,2024-10-07,4
2024-10-07 05:00:00,0.01426375,0.0,2024-10-07,5
2024-10-07 06:00:00,0.1999409,0.2576492,2024-10-07,6
2024-10-07 07:00:00,0.353335,0.4099862,2024-10-07,7
2024-10-07 08:00:00,0.6317077,0.7483445,2024-10-07,8
2024-10-07 09:00:00,0.7844597,0.9195791,2024-10-07,9
2024-10-07 10:00:00,0.8405207,0.9783705,2024-10-07,10
2024-10-07 11:00:00,0.829412,0.9608715,2024-10-07,11
2024-10-07 12:00:00,0.8828762,1.031855,2024-10-07,12
2024-10-07 13:00:00,0.5828661,0.6585704,2024-10-07,13
2024-10-07 14:00:00,0.5009921,0.5853396,2024-10-07,14
2024-10-07 15:00:00,0.3859927,0.4771854,2024-10-07,15
2024-10-07 16:00:00,0.1490823,0.2121944,2024-10-07,16
2024-10-07 17:00:00,0.000992356,0.0,2024-10-07,17
2024-10-07 18:00:00,0.0,0.0,2024-10-07,18
2024-10-07 19:00:00,0.0,0.0,2024-10-07,19
2024-10-07 20:00:00,0.0,0.0,2024-10-07,20
2024-10-07 21:00:00,0.0,0.0,2024-10-07,21
2024-10-07 22:00:00,0.0,0.0,2024-10-07,22
2024-10-07 23:00:00,0.0,0.0,2024-10-07,23
2024-10-08 00:00:00,0.0,0.0,2024-10-08,0
2024-10-08 01:00:00,0.0,0.0,2024-10-08,1
2024-10-08 02:00:00,0.0,0.0,2024-10-08,2
2024-10-08 03:00:00,0.0,0.0,2024-10-08,3
2024-10-08 04:00:00,0.0,0.0,2024-10-08,4
2024-10-08 05:00:00,0.01223724,0.0,2024-10-08,5
2024-10-08 06:00:00,0.1499787,0.1740916,2024-10-08,6
2024-10-08 07:00:00,0.3335684,0.3823165,2024-10-08,7
2024-10-08 08:00:00,0.5284046,0.6113864,2024-10-08,8
2024-10-08 09:00:00,0.789729,0.9291468,2024-10-08,9
2024-10-08 10:00:00,0.7914052,0.9184109,2024-10-08,10
2024-10-08 11:00:00,0.8201718,0.9520362,2024-10-08,11
2024-10-08 12:00:00,0.6780028,0.7684702,2024-10-08,12
2024-10-08 13:00:00,0.6380687,0.7391764,2024-10-08,13
2024-10-08 14:00:00,0.4723907,0.5474274,2024-10-08,14
2024-10-08 15:00:00,0.2905214,0.3411953,2024-10-08,15
2024-10-08 16:00:00,0.1343477,0.1921346,2024-10-08,16
2024-10-08 17:00:00,0.000849023,0.0,2024-10-08,17
2024-10-08 18:00:00,0.0,0.0,2024-10-08,18
2024-10-08 19:00:00,0.0,0.0,2024-10-08,19
2024-10-08 20:00:00,0.0,0.0,2024-10-08,20
2024-10-08 21:00:00,0.0,0.0,2024-10-08,21
2024-10-08 22:00:00,0.0,0.0,2024-10-08,22
2024-10-08 23:00:00,0.0,0.0,2024-10-08,23
2024-10-09 00:00:00,0.0,0.0,2024-10-09,0
2024-10-09 01:00:00,0.0,0.0,2024-10-09,1
2024-10-09 02:00:00,0.0,0.0,2024-10-09,2
2024-10-09 03:00:00,0.0,0.0,2024-10-09,3
2024-10-09 04:00:00,0.0,0.0,2024-10-09,4
2024-10-09 05:00:00,0.01559807,0.0,2024-10-09,5
2024-10-09 06:00:00,0.2244765,0.3027927,2024-10-09,6
2024-10-09 07:00:00,0.3748451,0.4478711,2024-10-09,7
2024-10-09 08:00:00,0.4758129,0.5374449,2024-10-09,8
2024-10-09 09:00:00,0.6528099,0.7520958,2024-10-09,9
2024-10-09 10:00:00,0.8403242,0.9844315,2024-10-09,10
2024-10-09 11:00:00,0.8969033,1.051463,2024-10-09,11
2024-10-09 12:00:00,0.7725444,0.9009094,2024-10-09,12
2024-10-09 13:00:00,0.734924,0.8699948,2024-10-09,13
2024-10-09 14:00:00,0.6146165,0.741118,2024-10-09,14
2024-10-09 15:00:00,0.3854899,0.4838163,2024-10-09,15
2024-10-09 16:00:00,0.1389755,0.2055922,2024-10-09,16
2024-10-09 17:00:00,0.000583093,0.0,2024-10-09,17
2024-10-09 18:00:00,0.0,0.0,2024-10-09,18
2024-10-09 19:00:00,0.0,0.0,2024-10-09,19
2024-10-09 20:00:00,0.0,0.0,2024-10-09,20
2024-10-09 21:00:00,0.0,0.0,2024-10-09,21
2024-10-09 22:00:00,0.0,0.0,2024-10-09,22
2024-10-09 23:00:00,0.0,0.0,2024-10-09,23
2024-10-10 00:00:00,0.0,0.0,2024-10-10,0
2024-10-10 01:00:00,0.0,0.0,2024-10-10,1
2024-10-10 02:00:00,0.0,0.0,2024-10-10,2
2024-10-10 03:00:00,0.0,0.0,2024-10-10,3
2024-10-10 04:00:00,0.0,0.0,2024-10-10,4
2024-10-10 05:00:00,0.008779733,0.0,2024-10-10,5
2024-10-10 06:00:00,0.1074986,0.112011,2024-10-10,6
2024-10-10 07:00:00,0.1817189,0.1809221,2024-10-10,7
2024-10-10 08:00:00,0.3622066,0.3796116,2024-10-10,8
2024-10-10 09:00:00,0.3999942,0.4085178,2024-10-10,9
2024-10-10 10:00:00,0.1735119,0.1691833,2024-10-10,10
2024-10-10 11:00:00,0.350184,0.346114,2024-10-10,11
2024-10-10 12:00:00,0.6322866,0.7090443,2024-10-10,12
2024-10-10 13:00:00,0.7472953,0.8884677,2024-10-10,13
2024-10-10 14:00:00,0.5034518,0.5989929,2024-10-10,14
2024-10-10 15:00:00,0.2756123,0.3238635,2024-10-10,15
2024-10-10 16:00:00,0.1090039,0.1520161,2024-10-10,16
2024-10-10 17:00:00,0.000300281,0.0,2024-10-10,17
2024-10-10 18:00:00,0.0,0.0,2024-10-10,18
2024-10-10 19:00:00,0.0,0.0,2024-10-10,19
2024-10-10 20:00:00,0.0,0.0,2024-10-10,20
2024-10-10 21:00:00,0.0,0.0,2024-10-10,21
2024-10-10 22:00:00,0.0,0.0,2024-10-10,22
2024-10-10 23:00:00,0.0,0.0,2024-10-10,23
2024-10-11 00:00:00,0.0,0.0,2024-10-11,0
2024-10-11 01:00:00,0.0,0.0,2024-10-11,1
2024-10-11 02:00:00,0.0,0.0,2024-10-11,2
2024-10-11 03:00:00,0.0,0.0,2024-10-11,3
2024-10-11 04:00:00,0.0,0.0,2024-10-11,4
2024-10-11 05:00:00,0.008516868,0.0,2024-10-11,5
2024-10-11 06:00:00,0.1359559,0.1556906,2024-10-11,6
2024-10-11 07:00:00,0.3543868,0.421944,2024-10-11,7
2024-10-11 08:00:00,0.5091582,0.5914281,2024-10-11,8
2024-10-11 09:00:00,0.6661813,0.7765596,2024-10-11,9
2024-10-11 10:00:00,0.7535262,0.8766883,2024-10-11,10
2024-10-11 11:00:00,0.6606401,0.7403592,2024-10-11,11
2024-10-11 12:00:00,0.8814529,1.043409,2024-10-11,12
2024-10-11 13:00:00,0.7793333,0.9307932,2024-10-11,13
2024-10-11 14:00:00,0.6008243,0.7311207,2024-10-11,14
2024-10-11 15:00:00,0.3433056,0.4337547,2024-10-11,15
2024-10-11 16:00:00,0.09684782,0.1303366,2024-10-11,16
2024-10-11 17:00:00,0.00014422,0.0,2024-10-11,17
2024-10-11 18:00:00,0.0,0.0,2024-10-11,18
2024-10-11 19:00:00,0.0,0.0,2024-10-11,19
2024-10-11 20:00:00,0.0,0.0,2024-10-11,20
2024-10-11 21:00:00,0.0,0.0,2024-10-11,21
2024-10-11 22:00:00,0.0,0.0,2024-10-11,22
2024-10-11 23:00:00,0.0,0.0,2024-10-11,23
2024-10-12 00:00:00,0.0,0.0,2024-10-12,0
2024-10-12 01:00:00,0.0,0.0,2024-10-12,1
2024-10-12 02:00:00,0.0,0.0,2024-10-12,2
2024-10-12 03:00:00,0.0,0.0,2024-10-12,3
2024-10-12 04:00:00,0.0,0.0,2024-10-12,4
2024-10-12 05:00:00,0.009090033,0.0,2024-10-12,5
2024-10-12 06:00:00,0.1561273,0.1939014,2024-10-12,6
2024-10-12 07:00:00,0.3950825,0.4873002,2024-10-12,7
2024-10-12 08:00:00,0.5623891,0.6713907,2024-10-12,8
2024-10-12 09:00:00,0.7080001,0.8370968,2024-10-12,9
2024-10-12 10:00:00,0.6859548,0.7847542,2024-10-12,10
2024-10-12 11:00:00,0.8667561,1.024173,2024-10-12,11
2024-10-12 12:00:00,0.7572488,0.8902019,2024-10-12,12
2024-10-12 13:00:00,0.5426899,0.6141896,2024-10-12,13
2024-10-12 14:00:00,0.4747653,0.5640135,2024-10-12,14
2024-10-12 15:00:00,0.3221814,0.4058901,2024-10-12,15
2024-10-12 16:00:00,0.08810179,0.11548,2024-10-12,16
2024-10-12 17:00:00,3.75131e-05,0.0,2024-10-12,17
2024-10-12 18:00:00,0.0,0.0,2024-10-12,18
2024-10-12 19:00:00,0.0,0.0,2024-10-12,19
2024-10-12 20:00:00,0.0,0.0,2024-10-12,20
2024-10-12 21:00:00,0.0,0.0,2024-10-12,21
2024-10-12 22:00:00,0.0,0.0,2024-10-12,22
2024-10-12 23:00:00,0.0,0.0,2024-10-12,23
2024-10-13 00:00:00,0.0,0.0,2024-10-13,0
2024-10-13 01:00:00,0.0,0.0,2024-10-13,1
2024-10-13 02:00:00,0.0,0.0,2024-10-13,2
2024-10-13 03:00:00,0.0,0.0,2024-10-13,3
2024-10-13 04:00:00,0.0,0.0,2024-10-13,4
2024-10-13 05:00:00,0.007701232,0.0,2024-10-13,5
2024-10-13 06:00:00,0.09469038,0.09704009,2024-10-13,6
2024-10-13 07:00:00,0.1956246,0.1974424,2024-10-13,7
2024-10-13 08:00:00,0.3457338,0.360921,2024-10-13,8
2024-10-13 09:00:00,0.629915,0.7306023,2024-10-13,9
2024-10-13 10:00:00,0.4724805,0.4903238,2024-10-13,10
2024-10-13 11:00:00,0.5234894,0.5532542,2024-10-13,11
2024-10-13 12:00:00,0.5715891,0.629236,2024-10-13,12
2024-10-13 13:00:00,0.3821296,0.3940136,2024-10-13,13
2024-10-13 14:00:00,0.5331547,0.6510924,2024-10-13,14
2024-10-13 15:00:00,0.2843029,0.3484069,2024-10-13,15
2024-10-13 16:00:00,0.08606851,0.1153407,2024-10-13,16
2024-10-13 17:00:00,2.12512e-06,0.0,2024-10-13,17
2024-10-13 18:00:00,0.0,0.0,2024-10-13,18
2024-10-13 19:00:00,0.0,0.0,2024-10-13,19
2024-10-13 20:00:00,0.0,0.0,2024-10-13,20
2024-10-13 21:00:00,0.0,0.0,2024-10-13,21
2024-10-13 22:00:00,0.0,0.0,2024-10-13,22
2024-10-13 23:00:00,0.0,0.0,2024-10-13,23
2024-10-14 00:00:00,0.0,0.0,2024-10-14,0
2024-10-14 01:00:00,0.0,0.0,2024-10-14,1
2024-10-14 02:00:00,0.0,0.0,2024-10-14,2
2024-10-14 03:00:00,0.0,0.0,2024-10-14,3
2024-10-14 04:00:00,0.0,0.0,2024-10-14,4
2024-10-14 05:00:00,0.01354762,0.0,2024-10-14,5
2024-10-14 06:00:00,0.1631076,0.2130852,2024-10-14,6
2024-10-14 07:00:00,0.3871688,0.4817376,2024-10-14,7
2024-10-14 08:00:00,0.6328498,0.7720156,2024-10-14,8
2024-10-14 09:00:00,0.7782608,0.9340719,2024-10-14,9
2024-10-14 10:00:00,0.8444601,1.005464,2024-10-14,10
2024-10-14 11:00:00,0.509379,0.5358778,2024-10-14,11
2024-10-14 12:00:00,0.4503536,0.4666397,2024-10-14,12
2024-10-14 13:00:00,0.273537,0.2701855,2024-10-14,13
2024-10-14 14:00:00,0.439404,0.5169569,2024-10-14,14
2024-10-14 15:00:00,0.3552321,0.4623904,2024-10-14,15
2024-10-14 16:00:00,0.1032555,0.1626561,2024-10-14,16
2024-10-14 17:00:00,0.0,0.0,2024-10-14,17
2024-10-14 18:00:00,0.0,0.0,2024-10-14,18
2024-10-14 19:00:00,0.0,0.0,2024-10-14,19
2024-10-14 20:00:00,0.0,0.0,2024-10-14,20
2024-10-14 21:00:00,0.0,0.0,2024-10-14,21
2024-10-14 22:00:00,0.0,0.0,2024-10-14,22
2024-10-14 23:00:00,0.0,0.0,2024-10-14,23
2024-10-15 00:00:00,0.0,0.0,2024-10-15,0
2024-10-15 01:00:00,0.0,0.0,2024-10-15,1
2024-10-15 02:00:00,0.0,0.0,2024-10-15,2
2024-10-15 03:00:00,0.0,0.0,2024-10-15,3
2024-10-15 04:00:00,0.0,0.0,2024-10-15,4
2024-10-15 05:00:00,0.009569675,0.0,2024-10-15,5
2024-10-15 06:00:00,0.1231353,0.1402189,2024-10-15,6
2024-10-15 07:00:00,0.2325749,0.2447612,2024-10-15,7
2024-10-15 08:00:00,0.5056379,0.5970731,2024-10-15,8
2024-10-15 09:00:00,0.6672502,0.7899703,2024-10-15,9
2024-10-15 10:00:00,0.6541673,0.7467337,2024-10-15,10
2024-10-15 11:00:00,0.8118073,0.9632984,2024-10-15,11
2024-10-15 12:00:00,0.8855333,1.061924,2024-10-15,12
2024-10-15 13:00:00,0.7756086,0.940198,2024-10-15,13
2024-10-15 14:00:00,0.5598227,0.6934462,2024-10-15,14
2024-10-15 15:00:00,0.3437011,0.4500702,2024-10-15,15
2024-10-15 16:00:00,0.09235154,0.1418571,2024-10-15,16
2024-10-15 17:00:00,0.0,0.0,2024-10-15,17
2024-10-15 18:00:00,0.0,0.0,2024-10-15,18
2024-10-15 19:00:00,0.0,0.0,2024-10-15,19
2024-10-15 20:00:00,0.0,0.0,2024-10-15,20
2024-10-15 21:00:00,0.0,0.0,2024-10-15,21
2024-10-15 22:00:00,0.0,0.0,2024-10-15,22
2024-10-15 23:00:00,0.0,0.0,2024-10-15,23
2024-10-16 00:00:00,0.0,0.0,2024-10-16,0
2024-10-16 01:00:00,0.0,0.0,2024-10-16,1
2024-10-16 02:00:00,0.0,0.0,2024-10-16,2
2024-10-16 03:00:00,0.0,0.0,2024-10-16,3
2024-10-16 04:00:00,0.0,0.0,2024-10-16,4
2024-10-16 05:00:00,0.009055747,0.0,2024-10-16,5
2024-10-16 06:00:00,0.09786141,0.1026444,2024-10-16,6
2024-10-16 07:00:00,0.3664067,0.4556192,2024-10-16,7
2024-10-16 08:00:00,0.2526354,0.2514195,2024-10-16,8
2024-10-16 09:00:00,0.3955244,0.4070919,2024-10-16,9
2024-10-16 10:00:00,0.3899459,0.3926356,2024-10-16,10
2024-10-16 11:00:00,0.4621793,0.4773577,2024-10-16,11
2024-10-16 12:00:00,0.6219996,0.7097297,2024-10-16,12
2024-10-16 13:00:00,0.4642192,0.5086663,2024-10-16,13
2024-10-16 14:00:00,0.3127341,0.3321466,2024-10-16,14
2024-10-16 15:00:00,0.1102674,0.1084652,2024-10-16,15
2024-10-16 16:00:00,0.05371283,0.05888271,2024-10-16,16
2024-10-16 17:00:00,0.0,0.0,2024-10-16,17
2024-10-16 18:00:00,0.0,0.0,2024-10-16,18
2024-10-16 19:00:00,0.0,0.0,2024-10-16,19
2024-10-16 20:00:00,0.0,0.0,2024-10-16,20
2024-10-16 21:00:00,0.0,0.0,2024-10-16,21
2024-10-16 22:00:00,0.0,0.0,2024-10-16,22
2024-10-16 23:00:00,0.0,0.0,2024-10-16,23
2024-10-17 00:00:00,0.0,0.0,2024-10-17,0
2024-10-17 01:00:00,0.0,0.0,2024-10-17,1
2024-10-17 02:00:00,0.0,0.0,2024-10-17,2
2024-10-17 03:00:00,0.0,0.0,2024-10-17,3
2024-10-17 04:00:00,0.0,0.0,2024-10-17,4
2024-10-17 05:00:00,0.009024098,0.0,2024-10-17,5
2024-10-17 06:00:00,0.1652387,0.2274845,2024-10-17,6
2024-10-17 07:00:00,0.2127567,0.2202294,2024-10-17,7
2024-10-17 08:00:00,0.3763266,0.4068624,2024-10-17,8
2024-10-17 09:00:00,0.4550357,0.4857863,2024-10-17,9
2024-10-17 10:00:00,0.7056175,0.8272338,2024-10-17,10
2024-10-17 11:00:00,0.7105473,0.8286946,2024-10-17,11
2024-10-17 12:00:00,0.6766471,0.7929716,2024-10-17,12
2024-10-17 13:00:00,0.6667058,0.8084481,2024-10-17,13
2024-10-17 14:00:00,0.4355634,0.5206217,2024-10-17,14
2024-10-17 15:00:00,0.2625297,0.3255814,2024-10-17,15
2024-10-17 16:00:00,0.07327533,0.102927,2024-10-17,16
2024-10-17 17:00:00,0.0,0.0,2024-10-17,17
2024-10-17 18:00:00,0.0,0.0,2024-10-17,18
2024-10-17 19:00:00,0.0,0.0,2024-10-17,19
2024-10-17 20:00:00,0.0,0.0,2024-10-17,20
2024-10-17 21:00:00,0.0,0.0,2024-10-17,21
2024-10-17 22:00:00,0.0,0.0,2024-10-17,22
2024-10-17 23:00:00,0.0,0.0,2024-10-17,23
2024-10-18 00:00:00,0.0,0.0,2024-10-18,0
2024-10-18 01:00:00,0.0,0.0,2024-10-18,1
2024-10-18 02:00:00,0.0,0.0,2024-10-18,2
2024-10-18 03:00:00,0.0,0.0,2024-10-18,3
2024-10-18 04:00:00,0.0,0.0,2024-10-18,4
2024-10-18 05:00:00,0.008526518,0.0,2024-10-18,5
2024-10-18 06:00:00,0.06023843,0.0594078,2024-10-18,6
2024-10-18 07:00:00,0.2120323,0.2199339,2024-10-18,7
2024-10-18 08:00:00,0.5122839,0.6158156,2024-10-18,8
2024-10-18 09:00:00,0.8221014,1.001306,2024-10-18,9
2024-10-18 10:00:00,0.8261864,0.9950852,2024-10-18,10
2024-10-18 11:00:00,0.9295257,1.120531,2024-10-18,11
2024-10-18 12:00:00,0.8734401,1.057259,2024-10-18,12
2024-10-18 13:00:00,0.6263586,0.7554972,2024-10-18,13
2024-10-18 14:00:00,0.5005127,0.6231087,2024-10-18,14
2024-10-18 15:00:00,0.3205109,0.4275525,2024-10-18,15
2024-10-18 16:00:00,0.1045051,0.192145,2024-10-18,16
2024-10-18 17:00:00,0.0,0.0,2024-10-18,17
2024-10-18 18:00:00,0.0,0.0,2024-10-18,18
2024-10-18 19:00:00,0.0,0.0,2024-10-18,19
2024-10-18 20:00:00,0.0,0.0,2024-10-18,20
2024-10-18 21:00:00,0.0,0.0,2024-10-18,21
2024-10-18 22:00:00,0.0,0.0,2024-10-18,22
2024-10-18 23:00:00,0.0,0.0,2024-10-18,23
2024-10-19 00:00:00,0.0,0.0,2024-10-19,0
2024-10-19 01:00:00,0.0,0.0,2024-10-19,1
2024-10-19 02:00:00,0.0,0.0,2024-10-19,2
2024-10-19 03:00:00,0.0,0.0,2024-10-19,3
2024-10-19 04:00:00,0.0,0.0,2024-10-19,4
2024-10-19 05:00:00,0.008501674,0.0,2024-10-19,5
2024-10-19 06:00:00,0.1279017,0.1561744,2024-10-19,6
2024-10-19 07:00:00,0.378872,0.4851751,2024-10-19,7
2024-10-19 08:00:00,0.323841,0.3375436,2024-10-19,8
2024-10-19 09:00:00,0.4311271,0.4557448,2024-10-19,9
2024-10-19 10:00:00,0.7541143,0.9021978,2024-10-19,10
2024-10-19 11:00:00,0.5366113,0.5797449,2024-10-19,11
2024-10-19 12:00:00,0.5770525,0.6505801,2024-10-19,12
2024-10-19 13:00:00,0.5299007,0.6141064,2024-10-19,13
2024-10-19 14:00:00,0.288523,0.3029665,2024-10-19,14
2024-10-19 15:00:00,0.04713987,0.04599897,2024-10-19,15
2024-10-19 16:00:00,0.01847452,0.01820564,2024-10-19,16
2024-10-19 17:00:00,0.0,0.0,2024-10-19,17
2024-10-19 18:00:00,0.0,0.0,2024-10-19,18
2024-10-19 19:00:00,0.0,0.0,2024-10-19,19
2024-10-19 20:00:00,0.0,0.0,2024-10-19,20
2024-10-19 21:00:00,0.0,0.0,2024-10-19,21
2024-10-19 22:00:00,0.0,0.0,2024-10-19,22
2024-10-19 23:00:00,0.0,0.0,2024-10-19,23
2024-10-20 00:00:00,0.0,0.0,2024-10-20,0
2024-10-20 01:00:00,0.0,0.0,2024-10-20,1
2024-10-20 02:00:00,0.0,0.0,2024-10-20,2
2024-10-20 03:00:00,0.0,0.0,2024-10-20,3
2024-10-20 04:00:00,0.0,0.0,2024-10-20,4
2024-10-20 05:00:00,0.006411491,0.0,2024-10-20,5
2024-10-20 06:00:00,0.0835738,0.08588218,2024-10-20,6
2024-10-20 07:00:00,0.1410889,0.1390366,2024-10-20,7
2024-10-20 08:00:00,0.3017631,0.3101878,2024-10-20,8
2024-10-20 09:00:00,0.3318436,0.3333841,2024-10-20,9
2024-10-20 10:00:00,0.3530268,0.3524054,2024-10-20,10
2024-10-20 11:00:00,0.5606669,0.6156721,2024-10-20,11
2024-10-20 12:00:00,0.6400811,0.7478544,2024-10-20,12
2024-10-20 13:00:00,0.6474296,0.792062,2024-10-20,13
2024-10-20 14:00:00,0.3526523,0.3974439,2024-10-20,14
2024-10-20 15:00:00,0.2674862,0.3458822,2024-10-20,15
2024-10-20 16:00:00,0.05165423,0.06196956,2024-10-20,16
2024-10-20 17:00:00,0.0,0.0,2024-10-20,17
2024-10-20 18:00:00,0.0,0.0,2024-10-20,18
2024-10-20 19:00:00,0.0,0.0,2024-10-20,19
2024-10-20 20:00:00,0.0,0.0,2024-10-20,20
2024-10-20 21:00:00,0.0,0.0,2024-10-20,21
2024-10-20 22:00:00,0.0,0.0,2024-10-20,22
2024-10-20 23:00:00,0.0,0.0,2024-10-20,23
2024-10-21 00:00:00,0.0,0.0,2024-10-21,0
2024-10-21 01:00:00,0.0,0.0,2024-10-21,1
2024-10-21 02:00:00,0.0,0.0,2024-10-21,2
2024-10-21 03:00:00,0.0,0.0,2024-10-21,3
2024-10-21 04:00:00,0.0,0.0,2024-10-21,4
2024-10-21 05:00:00,0.008159768,0.0,2024-10-21,5
2024-10-21 06:00:00,0.07458342,0.07528486,2024-10-21,6
2024-10-21 07:00:00,0.3046246,0.3663698,2024-10-21,7
2024-10-21 08:00:00,0.2544237,0.2546679,2024-10-21,8
2024-10-21 09:00:00,0.6617454,0.8005472,2024-10-21,9
2024-10-21 10:00:00,0.8084382,0.9816988,2024-10-21,10
2024-10-21 11:00:00,0.8056106,0.9742798,2024-10-21,11
2024-10-21 12:00:00,0.3294446,0.3280078,2024-10-21,12
2024-10-21 13:00:00,0.3661036,0.3808672,2024-10-21,13
2024-10-21 14:00:00,0.3549227,0.403231,2024-10-21,14
2024-10-21 15:00:00,0.2706176,0.3555999,2024-10-21,15
2024-10-21 16:00:00,0.08409376,0.1611852,2024-10-21,16
2024-10-21 17:00:00,0.0,0.0,2024-10-21,17
2024-10-21 18:00:00,0.0,0.0,2024-10-21,18
2024-10-21 19:00:00,0.0,0.0,2024-10-21,19
2024-10-21 20:00:00,0.0,0.0,2024-10-21,20
2024-10-21 21:00:00,0.0,0.0,2024-10-21,21
2024-10-21 22:00:00,0.0,0.0,2024-10-21,22
2024-10-21 23:00:00,0.0,0.0,2024-10-21,23
2024-10-22 00:00:00,0.0,0.0,2024-10-22,0
2024-10-22 01:00:00,0.0,0.0,2024-10-22,1
2024-10-22 02:00:00,0.0,0.0,2024-10-22,2
2024-10-22 03:00:00,0.0,0.0,2024-10-22,3
2024-10-22 04:00:00,0.0,0.0,2024-10-22,4
2024-10-22 05:00:00,0.008806252,0.0,2024-10-22,5
2024-10-22 06:00:00,0.1701987,0.2578644,2024-10-22,6
2024-10-22 07:00:00,0.4032548,0.5326571,2024-10-22,7
2024-10-22 08:00:00,0.6045362,0.7610419,2024-10-22,8
2024-10-22 09:00:00,0.7663588,0.9444311,2024-10-22,9
2024-10-22 10:00:00,0.7390922,0.8905202,2024-10-22,10
2024-10-22 11:00:00,0.724991,0.8648554,2024-10-22,11
2024-10-22 12:00:00,0.7042558,0.8487955,2024-10-22,12
2024-10-22 13:00:00,0.750457,0.9331335,2024-10-22,13
2024-10-22 14:00:00,0.5712093,0.7328039,2024-10-22,14
2024-10-22 15:00:00,0.3330915,0.462008,2024-10-22,15
2024-10-22 16:00:00,0.08456052,0.1703875,2024-10-22,16
2024-10-22 17:00:00,0.0,0.0,2024-10-22,17
2024-10-22 18:00:00,0.0,0.0,2024-10-22,18
2024-10-22 19:00:00,0.0,0.0,2024-10-22,19
2024-10-22 20:00:00,0.0,0.0,2024-10-22,20
2024-10-22 21:00:00,0.0,0.0,2024-10-22,21
2024-10-22 22:00:00,0.0,0.0,2024-10-22,22
2024-10-22 23:00:00,0.0,0.0,2024-10-22,23
2024-10-23 00:00:00,0.0,0.0,2024-10-23,0
2024-10-23 01:00:00,0.0,0.0,2024-10-23,1
2024-10-23 02:00:00,0.0,0.0,2024-10-23,2
2024-10-23 03:00:00,0.0,0.0,2024-10-23,3
2024-10-23 04:00:00,0.0,0.0,2024-10-23,4
2024-10-23 05:00:00,0.007143931,0.0,2024-10-23,5
2024-10-23 06:00:00,0.1593225,0.2382873,2024-10-23,6
2024-10-23 07:00:00,0.2627472,0.2999385,2024-10-23,7
2024-10-23 08:00:00,0.414538,0.4747376,2024-10-23,8
2024-10-23 09:00:00,0.6408535,0.7761525,2024-10-23,9
2024-10-23 10:00:00,0.6940363,0.8282316,2024-10-23,10
2024-10-23 11:00:00,0.532273,0.5800945,2024-10-23,11
2024-10-23 12:00:00,0.5572234,0.6301092,2024-10-23,12
2024-10-23 13:00:00,0.352827,0.3655755,2024-10-23,13
2024-10-23 14:00:00,0.3915168,0.468037,2024-10-23,14
2024-10-23 15:00:00,0.2039089,0.2391447,2024-10-23,15
2024-10-23 16:00:00,0.03954746,0.04397559,2024-10-23,16
2024-10-23 17:00:00,0.0,0.0,2024-10-23,17
2024-10-23 18:00:00,0.0,0.0,2024-10-23,18
2024-10-23 19:00:00,0.0,0.0,2024-10-23,19
2024-10-23 20:00:00,0.0,0.0,2024-10-23,20
2024-10-23 21:00:00,0.0,0.0,2024-10-23,21
2024-10-23 22:00:00,0.0,0.0,2024-10-23,22
2024-10-23 23:00:00,0.0,0.0,2024-10-23,23
2024-10-24 00:00:00,0.0,0.0,2024-10-24,0
2024-10-24 01:00:00,0.0,0.0,2024-10-24,1
2024-10-24 02:00:00,0.0,0.0,2024-10-24,2
2024-10-24 03:00:00,0.0,0.0,2024-10-24,3
2024-10-24 04:00:00,0.0,0.0,2024-10-24,4
2024-10-24 05:00:00,0.005897117,0.0,2024-10-24,5
2024-10-24 06:00:00,0.09349751,0.1024526,2024-10-24,6
2024-10-24 07:00:00,0.2131378,0.2259157,2024-10-24,7
2024-10-24 08:00:00,0.4064851,0.4641051,2024-10-24,8
2024-10-24 09:00:00,0.5484628,0.6371319,2024-10-24,9
2024-10-24 10:00:00,0.7402066,0.8983687,2024-10-24,10
2024-10-24 11:00:00,0.4686328,0.4933884,2024-10-24,11
2024-10-24 12:00:00,0.5591081,0.6352847,2024-10-24,12
2024-10-24 13:00:00,0.6046135,0.7438234,2024-10-24,13
2024-10-24 14:00:00,0.4938619,0.6348969,2024-10-24,14
2024-10-24 15:00:00,0.2350715,0.3001329,2024-10-24,15
2024-10-24 16:00:00,0.0591165,0.09821373,2024-10-24,16
2024-10-24 17:00:00,0.0,0.0,2024-10-24,17
2024-10-24 18:00:00,0.0,0.0,2024-10-24,18
2024-10-24 19:00:00,0.0,0.0,2024-10-24,19
2024-10-24 20:00:00,0.0,0.0,2024-10-24,20
2024-10-24 21:00:00,0.0,0.0,2024-10-24,21
2024-10-24 22:00:00,0.0,0.0,2024-10-24,22
2024-10-24 23:00:00,0.0,0.0,2024-10-24,23
2024-10-25 00:00:00,0.0,0.0,2024-10-25,0
2024-10-25 01:00:00,0.0,0.0,2024-10-25,1
2024-10-25 02:00:00,0.0,0.0,2024-10-25,2
2024-10-25 03:00:00,0.0,0.0,2024-10-25,3
2024-10-25 04:00:00,0.0,0.0,2024-10-25,4
2024-10-25 05:00:00,0.005953671,0.0,2024-10-25,5
2024-10-25 06:00:00,0.1093581,0.1321298,2024-10-25,6
2024-10-25 07:00:00,0.2676531,0.3120335,2024-10-25,7
2024-10-25 08:00:00,0.4128919,0.4764632,2024-10-25,8
2024-10-25 09:00:00,0.5703689,0.6740246,2024-10-25,9
2024-10-25 10:00:00,0.7415337,0.9033856,2024-10-25,10
2024-10-25 11:00:00,0.7593785,0.9235888,2024-10-25,11
2024-10-25 12:00:00,0.6980316,0.8494034,2024-10-25,12
2024-10-25 13:00:00,0.4258819,0.4690583,2024-10-25,13
2024-10-25 14:00:00,0.3403693,0.3889665,2024-10-25,14
2024-10-25 15:00:00,0.1886699,0.2170832,2024-10-25,15
2024-10-25 16:00:00,0.04844702,0.06847844,2024-10-25,16
2024-10-25 17:00:00,0.0,0.0,2024-10-25,17
2024-10-25 18:00:00,0.0,0.0,2024-10-25,18
2024-10-25 19:00:00,0.0,0.0,2024-10-25,19
2024-10-25 20:00:00,0.0,0.0,2024-10-25,20
2024-10-25 21:00:00,0.0,0.0,2024-10-25,21
2024-10-25 22:00:00,0.0,0.0,2024-10-25,22
2024-10-25 23:00:00,0.0,0.0,2024-10-25,23
2024-10-26 00:00:00,0.0,0.0,2024-10-26,0
2024-10-26 01:00:00,0.0,0.0,2024-10-26,1
2024-10-26 02:00:00,0.0,0.0,2024-10-26,2
2024-10-26 03:00:00,0.0,0.0,2024-10-26,3
2024-10-26 04:00:00,0.0,0.0,2024-10-26,4
2024-10-26 05:00:00,0.006403545,0.0,2024-10-26,5
2024-10-26 06:00:00,0.1384009,0.2012344,2024-10-26,6
2024-10-26 07:00:00,0.2570055,0.2959895,2024-10-26,7
2024-10-26 08:00:00,0.545728,0.6916181,2024-10-26,8
2024-10-26 09:00:00,0.6348166,0.7764111,2024-10-26,9
2024-10-26 10:00:00,0.6148061,0.7161803,2024-10-26,10
2024-10-26 11:00:00,0.7773971,0.9518737,2024-10-26,11
2024-10-26 12:00:00,0.473859,0.5126193,2024-10-26,12
2024-10-26 13:00:00,0.5272114,0.6300923,2024-10-26,13
2024-10-26 14:00:00,0.3810278,0.4592612,2024-10-26,14
2024-10-26 15:00:00,0.310107,0.4435357,2024-10-26,15
2024-10-26 16:00:00,0.068865,0.1507034,2024-10-26,16
2024-10-26 17:00:00,0.0,0.0,2024-10-26,17
2024-10-26 18:00:00,0.0,0.0,2024-10-26,18
2024-10-26 19:00:00,0.0,0.0,2024-10-26,19
2024-10-26 20:00:00,0.0,0.0,2024-10-26,20
2024-10-26 21:00:00,0.0,0.0,2024-10-26,21
2024-10-26 22:00:00,0.0,0.0,2024-10-26,22
2024-10-26 23:00:00,0.0,0.0,2024-10-26,23
2024-10-27 00:00:00,0.0,0.0,2024-10-27,0
2024-10-27 01:00:00,0.0,0.0,2024-10-27,1
2024-10-27 02:00:00,0.0,0.0,2024-10-27,2
2024-10-27 03:00:00,0.0,0.0,2024-10-27,3
2024-10-27 04:00:00,0.0,0.0,2024-10-27,4
2024-10-27 05:00:00,0.00410614,0.0,2024-10-27,5
2024-10-27 06:00:00,0.1383071,0.2051666,2024-10-27,6
2024-10-27 07:00:00,0.2881411,0.3529423,2024-10-27,7
2024-10-27 08:00:00,0.5399641,0.686271,2024-10-27,8
2024-10-27 09:00:00,0.7202539,0.9007323,2024-10-27,9
2024-10-27 10:00:00,0.6948328,0.8415701,2024-10-27,10
2024-10-27 11:00:00,0.8149259,1.005433,2024-10-27,11
2024-10-27 12:00:00,0.7456223,0.9230089,2024-10-27,12
2024-10-27 13:00:00,0.6663841,0.8411235,2024-10-27,13
2024-10-27 14:00:00,0.4980947,0.6514775,2024-10-27,14
2024-10-27 15:00:00,0.279277,0.3963753,2024-10-27,15
2024-10-27 16:00:00,0.04965634,0.08124217,2024-10-27,16
2024-10-27 17:00:00,0.0,0.0,2024-10-27,17
2024-10-27 18:00:00,0.0,0.0,2024-10-27,18
2024-10-27 19:00:00,0.0,0.0,2024-10-27,19
2024-10-27 20:00:00,0.0,0.0,2024-10-27,20
2024-10-27 21:00:00,0.0,0.0,2024-10-27,21
2024-10-27 22:00:00,0.0,0.0,2024-10-27,22
2024-10-27 23:00:00,0.0,0.0,2024-10-27,23
2024-10-28 00:00:00,0.0,0.0,2024-10-28,0
2024-10-28 01:00:00,0.0,0.0,2024-10-28,1
2024-10-28 02:00:00,0.0,0.0,2024-10-28,2
2024-10-28 03:00:00,0.0,0.0,2024-10-28,3
2024-10-28 04:00:00,0.0,0.0,2024-10-28,4
2024-10-28 05:00:00,0.004219379,0.0,2024-10-28,5
2024-10-28 06:00:00,0.1429706,0.2214047,2024-10-28,6
2024-10-28 07:00:00,0.390491,0.5342492,2024-10-28,7
2024-10-28 08:00:00,0.5687891,0.7314888,2024-10-28,8
2024-10-28 09:00:00,0.7146621,0.8963825,2024-10-28,9
2024-10-28 10:00:00,0.8742757,1.087186,2024-10-28,10
2024-10-28 11:00:00,0.9252034,1.149001,2024-10-28,11
2024-10-28 12:00:00,0.8079684,1.007541,2024-10-28,12
2024-10-28 13:00:00,0.6661989,0.8440455,2024-10-28,13
2024-10-28 14:00:00,0.4851905,0.6361552,2024-10-28,14
2024-10-28 15:00:00,0.2588883,0.3624906,2024-10-28,15
2024-10-28 16:00:00,0.05793842,0.1222241,2024-10-28,16
2024-10-28 17:00:00,0.0,0.0,2024-10-28,17
2024-10-28 18:00:00,0.0,0.0,2024-10-28,18
2024-10-28 19:00:00,0.0,0.0,2024-10-28,19
2024-10-28 20:00:00,0.0,0.0,2024-10-28,20
2024-10-28 21:00:00,0.0,0.0,2024-10-28,21
2024-10-28 22:00:00,0.0,0.0,2024-10-28,22
2024-10-28 23:00:00,0.0,0.0,2024-10-28,23
2024-10-29 00:00:00,0.0,0.0,2024-10-29,0
2024-10-29 01:00:00,0.0,0.0,2024-10-29,1
2024-10-29 02:00:00,0.0,0.0,2024-10-29,2
2024-10-29 03:00:00,0.0,0.0,2024-10-29,3
2024-10-29 04:00:00,0.0,0.0,2024-10-29,4
2024-10-29 05:00:00,0.003837326,0.0,2024-10-29,5
2024-10-29 06:00:00,0.1185827,0.1634547,2024-10-29,6
2024-10-29 07:00:00,0.2330584,0.2616277,2024-10-29,7
2024-10-29 08:00:00,0.3503954,0.3859303,2024-10-29,8
2024-10-29 09:00:00,0.6965396,0.8749217,2024-10-29,9
2024-10-29 10:00:00,0.677868,0.8220396,2024-10-29,10
2024-10-29 11:00:00,0.7981936,0.9894363,2024-10-29,11
2024-10-29 12:00:00,0.7723268,0.9648894,2024-10-29,12
2024-10-29 13:00:00,0.6537182,0.8303882,2024-10-29,13
2024-10-29 14:00:00,0.4862535,0.6411489,2024-10-29,14
2024-10-29 15:00:00,0.3076514,0.4511191,2024-10-29,15
2024-10-29 16:00:00,0.07824511,0.2078113,2024-10-29,16
2024-10-29 17:00:00,0.0,0.0,2024-10-29,17
2024-10-29 18:00:00,0.0,0.0,2024-10-29,18
2024-10-29 19:00:00,0.0,0.0,2024-10-29,19
2024-10-29 20:00:00,0.0,0.0,2024-10-29,20
2024-10-29 21:00:00,0.0,0.0,2024-10-29,21
2024-10-29 22:00:00,0.0,0.0,2024-10-29,22
2024-10-29 23:00:00,0.0,0.0,2024-10-29,23
2024-10-30 00:00:00,0.0,0.0,2024-10-30,0
2024-10-30 01:00:00,0.0,0.0,2024-10-30,1
2024-10-30 02:00:00,0.0,0.0,2024-10-30,2
2024-10-30 03:00:00,0.0,0.0,2024-10-30,3
2024-10-30 04:00:00,0.0,0.0,2024-10-30,4
2024-10-30 05:00:00,0.005004682,0.0,2024-10-30,5
2024-10-30 06:00:00,0.09805355,0.1193402,2024-10-30,6
2024-10-30 07:00:00,0.09791186,0.09602709,2024-10-30,7
2024-10-30 08:00:00,0.3514344,0.3890138,2024-10-30,8
2024-10-30 09:00:00,0.2898102,0.2891498,2024-10-30,9
2024-10-30 10:00:00,0.5293177,0.5932146,2024-10-30,10
2024-10-30 11:00:00,0.2076771,0.2030718,2024-10-30,11
2024-10-30 12:00:00,0.413318,0.4339369,2024-10-30,12
2024-10-30 13:00:00,0.3305075,0.3424419,2024-10-30,13
2024-10-30 14:00:00,0.3300309,0.3829036,2024-10-30,14
2024-10-30 15:00:00,0.230895,0.3139854,2024-10-30,15
2024-10-30 16:00:00,0.04839644,0.09408012,2024-10-30,16
2024-10-30 17:00:00,0.0,0.0,2024-10-30,17
2024-10-30 18:00:00,0.0,0.0,2024-10-30,18
2024-10-30 19:00:00,0.0,0.0,2024-10-30,19
2024-10-30 20:00:00,0.0,0.0,2024-10-30,20
2024-10-30 21:00:00,0.0,0.0,2024-10-30,21
2024-10-30 22:00:00,0.0,0.0,2024-10-30,22
2024-10-30 23:00:00,0.0,0.0,2024-10-30,23
2024-10-31 00:00:00,0.0,0.0,2024-10-31,0
2024-10-31 01:00:00,0.0,0.0,2024-10-31,1
2024-10-31 02:00:00,0.0,0.0,2024-10-31,2
2024-10-31 03:00:00,0.0,0.0,2024-10-31,3
2024-10-31 04:00:00,0.0,0.0,2024-10-31,4
2024-10-31 05:00:00,0.002097721,0.0,2024-10-31,5
2024-10-31 06:00:00,0.08019845,0.08808555,2024-10-31,6
2024-10-31 07:00:00,0.3338694,0.4502971,2024-10-31,7
2024-10-31 08:00:00,0.5428063,0.7035202,2024-10-31,8
2024-10-31 09:00:00,0.8190486,1.04181,2024-10-31,9
2024-10-31 10:00:00,0.8438774,1.057706,2024-10-31,10
2024-10-31 11:00:00,0.6746101,0.8165523,2024-10-31,11
2024-10-31 12:00:00,0.6838245,0.8474314,2024-10-31,12
2024-10-31 13:00:00,0.6308678,0.8049418,2024-10-31,13
2024-10-31 14:00:00,0.4421641,0.5794964,2024-10-31,14
2024-10-31 15:00:00,0.2742001,0.4036976,2024-10-31,15
2024-10-31 16:00:00,0.06074662,0.16319,2024-10-31,16
2024-10-31 17:00:00,0.0,0.0,2024-10-31,17
2024-10-31 18:00:00,0.0,0.0,2024-10-31,18
2024-10-31 19:00:00,0.0,0.0,2024-10-31,19
2024-10-31 20:00:00,0.0,0.0,2024-10-31,20
2024-10-31 21:00:00,0.0,0.0,2024-10-31,21
2024-10-31 22:00:00,0.0,0.0,2024-10-31,22
2024-10-31 23:00:00,0.0,0.0,2024-10-31,23
2024-11-01 00:00:00,0.0,0.0,2024-11-01,0
2024-11-01 01:00:00,0.0,0.0,2024-11-01,1
2024-11-01 02:00:00,0.0,0.0,2024-11-01,2
2024-11-01 03:00:00,0.0,0.0,2024-11-01,3
2024-11-01 04:00:00,0.0,0.0,2024-11-01,4
2024-11-01 05:00:00,0.003643367,0.0,2024-11-01,5
2024-11-01 06:00:00,0.09880605,0.1254528,2024-11-01,6
2024-11-01 07:00:00,0.3487834,0.4805431,2024-11-01,7
2024-11-01 08:00:00,0.5456616,0.7109784,2024-11-01,8
2024-11-01 09:00:00,0.6751283,0.8542821,2024-11-01,9
2024-11-01 10:00:00,0.834271,1.048386,2024-11-01,10
2024-11-01 11:00:00,0.821679,1.029063,2024-11-01,11
2024-11-01 12:00:00,0.6487972,0.7972876,2024-11-01,12
2024-11-01 13:00:00,0.4795869,0.5690368,2024-11-01,13
2024-11-01 14:00:00,0.4507249,0.5968034,2024-11-01,14
2024-11-01 15:00:00,0.2500167,0.3614204,2024-11-01,15
2024-11-01 16:00:00,0.05067705,0.1213614,2024-11-01,16
2024-11-01 17:00:00,0.0,0.0,2024-11-01,17
2024-11-01 18:00:00,0.0,0.0,2024-11-01,18
2024-11-01 19:00:00,0.0,0.0,2024-11-01,19
2024-11-01 20:00:00,0.0,0.0,2024-11-01,20
2024-11-01 21:00:00,0.0,0.0,2024-11-01,21
2024-11-01 22:00:00,0.0,0.0,2024-11-01,22
2024-11-01 23:00:00,0.0,0.0,2024-11-01,23
2024-11-02 00:00:00,0.0,0.0,2024-11-02,0
2024-11-02 01:00:00,0.0,0.0,2024-11-02,1
2024-11-02 02:00:00,0.0,0.0,2024-11-02,2
2024-11-02 03:00:00,0.0,0.0,2024-11-02,3
2024-11-02 04:00:00,0.0,0.0,2024-11-02,4
2024-11-02 05:00:00,0.003117161,0.0,2024-11-02,5
2024-11-02 06:00:00,0.09592169,0.1214339,2024-11-02,6
2024-11-02 07:00:00,0.3193127,0.430434,2024-11-02,7
2024-11-02 08:00:00,0.4917088,0.6299185,2024-11-02,8
2024-11-02 09:00:00,0.6768073,0.8597364,2024-11-02,9
2024-11-02 10:00:00,0.8078097,1.017192,2024-11-02,10
2024-11-02 11:00:00,0.6699823,0.8152347,2024-11-02,11
2024-11-02 12:00:00,0.6289451,0.7691988,2024-11-02,12
2024-11-02 13:00:00,0.7151977,0.9243805,2024-11-02,13
2024-11-02 14:00:00,0.4770143,0.6408446,2024-11-02,14
2024-11-02 15:00:00,0.2492873,0.3640034,2024-11-02,15
2024-11-02 16:00:00,0.04852885,0.1185091,2024-11-02,16
2024-11-02 17:00:00,0.0,0.0,2024-11-02,17
2024-11-02 18:00:00,0.0,0.0,2024-11-02,18
2024-11-02 19:00:00,0.0,0.0,2024-11-02,19
2024-11-02 20:00:00,0.0,0.0,2024-11-02,20
2024-11-02 21:00:00,0.0,0.0,2024-11-02,21
2024-11-02 22:00:00,0.0,0.0,2024-11-02,22
2024-11-02 23:00:00,0.0,0.0,2024-11-02,23
2024-11-03 00:00:00,0.0,0.0,2024-11-03,0
2024-11-03 01:00:00,0.0,0.0,2024-11-03,1
2024-11-03 02:00:00,0.0,0.0,2024-11-03,2
2024-11-03 03:00:00,0.0,0.0,2024-11-03,3
2024-11-03 04:00:00,0.0,0.0,2024-11-03,4
2024-11-03 05:00:00,0.003747043,0.0,2024-11-03,5
2024-11-03 06:00:00,0.1371938,0.2366361,2024-11-03,6
2024-11-03 07:00:00,0.2185355,0.2455744,2024-11-03,7
2024-11-03 08:00:00,0.2160357,0.2151265,2024-11-03,8
2024-11-03 09:00:00,0.446412,0.4987808,2024-11-03,9
2024-11-03 10:00:00,0.5972353,0.709366,2024-11-03,10
2024-11-03 11:00:00,0.5232586,0.585912,2024-11-03,11
2024-11-03 12:00:00,0.7011253,0.8820615,2024-11-03,12
2024-11-03 13:00:00,0.5660763,0.7169814,2024-11-03,13
2024-11-03 14:00:00,0.2049151,0.2072651,2024-11-03,14
2024-11-03 15:00:00,0.0537546,0.05269816,2024-11-03,15
2024-11-03 16:00:00,0.007186413,0.007128459,2024-11-03,16
2024-11-03 17:00:00,0.0,0.0,2024-11-03,17
2024-11-03 18:00:00,0.0,0.0,2024-11-03,18
2024-11-03 19:00:00,0.0,0.0,2024-11-03,19
2024-11-03 20:00:00,0.0,0.0,2024-11-03,20
2024-11-03 21:00:00,0.0,0.0,2024-11-03,21
2024-11-03 22:00:00,0.0,0.0,2024-11-03,22
2024-11-03 23:00:00,0.0,0.0,2024-11-03,23
2024-11-04 00:00:00,0.0,0.0,2024-11-04,0
2024-11-04 01:00:00,0.0,0.0,2024-11-04,1
2024-11-04 02:00:00,0.0,0.0,2024-11-04,2
2024-11-04 03:00:00,0.0,0.0,2024-11-04,3
2024-11-04 04:00:00,0.0,0.0,2024-11-04,4
2024-11-04 05:00:00,0.002341817,0.0,2024-11-04,5
2024-11-04 06:00:00,0.1142022,0.175966,2024-11-04,6
2024-11-04 07:00:00,0.1944598,0.2094012,2024-11-04,7
2024-11-04 08:00:00,0.2518684,0.2567388,2024-11-04,8
2024-11-04 09:00:00,0.3310494,0.3391934,2024-11-04,9
2024-11-04 10:00:00,0.5527052,0.64018,2024-11-04,10
2024-11-04 11:00:00,0.5462003,0.6234573,2024-11-04,11
2024-11-04 12:00:00,0.7764668,0.9878473,2024-11-04,12
2024-11-04 13:00:00,0.5868982,0.7525675,2024-11-04,13
2024-11-04 14:00:00,0.4613156,0.6234974,2024-11-04,14
2024-11-04 15:00:00,0.2239548,0.31807,2024-11-04,15
2024-11-04 16:00:00,0.05369492,0.1690207,2024-11-04,16
2024-11-04 17:00:00,0.0,0.0,2024-11-04,17
2024-11-04 18:00:00,0.0,0.0,2024-11-04,18
2024-11-04 19:00:00,0.0,0.0,2024-11-04,19
2024-11-04 20:00:00,0.0,0.0,2024-11-04,20
2024-11-04 21:00:00,0.0,0.0,2024-11-04,21
2024-11-04 22:00:00,0.0,0.0,2024-11-04,22
2024-11-04 23:00:00,0.0,0.0,2024-11-04,23
2024-11-05 00:00:00,0.0,0.0,2024-11-05,0
2024-11-05 01:00:00,0.0,0.0,2024-11-05,1
2024-11-05 02:00:00,0.0,0.0,2024-11-05,2
2024-11-05 03:00:00,0.0,0.0,2024-11-05,3
2024-11-05 04:00:00,0.0,0.0,2024-11-05,4
2024-11-05 05:00:00,0.002040749,0.0,2024-11-05,5
2024-11-05 06:00:00,0.08826976,0.1113908,2024-11-05,6
2024-11-05 07:00:00,0.1993161,0.2177411,2024-11-05,7
2024-11-05 08:00:00,0.3237278,0.3554458,2024-11-05,8
2024-11-05 09:00:00,0.6625648,0.8485041,2024-11-05,9
2024-11-05 10:00:00,0.6949211,0.8690197,2024-11-05,10
2024-11-05 11:00:00,0.7002535,0.8707356,2024-11-05,11
2024-11-05 12:00:00,0.7605548,0.969905,2024-11-05,12
2024-11-05 13:00:00,0.6509647,0.8477538,2024-11-05,13
2024-11-05 14:00:00,0.393185,0.5114389,2024-11-05,14
2024-11-05 15:00:00,0.2161751,0.3044619,2024-11-05,15
2024-11-05 16:00:00,0.04023792,0.09465766,2024-11-05,16
2024-11-05 17:00:00,0.0,0.0,2024-11-05,17
2024-11-05 18:00:00,0.0,0.0,2024-11-05,18
2024-11-05 19:00:00,0.0,0.0,2024-11-05,19
2024-11-05 20:00:00,0.0,0.0,2024-11-05,20
2024-11-05 21:00:00,0.0,0.0,2024-11-05,21
2024-11-05 22:00:00,0.0,0.0,2024-11-05,22
2024-11-05 23:00:00,0.0,0.0,2024-11-05,23
2024-11-06 00:00:00,0.0,0.0,2024-11-06,0
2024-11-06 01:00:00,0.0,0.0,2024-11-06,1
2024-11-06 02:00:00,0.0,0.0,2024-11-06,2
2024-11-06 03:00:00,0.0,0.0,2024-11-06,3
2024-11-06 04:00:00,0.0,0.0,2024-11-06,4
2024-11-06 05:00:00,0.001626797,0.0,2024-11-06,5
2024-11-06 06:00:00,0.08819031,0.1136813,2024-11-06,6
2024-11-06 07:00:00,0.2981337,0.4035423,2024-11-06,7
2024-11-06 08:00:00,0.4373669,0.5495387,2024-11-06,8
2024-11-06 09:00:00,0.5854533,0.7330019,2024-11-06,9
2024-11-06 10:00:00,0.7025004,0.8833617,2024-11-06,10
2024-11-06 11:00:00,0.7919695,1.004546,2024-11-06,11
2024-11-06 12:00:00,0.7816845,1.000433,2024-11-06,12
2024-11-06 13:00:00,0.7150137,0.9369281,2024-11-06,13
2024-11-06 14:00:00,0.5144563,0.7067289,2024-11-06,14
2024-11-06 15:00:00,0.3056022,0.4781704,2024-11-06,15
2024-11-06 16:00:00,0.05686515,0.2080617,2024-11-06,16
2024-11-06 17:00:00,0.0,0.0,2024-11-06,17
2024-11-06 18:00:00,0.0,0.0,2024-11-06,18
2024-11-06 19:00:00,0.0,0.0,2024-11-06,19
2024-11-06 20:00:00,0.0,0.0,2024-11-06,20
2024-11-06 21:00:00,0.0,0.0,2024-11-06,21
2024-11-06 22:00:00,0.0,0.0,2024-11-06,22
2024-11-06 23:00:00,0.0,0.0,2024-11-06,23
2024-11-07 00:00:00,0.0,0.0,2024-11-07,0
2024-11-07 01:00:00,0.0,0.0,2024-11-07,1
2024-11-07 02:00:00,0.0,0.0,2024-11-07,2
2024-11-07 03:00:00,0.0,0.0,2024-11-07,3
2024-11-07 04:00:00,0.0,0.0,2024-11-07,4
2024-11-07 05:00:00,0.000969629,0.0,2024-11-07,5
2024-11-07 06:00:00,0.1038112,0.1593755,2024-11-07,6
2024-11-07 07:00:00,0.1847704,0.1980476,2024-11-07,7
2024-11-07 08:00:00,0.4027608,0.4910049,2024-11-07,8
2024-11-07 09:00:00,0.5870298,0.738551,2024-11-07,9
2024-11-07 10:00:00,0.5451702,0.6347316,2024-11-07,10
2024-11-07 11:00:00,0.5830461,0.6892511,2024-11-07,11
2024-11-07 12:00:00,0.5511543,0.6563191,2024-11-07,12
2024-11-07 13:00:00,0.5976285,0.7778797,2024-11-07,13
2024-11-07 14:00:00,0.4028378,0.5350554,2024-11-07,14
2024-11-07 15:00:00,0.2401499,0.3646997,2024-11-07,15
2024-11-07 16:00:00,0.06165284,0.2393173,2024-11-07,16
2024-11-07 17:00:00,0.0,0.0,2024-11-07,17
2024-11-07 18:00:00,0.0,0.0,2024-11-07,18
2024-11-07 19:00:00,0.0,0.0,2024-11-07,19
2024-11-07 20:00:00,0.0,0.0,2024-11-07,20
2024-11-07 21:00:00,0.0,0.0,2024-11-07,21
2024-11-07 22:00:00,0.0,0.0,2024-11-07,22
2024-11-07 23:00:00,0.0,0.0,2024-11-07,23
2024-11-08 00:00:00,0.0,0.0,2024-11-08,0
2024-11-08 01:00:00,0.0,0.0,2024-11-08,1
2024-11-08 02:00:00,0.0,0.0,2024-11-08,2
2024-11-08 03:00:00,0.0,0.0,2024-11-08,3
2024-11-08 04:00:00,0.0,0.0,2024-11-08,4
2024-11-08 05:00:00,0.001098149,0.0,2024-11-08,5
2024-11-08 06:00:00,0.1040637,0.1649228,2024-11-08,6
2024-11-08 07:00:00,0.3703705,0.5410693,2024-11-08,7
2024-11-08 08:00:00,0.5675323,0.763558,2024-11-08,8
2024-11-08 09:00:00,0.6850366,0.88895,2024-11-08,9
2024-11-08 10:00:00,0.787026,1.007051,2024-11-08,10
2024-11-08 11:00:00,0.6352828,0.7769905,2024-11-08,11
2024-11-08 12:00:00,0.6281677,0.7852716,2024-11-08,12
2024-11-08 13:00:00,0.5520598,0.7094914,2024-11-08,13
2024-11-08 14:00:00,0.3967676,0.5271642,2024-11-08,14
2024-11-08 15:00:00,0.2613342,0.410723,2024-11-08,15
2024-11-08 16:00:00,0.04458742,0.1543117,2024-11-08,16
2024-11-08 17:00:00,0.0,0.0,2024-11-08,17
2024-11-08 18:00:00,0.0,0.0,2024-11-08,18
2024-11-08 19:00:00,0.0,0.0,2024-11-08,19
2024-11-08 20:00:00,0.0,0.0,2024-11-08,20
2024-11-08 21:00:00,0.0,0.0,2024-11-08,21
2024-11-08 22:00:00,0.0,0.0,2024-11-08,22
2024-11-08 23:00:00,0.0,0.0,2024-11-08,23
2024-11-09 00:00:00,0.0,0.0,2024-11-09,0
2024-11-09 01:00:00,0.0,0.0,2024-11-09,1
2024-11-09 02:00:00,0.0,0.0,2024-11-09,2
2024-11-09 03:00:00,0.0,0.0,2024-11-09,3
2024-11-09 04:00:00,0.0,0.0,2024-11-09,4
2024-11-09 05:00:00,0.000893159,0.0,2024-11-09,5
2024-11-09 06:00:00,0.1141051,0.2025134,2024-11-09,6
2024-11-09 07:00:00,0.3191103,0.4558945,2024-11-09,7
2024-11-09 08:00:00,0.6329905,0.8581537,2024-11-09,8
2024-11-09 09:00:00,0.7918172,1.035415,2024-11-09,9
2024-11-09 10:00:00,0.8054181,1.034044,2024-11-09,10
2024-11-09 11:00:00,0.866582,1.110844,2024-11-09,11
2024-11-09 12:00:00,0.7470716,0.963012,2024-11-09,12
2024-11-09 13:00:00,0.7181662,0.9505491,2024-11-09,13
2024-11-09 14:00:00,0.4235827,0.5776917,2024-11-09,14
2024-11-09 15:00:00,0.2086083,0.3010036,2024-11-09,15
2024-11-09 16:00:00,0.04268917,0.1508868,2024-11-09,16
2024-11-09 17:00:00,0.0,0.0,2024-11-09,17
2024-11-09 18:00:00,0.0,0.0,2024-11-09,18
2024-11-09 19:00:00,0.0,0.0,2024-11-09,19
2024-11-09 20:00:00,0.0,0.0,2024-11-09,20
2024-11-09 21:00:00,0.0,0.0,2024-11-09,21
2024-11-09 22:00:00,0.0,0.0,2024-11-09,22
2024-11-09 23:00:00,0.0,0.0,2024-11-09,23
2024-11-10 00:00:00,0.0,0.0,2024-11-10,0
2024-11-10 01:00:00,0.0,0.0,2024-11-10,1
2024-11-10 02:00:00,0.0,0.0,2024-11-10,2
2024-11-10 03:00:00,0.0,0.0,2024-11-10,3
2024-11-10 04:00:00,0.0,0.0,2024-11-10,4
2024-11-10 05:00:00,0.001227964,0.0,2024-11-10,5
2024-11-10 06:00:00,0.1482043,0.3020107,2024-11-10,6
2024-11-10 07:00:00,0.3747889,0.5544128,2024-11-10,7
2024-11-10 08:00:00,0.5418398,0.7333629,2024-11-10,8
2024-11-10 09:00:00,0.7141227,0.9336295,2024-11-10,9
2024-11-10 10:00:00,0.9003499,1.16298,2024-11-10,10
2024-11-10 11:00:00,0.8510448,1.093185,2024-11-10,11
2024-11-10 12:00:00,0.7562298,0.9777633,2024-11-10,12
2024-11-10 13:00:00,0.5857329,0.7684759,2024-11-10,13
2024-11-10 14:00:00,0.5095625,0.7120298,2024-11-10,14
2024-11-10 15:00:00,0.2560242,0.4077329,2024-11-10,15
2024-11-10 16:00:00,0.03532842,0.1005869,2024-11-10,16
2024-11-10 17:00:00,0.0,0.0,2024-11-10,17
2024-11-10 18:00:00,0.0,0.0,2024-11-10,18
2024-11-10 19:00:00,0.0,0.0,2024-11-10,19
2024-11-10 20:00:00,0.0,0.0,2024-11-10,20
2024-11-10 21:00:00,0.0,0.0,2024-11-10,21
2024-11-10 22:00:00,0.0,0.0,2024-11-10,22
2024-11-10 23:00:00,0.0,0.0,2024-11-10,23
2024-11-11 00:00:00,0.0,0.0,2024-11-11,0
2024-11-11 01:00:00,0.0,0.0,2024-11-11,1
2024-11-11 02:00:00,0.0,0.0,2024-11-11,2
2024-11-11 03:00:00,0.0,0.0,2024-11-11,3
2024-11-11 04:00:00,0.0,0.0,2024-11-11,4
2024-11-11 05:00:00,0.000759734,0.0,2024-11-11,5
2024-11-11 06:00:00,0.07713918,0.1000965,2024-11-11,6
2024-11-11 07:00:00,0.09588175,0.09434833,2024-11-11,7
2024-11-11 08:00:00,0.2281902,0.2310967,2024-11-11,8
2024-11-11 09:00:00,0.2868221,0.2891821,2024-11-11,9
2024-11-11 10:00:00,0.3938254,0.4132763,2024-11-11,10
2024-11-11 11:00:00,0.4153002,0.4390492,2024-11-11,11
2024-11-11 12:00:00,0.2756145,0.2737791,2024-11-11,12
2024-11-11 13:00:00,0.2114308,0.2086747,2024-11-11,13
2024-11-11 14:00:00,0.2508126,0.2732432,2024-11-11,14
2024-11-11 15:00:00,0.03440939,0.03365809,2024-11-11,15
2024-11-11 16:00:00,0.01345949,0.01422757,2024-11-11,16
2024-11-11 17:00:00,0.0,0.0,2024-11-11,17
2024-11-11 18:00:00,0.0,0.0,2024-11-11,18
2024-11-11 19:00:00,0.0,0.0,2024-11-11,19
2024-11-11 20:00:00,0.0,0.0,2024-11-11,20
2024-11-11 21:00:00,0.0,0.0,2024-11-11,21
2024-11-11 22:00:00,0.0,0.0,2024-11-11,22
2024-11-11 23:00:00,0.0,0.0,2024-11-11,23
2024-11-12 00:00:00,0.0,0.0,2024-11-12,0
2024-11-12 01:00:00,0.0,0.0,2024-11-12,1
2024-11-12 02:00:00,0.0,0.0,2024-11-12,2
2024-11-12 03:00:00,0.0,0.0,2024-11-12,3
2024-11-12 04:00:00,0.0,0.0,2024-11-12,4
2024-11-12 05:00:00,0.000473471,0.0,2024-11-12,5
2024-11-12 06:00:00,0.09139919,0.1445604,2024-11-12,6
2024-11-12 07:00:00,0.0251556,0.02450386,2024-11-12,7
2024-11-12 08:00:00,0.05397866,0.05259859,2024-11-12,8
2024-11-12 09:00:00,0.1258529,0.1229476,2024-11-12,9
2024-11-12 10:00:00,0.1393819,0.1361087,2024-11-12,10
2024-11-12 11:00:00,0.1570317,0.1534288,2024-11-12,11
2024-11-12 12:00:00,0.155408,0.1519271,2024-11-12,12
2024-11-12 13:00:00,0.102191,0.09977726,2024-11-12,13
2024-11-12 14:00:00,0.1198937,0.1176882,2024-11-12,14
2024-11-12 15:00:00,0.04195511,0.04112073,2024-11-12,15
2024-11-12 16:00:00,0.007402997,0.007534579,2024-11-12,16
2024-11-12 17:00:00,0.0,0.0,2024-11-12,17
2024-11-12 18:00:00,0.0,0.0,2024-11-12,18
2024-11-12 19:00:00,0.0,0.0,2024-11-12,19
2024-11-12 20:00:00,0.0,0.0,2024-11-12,20
2024-11-12 21:00:00,0.0,0.0,2024-11-12,21
2024-11-12 22:00:00,0.0,0.0,2024-11-12,22
2024-11-12 23:00:00,0.0,0.0,2024-11-12,23
2024-11-13 00:00:00,0.0,0.0,2024-11-13,0
2024-11-13 01:00:00,0.0,0.0,2024-11-13,1
2024-11-13 02:00:00,0.0,0.0,2024-11-13,2
2024-11-13 03:00:00,0.0,0.0,2024-11-13,3
2024-11-13 04:00:00,0.0,0.0,2024-11-13,4
2024-11-13 05:00:00,0.000318259,0.0,2024-11-13,5
2024-11-13 06:00:00,0.1077698,0.2068784,2024-11-13,6
2024-11-13 07:00:00,0.1903586,0.2133502,2024-11-13,7
2024-11-13 08:00:00,0.3493002,0.4106301,2024-11-13,8
2024-11-13 09:00:00,0.497654,0.6043079,2024-11-13,9
2024-11-13 10:00:00,0.3112473,0.3124026,2024-11-13,10
2024-11-13 11:00:00,0.4768271,0.5306597,2024-11-13,11
2024-11-13 12:00:00,0.6803709,0.8798916,2024-11-13,12
2024-11-13 13:00:00,0.4813526,0.6022452,2024-11-13,13
2024-11-13 14:00:00,0.2948176,0.3486037,2024-11-13,14
2024-11-13 15:00:00,0.1423177,0.1650879,2024-11-13,15
2024-11-13 16:00:00,0.03835339,0.1495314,2024-11-13,16
2024-11-13 17:00:00,0.0,0.0,2024-11-13,17
2024-11-13 18:00:00,0.0,0.0,2024-11-13,18
2024-11-13 19:00:00,0.0,0.0,2024-11-13,19
2024-11-13 20:00:00,0.0,0.0,2024-11-13,20
2024-11-13 21:00:00,0.0,0.0,2024-11-13,21
2024-11-13 22:00:00,0.0,0.0,2024-11-13,22
2024-11-13 23:00:00,0.0,0.0,2024-11-13,23
2024-11-14 00:00:00,0.0,0.0,2024-11-14,0
2024-11-14 01:00:00,0.0,0.0,2024-11-14,1
2024-11-14 02:00:00,0.0,0.0,2024-11-14,2
2024-11-14 03:00:00,0.0,0.0,2024-11-14,3
2024-11-14 04:00:00,0.0,0.0,2024-11-14,4
2024-11-14 05:00:00,0.000246735,0.0,2024-11-14,5
2024-11-14 06:00:00,0.09083962,0.1531724,2024-11-14,6
2024-11-14 07:00:00,0.2832154,0.4021228,2024-11-14,7
2024-11-14 08:00:00,0.4670731,0.6268672,2024-11-14,8
2024-11-14 09:00:00,0.7359126,0.9744884,2024-11-14,9
2024-11-14 10:00:00,0.7738383,1.005361,2024-11-14,10
2024-11-14 11:00:00,0.8826438,1.146535,2024-11-14,11
2024-11-14 12:00:00,0.7880879,1.030975,2024-11-14,12
2024-11-14 13:00:00,0.632384,0.8464418,2024-11-14,13
2024-11-14 14:00:00,0.4549012,0.6429671,2024-11-14,14
2024-11-14 15:00:00,0.2524706,0.413979,2024-11-14,15
2024-11-14 16:00:00,0.0471767,0.2240246,2024-11-14,16
2024-11-14 17:00:00,0.0,0.0,2024-11-14,17
2024-11-14 18:00:00,0.0,0.0,2024-11-14,18
2024-11-14 19:00:00,0.0,0.0,2024-11-14,19
2024-11-14 20:00:00,0.0,0.0,2024-11-14,20
2024-11-14 21:00:00,0.0,0.0,2024-11-14,21
2024-11-14 22:00:00,0.0,0.0,2024-11-14,22
2024-11-14 23:00:00,0.0,0.0,2024-11-14,23
2024-11-15 00:00:00,0.0,0.0,2024-11-15,0
2024-11-15 01:00:00,0.0,0.0,2024-11-15,1
2024-11-15 02:00:00,0.0,0.0,2024-11-15,2
2024-11-15 03:00:00,0.0,0.0,2024-11-15,3
2024-11-15 04:00:00,0.0,0.0,2024-11-15,4
2024-11-15 05:00:00,4.95604e-05,0.0,2024-11-15,5
2024-11-15 06:00:00,0.0409475,0.04154696,2024-11-15,6
2024-11-15 07:00:00,0.1293643,0.1302225,2024-11-15,7
2024-11-15 08:00:00,0.2801035,0.3019414,2024-11-15,8
2024-11-15 09:00:00,0.5749436,0.7421387,2024-11-15,9
2024-11-15 10:00:00,0.4146754,0.4455968,2024-11-15,10
2024-11-15 11:00:00,0.4362853,0.4723567,2024-11-15,11
2024-11-15 12:00:00,0.5294756,0.6379293,2024-11-15,12
2024-11-15 13:00:00,0.5837965,0.7788169,2024-11-15,13
2024-11-15 14:00:00,0.3812038,0.5179573,2024-11-15,14
2024-11-15 15:00:00,0.1439342,0.1703724,2024-11-15,15
2024-11-15 16:00:00,0.02478885,0.04735711,2024-11-15,16
2024-11-15 17:00:00,0.0,0.0,2024-11-15,17
2024-11-15 18:00:00,0.0,0.0,2024-11-15,18
2024-11-15 19:00:00,0.0,0.0,2024-11-15,19
2024-11-15 20:00:00,0.0,0.0,2024-11-15,20
2024-11-15 21:00:00,0.0,0.0,2024-11-15,21
2024-11-15 22:00:00,0.0,0.0,2024-11-15,22
2024-11-15 23:00:00,0.0,0.0,2024-11-15,23
2024-11-16 00:00:00,0.0,0.0,2024-11-16,0
2024-11-16 01:00:00,0.0,0.0,2024-11-16,1
2024-11-16 02:00:00,0.0,0.0,2024-11-16,2
2024-11-16 03:00:00,0.0,0.0,2024-11-16,3
2024-11-16 04:00:00,0.0,0.0,2024-11-16,4
2024-11-16 05:00:00,8.11943e-05,0.0,2024-11-16,5
2024-11-16 06:00:00,0.09278811,0.1725488,2024-11-16,6
2024-11-16 07:00:00,0.1923641,0.2211013,2024-11-16,7
2024-11-16 08:00:00,0.1374147,0.134839,2024-11-16,8
2024-11-16 09:00:00,0.337296,0.3549791,2024-11-16,9
2024-11-16 10:00:00,0.5333441,0.6347104,2024-11-16,10
2024-11-16 11:00:00,0.4105101,0.436608,2024-11-16,11
2024-11-16 12:00:00,0.08890703,0.08666463,2024-11-16,12
2024-11-16 13:00:00,0.1453938,0.1423977,2024-11-16,13
2024-11-16 14:00:00,0.1717951,0.1720728,2024-11-16,14
2024-11-16 15:00:00,0.1121325,0.1184123,2024-11-16,15
2024-11-16 16:00:00,0.02827279,0.07188872,2024-11-16,16
2024-11-16 17:00:00,0.0,0.0,2024-11-16,17
2024-11-16 18:00:00,0.0,0.0,2024-11-16,18
2024-11-16 19:00:00,0.0,0.0,2024-11-16,19
2024-11-16 20:00:00,0.0,0.0,2024-11-16,20
2024-11-16 21:00:00,0.0,0.0,2024-11-16,21
2024-11-16 22:00:00,0.0,0.0,2024-11-16,22
2024-11-16 23:00:00,0.0,0.0,2024-11-16,23
2024-11-17 00:00:00,0.0,0.0,2024-11-17,0
2024-11-17 01:00:00,0.0,0.0,2024-11-17,1
2024-11-17 02:00:00,0.0,0.0,2024-11-17,2
2024-11-17 03:00:00,0.0,0.0,2024-11-17,3
2024-11-17 04:00:00,0.0,0.0,2024-11-17,4
2024-11-17 05:00:00,1.76458e-05,0.0,2024-11-17,5
2024-11-17 06:00:00,0.06650433,0.08928641,2024-11-17,6
2024-11-17 07:00:00,0.1717304,0.1880974,2024-11-17,7
2024-11-17 08:00:00,0.3268251,0.3792528,2024-11-17,8
2024-11-17 09:00:00,0.6970326,0.9292528,2024-11-17,9
2024-11-17 10:00:00,0.6831833,0.8847964,2024-11-17,10
2024-11-17 11:00:00,0.5151299,0.5981394,2024-11-17,11
2024-11-17 12:00:00,0.4046699,0.4392213,2024-11-17,12
2024-11-17 13:00:00,0.4615162,0.5757846,2024-11-17,13
2024-11-17 14:00:00,0.396162,0.5511306,2024-11-17,14
2024-11-17 15:00:00,0.1090098,0.1144189,2024-11-17,15
2024-11-17 16:00:00,0.01895056,0.02543914,2024-11-17,16
2024-11-17 17:00:00,0.0,0.0,2024-11-17,17
2024-11-17 18:00:00,0.0,0.0,2024-11-17,18
2024-11-17 19:00:00,0.0,0.0,2024-11-17,19
2024-11-17 20:00:00,0.0,0.0,2024-11-17,20
2024-11-17 21:00:00,0.0,0.0,2024-11-17,21
2024-11-17 22:00:00,0.0,0.0,2024-11-17,22
2024-11-17 23:00:00,0.0,0.0,2024-11-17,23
2024-11-18 00:00:00,0.0,0.0,2024-11-18,0
2024-11-18 01:00:00,0.0,0.0,2024-11-18,1
2024-11-18 02:00:00,0.0,0.0,2024-11-18,2
2024-11-18 03:00:00,0.0,0.0,2024-11-18,3
2024-11-18 04:00:00,0.0,0.0,2024-11-18,4
2024-11-18 05:00:00,3.76872e-06,0.0,2024-11-18,5
2024-11-18 06:00:00,0.0547841,0.06415962,2024-11-18,6
2024-11-18 07:00:00,0.1459376,0.1517132,2024-11-18,7
2024-11-18 08:00:00,0.2483362,0.2597982,2024-11-18,8
2024-11-18 09:00:00,0.5152314,0.6477265,2024-11-18,9
2024-11-18 10:00:00,0.6710537,0.8686843,2024-11-18,10
2024-11-18 11:00:00,0.5004376,0.5756509,2024-11-18,11
2024-11-18 12:00:00,0.5622269,0.7006966,2024-11-18,12
2024-11-18 13:00:00,0.4264142,0.5146902,2024-11-18,13
2024-11-18 14:00:00,0.3607936,0.4855993,2024-11-18,14
2024-11-18 15:00:00,0.2168926,0.3489235,2024-11-18,15
2024-11-18 16:00:00,0.02516949,0.05462111,2024-11-18,16
2024-11-18 17:00:00,0.0,0.0,2024-11-18,17
2024-11-18 18:00:00,0.0,0.0,2024-11-18,18
2024-11-18 19:00:00,0.0,0.0,2024-11-18,19
2024-11-18 20:00:00,0.0,0.0,2024-11-18,20
2024-11-18 21:00:00,0.0,0.0,2024-11-18,21
2024-11-18 22:00:00,0.0,0.0,2024-11-18,22
2024-11-18 23:00:00,0.0,0.0,2024-11-18,23
2024-11-19 00:00:00,0.0,0.0,2024-11-19,0
2024-11-19 01:00:00,0.0,0.0,2024-11-19,1
2024-11-19 02:00:00,0.0,0.0,2024-11-19,2
2024-11-19 03:00:00,0.0,0.0,2024-11-19,3
2024-11-19 04:00:00,0.0,0.0,2024-11-19,4
2024-11-19 05:00:00,0.0,0.0,2024-11-19,5
2024-11-19 06:00:00,0.04581062,0.04945986,2024-11-19,6
2024-11-19 07:00:00,0.1360067,0.1393932,2024-11-19,7
2024-11-19 08:00:00,0.3947446,0.5091479,2024-11-19,8
2024-11-19 09:00:00,0.4538901,0.5417826,2024-11-19,9
2024-11-19 10:00:00,0.4873517,0.5633159,2024-11-19,10
2024-11-19 11:00:00,0.5762806,0.7054029,2024-11-19,11
2024-11-19 12:00:00,0.1683205,0.1647632,2024-11-19,12
2024-11-19 13:00:00,0.1937656,0.1908982,2024-11-19,13
2024-11-19 14:00:00,0.1903045,0.1944141,2024-11-19,14
2024-11-19 15:00:00,0.1875978,0.2777732,2024-11-19,15
2024-11-19 16:00:00,0.02684262,0.06793103,2024-11-19,16
2024-11-19 17:00:00,0.0,0.0,2024-11-19,17
2024-11-19 18:00:00,0.0,0.0,2024-11-19,18
2024-11-19 19:00:00,0.0,0.0,2024-11-19,19
2024-11-19 20:00:00,0.0,0.0,2024-11-19,20
2024-11-19 21:00:00,0.0,0.0,2024-11-19,21
2024-11-19 22:00:00,0.0,0.0,2024-11-19,22
2024-11-19 23:00:00,0.0,0.0,2024-11-19,23
2024-11-20 00:00:00,0.0,0.0,2024-11-20,0
2024-11-20 01:00:00,0.0,0.0,2024-11-20,1
2024-11-20 02:00:00,0.0,0.0,2024-11-20,2
2024-11-20 03:00:00,0.0,0.0,2024-11-20,3
2024-11-20 04:00:00,0.0,0.0,2024-11-20,4
2024-11-20 05:00:00,0.0,0.0,2024-11-20,5
2024-11-20 06:00:00,0.09963325,0.228806,2024-11-20,6
2024-11-20 07:00:00,0.1789318,0.2035462,2024-11-20,7
2024-11-20 08:00:00,0.251532,0.2654687,2024-11-20,8
2024-11-20 09:00:00,0.2175075,0.2146665,2024-11-20,9
2024-11-20 10:00:00,0.2563771,0.2534865,2024-11-20,10
2024-11-20 11:00:00,0.3600838,0.3719286,2024-11-20,11
2024-11-20 12:00:00,0.6256207,0.8118809,2024-11-20,12
2024-11-20 13:00:00,0.5793103,0.7836753,2024-11-20,13
2024-11-20 14:00:00,0.4417827,0.636905,2024-11-20,14
2024-11-20 15:00:00,0.2138631,0.3468494,2024-11-20,15
2024-11-20 16:00:00,0.03190415,0.1134562,2024-11-20,16
2024-11-20 17:00:00,0.0,0.0,2024-11-20,17
2024-11-20 18:00:00,0.0,0.0,2024-11-20,18
2024-11-20 19:00:00,0.0,0.0,2024-11-20,19
2024-11-20 20:00:00,0.0,0.0,2024-11-20,20
2024-11-20 21:00:00,0.0,0.0,2024-11-20,21
2024-11-20 22:00:00,0.0,0.0,2024-11-20,22
2024-11-20 23:00:00,0.0,0.0,2024-11-20,23
2024-11-21 00:00:00,0.0,0.0,2024-11-21,0
2024-11-21 01:00:00,0.0,0.0,2024-11-21,1
2024-11-21 02:00:00,0.0,0.0,2024-11-21,2
2024-11-21 03:00:00,0.0,0.0,2024-11-21,3
2024-11-21 04:00:00,0.0,0.0,2024-11-21,4
2024-11-21 05:00:00,0.0,0.0,2024-11-21,5
2024-11-21 06:00:00,0.0645408,0.09708308,2024-11-21,6
2024-11-21 07:00:00,0.2790666,0.4198164,2024-11-21,7
2024-11-21 08:00:00,0.554401,0.782088,2024-11-21,8
2024-11-21 09:00:00,0.711583,0.9595581,2024-11-21,9
2024-11-21 10:00:00,0.7355106,0.9700869,2024-11-21,10
2024-11-21 11:00:00,0.7028942,0.9169748,2024-11-21,11
2024-11-21 12:00:00,0.7206267,0.9556389,2024-11-21,12
2024-11-21 13:00:00,0.6363987,0.8680844,2024-11-21,13
2024-11-21 14:00:00,0.4625763,0.6707257,2024-11-21,14
2024-11-21 15:00:00,0.2377982,0.403892,2024-11-21,15
2024-11-21 16:00:00,0.0345954,0.1409253,2024-11-21,16
2024-11-21 17:00:00,0.0,0.0,2024-11-21,17
2024-11-21 18:00:00,0.0,0.0,2024-11-21,18
2024-11-21 19:00:00,0.0,0.0,2024-11-21,19
2024-11-21 20:00:00,0.0,0.0,2024-11-21,20
2024-11-21 21:00:00,0.0,0.0,2024-11-21,21
2024-11-21 22:00:00,0.0,0.0,2024-11-21,22
2024-11-21 23:00:00,0.0,0.0,2024-11-21,23
2024-11-22 00:00:00,0.0,0.0,2024-11-22,0
2024-11-22 01:00:00,0.0,0.0,2024-11-22,1
2024-11-22 02:00:00,0.0,0.0,2024-11-22,2
2024-11-22 03:00:00,0.0,0.0,2024-11-22,3
2024-11-22 04:00:00,0.0,0.0,2024-11-22,4
2024-11-22 05:00:00,0.0,0.0,2024-11-22,5
2024-11-22 06:00:00,0.06673513,0.1091291,2024-11-22,6
2024-11-22 07:00:00,0.2391103,0.332785,2024-11-22,7
2024-11-22 08:00:00,0.3994048,0.526536,2024-11-22,8
2024-11-22 09:00:00,0.6514023,0.878143,2024-11-22,9
2024-11-22 10:00:00,0.7226973,0.9545275,2024-11-22,10
2024-11-22 11:00:00,0.7468982,0.9826182,2024-11-22,11
2024-11-22 12:00:00,0.7446829,0.990665,2024-11-22,12
2024-11-22 13:00:00,0.6614512,0.9056343,2024-11-22,13
2024-11-22 14:00:00,0.4530211,0.6583955,2024-11-22,14
2024-11-22 15:00:00,0.2256496,0.3796358,2024-11-22,15
2024-11-22 16:00:00,0.03674792,0.1619419,2024-11-22,16
2024-11-22 17:00:00,0.0,0.0,2024-11-22,17
2024-11-22 18:00:00,0.0,0.0,2024-11-22,18
2024-11-22 19:00:00,0.0,0.0,2024-11-22,19
2024-11-22 20:00:00,0.0,0.0,2024-11-22,20
2024-11-22 21:00:00,0.0,0.0,2024-11-22,21
2024-11-22 22:00:00,0.0,0.0,2024-11-22,22
2024-11-22 23:00:00,0.0,0.0,2024-11-22,23
2024-11-23 00:00:00,0.0,0.0,2024-11-23,0
2024-11-23 01:00:00,0.0,0.0,2024-11-23,1
2024-11-23 02:00:00,0.0,0.0,2024-11-23,2
2024-11-23 03:00:00,0.0,0.0,2024-11-23,3
2024-11-23 04:00:00,0.0,0.0,2024-11-23,4
2024-11-23 05:00:00,0.0,0.0,2024-11-23,5
2024-11-23 06:00:00,0.07807828,0.1624587,2024-11-23,6
2024-11-23 07:00:00,0.3614199,0.5769855,2024-11-23,7
2024-11-23 08:00:00,0.5391244,0.7649425,2024-11-23,8
2024-11-23 09:00:00,0.7040166,0.9538604,2024-11-23,9
2024-11-23 10:00:00,0.818755,1.088222,2024-11-23,10
2024-11-23 11:00:00,0.8442536,1.117283,2024-11-23,11
2024-11-23 12:00:00,0.7448613,0.9929448,2024-11-23,12
2024-11-23 13:00:00,0.7129947,0.9812099,2024-11-23,13
2024-11-23 14:00:00,0.5253166,0.7703413,2024-11-23,14
2024-11-23 15:00:00,0.2480465,0.4287178,2024-11-23,15
2024-11-23 16:00:00,0.03230235,0.1234407,2024-11-23,16
2024-11-23 17:00:00,0.0,0.0,2024-11-23,17
2024-11-23 18:00:00,0.0,0.0,2024-11-23,18
2024-11-23 19:00:00,0.0,0.0,2024-11-23,19
2024-11-23 20:00:00,0.0,0.0,2024-11-23,20
2024-11-23 21:00:00,0.0,0.0,2024-11-23,21
2024-11-23 22:00:00,0.0,0.0,2024-11-23,22
2024-11-23 23:00:00,0.0,0.0,2024-11-23,23
2024-11-24 00:00:00,0.0,0.0,2024-11-24,0
2024-11-24 01:00:00,0.0,0.0,2024-11-24,1
2024-11-24 02:00:00,0.0,0.0,2024-11-24,2
2024-11-24 03:00:00,0.0,0.0,2024-11-24,3
2024-11-24 04:00:00,0.0,0.0,2024-11-24,4
2024-11-24 05:00:00,0.0,0.0,2024-11-24,5
2024-11-24 06:00:00,0.0871224,0.2110307,2024-11-24,6
2024-11-24 07:00:00,0.2702317,0.4116999,2024-11-24,7
2024-11-24 08:00:00,0.4274246,0.585748,2024-11-24,8
2024-11-24 09:00:00,0.5207409,0.672615,2024-11-24,9
2024-11-24 10:00:00,0.7103303,0.9412712,2024-11-24,10
2024-11-24 11:00:00,0.8777907,1.165514,2024-11-24,11
2024-11-24 12:00:00,0.7582695,1.013422,2024-11-24,12
2024-11-24 13:00:00,0.6552526,0.9009363,2024-11-24,13
2024-11-24 14:00:00,0.4505684,0.6584673,2024-11-24,14
2024-11-24 15:00:00,0.2646674,0.4611569,2024-11-24,15
2024-11-24 16:00:00,0.04526244,0.2178226,2024-11-24,16
2024-11-24 17:00:00,0.0,0.0,2024-11-24,17
2024-11-24 18:00:00,0.0,0.0,2024-11-24,18
2024-11-24 19:00:00,0.0,0.0,2024-11-24,19
2024-11-24 20:00:00,0.0,0.0,2024-11-24,20
2024-11-24 21:00:00,0.0,0.0,2024-11-24,21
2024-11-24 22:00:00,0.0,0.0,2024-11-24,22
2024-11-24 23:00:00,0.0,0.0,2024-11-24,23
2024-11-25 00:00:00,0.0,0.0,2024-11-25,0
2024-11-25 01:00:00,0.0,0.0,2024-11-25,1
2024-11-25 02:00:00,0.0,0.0,2024-11-25,2
2024-11-25 03:00:00,0.0,0.0,2024-11-25,3
2024-11-25 04:00:00,0.0,0.0,2024-11-25,4
2024-11-25 05:00:00,0.0,0.0,2024-11-25,5
2024-11-25 06:00:00,0.04968056,0.06528914,2024-11-25,6
2024-11-25 07:00:00,0.2862752,0.4501653,2024-11-25,7
2024-11-25 08:00:00,0.4003448,0.5367607,2024-11-25,8
2024-11-25 09:00:00,0.5422257,0.7129908,2024-11-25,9
2024-11-25 10:00:00,0.7426254,0.9879803,2024-11-25,10
2024-11-25 11:00:00,0.7170765,0.9463243,2024-11-25,11
2024-11-25 12:00:00,0.5168549,0.6345516,2024-11-25,12
2024-11-25 13:00:00,0.4716974,0.6094866,2024-11-25,13
2024-11-25 14:00:00,0.405537,0.5855063,2024-11-25,14
2024-11-25 15:00:00,0.2284287,0.3921742,2024-11-25,15
2024-11-25 16:00:00,0.03420121,0.14381,2024-11-25,16
2024-11-25 17:00:00,0.0,0.0,2024-11-25,17
2024-11-25 18:00:00,0.0,0.0,2024-11-25,18
2024-11-25 19:00:00,0.0,0.0,2024-11-25,19
2024-11-25 20:00:00,0.0,0.0,2024-11-25,20
2024-11-25 21:00:00,0.0,0.0,2024-11-25,21
2024-11-25 22:00:00,0.0,0.0,2024-11-25,22
2024-11-25 23:00:00,0.0,0.0,2024-11-25,23
2024-11-26 00:00:00,0.0,0.0,2024-11-26,0
2024-11-26 01:00:00,0.0,0.0,2024-11-26,1
2024-11-26 02:00:00,0.0,0.0,2024-11-26,2
2024-11-26 03:00:00,0.0,0.0,2024-11-26,3
2024-11-26 04:00:00,0.0,0.0,2024-11-26,4
2024-11-26 05:00:00,0.0,0.0,2024-11-26,5
2024-11-26 06:00:00,0.05515737,0.08507359,2024-11-26,6
2024-11-26 07:00:00,0.2556152,0.3857298,2024-11-26,7
2024-11-26 08:00:00,0.4819042,0.6863692,2024-11-26,8
2024-11-26 09:00:00,0.5124042,0.6624274,2024-11-26,9
2024-11-26 10:00:00,0.5646978,0.7100924,2024-11-26,10
2024-11-26 11:00:00,0.6698197,0.876451,2024-11-26,11
2024-11-26 12:00:00,0.7148033,0.9571126,2024-11-26,12
2024-11-26 13:00:00,0.4833559,0.6326041,2024-11-26,13
2024-11-26 14:00:00,0.391304,0.5609381,2024-11-26,14
2024-11-26 15:00:00,0.226239,0.3890361,2024-11-26,15
2024-11-26 16:00:00,0.03529833,0.1544188,2024-11-26,16
2024-11-26 17:00:00,0.0,0.0,2024-11-26,17
2024-11-26 18:00:00,0.0,0.0,2024-11-26,18
2024-11-26 19:00:00,0.0,0.0,2024-11-26,19
2024-11-26 20:00:00,0.0,0.0,2024-11-26,20
2024-11-26 21:00:00,0.0,0.0,2024-11-26,21
2024-11-26 22:00:00,0.0,0.0,2024-11-26,22
2024-11-26 23:00:00,0.0,0.0,2024-11-26,23
2024-11-27 00:00:00,0.0,0.0,2024-11-27,0
2024-11-27 01:00:00,0.0,0.0,2024-11-27,1
2024-11-27 02:00:00,0.0,0.0,2024-11-27,2
2024-11-27 03:00:00,0.0,0.0,2024-11-27,3
2024-11-27 04:00:00,0.0,0.0,2024-11-27,4
2024-11-27 05:00:00,0.0,0.0,2024-11-27,5
2024-11-27 06:00:00,0.05494729,0.08839212,2024-11-27,6
2024-11-27 07:00:00,0.216248,0.2955504,2024-11-27,7
2024-11-27 08:00:00,0.5170501,0.7420254,2024-11-27,8
2024-11-27 09:00:00,0.6337013,0.8637248,2024-11-27,9
2024-11-27 10:00:00,0.8432162,1.131023,2024-11-27,10
2024-11-27 11:00:00,0.8400327,1.119898,2024-11-27,11
2024-11-27 12:00:00,0.7469584,1.003386,2024-11-27,12
2024-11-27 13:00:00,0.5679091,0.7794492,2024-11-27,13
2024-11-27 14:00:00,0.4778556,0.7053673,2024-11-27,14
2024-11-27 15:00:00,0.2704525,0.47753,2024-11-27,15
2024-11-27 16:00:00,0.04262191,0.2042932,2024-11-27,16
2024-11-27 17:00:00,0.0,0.0,2024-11-27,17
2024-11-27 18:00:00,0.0,0.0,2024-11-27,18
2024-11-27 19:00:00,0.0,0.0,2024-11-27,19
2024-11-27 20:00:00,0.0,0.0,2024-11-27,20
2024-11-27 21:00:00,0.0,0.0,2024-11-27,21
2024-11-27 22:00:00,0.0,0.0,2024-11-27,22
2024-11-27 23:00:00,0.0,0.0,2024-11-27,23
2024-11-28 00:00:00,0.0,0.0,2024-11-28,0
2024-11-28 01:00:00,0.0,0.0,2024-11-28,1
2024-11-28 02:00:00,0.0,0.0,2024-11-28,2
2024-11-28 03:00:00,0.0,0.0,2024-11-28,3
2024-11-28 04:00:00,0.0,0.0,2024-11-28,4
2024-11-28 05:00:00,0.0,0.0,2024-11-28,5
2024-11-28 06:00:00,0.05424613,0.09011623,2024-11-28,6
2024-11-28 07:00:00,0.1131079,0.1143172,2024-11-28,7
2024-11-28 08:00:00,0.1094152,0.1072942,2024-11-28,8
2024-11-28 09:00:00,0.2936757,0.3041255,2024-11-28,9
2024-11-28 10:00:00,0.4222649,0.4699953,2024-11-28,10
2024-11-28 11:00:00,0.6425026,0.8360946,2024-11-28,11
2024-11-28 12:00:00,0.3387181,0.3535753,2024-11-28,12
2024-11-28 13:00:00,0.2099436,0.2084278,2024-11-28,13
2024-11-28 14:00:00,0.1218332,0.1199153,2024-11-28,14
2024-11-28 15:00:00,0.1149569,0.1265506,2024-11-28,15
2024-11-28 16:00:00,0.02275939,0.04877092,2024-11-28,16
2024-11-28 17:00:00,0.0,0.0,2024-11-28,17
2024-11-28 18:00:00,0.0,0.0,2024-11-28,18
2024-11-28 19:00:00,0.0,0.0,2024-11-28,19
2024-11-28 20:00:00,0.0,0.0,2024-11-28,20
2024-11-28 21:00:00,0.0,0.0,2024-11-28,21
2024-11-28 22:00:00,0.0,0.0,2024-11-28,22
2024-11-28 23:00:00,0.0,0.0,2024-11-28,23
2024-11-29 00:00:00,0.0,0.0,2024-11-29,0
2024-11-29 01:00:00,0.0,0.0,2024-11-29,1
2024-11-29 02:00:00,0.0,0.0,2024-11-29,2
2024-11-29 03:00:00,0.0,0.0,2024-11-29,3
2024-11-29 04:00:00,0.0,0.0,2024-11-29,4
2024-11-29 05:00:00,0.0,0.0,2024-11-29,5
2024-11-29 06:00:00,0.0490054,0.07467674,2024-11-29,6
2024-11-29 07:00:00,0.07240938,0.0713629,2024-11-29,7
2024-11-29 08:00:00,0.2304789,0.2421526,2024-11-29,8
2024-11-29 09:00:00,0.5169954,0.6775219,2024-11-29,9
2024-11-29 10:00:00,0.5476846,0.6857925,2024-11-29,10
2024-11-29 11:00:00,0.2896432,0.2900001,2024-11-29,11
2024-11-29 12:00:00,0.449622,0.5224415,2024-11-29,12
2024-11-29 13:00:00,0.3784772,0.4435984,2024-11-29,13
2024-11-29 14:00:00,0.264442,0.3110219,2024-11-29,14
2024-11-29 15:00:00,0.09302579,0.09543685,2024-11-29,15
2024-11-29 16:00:00,0.01345115,0.01504857,2024-11-29,16
2024-11-29 17:00:00,0.0,0.0,2024-11-29,17
2024-11-29 18:00:00,0.0,0.0,2024-11-29,18
2024-11-29 19:00:00,0.0,0.0,2024-11-29,19
2024-11-29 20:00:00,0.0,0.0,2024-11-29,20
2024-11-29 21:00:00,0.0,0.0,2024-11-29,21
2024-11-29 22:00:00,0.0,0.0,2024-11-29,22
2024-11-29 23:00:00,0.0,0.0,2024-11-29,23
2024-11-30 00:00:00,0.0,0.0,2024-11-30,0
2024-11-30 01:00:00,0.0,0.0,2024-11-30,1
2024-11-30 02:00:00,0.0,0.0,2024-11-30,2
2024-11-30 03:00:00,0.0,0.0,2024-11-30,3
2024-11-30 04:00:00,0.0,0.0,2024-11-30,4
2024-11-30 05:00:00,0.0,0.0,2024-11-30,5
2024-11-30 06:00:00,0.04014035,0.05083685,2024-11-30,6
2024-11-30 07:00:00,0.1815605,0.2253693,2024-11-30,7
2024-11-30 08:00:00,0.3820697,0.5138842,2024-11-30,8
2024-11-30 09:00:00,0.5228876,0.6902985,2024-11-30,9
2024-11-30 10:00:00,0.6985819,0.9357818,2024-11-30,10
2024-11-30 11:00:00,0.7291572,0.9723464,2024-11-30,11
2024-11-30 12:00:00,0.6652867,0.8929145,2024-11-30,12
2024-11-30 13:00:00,0.6530278,0.9082357,2024-11-30,13
2024-11-30 14:00:00,0.4528851,0.6714286,2024-11-30,14
2024-11-30 15:00:00,0.2485722,0.441156,2024-11-30,15
2024-11-30 16:00:00,0.03974385,0.188619,2024-11-30,16
2024-11-30 17:00:00,0.0,0.0,2024-11-30,17
2024-11-30 18:00:00,0.0,0.0,2024-11-30,18
2024-11-30 19:00:00,0.0,0.0,2024-11-30,19
2024-11-30 20:00:00,0.0,0.0,2024-11-30,20
2024-11-30 21:00:00,0.0,0.0,2024-11-30,21
2024-11-30 22:00:00,0.0,0.0,2024-11-30,22
2024-11-30 23:00:00,0.0,0.0,2024-11-30,23
2024-12-01 00:00:00,0.0,0.0,2024-12-01,0
2024-12-01 01:00:00,0.0,0.0,2024-12-01,1
2024-12-01 02:00:00,0.0,0.0,2024-12-01,2
2024-12-01 03:00:00,0.0,0.0,2024-12-01,3
2024-12-01 04:00:00,0.0,0.0,2024-12-01,4
2024-12-01 05:00:00,0.0,0.0,2024-12-01,5
2024-12-01 06:00:00,0.0444279,0.06555386,2024-12-01,6
2024-12-01 07:00:00,0.2199574,0.3169965,2024-12-01,7
2024-12-01 08:00:00,0.4851471,0.7028844,2024-12-01,8
2024-12-01 09:00:00,0.6927525,0.9552777,2024-12-01,9
2024-12-01 10:00:00,0.6305308,0.8325577,2024-12-01,10
2024-12-01 11:00:00,0.8306111,1.114154,2024-12-01,11
2024-12-01 12:00:00,0.7551318,1.021303,2024-12-01,12
2024-12-01 13:00:00,0.6575114,0.9161856,2024-12-01,13
2024-12-01 14:00:00,0.5115306,0.7637888,2024-12-01,14
2024-12-01 15:00:00,0.2544811,0.4533681,2024-12-01,15
2024-12-01 16:00:00,0.03285918,0.1342093,2024-12-01,16
2024-12-01 17:00:00,0.0,0.0,2024-12-01,17
2024-12-01 18:00:00,0.0,0.0,2024-12-01,18
2024-12-01 19:00:00,0.0,0.0,2024-12-01,19
2024-12-01 20:00:00,0.0,0.0,2024-12-01,20
2024-12-01 21:00:00,0.0,0.0,2024-12-01,21
2024-12-01 22:00:00,0.0,0.0,2024-12-01,22
2024-12-01 23:00:00,0.0,0.0,2024-12-01,23
2024-12-02 00:00:00,0.0,0.0,2024-12-02,0
2024-12-02 01:00:00,0.0,0.0,2024-12-02,1
2024-12-02 02:00:00,0.0,0.0,2024-12-02,2
2024-12-02 03:00:00,0.0,0.0,2024-12-02,3
2024-12-02 04:00:00,0.0,0.0,2024-12-02,4
2024-12-02 05:00:00,0.0,0.0,2024-12-02,5
2024-12-02 06:00:00,0.08820386,0.2776568,2024-12-02,6
2024-12-02 07:00:00,0.1590422,0.1842958,2024-12-02,7
2024-12-02 08:00:00,0.4229934,0.5989276,2024-12-02,8
2024-12-02 09:00:00,0.5519266,0.7454085,2024-12-02,9
2024-12-02 10:00:00,0.4970942,0.6005575,2024-12-02,10
2024-12-02 11:00:00,0.5308178,0.6485459,2024-12-02,11
2024-12-02 12:00:00,0.5423302,0.6902092,2024-12-02,12
2024-12-02 13:00:00,0.4194483,0.5206452,2024-12-02,13
2024-12-02 14:00:00,0.1763478,0.1793006,2024-12-02,14
2024-12-02 15:00:00,0.09579939,0.09912189,2024-12-02,15
2024-12-02 16:00:00,0.02217182,0.04517889,2024-12-02,16
2024-12-02 17:00:00,0.0,0.0,2024-12-02,17
2024-12-02 18:00:00,0.0,0.0,2024-12-02,18
2024-12-02 19:00:00,0.0,0.0,2024-12-02,19
2024-12-02 20:00:00,0.0,0.0,2024-12-02,20
2024-12-02 21:00:00,0.0,0.0,2024-12-02,21
2024-12-02 22:00:00,0.0,0.0,2024-12-02,22
2024-12-02 23:00:00,0.0,0.0,2024-12-02,23
2024-12-03 00:00:00,0.0,0.0,2024-12-03,0
2024-12-03 01:00:00,0.0,0.0,2024-12-03,1
2024-12-03 02:00:00,0.0,0.0,2024-12-03,2
2024-12-03 03:00:00,0.0,0.0,2024-12-03,3
2024-12-03 04:00:00,0.0,0.0,2024-12-03,4
2024-12-03 05:00:00,0.0,0.0,2024-12-03,5
2024-12-03 06:00:00,0.06104861,0.1586336,2024-12-03,6
2024-12-03 07:00:00,0.2899964,0.4836562,2024-12-03,7
2024-12-03 08:00:00,0.3397679,0.4353317,2024-12-03,8
2024-12-03 09:00:00,0.4643371,0.5885009,2024-12-03,9
2024-12-03 10:00:00,0.4173037,0.466717,2024-12-03,10
2024-12-03 11:00:00,0.5335721,0.6546984,2024-12-03,11
2024-12-03 12:00:00,0.6204618,0.8267778,2024-12-03,12
2024-12-03 13:00:00,0.4985678,0.6700523,2024-12-03,13
2024-12-03 14:00:00,0.2305321,0.254605,2024-12-03,14
2024-12-03 15:00:00,0.1935091,0.3138348,2024-12-03,15
2024-12-03 16:00:00,0.03069747,0.113046,2024-12-03,16
2024-12-03 17:00:00,0.0,0.0,2024-12-03,17
2024-12-03 18:00:00,0.0,0.0,2024-12-03,18
2024-12-03 19:00:00,0.0,0.0,2024-12-03,19
2024-12-03 20:00:00,0.0,0.0,2024-12-03,20
2024-12-03 21:00:00,0.0,0.0,2024-12-03,21
2024-12-03 22:00:00,0.0,0.0,2024-12-03,22
2024-12-03 23:00:00,0.0,0.0,2024-12-03,23
2024-12-04 00:00:00,0.0,0.0,2024-12-04,0
2024-12-04 01:00:00,0.0,0.0,2024-12-04,1
2024-12-04 02:00:00,0.0,0.0,2024-12-04,2
2024-12-04 03:00:00,0.0,0.0,2024-12-04,3
2024-12-04 04:00:00,0.0,0.0,2024-12-04,4
2024-12-04 05:00:00,0.0,0.0,2024-12-04,5
2024-12-04 06:00:00,0.07484277,0.2432558,2024-12-04,6
2024-12-04 07:00:00,0.2372531,0.3702381,2024-12-04,7
2024-12-04 08:00:00,0.3958889,0.5513796,2024-12-04,8
2024-12-04 09:00:00,0.5616787,0.7657374,2024-12-04,9
2024-12-04 10:00:00,0.4211849,0.4737446,2024-12-04,10
2024-12-04 11:00:00,0.4181708,0.4613261,2024-12-04,11
2024-12-04 12:00:00,0.345415,0.3645165,2024-12-04,12
2024-12-04 13:00:00,0.07911069,0.07721601,2024-12-04,13
2024-12-04 14:00:00,0.1472211,0.1462817,2024-12-04,14
2024-12-04 15:00:00,0.1048486,0.1116023,2024-12-04,15
2024-12-04 16:00:00,0.008725776,0.009086508,2024-12-04,16
2024-12-04 17:00:00,0.0,0.0,2024-12-04,17
2024-12-04 18:00:00,0.0,0.0,2024-12-04,18
2024-12-04 19:00:00,0.0,0.0,2024-12-04,19
2024-12-04 20:00:00,0.0,0.0,2024-12-04,20
2024-12-04 21:00:00,0.0,0.0,2024-12-04,21
2024-12-04 22:00:00,0.0,0.0,2024-12-04,22
2024-12-04 23:00:00,0.0,0.0,2024-12-04,23
2024-12-05 00:00:00,0.0,0.0,2024-12-05,0
2024-12-05 01:00:00,0.0,0.0,2024-12-05,1
2024-12-05 02:00:00,0.0,0.0,2024-12-05,2
2024-12-05 03:00:00,0.0,0.0,2024-12-05,3
2024-12-05 04:00:00,0.0,0.0,2024-12-05,4
2024-12-05 05:00:00,0.0,0.0,2024-12-05,5
2024-12-05 06:00:00,0.05543736,0.1424159,2024-12-05,6
2024-12-05 07:00:00,0.1241377,0.1306818,2024-12-05,7
2024-12-05 08:00:00,0.4219997,0.6041453,2024-12-05,8
2024-12-05 09:00:00,0.5762953,0.7914912,2024-12-05,9
2024-12-05 10:00:00,0.6702979,0.9018814,2024-12-05,10
2024-12-05 11:00:00,0.6735211,0.8969699,2024-12-05,11
2024-12-05 12:00:00,0.6149312,0.8201025,2024-12-05,12
2024-12-05 13:00:00,0.5098743,0.6924785,2024-12-05,13
2024-12-05 14:00:00,0.4389182,0.6552303,2024-12-05,14
2024-12-05 15:00:00,0.1874926,0.297806,2024-12-05,15
2024-12-05 16:00:00,0.03539067,0.1541523,2024-12-05,16
2024-12-05 17:00:00,0.0,0.0,2024-12-05,17
2024-12-05 18:00:00,0.0,0.0,2024-12-05,18
2024-12-05 19:00:00,0.0,0.0,2024-12-05,19
2024-12-05 20:00:00,0.0,0.0,2024-12-05,20
2024-12-05 21:00:00,0.0,0.0,2024-12-05,21
2024-12-05 22:00:00,0.0,0.0,2024-12-05,22
2024-12-05 23:00:00,0.0,0.0,2024-12-05,23
2024-12-06 00:00:00,0.0,0.0,2024-12-06,0
2024-12-06 01:00:00,0.0,0.0,2024-12-06,1
2024-12-06 02:00:00,0.0,0.0,2024-12-06,2
2024-12-06 03:00:00,0.0,0.0,2024-12-06,3
2024-12-06 04:00:00,0.0,0.0,2024-12-06,4
2024-12-06 05:00:00,0.0,0.0,2024-12-06,5
2024-12-06 06:00:00,0.05007343,0.1176031,2024-12-06,6
2024-12-06 07:00:00,0.193391,0.2660233,2024-12-06,7
2024-12-06 08:00:00,0.2655044,0.3006725,2024-12-06,8
2024-12-06 09:00:00,0.4031298,0.4802784,2024-12-06,9
2024-12-06 10:00:00,0.5381564,0.6799273,2024-12-06,10
2024-12-06 11:00:00,0.4972273,0.593695,2024-12-06,11
2024-12-06 12:00:00,0.3553497,0.3789083,2024-12-06,12
2024-12-06 13:00:00,0.2445963,0.2482532,2024-12-06,13
2024-12-06 14:00:00,0.3064729,0.3971406,2024-12-06,14
2024-12-06 15:00:00,0.2042276,0.343813,2024-12-06,15
2024-12-06 16:00:00,0.01751601,0.02377125,2024-12-06,16
2024-12-06 17:00:00,0.0,0.0,2024-12-06,17
2024-12-06 18:00:00,0.0,0.0,2024-12-06,18
2024-12-06 19:00:00,0.0,0.0,2024-12-06,19
2024-12-06 20:00:00,0.0,0.0,2024-12-06,20
2024-12-06 21:00:00,0.0,0.0,2024-12-06,21
2024-12-06 22:00:00,0.0,0.0,2024-12-06,22
2024-12-06 23:00:00,0.0,0.0,2024-12-06,23
2024-12-07 00:00:00,0.0,0.0,2024-12-07,0
2024-12-07 01:00:00,0.0,0.0,2024-12-07,1
2024-12-07 02:00:00,0.0,0.0,2024-12-07,2
2024-12-07 03:00:00,0.0,0.0,2024-12-07,3
2024-12-07 04:00:00,0.0,0.0,2024-12-07,4
2024-12-07 05:00:00,0.0,0.0,2024-12-07,5
2024-12-07 06:00:00,0.05606944,0.1652163,2024-12-07,6
2024-12-07 07:00:00,0.2527446,0.4176136,2024-12-07,7
2024-12-07 08:00:00,0.4081843,0.5823103,2024-12-07,8
2024-12-07 09:00:00,0.6525901,0.907742,2024-12-07,9
2024-12-07 10:00:00,0.6937959,0.9391024,2024-12-07,10
2024-12-07 11:00:00,0.7240708,0.9743131,2024-12-07,11
2024-12-07 12:00:00,0.743309,1.012222,2024-12-07,12
2024-12-07 13:00:00,0.6019914,0.8425497,2024-12-07,13
2024-12-07 14:00:00,0.4809863,0.7224215,2024-12-07,14
2024-12-07 15:00:00,0.2102024,0.3596402,2024-12-07,15
2024-12-07 16:00:00,0.03609785,0.1577822,2024-12-07,16
2024-12-07 17:00:00,0.0,0.0,2024-12-07,17
2024-12-07 18:00:00,0.0,0.0,2024-12-07,18
2024-12-07 19:00:00,0.0,0.0,2024-12-07,19
2024-12-07 20:00:00,0.0,0.0,2024-12-07,20
2024-12-07 21:00:00,0.0,0.0,2024-12-07,21
2024-12-07 22:00:00,0.0,0.0,2024-12-07,22
2024-12-07 23:00:00,0.0,0.0,2024-12-07,23
2024-12-08 00:00:00,0.0,0.0,2024-12-08,0
2024-12-08 01:00:00,0.0,0.0,2024-12-08,1
2024-12-08 02:00:00,0.0,0.0,2024-12-08,2
2024-12-08 03:00:00,0.0,0.0,2024-12-08,3
2024-12-08 04:00:00,0.0,0.0,2024-12-08,4
2024-12-08 05:00:00,0.0,0.0,2024-12-08,5
2024-12-08 06:00:00,0.03892674,0.06901478,2024-12-08,6
2024-12-08 07:00:00,0.2777953,0.4738021,2024-12-08,7
2024-12-08 08:00:00,0.4208639,0.6084397,2024-12-08,8
2024-12-08 09:00:00,0.6058521,0.8417183,2024-12-08,9
2024-12-08 10:00:00,0.5769841,0.7522026,2024-12-08,10
2024-12-08 11:00:00,0.6263824,0.8238533,2024-12-08,11
2024-12-08 12:00:00,0.6659854,0.9034666,2024-12-08,12
2024-12-08 13:00:00,0.6325781,0.8877779,2024-12-08,13
2024-12-08 14:00:00,0.4744513,0.7128519,2024-12-08,14
2024-12-08 15:00:00,0.248059,0.4460614,2024-12-08,15
2024-12-08 16:00:00,0.03566674,0.1524471,2024-12-08,16
2024-12-08 17:00:00,0.0,0.0,2024-12-08,17
2024-12-08 18:00:00,0.0,0.0,2024-12-08,18
2024-12-08 19:00:00,0.0,0.0,2024-12-08,19
2024-12-08 20:00:00,0.0,0.0,2024-12-08,20
2024-12-08 21:00:00,0.0,0.0,2024-12-08,21
2024-12-08 22:00:00,0.0,0.0,2024-12-08,22
2024-12-08 23:00:00,0.0,0.0,2024-12-08,23
2024-12-09 00:00:00,0.0,0.0,2024-12-09,0
2024-12-09 01:00:00,0.0,0.0,2024-12-09,1
2024-12-09 02:00:00,0.0,0.0,2024-12-09,2
2024-12-09 03:00:00,0.0,0.0,2024-12-09,3
2024-12-09 04:00:00,0.0,0.0,2024-12-09,4
2024-12-09 05:00:00,0.0,0.0,2024-12-09,5
2024-12-09 06:00:00,0.03247701,0.04667433,2024-12-09,6
2024-12-09 07:00:00,0.1875622,0.2591624,2024-12-09,7
2024-12-09 08:00:00,0.3890534,0.5487926,2024-12-09,8
2024-12-09 09:00:00,0.5487663,0.7523131,2024-12-09,9
2024-12-09 10:00:00,0.5341042,0.6764002,2024-12-09,10
2024-12-09 11:00:00,0.6450516,0.8559669,2024-12-09,11
2024-12-09 12:00:00,0.660017,0.8953471,2024-12-09,12
2024-12-09 13:00:00,0.5970965,0.8369335,2024-12-09,13
2024-12-09 14:00:00,0.4802642,0.7225394,2024-12-09,14
2024-12-09 15:00:00,0.2382008,0.4262313,2024-12-09,15
2024-12-09 16:00:00,0.02110006,0.03588721,2024-12-09,16
2024-12-09 17:00:00,0.0,0.0,2024-12-09,17
2024-12-09 18:00:00,0.0,0.0,2024-12-09,18
2024-12-09 19:00:00,0.0,0.0,2024-12-09,19
2024-12-09 20:00:00,0.0,0.0,2024-12-09,20
2024-12-09 21:00:00,0.0,0.0,2024-12-09,21
2024-12-09 22:00:00,0.0,0.0,2024-12-09,22
2024-12-09 23:00:00,0.0,0.0,2024-12-09,23
2024-12-10 00:00:00,0.0,0.0,2024-12-10,0
2024-12-10 01:00:00,0.0,0.0,2024-12-10,1
2024-12-10 02:00:00,0.0,0.0,2024-12-10,2
2024-12-10 03:00:00,0.0,0.0,2024-12-10,3
2024-12-10 04:00:00,0.0,0.0,2024-12-10,4
2024-12-10 05:00:00,0.0,0.0,2024-12-10,5
2024-12-10 06:00:00,0.04357848,0.1065337,2024-12-10,6
2024-12-10 07:00:00,0.1829861,0.2502139,2024-12-10,7
2024-12-10 08:00:00,0.41803,0.6070462,2024-12-10,8
2024-12-10 09:00:00,0.3827397,0.4484746,2024-12-10,9
2024-12-10 10:00:00,0.5681544,0.7389938,2024-12-10,10
2024-12-10 11:00:00,0.3758871,0.4012989,2024-12-10,11
2024-12-10 12:00:00,0.3103934,0.3194524,2024-12-10,12
2024-12-10 13:00:00,0.2816449,0.2957212,2024-12-10,13
2024-12-10 14:00:00,0.2629923,0.3112962,2024-12-10,14
2024-12-10 15:00:00,0.2199461,0.3837997,2024-12-10,15
2024-12-10 16:00:00,0.02878891,0.08550719,2024-12-10,16
2024-12-10 17:00:00,0.0,0.0,2024-12-10,17
2024-12-10 18:00:00,0.0,0.0,2024-12-10,18
2024-12-10 19:00:00,0.0,0.0,2024-12-10,19
2024-12-10 20:00:00,0.0,0.0,2024-12-10,20
2024-12-10 21:00:00,0.0,0.0,2024-12-10,21
2024-12-10 22:00:00,0.0,0.0,2024-12-10,22
2024-12-10 23:00:00,0.0,0.0,2024-12-10,23
2024-12-11 00:00:00,0.0,0.0,2024-12-11,0
2024-12-11 01:00:00,0.0,0.0,2024-12-11,1
2024-12-11 02:00:00,0.0,0.0,2024-12-11,2
2024-12-11 03:00:00,0.0,0.0,2024-12-11,3
2024-12-11 04:00:00,0.0,0.0,2024-12-11,4
2024-12-11 05:00:00,0.0,0.0,2024-12-11,5
2024-12-11 06:00:00,0.05797493,0.2203997,2024-12-11,6
2024-12-11 07:00:00,0.09113718,0.09128768,2024-12-11,7
2024-12-11 08:00:00,0.1250948,0.1231093,2024-12-11,8
2024-12-11 09:00:00,0.1221401,0.1195673,2024-12-11,9
2024-12-11 10:00:00,0.1376131,0.1346112,2024-12-11,10
2024-12-11 11:00:00,0.3441025,0.3581465,2024-12-11,11
2024-12-11 12:00:00,0.1130037,0.1103939,2024-12-11,12
2024-12-11 13:00:00,0.09513415,0.09297586,2024-12-11,13
2024-12-11 14:00:00,0.03454265,0.03366214,2024-12-11,14
2024-12-11 15:00:00,0.00615179,0.005982875,2024-12-11,15
2024-12-11 16:00:00,0.008192361,0.008451105,2024-12-11,16
2024-12-11 17:00:00,0.0,0.0,2024-12-11,17
2024-12-11 18:00:00,0.0,0.0,2024-12-11,18
2024-12-11 19:00:00,0.0,0.0,2024-12-11,19
2024-12-11 20:00:00,0.0,0.0,2024-12-11,20
2024-12-11 21:00:00,0.0,0.0,2024-12-11,21
2024-12-11 22:00:00,0.0,0.0,2024-12-11,22
2024-12-11 23:00:00,0.0,0.0,2024-12-11,23
2024-12-12 00:00:00,0.0,0.0,2024-12-12,0
2024-12-12 01:00:00,0.0,0.0,2024-12-12,1
2024-12-12 02:00:00,0.0,0.0,2024-12-12,2
2024-12-12 03:00:00,0.0,0.0,2024-12-12,3
2024-12-12 04:00:00,0.0,0.0,2024-12-12,4
2024-12-12 05:00:00,0.0,0.0,2024-12-12,5
2024-12-12 06:00:00,0.03752328,0.08105408,2024-12-12,6
2024-12-12 07:00:00,0.2479621,0.4212438,2024-12-12,7
2024-12-12 08:00:00,0.4725337,0.7020502,2024-12-12,8
2024-12-12 09:00:00,0.5477757,0.7547301,2024-12-12,9
2024-12-12 10:00:00,0.6373335,0.8588893,2024-12-12,10
2024-12-12 11:00:00,0.6815047,0.9163566,2024-12-12,11
2024-12-12 12:00:00,0.6358555,0.8598932,2024-12-12,12
2024-12-12 13:00:00,0.4412693,0.567466,2024-12-12,13
2024-12-12 14:00:00,0.4043168,0.5989727,2024-12-12,14
2024-12-12 15:00:00,0.2320963,0.4118377,2024-12-12,15
2024-12-12 16:00:00,0.03642615,0.1503651,2024-12-12,16
2024-12-12 17:00:00,0.0,0.0,2024-12-12,17
2024-12-12 18:00:00,0.0,0.0,2024-12-12,18
2024-12-12 19:00:00,0.0,0.0,2024-12-12,19
2024-12-12 20:00:00,0.0,0.0,2024-12-12,20
2024-12-12 21:00:00,0.0,0.0,2024-12-12,21
2024-12-12 22:00:00,0.0,0.0,2024-12-12,22
2024-12-12 23:00:00,0.0,0.0,2024-12-12,23
2024-12-13 00:00:00,0.0,0.0,2024-12-13,0
2024-12-13 01:00:00,0.0,0.0,2024-12-13,1
2024-12-13 02:00:00,0.0,0.0,2024-12-13,2
2024-12-13 03:00:00,0.0,0.0,2024-12-13,3
2024-12-13 04:00:00,0.0,0.0,2024-12-13,4
2024-12-13 05:00:00,0.0,0.0,2024-12-13,5
2024-12-13 06:00:00,0.04086681,0.1104953,2024-12-13,6
2024-12-13 07:00:00,0.193073,0.2831413,2024-12-13,7
2024-12-13 08:00:00,0.4617834,0.6867415,2024-12-13,8
2024-12-13 09:00:00,0.6598647,0.925672,2024-12-13,9
2024-12-13 10:00:00,0.756739,1.033625,2024-12-13,10
2024-12-13 11:00:00,0.7835504,1.062403,2024-12-13,11
2024-12-13 12:00:00,0.5383012,0.6919287,2024-12-13,12
2024-12-13 13:00:00,0.4026358,0.4939374,2024-12-13,13
2024-12-13 14:00:00,0.3665009,0.5244321,2024-12-13,14
2024-12-13 15:00:00,0.195799,0.3172511,2024-12-13,15
2024-12-13 16:00:00,0.03202575,0.1065267,2024-12-13,16
2024-12-13 17:00:00,0.0,0.0,2024-12-13,17
2024-12-13 18:00:00,0.0,0.0,2024-12-13,18
2024-12-13 19:00:00,0.0,0.0,2024-12-13,19
2024-12-13 20:00:00,0.0,0.0,2024-12-13,20
2024-12-13 21:00:00,0.0,0.0,2024-12-13,21
2024-12-13 22:00:00,0.0,0.0,2024-12-13,22
2024-12-13 23:00:00,0.0,0.0,2024-12-13,23
2024-12-14 00:00:00,0.0,0.0,2024-12-14,0
2024-12-14 01:00:00,0.0,0.0,2024-12-14,1
2024-12-14 02:00:00,0.0,0.0,2024-12-14,2
2024-12-14 03:00:00,0.0,0.0,2024-12-14,3
2024-12-14 04:00:00,0.0,0.0,2024-12-14,4
2024-12-14 05:00:00,0.0,0.0,2024-12-14,5
2024-12-14 06:00:00,0.0369546,0.08947709,2024-12-14,6
2024-12-14 07:00:00,0.1700748,0.2270118,2024-12-14,7
2024-12-14 08:00:00,0.4005663,0.5807214,2024-12-14,8
2024-12-14 09:00:00,0.5094557,0.6895514,2024-12-14,9
2024-12-14 10:00:00,0.7027875,0.9582099,2024-12-14,10
2024-12-14 11:00:00,0.7340403,0.9936561,2024-12-14,11
2024-12-14 12:00:00,0.611661,0.8213438,2024-12-14,12
2024-12-14 13:00:00,0.5713049,0.8005351,2024-12-14,13
2024-12-14 14:00:00,0.4219535,0.630519,2024-12-14,14
2024-12-14 15:00:00,0.2553892,0.4591721,2024-12-14,15
2024-12-14 16:00:00,0.04997526,0.240399,2024-12-14,16
2024-12-14 17:00:00,0.0,0.0,2024-12-14,17
2024-12-14 18:00:00,0.0,0.0,2024-12-14,18
2024-12-14 19:00:00,0.0,0.0,2024-12-14,19
2024-12-14 20:00:00,0.0,0.0,2024-12-14,20
2024-12-14 21:00:00,0.0,0.0,2024-12-14,21
2024-12-14 22:00:00,0.0,0.0,2024-12-14,22
2024-12-14 23:00:00,0.0,0.0,2024-12-14,23
2024-12-15 00:00:00,0.0,0.0,2024-12-15,0
2024-12-15 01:00:00,0.0,0.0,2024-12-15,1
2024-12-15 02:00:00,0.0,0.0,2024-12-15,2
2024-12-15 03:00:00,0.0,0.0,2024-12-15,3
2024-12-15 04:00:00,0.0,0.0,2024-12-15,4
2024-12-15 05:00:00,0.0,0.0,2024-12-15,5
2024-12-15 06:00:00,0.06110797,0.2789114,2024-12-15,6
2024-12-15 07:00:00,0.2629557,0.4605531,2024-12-15,7
2024-12-15 08:00:00,0.465724,0.6950874,2024-12-15,8
2024-12-15 09:00:00,0.6222456,0.872757,2024-12-15,9
2024-12-15 10:00:00,0.7175598,0.9796801,2024-12-15,10
2024-12-15 11:00:00,0.7408363,1.003652,2024-12-15,11
2024-12-15 12:00:00,0.6039886,0.8087493,2024-12-15,12
2024-12-15 13:00:00,0.4841948,0.6495578,2024-12-15,13
2024-12-15 14:00:00,0.4159575,0.6197687,2024-12-15,14
2024-12-15 15:00:00,0.2414818,0.4305486,2024-12-15,15
2024-12-15 16:00:00,0.03186956,0.09889652,2024-12-15,16
2024-12-15 17:00:00,0.0,0.0,2024-12-15,17
2024-12-15 18:00:00,0.0,0.0,2024-12-15,18
2024-12-15 19:00:00,0.0,0.0,2024-12-15,19
2024-12-15 20:00:00,0.0,0.0,2024-12-15,20
2024-12-15 21:00:00,0.0,0.0,2024-12-15,21
2024-12-15 22:00:00,0.0,0.0,2024-12-15,22
2024-12-15 23:00:00,0.0,0.0,2024-12-15,23
2024-12-16 00:00:00,0.0,0.0,2024-12-16,0
2024-12-16 01:00:00,0.0,0.0,2024-12-16,1
2024-12-16 02:00:00,0.0,0.0,2024-12-16,2
2024-12-16 03:00:00,0.0,0.0,2024-12-16,3
2024-12-16 04:00:00,0.0,0.0,2024-12-16,4
2024-12-16 05:00:00,0.0,0.0,2024-12-16,5
2024-12-16 06:00:00,0.05090379,0.2263166,2024-12-16,6
2024-12-16 07:00:00,0.2673038,0.470798,2024-12-16,7
2024-12-16 08:00:00,0.4113199,0.6041716,2024-12-16,8
2024-12-16 09:00:00,0.3566758,0.4080273,2024-12-16,9
2024-12-16 10:00:00,0.629482,0.8493642,2024-12-16,10
2024-12-16 11:00:00,0.4283772,0.4823784,2024-12-16,11
2024-12-16 12:00:00,0.6029438,0.8071824,2024-12-16,12
2024-12-16 13:00:00,0.4091696,0.5059429,2024-12-16,13
2024-12-16 14:00:00,0.3952565,0.5809378,2024-12-16,14
2024-12-16 15:00:00,0.2525107,0.4524508,2024-12-16,15
2024-12-16 16:00:00,0.03898649,0.1608552,2024-12-16,16
2024-12-16 17:00:00,0.0,0.0,2024-12-16,17
2024-12-16 18:00:00,0.0,0.0,2024-12-16,18
2024-12-16 19:00:00,0.0,0.0,2024-12-16,19
2024-12-16 20:00:00,0.0,0.0,2024-12-16,20
2024-12-16 21:00:00,0.0,0.0,2024-12-16,21
2024-12-16 22:00:00,0.0,0.0,2024-12-16,22
2024-12-16 23:00:00,0.0,0.0,2024-12-16,23
2024-12-17 00:00:00,0.0,0.0,2024-12-17,0
2024-12-17 01:00:00,0.0,0.0,2024-12-17,1
2024-12-17 02:00:00,0.0,0.0,2024-12-17,2
2024-12-17 03:00:00,0.0,0.0,2024-12-17,3
2024-12-17 04:00:00,0.0,0.0,2024-12-17,4
2024-12-17 05:00:00,0.0,0.0,2024-12-17,5
2024-12-17 06:00:00,0.04798147,0.2103308,2024-12-17,6
2024-12-17 07:00:00,0.2526808,0.4433932,2024-12-17,7
2024-12-17 08:00:00,0.418829,0.6192793,2024-12-17,8
2024-12-17 09:00:00,0.4699108,0.618597,2024-12-17,9
2024-12-17 10:00:00,0.6230099,0.8393828,2024-12-17,10
2024-12-17 11:00:00,0.4190049,0.4675744,2024-12-17,11
2024-12-17 12:00:00,0.3791668,0.4155329,2024-12-17,12
2024-12-17 13:00:00,0.4792918,0.6399508,2024-12-17,13
2024-12-17 14:00:00,0.2773775,0.3366439,2024-12-17,14
2024-12-17 15:00:00,0.1390392,0.1683835,2024-12-17,15
2024-12-17 16:00:00,0.0268009,0.05560698,2024-12-17,16
2024-12-17 17:00:00,0.0,0.0,2024-12-17,17
2024-12-17 18:00:00,0.0,0.0,2024-12-17,18
2024-12-17 19:00:00,0.0,0.0,2024-12-17,19
2024-12-17 20:00:00,0.0,0.0,2024-12-17,20
2024-12-17 21:00:00,0.0,0.0,2024-12-17,21
2024-12-17 22:00:00,0.0,0.0,2024-12-17,22
2024-12-17 23:00:00,0.0,0.0,2024-12-17,23
2024-12-18 00:00:00,0.0,0.0,2024-12-18,0
2024-12-18 01:00:00,0.0,0.0,2024-12-18,1
2024-12-18 02:00:00,0.0,0.0,2024-12-18,2
2024-12-18 03:00:00,0.0,0.0,2024-12-18,3
2024-12-18 04:00:00,0.0,0.0,2024-12-18,4
2024-12-18 05:00:00,0.0,0.0,2024-12-18,5
2024-12-18 06:00:00,0.04689123,0.2058433,2024-12-18,6
2024-12-18 07:00:00,0.274811,0.4879652,2024-12-18,7
2024-12-18 08:00:00,0.4757335,0.7136037,2024-12-18,8
2024-12-18 09:00:00,0.5772856,0.8083419,2024-12-18,9
2024-12-18 10:00:00,0.6316053,0.8538657,2024-12-18,10
2024-12-18 11:00:00,0.5765045,0.7433644,2024-12-18,11
2024-12-18 12:00:00,0.582523,0.7720757,2024-12-18,12
2024-12-18 13:00:00,0.5809399,0.8154556,2024-12-18,13
2024-12-18 14:00:00,0.4834195,0.7280973,2024-12-18,14
2024-12-18 15:00:00,0.2350771,0.4126852,2024-12-18,15
2024-12-18 16:00:00,0.03609223,0.1257117,2024-12-18,16
2024-12-18 17:00:00,0.0,0.0,2024-12-18,17
2024-12-18 18:00:00,0.0,0.0,2024-12-18,18
2024-12-18 19:00:00,0.0,0.0,2024-12-18,19
2024-12-18 20:00:00,0.0,0.0,2024-12-18,20
2024-12-18 21:00:00,0.0,0.0,2024-12-18,21
2024-12-18 22:00:00,0.0,0.0,2024-12-18,22
2024-12-18 23:00:00,0.0,0.0,2024-12-18,23
2024-12-19 00:00:00,0.0,0.0,2024-12-19,0
2024-12-19 01:00:00,0.0,0.0,2024-12-19,1
2024-12-19 02:00:00,0.0,0.0,2024-12-19,2
2024-12-19 03:00:00,0.0,0.0,2024-12-19,3
2024-12-19 04:00:00,0.0,0.0,2024-12-19,4
2024-12-19 05:00:00,0.0,0.0,2024-12-19,5
2024-12-19 06:00:00,0.03686813,0.1194274,2024-12-19,6
2024-12-19 07:00:00,0.2013075,0.3198168,2024-12-19,7
2024-12-19 08:00:00,0.3655449,0.5169967,2024-12-19,8
2024-12-19 09:00:00,0.3722138,0.4364596,2024-12-19,9
2024-12-19 10:00:00,0.05038525,0.04904953,2024-12-19,10
2024-12-19 11:00:00,0.2718152,0.2714455,2024-12-19,11
2024-12-19 12:00:00,0.4408225,0.5160509,2024-12-19,12
2024-12-19 13:00:00,0.4677875,0.6172988,2024-12-19,13
2024-12-19 14:00:00,0.1924425,0.1990055,2024-12-19,14
2024-12-19 15:00:00,0.07549812,0.0750792,2024-12-19,15
2024-12-19 16:00:00,0.01966383,0.02443652,2024-12-19,16
2024-12-19 17:00:00,0.0,0.0,2024-12-19,17
2024-12-19 18:00:00,0.0,0.0,2024-12-19,18
2024-12-19 19:00:00,0.0,0.0,2024-12-19,19
2024-12-19 20:00:00,0.0,0.0,2024-12-19,20
2024-12-19 21:00:00,0.0,0.0,2024-12-19,21
2024-12-19 22:00:00,0.0,0.0,2024-12-19,22
2024-12-19 23:00:00,0.0,0.0,2024-12-19,23
2024-12-20 00:00:00,0.0,0.0,2024-12-20,0
2024-12-20 01:00:00,0.0,0.0,2024-12-20,1
2024-12-20 02:00:00,0.0,0.0,2024-12-20,2
2024-12-20 03:00:00,0.0,0.0,2024-12-20,3
2024-12-20 04:00:00,0.0,0.0,2024-12-20,4
2024-12-20 05:00:00,0.0,0.0,2024-12-20,5
2024-12-20 06:00:00,0.03844735,0.1390297,2024-12-20,6
2024-12-20 07:00:00,0.05735332,0.05662271,2024-12-20,7
2024-12-20 08:00:00,0.09243869,0.09068204,2024-12-20,8
2024-12-20 09:00:00,0.04963281,0.04834836,2024-12-20,9
2024-12-20 10:00:00,0.1226782,0.1199193,2024-12-20,10
2024-12-20 11:00:00,0.1118617,0.1092286,2024-12-20,11
2024-12-20 12:00:00,0.04537797,0.0441631,2024-12-20,12
2024-12-20 13:00:00,0.02644915,0.02572388,2024-12-20,13
2024-12-20 14:00:00,0.06006749,0.05869921,2024-12-20,14
2024-12-20 15:00:00,0.07220012,0.07163215,2024-12-20,15
2024-12-20 16:00:00,0.01274354,0.01343101,2024-12-20,16
2024-12-20 17:00:00,0.0,0.0,2024-12-20,17
2024-12-20 18:00:00,0.0,0.0,2024-12-20,18
2024-12-20 19:00:00,0.0,0.0,2024-12-20,19
2024-12-20 20:00:00,0.0,0.0,2024-12-20,20
2024-12-20 21:00:00,0.0,0.0,2024-12-20,21
2024-12-20 22:00:00,0.0,0.0,2024-12-20,22
2024-12-20 23:00:00,0.0,0.0,2024-12-20,23
2024-12-21 00:00:00,0.0,0.0,2024-12-21,0
2024-12-21 01:00:00,0.0,0.0,2024-12-21,1
2024-12-21 02:00:00,0.0,0.0,2024-12-21,2
2024-12-21 03:00:00,0.0,0.0,2024-12-21,3
2024-12-21 04:00:00,0.0,0.0,2024-12-21,4
2024-12-21 05:00:00,0.0,0.0,2024-12-21,5
2024-12-21 06:00:00,0.01692501,0.01902327,2024-12-21,6
2024-12-21 07:00:00,0.08058657,0.08048607,2024-12-21,7
2024-12-21 08:00:00,0.2009666,0.2103134,2024-12-21,8
2024-12-21 09:00:00,0.4523988,0.5878962,2024-12-21,9
2024-12-21 10:00:00,0.5191556,0.6574979,2024-12-21,10
2024-12-21 11:00:00,0.2674436,0.2666093,2024-12-21,11
2024-12-21 12:00:00,0.5021324,0.6256192,2024-12-21,12
2024-12-21 13:00:00,0.5559526,0.7749164,2024-12-21,13
2024-12-21 14:00:00,0.3721793,0.5307593,2024-12-21,14
2024-12-21 15:00:00,0.2287219,0.3921919,2024-12-21,15
2024-12-21 16:00:00,0.05359252,0.2560625,2024-12-21,16
2024-12-21 17:00:00,0.0,0.0,2024-12-21,17
2024-12-21 18:00:00,0.0,0.0,2024-12-21,18
2024-12-21 19:00:00,0.0,0.0,2024-12-21,19
2024-12-21 20:00:00,0.0,0.0,2024-12-21,20
2024-12-21 21:00:00,0.0,0.0,2024-12-21,21
2024-12-21 22:00:00,0.0,0.0,2024-12-21,22
2024-12-21 23:00:00,0.0,0.0,2024-12-21,23
2024-12-22 00:00:00,0.0,0.0,2024-12-22,0
2024-12-22 01:00:00,0.0,0.0,2024-12-22,1
2024-12-22 02:00:00,0.0,0.0,2024-12-22,2
2024-12-22 03:00:00,0.0,0.0,2024-12-22,3
2024-12-22 04:00:00,0.0,0.0,2024-12-22,4
2024-12-22 05:00:00,0.0,0.0,2024-12-22,5
2024-12-22 06:00:00,0.02087771,0.02842718,2024-12-22,6
2024-12-22 07:00:00,0.1854605,0.2821992,2024-12-22,7
2024-12-22 08:00:00,0.490242,0.7391942,2024-12-22,8
2024-12-22 09:00:00,0.6453052,0.9100926,2024-12-22,9
2024-12-22 10:00:00,0.6067823,0.8140358,2024-12-22,10
2024-12-22 11:00:00,0.7744166,1.052018,2024-12-22,11
2024-12-22 12:00:00,0.6173987,0.8307923,2024-12-22,12
2024-12-22 13:00:00,0.495618,0.6680896,2024-12-22,13
2024-12-22 14:00:00,0.455844,0.6827878,2024-12-22,14
2024-12-22 15:00:00,0.2129758,0.3492182,2024-12-22,15
2024-12-22 16:00:00,0.04507749,0.1897845,2024-12-22,16
2024-12-22 17:00:00,0.0,0.0,2024-12-22,17
2024-12-22 18:00:00,0.0,0.0,2024-12-22,18
2024-12-22 19:00:00,0.0,0.0,2024-12-22,19
2024-12-22 20:00:00,0.0,0.0,2024-12-22,20
2024-12-22 21:00:00,0.0,0.0,2024-12-22,21
2024-12-22 22:00:00,0.0,0.0,2024-12-22,22
2024-12-22 23:00:00,0.0,0.0,2024-12-22,23
2024-12-23 00:00:00,0.0,0.0,2024-12-23,0
2024-12-23 01:00:00,0.0,0.0,2024-12-23,1
2024-12-23 02:00:00,0.0,0.0,2024-12-23,2
2024-12-23 03:00:00,0.0,0.0,2024-12-23,3
2024-12-23 04:00:00,0.0,0.0,2024-12-23,4
2024-12-23 05:00:00,0.0,0.0,2024-12-23,5
2024-12-23 06:00:00,0.04020222,0.1694624,2024-12-23,6
2024-12-23 07:00:00,0.1885614,0.2925466,2024-12-23,7
2024-12-23 08:00:00,0.4500177,0.6765651,2024-12-23,8
2024-12-23 09:00:00,0.6379736,0.8995573,2024-12-23,9
2024-12-23 10:00:00,0.626701,0.8470867,2024-12-23,10
2024-12-23 11:00:00,0.7176637,0.9723549,2024-12-23,11
2024-12-23 12:00:00,0.7288973,0.9971098,2024-12-23,12
2024-12-23 13:00:00,0.6359156,0.8944349,2024-12-23,13
2024-12-23 14:00:00,0.4769861,0.7149643,2024-12-23,14
2024-12-23 15:00:00,0.1985574,0.3078018,2024-12-23,15
2024-12-23 16:00:00,0.03725134,0.1126345,2024-12-23,16
2024-12-23 17:00:00,0.0,0.0,2024-12-23,17
2024-12-23 18:00:00,0.0,0.0,2024-12-23,18
2024-12-23 19:00:00,0.0,0.0,2024-12-23,19
2024-12-23 20:00:00,0.0,0.0,2024-12-23,20
2024-12-23 21:00:00,0.0,0.0,2024-12-23,21
2024-12-23 22:00:00,0.0,0.0,2024-12-23,22
2024-12-23 23:00:00,0.0,0.0,2024-12-23,23
2024-12-24 00:00:00,0.0,0.0,2024-12-24,0
2024-12-24 01:00:00,0.0,0.0,2024-12-24,1
2024-12-24 02:00:00,0.0,0.0,2024-12-24,2
2024-12-24 03:00:00,0.0,0.0,2024-12-24,3
2024-12-24 04:00:00,0.0,0.0,2024-12-24,4
2024-12-24 05:00:00,0.0,0.0,2024-12-24,5
2024-12-24 06:00:00,0.03658998,0.1403411,2024-12-24,6
2024-12-24 07:00:00,0.1601397,0.2180198,2024-12-24,7
2024-12-24 08:00:00,0.2775713,0.3378434,2024-12-24,8
2024-12-24 09:00:00,0.534267,0.7404432,2024-12-24,9
2024-12-24 10:00:00,0.5893298,0.7842436,2024-12-24,10
2024-12-24 11:00:00,0.6950251,0.9393595,2024-12-24,11
2024-12-24 12:00:00,0.5414193,0.696385,2024-12-24,12
2024-12-24 13:00:00,0.5597569,0.7792668,2024-12-24,13
2024-12-24 14:00:00,0.497587,0.7462751,2024-12-24,14
2024-12-24 15:00:00,0.1915585,0.2865514,2024-12-24,15
2024-12-24 16:00:00,0.01991276,0.02285065,2024-12-24,16
2024-12-24 17:00:00,0.0,0.0,2024-12-24,17
2024-12-24 18:00:00,0.0,0.0,2024-12-24,18
2024-12-24 19:00:00,0.0,0.0,2024-12-24,19
2024-12-24 20:00:00,0.0,0.0,2024-12-24,20
2024-12-24 21:00:00,0.0,0.0,2024-12-24,21
2024-12-24 22:00:00,0.0,0.0,2024-12-24,22
2024-12-24 23:00:00,0.0,0.0,2024-12-24,23
2024-12-25 00:00:00,0.0,0.0,2024-12-25,0
2024-12-25 01:00:00,0.0,0.0,2024-12-25,1
2024-12-25 02:00:00,0.0,0.0,2024-12-25,2
2024-12-25 03:00:00,0.0,0.0,2024-12-25,3
2024-12-25 04:00:00,0.0,0.0,2024-12-25,4
2024-12-25 05:00:00,0.0,0.0,2024-12-25,5
2024-12-25 06:00:00,0.03740335,0.1519756,2024-12-25,6
2024-12-25 07:00:00,0.217046,0.3735376,2024-12-25,7
2024-12-25 08:00:00,0.4861356,0.7339131,2024-12-25,8
2024-12-25 09:00:00,0.6487904,0.915525,2024-12-25,9
2024-12-25 10:00:00,0.6929626,0.9469941,2024-12-25,10
2024-12-25 11:00:00,0.6990728,0.9450331,2024-12-25,11
2024-12-25 12:00:00,0.6501082,0.8819904,2024-12-25,12
2024-12-25 13:00:00,0.6697357,0.9425398,2024-12-25,13
2024-12-25 14:00:00,0.5142311,0.7713094,2024-12-25,14
2024-12-25 15:00:00,0.2396866,0.4101177,2024-12-25,15
2024-12-25 16:00:00,0.0555597,0.2493767,2024-12-25,16
2024-12-25 17:00:00,0.0,0.0,2024-12-25,17
2024-12-25 18:00:00,0.0,0.0,2024-12-25,18
2024-12-25 19:00:00,0.0,0.0,2024-12-25,19
2024-12-25 20:00:00,0.0,0.0,2024-12-25,20
2024-12-25 21:00:00,0.0,0.0,2024-12-25,21
2024-12-25 22:00:00,0.0,0.0,2024-12-25,22
2024-12-25 23:00:00,0.0,0.0,2024-12-25,23
2024-12-26 00:00:00,0.0,0.0,2024-12-26,0
2024-12-26 01:00:00,0.0,0.0,2024-12-26,1
2024-12-26 02:00:00,0.0,0.0,2024-12-26,2
2024-12-26 03:00:00,0.0,0.0,2024-12-26,3
2024-12-26 04:00:00,0.0,0.0,2024-12-26,4
2024-12-26 05:00:00,0.0,0.0,2024-12-26,5
2024-12-26 06:00:00,0.02720961,0.0662448,2024-12-26,6
2024-12-26 07:00:00,0.08444206,0.08503971,2024-12-26,7
2024-12-26 08:00:00,0.05443216,0.05316551,2024-12-26,8
2024-12-26 09:00:00,0.1199197,0.1174253,2024-12-26,9
2024-12-26 10:00:00,0.2057396,0.2023587,2024-12-26,10
2024-12-26 11:00:00,0.27139,0.2708828,2024-12-26,11
2024-12-26 12:00:00,0.585854,0.7747103,2024-12-26,12
2024-12-26 13:00:00,0.439763,0.5581958,2024-12-26,13
2024-12-26 14:00:00,0.3886894,0.5577176,2024-12-26,14
2024-12-26 15:00:00,0.1167496,0.1242649,2024-12-26,15
2024-12-26 16:00:00,0.02772278,0.04127947,2024-12-26,16
2024-12-26 17:00:00,0.0,0.0,2024-12-26,17
2024-12-26 18:00:00,0.0,0.0,2024-12-26,18
2024-12-26 19:00:00,0.0,0.0,2024-12-26,19
2024-12-26 20:00:00,0.0,0.0,2024-12-26,20
2024-12-26 21:00:00,0.0,0.0,2024-12-26,21
2024-12-26 22:00:00,0.0,0.0,2024-12-26,22
2024-12-26 23:00:00,0.0,0.0,2024-12-26,23
2024-12-27 00:00:00,0.0,0.0,2024-12-27,0
2024-12-27 01:00:00,0.0,0.0,2024-12-27,1
2024-12-27 02:00:00,0.0,0.0,2024-12-27,2
2024-12-27 03:00:00,0.0,0.0,2024-12-27,3
2024-12-27 04:00:00,0.0,0.0,2024-12-27,4
2024-12-27 05:00:00,0.0,0.0,2024-12-27,5
2024-12-27 06:00:00,0.01584668,0.01840249,2024-12-27,6
2024-12-27 07:00:00,0.1335854,0.1602384,2024-12-27,7
2024-12-27 08:00:00,0.308388,0.402006,2024-12-27,8
2024-12-27 09:00:00,0.5350701,0.7420025,2024-12-27,9
2024-12-27 10:00:00,0.5190641,0.6572535,2024-12-27,10
2024-12-27 11:00:00,0.5177111,0.6356549,2024-12-27,11
2024-12-27 12:00:00,0.4950074,0.6093894,2024-12-27,12
2024-12-27 13:00:00,0.3949388,0.4732585,2024-12-27,13
2024-12-27 14:00:00,0.2809529,0.3355491,2024-12-27,14
2024-12-27 15:00:00,0.1344877,0.1518711,2024-12-27,15
2024-12-27 16:00:00,0.02887824,0.04331291,2024-12-27,16
2024-12-27 17:00:00,0.0,0.0,2024-12-27,17
2024-12-27 18:00:00,0.0,0.0,2024-12-27,18
2024-12-27 19:00:00,0.0,0.0,2024-12-27,19
2024-12-27 20:00:00,0.0,0.0,2024-12-27,20
2024-12-27 21:00:00,0.0,0.0,2024-12-27,21
2024-12-27 22:00:00,0.0,0.0,2024-12-27,22
2024-12-27 23:00:00,0.0,0.0,2024-12-27,23
2024-12-28 00:00:00,0.0,0.0,2024-12-28,0
2024-12-28 01:00:00,0.0,0.0,2024-12-28,1
2024-12-28 02:00:00,0.0,0.0,2024-12-28,2
2024-12-28 03:00:00,0.0,0.0,2024-12-28,3
2024-12-28 04:00:00,0.0,0.0,2024-12-28,4
2024-12-28 05:00:00,0.0,0.0,2024-12-28,5
2024-12-28 06:00:00,0.02748585,0.0732884,2024-12-28,6
2024-12-28 07:00:00,0.2327317,0.4151842,2024-12-28,7
2024-12-28 08:00:00,0.4273834,0.6410644,2024-12-28,8
2024-12-28 09:00:00,0.5643001,0.7900274,2024-12-28,9
2024-12-28 10:00:00,0.721628,0.9865565,2024-12-28,10
2024-12-28 11:00:00,0.8075324,1.09637,2024-12-28,11
2024-12-28 12:00:00,0.743335,1.014762,2024-12-28,12
2024-12-28 13:00:00,0.65459,0.9178561,2024-12-28,13
2024-12-28 14:00:00,0.4517083,0.6701584,2024-12-28,14
2024-12-28 15:00:00,0.302466,0.5289365,2024-12-28,15
2024-12-28 16:00:00,0.05969469,0.2434197,2024-12-28,16
2024-12-28 17:00:00,0.0,0.0,2024-12-28,17
2024-12-28 18:00:00,0.0,0.0,2024-12-28,18
2024-12-28 19:00:00,0.0,0.0,2024-12-28,19
2024-12-28 20:00:00,0.0,0.0,2024-12-28,20
2024-12-28 21:00:00,0.0,0.0,2024-12-28,21
2024-12-28 22:00:00,0.0,0.0,2024-12-28,22
2024-12-28 23:00:00,0.0,0.0,2024-12-28,23
2024-12-29 00:00:00,0.0,0.0,2024-12-29,0
2024-12-29 01:00:00,0.0,0.0,2024-12-29,1
2024-12-29 02:00:00,0.0,0.0,2024-12-29,2
2024-12-29 03:00:00,0.0,0.0,2024-12-29,3
2024-12-29 04:00:00,0.0,0.0,2024-12-29,4
2024-12-29 05:00:00,0.0,0.0,2024-12-29,5
2024-12-29 06:00:00,0.03623668,0.1547043,2024-12-29,6
2024-12-29 07:00:00,0.2352585,0.4215509,2024-12-29,7
2024-12-29 08:00:00,0.4382501,0.6588959,2024-12-29,8
2024-12-29 09:00:00,0.5041667,0.6870821,2024-12-29,9
2024-12-29 10:00:00,0.6077785,0.8143654,2024-12-29,10
2024-12-29 11:00:00,0.5843587,0.7544994,2024-12-29,11
2024-12-29 12:00:00,0.6299412,0.8467554,2024-12-29,12
2024-12-29 13:00:00,0.5881073,0.8196297,2024-12-29,13
2024-12-29 14:00:00,0.5035847,0.7497128,2024-12-29,14
2024-12-29 15:00:00,0.2603106,0.4468636,2024-12-29,15
2024-12-29 16:00:00,0.06037936,0.2371376,2024-12-29,16
2024-12-29 17:00:00,0.0,0.0,2024-12-29,17
2024-12-29 18:00:00,0.0,0.0,2024-12-29,18
2024-12-29 19:00:00,0.0,0.0,2024-12-29,19
2024-12-29 20:00:00,0.0,0.0,2024-12-29,20
2024-12-29 21:00:00,0.0,0.0,2024-12-29,21
2024-12-29 22:00:00,0.0,0.0,2024-12-29,22
2024-12-29 23:00:00,0.0,0.0,2024-12-29,23
2024-12-30 00:00:00,0.0,0.0,2024-12-30,0
2024-12-30 01:00:00,0.0,0.0,2024-12-30,1
2024-12-30 02:00:00,0.0,0.0,2024-12-30,2
2024-12-30 03:00:00,0.0,0.0,2024-12-30,3
2024-12-30 04:00:00,0.0,0.0,2024-12-30,4
2024-12-30 05:00:00,0.0,0.0,2024-12-30,5
2024-12-30 06:00:00,0.02499591,0.05917118,2024-12-30,6
2024-12-30 07:00:00,0.1344826,0.1635724,2024-12-30,7
2024-12-30 08:00:00,0.2463616,0.2820924,2024-12-30,8
2024-12-30 09:00:00,0.3529274,0.4050922,2024-12-30,9
2024-12-30 10:00:00,0.5166797,0.6517516,2024-12-30,10
2024-12-30 11:00:00,0.3776984,0.4040293,2024-12-30,11
2024-12-30 12:00:00,0.4105432,0.4611421,2024-12-30,12
2024-12-30 13:00:00,0.3400912,0.3773994,2024-12-30,13
2024-12-30 14:00:00,0.4773976,0.7078127,2024-12-30,14
2024-12-30 15:00:00,0.2239554,0.3567736,2024-12-30,15
2024-12-30 16:00:00,0.04755066,0.1352033,2024-12-30,16
2024-12-30 17:00:00,0.0,0.0,2024-12-30,17
2024-12-30 18:00:00,0.0,0.0,2024-12-30,18
2024-12-30 19:00:00,0.0,0.0,2024-12-30,19
2024-12-30 20:00:00,0.0,0.0,2024-12-30,20
2024-12-30 21:00:00,0.0,0.0,2024-12-30,21
2024-12-30 22:00:00,0.0,0.0,2024-12-30,22
2024-12-30 23:00:00,0.0,0.0,2024-12-30,23
