date_time,global_solar_kw/m2,incident_solar_kw/m2,date,hour
2024-01-01 00:00:00,0.0,0.0,2024-01-01,0
2024-01-01 01:00:00,0.0,0.0,2024-01-01,1
2024-01-01 02:00:00,0.0,0.0,2024-01-01,2
2024-01-01 03:00:00,0.0,0.0,2024-01-01,3
2024-01-01 04:00:00,0.0,0.0,2024-01-01,4
2024-01-01 05:00:00,0.0,0.0,2024-01-01,5
2024-01-01 06:00:00,0.0206257,0.04664585,2024-01-01,6
2024-01-01 07:00:00,0.1795806,0.2780502,2024-01-01,7
2024-01-01 08:00:00,0.4070863,0.5905656,2024-01-01,8
2024-01-01 09:00:00,0.3676239,0.4195077,2024-01-01,9
2024-01-01 10:00:00,0.3967031,0.4309565,2024-01-01,10
2024-01-01 11:00:00,0.678987,0.879349,2024-01-01,11
2024-01-01 12:00:00,0.4944722,0.5760505,2024-01-01,12
2024-01-01 13:00:00,0.457933,0.5498061,2024-01-01,13
2024-01-01 14:00:00,0.2849263,0.313639,2024-01-01,14
2024-01-01 15:00:00,0.1855522,0.2139995,2024-01-01,15
2024-01-01 16:00:00,0.07534599,0.1247486,2024-01-01,16
2024-01-01 17:00:00,2.53899e-05,0.0,2024-01-01,17
2024-01-01 18:00:00,0.0,0.0,2024-01-01,18
2024-01-01 19:00:00,0.0,0.0,2024-01-01,19
2024-01-01 20:00:00,0.0,0.0,2024-01-01,20
2024-01-01 21:00:00,0.0,0.0,2024-01-01,21
2024-01-01 22:00:00,0.0,0.0,2024-01-01,22
2024-01-01 23:00:00,0.0,0.0,2024-01-01,23
2024-01-02 00:00:00,0.0,0.0,2024-01-02,0
2024-01-02 01:00:00,0.0,0.0,2024-01-02,1
2024-01-02 02:00:00,0.0,0.0,2024-01-02,2
2024-01-02 03:00:00,0.0,0.0,2024-01-02,3
2024-01-02 04:00:00,0.0,0.0,2024-01-02,4
2024-01-02 05:00:00,0.0,0.0,2024-01-02,5
2024-01-02 06:00:00,0.02499676,0.08375552,2024-01-02,6
2024-01-02 07:00:00,0.2192287,0.3832116,2024-01-02,7
2024-01-02 08:00:00,0.4593838,0.675724,2024-01-02,8
2024-01-02 09:00:00,0.6102327,0.8357104,2024-01-02,9
2024-01-02 10:00:00,0.6133769,0.7943847,2024-01-02,10
2024-01-02 11:00:00,0.5523474,0.6660159,2024-01-02,11
2024-01-02 12:00:00,0.4876976,0.5639902,2024-01-02,12
2024-01-02 13:00:00,0.6143292,0.8191974,2024-01-02,13
2024-01-02 14:00:00,0.4512634,0.6171866,2024-01-02,14
2024-01-02 15:00:00,0.3451248,0.5457199,2024-01-02,15
2024-01-02 16:00:00,0.0920922,0.1872561,2024-01-02,16
2024-01-02 17:00:00,5.95277e-05,0.0,2024-01-02,17
2024-01-02 18:00:00,0.0,0.0,2024-01-02,18
2024-01-02 19:00:00,0.0,0.0,2024-01-02,19
2024-01-02 20:00:00,0.0,0.0,2024-01-02,20
2024-01-02 21:00:00,0.0,0.0,2024-01-02,21
2024-01-02 22:00:00,0.0,0.0,2024-01-02,22
2024-01-02 23:00:00,0.0,0.0,2024-01-02,23
2024-01-03 00:00:00,0.0,0.0,2024-01-03,0
2024-01-03 01:00:00,0.0,0.0,2024-01-03,1
2024-01-03 02:00:00,0.0,0.0,2024-01-03,2
2024-01-03 03:00:00,0.0,0.0,2024-01-03,3
2024-01-03 04:00:00,0.0,0.0,2024-01-03,4
2024-01-03 05:00:00,0.0,0.0,2024-01-03,5
2024-01-03 06:00:00,0.01633446,0.0258834,2024-01-03,6
2024-01-03 07:00:00,0.1733818,0.2625508,2024-01-03,7
2024-01-03 08:00:00,0.3286345,0.435324,2024-01-03,8
2024-01-03 09:00:00,0.3742813,0.430371,2024-01-03,9
2024-01-03 10:00:00,0.7169719,0.9511486,2024-01-03,10
2024-01-03 11:00:00,0.5807633,0.7140751,2024-01-03,11
2024-01-03 12:00:00,0.4371623,0.4826008,2024-01-03,12
2024-01-03 13:00:00,0.507086,0.6349464,2024-01-03,13
2024-01-03 14:00:00,0.4424214,0.5990119,2024-01-03,14
2024-01-03 15:00:00,0.3101131,0.4788372,2024-01-03,15
2024-01-03 16:00:00,0.0934379,0.1868105,2024-01-03,16
2024-01-03 17:00:00,8.20321e-05,0.0,2024-01-03,17
2024-01-03 18:00:00,0.0,0.0,2024-01-03,18
2024-01-03 19:00:00,0.0,0.0,2024-01-03,19
2024-01-03 20:00:00,0.0,0.0,2024-01-03,20
2024-01-03 21:00:00,0.0,0.0,2024-01-03,21
2024-01-03 22:00:00,0.0,0.0,2024-01-03,22
2024-01-03 23:00:00,0.0,0.0,2024-01-03,23
2024-01-04 00:00:00,0.0,0.0,2024-01-04,0
2024-01-04 01:00:00,0.0,0.0,2024-01-04,1
2024-01-04 02:00:00,0.0,0.0,2024-01-04,2
2024-01-04 03:00:00,0.0,0.0,2024-01-04,3
2024-01-04 04:00:00,0.0,0.0,2024-01-04,4
2024-01-04 05:00:00,0.0,0.0,2024-01-04,5
2024-01-04 06:00:00,0.02473308,0.08579483,2024-01-04,6
2024-01-04 07:00:00,0.2336083,0.4155114,2024-01-04,7
2024-01-04 08:00:00,0.4547142,0.6677236,2024-01-04,8
2024-01-04 09:00:00,0.6270396,0.8582045,2024-01-04,9
2024-01-04 10:00:00,0.7115914,0.9429673,2024-01-04,10
2024-01-04 11:00:00,0.7678077,1.006563,2024-01-04,11
2024-01-04 12:00:00,0.783189,1.031591,2024-01-04,12
2024-01-04 13:00:00,0.6343505,0.8472933,2024-01-04,13
2024-01-04 14:00:00,0.4975302,0.6939964,2024-01-04,14
2024-01-04 15:00:00,0.3266166,0.5086471,2024-01-04,15
2024-01-04 16:00:00,0.1234444,0.2922634,2024-01-04,16
2024-01-04 17:00:00,0.000231963,0.0,2024-01-04,17
2024-01-04 18:00:00,0.0,0.0,2024-01-04,18
2024-01-04 19:00:00,0.0,0.0,2024-01-04,19
2024-01-04 20:00:00,0.0,0.0,2024-01-04,20
2024-01-04 21:00:00,0.0,0.0,2024-01-04,21
2024-01-04 22:00:00,0.0,0.0,2024-01-04,22
2024-01-04 23:00:00,0.0,0.0,2024-01-04,23
2024-01-05 00:00:00,0.0,0.0,2024-01-05,0
2024-01-05 01:00:00,0.0,0.0,2024-01-05,1
2024-01-05 02:00:00,0.0,0.0,2024-01-05,2
2024-01-05 03:00:00,0.0,0.0,2024-01-05,3
2024-01-05 04:00:00,0.0,0.0,2024-01-05,4
2024-01-05 05:00:00,0.0,0.0,2024-01-05,5
2024-01-05 06:00:00,0.01105316,0.01231359,2024-01-05,6
2024-01-05 07:00:00,0.1014952,0.1077376,2024-01-05,7
2024-01-05 08:00:00,0.2748384,0.3283136,2024-01-05,8
2024-01-05 09:00:00,0.3198933,0.344458,2024-01-05,9
2024-01-05 10:00:00,0.504713,0.6047588,2024-01-05,10
2024-01-05 11:00:00,0.6626568,0.8494831,2024-01-05,11
2024-01-05 12:00:00,0.6639752,0.8585547,2024-01-05,12
2024-01-05 13:00:00,0.5619069,0.7284175,2024-01-05,13
2024-01-05 14:00:00,0.3721132,0.4612017,2024-01-05,14
2024-01-05 15:00:00,0.2177043,0.270243,2024-01-05,15
2024-01-05 16:00:00,0.06723818,0.08728434,2024-01-05,16
2024-01-05 17:00:00,0.000371756,0.0,2024-01-05,17
2024-01-05 18:00:00,0.0,0.0,2024-01-05,18
2024-01-05 19:00:00,0.0,0.0,2024-01-05,19
2024-01-05 20:00:00,0.0,0.0,2024-01-05,20
2024-01-05 21:00:00,0.0,0.0,2024-01-05,21
2024-01-05 22:00:00,0.0,0.0,2024-01-05,22
2024-01-05 23:00:00,0.0,0.0,2024-01-05,23
2024-01-06 00:00:00,0.0,0.0,2024-01-06,0
2024-01-06 01:00:00,0.0,0.0,2024-01-06,1
2024-01-06 02:00:00,0.0,0.0,2024-01-06,2
2024-01-06 03:00:00,0.0,0.0,2024-01-06,3
2024-01-06 04:00:00,0.0,0.0,2024-01-06,4
2024-01-06 05:00:00,0.0,0.0,2024-01-06,5
2024-01-06 06:00:00,0.02253175,0.06958962,2024-01-06,6
2024-01-06 07:00:00,0.1866487,0.3005009,2024-01-06,7
2024-01-06 08:00:00,0.3546172,0.4881115,2024-01-06,8
2024-01-06 09:00:00,0.4532366,0.5700606,2024-01-06,9
2024-01-06 10:00:00,0.4804823,0.5626456,2024-01-06,10
2024-01-06 11:00:00,0.5176098,0.6039483,2024-01-06,11
2024-01-06 12:00:00,0.5907899,0.7357879,2024-01-06,12
2024-01-06 13:00:00,0.5852549,0.7662395,2024-01-06,13
2024-01-06 14:00:00,0.450269,0.6075537,2024-01-06,14
2024-01-06 15:00:00,0.2197374,0.2725736,2024-01-06,15
2024-01-06 16:00:00,0.09690069,0.1828932,2024-01-06,16
2024-01-06 17:00:00,0.000236062,0.0,2024-01-06,17
2024-01-06 18:00:00,0.0,0.0,2024-01-06,18
2024-01-06 19:00:00,0.0,0.0,2024-01-06,19
2024-01-06 20:00:00,0.0,0.0,2024-01-06,20
2024-01-06 21:00:00,0.0,0.0,2024-01-06,21
2024-01-06 22:00:00,0.0,0.0,2024-01-06,22
2024-01-06 23:00:00,0.0,0.0,2024-01-06,23
2024-01-07 00:00:00,0.0,0.0,2024-01-07,0
2024-01-07 01:00:00,0.0,0.0,2024-01-07,1
2024-01-07 02:00:00,0.0,0.0,2024-01-07,2
2024-01-07 03:00:00,0.0,0.0,2024-01-07,3
2024-01-07 04:00:00,0.0,0.0,2024-01-07,4
2024-01-07 05:00:00,0.0,0.0,2024-01-07,5
2024-01-07 06:00:00,0.02372888,0.08190484,2024-01-07,6
2024-01-07 07:00:00,0.2185543,0.3824595,2024-01-07,7
2024-01-07 08:00:00,0.3691941,0.5169079,2024-01-07,8
2024-01-07 09:00:00,0.5406358,0.7248092,2024-01-07,9
2024-01-07 10:00:00,0.7151549,0.9450955,2024-01-07,10
2024-01-07 11:00:00,0.7579557,0.9900275,2024-01-07,11
2024-01-07 12:00:00,0.7040776,0.9175563,2024-01-07,12
2024-01-07 13:00:00,0.5859123,0.7656319,2024-01-07,13
2024-01-07 14:00:00,0.4690106,0.6393414,2024-01-07,14
2024-01-07 15:00:00,0.2840419,0.4116232,2024-01-07,15
2024-01-07 16:00:00,0.09963983,0.1876899,2024-01-07,16
2024-01-07 17:00:00,0.000430588,0.0,2024-01-07,17
2024-01-07 18:00:00,0.0,0.0,2024-01-07,18
2024-01-07 19:00:00,0.0,0.0,2024-01-07,19
2024-01-07 20:00:00,0.0,0.0,2024-01-07,20
2024-01-07 21:00:00,0.0,0.0,2024-01-07,21
2024-01-07 22:00:00,0.0,0.0,2024-01-07,22
2024-01-07 23:00:00,0.0,0.0,2024-01-07,23
2024-01-08 00:00:00,0.0,0.0,2024-01-08,0
2024-01-08 01:00:00,0.0,0.0,2024-01-08,1
2024-01-08 02:00:00,0.0,0.0,2024-01-08,2
2024-01-08 03:00:00,0.0,0.0,2024-01-08,3
2024-01-08 04:00:00,0.0,0.0,2024-01-08,4
2024-01-08 05:00:00,0.0,0.0,2024-01-08,5
2024-01-08 06:00:00,0.01394837,0.01936413,2024-01-08,6
2024-01-08 07:00:00,0.1412413,0.1819359,2024-01-08,7
2024-01-08 08:00:00,0.3322356,0.4414733,2024-01-08,8
2024-01-08 09:00:00,0.4088214,0.4883775,2024-01-08,9
2024-01-08 10:00:00,0.538007,0.6601512,2024-01-08,10
2024-01-08 11:00:00,0.5747235,0.6986339,2024-01-08,11
2024-01-08 12:00:00,0.5965924,0.7428492,2024-01-08,12
2024-01-08 13:00:00,0.6254,0.8273824,2024-01-08,13
2024-01-08 14:00:00,0.4637114,0.6277072,2024-01-08,14
2024-01-08 15:00:00,0.2790938,0.397633,2024-01-08,15
2024-01-08 16:00:00,0.1147967,0.2392515,2024-01-08,16
2024-01-08 17:00:00,0.000507399,0.0,2024-01-08,17
2024-01-08 18:00:00,0.0,0.0,2024-01-08,18
2024-01-08 19:00:00,0.0,0.0,2024-01-08,19
2024-01-08 20:00:00,0.0,0.0,2024-01-08,20
2024-01-08 21:00:00,0.0,0.0,2024-01-08,21
2024-01-08 22:00:00,0.0,0.0,2024-01-08,22
2024-01-08 23:00:00,0.0,0.0,2024-01-08,23
2024-01-09 00:00:00,0.0,0.0,2024-01-09,0
2024-01-09 01:00:00,0.0,0.0,2024-01-09,1
2024-01-09 02:00:00,0.0,0.0,2024-01-09,2
2024-01-09 03:00:00,0.0,0.0,2024-01-09,3
2024-01-09 04:00:00,0.0,0.0,2024-01-09,4
2024-01-09 05:00:00,0.0,0.0,2024-01-09,5
2024-01-09 06:00:00,0.02146608,0.06425735,2024-01-09,6
2024-01-09 07:00:00,0.08243601,0.08329332,2024-01-09,7
2024-01-09 08:00:00,0.189559,0.194894,2024-01-09,8
2024-01-09 09:00:00,0.379809,0.4376288,2024-01-09,9
2024-01-09 10:00:00,0.585569,0.7411705,2024-01-09,10
2024-01-09 11:00:00,0.5854117,0.7156324,2024-01-09,11
2024-01-09 12:00:00,0.6670975,0.8576634,2024-01-09,12
2024-01-09 13:00:00,0.3702299,0.3997329,2024-01-09,13
2024-01-09 14:00:00,0.2007091,0.2002946,2024-01-09,14
2024-01-09 15:00:00,0.1888315,0.2110994,2024-01-09,15
2024-01-09 16:00:00,0.06481259,0.07532909,2024-01-09,16
2024-01-09 17:00:00,0.000591217,0.0,2024-01-09,17
2024-01-09 18:00:00,0.0,0.0,2024-01-09,18
2024-01-09 19:00:00,0.0,0.0,2024-01-09,19
2024-01-09 20:00:00,0.0,0.0,2024-01-09,20
2024-01-09 21:00:00,0.0,0.0,2024-01-09,21
2024-01-09 22:00:00,0.0,0.0,2024-01-09,22
2024-01-09 23:00:00,0.0,0.0,2024-01-09,23
2024-01-10 00:00:00,0.0,0.0,2024-01-10,0
2024-01-10 01:00:00,0.0,0.0,2024-01-10,1
2024-01-10 02:00:00,0.0,0.0,2024-01-10,2
2024-01-10 03:00:00,0.0,0.0,2024-01-10,3
2024-01-10 04:00:00,0.0,0.0,2024-01-10,4
2024-01-10 05:00:00,0.0,0.0,2024-01-10,5
2024-01-10 06:00:00,0.0213036,0.06381902,2024-01-10,6
2024-01-10 07:00:00,0.1993722,0.3342694,2024-01-10,7
2024-01-10 08:00:00,0.3694302,0.5153266,2024-01-10,8
2024-01-10 09:00:00,0.5767607,0.7797042,2024-01-10,9
2024-01-10 10:00:00,0.7102233,0.9348192,2024-01-10,10
2024-01-10 11:00:00,0.8479024,1.107303,2024-01-10,11
2024-01-10 12:00:00,0.8246982,1.079685,2024-01-10,12
2024-01-10 13:00:00,0.7196733,0.9586547,2024-01-10,13
2024-01-10 14:00:00,0.5744385,0.7987437,2024-01-10,14
2024-01-10 15:00:00,0.3143835,0.4676981,2024-01-10,15
2024-01-10 16:00:00,0.1208995,0.2483819,2024-01-10,16
2024-01-10 17:00:00,0.000836315,0.0,2024-01-10,17
2024-01-10 18:00:00,0.0,0.0,2024-01-10,18
2024-01-10 19:00:00,0.0,0.0,2024-01-10,19
2024-01-10 20:00:00,0.0,0.0,2024-01-10,20
2024-01-10 21:00:00,0.0,0.0,2024-01-10,21
2024-01-10 22:00:00,0.0,0.0,2024-01-10,22
2024-01-10 23:00:00,0.0,0.0,2024-01-10,23
2024-01-11 00:00:00,0.0,0.0,2024-01-11,0
2024-01-11 01:00:00,0.0,0.0,2024-01-11,1
2024-01-11 02:00:00,0.0,0.0,2024-01-11,2
2024-01-11 03:00:00,0.0,0.0,2024-01-11,3
2024-01-11 04:00:00,0.0,0.0,2024-01-11,4
2024-01-11 05:00:00,0.0,0.0,2024-01-11,5
2024-01-11 06:00:00,0.02107509,0.06265979,2024-01-11,6
2024-01-11 07:00:00,0.1713922,0.2584139,2024-01-11,7
2024-01-11 08:00:00,0.3252268,0.4253742,2024-01-11,8
2024-01-11 09:00:00,0.428735,0.5218502,2024-01-11,9
2024-01-11 10:00:00,0.7486562,0.9858596,2024-01-11,10
2024-01-11 11:00:00,0.7270255,0.9407089,2024-01-11,11
2024-01-11 12:00:00,0.6734219,0.8643163,2024-01-11,12
2024-01-11 13:00:00,0.4205303,0.475039,2024-01-11,13
2024-01-11 14:00:00,0.3762278,0.4581965,2024-01-11,14
2024-01-11 15:00:00,0.244079,0.3125988,2024-01-11,15
2024-01-11 16:00:00,0.0786039,0.1022732,2024-01-11,16
2024-01-11 17:00:00,0.001028907,0.0,2024-01-11,17
2024-01-11 18:00:00,0.0,0.0,2024-01-11,18
2024-01-11 19:00:00,0.0,0.0,2024-01-11,19
2024-01-11 20:00:00,0.0,0.0,2024-01-11,20
2024-01-11 21:00:00,0.0,0.0,2024-01-11,21
2024-01-11 22:00:00,0.0,0.0,2024-01-11,22
2024-01-11 23:00:00,0.0,0.0,2024-01-11,23
2024-01-12 00:00:00,0.0,0.0,2024-01-12,0
2024-01-12 01:00:00,0.0,0.0,2024-01-12,1
2024-01-12 02:00:00,0.0,0.0,2024-01-12,2
2024-01-12 03:00:00,0.0,0.0,2024-01-12,3
2024-01-12 04:00:00,0.0,0.0,2024-01-12,4
2024-01-12 05:00:00,0.0,0.0,2024-01-12,5
2024-01-12 06:00:00,0.02166161,0.06839364,2024-01-12,6
2024-01-12 07:00:00,0.2112997,0.3628703,2024-01-12,7
2024-01-12 08:00:00,0.4071648,0.5839777,2024-01-12,8
2024-01-12 09:00:00,0.5350211,0.7100155,2024-01-12,9
2024-01-12 10:00:00,0.637423,0.8229581,2024-01-12,10
2024-01-12 11:00:00,0.5897152,0.7188837,2024-01-12,11
2024-01-12 12:00:00,0.6766009,0.8675448,2024-01-12,12
2024-01-12 13:00:00,0.5522614,0.6990218,2024-01-12,13
2024-01-12 14:00:00,0.3363995,0.3861543,2024-01-12,14
2024-01-12 15:00:00,0.2535031,0.3300996,2024-01-12,15
2024-01-12 16:00:00,0.1012993,0.1665099,2024-01-12,16
2024-01-12 17:00:00,0.001300597,0.0,2024-01-12,17
2024-01-12 18:00:00,0.0,0.0,2024-01-12,18
2024-01-12 19:00:00,0.0,0.0,2024-01-12,19
2024-01-12 20:00:00,0.0,0.0,2024-01-12,20
2024-01-12 21:00:00,0.0,0.0,2024-01-12,21
2024-01-12 22:00:00,0.0,0.0,2024-01-12,22
2024-01-12 23:00:00,0.0,0.0,2024-01-12,23
2024-01-13 00:00:00,0.0,0.0,2024-01-13,0
2024-01-13 01:00:00,0.0,0.0,2024-01-13,1
2024-01-13 02:00:00,0.0,0.0,2024-01-13,2
2024-01-13 03:00:00,0.0,0.0,2024-01-13,3
2024-01-13 04:00:00,0.0,0.0,2024-01-13,4
2024-01-13 05:00:00,0.0,0.0,2024-01-13,5
2024-01-13 06:00:00,0.02117575,0.06463531,2024-01-13,6
2024-01-13 07:00:00,0.1395919,0.1776778,2024-01-13,7
2024-01-13 08:00:00,0.3292862,0.4319865,2024-01-13,8
2024-01-13 09:00:00,0.20132,0.1987119,2024-01-13,9
2024-01-13 10:00:00,0.371656,0.3916906,2024-01-13,10
2024-01-13 11:00:00,0.4378323,0.4734831,2024-01-13,11
2024-01-13 12:00:00,0.4106847,0.4375445,2024-01-13,12
2024-01-13 13:00:00,0.3213176,0.3310742,2024-01-13,13
2024-01-13 14:00:00,0.289252,0.3109528,2024-01-13,14
2024-01-13 15:00:00,0.2288455,0.2774486,2024-01-13,15
2024-01-13 16:00:00,0.1063204,0.1785673,2024-01-13,16
2024-01-13 17:00:00,0.001717097,0.0,2024-01-13,17
2024-01-13 18:00:00,0.0,0.0,2024-01-13,18
2024-01-13 19:00:00,0.0,0.0,2024-01-13,19
2024-01-13 20:00:00,0.0,0.0,2024-01-13,20
2024-01-13 21:00:00,0.0,0.0,2024-01-13,21
2024-01-13 22:00:00,0.0,0.0,2024-01-13,22
2024-01-13 23:00:00,0.0,0.0,2024-01-13,23
2024-01-14 00:00:00,0.0,0.0,2024-01-14,0
2024-01-14 01:00:00,0.0,0.0,2024-01-14,1
2024-01-14 02:00:00,0.0,0.0,2024-01-14,2
2024-01-14 03:00:00,0.0,0.0,2024-01-14,3
2024-01-14 04:00:00,0.0,0.0,2024-01-14,4
2024-01-14 05:00:00,0.0,0.0,2024-01-14,5
2024-01-14 06:00:00,0.006705821,0.006985981,2024-01-14,6
2024-01-14 07:00:00,0.05165879,0.05096228,2024-01-14,7
2024-01-14 08:00:00,0.2313384,0.252294,2024-01-14,8
2024-01-14 09:00:00,0.3937429,0.4579992,2024-01-14,9
2024-01-14 10:00:00,0.311923,0.3157648,2024-01-14,10
2024-01-14 11:00:00,0.4532093,0.4953417,2024-01-14,11
2024-01-14 12:00:00,0.5765336,0.6991078,2024-01-14,12
2024-01-14 13:00:00,0.5949408,0.7669012,2024-01-14,13
2024-01-14 14:00:00,0.4474417,0.5838924,2024-01-14,14
2024-01-14 15:00:00,0.3246866,0.4759919,2024-01-14,15
2024-01-14 16:00:00,0.1123516,0.1938745,2024-01-14,16
2024-01-14 17:00:00,0.002732556,0.0,2024-01-14,17
2024-01-14 18:00:00,0.0,0.0,2024-01-14,18
2024-01-14 19:00:00,0.0,0.0,2024-01-14,19
2024-01-14 20:00:00,0.0,0.0,2024-01-14,20
2024-01-14 21:00:00,0.0,0.0,2024-01-14,21
2024-01-14 22:00:00,0.0,0.0,2024-01-14,22
2024-01-14 23:00:00,0.0,0.0,2024-01-14,23
2024-01-15 00:00:00,0.0,0.0,2024-01-15,0
2024-01-15 01:00:00,0.0,0.0,2024-01-15,1
2024-01-15 02:00:00,0.0,0.0,2024-01-15,2
2024-01-15 03:00:00,0.0,0.0,2024-01-15,3
2024-01-15 04:00:00,0.0,0.0,2024-01-15,4
2024-01-15 05:00:00,0.0,0.0,2024-01-15,5
2024-01-15 06:00:00,0.0180165,0.04069403,2024-01-15,6
2024-01-15 07:00:00,0.1593116,0.2243934,2024-01-15,7
2024-01-15 08:00:00,0.336428,0.444371,2024-01-15,8
2024-01-15 09:00:00,0.5330057,0.7024435,2024-01-15,9
2024-01-15 10:00:00,0.6828206,0.8881408,2024-01-15,10
2024-01-15 11:00:00,0.7349004,0.9456629,2024-01-15,11
2024-01-15 12:00:00,0.7823951,1.014448,2024-01-15,12
2024-01-15 13:00:00,0.7114165,0.9382613,2024-01-15,13
2024-01-15 14:00:00,0.5241828,0.7138566,2024-01-15,14
2024-01-15 15:00:00,0.2505373,0.3164505,2024-01-15,15
2024-01-15 16:00:00,0.1285868,0.2433707,2024-01-15,16
2024-01-15 17:00:00,0.002002197,0.0,2024-01-15,17
2024-01-15 18:00:00,0.0,0.0,2024-01-15,18
2024-01-15 19:00:00,0.0,0.0,2024-01-15,19
2024-01-15 20:00:00,0.0,0.0,2024-01-15,20
2024-01-15 21:00:00,0.0,0.0,2024-01-15,21
2024-01-15 22:00:00,0.0,0.0,2024-01-15,22
2024-01-15 23:00:00,0.0,0.0,2024-01-15,23
2024-01-16 00:00:00,0.0,0.0,2024-01-16,0
2024-01-16 01:00:00,0.0,0.0,2024-01-16,1
2024-01-16 02:00:00,0.0,0.0,2024-01-16,2
2024-01-16 03:00:00,0.0,0.0,2024-01-16,3
2024-01-16 04:00:00,0.0,0.0,2024-01-16,4
2024-01-16 05:00:00,0.0,0.0,2024-01-16,5
2024-01-16 06:00:00,0.02378251,0.08892034,2024-01-16,6
2024-01-16 07:00:00,0.2244492,0.3881071,2024-01-16,7
2024-01-16 08:00:00,0.4421787,0.6364364,2024-01-16,8
2024-01-16 09:00:00,0.5982671,0.8036193,2024-01-16,9
2024-01-16 10:00:00,0.5559366,0.681133,2024-01-16,10
2024-01-16 11:00:00,0.4321922,0.4633866,2024-01-16,11
2024-01-16 12:00:00,0.3248427,0.3271832,2024-01-16,12
2024-01-16 13:00:00,0.2970346,0.3004362,2024-01-16,13
2024-01-16 14:00:00,0.3190729,0.3529921,2024-01-16,14
2024-01-16 15:00:00,0.2541159,0.3213324,2024-01-16,15
2024-01-16 16:00:00,0.08366203,0.1032104,2024-01-16,16
2024-01-16 17:00:00,0.00261035,0.0,2024-01-16,17
2024-01-16 18:00:00,0.0,0.0,2024-01-16,18
2024-01-16 19:00:00,0.0,0.0,2024-01-16,19
2024-01-16 20:00:00,0.0,0.0,2024-01-16,20
2024-01-16 21:00:00,0.0,0.0,2024-01-16,21
2024-01-16 22:00:00,0.0,0.0,2024-01-16,22
2024-01-16 23:00:00,0.0,0.0,2024-01-16,23
2024-01-17 00:00:00,0.0,0.0,2024-01-17,0
2024-01-17 01:00:00,0.0,0.0,2024-01-17,1
2024-01-17 02:00:00,0.0,0.0,2024-01-17,2
2024-01-17 03:00:00,0.0,0.0,2024-01-17,3
2024-01-17 04:00:00,0.0,0.0,2024-01-17,4
2024-01-17 05:00:00,0.0,0.0,2024-01-17,5
2024-01-17 06:00:00,0.02135295,0.0664792,2024-01-17,6
2024-01-17 07:00:00,0.1571804,0.2174789,2024-01-17,7
2024-01-17 08:00:00,0.3955829,0.5564135,2024-01-17,8
2024-01-17 09:00:00,0.5799969,0.7747043,2024-01-17,9
2024-01-17 10:00:00,0.7478176,0.9754251,2024-01-17,10
2024-01-17 11:00:00,0.7725215,0.9950371,2024-01-17,11
2024-01-17 12:00:00,0.7525935,0.9704983,2024-01-17,12
2024-01-17 13:00:00,0.5569766,0.6964837,2024-01-17,13
2024-01-17 14:00:00,0.2962187,0.3177393,2024-01-17,14
2024-01-17 15:00:00,0.1462202,0.1474907,2024-01-17,15
2024-01-17 16:00:00,0.07594788,0.08625024,2024-01-17,16
2024-01-17 17:00:00,0.002050497,0.0,2024-01-17,17
2024-01-17 18:00:00,0.0,0.0,2024-01-17,18
2024-01-17 19:00:00,0.0,0.0,2024-01-17,19
2024-01-17 20:00:00,0.0,0.0,2024-01-17,20
2024-01-17 21:00:00,0.0,0.0,2024-01-17,21
2024-01-17 22:00:00,0.0,0.0,2024-01-17,22
2024-01-17 23:00:00,0.0,0.0,2024-01-17,23
2024-01-18 00:00:00,0.0,0.0,2024-01-18,0
2024-01-18 01:00:00,0.0,0.0,2024-01-18,1
2024-01-18 02:00:00,0.0,0.0,2024-01-18,2
2024-01-18 03:00:00,0.0,0.0,2024-01-18,3
2024-01-18 04:00:00,0.0,0.0,2024-01-18,4
2024-01-18 05:00:00,0.0,0.0,2024-01-18,5
2024-01-18 06:00:00,0.01894463,0.04675846,2024-01-18,6
2024-01-18 07:00:00,0.2116883,0.3563792,2024-01-18,7
2024-01-18 08:00:00,0.2642993,0.3040691,2024-01-18,8
2024-01-18 09:00:00,0.4382396,0.5313003,2024-01-18,9
2024-01-18 10:00:00,0.4469826,0.4983864,2024-01-18,10
2024-01-18 11:00:00,0.5623456,0.6639045,2024-01-18,11
2024-01-18 12:00:00,0.6565166,0.8238632,2024-01-18,12
2024-01-18 13:00:00,0.5647018,0.7073495,2024-01-18,13
2024-01-18 14:00:00,0.466808,0.6086423,2024-01-18,14
2024-01-18 15:00:00,0.2993434,0.4103102,2024-01-18,15
2024-01-18 16:00:00,0.136303,0.2502052,2024-01-18,16
2024-01-18 17:00:00,0.003270669,0.0,2024-01-18,17
2024-01-18 18:00:00,0.0,0.0,2024-01-18,18
2024-01-18 19:00:00,0.0,0.0,2024-01-18,19
2024-01-18 20:00:00,0.0,0.0,2024-01-18,20
2024-01-18 21:00:00,0.0,0.0,2024-01-18,21
2024-01-18 22:00:00,0.0,0.0,2024-01-18,22
2024-01-18 23:00:00,0.0,0.0,2024-01-18,23
2024-01-19 00:00:00,0.0,0.0,2024-01-19,0
2024-01-19 01:00:00,0.0,0.0,2024-01-19,1
2024-01-19 02:00:00,0.0,0.0,2024-01-19,2
2024-01-19 03:00:00,0.0,0.0,2024-01-19,3
2024-01-19 04:00:00,0.0,0.0,2024-01-19,4
2024-01-19 05:00:00,0.0,0.0,2024-01-19,5
2024-01-19 06:00:00,0.01877065,0.04513388,2024-01-19,6
2024-01-19 07:00:00,0.1897757,0.3000163,2024-01-19,7
2024-01-19 08:00:00,0.3199776,0.4068144,2024-01-19,8
2024-01-19 09:00:00,0.4182036,0.4950081,2024-01-19,9
2024-01-19 10:00:00,0.6990651,0.9047583,2024-01-19,10
2024-01-19 11:00:00,0.731061,0.9325007,2024-01-19,11
2024-01-19 12:00:00,0.7905658,1.017769,2024-01-19,12
2024-01-19 13:00:00,0.6438203,0.8332143,2024-01-19,13
2024-01-19 14:00:00,0.5642337,0.7650046,2024-01-19,14
2024-01-19 15:00:00,0.2837382,0.3744653,2024-01-19,15
2024-01-19 16:00:00,0.1427957,0.2643591,2024-01-19,16
2024-01-19 17:00:00,0.004320405,0.0,2024-01-19,17
2024-01-19 18:00:00,0.0,0.0,2024-01-19,18
2024-01-19 19:00:00,0.0,0.0,2024-01-19,19
2024-01-19 20:00:00,0.0,0.0,2024-01-19,20
2024-01-19 21:00:00,0.0,0.0,2024-01-19,21
2024-01-19 22:00:00,0.0,0.0,2024-01-19,22
2024-01-19 23:00:00,0.0,0.0,2024-01-19,23
2024-01-20 00:00:00,0.0,0.0,2024-01-20,0
2024-01-20 01:00:00,0.0,0.0,2024-01-20,1
2024-01-20 02:00:00,0.0,0.0,2024-01-20,2
2024-01-20 03:00:00,0.0,0.0,2024-01-20,3
2024-01-20 04:00:00,0.0,0.0,2024-01-20,4
2024-01-20 05:00:00,0.0,0.0,2024-01-20,5
2024-01-20 06:00:00,0.02415737,0.09051192,2024-01-20,6
2024-01-20 07:00:00,0.2216873,0.3754503,2024-01-20,7
2024-01-20 08:00:00,0.4003455,0.559868,2024-01-20,8
2024-01-20 09:00:00,0.5006243,0.6385729,2024-01-20,9
2024-01-20 10:00:00,0.7576886,0.9831437,2024-01-20,10
2024-01-20 11:00:00,0.7228268,0.9182967,2024-01-20,11
2024-01-20 12:00:00,0.7152274,0.9104062,2024-01-20,12
2024-01-20 13:00:00,0.5732709,0.7171116,2024-01-20,13
2024-01-20 14:00:00,0.5395238,0.725362,2024-01-20,14
2024-01-20 15:00:00,0.3294522,0.4654735,2024-01-20,15
2024-01-20 16:00:00,0.1370319,0.2407398,2024-01-20,16
2024-01-20 17:00:00,0.004109014,0.0,2024-01-20,17
2024-01-20 18:00:00,0.0,0.0,2024-01-20,18
2024-01-20 19:00:00,0.0,0.0,2024-01-20,19
2024-01-20 20:00:00,0.0,0.0,2024-01-20,20
2024-01-20 21:00:00,0.0,0.0,2024-01-20,21
2024-01-20 22:00:00,0.0,0.0,2024-01-20,22
2024-01-20 23:00:00,0.0,0.0,2024-01-20,23
2024-01-21 00:00:00,0.0,0.0,2024-01-21,0
2024-01-21 01:00:00,0.0,0.0,2024-01-21,1
2024-01-21 02:00:00,0.0,0.0,2024-01-21,2
2024-01-21 03:00:00,0.0,0.0,2024-01-21,3
2024-01-21 04:00:00,0.0,0.0,2024-01-21,4
2024-01-21 05:00:00,0.0,0.0,2024-01-21,5
2024-01-21 06:00:00,0.01927777,0.04762157,2024-01-21,6
2024-01-21 07:00:00,0.1326425,0.1589654,2024-01-21,7
2024-01-21 08:00:00,0.2580574,0.2914346,2024-01-21,8
2024-01-21 09:00:00,0.490878,0.6197643,2024-01-21,9
2024-01-21 10:00:00,0.7083007,0.9140545,2024-01-21,10
2024-01-21 11:00:00,0.747364,0.9519942,2024-01-21,11
2024-01-21 12:00:00,0.4829422,0.5361246,2024-01-21,12
2024-01-21 13:00:00,0.6186261,0.788989,2024-01-21,13
2024-01-21 14:00:00,0.4187954,0.5143091,2024-01-21,14
2024-01-21 15:00:00,0.2188254,0.2462377,2024-01-21,15
2024-01-21 16:00:00,0.1317184,0.218649,2024-01-21,16
2024-01-21 17:00:00,0.006696003,0.0,2024-01-21,17
2024-01-21 18:00:00,0.0,0.0,2024-01-21,18
2024-01-21 19:00:00,0.0,0.0,2024-01-21,19
2024-01-21 20:00:00,0.0,0.0,2024-01-21,20
2024-01-21 21:00:00,0.0,0.0,2024-01-21,21
2024-01-21 22:00:00,0.0,0.0,2024-01-21,22
2024-01-21 23:00:00,0.0,0.0,2024-01-21,23
2024-01-22 00:00:00,0.0,0.0,2024-01-22,0
2024-01-22 01:00:00,0.0,0.0,2024-01-22,1
2024-01-22 02:00:00,0.0,0.0,2024-01-22,2
2024-01-22 03:00:00,0.0,0.0,2024-01-22,3
2024-01-22 04:00:00,0.0,0.0,2024-01-22,4
2024-01-22 05:00:00,0.0,0.0,2024-01-22,5
2024-01-22 06:00:00,0.02522848,0.09842812,2024-01-22,6
2024-01-22 07:00:00,0.170106,0.244194,2024-01-22,7
2024-01-22 08:00:00,0.2659848,0.3039227,2024-01-22,8
2024-01-22 09:00:00,0.2680966,0.2720403,2024-01-22,9
2024-01-22 10:00:00,0.5556719,0.670743,2024-01-22,10
2024-01-22 11:00:00,0.6146998,0.743225,2024-01-22,11
2024-01-22 12:00:00,0.5316188,0.6110638,2024-01-22,12
2024-01-22 13:00:00,0.4509362,0.5089092,2024-01-22,13
2024-01-22 14:00:00,0.4591842,0.5842376,2024-01-22,14
2024-01-22 15:00:00,0.3140337,0.4275447,2024-01-22,15
2024-01-22 16:00:00,0.09259742,0.1107062,2024-01-22,16
2024-01-22 17:00:00,0.005585731,0.0,2024-01-22,17
2024-01-22 18:00:00,0.0,0.0,2024-01-22,18
2024-01-22 19:00:00,0.0,0.0,2024-01-22,19
2024-01-22 20:00:00,0.0,0.0,2024-01-22,20
2024-01-22 21:00:00,0.0,0.0,2024-01-22,21
2024-01-22 22:00:00,0.0,0.0,2024-01-22,22
2024-01-22 23:00:00,0.0,0.0,2024-01-22,23
2024-01-23 00:00:00,0.0,0.0,2024-01-23,0
2024-01-23 01:00:00,0.0,0.0,2024-01-23,1
2024-01-23 02:00:00,0.0,0.0,2024-01-23,2
2024-01-23 03:00:00,0.0,0.0,2024-01-23,3
2024-01-23 04:00:00,0.0,0.0,2024-01-23,4
2024-01-23 05:00:00,0.0,0.0,2024-01-23,5
2024-01-23 06:00:00,0.02039949,0.05426298,2024-01-23,6
2024-01-23 07:00:00,0.204444,0.3293627,2024-01-23,7
2024-01-23 08:00:00,0.4821953,0.6830334,2024-01-23,8
2024-01-23 09:00:00,0.6580513,0.8738735,2024-01-23,9
2024-01-23 10:00:00,0.8008676,1.034471,2024-01-23,10
2024-01-23 11:00:00,0.8118015,1.035454,2024-01-23,11
2024-01-23 12:00:00,0.7209022,0.9119578,2024-01-23,12
2024-01-23 13:00:00,0.684599,0.8839861,2024-01-23,13
2024-01-23 14:00:00,0.5897461,0.7913166,2024-01-23,14
2024-01-23 15:00:00,0.4150018,0.6040608,2024-01-23,15
2024-01-23 16:00:00,0.1715438,0.3199647,2024-01-23,16
2024-01-23 17:00:00,0.006289952,0.0,2024-01-23,17
2024-01-23 18:00:00,0.0,0.0,2024-01-23,18
2024-01-23 19:00:00,0.0,0.0,2024-01-23,19
2024-01-23 20:00:00,0.0,0.0,2024-01-23,20
2024-01-23 21:00:00,0.0,0.0,2024-01-23,21
2024-01-23 22:00:00,0.0,0.0,2024-01-23,22
2024-01-23 23:00:00,0.0,0.0,2024-01-23,23
2024-01-24 00:00:00,0.0,0.0,2024-01-24,0
2024-01-24 01:00:00,0.0,0.0,2024-01-24,1
2024-01-24 02:00:00,0.0,0.0,2024-01-24,2
2024-01-24 03:00:00,0.0,0.0,2024-01-24,3
2024-01-24 04:00:00,0.0,0.0,2024-01-24,4
2024-01-24 05:00:00,0.0,0.0,2024-01-24,5
2024-01-24 06:00:00,0.03208603,0.1519812,2024-01-24,6
2024-01-24 07:00:00,0.2125652,0.3463219,2024-01-24,7
2024-01-24 08:00:00,0.3541172,0.4654891,2024-01-24,8
2024-01-24 09:00:00,0.5847432,0.7683895,2024-01-24,9
2024-01-24 10:00:00,0.7406292,0.9524356,2024-01-24,10
2024-01-24 11:00:00,0.801177,1.019463,2024-01-24,11
2024-01-24 12:00:00,0.6891755,0.8615918,2024-01-24,12
2024-01-24 13:00:00,0.4740368,0.542587,2024-01-24,13
2024-01-24 14:00:00,0.4543265,0.5701942,2024-01-24,14
2024-01-24 15:00:00,0.2788261,0.3502973,2024-01-24,15
2024-01-24 16:00:00,0.08232339,0.08969086,2024-01-24,16
2024-01-24 17:00:00,0.005813489,0.0,2024-01-24,17
2024-01-24 18:00:00,0.0,0.0,2024-01-24,18
2024-01-24 19:00:00,0.0,0.0,2024-01-24,19
2024-01-24 20:00:00,0.0,0.0,2024-01-24,20
2024-01-24 21:00:00,0.0,0.0,2024-01-24,21
2024-01-24 22:00:00,0.0,0.0,2024-01-24,22
2024-01-24 23:00:00,0.0,0.0,2024-01-24,23
2024-01-25 00:00:00,0.0,0.0,2024-01-25,0
2024-01-25 01:00:00,0.0,0.0,2024-01-25,1
2024-01-25 02:00:00,0.0,0.0,2024-01-25,2
2024-01-25 03:00:00,0.0,0.0,2024-01-25,3
2024-01-25 04:00:00,0.0,0.0,2024-01-25,4
2024-01-25 05:00:00,0.0,0.0,2024-01-25,5
2024-01-25 06:00:00,0.01909899,0.04272925,2024-01-25,6
2024-01-25 07:00:00,0.2256843,0.372918,2024-01-25,7
2024-01-25 08:00:00,0.3740472,0.5014495,2024-01-25,8
2024-01-25 09:00:00,0.6039259,0.7946491,2024-01-25,9
2024-01-25 10:00:00,0.6797941,0.863931,2024-01-25,10
2024-01-25 11:00:00,0.7594354,0.9602999,2024-01-25,11
2024-01-25 12:00:00,0.5971739,0.7118991,2024-01-25,12
2024-01-25 13:00:00,0.5807596,0.7172547,2024-01-25,13
2024-01-25 14:00:00,0.4645991,0.5856028,2024-01-25,14
2024-01-25 15:00:00,0.323084,0.4357129,2024-01-25,15
2024-01-25 16:00:00,0.1503553,0.2524599,2024-01-25,16
2024-01-25 17:00:00,0.005850151,0.0,2024-01-25,17
2024-01-25 18:00:00,0.0,0.0,2024-01-25,18
2024-01-25 19:00:00,0.0,0.0,2024-01-25,19
2024-01-25 20:00:00,0.0,0.0,2024-01-25,20
2024-01-25 21:00:00,0.0,0.0,2024-01-25,21
2024-01-25 22:00:00,0.0,0.0,2024-01-25,22
2024-01-25 23:00:00,0.0,0.0,2024-01-25,23
2024-01-26 00:00:00,0.0,0.0,2024-01-26,0
2024-01-26 01:00:00,0.0,0.0,2024-01-26,1
2024-01-26 02:00:00,0.0,0.0,2024-01-26,2
2024-01-26 03:00:00,0.0,0.0,2024-01-26,3
2024-01-26 04:00:00,0.0,0.0,2024-01-26,4
2024-01-26 05:00:00,0.0,0.0,2024-01-26,5
2024-01-26 06:00:00,0.02367622,0.07744433,2024-01-26,6
2024-01-26 07:00:00,0.1599075,0.2129288,2024-01-26,7
2024-01-26 08:00:00,0.3313384,0.4179727,2024-01-26,8
2024-01-26 09:00:00,0.5411712,0.6950874,2024-01-26,9
2024-01-26 10:00:00,0.5690733,0.6853997,2024-01-26,10
2024-01-26 11:00:00,0.4370372,0.46271,2024-01-26,11
2024-01-26 12:00:00,0.5628454,0.6541533,2024-01-26,12
2024-01-26 13:00:00,0.5883457,0.7271711,2024-01-26,13
2024-01-26 14:00:00,0.3612521,0.4061139,2024-01-26,14
2024-01-26 15:00:00,0.3158898,0.4180922,2024-01-26,15
2024-01-26 16:00:00,0.1070996,0.1330318,2024-01-26,16
2024-01-26 17:00:00,0.008308367,0.0,2024-01-26,17
2024-01-26 18:00:00,0.0,0.0,2024-01-26,18
2024-01-26 19:00:00,0.0,0.0,2024-01-26,19
2024-01-26 20:00:00,0.0,0.0,2024-01-26,20
2024-01-26 21:00:00,0.0,0.0,2024-01-26,21
2024-01-26 22:00:00,0.0,0.0,2024-01-26,22
2024-01-26 23:00:00,0.0,0.0,2024-01-26,23
2024-01-27 00:00:00,0.0,0.0,2024-01-27,0
2024-01-27 01:00:00,0.0,0.0,2024-01-27,1
2024-01-27 02:00:00,0.0,0.0,2024-01-27,2
2024-01-27 03:00:00,0.0,0.0,2024-01-27,3
2024-01-27 04:00:00,0.0,0.0,2024-01-27,4
2024-01-27 05:00:00,0.0,0.0,2024-01-27,5
2024-01-27 06:00:00,0.02712831,0.1073352,2024-01-27,6
2024-01-27 07:00:00,0.1730633,0.242558,2024-01-27,7
2024-01-27 08:00:00,0.3336402,0.4205104,2024-01-27,8
2024-01-27 09:00:00,0.5967188,0.779534,2024-01-27,9
2024-01-27 10:00:00,0.7092087,0.902221,2024-01-27,10
2024-01-27 11:00:00,0.7799202,0.9841045,2024-01-27,11
2024-01-27 12:00:00,0.7485471,0.9423578,2024-01-27,12
2024-01-27 13:00:00,0.6731171,0.8570793,2024-01-27,13
2024-01-27 14:00:00,0.476095,0.6000718,2024-01-27,14
2024-01-27 15:00:00,0.2470979,0.2847632,2024-01-27,15
2024-01-27 16:00:00,0.1571579,0.2607962,2024-01-27,16
2024-01-27 17:00:00,0.009161038,0.0,2024-01-27,17
2024-01-27 18:00:00,0.0,0.0,2024-01-27,18
2024-01-27 19:00:00,0.0,0.0,2024-01-27,19
2024-01-27 20:00:00,0.0,0.0,2024-01-27,20
2024-01-27 21:00:00,0.0,0.0,2024-01-27,21
2024-01-27 22:00:00,0.0,0.0,2024-01-27,22
2024-01-27 23:00:00,0.0,0.0,2024-01-27,23
2024-01-28 00:00:00,0.0,0.0,2024-01-28,0
2024-01-28 01:00:00,0.0,0.0,2024-01-28,1
2024-01-28 02:00:00,0.0,0.0,2024-01-28,2
2024-01-28 03:00:00,0.0,0.0,2024-01-28,3
2024-01-28 04:00:00,0.0,0.0,2024-01-28,4
2024-01-28 05:00:00,0.0,0.0,2024-01-28,5
2024-01-28 06:00:00,0.01714445,0.02903452,2024-01-28,6
2024-01-28 07:00:00,0.02547954,0.02489087,2024-01-28,7
2024-01-28 08:00:00,0.045341,0.04418904,2024-01-28,8
2024-01-28 09:00:00,0.05837001,0.05683801,2024-01-28,9
2024-01-28 10:00:00,0.193487,0.1893537,2024-01-28,10
2024-01-28 11:00:00,0.2370617,0.2322863,2024-01-28,11
2024-01-28 12:00:00,0.2248109,0.2201398,2024-01-28,12
2024-01-28 13:00:00,0.2220041,0.2178289,2024-01-28,13
2024-01-28 14:00:00,0.1664781,0.1632286,2024-01-28,14
2024-01-28 15:00:00,0.1152696,0.1132984,2024-01-28,15
2024-01-28 16:00:00,0.1265942,0.1731585,2024-01-28,16
2024-01-28 17:00:00,0.01142728,0.0,2024-01-28,17
2024-01-28 18:00:00,0.0,0.0,2024-01-28,18
2024-01-28 19:00:00,0.0,0.0,2024-01-28,19
2024-01-28 20:00:00,0.0,0.0,2024-01-28,20
2024-01-28 21:00:00,0.0,0.0,2024-01-28,21
2024-01-28 22:00:00,0.0,0.0,2024-01-28,22
2024-01-28 23:00:00,0.0,0.0,2024-01-28,23
2024-01-29 00:00:00,0.0,0.0,2024-01-29,0
2024-01-29 01:00:00,0.0,0.0,2024-01-29,1
2024-01-29 02:00:00,0.0,0.0,2024-01-29,2
2024-01-29 03:00:00,0.0,0.0,2024-01-29,3
2024-01-29 04:00:00,0.0,0.0,2024-01-29,4
2024-01-29 05:00:00,0.0,0.0,2024-01-29,5
2024-01-29 06:00:00,0.0238134,0.07205702,2024-01-29,6
2024-01-29 07:00:00,0.1993721,0.3020762,2024-01-29,7
2024-01-29 08:00:00,0.4394447,0.6056734,2024-01-29,8
2024-01-29 09:00:00,0.5136291,0.6423805,2024-01-29,9
2024-01-29 10:00:00,0.638926,0.7917295,2024-01-29,10
2024-01-29 11:00:00,0.559604,0.6407128,2024-01-29,11
2024-01-29 12:00:00,0.4037482,0.4178683,2024-01-29,12
2024-01-29 13:00:00,0.631722,0.7886887,2024-01-29,13
2024-01-29 14:00:00,0.4028616,0.4687665,2024-01-29,14
2024-01-29 15:00:00,0.3556496,0.4848084,2024-01-29,15
2024-01-29 16:00:00,0.1825708,0.3154144,2024-01-29,16
2024-01-29 17:00:00,0.01065337,0.0,2024-01-29,17
2024-01-29 18:00:00,0.0,0.0,2024-01-29,18
2024-01-29 19:00:00,0.0,0.0,2024-01-29,19
2024-01-29 20:00:00,0.0,0.0,2024-01-29,20
2024-01-29 21:00:00,0.0,0.0,2024-01-29,21
2024-01-29 22:00:00,0.0,0.0,2024-01-29,22
2024-01-29 23:00:00,0.0,0.0,2024-01-29,23
2024-01-30 00:00:00,0.0,0.0,2024-01-30,0
2024-01-30 01:00:00,0.0,0.0,2024-01-30,1
2024-01-30 02:00:00,0.0,0.0,2024-01-30,2
2024-01-30 03:00:00,0.0,0.0,2024-01-30,3
2024-01-30 04:00:00,0.0,0.0,2024-01-30,4
2024-01-30 05:00:00,0.0,0.0,2024-01-30,5
2024-01-30 06:00:00,0.0287631,0.1146992,2024-01-30,6
2024-01-30 07:00:00,0.1734065,0.2370738,2024-01-30,7
2024-01-30 08:00:00,0.1829704,0.1838939,2024-01-30,8
2024-01-30 09:00:00,0.3501138,0.3755256,2024-01-30,9
2024-01-30 10:00:00,0.2875312,0.2854311,2024-01-30,10
2024-01-30 11:00:00,0.4076116,0.4212669,2024-01-30,11
2024-01-30 12:00:00,0.3999642,0.4124701,2024-01-30,12
2024-01-30 13:00:00,0.4899238,0.5572079,2024-01-30,13
2024-01-30 14:00:00,0.4849369,0.6067063,2024-01-30,14
2024-01-30 15:00:00,0.3314177,0.4353689,2024-01-30,15
2024-01-30 16:00:00,0.1863286,0.3190914,2024-01-30,16
2024-01-30 17:00:00,0.01424766,0.0,2024-01-30,17
2024-01-30 18:00:00,0.0,0.0,2024-01-30,18
2024-01-30 19:00:00,0.0,0.0,2024-01-30,19
2024-01-30 20:00:00,0.0,0.0,2024-01-30,20
2024-01-30 21:00:00,0.0,0.0,2024-01-30,21
2024-01-30 22:00:00,0.0,0.0,2024-01-30,22
2024-01-30 23:00:00,0.0,0.0,2024-01-30,23
2024-01-31 00:00:00,0.0,0.0,2024-01-31,0
2024-01-31 01:00:00,0.0,0.0,2024-01-31,1
2024-01-31 02:00:00,0.0,0.0,2024-01-31,2
2024-01-31 03:00:00,0.0,0.0,2024-01-31,3
2024-01-31 04:00:00,0.0,0.0,2024-01-31,4
2024-01-31 05:00:00,0.0,0.0,2024-01-31,5
2024-01-31 06:00:00,0.02335465,0.0633407,2024-01-31,6
2024-01-31 07:00:00,0.1993255,0.2963352,2024-01-31,7
2024-01-31 08:00:00,0.3735952,0.4867478,2024-01-31,8
2024-01-31 09:00:00,0.6185125,0.8012984,2024-01-31,9
2024-01-31 10:00:00,0.7844359,0.993786,2024-01-31,10
2024-01-31 11:00:00,0.784607,0.9806356,2024-01-31,11
2024-01-31 12:00:00,0.6935652,0.8505175,2024-01-31,12
2024-01-31 13:00:00,0.7117918,0.9016495,2024-01-31,13
2024-01-31 14:00:00,0.5895915,0.7696226,2024-01-31,14
2024-01-31 15:00:00,0.3822478,0.5257771,2024-01-31,15
2024-01-31 16:00:00,0.1772799,0.2924816,2024-01-31,16
2024-01-31 17:00:00,0.007760258,0.0,2024-01-31,17
2024-01-31 18:00:00,0.0,0.0,2024-01-31,18
2024-01-31 19:00:00,0.0,0.0,2024-01-31,19
2024-01-31 20:00:00,0.0,0.0,2024-01-31,20
2024-01-31 21:00:00,0.0,0.0,2024-01-31,21
2024-01-31 22:00:00,0.0,0.0,2024-01-31,22
2024-01-31 23:00:00,0.0,0.0,2024-01-31,23
2024-02-01 00:00:00,0.0,0.0,2024-02-01,0
2024-02-01 01:00:00,0.0,0.0,2024-02-01,1
2024-02-01 02:00:00,0.0,0.0,2024-02-01,2
2024-02-01 03:00:00,0.0,0.0,2024-02-01,3
2024-02-01 04:00:00,0.0,0.0,2024-02-01,4
2024-02-01 05:00:00,0.0,0.0,2024-02-01,5
2024-02-01 06:00:00,0.01682836,0.02461024,2024-02-01,6
2024-02-01 07:00:00,0.03485308,0.03410603,2024-02-01,7
2024-02-01 08:00:00,0.2780837,0.3137399,2024-02-01,8
2024-02-01 09:00:00,0.3977096,0.4443193,2024-02-01,9
2024-02-01 10:00:00,0.6230634,0.7593383,2024-02-01,10
2024-02-01 11:00:00,0.7328732,0.9045407,2024-02-01,11
2024-02-01 12:00:00,0.6203127,0.7332532,2024-02-01,12
2024-02-01 13:00:00,0.6216189,0.764539,2024-02-01,13
2024-02-01 14:00:00,0.5863238,0.7620109,2024-02-01,14
2024-02-01 15:00:00,0.4015345,0.5549052,2024-02-01,15
2024-02-01 16:00:00,0.1565019,0.2342521,2024-02-01,16
2024-02-01 17:00:00,0.0119664,0.0,2024-02-01,17
2024-02-01 18:00:00,0.0,0.0,2024-02-01,18
2024-02-01 19:00:00,0.0,0.0,2024-02-01,19
2024-02-01 20:00:00,0.0,0.0,2024-02-01,20
2024-02-01 21:00:00,0.0,0.0,2024-02-01,21
2024-02-01 22:00:00,0.0,0.0,2024-02-01,22
2024-02-01 23:00:00,0.0,0.0,2024-02-01,23
2024-02-02 00:00:00,0.0,0.0,2024-02-02,0
2024-02-02 01:00:00,0.0,0.0,2024-02-02,1
2024-02-02 02:00:00,0.0,0.0,2024-02-02,2
2024-02-02 03:00:00,0.0,0.0,2024-02-02,3
2024-02-02 04:00:00,0.0,0.0,2024-02-02,4
2024-02-02 05:00:00,0.0,0.0,2024-02-02,5
2024-02-02 06:00:00,0.01966757,0.03554374,2024-02-02,6
2024-02-02 07:00:00,0.09913527,0.1009781,2024-02-02,7
2024-02-02 08:00:00,0.3196693,0.3834343,2024-02-02,8
2024-02-02 09:00:00,0.238738,0.2368176,2024-02-02,9
2024-02-02 10:00:00,0.3939213,0.4102748,2024-02-02,10
2024-02-02 11:00:00,0.1419372,0.1384585,2024-02-02,11
2024-02-02 12:00:00,0.2775597,0.2731332,2024-02-02,12
2024-02-02 13:00:00,0.1946181,0.1904278,2024-02-02,13
2024-02-02 14:00:00,0.0927396,0.09047112,2024-02-02,14
2024-02-02 15:00:00,0.05032482,0.04907925,2024-02-02,15
2024-02-02 16:00:00,0.02291688,0.02240256,2024-02-02,16
2024-02-02 17:00:00,0.01557055,0.0,2024-02-02,17
2024-02-02 18:00:00,0.0,0.0,2024-02-02,18
2024-02-02 19:00:00,0.0,0.0,2024-02-02,19
2024-02-02 20:00:00,0.0,0.0,2024-02-02,20
2024-02-02 21:00:00,0.0,0.0,2024-02-02,21
2024-02-02 22:00:00,0.0,0.0,2024-02-02,22
2024-02-02 23:00:00,0.0,0.0,2024-02-02,23
2024-02-03 00:00:00,0.0,0.0,2024-02-03,0
2024-02-03 01:00:00,0.0,0.0,2024-02-03,1
2024-02-03 02:00:00,0.0,0.0,2024-02-03,2
2024-02-03 03:00:00,0.0,0.0,2024-02-03,3
2024-02-03 04:00:00,0.0,0.0,2024-02-03,4
2024-02-03 05:00:00,0.0,0.0,2024-02-03,5
2024-02-03 06:00:00,0.02567308,0.07350436,2024-02-03,6
2024-02-03 07:00:00,0.1545557,0.1882759,2024-02-03,7
2024-02-03 08:00:00,0.1103823,0.1081281,2024-02-03,8
2024-02-03 09:00:00,0.1138341,0.1111241,2024-02-03,9
2024-02-03 10:00:00,0.2351546,0.2306115,2024-02-03,10
2024-02-03 11:00:00,0.6900896,0.8349883,2024-02-03,11
2024-02-03 12:00:00,0.750234,0.9262496,2024-02-03,12
2024-02-03 13:00:00,0.5578632,0.657312,2024-02-03,13
2024-02-03 14:00:00,0.3567063,0.3878297,2024-02-03,14
2024-02-03 15:00:00,0.1610097,0.1604784,2024-02-03,15
2024-02-03 16:00:00,0.07055238,0.07043051,2024-02-03,16
2024-02-03 17:00:00,0.01069467,0.0,2024-02-03,17
2024-02-03 18:00:00,0.0,0.0,2024-02-03,18
2024-02-03 19:00:00,0.0,0.0,2024-02-03,19
2024-02-03 20:00:00,0.0,0.0,2024-02-03,20
2024-02-03 21:00:00,0.0,0.0,2024-02-03,21
2024-02-03 22:00:00,0.0,0.0,2024-02-03,22
2024-02-03 23:00:00,0.0,0.0,2024-02-03,23
2024-02-04 00:00:00,0.0,0.0,2024-02-04,0
2024-02-04 01:00:00,0.0,0.0,2024-02-04,1
2024-02-04 02:00:00,0.0,0.0,2024-02-04,2
2024-02-04 03:00:00,0.0,0.0,2024-02-04,3
2024-02-04 04:00:00,0.0,0.0,2024-02-04,4
2024-02-04 05:00:00,0.0,0.0,2024-02-04,5
2024-02-04 06:00:00,0.0166977,0.02216148,2024-02-04,6
2024-02-04 07:00:00,0.2524067,0.3951423,2024-02-04,7
2024-02-04 08:00:00,0.5067509,0.687274,2024-02-04,8
2024-02-04 09:00:00,0.7220904,0.9294515,2024-02-04,9
2024-02-04 10:00:00,0.8443251,1.060626,2024-02-04,10
2024-02-04 11:00:00,0.875628,1.088568,2024-02-04,11
2024-02-04 12:00:00,0.8993303,1.119943,2024-02-04,12
2024-02-04 13:00:00,0.8118123,1.022178,2024-02-04,13
2024-02-04 14:00:00,0.5800055,0.7438033,2024-02-04,14
2024-02-04 15:00:00,0.3493302,0.4526563,2024-02-04,15
2024-02-04 16:00:00,0.1545491,0.2167138,2024-02-04,16
2024-02-04 17:00:00,0.007791556,0.0,2024-02-04,17
2024-02-04 18:00:00,0.0,0.0,2024-02-04,18
2024-02-04 19:00:00,0.0,0.0,2024-02-04,19
2024-02-04 20:00:00,0.0,0.0,2024-02-04,20
2024-02-04 21:00:00,0.0,0.0,2024-02-04,21
2024-02-04 22:00:00,0.0,0.0,2024-02-04,22
2024-02-04 23:00:00,0.0,0.0,2024-02-04,23
2024-02-05 00:00:00,0.0,0.0,2024-02-05,0
2024-02-05 01:00:00,0.0,0.0,2024-02-05,1
2024-02-05 02:00:00,0.0,0.0,2024-02-05,2
2024-02-05 03:00:00,0.0,0.0,2024-02-05,3
2024-02-05 04:00:00,0.0,0.0,2024-02-05,4
2024-02-05 05:00:00,0.0,0.0,2024-02-05,5
2024-02-05 06:00:00,0.0358353,0.1573991,2024-02-05,6
2024-02-05 07:00:00,0.2502756,0.3879854,2024-02-05,7
2024-02-05 08:00:00,0.4396755,0.5868338,2024-02-05,8
2024-02-05 09:00:00,0.4545067,0.528313,2024-02-05,9
2024-02-05 10:00:00,0.6290368,0.7585877,2024-02-05,10
2024-02-05 11:00:00,0.8634571,1.070331,2024-02-05,11
2024-02-05 12:00:00,0.8330471,1.032742,2024-02-05,12
2024-02-05 13:00:00,0.6067899,0.7301365,2024-02-05,13
2024-02-05 14:00:00,0.4530494,0.5366485,2024-02-05,14
2024-02-05 15:00:00,0.3615151,0.4715919,2024-02-05,15
2024-02-05 16:00:00,0.09424016,0.09841895,2024-02-05,16
2024-02-05 17:00:00,0.01052337,0.0,2024-02-05,17
2024-02-05 18:00:00,0.0,0.0,2024-02-05,18
2024-02-05 19:00:00,0.0,0.0,2024-02-05,19
2024-02-05 20:00:00,0.0,0.0,2024-02-05,20
2024-02-05 21:00:00,0.0,0.0,2024-02-05,21
2024-02-05 22:00:00,0.0,0.0,2024-02-05,22
2024-02-05 23:00:00,0.0,0.0,2024-02-05,23
2024-02-06 00:00:00,0.0,0.0,2024-02-06,0
2024-02-06 01:00:00,0.0,0.0,2024-02-06,1
2024-02-06 02:00:00,0.0,0.0,2024-02-06,2
2024-02-06 03:00:00,0.0,0.0,2024-02-06,3
2024-02-06 04:00:00,0.0,0.0,2024-02-06,4
2024-02-06 05:00:00,0.0,0.0,2024-02-06,5
2024-02-06 06:00:00,0.02965133,0.09634556,2024-02-06,6
2024-02-06 07:00:00,0.1470401,0.1697249,2024-02-06,7
2024-02-06 08:00:00,0.36326,0.4528307,2024-02-06,8
2024-02-06 09:00:00,0.5534403,0.6870007,2024-02-06,9
2024-02-06 10:00:00,0.5109336,0.5716442,2024-02-06,10
2024-02-06 11:00:00,0.7193902,0.8710851,2024-02-06,11
2024-02-06 12:00:00,0.8065876,0.9955981,2024-02-06,12
2024-02-06 13:00:00,0.4432641,0.4765989,2024-02-06,13
2024-02-06 14:00:00,0.4674873,0.5580364,2024-02-06,14
2024-02-06 15:00:00,0.3980798,0.5320313,2024-02-06,15
2024-02-06 16:00:00,0.1703362,0.2469061,2024-02-06,16
2024-02-06 17:00:00,0.0183965,0.0,2024-02-06,17
2024-02-06 18:00:00,0.0,0.0,2024-02-06,18
2024-02-06 19:00:00,0.0,0.0,2024-02-06,19
2024-02-06 20:00:00,0.0,0.0,2024-02-06,20
2024-02-06 21:00:00,0.0,0.0,2024-02-06,21
2024-02-06 22:00:00,0.0,0.0,2024-02-06,22
2024-02-06 23:00:00,0.0,0.0,2024-02-06,23
2024-02-07 00:00:00,0.0,0.0,2024-02-07,0
2024-02-07 01:00:00,0.0,0.0,2024-02-07,1
2024-02-07 02:00:00,0.0,0.0,2024-02-07,2
2024-02-07 03:00:00,0.0,0.0,2024-02-07,3
2024-02-07 04:00:00,0.0,0.0,2024-02-07,4
2024-02-07 05:00:00,0.0,0.0,2024-02-07,5
2024-02-07 06:00:00,0.02905388,0.08668479,2024-02-07,6
2024-02-07 07:00:00,0.239986,0.3615612,2024-02-07,7
2024-02-07 08:00:00,0.4786358,0.6394169,2024-02-07,8
2024-02-07 09:00:00,0.658019,0.8365956,2024-02-07,9
2024-02-07 10:00:00,0.848425,1.05712,2024-02-07,10
2024-02-07 11:00:00,0.8234133,1.013812,2024-02-07,11
2024-02-07 12:00:00,0.7159727,0.8650576,2024-02-07,12
2024-02-07 13:00:00,0.6876069,0.8472582,2024-02-07,13
2024-02-07 14:00:00,0.3707194,0.4031271,2024-02-07,14
2024-02-07 15:00:00,0.2922657,0.3412041,2024-02-07,15
2024-02-07 16:00:00,0.09702779,0.101051,2024-02-07,16
2024-02-07 17:00:00,0.01316633,0.0,2024-02-07,17
2024-02-07 18:00:00,0.0,0.0,2024-02-07,18
2024-02-07 19:00:00,0.0,0.0,2024-02-07,19
2024-02-07 20:00:00,0.0,0.0,2024-02-07,20
2024-02-07 21:00:00,0.0,0.0,2024-02-07,21
2024-02-07 22:00:00,0.0,0.0,2024-02-07,22
2024-02-07 23:00:00,0.0,0.0,2024-02-07,23
2024-02-08 00:00:00,0.0,0.0,2024-02-08,0
2024-02-08 01:00:00,0.0,0.0,2024-02-08,1
2024-02-08 02:00:00,0.0,0.0,2024-02-08,2
2024-02-08 03:00:00,0.0,0.0,2024-02-08,3
2024-02-08 04:00:00,0.0,0.0,2024-02-08,4
2024-02-08 05:00:00,0.0,0.0,2024-02-08,5
2024-02-08 06:00:00,0.01820015,0.02365746,2024-02-08,6
2024-02-08 07:00:00,0.1981896,0.2695355,2024-02-08,7
2024-02-08 08:00:00,0.3195435,0.3718983,2024-02-08,8
2024-02-08 09:00:00,0.5436536,0.6659661,2024-02-08,9
2024-02-08 10:00:00,0.5280341,0.5940921,2024-02-08,10
2024-02-08 11:00:00,0.4634651,0.4869387,2024-02-08,11
2024-02-08 12:00:00,0.5864455,0.6648097,2024-02-08,12
2024-02-08 13:00:00,0.7850583,0.976238,2024-02-08,13
2024-02-08 14:00:00,0.6272295,0.7984505,2024-02-08,14
2024-02-08 15:00:00,0.3845169,0.5021161,2024-02-08,15
2024-02-08 16:00:00,0.1989381,0.3043655,2024-02-08,16
2024-02-08 17:00:00,0.01976435,0.0,2024-02-08,17
2024-02-08 18:00:00,0.0,0.0,2024-02-08,18
2024-02-08 19:00:00,0.0,0.0,2024-02-08,19
2024-02-08 20:00:00,0.0,0.0,2024-02-08,20
2024-02-08 21:00:00,0.0,0.0,2024-02-08,21
2024-02-08 22:00:00,0.0,0.0,2024-02-08,22
2024-02-08 23:00:00,0.0,0.0,2024-02-08,23
2024-02-09 00:00:00,0.0,0.0,2024-02-09,0
2024-02-09 01:00:00,0.0,0.0,2024-02-09,1
2024-02-09 02:00:00,0.0,0.0,2024-02-09,2
2024-02-09 03:00:00,0.0,0.0,2024-02-09,3
2024-02-09 04:00:00,0.0,0.0,2024-02-09,4
2024-02-09 05:00:00,0.0,0.0,2024-02-09,5
2024-02-09 06:00:00,0.003898877,0.003885647,2024-02-09,6
2024-02-09 07:00:00,0.04772199,0.04674692,2024-02-09,7
2024-02-09 08:00:00,0.03938696,0.03834268,2024-02-09,8
2024-02-09 09:00:00,0.1610529,0.1574929,2024-02-09,9
2024-02-09 10:00:00,0.1530919,0.1494107,2024-02-09,10
2024-02-09 11:00:00,0.09973313,0.09711772,2024-02-09,11
2024-02-09 12:00:00,0.06198813,0.06029467,2024-02-09,12
2024-02-09 13:00:00,0.1008298,0.09823312,2024-02-09,13
2024-02-09 14:00:00,0.06865063,0.06685812,2024-02-09,14
2024-02-09 15:00:00,0.04839373,0.0471577,2024-02-09,15
2024-02-09 16:00:00,0.002479247,0.002408241,2024-02-09,16
2024-02-09 17:00:00,0.002067297,0.0,2024-02-09,17
2024-02-09 18:00:00,0.0,0.0,2024-02-09,18
2024-02-09 19:00:00,0.0,0.0,2024-02-09,19
2024-02-09 20:00:00,0.0,0.0,2024-02-09,20
2024-02-09 21:00:00,0.0,0.0,2024-02-09,21
2024-02-09 22:00:00,0.0,0.0,2024-02-09,22
2024-02-09 23:00:00,0.0,0.0,2024-02-09,23
2024-02-10 00:00:00,0.0,0.0,2024-02-10,0
2024-02-10 01:00:00,0.0,0.0,2024-02-10,1
2024-02-10 02:00:00,0.0,0.0,2024-02-10,2
2024-02-10 03:00:00,0.0,0.0,2024-02-10,3
2024-02-10 04:00:00,0.0,0.0,2024-02-10,4
2024-02-10 05:00:00,0.0,0.0,2024-02-10,5
2024-02-10 06:00:00,0.006152461,0.006223343,2024-02-10,6
2024-02-10 07:00:00,0.01977607,0.01926607,2024-02-10,7
2024-02-10 08:00:00,0.05268686,0.05133415,2024-02-10,8
2024-02-10 09:00:00,0.03552283,0.03453926,2024-02-10,9
2024-02-10 10:00:00,0.1065276,0.1037888,2024-02-10,10
2024-02-10 11:00:00,0.09843967,0.09585032,2024-02-10,11
2024-02-10 12:00:00,0.1118609,0.1089659,2024-02-10,12
2024-02-10 13:00:00,0.07590202,0.07387966,2024-02-10,13
2024-02-10 14:00:00,0.06641527,0.06467097,2024-02-10,14
2024-02-10 15:00:00,0.0484199,0.04717935,2024-02-10,15
2024-02-10 16:00:00,0.05581436,0.05490937,2024-02-10,16
2024-02-10 17:00:00,0.007237362,0.0,2024-02-10,17
2024-02-10 18:00:00,0.0,0.0,2024-02-10,18
2024-02-10 19:00:00,0.0,0.0,2024-02-10,19
2024-02-10 20:00:00,0.0,0.0,2024-02-10,20
2024-02-10 21:00:00,0.0,0.0,2024-02-10,21
2024-02-10 22:00:00,0.0,0.0,2024-02-10,22
2024-02-10 23:00:00,0.0,0.0,2024-02-10,23
2024-02-11 00:00:00,0.0,0.0,2024-02-11,0
2024-02-11 01:00:00,0.0,0.0,2024-02-11,1
2024-02-11 02:00:00,0.0,0.0,2024-02-11,2
2024-02-11 03:00:00,0.0,0.0,2024-02-11,3
2024-02-11 04:00:00,0.0,0.0,2024-02-11,4
2024-02-11 05:00:00,0.0,0.0,2024-02-11,5
2024-02-11 06:00:00,0.02951941,0.06953671,2024-02-11,6
2024-02-11 07:00:00,0.1727532,0.2090548,2024-02-11,7
2024-02-11 08:00:00,0.4617159,0.6024488,2024-02-11,8
2024-02-11 09:00:00,0.6579211,0.8249818,2024-02-11,9
2024-02-11 10:00:00,0.5995347,0.6975294,2024-02-11,10
2024-02-11 11:00:00,0.6456442,0.7464566,2024-02-11,11
2024-02-11 12:00:00,0.5730085,0.638656,2024-02-11,12
2024-02-11 13:00:00,0.5133241,0.570974,2024-02-11,13
2024-02-11 14:00:00,0.5695478,0.7065752,2024-02-11,14
2024-02-11 15:00:00,0.4236381,0.5563592,2024-02-11,15
2024-02-11 16:00:00,0.13522,0.1565587,2024-02-11,16
2024-02-11 17:00:00,0.02159376,0.0,2024-02-11,17
2024-02-11 18:00:00,0.0,0.0,2024-02-11,18
2024-02-11 19:00:00,0.0,0.0,2024-02-11,19
2024-02-11 20:00:00,0.0,0.0,2024-02-11,20
2024-02-11 21:00:00,0.0,0.0,2024-02-11,21
2024-02-11 22:00:00,0.0,0.0,2024-02-11,22
2024-02-11 23:00:00,0.0,0.0,2024-02-11,23
2024-02-12 00:00:00,0.0,0.0,2024-02-12,0
2024-02-12 01:00:00,0.0,0.0,2024-02-12,1
2024-02-12 02:00:00,0.0,0.0,2024-02-12,2
2024-02-12 03:00:00,0.0,0.0,2024-02-12,3
2024-02-12 04:00:00,0.0,0.0,2024-02-12,4
2024-02-12 05:00:00,0.0,0.0,2024-02-12,5
2024-02-12 06:00:00,0.01682244,0.01847719,2024-02-12,6
2024-02-12 07:00:00,0.1215082,0.1257103,2024-02-12,7
2024-02-12 08:00:00,0.2165081,0.2195178,2024-02-12,8
2024-02-12 09:00:00,0.3776971,0.4017188,2024-02-12,9
2024-02-12 10:00:00,0.4805664,0.5180758,2024-02-12,10
2024-02-12 11:00:00,0.5632243,0.6210422,2024-02-12,11
2024-02-12 12:00:00,0.5336795,0.5797576,2024-02-12,12
2024-02-12 13:00:00,0.3916752,0.4027029,2024-02-12,13
2024-02-12 14:00:00,0.2749004,0.2758087,2024-02-12,14
2024-02-12 15:00:00,0.2950879,0.3359292,2024-02-12,15
2024-02-12 16:00:00,0.1881053,0.2633241,2024-02-12,16
2024-02-12 17:00:00,0.0150864,0.0,2024-02-12,17
2024-02-12 18:00:00,0.0,0.0,2024-02-12,18
2024-02-12 19:00:00,0.0,0.0,2024-02-12,19
2024-02-12 20:00:00,0.0,0.0,2024-02-12,20
2024-02-12 21:00:00,0.0,0.0,2024-02-12,21
2024-02-12 22:00:00,0.0,0.0,2024-02-12,22
2024-02-12 23:00:00,0.0,0.0,2024-02-12,23
2024-02-13 00:00:00,0.0,0.0,2024-02-13,0
2024-02-13 01:00:00,0.0,0.0,2024-02-13,1
2024-02-13 02:00:00,0.0,0.0,2024-02-13,2
2024-02-13 03:00:00,0.0,0.0,2024-02-13,3
2024-02-13 04:00:00,0.0,0.0,2024-02-13,4
2024-02-13 05:00:00,0.0,0.0,2024-02-13,5
2024-02-13 06:00:00,0.02640822,0.0424122,2024-02-13,6
2024-02-13 07:00:00,0.2083512,0.2751988,2024-02-13,7
2024-02-13 08:00:00,0.3769943,0.458192,2024-02-13,8
2024-02-13 09:00:00,0.4983608,0.5808396,2024-02-13,9
2024-02-13 10:00:00,0.6357211,0.7476374,2024-02-13,10
2024-02-13 11:00:00,0.7783673,0.9357088,2024-02-13,11
2024-02-13 12:00:00,0.8073269,0.9763637,2024-02-13,12
2024-02-13 13:00:00,0.5663767,0.6469896,2024-02-13,13
2024-02-13 14:00:00,0.5714219,0.7032051,2024-02-13,14
2024-02-13 15:00:00,0.3458026,0.4191295,2024-02-13,15
2024-02-13 16:00:00,0.1668855,0.2139665,2024-02-13,16
2024-02-13 17:00:00,0.01649843,0.03151222,2024-02-13,17
2024-02-13 18:00:00,0.0,0.0,2024-02-13,18
2024-02-13 19:00:00,0.0,0.0,2024-02-13,19
2024-02-13 20:00:00,0.0,0.0,2024-02-13,20
2024-02-13 21:00:00,0.0,0.0,2024-02-13,21
2024-02-13 22:00:00,0.0,0.0,2024-02-13,22
2024-02-13 23:00:00,0.0,0.0,2024-02-13,23
2024-02-14 00:00:00,0.0,0.0,2024-02-14,0
2024-02-14 01:00:00,0.0,0.0,2024-02-14,1
2024-02-14 02:00:00,0.0,0.0,2024-02-14,2
2024-02-14 03:00:00,0.0,0.0,2024-02-14,3
2024-02-14 04:00:00,0.0,0.0,2024-02-14,4
2024-02-14 05:00:00,0.0,0.0,2024-02-14,5
2024-02-14 06:00:00,0.0444643,0.145273,2024-02-14,6
2024-02-14 07:00:00,0.2304195,0.3165452,2024-02-14,7
2024-02-14 08:00:00,0.4602787,0.5906113,2024-02-14,8
2024-02-14 09:00:00,0.5381538,0.6406661,2024-02-14,9
2024-02-14 10:00:00,0.7327266,0.8861459,2024-02-14,10
2024-02-14 11:00:00,0.7426134,0.8822886,2024-02-14,11
2024-02-14 12:00:00,0.8632486,1.045488,2024-02-14,12
2024-02-14 13:00:00,0.7078406,0.8553452,2024-02-14,13
2024-02-14 14:00:00,0.5885401,0.7254135,2024-02-14,14
2024-02-14 15:00:00,0.3903782,0.4922527,2024-02-14,15
2024-02-14 16:00:00,0.1924748,0.2650999,2024-02-14,16
2024-02-14 17:00:00,0.02769858,0.1191514,2024-02-14,17
2024-02-14 18:00:00,0.0,0.0,2024-02-14,18
2024-02-14 19:00:00,0.0,0.0,2024-02-14,19
2024-02-14 20:00:00,0.0,0.0,2024-02-14,20
2024-02-14 21:00:00,0.0,0.0,2024-02-14,21
2024-02-14 22:00:00,0.0,0.0,2024-02-14,22
2024-02-14 23:00:00,0.0,0.0,2024-02-14,23
2024-02-15 00:00:00,0.0,0.0,2024-02-15,0
2024-02-15 01:00:00,0.0,0.0,2024-02-15,1
2024-02-15 02:00:00,0.0,0.0,2024-02-15,2
2024-02-15 03:00:00,0.0,0.0,2024-02-15,3
2024-02-15 04:00:00,0.0,0.0,2024-02-15,4
2024-02-15 05:00:00,0.0,0.0,2024-02-15,5
2024-02-15 06:00:00,0.04668384,0.1464059,2024-02-15,6
2024-02-15 07:00:00,0.2807799,0.4036317,2024-02-15,7
2024-02-15 08:00:00,0.4969073,0.6401802,2024-02-15,8
2024-02-15 09:00:00,0.5922827,0.7201758,2024-02-15,9
2024-02-15 10:00:00,0.7652185,0.927249,2024-02-15,10
2024-02-15 11:00:00,0.5991802,0.6680095,2024-02-15,11
2024-02-15 12:00:00,0.7367153,0.8723893,2024-02-15,12
2024-02-15 13:00:00,0.6278563,0.7352979,2024-02-15,13
2024-02-15 14:00:00,0.5847128,0.7167146,2024-02-15,14
2024-02-15 15:00:00,0.3667804,0.4493628,2024-02-15,15
2024-02-15 16:00:00,0.2044766,0.2865118,2024-02-15,16
2024-02-15 17:00:00,0.02414993,0.08071099,2024-02-15,17
2024-02-15 18:00:00,0.0,0.0,2024-02-15,18
2024-02-15 19:00:00,0.0,0.0,2024-02-15,19
2024-02-15 20:00:00,0.0,0.0,2024-02-15,20
2024-02-15 21:00:00,0.0,0.0,2024-02-15,21
2024-02-15 22:00:00,0.0,0.0,2024-02-15,22
2024-02-15 23:00:00,0.0,0.0,2024-02-15,23
2024-02-16 00:00:00,0.0,0.0,2024-02-16,0
2024-02-16 01:00:00,0.0,0.0,2024-02-16,1
2024-02-16 02:00:00,0.0,0.0,2024-02-16,2
2024-02-16 03:00:00,0.0,0.0,2024-02-16,3
2024-02-16 04:00:00,0.0,0.0,2024-02-16,4
2024-02-16 05:00:00,0.0,0.0,2024-02-16,5
2024-02-16 06:00:00,0.03399239,0.06237327,2024-02-16,6
2024-02-16 07:00:00,0.1969282,0.2434802,2024-02-16,7
2024-02-16 08:00:00,0.4360081,0.5464989,2024-02-16,8
2024-02-16 09:00:00,0.5353562,0.630827,2024-02-16,9
2024-02-16 10:00:00,0.8282162,1.004565,2024-02-16,10
2024-02-16 11:00:00,0.8491807,1.021065,2024-02-16,11
2024-02-16 12:00:00,0.763616,0.9075897,2024-02-16,12
2024-02-16 13:00:00,0.6924416,0.8274688,2024-02-16,13
2024-02-16 14:00:00,0.4243762,0.4685515,2024-02-16,14
2024-02-16 15:00:00,0.4884476,0.6330118,2024-02-16,15
2024-02-16 16:00:00,0.2663544,0.3929728,2024-02-16,16
2024-02-16 17:00:00,0.03117491,0.1389579,2024-02-16,17
2024-02-16 18:00:00,0.0,0.0,2024-02-16,18
2024-02-16 19:00:00,0.0,0.0,2024-02-16,19
2024-02-16 20:00:00,0.0,0.0,2024-02-16,20
2024-02-16 21:00:00,0.0,0.0,2024-02-16,21
2024-02-16 22:00:00,0.0,0.0,2024-02-16,22
2024-02-16 23:00:00,0.0,0.0,2024-02-16,23
2024-02-17 00:00:00,0.0,0.0,2024-02-17,0
2024-02-17 01:00:00,0.0,0.0,2024-02-17,1
2024-02-17 02:00:00,0.0,0.0,2024-02-17,2
2024-02-17 03:00:00,0.0,0.0,2024-02-17,3
2024-02-17 04:00:00,0.0,0.0,2024-02-17,4
2024-02-17 05:00:00,0.0,0.0,2024-02-17,5
2024-02-17 06:00:00,0.03955231,0.08341958,2024-02-17,6
2024-02-17 07:00:00,0.1879514,0.2241782,2024-02-17,7
2024-02-17 08:00:00,0.316435,0.3507945,2024-02-17,8
2024-02-17 09:00:00,0.7038432,0.8659843,2024-02-17,9
2024-02-17 10:00:00,0.907973,1.10036,2024-02-17,10
2024-02-17 11:00:00,0.8881085,1.066556,2024-02-17,11
2024-02-17 12:00:00,0.783303,0.9318713,2024-02-17,12
2024-02-17 13:00:00,0.6699979,0.7921185,2024-02-17,13
2024-02-17 14:00:00,0.6139457,0.7523785,2024-02-17,14
2024-02-17 15:00:00,0.2950059,0.3271946,2024-02-17,15
2024-02-17 16:00:00,0.1801326,0.2293258,2024-02-17,16
2024-02-17 17:00:00,0.01452176,0.01833512,2024-02-17,17
2024-02-17 18:00:00,0.0,0.0,2024-02-17,18
2024-02-17 19:00:00,0.0,0.0,2024-02-17,19
2024-02-17 20:00:00,0.0,0.0,2024-02-17,20
2024-02-17 21:00:00,0.0,0.0,2024-02-17,21
2024-02-17 22:00:00,0.0,0.0,2024-02-17,22
2024-02-17 23:00:00,0.0,0.0,2024-02-17,23
2024-02-18 00:00:00,0.0,0.0,2024-02-18,0
2024-02-18 01:00:00,0.0,0.0,2024-02-18,1
2024-02-18 02:00:00,0.0,0.0,2024-02-18,2
2024-02-18 03:00:00,0.0,0.0,2024-02-18,3
2024-02-18 04:00:00,0.0,0.0,2024-02-18,4
2024-02-18 05:00:00,0.0,0.0,2024-02-18,5
2024-02-18 06:00:00,0.05473291,0.1531701,2024-02-18,6
2024-02-18 07:00:00,0.231497,0.3039977,2024-02-18,7
2024-02-18 08:00:00,0.4372343,0.5419299,2024-02-18,8
2024-02-18 09:00:00,0.7900684,0.9713959,2024-02-18,9
2024-02-18 10:00:00,0.872642,1.053313,2024-02-18,10
2024-02-18 11:00:00,0.812639,0.9673269,2024-02-18,11
2024-02-18 12:00:00,0.9001401,1.078967,2024-02-18,12
2024-02-18 13:00:00,0.7694791,0.9268026,2024-02-18,13
2024-02-18 14:00:00,0.512633,0.5987937,2024-02-18,14
2024-02-18 15:00:00,0.212903,0.2154181,2024-02-18,15
2024-02-18 16:00:00,0.1391786,0.1531973,2024-02-18,16
2024-02-18 17:00:00,0.02550039,0.07633766,2024-02-18,17
2024-02-18 18:00:00,0.0,0.0,2024-02-18,18
2024-02-18 19:00:00,0.0,0.0,2024-02-18,19
2024-02-18 20:00:00,0.0,0.0,2024-02-18,20
2024-02-18 21:00:00,0.0,0.0,2024-02-18,21
2024-02-18 22:00:00,0.0,0.0,2024-02-18,22
2024-02-18 23:00:00,0.0,0.0,2024-02-18,23
2024-02-19 00:00:00,0.0,0.0,2024-02-19,0
2024-02-19 01:00:00,0.0,0.0,2024-02-19,1
2024-02-19 02:00:00,0.0,0.0,2024-02-19,2
2024-02-19 03:00:00,0.0,0.0,2024-02-19,3
2024-02-19 04:00:00,0.0,0.0,2024-02-19,4
2024-02-19 05:00:00,0.0,0.0,2024-02-19,5
2024-02-19 06:00:00,0.03403258,0.04964091,2024-02-19,6
2024-02-19 07:00:00,0.1813102,0.2082532,2024-02-19,7
2024-02-19 08:00:00,0.3865925,0.4576173,2024-02-19,8
2024-02-19 09:00:00,0.4265403,0.4609929,2024-02-19,9
2024-02-19 10:00:00,0.8079202,0.9703148,2024-02-19,10
2024-02-19 11:00:00,0.8501725,1.013272,2024-02-19,11
2024-02-19 12:00:00,0.7834721,0.926105,2024-02-19,12
2024-02-19 13:00:00,0.850832,1.02537,2024-02-19,13
2024-02-19 14:00:00,0.4935249,0.566987,2024-02-19,14
2024-02-19 15:00:00,0.3526916,0.4150843,2024-02-19,15
2024-02-19 16:00:00,0.224968,0.3115814,2024-02-19,16
2024-02-19 17:00:00,0.02692078,0.0832787,2024-02-19,17
2024-02-19 18:00:00,0.0,0.0,2024-02-19,18
2024-02-19 19:00:00,0.0,0.0,2024-02-19,19
2024-02-19 20:00:00,0.0,0.0,2024-02-19,20
2024-02-19 21:00:00,0.0,0.0,2024-02-19,21
2024-02-19 22:00:00,0.0,0.0,2024-02-19,22
2024-02-19 23:00:00,0.0,0.0,2024-02-19,23
2024-02-20 00:00:00,0.0,0.0,2024-02-20,0
2024-02-20 01:00:00,0.0,0.0,2024-02-20,1
2024-02-20 02:00:00,0.0,0.0,2024-02-20,2
2024-02-20 03:00:00,0.0,0.0,2024-02-20,3
2024-02-20 04:00:00,0.0,0.0,2024-02-20,4
2024-02-20 05:00:00,0.0,0.0,2024-02-20,5
2024-02-20 06:00:00,0.0148851,0.01495629,2024-02-20,6
2024-02-20 07:00:00,0.03304037,0.03221247,2024-02-20,7
2024-02-20 08:00:00,0.1564973,0.1534104,2024-02-20,8
2024-02-20 09:00:00,0.2038651,0.1994862,2024-02-20,9
2024-02-20 10:00:00,0.3385357,0.3365724,2024-02-20,10
2024-02-20 11:00:00,0.5154222,0.5430347,2024-02-20,11
2024-02-20 12:00:00,0.2443438,0.2387747,2024-02-20,12
2024-02-20 13:00:00,0.1324657,0.1291007,2024-02-20,13
2024-02-20 14:00:00,0.1229897,0.1199592,2024-02-20,14
2024-02-20 15:00:00,0.1847065,0.1832009,2024-02-20,15
2024-02-20 16:00:00,0.1214677,0.1261477,2024-02-20,16
2024-02-20 17:00:00,0.03070083,0.1118901,2024-02-20,17
2024-02-20 18:00:00,0.0,0.0,2024-02-20,18
2024-02-20 19:00:00,0.0,0.0,2024-02-20,19
2024-02-20 20:00:00,0.0,0.0,2024-02-20,20
2024-02-20 21:00:00,0.0,0.0,2024-02-20,21
2024-02-20 22:00:00,0.0,0.0,2024-02-20,22
2024-02-20 23:00:00,0.0,0.0,2024-02-20,23
2024-02-21 00:00:00,0.0,0.0,2024-02-21,0
2024-02-21 01:00:00,0.0,0.0,2024-02-21,1
2024-02-21 02:00:00,0.0,0.0,2024-02-21,2
2024-02-21 03:00:00,0.0,0.0,2024-02-21,3
2024-02-21 04:00:00,0.0,0.0,2024-02-21,4
2024-02-21 05:00:00,0.0,0.0,2024-02-21,5
2024-02-21 06:00:00,0.04860938,0.09597039,2024-02-21,6
2024-02-21 07:00:00,0.1227676,0.1236328,2024-02-21,7
2024-02-21 08:00:00,0.4300067,0.5209572,2024-02-21,8
2024-02-21 09:00:00,0.5955297,0.706578,2024-02-21,9
2024-02-21 10:00:00,0.4714922,0.4947627,2024-02-21,10
2024-02-21 11:00:00,0.7450836,0.8655189,2024-02-21,11
2024-02-21 12:00:00,0.6641014,0.7509029,2024-02-21,12
2024-02-21 13:00:00,0.5599627,0.6203978,2024-02-21,13
2024-02-21 14:00:00,0.4774227,0.5381361,2024-02-21,14
2024-02-21 15:00:00,0.2999682,0.3285871,2024-02-21,15
2024-02-21 16:00:00,0.1058089,0.1065208,2024-02-21,16
2024-02-21 17:00:00,0.01544159,0.01820518,2024-02-21,17
2024-02-21 18:00:00,0.0,0.0,2024-02-21,18
2024-02-21 19:00:00,0.0,0.0,2024-02-21,19
2024-02-21 20:00:00,0.0,0.0,2024-02-21,20
2024-02-21 21:00:00,0.0,0.0,2024-02-21,21
2024-02-21 22:00:00,0.0,0.0,2024-02-21,22
2024-02-21 23:00:00,0.0,0.0,2024-02-21,23
2024-02-22 00:00:00,0.0,0.0,2024-02-22,0
2024-02-22 01:00:00,0.0,0.0,2024-02-22,1
2024-02-22 02:00:00,0.0,0.0,2024-02-22,2
2024-02-22 03:00:00,0.0,0.0,2024-02-22,3
2024-02-22 04:00:00,0.0,0.0,2024-02-22,4
2024-02-22 05:00:00,0.0,0.0,2024-02-22,5
2024-02-22 06:00:00,0.06179344,0.1419165,2024-02-22,6
2024-02-22 07:00:00,0.2192987,0.2679402,2024-02-22,7
2024-02-22 08:00:00,0.2340132,0.2360617,2024-02-22,8
2024-02-22 09:00:00,0.5067521,0.5721155,2024-02-22,9
2024-02-22 10:00:00,0.8376067,0.9978087,2024-02-22,10
2024-02-22 11:00:00,0.7603412,0.8839723,2024-02-22,11
2024-02-22 12:00:00,0.5251973,0.5544655,2024-02-22,12
2024-02-22 13:00:00,0.6224039,0.7090138,2024-02-22,13
2024-02-22 14:00:00,0.6391852,0.7713923,2024-02-22,14
2024-02-22 15:00:00,0.4586628,0.5724525,2024-02-22,15
2024-02-22 16:00:00,0.2218456,0.2947435,2024-02-22,16
2024-02-22 17:00:00,0.03323473,0.120451,2024-02-22,17
2024-02-22 18:00:00,0.0,0.0,2024-02-22,18
2024-02-22 19:00:00,0.0,0.0,2024-02-22,19
2024-02-22 20:00:00,0.0,0.0,2024-02-22,20
2024-02-22 21:00:00,0.0,0.0,2024-02-22,21
2024-02-22 22:00:00,0.0,0.0,2024-02-22,22
2024-02-22 23:00:00,0.0,0.0,2024-02-22,23
2024-02-23 00:00:00,0.0,0.0,2024-02-23,0
2024-02-23 01:00:00,0.0,0.0,2024-02-23,1
2024-02-23 02:00:00,0.0,0.0,2024-02-23,2
2024-02-23 03:00:00,0.0,0.0,2024-02-23,3
2024-02-23 04:00:00,0.0,0.0,2024-02-23,4
2024-02-23 05:00:00,0.0,0.0,2024-02-23,5
2024-02-23 06:00:00,0.05410918,0.1035161,2024-02-23,6
2024-02-23 07:00:00,0.2546116,0.3281474,2024-02-23,7
2024-02-23 08:00:00,0.4801492,0.589828,2024-02-23,8
2024-02-23 09:00:00,0.6785896,0.8149519,2024-02-23,9
2024-02-23 10:00:00,0.8565196,1.017627,2024-02-23,10
2024-02-23 11:00:00,0.888347,1.048774,2024-02-23,11
2024-02-23 12:00:00,0.9382467,1.109651,2024-02-23,12
2024-02-23 13:00:00,0.7433337,0.8769256,2024-02-23,13
2024-02-23 14:00:00,0.5697107,0.6707487,2024-02-23,14
2024-02-23 15:00:00,0.4325319,0.5307513,2024-02-23,15
2024-02-23 16:00:00,0.1801403,0.2140846,2024-02-23,16
2024-02-23 17:00:00,0.02024645,0.02811283,2024-02-23,17
2024-02-23 18:00:00,0.0,0.0,2024-02-23,18
2024-02-23 19:00:00,0.0,0.0,2024-02-23,19
2024-02-23 20:00:00,0.0,0.0,2024-02-23,20
2024-02-23 21:00:00,0.0,0.0,2024-02-23,21
2024-02-23 22:00:00,0.0,0.0,2024-02-23,22
2024-02-23 23:00:00,0.0,0.0,2024-02-23,23
2024-02-24 00:00:00,0.0,0.0,2024-02-24,0
2024-02-24 01:00:00,0.0,0.0,2024-02-24,1
2024-02-24 02:00:00,0.0,0.0,2024-02-24,2
2024-02-24 03:00:00,0.0,0.0,2024-02-24,3
2024-02-24 04:00:00,0.0,0.0,2024-02-24,4
2024-02-24 05:00:00,0.0,0.0,2024-02-24,5
2024-02-24 06:00:00,0.051268,0.08620279,2024-02-24,6
2024-02-24 07:00:00,0.2699824,0.350913,2024-02-24,7
2024-02-24 08:00:00,0.5717727,0.7077245,2024-02-24,8
2024-02-24 09:00:00,0.6934354,0.8308924,2024-02-24,9
2024-02-24 10:00:00,0.8523113,1.009389,2024-02-24,10
2024-02-24 11:00:00,0.8148904,0.9520315,2024-02-24,11
2024-02-24 12:00:00,0.868411,1.021828,2024-02-24,12
2024-02-24 13:00:00,0.8042852,0.9527824,2024-02-24,13
2024-02-24 14:00:00,0.7308799,0.8810359,2024-02-24,14
2024-02-24 15:00:00,0.5506714,0.6873201,2024-02-24,15
2024-02-24 16:00:00,0.30368,0.4172795,2024-02-24,16
2024-02-24 17:00:00,0.04218025,0.1551394,2024-02-24,17
2024-02-24 18:00:00,0.0,0.0,2024-02-24,18
2024-02-24 19:00:00,0.0,0.0,2024-02-24,19
2024-02-24 20:00:00,0.0,0.0,2024-02-24,20
2024-02-24 21:00:00,0.0,0.0,2024-02-24,21
2024-02-24 22:00:00,0.0,0.0,2024-02-24,22
2024-02-24 23:00:00,0.0,0.0,2024-02-24,23
2024-02-25 00:00:00,0.0,0.0,2024-02-25,0
2024-02-25 01:00:00,0.0,0.0,2024-02-25,1
2024-02-25 02:00:00,0.0,0.0,2024-02-25,2
2024-02-25 03:00:00,0.0,0.0,2024-02-25,3
2024-02-25 04:00:00,0.0,0.0,2024-02-25,4
2024-02-25 05:00:00,0.0,0.0,2024-02-25,5
2024-02-25 06:00:00,0.06779444,0.1369255,2024-02-25,6
2024-02-25 07:00:00,0.2747329,0.3550194,2024-02-25,7
2024-02-25 08:00:00,0.5514194,0.6785345,2024-02-25,8
2024-02-25 09:00:00,0.7296695,0.8727102,2024-02-25,9
2024-02-25 10:00:00,0.8429835,0.9950514,2024-02-25,10
2024-02-25 11:00:00,0.8714902,1.021749,2024-02-25,11
2024-02-25 12:00:00,0.9577428,1.126651,2024-02-25,12
2024-02-25 13:00:00,0.807585,0.9538108,2024-02-25,13
2024-02-25 14:00:00,0.6418869,0.7656981,2024-02-25,14
2024-02-25 15:00:00,0.5100424,0.6321546,2024-02-25,15
2024-02-25 16:00:00,0.2438654,0.3235292,2024-02-25,16
2024-02-25 17:00:00,0.03772735,0.1114705,2024-02-25,17
2024-02-25 18:00:00,0.0,0.0,2024-02-25,18
2024-02-25 19:00:00,0.0,0.0,2024-02-25,19
2024-02-25 20:00:00,0.0,0.0,2024-02-25,20
2024-02-25 21:00:00,0.0,0.0,2024-02-25,21
2024-02-25 22:00:00,0.0,0.0,2024-02-25,22
2024-02-25 23:00:00,0.0,0.0,2024-02-25,23
2024-02-26 00:00:00,0.0,0.0,2024-02-26,0
2024-02-26 01:00:00,0.0,0.0,2024-02-26,1
2024-02-26 02:00:00,0.0,0.0,2024-02-26,2
2024-02-26 03:00:00,0.0,0.0,2024-02-26,3
2024-02-26 04:00:00,0.0,0.0,2024-02-26,4
2024-02-26 05:00:00,0.0,0.0,2024-02-26,5
2024-02-26 06:00:00,0.05368995,0.08316382,2024-02-26,6
2024-02-26 07:00:00,0.237575,0.2878968,2024-02-26,7
2024-02-26 08:00:00,0.3451109,0.3777182,2024-02-26,8
2024-02-26 09:00:00,0.6250162,0.7330274,2024-02-26,9
2024-02-26 10:00:00,0.5599061,0.6069602,2024-02-26,10
2024-02-26 11:00:00,0.6841996,0.7660203,2024-02-26,11
2024-02-26 12:00:00,0.6130167,0.6676801,2024-02-26,12
2024-02-26 13:00:00,0.5272729,0.565832,2024-02-26,13
2024-02-26 14:00:00,0.444716,0.4816283,2024-02-26,14
2024-02-26 15:00:00,0.2784163,0.2925807,2024-02-26,15
2024-02-26 16:00:00,0.1335835,0.1385055,2024-02-26,16
2024-02-26 17:00:00,0.01420964,0.01467301,2024-02-26,17
2024-02-26 18:00:00,0.0,0.0,2024-02-26,18
2024-02-26 19:00:00,0.0,0.0,2024-02-26,19
2024-02-26 20:00:00,0.0,0.0,2024-02-26,20
2024-02-26 21:00:00,0.0,0.0,2024-02-26,21
2024-02-26 22:00:00,0.0,0.0,2024-02-26,22
2024-02-26 23:00:00,0.0,0.0,2024-02-26,23
2024-02-27 00:00:00,0.0,0.0,2024-02-27,0
2024-02-27 01:00:00,0.0,0.0,2024-02-27,1
2024-02-27 02:00:00,0.0,0.0,2024-02-27,2
2024-02-27 03:00:00,0.0,0.0,2024-02-27,3
2024-02-27 04:00:00,0.0,0.0,2024-02-27,4
2024-02-27 05:00:00,0.0,0.0,2024-02-27,5
2024-02-27 06:00:00,0.07827151,0.1515782,2024-02-27,6
2024-02-27 07:00:00,0.2892494,0.3708096,2024-02-27,7
2024-02-27 08:00:00,0.5434382,0.6618582,2024-02-27,8
2024-02-27 09:00:00,0.7749394,0.9212326,2024-02-27,9
2024-02-27 10:00:00,0.8459069,0.9923404,2024-02-27,10
2024-02-27 11:00:00,0.9473989,1.107176,2024-02-27,11
2024-02-27 12:00:00,0.9537209,1.115324,2024-02-27,12
2024-02-27 13:00:00,0.8746809,1.028686,2024-02-27,13
2024-02-27 14:00:00,0.6314665,0.7456004,2024-02-27,14
2024-02-27 15:00:00,0.5077785,0.6228836,2024-02-27,15
2024-02-27 16:00:00,0.2494052,0.3258792,2024-02-27,16
2024-02-27 17:00:00,0.04958313,0.1510105,2024-02-27,17
2024-02-27 18:00:00,0.0,0.0,2024-02-27,18
2024-02-27 19:00:00,0.0,0.0,2024-02-27,19
2024-02-27 20:00:00,0.0,0.0,2024-02-27,20
2024-02-27 21:00:00,0.0,0.0,2024-02-27,21
2024-02-27 22:00:00,0.0,0.0,2024-02-27,22
2024-02-27 23:00:00,0.0,0.0,2024-02-27,23
2024-02-28 00:00:00,0.0,0.0,2024-02-28,0
2024-02-28 01:00:00,0.0,0.0,2024-02-28,1
2024-02-28 02:00:00,0.0,0.0,2024-02-28,2
2024-02-28 03:00:00,0.0,0.0,2024-02-28,3
2024-02-28 04:00:00,0.0,0.0,2024-02-28,4
2024-02-28 05:00:00,0.0,0.0,2024-02-28,5
2024-02-28 06:00:00,0.08811551,0.1668934,2024-02-28,6
2024-02-28 07:00:00,0.279506,0.3514664,2024-02-28,7
2024-02-28 08:00:00,0.5797914,0.7037447,2024-02-28,8
2024-02-28 09:00:00,0.7467552,0.8837625,2024-02-28,9
2024-02-28 10:00:00,0.7955835,0.926545,2024-02-28,10
2024-02-28 11:00:00,0.9323006,1.086044,2024-02-28,11
2024-02-28 12:00:00,0.9308459,1.084905,2024-02-28,12
2024-02-28 13:00:00,0.8598919,1.007777,2024-02-28,13
2024-02-28 14:00:00,0.6835665,0.8102481,2024-02-28,14
2024-02-28 15:00:00,0.4804542,0.5836573,2024-02-28,15
2024-02-28 16:00:00,0.2857918,0.3778822,2024-02-28,16
2024-02-28 17:00:00,0.04492471,0.1193596,2024-02-28,17
2024-02-28 18:00:00,0.0,0.0,2024-02-28,18
2024-02-28 19:00:00,0.0,0.0,2024-02-28,19
2024-02-28 20:00:00,0.0,0.0,2024-02-28,20
2024-02-28 21:00:00,0.0,0.0,2024-02-28,21
2024-02-28 22:00:00,0.0,0.0,2024-02-28,22
2024-02-28 23:00:00,0.0,0.0,2024-02-28,23
2024-02-29 00:00:00,0.0,0.0,2024-02-29,0
2024-02-29 01:00:00,0.0,0.0,2024-02-29,1
2024-02-29 02:00:00,0.0,0.0,2024-02-29,2
2024-02-29 03:00:00,0.0,0.0,2024-02-29,3
2024-02-29 04:00:00,0.0,0.0,2024-02-29,4
2024-02-29 05:00:00,0.0,0.0,2024-02-29,5
2024-02-29 06:00:00,0.06418449,0.09835355,2024-02-29,6
2024-02-29 07:00:00,0.2586567,0.3137362,2024-02-29,7
2024-02-29 08:00:00,0.4580933,0.5379985,2024-02-29,8
2024-02-29 09:00:00,0.7529238,0.8879331,2024-02-29,9
2024-02-29 10:00:00,0.9265993,1.082179,2024-02-29,10
2024-02-29 11:00:00,0.9720392,1.129953,2024-02-29,11
2024-02-29 12:00:00,0.9056956,1.051958,2024-02-29,12
2024-02-29 13:00:00,0.7018704,0.8030456,2024-02-29,13
2024-02-29 14:00:00,0.6337204,0.7425857,2024-02-29,14
2024-02-29 15:00:00,0.4783911,0.5777023,2024-02-29,15
2024-02-29 16:00:00,0.2843267,0.3723888,2024-02-29,16
2024-02-29 17:00:00,0.05400132,0.145991,2024-02-29,17
2024-02-29 18:00:00,0.0,0.0,2024-02-29,18
2024-02-29 19:00:00,0.0,0.0,2024-02-29,19
2024-02-29 20:00:00,0.0,0.0,2024-02-29,20
2024-02-29 21:00:00,0.0,0.0,2024-02-29,21
2024-02-29 22:00:00,0.0,0.0,2024-02-29,22
2024-02-29 23:00:00,0.0,0.0,2024-02-29,23
2024-03-01 00:00:00,0.0,0.0,2024-03-01,0
2024-03-01 01:00:00,0.0,0.0,2024-03-01,1
2024-03-01 02:00:00,0.0,0.0,2024-03-01,2
2024-03-01 03:00:00,0.0,0.0,2024-03-01,3
2024-03-01 04:00:00,0.0,0.0,2024-03-01,4
2024-03-01 05:00:00,0.0,0.0,2024-03-01,5
2024-03-01 06:00:00,0.0270274,0.0268581,2024-03-01,6
2024-03-01 07:00:00,0.1846217,0.1960632,2024-03-01,7
2024-03-01 08:00:00,0.2086439,0.2059208,2024-03-01,8
2024-03-01 09:00:00,0.1797682,0.1754559,2024-03-01,9
2024-03-01 10:00:00,0.2959958,0.2903174,2024-03-01,10
2024-03-01 11:00:00,0.1887726,0.1840236,2024-03-01,11
2024-03-01 12:00:00,0.3524575,0.3475115,2024-03-01,12
2024-03-01 13:00:00,0.1910368,0.1863414,2024-03-01,13
2024-03-01 14:00:00,0.1585191,0.154657,2024-03-01,14
2024-03-01 15:00:00,0.09532312,0.09296035,2024-03-01,15
2024-03-01 16:00:00,0.03438468,0.03350731,2024-03-01,16
2024-03-01 17:00:00,0.01804351,0.01856438,2024-03-01,17
2024-03-01 18:00:00,0.0,0.0,2024-03-01,18
2024-03-01 19:00:00,0.0,0.0,2024-03-01,19
2024-03-01 20:00:00,0.0,0.0,2024-03-01,20
2024-03-01 21:00:00,0.0,0.0,2024-03-01,21
2024-03-01 22:00:00,0.0,0.0,2024-03-01,22
2024-03-01 23:00:00,0.0,0.0,2024-03-01,23
2024-03-02 00:00:00,0.0,0.0,2024-03-02,0
2024-03-02 01:00:00,0.0,0.0,2024-03-02,1
2024-03-02 02:00:00,0.0,0.0,2024-03-02,2
2024-03-02 03:00:00,0.0,0.0,2024-03-02,3
2024-03-02 04:00:00,0.0,0.0,2024-03-02,4
2024-03-02 05:00:00,0.0,0.0,2024-03-02,5
2024-03-02 06:00:00,0.0203858,0.02008445,2024-03-02,6
2024-03-02 07:00:00,0.03093911,0.03011477,2024-03-02,7
2024-03-02 08:00:00,0.007166957,0.006959931,2024-03-02,8
2024-03-02 09:00:00,0.114695,0.1117132,2024-03-02,9
2024-03-02 10:00:00,0.162605,0.1584621,2024-03-02,10
2024-03-02 11:00:00,0.1291443,0.1257227,2024-03-02,11
2024-03-02 12:00:00,0.1785619,0.1740235,2024-03-02,12
2024-03-02 13:00:00,0.2911338,0.2855424,2024-03-02,13
2024-03-02 14:00:00,0.1618213,0.1578787,2024-03-02,14
2024-03-02 15:00:00,0.2217413,0.2213315,2024-03-02,15
2024-03-02 16:00:00,0.07484526,0.07326172,2024-03-02,16
2024-03-02 17:00:00,0.03217399,0.04602446,2024-03-02,17
2024-03-02 18:00:00,0.0,0.0,2024-03-02,18
2024-03-02 19:00:00,0.0,0.0,2024-03-02,19
2024-03-02 20:00:00,0.0,0.0,2024-03-02,20
2024-03-02 21:00:00,0.0,0.0,2024-03-02,21
2024-03-02 22:00:00,0.0,0.0,2024-03-02,22
2024-03-02 23:00:00,0.0,0.0,2024-03-02,23
2024-03-03 00:00:00,0.0,0.0,2024-03-03,0
2024-03-03 01:00:00,0.0,0.0,2024-03-03,1
2024-03-03 02:00:00,0.0,0.0,2024-03-03,2
2024-03-03 03:00:00,0.0,0.0,2024-03-03,3
2024-03-03 04:00:00,0.0,0.0,2024-03-03,4
2024-03-03 05:00:00,0.0,0.0,2024-03-03,5
2024-03-03 06:00:00,0.00751044,0.007325028,2024-03-03,6
2024-03-03 07:00:00,0.09347787,0.09146998,2024-03-03,7
2024-03-03 08:00:00,0.3108107,0.3228538,2024-03-03,8
2024-03-03 09:00:00,0.4658671,0.495181,2024-03-03,9
2024-03-03 10:00:00,0.3256691,0.3205499,2024-03-03,10
2024-03-03 11:00:00,0.3943365,0.3913726,2024-03-03,11
2024-03-03 12:00:00,0.207059,0.2019094,2024-03-03,12
2024-03-03 13:00:00,0.3514487,0.3482931,2024-03-03,13
2024-03-03 14:00:00,0.4768572,0.5166001,2024-03-03,14
2024-03-03 15:00:00,0.4215931,0.488493,2024-03-03,15
2024-03-03 16:00:00,0.1178483,0.1175751,2024-03-03,16
2024-03-03 17:00:00,0.02234943,0.0237155,2024-03-03,17
2024-03-03 18:00:00,0.0,0.0,2024-03-03,18
2024-03-03 19:00:00,0.0,0.0,2024-03-03,19
2024-03-03 20:00:00,0.0,0.0,2024-03-03,20
2024-03-03 21:00:00,0.0,0.0,2024-03-03,21
2024-03-03 22:00:00,0.0,0.0,2024-03-03,22
2024-03-03 23:00:00,0.0,0.0,2024-03-03,23
2024-03-04 00:00:00,0.0,0.0,2024-03-04,0
2024-03-04 01:00:00,0.0,0.0,2024-03-04,1
2024-03-04 02:00:00,0.0,0.0,2024-03-04,2
2024-03-04 03:00:00,0.0,0.0,2024-03-04,3
2024-03-04 04:00:00,0.0,0.0,2024-03-04,4
2024-03-04 05:00:00,0.0,0.0,2024-03-04,5
2024-03-04 06:00:00,0.02200611,0.02164205,2024-03-04,6
2024-03-04 07:00:00,0.113224,0.1111789,2024-03-04,7
2024-03-04 08:00:00,0.354403,0.3789073,2024-03-04,8
2024-03-04 09:00:00,0.532073,0.5833661,2024-03-04,9
2024-03-04 10:00:00,0.4564861,0.4651758,2024-03-04,10
2024-03-04 11:00:00,0.6026129,0.6404529,2024-03-04,11
2024-03-04 12:00:00,0.2755004,0.2691391,2024-03-04,12
2024-03-04 13:00:00,0.4764158,0.4916228,2024-03-04,13
2024-03-04 14:00:00,0.3798622,0.3893419,2024-03-04,14
2024-03-04 15:00:00,0.2326754,0.2329572,2024-03-04,15
2024-03-04 16:00:00,0.1853931,0.2048334,2024-03-04,16
2024-03-04 17:00:00,0.03130466,0.03956024,2024-03-04,17
2024-03-04 18:00:00,0.0,0.0,2024-03-04,18
2024-03-04 19:00:00,0.0,0.0,2024-03-04,19
2024-03-04 20:00:00,0.0,0.0,2024-03-04,20
2024-03-04 21:00:00,0.0,0.0,2024-03-04,21
2024-03-04 22:00:00,0.0,0.0,2024-03-04,22
2024-03-04 23:00:00,0.0,0.0,2024-03-04,23
2024-03-05 00:00:00,0.0,0.0,2024-03-05,0
2024-03-05 01:00:00,0.0,0.0,2024-03-05,1
2024-03-05 02:00:00,0.0,0.0,2024-03-05,2
2024-03-05 03:00:00,0.0,0.0,2024-03-05,3
2024-03-05 04:00:00,0.0,0.0,2024-03-05,4
2024-03-05 05:00:00,0.0,0.0,2024-03-05,5
2024-03-05 06:00:00,0.07235483,0.09517984,2024-03-05,6
2024-03-05 07:00:00,0.1759756,0.1808646,2024-03-05,7
2024-03-05 08:00:00,0.28891,0.2942066,2024-03-05,8
2024-03-05 09:00:00,0.6860991,0.7893728,2024-03-05,9
2024-03-05 10:00:00,0.9438872,1.085564,2024-03-05,10
2024-03-05 11:00:00,0.9808359,1.123893,2024-03-05,11
2024-03-05 12:00:00,0.8673675,0.9898248,2024-03-05,12
2024-03-05 13:00:00,0.9390425,1.08174,2024-03-05,13
2024-03-05 14:00:00,0.7644355,0.8885401,2024-03-05,14
2024-03-05 15:00:00,0.5147489,0.6095251,2024-03-05,15
2024-03-05 16:00:00,0.3068358,0.3856442,2024-03-05,16
2024-03-05 17:00:00,0.05074967,0.09700965,2024-03-05,17
2024-03-05 18:00:00,0.0,0.0,2024-03-05,18
2024-03-05 19:00:00,0.0,0.0,2024-03-05,19
2024-03-05 20:00:00,0.0,0.0,2024-03-05,20
2024-03-05 21:00:00,0.0,0.0,2024-03-05,21
2024-03-05 22:00:00,0.0,0.0,2024-03-05,22
2024-03-05 23:00:00,0.0,0.0,2024-03-05,23
2024-03-06 00:00:00,0.0,0.0,2024-03-06,0
2024-03-06 01:00:00,0.0,0.0,2024-03-06,1
2024-03-06 02:00:00,0.0,0.0,2024-03-06,2
2024-03-06 03:00:00,0.0,0.0,2024-03-06,3
2024-03-06 04:00:00,0.0,0.0,2024-03-06,4
2024-03-06 05:00:00,0.0,0.0,2024-03-06,5
2024-03-06 06:00:00,0.07830434,0.1040027,2024-03-06,6
2024-03-06 07:00:00,0.1852854,0.1916909,2024-03-06,7
2024-03-06 08:00:00,0.3771088,0.4064519,2024-03-06,8
2024-03-06 09:00:00,0.5702304,0.6312633,2024-03-06,9
2024-03-06 10:00:00,0.9321038,1.068415,2024-03-06,10
2024-03-06 11:00:00,0.9358783,1.068418,2024-03-06,11
2024-03-06 12:00:00,0.9751284,1.114551,2024-03-06,12
2024-03-06 13:00:00,0.9627999,1.106122,2024-03-06,13
2024-03-06 14:00:00,0.8055668,0.9338149,2024-03-06,14
2024-03-06 15:00:00,0.4639467,0.5398997,2024-03-06,15
2024-03-06 16:00:00,0.254848,0.3091278,2024-03-06,16
2024-03-06 17:00:00,0.03519302,0.04529489,2024-03-06,17
2024-03-06 18:00:00,0.0,0.0,2024-03-06,18
2024-03-06 19:00:00,0.0,0.0,2024-03-06,19
2024-03-06 20:00:00,0.0,0.0,2024-03-06,20
2024-03-06 21:00:00,0.0,0.0,2024-03-06,21
2024-03-06 22:00:00,0.0,0.0,2024-03-06,22
2024-03-06 23:00:00,0.0,0.0,2024-03-06,23
2024-03-07 00:00:00,0.0,0.0,2024-03-07,0
2024-03-07 01:00:00,0.0,0.0,2024-03-07,1
2024-03-07 02:00:00,0.0,0.0,2024-03-07,2
2024-03-07 03:00:00,0.0,0.0,2024-03-07,3
2024-03-07 04:00:00,0.0,0.0,2024-03-07,4
2024-03-07 05:00:00,0.0,0.0,2024-03-07,5
2024-03-07 06:00:00,0.1022234,0.1485058,2024-03-07,6
2024-03-07 07:00:00,0.2850813,0.3324313,2024-03-07,7
2024-03-07 08:00:00,0.6008126,0.7017688,2024-03-07,8
2024-03-07 09:00:00,0.81056,0.9329429,2024-03-07,9
2024-03-07 10:00:00,0.9086407,1.037815,2024-03-07,10
2024-03-07 11:00:00,1.027377,1.171349,2024-03-07,11
2024-03-07 12:00:00,1.046362,1.19398,2024-03-07,12
2024-03-07 13:00:00,0.9522021,1.090256,2024-03-07,13
2024-03-07 14:00:00,0.7408871,0.8542857,2024-03-07,14
2024-03-07 15:00:00,0.5445941,0.6395986,2024-03-07,15
2024-03-07 16:00:00,0.2989307,0.3688399,2024-03-07,16
2024-03-07 17:00:00,0.04797894,0.07801421,2024-03-07,17
2024-03-07 18:00:00,0.0,0.0,2024-03-07,18
2024-03-07 19:00:00,0.0,0.0,2024-03-07,19
2024-03-07 20:00:00,0.0,0.0,2024-03-07,20
2024-03-07 21:00:00,0.0,0.0,2024-03-07,21
2024-03-07 22:00:00,0.0,0.0,2024-03-07,22
2024-03-07 23:00:00,0.0,0.0,2024-03-07,23
2024-03-08 00:00:00,0.0,0.0,2024-03-08,0
2024-03-08 01:00:00,0.0,0.0,2024-03-08,1
2024-03-08 02:00:00,0.0,0.0,2024-03-08,2
2024-03-08 03:00:00,0.0,0.0,2024-03-08,3
2024-03-08 04:00:00,0.0,0.0,2024-03-08,4
2024-03-08 05:00:00,0.0,0.0,2024-03-08,5
2024-03-08 06:00:00,0.1002487,0.1397147,2024-03-08,6
2024-03-08 07:00:00,0.3260268,0.3882746,2024-03-08,7
2024-03-08 08:00:00,0.4954011,0.5654041,2024-03-08,8
2024-03-08 09:00:00,0.6015373,0.6687103,2024-03-08,9
2024-03-08 10:00:00,0.9007961,1.025516,2024-03-08,10
2024-03-08 11:00:00,0.9885795,1.123097,2024-03-08,11
2024-03-08 12:00:00,1.034915,1.177231,2024-03-08,12
2024-03-08 13:00:00,0.7779006,0.8801762,2024-03-08,13
2024-03-08 14:00:00,0.6743488,0.7711532,2024-03-08,14
2024-03-08 15:00:00,0.4980348,0.579076,2024-03-08,15
2024-03-08 16:00:00,0.2823838,0.3432483,2024-03-08,16
2024-03-08 17:00:00,0.05481433,0.09325697,2024-03-08,17
2024-03-08 18:00:00,0.0,0.0,2024-03-08,18
2024-03-08 19:00:00,0.0,0.0,2024-03-08,19
2024-03-08 20:00:00,0.0,0.0,2024-03-08,20
2024-03-08 21:00:00,0.0,0.0,2024-03-08,21
2024-03-08 22:00:00,0.0,0.0,2024-03-08,22
2024-03-08 23:00:00,0.0,0.0,2024-03-08,23
2024-03-09 00:00:00,0.0,0.0,2024-03-09,0
2024-03-09 01:00:00,0.0,0.0,2024-03-09,1
2024-03-09 02:00:00,0.0,0.0,2024-03-09,2
2024-03-09 03:00:00,0.0,0.0,2024-03-09,3
2024-03-09 04:00:00,0.0,0.0,2024-03-09,4
2024-03-09 05:00:00,0.0,0.0,2024-03-09,5
2024-03-09 06:00:00,0.08845361,0.1123114,2024-03-09,6
2024-03-09 07:00:00,0.3666633,0.438103,2024-03-09,7
2024-03-09 08:00:00,0.6158394,0.7127963,2024-03-09,8
2024-03-09 09:00:00,0.7113415,0.8085925,2024-03-09,9
2024-03-09 10:00:00,0.8263581,0.9339944,2024-03-09,10
2024-03-09 11:00:00,0.9494303,1.074827,2024-03-09,11
2024-03-09 12:00:00,0.9768171,1.10682,2024-03-09,12
2024-03-09 13:00:00,0.8717927,0.9904356,2024-03-09,13
2024-03-09 14:00:00,0.7576635,0.8675185,2024-03-09,14
2024-03-09 15:00:00,0.4883509,0.5636207,2024-03-09,15
2024-03-09 16:00:00,0.2444637,0.2852001,2024-03-09,16
2024-03-09 17:00:00,0.05217289,0.0815771,2024-03-09,17
2024-03-09 18:00:00,0.0,0.0,2024-03-09,18
2024-03-09 19:00:00,0.0,0.0,2024-03-09,19
2024-03-09 20:00:00,0.0,0.0,2024-03-09,20
2024-03-09 21:00:00,0.0,0.0,2024-03-09,21
2024-03-09 22:00:00,0.0,0.0,2024-03-09,22
2024-03-09 23:00:00,0.0,0.0,2024-03-09,23
2024-03-10 00:00:00,0.0,0.0,2024-03-10,0
2024-03-10 01:00:00,0.0,0.0,2024-03-10,1
2024-03-10 02:00:00,0.0,0.0,2024-03-10,2
2024-03-10 03:00:00,0.0,0.0,2024-03-10,3
2024-03-10 04:00:00,0.0,0.0,2024-03-10,4
2024-03-10 05:00:00,0.0,0.0,2024-03-10,5
2024-03-10 06:00:00,0.07351352,0.08259436,2024-03-10,6
2024-03-10 07:00:00,0.3021277,0.3479011,2024-03-10,7
2024-03-10 08:00:00,0.5434872,0.62207,2024-03-10,8
2024-03-10 09:00:00,0.7209871,0.8173495,2024-03-10,9
2024-03-10 10:00:00,0.657487,0.7132574,2024-03-10,10
2024-03-10 11:00:00,0.6928349,0.7485896,2024-03-10,11
2024-03-10 12:00:00,0.823534,0.9202048,2024-03-10,12
2024-03-10 13:00:00,0.8393854,0.9494516,2024-03-10,13
2024-03-10 14:00:00,0.7725318,0.8815667,2024-03-10,14
2024-03-10 15:00:00,0.526722,0.6087874,2024-03-10,15
2024-03-10 16:00:00,0.3172206,0.3822612,2024-03-10,16
2024-03-10 17:00:00,0.06279163,0.1032827,2024-03-10,17
2024-03-10 18:00:00,0.0,0.0,2024-03-10,18
2024-03-10 19:00:00,0.0,0.0,2024-03-10,19
2024-03-10 20:00:00,0.0,0.0,2024-03-10,20
2024-03-10 21:00:00,0.0,0.0,2024-03-10,21
2024-03-10 22:00:00,0.0,0.0,2024-03-10,22
2024-03-10 23:00:00,0.0,0.0,2024-03-10,23
2024-03-11 00:00:00,0.0,0.0,2024-03-11,0
2024-03-11 01:00:00,0.0,0.0,2024-03-11,1
2024-03-11 02:00:00,0.0,0.0,2024-03-11,2
2024-03-11 03:00:00,0.0,0.0,2024-03-11,3
2024-03-11 04:00:00,0.0,0.0,2024-03-11,4
2024-03-11 05:00:00,1.37871e-05,0.0,2024-03-11,5
2024-03-11 06:00:00,0.1110415,0.1449935,2024-03-11,6
2024-03-11 07:00:00,0.3553759,0.416962,2024-03-11,7
2024-03-11 08:00:00,0.6002854,0.6879634,2024-03-11,8
2024-03-11 09:00:00,0.7880907,0.8935974,2024-03-11,9
2024-03-11 10:00:00,0.9355851,1.055936,2024-03-11,10
2024-03-11 11:00:00,1.022467,1.152196,2024-03-11,11
2024-03-11 12:00:00,0.9415936,1.060133,2024-03-11,12
2024-03-11 13:00:00,0.8822674,0.9962489,2024-03-11,13
2024-03-11 14:00:00,0.7833185,0.8907791,2024-03-11,14
2024-03-11 15:00:00,0.448464,0.5053646,2024-03-11,15
2024-03-11 16:00:00,0.2544378,0.2947821,2024-03-11,16
2024-03-11 17:00:00,0.06359107,0.1004063,2024-03-11,17
2024-03-11 18:00:00,0.0,0.0,2024-03-11,18
2024-03-11 19:00:00,0.0,0.0,2024-03-11,19
2024-03-11 20:00:00,0.0,0.0,2024-03-11,20
2024-03-11 21:00:00,0.0,0.0,2024-03-11,21
2024-03-11 22:00:00,0.0,0.0,2024-03-11,22
2024-03-11 23:00:00,0.0,0.0,2024-03-11,23
2024-03-12 00:00:00,0.0,0.0,2024-03-12,0
2024-03-12 01:00:00,0.0,0.0,2024-03-12,1
2024-03-12 02:00:00,0.0,0.0,2024-03-12,2
2024-03-12 03:00:00,0.0,0.0,2024-03-12,3
2024-03-12 04:00:00,0.0,0.0,2024-03-12,4
2024-03-12 05:00:00,6.16615e-05,0.0,2024-03-12,5
2024-03-12 06:00:00,0.09749267,0.1175663,2024-03-12,6
2024-03-12 07:00:00,0.3034188,0.3436602,2024-03-12,7
2024-03-12 08:00:00,0.5451211,0.6177856,2024-03-12,8
2024-03-12 09:00:00,0.7852953,0.8872169,2024-03-12,9
2024-03-12 10:00:00,0.9508801,1.070172,2024-03-12,10
2024-03-12 11:00:00,1.049302,1.179519,2024-03-12,11
2024-03-12 12:00:00,1.000871,1.124701,2024-03-12,12
2024-03-12 13:00:00,0.9598475,1.081947,2024-03-12,13
2024-03-12 14:00:00,0.6247141,0.6967998,2024-03-12,14
2024-03-12 15:00:00,0.5051532,0.5761885,2024-03-12,15
2024-03-12 16:00:00,0.3191938,0.3782514,2024-03-12,16
2024-03-12 17:00:00,0.05679315,0.08143955,2024-03-12,17
2024-03-12 18:00:00,0.0,0.0,2024-03-12,18
2024-03-12 19:00:00,0.0,0.0,2024-03-12,19
2024-03-12 20:00:00,0.0,0.0,2024-03-12,20
2024-03-12 21:00:00,0.0,0.0,2024-03-12,21
2024-03-12 22:00:00,0.0,0.0,2024-03-12,22
2024-03-12 23:00:00,0.0,0.0,2024-03-12,23
2024-03-13 00:00:00,0.0,0.0,2024-03-13,0
2024-03-13 01:00:00,0.0,0.0,2024-03-13,1
2024-03-13 02:00:00,0.0,0.0,2024-03-13,2
2024-03-13 03:00:00,0.0,0.0,2024-03-13,3
2024-03-13 04:00:00,0.0,0.0,2024-03-13,4
2024-03-13 05:00:00,0.000136628,0.0,2024-03-13,5
2024-03-13 06:00:00,0.02445472,0.02387252,2024-03-13,6
2024-03-13 07:00:00,0.1031723,0.1007183,2024-03-13,7
2024-03-13 08:00:00,0.2082536,0.2040001,2024-03-13,8
2024-03-13 09:00:00,0.6116245,0.6692429,2024-03-13,9
2024-03-13 10:00:00,0.6137822,0.6505207,2024-03-13,10
2024-03-13 11:00:00,0.8774402,0.9771848,2024-03-13,11
2024-03-13 12:00:00,0.8530378,0.9485178,2024-03-13,12
2024-03-13 13:00:00,0.882726,0.9906145,2024-03-13,13
2024-03-13 14:00:00,0.690914,0.7767222,2024-03-13,14
2024-03-13 15:00:00,0.4854598,0.5484785,2024-03-13,15
2024-03-13 16:00:00,0.2488477,0.2818983,2024-03-13,16
2024-03-13 17:00:00,0.04828861,0.0602683,2024-03-13,17
2024-03-13 18:00:00,0.0,0.0,2024-03-13,18
2024-03-13 19:00:00,0.0,0.0,2024-03-13,19
2024-03-13 20:00:00,0.0,0.0,2024-03-13,20
2024-03-13 21:00:00,0.0,0.0,2024-03-13,21
2024-03-13 22:00:00,0.0,0.0,2024-03-13,22
2024-03-13 23:00:00,0.0,0.0,2024-03-13,23
2024-03-14 00:00:00,0.0,0.0,2024-03-14,0
2024-03-14 01:00:00,0.0,0.0,2024-03-14,1
2024-03-14 02:00:00,0.0,0.0,2024-03-14,2
2024-03-14 03:00:00,0.0,0.0,2024-03-14,3
2024-03-14 04:00:00,0.0,0.0,2024-03-14,4
2024-03-14 05:00:00,0.000339497,0.0,2024-03-14,5
2024-03-14 06:00:00,0.06095842,0.06129501,2024-03-14,6
2024-03-14 07:00:00,0.3137742,0.3520643,2024-03-14,7
2024-03-14 08:00:00,0.4022072,0.4257399,2024-03-14,8
2024-03-14 09:00:00,0.4032295,0.4066812,2024-03-14,9
2024-03-14 10:00:00,0.5632246,0.5853258,2024-03-14,10
2024-03-14 11:00:00,0.5597104,0.5742481,2024-03-14,11
2024-03-14 12:00:00,0.509182,0.5156023,2024-03-14,12
2024-03-14 13:00:00,0.7094814,0.7768733,2024-03-14,13
2024-03-14 14:00:00,0.5940759,0.6522424,2024-03-14,14
2024-03-14 15:00:00,0.2597341,0.2599551,2024-03-14,15
2024-03-14 16:00:00,0.1417905,0.141529,2024-03-14,16
2024-03-14 17:00:00,0.0429546,0.0487778,2024-03-14,17
2024-03-14 18:00:00,0.0,0.0,2024-03-14,18
2024-03-14 19:00:00,0.0,0.0,2024-03-14,19
2024-03-14 20:00:00,0.0,0.0,2024-03-14,20
2024-03-14 21:00:00,0.0,0.0,2024-03-14,21
2024-03-14 22:00:00,0.0,0.0,2024-03-14,22
2024-03-14 23:00:00,0.0,0.0,2024-03-14,23
2024-03-15 00:00:00,0.0,0.0,2024-03-15,0
2024-03-15 01:00:00,0.0,0.0,2024-03-15,1
2024-03-15 02:00:00,0.0,0.0,2024-03-15,2
2024-03-15 03:00:00,0.0,0.0,2024-03-15,3
2024-03-15 04:00:00,0.0,0.0,2024-03-15,4
2024-03-15 05:00:00,0.000249174,0.0,2024-03-15,5
2024-03-15 06:00:00,0.01054058,0.01025256,2024-03-15,6
2024-03-15 07:00:00,0.02213241,0.02151019,2024-03-15,7
2024-03-15 08:00:00,0.08891772,0.08653954,2024-03-15,8
2024-03-15 09:00:00,0.02864507,0.02782728,2024-03-15,9
2024-03-15 10:00:00,0.07402457,0.07196248,2024-03-15,10
2024-03-15 11:00:00,0.1764009,0.1717592,2024-03-15,11
2024-03-15 12:00:00,0.2045058,0.1992272,2024-03-15,12
2024-03-15 13:00:00,0.2146727,0.209246,2024-03-15,13
2024-03-15 14:00:00,0.01302369,0.01264772,2024-03-15,14
2024-03-15 15:00:00,0.05654754,0.05499754,2024-03-15,15
2024-03-15 16:00:00,0.05360558,0.05221388,2024-03-15,16
2024-03-15 17:00:00,0.01018367,0.009938877,2024-03-15,17
2024-03-15 18:00:00,0.0,0.0,2024-03-15,18
2024-03-15 19:00:00,0.0,0.0,2024-03-15,19
2024-03-15 20:00:00,0.0,0.0,2024-03-15,20
2024-03-15 21:00:00,0.0,0.0,2024-03-15,21
2024-03-15 22:00:00,0.0,0.0,2024-03-15,22
2024-03-15 23:00:00,0.0,0.0,2024-03-15,23
2024-03-16 00:00:00,0.0,0.0,2024-03-16,0
2024-03-16 01:00:00,0.0,0.0,2024-03-16,1
2024-03-16 02:00:00,0.0,0.0,2024-03-16,2
2024-03-16 03:00:00,0.0,0.0,2024-03-16,3
2024-03-16 04:00:00,0.0,0.0,2024-03-16,4
2024-03-16 05:00:00,0.000905307,0.0,2024-03-16,5
2024-03-16 06:00:00,0.1063858,0.1196283,2024-03-16,6
2024-03-16 07:00:00,0.3340436,0.3731539,2024-03-16,7
2024-03-16 08:00:00,0.4426946,0.4743325,2024-03-16,8
2024-03-16 09:00:00,0.5915,0.6361632,2024-03-16,9
2024-03-16 10:00:00,0.6240043,0.6584494,2024-03-16,10
2024-03-16 11:00:00,0.7763308,0.8431143,2024-03-16,11
2024-03-16 12:00:00,0.7880132,0.8594651,2024-03-16,12
2024-03-16 13:00:00,0.3320234,0.3258862,2024-03-16,13
2024-03-16 14:00:00,0.4184331,0.4269662,2024-03-16,14
2024-03-16 15:00:00,0.4757021,0.5280125,2024-03-16,15
2024-03-16 16:00:00,0.1467262,0.1464283,2024-03-16,16
2024-03-16 17:00:00,0.03461863,0.03537729,2024-03-16,17
2024-03-16 18:00:00,0.0,0.0,2024-03-16,18
2024-03-16 19:00:00,0.0,0.0,2024-03-16,19
2024-03-16 20:00:00,0.0,0.0,2024-03-16,20
2024-03-16 21:00:00,0.0,0.0,2024-03-16,21
2024-03-16 22:00:00,0.0,0.0,2024-03-16,22
2024-03-16 23:00:00,0.0,0.0,2024-03-16,23
2024-03-17 00:00:00,0.0,0.0,2024-03-17,0
2024-03-17 01:00:00,0.0,0.0,2024-03-17,1
2024-03-17 02:00:00,0.0,0.0,2024-03-17,2
2024-03-17 03:00:00,0.0,0.0,2024-03-17,3
2024-03-17 04:00:00,0.0,0.0,2024-03-17,4
2024-03-17 05:00:00,0.001401074,0.0,2024-03-17,5
2024-03-17 06:00:00,0.07134148,0.07177551,2024-03-17,6
2024-03-17 07:00:00,0.2211029,0.2256819,2024-03-17,7
2024-03-17 08:00:00,0.444236,0.4742707,2024-03-17,8
2024-03-17 09:00:00,0.5929071,0.6357953,2024-03-17,9
2024-03-17 10:00:00,0.4973775,0.503655,2024-03-17,10
2024-03-17 11:00:00,0.5865813,0.6035619,2024-03-17,11
2024-03-17 12:00:00,0.3465718,0.3395045,2024-03-17,12
2024-03-17 13:00:00,0.3606802,0.3553337,2024-03-17,13
2024-03-17 14:00:00,0.3208493,0.3172946,2024-03-17,14
2024-03-17 15:00:00,0.3464964,0.3604564,2024-03-17,15
2024-03-17 16:00:00,0.2674089,0.2977364,2024-03-17,16
2024-03-17 17:00:00,0.05800741,0.06933282,2024-03-17,17
2024-03-17 18:00:00,0.0,0.0,2024-03-17,18
2024-03-17 19:00:00,0.0,0.0,2024-03-17,19
2024-03-17 20:00:00,0.0,0.0,2024-03-17,20
2024-03-17 21:00:00,0.0,0.0,2024-03-17,21
2024-03-17 22:00:00,0.0,0.0,2024-03-17,22
2024-03-17 23:00:00,0.0,0.0,2024-03-17,23
2024-03-18 00:00:00,0.0,0.0,2024-03-18,0
2024-03-18 01:00:00,0.0,0.0,2024-03-18,1
2024-03-18 02:00:00,0.0,0.0,2024-03-18,2
2024-03-18 03:00:00,0.0,0.0,2024-03-18,3
2024-03-18 04:00:00,0.0,0.0,2024-03-18,4
2024-03-18 05:00:00,0.001413802,0.0,2024-03-18,5
2024-03-18 06:00:00,0.09491587,0.0996998,2024-03-18,6
2024-03-18 07:00:00,0.3654588,0.4069159,2024-03-18,7
2024-03-18 08:00:00,0.5286347,0.5792963,2024-03-18,8
2024-03-18 09:00:00,0.5768107,0.6133075,2024-03-18,9
2024-03-18 10:00:00,0.9485288,1.048166,2024-03-18,10
2024-03-18 11:00:00,0.9117633,1.003566,2024-03-18,11
2024-03-18 12:00:00,0.9770277,1.078801,2024-03-18,12
2024-03-18 13:00:00,0.6921975,0.7458184,2024-03-18,13
2024-03-18 14:00:00,0.5667694,0.6085851,2024-03-18,14
2024-03-18 15:00:00,0.4505712,0.4912501,2024-03-18,15
2024-03-18 16:00:00,0.2467288,0.2683035,2024-03-18,16
2024-03-18 17:00:00,0.08447357,0.1056523,2024-03-18,17
2024-03-18 18:00:00,0.0,0.0,2024-03-18,18
2024-03-18 19:00:00,0.0,0.0,2024-03-18,19
2024-03-18 20:00:00,0.0,0.0,2024-03-18,20
2024-03-18 21:00:00,0.0,0.0,2024-03-18,21
2024-03-18 22:00:00,0.0,0.0,2024-03-18,22
2024-03-18 23:00:00,0.0,0.0,2024-03-18,23
2024-03-19 00:00:00,0.0,0.0,2024-03-19,0
2024-03-19 01:00:00,0.0,0.0,2024-03-19,1
2024-03-19 02:00:00,0.0,0.0,2024-03-19,2
2024-03-19 03:00:00,0.0,0.0,2024-03-19,3
2024-03-19 04:00:00,0.0,0.0,2024-03-19,4
2024-03-19 05:00:00,0.001804708,0.0,2024-03-19,5
2024-03-19 06:00:00,0.08920614,0.0913977,2024-03-19,6
2024-03-19 07:00:00,0.2007241,0.2008871,2024-03-19,7
2024-03-19 08:00:00,0.5007799,0.5417462,2024-03-19,8
2024-03-19 09:00:00,0.5190238,0.5395613,2024-03-19,9
2024-03-19 10:00:00,0.8176596,0.8940116,2024-03-19,10
2024-03-19 11:00:00,0.5893512,0.6048171,2024-03-19,11
2024-03-19 12:00:00,0.8823401,0.9669395,2024-03-19,12
2024-03-19 13:00:00,0.6729531,0.7195441,2024-03-19,13
2024-03-19 14:00:00,0.4812911,0.4999174,2024-03-19,14
2024-03-19 15:00:00,0.4805715,0.5263975,2024-03-19,15
2024-03-19 16:00:00,0.27721,0.3055001,2024-03-19,16
2024-03-19 17:00:00,0.07880151,0.09492049,2024-03-19,17
2024-03-19 18:00:00,0.0,0.0,2024-03-19,18
2024-03-19 19:00:00,0.0,0.0,2024-03-19,19
2024-03-19 20:00:00,0.0,0.0,2024-03-19,20
2024-03-19 21:00:00,0.0,0.0,2024-03-19,21
2024-03-19 22:00:00,0.0,0.0,2024-03-19,22
2024-03-19 23:00:00,0.0,0.0,2024-03-19,23
2024-03-20 00:00:00,0.0,0.0,2024-03-20,0
2024-03-20 01:00:00,0.0,0.0,2024-03-20,1
2024-03-20 02:00:00,0.0,0.0,2024-03-20,2
2024-03-20 03:00:00,0.0,0.0,2024-03-20,3
2024-03-20 04:00:00,0.0,0.0,2024-03-20,4
2024-03-20 05:00:00,0.002129426,0.0,2024-03-20,5
2024-03-20 06:00:00,0.1465595,0.1634567,2024-03-20,6
2024-03-20 07:00:00,0.3835003,0.4226226,2024-03-20,7
2024-03-20 08:00:00,0.6165257,0.6783977,2024-03-20,8
2024-03-20 09:00:00,0.8538373,0.9391147,2024-03-20,9
2024-03-20 10:00:00,1.034955,1.138202,2024-03-20,10
2024-03-20 11:00:00,0.9403666,1.030908,2024-03-20,11
2024-03-20 12:00:00,0.9126262,0.9996153,2024-03-20,12
2024-03-20 13:00:00,0.7798017,0.8493249,2024-03-20,13
2024-03-20 14:00:00,0.6322942,0.6861231,2024-03-20,14
2024-03-20 15:00:00,0.4628045,0.5019861,2024-03-20,15
2024-03-20 16:00:00,0.2746193,0.2998206,2024-03-20,16
2024-03-20 17:00:00,0.07975108,0.09286617,2024-03-20,17
2024-03-20 18:00:00,0.0,0.0,2024-03-20,18
2024-03-20 19:00:00,0.0,0.0,2024-03-20,19
2024-03-20 20:00:00,0.0,0.0,2024-03-20,20
2024-03-20 21:00:00,0.0,0.0,2024-03-20,21
2024-03-20 22:00:00,0.0,0.0,2024-03-20,22
2024-03-20 23:00:00,0.0,0.0,2024-03-20,23
2024-03-21 00:00:00,0.0,0.0,2024-03-21,0
2024-03-21 01:00:00,0.0,0.0,2024-03-21,1
2024-03-21 02:00:00,0.0,0.0,2024-03-21,2
2024-03-21 03:00:00,0.0,0.0,2024-03-21,3
2024-03-21 04:00:00,0.0,0.0,2024-03-21,4
2024-03-21 05:00:00,0.001701644,0.0,2024-03-21,5
2024-03-21 06:00:00,0.02991753,0.02912441,2024-03-21,6
2024-03-21 07:00:00,0.1510699,0.1479298,2024-03-21,7
2024-03-21 08:00:00,0.4290976,0.4480251,2024-03-21,8
2024-03-21 09:00:00,0.5440338,0.5672698,2024-03-21,9
2024-03-21 10:00:00,0.7388096,0.7924755,2024-03-21,10
2024-03-21 11:00:00,0.8362751,0.9050627,2024-03-21,11
2024-03-21 12:00:00,0.9710068,1.063034,2024-03-21,12
2024-03-21 13:00:00,0.9111088,0.9979497,2024-03-21,13
2024-03-21 14:00:00,0.4782905,0.4939918,2024-03-21,14
2024-03-21 15:00:00,0.4001218,0.4218581,2024-03-21,15
2024-03-21 16:00:00,0.2299472,0.2417041,2024-03-21,16
2024-03-21 17:00:00,0.04776164,0.04894887,2024-03-21,17
2024-03-21 18:00:00,0.0,0.0,2024-03-21,18
2024-03-21 19:00:00,0.0,0.0,2024-03-21,19
2024-03-21 20:00:00,0.0,0.0,2024-03-21,20
2024-03-21 21:00:00,0.0,0.0,2024-03-21,21
2024-03-21 22:00:00,0.0,0.0,2024-03-21,22
2024-03-21 23:00:00,0.0,0.0,2024-03-21,23
2024-03-22 00:00:00,0.0,0.0,2024-03-22,0
2024-03-22 01:00:00,0.0,0.0,2024-03-22,1
2024-03-22 02:00:00,0.0,0.0,2024-03-22,2
2024-03-22 03:00:00,0.0,0.0,2024-03-22,3
2024-03-22 04:00:00,0.0,0.0,2024-03-22,4
2024-03-22 05:00:00,0.004570854,0.0,2024-03-22,5
2024-03-22 06:00:00,0.1492237,0.1610123,2024-03-22,6
2024-03-22 07:00:00,0.3325418,0.3552801,2024-03-22,7
2024-03-22 08:00:00,0.5531648,0.5983421,2024-03-22,8
2024-03-22 09:00:00,0.4617525,0.4681334,2024-03-22,9
2024-03-22 10:00:00,0.4484739,0.4462568,2024-03-22,10
2024-03-22 11:00:00,0.7004392,0.7358525,2024-03-22,11
2024-03-22 12:00:00,0.7973483,0.8566776,2024-03-22,12
2024-03-22 13:00:00,0.7691087,0.8313313,2024-03-22,13
2024-03-22 14:00:00,0.6936499,0.7544191,2024-03-22,14
2024-03-22 15:00:00,0.5047668,0.5478472,2024-03-22,15
2024-03-22 16:00:00,0.2339737,0.2452012,2024-03-22,16
2024-03-22 17:00:00,0.0449816,0.04512883,2024-03-22,17
2024-03-22 18:00:00,0.0,0.0,2024-03-22,18
2024-03-22 19:00:00,0.0,0.0,2024-03-22,19
2024-03-22 20:00:00,0.0,0.0,2024-03-22,20
2024-03-22 21:00:00,0.0,0.0,2024-03-22,21
2024-03-22 22:00:00,0.0,0.0,2024-03-22,22
2024-03-22 23:00:00,0.0,0.0,2024-03-22,23
2024-03-23 00:00:00,0.0,0.0,2024-03-23,0
2024-03-23 01:00:00,0.0,0.0,2024-03-23,1
2024-03-23 02:00:00,0.0,0.0,2024-03-23,2
2024-03-23 03:00:00,0.0,0.0,2024-03-23,3
2024-03-23 04:00:00,0.0,0.0,2024-03-23,4
2024-03-23 05:00:00,0.004476912,0.0,2024-03-23,5
2024-03-23 06:00:00,0.09390365,0.09378858,2024-03-23,6
2024-03-23 07:00:00,0.3562647,0.381645,2024-03-23,7
2024-03-23 08:00:00,0.4365547,0.4539332,2024-03-23,8
2024-03-23 09:00:00,0.6117578,0.6468611,2024-03-23,9
2024-03-23 10:00:00,0.820253,0.886221,2024-03-23,10
2024-03-23 11:00:00,0.8964697,0.9714831,2024-03-23,11
2024-03-23 12:00:00,0.9690859,1.054939,2024-03-23,12
2024-03-23 13:00:00,0.9240522,1.006147,2024-03-23,13
2024-03-23 14:00:00,0.8110912,0.8830834,2024-03-23,14
2024-03-23 15:00:00,0.5900862,0.6414695,2024-03-23,15
2024-03-23 16:00:00,0.283998,0.3041879,2024-03-23,16
2024-03-23 17:00:00,0.05935388,0.06065886,2024-03-23,17
2024-03-23 18:00:00,0.0,0.0,2024-03-23,18
2024-03-23 19:00:00,0.0,0.0,2024-03-23,19
2024-03-23 20:00:00,0.0,0.0,2024-03-23,20
2024-03-23 21:00:00,0.0,0.0,2024-03-23,21
2024-03-23 22:00:00,0.0,0.0,2024-03-23,22
2024-03-23 23:00:00,0.0,0.0,2024-03-23,23
2024-03-24 00:00:00,0.0,0.0,2024-03-24,0
2024-03-24 01:00:00,0.0,0.0,2024-03-24,1
2024-03-24 02:00:00,0.0,0.0,2024-03-24,2
2024-03-24 03:00:00,0.0,0.0,2024-03-24,3
2024-03-24 04:00:00,0.0,0.0,2024-03-24,4
2024-03-24 05:00:00,0.005122379,0.0,2024-03-24,5
2024-03-24 06:00:00,0.1644356,0.1734521,2024-03-24,6
2024-03-24 07:00:00,0.4166802,0.44886,2024-03-24,7
2024-03-24 08:00:00,0.585722,0.631246,2024-03-24,8
2024-03-24 09:00:00,0.7925848,0.8588529,2024-03-24,9
2024-03-24 10:00:00,0.9670647,1.050092,2024-03-24,10
2024-03-24 11:00:00,1.057185,1.148771,2024-03-24,11
2024-03-24 12:00:00,0.9868405,1.071561,2024-03-24,12
2024-03-24 13:00:00,0.9468681,1.028162,2024-03-24,13
2024-03-24 14:00:00,0.7592173,0.8229951,2024-03-24,14
2024-03-24 15:00:00,0.5641587,0.6100134,2024-03-24,15
2024-03-24 16:00:00,0.2159431,0.2210656,2024-03-24,16
2024-03-24 17:00:00,0.05700869,0.05691763,2024-03-24,17
2024-03-24 18:00:00,0.0,0.0,2024-03-24,18
2024-03-24 19:00:00,0.0,0.0,2024-03-24,19
2024-03-24 20:00:00,0.0,0.0,2024-03-24,20
2024-03-24 21:00:00,0.0,0.0,2024-03-24,21
2024-03-24 22:00:00,0.0,0.0,2024-03-24,22
2024-03-24 23:00:00,0.0,0.0,2024-03-24,23
2024-03-25 00:00:00,0.0,0.0,2024-03-25,0
2024-03-25 01:00:00,0.0,0.0,2024-03-25,1
2024-03-25 02:00:00,0.0,0.0,2024-03-25,2
2024-03-25 03:00:00,0.0,0.0,2024-03-25,3
2024-03-25 04:00:00,0.0,0.0,2024-03-25,4
2024-03-25 05:00:00,0.005405117,0.0,2024-03-25,5
2024-03-25 06:00:00,0.1395704,0.1429929,2024-03-25,6
2024-03-25 07:00:00,0.3743839,0.3978953,2024-03-25,7
2024-03-25 08:00:00,0.5169435,0.5473548,2024-03-25,8
2024-03-25 09:00:00,0.7285452,0.7826062,2024-03-25,9
2024-03-25 10:00:00,0.9385017,1.015776,2024-03-25,10
2024-03-25 11:00:00,0.9245924,0.9984936,2024-03-25,11
2024-03-25 12:00:00,0.6523342,0.6745468,2024-03-25,12
2024-03-25 13:00:00,0.8587111,0.9277623,2024-03-25,13
2024-03-25 14:00:00,0.708481,0.7633047,2024-03-25,14
2024-03-25 15:00:00,0.5421259,0.5826641,2024-03-25,15
2024-03-25 16:00:00,0.2716829,0.285212,2024-03-25,16
2024-03-25 17:00:00,0.04414752,0.0431108,2024-03-25,17
2024-03-25 18:00:00,0.0,0.0,2024-03-25,18
2024-03-25 19:00:00,0.0,0.0,2024-03-25,19
2024-03-25 20:00:00,0.0,0.0,2024-03-25,20
2024-03-25 21:00:00,0.0,0.0,2024-03-25,21
2024-03-25 22:00:00,0.0,0.0,2024-03-25,22
2024-03-25 23:00:00,0.0,0.0,2024-03-25,23
2024-03-26 00:00:00,0.0,0.0,2024-03-26,0
2024-03-26 01:00:00,0.0,0.0,2024-03-26,1
2024-03-26 02:00:00,0.0,0.0,2024-03-26,2
2024-03-26 03:00:00,0.0,0.0,2024-03-26,3
2024-03-26 04:00:00,0.0,0.0,2024-03-26,4
2024-03-26 05:00:00,0.005984704,0.0,2024-03-26,5
2024-03-26 06:00:00,0.1685235,0.1730108,2024-03-26,6
2024-03-26 07:00:00,0.343534,0.3594723,2024-03-26,7
2024-03-26 08:00:00,0.6522279,0.7003251,2024-03-26,8
2024-03-26 09:00:00,0.8596014,0.9266385,2024-03-26,9
2024-03-26 10:00:00,0.7528139,0.7982676,2024-03-26,10
2024-03-26 11:00:00,0.7842114,0.830411,2024-03-26,11
2024-03-26 12:00:00,0.704694,0.7359937,2024-03-26,12
2024-03-26 13:00:00,0.7100416,0.7511267,2024-03-26,13
2024-03-26 14:00:00,0.7249587,0.7791691,2024-03-26,14
2024-03-26 15:00:00,0.5856161,0.6274447,2024-03-26,15
2024-03-26 16:00:00,0.2615974,0.2715338,2024-03-26,16
2024-03-26 17:00:00,0.05798543,0.05607177,2024-03-26,17
2024-03-26 18:00:00,0.0,0.0,2024-03-26,18
2024-03-26 19:00:00,0.0,0.0,2024-03-26,19
2024-03-26 20:00:00,0.0,0.0,2024-03-26,20
2024-03-26 21:00:00,0.0,0.0,2024-03-26,21
2024-03-26 22:00:00,0.0,0.0,2024-03-26,22
2024-03-26 23:00:00,0.0,0.0,2024-03-26,23
2024-03-27 00:00:00,0.0,0.0,2024-03-27,0
2024-03-27 01:00:00,0.0,0.0,2024-03-27,1
2024-03-27 02:00:00,0.0,0.0,2024-03-27,2
2024-03-27 03:00:00,0.0,0.0,2024-03-27,3
2024-03-27 04:00:00,0.0,0.0,2024-03-27,4
2024-03-27 05:00:00,0.00445623,0.0,2024-03-27,5
2024-03-27 06:00:00,0.1325279,0.132365,2024-03-27,6
2024-03-27 07:00:00,0.3748573,0.3934553,2024-03-27,7
2024-03-27 08:00:00,0.6204541,0.6623957,2024-03-27,8
2024-03-27 09:00:00,0.8844401,0.9505903,2024-03-27,9
2024-03-27 10:00:00,0.8800427,0.9447141,2024-03-27,10
2024-03-27 11:00:00,0.8388165,0.8933758,2024-03-27,11
2024-03-27 12:00:00,0.5934574,0.6032323,2024-03-27,12
2024-03-27 13:00:00,0.8078277,0.8642644,2024-03-27,13
2024-03-27 14:00:00,0.7750612,0.8314007,2024-03-27,14
2024-03-27 15:00:00,0.4958513,0.5248644,2024-03-27,15
2024-03-27 16:00:00,0.2329676,0.2371868,2024-03-27,16
2024-03-27 17:00:00,0.04936445,0.04746582,2024-03-27,17
2024-03-27 18:00:00,0.0,0.0,2024-03-27,18
2024-03-27 19:00:00,0.0,0.0,2024-03-27,19
2024-03-27 20:00:00,0.0,0.0,2024-03-27,20
2024-03-27 21:00:00,0.0,0.0,2024-03-27,21
2024-03-27 22:00:00,0.0,0.0,2024-03-27,22
2024-03-27 23:00:00,0.0,0.0,2024-03-27,23
2024-03-28 00:00:00,0.0,0.0,2024-03-28,0
2024-03-28 01:00:00,0.0,0.0,2024-03-28,1
2024-03-28 02:00:00,0.0,0.0,2024-03-28,2
2024-03-28 03:00:00,0.0,0.0,2024-03-28,3
2024-03-28 04:00:00,0.0,0.0,2024-03-28,4
2024-03-28 05:00:00,0.007875343,0.0,2024-03-28,5
2024-03-28 06:00:00,0.127222,0.125786,2024-03-28,6
2024-03-28 07:00:00,0.3675036,0.3827451,2024-03-28,7
2024-03-28 08:00:00,0.4531311,0.4660048,2024-03-28,8
2024-03-28 09:00:00,0.7280702,0.774242,2024-03-28,9
2024-03-28 10:00:00,0.675281,0.7015766,2024-03-28,10
2024-03-28 11:00:00,1.03611,1.113367,2024-03-28,11
2024-03-28 12:00:00,1.048538,1.126776,2024-03-28,12
2024-03-28 13:00:00,0.9494404,1.018614,2024-03-28,13
2024-03-28 14:00:00,0.7621477,0.8145131,2024-03-28,14
2024-03-28 15:00:00,0.4378221,0.4554178,2024-03-28,15
2024-03-28 16:00:00,0.2885894,0.2980884,2024-03-28,16
2024-03-28 17:00:00,0.06471814,0.06019566,2024-03-28,17
2024-03-28 18:00:00,0.0,0.0,2024-03-28,18
2024-03-28 19:00:00,0.0,0.0,2024-03-28,19
2024-03-28 20:00:00,0.0,0.0,2024-03-28,20
2024-03-28 21:00:00,0.0,0.0,2024-03-28,21
2024-03-28 22:00:00,0.0,0.0,2024-03-28,22
2024-03-28 23:00:00,0.0,0.0,2024-03-28,23
2024-03-29 00:00:00,0.0,0.0,2024-03-29,0
2024-03-29 01:00:00,0.0,0.0,2024-03-29,1
2024-03-29 02:00:00,0.0,0.0,2024-03-29,2
2024-03-29 03:00:00,0.0,0.0,2024-03-29,3
2024-03-29 04:00:00,0.0,0.0,2024-03-29,4
2024-03-29 05:00:00,0.005679729,0.0,2024-03-29,5
2024-03-29 06:00:00,0.09625321,0.0939588,2024-03-29,6
2024-03-29 07:00:00,0.2931896,0.2966352,2024-03-29,7
2024-03-29 08:00:00,0.4369875,0.4459482,2024-03-29,8
2024-03-29 09:00:00,0.4451883,0.4447272,2024-03-29,9
2024-03-29 10:00:00,0.7946812,0.8411089,2024-03-29,10
2024-03-29 11:00:00,0.764921,0.801379,2024-03-29,11
2024-03-29 12:00:00,0.8996052,0.9598914,2024-03-29,12
2024-03-29 13:00:00,0.9084451,0.9712999,2024-03-29,13
2024-03-29 14:00:00,0.6493178,0.6852314,2024-03-29,14
2024-03-29 15:00:00,0.5133194,0.53978,2024-03-29,15
2024-03-29 16:00:00,0.2958778,0.3038591,2024-03-29,16
2024-03-29 17:00:00,0.06564068,0.0599621,2024-03-29,17
2024-03-29 18:00:00,0.0,0.0,2024-03-29,18
2024-03-29 19:00:00,0.0,0.0,2024-03-29,19
2024-03-29 20:00:00,0.0,0.0,2024-03-29,20
2024-03-29 21:00:00,0.0,0.0,2024-03-29,21
2024-03-29 22:00:00,0.0,0.0,2024-03-29,22
2024-03-29 23:00:00,0.0,0.0,2024-03-29,23
2024-03-30 00:00:00,0.0,0.0,2024-03-30,0
2024-03-30 01:00:00,0.0,0.0,2024-03-30,1
2024-03-30 02:00:00,0.0,0.0,2024-03-30,2
2024-03-30 03:00:00,0.0,0.0,2024-03-30,3
2024-03-30 04:00:00,0.0,0.0,2024-03-30,4
2024-03-30 05:00:00,0.01003573,0.0,2024-03-30,5
2024-03-30 06:00:00,0.02488298,0.0241715,2024-03-30,6
2024-03-30 07:00:00,0.03217357,0.0312587,2024-03-30,7
2024-03-30 08:00:00,0.06112382,0.05940453,2024-03-30,8
2024-03-30 09:00:00,0.09303609,0.09044377,2024-03-30,9
2024-03-30 10:00:00,0.3111773,0.3035552,2024-03-30,10
2024-03-30 11:00:00,0.1113742,0.1082754,2024-03-30,11
2024-03-30 12:00:00,0.08008371,0.07782822,2024-03-30,12
2024-03-30 13:00:00,0.1046218,0.1017135,2024-03-30,13
2024-03-30 14:00:00,0.1018698,0.09905253,2024-03-30,14
2024-03-30 15:00:00,0.08359583,0.08128469,2024-03-30,15
2024-03-30 16:00:00,0.08286057,0.08059867,2024-03-30,16
2024-03-30 17:00:00,0.01936741,0.01877292,2024-03-30,17
2024-03-30 18:00:00,0.0,0.0,2024-03-30,18
2024-03-30 19:00:00,0.0,0.0,2024-03-30,19
2024-03-30 20:00:00,0.0,0.0,2024-03-30,20
2024-03-30 21:00:00,0.0,0.0,2024-03-30,21
2024-03-30 22:00:00,0.0,0.0,2024-03-30,22
2024-03-30 23:00:00,0.0,0.0,2024-03-30,23
2024-03-31 00:00:00,0.0,0.0,2024-03-31,0
2024-03-31 01:00:00,0.0,0.0,2024-03-31,1
2024-03-31 02:00:00,0.0,0.0,2024-03-31,2
2024-03-31 03:00:00,0.0,0.0,2024-03-31,3
2024-03-31 04:00:00,0.0,0.0,2024-03-31,4
2024-03-31 05:00:00,0.01058707,0.0,2024-03-31,5
2024-03-31 06:00:00,0.1681314,0.1631847,2024-03-31,6
2024-03-31 07:00:00,0.4250751,0.4389762,2024-03-31,7
2024-03-31 08:00:00,0.6511911,0.6850863,2024-03-31,8
2024-03-31 09:00:00,0.895196,0.949937,2024-03-31,9
2024-03-31 10:00:00,0.9644371,1.026525,2024-03-31,10
2024-03-31 11:00:00,1.03128,1.099256,2024-03-31,11
2024-03-31 12:00:00,1.030248,1.097891,2024-03-31,12
2024-03-31 13:00:00,0.7002267,0.7299153,2024-03-31,13
2024-03-31 14:00:00,0.6690902,0.7031976,2024-03-31,14
2024-03-31 15:00:00,0.6128216,0.6414573,2024-03-31,15
2024-03-31 16:00:00,0.3319963,0.337189,2024-03-31,16
2024-03-31 17:00:00,0.06007287,0.0545213,2024-03-31,17
2024-03-31 18:00:00,0.0,0.0,2024-03-31,18
2024-03-31 19:00:00,0.0,0.0,2024-03-31,19
2024-03-31 20:00:00,0.0,0.0,2024-03-31,20
2024-03-31 21:00:00,0.0,0.0,2024-03-31,21
2024-03-31 22:00:00,0.0,0.0,2024-03-31,22
2024-03-31 23:00:00,0.0,0.0,2024-03-31,23
2024-04-01 00:00:00,0.0,0.0,2024-04-01,0
2024-04-01 01:00:00,0.0,0.0,2024-04-01,1
2024-04-01 02:00:00,0.0,0.0,2024-04-01,2
2024-04-01 03:00:00,0.0,0.0,2024-04-01,3
2024-04-01 04:00:00,0.0,0.0,2024-04-01,4
2024-04-01 05:00:00,0.01076487,0.0,2024-04-01,5
2024-04-01 06:00:00,0.1399046,0.1352356,2024-04-01,6
2024-04-01 07:00:00,0.2424046,0.2394284,2024-04-01,7
2024-04-01 08:00:00,0.4249683,0.4289208,2024-04-01,8
2024-04-01 09:00:00,0.6696441,0.6975117,2024-04-01,9
2024-04-01 10:00:00,0.6841403,0.7057205,2024-04-01,10
2024-04-01 11:00:00,0.3289342,0.3208162,2024-04-01,11
2024-04-01 12:00:00,0.5940897,0.5997825,2024-04-01,12
2024-04-01 13:00:00,0.453696,0.4498074,2024-04-01,13
2024-04-01 14:00:00,0.3440452,0.3384996,2024-04-01,14
2024-04-01 15:00:00,0.3435308,0.3437245,2024-04-01,15
2024-04-01 16:00:00,0.2587824,0.2584742,2024-04-01,16
2024-04-01 17:00:00,0.07814771,0.06497433,2024-04-01,17
2024-04-01 18:00:00,0.0,0.0,2024-04-01,18
2024-04-01 19:00:00,0.0,0.0,2024-04-01,19
2024-04-01 20:00:00,0.0,0.0,2024-04-01,20
2024-04-01 21:00:00,0.0,0.0,2024-04-01,21
2024-04-01 22:00:00,0.0,0.0,2024-04-01,22
2024-04-01 23:00:00,0.0,0.0,2024-04-01,23
2024-04-02 00:00:00,0.0,0.0,2024-04-02,0
2024-04-02 01:00:00,0.0,0.0,2024-04-02,1
2024-04-02 02:00:00,0.0,0.0,2024-04-02,2
2024-04-02 03:00:00,0.0,0.0,2024-04-02,3
2024-04-02 04:00:00,0.0,0.0,2024-04-02,4
2024-04-02 05:00:00,0.008104015,0.0,2024-04-02,5
2024-04-02 06:00:00,0.1464521,0.1406731,2024-04-02,6
2024-04-02 07:00:00,0.2272492,0.2233722,2024-04-02,7
2024-04-02 08:00:00,0.3273454,0.3229168,2024-04-02,8
2024-04-02 09:00:00,0.5331504,0.5394188,2024-04-02,9
2024-04-02 10:00:00,0.6565371,0.6723294,2024-04-02,10
2024-04-02 11:00:00,0.4996704,0.4951679,2024-04-02,11
2024-04-02 12:00:00,0.4429545,0.4360803,2024-04-02,12
2024-04-02 13:00:00,0.3718462,0.3645085,2024-04-02,13
2024-04-02 14:00:00,0.3976714,0.394438,2024-04-02,14
2024-04-02 15:00:00,0.405295,0.4107239,2024-04-02,15
2024-04-02 16:00:00,0.2042024,0.2008994,2024-04-02,16
2024-04-02 17:00:00,0.05082722,0.04720112,2024-04-02,17
2024-04-02 18:00:00,0.0,0.0,2024-04-02,18
2024-04-02 19:00:00,0.0,0.0,2024-04-02,19
2024-04-02 20:00:00,0.0,0.0,2024-04-02,20
2024-04-02 21:00:00,0.0,0.0,2024-04-02,21
2024-04-02 22:00:00,0.0,0.0,2024-04-02,22
2024-04-02 23:00:00,0.0,0.0,2024-04-02,23
2024-04-03 00:00:00,0.0,0.0,2024-04-03,0
2024-04-03 01:00:00,0.0,0.0,2024-04-03,1
2024-04-03 02:00:00,0.0,0.0,2024-04-03,2
2024-04-03 03:00:00,0.0,0.0,2024-04-03,3
2024-04-03 04:00:00,0.0,0.0,2024-04-03,4
2024-04-03 05:00:00,0.016379,0.0,2024-04-03,5
2024-04-03 06:00:00,0.1002114,0.09702586,2024-04-03,6
2024-04-03 07:00:00,0.3110783,0.3104692,2024-04-03,7
2024-04-03 08:00:00,0.5856553,0.6059139,2024-04-03,8
2024-04-03 09:00:00,0.4583193,0.4562399,2024-04-03,9
2024-04-03 10:00:00,0.5450482,0.5457182,2024-04-03,10
2024-04-03 11:00:00,0.3019427,0.2941608,2024-04-03,11
2024-04-03 12:00:00,0.258277,0.2514603,2024-04-03,12
2024-04-03 13:00:00,0.415671,0.4093183,2024-04-03,13
2024-04-03 14:00:00,0.283892,0.2772543,2024-04-03,14
2024-04-03 15:00:00,0.3358639,0.3341222,2024-04-03,15
2024-04-03 16:00:00,0.191065,0.1870977,2024-04-03,16
2024-04-03 17:00:00,0.07396322,0.06074017,2024-04-03,17
2024-04-03 18:00:00,0.0,0.0,2024-04-03,18
2024-04-03 19:00:00,0.0,0.0,2024-04-03,19
2024-04-03 20:00:00,0.0,0.0,2024-04-03,20
2024-04-03 21:00:00,0.0,0.0,2024-04-03,21
2024-04-03 22:00:00,0.0,0.0,2024-04-03,22
2024-04-03 23:00:00,0.0,0.0,2024-04-03,23
2024-04-04 00:00:00,0.0,0.0,2024-04-04,0
2024-04-04 01:00:00,0.0,0.0,2024-04-04,1
2024-04-04 02:00:00,0.0,0.0,2024-04-04,2
2024-04-04 03:00:00,0.0,0.0,2024-04-04,3
2024-04-04 04:00:00,0.0,0.0,2024-04-04,4
2024-04-04 05:00:00,0.01264939,0.0,2024-04-04,5
2024-04-04 06:00:00,0.1311291,0.1256881,2024-04-04,6
2024-04-04 07:00:00,0.2721402,0.2687467,2024-04-04,7
2024-04-04 08:00:00,0.4900659,0.4977794,2024-04-04,8
2024-04-04 09:00:00,0.4889752,0.4888422,2024-04-04,9
2024-04-04 10:00:00,0.5927908,0.5978168,2024-04-04,10
2024-04-04 11:00:00,0.8793039,0.9214394,2024-04-04,11
2024-04-04 12:00:00,0.8764555,0.9188538,2024-04-04,12
2024-04-04 13:00:00,0.9341776,0.9816405,2024-04-04,13
2024-04-04 14:00:00,0.5924976,0.6083692,2024-04-04,14
2024-04-04 15:00:00,0.4456049,0.4521287,2024-04-04,15
2024-04-04 16:00:00,0.2014507,0.1969773,2024-04-04,16
2024-04-04 17:00:00,0.06567824,0.05614151,2024-04-04,17
2024-04-04 18:00:00,0.0,0.0,2024-04-04,18
2024-04-04 19:00:00,0.0,0.0,2024-04-04,19
2024-04-04 20:00:00,0.0,0.0,2024-04-04,20
2024-04-04 21:00:00,0.0,0.0,2024-04-04,21
2024-04-04 22:00:00,0.0,0.0,2024-04-04,22
2024-04-04 23:00:00,0.0,0.0,2024-04-04,23
2024-04-05 00:00:00,0.0,0.0,2024-04-05,0
2024-04-05 01:00:00,0.0,0.0,2024-04-05,1
2024-04-05 02:00:00,0.0,0.0,2024-04-05,2
2024-04-05 03:00:00,0.0,0.0,2024-04-05,3
2024-04-05 04:00:00,0.0,0.0,2024-04-05,4
2024-04-05 05:00:00,0.01216109,0.0,2024-04-05,5
2024-04-05 06:00:00,0.123589,0.1185782,2024-04-05,6
2024-04-05 07:00:00,0.2672636,0.2631455,2024-04-05,7
2024-04-05 08:00:00,0.6065459,0.6241559,2024-04-05,8
2024-04-05 09:00:00,0.6981541,0.7218166,2024-04-05,9
2024-04-05 10:00:00,0.9534901,1.000896,2024-04-05,10
2024-04-05 11:00:00,0.8792047,0.9190391,2024-04-05,11
2024-04-05 12:00:00,0.6102291,0.6146355,2024-04-05,12
2024-04-05 13:00:00,0.5288534,0.5289765,2024-04-05,13
2024-04-05 14:00:00,0.3649288,0.359188,2024-04-05,14
2024-04-05 15:00:00,0.2920692,0.2873583,2024-04-05,15
2024-04-05 16:00:00,0.1946602,0.1897752,2024-04-05,16
2024-04-05 17:00:00,0.042496,0.040287,2024-04-05,17
2024-04-05 18:00:00,0.0,0.0,2024-04-05,18
2024-04-05 19:00:00,0.0,0.0,2024-04-05,19
2024-04-05 20:00:00,0.0,0.0,2024-04-05,20
2024-04-05 21:00:00,0.0,0.0,2024-04-05,21
2024-04-05 22:00:00,0.0,0.0,2024-04-05,22
2024-04-05 23:00:00,0.0,0.0,2024-04-05,23
2024-04-06 00:00:00,0.0,0.0,2024-04-06,0
2024-04-06 01:00:00,0.0,0.0,2024-04-06,1
2024-04-06 02:00:00,0.0,0.0,2024-04-06,2
2024-04-06 03:00:00,0.0,0.0,2024-04-06,3
2024-04-06 04:00:00,0.0,0.0,2024-04-06,4
2024-04-06 05:00:00,0.01470879,0.0,2024-04-06,5
2024-04-06 06:00:00,0.05134253,0.04982177,2024-04-06,6
2024-04-06 07:00:00,0.2370366,0.2320688,2024-04-06,7
2024-04-06 08:00:00,0.2132193,0.2075914,2024-04-06,8
2024-04-06 09:00:00,0.2709536,0.2639595,2024-04-06,9
2024-04-06 10:00:00,0.5043876,0.5002249,2024-04-06,10
2024-04-06 11:00:00,0.7715291,0.7949169,2024-04-06,11
2024-04-06 12:00:00,0.681985,0.6941795,2024-04-06,12
2024-04-06 13:00:00,0.2366414,0.2303252,2024-04-06,13
2024-04-06 14:00:00,0.3960126,0.3912,2024-04-06,14
2024-04-06 15:00:00,0.3336052,0.3299546,2024-04-06,15
2024-04-06 16:00:00,0.1298875,0.1262491,2024-04-06,16
2024-04-06 17:00:00,0.03258246,0.03136404,2024-04-06,17
2024-04-06 18:00:00,0.0,0.0,2024-04-06,18
2024-04-06 19:00:00,0.0,0.0,2024-04-06,19
2024-04-06 20:00:00,0.0,0.0,2024-04-06,20
2024-04-06 21:00:00,0.0,0.0,2024-04-06,21
2024-04-06 22:00:00,0.0,0.0,2024-04-06,22
2024-04-06 23:00:00,0.0,0.0,2024-04-06,23
2024-04-07 00:00:00,0.0,0.0,2024-04-07,0
2024-04-07 01:00:00,0.0,0.0,2024-04-07,1
2024-04-07 02:00:00,0.0,0.0,2024-04-07,2
2024-04-07 03:00:00,0.0,0.0,2024-04-07,3
2024-04-07 04:00:00,0.0,0.0,2024-04-07,4
2024-04-07 05:00:00,0.02118432,0.0,2024-04-07,5
2024-04-07 06:00:00,0.1594157,0.1492234,2024-04-07,6
2024-04-07 07:00:00,0.2589571,0.2537687,2024-04-07,7
2024-04-07 08:00:00,0.5439575,0.5521664,2024-04-07,8
2024-04-07 09:00:00,0.7670496,0.7935856,2024-04-07,9
2024-04-07 10:00:00,0.8927782,0.9302241,2024-04-07,10
2024-04-07 11:00:00,0.8493878,0.8812176,2024-04-07,11
2024-04-07 12:00:00,1.015218,1.06185,2024-04-07,12
2024-04-07 13:00:00,0.9359745,0.975121,2024-04-07,13
2024-04-07 14:00:00,0.6588328,0.6762164,2024-04-07,14
2024-04-07 15:00:00,0.3981097,0.3969666,2024-04-07,15
2024-04-07 16:00:00,0.2249976,0.2180106,2024-04-07,16
2024-04-07 17:00:00,0.04590655,0.04304562,2024-04-07,17
2024-04-07 18:00:00,0.0,0.0,2024-04-07,18
2024-04-07 19:00:00,0.0,0.0,2024-04-07,19
2024-04-07 20:00:00,0.0,0.0,2024-04-07,20
2024-04-07 21:00:00,0.0,0.0,2024-04-07,21
2024-04-07 22:00:00,0.0,0.0,2024-04-07,22
2024-04-07 23:00:00,0.0,0.0,2024-04-07,23
2024-04-08 00:00:00,0.0,0.0,2024-04-08,0
2024-04-08 01:00:00,0.0,0.0,2024-04-08,1
2024-04-08 02:00:00,0.0,0.0,2024-04-08,2
2024-04-08 03:00:00,0.0,0.0,2024-04-08,3
2024-04-08 04:00:00,0.0,0.0,2024-04-08,4
2024-04-08 05:00:00,0.02215466,0.0,2024-04-08,5
2024-04-08 06:00:00,0.09830033,0.09492511,2024-04-08,6
2024-04-08 07:00:00,0.3138197,0.3085214,2024-04-08,7
2024-04-08 08:00:00,0.3820259,0.377499,2024-04-08,8
2024-04-08 09:00:00,0.4681668,0.4641734,2024-04-08,9
2024-04-08 10:00:00,0.816328,0.8438179,2024-04-08,10
2024-04-08 11:00:00,0.8575414,0.8882674,2024-04-08,11
2024-04-08 12:00:00,1.019971,1.064103,2024-04-08,12
2024-04-08 13:00:00,0.8394033,0.8697784,2024-04-08,13
2024-04-08 14:00:00,0.5329555,0.5366632,2024-04-08,14
2024-04-08 15:00:00,0.4914925,0.4937534,2024-04-08,15
2024-04-08 16:00:00,0.214812,0.2076426,2024-04-08,16
2024-04-08 17:00:00,0.06900729,0.0563424,2024-04-08,17
2024-04-08 18:00:00,0.0,0.0,2024-04-08,18
2024-04-08 19:00:00,0.0,0.0,2024-04-08,19
2024-04-08 20:00:00,0.0,0.0,2024-04-08,20
2024-04-08 21:00:00,0.0,0.0,2024-04-08,21
2024-04-08 22:00:00,0.0,0.0,2024-04-08,22
2024-04-08 23:00:00,0.0,0.0,2024-04-08,23
2024-04-09 00:00:00,0.0,0.0,2024-04-09,0
2024-04-09 01:00:00,0.0,0.0,2024-04-09,1
2024-04-09 02:00:00,0.0,0.0,2024-04-09,2
2024-04-09 03:00:00,0.0,0.0,2024-04-09,3
2024-04-09 04:00:00,0.0,0.0,2024-04-09,4
2024-04-09 05:00:00,0.01687613,0.0,2024-04-09,5
2024-04-09 06:00:00,0.09994981,0.09644663,2024-04-09,6
2024-04-09 07:00:00,0.2521734,0.2462664,2024-04-09,7
2024-04-09 08:00:00,0.4257649,0.422729,2024-04-09,8
2024-04-09 09:00:00,0.3846443,0.3772347,2024-04-09,9
2024-04-09 10:00:00,0.4635574,0.4564193,2024-04-09,10
2024-04-09 11:00:00,0.4092615,0.4003878,2024-04-09,11
2024-04-09 12:00:00,0.6982749,0.7088638,2024-04-09,12
2024-04-09 13:00:00,0.7959924,0.8203042,2024-04-09,13
2024-04-09 14:00:00,0.6452917,0.6574749,2024-04-09,14
2024-04-09 15:00:00,0.2439877,0.2380591,2024-04-09,15
2024-04-09 16:00:00,0.2464211,0.2363492,2024-04-09,16
2024-04-09 17:00:00,0.03721331,0.0356121,2024-04-09,17
2024-04-09 18:00:00,0.0,0.0,2024-04-09,18
2024-04-09 19:00:00,0.0,0.0,2024-04-09,19
2024-04-09 20:00:00,0.0,0.0,2024-04-09,20
2024-04-09 21:00:00,0.0,0.0,2024-04-09,21
2024-04-09 22:00:00,0.0,0.0,2024-04-09,22
2024-04-09 23:00:00,0.0,0.0,2024-04-09,23
2024-04-10 00:00:00,0.0,0.0,2024-04-10,0
2024-04-10 01:00:00,0.0,0.0,2024-04-10,1
2024-04-10 02:00:00,0.0,0.0,2024-04-10,2
2024-04-10 03:00:00,0.0,0.0,2024-04-10,3
2024-04-10 04:00:00,0.0,0.0,2024-04-10,4
2024-04-10 05:00:00,0.02674669,0.005057311,2024-04-10,5
2024-04-10 06:00:00,0.2239263,0.1981173,2024-04-10,6
2024-04-10 07:00:00,0.4523128,0.4439577,2024-04-10,7
2024-04-10 08:00:00,0.5630466,0.5673634,2024-04-10,8
2024-04-10 09:00:00,0.8008201,0.8228493,2024-04-10,9
2024-04-10 10:00:00,0.9227552,0.9551446,2024-04-10,10
2024-04-10 11:00:00,0.8859719,0.9154895,2024-04-10,11
2024-04-10 12:00:00,0.8267651,0.8506,2024-04-10,12
2024-04-10 13:00:00,0.7193242,0.7341494,2024-04-10,13
2024-04-10 14:00:00,0.5764999,0.5813839,2024-04-10,14
2024-04-10 15:00:00,0.5976775,0.5974444,2024-04-10,15
2024-04-10 16:00:00,0.3905925,0.3674869,2024-04-10,16
2024-04-10 17:00:00,0.112128,0.06778165,2024-04-10,17
2024-04-10 18:00:00,0.0,0.0,2024-04-10,18
2024-04-10 19:00:00,0.0,0.0,2024-04-10,19
2024-04-10 20:00:00,0.0,0.0,2024-04-10,20
2024-04-10 21:00:00,0.0,0.0,2024-04-10,21
2024-04-10 22:00:00,0.0,0.0,2024-04-10,22
2024-04-10 23:00:00,0.0,0.0,2024-04-10,23
2024-04-11 00:00:00,0.0,0.0,2024-04-11,0
2024-04-11 01:00:00,0.0,0.0,2024-04-11,1
2024-04-11 02:00:00,0.0,0.0,2024-04-11,2
2024-04-11 03:00:00,0.0,0.0,2024-04-11,3
2024-04-11 04:00:00,0.0,0.0,2024-04-11,4
2024-04-11 05:00:00,0.02948863,0.004461308,2024-04-11,5
2024-04-11 06:00:00,0.1949853,0.1750413,2024-04-11,6
2024-04-11 07:00:00,0.4060667,0.3966704,2024-04-11,7
2024-04-11 08:00:00,0.7554198,0.7639424,2024-04-11,8
2024-04-11 09:00:00,0.8270338,0.8481304,2024-04-11,9
2024-04-11 10:00:00,0.7941457,0.8133928,2024-04-11,10
2024-04-11 11:00:00,0.8490906,0.8728657,2024-04-11,11
2024-04-11 12:00:00,0.620565,0.621266,2024-04-11,12
2024-04-11 13:00:00,0.5307925,0.5274785,2024-04-11,13
2024-04-11 14:00:00,0.6582256,0.6673914,2024-04-11,14
2024-04-11 15:00:00,0.5802457,0.5774,2024-04-11,15
2024-04-11 16:00:00,0.3652487,0.3412062,2024-04-11,16
2024-04-11 17:00:00,0.1166499,0.0683455,2024-04-11,17
2024-04-11 18:00:00,0.0,0.0,2024-04-11,18
2024-04-11 19:00:00,0.0,0.0,2024-04-11,19
2024-04-11 20:00:00,0.0,0.0,2024-04-11,20
2024-04-11 21:00:00,0.0,0.0,2024-04-11,21
2024-04-11 22:00:00,0.0,0.0,2024-04-11,22
2024-04-11 23:00:00,0.0,0.0,2024-04-11,23
2024-04-12 00:00:00,0.0,0.0,2024-04-12,0
2024-04-12 01:00:00,0.0,0.0,2024-04-12,1
2024-04-12 02:00:00,0.0,0.0,2024-04-12,2
2024-04-12 03:00:00,0.0,0.0,2024-04-12,3
2024-04-12 04:00:00,0.0,0.0,2024-04-12,4
2024-04-12 05:00:00,0.03994258,0.00208601,2024-04-12,5
2024-04-12 06:00:00,0.2225782,0.1947772,2024-04-12,6
2024-04-12 07:00:00,0.4867802,0.4733511,2024-04-12,7
2024-04-12 08:00:00,0.3696672,0.363043,2024-04-12,8
2024-04-12 09:00:00,0.4863123,0.4812559,2024-04-12,9
2024-04-12 10:00:00,0.1426727,0.1386936,2024-04-12,10
2024-04-12 11:00:00,0.533445,0.5272061,2024-04-12,11
2024-04-12 12:00:00,0.8052297,0.8231523,2024-04-12,12
2024-04-12 13:00:00,0.8290448,0.8493771,2024-04-12,13
2024-04-12 14:00:00,0.364911,0.357585,2024-04-12,14
2024-04-12 15:00:00,0.2475183,0.2411988,2024-04-12,15
2024-04-12 16:00:00,0.1862509,0.1792764,2024-04-12,16
2024-04-12 17:00:00,0.06061019,0.05260588,2024-04-12,17
2024-04-12 18:00:00,0.0,0.0,2024-04-12,18
2024-04-12 19:00:00,0.0,0.0,2024-04-12,19
2024-04-12 20:00:00,0.0,0.0,2024-04-12,20
2024-04-12 21:00:00,0.0,0.0,2024-04-12,21
2024-04-12 22:00:00,0.0,0.0,2024-04-12,22
2024-04-12 23:00:00,0.0,0.0,2024-04-12,23
2024-04-13 00:00:00,0.0,0.0,2024-04-13,0
2024-04-13 01:00:00,0.0,0.0,2024-04-13,1
2024-04-13 02:00:00,0.0,0.0,2024-04-13,2
2024-04-13 03:00:00,0.0,0.0,2024-04-13,3
2024-04-13 04:00:00,0.0,0.0,2024-04-13,4
2024-04-13 05:00:00,0.02797838,0.01004862,2024-04-13,5
2024-04-13 06:00:00,0.2145229,0.1879435,2024-04-13,6
2024-04-13 07:00:00,0.4262992,0.4129808,2024-04-13,7
2024-04-13 08:00:00,0.691082,0.6938003,2024-04-13,8
2024-04-13 09:00:00,0.9245706,0.9438312,2024-04-13,9
2024-04-13 10:00:00,1.018252,1.047406,2024-04-13,10
2024-04-13 11:00:00,1.019008,1.050762,2024-04-13,11
2024-04-13 12:00:00,0.9118019,0.9368632,2024-04-13,12
2024-04-13 13:00:00,0.7783929,0.793016,2024-04-13,13
2024-04-13 14:00:00,0.660208,0.6655498,2024-04-13,14
2024-04-13 15:00:00,0.4769399,0.469636,2024-04-13,15
2024-04-13 16:00:00,0.3199627,0.2958373,2024-04-13,16
2024-04-13 17:00:00,0.10368,0.06002154,2024-04-13,17
2024-04-13 18:00:00,0.0,0.0,2024-04-13,18
2024-04-13 19:00:00,0.0,0.0,2024-04-13,19
2024-04-13 20:00:00,0.0,0.0,2024-04-13,20
2024-04-13 21:00:00,0.0,0.0,2024-04-13,21
2024-04-13 22:00:00,0.0,0.0,2024-04-13,22
2024-04-13 23:00:00,0.0,0.0,2024-04-13,23
2024-04-14 00:00:00,0.0,0.0,2024-04-14,0
2024-04-14 01:00:00,0.0,0.0,2024-04-14,1
2024-04-14 02:00:00,0.0,0.0,2024-04-14,2
2024-04-14 03:00:00,0.0,0.0,2024-04-14,3
2024-04-14 04:00:00,0.0,0.0,2024-04-14,4
2024-04-14 05:00:00,0.02363651,0.01524513,2024-04-14,5
2024-04-14 06:00:00,0.1911831,0.1708468,2024-04-14,6
2024-04-14 07:00:00,0.2927973,0.284078,2024-04-14,7
2024-04-14 08:00:00,0.6451123,0.6448588,2024-04-14,8
2024-04-14 09:00:00,0.8417086,0.8562248,2024-04-14,9
2024-04-14 10:00:00,0.9433134,0.9671233,2024-04-14,10
2024-04-14 11:00:00,0.7774791,0.7889744,2024-04-14,11
2024-04-14 12:00:00,0.7165416,0.7229153,2024-04-14,12
2024-04-14 13:00:00,0.6712121,0.6757113,2024-04-14,13
2024-04-14 14:00:00,0.6554644,0.6586643,2024-04-14,14
2024-04-14 15:00:00,0.5746798,0.5644274,2024-04-14,15
2024-04-14 16:00:00,0.3225594,0.2961564,2024-04-14,16
2024-04-14 17:00:00,0.08259954,0.05788367,2024-04-14,17
2024-04-14 18:00:00,0.0,0.0,2024-04-14,18
2024-04-14 19:00:00,0.0,0.0,2024-04-14,19
2024-04-14 20:00:00,0.0,0.0,2024-04-14,20
2024-04-14 21:00:00,0.0,0.0,2024-04-14,21
2024-04-14 22:00:00,0.0,0.0,2024-04-14,22
2024-04-14 23:00:00,0.0,0.0,2024-04-14,23
2024-04-15 00:00:00,0.0,0.0,2024-04-15,0
2024-04-15 01:00:00,0.0,0.0,2024-04-15,1
2024-04-15 02:00:00,0.0,0.0,2024-04-15,2
2024-04-15 03:00:00,0.0,0.0,2024-04-15,3
2024-04-15 04:00:00,0.0,0.0,2024-04-15,4
2024-04-15 05:00:00,0.03383037,0.008401275,2024-04-15,5
2024-04-15 06:00:00,0.2344609,0.2005466,2024-04-15,6
2024-04-15 07:00:00,0.4876149,0.4677513,2024-04-15,7
2024-04-15 08:00:00,0.6880606,0.6861362,2024-04-15,8
2024-04-15 09:00:00,0.6618403,0.6648127,2024-04-15,9
2024-04-15 10:00:00,0.8544614,0.870944,2024-04-15,10
2024-04-15 11:00:00,0.8285522,0.8430563,2024-04-15,11
2024-04-15 12:00:00,0.8556018,0.8723661,2024-04-15,12
2024-04-15 13:00:00,0.6571461,0.6593445,2024-04-15,13
2024-04-15 14:00:00,0.7287412,0.732311,2024-04-15,14
2024-04-15 15:00:00,0.4710205,0.4604619,2024-04-15,15
2024-04-15 16:00:00,0.2356356,0.2217503,2024-04-15,16
2024-04-15 17:00:00,0.0647191,0.05456083,2024-04-15,17
2024-04-15 18:00:00,0.0,0.0,2024-04-15,18
2024-04-15 19:00:00,0.0,0.0,2024-04-15,19
2024-04-15 20:00:00,0.0,0.0,2024-04-15,20
2024-04-15 21:00:00,0.0,0.0,2024-04-15,21
2024-04-15 22:00:00,0.0,0.0,2024-04-15,22
2024-04-15 23:00:00,0.0,0.0,2024-04-15,23
2024-04-16 00:00:00,0.0,0.0,2024-04-16,0
2024-04-16 01:00:00,0.0,0.0,2024-04-16,1
2024-04-16 02:00:00,0.0,0.0,2024-04-16,2
2024-04-16 03:00:00,0.0,0.0,2024-04-16,3
2024-04-16 04:00:00,0.0,0.0,2024-04-16,4
2024-04-16 05:00:00,0.03438655,0.01006963,2024-04-16,5
2024-04-16 06:00:00,0.2071877,0.1810764,2024-04-16,6
2024-04-16 07:00:00,0.4004548,0.3841115,2024-04-16,7
2024-04-16 08:00:00,0.5046372,0.498151,2024-04-16,8
2024-04-16 09:00:00,0.8028808,0.8114745,2024-04-16,9
2024-04-16 10:00:00,0.6821768,0.6840145,2024-04-16,10
2024-04-16 11:00:00,0.8441371,0.8581603,2024-04-16,11
2024-04-16 12:00:00,1.002482,1.025009,2024-04-16,12
2024-04-16 13:00:00,0.8897207,0.9037559,2024-04-16,13
2024-04-16 14:00:00,0.7867405,0.788748,2024-04-16,14
2024-04-16 15:00:00,0.53052,0.5167118,2024-04-16,15
2024-04-16 16:00:00,0.2156963,0.2041581,2024-04-16,16
2024-04-16 17:00:00,0.08156046,0.05776957,2024-04-16,17
2024-04-16 18:00:00,0.0,0.0,2024-04-16,18
2024-04-16 19:00:00,0.0,0.0,2024-04-16,19
2024-04-16 20:00:00,0.0,0.0,2024-04-16,20
2024-04-16 21:00:00,0.0,0.0,2024-04-16,21
2024-04-16 22:00:00,0.0,0.0,2024-04-16,22
2024-04-16 23:00:00,0.0,0.0,2024-04-16,23
2024-04-17 00:00:00,0.0,0.0,2024-04-17,0
2024-04-17 01:00:00,0.0,0.0,2024-04-17,1
2024-04-17 02:00:00,0.0,0.0,2024-04-17,2
2024-04-17 03:00:00,0.0,0.0,2024-04-17,3
2024-04-17 04:00:00,0.0,0.0,2024-04-17,4
2024-04-17 05:00:00,0.02489607,0.01845322,2024-04-17,5
2024-04-17 06:00:00,0.1409236,0.1326871,2024-04-17,6
2024-04-17 07:00:00,0.3398153,0.3268299,2024-04-17,7
2024-04-17 08:00:00,0.6373685,0.6309856,2024-04-17,8
2024-04-17 09:00:00,0.7820761,0.7878101,2024-04-17,9
2024-04-17 10:00:00,0.7606443,0.7669595,2024-04-17,10
2024-04-17 11:00:00,1.05777,1.080661,2024-04-17,11
2024-04-17 12:00:00,0.7243716,0.7277566,2024-04-17,12
2024-04-17 13:00:00,0.6384692,0.6372162,2024-04-17,13
2024-04-17 14:00:00,0.379407,0.3710728,2024-04-17,14
2024-04-17 15:00:00,0.2808847,0.2731532,2024-04-17,15
2024-04-17 16:00:00,0.1972993,0.1878079,2024-04-17,16
2024-04-17 17:00:00,0.07671572,0.05760722,2024-04-17,17
2024-04-17 18:00:00,0.0,0.0,2024-04-17,18
2024-04-17 19:00:00,0.0,0.0,2024-04-17,19
2024-04-17 20:00:00,0.0,0.0,2024-04-17,20
2024-04-17 21:00:00,0.0,0.0,2024-04-17,21
2024-04-17 22:00:00,0.0,0.0,2024-04-17,22
2024-04-17 23:00:00,0.0,0.0,2024-04-17,23
2024-04-18 00:00:00,0.0,0.0,2024-04-18,0
2024-04-18 01:00:00,0.0,0.0,2024-04-18,1
2024-04-18 02:00:00,0.0,0.0,2024-04-18,2
2024-04-18 03:00:00,0.0,0.0,2024-04-18,3
2024-04-18 04:00:00,0.0,0.0,2024-04-18,4
2024-04-18 05:00:00,0.0245342,0.01935538,2024-04-18,5
2024-04-18 06:00:00,0.08600698,0.08318345,2024-04-18,6
2024-04-18 07:00:00,0.09308873,0.09039634,2024-04-18,7
2024-04-18 08:00:00,0.2169562,0.2109253,2024-04-18,8
2024-04-18 09:00:00,0.3137756,0.3055717,2024-04-18,9
2024-04-18 10:00:00,0.1737017,0.1688586,2024-04-18,10
2024-04-18 11:00:00,0.1535697,0.1492676,2024-04-18,11
2024-04-18 12:00:00,0.2298249,0.2235,2024-04-18,12
2024-04-18 13:00:00,0.1559591,0.1515921,2024-04-18,13
2024-04-18 14:00:00,0.2026493,0.1970126,2024-04-18,14
2024-04-18 15:00:00,0.253,0.2458743,2024-04-18,15
2024-04-18 16:00:00,0.171912,0.164928,2024-04-18,16
2024-04-18 17:00:00,0.02266025,0.02183925,2024-04-18,17
2024-04-18 18:00:00,6.02723e-07,0.0,2024-04-18,18
2024-04-18 19:00:00,0.0,0.0,2024-04-18,19
2024-04-18 20:00:00,0.0,0.0,2024-04-18,20
2024-04-18 21:00:00,0.0,0.0,2024-04-18,21
2024-04-18 22:00:00,0.0,0.0,2024-04-18,22
2024-04-18 23:00:00,0.0,0.0,2024-04-18,23
2024-04-19 00:00:00,0.0,0.0,2024-04-19,0
2024-04-19 01:00:00,0.0,0.0,2024-04-19,1
2024-04-19 02:00:00,0.0,0.0,2024-04-19,2
2024-04-19 03:00:00,0.0,0.0,2024-04-19,3
2024-04-19 04:00:00,0.0,0.0,2024-04-19,4
2024-04-19 05:00:00,0.02761921,0.02018391,2024-04-19,5
2024-04-19 06:00:00,0.2464758,0.2053374,2024-04-19,6
2024-04-19 07:00:00,0.5363021,0.505353,2024-04-19,7
2024-04-19 08:00:00,0.7355912,0.7243033,2024-04-19,8
2024-04-19 09:00:00,0.8784683,0.8820468,2024-04-19,9
2024-04-19 10:00:00,1.036315,1.05049,2024-04-19,10
2024-04-19 11:00:00,1.01807,1.035043,2024-04-19,11
2024-04-19 12:00:00,1.054624,1.0709,2024-04-19,12
2024-04-19 13:00:00,1.027587,1.036496,2024-04-19,13
2024-04-19 14:00:00,0.8231173,0.8175697,2024-04-19,14
2024-04-19 15:00:00,0.6341991,0.609808,2024-04-19,15
2024-04-19 16:00:00,0.312947,0.2794611,2024-04-19,16
2024-04-19 17:00:00,0.08109128,0.05812186,2024-04-19,17
2024-04-19 18:00:00,4.80536e-06,0.0,2024-04-19,18
2024-04-19 19:00:00,0.0,0.0,2024-04-19,19
2024-04-19 20:00:00,0.0,0.0,2024-04-19,20
2024-04-19 21:00:00,0.0,0.0,2024-04-19,21
2024-04-19 22:00:00,0.0,0.0,2024-04-19,22
2024-04-19 23:00:00,0.0,0.0,2024-04-19,23
2024-04-20 00:00:00,0.0,0.0,2024-04-20,0
2024-04-20 01:00:00,0.0,0.0,2024-04-20,1
2024-04-20 02:00:00,0.0,0.0,2024-04-20,2
2024-04-20 03:00:00,0.0,0.0,2024-04-20,3
2024-04-20 04:00:00,0.0,0.0,2024-04-20,4
2024-04-20 05:00:00,0.05204721,0.003841937,2024-04-20,5
2024-04-20 06:00:00,0.2175004,0.1862385,2024-04-20,6
2024-04-20 07:00:00,0.3167657,0.3038816,2024-04-20,7
2024-04-20 08:00:00,0.4641197,0.4539158,2024-04-20,8
2024-04-20 09:00:00,0.9536353,0.9552637,2024-04-20,9
2024-04-20 10:00:00,1.022111,1.033578,2024-04-20,10
2024-04-20 11:00:00,0.8125978,0.8178247,2024-04-20,11
2024-04-20 12:00:00,0.8939558,0.9031751,2024-04-20,12
2024-04-20 13:00:00,0.9122252,0.9173078,2024-04-20,13
2024-04-20 14:00:00,0.3950732,0.3859655,2024-04-20,14
2024-04-20 15:00:00,0.5220376,0.5007125,2024-04-20,15
2024-04-20 16:00:00,0.3095781,0.2753021,2024-04-20,16
2024-04-20 17:00:00,0.08116937,0.05833752,2024-04-20,17
2024-04-20 18:00:00,2.00505e-05,0.0,2024-04-20,18
2024-04-20 19:00:00,0.0,0.0,2024-04-20,19
2024-04-20 20:00:00,0.0,0.0,2024-04-20,20
2024-04-20 21:00:00,0.0,0.0,2024-04-20,21
2024-04-20 22:00:00,0.0,0.0,2024-04-20,22
2024-04-20 23:00:00,0.0,0.0,2024-04-20,23
2024-04-21 00:00:00,0.0,0.0,2024-04-21,0
2024-04-21 01:00:00,0.0,0.0,2024-04-21,1
2024-04-21 02:00:00,0.0,0.0,2024-04-21,2
2024-04-21 03:00:00,0.0,0.0,2024-04-21,3
2024-04-21 04:00:00,0.0,0.0,2024-04-21,4
2024-04-21 05:00:00,0.03797172,0.01767288,2024-04-21,5
2024-04-21 06:00:00,0.1048995,0.1010151,2024-04-21,6
2024-04-21 07:00:00,0.1652303,0.1603593,2024-04-21,7
2024-04-21 08:00:00,0.1819591,0.1768194,2024-04-21,8
2024-04-21 09:00:00,0.6111408,0.6045969,2024-04-21,9
2024-04-21 10:00:00,0.9178747,0.9249385,2024-04-21,10
2024-04-21 11:00:00,0.8110763,0.8147123,2024-04-21,11
2024-04-21 12:00:00,0.625454,0.6193483,2024-04-21,12
2024-04-21 13:00:00,0.6985046,0.6954547,2024-04-21,13
2024-04-21 14:00:00,0.5826655,0.5731614,2024-04-21,14
2024-04-21 15:00:00,0.3578513,0.3457065,2024-04-21,15
2024-04-21 16:00:00,0.2748072,0.2478188,2024-04-21,16
2024-04-21 17:00:00,0.08717643,0.05816505,2024-04-21,17
2024-04-21 18:00:00,4.71305e-05,0.0,2024-04-21,18
2024-04-21 19:00:00,0.0,0.0,2024-04-21,19
2024-04-21 20:00:00,0.0,0.0,2024-04-21,20
2024-04-21 21:00:00,0.0,0.0,2024-04-21,21
2024-04-21 22:00:00,0.0,0.0,2024-04-21,22
2024-04-21 23:00:00,0.0,0.0,2024-04-21,23
2024-04-22 00:00:00,0.0,0.0,2024-04-22,0
2024-04-22 01:00:00,0.0,0.0,2024-04-22,1
2024-04-22 02:00:00,0.0,0.0,2024-04-22,2
2024-04-22 03:00:00,0.0,0.0,2024-04-22,3
2024-04-22 04:00:00,0.0,0.0,2024-04-22,4
2024-04-22 05:00:00,0.04436362,0.01362726,2024-04-22,5
2024-04-22 06:00:00,0.1497638,0.1399506,2024-04-22,6
2024-04-22 07:00:00,0.3129141,0.2995363,2024-04-22,7
2024-04-22 08:00:00,0.7089673,0.6916389,2024-04-22,8
2024-04-22 09:00:00,0.8921044,0.8888752,2024-04-22,9
2024-04-22 10:00:00,0.9937226,1.000101,2024-04-22,10
2024-04-22 11:00:00,0.8301163,0.8332541,2024-04-22,11
2024-04-22 12:00:00,1.010552,1.018826,2024-04-22,12
2024-04-22 13:00:00,0.9013635,0.9017197,2024-04-22,13
2024-04-22 14:00:00,0.7662979,0.7541118,2024-04-22,14
2024-04-22 15:00:00,0.473528,0.4522561,2024-04-22,15
2024-04-22 16:00:00,0.2630462,0.2381803,2024-04-22,16
2024-04-22 17:00:00,0.1118723,0.05409618,2024-04-22,17
2024-04-22 18:00:00,9.23726e-05,0.0,2024-04-22,18
2024-04-22 19:00:00,0.0,0.0,2024-04-22,19
2024-04-22 20:00:00,0.0,0.0,2024-04-22,20
2024-04-22 21:00:00,0.0,0.0,2024-04-22,21
2024-04-22 22:00:00,0.0,0.0,2024-04-22,22
2024-04-22 23:00:00,0.0,0.0,2024-04-22,23
2024-04-23 00:00:00,0.0,0.0,2024-04-23,0
2024-04-23 01:00:00,0.0,0.0,2024-04-23,1
2024-04-23 02:00:00,0.0,0.0,2024-04-23,2
2024-04-23 03:00:00,0.0,0.0,2024-04-23,3
2024-04-23 04:00:00,0.0,0.0,2024-04-23,4
2024-04-23 05:00:00,0.04220032,0.01810259,2024-04-23,5
2024-04-23 06:00:00,0.2900312,0.2316954,2024-04-23,6
2024-04-23 07:00:00,0.5158862,0.4783911,2024-04-23,7
2024-04-23 08:00:00,0.7398657,0.7195974,2024-04-23,8
2024-04-23 09:00:00,0.8730091,0.8675814,2024-04-23,9
2024-04-23 10:00:00,1.018149,1.022423,2024-04-23,10
2024-04-23 11:00:00,1.035789,1.043787,2024-04-23,11
2024-04-23 12:00:00,0.9753561,0.9807904,2024-04-23,12
2024-04-23 13:00:00,0.858349,0.856082,2024-04-23,13
2024-04-23 14:00:00,0.8268481,0.8113419,2024-04-23,14
2024-04-23 15:00:00,0.6479816,0.6129405,2024-04-23,15
2024-04-23 16:00:00,0.4163775,0.3570415,2024-04-23,16
2024-04-23 17:00:00,0.1378334,0.05808613,2024-04-23,17
2024-04-23 18:00:00,0.000121101,0.0,2024-04-23,18
2024-04-23 19:00:00,0.0,0.0,2024-04-23,19
2024-04-23 20:00:00,0.0,0.0,2024-04-23,20
2024-04-23 21:00:00,0.0,0.0,2024-04-23,21
2024-04-23 22:00:00,0.0,0.0,2024-04-23,22
2024-04-23 23:00:00,0.0,0.0,2024-04-23,23
2024-04-24 00:00:00,0.0,0.0,2024-04-24,0
2024-04-24 01:00:00,0.0,0.0,2024-04-24,1
2024-04-24 02:00:00,0.0,0.0,2024-04-24,2
2024-04-24 03:00:00,0.0,0.0,2024-04-24,3
2024-04-24 04:00:00,0.0,0.0,2024-04-24,4
2024-04-24 05:00:00,0.03571728,0.02421196,2024-04-24,5
2024-04-24 06:00:00,0.2399769,0.198214,2024-04-24,6
2024-04-24 07:00:00,0.3986177,0.3737684,2024-04-24,7
2024-04-24 08:00:00,0.6833975,0.6628342,2024-04-24,8
2024-04-24 09:00:00,0.8862339,0.8785865,2024-04-24,9
2024-04-24 10:00:00,0.8858951,0.8861395,2024-04-24,10
2024-04-24 11:00:00,1.006795,1.012127,2024-04-24,11
2024-04-24 12:00:00,1.050851,1.054812,2024-04-24,12
2024-04-24 13:00:00,0.9502773,0.9461697,2024-04-24,13
2024-04-24 14:00:00,0.7719947,0.7552634,2024-04-24,14
2024-04-24 15:00:00,0.5700442,0.5375912,2024-04-24,15
2024-04-24 16:00:00,0.3215048,0.278352,2024-04-24,16
2024-04-24 17:00:00,0.1019489,0.05577719,2024-04-24,17
2024-04-24 18:00:00,0.000117863,0.0,2024-04-24,18
2024-04-24 19:00:00,0.0,0.0,2024-04-24,19
2024-04-24 20:00:00,0.0,0.0,2024-04-24,20
2024-04-24 21:00:00,0.0,0.0,2024-04-24,21
2024-04-24 22:00:00,0.0,0.0,2024-04-24,22
2024-04-24 23:00:00,0.0,0.0,2024-04-24,23
2024-04-25 00:00:00,0.0,0.0,2024-04-25,0
2024-04-25 01:00:00,0.0,0.0,2024-04-25,1
2024-04-25 02:00:00,0.0,0.0,2024-04-25,2
2024-04-25 03:00:00,0.0,0.0,2024-04-25,3
2024-04-25 04:00:00,0.0,0.0,2024-04-25,4
2024-04-25 05:00:00,0.05667994,0.008415676,2024-04-25,5
2024-04-25 06:00:00,0.2435751,0.1998695,2024-04-25,6
2024-04-25 07:00:00,0.4391911,0.4075471,2024-04-25,7
2024-04-25 08:00:00,0.3999266,0.3886247,2024-04-25,8
2024-04-25 09:00:00,0.3725098,0.3629001,2024-04-25,9
2024-04-25 10:00:00,0.5165133,0.5060935,2024-04-25,10
2024-04-25 11:00:00,0.7179899,0.7123248,2024-04-25,11
2024-04-25 12:00:00,0.8363126,0.8344026,2024-04-25,12
2024-04-25 13:00:00,0.5773697,0.567432,2024-04-25,13
2024-04-25 14:00:00,0.6156506,0.6005981,2024-04-25,14
2024-04-25 15:00:00,0.3752593,0.3595813,2024-04-25,15
2024-04-25 16:00:00,0.1592266,0.1527255,2024-04-25,16
2024-04-25 17:00:00,0.03709313,0.03551163,2024-04-25,17
2024-04-25 18:00:00,5.55417e-05,0.0,2024-04-25,18
2024-04-25 19:00:00,0.0,0.0,2024-04-25,19
2024-04-25 20:00:00,0.0,0.0,2024-04-25,20
2024-04-25 21:00:00,0.0,0.0,2024-04-25,21
2024-04-25 22:00:00,0.0,0.0,2024-04-25,22
2024-04-25 23:00:00,0.0,0.0,2024-04-25,23
2024-04-26 00:00:00,0.0,0.0,2024-04-26,0
2024-04-26 01:00:00,0.0,0.0,2024-04-26,1
2024-04-26 02:00:00,0.0,0.0,2024-04-26,2
2024-04-26 03:00:00,0.0,0.0,2024-04-26,3
2024-04-26 04:00:00,0.0,0.0,2024-04-26,4
2024-04-26 05:00:00,0.04144068,0.0245207,2024-04-26,5
2024-04-26 06:00:00,0.2285887,0.1911647,2024-04-26,6
2024-04-26 07:00:00,0.4376529,0.4050457,2024-04-26,7
2024-04-26 08:00:00,0.5619537,0.5433907,2024-04-26,8
2024-04-26 09:00:00,0.795583,0.7843767,2024-04-26,9
2024-04-26 10:00:00,1.047883,1.04531,2024-04-26,10
2024-04-26 11:00:00,1.067844,1.069231,2024-04-26,11
2024-04-26 12:00:00,1.03258,1.031831,2024-04-26,12
2024-04-26 13:00:00,0.9181216,0.9096348,2024-04-26,13
2024-04-26 14:00:00,0.782736,0.761362,2024-04-26,14
2024-04-26 15:00:00,0.624855,0.584276,2024-04-26,15
2024-04-26 16:00:00,0.2967631,0.2583056,2024-04-26,16
2024-04-26 17:00:00,0.1020112,0.05628348,2024-04-26,17
2024-04-26 18:00:00,0.000306219,0.0,2024-04-26,18
2024-04-26 19:00:00,0.0,0.0,2024-04-26,19
2024-04-26 20:00:00,0.0,0.0,2024-04-26,20
2024-04-26 21:00:00,0.0,0.0,2024-04-26,21
2024-04-26 22:00:00,0.0,0.0,2024-04-26,22
2024-04-26 23:00:00,0.0,0.0,2024-04-26,23
2024-04-27 00:00:00,0.0,0.0,2024-04-27,0
2024-04-27 01:00:00,0.0,0.0,2024-04-27,1
2024-04-27 02:00:00,0.0,0.0,2024-04-27,2
2024-04-27 03:00:00,0.0,0.0,2024-04-27,3
2024-04-27 04:00:00,0.0,0.0,2024-04-27,4
2024-04-27 05:00:00,0.03277952,0.02712179,2024-04-27,5
2024-04-27 06:00:00,0.1278518,0.1218517,2024-04-27,6
2024-04-27 07:00:00,0.1714327,0.1662423,2024-04-27,7
2024-04-27 08:00:00,0.2802953,0.2722979,2024-04-27,8
2024-04-27 09:00:00,0.5526093,0.5408406,2024-04-27,9
2024-04-27 10:00:00,0.502314,0.4913103,2024-04-27,10
2024-04-27 11:00:00,0.4264007,0.415738,2024-04-27,11
2024-04-27 12:00:00,0.5966189,0.5862994,2024-04-27,12
2024-04-27 13:00:00,0.5383321,0.5271105,2024-04-27,13
2024-04-27 14:00:00,0.432165,0.4203332,2024-04-27,14
2024-04-27 15:00:00,0.4786502,0.4500032,2024-04-27,15
2024-04-27 16:00:00,0.2957698,0.2565823,2024-04-27,16
2024-04-27 17:00:00,0.1159931,0.05261341,2024-04-27,17
2024-04-27 18:00:00,0.000452461,0.0,2024-04-27,18
2024-04-27 19:00:00,0.0,0.0,2024-04-27,19
2024-04-27 20:00:00,0.0,0.0,2024-04-27,20
2024-04-27 21:00:00,0.0,0.0,2024-04-27,21
2024-04-27 22:00:00,0.0,0.0,2024-04-27,22
2024-04-27 23:00:00,0.0,0.0,2024-04-27,23
2024-04-28 00:00:00,0.0,0.0,2024-04-28,0
2024-04-28 01:00:00,0.0,0.0,2024-04-28,1
2024-04-28 02:00:00,0.0,0.0,2024-04-28,2
2024-04-28 03:00:00,0.0,0.0,2024-04-28,3
2024-04-28 04:00:00,0.0,0.0,2024-04-28,4
2024-04-28 05:00:00,0.03084322,0.02693464,2024-04-28,5
2024-04-28 06:00:00,0.2158312,0.1839012,2024-04-28,6
2024-04-28 07:00:00,0.2280202,0.2202201,2024-04-28,7
2024-04-28 08:00:00,0.1945,0.1889203,2024-04-28,8
2024-04-28 09:00:00,0.6406577,0.6275636,2024-04-28,9
2024-04-28 10:00:00,0.8478041,0.8403927,2024-04-28,10
2024-04-28 11:00:00,0.9322844,0.9284378,2024-04-28,11
2024-04-28 12:00:00,1.061791,1.056501,2024-04-28,12
2024-04-28 13:00:00,0.9312057,0.9182669,2024-04-28,13
2024-04-28 14:00:00,0.807016,0.7805321,2024-04-28,14
2024-04-28 15:00:00,0.6385902,0.5925537,2024-04-28,15
2024-04-28 16:00:00,0.3290558,0.2780952,2024-04-28,16
2024-04-28 17:00:00,0.09558477,0.05907047,2024-04-28,17
2024-04-28 18:00:00,0.000384386,0.0,2024-04-28,18
2024-04-28 19:00:00,0.0,0.0,2024-04-28,19
2024-04-28 20:00:00,0.0,0.0,2024-04-28,20
2024-04-28 21:00:00,0.0,0.0,2024-04-28,21
2024-04-28 22:00:00,0.0,0.0,2024-04-28,22
2024-04-28 23:00:00,0.0,0.0,2024-04-28,23
2024-04-29 00:00:00,0.0,0.0,2024-04-29,0
2024-04-29 01:00:00,0.0,0.0,2024-04-29,1
2024-04-29 02:00:00,0.0,0.0,2024-04-29,2
2024-04-29 03:00:00,0.0,0.0,2024-04-29,3
2024-04-29 04:00:00,0.0,0.0,2024-04-29,4
2024-04-29 05:00:00,0.01329111,0.01272904,2024-04-29,5
2024-04-29 06:00:00,0.1311579,0.124783,2024-04-29,6
2024-04-29 07:00:00,0.2378172,0.2293325,2024-04-29,7
2024-04-29 08:00:00,0.7011427,0.670529,2024-04-29,8
2024-04-29 09:00:00,0.5994583,0.5859404,2024-04-29,9
2024-04-29 10:00:00,0.7560321,0.7461731,2024-04-29,10
2024-04-29 11:00:00,0.8669088,0.8604074,2024-04-29,11
2024-04-29 12:00:00,0.7772206,0.7683212,2024-04-29,12
2024-04-29 13:00:00,0.6155066,0.6029506,2024-04-29,13
2024-04-29 14:00:00,0.6032154,0.5835056,2024-04-29,14
2024-04-29 15:00:00,0.2776488,0.2680899,2024-04-29,15
2024-04-29 16:00:00,0.249256,0.223875,2024-04-29,16
2024-04-29 17:00:00,0.07065906,0.0594514,2024-04-29,17
2024-04-29 18:00:00,0.000202266,0.0,2024-04-29,18
2024-04-29 19:00:00,0.0,0.0,2024-04-29,19
2024-04-29 20:00:00,0.0,0.0,2024-04-29,20
2024-04-29 21:00:00,0.0,0.0,2024-04-29,21
2024-04-29 22:00:00,0.0,0.0,2024-04-29,22
2024-04-29 23:00:00,0.0,0.0,2024-04-29,23
2024-04-30 00:00:00,0.0,0.0,2024-04-30,0
2024-04-30 01:00:00,0.0,0.0,2024-04-30,1
2024-04-30 02:00:00,0.0,0.0,2024-04-30,2
2024-04-30 03:00:00,0.0,0.0,2024-04-30,3
2024-04-30 04:00:00,0.0,0.0,2024-04-30,4
2024-04-30 05:00:00,0.06367634,0.01236356,2024-04-30,5
2024-04-30 06:00:00,0.3162506,0.2419623,2024-04-30,6
2024-04-30 07:00:00,0.4729214,0.429808,2024-04-30,7
2024-04-30 08:00:00,0.6774225,0.6464613,2024-04-30,8
2024-04-30 09:00:00,0.8345622,0.8155934,2024-04-30,9
2024-04-30 10:00:00,1.002559,0.9914656,2024-04-30,10
2024-04-30 11:00:00,1.170326,1.162355,2024-04-30,11
2024-04-30 12:00:00,1.024843,1.015373,2024-04-30,12
2024-04-30 13:00:00,0.9716914,0.9537892,2024-04-30,13
2024-04-30 14:00:00,0.8514971,0.818945,2024-04-30,14
2024-04-30 15:00:00,0.583418,0.5379312,2024-04-30,15
2024-04-30 16:00:00,0.4060632,0.3335858,2024-04-30,16
2024-04-30 17:00:00,0.1189675,0.05219206,2024-04-30,17
2024-04-30 18:00:00,0.00060742,0.0,2024-04-30,18
2024-04-30 19:00:00,0.0,0.0,2024-04-30,19
2024-04-30 20:00:00,0.0,0.0,2024-04-30,20
2024-04-30 21:00:00,0.0,0.0,2024-04-30,21
2024-04-30 22:00:00,0.0,0.0,2024-04-30,22
2024-04-30 23:00:00,0.0,0.0,2024-04-30,23
2024-05-01 00:00:00,0.0,0.0,2024-05-01,0
2024-05-01 01:00:00,0.0,0.0,2024-05-01,1
2024-05-01 02:00:00,0.0,0.0,2024-05-01,2
2024-05-01 03:00:00,0.0,0.0,2024-05-01,3
2024-05-01 04:00:00,0.0,0.0,2024-05-01,4
2024-05-01 05:00:00,0.04989505,0.02758358,2024-05-01,5
2024-05-01 06:00:00,0.3201054,0.2435092,2024-05-01,6
2024-05-01 07:00:00,0.5739401,0.515943,2024-05-01,7
2024-05-01 08:00:00,0.7338945,0.6977918,2024-05-01,8
2024-05-01 09:00:00,0.7825752,0.7631454,2024-05-01,9
2024-05-01 10:00:00,0.935141,0.9226243,2024-05-01,10
2024-05-01 11:00:00,0.9995434,0.9903429,2024-05-01,11
2024-05-01 12:00:00,1.062544,1.050603,2024-05-01,12
2024-05-01 13:00:00,0.9191927,0.9001869,2024-05-01,13
2024-05-01 14:00:00,0.7033078,0.6754722,2024-05-01,14
2024-05-01 15:00:00,0.5652899,0.5199152,2024-05-01,15
2024-05-01 16:00:00,0.3452832,0.2852566,2024-05-01,16
2024-05-01 17:00:00,0.1434329,0.05125797,2024-05-01,17
2024-05-01 18:00:00,0.000946931,0.0,2024-05-01,18
2024-05-01 19:00:00,0.0,0.0,2024-05-01,19
2024-05-01 20:00:00,0.0,0.0,2024-05-01,20
2024-05-01 21:00:00,0.0,0.0,2024-05-01,21
2024-05-01 22:00:00,0.0,0.0,2024-05-01,22
2024-05-01 23:00:00,0.0,0.0,2024-05-01,23
2024-05-02 00:00:00,0.0,0.0,2024-05-02,0
2024-05-02 01:00:00,0.0,0.0,2024-05-02,1
2024-05-02 02:00:00,0.0,0.0,2024-05-02,2
2024-05-02 03:00:00,0.0,0.0,2024-05-02,3
2024-05-02 04:00:00,0.0,0.0,2024-05-02,4
2024-05-02 05:00:00,0.04147804,0.03187378,2024-05-02,5
2024-05-02 06:00:00,0.131496,0.1251559,2024-05-02,6
2024-05-02 07:00:00,0.2150253,0.2077821,2024-05-02,7
2024-05-02 08:00:00,0.5073274,0.4867752,2024-05-02,8
2024-05-02 09:00:00,0.7314163,0.7119496,2024-05-02,9
2024-05-02 10:00:00,1.003591,0.9884124,2024-05-02,10
2024-05-02 11:00:00,0.7211047,0.7092036,2024-05-02,11
2024-05-02 12:00:00,0.8761727,0.8636416,2024-05-02,12
2024-05-02 13:00:00,0.8065764,0.7880797,2024-05-02,13
2024-05-02 14:00:00,0.7590606,0.726456,2024-05-02,14
2024-05-02 15:00:00,0.5119281,0.4719916,2024-05-02,15
2024-05-02 16:00:00,0.2955181,0.2518126,2024-05-02,16
2024-05-02 17:00:00,0.1303132,0.05002433,2024-05-02,17
2024-05-02 18:00:00,0.001256014,0.0,2024-05-02,18
2024-05-02 19:00:00,0.0,0.0,2024-05-02,19
2024-05-02 20:00:00,0.0,0.0,2024-05-02,20
2024-05-02 21:00:00,0.0,0.0,2024-05-02,21
2024-05-02 22:00:00,0.0,0.0,2024-05-02,22
2024-05-02 23:00:00,0.0,0.0,2024-05-02,23
2024-05-03 00:00:00,0.0,0.0,2024-05-03,0
2024-05-03 01:00:00,0.0,0.0,2024-05-03,1
2024-05-03 02:00:00,0.0,0.0,2024-05-03,2
2024-05-03 03:00:00,0.0,0.0,2024-05-03,3
2024-05-03 04:00:00,0.0,0.0,2024-05-03,4
2024-05-03 05:00:00,0.07895108,0.006488543,2024-05-03,5
2024-05-03 06:00:00,0.1582481,0.1470796,2024-05-03,6
2024-05-03 07:00:00,0.4035542,0.3705766,2024-05-03,7
2024-05-03 08:00:00,0.3923433,0.3791757,2024-05-03,8
2024-05-03 09:00:00,0.3767997,0.3663818,2024-05-03,9
2024-05-03 10:00:00,0.4193664,0.4082996,2024-05-03,10
2024-05-03 11:00:00,0.2422758,0.2354643,2024-05-03,11
2024-05-03 12:00:00,0.5700214,0.557098,2024-05-03,12
2024-05-03 13:00:00,0.5674322,0.5530226,2024-05-03,13
2024-05-03 14:00:00,0.6590756,0.6308838,2024-05-03,14
2024-05-03 15:00:00,0.4348898,0.4059932,2024-05-03,15
2024-05-03 16:00:00,0.2992852,0.253305,2024-05-03,16
2024-05-03 17:00:00,0.1036776,0.05932533,2024-05-03,17
2024-05-03 18:00:00,0.001042553,0.0,2024-05-03,18
2024-05-03 19:00:00,0.0,0.0,2024-05-03,19
2024-05-03 20:00:00,0.0,0.0,2024-05-03,20
2024-05-03 21:00:00,0.0,0.0,2024-05-03,21
2024-05-03 22:00:00,0.0,0.0,2024-05-03,22
2024-05-03 23:00:00,0.0,0.0,2024-05-03,23
2024-05-04 00:00:00,0.0,0.0,2024-05-04,0
2024-05-04 01:00:00,0.0,0.0,2024-05-04,1
2024-05-04 02:00:00,0.0,0.0,2024-05-04,2
2024-05-04 03:00:00,0.0,0.0,2024-05-04,3
2024-05-04 04:00:00,0.0,0.0,2024-05-04,4
2024-05-04 05:00:00,0.0673651,0.01721959,2024-05-04,5
2024-05-04 06:00:00,0.2299461,0.1908243,2024-05-04,6
2024-05-04 07:00:00,0.2514841,0.2415829,2024-05-04,7
2024-05-04 08:00:00,0.2932799,0.2844921,2024-05-04,8
2024-05-04 09:00:00,0.4645141,0.4516458,2024-05-04,9
2024-05-04 10:00:00,0.7555227,0.7400405,2024-05-04,10
2024-05-04 11:00:00,0.8340558,0.8202909,2024-05-04,11
2024-05-04 12:00:00,0.5833451,0.5699395,2024-05-04,12
2024-05-04 13:00:00,0.3015478,0.2930635,2024-05-04,13
2024-05-04 14:00:00,0.2396093,0.2326911,2024-05-04,14
2024-05-04 15:00:00,0.2054867,0.199154,2024-05-04,15
2024-05-04 16:00:00,0.2410435,0.2163474,2024-05-04,16
2024-05-04 17:00:00,0.02638377,0.02537671,2024-05-04,17
2024-05-04 18:00:00,0.001015316,0.0,2024-05-04,18
2024-05-04 19:00:00,0.0,0.0,2024-05-04,19
2024-05-04 20:00:00,0.0,0.0,2024-05-04,20
2024-05-04 21:00:00,0.0,0.0,2024-05-04,21
2024-05-04 22:00:00,0.0,0.0,2024-05-04,22
2024-05-04 23:00:00,0.0,0.0,2024-05-04,23
2024-05-05 00:00:00,0.0,0.0,2024-05-05,0
2024-05-05 01:00:00,0.0,0.0,2024-05-05,1
2024-05-05 02:00:00,0.0,0.0,2024-05-05,2
2024-05-05 03:00:00,0.0,0.0,2024-05-05,3
2024-05-05 04:00:00,0.0,0.0,2024-05-05,4
2024-05-05 05:00:00,0.07345362,0.01330222,2024-05-05,5
2024-05-05 06:00:00,0.2641782,0.2069161,2024-05-05,6
2024-05-05 07:00:00,0.3693254,0.3421402,2024-05-05,7
2024-05-05 08:00:00,0.5662907,0.5379691,2024-05-05,8
2024-05-05 09:00:00,0.4599862,0.4470273,2024-05-05,9
2024-05-05 10:00:00,0.3211323,0.312163,2024-05-05,10
2024-05-05 11:00:00,0.6723955,0.6582743,2024-05-05,11
2024-05-05 12:00:00,0.2714933,0.2638507,2024-05-05,12
2024-05-05 13:00:00,0.6451511,0.6274201,2024-05-05,13
2024-05-05 14:00:00,0.5776945,0.553296,2024-05-05,14
2024-05-05 15:00:00,0.4057602,0.3801385,2024-05-05,15
2024-05-05 16:00:00,0.2953493,0.2494212,2024-05-05,16
2024-05-05 17:00:00,0.1083646,0.05884004,2024-05-05,17
2024-05-05 18:00:00,0.001710972,0.0,2024-05-05,18
2024-05-05 19:00:00,0.0,0.0,2024-05-05,19
2024-05-05 20:00:00,0.0,0.0,2024-05-05,20
2024-05-05 21:00:00,0.0,0.0,2024-05-05,21
2024-05-05 22:00:00,0.0,0.0,2024-05-05,22
2024-05-05 23:00:00,0.0,0.0,2024-05-05,23
2024-05-06 00:00:00,0.0,0.0,2024-05-06,0
2024-05-06 01:00:00,0.0,0.0,2024-05-06,1
2024-05-06 02:00:00,0.0,0.0,2024-05-06,2
2024-05-06 03:00:00,0.0,0.0,2024-05-06,3
2024-05-06 04:00:00,0.0,0.0,2024-05-06,4
2024-05-06 05:00:00,0.07029436,0.0183891,2024-05-06,5
2024-05-06 06:00:00,0.1659584,0.1529835,2024-05-06,6
2024-05-06 07:00:00,0.2573086,0.2467213,2024-05-06,7
2024-05-06 08:00:00,0.3636648,0.3515293,2024-05-06,8
2024-05-06 09:00:00,0.5713903,0.5541323,2024-05-06,9
2024-05-06 10:00:00,0.4826087,0.4699903,2024-05-06,10
2024-05-06 11:00:00,0.5691497,0.5554964,2024-05-06,11
2024-05-06 12:00:00,0.7812641,0.7642158,2024-05-06,12
2024-05-06 13:00:00,0.4471773,0.4348008,2024-05-06,13
2024-05-06 14:00:00,0.5766336,0.5514153,2024-05-06,14
2024-05-06 15:00:00,0.5100149,0.4650871,2024-05-06,15
2024-05-06 16:00:00,0.2952343,0.2486681,2024-05-06,16
2024-05-06 17:00:00,0.08944544,0.06487838,2024-05-06,17
2024-05-06 18:00:00,0.000664441,0.0,2024-05-06,18
2024-05-06 19:00:00,0.0,0.0,2024-05-06,19
2024-05-06 20:00:00,0.0,0.0,2024-05-06,20
2024-05-06 21:00:00,0.0,0.0,2024-05-06,21
2024-05-06 22:00:00,0.0,0.0,2024-05-06,22
2024-05-06 23:00:00,0.0,0.0,2024-05-06,23
2024-05-07 00:00:00,0.0,0.0,2024-05-07,0
2024-05-07 01:00:00,0.0,0.0,2024-05-07,1
2024-05-07 02:00:00,0.0,0.0,2024-05-07,2
2024-05-07 03:00:00,0.0,0.0,2024-05-07,3
2024-05-07 04:00:00,0.0,0.0,2024-05-07,4
2024-05-07 05:00:00,0.06932294,0.02144123,2024-05-07,5
2024-05-07 06:00:00,0.06744113,0.0652393,2024-05-07,6
2024-05-07 07:00:00,0.4010578,0.3659417,2024-05-07,7
2024-05-07 08:00:00,0.6559447,0.616164,2024-05-07,8
2024-05-07 09:00:00,0.7162985,0.6912979,2024-05-07,9
2024-05-07 10:00:00,0.5572,0.5428727,2024-05-07,10
2024-05-07 11:00:00,0.5784925,0.5644037,2024-05-07,11
2024-05-07 12:00:00,0.5329298,0.5192998,2024-05-07,12
2024-05-07 13:00:00,0.6239235,0.6054738,2024-05-07,13
2024-05-07 14:00:00,0.4950649,0.4757984,2024-05-07,14
2024-05-07 15:00:00,0.5629866,0.5080742,2024-05-07,15
2024-05-07 16:00:00,0.3807595,0.3020093,2024-05-07,16
2024-05-07 17:00:00,0.1412906,0.04881873,2024-05-07,17
2024-05-07 18:00:00,0.001900176,0.0,2024-05-07,18
2024-05-07 19:00:00,0.0,0.0,2024-05-07,19
2024-05-07 20:00:00,0.0,0.0,2024-05-07,20
2024-05-07 21:00:00,0.0,0.0,2024-05-07,21
2024-05-07 22:00:00,0.0,0.0,2024-05-07,22
2024-05-07 23:00:00,0.0,0.0,2024-05-07,23
2024-05-08 00:00:00,0.0,0.0,2024-05-08,0
2024-05-08 01:00:00,0.0,0.0,2024-05-08,1
2024-05-08 02:00:00,0.0,0.0,2024-05-08,2
2024-05-08 03:00:00,0.0,0.0,2024-05-08,3
2024-05-08 04:00:00,0.0,0.0,2024-05-08,4
2024-05-08 05:00:00,0.02717096,0.02572764,2024-05-08,5
2024-05-08 06:00:00,0.1090597,0.1049757,2024-05-08,6
2024-05-08 07:00:00,0.164381,0.1592908,2024-05-08,7
2024-05-08 08:00:00,0.109346,0.1061672,2024-05-08,8
2024-05-08 09:00:00,0.06432473,0.0624668,2024-05-08,9
2024-05-08 10:00:00,0.02011362,0.01952937,2024-05-08,10
2024-05-08 11:00:00,0.06911951,0.06712852,2024-05-08,11
2024-05-08 12:00:00,0.0684605,0.0664878,2024-05-08,12
2024-05-08 13:00:00,0.3516528,0.3417016,2024-05-08,13
2024-05-08 14:00:00,0.165494,0.1606937,2024-05-08,14
2024-05-08 15:00:00,0.2284399,0.2209741,2024-05-08,15
2024-05-08 16:00:00,0.1163437,0.1124318,2024-05-08,16
2024-05-08 17:00:00,0.08658119,0.06603877,2024-05-08,17
2024-05-08 18:00:00,0.001655574,0.0,2024-05-08,18
2024-05-08 19:00:00,0.0,0.0,2024-05-08,19
2024-05-08 20:00:00,0.0,0.0,2024-05-08,20
2024-05-08 21:00:00,0.0,0.0,2024-05-08,21
2024-05-08 22:00:00,0.0,0.0,2024-05-08,22
2024-05-08 23:00:00,0.0,0.0,2024-05-08,23
2024-05-09 00:00:00,0.0,0.0,2024-05-09,0
2024-05-09 01:00:00,0.0,0.0,2024-05-09,1
2024-05-09 02:00:00,0.0,0.0,2024-05-09,2
2024-05-09 03:00:00,0.0,0.0,2024-05-09,3
2024-05-09 04:00:00,0.0,0.0,2024-05-09,4
2024-05-09 05:00:00,0.04701414,0.03738979,2024-05-09,5
2024-05-09 06:00:00,0.1837322,0.1653473,2024-05-09,6
2024-05-09 07:00:00,0.4662932,0.4142728,2024-05-09,7
2024-05-09 08:00:00,0.6851052,0.6396184,2024-05-09,8
2024-05-09 09:00:00,0.6953207,0.6693638,2024-05-09,9
2024-05-09 10:00:00,0.7238737,0.704268,2024-05-09,10
2024-05-09 11:00:00,1.062116,1.036852,2024-05-09,11
2024-05-09 12:00:00,1.028368,1.001181,2024-05-09,12
2024-05-09 13:00:00,0.9577554,0.9221969,2024-05-09,13
2024-05-09 14:00:00,0.8588524,0.807309,2024-05-09,14
2024-05-09 15:00:00,0.6562394,0.5864516,2024-05-09,15
2024-05-09 16:00:00,0.3594917,0.2846907,2024-05-09,16
2024-05-09 17:00:00,0.1318278,0.05157178,2024-05-09,17
2024-05-09 18:00:00,0.002048101,0.0,2024-05-09,18
2024-05-09 19:00:00,0.0,0.0,2024-05-09,19
2024-05-09 20:00:00,0.0,0.0,2024-05-09,20
2024-05-09 21:00:00,0.0,0.0,2024-05-09,21
2024-05-09 22:00:00,0.0,0.0,2024-05-09,22
2024-05-09 23:00:00,0.0,0.0,2024-05-09,23
2024-05-10 00:00:00,0.0,0.0,2024-05-10,0
2024-05-10 01:00:00,0.0,0.0,2024-05-10,1
2024-05-10 02:00:00,0.0,0.0,2024-05-10,2
2024-05-10 03:00:00,0.0,0.0,2024-05-10,3
2024-05-10 04:00:00,0.0,0.0,2024-05-10,4
2024-05-10 05:00:00,0.07029567,0.02625454,2024-05-10,5
2024-05-10 06:00:00,0.206278,0.1786999,2024-05-10,6
2024-05-10 07:00:00,0.4284188,0.3846861,2024-05-10,7
2024-05-10 08:00:00,0.7563948,0.7029995,2024-05-10,8
2024-05-10 09:00:00,0.8818643,0.8437687,2024-05-10,9
2024-05-10 10:00:00,0.9310466,0.903269,2024-05-10,10
2024-05-10 11:00:00,0.8358004,0.8147141,2024-05-10,11
2024-05-10 12:00:00,0.9813718,0.9537814,2024-05-10,12
2024-05-10 13:00:00,0.8680629,0.8346528,2024-05-10,13
2024-05-10 14:00:00,0.7110671,0.6687135,2024-05-10,14
2024-05-10 15:00:00,0.489722,0.444169,2024-05-10,15
2024-05-10 16:00:00,0.2432831,0.2162655,2024-05-10,16
2024-05-10 17:00:00,0.0900882,0.06719887,2024-05-10,17
2024-05-10 18:00:00,0.001536677,0.0,2024-05-10,18
2024-05-10 19:00:00,0.0,0.0,2024-05-10,19
2024-05-10 20:00:00,0.0,0.0,2024-05-10,20
2024-05-10 21:00:00,0.0,0.0,2024-05-10,21
2024-05-10 22:00:00,0.0,0.0,2024-05-10,22
2024-05-10 23:00:00,0.0,0.0,2024-05-10,23
2024-05-11 00:00:00,0.0,0.0,2024-05-11,0
2024-05-11 01:00:00,0.0,0.0,2024-05-11,1
2024-05-11 02:00:00,0.0,0.0,2024-05-11,2
2024-05-11 03:00:00,0.0,0.0,2024-05-11,3
2024-05-11 04:00:00,0.0,0.0,2024-05-11,4
2024-05-11 05:00:00,0.08170632,0.01645192,2024-05-11,5
2024-05-11 06:00:00,0.2787051,0.2112807,2024-05-11,6
2024-05-11 07:00:00,0.5237716,0.4572464,2024-05-11,7
2024-05-11 08:00:00,0.7581124,0.7029561,2024-05-11,8
2024-05-11 09:00:00,0.996468,0.9511769,2024-05-11,9
2024-05-11 10:00:00,1.062865,1.029054,2024-05-11,10
2024-05-11 11:00:00,0.9382922,0.9130036,2024-05-11,11
2024-05-11 12:00:00,1.058373,1.026729,2024-05-11,12
2024-05-11 13:00:00,0.935243,0.8970873,2024-05-11,13
2024-05-11 14:00:00,0.7340569,0.6881669,2024-05-11,14
2024-05-11 15:00:00,0.559406,0.499365,2024-05-11,15
2024-05-11 16:00:00,0.3324358,0.2662126,2024-05-11,16
2024-05-11 17:00:00,0.1044607,0.06522367,2024-05-11,17
2024-05-11 18:00:00,0.00278903,0.0,2024-05-11,18
2024-05-11 19:00:00,0.0,0.0,2024-05-11,19
2024-05-11 20:00:00,0.0,0.0,2024-05-11,20
2024-05-11 21:00:00,0.0,0.0,2024-05-11,21
2024-05-11 22:00:00,0.0,0.0,2024-05-11,22
2024-05-11 23:00:00,0.0,0.0,2024-05-11,23
2024-05-12 00:00:00,0.0,0.0,2024-05-12,0
2024-05-12 01:00:00,0.0,0.0,2024-05-12,1
2024-05-12 02:00:00,0.0,0.0,2024-05-12,2
2024-05-12 03:00:00,0.0,0.0,2024-05-12,3
2024-05-12 04:00:00,0.0,0.0,2024-05-12,4
2024-05-12 05:00:00,0.009420726,0.009085925,2024-05-12,5
2024-05-12 06:00:00,0.1448736,0.1367293,2024-05-12,6
2024-05-12 07:00:00,0.1685106,0.1632236,2024-05-12,7
2024-05-12 08:00:00,0.288877,0.2798955,2024-05-12,8
2024-05-12 09:00:00,0.4914872,0.4756486,2024-05-12,9
2024-05-12 10:00:00,0.4456286,0.4331299,2024-05-12,10
2024-05-12 11:00:00,0.6648291,0.6468599,2024-05-12,11
2024-05-12 12:00:00,0.4002164,0.3890162,2024-05-12,12
2024-05-12 13:00:00,0.2251889,0.2187211,2024-05-12,13
2024-05-12 14:00:00,0.0826501,0.08025023,2024-05-12,14
2024-05-12 15:00:00,0.09408458,0.0912912,2024-05-12,15
2024-05-12 16:00:00,0.2281581,0.2061028,2024-05-12,16
2024-05-12 17:00:00,0.06939365,0.06203696,2024-05-12,17
2024-05-12 18:00:00,0.000730031,0.0,2024-05-12,18
2024-05-12 19:00:00,0.0,0.0,2024-05-12,19
2024-05-12 20:00:00,0.0,0.0,2024-05-12,20
2024-05-12 21:00:00,0.0,0.0,2024-05-12,21
2024-05-12 22:00:00,0.0,0.0,2024-05-12,22
2024-05-12 23:00:00,0.0,0.0,2024-05-12,23
2024-05-13 00:00:00,0.0,0.0,2024-05-13,0
2024-05-13 01:00:00,0.0,0.0,2024-05-13,1
2024-05-13 02:00:00,0.0,0.0,2024-05-13,2
2024-05-13 03:00:00,0.0,0.0,2024-05-13,3
2024-05-13 04:00:00,0.0,0.0,2024-05-13,4
2024-05-13 05:00:00,0.08338836,0.01816276,2024-05-13,5
2024-05-13 06:00:00,0.2578466,0.2018217,2024-05-13,6
2024-05-13 07:00:00,0.3608437,0.332196,2024-05-13,7
2024-05-13 08:00:00,0.5313402,0.5007799,2024-05-13,8
2024-05-13 09:00:00,0.8449864,0.8043367,2024-05-13,9
2024-05-13 10:00:00,0.8856168,0.8552741,2024-05-13,10
2024-05-13 11:00:00,1.088943,1.055837,2024-05-13,11
2024-05-13 12:00:00,0.9527748,0.9214264,2024-05-13,12
2024-05-13 13:00:00,0.6376031,0.6145113,2024-05-13,13
2024-05-13 14:00:00,0.645184,0.6060878,2024-05-13,14
2024-05-13 15:00:00,0.4114087,0.3803035,2024-05-13,15
2024-05-13 16:00:00,0.2073328,0.1913308,2024-05-13,16
2024-05-13 17:00:00,0.05424686,0.05121804,2024-05-13,17
2024-05-13 18:00:00,0.001590122,0.0,2024-05-13,18
2024-05-13 19:00:00,0.0,0.0,2024-05-13,19
2024-05-13 20:00:00,0.0,0.0,2024-05-13,20
2024-05-13 21:00:00,0.0,0.0,2024-05-13,21
2024-05-13 22:00:00,0.0,0.0,2024-05-13,22
2024-05-13 23:00:00,0.0,0.0,2024-05-13,23
2024-05-14 00:00:00,0.0,0.0,2024-05-14,0
2024-05-14 01:00:00,0.0,0.0,2024-05-14,1
2024-05-14 02:00:00,0.0,0.0,2024-05-14,2
2024-05-14 03:00:00,0.0,0.0,2024-05-14,3
2024-05-14 04:00:00,0.0,0.0,2024-05-14,4
2024-05-14 05:00:00,0.05370742,0.04092834,2024-05-14,5
2024-05-14 06:00:00,0.2349525,0.1922714,2024-05-14,6
2024-05-14 07:00:00,0.5146028,0.446269,2024-05-14,7
2024-05-14 08:00:00,0.6034811,0.5620173,2024-05-14,8
2024-05-14 09:00:00,0.8088409,0.7692605,2024-05-14,9
2024-05-14 10:00:00,1.08577,1.045806,2024-05-14,10
2024-05-14 11:00:00,0.7796183,0.7563607,2024-05-14,11
2024-05-14 12:00:00,0.7889079,0.7633953,2024-05-14,12
2024-05-14 13:00:00,0.8809175,0.8407902,2024-05-14,13
2024-05-14 14:00:00,0.8026628,0.7464787,2024-05-14,14
2024-05-14 15:00:00,0.5330909,0.4743768,2024-05-14,15
2024-05-14 16:00:00,0.2594268,0.2251811,2024-05-14,16
2024-05-14 17:00:00,0.08571743,0.06894252,2024-05-14,17
2024-05-14 18:00:00,0.002410848,0.0,2024-05-14,18
2024-05-14 19:00:00,0.0,0.0,2024-05-14,19
2024-05-14 20:00:00,0.0,0.0,2024-05-14,20
2024-05-14 21:00:00,0.0,0.0,2024-05-14,21
2024-05-14 22:00:00,0.0,0.0,2024-05-14,22
2024-05-14 23:00:00,0.0,0.0,2024-05-14,23
2024-05-15 00:00:00,0.0,0.0,2024-05-15,0
2024-05-15 01:00:00,0.0,0.0,2024-05-15,1
2024-05-15 02:00:00,0.0,0.0,2024-05-15,2
2024-05-15 03:00:00,0.0,0.0,2024-05-15,3
2024-05-15 04:00:00,0.0,0.0,2024-05-15,4
2024-05-15 05:00:00,0.01962101,0.01877949,2024-05-15,5
2024-05-15 06:00:00,0.04150058,0.04020241,2024-05-15,6
2024-05-15 07:00:00,0.1657322,0.1605182,2024-05-15,7
2024-05-15 08:00:00,0.2483442,0.2408464,2024-05-15,8
2024-05-15 09:00:00,0.3457934,0.3355993,2024-05-15,9
2024-05-15 10:00:00,0.3438489,0.334043,2024-05-15,10
2024-05-15 11:00:00,0.306331,0.2976161,2024-05-15,11
2024-05-15 12:00:00,0.2081053,0.2021479,2024-05-15,12
2024-05-15 13:00:00,0.1249859,0.1213794,2024-05-15,13
2024-05-15 14:00:00,0.1017759,0.09881288,2024-05-15,14
2024-05-15 15:00:00,0.127438,0.1235966,2024-05-15,15
2024-05-15 16:00:00,0.1147535,0.1108598,2024-05-15,16
2024-05-15 17:00:00,0.02818679,0.02710775,2024-05-15,17
2024-05-15 18:00:00,0.000790671,0.0,2024-05-15,18
2024-05-15 19:00:00,0.0,0.0,2024-05-15,19
2024-05-15 20:00:00,0.0,0.0,2024-05-15,20
2024-05-15 21:00:00,0.0,0.0,2024-05-15,21
2024-05-15 22:00:00,0.0,0.0,2024-05-15,22
2024-05-15 23:00:00,0.0,0.0,2024-05-15,23
2024-05-16 00:00:00,0.0,0.0,2024-05-16,0
2024-05-16 01:00:00,0.0,0.0,2024-05-16,1
2024-05-16 02:00:00,0.0,0.0,2024-05-16,2
2024-05-16 03:00:00,0.0,0.0,2024-05-16,3
2024-05-16 04:00:00,0.0,0.0,2024-05-16,4
2024-05-16 05:00:00,0.1029487,0.007882575,2024-05-16,5
2024-05-16 06:00:00,0.2604486,0.20209,2024-05-16,6
2024-05-16 07:00:00,0.3558402,0.3273488,2024-05-16,7
2024-05-16 08:00:00,0.2184671,0.2119555,2024-05-16,8
2024-05-16 09:00:00,0.2092724,0.2032125,2024-05-16,9
2024-05-16 10:00:00,0.3123975,0.3034593,2024-05-16,10
2024-05-16 11:00:00,0.2492801,0.2421606,2024-05-16,11
2024-05-16 12:00:00,0.3906524,0.3795292,2024-05-16,12
2024-05-16 13:00:00,0.4942989,0.4782948,2024-05-16,13
2024-05-16 14:00:00,0.3026117,0.2932589,2024-05-16,14
2024-05-16 15:00:00,0.3798774,0.3539632,2024-05-16,15
2024-05-16 16:00:00,0.3153063,0.2539207,2024-05-16,16
2024-05-16 17:00:00,0.05443509,0.05150921,2024-05-16,17
2024-05-16 18:00:00,0.001373629,0.0,2024-05-16,18
2024-05-16 19:00:00,0.0,0.0,2024-05-16,19
2024-05-16 20:00:00,0.0,0.0,2024-05-16,20
2024-05-16 21:00:00,0.0,0.0,2024-05-16,21
2024-05-16 22:00:00,0.0,0.0,2024-05-16,22
2024-05-16 23:00:00,0.0,0.0,2024-05-16,23
2024-05-17 00:00:00,0.0,0.0,2024-05-17,0
2024-05-17 01:00:00,0.0,0.0,2024-05-17,1
2024-05-17 02:00:00,0.0,0.0,2024-05-17,2
2024-05-17 03:00:00,0.0,0.0,2024-05-17,3
2024-05-17 04:00:00,0.0,0.0,2024-05-17,4
2024-05-17 05:00:00,0.02126545,0.02033518,2024-05-17,5
2024-05-17 06:00:00,0.09940048,0.0958585,2024-05-17,6
2024-05-17 07:00:00,0.2500159,0.2393928,2024-05-17,7
2024-05-17 08:00:00,0.2656641,0.2574776,2024-05-17,8
2024-05-17 09:00:00,0.6898759,0.657015,2024-05-17,9
2024-05-17 10:00:00,0.2964392,0.2879403,2024-05-17,10
2024-05-17 11:00:00,0.4534926,0.4406085,2024-05-17,11
2024-05-17 12:00:00,0.604625,0.5858644,2024-05-17,12
2024-05-17 13:00:00,0.9037536,0.8579776,2024-05-17,13
2024-05-17 14:00:00,0.660326,0.6152878,2024-05-17,14
2024-05-17 15:00:00,0.3530026,0.3317609,2024-05-17,15
2024-05-17 16:00:00,0.1396786,0.1343328,2024-05-17,16
2024-05-17 17:00:00,0.03720003,0.03565472,2024-05-17,17
2024-05-17 18:00:00,0.001154049,0.0,2024-05-17,18
2024-05-17 19:00:00,0.0,0.0,2024-05-17,19
2024-05-17 20:00:00,0.0,0.0,2024-05-17,20
2024-05-17 21:00:00,0.0,0.0,2024-05-17,21
2024-05-17 22:00:00,0.0,0.0,2024-05-17,22
2024-05-17 23:00:00,0.0,0.0,2024-05-17,23
2024-05-18 00:00:00,0.0,0.0,2024-05-18,0
2024-05-18 01:00:00,0.0,0.0,2024-05-18,1
2024-05-18 02:00:00,0.0,0.0,2024-05-18,2
2024-05-18 03:00:00,0.0,0.0,2024-05-18,3
2024-05-18 04:00:00,0.0,0.0,2024-05-18,4
2024-05-18 05:00:00,0.04119425,0.03770268,2024-05-18,5
2024-05-18 06:00:00,0.176055,0.1604129,2024-05-18,6
2024-05-18 07:00:00,0.3873028,0.3499147,2024-05-18,7
2024-05-18 08:00:00,0.601514,0.556704,2024-05-18,8
2024-05-18 09:00:00,0.56814,0.5453972,2024-05-18,9
2024-05-18 10:00:00,0.5884706,0.569545,2024-05-18,10
2024-05-18 11:00:00,0.6060302,0.587711,2024-05-18,11
2024-05-18 12:00:00,0.4311975,0.4187557,2024-05-18,12
2024-05-18 13:00:00,0.4281749,0.4149541,2024-05-18,13
2024-05-18 14:00:00,0.6054887,0.5670661,2024-05-18,14
2024-05-18 15:00:00,0.3655836,0.3418605,2024-05-18,15
2024-05-18 16:00:00,0.1863506,0.1749856,2024-05-18,16
2024-05-18 17:00:00,0.03492725,0.0335107,2024-05-18,17
2024-05-18 18:00:00,0.001370726,0.0,2024-05-18,18
2024-05-18 19:00:00,0.0,0.0,2024-05-18,19
2024-05-18 20:00:00,0.0,0.0,2024-05-18,20
2024-05-18 21:00:00,0.0,0.0,2024-05-18,21
2024-05-18 22:00:00,0.0,0.0,2024-05-18,22
2024-05-18 23:00:00,0.0,0.0,2024-05-18,23
2024-05-19 00:00:00,0.0,0.0,2024-05-19,0
2024-05-19 01:00:00,0.0,0.0,2024-05-19,1
2024-05-19 02:00:00,0.0,0.0,2024-05-19,2
2024-05-19 03:00:00,0.0,0.0,2024-05-19,3
2024-05-19 04:00:00,0.0,0.0,2024-05-19,4
2024-05-19 05:00:00,0.08668657,0.02377476,2024-05-19,5
2024-05-19 06:00:00,0.203236,0.1769242,2024-05-19,6
2024-05-19 07:00:00,0.3114913,0.291823,2024-05-19,7
2024-05-19 08:00:00,0.6265858,0.5768873,2024-05-19,8
2024-05-19 09:00:00,0.7236636,0.6858475,2024-05-19,9
2024-05-19 10:00:00,1.049675,1.003183,2024-05-19,10
2024-05-19 11:00:00,0.8723555,0.8398692,2024-05-19,11
2024-05-19 12:00:00,0.6256267,0.6051471,2024-05-19,12
2024-05-19 13:00:00,0.6492222,0.6216295,2024-05-19,13
2024-05-19 14:00:00,0.3890447,0.3747476,2024-05-19,14
2024-05-19 15:00:00,0.3360184,0.3172106,2024-05-19,15
2024-05-19 16:00:00,0.2997103,0.2451474,2024-05-19,16
2024-05-19 17:00:00,0.1052462,0.07172185,2024-05-19,17
2024-05-19 18:00:00,0.002573427,0.0,2024-05-19,18
2024-05-19 19:00:00,0.0,0.0,2024-05-19,19
2024-05-19 20:00:00,0.0,0.0,2024-05-19,20
2024-05-19 21:00:00,0.0,0.0,2024-05-19,21
2024-05-19 22:00:00,0.0,0.0,2024-05-19,22
2024-05-19 23:00:00,0.0,0.0,2024-05-19,23
2024-05-20 00:00:00,0.0,0.0,2024-05-20,0
2024-05-20 01:00:00,0.0,0.0,2024-05-20,1
2024-05-20 02:00:00,0.0,0.0,2024-05-20,2
2024-05-20 03:00:00,0.0,0.0,2024-05-20,3
2024-05-20 04:00:00,0.0,0.0,2024-05-20,4
2024-05-20 05:00:00,0.03624082,0.03405219,2024-05-20,5
2024-05-20 06:00:00,0.1519312,0.1425328,2024-05-20,6
2024-05-20 07:00:00,0.2856936,0.2703047,2024-05-20,7
2024-05-20 08:00:00,0.3612936,0.3475514,2024-05-20,8
2024-05-20 09:00:00,0.2612464,0.253621,2024-05-20,9
2024-05-20 10:00:00,0.5934554,0.5736403,2024-05-20,10
2024-05-20 11:00:00,0.7473448,0.7211195,2024-05-20,11
2024-05-20 12:00:00,0.6769353,0.6531833,2024-05-20,12
2024-05-20 13:00:00,0.7704119,0.7312962,2024-05-20,13
2024-05-20 14:00:00,0.4640845,0.4429217,2024-05-20,14
2024-05-20 15:00:00,0.1830954,0.1773739,2024-05-20,15
2024-05-20 16:00:00,0.2402953,0.2132696,2024-05-20,16
2024-05-20 17:00:00,0.08969424,0.07254686,2024-05-20,17
2024-05-20 18:00:00,0.003630812,0.0,2024-05-20,18
2024-05-20 19:00:00,0.0,0.0,2024-05-20,19
2024-05-20 20:00:00,0.0,0.0,2024-05-20,20
2024-05-20 21:00:00,0.0,0.0,2024-05-20,21
2024-05-20 22:00:00,0.0,0.0,2024-05-20,22
2024-05-20 23:00:00,0.0,0.0,2024-05-20,23
2024-05-21 00:00:00,0.0,0.0,2024-05-21,0
2024-05-21 01:00:00,0.0,0.0,2024-05-21,1
2024-05-21 02:00:00,0.0,0.0,2024-05-21,2
2024-05-21 03:00:00,0.0,0.0,2024-05-21,3
2024-05-21 04:00:00,0.0,0.0,2024-05-21,4
2024-05-21 05:00:00,0.06611805,0.04312089,2024-05-21,5
2024-05-21 06:00:00,0.2288427,0.1888825,2024-05-21,6
2024-05-21 07:00:00,0.453039,0.3943805,2024-05-21,7
2024-05-21 08:00:00,0.5455529,0.5078069,2024-05-21,8
2024-05-21 09:00:00,0.8955699,0.8403684,2024-05-21,9
2024-05-21 10:00:00,0.838847,0.8019626,2024-05-21,10
2024-05-21 11:00:00,0.8764981,0.8417414,2024-05-21,11
2024-05-21 12:00:00,0.7697831,0.7394555,2024-05-21,12
2024-05-21 13:00:00,0.6903998,0.6578953,2024-05-21,13
2024-05-21 14:00:00,0.714419,0.6582421,2024-05-21,14
2024-05-21 15:00:00,0.6316013,0.5474225,2024-05-21,15
2024-05-21 16:00:00,0.3924877,0.2946899,2024-05-21,16
2024-05-21 17:00:00,0.1006098,0.07388637,2024-05-21,17
2024-05-21 18:00:00,0.00631187,0.0,2024-05-21,18
2024-05-21 19:00:00,0.0,0.0,2024-05-21,19
2024-05-21 20:00:00,0.0,0.0,2024-05-21,20
2024-05-21 21:00:00,0.0,0.0,2024-05-21,21
2024-05-21 22:00:00,0.0,0.0,2024-05-21,22
2024-05-21 23:00:00,0.0,0.0,2024-05-21,23
2024-05-22 00:00:00,0.0,0.0,2024-05-22,0
2024-05-22 01:00:00,0.0,0.0,2024-05-22,1
2024-05-22 02:00:00,0.0,0.0,2024-05-22,2
2024-05-22 03:00:00,0.0,0.0,2024-05-22,3
2024-05-22 04:00:00,9.76388e-08,0.0,2024-05-22,4
2024-05-22 05:00:00,0.08091792,0.03327936,2024-05-22,5
2024-05-22 06:00:00,0.1889942,0.1686674,2024-05-22,6
2024-05-22 07:00:00,0.2517338,0.2406412,2024-05-22,7
2024-05-22 08:00:00,0.2719004,0.2633369,2024-05-22,8
2024-05-22 09:00:00,0.4911977,0.4731248,2024-05-22,9
2024-05-22 10:00:00,0.8037415,0.7685059,2024-05-22,10
2024-05-22 11:00:00,0.7358335,0.7090575,2024-05-22,11
2024-05-22 12:00:00,0.6741275,0.6495997,2024-05-22,12
2024-05-22 13:00:00,0.6334397,0.6056489,2024-05-22,13
2024-05-22 14:00:00,0.4045139,0.3886593,2024-05-22,14
2024-05-22 15:00:00,0.2882079,0.2754824,2024-05-22,15
2024-05-22 16:00:00,0.201937,0.1871325,2024-05-22,16
2024-05-22 17:00:00,0.08531363,0.07217242,2024-05-22,17
2024-05-22 18:00:00,0.003215367,0.0,2024-05-22,18
2024-05-22 19:00:00,0.0,0.0,2024-05-22,19
2024-05-22 20:00:00,0.0,0.0,2024-05-22,20
2024-05-22 21:00:00,0.0,0.0,2024-05-22,21
2024-05-22 22:00:00,0.0,0.0,2024-05-22,22
2024-05-22 23:00:00,0.0,0.0,2024-05-22,23
2024-05-23 00:00:00,0.0,0.0,2024-05-23,0
2024-05-23 01:00:00,0.0,0.0,2024-05-23,1
2024-05-23 02:00:00,0.0,0.0,2024-05-23,2
2024-05-23 03:00:00,0.0,0.0,2024-05-23,3
2024-05-23 04:00:00,2.49233e-06,0.0,2024-05-23,4
2024-05-23 05:00:00,0.01577031,0.01515837,2024-05-23,5
2024-05-23 06:00:00,0.08272799,0.07988005,2024-05-23,6
2024-05-23 07:00:00,0.1675521,0.1621927,2024-05-23,7
2024-05-23 08:00:00,0.2006509,0.194637,2024-05-23,8
2024-05-23 09:00:00,0.2296772,0.2229666,2024-05-23,9
2024-05-23 10:00:00,0.1145174,0.1112091,2024-05-23,10
2024-05-23 11:00:00,0.1557079,0.1512231,2024-05-23,11
2024-05-23 12:00:00,0.1185102,0.1150892,2024-05-23,12
2024-05-23 13:00:00,0.286683,0.2783029,2024-05-23,13
2024-05-23 14:00:00,0.3247633,0.3141252,2024-05-23,14
2024-05-23 15:00:00,0.1885113,0.1825589,2024-05-23,15
2024-05-23 16:00:00,0.04894375,0.0474309,2024-05-23,16
2024-05-23 17:00:00,0.04851941,0.04632733,2024-05-23,17
2024-05-23 18:00:00,0.003316517,0.0,2024-05-23,18
2024-05-23 19:00:00,0.0,0.0,2024-05-23,19
2024-05-23 20:00:00,0.0,0.0,2024-05-23,20
2024-05-23 21:00:00,0.0,0.0,2024-05-23,21
2024-05-23 22:00:00,0.0,0.0,2024-05-23,22
2024-05-23 23:00:00,0.0,0.0,2024-05-23,23
2024-05-24 00:00:00,0.0,0.0,2024-05-24,0
2024-05-24 01:00:00,0.0,0.0,2024-05-24,1
2024-05-24 02:00:00,0.0,0.0,2024-05-24,2
2024-05-24 03:00:00,0.0,0.0,2024-05-24,3
2024-05-24 04:00:00,7.80329e-06,0.0,2024-05-24,4
2024-05-24 05:00:00,0.1016693,0.0149359,2024-05-24,5
2024-05-24 06:00:00,0.353961,0.2416268,2024-05-24,6
2024-05-24 07:00:00,0.5528044,0.4650328,2024-05-24,7
2024-05-24 08:00:00,0.7280957,0.6582832,2024-05-24,8
2024-05-24 09:00:00,0.6724017,0.6362009,2024-05-24,9
2024-05-24 10:00:00,0.9543164,0.9063104,2024-05-24,10
2024-05-24 11:00:00,0.9750038,0.9311774,2024-05-24,11
2024-05-24 12:00:00,0.7596439,0.7279757,2024-05-24,12
2024-05-24 13:00:00,0.7719145,0.7291451,2024-05-24,13
2024-05-24 14:00:00,0.6325271,0.5857641,2024-05-24,14
2024-05-24 15:00:00,0.4275985,0.3881587,2024-05-24,15
2024-05-24 16:00:00,0.2482171,0.2179325,2024-05-24,16
2024-05-24 17:00:00,0.09153609,0.07481802,2024-05-24,17
2024-05-24 18:00:00,0.006384976,0.0,2024-05-24,18
2024-05-24 19:00:00,0.0,0.0,2024-05-24,19
2024-05-24 20:00:00,0.0,0.0,2024-05-24,20
2024-05-24 21:00:00,0.0,0.0,2024-05-24,21
2024-05-24 22:00:00,0.0,0.0,2024-05-24,22
2024-05-24 23:00:00,0.0,0.0,2024-05-24,23
2024-05-25 00:00:00,0.0,0.0,2024-05-25,0
2024-05-25 01:00:00,0.0,0.0,2024-05-25,1
2024-05-25 02:00:00,0.0,0.0,2024-05-25,2
2024-05-25 03:00:00,0.0,0.0,2024-05-25,3
2024-05-25 04:00:00,1.67427e-05,0.0,2024-05-25,4
2024-05-25 05:00:00,0.09157535,0.02536623,2024-05-25,5
2024-05-25 06:00:00,0.2962929,0.2116726,2024-05-25,6
2024-05-25 07:00:00,0.5380374,0.4524646,2024-05-25,7
2024-05-25 08:00:00,0.8109584,0.73072,2024-05-25,8
2024-05-25 09:00:00,0.9462515,0.8823823,2024-05-25,9
2024-05-25 10:00:00,1.035198,0.9812941,2024-05-25,10
2024-05-25 11:00:00,0.9906917,0.9448472,2024-05-25,11
2024-05-25 12:00:00,1.039112,0.9874049,2024-05-25,12
2024-05-25 13:00:00,0.980401,0.9194015,2024-05-25,13
2024-05-25 14:00:00,0.847246,0.7723764,2024-05-25,14
2024-05-25 15:00:00,0.651173,0.5596958,2024-05-25,15
2024-05-25 16:00:00,0.4173675,0.3088533,2024-05-25,16
2024-05-25 17:00:00,0.1595806,0.0543802,2024-05-25,17
2024-05-25 18:00:00,0.006867991,0.0,2024-05-25,18
2024-05-25 19:00:00,0.0,0.0,2024-05-25,19
2024-05-25 20:00:00,0.0,0.0,2024-05-25,20
2024-05-25 21:00:00,0.0,0.0,2024-05-25,21
2024-05-25 22:00:00,0.0,0.0,2024-05-25,22
2024-05-25 23:00:00,0.0,0.0,2024-05-25,23
2024-05-26 00:00:00,0.0,0.0,2024-05-26,0
2024-05-26 01:00:00,0.0,0.0,2024-05-26,1
2024-05-26 02:00:00,0.0,0.0,2024-05-26,2
2024-05-26 03:00:00,0.0,0.0,2024-05-26,3
2024-05-26 04:00:00,3.17268e-05,0.0,2024-05-26,4
2024-05-26 05:00:00,0.09249499,0.02526048,2024-05-26,5
2024-05-26 06:00:00,0.3157989,0.2190687,2024-05-26,6
2024-05-26 07:00:00,0.5151014,0.4342899,2024-05-26,7
2024-05-26 08:00:00,0.8124616,0.7308289,2024-05-26,8
2024-05-26 09:00:00,0.842427,0.785799,2024-05-26,9
2024-05-26 10:00:00,0.8835545,0.8384799,2024-05-26,10
2024-05-26 11:00:00,0.9901406,0.9432408,2024-05-26,11
2024-05-26 12:00:00,1.061122,1.007054,2024-05-26,12
2024-05-26 13:00:00,0.8671398,0.813473,2024-05-26,13
2024-05-26 14:00:00,0.7321565,0.6688507,2024-05-26,14
2024-05-26 15:00:00,0.5783707,0.498686,2024-05-26,15
2024-05-26 16:00:00,0.3245569,0.2554061,2024-05-26,16
2024-05-26 17:00:00,0.1381371,0.06506139,2024-05-26,17
2024-05-26 18:00:00,0.007453322,0.0,2024-05-26,18
2024-05-26 19:00:00,0.0,0.0,2024-05-26,19
2024-05-26 20:00:00,0.0,0.0,2024-05-26,20
2024-05-26 21:00:00,0.0,0.0,2024-05-26,21
2024-05-26 22:00:00,0.0,0.0,2024-05-26,22
2024-05-26 23:00:00,0.0,0.0,2024-05-26,23
2024-05-27 00:00:00,0.0,0.0,2024-05-27,0
2024-05-27 01:00:00,0.0,0.0,2024-05-27,1
2024-05-27 02:00:00,0.0,0.0,2024-05-27,2
2024-05-27 03:00:00,0.0,0.0,2024-05-27,3
2024-05-27 04:00:00,3.09089e-05,0.0,2024-05-27,4
2024-05-27 05:00:00,0.06519805,0.04657383,2024-05-27,5
2024-05-27 06:00:00,0.281893,0.2056031,2024-05-27,6
2024-05-27 07:00:00,0.4208413,0.3687886,2024-05-27,7
2024-05-27 08:00:00,0.675917,0.6106532,2024-05-27,8
2024-05-27 09:00:00,0.875993,0.8152391,2024-05-27,9
2024-05-27 10:00:00,0.8363284,0.7942613,2024-05-27,10
2024-05-27 11:00:00,0.8130633,0.7776821,2024-05-27,11
2024-05-27 12:00:00,0.760466,0.7268958,2024-05-27,12
2024-05-27 13:00:00,0.6016545,0.5748608,2024-05-27,13
2024-05-27 14:00:00,0.5133258,0.4840227,2024-05-27,14
2024-05-27 15:00:00,0.6157271,0.5279874,2024-05-27,15
2024-05-27 16:00:00,0.4043925,0.2985186,2024-05-27,16
2024-05-27 17:00:00,0.1067265,0.07772936,2024-05-27,17
2024-05-27 18:00:00,0.005221668,0.0,2024-05-27,18
2024-05-27 19:00:00,0.0,0.0,2024-05-27,19
2024-05-27 20:00:00,0.0,0.0,2024-05-27,20
2024-05-27 21:00:00,0.0,0.0,2024-05-27,21
2024-05-27 22:00:00,0.0,0.0,2024-05-27,22
2024-05-27 23:00:00,0.0,0.0,2024-05-27,23
2024-05-28 00:00:00,0.0,0.0,2024-05-28,0
2024-05-28 01:00:00,0.0,0.0,2024-05-28,1
2024-05-28 02:00:00,0.0,0.0,2024-05-28,2
2024-05-28 03:00:00,0.0,0.0,2024-05-28,3
2024-05-28 04:00:00,5.41204e-05,0.0,2024-05-28,4
2024-05-28 05:00:00,0.1122768,0.01017915,2024-05-28,5
2024-05-28 06:00:00,0.2786639,0.2041009,2024-05-28,6
2024-05-28 07:00:00,0.5692694,0.4740279,2024-05-28,7
2024-05-28 08:00:00,0.6414655,0.5813274,2024-05-28,8
2024-05-28 09:00:00,0.7224804,0.677542,2024-05-28,9
2024-05-28 10:00:00,0.89718,0.8491693,2024-05-28,10
2024-05-28 11:00:00,0.8156455,0.7793931,2024-05-28,11
2024-05-28 12:00:00,0.7887785,0.7522044,2024-05-28,12
2024-05-28 13:00:00,0.7817261,0.7348439,2024-05-28,13
2024-05-28 14:00:00,0.7459744,0.6790995,2024-05-28,14
2024-05-28 15:00:00,0.5325438,0.4624987,2024-05-28,15
2024-05-28 16:00:00,0.305947,0.2468412,2024-05-28,16
2024-05-28 17:00:00,0.122638,0.07477214,2024-05-28,17
2024-05-28 18:00:00,0.008627145,0.0,2024-05-28,18
2024-05-28 19:00:00,0.0,0.0,2024-05-28,19
2024-05-28 20:00:00,0.0,0.0,2024-05-28,20
2024-05-28 21:00:00,0.0,0.0,2024-05-28,21
2024-05-28 22:00:00,0.0,0.0,2024-05-28,22
2024-05-28 23:00:00,0.0,0.0,2024-05-28,23
2024-05-29 00:00:00,0.0,0.0,2024-05-29,0
2024-05-29 01:00:00,0.0,0.0,2024-05-29,1
2024-05-29 02:00:00,0.0,0.0,2024-05-29,2
2024-05-29 03:00:00,0.0,0.0,2024-05-29,3
2024-05-29 04:00:00,5.70605e-05,0.0,2024-05-29,4
2024-05-29 05:00:00,0.06902277,0.04619048,2024-05-29,5
2024-05-29 06:00:00,0.2492177,0.1946088,2024-05-29,6
2024-05-29 07:00:00,0.5165979,0.4327485,2024-05-29,7
2024-05-29 08:00:00,0.6476608,0.5855913,2024-05-29,8
2024-05-29 09:00:00,0.9160499,0.8498825,2024-05-29,9
2024-05-29 10:00:00,0.6666238,0.6385217,2024-05-29,10
2024-05-29 11:00:00,0.4075724,0.3955502,2024-05-29,11
2024-05-29 12:00:00,0.3836608,0.3723284,2024-05-29,12
2024-05-29 13:00:00,0.6317183,0.6011736,2024-05-29,13
2024-05-29 14:00:00,0.5615326,0.5240073,2024-05-29,14
2024-05-29 15:00:00,0.3920271,0.3604191,2024-05-29,15
2024-05-29 16:00:00,0.2885554,0.2389279,2024-05-29,16
2024-05-29 17:00:00,0.03791843,0.03638666,2024-05-29,17
2024-05-29 18:00:00,0.00457513,0.0,2024-05-29,18
2024-05-29 19:00:00,0.0,0.0,2024-05-29,19
2024-05-29 20:00:00,0.0,0.0,2024-05-29,20
2024-05-29 21:00:00,0.0,0.0,2024-05-29,21
2024-05-29 22:00:00,0.0,0.0,2024-05-29,22
2024-05-29 23:00:00,0.0,0.0,2024-05-29,23
2024-05-30 00:00:00,0.0,0.0,2024-05-30,0
2024-05-30 01:00:00,0.0,0.0,2024-05-30,1
2024-05-30 02:00:00,0.0,0.0,2024-05-30,2
2024-05-30 03:00:00,0.0,0.0,2024-05-30,3
2024-05-30 04:00:00,6.59374e-05,0.0,2024-05-30,4
2024-05-30 05:00:00,0.04384603,0.04045841,2024-05-30,5
2024-05-30 06:00:00,0.09680516,0.09332553,2024-05-30,6
2024-05-30 07:00:00,0.3789119,0.3392998,2024-05-30,7
2024-05-30 08:00:00,0.6450897,0.5827147,2024-05-30,8
2024-05-30 09:00:00,0.5814323,0.5529386,2024-05-30,9
2024-05-30 10:00:00,0.64038,0.6141418,2024-05-30,10
2024-05-30 11:00:00,0.9464725,0.8985967,2024-05-30,11
2024-05-30 12:00:00,1.104517,1.043548,2024-05-30,12
2024-05-30 13:00:00,0.8093881,0.758056,2024-05-30,13
2024-05-30 14:00:00,0.4302273,0.410976,2024-05-30,14
2024-05-30 15:00:00,0.5078814,0.4436623,2024-05-30,15
2024-05-30 16:00:00,0.3297161,0.2573449,2024-05-30,16
2024-05-30 17:00:00,0.1586156,0.05979838,2024-05-30,17
2024-05-30 18:00:00,0.01159842,0.0,2024-05-30,18
2024-05-30 19:00:00,0.0,0.0,2024-05-30,19
2024-05-30 20:00:00,0.0,0.0,2024-05-30,20
2024-05-30 21:00:00,0.0,0.0,2024-05-30,21
2024-05-30 22:00:00,0.0,0.0,2024-05-30,22
2024-05-30 23:00:00,0.0,0.0,2024-05-30,23
2024-05-31 00:00:00,0.0,0.0,2024-05-31,0
2024-05-31 01:00:00,0.0,0.0,2024-05-31,1
2024-05-31 02:00:00,0.0,0.0,2024-05-31,2
2024-05-31 03:00:00,0.0,0.0,2024-05-31,3
2024-05-31 04:00:00,0.000107406,0.0,2024-05-31,4
2024-05-31 05:00:00,0.08062091,0.03985576,2024-05-31,5
2024-05-31 06:00:00,0.2634266,0.1982241,2024-05-31,6
2024-05-31 07:00:00,0.4657027,0.3960561,2024-05-31,7
2024-05-31 08:00:00,0.7224469,0.6463029,2024-05-31,8
2024-05-31 09:00:00,0.7468967,0.696754,2024-05-31,9
2024-05-31 10:00:00,0.6632692,0.6347296,2024-05-31,10
2024-05-31 11:00:00,0.8284082,0.789197,2024-05-31,11
2024-05-31 12:00:00,1.036943,0.9790107,2024-05-31,12
2024-05-31 13:00:00,0.995727,0.9272809,2024-05-31,13
2024-05-31 14:00:00,0.7896009,0.7148433,2024-05-31,14
2024-05-31 15:00:00,0.535713,0.4633044,2024-05-31,15
2024-05-31 16:00:00,0.4246136,0.3103616,2024-05-31,16
2024-05-31 17:00:00,0.1842642,0.05585415,2024-05-31,17
2024-05-31 18:00:00,0.01169846,0.0,2024-05-31,18
2024-05-31 19:00:00,0.0,0.0,2024-05-31,19
2024-05-31 20:00:00,0.0,0.0,2024-05-31,20
2024-05-31 21:00:00,0.0,0.0,2024-05-31,21
2024-05-31 22:00:00,0.0,0.0,2024-05-31,22
2024-05-31 23:00:00,0.0,0.0,2024-05-31,23
2024-06-01 00:00:00,0.0,0.0,2024-06-01,0
2024-06-01 01:00:00,0.0,0.0,2024-06-01,1
2024-06-01 02:00:00,0.0,0.0,2024-06-01,2
2024-06-01 03:00:00,0.0,0.0,2024-06-01,3
2024-06-01 04:00:00,7.49549e-05,0.0,2024-06-01,4
2024-06-01 05:00:00,0.04928268,0.04408352,2024-06-01,5
2024-06-01 06:00:00,0.1822634,0.1638544,2024-06-01,6
2024-06-01 07:00:00,0.2897863,0.2723796,2024-06-01,7
2024-06-01 08:00:00,0.1408868,0.1366895,2024-06-01,8
2024-06-01 09:00:00,0.2263387,0.2196724,2024-06-01,9
2024-06-01 10:00:00,0.09820379,0.09535775,2024-06-01,10
2024-06-01 11:00:00,0.08878925,0.08621906,2024-06-01,11
2024-06-01 12:00:00,0.2077176,0.2016963,2024-06-01,12
2024-06-01 13:00:00,0.3360185,0.3258795,2024-06-01,13
2024-06-01 14:00:00,0.1463048,0.1419767,2024-06-01,14
2024-06-01 15:00:00,0.1393012,0.1350102,2024-06-01,15
2024-06-01 16:00:00,0.1513482,0.1450716,2024-06-01,16
2024-06-01 17:00:00,0.05497225,0.05241435,2024-06-01,17
2024-06-01 18:00:00,0.003768647,0.0,2024-06-01,18
2024-06-01 19:00:00,0.0,0.0,2024-06-01,19
2024-06-01 20:00:00,0.0,0.0,2024-06-01,20
2024-06-01 21:00:00,0.0,0.0,2024-06-01,21
2024-06-01 22:00:00,0.0,0.0,2024-06-01,22
2024-06-01 23:00:00,0.0,0.0,2024-06-01,23
2024-06-02 00:00:00,0.0,0.0,2024-06-02,0
2024-06-02 01:00:00,0.0,0.0,2024-06-02,1
2024-06-02 02:00:00,0.0,0.0,2024-06-02,2
2024-06-02 03:00:00,0.0,0.0,2024-06-02,3
2024-06-02 04:00:00,0.000125871,0.0,2024-06-02,4
2024-06-02 05:00:00,0.009434354,0.009110503,2024-06-02,5
2024-06-02 06:00:00,0.04441722,0.04300097,2024-06-02,6
2024-06-02 07:00:00,0.1187721,0.1150719,2024-06-02,7
2024-06-02 08:00:00,0.2511126,0.2432322,2024-06-02,8
2024-06-02 09:00:00,0.09241241,0.08972121,2024-06-02,9
2024-06-02 10:00:00,0.18594,0.1805421,2024-06-02,10
2024-06-02 11:00:00,0.1675333,0.1626863,2024-06-02,11
2024-06-02 12:00:00,0.2442816,0.2371877,2024-06-02,12
2024-06-02 13:00:00,0.08501614,0.08254535,2024-06-02,13
2024-06-02 14:00:00,0.05244735,0.05091622,2024-06-02,14
2024-06-02 15:00:00,0.03841411,0.03728317,2024-06-02,15
2024-06-02 16:00:00,0.05165599,0.05004843,2024-06-02,16
2024-06-02 17:00:00,0.03548219,0.03409396,2024-06-02,17
2024-06-02 18:00:00,0.002426031,0.0,2024-06-02,18
2024-06-02 19:00:00,0.0,0.0,2024-06-02,19
2024-06-02 20:00:00,0.0,0.0,2024-06-02,20
2024-06-02 21:00:00,0.0,0.0,2024-06-02,21
2024-06-02 22:00:00,0.0,0.0,2024-06-02,22
2024-06-02 23:00:00,0.0,0.0,2024-06-02,23
2024-06-03 00:00:00,0.0,0.0,2024-06-03,0
2024-06-03 01:00:00,0.0,0.0,2024-06-03,1
2024-06-03 02:00:00,0.0,0.0,2024-06-03,2
2024-06-03 03:00:00,0.0,0.0,2024-06-03,3
2024-06-03 04:00:00,0.00010331,0.0,2024-06-03,4
2024-06-03 05:00:00,0.02167708,0.02076398,2024-06-03,5
2024-06-03 06:00:00,0.05706063,0.05518605,2024-06-03,6
2024-06-03 07:00:00,0.1657294,0.1603528,2024-06-03,7
2024-06-03 08:00:00,0.1133332,0.1099753,2024-06-03,8
2024-06-03 09:00:00,0.1593664,0.1547003,2024-06-03,9
2024-06-03 10:00:00,0.2620912,0.254451,2024-06-03,10
2024-06-03 11:00:00,0.1310978,0.1273039,2024-06-03,11
2024-06-03 12:00:00,0.2988275,0.2901167,2024-06-03,12
2024-06-03 13:00:00,0.2748021,0.2666944,2024-06-03,13
2024-06-03 14:00:00,0.1791651,0.1738248,2024-06-03,14
2024-06-03 15:00:00,0.2281167,0.2201626,2024-06-03,15
2024-06-03 16:00:00,0.1694418,0.1611349,2024-06-03,16
2024-06-03 17:00:00,0.03118111,0.03000693,2024-06-03,17
2024-06-03 18:00:00,0.001395845,0.0,2024-06-03,18
2024-06-03 19:00:00,0.0,0.0,2024-06-03,19
2024-06-03 20:00:00,0.0,0.0,2024-06-03,20
2024-06-03 21:00:00,0.0,0.0,2024-06-03,21
2024-06-03 22:00:00,0.0,0.0,2024-06-03,22
2024-06-03 23:00:00,0.0,0.0,2024-06-03,23
2024-06-04 00:00:00,0.0,0.0,2024-06-04,0
2024-06-04 01:00:00,0.0,0.0,2024-06-04,1
2024-06-04 02:00:00,0.0,0.0,2024-06-04,2
2024-06-04 03:00:00,0.0,0.0,2024-06-04,3
2024-06-04 04:00:00,9.12684e-05,0.0,2024-06-04,4
2024-06-04 05:00:00,0.0171319,0.01646245,2024-06-04,5
2024-06-04 06:00:00,0.0578049,0.05590076,2024-06-04,6
2024-06-04 07:00:00,0.09225029,0.08942462,2024-06-04,7
2024-06-04 08:00:00,0.0169005,0.01640739,2024-06-04,8
2024-06-04 09:00:00,0.1849398,0.1795077,2024-06-04,9
2024-06-04 10:00:00,0.4163741,0.4034896,2024-06-04,10
2024-06-04 11:00:00,0.4220168,0.409292,2024-06-04,11
2024-06-04 12:00:00,0.3247892,0.3152787,2024-06-04,12
2024-06-04 13:00:00,0.4438026,0.4284595,2024-06-04,13
2024-06-04 14:00:00,0.2070593,0.2008458,2024-06-04,14
2024-06-04 15:00:00,0.09972876,0.09671403,2024-06-04,15
2024-06-04 16:00:00,0.06708843,0.06495139,2024-06-04,16
2024-06-04 17:00:00,0.04288428,0.04111231,2024-06-04,17
2024-06-04 18:00:00,0.004600449,0.0,2024-06-04,18
2024-06-04 19:00:00,0.0,0.0,2024-06-04,19
2024-06-04 20:00:00,0.0,0.0,2024-06-04,20
2024-06-04 21:00:00,0.0,0.0,2024-06-04,21
2024-06-04 22:00:00,0.0,0.0,2024-06-04,22
2024-06-04 23:00:00,0.0,0.0,2024-06-04,23
2024-06-05 00:00:00,0.0,0.0,2024-06-05,0
2024-06-05 01:00:00,0.0,0.0,2024-06-05,1
2024-06-05 02:00:00,0.0,0.0,2024-06-05,2
2024-06-05 03:00:00,0.0,0.0,2024-06-05,3
2024-06-05 04:00:00,0.00018079,0.0,2024-06-05,4
2024-06-05 05:00:00,0.08228063,0.03958464,2024-06-05,5
2024-06-05 06:00:00,0.3267672,0.2170105,2024-06-05,6
2024-06-05 07:00:00,0.5131216,0.4248597,2024-06-05,7
2024-06-05 08:00:00,0.6077679,0.5489619,2024-06-05,8
2024-06-05 09:00:00,0.551272,0.5246356,2024-06-05,9
2024-06-05 10:00:00,0.4503858,0.4359142,2024-06-05,10
2024-06-05 11:00:00,0.6511229,0.6251724,2024-06-05,11
2024-06-05 12:00:00,0.6090451,0.5851238,2024-06-05,12
2024-06-05 13:00:00,0.5608929,0.5360695,2024-06-05,13
2024-06-05 14:00:00,0.7316026,0.6615338,2024-06-05,14
2024-06-05 15:00:00,0.5324861,0.4591545,2024-06-05,15
2024-06-05 16:00:00,0.3352551,0.2599443,2024-06-05,16
2024-06-05 17:00:00,0.1511258,0.07043226,2024-06-05,17
2024-06-05 18:00:00,0.009797178,0.0,2024-06-05,18
2024-06-05 19:00:00,0.0,0.0,2024-06-05,19
2024-06-05 20:00:00,0.0,0.0,2024-06-05,20
2024-06-05 21:00:00,0.0,0.0,2024-06-05,21
2024-06-05 22:00:00,0.0,0.0,2024-06-05,22
2024-06-05 23:00:00,0.0,0.0,2024-06-05,23
2024-06-06 00:00:00,0.0,0.0,2024-06-06,0
2024-06-06 01:00:00,0.0,0.0,2024-06-06,1
2024-06-06 02:00:00,0.0,0.0,2024-06-06,2
2024-06-06 03:00:00,0.0,0.0,2024-06-06,3
2024-06-06 04:00:00,9.61699e-05,0.0,2024-06-06,4
2024-06-06 05:00:00,0.04248611,0.03954451,2024-06-06,5
2024-06-06 06:00:00,0.1199818,0.114916,2024-06-06,6
2024-06-06 07:00:00,0.1427016,0.1381585,2024-06-06,7
2024-06-06 08:00:00,0.1716604,0.1664858,2024-06-06,8
2024-06-06 09:00:00,0.4207578,0.4058087,2024-06-06,9
2024-06-06 10:00:00,0.6390783,0.6110361,2024-06-06,10
2024-06-06 11:00:00,0.7090055,0.6778895,2024-06-06,11
2024-06-06 12:00:00,0.9096053,0.856653,2024-06-06,12
2024-06-06 13:00:00,0.9046487,0.8389729,2024-06-06,13
2024-06-06 14:00:00,0.6164235,0.5663943,2024-06-06,14
2024-06-06 15:00:00,0.3438466,0.3221483,2024-06-06,15
2024-06-06 16:00:00,0.1717581,0.163212,2024-06-06,16
2024-06-06 17:00:00,0.06337366,0.06008473,2024-06-06,17
2024-06-06 18:00:00,0.00158102,0.0,2024-06-06,18
2024-06-06 19:00:00,0.0,0.0,2024-06-06,19
2024-06-06 20:00:00,0.0,0.0,2024-06-06,20
2024-06-06 21:00:00,0.0,0.0,2024-06-06,21
2024-06-06 22:00:00,0.0,0.0,2024-06-06,22
2024-06-06 23:00:00,0.0,0.0,2024-06-06,23
2024-06-07 00:00:00,0.0,0.0,2024-06-07,0
2024-06-07 01:00:00,0.0,0.0,2024-06-07,1
2024-06-07 02:00:00,0.0,0.0,2024-06-07,2
2024-06-07 03:00:00,0.0,0.0,2024-06-07,3
2024-06-07 04:00:00,0.000136021,0.0,2024-06-07,4
2024-06-07 05:00:00,0.05401268,0.04654584,2024-06-07,5
2024-06-07 06:00:00,0.1436625,0.1354166,2024-06-07,6
2024-06-07 07:00:00,0.3431025,0.3121419,2024-06-07,7
2024-06-07 08:00:00,0.2755924,0.2665193,2024-06-07,8
2024-06-07 09:00:00,0.3209782,0.3111143,2024-06-07,9
2024-06-07 10:00:00,0.329784,0.3200381,2024-06-07,10
2024-06-07 11:00:00,0.1517981,0.1474,2024-06-07,11
2024-06-07 12:00:00,0.2612016,0.2535898,2024-06-07,12
2024-06-07 13:00:00,0.3033164,0.2942637,2024-06-07,13
2024-06-07 14:00:00,0.2013156,0.1952733,2024-06-07,14
2024-06-07 15:00:00,0.08653872,0.08393725,2024-06-07,15
2024-06-07 16:00:00,0.0310196,0.0300816,2024-06-07,16
2024-06-07 17:00:00,0.01526527,0.01476406,2024-06-07,17
2024-06-07 18:00:00,0.002579122,0.0,2024-06-07,18
2024-06-07 19:00:00,0.0,0.0,2024-06-07,19
2024-06-07 20:00:00,0.0,0.0,2024-06-07,20
2024-06-07 21:00:00,0.0,0.0,2024-06-07,21
2024-06-07 22:00:00,0.0,0.0,2024-06-07,22
2024-06-07 23:00:00,0.0,0.0,2024-06-07,23
2024-06-08 00:00:00,0.0,0.0,2024-06-08,0
2024-06-08 01:00:00,0.0,0.0,2024-06-08,1
2024-06-08 02:00:00,0.0,0.0,2024-06-08,2
2024-06-08 03:00:00,0.0,0.0,2024-06-08,3
2024-06-08 04:00:00,0.000101704,0.0,2024-06-08,4
2024-06-08 05:00:00,0.003121093,0.003025058,2024-06-08,5
2024-06-08 06:00:00,0.01062794,0.01031185,2024-06-08,6
2024-06-08 07:00:00,0.03024571,0.02935245,2024-06-08,7
2024-06-08 08:00:00,0.06021557,0.05844861,2024-06-08,8
2024-06-08 09:00:00,0.1379537,0.133915,2024-06-08,9
2024-06-08 10:00:00,0.1127526,0.1094796,2024-06-08,10
2024-06-08 11:00:00,0.4687924,0.4539739,2024-06-08,11
2024-06-08 12:00:00,0.3314989,0.3217462,2024-06-08,12
2024-06-08 13:00:00,0.2004471,0.1945689,2024-06-08,13
2024-06-08 14:00:00,0.3040286,0.2941043,2024-06-08,14
2024-06-08 15:00:00,0.1413647,0.1369922,2024-06-08,15
2024-06-08 16:00:00,0.135225,0.1302515,2024-06-08,16
2024-06-08 17:00:00,0.08435553,0.07616343,2024-06-08,17
2024-06-08 18:00:00,0.004605708,0.0,2024-06-08,18
2024-06-08 19:00:00,0.0,0.0,2024-06-08,19
2024-06-08 20:00:00,0.0,0.0,2024-06-08,20
2024-06-08 21:00:00,0.0,0.0,2024-06-08,21
2024-06-08 22:00:00,0.0,0.0,2024-06-08,22
2024-06-08 23:00:00,0.0,0.0,2024-06-08,23
2024-06-09 00:00:00,0.0,0.0,2024-06-09,0
2024-06-09 01:00:00,0.0,0.0,2024-06-09,1
2024-06-09 02:00:00,0.0,0.0,2024-06-09,2
2024-06-09 03:00:00,0.0,0.0,2024-06-09,3
2024-06-09 04:00:00,0.000148744,0.0,2024-06-09,4
2024-06-09 05:00:00,0.04578862,0.04195523,2024-06-09,5
2024-06-09 06:00:00,0.1735069,0.1574326,2024-06-09,6
2024-06-09 07:00:00,0.1902156,0.1836186,2024-06-09,7
2024-06-09 08:00:00,0.2006489,0.194533,2024-06-09,8
2024-06-09 09:00:00,0.1712536,0.16622,2024-06-09,9
2024-06-09 10:00:00,0.5806078,0.5572595,2024-06-09,10
2024-06-09 11:00:00,0.3523114,0.3419404,2024-06-09,11
2024-06-09 12:00:00,0.2960126,0.2873549,2024-06-09,12
2024-06-09 13:00:00,0.5420129,0.5185804,2024-06-09,13
2024-06-09 14:00:00,0.7365177,0.6640302,2024-06-09,14
2024-06-09 15:00:00,0.4140762,0.3757483,2024-06-09,15
2024-06-09 16:00:00,0.07762433,0.07511132,2024-06-09,16
2024-06-09 17:00:00,0.02126451,0.02053428,2024-06-09,17
2024-06-09 18:00:00,0.000726239,0.0,2024-06-09,18
2024-06-09 19:00:00,0.0,0.0,2024-06-09,19
2024-06-09 20:00:00,0.0,0.0,2024-06-09,20
2024-06-09 21:00:00,0.0,0.0,2024-06-09,21
2024-06-09 22:00:00,0.0,0.0,2024-06-09,22
2024-06-09 23:00:00,0.0,0.0,2024-06-09,23
2024-06-10 00:00:00,0.0,0.0,2024-06-10,0
2024-06-10 01:00:00,0.0,0.0,2024-06-10,1
2024-06-10 02:00:00,0.0,0.0,2024-06-10,2
2024-06-10 03:00:00,0.0,0.0,2024-06-10,3
2024-06-10 04:00:00,7.96769e-05,0.0,2024-06-10,4
2024-06-10 05:00:00,0.02661204,0.02539875,2024-06-10,5
2024-06-10 06:00:00,0.06535425,0.06314841,2024-06-10,6
2024-06-10 07:00:00,0.04016323,0.03897014,2024-06-10,7
2024-06-10 08:00:00,0.09099726,0.08830827,2024-06-10,8
2024-06-10 09:00:00,0.4061817,0.3919739,2024-06-10,9
2024-06-10 10:00:00,0.5098449,0.4916894,2024-06-10,10
2024-06-10 11:00:00,0.7527444,0.7163965,2024-06-10,11
2024-06-10 12:00:00,0.6707045,0.6405058,2024-06-10,12
2024-06-10 13:00:00,0.6448187,0.6095625,2024-06-10,13
2024-06-10 14:00:00,0.6228787,0.5706967,2024-06-10,14
2024-06-10 15:00:00,0.4290124,0.3864177,2024-06-10,15
2024-06-10 16:00:00,0.2989435,0.245215,2024-06-10,16
2024-06-10 17:00:00,0.1140681,0.08679435,2024-06-10,17
2024-06-10 18:00:00,0.01127402,0.0,2024-06-10,18
2024-06-10 19:00:00,0.0,0.0,2024-06-10,19
2024-06-10 20:00:00,0.0,0.0,2024-06-10,20
2024-06-10 21:00:00,0.0,0.0,2024-06-10,21
2024-06-10 22:00:00,0.0,0.0,2024-06-10,22
2024-06-10 23:00:00,0.0,0.0,2024-06-10,23
2024-06-11 00:00:00,0.0,0.0,2024-06-11,0
2024-06-11 01:00:00,0.0,0.0,2024-06-11,1
2024-06-11 02:00:00,0.0,0.0,2024-06-11,2
2024-06-11 03:00:00,0.0,0.0,2024-06-11,3
2024-06-11 04:00:00,0.000129783,0.0,2024-06-11,4
2024-06-11 05:00:00,0.03412879,0.03237983,2024-06-11,5
2024-06-11 06:00:00,0.1103113,0.1059724,2024-06-11,6
2024-06-11 07:00:00,0.243005,0.2318926,2024-06-11,7
2024-06-11 08:00:00,0.31468,0.3031314,2024-06-11,8
2024-06-11 09:00:00,0.3283323,0.3181168,2024-06-11,9
2024-06-11 10:00:00,0.3614711,0.3505957,2024-06-11,10
2024-06-11 11:00:00,0.2312982,0.2245736,2024-06-11,11
2024-06-11 12:00:00,0.3222283,0.3127528,2024-06-11,12
2024-06-11 13:00:00,0.2895412,0.2809254,2024-06-11,13
2024-06-11 14:00:00,0.2404834,0.2331613,2024-06-11,14
2024-06-11 15:00:00,0.1296567,0.1256696,2024-06-11,15
2024-06-11 16:00:00,0.1293934,0.1247717,2024-06-11,16
2024-06-11 17:00:00,0.02271792,0.02193141,2024-06-11,17
2024-06-11 18:00:00,0.003356922,0.0,2024-06-11,18
2024-06-11 19:00:00,0.0,0.0,2024-06-11,19
2024-06-11 20:00:00,0.0,0.0,2024-06-11,20
2024-06-11 21:00:00,0.0,0.0,2024-06-11,21
2024-06-11 22:00:00,0.0,0.0,2024-06-11,22
2024-06-11 23:00:00,0.0,0.0,2024-06-11,23
2024-06-12 00:00:00,0.0,0.0,2024-06-12,0
2024-06-12 01:00:00,0.0,0.0,2024-06-12,1
2024-06-12 02:00:00,0.0,0.0,2024-06-12,2
2024-06-12 03:00:00,0.0,0.0,2024-06-12,3
2024-06-12 04:00:00,0.000161776,0.0,2024-06-12,4
2024-06-12 05:00:00,0.1122521,0.01131513,2024-06-12,5
2024-06-12 06:00:00,0.3205796,0.2096575,2024-06-12,6
2024-06-12 07:00:00,0.5386257,0.43878,2024-06-12,7
2024-06-12 08:00:00,0.7864568,0.693059,2024-06-12,8
2024-06-12 09:00:00,1.013895,0.9279545,2024-06-12,9
2024-06-12 10:00:00,1.072572,1.000562,2024-06-12,10
2024-06-12 11:00:00,0.978963,0.9204075,2024-06-12,11
2024-06-12 12:00:00,1.035202,0.969451,2024-06-12,12
2024-06-12 13:00:00,0.8093379,0.7517239,2024-06-12,13
2024-06-12 14:00:00,0.5940353,0.547221,2024-06-12,14
2024-06-12 15:00:00,0.6078066,0.5138178,2024-06-12,15
2024-06-12 16:00:00,0.4238089,0.3071862,2024-06-12,16
2024-06-12 17:00:00,0.1963128,0.06483651,2024-06-12,17
2024-06-12 18:00:00,0.01437226,0.0,2024-06-12,18
2024-06-12 19:00:00,0.0,0.0,2024-06-12,19
2024-06-12 20:00:00,0.0,0.0,2024-06-12,20
2024-06-12 21:00:00,0.0,0.0,2024-06-12,21
2024-06-12 22:00:00,0.0,0.0,2024-06-12,22
2024-06-12 23:00:00,0.0,0.0,2024-06-12,23
2024-06-13 00:00:00,0.0,0.0,2024-06-13,0
2024-06-13 01:00:00,0.0,0.0,2024-06-13,1
2024-06-13 02:00:00,0.0,0.0,2024-06-13,2
2024-06-13 03:00:00,0.0,0.0,2024-06-13,3
2024-06-13 04:00:00,0.000107953,0.0,2024-06-13,4
2024-06-13 05:00:00,0.09971401,0.02095415,2024-06-13,5
2024-06-13 06:00:00,0.2700521,0.1937353,2024-06-13,6
2024-06-13 07:00:00,0.4878205,0.4029844,2024-06-13,7
2024-06-13 08:00:00,0.4892403,0.4534053,2024-06-13,8
2024-06-13 09:00:00,0.7145885,0.6625756,2024-06-13,9
2024-06-13 10:00:00,0.9725875,0.907507,2024-06-13,10
2024-06-13 11:00:00,0.9487694,0.8923619,2024-06-13,11
2024-06-13 12:00:00,0.9484855,0.8890555,2024-06-13,12
2024-06-13 13:00:00,0.8802432,0.8140793,2024-06-13,13
2024-06-13 14:00:00,0.7706113,0.6919129,2024-06-13,14
2024-06-13 15:00:00,0.6318539,0.5328735,2024-06-13,15
2024-06-13 16:00:00,0.4403463,0.318532,2024-06-13,16
2024-06-13 17:00:00,0.1732195,0.06995606,2024-06-13,17
2024-06-13 18:00:00,0.01536872,0.0,2024-06-13,18
2024-06-13 19:00:00,0.0,0.0,2024-06-13,19
2024-06-13 20:00:00,0.0,0.0,2024-06-13,20
2024-06-13 21:00:00,0.0,0.0,2024-06-13,21
2024-06-13 22:00:00,0.0,0.0,2024-06-13,22
2024-06-13 23:00:00,0.0,0.0,2024-06-13,23
2024-06-14 00:00:00,0.0,0.0,2024-06-14,0
2024-06-14 01:00:00,0.0,0.0,2024-06-14,1
2024-06-14 02:00:00,0.0,0.0,2024-06-14,2
2024-06-14 03:00:00,0.0,0.0,2024-06-14,3
2024-06-14 04:00:00,0.000108892,0.0,2024-06-14,4
2024-06-14 05:00:00,0.08331069,0.03704509,2024-06-14,5
2024-06-14 06:00:00,0.3323915,0.2136429,2024-06-14,6
2024-06-14 07:00:00,0.4444119,0.3750883,2024-06-14,7
2024-06-14 08:00:00,0.7423472,0.653819,2024-06-14,8
2024-06-14 09:00:00,1.002379,0.9165203,2024-06-14,9
2024-06-14 10:00:00,1.066233,0.9938095,2024-06-14,10
2024-06-14 11:00:00,1.112073,1.043548,2024-06-14,11
2024-06-14 12:00:00,1.088944,1.018779,2024-06-14,12
2024-06-14 13:00:00,0.7746551,0.7211491,2024-06-14,13
2024-06-14 14:00:00,0.7175586,0.6470218,2024-06-14,14
2024-06-14 15:00:00,0.458617,0.4071406,2024-06-14,15
2024-06-14 16:00:00,0.3820347,0.2831377,2024-06-14,16
2024-06-14 17:00:00,0.1807466,0.06865281,2024-06-14,17
2024-06-14 18:00:00,0.01226921,0.0,2024-06-14,18
2024-06-14 19:00:00,0.0,0.0,2024-06-14,19
2024-06-14 20:00:00,0.0,0.0,2024-06-14,20
2024-06-14 21:00:00,0.0,0.0,2024-06-14,21
2024-06-14 22:00:00,0.0,0.0,2024-06-14,22
2024-06-14 23:00:00,0.0,0.0,2024-06-14,23
2024-06-15 00:00:00,0.0,0.0,2024-06-15,0
2024-06-15 01:00:00,0.0,0.0,2024-06-15,1
2024-06-15 02:00:00,0.0,0.0,2024-06-15,2
2024-06-15 03:00:00,0.0,0.0,2024-06-15,3
2024-06-15 04:00:00,7.44251e-05,0.0,2024-06-15,4
2024-06-15 05:00:00,0.08831342,0.03168109,2024-06-15,5
2024-06-15 06:00:00,0.3197015,0.2074248,2024-06-15,6
2024-06-15 07:00:00,0.5509708,0.4464824,2024-06-15,7
2024-06-15 08:00:00,0.6945835,0.6133839,2024-06-15,8
2024-06-15 09:00:00,0.9231086,0.8442337,2024-06-15,9
2024-06-15 10:00:00,0.9829828,0.9163561,2024-06-15,10
2024-06-15 11:00:00,1.051109,0.9862958,2024-06-15,11
2024-06-15 12:00:00,1.095832,1.024892,2024-06-15,12
2024-06-15 13:00:00,0.9044396,0.835322,2024-06-15,13
2024-06-15 14:00:00,0.7294725,0.6568057,2024-06-15,14
2024-06-15 15:00:00,0.5694622,0.4845313,2024-06-15,15
2024-06-15 16:00:00,0.3403292,0.2641631,2024-06-15,16
2024-06-15 17:00:00,0.1648176,0.07554474,2024-06-15,17
2024-06-15 18:00:00,0.01556726,0.0,2024-06-15,18
2024-06-15 19:00:00,0.0,0.0,2024-06-15,19
2024-06-15 20:00:00,0.0,0.0,2024-06-15,20
2024-06-15 21:00:00,0.0,0.0,2024-06-15,21
2024-06-15 22:00:00,0.0,0.0,2024-06-15,22
2024-06-15 23:00:00,0.0,0.0,2024-06-15,23
2024-06-16 00:00:00,0.0,0.0,2024-06-16,0
2024-06-16 01:00:00,0.0,0.0,2024-06-16,1
2024-06-16 02:00:00,0.0,0.0,2024-06-16,2
2024-06-16 03:00:00,0.0,0.0,2024-06-16,3
2024-06-16 04:00:00,5.55959e-05,0.0,2024-06-16,4
2024-06-16 05:00:00,0.08579229,0.03367072,2024-06-16,5
2024-06-16 06:00:00,0.2515011,0.1879136,2024-06-16,6
2024-06-16 07:00:00,0.3039262,0.281787,2024-06-16,7
2024-06-16 08:00:00,0.671347,0.594171,2024-06-16,8
2024-06-16 09:00:00,0.8967499,0.819989,2024-06-16,9
2024-06-16 10:00:00,0.8007641,0.7523657,2024-06-16,10
2024-06-16 11:00:00,1.031979,0.9681848,2024-06-16,11
2024-06-16 12:00:00,0.7720644,0.7302353,2024-06-16,12
2024-06-16 13:00:00,0.6756393,0.6355869,2024-06-16,13
2024-06-16 14:00:00,0.7402686,0.6657482,2024-06-16,14
2024-06-16 15:00:00,0.4387704,0.3934931,2024-06-16,15
2024-06-16 16:00:00,0.2841043,0.2397842,2024-06-16,16
2024-06-16 17:00:00,0.1156671,0.09005893,2024-06-16,17
2024-06-16 18:00:00,0.01238932,0.0,2024-06-16,18
2024-06-16 19:00:00,0.0,0.0,2024-06-16,19
2024-06-16 20:00:00,0.0,0.0,2024-06-16,20
2024-06-16 21:00:00,0.0,0.0,2024-06-16,21
2024-06-16 22:00:00,0.0,0.0,2024-06-16,22
2024-06-16 23:00:00,0.0,0.0,2024-06-16,23
2024-06-17 00:00:00,0.0,0.0,2024-06-17,0
2024-06-17 01:00:00,0.0,0.0,2024-06-17,1
2024-06-17 02:00:00,0.0,0.0,2024-06-17,2
2024-06-17 03:00:00,0.0,0.0,2024-06-17,3
2024-06-17 04:00:00,7.37075e-05,0.0,2024-06-17,4
2024-06-17 05:00:00,0.05730397,0.04667725,2024-06-17,5
2024-06-17 06:00:00,0.1056117,0.1015283,2024-06-17,6
2024-06-17 07:00:00,0.168997,0.1633925,2024-06-17,7
2024-06-17 08:00:00,0.1885596,0.1828115,2024-06-17,8
2024-06-17 09:00:00,0.4754185,0.455414,2024-06-17,9
2024-06-17 10:00:00,0.4247542,0.4111672,2024-06-17,10
2024-06-17 11:00:00,0.394379,0.3824892,2024-06-17,11
2024-06-17 12:00:00,0.4621171,0.4470652,2024-06-17,12
2024-06-17 13:00:00,0.359463,0.3482335,2024-06-17,13
2024-06-17 14:00:00,0.1489213,0.1444954,2024-06-17,14
2024-06-17 15:00:00,0.165065,0.1598856,2024-06-17,15
2024-06-17 16:00:00,0.1203458,0.1161846,2024-06-17,16
2024-06-17 17:00:00,0.06731115,0.06389073,2024-06-17,17
2024-06-17 18:00:00,0.005300798,0.0,2024-06-17,18
2024-06-17 19:00:00,0.0,0.0,2024-06-17,19
2024-06-17 20:00:00,0.0,0.0,2024-06-17,20
2024-06-17 21:00:00,0.0,0.0,2024-06-17,21
2024-06-17 22:00:00,0.0,0.0,2024-06-17,22
2024-06-17 23:00:00,0.0,0.0,2024-06-17,23
2024-06-18 00:00:00,0.0,0.0,2024-06-18,0
2024-06-18 01:00:00,0.0,0.0,2024-06-18,1
2024-06-18 02:00:00,0.0,0.0,2024-06-18,2
2024-06-18 03:00:00,0.0,0.0,2024-06-18,3
2024-06-18 04:00:00,7.28667e-05,0.0,2024-06-18,4
2024-06-18 05:00:00,0.08163995,0.03643108,2024-06-18,5
2024-06-18 06:00:00,0.2352745,0.1829709,2024-06-18,6
2024-06-18 07:00:00,0.3400847,0.3078053,2024-06-18,7
2024-06-18 08:00:00,0.4848229,0.4490253,2024-06-18,8
2024-06-18 09:00:00,0.4907606,0.4691844,2024-06-18,9
2024-06-18 10:00:00,0.6696045,0.6364054,2024-06-18,10
2024-06-18 11:00:00,0.8942966,0.8418074,2024-06-18,11
2024-06-18 12:00:00,0.9035657,0.8473361,2024-06-18,12
2024-06-18 13:00:00,0.6711048,0.6315882,2024-06-18,13
2024-06-18 14:00:00,0.6068543,0.5572714,2024-06-18,14
2024-06-18 15:00:00,0.4714309,0.4162768,2024-06-18,15
2024-06-18 16:00:00,0.2881432,0.242238,2024-06-18,16
2024-06-18 17:00:00,0.1368761,0.08942146,2024-06-18,17
2024-06-18 18:00:00,0.01487759,0.0,2024-06-18,18
2024-06-18 19:00:00,0.0,0.0,2024-06-18,19
2024-06-18 20:00:00,0.0,0.0,2024-06-18,20
2024-06-18 21:00:00,0.0,0.0,2024-06-18,21
2024-06-18 22:00:00,0.0,0.0,2024-06-18,22
2024-06-18 23:00:00,0.0,0.0,2024-06-18,23
2024-06-19 00:00:00,0.0,0.0,2024-06-19,0
2024-06-19 01:00:00,0.0,0.0,2024-06-19,1
2024-06-19 02:00:00,0.0,0.0,2024-06-19,2
2024-06-19 03:00:00,0.0,0.0,2024-06-19,3
2024-06-19 04:00:00,4.96061e-05,0.0,2024-06-19,4
2024-06-19 05:00:00,0.06129746,0.04649935,2024-06-19,5
2024-06-19 06:00:00,0.1969876,0.168909,2024-06-19,6
2024-06-19 07:00:00,0.4246218,0.3612567,2024-06-19,7
2024-06-19 08:00:00,0.6070593,0.5429465,2024-06-19,8
2024-06-19 09:00:00,0.6618276,0.6168394,2024-06-19,9
2024-06-19 10:00:00,0.9005874,0.8405529,2024-06-19,10
2024-06-19 11:00:00,0.9163724,0.8616409,2024-06-19,11
2024-06-19 12:00:00,0.8978229,0.8420885,2024-06-19,12
2024-06-19 13:00:00,0.8365132,0.7745391,2024-06-19,13
2024-06-19 14:00:00,0.5520729,0.5131617,2024-06-19,14
2024-06-19 15:00:00,0.386286,0.355681,2024-06-19,15
2024-06-19 16:00:00,0.2024897,0.1890841,2024-06-19,16
2024-06-19 17:00:00,0.09084788,0.08187898,2024-06-19,17
2024-06-19 18:00:00,0.009073348,0.0,2024-06-19,18
2024-06-19 19:00:00,0.0,0.0,2024-06-19,19
2024-06-19 20:00:00,0.0,0.0,2024-06-19,20
2024-06-19 21:00:00,0.0,0.0,2024-06-19,21
2024-06-19 22:00:00,0.0,0.0,2024-06-19,22
2024-06-19 23:00:00,0.0,0.0,2024-06-19,23
2024-06-20 00:00:00,0.0,0.0,2024-06-20,0
2024-06-20 01:00:00,0.0,0.0,2024-06-20,1
2024-06-20 02:00:00,0.0,0.0,2024-06-20,2
2024-06-20 03:00:00,0.0,0.0,2024-06-20,3
2024-06-20 04:00:00,4.82755e-05,0.0,2024-06-20,4
2024-06-20 05:00:00,0.06822665,0.0445318,2024-06-20,5
2024-06-20 06:00:00,0.2464893,0.184789,2024-06-20,6
2024-06-20 07:00:00,0.2399313,0.2288137,2024-06-20,7
2024-06-20 08:00:00,0.4206613,0.3965566,2024-06-20,8
2024-06-20 09:00:00,0.3375699,0.3268646,2024-06-20,9
2024-06-20 10:00:00,0.3747468,0.3633012,2024-06-20,10
2024-06-20 11:00:00,0.1717477,0.1667594,2024-06-20,11
2024-06-20 12:00:00,0.4274425,0.4140315,2024-06-20,12
2024-06-20 13:00:00,0.5111755,0.4902435,2024-06-20,13
2024-06-20 14:00:00,0.3213954,0.3105226,2024-06-20,14
2024-06-20 15:00:00,0.1420698,0.1376722,2024-06-20,15
2024-06-20 16:00:00,0.1569832,0.1504909,2024-06-20,16
2024-06-20 17:00:00,0.1132032,0.09134593,2024-06-20,17
2024-06-20 18:00:00,0.01340609,0.0,2024-06-20,18
2024-06-20 19:00:00,0.0,0.0,2024-06-20,19
2024-06-20 20:00:00,0.0,0.0,2024-06-20,20
2024-06-20 21:00:00,0.0,0.0,2024-06-20,21
2024-06-20 22:00:00,0.0,0.0,2024-06-20,22
2024-06-20 23:00:00,0.0,0.0,2024-06-20,23
2024-06-21 00:00:00,0.0,0.0,2024-06-21,0
2024-06-21 01:00:00,0.0,0.0,2024-06-21,1
2024-06-21 02:00:00,0.0,0.0,2024-06-21,2
2024-06-21 03:00:00,0.0,0.0,2024-06-21,3
2024-06-21 04:00:00,1.75679e-05,0.0,2024-06-21,4
2024-06-21 05:00:00,0.08621685,0.02971868,2024-06-21,5
2024-06-21 06:00:00,0.28987,0.1939655,2024-06-21,6
2024-06-21 07:00:00,0.5020431,0.409267,2024-06-21,7
2024-06-21 08:00:00,0.5756031,0.5185305,2024-06-21,8
2024-06-21 09:00:00,0.8059061,0.7386823,2024-06-21,9
2024-06-21 10:00:00,0.8773376,0.8195474,2024-06-21,10
2024-06-21 11:00:00,0.8211213,0.7759742,2024-06-21,11
2024-06-21 12:00:00,0.7020344,0.6676954,2024-06-21,12
2024-06-21 13:00:00,0.8554207,0.7912255,2024-06-21,13
2024-06-21 14:00:00,0.783421,0.7025276,2024-06-21,14
2024-06-21 15:00:00,0.5011781,0.4371005,2024-06-21,15
2024-06-21 16:00:00,0.4228084,0.308293,2024-06-21,16
2024-06-21 17:00:00,0.1576375,0.08462522,2024-06-21,17
2024-06-21 18:00:00,0.01792298,0.0,2024-06-21,18
2024-06-21 19:00:00,0.0,0.0,2024-06-21,19
2024-06-21 20:00:00,0.0,0.0,2024-06-21,20
2024-06-21 21:00:00,0.0,0.0,2024-06-21,21
2024-06-21 22:00:00,0.0,0.0,2024-06-21,22
2024-06-21 23:00:00,0.0,0.0,2024-06-21,23
2024-06-22 00:00:00,0.0,0.0,2024-06-22,0
2024-06-22 01:00:00,0.0,0.0,2024-06-22,1
2024-06-22 02:00:00,0.0,0.0,2024-06-22,2
2024-06-22 03:00:00,0.0,0.0,2024-06-22,3
2024-06-22 04:00:00,1.5692e-05,0.0,2024-06-22,4
2024-06-22 05:00:00,0.08594453,0.02913525,2024-06-22,5
2024-06-22 06:00:00,0.2366047,0.1815101,2024-06-22,6
2024-06-22 07:00:00,0.4403095,0.3698619,2024-06-22,7
2024-06-22 08:00:00,0.7403231,0.6498733,2024-06-22,8
2024-06-22 09:00:00,0.8462015,0.773786,2024-06-22,9
2024-06-22 10:00:00,0.8536427,0.798418,2024-06-22,10
2024-06-22 11:00:00,0.8452814,0.7975754,2024-06-22,11
2024-06-22 12:00:00,0.6594455,0.6295234,2024-06-22,12
2024-06-22 13:00:00,0.5403476,0.5166894,2024-06-22,13
2024-06-22 14:00:00,0.3105393,0.3002721,2024-06-22,14
2024-06-22 15:00:00,0.3683685,0.3421888,2024-06-22,15
2024-06-22 16:00:00,0.3280728,0.2613246,2024-06-22,16
2024-06-22 17:00:00,0.1333171,0.09277714,2024-06-22,17
2024-06-22 18:00:00,0.01051367,0.0,2024-06-22,18
2024-06-22 19:00:00,0.0,0.0,2024-06-22,19
2024-06-22 20:00:00,0.0,0.0,2024-06-22,20
2024-06-22 21:00:00,0.0,0.0,2024-06-22,21
2024-06-22 22:00:00,0.0,0.0,2024-06-22,22
2024-06-22 23:00:00,0.0,0.0,2024-06-22,23
2024-06-23 00:00:00,0.0,0.0,2024-06-23,0
2024-06-23 01:00:00,0.0,0.0,2024-06-23,1
2024-06-23 02:00:00,0.0,0.0,2024-06-23,2
2024-06-23 03:00:00,0.0,0.0,2024-06-23,3
2024-06-23 04:00:00,7.57829e-06,0.0,2024-06-23,4
2024-06-23 05:00:00,0.07643271,0.03736322,2024-06-23,5
2024-06-23 06:00:00,0.2124768,0.174017,2024-06-23,6
2024-06-23 07:00:00,0.5334539,0.430813,2024-06-23,7
2024-06-23 08:00:00,0.7955139,0.6975033,2024-06-23,8
2024-06-23 09:00:00,0.8198335,0.7506398,2024-06-23,9
2024-06-23 10:00:00,0.9903361,0.9219891,2024-06-23,10
2024-06-23 11:00:00,1.075459,1.008138,2024-06-23,11
2024-06-23 12:00:00,1.112085,1.039365,2024-06-23,12
2024-06-23 13:00:00,1.010987,0.9323176,2024-06-23,13
2024-06-23 14:00:00,0.8066853,0.7230511,2024-06-23,14
2024-06-23 15:00:00,0.6619858,0.5583039,2024-06-23,15
2024-06-23 16:00:00,0.3977203,0.2943197,2024-06-23,16
2024-06-23 17:00:00,0.1532994,0.0879982,2024-06-23,17
2024-06-23 18:00:00,0.01589718,0.0,2024-06-23,18
2024-06-23 19:00:00,0.0,0.0,2024-06-23,19
2024-06-23 20:00:00,0.0,0.0,2024-06-23,20
2024-06-23 21:00:00,0.0,0.0,2024-06-23,21
2024-06-23 22:00:00,0.0,0.0,2024-06-23,22
2024-06-23 23:00:00,0.0,0.0,2024-06-23,23
2024-06-24 00:00:00,0.0,0.0,2024-06-24,0
2024-06-24 01:00:00,0.0,0.0,2024-06-24,1
2024-06-24 02:00:00,0.0,0.0,2024-06-24,2
2024-06-24 03:00:00,0.0,0.0,2024-06-24,3
2024-06-24 04:00:00,2.08242e-06,0.0,2024-06-24,4
2024-06-24 05:00:00,0.07136955,0.04040753,2024-06-24,5
2024-06-24 06:00:00,0.2327908,0.1796487,2024-06-24,6
2024-06-24 07:00:00,0.5093892,0.4135442,2024-06-24,7
2024-06-24 08:00:00,0.7218134,0.6340041,2024-06-24,8
2024-06-24 09:00:00,0.8041142,0.7369855,2024-06-24,9
2024-06-24 10:00:00,0.8099535,0.7598072,2024-06-24,10
2024-06-24 11:00:00,0.8586558,0.8096465,2024-06-24,11
2024-06-24 12:00:00,0.8863649,0.8319545,2024-06-24,12
2024-06-24 13:00:00,0.7466519,0.6968908,2024-06-24,13
2024-06-24 14:00:00,0.7445165,0.6699112,2024-06-24,14
2024-06-24 15:00:00,0.5041984,0.4398488,2024-06-24,15
2024-06-24 16:00:00,0.2618393,0.2299098,2024-06-24,16
2024-06-24 17:00:00,0.156844,0.0874505,2024-06-24,17
2024-06-24 18:00:00,0.01747222,0.0,2024-06-24,18
2024-06-24 19:00:00,0.0,0.0,2024-06-24,19
2024-06-24 20:00:00,0.0,0.0,2024-06-24,20
2024-06-24 21:00:00,0.0,0.0,2024-06-24,21
2024-06-24 22:00:00,0.0,0.0,2024-06-24,22
2024-06-24 23:00:00,0.0,0.0,2024-06-24,23
2024-06-25 00:00:00,0.0,0.0,2024-06-25,0
2024-06-25 01:00:00,0.0,0.0,2024-06-25,1
2024-06-25 02:00:00,0.0,0.0,2024-06-25,2
2024-06-25 03:00:00,0.0,0.0,2024-06-25,3
2024-06-25 04:00:00,2.77744e-08,0.0,2024-06-25,4
2024-06-25 05:00:00,0.01847188,0.01771405,2024-06-25,5
2024-06-25 06:00:00,0.1402481,0.1316824,2024-06-25,6
2024-06-25 07:00:00,0.1822721,0.1759633,2024-06-25,7
2024-06-25 08:00:00,0.1835927,0.1779967,2024-06-25,8
2024-06-25 09:00:00,0.08808402,0.08551199,2024-06-25,9
2024-06-25 10:00:00,0.220153,0.2137154,2024-06-25,10
2024-06-25 11:00:00,0.1150079,0.111672,2024-06-25,11
2024-06-25 12:00:00,0.334584,0.324693,2024-06-25,12
2024-06-25 13:00:00,0.2886788,0.2800836,2024-06-25,13
2024-06-25 14:00:00,0.1362786,0.1322416,2024-06-25,14
2024-06-25 15:00:00,0.08812026,0.08547025,2024-06-25,15
2024-06-25 16:00:00,0.09556946,0.09241037,2024-06-25,16
2024-06-25 17:00:00,0.02645275,0.02553177,2024-06-25,17
2024-06-25 18:00:00,0.004375217,0.0,2024-06-25,18
2024-06-25 19:00:00,0.0,0.0,2024-06-25,19
2024-06-25 20:00:00,0.0,0.0,2024-06-25,20
2024-06-25 21:00:00,0.0,0.0,2024-06-25,21
2024-06-25 22:00:00,0.0,0.0,2024-06-25,22
2024-06-25 23:00:00,0.0,0.0,2024-06-25,23
2024-06-26 00:00:00,0.0,0.0,2024-06-26,0
2024-06-26 01:00:00,0.0,0.0,2024-06-26,1
2024-06-26 02:00:00,0.0,0.0,2024-06-26,2
2024-06-26 03:00:00,0.0,0.0,2024-06-26,3
2024-06-26 04:00:00,0.0,0.0,2024-06-26,4
2024-06-26 05:00:00,0.004240641,0.004106672,2024-06-26,5
2024-06-26 06:00:00,0.08563166,0.08252577,2024-06-26,6
2024-06-26 07:00:00,0.1360245,0.1316638,2024-06-26,7
2024-06-26 08:00:00,0.4180998,0.3940922,2024-06-26,8
2024-06-26 09:00:00,0.6266782,0.5868767,2024-06-26,9
2024-06-26 10:00:00,0.4515017,0.4365079,2024-06-26,10
2024-06-26 11:00:00,0.3233753,0.3138855,2024-06-26,11
2024-06-26 12:00:00,0.3142115,0.3049736,2024-06-26,12
2024-06-26 13:00:00,0.5488157,0.5244914,2024-06-26,13
2024-06-26 14:00:00,0.5589316,0.5194454,2024-06-26,14
2024-06-26 15:00:00,0.3125638,0.2966925,2024-06-26,15
2024-06-26 16:00:00,0.2962206,0.2484079,2024-06-26,16
2024-06-26 17:00:00,0.08019572,0.07500341,2024-06-26,17
2024-06-26 18:00:00,0.01488652,0.0,2024-06-26,18
2024-06-26 19:00:00,0.0,0.0,2024-06-26,19
2024-06-26 20:00:00,0.0,0.0,2024-06-26,20
2024-06-26 21:00:00,0.0,0.0,2024-06-26,21
2024-06-26 22:00:00,0.0,0.0,2024-06-26,22
2024-06-26 23:00:00,0.0,0.0,2024-06-26,23
2024-06-27 00:00:00,0.0,0.0,2024-06-27,0
2024-06-27 01:00:00,0.0,0.0,2024-06-27,1
2024-06-27 02:00:00,0.0,0.0,2024-06-27,2
2024-06-27 03:00:00,0.0,0.0,2024-06-27,3
2024-06-27 04:00:00,0.0,0.0,2024-06-27,4
2024-06-27 05:00:00,0.05150277,0.0429113,2024-06-27,5
2024-06-27 06:00:00,0.1901496,0.1636053,2024-06-27,6
2024-06-27 07:00:00,0.2225568,0.2131698,2024-06-27,7
2024-06-27 08:00:00,0.1675704,0.1624909,2024-06-27,8
2024-06-27 09:00:00,0.07965776,0.07733346,2024-06-27,9
2024-06-27 10:00:00,0.1740357,0.1689633,2024-06-27,10
2024-06-27 11:00:00,0.571081,0.5499331,2024-06-27,11
2024-06-27 12:00:00,0.4746794,0.4590199,2024-06-27,12
2024-06-27 13:00:00,0.4209041,0.4066799,2024-06-27,13
2024-06-27 14:00:00,0.3063929,0.2963844,2024-06-27,14
2024-06-27 15:00:00,0.165977,0.1607831,2024-06-27,15
2024-06-27 16:00:00,0.1647976,0.1576891,2024-06-27,16
2024-06-27 17:00:00,0.06920379,0.06579664,2024-06-27,17
2024-06-27 18:00:00,0.01173551,0.0,2024-06-27,18
2024-06-27 19:00:00,0.0,0.0,2024-06-27,19
2024-06-27 20:00:00,0.0,0.0,2024-06-27,20
2024-06-27 21:00:00,0.0,0.0,2024-06-27,21
2024-06-27 22:00:00,0.0,0.0,2024-06-27,22
2024-06-27 23:00:00,0.0,0.0,2024-06-27,23
2024-06-28 00:00:00,0.0,0.0,2024-06-28,0
2024-06-28 01:00:00,0.0,0.0,2024-06-28,1
2024-06-28 02:00:00,0.0,0.0,2024-06-28,2
2024-06-28 03:00:00,0.0,0.0,2024-06-28,3
2024-06-28 04:00:00,0.0,0.0,2024-06-28,4
2024-06-28 05:00:00,0.06781475,0.03953459,2024-06-28,5
2024-06-28 06:00:00,0.2769309,0.1869608,2024-06-28,6
2024-06-28 07:00:00,0.4374607,0.3669023,2024-06-28,7
2024-06-28 08:00:00,0.7464421,0.6552011,2024-06-28,8
2024-06-28 09:00:00,0.8503657,0.7778224,2024-06-28,9
2024-06-28 10:00:00,0.90678,0.8464807,2024-06-28,10
2024-06-28 11:00:00,0.798752,0.7565286,2024-06-28,11
2024-06-28 12:00:00,1.038534,0.9720813,2024-06-28,12
2024-06-28 13:00:00,0.8830206,0.8170866,2024-06-28,13
2024-06-28 14:00:00,0.7033528,0.6368201,2024-06-28,14
2024-06-28 15:00:00,0.265045,0.2545907,2024-06-28,15
2024-06-28 16:00:00,0.2354621,0.2140763,2024-06-28,16
2024-06-28 17:00:00,0.119334,0.09508584,2024-06-28,17
2024-06-28 18:00:00,0.01222885,0.0,2024-06-28,18
2024-06-28 19:00:00,0.0,0.0,2024-06-28,19
2024-06-28 20:00:00,0.0,0.0,2024-06-28,20
2024-06-28 21:00:00,0.0,0.0,2024-06-28,21
2024-06-28 22:00:00,0.0,0.0,2024-06-28,22
2024-06-28 23:00:00,0.0,0.0,2024-06-28,23
2024-06-29 00:00:00,0.0,0.0,2024-06-29,0
2024-06-29 01:00:00,0.0,0.0,2024-06-29,1
2024-06-29 02:00:00,0.0,0.0,2024-06-29,2
2024-06-29 03:00:00,0.0,0.0,2024-06-29,3
2024-06-29 04:00:00,0.0,0.0,2024-06-29,4
2024-06-29 05:00:00,0.09022079,0.01762578,2024-06-29,5
2024-06-29 06:00:00,0.2897578,0.1897138,2024-06-29,6
2024-06-29 07:00:00,0.5254287,0.424383,2024-06-29,7
2024-06-29 08:00:00,0.6555565,0.5799916,2024-06-29,8
2024-06-29 09:00:00,0.379142,0.3662935,2024-06-29,9
2024-06-29 10:00:00,0.8420157,0.7887833,2024-06-29,10
2024-06-29 11:00:00,0.8074531,0.7645043,2024-06-29,11
2024-06-29 12:00:00,0.8863261,0.8329659,2024-06-29,12
2024-06-29 13:00:00,0.8725156,0.8080578,2024-06-29,13
2024-06-29 14:00:00,0.8663579,0.7778593,2024-06-29,14
2024-06-29 15:00:00,0.54377,0.46915,2024-06-29,15
2024-06-29 16:00:00,0.3929056,0.2946022,2024-06-29,16
2024-06-29 17:00:00,0.182062,0.08228318,2024-06-29,17
2024-06-29 18:00:00,0.01889391,0.0,2024-06-29,18
2024-06-29 19:00:00,0.0,0.0,2024-06-29,19
2024-06-29 20:00:00,0.0,0.0,2024-06-29,20
2024-06-29 21:00:00,0.0,0.0,2024-06-29,21
2024-06-29 22:00:00,0.0,0.0,2024-06-29,22
2024-06-29 23:00:00,0.0,0.0,2024-06-29,23
2024-06-30 00:00:00,0.0,0.0,2024-06-30,0
2024-06-30 01:00:00,0.0,0.0,2024-06-30,1
2024-06-30 02:00:00,0.0,0.0,2024-06-30,2
2024-06-30 03:00:00,0.0,0.0,2024-06-30,3
2024-06-30 04:00:00,0.0,0.0,2024-06-30,4
2024-06-30 05:00:00,0.06488521,0.03959356,2024-06-30,5
2024-06-30 06:00:00,0.1766046,0.1559344,2024-06-30,6
2024-06-30 07:00:00,0.2967654,0.2749944,2024-06-30,7
2024-06-30 08:00:00,0.4464572,0.4174744,2024-06-30,8
2024-06-30 09:00:00,0.5570976,0.5275398,2024-06-30,9
2024-06-30 10:00:00,0.6042599,0.5780014,2024-06-30,10
2024-06-30 11:00:00,0.6708125,0.6417277,2024-06-30,11
2024-06-30 12:00:00,0.7490324,0.7105551,2024-06-30,12
2024-06-30 13:00:00,0.8912491,0.8252006,2024-06-30,13
2024-06-30 14:00:00,0.6042696,0.5570554,2024-06-30,14
2024-06-30 15:00:00,0.5825889,0.4979379,2024-06-30,15
2024-06-30 16:00:00,0.2992424,0.2511264,2024-06-30,16
2024-06-30 17:00:00,0.1334039,0.09651826,2024-06-30,17
2024-06-30 18:00:00,0.016959,0.0,2024-06-30,18
2024-06-30 19:00:00,0.0,0.0,2024-06-30,19
2024-06-30 20:00:00,0.0,0.0,2024-06-30,20
2024-06-30 21:00:00,0.0,0.0,2024-06-30,21
2024-06-30 22:00:00,0.0,0.0,2024-06-30,22
2024-06-30 23:00:00,0.0,0.0,2024-06-30,23
2024-07-01 00:00:00,0.0,0.0,2024-07-01,0
2024-07-01 01:00:00,0.0,0.0,2024-07-01,1
2024-07-01 02:00:00,0.0,0.0,2024-07-01,2
2024-07-01 03:00:00,0.0,0.0,2024-07-01,3
2024-07-01 04:00:00,0.0,0.0,2024-07-01,4
2024-07-01 05:00:00,0.03166085,0.0299415,2024-07-01,5
2024-07-01 06:00:00,0.1164944,0.111253,2024-07-01,6
2024-07-01 07:00:00,0.3776043,0.3302973,2024-07-01,7
2024-07-01 08:00:00,0.3164165,0.3043904,2024-07-01,8
2024-07-01 09:00:00,0.365133,0.3530753,2024-07-01,9
2024-07-01 10:00:00,0.4936293,0.4762437,2024-07-01,10
2024-07-01 11:00:00,0.4367426,0.4232185,2024-07-01,11
2024-07-01 12:00:00,0.6556877,0.6269088,2024-07-01,12
2024-07-01 13:00:00,0.4690764,0.4519157,2024-07-01,13
2024-07-01 14:00:00,0.3179986,0.3074483,2024-07-01,14
2024-07-01 15:00:00,0.1559054,0.1510649,2024-07-01,15
2024-07-01 16:00:00,0.09518398,0.09205478,2024-07-01,16
2024-07-01 17:00:00,0.02686146,0.0259309,2024-07-01,17
2024-07-01 18:00:00,0.003954762,0.0,2024-07-01,18
2024-07-01 19:00:00,0.0,0.0,2024-07-01,19
2024-07-01 20:00:00,0.0,0.0,2024-07-01,20
2024-07-01 21:00:00,0.0,0.0,2024-07-01,21
2024-07-01 22:00:00,0.0,0.0,2024-07-01,22
2024-07-01 23:00:00,0.0,0.0,2024-07-01,23
2024-07-02 00:00:00,0.0,0.0,2024-07-02,0
2024-07-02 01:00:00,0.0,0.0,2024-07-02,1
2024-07-02 02:00:00,0.0,0.0,2024-07-02,2
2024-07-02 03:00:00,0.0,0.0,2024-07-02,3
2024-07-02 04:00:00,0.0,0.0,2024-07-02,4
2024-07-02 05:00:00,0.02154694,0.02058732,2024-07-02,5
2024-07-02 06:00:00,0.02885967,0.02795905,2024-07-02,6
2024-07-02 07:00:00,0.01788978,0.01736392,2024-07-02,7
2024-07-02 08:00:00,0.1838205,0.1782212,2024-07-02,8
2024-07-02 09:00:00,0.1501981,0.1457868,2024-07-02,9
2024-07-02 10:00:00,0.1991057,0.193299,2024-07-02,10
2024-07-02 11:00:00,0.3046606,0.2957633,2024-07-02,11
2024-07-02 12:00:00,0.2227548,0.2162708,2024-07-02,12
2024-07-02 13:00:00,0.2174087,0.211024,2024-07-02,13
2024-07-02 14:00:00,0.2944961,0.2851132,2024-07-02,14
2024-07-02 15:00:00,0.1679006,0.1626571,2024-07-02,15
2024-07-02 16:00:00,0.1464684,0.1409958,2024-07-02,16
2024-07-02 17:00:00,0.1076676,0.09240565,2024-07-02,17
2024-07-02 18:00:00,0.003165789,0.0,2024-07-02,18
2024-07-02 19:00:00,0.0,0.0,2024-07-02,19
2024-07-02 20:00:00,0.0,0.0,2024-07-02,20
2024-07-02 21:00:00,0.0,0.0,2024-07-02,21
2024-07-02 22:00:00,0.0,0.0,2024-07-02,22
2024-07-02 23:00:00,0.0,0.0,2024-07-02,23
2024-07-03 00:00:00,0.0,0.0,2024-07-03,0
2024-07-03 01:00:00,0.0,0.0,2024-07-03,1
2024-07-03 02:00:00,0.0,0.0,2024-07-03,2
2024-07-03 03:00:00,0.0,0.0,2024-07-03,3
2024-07-03 04:00:00,0.0,0.0,2024-07-03,4
2024-07-03 05:00:00,0.01984565,0.0189856,2024-07-03,5
2024-07-03 06:00:00,0.07249901,0.06994807,2024-07-03,6
2024-07-03 07:00:00,0.1412504,0.1366991,2024-07-03,7
2024-07-03 08:00:00,0.1538883,0.1492487,2024-07-03,8
2024-07-03 09:00:00,0.3376087,0.3269152,2024-07-03,9
2024-07-03 10:00:00,0.5845531,0.5603755,2024-07-03,10
2024-07-03 11:00:00,0.3225542,0.3131153,2024-07-03,11
2024-07-03 12:00:00,0.2412336,0.2342075,2024-07-03,12
2024-07-03 13:00:00,0.4388599,0.4237729,2024-07-03,13
2024-07-03 14:00:00,0.3682239,0.3545538,2024-07-03,14
2024-07-03 15:00:00,0.2422735,0.2336468,2024-07-03,15
2024-07-03 16:00:00,0.1849331,0.1755083,2024-07-03,16
2024-07-03 17:00:00,0.1037119,0.09073394,2024-07-03,17
2024-07-03 18:00:00,0.008564441,0.0,2024-07-03,18
2024-07-03 19:00:00,0.0,0.0,2024-07-03,19
2024-07-03 20:00:00,0.0,0.0,2024-07-03,20
2024-07-03 21:00:00,0.0,0.0,2024-07-03,21
2024-07-03 22:00:00,0.0,0.0,2024-07-03,22
2024-07-03 23:00:00,0.0,0.0,2024-07-03,23
2024-07-04 00:00:00,0.0,0.0,2024-07-04,0
2024-07-04 01:00:00,0.0,0.0,2024-07-04,1
2024-07-04 02:00:00,0.0,0.0,2024-07-04,2
2024-07-04 03:00:00,0.0,0.0,2024-07-04,3
2024-07-04 04:00:00,0.0,0.0,2024-07-04,4
2024-07-04 05:00:00,0.01085552,0.01045975,2024-07-04,5
2024-07-04 06:00:00,0.04902184,0.047406,2024-07-04,6
2024-07-04 07:00:00,0.1424429,0.1378489,2024-07-04,7
2024-07-04 08:00:00,0.249973,0.2419539,2024-07-04,8
2024-07-04 09:00:00,0.2717877,0.2636354,2024-07-04,9
2024-07-04 10:00:00,0.1478737,0.1435745,2024-07-04,10
2024-07-04 11:00:00,0.2045086,0.1985729,2024-07-04,11
2024-07-04 12:00:00,0.1803957,0.1751574,2024-07-04,12
2024-07-04 13:00:00,0.1469206,0.1426346,2024-07-04,13
2024-07-04 14:00:00,0.1873624,0.1817694,2024-07-04,14
2024-07-04 15:00:00,0.164219,0.1591083,2024-07-04,15
2024-07-04 16:00:00,0.08215487,0.07951102,2024-07-04,16
2024-07-04 17:00:00,0.02932232,0.02829351,2024-07-04,17
2024-07-04 18:00:00,0.002471939,0.0,2024-07-04,18
2024-07-04 19:00:00,0.0,0.0,2024-07-04,19
2024-07-04 20:00:00,0.0,0.0,2024-07-04,20
2024-07-04 21:00:00,0.0,0.0,2024-07-04,21
2024-07-04 22:00:00,0.0,0.0,2024-07-04,22
2024-07-04 23:00:00,0.0,0.0,2024-07-04,23
2024-07-05 00:00:00,0.0,0.0,2024-07-05,0
2024-07-05 01:00:00,0.0,0.0,2024-07-05,1
2024-07-05 02:00:00,0.0,0.0,2024-07-05,2
2024-07-05 03:00:00,0.0,0.0,2024-07-05,3
2024-07-05 04:00:00,0.0,0.0,2024-07-05,4
2024-07-05 05:00:00,0.06193602,0.03688264,2024-07-05,5
2024-07-05 06:00:00,0.1038571,0.09968825,2024-07-05,6
2024-07-05 07:00:00,0.3373352,0.3038921,2024-07-05,7
2024-07-05 08:00:00,0.5354586,0.4878887,2024-07-05,8
2024-07-05 09:00:00,0.5839518,0.5512797,2024-07-05,9
2024-07-05 10:00:00,0.8933426,0.8367963,2024-07-05,10
2024-07-05 11:00:00,0.787867,0.7485485,2024-07-05,11
2024-07-05 12:00:00,0.5883374,0.5658475,2024-07-05,12
2024-07-05 13:00:00,0.5570976,0.5329255,2024-07-05,13
2024-07-05 14:00:00,0.33572,0.3242708,2024-07-05,14
2024-07-05 15:00:00,0.4795857,0.4264313,2024-07-05,15
2024-07-05 16:00:00,0.4432274,0.3290958,2024-07-05,16
2024-07-05 17:00:00,0.1769789,0.08765779,2024-07-05,17
2024-07-05 18:00:00,0.01694392,0.0,2024-07-05,18
2024-07-05 19:00:00,0.0,0.0,2024-07-05,19
2024-07-05 20:00:00,0.0,0.0,2024-07-05,20
2024-07-05 21:00:00,0.0,0.0,2024-07-05,21
2024-07-05 22:00:00,0.0,0.0,2024-07-05,22
2024-07-05 23:00:00,0.0,0.0,2024-07-05,23
2024-07-06 00:00:00,0.0,0.0,2024-07-06,0
2024-07-06 01:00:00,0.0,0.0,2024-07-06,1
2024-07-06 02:00:00,0.0,0.0,2024-07-06,2
2024-07-06 03:00:00,0.0,0.0,2024-07-06,3
2024-07-06 04:00:00,0.0,0.0,2024-07-06,4
2024-07-06 05:00:00,0.03013361,0.0284764,2024-07-06,5
2024-07-06 06:00:00,0.2272935,0.1730074,2024-07-06,6
2024-07-06 07:00:00,0.4836285,0.3959877,2024-07-06,7
2024-07-06 08:00:00,0.5847993,0.5260175,2024-07-06,8
2024-07-06 09:00:00,0.5591704,0.5299473,2024-07-06,9
2024-07-06 10:00:00,0.6992799,0.6641489,2024-07-06,10
2024-07-06 11:00:00,0.4343449,0.4210383,2024-07-06,11
2024-07-06 12:00:00,0.1146254,0.1113028,2024-07-06,12
2024-07-06 13:00:00,0.1057419,0.1026656,2024-07-06,13
2024-07-06 14:00:00,0.04498659,0.04367417,2024-07-06,14
2024-07-06 15:00:00,0.09152111,0.08877475,2024-07-06,15
2024-07-06 16:00:00,0.07243571,0.07013933,2024-07-06,16
2024-07-06 17:00:00,0.09512782,0.08613034,2024-07-06,17
2024-07-06 18:00:00,0.01700136,0.0,2024-07-06,18
2024-07-06 19:00:00,0.0,0.0,2024-07-06,19
2024-07-06 20:00:00,0.0,0.0,2024-07-06,20
2024-07-06 21:00:00,0.0,0.0,2024-07-06,21
2024-07-06 22:00:00,0.0,0.0,2024-07-06,22
2024-07-06 23:00:00,0.0,0.0,2024-07-06,23
2024-07-07 00:00:00,0.0,0.0,2024-07-07,0
2024-07-07 01:00:00,0.0,0.0,2024-07-07,1
2024-07-07 02:00:00,0.0,0.0,2024-07-07,2
2024-07-07 03:00:00,0.0,0.0,2024-07-07,3
2024-07-07 04:00:00,0.0,0.0,2024-07-07,4
2024-07-07 05:00:00,0.05165064,0.03881053,2024-07-07,5
2024-07-07 06:00:00,0.1087673,0.1041615,2024-07-07,6
2024-07-07 07:00:00,0.2188291,0.2096643,2024-07-07,7
2024-07-07 08:00:00,0.2700111,0.2610303,2024-07-07,8
2024-07-07 09:00:00,0.5686606,0.5383638,2024-07-07,9
2024-07-07 10:00:00,0.8483078,0.7972409,2024-07-07,10
2024-07-07 11:00:00,0.4350972,0.4217892,2024-07-07,11
2024-07-07 12:00:00,0.8368243,0.791641,2024-07-07,12
2024-07-07 13:00:00,0.5966797,0.5688515,2024-07-07,13
2024-07-07 14:00:00,0.4085759,0.3917873,2024-07-07,14
2024-07-07 15:00:00,0.4640225,0.4161453,2024-07-07,15
2024-07-07 16:00:00,0.4205319,0.3155091,2024-07-07,16
2024-07-07 17:00:00,0.1453235,0.09727325,2024-07-07,17
2024-07-07 18:00:00,0.01912718,0.0,2024-07-07,18
2024-07-07 19:00:00,0.0,0.0,2024-07-07,19
2024-07-07 20:00:00,0.0,0.0,2024-07-07,20
2024-07-07 21:00:00,0.0,0.0,2024-07-07,21
2024-07-07 22:00:00,0.0,0.0,2024-07-07,22
2024-07-07 23:00:00,0.0,0.0,2024-07-07,23
2024-07-08 00:00:00,0.0,0.0,2024-07-08,0
2024-07-08 01:00:00,0.0,0.0,2024-07-08,1
2024-07-08 02:00:00,0.0,0.0,2024-07-08,2
2024-07-08 03:00:00,0.0,0.0,2024-07-08,3
2024-07-08 04:00:00,0.0,0.0,2024-07-08,4
2024-07-08 05:00:00,0.000200547,0.000194657,2024-07-08,5
2024-07-08 06:00:00,0.03509891,0.03398357,2024-07-08,6
2024-07-08 07:00:00,0.05813488,0.05638371,2024-07-08,7
2024-07-08 08:00:00,0.1239157,0.1202191,2024-07-08,8
2024-07-08 09:00:00,0.1139516,0.1106223,2024-07-08,9
2024-07-08 10:00:00,0.156659,0.1521079,2024-07-08,10
2024-07-08 11:00:00,0.1152561,0.1119188,2024-07-08,11
2024-07-08 12:00:00,0.153873,0.1494135,2024-07-08,12
2024-07-08 13:00:00,0.1152311,0.1118793,2024-07-08,13
2024-07-08 14:00:00,0.07000076,0.06795472,2024-07-08,14
2024-07-08 15:00:00,0.03526875,0.03423278,2024-07-08,15
2024-07-08 16:00:00,0.05545846,0.05374137,2024-07-08,16
2024-07-08 17:00:00,0.0271852,0.02624818,2024-07-08,17
2024-07-08 18:00:00,0.001904721,0.0,2024-07-08,18
2024-07-08 19:00:00,0.0,0.0,2024-07-08,19
2024-07-08 20:00:00,0.0,0.0,2024-07-08,20
2024-07-08 21:00:00,0.0,0.0,2024-07-08,21
2024-07-08 22:00:00,0.0,0.0,2024-07-08,22
2024-07-08 23:00:00,0.0,0.0,2024-07-08,23
2024-07-09 00:00:00,0.0,0.0,2024-07-09,0
2024-07-09 01:00:00,0.0,0.0,2024-07-09,1
2024-07-09 02:00:00,0.0,0.0,2024-07-09,2
2024-07-09 03:00:00,0.0,0.0,2024-07-09,3
2024-07-09 04:00:00,0.0,0.0,2024-07-09,4
2024-07-09 05:00:00,0.0549547,0.03674548,2024-07-09,5
2024-07-09 06:00:00,0.1314959,0.1237326,2024-07-09,6
2024-07-09 07:00:00,0.251442,0.2381933,2024-07-09,7
2024-07-09 08:00:00,0.1815977,0.176086,2024-07-09,8
2024-07-09 09:00:00,0.3034484,0.2942118,2024-07-09,9
2024-07-09 10:00:00,0.2583103,0.25077,2024-07-09,10
2024-07-09 11:00:00,0.3183737,0.3091011,2024-07-09,11
2024-07-09 12:00:00,0.2731097,0.2651666,2024-07-09,12
2024-07-09 13:00:00,0.5240883,0.5034541,2024-07-09,13
2024-07-09 14:00:00,0.4900469,0.4642412,2024-07-09,14
2024-07-09 15:00:00,0.2650532,0.2549311,2024-07-09,15
2024-07-09 16:00:00,0.1901131,0.1801526,2024-07-09,16
2024-07-09 17:00:00,0.0482495,0.04634923,2024-07-09,17
2024-07-09 18:00:00,0.004046654,0.0,2024-07-09,18
2024-07-09 19:00:00,0.0,0.0,2024-07-09,19
2024-07-09 20:00:00,0.0,0.0,2024-07-09,20
2024-07-09 21:00:00,0.0,0.0,2024-07-09,21
2024-07-09 22:00:00,0.0,0.0,2024-07-09,22
2024-07-09 23:00:00,0.0,0.0,2024-07-09,23
2024-07-10 00:00:00,0.0,0.0,2024-07-10,0
2024-07-10 01:00:00,0.0,0.0,2024-07-10,1
2024-07-10 02:00:00,0.0,0.0,2024-07-10,2
2024-07-10 03:00:00,0.0,0.0,2024-07-10,3
2024-07-10 04:00:00,0.0,0.0,2024-07-10,4
2024-07-10 05:00:00,0.0818607,0.01248964,2024-07-10,5
2024-07-10 06:00:00,0.2678495,0.1798309,2024-07-10,6
2024-07-10 07:00:00,0.4564541,0.3790581,2024-07-10,7
2024-07-10 08:00:00,0.389143,0.3696726,2024-07-10,8
2024-07-10 09:00:00,0.7593531,0.7029166,2024-07-10,9
2024-07-10 10:00:00,0.9814593,0.9206818,2024-07-10,10
2024-07-10 11:00:00,0.9109762,0.8628312,2024-07-10,11
2024-07-10 12:00:00,0.8325345,0.7893801,2024-07-10,12
2024-07-10 13:00:00,0.5818015,0.5561715,2024-07-10,13
2024-07-10 14:00:00,0.3865015,0.3718257,2024-07-10,14
2024-07-10 15:00:00,0.3155237,0.3002357,2024-07-10,15
2024-07-10 16:00:00,0.1508734,0.1451909,2024-07-10,16
2024-07-10 17:00:00,0.1014401,0.08995348,2024-07-10,17
2024-07-10 18:00:00,0.01652578,0.0,2024-07-10,18
2024-07-10 19:00:00,0.0,0.0,2024-07-10,19
2024-07-10 20:00:00,0.0,0.0,2024-07-10,20
2024-07-10 21:00:00,0.0,0.0,2024-07-10,21
2024-07-10 22:00:00,0.0,0.0,2024-07-10,22
2024-07-10 23:00:00,0.0,0.0,2024-07-10,23
2024-07-11 00:00:00,0.0,0.0,2024-07-11,0
2024-07-11 01:00:00,0.0,0.0,2024-07-11,1
2024-07-11 02:00:00,0.0,0.0,2024-07-11,2
2024-07-11 03:00:00,0.0,0.0,2024-07-11,3
2024-07-11 04:00:00,0.0,0.0,2024-07-11,4
2024-07-11 05:00:00,0.05021947,0.03653685,2024-07-11,5
2024-07-11 06:00:00,0.1186596,0.1128549,2024-07-11,6
2024-07-11 07:00:00,0.3777966,0.3302716,2024-07-11,7
2024-07-11 08:00:00,0.4941765,0.4567472,2024-07-11,8
2024-07-11 09:00:00,0.6763339,0.632054,2024-07-11,9
2024-07-11 10:00:00,0.7760198,0.7345287,2024-07-11,10
2024-07-11 11:00:00,0.9438138,0.8937888,2024-07-11,11
2024-07-11 12:00:00,1.049336,0.9902411,2024-07-11,12
2024-07-11 13:00:00,0.8358768,0.7820842,2024-07-11,13
2024-07-11 14:00:00,0.4663535,0.4439402,2024-07-11,14
2024-07-11 15:00:00,0.6436074,0.55345,2024-07-11,15
2024-07-11 16:00:00,0.4381478,0.3301621,2024-07-11,16
2024-07-11 17:00:00,0.1283956,0.09857369,2024-07-11,17
2024-07-11 18:00:00,0.02173156,0.0,2024-07-11,18
2024-07-11 19:00:00,0.0,0.0,2024-07-11,19
2024-07-11 20:00:00,0.0,0.0,2024-07-11,20
2024-07-11 21:00:00,0.0,0.0,2024-07-11,21
2024-07-11 22:00:00,0.0,0.0,2024-07-11,22
2024-07-11 23:00:00,0.0,0.0,2024-07-11,23
2024-07-12 00:00:00,0.0,0.0,2024-07-12,0
2024-07-12 01:00:00,0.0,0.0,2024-07-12,1
2024-07-12 02:00:00,0.0,0.0,2024-07-12,2
2024-07-12 03:00:00,0.0,0.0,2024-07-12,3
2024-07-12 04:00:00,0.0,0.0,2024-07-12,4
2024-07-12 05:00:00,0.03669966,0.03296131,2024-07-12,5
2024-07-12 06:00:00,0.1252739,0.1184497,2024-07-12,6
2024-07-12 07:00:00,0.09346925,0.09058241,2024-07-12,7
2024-07-12 08:00:00,0.2082045,0.2018342,2024-07-12,8
2024-07-12 09:00:00,0.323642,0.3136603,2024-07-12,9
2024-07-12 10:00:00,0.2971972,0.2885087,2024-07-12,10
2024-07-12 11:00:00,0.2845489,0.2763014,2024-07-12,11
2024-07-12 12:00:00,0.5152037,0.4982279,2024-07-12,12
2024-07-12 13:00:00,0.3339471,0.323952,2024-07-12,13
2024-07-12 14:00:00,0.2347857,0.2277427,2024-07-12,14
2024-07-12 15:00:00,0.1034734,0.1003627,2024-07-12,15
2024-07-12 16:00:00,0.1141391,0.1103288,2024-07-12,16
2024-07-12 17:00:00,0.0483838,0.04648356,2024-07-12,17
2024-07-12 18:00:00,0.001459718,0.0,2024-07-12,18
2024-07-12 19:00:00,0.0,0.0,2024-07-12,19
2024-07-12 20:00:00,0.0,0.0,2024-07-12,20
2024-07-12 21:00:00,0.0,0.0,2024-07-12,21
2024-07-12 22:00:00,0.0,0.0,2024-07-12,22
2024-07-12 23:00:00,0.0,0.0,2024-07-12,23
2024-07-13 00:00:00,0.0,0.0,2024-07-13,0
2024-07-13 01:00:00,0.0,0.0,2024-07-13,1
2024-07-13 02:00:00,0.0,0.0,2024-07-13,2
2024-07-13 03:00:00,0.0,0.0,2024-07-13,3
2024-07-13 04:00:00,0.0,0.0,2024-07-13,4
2024-07-13 05:00:00,0.0392034,0.03403671,2024-07-13,5
2024-07-13 06:00:00,0.2830272,0.1834783,2024-07-13,6
2024-07-13 07:00:00,0.4448994,0.3724839,2024-07-13,7
2024-07-13 08:00:00,0.6541933,0.5839128,2024-07-13,8
2024-07-13 09:00:00,0.8176646,0.7560477,2024-07-13,9
2024-07-13 10:00:00,0.8488477,0.8013315,2024-07-13,10
2024-07-13 11:00:00,0.9655275,0.915535,2024-07-13,11
2024-07-13 12:00:00,0.6772977,0.6495486,2024-07-13,12
2024-07-13 13:00:00,0.7830733,0.7364225,2024-07-13,13
2024-07-13 14:00:00,0.590843,0.5509305,2024-07-13,14
2024-07-13 15:00:00,0.4404193,0.4011662,2024-07-13,15
2024-07-13 16:00:00,0.2286378,0.2109602,2024-07-13,16
2024-07-13 17:00:00,0.1049104,0.09175039,2024-07-13,17
2024-07-13 18:00:00,0.01201997,0.0,2024-07-13,18
2024-07-13 19:00:00,0.0,0.0,2024-07-13,19
2024-07-13 20:00:00,0.0,0.0,2024-07-13,20
2024-07-13 21:00:00,0.0,0.0,2024-07-13,21
2024-07-13 22:00:00,0.0,0.0,2024-07-13,22
2024-07-13 23:00:00,0.0,0.0,2024-07-13,23
2024-07-14 00:00:00,0.0,0.0,2024-07-14,0
2024-07-14 01:00:00,0.0,0.0,2024-07-14,1
2024-07-14 02:00:00,0.0,0.0,2024-07-14,2
2024-07-14 03:00:00,0.0,0.0,2024-07-14,3
2024-07-14 04:00:00,0.0,0.0,2024-07-14,4
2024-07-14 05:00:00,0.02417794,0.02295702,2024-07-14,5
2024-07-14 06:00:00,0.09932394,0.09538778,2024-07-14,6
2024-07-14 07:00:00,0.2389586,0.2274634,2024-07-14,7
2024-07-14 08:00:00,0.3572288,0.3417606,2024-07-14,8
2024-07-14 09:00:00,0.4237571,0.4086006,2024-07-14,9
2024-07-14 10:00:00,0.3962076,0.3842126,2024-07-14,10
2024-07-14 11:00:00,0.2268918,0.2203337,2024-07-14,11
2024-07-14 12:00:00,0.258956,0.2514554,2024-07-14,12
2024-07-14 13:00:00,0.2541698,0.2467366,2024-07-14,13
2024-07-14 14:00:00,0.1525833,0.1480851,2024-07-14,14
2024-07-14 15:00:00,0.2021238,0.1957079,2024-07-14,15
2024-07-14 16:00:00,0.05510293,0.05340391,2024-07-14,16
2024-07-14 17:00:00,0.03244215,0.0312915,2024-07-14,17
2024-07-14 18:00:00,0.006358111,0.0,2024-07-14,18
2024-07-14 19:00:00,0.0,0.0,2024-07-14,19
2024-07-14 20:00:00,0.0,0.0,2024-07-14,20
2024-07-14 21:00:00,0.0,0.0,2024-07-14,21
2024-07-14 22:00:00,0.0,0.0,2024-07-14,22
2024-07-14 23:00:00,0.0,0.0,2024-07-14,23
2024-07-15 00:00:00,0.0,0.0,2024-07-15,0
2024-07-15 01:00:00,0.0,0.0,2024-07-15,1
2024-07-15 02:00:00,0.0,0.0,2024-07-15,2
2024-07-15 03:00:00,0.0,0.0,2024-07-15,3
2024-07-15 04:00:00,0.0,0.0,2024-07-15,4
2024-07-15 05:00:00,0.05196633,0.03287773,2024-07-15,5
2024-07-15 06:00:00,0.09291917,0.08938899,2024-07-15,6
2024-07-15 07:00:00,0.1665067,0.1609676,2024-07-15,7
2024-07-15 08:00:00,0.4296655,0.4048123,2024-07-15,8
2024-07-15 09:00:00,0.5797725,0.5499717,2024-07-15,9
2024-07-15 10:00:00,0.8166589,0.7735621,2024-07-15,10
2024-07-15 11:00:00,0.8739291,0.832352,2024-07-15,11
2024-07-15 12:00:00,0.8086281,0.7707279,2024-07-15,12
2024-07-15 13:00:00,0.8640884,0.8108157,2024-07-15,13
2024-07-15 14:00:00,0.6838674,0.6300381,2024-07-15,14
2024-07-15 15:00:00,0.5239117,0.4635626,2024-07-15,15
2024-07-15 16:00:00,0.3449253,0.2792295,2024-07-15,16
2024-07-15 17:00:00,0.1648238,0.0939579,2024-07-15,17
2024-07-15 18:00:00,0.01403225,0.0,2024-07-15,18
2024-07-15 19:00:00,0.0,0.0,2024-07-15,19
2024-07-15 20:00:00,0.0,0.0,2024-07-15,20
2024-07-15 21:00:00,0.0,0.0,2024-07-15,21
2024-07-15 22:00:00,0.0,0.0,2024-07-15,22
2024-07-15 23:00:00,0.0,0.0,2024-07-15,23
2024-07-16 00:00:00,0.0,0.0,2024-07-16,0
2024-07-16 01:00:00,0.0,0.0,2024-07-16,1
2024-07-16 02:00:00,0.0,0.0,2024-07-16,2
2024-07-16 03:00:00,0.0,0.0,2024-07-16,3
2024-07-16 04:00:00,0.0,0.0,2024-07-16,4
2024-07-16 05:00:00,0.02687328,0.02533505,2024-07-16,5
2024-07-16 06:00:00,0.06971958,0.06727193,2024-07-16,6
2024-07-16 07:00:00,0.2820219,0.2632914,2024-07-16,7
2024-07-16 08:00:00,0.5884505,0.5328504,2024-07-16,8
2024-07-16 09:00:00,0.4367163,0.4208398,2024-07-16,9
2024-07-16 10:00:00,0.644994,0.6182725,2024-07-16,10
2024-07-16 11:00:00,0.8653536,0.8252096,2024-07-16,11
2024-07-16 12:00:00,1.007788,0.956055,2024-07-16,12
2024-07-16 13:00:00,0.8095946,0.7624322,2024-07-16,13
2024-07-16 14:00:00,0.6332691,0.5881155,2024-07-16,14
2024-07-16 15:00:00,0.6565009,0.5691314,2024-07-16,15
2024-07-16 16:00:00,0.411929,0.3170199,2024-07-16,16
2024-07-16 17:00:00,0.1515134,0.0970057,2024-07-16,17
2024-07-16 18:00:00,0.01410524,0.0,2024-07-16,18
2024-07-16 19:00:00,0.0,0.0,2024-07-16,19
2024-07-16 20:00:00,0.0,0.0,2024-07-16,20
2024-07-16 21:00:00,0.0,0.0,2024-07-16,21
2024-07-16 22:00:00,0.0,0.0,2024-07-16,22
2024-07-16 23:00:00,0.0,0.0,2024-07-16,23
2024-07-17 00:00:00,0.0,0.0,2024-07-17,0
2024-07-17 01:00:00,0.0,0.0,2024-07-17,1
2024-07-17 02:00:00,0.0,0.0,2024-07-17,2
2024-07-17 03:00:00,0.0,0.0,2024-07-17,3
2024-07-17 04:00:00,0.0,0.0,2024-07-17,4
2024-07-17 05:00:00,0.0414674,0.03332325,2024-07-17,5
2024-07-17 06:00:00,0.1599818,0.1432898,2024-07-17,6
2024-07-17 07:00:00,0.3008456,0.2778927,2024-07-17,7
2024-07-17 08:00:00,0.2974944,0.2870744,2024-07-17,8
2024-07-17 09:00:00,0.3831795,0.370613,2024-07-17,9
2024-07-17 10:00:00,0.6099194,0.5863098,2024-07-17,10
2024-07-17 11:00:00,0.7207718,0.6923417,2024-07-17,11
2024-07-17 12:00:00,0.5017509,0.4859727,2024-07-17,12
2024-07-17 13:00:00,0.4529013,0.4379762,2024-07-17,13
2024-07-17 14:00:00,0.1792683,0.1739739,2024-07-17,14
2024-07-17 15:00:00,0.2200467,0.2128863,2024-07-17,15
2024-07-17 16:00:00,0.324063,0.2695332,2024-07-17,16
2024-07-17 17:00:00,0.0999357,0.08899614,2024-07-17,17
2024-07-17 18:00:00,0.01086291,0.0,2024-07-17,18
2024-07-17 19:00:00,0.0,0.0,2024-07-17,19
2024-07-17 20:00:00,0.0,0.0,2024-07-17,20
2024-07-17 21:00:00,0.0,0.0,2024-07-17,21
2024-07-17 22:00:00,0.0,0.0,2024-07-17,22
2024-07-17 23:00:00,0.0,0.0,2024-07-17,23
2024-07-18 00:00:00,0.0,0.0,2024-07-18,0
2024-07-18 01:00:00,0.0,0.0,2024-07-18,1
2024-07-18 02:00:00,0.0,0.0,2024-07-18,2
2024-07-18 03:00:00,0.0,0.0,2024-07-18,3
2024-07-18 04:00:00,0.0,0.0,2024-07-18,4
2024-07-18 05:00:00,0.03393565,0.03030229,2024-07-18,5
2024-07-18 06:00:00,0.2309712,0.1697071,2024-07-18,6
2024-07-18 07:00:00,0.3515667,0.314086,2024-07-18,7
2024-07-18 08:00:00,0.5831178,0.5297678,2024-07-18,8
2024-07-18 09:00:00,0.8849047,0.8215526,2024-07-18,9
2024-07-18 10:00:00,0.7235889,0.6909655,2024-07-18,10
2024-07-18 11:00:00,0.8031513,0.769188,2024-07-18,11
2024-07-18 12:00:00,0.899601,0.8569751,2024-07-18,12
2024-07-18 13:00:00,0.8314525,0.7839617,2024-07-18,13
2024-07-18 14:00:00,0.8547485,0.7833666,2024-07-18,14
2024-07-18 15:00:00,0.6068321,0.5299132,2024-07-18,15
2024-07-18 16:00:00,0.3540222,0.2854763,2024-07-18,16
2024-07-18 17:00:00,0.1534853,0.0964301,2024-07-18,17
2024-07-18 18:00:00,0.0118561,0.0,2024-07-18,18
2024-07-18 19:00:00,0.0,0.0,2024-07-18,19
2024-07-18 20:00:00,0.0,0.0,2024-07-18,20
2024-07-18 21:00:00,0.0,0.0,2024-07-18,21
2024-07-18 22:00:00,0.0,0.0,2024-07-18,22
2024-07-18 23:00:00,0.0,0.0,2024-07-18,23
2024-07-19 00:00:00,0.0,0.0,2024-07-19,0
2024-07-19 01:00:00,0.0,0.0,2024-07-19,1
2024-07-19 02:00:00,0.0,0.0,2024-07-19,2
2024-07-19 03:00:00,0.0,0.0,2024-07-19,3
2024-07-19 04:00:00,0.0,0.0,2024-07-19,4
2024-07-19 05:00:00,0.01149037,0.0110412,2024-07-19,5
2024-07-19 06:00:00,0.05804204,0.05607288,2024-07-19,6
2024-07-19 07:00:00,0.1848017,0.1783127,2024-07-19,7
2024-07-19 08:00:00,0.2195555,0.21284,2024-07-19,8
2024-07-19 09:00:00,0.3353597,0.3250583,2024-07-19,9
2024-07-19 10:00:00,0.2331115,0.2263646,2024-07-19,10
2024-07-19 11:00:00,0.2171563,0.2109013,2024-07-19,11
2024-07-19 12:00:00,0.1947254,0.1891102,2024-07-19,12
2024-07-19 13:00:00,0.1533555,0.1489099,2024-07-19,13
2024-07-19 14:00:00,0.1906214,0.1849925,2024-07-19,14
2024-07-19 15:00:00,0.1078874,0.1046546,2024-07-19,15
2024-07-19 16:00:00,0.06552597,0.06348788,2024-07-19,16
2024-07-19 17:00:00,0.02792451,0.02696383,2024-07-19,17
2024-07-19 18:00:00,0.009511576,0.0,2024-07-19,18
2024-07-19 19:00:00,0.0,0.0,2024-07-19,19
2024-07-19 20:00:00,0.0,0.0,2024-07-19,20
2024-07-19 21:00:00,0.0,0.0,2024-07-19,21
2024-07-19 22:00:00,0.0,0.0,2024-07-19,22
2024-07-19 23:00:00,0.0,0.0,2024-07-19,23
2024-07-20 00:00:00,0.0,0.0,2024-07-20,0
2024-07-20 01:00:00,0.0,0.0,2024-07-20,1
2024-07-20 02:00:00,0.0,0.0,2024-07-20,2
2024-07-20 03:00:00,0.0,0.0,2024-07-20,3
2024-07-20 04:00:00,0.0,0.0,2024-07-20,4
2024-07-20 05:00:00,0.000593229,0.000575639,2024-07-20,5
2024-07-20 06:00:00,0.004256443,0.004131114,2024-07-20,6
2024-07-20 07:00:00,0.02131841,0.02069171,2024-07-20,7
2024-07-20 08:00:00,0.02974785,0.02887991,2024-07-20,8
2024-07-20 09:00:00,0.01733155,0.01682697,2024-07-20,9
2024-07-20 10:00:00,0.09491614,0.0921708,2024-07-20,10
2024-07-20 11:00:00,0.1709499,0.166026,2024-07-20,11
2024-07-20 12:00:00,0.05548252,0.05387569,2024-07-20,12
2024-07-20 13:00:00,0.06418055,0.06232008,2024-07-20,13
2024-07-20 14:00:00,0.09666181,0.09384096,2024-07-20,14
2024-07-20 15:00:00,0.0734951,0.07131991,2024-07-20,15
2024-07-20 16:00:00,0.02635979,0.02557439,2024-07-20,16
2024-07-20 17:00:00,0.07243946,0.06876551,2024-07-20,17
2024-07-20 18:00:00,0.004672861,0.0,2024-07-20,18
2024-07-20 19:00:00,0.0,0.0,2024-07-20,19
2024-07-20 20:00:00,0.0,0.0,2024-07-20,20
2024-07-20 21:00:00,0.0,0.0,2024-07-20,21
2024-07-20 22:00:00,0.0,0.0,2024-07-20,22
2024-07-20 23:00:00,0.0,0.0,2024-07-20,23
2024-07-21 00:00:00,0.0,0.0,2024-07-21,0
2024-07-21 01:00:00,0.0,0.0,2024-07-21,1
2024-07-21 02:00:00,0.0,0.0,2024-07-21,2
2024-07-21 03:00:00,0.0,0.0,2024-07-21,3
2024-07-21 04:00:00,0.0,0.0,2024-07-21,4
2024-07-21 05:00:00,0.05530369,0.02373091,2024-07-21,5
2024-07-21 06:00:00,0.2781973,0.1822964,2024-07-21,6
2024-07-21 07:00:00,0.4800014,0.4004011,2024-07-21,7
2024-07-21 08:00:00,0.6883023,0.6191633,2024-07-21,8
2024-07-21 09:00:00,0.7586787,0.7104703,2024-07-21,9
2024-07-21 10:00:00,0.7339655,0.7023026,2024-07-21,10
2024-07-21 11:00:00,0.8234098,0.7902859,2024-07-21,11
2024-07-21 12:00:00,0.8395734,0.8039508,2024-07-21,12
2024-07-21 13:00:00,0.8289819,0.7846477,2024-07-21,13
2024-07-21 14:00:00,0.7550092,0.6970393,2024-07-21,14
2024-07-21 15:00:00,0.4570904,0.4171548,2024-07-21,15
2024-07-21 16:00:00,0.3768936,0.2998585,2024-07-21,16
2024-07-21 17:00:00,0.1511286,0.0962842,2024-07-21,17
2024-07-21 18:00:00,0.01328666,0.0,2024-07-21,18
2024-07-21 19:00:00,0.0,0.0,2024-07-21,19
2024-07-21 20:00:00,0.0,0.0,2024-07-21,20
2024-07-21 21:00:00,0.0,0.0,2024-07-21,21
2024-07-21 22:00:00,0.0,0.0,2024-07-21,22
2024-07-21 23:00:00,0.0,0.0,2024-07-21,23
2024-07-22 00:00:00,0.0,0.0,2024-07-22,0
2024-07-22 01:00:00,0.0,0.0,2024-07-22,1
2024-07-22 02:00:00,0.0,0.0,2024-07-22,2
2024-07-22 03:00:00,0.0,0.0,2024-07-22,3
2024-07-22 04:00:00,0.0,0.0,2024-07-22,4
2024-07-22 05:00:00,0.06007938,0.01753803,2024-07-22,5
2024-07-22 06:00:00,0.227649,0.1682279,2024-07-22,6
2024-07-22 07:00:00,0.4882379,0.4071875,2024-07-22,7
2024-07-22 08:00:00,0.7215809,0.6493027,2024-07-22,8
2024-07-22 09:00:00,0.9255837,0.8640226,2024-07-22,9
2024-07-22 10:00:00,1.026547,0.9757786,2024-07-22,10
2024-07-22 11:00:00,1.045752,1.001019,2024-07-22,11
2024-07-22 12:00:00,1.072466,1.024743,2024-07-22,12
2024-07-22 13:00:00,1.008804,0.9533716,2024-07-22,13
2024-07-22 14:00:00,0.6237562,0.5840596,2024-07-22,14
2024-07-22 15:00:00,0.5505625,0.4891581,2024-07-22,15
2024-07-22 16:00:00,0.4214146,0.3286063,2024-07-22,16
2024-07-22 17:00:00,0.1698995,0.09231151,2024-07-22,17
2024-07-22 18:00:00,0.01170696,0.0,2024-07-22,18
2024-07-22 19:00:00,0.0,0.0,2024-07-22,19
2024-07-22 20:00:00,0.0,0.0,2024-07-22,20
2024-07-22 21:00:00,0.0,0.0,2024-07-22,21
2024-07-22 22:00:00,0.0,0.0,2024-07-22,22
2024-07-22 23:00:00,0.0,0.0,2024-07-22,23
2024-07-23 00:00:00,0.0,0.0,2024-07-23,0
2024-07-23 01:00:00,0.0,0.0,2024-07-23,1
2024-07-23 02:00:00,0.0,0.0,2024-07-23,2
2024-07-23 03:00:00,0.0,0.0,2024-07-23,3
2024-07-23 04:00:00,0.0,0.0,2024-07-23,4
2024-07-23 05:00:00,0.003870881,0.003745306,2024-07-23,5
2024-07-23 06:00:00,0.04318548,0.04178241,2024-07-23,6
2024-07-23 07:00:00,0.0990286,0.09598,2024-07-23,7
2024-07-23 08:00:00,0.2472032,0.2394858,2024-07-23,8
2024-07-23 09:00:00,0.2031383,0.197211,2024-07-23,9
2024-07-23 10:00:00,0.08364457,0.08122647,2024-07-23,10
2024-07-23 11:00:00,0.07389566,0.07176054,2024-07-23,11
2024-07-23 12:00:00,0.1898012,0.1843429,2024-07-23,12
2024-07-23 13:00:00,0.1095454,0.1063769,2024-07-23,13
2024-07-23 14:00:00,0.07821977,0.07594294,2024-07-23,14
2024-07-23 15:00:00,0.0859315,0.08338328,2024-07-23,15
2024-07-23 16:00:00,0.06803621,0.06592131,2024-07-23,16
2024-07-23 17:00:00,0.04176857,0.0402038,2024-07-23,17
2024-07-23 18:00:00,0.003845248,0.0,2024-07-23,18
2024-07-23 19:00:00,0.0,0.0,2024-07-23,19
2024-07-23 20:00:00,0.0,0.0,2024-07-23,20
2024-07-23 21:00:00,0.0,0.0,2024-07-23,21
2024-07-23 22:00:00,0.0,0.0,2024-07-23,22
2024-07-23 23:00:00,0.0,0.0,2024-07-23,23
2024-07-24 00:00:00,0.0,0.0,2024-07-24,0
2024-07-24 01:00:00,0.0,0.0,2024-07-24,1
2024-07-24 02:00:00,0.0,0.0,2024-07-24,2
2024-07-24 03:00:00,0.0,0.0,2024-07-24,3
2024-07-24 04:00:00,0.0,0.0,2024-07-24,4
2024-07-24 05:00:00,0.04327989,0.02883894,2024-07-24,5
2024-07-24 06:00:00,0.2282642,0.168181,2024-07-24,6
2024-07-24 07:00:00,0.4731542,0.3979199,2024-07-24,7
2024-07-24 08:00:00,0.7430943,0.6709701,2024-07-24,8
2024-07-24 09:00:00,0.9285896,0.8695605,2024-07-24,9
2024-07-24 10:00:00,1.030722,0.982531,2024-07-24,10
2024-07-24 11:00:00,0.9861861,0.946854,2024-07-24,11
2024-07-24 12:00:00,0.8386942,0.8059247,2024-07-24,12
2024-07-24 13:00:00,0.9661865,0.9159954,2024-07-24,13
2024-07-24 14:00:00,0.7449092,0.6914638,2024-07-24,14
2024-07-24 15:00:00,0.5589275,0.4975687,2024-07-24,15
2024-07-24 16:00:00,0.3733262,0.2998958,2024-07-24,16
2024-07-24 17:00:00,0.1269637,0.09673713,2024-07-24,17
2024-07-24 18:00:00,0.008837433,0.0,2024-07-24,18
2024-07-24 19:00:00,0.0,0.0,2024-07-24,19
2024-07-24 20:00:00,0.0,0.0,2024-07-24,20
2024-07-24 21:00:00,0.0,0.0,2024-07-24,21
2024-07-24 22:00:00,0.0,0.0,2024-07-24,22
2024-07-24 23:00:00,0.0,0.0,2024-07-24,23
2024-07-25 00:00:00,0.0,0.0,2024-07-25,0
2024-07-25 01:00:00,0.0,0.0,2024-07-25,1
2024-07-25 02:00:00,0.0,0.0,2024-07-25,2
2024-07-25 03:00:00,0.0,0.0,2024-07-25,3
2024-07-25 04:00:00,0.0,0.0,2024-07-25,4
2024-07-25 05:00:00,0.01505376,0.01438586,2024-07-25,5
2024-07-25 06:00:00,0.06912792,0.0667117,2024-07-25,6
2024-07-25 07:00:00,0.09535148,0.09242935,2024-07-25,7
2024-07-25 08:00:00,0.08084192,0.0784728,2024-07-25,8
2024-07-25 09:00:00,0.1024267,0.09945594,2024-07-25,9
2024-07-25 10:00:00,0.3449683,0.3350148,2024-07-25,10
2024-07-25 11:00:00,0.2731233,0.2653053,2024-07-25,11
2024-07-25 12:00:00,0.2303617,0.2237542,2024-07-25,12
2024-07-25 13:00:00,0.2906266,0.2822134,2024-07-25,13
2024-07-25 14:00:00,0.192718,0.1870627,2024-07-25,14
2024-07-25 15:00:00,0.1586135,0.1538017,2024-07-25,15
2024-07-25 16:00:00,0.07769224,0.07525536,2024-07-25,16
2024-07-25 17:00:00,0.04085116,0.03932921,2024-07-25,17
2024-07-25 18:00:00,0.004215914,0.0,2024-07-25,18
2024-07-25 19:00:00,0.0,0.0,2024-07-25,19
2024-07-25 20:00:00,0.0,0.0,2024-07-25,20
2024-07-25 21:00:00,0.0,0.0,2024-07-25,21
2024-07-25 22:00:00,0.0,0.0,2024-07-25,22
2024-07-25 23:00:00,0.0,0.0,2024-07-25,23
2024-07-26 00:00:00,0.0,0.0,2024-07-26,0
2024-07-26 01:00:00,0.0,0.0,2024-07-26,1
2024-07-26 02:00:00,0.0,0.0,2024-07-26,2
2024-07-26 03:00:00,0.0,0.0,2024-07-26,3
2024-07-26 04:00:00,0.0,0.0,2024-07-26,4
2024-07-26 05:00:00,0.06834482,0.006037144,2024-07-26,5
2024-07-26 06:00:00,0.3165943,0.2052335,2024-07-26,6
2024-07-26 07:00:00,0.5089817,0.4269241,2024-07-26,7
2024-07-26 08:00:00,0.6952322,0.63098,2024-07-26,8
2024-07-26 09:00:00,0.6026894,0.5751206,2024-07-26,9
2024-07-26 10:00:00,0.9857393,0.9425952,2024-07-26,10
2024-07-26 11:00:00,1.026684,0.9883248,2024-07-26,11
2024-07-26 12:00:00,0.8853628,0.8520709,2024-07-26,12
2024-07-26 13:00:00,0.9576904,0.9108169,2024-07-26,13
2024-07-26 14:00:00,0.8642541,0.8028347,2024-07-26,14
2024-07-26 15:00:00,0.6207554,0.5503731,2024-07-26,15
2024-07-26 16:00:00,0.1896897,0.180327,2024-07-26,16
2024-07-26 17:00:00,0.1610416,0.09274063,2024-07-26,17
2024-07-26 18:00:00,0.006425211,0.0,2024-07-26,18
2024-07-26 19:00:00,0.0,0.0,2024-07-26,19
2024-07-26 20:00:00,0.0,0.0,2024-07-26,20
2024-07-26 21:00:00,0.0,0.0,2024-07-26,21
2024-07-26 22:00:00,0.0,0.0,2024-07-26,22
2024-07-26 23:00:00,0.0,0.0,2024-07-26,23
2024-07-27 00:00:00,0.0,0.0,2024-07-27,0
2024-07-27 01:00:00,0.0,0.0,2024-07-27,1
2024-07-27 02:00:00,0.0,0.0,2024-07-27,2
2024-07-27 03:00:00,0.0,0.0,2024-07-27,3
2024-07-27 04:00:00,0.0,0.0,2024-07-27,4
2024-07-27 05:00:00,0.0234181,0.02196063,2024-07-27,5
2024-07-27 06:00:00,0.04702416,0.04548306,2024-07-27,6
2024-07-27 07:00:00,0.07835729,0.07598697,2024-07-27,7
2024-07-27 08:00:00,0.150848,0.1463794,2024-07-27,8
2024-07-27 09:00:00,0.2411633,0.2341428,2024-07-27,9
2024-07-27 10:00:00,0.5340897,0.5176054,2024-07-27,10
2024-07-27 11:00:00,0.5024471,0.4880948,2024-07-27,11
2024-07-27 12:00:00,0.273407,0.2655901,2024-07-27,12
2024-07-27 13:00:00,0.3937649,0.3821612,2024-07-27,13
2024-07-27 14:00:00,0.1926793,0.1870388,2024-07-27,14
2024-07-27 15:00:00,0.1556644,0.1509606,2024-07-27,15
2024-07-27 16:00:00,0.09835638,0.09520444,2024-07-27,16
2024-07-27 17:00:00,0.02106481,0.02037042,2024-07-27,17
2024-07-27 18:00:00,0.002137431,0.0,2024-07-27,18
2024-07-27 19:00:00,0.0,0.0,2024-07-27,19
2024-07-27 20:00:00,0.0,0.0,2024-07-27,20
2024-07-27 21:00:00,0.0,0.0,2024-07-27,21
2024-07-27 22:00:00,0.0,0.0,2024-07-27,22
2024-07-27 23:00:00,0.0,0.0,2024-07-27,23
2024-07-28 00:00:00,0.0,0.0,2024-07-28,0
2024-07-28 01:00:00,0.0,0.0,2024-07-28,1
2024-07-28 02:00:00,0.0,0.0,2024-07-28,2
2024-07-28 03:00:00,0.0,0.0,2024-07-28,3
2024-07-28 04:00:00,0.0,0.0,2024-07-28,4
2024-07-28 05:00:00,0.00948453,0.00911717,2024-07-28,5
2024-07-28 06:00:00,0.05726574,0.05533581,2024-07-28,6
2024-07-28 07:00:00,0.15703,0.1519868,2024-07-28,7
2024-07-28 08:00:00,0.2323977,0.2253303,2024-07-28,8
2024-07-28 09:00:00,0.3031662,0.2942582,2024-07-28,9
2024-07-28 10:00:00,0.2806386,0.2725953,2024-07-28,10
2024-07-28 11:00:00,0.1540399,0.149622,2024-07-28,11
2024-07-28 12:00:00,0.157346,0.1528315,2024-07-28,12
2024-07-28 13:00:00,0.04719411,0.04582698,2024-07-28,13
2024-07-28 14:00:00,0.0726661,0.07055583,2024-07-28,14
2024-07-28 15:00:00,0.03197918,0.03104483,2024-07-28,15
2024-07-28 16:00:00,0.03604471,0.03496466,2024-07-28,16
2024-07-28 17:00:00,0.01831376,0.01772004,2024-07-28,17
2024-07-28 18:00:00,0.002511343,0.0,2024-07-28,18
2024-07-28 19:00:00,0.0,0.0,2024-07-28,19
2024-07-28 20:00:00,0.0,0.0,2024-07-28,20
2024-07-28 21:00:00,0.0,0.0,2024-07-28,21
2024-07-28 22:00:00,0.0,0.0,2024-07-28,22
2024-07-28 23:00:00,0.0,0.0,2024-07-28,23
2024-07-29 00:00:00,0.0,0.0,2024-07-29,0
2024-07-29 01:00:00,0.0,0.0,2024-07-29,1
2024-07-29 02:00:00,0.0,0.0,2024-07-29,2
2024-07-29 03:00:00,0.0,0.0,2024-07-29,3
2024-07-29 04:00:00,0.0,0.0,2024-07-29,4
2024-07-29 05:00:00,0.01505699,0.01436857,2024-07-29,5
2024-07-29 06:00:00,0.03902112,0.03777165,2024-07-29,6
2024-07-29 07:00:00,0.08740011,0.08474681,2024-07-29,7
2024-07-29 08:00:00,0.08466212,0.08218581,2024-07-29,8
2024-07-29 09:00:00,0.1662776,0.1614635,2024-07-29,9
2024-07-29 10:00:00,0.1417544,0.1376795,2024-07-29,10
2024-07-29 11:00:00,0.3528093,0.3428307,2024-07-29,11
2024-07-29 12:00:00,0.182688,0.1774574,2024-07-29,12
2024-07-29 13:00:00,0.02309071,0.02241986,2024-07-29,13
2024-07-29 14:00:00,0.04838412,0.04697924,2024-07-29,14
2024-07-29 15:00:00,0.0520018,0.05047805,2024-07-29,15
2024-07-29 16:00:00,0.06624069,0.0641974,2024-07-29,16
2024-07-29 17:00:00,0.03035062,0.02929031,2024-07-29,17
2024-07-29 18:00:00,0.00368453,0.0,2024-07-29,18
2024-07-29 19:00:00,0.0,0.0,2024-07-29,19
2024-07-29 20:00:00,0.0,0.0,2024-07-29,20
2024-07-29 21:00:00,0.0,0.0,2024-07-29,21
2024-07-29 22:00:00,0.0,0.0,2024-07-29,22
2024-07-29 23:00:00,0.0,0.0,2024-07-29,23
2024-07-30 00:00:00,0.0,0.0,2024-07-30,0
2024-07-30 01:00:00,0.0,0.0,2024-07-30,1
2024-07-30 02:00:00,0.0,0.0,2024-07-30,2
2024-07-30 03:00:00,0.0,0.0,2024-07-30,3
2024-07-30 04:00:00,0.0,0.0,2024-07-30,4
2024-07-30 05:00:00,0.009511394,0.009138813,2024-07-30,5
2024-07-30 06:00:00,0.03871956,0.03748162,2024-07-30,6
2024-07-30 07:00:00,0.03080744,0.0299005,2024-07-30,7
2024-07-30 08:00:00,0.02017398,0.01958642,2024-07-30,8
2024-07-30 09:00:00,0.03027127,0.02939233,2024-07-30,9
2024-07-30 10:00:00,0.003649126,0.003542569,2024-07-30,10
2024-07-30 11:00:00,0.0289198,0.02808085,2024-07-30,11
2024-07-30 12:00:00,0.03237687,0.03143812,2024-07-30,12
2024-07-30 13:00:00,0.01241819,0.01205665,2024-07-30,13
2024-07-30 14:00:00,0.000673041,0.000653348,2024-07-30,14
2024-07-30 15:00:00,0.0165849,0.01610115,2024-07-30,15
2024-07-30 16:00:00,0.02757077,0.02675152,2024-07-30,16
2024-07-30 17:00:00,0.02629497,0.02539895,2024-07-30,17
2024-07-30 18:00:00,0.002191718,0.0,2024-07-30,18
2024-07-30 19:00:00,0.0,0.0,2024-07-30,19
2024-07-30 20:00:00,0.0,0.0,2024-07-30,20
2024-07-30 21:00:00,0.0,0.0,2024-07-30,21
2024-07-30 22:00:00,0.0,0.0,2024-07-30,22
2024-07-30 23:00:00,0.0,0.0,2024-07-30,23
2024-07-31 00:00:00,0.0,0.0,2024-07-31,0
2024-07-31 01:00:00,0.0,0.0,2024-07-31,1
2024-07-31 02:00:00,0.0,0.0,2024-07-31,2
2024-07-31 03:00:00,0.0,0.0,2024-07-31,3
2024-07-31 04:00:00,0.0,0.0,2024-07-31,4
2024-07-31 05:00:00,0.005641876,0.005444939,2024-07-31,5
2024-07-31 06:00:00,0.03537409,0.0342539,2024-07-31,6
2024-07-31 07:00:00,0.07172086,0.06956792,2024-07-31,7
2024-07-31 08:00:00,0.1368416,0.1328171,2024-07-31,8
2024-07-31 09:00:00,0.1588177,0.1542291,2024-07-31,9
2024-07-31 10:00:00,0.1586006,0.1540521,2024-07-31,10
2024-07-31 11:00:00,0.1309431,0.1271885,2024-07-31,11
2024-07-31 12:00:00,0.1166537,0.1133036,2024-07-31,12
2024-07-31 13:00:00,0.07869364,0.0764222,2024-07-31,13
2024-07-31 14:00:00,0.09839681,0.09554295,2024-07-31,14
2024-07-31 15:00:00,0.08927891,0.08664554,2024-07-31,15
2024-07-31 16:00:00,0.07069428,0.06850811,2024-07-31,16
2024-07-31 17:00:00,0.05168198,0.04961358,2024-07-31,17
2024-07-31 18:00:00,0.001303914,0.0,2024-07-31,18
2024-07-31 19:00:00,0.0,0.0,2024-07-31,19
2024-07-31 20:00:00,0.0,0.0,2024-07-31,20
2024-07-31 21:00:00,0.0,0.0,2024-07-31,21
2024-07-31 22:00:00,0.0,0.0,2024-07-31,22
2024-07-31 23:00:00,0.0,0.0,2024-07-31,23
2024-08-01 00:00:00,0.0,0.0,2024-08-01,0
2024-08-01 01:00:00,0.0,0.0,2024-08-01,1
2024-08-01 02:00:00,0.0,0.0,2024-08-01,2
2024-08-01 03:00:00,0.0,0.0,2024-08-01,3
2024-08-01 04:00:00,0.0,0.0,2024-08-01,4
2024-08-01 05:00:00,0.004600111,0.004444332,2024-08-01,5
2024-08-01 06:00:00,0.0232809,0.0225664,2024-08-01,6
2024-08-01 07:00:00,0.01625502,0.01577923,2024-08-01,7
2024-08-01 08:00:00,0.09855872,0.09567784,2024-08-01,8
2024-08-01 09:00:00,0.1576456,0.1530955,2024-08-01,9
2024-08-01 10:00:00,0.1052575,0.1022301,2024-08-01,10
2024-08-01 11:00:00,0.09472891,0.09200507,2024-08-01,11
2024-08-01 12:00:00,0.1042342,0.101239,2024-08-01,12
2024-08-01 13:00:00,0.1220589,0.1185477,2024-08-01,13
2024-08-01 14:00:00,0.1023723,0.09940501,2024-08-01,14
2024-08-01 15:00:00,0.04422449,0.04293201,2024-08-01,15
2024-08-01 16:00:00,0.03452598,0.03349507,2024-08-01,16
2024-08-01 17:00:00,0.01586467,0.0153575,2024-08-01,17
2024-08-01 18:00:00,0.001460001,0.0,2024-08-01,18
2024-08-01 19:00:00,0.0,0.0,2024-08-01,19
2024-08-01 20:00:00,0.0,0.0,2024-08-01,20
2024-08-01 21:00:00,0.0,0.0,2024-08-01,21
2024-08-01 22:00:00,0.0,0.0,2024-08-01,22
2024-08-01 23:00:00,0.0,0.0,2024-08-01,23
2024-08-02 00:00:00,0.0,0.0,2024-08-02,0
2024-08-02 01:00:00,0.0,0.0,2024-08-02,1
2024-08-02 02:00:00,0.0,0.0,2024-08-02,2
2024-08-02 03:00:00,0.0,0.0,2024-08-02,3
2024-08-02 04:00:00,0.0,0.0,2024-08-02,4
2024-08-02 05:00:00,0.03488511,0.02491536,2024-08-02,5
2024-08-02 06:00:00,0.1949774,0.1581875,2024-08-02,6
2024-08-02 07:00:00,0.3933722,0.3489202,2024-08-02,7
2024-08-02 08:00:00,0.6272409,0.5806671,2024-08-02,8
2024-08-02 09:00:00,0.897949,0.8550125,2024-08-02,9
2024-08-02 10:00:00,0.8221871,0.7963775,2024-08-02,10
2024-08-02 11:00:00,0.9234068,0.8990284,2024-08-02,11
2024-08-02 12:00:00,0.9636337,0.9367121,2024-08-02,12
2024-08-02 13:00:00,0.9418705,0.9067323,2024-08-02,13
2024-08-02 14:00:00,0.7330242,0.6921046,2024-08-02,14
2024-08-02 15:00:00,0.3808904,0.3602272,2024-08-02,15
2024-08-02 16:00:00,0.2627349,0.2372935,2024-08-02,16
2024-08-02 17:00:00,0.08192394,0.07562508,2024-08-02,17
2024-08-02 18:00:00,0.007013477,0.0,2024-08-02,18
2024-08-02 19:00:00,0.0,0.0,2024-08-02,19
2024-08-02 20:00:00,0.0,0.0,2024-08-02,20
2024-08-02 21:00:00,0.0,0.0,2024-08-02,21
2024-08-02 22:00:00,0.0,0.0,2024-08-02,22
2024-08-02 23:00:00,0.0,0.0,2024-08-02,23
2024-08-03 00:00:00,0.0,0.0,2024-08-03,0
2024-08-03 01:00:00,0.0,0.0,2024-08-03,1
2024-08-03 02:00:00,0.0,0.0,2024-08-03,2
2024-08-03 03:00:00,0.0,0.0,2024-08-03,3
2024-08-03 04:00:00,0.0,0.0,2024-08-03,4
2024-08-03 05:00:00,0.0385704,0.0226536,2024-08-03,5
2024-08-03 06:00:00,0.2021505,0.1608606,2024-08-03,6
2024-08-03 07:00:00,0.4322076,0.3778223,2024-08-03,7
2024-08-03 08:00:00,0.6491138,0.6012501,2024-08-03,8
2024-08-03 09:00:00,0.9204834,0.8782122,2024-08-03,9
2024-08-03 10:00:00,0.8844851,0.8576469,2024-08-03,10
2024-08-03 11:00:00,0.931152,0.9080395,2024-08-03,11
2024-08-03 12:00:00,0.9789653,0.9532204,2024-08-03,12
2024-08-03 13:00:00,0.8595636,0.8295019,2024-08-03,13
2024-08-03 14:00:00,0.8502297,0.8027292,2024-08-03,14
2024-08-03 15:00:00,0.6886362,0.6217855,2024-08-03,15
2024-08-03 16:00:00,0.4326584,0.3505418,2024-08-03,16
2024-08-03 17:00:00,0.1626419,0.08838239,2024-08-03,17
2024-08-03 18:00:00,0.01053951,0.0,2024-08-03,18
2024-08-03 19:00:00,0.0,0.0,2024-08-03,19
2024-08-03 20:00:00,0.0,0.0,2024-08-03,20
2024-08-03 21:00:00,0.0,0.0,2024-08-03,21
2024-08-03 22:00:00,0.0,0.0,2024-08-03,22
2024-08-03 23:00:00,0.0,0.0,2024-08-03,23
2024-08-04 00:00:00,0.0,0.0,2024-08-04,0
2024-08-04 01:00:00,0.0,0.0,2024-08-04,1
2024-08-04 02:00:00,0.0,0.0,2024-08-04,2
2024-08-04 03:00:00,0.0,0.0,2024-08-04,3
2024-08-04 04:00:00,0.0,0.0,2024-08-04,4
2024-08-04 05:00:00,0.04161502,0.01936779,2024-08-04,5
2024-08-04 06:00:00,0.1945686,0.1581902,2024-08-04,6
2024-08-04 07:00:00,0.4988228,0.4306306,2024-08-04,7
2024-08-04 08:00:00,0.5895407,0.5502878,2024-08-04,8
2024-08-04 09:00:00,0.5785285,0.5582002,2024-08-04,9
2024-08-04 10:00:00,0.8863559,0.8609643,2024-08-04,10
2024-08-04 11:00:00,0.8416405,0.8220284,2024-08-04,11
2024-08-04 12:00:00,0.8266501,0.8063892,2024-08-04,12
2024-08-04 13:00:00,0.5555991,0.5395971,2024-08-04,13
2024-08-04 14:00:00,0.4555396,0.4396641,2024-08-04,14
2024-08-04 15:00:00,0.3977179,0.3753052,2024-08-04,15
2024-08-04 16:00:00,0.3016413,0.2631807,2024-08-04,16
2024-08-04 17:00:00,0.1479994,0.08913195,2024-08-04,17
2024-08-04 18:00:00,0.008431975,0.0,2024-08-04,18
2024-08-04 19:00:00,0.0,0.0,2024-08-04,19
2024-08-04 20:00:00,0.0,0.0,2024-08-04,20
2024-08-04 21:00:00,0.0,0.0,2024-08-04,21
2024-08-04 22:00:00,0.0,0.0,2024-08-04,22
2024-08-04 23:00:00,0.0,0.0,2024-08-04,23
2024-08-05 00:00:00,0.0,0.0,2024-08-05,0
2024-08-05 01:00:00,0.0,0.0,2024-08-05,1
2024-08-05 02:00:00,0.0,0.0,2024-08-05,2
2024-08-05 03:00:00,0.0,0.0,2024-08-05,3
2024-08-05 04:00:00,0.0,0.0,2024-08-05,4
2024-08-05 05:00:00,0.04322664,0.01671837,2024-08-05,5
2024-08-05 06:00:00,0.2336797,0.1721283,2024-08-05,6
2024-08-05 07:00:00,0.4997575,0.4329219,2024-08-05,7
2024-08-05 08:00:00,0.6142219,0.5731931,2024-08-05,8
2024-08-05 09:00:00,0.5656628,0.5466671,2024-08-05,9
2024-08-05 10:00:00,0.7769449,0.7563551,2024-08-05,10
2024-08-05 11:00:00,0.8593765,0.8406896,2024-08-05,11
2024-08-05 12:00:00,0.943639,0.9220659,2024-08-05,12
2024-08-05 13:00:00,0.8351022,0.809005,2024-08-05,13
2024-08-05 14:00:00,0.7139055,0.6786397,2024-08-05,14
2024-08-05 15:00:00,0.4389465,0.4106194,2024-08-05,15
2024-08-05 16:00:00,0.34488,0.2907465,2024-08-05,16
2024-08-05 17:00:00,0.137846,0.08942346,2024-08-05,17
2024-08-05 18:00:00,0.004955234,0.0,2024-08-05,18
2024-08-05 19:00:00,0.0,0.0,2024-08-05,19
2024-08-05 20:00:00,0.0,0.0,2024-08-05,20
2024-08-05 21:00:00,0.0,0.0,2024-08-05,21
2024-08-05 22:00:00,0.0,0.0,2024-08-05,22
2024-08-05 23:00:00,0.0,0.0,2024-08-05,23
2024-08-06 00:00:00,0.0,0.0,2024-08-06,0
2024-08-06 01:00:00,0.0,0.0,2024-08-06,1
2024-08-06 02:00:00,0.0,0.0,2024-08-06,2
2024-08-06 03:00:00,0.0,0.0,2024-08-06,3
2024-08-06 04:00:00,0.0,0.0,2024-08-06,4
2024-08-06 05:00:00,0.01729618,0.01637338,2024-08-06,5
2024-08-06 06:00:00,0.07122456,0.06876181,2024-08-06,6
2024-08-06 07:00:00,0.2197658,0.2111872,2024-08-06,7
2024-08-06 08:00:00,0.2415951,0.2343848,2024-08-06,8
2024-08-06 09:00:00,0.6390707,0.6167507,2024-08-06,9
2024-08-06 10:00:00,0.6763712,0.659391,2024-08-06,10
2024-08-06 11:00:00,0.5430059,0.5295931,2024-08-06,11
2024-08-06 12:00:00,0.8460826,0.8279483,2024-08-06,12
2024-08-06 13:00:00,0.6556191,0.6372974,2024-08-06,13
2024-08-06 14:00:00,0.3598627,0.3490245,2024-08-06,14
2024-08-06 15:00:00,0.2925676,0.2818936,2024-08-06,15
2024-08-06 16:00:00,0.1710501,0.1640146,2024-08-06,16
2024-08-06 17:00:00,0.06215691,0.05923553,2024-08-06,17
2024-08-06 18:00:00,0.006108692,0.0,2024-08-06,18
2024-08-06 19:00:00,0.0,0.0,2024-08-06,19
2024-08-06 20:00:00,0.0,0.0,2024-08-06,20
2024-08-06 21:00:00,0.0,0.0,2024-08-06,21
2024-08-06 22:00:00,0.0,0.0,2024-08-06,22
2024-08-06 23:00:00,0.0,0.0,2024-08-06,23
2024-08-07 00:00:00,0.0,0.0,2024-08-07,0
2024-08-07 01:00:00,0.0,0.0,2024-08-07,1
2024-08-07 02:00:00,0.0,0.0,2024-08-07,2
2024-08-07 03:00:00,0.0,0.0,2024-08-07,3
2024-08-07 04:00:00,0.0,0.0,2024-08-07,4
2024-08-07 05:00:00,0.04070543,0.01692658,2024-08-07,5
2024-08-07 06:00:00,0.1588568,0.1411295,2024-08-07,6
2024-08-07 07:00:00,0.1325421,0.1284731,2024-08-07,7
2024-08-07 08:00:00,0.3379673,0.3265806,2024-08-07,8
2024-08-07 09:00:00,0.5522505,0.5350562,2024-08-07,9
2024-08-07 10:00:00,0.6805618,0.664272,2024-08-07,10
2024-08-07 11:00:00,0.7836311,0.7683545,2024-08-07,11
2024-08-07 12:00:00,0.4989511,0.4863204,2024-08-07,12
2024-08-07 13:00:00,0.4334837,0.4216834,2024-08-07,13
2024-08-07 14:00:00,0.1339246,0.1300633,2024-08-07,14
2024-08-07 15:00:00,0.1287794,0.1249794,2024-08-07,15
2024-08-07 16:00:00,0.2070587,0.1953784,2024-08-07,16
2024-08-07 17:00:00,0.08731049,0.07812221,2024-08-07,17
2024-08-07 18:00:00,0.007666445,0.0,2024-08-07,18
2024-08-07 19:00:00,0.0,0.0,2024-08-07,19
2024-08-07 20:00:00,0.0,0.0,2024-08-07,20
2024-08-07 21:00:00,0.0,0.0,2024-08-07,21
2024-08-07 22:00:00,0.0,0.0,2024-08-07,22
2024-08-07 23:00:00,0.0,0.0,2024-08-07,23
2024-08-08 00:00:00,0.0,0.0,2024-08-08,0
2024-08-08 01:00:00,0.0,0.0,2024-08-08,1
2024-08-08 02:00:00,0.0,0.0,2024-08-08,2
2024-08-08 03:00:00,0.0,0.0,2024-08-08,3
2024-08-08 04:00:00,0.0,0.0,2024-08-08,4
2024-08-08 05:00:00,0.04624159,0.01015605,2024-08-08,5
2024-08-08 06:00:00,0.1164136,0.110292,2024-08-08,6
2024-08-08 07:00:00,0.119782,0.1161381,2024-08-08,7
2024-08-08 08:00:00,0.09334793,0.09063789,2024-08-08,8
2024-08-08 09:00:00,0.2454379,0.2384372,2024-08-08,9
2024-08-08 10:00:00,0.1979832,0.1923667,2024-08-08,10
2024-08-08 11:00:00,0.3234994,0.3145027,2024-08-08,11
2024-08-08 12:00:00,0.3394379,0.3300447,2024-08-08,12
2024-08-08 13:00:00,0.2335279,0.2269068,2024-08-08,13
2024-08-08 14:00:00,0.2071058,0.2011468,2024-08-08,14
2024-08-08 15:00:00,0.1069723,0.1038326,2024-08-08,15
2024-08-08 16:00:00,0.09759997,0.09453445,2024-08-08,16
2024-08-08 17:00:00,0.02407469,0.02326036,2024-08-08,17
2024-08-08 18:00:00,0.005659904,0.0,2024-08-08,18
2024-08-08 19:00:00,0.0,0.0,2024-08-08,19
2024-08-08 20:00:00,0.0,0.0,2024-08-08,20
2024-08-08 21:00:00,0.0,0.0,2024-08-08,21
2024-08-08 22:00:00,0.0,0.0,2024-08-08,22
2024-08-08 23:00:00,0.0,0.0,2024-08-08,23
2024-08-09 00:00:00,0.0,0.0,2024-08-09,0
2024-08-09 01:00:00,0.0,0.0,2024-08-09,1
2024-08-09 02:00:00,0.0,0.0,2024-08-09,2
2024-08-09 03:00:00,0.0,0.0,2024-08-09,3
2024-08-09 04:00:00,0.0,0.0,2024-08-09,4
2024-08-09 05:00:00,0.03648876,0.01861623,2024-08-09,5
2024-08-09 06:00:00,0.06180117,0.05973118,2024-08-09,6
2024-08-09 07:00:00,0.1653662,0.160143,2024-08-09,7
2024-08-09 08:00:00,0.5462977,0.5177934,2024-08-09,8
2024-08-09 09:00:00,0.5127411,0.4980788,2024-08-09,9
2024-08-09 10:00:00,0.6203493,0.6063379,2024-08-09,10
2024-08-09 11:00:00,0.5726785,0.559848,2024-08-09,11
2024-08-09 12:00:00,0.7187304,0.7051639,2024-08-09,12
2024-08-09 13:00:00,0.6173952,0.6022149,2024-08-09,13
2024-08-09 14:00:00,0.4167017,0.4040472,2024-08-09,14
2024-08-09 15:00:00,0.1432091,0.1389857,2024-08-09,15
2024-08-09 16:00:00,0.09500708,0.09203591,2024-08-09,16
2024-08-09 17:00:00,0.03519415,0.03391092,2024-08-09,17
2024-08-09 18:00:00,0.003939765,0.0,2024-08-09,18
2024-08-09 19:00:00,0.0,0.0,2024-08-09,19
2024-08-09 20:00:00,0.0,0.0,2024-08-09,20
2024-08-09 21:00:00,0.0,0.0,2024-08-09,21
2024-08-09 22:00:00,0.0,0.0,2024-08-09,22
2024-08-09 23:00:00,0.0,0.0,2024-08-09,23
2024-08-10 00:00:00,0.0,0.0,2024-08-10,0
2024-08-10 01:00:00,0.0,0.0,2024-08-10,1
2024-08-10 02:00:00,0.0,0.0,2024-08-10,2
2024-08-10 03:00:00,0.0,0.0,2024-08-10,3
2024-08-10 04:00:00,0.0,0.0,2024-08-10,4
2024-08-10 05:00:00,0.03530543,0.01861665,2024-08-10,5
2024-08-10 06:00:00,0.1072234,0.1023523,2024-08-10,6
2024-08-10 07:00:00,0.1530655,0.1483329,2024-08-10,7
2024-08-10 08:00:00,0.1844027,0.1790391,2024-08-10,8
2024-08-10 09:00:00,0.2110086,0.2050012,2024-08-10,9
2024-08-10 10:00:00,0.2530507,0.245932,2024-08-10,10
2024-08-10 11:00:00,0.3306968,0.3215667,2024-08-10,11
2024-08-10 12:00:00,0.2340401,0.2274554,2024-08-10,12
2024-08-10 13:00:00,0.2220916,0.2158082,2024-08-10,13
2024-08-10 14:00:00,0.08876894,0.08621138,2024-08-10,14
2024-08-10 15:00:00,0.06492797,0.06303615,2024-08-10,15
2024-08-10 16:00:00,0.07342179,0.07117397,2024-08-10,16
2024-08-10 17:00:00,0.04325043,0.04158198,2024-08-10,17
2024-08-10 18:00:00,0.003700098,0.0,2024-08-10,18
2024-08-10 19:00:00,0.0,0.0,2024-08-10,19
2024-08-10 20:00:00,0.0,0.0,2024-08-10,20
2024-08-10 21:00:00,0.0,0.0,2024-08-10,21
2024-08-10 22:00:00,0.0,0.0,2024-08-10,22
2024-08-10 23:00:00,0.0,0.0,2024-08-10,23
2024-08-11 00:00:00,0.0,0.0,2024-08-11,0
2024-08-11 01:00:00,0.0,0.0,2024-08-11,1
2024-08-11 02:00:00,0.0,0.0,2024-08-11,2
2024-08-11 03:00:00,0.0,0.0,2024-08-11,3
2024-08-11 04:00:00,0.0,0.0,2024-08-11,4
2024-08-11 05:00:00,0.03196845,0.01993161,2024-08-11,5
2024-08-11 06:00:00,0.04650336,0.04501042,2024-08-11,6
2024-08-11 07:00:00,0.1366994,0.1325377,2024-08-11,7
2024-08-11 08:00:00,0.08575724,0.08327499,2024-08-11,8
2024-08-11 09:00:00,0.02491608,0.0241935,2024-08-11,9
2024-08-11 10:00:00,0.05221629,0.05071077,2024-08-11,10
2024-08-11 11:00:00,0.03716606,0.03609156,2024-08-11,11
2024-08-11 12:00:00,0.08473762,0.08230828,2024-08-11,12
2024-08-11 13:00:00,0.1367855,0.1328858,2024-08-11,13
2024-08-11 14:00:00,0.08687022,0.0843688,2024-08-11,14
2024-08-11 15:00:00,0.02361952,0.02293242,2024-08-11,15
2024-08-11 16:00:00,0.05093604,0.04940676,2024-08-11,16
2024-08-11 17:00:00,0.01799189,0.01740527,2024-08-11,17
2024-08-11 18:00:00,0.003455485,0.0,2024-08-11,18
2024-08-11 19:00:00,0.0,0.0,2024-08-11,19
2024-08-11 20:00:00,0.0,0.0,2024-08-11,20
2024-08-11 21:00:00,0.0,0.0,2024-08-11,21
2024-08-11 22:00:00,0.0,0.0,2024-08-11,22
2024-08-11 23:00:00,0.0,0.0,2024-08-11,23
2024-08-12 00:00:00,0.0,0.0,2024-08-12,0
2024-08-12 01:00:00,0.0,0.0,2024-08-12,1
2024-08-12 02:00:00,0.0,0.0,2024-08-12,2
2024-08-12 03:00:00,0.0,0.0,2024-08-12,3
2024-08-12 04:00:00,0.0,0.0,2024-08-12,4
2024-08-12 05:00:00,0.0376752,0.01455324,2024-08-12,5
2024-08-12 06:00:00,0.09214312,0.08866102,2024-08-12,6
2024-08-12 07:00:00,0.4166139,0.3762549,2024-08-12,7
2024-08-12 08:00:00,0.6120578,0.5813707,2024-08-12,8
2024-08-12 09:00:00,0.9017211,0.8780233,2024-08-12,9
2024-08-12 10:00:00,0.9601633,0.9474314,2024-08-12,10
2024-08-12 11:00:00,1.004318,0.9959701,2024-08-12,11
2024-08-12 12:00:00,0.8848704,0.8753607,2024-08-12,12
2024-08-12 13:00:00,0.7223028,0.7083405,2024-08-12,13
2024-08-12 14:00:00,0.4747726,0.4607274,2024-08-12,14
2024-08-12 15:00:00,0.3918005,0.3734345,2024-08-12,15
2024-08-12 16:00:00,0.2558429,0.234008,2024-08-12,16
2024-08-12 17:00:00,0.1193316,0.0834157,2024-08-12,17
2024-08-12 18:00:00,0.003221274,0.0,2024-08-12,18
2024-08-12 19:00:00,0.0,0.0,2024-08-12,19
2024-08-12 20:00:00,0.0,0.0,2024-08-12,20
2024-08-12 21:00:00,0.0,0.0,2024-08-12,21
2024-08-12 22:00:00,0.0,0.0,2024-08-12,22
2024-08-12 23:00:00,0.0,0.0,2024-08-12,23
2024-08-13 00:00:00,0.0,0.0,2024-08-13,0
2024-08-13 01:00:00,0.0,0.0,2024-08-13,1
2024-08-13 02:00:00,0.0,0.0,2024-08-13,2
2024-08-13 03:00:00,0.0,0.0,2024-08-13,3
2024-08-13 04:00:00,0.0,0.0,2024-08-13,4
2024-08-13 05:00:00,0.02852002,0.01999161,2024-08-13,5
2024-08-13 06:00:00,0.2360109,0.1789815,2024-08-13,6
2024-08-13 07:00:00,0.4291157,0.3875971,2024-08-13,7
2024-08-13 08:00:00,0.6469004,0.6152764,2024-08-13,8
2024-08-13 09:00:00,0.8075082,0.7882244,2024-08-13,9
2024-08-13 10:00:00,0.6768562,0.665601,2024-08-13,10
2024-08-13 11:00:00,0.8382993,0.8307161,2024-08-13,11
2024-08-13 12:00:00,0.8659048,0.8578896,2024-08-13,12
2024-08-13 13:00:00,0.6603335,0.6477577,2024-08-13,13
2024-08-13 14:00:00,0.7207336,0.6971231,2024-08-13,14
2024-08-13 15:00:00,0.6339666,0.5898584,2024-08-13,15
2024-08-13 16:00:00,0.3350076,0.2898317,2024-08-13,16
2024-08-13 17:00:00,0.1181198,0.08230713,2024-08-13,17
2024-08-13 18:00:00,0.002412633,0.0,2024-08-13,18
2024-08-13 19:00:00,0.0,0.0,2024-08-13,19
2024-08-13 20:00:00,0.0,0.0,2024-08-13,20
2024-08-13 21:00:00,0.0,0.0,2024-08-13,21
2024-08-13 22:00:00,0.0,0.0,2024-08-13,22
2024-08-13 23:00:00,0.0,0.0,2024-08-13,23
2024-08-14 00:00:00,0.0,0.0,2024-08-14,0
2024-08-14 01:00:00,0.0,0.0,2024-08-14,1
2024-08-14 02:00:00,0.0,0.0,2024-08-14,2
2024-08-14 03:00:00,0.0,0.0,2024-08-14,3
2024-08-14 04:00:00,0.0,0.0,2024-08-14,4
2024-08-14 05:00:00,0.0340841,0.01598143,2024-08-14,5
2024-08-14 06:00:00,0.2231705,0.1738718,2024-08-14,6
2024-08-14 07:00:00,0.3369726,0.3144019,2024-08-14,7
2024-08-14 08:00:00,0.4393908,0.4239656,2024-08-14,8
2024-08-14 09:00:00,0.6079578,0.5941055,2024-08-14,9
2024-08-14 10:00:00,0.7243188,0.7144904,2024-08-14,10
2024-08-14 11:00:00,0.9582812,0.9537762,2024-08-14,11
2024-08-14 12:00:00,0.9503047,0.9446464,2024-08-14,12
2024-08-14 13:00:00,0.9576625,0.9448174,2024-08-14,13
2024-08-14 14:00:00,0.8277472,0.8021711,2024-08-14,14
2024-08-14 15:00:00,0.5088229,0.4783692,2024-08-14,15
2024-08-14 16:00:00,0.2930838,0.2612487,2024-08-14,16
2024-08-14 17:00:00,0.1127862,0.08110815,2024-08-14,17
2024-08-14 18:00:00,0.003290433,0.0,2024-08-14,18
2024-08-14 19:00:00,0.0,0.0,2024-08-14,19
2024-08-14 20:00:00,0.0,0.0,2024-08-14,20
2024-08-14 21:00:00,0.0,0.0,2024-08-14,21
2024-08-14 22:00:00,0.0,0.0,2024-08-14,22
2024-08-14 23:00:00,0.0,0.0,2024-08-14,23
2024-08-15 00:00:00,0.0,0.0,2024-08-15,0
2024-08-15 01:00:00,0.0,0.0,2024-08-15,1
2024-08-15 02:00:00,0.0,0.0,2024-08-15,2
2024-08-15 03:00:00,0.0,0.0,2024-08-15,3
2024-08-15 04:00:00,0.0,0.0,2024-08-15,4
2024-08-15 05:00:00,0.03796287,0.01116352,2024-08-15,5
2024-08-15 06:00:00,0.1274418,0.1194922,2024-08-15,6
2024-08-15 07:00:00,0.1768534,0.1712938,2024-08-15,7
2024-08-15 08:00:00,0.253758,0.2464442,2024-08-15,8
2024-08-15 09:00:00,0.1238132,0.1202833,2024-08-15,9
2024-08-15 10:00:00,0.5524938,0.541585,2024-08-15,10
2024-08-15 11:00:00,0.7520472,0.7451833,2024-08-15,11
2024-08-15 12:00:00,0.5816963,0.5711388,2024-08-15,12
2024-08-15 13:00:00,0.4189435,0.4084574,2024-08-15,13
2024-08-15 14:00:00,0.1032013,0.1002442,2024-08-15,14
2024-08-15 15:00:00,0.1823559,0.1770134,2024-08-15,15
2024-08-15 16:00:00,0.2240819,0.2098532,2024-08-15,16
2024-08-15 17:00:00,0.08398633,0.07319793,2024-08-15,17
2024-08-15 18:00:00,0.002567474,0.0,2024-08-15,18
2024-08-15 19:00:00,0.0,0.0,2024-08-15,19
2024-08-15 20:00:00,0.0,0.0,2024-08-15,20
2024-08-15 21:00:00,0.0,0.0,2024-08-15,21
2024-08-15 22:00:00,0.0,0.0,2024-08-15,22
2024-08-15 23:00:00,0.0,0.0,2024-08-15,23
2024-08-16 00:00:00,0.0,0.0,2024-08-16,0
2024-08-16 01:00:00,0.0,0.0,2024-08-16,1
2024-08-16 02:00:00,0.0,0.0,2024-08-16,2
2024-08-16 03:00:00,0.0,0.0,2024-08-16,3
2024-08-16 04:00:00,0.0,0.0,2024-08-16,4
2024-08-16 05:00:00,0.03914769,0.008956655,2024-08-16,5
2024-08-16 06:00:00,0.2776213,0.2079686,2024-08-16,6
2024-08-16 07:00:00,0.500631,0.4534138,2024-08-16,7
2024-08-16 08:00:00,0.6339863,0.6085335,2024-08-16,8
2024-08-16 09:00:00,0.8658983,0.8515664,2024-08-16,9
2024-08-16 10:00:00,0.9277037,0.923178,2024-08-16,10
2024-08-16 11:00:00,0.9254241,0.9243028,2024-08-16,11
2024-08-16 12:00:00,0.8809124,0.8780987,2024-08-16,12
2024-08-16 13:00:00,0.7823135,0.7738039,2024-08-16,13
2024-08-16 14:00:00,0.7552614,0.7357826,2024-08-16,14
2024-08-16 15:00:00,0.6443589,0.60531,2024-08-16,15
2024-08-16 16:00:00,0.3021763,0.2686855,2024-08-16,16
2024-08-16 17:00:00,0.1006931,0.07782891,2024-08-16,17
2024-08-16 18:00:00,0.001272292,0.0,2024-08-16,18
2024-08-16 19:00:00,0.0,0.0,2024-08-16,19
2024-08-16 20:00:00,0.0,0.0,2024-08-16,20
2024-08-16 21:00:00,0.0,0.0,2024-08-16,21
2024-08-16 22:00:00,0.0,0.0,2024-08-16,22
2024-08-16 23:00:00,0.0,0.0,2024-08-16,23
2024-08-17 00:00:00,0.0,0.0,2024-08-17,0
2024-08-17 01:00:00,0.0,0.0,2024-08-17,1
2024-08-17 02:00:00,0.0,0.0,2024-08-17,2
2024-08-17 03:00:00,0.0,0.0,2024-08-17,3
2024-08-17 04:00:00,0.0,0.0,2024-08-17,4
2024-08-17 05:00:00,0.01369594,0.01297472,2024-08-17,5
2024-08-17 06:00:00,0.1360429,0.1263306,2024-08-17,6
2024-08-17 07:00:00,0.2667047,0.2552345,2024-08-17,7
2024-08-17 08:00:00,0.3556641,0.3452996,2024-08-17,8
2024-08-17 09:00:00,0.4513703,0.4407739,2024-08-17,9
2024-08-17 10:00:00,0.3902461,0.3802963,2024-08-17,10
2024-08-17 11:00:00,0.4739182,0.4632296,2024-08-17,11
2024-08-17 12:00:00,0.5039872,0.4934165,2024-08-17,12
2024-08-17 13:00:00,0.6983845,0.69022,2024-08-17,13
2024-08-17 14:00:00,0.5469186,0.5338017,2024-08-17,14
2024-08-17 15:00:00,0.4409222,0.4206658,2024-08-17,15
2024-08-17 16:00:00,0.2154058,0.2029261,2024-08-17,16
2024-08-17 17:00:00,0.05617582,0.05333848,2024-08-17,17
2024-08-17 18:00:00,0.000996826,0.0,2024-08-17,18
2024-08-17 19:00:00,0.0,0.0,2024-08-17,19
2024-08-17 20:00:00,0.0,0.0,2024-08-17,20
2024-08-17 21:00:00,0.0,0.0,2024-08-17,21
2024-08-17 22:00:00,0.0,0.0,2024-08-17,22
2024-08-17 23:00:00,0.0,0.0,2024-08-17,23
2024-08-18 00:00:00,0.0,0.0,2024-08-18,0
2024-08-18 01:00:00,0.0,0.0,2024-08-18,1
2024-08-18 02:00:00,0.0,0.0,2024-08-18,2
2024-08-18 03:00:00,0.0,0.0,2024-08-18,3
2024-08-18 04:00:00,0.0,0.0,2024-08-18,4
2024-08-18 05:00:00,0.02097837,0.01782533,2024-08-18,5
2024-08-18 06:00:00,0.1537036,0.1391272,2024-08-18,6
2024-08-18 07:00:00,0.4539601,0.4163656,2024-08-18,7
2024-08-18 08:00:00,0.6356671,0.6138127,2024-08-18,8
2024-08-18 09:00:00,0.9017018,0.891415,2024-08-18,9
2024-08-18 10:00:00,0.9783668,0.9783716,2024-08-18,10
2024-08-18 11:00:00,1.100027,1.10503,2024-08-18,11
2024-08-18 12:00:00,0.8133934,0.811964,2024-08-18,12
2024-08-18 13:00:00,0.7752282,0.7697793,2024-08-18,13
2024-08-18 14:00:00,0.5970609,0.5840926,2024-08-18,14
2024-08-18 15:00:00,0.3887023,0.3735629,2024-08-18,15
2024-08-18 16:00:00,0.3287694,0.2895105,2024-08-18,16
2024-08-18 17:00:00,0.1160916,0.07611854,2024-08-18,17
2024-08-18 18:00:00,0.001562932,0.0,2024-08-18,18
2024-08-18 19:00:00,0.0,0.0,2024-08-18,19
2024-08-18 20:00:00,0.0,0.0,2024-08-18,20
2024-08-18 21:00:00,0.0,0.0,2024-08-18,21
2024-08-18 22:00:00,0.0,0.0,2024-08-18,22
2024-08-18 23:00:00,0.0,0.0,2024-08-18,23
2024-08-19 00:00:00,0.0,0.0,2024-08-19,0
2024-08-19 01:00:00,0.0,0.0,2024-08-19,1
2024-08-19 02:00:00,0.0,0.0,2024-08-19,2
2024-08-19 03:00:00,0.0,0.0,2024-08-19,3
2024-08-19 04:00:00,0.0,0.0,2024-08-19,4
2024-08-19 05:00:00,0.01693986,0.01554127,2024-08-19,5
2024-08-19 06:00:00,0.1791444,0.1551579,2024-08-19,6
2024-08-19 07:00:00,0.381417,0.3559159,2024-08-19,7
2024-08-19 08:00:00,0.5109172,0.495861,2024-08-19,8
2024-08-19 09:00:00,0.6255089,0.6166323,2024-08-19,9
2024-08-19 10:00:00,0.806241,0.805066,2024-08-19,10
2024-08-19 11:00:00,0.8519251,0.8539743,2024-08-19,11
2024-08-19 12:00:00,1.002771,1.007953,2024-08-19,12
2024-08-19 13:00:00,0.8368643,0.8341649,2024-08-19,13
2024-08-19 14:00:00,0.6718044,0.6592528,2024-08-19,14
2024-08-19 15:00:00,0.3970964,0.3819084,2024-08-19,15
2024-08-19 16:00:00,0.2515053,0.2322973,2024-08-19,16
2024-08-19 17:00:00,0.09171621,0.0730918,2024-08-19,17
2024-08-19 18:00:00,0.000775814,0.0,2024-08-19,18
2024-08-19 19:00:00,0.0,0.0,2024-08-19,19
2024-08-19 20:00:00,0.0,0.0,2024-08-19,20
2024-08-19 21:00:00,0.0,0.0,2024-08-19,21
2024-08-19 22:00:00,0.0,0.0,2024-08-19,22
2024-08-19 23:00:00,0.0,0.0,2024-08-19,23
2024-08-20 00:00:00,0.0,0.0,2024-08-20,0
2024-08-20 01:00:00,0.0,0.0,2024-08-20,1
2024-08-20 02:00:00,0.0,0.0,2024-08-20,2
2024-08-20 03:00:00,0.0,0.0,2024-08-20,3
2024-08-20 04:00:00,0.0,0.0,2024-08-20,4
2024-08-20 05:00:00,0.0315409,0.01294558,2024-08-20,5
2024-08-20 06:00:00,0.0709559,0.06861629,2024-08-20,6
2024-08-20 07:00:00,0.1135762,0.1102346,2024-08-20,7
2024-08-20 08:00:00,0.1444527,0.1403371,2024-08-20,8
2024-08-20 09:00:00,0.2896807,0.2817974,2024-08-20,9
2024-08-20 10:00:00,0.283212,0.2754493,2024-08-20,10
2024-08-20 11:00:00,0.3175152,0.3089278,2024-08-20,11
2024-08-20 12:00:00,0.3078434,0.2994837,2024-08-20,12
2024-08-20 13:00:00,0.2698011,0.2623738,2024-08-20,13
2024-08-20 14:00:00,0.1143104,0.1110571,2024-08-20,14
2024-08-20 15:00:00,0.0660491,0.06414182,2024-08-20,15
2024-08-20 16:00:00,0.0991633,0.09612767,2024-08-20,16
2024-08-20 17:00:00,0.05670639,0.05346106,2024-08-20,17
2024-08-20 18:00:00,0.000898388,0.0,2024-08-20,18
2024-08-20 19:00:00,0.0,0.0,2024-08-20,19
2024-08-20 20:00:00,0.0,0.0,2024-08-20,20
2024-08-20 21:00:00,0.0,0.0,2024-08-20,21
2024-08-20 22:00:00,0.0,0.0,2024-08-20,22
2024-08-20 23:00:00,0.0,0.0,2024-08-20,23
2024-08-21 00:00:00,0.0,0.0,2024-08-21,0
2024-08-21 01:00:00,0.0,0.0,2024-08-21,1
2024-08-21 02:00:00,0.0,0.0,2024-08-21,2
2024-08-21 03:00:00,0.0,0.0,2024-08-21,3
2024-08-21 04:00:00,0.0,0.0,2024-08-21,4
2024-08-21 05:00:00,0.02792788,0.01523677,2024-08-21,5
2024-08-21 06:00:00,0.02758182,0.02674684,2024-08-21,6
2024-08-21 07:00:00,0.04489753,0.0435918,2024-08-21,7
2024-08-21 08:00:00,0.01312131,0.01274006,2024-08-21,8
2024-08-21 09:00:00,0.01756844,0.01705877,2024-08-21,9
2024-08-21 10:00:00,0.03894031,0.03781749,2024-08-21,10
2024-08-21 11:00:00,0.1093061,0.1062051,2024-08-21,11
2024-08-21 12:00:00,0.3449895,0.3358973,2024-08-21,12
2024-08-21 13:00:00,0.2718512,0.2643921,2024-08-21,13
2024-08-21 14:00:00,0.192061,0.1866691,2024-08-21,14
2024-08-21 15:00:00,0.1777734,0.1726618,2024-08-21,15
2024-08-21 16:00:00,0.1865833,0.1783581,2024-08-21,16
2024-08-21 17:00:00,0.04301563,0.04126763,2024-08-21,17
2024-08-21 18:00:00,0.000605979,0.0,2024-08-21,18
2024-08-21 19:00:00,0.0,0.0,2024-08-21,19
2024-08-21 20:00:00,0.0,0.0,2024-08-21,20
2024-08-21 21:00:00,0.0,0.0,2024-08-21,21
2024-08-21 22:00:00,0.0,0.0,2024-08-21,22
2024-08-21 23:00:00,0.0,0.0,2024-08-21,23
2024-08-22 00:00:00,0.0,0.0,2024-08-22,0
2024-08-22 01:00:00,0.0,0.0,2024-08-22,1
2024-08-22 02:00:00,0.0,0.0,2024-08-22,2
2024-08-22 03:00:00,0.0,0.0,2024-08-22,3
2024-08-22 04:00:00,0.0,0.0,2024-08-22,4
2024-08-22 05:00:00,0.03048604,0.01224708,2024-08-22,5
2024-08-22 06:00:00,0.1766845,0.155154,2024-08-22,6
2024-08-22 07:00:00,0.2266287,0.2191396,2024-08-22,7
2024-08-22 08:00:00,0.347156,0.3381838,2024-08-22,8
2024-08-22 09:00:00,0.4340656,0.4248638,2024-08-22,9
2024-08-22 10:00:00,0.5189745,0.5102376,2024-08-22,10
2024-08-22 11:00:00,0.66474,0.6609998,2024-08-22,11
2024-08-22 12:00:00,0.6100274,0.6038816,2024-08-22,12
2024-08-22 13:00:00,0.5355852,0.5275987,2024-08-22,13
2024-08-22 14:00:00,0.4506143,0.4413678,2024-08-22,14
2024-08-22 15:00:00,0.3468083,0.3360175,2024-08-22,15
2024-08-22 16:00:00,0.1701963,0.1635857,2024-08-22,16
2024-08-22 17:00:00,0.0347737,0.0334577,2024-08-22,17
2024-08-22 18:00:00,0.000210805,0.0,2024-08-22,18
2024-08-22 19:00:00,0.0,0.0,2024-08-22,19
2024-08-22 20:00:00,0.0,0.0,2024-08-22,20
2024-08-22 21:00:00,0.0,0.0,2024-08-22,21
2024-08-22 22:00:00,0.0,0.0,2024-08-22,22
2024-08-22 23:00:00,0.0,0.0,2024-08-22,23
2024-08-23 00:00:00,0.0,0.0,2024-08-23,0
2024-08-23 01:00:00,0.0,0.0,2024-08-23,1
2024-08-23 02:00:00,0.0,0.0,2024-08-23,2
2024-08-23 03:00:00,0.0,0.0,2024-08-23,3
2024-08-23 04:00:00,0.0,0.0,2024-08-23,4
2024-08-23 05:00:00,0.01926823,0.01621554,2024-08-23,5
2024-08-23 06:00:00,0.03430478,0.03325948,2024-08-23,6
2024-08-23 07:00:00,0.04122919,0.04003281,2024-08-23,7
2024-08-23 08:00:00,0.1551503,0.1507642,2024-08-23,8
2024-08-23 09:00:00,0.4837001,0.4753439,2024-08-23,9
2024-08-23 10:00:00,0.515122,0.5066436,2024-08-23,10
2024-08-23 11:00:00,0.3887729,0.3791331,2024-08-23,11
2024-08-23 12:00:00,0.5357692,0.5274802,2024-08-23,12
2024-08-23 13:00:00,0.3663924,0.3573124,2024-08-23,13
2024-08-23 14:00:00,0.5339809,0.5261094,2024-08-23,14
2024-08-23 15:00:00,0.3998335,0.3871443,2024-08-23,15
2024-08-23 16:00:00,0.2157219,0.2039903,2024-08-23,16
2024-08-23 17:00:00,0.09881409,0.06911024,2024-08-23,17
2024-08-23 18:00:00,0.000320876,0.0,2024-08-23,18
2024-08-23 19:00:00,0.0,0.0,2024-08-23,19
2024-08-23 20:00:00,0.0,0.0,2024-08-23,20
2024-08-23 21:00:00,0.0,0.0,2024-08-23,21
2024-08-23 22:00:00,0.0,0.0,2024-08-23,22
2024-08-23 23:00:00,0.0,0.0,2024-08-23,23
2024-08-24 00:00:00,0.0,0.0,2024-08-24,0
2024-08-24 01:00:00,0.0,0.0,2024-08-24,1
2024-08-24 02:00:00,0.0,0.0,2024-08-24,2
2024-08-24 03:00:00,0.0,0.0,2024-08-24,3
2024-08-24 04:00:00,0.0,0.0,2024-08-24,4
2024-08-24 05:00:00,0.02754067,0.0133574,2024-08-24,5
2024-08-24 06:00:00,0.07889951,0.07629441,2024-08-24,6
2024-08-24 07:00:00,0.1089662,0.1058007,2024-08-24,7
2024-08-24 08:00:00,0.03885207,0.03773224,2024-08-24,8
2024-08-24 09:00:00,0.1922878,0.1869407,2024-08-24,9
2024-08-24 10:00:00,0.3774405,0.3681588,2024-08-24,10
2024-08-24 11:00:00,0.6464102,0.6432179,2024-08-24,11
2024-08-24 12:00:00,0.6883186,0.687995,2024-08-24,12
2024-08-24 13:00:00,0.2926481,0.2847801,2024-08-24,13
2024-08-24 14:00:00,0.1726631,0.1678303,2024-08-24,14
2024-08-24 15:00:00,0.2490541,0.2420507,2024-08-24,15
2024-08-24 16:00:00,0.142762,0.1380405,2024-08-24,16
2024-08-24 17:00:00,0.0154527,0.01494787,2024-08-24,17
2024-08-24 18:00:00,0.00010038,0.0,2024-08-24,18
2024-08-24 19:00:00,0.0,0.0,2024-08-24,19
2024-08-24 20:00:00,0.0,0.0,2024-08-24,20
2024-08-24 21:00:00,0.0,0.0,2024-08-24,21
2024-08-24 22:00:00,0.0,0.0,2024-08-24,22
2024-08-24 23:00:00,0.0,0.0,2024-08-24,23
2024-08-25 00:00:00,0.0,0.0,2024-08-25,0
2024-08-25 01:00:00,0.0,0.0,2024-08-25,1
2024-08-25 02:00:00,0.0,0.0,2024-08-25,2
2024-08-25 03:00:00,0.0,0.0,2024-08-25,3
2024-08-25 04:00:00,0.0,0.0,2024-08-25,4
2024-08-25 05:00:00,0.01462598,0.01349679,2024-08-25,5
2024-08-25 06:00:00,0.05052483,0.04895529,2024-08-25,6
2024-08-25 07:00:00,0.237444,0.2298983,2024-08-25,7
2024-08-25 08:00:00,0.4964139,0.4881386,2024-08-25,8
2024-08-25 09:00:00,0.6376332,0.6362327,2024-08-25,9
2024-08-25 10:00:00,0.763745,0.7700106,2024-08-25,10
2024-08-25 11:00:00,0.9411976,0.9588578,2024-08-25,11
2024-08-25 12:00:00,0.6572287,0.6558362,2024-08-25,12
2024-08-25 13:00:00,0.7617701,0.7674667,2024-08-25,13
2024-08-25 14:00:00,0.450734,0.4429176,2024-08-25,14
2024-08-25 15:00:00,0.2875416,0.2796365,2024-08-25,15
2024-08-25 16:00:00,0.2323143,0.2185085,2024-08-25,16
2024-08-25 17:00:00,0.09325244,0.06597514,2024-08-25,17
2024-08-25 18:00:00,6.54585e-05,0.0,2024-08-25,18
2024-08-25 19:00:00,0.0,0.0,2024-08-25,19
2024-08-25 20:00:00,0.0,0.0,2024-08-25,20
2024-08-25 21:00:00,0.0,0.0,2024-08-25,21
2024-08-25 22:00:00,0.0,0.0,2024-08-25,22
2024-08-25 23:00:00,0.0,0.0,2024-08-25,23
2024-08-26 00:00:00,0.0,0.0,2024-08-26,0
2024-08-26 01:00:00,0.0,0.0,2024-08-26,1
2024-08-26 02:00:00,0.0,0.0,2024-08-26,2
2024-08-26 03:00:00,0.0,0.0,2024-08-26,3
2024-08-26 04:00:00,0.0,0.0,2024-08-26,4
2024-08-26 05:00:00,0.02270123,0.01515788,2024-08-26,5
2024-08-26 06:00:00,0.03736039,0.03622627,2024-08-26,6
2024-08-26 07:00:00,0.03391861,0.03293678,2024-08-26,7
2024-08-26 08:00:00,0.07432681,0.07220526,2024-08-26,8
2024-08-26 09:00:00,0.04551692,0.04420922,2024-08-26,9
2024-08-26 10:00:00,0.1366336,0.1327987,2024-08-26,10
2024-08-26 11:00:00,0.06249618,0.06070816,2024-08-26,11
2024-08-26 12:00:00,0.1065093,0.1034969,2024-08-26,12
2024-08-26 13:00:00,0.03525525,0.03423913,2024-08-26,13
2024-08-26 14:00:00,0.1225497,0.119095,2024-08-26,14
2024-08-26 15:00:00,0.1003271,0.09746433,2024-08-26,15
2024-08-26 16:00:00,0.01526168,0.0148167,2024-08-26,16
2024-08-26 17:00:00,0.01071012,0.01037188,2024-08-26,17
2024-08-26 18:00:00,9.23605e-06,0.0,2024-08-26,18
2024-08-26 19:00:00,0.0,0.0,2024-08-26,19
2024-08-26 20:00:00,0.0,0.0,2024-08-26,20
2024-08-26 21:00:00,0.0,0.0,2024-08-26,21
2024-08-26 22:00:00,0.0,0.0,2024-08-26,22
2024-08-26 23:00:00,0.0,0.0,2024-08-26,23
2024-08-27 00:00:00,0.0,0.0,2024-08-27,0
2024-08-27 01:00:00,0.0,0.0,2024-08-27,1
2024-08-27 02:00:00,0.0,0.0,2024-08-27,2
2024-08-27 03:00:00,0.0,0.0,2024-08-27,3
2024-08-27 04:00:00,0.0,0.0,2024-08-27,4
2024-08-27 05:00:00,0.03014087,0.008411203,2024-08-27,5
2024-08-27 06:00:00,0.1984607,0.1727838,2024-08-27,6
2024-08-27 07:00:00,0.3762008,0.3613083,2024-08-27,7
2024-08-27 08:00:00,0.5517241,0.546776,2024-08-27,8
2024-08-27 09:00:00,0.5890785,0.5874156,2024-08-27,9
2024-08-27 10:00:00,0.8699033,0.8866736,2024-08-27,10
2024-08-27 11:00:00,0.9283952,0.9497476,2024-08-27,11
2024-08-27 12:00:00,0.9759894,0.9990132,2024-08-27,12
2024-08-27 13:00:00,0.827159,0.8401358,2024-08-27,13
2024-08-27 14:00:00,0.5053402,0.5002295,2024-08-27,14
2024-08-27 15:00:00,0.5365389,0.5242596,2024-08-27,15
2024-08-27 16:00:00,0.2726496,0.2530372,2024-08-27,16
2024-08-27 17:00:00,0.0522021,0.04857971,2024-08-27,17
2024-08-27 18:00:00,0.0,0.0,2024-08-27,18
2024-08-27 19:00:00,0.0,0.0,2024-08-27,19
2024-08-27 20:00:00,0.0,0.0,2024-08-27,20
2024-08-27 21:00:00,0.0,0.0,2024-08-27,21
2024-08-27 22:00:00,0.0,0.0,2024-08-27,22
2024-08-27 23:00:00,0.0,0.0,2024-08-27,23
2024-08-28 00:00:00,0.0,0.0,2024-08-28,0
2024-08-28 01:00:00,0.0,0.0,2024-08-28,1
2024-08-28 02:00:00,0.0,0.0,2024-08-28,2
2024-08-28 03:00:00,0.0,0.0,2024-08-28,3
2024-08-28 04:00:00,0.0,0.0,2024-08-28,4
2024-08-28 05:00:00,0.01166206,0.01100731,2024-08-28,5
2024-08-28 06:00:00,0.09264449,0.08942883,2024-08-28,6
2024-08-28 07:00:00,0.2452144,0.237993,2024-08-28,7
2024-08-28 08:00:00,0.04434826,0.04307481,2024-08-28,8
2024-08-28 09:00:00,0.1747889,0.1699456,2024-08-28,9
2024-08-28 10:00:00,0.1932461,0.1879151,2024-08-28,10
2024-08-28 11:00:00,0.1610099,0.1565277,2024-08-28,11
2024-08-28 12:00:00,0.1004373,0.09759647,2024-08-28,12
2024-08-28 13:00:00,0.2882382,0.2805776,2024-08-28,13
2024-08-28 14:00:00,0.2564892,0.2496359,2024-08-28,14
2024-08-28 15:00:00,0.1302531,0.1265704,2024-08-28,15
2024-08-28 16:00:00,0.04619618,0.04484414,2024-08-28,16
2024-08-28 17:00:00,0.03585549,0.03441878,2024-08-28,17
2024-08-28 18:00:00,0.0,0.0,2024-08-28,18
2024-08-28 19:00:00,0.0,0.0,2024-08-28,19
2024-08-28 20:00:00,0.0,0.0,2024-08-28,20
2024-08-28 21:00:00,0.0,0.0,2024-08-28,21
2024-08-28 22:00:00,0.0,0.0,2024-08-28,22
2024-08-28 23:00:00,0.0,0.0,2024-08-28,23
2024-08-29 00:00:00,0.0,0.0,2024-08-29,0
2024-08-29 01:00:00,0.0,0.0,2024-08-29,1
2024-08-29 02:00:00,0.0,0.0,2024-08-29,2
2024-08-29 03:00:00,0.0,0.0,2024-08-29,3
2024-08-29 04:00:00,0.0,0.0,2024-08-29,4
2024-08-29 05:00:00,0.03034221,0.006645823,2024-08-29,5
2024-08-29 06:00:00,0.1080827,0.103795,2024-08-29,6
2024-08-29 07:00:00,0.2934492,0.2848264,2024-08-29,7
2024-08-29 08:00:00,0.3282436,0.3209554,2024-08-29,8
2024-08-29 09:00:00,0.2930313,0.2854105,2024-08-29,9
2024-08-29 10:00:00,0.193887,0.1885482,2024-08-29,10
2024-08-29 11:00:00,0.4739136,0.465463,2024-08-29,11
2024-08-29 12:00:00,0.4042602,0.3951674,2024-08-29,12
2024-08-29 13:00:00,0.3374935,0.3291321,2024-08-29,13
2024-08-29 14:00:00,0.2423472,0.2358204,2024-08-29,14
2024-08-29 15:00:00,0.1968751,0.1914493,2024-08-29,15
2024-08-29 16:00:00,0.1246976,0.1208942,2024-08-29,16
2024-08-29 17:00:00,0.03202033,0.03078844,2024-08-29,17
2024-08-29 18:00:00,0.0,0.0,2024-08-29,18
2024-08-29 19:00:00,0.0,0.0,2024-08-29,19
2024-08-29 20:00:00,0.0,0.0,2024-08-29,20
2024-08-29 21:00:00,0.0,0.0,2024-08-29,21
2024-08-29 22:00:00,0.0,0.0,2024-08-29,22
2024-08-29 23:00:00,0.0,0.0,2024-08-29,23
2024-08-30 00:00:00,0.0,0.0,2024-08-30,0
2024-08-30 01:00:00,0.0,0.0,2024-08-30,1
2024-08-30 02:00:00,0.0,0.0,2024-08-30,2
2024-08-30 03:00:00,0.0,0.0,2024-08-30,3
2024-08-30 04:00:00,0.0,0.0,2024-08-30,4
2024-08-30 05:00:00,0.02087375,0.01398682,2024-08-30,5
2024-08-30 06:00:00,0.02502812,0.02428695,2024-08-30,6
2024-08-30 07:00:00,0.06195857,0.06018168,2024-08-30,7
2024-08-30 08:00:00,0.09663843,0.09390952,2024-08-30,8
2024-08-30 09:00:00,0.1229722,0.1195264,2024-08-30,9
2024-08-30 10:00:00,0.1100501,0.1069516,2024-08-30,10
2024-08-30 11:00:00,0.1076554,0.1046207,2024-08-30,11
2024-08-30 12:00:00,0.1151629,0.1119242,2024-08-30,12
2024-08-30 13:00:00,0.08047114,0.07818715,2024-08-30,13
2024-08-30 14:00:00,0.1024086,0.09952274,2024-08-30,14
2024-08-30 15:00:00,0.03663099,0.03557726,2024-08-30,15
2024-08-30 16:00:00,0.007634214,0.007411911,2024-08-30,16
2024-08-30 17:00:00,0.000877793,0.000851999,2024-08-30,17
2024-08-30 18:00:00,0.0,0.0,2024-08-30,18
2024-08-30 19:00:00,0.0,0.0,2024-08-30,19
2024-08-30 20:00:00,0.0,0.0,2024-08-30,20
2024-08-30 21:00:00,0.0,0.0,2024-08-30,21
2024-08-30 22:00:00,0.0,0.0,2024-08-30,22
2024-08-30 23:00:00,0.0,0.0,2024-08-30,23
2024-08-31 00:00:00,0.0,0.0,2024-08-31,0
2024-08-31 01:00:00,0.0,0.0,2024-08-31,1
2024-08-31 02:00:00,0.0,0.0,2024-08-31,2
2024-08-31 03:00:00,0.0,0.0,2024-08-31,3
2024-08-31 04:00:00,0.0,0.0,2024-08-31,4
2024-08-31 05:00:00,0.01847659,0.01408217,2024-08-31,5
2024-08-31 06:00:00,0.07528958,0.07294215,2024-08-31,6
2024-08-31 07:00:00,0.1029642,0.1000386,2024-08-31,7
2024-08-31 08:00:00,0.1636758,0.159151,2024-08-31,8
2024-08-31 09:00:00,0.0760809,0.07392115,2024-08-31,9
2024-08-31 10:00:00,0.2526993,0.245888,2024-08-31,10
2024-08-31 11:00:00,0.1797161,0.174759,2024-08-31,11
2024-08-31 12:00:00,0.5046875,0.4981011,2024-08-31,12
2024-08-31 13:00:00,0.1677672,0.1631322,2024-08-31,13
2024-08-31 14:00:00,0.3332001,0.325848,2024-08-31,14
2024-08-31 15:00:00,0.2616161,0.2552375,2024-08-31,15
2024-08-31 16:00:00,0.1720377,0.1660281,2024-08-31,16
2024-08-31 17:00:00,0.03924282,0.03732625,2024-08-31,17
2024-08-31 18:00:00,0.0,0.0,2024-08-31,18
2024-08-31 19:00:00,0.0,0.0,2024-08-31,19
2024-08-31 20:00:00,0.0,0.0,2024-08-31,20
2024-08-31 21:00:00,0.0,0.0,2024-08-31,21
2024-08-31 22:00:00,0.0,0.0,2024-08-31,22
2024-08-31 23:00:00,0.0,0.0,2024-08-31,23
2024-09-01 00:00:00,0.0,0.0,2024-09-01,0
2024-09-01 01:00:00,0.0,0.0,2024-09-01,1
2024-09-01 02:00:00,0.0,0.0,2024-09-01,2
2024-09-01 03:00:00,0.0,0.0,2024-09-01,3
2024-09-01 04:00:00,0.0,0.0,2024-09-01,4
2024-09-01 05:00:00,0.02589714,0.008949044,2024-09-01,5
2024-09-01 06:00:00,0.02979647,0.02891527,2024-09-01,6
2024-09-01 07:00:00,0.04199162,0.04078582,2024-09-01,7
2024-09-01 08:00:00,0.1458771,0.1418333,2024-09-01,8
2024-09-01 09:00:00,0.2757827,0.2685654,2024-09-01,9
2024-09-01 10:00:00,0.2439776,0.2373989,2024-09-01,10
2024-09-01 11:00:00,0.2853473,0.2777525,2024-09-01,11
2024-09-01 12:00:00,0.1729169,0.1681467,2024-09-01,12
2024-09-01 13:00:00,0.281037,0.2736381,2024-09-01,13
2024-09-01 14:00:00,0.2036548,0.1981137,2024-09-01,14
2024-09-01 15:00:00,0.1178254,0.1145214,2024-09-01,15
2024-09-01 16:00:00,0.06233702,0.06052407,2024-09-01,16
2024-09-01 17:00:00,0.02773911,0.02669447,2024-09-01,17
2024-09-01 18:00:00,0.0,0.0,2024-09-01,18
2024-09-01 19:00:00,0.0,0.0,2024-09-01,19
2024-09-01 20:00:00,0.0,0.0,2024-09-01,20
2024-09-01 21:00:00,0.0,0.0,2024-09-01,21
2024-09-01 22:00:00,0.0,0.0,2024-09-01,22
2024-09-01 23:00:00,0.0,0.0,2024-09-01,23
2024-09-02 00:00:00,0.0,0.0,2024-09-02,0
2024-09-02 01:00:00,0.0,0.0,2024-09-02,1
2024-09-02 02:00:00,0.0,0.0,2024-09-02,2
2024-09-02 03:00:00,0.0,0.0,2024-09-02,3
2024-09-02 04:00:00,0.0,0.0,2024-09-02,4
2024-09-02 05:00:00,0.01865351,0.01341213,2024-09-02,5
2024-09-02 06:00:00,0.07928874,0.07683356,2024-09-02,6
2024-09-02 07:00:00,0.08736211,0.0848872,2024-09-02,7
2024-09-02 08:00:00,0.2803124,0.2736632,2024-09-02,8
2024-09-02 09:00:00,0.5683804,0.5712048,2024-09-02,9
2024-09-02 10:00:00,0.6701008,0.6788823,2024-09-02,10
2024-09-02 11:00:00,0.4668771,0.4591011,2024-09-02,11
2024-09-02 12:00:00,0.411813,0.4032411,2024-09-02,12
2024-09-02 13:00:00,0.2056261,0.2000346,2024-09-02,13
2024-09-02 14:00:00,0.2185368,0.2126492,2024-09-02,14
2024-09-02 15:00:00,0.1366087,0.1328103,2024-09-02,15
2024-09-02 16:00:00,0.05615503,0.05452755,2024-09-02,16
2024-09-02 17:00:00,0.02144737,0.02068453,2024-09-02,17
2024-09-02 18:00:00,0.0,0.0,2024-09-02,18
2024-09-02 19:00:00,0.0,0.0,2024-09-02,19
2024-09-02 20:00:00,0.0,0.0,2024-09-02,20
2024-09-02 21:00:00,0.0,0.0,2024-09-02,21
2024-09-02 22:00:00,0.0,0.0,2024-09-02,22
2024-09-02 23:00:00,0.0,0.0,2024-09-02,23
2024-09-03 00:00:00,0.0,0.0,2024-09-03,0
2024-09-03 01:00:00,0.0,0.0,2024-09-03,1
2024-09-03 02:00:00,0.0,0.0,2024-09-03,2
2024-09-03 03:00:00,0.0,0.0,2024-09-03,3
2024-09-03 04:00:00,0.0,0.0,2024-09-03,4
2024-09-03 05:00:00,0.02519609,0.008220604,2024-09-03,5
2024-09-03 06:00:00,0.1365886,0.1301154,2024-09-03,6
2024-09-03 07:00:00,0.1326241,0.1289245,2024-09-03,7
2024-09-03 08:00:00,0.2139853,0.2082708,2024-09-03,8
2024-09-03 09:00:00,0.3879672,0.3808108,2024-09-03,9
2024-09-03 10:00:00,0.4463339,0.4389571,2024-09-03,10
2024-09-03 11:00:00,0.6766428,0.6851482,2024-09-03,11
2024-09-03 12:00:00,0.3973885,0.3888119,2024-09-03,12
2024-09-03 13:00:00,0.633736,0.6423829,2024-09-03,13
2024-09-03 14:00:00,0.5633783,0.5699007,2024-09-03,14
2024-09-03 15:00:00,0.2584026,0.2525764,2024-09-03,15
2024-09-03 16:00:00,0.2013656,0.1942076,2024-09-03,16
2024-09-03 17:00:00,0.02724728,0.02621301,2024-09-03,17
2024-09-03 18:00:00,0.0,0.0,2024-09-03,18
2024-09-03 19:00:00,0.0,0.0,2024-09-03,19
2024-09-03 20:00:00,0.0,0.0,2024-09-03,20
2024-09-03 21:00:00,0.0,0.0,2024-09-03,21
2024-09-03 22:00:00,0.0,0.0,2024-09-03,22
2024-09-03 23:00:00,0.0,0.0,2024-09-03,23
2024-09-04 00:00:00,0.0,0.0,2024-09-04,0
2024-09-04 01:00:00,0.0,0.0,2024-09-04,1
2024-09-04 02:00:00,0.0,0.0,2024-09-04,2
2024-09-04 03:00:00,0.0,0.0,2024-09-04,3
2024-09-04 04:00:00,0.0,0.0,2024-09-04,4
2024-09-04 05:00:00,0.02510069,0.007606956,2024-09-04,5
2024-09-04 06:00:00,0.1402994,0.1337447,2024-09-04,6
2024-09-04 07:00:00,0.2569507,0.2516309,2024-09-04,7
2024-09-04 08:00:00,0.4002745,0.3969749,2024-09-04,8
2024-09-04 09:00:00,0.348774,0.3412316,2024-09-04,9
2024-09-04 10:00:00,0.2252828,0.2192116,2024-09-04,10
2024-09-04 11:00:00,0.4035844,0.3949575,2024-09-04,11
2024-09-04 12:00:00,0.4125101,0.4042181,2024-09-04,12
2024-09-04 13:00:00,0.3678791,0.3600374,2024-09-04,13
2024-09-04 14:00:00,0.3439133,0.3374027,2024-09-04,14
2024-09-04 15:00:00,0.1429184,0.1389814,2024-09-04,15
2024-09-04 16:00:00,0.04245213,0.04122778,2024-09-04,16
2024-09-04 17:00:00,0.03698792,0.03492863,2024-09-04,17
2024-09-04 18:00:00,0.0,0.0,2024-09-04,18
2024-09-04 19:00:00,0.0,0.0,2024-09-04,19
2024-09-04 20:00:00,0.0,0.0,2024-09-04,20
2024-09-04 21:00:00,0.0,0.0,2024-09-04,21
2024-09-04 22:00:00,0.0,0.0,2024-09-04,22
2024-09-04 23:00:00,0.0,0.0,2024-09-04,23
2024-09-05 00:00:00,0.0,0.0,2024-09-05,0
2024-09-05 01:00:00,0.0,0.0,2024-09-05,1
2024-09-05 02:00:00,0.0,0.0,2024-09-05,2
2024-09-05 03:00:00,0.0,0.0,2024-09-05,3
2024-09-05 04:00:00,0.0,0.0,2024-09-05,4
2024-09-05 05:00:00,0.01993962,0.0116011,2024-09-05,5
2024-09-05 06:00:00,0.004906304,0.00476336,2024-09-05,6
2024-09-05 07:00:00,0.06796096,0.06603891,2024-09-05,7
2024-09-05 08:00:00,0.02979697,0.02894057,2024-09-05,8
2024-09-05 09:00:00,0.003930069,0.00381546,2024-09-05,9
2024-09-05 10:00:00,0.1032468,0.1003495,2024-09-05,10
2024-09-05 11:00:00,0.200754,0.195298,2024-09-05,11
2024-09-05 12:00:00,0.04429767,0.0430282,2024-09-05,12
2024-09-05 13:00:00,0.02736202,0.02657334,2024-09-05,13
2024-09-05 14:00:00,0.02838121,0.02756454,2024-09-05,14
2024-09-05 15:00:00,0.1393059,0.1354778,2024-09-05,15
2024-09-05 16:00:00,0.10798,0.1048943,2024-09-05,16
2024-09-05 17:00:00,0.01948592,0.01879716,2024-09-05,17
2024-09-05 18:00:00,0.0,0.0,2024-09-05,18
2024-09-05 19:00:00,0.0,0.0,2024-09-05,19
2024-09-05 20:00:00,0.0,0.0,2024-09-05,20
2024-09-05 21:00:00,0.0,0.0,2024-09-05,21
2024-09-05 22:00:00,0.0,0.0,2024-09-05,22
2024-09-05 23:00:00,0.0,0.0,2024-09-05,23
2024-09-06 00:00:00,0.0,0.0,2024-09-06,0
2024-09-06 01:00:00,0.0,0.0,2024-09-06,1
2024-09-06 02:00:00,0.0,0.0,2024-09-06,2
2024-09-06 03:00:00,0.0,0.0,2024-09-06,3
2024-09-06 04:00:00,0.0,0.0,2024-09-06,4
2024-09-06 05:00:00,0.0232275,0.008157279,2024-09-06,5
2024-09-06 06:00:00,0.1819678,0.1715869,2024-09-06,6
2024-09-06 07:00:00,0.2761667,0.2720129,2024-09-06,7
2024-09-06 08:00:00,0.5243754,0.5334509,2024-09-06,8
2024-09-06 09:00:00,0.6402905,0.6560426,2024-09-06,9
2024-09-06 10:00:00,0.9415356,0.987116,2024-09-06,10
2024-09-06 11:00:00,0.9559762,1.00321,2024-09-06,11
2024-09-06 12:00:00,0.8126881,0.8446594,2024-09-06,12
2024-09-06 13:00:00,0.6133844,0.6234277,2024-09-06,13
2024-09-06 14:00:00,0.6150736,0.631923,2024-09-06,14
2024-09-06 15:00:00,0.3602124,0.3588152,2024-09-06,15
2024-09-06 16:00:00,0.1287735,0.1251588,2024-09-06,16
2024-09-06 17:00:00,0.04948501,0.0424145,2024-09-06,17
2024-09-06 18:00:00,0.0,0.0,2024-09-06,18
2024-09-06 19:00:00,0.0,0.0,2024-09-06,19
2024-09-06 20:00:00,0.0,0.0,2024-09-06,20
2024-09-06 21:00:00,0.0,0.0,2024-09-06,21
2024-09-06 22:00:00,0.0,0.0,2024-09-06,22
2024-09-06 23:00:00,0.0,0.0,2024-09-06,23
2024-09-07 00:00:00,0.0,0.0,2024-09-07,0
2024-09-07 01:00:00,0.0,0.0,2024-09-07,1
2024-09-07 02:00:00,0.0,0.0,2024-09-07,2
2024-09-07 03:00:00,0.0,0.0,2024-09-07,3
2024-09-07 04:00:00,0.0,0.0,2024-09-07,4
2024-09-07 05:00:00,0.0194583,0.0,2024-09-07,5
2024-09-07 06:00:00,0.1193892,0.1154231,2024-09-07,6
2024-09-07 07:00:00,0.2214155,0.2166938,2024-09-07,7
2024-09-07 08:00:00,0.3497264,0.3452392,2024-09-07,8
2024-09-07 09:00:00,0.6557372,0.675115,2024-09-07,9
2024-09-07 10:00:00,0.9144248,0.9605095,2024-09-07,10
2024-09-07 11:00:00,0.8236068,0.8579978,2024-09-07,11
2024-09-07 12:00:00,1.042628,1.097883,2024-09-07,12
2024-09-07 13:00:00,0.9569907,1.004108,2024-09-07,13
2024-09-07 14:00:00,0.7858451,0.8178363,2024-09-07,14
2024-09-07 15:00:00,0.5889702,0.6024399,2024-09-07,15
2024-09-07 16:00:00,0.2773079,0.2703067,2024-09-07,16
2024-09-07 17:00:00,0.05468582,0.0435313,2024-09-07,17
2024-09-07 18:00:00,0.0,0.0,2024-09-07,18
2024-09-07 19:00:00,0.0,0.0,2024-09-07,19
2024-09-07 20:00:00,0.0,0.0,2024-09-07,20
2024-09-07 21:00:00,0.0,0.0,2024-09-07,21
2024-09-07 22:00:00,0.0,0.0,2024-09-07,22
2024-09-07 23:00:00,0.0,0.0,2024-09-07,23
2024-09-08 00:00:00,0.0,0.0,2024-09-08,0
2024-09-08 01:00:00,0.0,0.0,2024-09-08,1
2024-09-08 02:00:00,0.0,0.0,2024-09-08,2
2024-09-08 03:00:00,0.0,0.0,2024-09-08,3
2024-09-08 04:00:00,0.0,0.0,2024-09-08,4
2024-09-08 05:00:00,0.02591575,0.0,2024-09-08,5
2024-09-08 06:00:00,0.08213085,0.0797427,2024-09-08,6
2024-09-08 07:00:00,0.08083088,0.07857495,2024-09-08,7
2024-09-08 08:00:00,0.461705,0.4666606,2024-09-08,8
2024-09-08 09:00:00,0.3543467,0.3473501,2024-09-08,9
2024-09-08 10:00:00,0.5906501,0.5961773,2024-09-08,10
2024-09-08 11:00:00,0.7410558,0.7649379,2024-09-08,11
2024-09-08 12:00:00,0.5004449,0.4965697,2024-09-08,12
2024-09-08 13:00:00,0.3930673,0.3863192,2024-09-08,13
2024-09-08 14:00:00,0.09006451,0.08754632,2024-09-08,14
2024-09-08 15:00:00,0.1601625,0.1558704,2024-09-08,15
2024-09-08 16:00:00,0.08339003,0.081042,2024-09-08,16
2024-09-08 17:00:00,0.01628976,0.01572759,2024-09-08,17
2024-09-08 18:00:00,0.0,0.0,2024-09-08,18
2024-09-08 19:00:00,0.0,0.0,2024-09-08,19
2024-09-08 20:00:00,0.0,0.0,2024-09-08,20
2024-09-08 21:00:00,0.0,0.0,2024-09-08,21
2024-09-08 22:00:00,0.0,0.0,2024-09-08,22
2024-09-08 23:00:00,0.0,0.0,2024-09-08,23
2024-09-09 00:00:00,0.0,0.0,2024-09-09,0
2024-09-09 01:00:00,0.0,0.0,2024-09-09,1
2024-09-09 02:00:00,0.0,0.0,2024-09-09,2
2024-09-09 03:00:00,0.0,0.0,2024-09-09,3
2024-09-09 04:00:00,0.0,0.0,2024-09-09,4
2024-09-09 05:00:00,0.02234111,0.0,2024-09-09,5
2024-09-09 06:00:00,0.2090359,0.200813,2024-09-09,6
2024-09-09 07:00:00,0.4453715,0.4551558,2024-09-09,7
2024-09-09 08:00:00,0.6780644,0.7077062,2024-09-09,8
2024-09-09 09:00:00,0.8363614,0.8804488,2024-09-09,9
2024-09-09 10:00:00,0.9796535,1.035996,2024-09-09,10
2024-09-09 11:00:00,0.9376708,0.9909151,2024-09-09,11
2024-09-09 12:00:00,0.8839136,0.9316804,2024-09-09,12
2024-09-09 13:00:00,0.7197334,0.7495661,2024-09-09,13
2024-09-09 14:00:00,0.5223134,0.5329515,2024-09-09,14
2024-09-09 15:00:00,0.4446736,0.454624,2024-09-09,15
2024-09-09 16:00:00,0.2996371,0.296247,2024-09-09,16
2024-09-09 17:00:00,0.05520729,0.04184951,2024-09-09,17
2024-09-09 18:00:00,0.0,0.0,2024-09-09,18
2024-09-09 19:00:00,0.0,0.0,2024-09-09,19
2024-09-09 20:00:00,0.0,0.0,2024-09-09,20
2024-09-09 21:00:00,0.0,0.0,2024-09-09,21
2024-09-09 22:00:00,0.0,0.0,2024-09-09,22
2024-09-09 23:00:00,0.0,0.0,2024-09-09,23
2024-09-10 00:00:00,0.0,0.0,2024-09-10,0
2024-09-10 01:00:00,0.0,0.0,2024-09-10,1
2024-09-10 02:00:00,0.0,0.0,2024-09-10,2
2024-09-10 03:00:00,0.0,0.0,2024-09-10,3
2024-09-10 04:00:00,0.0,0.0,2024-09-10,4
2024-09-10 05:00:00,0.0182897,0.0,2024-09-10,5
2024-09-10 06:00:00,0.1971571,0.1913594,2024-09-10,6
2024-09-10 07:00:00,0.5083562,0.5234369,2024-09-10,7
2024-09-10 08:00:00,0.7782412,0.8164103,2024-09-10,8
2024-09-10 09:00:00,0.9264196,0.9793106,2024-09-10,9
2024-09-10 10:00:00,1.031111,1.093944,2024-09-10,10
2024-09-10 11:00:00,1.073073,1.139872,2024-09-10,11
2024-09-10 12:00:00,1.025072,1.0879,2024-09-10,12
2024-09-10 13:00:00,0.9474554,1.002755,2024-09-10,13
2024-09-10 14:00:00,0.7214468,0.7579015,2024-09-10,14
2024-09-10 15:00:00,0.3929979,0.3992383,2024-09-10,15
2024-09-10 16:00:00,0.2553132,0.2535257,2024-09-10,16
2024-09-10 17:00:00,0.05252318,0.04033962,2024-09-10,17
2024-09-10 18:00:00,0.0,0.0,2024-09-10,18
2024-09-10 19:00:00,0.0,0.0,2024-09-10,19
2024-09-10 20:00:00,0.0,0.0,2024-09-10,20
2024-09-10 21:00:00,0.0,0.0,2024-09-10,21
2024-09-10 22:00:00,0.0,0.0,2024-09-10,22
2024-09-10 23:00:00,0.0,0.0,2024-09-10,23
2024-09-11 00:00:00,0.0,0.0,2024-09-11,0
2024-09-11 01:00:00,0.0,0.0,2024-09-11,1
2024-09-11 02:00:00,0.0,0.0,2024-09-11,2
2024-09-11 03:00:00,0.0,0.0,2024-09-11,3
2024-09-11 04:00:00,0.0,0.0,2024-09-11,4
2024-09-11 05:00:00,0.01779658,0.0,2024-09-11,5
2024-09-11 06:00:00,0.0377803,0.03670432,2024-09-11,6
2024-09-11 07:00:00,0.07747051,0.07532322,2024-09-11,7
2024-09-11 08:00:00,0.07919136,0.07697933,2024-09-11,8
2024-09-11 09:00:00,0.2421675,0.2358745,2024-09-11,9
2024-09-11 10:00:00,0.1772026,0.1724064,2024-09-11,10
2024-09-11 11:00:00,0.1193225,0.1160093,2024-09-11,11
2024-09-11 12:00:00,0.05454632,0.05299331,2024-09-11,12
2024-09-11 13:00:00,0.06240081,0.06063334,2024-09-11,13
2024-09-11 14:00:00,0.05409138,0.05255895,2024-09-11,14
2024-09-11 15:00:00,0.06147744,0.05975309,2024-09-11,15
2024-09-11 16:00:00,0.06335348,0.06158504,2024-09-11,16
2024-09-11 17:00:00,0.01415934,0.01367984,2024-09-11,17
2024-09-11 18:00:00,0.0,0.0,2024-09-11,18
2024-09-11 19:00:00,0.0,0.0,2024-09-11,19
2024-09-11 20:00:00,0.0,0.0,2024-09-11,20
2024-09-11 21:00:00,0.0,0.0,2024-09-11,21
2024-09-11 22:00:00,0.0,0.0,2024-09-11,22
2024-09-11 23:00:00,0.0,0.0,2024-09-11,23
2024-09-12 00:00:00,0.0,0.0,2024-09-12,0
2024-09-12 01:00:00,0.0,0.0,2024-09-12,1
2024-09-12 02:00:00,0.0,0.0,2024-09-12,2
2024-09-12 03:00:00,0.0,0.0,2024-09-12,3
2024-09-12 04:00:00,0.0,0.0,2024-09-12,4
2024-09-12 05:00:00,0.01357728,0.0,2024-09-12,5
2024-09-12 06:00:00,0.01905003,0.01850377,2024-09-12,6
2024-09-12 07:00:00,0.03375346,0.03279351,2024-09-12,7
2024-09-12 08:00:00,0.1601891,0.155914,2024-09-12,8
2024-09-12 09:00:00,0.227994,0.2220326,2024-09-12,9
2024-09-12 10:00:00,0.1922046,0.1870459,2024-09-12,10
2024-09-12 11:00:00,0.1636832,0.1592246,2024-09-12,11
2024-09-12 12:00:00,0.1308695,0.1272604,2024-09-12,12
2024-09-12 13:00:00,0.008313543,0.008071903,2024-09-12,13
2024-09-12 14:00:00,0.1035674,0.1007085,2024-09-12,14
2024-09-12 15:00:00,0.02538895,0.02466186,2024-09-12,15
2024-09-12 16:00:00,0.04435436,0.04310675,2024-09-12,16
2024-09-12 17:00:00,0.0145163,0.01402264,2024-09-12,17
2024-09-12 18:00:00,0.0,0.0,2024-09-12,18
2024-09-12 19:00:00,0.0,0.0,2024-09-12,19
2024-09-12 20:00:00,0.0,0.0,2024-09-12,20
2024-09-12 21:00:00,0.0,0.0,2024-09-12,21
2024-09-12 22:00:00,0.0,0.0,2024-09-12,22
2024-09-12 23:00:00,0.0,0.0,2024-09-12,23
2024-09-13 00:00:00,0.0,0.0,2024-09-13,0
2024-09-13 01:00:00,0.0,0.0,2024-09-13,1
2024-09-13 02:00:00,0.0,0.0,2024-09-13,2
2024-09-13 03:00:00,0.0,0.0,2024-09-13,3
2024-09-13 04:00:00,0.0,0.0,2024-09-13,4
2024-09-13 05:00:00,0.0128772,0.0,2024-09-13,5
2024-09-13 06:00:00,0.1370366,0.1347568,2024-09-13,6
2024-09-13 07:00:00,0.4374464,0.4565399,2024-09-13,7
2024-09-13 08:00:00,0.3909844,0.3922783,2024-09-13,8
2024-09-13 09:00:00,0.5232424,0.5310353,2024-09-13,9
2024-09-13 10:00:00,0.7066957,0.7363569,2024-09-13,10
2024-09-13 11:00:00,0.9772587,1.045279,2024-09-13,11
2024-09-13 12:00:00,0.8447074,0.8970041,2024-09-13,12
2024-09-13 13:00:00,0.7541168,0.7980559,2024-09-13,13
2024-09-13 14:00:00,0.5424186,0.5624658,2024-09-13,14
2024-09-13 15:00:00,0.3638371,0.3707714,2024-09-13,15
2024-09-13 16:00:00,0.2035837,0.2036256,2024-09-13,16
2024-09-13 17:00:00,0.04706569,0.03687945,2024-09-13,17
2024-09-13 18:00:00,0.0,0.0,2024-09-13,18
2024-09-13 19:00:00,0.0,0.0,2024-09-13,19
2024-09-13 20:00:00,0.0,0.0,2024-09-13,20
2024-09-13 21:00:00,0.0,0.0,2024-09-13,21
2024-09-13 22:00:00,0.0,0.0,2024-09-13,22
2024-09-13 23:00:00,0.0,0.0,2024-09-13,23
2024-09-14 00:00:00,0.0,0.0,2024-09-14,0
2024-09-14 01:00:00,0.0,0.0,2024-09-14,1
2024-09-14 02:00:00,0.0,0.0,2024-09-14,2
2024-09-14 03:00:00,0.0,0.0,2024-09-14,3
2024-09-14 04:00:00,0.0,0.0,2024-09-14,4
2024-09-14 05:00:00,0.0155038,0.0,2024-09-14,5
2024-09-14 06:00:00,0.04843707,0.04709261,2024-09-14,6
2024-09-14 07:00:00,0.1623394,0.158352,2024-09-14,7
2024-09-14 08:00:00,0.340754,0.3381106,2024-09-14,8
2024-09-14 09:00:00,0.4039183,0.3999752,2024-09-14,9
2024-09-14 10:00:00,0.8228967,0.8752273,2024-09-14,10
2024-09-14 11:00:00,0.9606116,1.029749,2024-09-14,11
2024-09-14 12:00:00,0.8599246,0.9170265,2024-09-14,12
2024-09-14 13:00:00,0.5534137,0.5643299,2024-09-14,13
2024-09-14 14:00:00,0.4624753,0.4709904,2024-09-14,14
2024-09-14 15:00:00,0.1261847,0.1228237,2024-09-14,15
2024-09-14 16:00:00,0.1219676,0.1192382,2024-09-14,16
2024-09-14 17:00:00,0.007602356,0.007364536,2024-09-14,17
2024-09-14 18:00:00,0.0,0.0,2024-09-14,18
2024-09-14 19:00:00,0.0,0.0,2024-09-14,19
2024-09-14 20:00:00,0.0,0.0,2024-09-14,20
2024-09-14 21:00:00,0.0,0.0,2024-09-14,21
2024-09-14 22:00:00,0.0,0.0,2024-09-14,22
2024-09-14 23:00:00,0.0,0.0,2024-09-14,23
2024-09-15 00:00:00,0.0,0.0,2024-09-15,0
2024-09-15 01:00:00,0.0,0.0,2024-09-15,1
2024-09-15 02:00:00,0.0,0.0,2024-09-15,2
2024-09-15 03:00:00,0.0,0.0,2024-09-15,3
2024-09-15 04:00:00,0.0,0.0,2024-09-15,4
2024-09-15 05:00:00,0.01615715,0.0,2024-09-15,5
2024-09-15 06:00:00,0.04512539,0.0438777,2024-09-15,6
2024-09-15 07:00:00,0.02852965,0.02771785,2024-09-15,7
2024-09-15 08:00:00,0.06014587,0.05845678,2024-09-15,8
2024-09-15 09:00:00,0.1024339,0.09960029,2024-09-15,9
2024-09-15 10:00:00,0.05763614,0.05600135,2024-09-15,10
2024-09-15 11:00:00,0.1804459,0.1755912,2024-09-15,11
2024-09-15 12:00:00,0.287447,0.2801892,2024-09-15,12
2024-09-15 13:00:00,0.3012681,0.2942506,2024-09-15,13
2024-09-15 14:00:00,0.1498243,0.145822,2024-09-15,14
2024-09-15 15:00:00,0.1793326,0.1750079,2024-09-15,15
2024-09-15 16:00:00,0.06102302,0.05935761,2024-09-15,16
2024-09-15 17:00:00,0.005507696,0.005339667,2024-09-15,17
2024-09-15 18:00:00,0.0,0.0,2024-09-15,18
2024-09-15 19:00:00,0.0,0.0,2024-09-15,19
2024-09-15 20:00:00,0.0,0.0,2024-09-15,20
2024-09-15 21:00:00,0.0,0.0,2024-09-15,21
2024-09-15 22:00:00,0.0,0.0,2024-09-15,22
2024-09-15 23:00:00,0.0,0.0,2024-09-15,23
2024-09-16 00:00:00,0.0,0.0,2024-09-16,0
2024-09-16 01:00:00,0.0,0.0,2024-09-16,1
2024-09-16 02:00:00,0.0,0.0,2024-09-16,2
2024-09-16 03:00:00,0.0,0.0,2024-09-16,3
2024-09-16 04:00:00,0.0,0.0,2024-09-16,4
2024-09-16 05:00:00,0.01220289,0.0,2024-09-16,5
2024-09-16 06:00:00,0.07076984,0.06890069,2024-09-16,6
2024-09-16 07:00:00,0.08310187,0.08084404,2024-09-16,7
2024-09-16 08:00:00,0.1459984,0.1421182,2024-09-16,8
2024-09-16 09:00:00,0.4176541,0.4153215,2024-09-16,9
2024-09-16 10:00:00,0.3027777,0.2953898,2024-09-16,10
2024-09-16 11:00:00,0.2977066,0.2902478,2024-09-16,11
2024-09-16 12:00:00,0.3059883,0.2985069,2024-09-16,12
2024-09-16 13:00:00,0.1986701,0.1934412,2024-09-16,13
2024-09-16 14:00:00,0.1368696,0.133195,2024-09-16,14
2024-09-16 15:00:00,0.1943113,0.190049,2024-09-16,15
2024-09-16 16:00:00,0.123519,0.1211346,2024-09-16,16
2024-09-16 17:00:00,0.03205953,0.0289007,2024-09-16,17
2024-09-16 18:00:00,0.0,0.0,2024-09-16,18
2024-09-16 19:00:00,0.0,0.0,2024-09-16,19
2024-09-16 20:00:00,0.0,0.0,2024-09-16,20
2024-09-16 21:00:00,0.0,0.0,2024-09-16,21
2024-09-16 22:00:00,0.0,0.0,2024-09-16,22
2024-09-16 23:00:00,0.0,0.0,2024-09-16,23
2024-09-17 00:00:00,0.0,0.0,2024-09-17,0
2024-09-17 01:00:00,0.0,0.0,2024-09-17,1
2024-09-17 02:00:00,0.0,0.0,2024-09-17,2
2024-09-17 03:00:00,0.0,0.0,2024-09-17,3
2024-09-17 04:00:00,0.0,0.0,2024-09-17,4
2024-09-17 05:00:00,0.01846567,0.0,2024-09-17,5
2024-09-17 06:00:00,0.1416317,0.142145,2024-09-17,6
2024-09-17 07:00:00,0.2589378,0.2594253,2024-09-17,7
2024-09-17 08:00:00,0.3867818,0.3900946,2024-09-17,8
2024-09-17 09:00:00,0.6349178,0.668003,2024-09-17,9
2024-09-17 10:00:00,0.7256427,0.7661407,2024-09-17,10
2024-09-17 11:00:00,0.6918218,0.7207925,2024-09-17,11
2024-09-17 12:00:00,0.5865525,0.598415,2024-09-17,12
2024-09-17 13:00:00,0.3537075,0.3475053,2024-09-17,13
2024-09-17 14:00:00,0.586767,0.6231647,2024-09-17,14
2024-09-17 15:00:00,0.341926,0.3509517,2024-09-17,15
2024-09-17 16:00:00,0.08442324,0.08223642,2024-09-17,16
2024-09-17 17:00:00,0.02811912,0.02611764,2024-09-17,17
2024-09-17 18:00:00,0.0,0.0,2024-09-17,18
2024-09-17 19:00:00,0.0,0.0,2024-09-17,19
2024-09-17 20:00:00,0.0,0.0,2024-09-17,20
2024-09-17 21:00:00,0.0,0.0,2024-09-17,21
2024-09-17 22:00:00,0.0,0.0,2024-09-17,22
2024-09-17 23:00:00,0.0,0.0,2024-09-17,23
2024-09-18 00:00:00,0.0,0.0,2024-09-18,0
2024-09-18 01:00:00,0.0,0.0,2024-09-18,1
2024-09-18 02:00:00,0.0,0.0,2024-09-18,2
2024-09-18 03:00:00,0.0,0.0,2024-09-18,3
2024-09-18 04:00:00,0.0,0.0,2024-09-18,4
2024-09-18 05:00:00,0.01675516,0.0,2024-09-18,5
2024-09-18 06:00:00,0.1443372,0.1459438,2024-09-18,6
2024-09-18 07:00:00,0.3089612,0.3173546,2024-09-18,7
2024-09-18 08:00:00,0.5358236,0.5678347,2024-09-18,8
2024-09-18 09:00:00,0.7597185,0.8189464,2024-09-18,9
2024-09-18 10:00:00,0.8781631,0.9493273,2024-09-18,10
2024-09-18 11:00:00,0.8930468,0.9640965,2024-09-18,11
2024-09-18 12:00:00,0.7114625,0.7493454,2024-09-18,12
2024-09-18 13:00:00,0.3911277,0.3867188,2024-09-18,13
2024-09-18 14:00:00,0.3903092,0.3925008,2024-09-18,14
2024-09-18 15:00:00,0.380253,0.3981556,2024-09-18,15
2024-09-18 16:00:00,0.1912802,0.1964193,2024-09-18,16
2024-09-18 17:00:00,0.03340319,0.03042504,2024-09-18,17
2024-09-18 18:00:00,0.0,0.0,2024-09-18,18
2024-09-18 19:00:00,0.0,0.0,2024-09-18,19
2024-09-18 20:00:00,0.0,0.0,2024-09-18,20
2024-09-18 21:00:00,0.0,0.0,2024-09-18,21
2024-09-18 22:00:00,0.0,0.0,2024-09-18,22
2024-09-18 23:00:00,0.0,0.0,2024-09-18,23
2024-09-19 00:00:00,0.0,0.0,2024-09-19,0
2024-09-19 01:00:00,0.0,0.0,2024-09-19,1
2024-09-19 02:00:00,0.0,0.0,2024-09-19,2
2024-09-19 03:00:00,0.0,0.0,2024-09-19,3
2024-09-19 04:00:00,0.0,0.0,2024-09-19,4
2024-09-19 05:00:00,0.01956444,0.0,2024-09-19,5
2024-09-19 06:00:00,0.1214912,0.1211706,2024-09-19,6
2024-09-19 07:00:00,0.2350713,0.2341278,2024-09-19,7
2024-09-19 08:00:00,0.6192978,0.6693404,2024-09-19,8
2024-09-19 09:00:00,0.7085965,0.7610474,2024-09-19,9
2024-09-19 10:00:00,0.7950168,0.8541985,2024-09-19,10
2024-09-19 11:00:00,0.5036367,0.5037817,2024-09-19,11
2024-09-19 12:00:00,0.8221971,0.8855695,2024-09-19,12
2024-09-19 13:00:00,0.6144375,0.6438845,2024-09-19,13
2024-09-19 14:00:00,0.4388472,0.4491843,2024-09-19,14
2024-09-19 15:00:00,0.3877061,0.4091785,2024-09-19,15
2024-09-19 16:00:00,0.1697415,0.1726934,2024-09-19,16
2024-09-19 17:00:00,0.01996583,0.01932291,2024-09-19,17
2024-09-19 18:00:00,0.0,0.0,2024-09-19,18
2024-09-19 19:00:00,0.0,0.0,2024-09-19,19
2024-09-19 20:00:00,0.0,0.0,2024-09-19,20
2024-09-19 21:00:00,0.0,0.0,2024-09-19,21
2024-09-19 22:00:00,0.0,0.0,2024-09-19,22
2024-09-19 23:00:00,0.0,0.0,2024-09-19,23
2024-09-20 00:00:00,0.0,0.0,2024-09-20,0
2024-09-20 01:00:00,0.0,0.0,2024-09-20,1
2024-09-20 02:00:00,0.0,0.0,2024-09-20,2
2024-09-20 03:00:00,0.0,0.0,2024-09-20,3
2024-09-20 04:00:00,0.0,0.0,2024-09-20,4
2024-09-20 05:00:00,0.01664161,0.0,2024-09-20,5
2024-09-20 06:00:00,0.08629498,0.08448511,2024-09-20,6
2024-09-20 07:00:00,0.1503967,0.146778,2024-09-20,7
2024-09-20 08:00:00,0.2544471,0.2493375,2024-09-20,8
2024-09-20 09:00:00,0.4562401,0.459793,2024-09-20,9
2024-09-20 10:00:00,0.4831997,0.483738,2024-09-20,10
2024-09-20 11:00:00,0.7464326,0.7926118,2024-09-20,11
2024-09-20 12:00:00,0.6244119,0.6467692,2024-09-20,12
2024-09-20 13:00:00,0.7151772,0.7690744,2024-09-20,13
2024-09-20 14:00:00,0.5188495,0.5472901,2024-09-20,14
2024-09-20 15:00:00,0.4123246,0.4414324,2024-09-20,15
2024-09-20 16:00:00,0.1540604,0.1556677,2024-09-20,16
2024-09-20 17:00:00,0.02067449,0.02029912,2024-09-20,17
2024-09-20 18:00:00,0.0,0.0,2024-09-20,18
2024-09-20 19:00:00,0.0,0.0,2024-09-20,19
2024-09-20 20:00:00,0.0,0.0,2024-09-20,20
2024-09-20 21:00:00,0.0,0.0,2024-09-20,21
2024-09-20 22:00:00,0.0,0.0,2024-09-20,22
2024-09-20 23:00:00,0.0,0.0,2024-09-20,23
2024-09-21 00:00:00,0.0,0.0,2024-09-21,0
2024-09-21 01:00:00,0.0,0.0,2024-09-21,1
2024-09-21 02:00:00,0.0,0.0,2024-09-21,2
2024-09-21 03:00:00,0.0,0.0,2024-09-21,3
2024-09-21 04:00:00,0.0,0.0,2024-09-21,4
2024-09-21 05:00:00,0.01535159,0.0,2024-09-21,5
2024-09-21 06:00:00,0.0788111,0.07703048,2024-09-21,6
2024-09-21 07:00:00,0.1433529,0.1398483,2024-09-21,7
2024-09-21 08:00:00,0.4299316,0.4437405,2024-09-21,8
2024-09-21 09:00:00,0.0987457,0.09603032,2024-09-21,9
2024-09-21 10:00:00,0.1527062,0.148599,2024-09-21,10
2024-09-21 11:00:00,0.4838359,0.482881,2024-09-21,11
2024-09-21 12:00:00,0.6356038,0.6617259,2024-09-21,12
2024-09-21 13:00:00,0.3546169,0.3491695,2024-09-21,13
2024-09-21 14:00:00,0.1390134,0.1353426,2024-09-21,14
2024-09-21 15:00:00,0.0472702,0.04595524,2024-09-21,15
2024-09-21 16:00:00,0.06985942,0.06808086,2024-09-21,16
2024-09-21 17:00:00,0.008755468,0.00853885,2024-09-21,17
2024-09-21 18:00:00,0.0,0.0,2024-09-21,18
2024-09-21 19:00:00,0.0,0.0,2024-09-21,19
2024-09-21 20:00:00,0.0,0.0,2024-09-21,20
2024-09-21 21:00:00,0.0,0.0,2024-09-21,21
2024-09-21 22:00:00,0.0,0.0,2024-09-21,22
2024-09-21 23:00:00,0.0,0.0,2024-09-21,23
2024-09-22 00:00:00,0.0,0.0,2024-09-22,0
2024-09-22 01:00:00,0.0,0.0,2024-09-22,1
2024-09-22 02:00:00,0.0,0.0,2024-09-22,2
2024-09-22 03:00:00,0.0,0.0,2024-09-22,3
2024-09-22 04:00:00,0.0,0.0,2024-09-22,4
2024-09-22 05:00:00,0.00883111,0.0,2024-09-22,5
2024-09-22 06:00:00,0.1590345,0.1678826,2024-09-22,6
2024-09-22 07:00:00,0.4728665,0.520706,2024-09-22,7
2024-09-22 08:00:00,0.7177892,0.7889169,2024-09-22,8
2024-09-22 09:00:00,0.8212435,0.9005756,2024-09-22,9
2024-09-22 10:00:00,0.8651747,0.9452733,2024-09-22,10
2024-09-22 11:00:00,1.011632,1.109506,2024-09-22,11
2024-09-22 12:00:00,0.9521594,1.044024,2024-09-22,12
2024-09-22 13:00:00,0.8528165,0.9354529,2024-09-22,13
2024-09-22 14:00:00,0.5612907,0.6041594,2024-09-22,14
2024-09-22 15:00:00,0.3638903,0.3860248,2024-09-22,15
2024-09-22 16:00:00,0.2122476,0.2300815,2024-09-22,16
2024-09-22 17:00:00,0.03639843,0.05146266,2024-09-22,17
2024-09-22 18:00:00,0.0,0.0,2024-09-22,18
2024-09-22 19:00:00,0.0,0.0,2024-09-22,19
2024-09-22 20:00:00,0.0,0.0,2024-09-22,20
2024-09-22 21:00:00,0.0,0.0,2024-09-22,21
2024-09-22 22:00:00,0.0,0.0,2024-09-22,22
2024-09-22 23:00:00,0.0,0.0,2024-09-22,23
2024-09-23 00:00:00,0.0,0.0,2024-09-23,0
2024-09-23 01:00:00,0.0,0.0,2024-09-23,1
2024-09-23 02:00:00,0.0,0.0,2024-09-23,2
2024-09-23 03:00:00,0.0,0.0,2024-09-23,3
2024-09-23 04:00:00,0.0,0.0,2024-09-23,4
2024-09-23 05:00:00,0.01402799,0.0,2024-09-23,5
2024-09-23 06:00:00,0.1663726,0.1788165,2024-09-23,6
2024-09-23 07:00:00,0.3267455,0.3453999,2024-09-23,7
2024-09-23 08:00:00,0.4952045,0.5270323,2024-09-23,8
2024-09-23 09:00:00,0.5313624,0.5505552,2024-09-23,9
2024-09-23 10:00:00,0.6114101,0.6359897,2024-09-23,10
2024-09-23 11:00:00,0.8824307,0.9652312,2024-09-23,11
2024-09-23 12:00:00,0.6865505,0.7279907,2024-09-23,12
2024-09-23 13:00:00,0.7618507,0.8332865,2024-09-23,13
2024-09-23 14:00:00,0.569979,0.6174412,2024-09-23,14
2024-09-23 15:00:00,0.2313519,0.2301349,2024-09-23,15
2024-09-23 16:00:00,0.12966,0.130131,2024-09-23,16
2024-09-23 17:00:00,0.01294568,0.01324598,2024-09-23,17
2024-09-23 18:00:00,0.0,0.0,2024-09-23,18
2024-09-23 19:00:00,0.0,0.0,2024-09-23,19
2024-09-23 20:00:00,0.0,0.0,2024-09-23,20
2024-09-23 21:00:00,0.0,0.0,2024-09-23,21
2024-09-23 22:00:00,0.0,0.0,2024-09-23,22
2024-09-23 23:00:00,0.0,0.0,2024-09-23,23
2024-09-24 00:00:00,0.0,0.0,2024-09-24,0
2024-09-24 01:00:00,0.0,0.0,2024-09-24,1
2024-09-24 02:00:00,0.0,0.0,2024-09-24,2
2024-09-24 03:00:00,0.0,0.0,2024-09-24,3
2024-09-24 04:00:00,0.0,0.0,2024-09-24,4
2024-09-24 05:00:00,0.01181148,0.0,2024-09-24,5
2024-09-24 06:00:00,0.2028753,0.2284467,2024-09-24,6
2024-09-24 07:00:00,0.43584,0.483839,2024-09-24,7
2024-09-24 08:00:00,0.5841777,0.6403852,2024-09-24,8
2024-09-24 09:00:00,0.7849577,0.8647276,2024-09-24,9
2024-09-24 10:00:00,0.9375736,1.033955,2024-09-24,10
2024-09-24 11:00:00,0.7901205,0.8554372,2024-09-24,11
2024-09-24 12:00:00,0.6003395,0.6227662,2024-09-24,12
2024-09-24 13:00:00,0.6090406,0.646334,2024-09-24,13
2024-09-24 14:00:00,0.5035154,0.5361508,2024-09-24,14
2024-09-24 15:00:00,0.3619848,0.3878407,2024-09-24,15
2024-09-24 16:00:00,0.1753573,0.1870535,2024-09-24,16
2024-09-24 17:00:00,0.02662962,0.08289024,2024-09-24,17
2024-09-24 18:00:00,0.0,0.0,2024-09-24,18
2024-09-24 19:00:00,0.0,0.0,2024-09-24,19
2024-09-24 20:00:00,0.0,0.0,2024-09-24,20
2024-09-24 21:00:00,0.0,0.0,2024-09-24,21
2024-09-24 22:00:00,0.0,0.0,2024-09-24,22
2024-09-24 23:00:00,0.0,0.0,2024-09-24,23
2024-09-25 00:00:00,0.0,0.0,2024-09-25,0
2024-09-25 01:00:00,0.0,0.0,2024-09-25,1
2024-09-25 02:00:00,0.0,0.0,2024-09-25,2
2024-09-25 03:00:00,0.0,0.0,2024-09-25,3
2024-09-25 04:00:00,0.0,0.0,2024-09-25,4
2024-09-25 05:00:00,0.01607399,0.0,2024-09-25,5
2024-09-25 06:00:00,0.21105,0.241508,2024-09-25,6
2024-09-25 07:00:00,0.4776041,0.535098,2024-09-25,7
2024-09-25 08:00:00,0.6743092,0.7494507,2024-09-25,8
2024-09-25 09:00:00,0.9114957,1.010914,2024-09-25,9
2024-09-25 10:00:00,0.9677325,1.070753,2024-09-25,10
2024-09-25 11:00:00,1.011743,1.118993,2024-09-25,11
2024-09-25 12:00:00,1.014395,1.122918,2024-09-25,12
2024-09-25 13:00:00,0.8622543,0.9551138,2024-09-25,13
2024-09-25 14:00:00,0.711349,0.7905233,2024-09-25,14
2024-09-25 15:00:00,0.5184137,0.5804535,2024-09-25,15
2024-09-25 16:00:00,0.2557613,0.2925743,2024-09-25,16
2024-09-25 17:00:00,0.02528857,0.0,2024-09-25,17
2024-09-25 18:00:00,0.0,0.0,2024-09-25,18
2024-09-25 19:00:00,0.0,0.0,2024-09-25,19
2024-09-25 20:00:00,0.0,0.0,2024-09-25,20
2024-09-25 21:00:00,0.0,0.0,2024-09-25,21
2024-09-25 22:00:00,0.0,0.0,2024-09-25,22
2024-09-25 23:00:00,0.0,0.0,2024-09-25,23
2024-09-26 00:00:00,0.0,0.0,2024-09-26,0
2024-09-26 01:00:00,0.0,0.0,2024-09-26,1
2024-09-26 02:00:00,0.0,0.0,2024-09-26,2
2024-09-26 03:00:00,0.0,0.0,2024-09-26,3
2024-09-26 04:00:00,0.0,0.0,2024-09-26,4
2024-09-26 05:00:00,0.01170319,0.0,2024-09-26,5
2024-09-26 06:00:00,0.09925179,0.09894641,2024-09-26,6
2024-09-26 07:00:00,0.08447567,0.08226989,2024-09-26,7
2024-09-26 08:00:00,0.1099527,0.1070325,2024-09-26,8
2024-09-26 09:00:00,0.1776376,0.1730482,2024-09-26,9
2024-09-26 10:00:00,0.4348226,0.4329285,2024-09-26,10
2024-09-26 11:00:00,0.6654597,0.7024382,2024-09-26,11
2024-09-26 12:00:00,0.7640707,0.8320597,2024-09-26,12
2024-09-26 13:00:00,0.5012691,0.5158356,2024-09-26,13
2024-09-26 14:00:00,0.4296132,0.4467489,2024-09-26,14
2024-09-26 15:00:00,0.3337999,0.3556806,2024-09-26,15
2024-09-26 16:00:00,0.1415269,0.1467158,2024-09-26,16
2024-09-26 17:00:00,0.009623939,0.0,2024-09-26,17
2024-09-26 18:00:00,0.0,0.0,2024-09-26,18
2024-09-26 19:00:00,0.0,0.0,2024-09-26,19
2024-09-26 20:00:00,0.0,0.0,2024-09-26,20
2024-09-26 21:00:00,0.0,0.0,2024-09-26,21
2024-09-26 22:00:00,0.0,0.0,2024-09-26,22
2024-09-26 23:00:00,0.0,0.0,2024-09-26,23
2024-09-27 00:00:00,0.0,0.0,2024-09-27,0
2024-09-27 01:00:00,0.0,0.0,2024-09-27,1
2024-09-27 02:00:00,0.0,0.0,2024-09-27,2
2024-09-27 03:00:00,0.0,0.0,2024-09-27,3
2024-09-27 04:00:00,0.0,0.0,2024-09-27,4
2024-09-27 05:00:00,0.01054655,0.0,2024-09-27,5
2024-09-27 06:00:00,0.08358774,0.08234658,2024-09-27,6
2024-09-27 07:00:00,0.2515547,0.2566482,2024-09-27,7
2024-09-27 08:00:00,0.2649763,0.2609369,2024-09-27,8
2024-09-27 09:00:00,0.1995849,0.1945307,2024-09-27,9
2024-09-27 10:00:00,0.1631614,0.1588502,2024-09-27,10
2024-09-27 11:00:00,0.171028,0.1665113,2024-09-27,11
2024-09-27 12:00:00,0.3071857,0.3002677,2024-09-27,12
2024-09-27 13:00:00,0.4874378,0.500243,2024-09-27,13
2024-09-27 14:00:00,0.4086639,0.4222506,2024-09-27,14
2024-09-27 15:00:00,0.2494913,0.252681,2024-09-27,15
2024-09-27 16:00:00,0.07921854,0.07758076,2024-09-27,16
2024-09-27 17:00:00,0.003964749,0.0,2024-09-27,17
2024-09-27 18:00:00,0.0,0.0,2024-09-27,18
2024-09-27 19:00:00,0.0,0.0,2024-09-27,19
2024-09-27 20:00:00,0.0,0.0,2024-09-27,20
2024-09-27 21:00:00,0.0,0.0,2024-09-27,21
2024-09-27 22:00:00,0.0,0.0,2024-09-27,22
2024-09-27 23:00:00,0.0,0.0,2024-09-27,23
2024-09-28 00:00:00,0.0,0.0,2024-09-28,0
2024-09-28 01:00:00,0.0,0.0,2024-09-28,1
2024-09-28 02:00:00,0.0,0.0,2024-09-28,2
2024-09-28 03:00:00,0.0,0.0,2024-09-28,3
2024-09-28 04:00:00,0.0,0.0,2024-09-28,4
2024-09-28 05:00:00,0.007607827,0.0,2024-09-28,5
2024-09-28 06:00:00,0.1064998,0.1077591,2024-09-28,6
2024-09-28 07:00:00,0.2250623,0.2263525,2024-09-28,7
2024-09-28 08:00:00,0.2457145,0.2411848,2024-09-28,8
2024-09-28 09:00:00,0.3262964,0.3212387,2024-09-28,9
2024-09-28 10:00:00,0.3332812,0.3266674,2024-09-28,10
2024-09-28 11:00:00,0.4700556,0.4706733,2024-09-28,11
2024-09-28 12:00:00,0.844086,0.9365019,2024-09-28,12
2024-09-28 13:00:00,0.792843,0.8848363,2024-09-28,13
2024-09-28 14:00:00,0.5403849,0.5927865,2024-09-28,14
2024-09-28 15:00:00,0.2660247,0.2731534,2024-09-28,15
2024-09-28 16:00:00,0.09974197,0.09915666,2024-09-28,16
2024-09-28 17:00:00,0.007676066,0.0,2024-09-28,17
2024-09-28 18:00:00,0.0,0.0,2024-09-28,18
2024-09-28 19:00:00,0.0,0.0,2024-09-28,19
2024-09-28 20:00:00,0.0,0.0,2024-09-28,20
2024-09-28 21:00:00,0.0,0.0,2024-09-28,21
2024-09-28 22:00:00,0.0,0.0,2024-09-28,22
2024-09-28 23:00:00,0.0,0.0,2024-09-28,23
2024-09-29 00:00:00,0.0,0.0,2024-09-29,0
2024-09-29 01:00:00,0.0,0.0,2024-09-29,1
2024-09-29 02:00:00,0.0,0.0,2024-09-29,2
2024-09-29 03:00:00,0.0,0.0,2024-09-29,3
2024-09-29 04:00:00,0.0,0.0,2024-09-29,4
2024-09-29 05:00:00,0.01158676,0.0,2024-09-29,5
2024-09-29 06:00:00,0.1395846,0.1510684,2024-09-29,6
2024-09-29 07:00:00,0.3303068,0.3596874,2024-09-29,7
2024-09-29 08:00:00,0.561038,0.6239502,2024-09-29,8
2024-09-29 09:00:00,0.852277,0.9567369,2024-09-29,9
2024-09-29 10:00:00,0.8775889,0.9799199,2024-09-29,10
2024-09-29 11:00:00,1.071506,1.199686,2024-09-29,11
2024-09-29 12:00:00,1.038822,1.164079,2024-09-29,12
2024-09-29 13:00:00,0.8240541,0.9242483,2024-09-29,13
2024-09-29 14:00:00,0.6520479,0.7350758,2024-09-29,14
2024-09-29 15:00:00,0.4582253,0.5238702,2024-09-29,15
2024-09-29 16:00:00,0.2218501,0.2646588,2024-09-29,16
2024-09-29 17:00:00,0.01687199,0.0,2024-09-29,17
2024-09-29 18:00:00,0.0,0.0,2024-09-29,18
2024-09-29 19:00:00,0.0,0.0,2024-09-29,19
2024-09-29 20:00:00,0.0,0.0,2024-09-29,20
2024-09-29 21:00:00,0.0,0.0,2024-09-29,21
2024-09-29 22:00:00,0.0,0.0,2024-09-29,22
2024-09-29 23:00:00,0.0,0.0,2024-09-29,23
2024-09-30 00:00:00,0.0,0.0,2024-09-30,0
2024-09-30 01:00:00,0.0,0.0,2024-09-30,1
2024-09-30 02:00:00,0.0,0.0,2024-09-30,2
2024-09-30 03:00:00,0.0,0.0,2024-09-30,3
2024-09-30 04:00:00,0.0,0.0,2024-09-30,4
2024-09-30 05:00:00,0.009393992,0.0,2024-09-30,5
2024-09-30 06:00:00,0.1117265,0.114945,2024-09-30,6
2024-09-30 07:00:00,0.1923095,0.1907153,2024-09-30,7
2024-09-30 08:00:00,0.3038141,0.3030728,2024-09-30,8
2024-09-30 09:00:00,0.5544108,0.5885618,2024-09-30,9
2024-09-30 10:00:00,0.7521119,0.8274809,2024-09-30,10
2024-09-30 11:00:00,1.002084,1.123981,2024-09-30,11
2024-09-30 12:00:00,0.9293835,1.042745,2024-09-30,12
2024-09-30 13:00:00,0.8102358,0.9113753,2024-09-30,13
2024-09-30 14:00:00,0.5046621,0.5509349,2024-09-30,14
2024-09-30 15:00:00,0.312743,0.3357096,2024-09-30,15
2024-09-30 16:00:00,0.1480652,0.161791,2024-09-30,16
2024-09-30 17:00:00,0.01331546,0.0,2024-09-30,17
2024-09-30 18:00:00,0.0,0.0,2024-09-30,18
2024-09-30 19:00:00,0.0,0.0,2024-09-30,19
2024-09-30 20:00:00,0.0,0.0,2024-09-30,20
2024-09-30 21:00:00,0.0,0.0,2024-09-30,21
2024-09-30 22:00:00,0.0,0.0,2024-09-30,22
2024-09-30 23:00:00,0.0,0.0,2024-09-30,23
2024-10-01 00:00:00,0.0,0.0,2024-10-01,0
2024-10-01 01:00:00,0.0,0.0,2024-10-01,1
2024-10-01 02:00:00,0.0,0.0,2024-10-01,2
2024-10-01 03:00:00,0.0,0.0,2024-10-01,3
2024-10-01 04:00:00,0.0,0.0,2024-10-01,4
2024-10-01 05:00:00,0.00993601,0.0,2024-10-01,5
2024-10-01 06:00:00,0.01665869,0.01620519,2024-10-01,6
2024-10-01 07:00:00,0.1078122,0.1051728,2024-10-01,7
2024-10-01 08:00:00,0.3184431,0.3197189,2024-10-01,8
2024-10-01 09:00:00,0.5888248,0.6350264,2024-10-01,9
2024-10-01 10:00:00,0.6062021,0.640333,2024-10-01,10
2024-10-01 11:00:00,0.7279418,0.7923011,2024-10-01,11
2024-10-01 12:00:00,0.6413893,0.6853537,2024-10-01,12
2024-10-01 13:00:00,0.6021783,0.6518236,2024-10-01,13
2024-10-01 14:00:00,0.3216465,0.3229717,2024-10-01,14
2024-10-01 15:00:00,0.1670443,0.1641296,2024-10-01,15
2024-10-01 16:00:00,0.05308208,0.05185572,2024-10-01,16
2024-10-01 17:00:00,0.001283004,0.0,2024-10-01,17
2024-10-01 18:00:00,0.0,0.0,2024-10-01,18
2024-10-01 19:00:00,0.0,0.0,2024-10-01,19
2024-10-01 20:00:00,0.0,0.0,2024-10-01,20
2024-10-01 21:00:00,0.0,0.0,2024-10-01,21
2024-10-01 22:00:00,0.0,0.0,2024-10-01,22
2024-10-01 23:00:00,0.0,0.0,2024-10-01,23
2024-10-02 00:00:00,0.0,0.0,2024-10-02,0
2024-10-02 01:00:00,0.0,0.0,2024-10-02,1
2024-10-02 02:00:00,0.0,0.0,2024-10-02,2
2024-10-02 03:00:00,0.0,0.0,2024-10-02,3
2024-10-02 04:00:00,0.0,0.0,2024-10-02,4
2024-10-02 05:00:00,0.009083522,0.0,2024-10-02,5
2024-10-02 06:00:00,0.079716,0.07881746,2024-10-02,6
2024-10-02 07:00:00,0.162856,0.1600356,2024-10-02,7
2024-10-02 08:00:00,0.3792945,0.3922804,2024-10-02,8
2024-10-02 09:00:00,0.2619341,0.2560981,2024-10-02,9
2024-10-02 10:00:00,0.1225856,0.1192893,2024-10-02,10
2024-10-02 11:00:00,0.2107973,0.2054433,2024-10-02,11
2024-10-02 12:00:00,0.5003957,0.5103647,2024-10-02,12
2024-10-02 13:00:00,0.273359,0.2675239,2024-10-02,13
2024-10-02 14:00:00,0.2828863,0.2806424,2024-10-02,14
2024-10-02 15:00:00,0.06701458,0.0652558,2024-10-02,15
2024-10-02 16:00:00,0.05161247,0.05043388,2024-10-02,16
2024-10-02 17:00:00,0.003114396,0.0,2024-10-02,17
2024-10-02 18:00:00,0.0,0.0,2024-10-02,18
2024-10-02 19:00:00,0.0,0.0,2024-10-02,19
2024-10-02 20:00:00,0.0,0.0,2024-10-02,20
2024-10-02 21:00:00,0.0,0.0,2024-10-02,21
2024-10-02 22:00:00,0.0,0.0,2024-10-02,22
2024-10-02 23:00:00,0.0,0.0,2024-10-02,23
2024-10-03 00:00:00,0.0,0.0,2024-10-03,0
2024-10-03 01:00:00,0.0,0.0,2024-10-03,1
2024-10-03 02:00:00,0.0,0.0,2024-10-03,2
2024-10-03 03:00:00,0.0,0.0,2024-10-03,3
2024-10-03 04:00:00,0.0,0.0,2024-10-03,4
2024-10-03 05:00:00,0.00867051,0.0,2024-10-03,5
2024-10-03 06:00:00,0.06382106,0.06255113,2024-10-03,6
2024-10-03 07:00:00,0.06671137,0.06496845,2024-10-03,7
2024-10-03 08:00:00,0.161414,0.1574533,2024-10-03,8
2024-10-03 09:00:00,0.2261329,0.2206707,2024-10-03,9
2024-10-03 10:00:00,0.5865843,0.6180233,2024-10-03,10
2024-10-03 11:00:00,0.7353557,0.8065822,2024-10-03,11
2024-10-03 12:00:00,0.5283837,0.544986,2024-10-03,12
2024-10-03 13:00:00,0.5758542,0.6212699,2024-10-03,13
2024-10-03 14:00:00,0.2979159,0.2973759,2024-10-03,14
2024-10-03 15:00:00,0.2366661,0.242139,2024-10-03,15
2024-10-03 16:00:00,0.06799513,0.06672944,2024-10-03,16
2024-10-03 17:00:00,0.006862852,0.0,2024-10-03,17
2024-10-03 18:00:00,0.0,0.0,2024-10-03,18
2024-10-03 19:00:00,0.0,0.0,2024-10-03,19
2024-10-03 20:00:00,0.0,0.0,2024-10-03,20
2024-10-03 21:00:00,0.0,0.0,2024-10-03,21
2024-10-03 22:00:00,0.0,0.0,2024-10-03,22
2024-10-03 23:00:00,0.0,0.0,2024-10-03,23
2024-10-04 00:00:00,0.0,0.0,2024-10-04,0
2024-10-04 01:00:00,0.0,0.0,2024-10-04,1
2024-10-04 02:00:00,0.0,0.0,2024-10-04,2
2024-10-04 03:00:00,0.0,0.0,2024-10-04,3
2024-10-04 04:00:00,0.0,0.0,2024-10-04,4
2024-10-04 05:00:00,0.009310568,0.0,2024-10-04,5
2024-10-04 06:00:00,0.1315578,0.1456323,2024-10-04,6
2024-10-04 07:00:00,0.3315818,0.3707635,2024-10-04,7
2024-10-04 08:00:00,0.5327923,0.5991341,2024-10-04,8
2024-10-04 09:00:00,0.6256613,0.689983,2024-10-04,9
2024-10-04 10:00:00,0.774043,0.8660253,2024-10-04,10
2024-10-04 11:00:00,0.6859404,0.743475,2024-10-04,11
2024-10-04 12:00:00,0.7813916,0.8755094,2024-10-04,12
2024-10-04 13:00:00,0.7493525,0.8506792,2024-10-04,13
2024-10-04 14:00:00,0.6662793,0.7676616,2024-10-04,14
2024-10-04 15:00:00,0.4289838,0.5044718,2024-10-04,15
2024-10-04 16:00:00,0.1723988,0.2113951,2024-10-04,16
2024-10-04 17:00:00,0.01092819,0.0,2024-10-04,17
2024-10-04 18:00:00,0.0,0.0,2024-10-04,18
2024-10-04 19:00:00,0.0,0.0,2024-10-04,19
2024-10-04 20:00:00,0.0,0.0,2024-10-04,20
2024-10-04 21:00:00,0.0,0.0,2024-10-04,21
2024-10-04 22:00:00,0.0,0.0,2024-10-04,22
2024-10-04 23:00:00,0.0,0.0,2024-10-04,23
2024-10-05 00:00:00,0.0,0.0,2024-10-05,0
2024-10-05 01:00:00,0.0,0.0,2024-10-05,1
2024-10-05 02:00:00,0.0,0.0,2024-10-05,2
2024-10-05 03:00:00,0.0,0.0,2024-10-05,3
2024-10-05 04:00:00,0.0,0.0,2024-10-05,4
2024-10-05 05:00:00,0.005657175,0.0,2024-10-05,5
2024-10-05 06:00:00,0.02912055,0.02839303,2024-10-05,6
2024-10-05 07:00:00,0.2105442,0.2123646,2024-10-05,7
2024-10-05 08:00:00,0.2445996,0.2407764,2024-10-05,8
2024-10-05 09:00:00,0.2968276,0.2916495,2024-10-05,9
2024-10-05 10:00:00,0.6267948,0.6734914,2024-10-05,10
2024-10-05 11:00:00,0.9804325,1.115177,2024-10-05,11
2024-10-05 12:00:00,0.9143388,1.040976,2024-10-05,12
2024-10-05 13:00:00,0.5525143,0.5941877,2024-10-05,13
2024-10-05 14:00:00,0.2039366,0.1994609,2024-10-05,14
2024-10-05 15:00:00,0.1306445,0.1277394,2024-10-05,15
2024-10-05 16:00:00,0.1493996,0.1769475,2024-10-05,16
2024-10-05 17:00:00,0.00970931,0.0,2024-10-05,17
2024-10-05 18:00:00,0.0,0.0,2024-10-05,18
2024-10-05 19:00:00,0.0,0.0,2024-10-05,19
2024-10-05 20:00:00,0.0,0.0,2024-10-05,20
2024-10-05 21:00:00,0.0,0.0,2024-10-05,21
2024-10-05 22:00:00,0.0,0.0,2024-10-05,22
2024-10-05 23:00:00,0.0,0.0,2024-10-05,23
2024-10-06 00:00:00,0.0,0.0,2024-10-06,0
2024-10-06 01:00:00,0.0,0.0,2024-10-06,1
2024-10-06 02:00:00,0.0,0.0,2024-10-06,2
2024-10-06 03:00:00,0.0,0.0,2024-10-06,3
2024-10-06 04:00:00,0.0,0.0,2024-10-06,4
2024-10-06 05:00:00,0.007911246,0.0,2024-10-06,5
2024-10-06 06:00:00,0.1834627,0.2348451,2024-10-06,6
2024-10-06 07:00:00,0.3918356,0.4610524,2024-10-06,7
2024-10-06 08:00:00,0.6709484,0.7793913,2024-10-06,8
2024-10-06 09:00:00,0.8394595,0.9640459,2024-10-06,9
2024-10-06 10:00:00,0.9396309,1.073367,2024-10-06,10
2024-10-06 11:00:00,1.027137,1.17263,2024-10-06,11
2024-10-06 12:00:00,0.9103356,1.039458,2024-10-06,12
2024-10-06 13:00:00,0.8583902,0.9864166,2024-10-06,13
2024-10-06 14:00:00,0.686134,0.797763,2024-10-06,14
2024-10-06 15:00:00,0.4316386,0.5146725,2024-10-06,15
2024-10-06 16:00:00,0.1580434,0.1951395,2024-10-06,16
2024-10-06 17:00:00,0.008295441,0.0,2024-10-06,17
2024-10-06 18:00:00,0.0,0.0,2024-10-06,18
2024-10-06 19:00:00,0.0,0.0,2024-10-06,19
2024-10-06 20:00:00,0.0,0.0,2024-10-06,20
2024-10-06 21:00:00,0.0,0.0,2024-10-06,21
2024-10-06 22:00:00,0.0,0.0,2024-10-06,22
2024-10-06 23:00:00,0.0,0.0,2024-10-06,23
2024-10-07 00:00:00,0.0,0.0,2024-10-07,0
2024-10-07 01:00:00,0.0,0.0,2024-10-07,1
2024-10-07 02:00:00,0.0,0.0,2024-10-07,2
2024-10-07 03:00:00,0.0,0.0,2024-10-07,3
2024-10-07 04:00:00,0.0,0.0,2024-10-07,4
2024-10-07 05:00:00,0.007577709,0.0,2024-10-07,5
2024-10-07 06:00:00,0.1763385,0.2262623,2024-10-07,6
2024-10-07 07:00:00,0.3327407,0.3786258,2024-10-07,7
2024-10-07 08:00:00,0.6197926,0.72094,2024-10-07,8
2024-10-07 09:00:00,0.7816039,0.8990203,2024-10-07,9
2024-10-07 10:00:00,0.8455649,0.9650131,2024-10-07,10
2024-10-07 11:00:00,0.8405645,0.9539474,2024-10-07,11
2024-10-07 12:00:00,0.9112523,1.043639,2024-10-07,12
2024-10-07 13:00:00,0.5961716,0.657471,2024-10-07,13
2024-10-07 14:00:00,0.5296491,0.6037136,2024-10-07,14
2024-10-07 15:00:00,0.4293352,0.5152194,2024-10-07,15
2024-10-07 16:00:00,0.1928017,0.255706,2024-10-07,16
2024-10-07 17:00:00,0.006544637,0.0,2024-10-07,17
2024-10-07 18:00:00,0.0,0.0,2024-10-07,18
2024-10-07 19:00:00,0.0,0.0,2024-10-07,19
2024-10-07 20:00:00,0.0,0.0,2024-10-07,20
2024-10-07 21:00:00,0.0,0.0,2024-10-07,21
2024-10-07 22:00:00,0.0,0.0,2024-10-07,22
2024-10-07 23:00:00,0.0,0.0,2024-10-07,23
2024-10-08 00:00:00,0.0,0.0,2024-10-08,0
2024-10-08 01:00:00,0.0,0.0,2024-10-08,1
2024-10-08 02:00:00,0.0,0.0,2024-10-08,2
2024-10-08 03:00:00,0.0,0.0,2024-10-08,3
2024-10-08 04:00:00,0.0,0.0,2024-10-08,4
2024-10-08 05:00:00,0.006425036,0.0,2024-10-08,5
2024-10-08 06:00:00,0.1293322,0.14771,2024-10-08,6
2024-10-08 07:00:00,0.3132152,0.3518465,2024-10-08,7
2024-10-08 08:00:00,0.5117494,0.5799015,2024-10-08,8
2024-10-08 09:00:00,0.7873231,0.9089285,2024-10-08,9
2024-10-08 10:00:00,0.7931858,0.9018424,2024-10-08,10
2024-10-08 11:00:00,0.830911,0.9446052,2024-10-08,11
2024-10-08 12:00:00,0.6888511,0.7635644,2024-10-08,12
2024-10-08 13:00:00,0.6603015,0.7474319,2024-10-08,13
2024-10-08 14:00:00,0.4972123,0.561502,2024-10-08,14
2024-10-08 15:00:00,0.3174158,0.3609347,2024-10-08,15
2024-10-08 16:00:00,0.1747169,0.2318961,2024-10-08,16
2024-10-08 17:00:00,0.007231319,0.0,2024-10-08,17
2024-10-08 18:00:00,0.0,0.0,2024-10-08,18
2024-10-08 19:00:00,0.0,0.0,2024-10-08,19
2024-10-08 20:00:00,0.0,0.0,2024-10-08,20
2024-10-08 21:00:00,0.0,0.0,2024-10-08,21
2024-10-08 22:00:00,0.0,0.0,2024-10-08,22
2024-10-08 23:00:00,0.0,0.0,2024-10-08,23
2024-10-09 00:00:00,0.0,0.0,2024-10-09,0
2024-10-09 01:00:00,0.0,0.0,2024-10-09,1
2024-10-09 02:00:00,0.0,0.0,2024-10-09,2
2024-10-09 03:00:00,0.0,0.0,2024-10-09,3
2024-10-09 04:00:00,0.0,0.0,2024-10-09,4
2024-10-09 05:00:00,0.008272453,0.0,2024-10-09,5
2024-10-09 06:00:00,0.1990345,0.2686982,2024-10-09,6
2024-10-09 07:00:00,0.3561918,0.4180658,2024-10-09,7
2024-10-09 08:00:00,0.4631163,0.513517,2024-10-09,8
2024-10-09 09:00:00,0.6427509,0.7249109,2024-10-09,9
2024-10-09 10:00:00,0.8475801,0.9734932,2024-10-09,10
2024-10-09 11:00:00,0.9162663,1.052937,2024-10-09,11
2024-10-09 12:00:00,0.7937612,0.9060747,2024-10-09,12
2024-10-09 13:00:00,0.7699606,0.8917317,2024-10-09,13
2024-10-09 14:00:00,0.6595822,0.7763143,2024-10-09,14
2024-10-09 15:00:00,0.4317147,0.5251027,2024-10-09,15
2024-10-09 16:00:00,0.1833843,0.2501788,2024-10-09,16
2024-10-09 17:00:00,0.006762415,0.0,2024-10-09,17
2024-10-09 18:00:00,0.0,0.0,2024-10-09,18
2024-10-09 19:00:00,0.0,0.0,2024-10-09,19
2024-10-09 20:00:00,0.0,0.0,2024-10-09,20
2024-10-09 21:00:00,0.0,0.0,2024-10-09,21
2024-10-09 22:00:00,0.0,0.0,2024-10-09,22
2024-10-09 23:00:00,0.0,0.0,2024-10-09,23
2024-10-10 00:00:00,0.0,0.0,2024-10-10,0
2024-10-10 01:00:00,0.0,0.0,2024-10-10,1
2024-10-10 02:00:00,0.0,0.0,2024-10-10,2
2024-10-10 03:00:00,0.0,0.0,2024-10-10,3
2024-10-10 04:00:00,0.0,0.0,2024-10-10,4
2024-10-10 05:00:00,0.004504471,0.0,2024-10-10,5
2024-10-10 06:00:00,0.09021916,0.09257656,2024-10-10,6
2024-10-10 07:00:00,0.1607293,0.1586337,2024-10-10,7
2024-10-10 08:00:00,0.3370988,0.3462192,2024-10-10,8
2024-10-10 09:00:00,0.3741862,0.3761205,2024-10-10,9
2024-10-10 10:00:00,0.1385361,0.1349084,2024-10-10,10
2024-10-10 11:00:00,0.3276645,0.3216299,2024-10-10,11
2024-10-10 12:00:00,0.6336185,0.6927574,2024-10-10,12
2024-10-10 13:00:00,0.7754173,0.901524,2024-10-10,13
2024-10-10 14:00:00,0.5287517,0.6116257,2024-10-10,14
2024-10-10 15:00:00,0.2991053,0.3387479,2024-10-10,15
2024-10-10 16:00:00,0.1420823,0.1822964,2024-10-10,16
2024-10-10 17:00:00,0.005193247,0.0,2024-10-10,17
2024-10-10 18:00:00,0.0,0.0,2024-10-10,18
2024-10-10 19:00:00,0.0,0.0,2024-10-10,19
2024-10-10 20:00:00,0.0,0.0,2024-10-10,20
2024-10-10 21:00:00,0.0,0.0,2024-10-10,21
2024-10-10 22:00:00,0.0,0.0,2024-10-10,22
2024-10-10 23:00:00,0.0,0.0,2024-10-10,23
2024-10-11 00:00:00,0.0,0.0,2024-10-11,0
2024-10-11 01:00:00,0.0,0.0,2024-10-11,1
2024-10-11 02:00:00,0.0,0.0,2024-10-11,2
2024-10-11 03:00:00,0.0,0.0,2024-10-11,3
2024-10-11 04:00:00,0.0,0.0,2024-10-11,4
2024-10-11 05:00:00,0.004335428,0.0,2024-10-11,5
2024-10-11 06:00:00,0.1163722,0.1306865,2024-10-11,6
2024-10-11 07:00:00,0.335719,0.3921627,2024-10-11,7
2024-10-11 08:00:00,0.493912,0.5617354,2024-10-11,8
2024-10-11 09:00:00,0.6583867,0.7514703,2024-10-11,9
2024-10-11 10:00:00,0.7532304,0.8576912,2024-10-11,10
2024-10-11 11:00:00,0.661298,0.724673,2024-10-11,11
2024-10-11 12:00:00,0.9120744,1.057273,2024-10-11,12
2024-10-11 13:00:00,0.8186728,0.9562368,2024-10-11,13
2024-10-11 14:00:00,0.6447803,0.7651891,2024-10-11,14
2024-10-11 15:00:00,0.3832593,0.4679512,2024-10-11,15
2024-10-11 16:00:00,0.1270487,0.1575166,2024-10-11,16
2024-10-11 17:00:00,0.004523015,0.0,2024-10-11,17
2024-10-11 18:00:00,0.0,0.0,2024-10-11,18
2024-10-11 19:00:00,0.0,0.0,2024-10-11,19
2024-10-11 20:00:00,0.0,0.0,2024-10-11,20
2024-10-11 21:00:00,0.0,0.0,2024-10-11,21
2024-10-11 22:00:00,0.0,0.0,2024-10-11,22
2024-10-11 23:00:00,0.0,0.0,2024-10-11,23
2024-10-12 00:00:00,0.0,0.0,2024-10-12,0
2024-10-12 01:00:00,0.0,0.0,2024-10-12,1
2024-10-12 02:00:00,0.0,0.0,2024-10-12,2
2024-10-12 03:00:00,0.0,0.0,2024-10-12,3
2024-10-12 04:00:00,0.0,0.0,2024-10-12,4
2024-10-12 05:00:00,0.004646728,0.0,2024-10-12,5
2024-10-12 06:00:00,0.1359616,0.1667427,2024-10-12,6
2024-10-12 07:00:00,0.3786448,0.4595174,2024-10-12,7
2024-10-12 08:00:00,0.5518395,0.6463304,2024-10-12,8
2024-10-12 09:00:00,0.7051386,0.8172485,2024-10-12,9
2024-10-12 10:00:00,0.6869301,0.7697272,2024-10-12,10
2024-10-12 11:00:00,0.8851436,1.02463,2024-10-12,11
2024-10-12 12:00:00,0.7795429,0.8965627,2024-10-12,12
2024-10-12 13:00:00,0.5633548,0.6237212,2024-10-12,13
2024-10-12 14:00:00,0.5045434,0.5835292,2024-10-12,14
2024-10-12 15:00:00,0.3604186,0.4384738,2024-10-12,15
2024-10-12 16:00:00,0.1184448,0.1445571,2024-10-12,16
2024-10-12 17:00:00,0.003205384,0.0,2024-10-12,17
2024-10-12 18:00:00,0.0,0.0,2024-10-12,18
2024-10-12 19:00:00,0.0,0.0,2024-10-12,19
2024-10-12 20:00:00,0.0,0.0,2024-10-12,20
2024-10-12 21:00:00,0.0,0.0,2024-10-12,21
2024-10-12 22:00:00,0.0,0.0,2024-10-12,22
2024-10-12 23:00:00,0.0,0.0,2024-10-12,23
2024-10-13 00:00:00,0.0,0.0,2024-10-13,0
2024-10-13 01:00:00,0.0,0.0,2024-10-13,1
2024-10-13 02:00:00,0.0,0.0,2024-10-13,2
2024-10-13 03:00:00,0.0,0.0,2024-10-13,3
2024-10-13 04:00:00,0.0,0.0,2024-10-13,4
2024-10-13 05:00:00,0.003936716,0.0,2024-10-13,5
2024-10-13 06:00:00,0.07869138,0.07953503,2024-10-13,6
2024-10-13 07:00:00,0.1751511,0.1746189,2024-10-13,7
2024-10-13 08:00:00,0.3182068,0.3250367,2024-10-13,8
2024-10-13 09:00:00,0.6035249,0.6799856,2024-10-13,9
2024-10-13 10:00:00,0.4428027,0.4494773,2024-10-13,10
2024-10-13 11:00:00,0.498429,0.5132578,2024-10-13,11
2024-10-13 12:00:00,0.5564749,0.5935432,2024-10-13,12
2024-10-13 13:00:00,0.3701634,0.3735641,2024-10-13,13
2024-10-13 14:00:00,0.558378,0.662089,2024-10-13,14
2024-10-13 15:00:00,0.3083855,0.3614522,2024-10-13,15
2024-10-13 16:00:00,0.1133704,0.1380685,2024-10-13,16
2024-10-13 17:00:00,0.002869775,0.0,2024-10-13,17
2024-10-13 18:00:00,0.0,0.0,2024-10-13,18
2024-10-13 19:00:00,0.0,0.0,2024-10-13,19
2024-10-13 20:00:00,0.0,0.0,2024-10-13,20
2024-10-13 21:00:00,0.0,0.0,2024-10-13,21
2024-10-13 22:00:00,0.0,0.0,2024-10-13,22
2024-10-13 23:00:00,0.0,0.0,2024-10-13,23
2024-10-14 00:00:00,0.0,0.0,2024-10-14,0
2024-10-14 01:00:00,0.0,0.0,2024-10-14,1
2024-10-14 02:00:00,0.0,0.0,2024-10-14,2
2024-10-14 03:00:00,0.0,0.0,2024-10-14,3
2024-10-14 04:00:00,0.0,0.0,2024-10-14,4
2024-10-14 05:00:00,0.006950307,0.0,2024-10-14,5
2024-10-14 06:00:00,0.1427187,0.1847604,2024-10-14,6
2024-10-14 07:00:00,0.3690833,0.4511678,2024-10-14,7
2024-10-14 08:00:00,0.6192541,0.7415309,2024-10-14,8
2024-10-14 09:00:00,0.7705342,0.9067641,2024-10-14,9
2024-10-14 10:00:00,0.8449631,0.9853681,2024-10-14,10
2024-10-14 11:00:00,0.4944594,0.5092108,2024-10-14,11
2024-10-14 12:00:00,0.4406743,0.4481092,2024-10-14,12
2024-10-14 13:00:00,0.2598123,0.2548206,2024-10-14,13
2024-10-14 14:00:00,0.4590605,0.522926,2024-10-14,14
2024-10-14 15:00:00,0.3971831,0.4980186,2024-10-14,15
2024-10-14 16:00:00,0.1411988,0.1988563,2024-10-14,16
2024-10-14 17:00:00,0.001748914,0.0,2024-10-14,17
2024-10-14 18:00:00,0.0,0.0,2024-10-14,18
2024-10-14 19:00:00,0.0,0.0,2024-10-14,19
2024-10-14 20:00:00,0.0,0.0,2024-10-14,20
2024-10-14 21:00:00,0.0,0.0,2024-10-14,21
2024-10-14 22:00:00,0.0,0.0,2024-10-14,22
2024-10-14 23:00:00,0.0,0.0,2024-10-14,23
2024-10-15 00:00:00,0.0,0.0,2024-10-15,0
2024-10-15 01:00:00,0.0,0.0,2024-10-15,1
2024-10-15 02:00:00,0.0,0.0,2024-10-15,2
2024-10-15 03:00:00,0.0,0.0,2024-10-15,3
2024-10-15 04:00:00,0.0,0.0,2024-10-15,4
2024-10-15 05:00:00,0.004807562,0.0,2024-10-15,5
2024-10-15 06:00:00,0.1055252,0.1178424,2024-10-15,6
2024-10-15 07:00:00,0.2125121,0.2193794,2024-10-15,7
2024-10-15 08:00:00,0.4901386,0.5658472,2024-10-15,8
2024-10-15 09:00:00,0.6589902,0.7631207,2024-10-15,9
2024-10-15 10:00:00,0.6467167,0.7204329,2024-10-15,10
2024-10-15 11:00:00,0.8233068,0.9555931,2024-10-15,11
2024-10-15 12:00:00,0.9176192,1.076776,2024-10-15,12
2024-10-15 13:00:00,0.8164417,0.9668577,2024-10-15,13
2024-10-15 14:00:00,0.6002666,0.7236865,2024-10-15,14
2024-10-15 15:00:00,0.3872428,0.4880329,2024-10-15,15
2024-10-15 16:00:00,0.1273318,0.1745572,2024-10-15,16
2024-10-15 17:00:00,0.002721857,0.0,2024-10-15,17
2024-10-15 18:00:00,0.0,0.0,2024-10-15,18
2024-10-15 19:00:00,0.0,0.0,2024-10-15,19
2024-10-15 20:00:00,0.0,0.0,2024-10-15,20
2024-10-15 21:00:00,0.0,0.0,2024-10-15,21
2024-10-15 22:00:00,0.0,0.0,2024-10-15,22
2024-10-15 23:00:00,0.0,0.0,2024-10-15,23
2024-10-16 00:00:00,0.0,0.0,2024-10-16,0
2024-10-16 01:00:00,0.0,0.0,2024-10-16,1
2024-10-16 02:00:00,0.0,0.0,2024-10-16,2
2024-10-16 03:00:00,0.0,0.0,2024-10-16,3
2024-10-16 04:00:00,0.0,0.0,2024-10-16,4
2024-10-16 05:00:00,0.004523949,0.0,2024-10-16,5
2024-10-16 06:00:00,0.08117331,0.08347696,2024-10-16,6
2024-10-16 07:00:00,0.3407077,0.4127662,2024-10-16,7
2024-10-16 08:00:00,0.2272155,0.2239646,2024-10-16,8
2024-10-16 09:00:00,0.3628478,0.3655944,2024-10-16,9
2024-10-16 10:00:00,0.3571911,0.3542448,2024-10-16,10
2024-10-16 11:00:00,0.4314201,0.4352943,2024-10-16,11
2024-10-16 12:00:00,0.6043937,0.6647109,2024-10-16,12
2024-10-16 13:00:00,0.4528709,0.4787028,2024-10-16,13
2024-10-16 14:00:00,0.3106356,0.3197735,2024-10-16,14
2024-10-16 15:00:00,0.111986,0.1096701,2024-10-16,15
2024-10-16 16:00:00,0.07077035,0.07350905,2024-10-16,16
2024-10-16 17:00:00,0.000934261,0.0,2024-10-16,17
2024-10-16 18:00:00,0.0,0.0,2024-10-16,18
2024-10-16 19:00:00,0.0,0.0,2024-10-16,19
2024-10-16 20:00:00,0.0,0.0,2024-10-16,20
2024-10-16 21:00:00,0.0,0.0,2024-10-16,21
2024-10-16 22:00:00,0.0,0.0,2024-10-16,22
2024-10-16 23:00:00,0.0,0.0,2024-10-16,23
2024-10-17 00:00:00,0.0,0.0,2024-10-17,0
2024-10-17 01:00:00,0.0,0.0,2024-10-17,1
2024-10-17 02:00:00,0.0,0.0,2024-10-17,2
2024-10-17 03:00:00,0.0,0.0,2024-10-17,3
2024-10-17 04:00:00,0.0,0.0,2024-10-17,4
2024-10-17 05:00:00,0.004449515,0.0,2024-10-17,5
2024-10-17 06:00:00,0.1453265,0.1991382,2024-10-17,6
2024-10-17 07:00:00,0.1936274,0.1970791,2024-10-17,7
2024-10-17 08:00:00,0.3556782,0.3757093,2024-10-17,8
2024-10-17 09:00:00,0.4357551,0.4550444,2024-10-17,9
2024-10-17 10:00:00,0.7000802,0.8007211,2024-10-17,10
2024-10-17 11:00:00,0.7116877,0.8090811,2024-10-17,11
2024-10-17 12:00:00,0.6859771,0.7828562,2024-10-17,12
2024-10-17 13:00:00,0.693095,0.8191164,2024-10-17,13
2024-10-17 14:00:00,0.4587128,0.5306183,2024-10-17,14
2024-10-17 15:00:00,0.2908329,0.3451129,2024-10-17,15
2024-10-17 16:00:00,0.1016593,0.1275077,2024-10-17,16
2024-10-17 17:00:00,0.001127131,0.0,2024-10-17,17
2024-10-17 18:00:00,0.0,0.0,2024-10-17,18
2024-10-17 19:00:00,0.0,0.0,2024-10-17,19
2024-10-17 20:00:00,0.0,0.0,2024-10-17,20
2024-10-17 21:00:00,0.0,0.0,2024-10-17,21
2024-10-17 22:00:00,0.0,0.0,2024-10-17,22
2024-10-17 23:00:00,0.0,0.0,2024-10-17,23
2024-10-18 00:00:00,0.0,0.0,2024-10-18,0
2024-10-18 01:00:00,0.0,0.0,2024-10-18,1
2024-10-18 02:00:00,0.0,0.0,2024-10-18,2
2024-10-18 03:00:00,0.0,0.0,2024-10-18,3
2024-10-18 04:00:00,0.0,0.0,2024-10-18,4
2024-10-18 05:00:00,0.00415582,0.0,2024-10-18,5
2024-10-18 06:00:00,0.04851421,0.04774891,2024-10-18,6
2024-10-18 07:00:00,0.193316,0.1971229,2024-10-18,7
2024-10-18 08:00:00,0.4965007,0.5829366,2024-10-18,8
2024-10-18 09:00:00,0.823563,0.9835165,2024-10-18,9
2024-10-18 10:00:00,0.8292086,0.9776971,2024-10-18,10
2024-10-18 11:00:00,0.9507027,1.12197,2024-10-18,11
2024-10-18 12:00:00,0.9024441,1.068232,2024-10-18,12
2024-10-18 13:00:00,0.6476732,0.7598605,2024-10-18,13
2024-10-18 14:00:00,0.5324079,0.6426073,2024-10-18,14
2024-10-18 15:00:00,0.3608305,0.4610192,2024-10-18,15
2024-10-18 16:00:00,0.1505794,0.2380048,2024-10-18,16
2024-10-18 17:00:00,0.001011751,0.0,2024-10-18,17
2024-10-18 18:00:00,0.0,0.0,2024-10-18,18
2024-10-18 19:00:00,0.0,0.0,2024-10-18,19
2024-10-18 20:00:00,0.0,0.0,2024-10-18,20
2024-10-18 21:00:00,0.0,0.0,2024-10-18,21
2024-10-18 22:00:00,0.0,0.0,2024-10-18,22
2024-10-18 23:00:00,0.0,0.0,2024-10-18,23
2024-10-19 00:00:00,0.0,0.0,2024-10-19,0
2024-10-19 01:00:00,0.0,0.0,2024-10-19,1
2024-10-19 02:00:00,0.0,0.0,2024-10-19,2
2024-10-19 03:00:00,0.0,0.0,2024-10-19,3
2024-10-19 04:00:00,0.0,0.0,2024-10-19,4
2024-10-19 05:00:00,0.004099266,0.0,2024-10-19,5
2024-10-19 06:00:00,0.1100701,0.1315266,2024-10-19,6
2024-10-19 07:00:00,0.3606814,0.4532183,2024-10-19,7
2024-10-19 08:00:00,0.30006,0.3063234,2024-10-19,8
2024-10-19 09:00:00,0.4061405,0.4191383,2024-10-19,9
2024-10-19 10:00:00,0.7456725,0.8699583,2024-10-19,10
2024-10-19 11:00:00,0.5203132,0.5469131,2024-10-19,11
2024-10-19 12:00:00,0.5725468,0.6257424,2024-10-19,12
2024-10-19 13:00:00,0.5366689,0.6015196,2024-10-19,13
2024-10-19 14:00:00,0.2916358,0.2985297,2024-10-19,14
2024-10-19 15:00:00,0.04429395,0.04315738,2024-10-19,15
2024-10-19 16:00:00,0.02366043,0.02318233,2024-10-19,16
2024-10-19 17:00:00,0.000256693,0.0,2024-10-19,17
2024-10-19 18:00:00,0.0,0.0,2024-10-19,18
2024-10-19 19:00:00,0.0,0.0,2024-10-19,19
2024-10-19 20:00:00,0.0,0.0,2024-10-19,20
2024-10-19 21:00:00,0.0,0.0,2024-10-19,21
2024-10-19 22:00:00,0.0,0.0,2024-10-19,22
2024-10-19 23:00:00,0.0,0.0,2024-10-19,23
2024-10-20 00:00:00,0.0,0.0,2024-10-20,0
2024-10-20 01:00:00,0.0,0.0,2024-10-20,1
2024-10-20 02:00:00,0.0,0.0,2024-10-20,2
2024-10-20 03:00:00,0.0,0.0,2024-10-20,3
2024-10-20 04:00:00,0.0,0.0,2024-10-20,4
2024-10-20 05:00:00,0.003057693,0.0,2024-10-20,5
2024-10-20 06:00:00,0.06910435,0.06992186,2024-10-20,6
2024-10-20 07:00:00,0.1245494,0.122213,2024-10-20,7
2024-10-20 08:00:00,0.2759241,0.2781981,2024-10-20,8
2024-10-20 09:00:00,0.302498,0.299752,2024-10-20,9
2024-10-20 10:00:00,0.322935,0.3185785,2024-10-20,10
2024-10-20 11:00:00,0.5345268,0.5668896,2024-10-20,11
2024-10-20 12:00:00,0.6283044,0.7076993,2024-10-20,12
2024-10-20 13:00:00,0.658133,0.7806976,2024-10-20,13
2024-10-20 14:00:00,0.3568881,0.3857992,2024-10-20,14
2024-10-20 15:00:00,0.2929181,0.357927,2024-10-20,15
2024-10-20 16:00:00,0.07153894,0.07826558,2024-10-20,16
2024-10-20 17:00:00,0.000773696,0.0,2024-10-20,17
2024-10-20 18:00:00,0.0,0.0,2024-10-20,18
2024-10-20 19:00:00,0.0,0.0,2024-10-20,19
2024-10-20 20:00:00,0.0,0.0,2024-10-20,20
2024-10-20 21:00:00,0.0,0.0,2024-10-20,21
2024-10-20 22:00:00,0.0,0.0,2024-10-20,22
2024-10-20 23:00:00,0.0,0.0,2024-10-20,23
2024-10-21 00:00:00,0.0,0.0,2024-10-21,0
2024-10-21 01:00:00,0.0,0.0,2024-10-21,1
2024-10-21 02:00:00,0.0,0.0,2024-10-21,2
2024-10-21 03:00:00,0.0,0.0,2024-10-21,3
2024-10-21 04:00:00,0.0,0.0,2024-10-21,4
2024-10-21 05:00:00,0.003821272,0.0,2024-10-21,5
2024-10-21 06:00:00,0.0615471,0.06148461,2024-10-21,6
2024-10-21 07:00:00,0.2849519,0.3334279,2024-10-21,7
2024-10-21 08:00:00,0.230543,0.2281363,2024-10-21,8
2024-10-21 09:00:00,0.6453363,0.7605517,2024-10-21,9
2024-10-21 10:00:00,0.8022048,0.9519464,2024-10-21,10
2024-10-21 11:00:00,0.8042253,0.9483986,2024-10-21,11
2024-10-21 12:00:00,0.3111225,0.3065862,2024-10-21,12
2024-10-21 13:00:00,0.3576033,0.3631765,2024-10-21,13
2024-10-21 14:00:00,0.3633993,0.3967182,2024-10-21,14
2024-10-21 15:00:00,0.3010065,0.3751169,2024-10-21,15
2024-10-21 16:00:00,0.123327,0.1969386,2024-10-21,16
2024-10-21 17:00:00,0.000422289,0.0,2024-10-21,17
2024-10-21 18:00:00,0.0,0.0,2024-10-21,18
2024-10-21 19:00:00,0.0,0.0,2024-10-21,19
2024-10-21 20:00:00,0.0,0.0,2024-10-21,20
2024-10-21 21:00:00,0.0,0.0,2024-10-21,21
2024-10-21 22:00:00,0.0,0.0,2024-10-21,22
2024-10-21 23:00:00,0.0,0.0,2024-10-21,23
2024-10-22 00:00:00,0.0,0.0,2024-10-22,0
2024-10-22 01:00:00,0.0,0.0,2024-10-22,1
2024-10-22 02:00:00,0.0,0.0,2024-10-22,2
2024-10-22 03:00:00,0.0,0.0,2024-10-22,3
2024-10-22 04:00:00,0.0,0.0,2024-10-22,4
2024-10-22 05:00:00,0.004099195,0.0,2024-10-22,5
2024-10-22 06:00:00,0.1512296,0.2304063,2024-10-22,6
2024-10-22 07:00:00,0.3890513,0.5059934,2024-10-22,7
2024-10-22 08:00:00,0.5963261,0.7365721,2024-10-22,8
2024-10-22 09:00:00,0.7688674,0.9288042,2024-10-22,9
2024-10-22 10:00:00,0.7427377,0.8745332,2024-10-22,10
2024-10-22 11:00:00,0.7342622,0.8546432,2024-10-22,11
2024-10-22 12:00:00,0.7227512,0.8491159,2024-10-22,12
2024-10-22 13:00:00,0.7945392,0.9633132,2024-10-22,13
2024-10-22 14:00:00,0.6203824,0.7721658,2024-10-22,14
2024-10-22 15:00:00,0.3824226,0.5065066,2024-10-22,15
2024-10-22 16:00:00,0.1268913,0.2110682,2024-10-22,16
2024-10-22 17:00:00,0.000284674,0.0,2024-10-22,17
2024-10-22 18:00:00,0.0,0.0,2024-10-22,18
2024-10-22 19:00:00,0.0,0.0,2024-10-22,19
2024-10-22 20:00:00,0.0,0.0,2024-10-22,20
2024-10-22 21:00:00,0.0,0.0,2024-10-22,21
2024-10-22 22:00:00,0.0,0.0,2024-10-22,22
2024-10-22 23:00:00,0.0,0.0,2024-10-22,23
2024-10-23 00:00:00,0.0,0.0,2024-10-23,0
2024-10-23 01:00:00,0.0,0.0,2024-10-23,1
2024-10-23 02:00:00,0.0,0.0,2024-10-23,2
2024-10-23 03:00:00,0.0,0.0,2024-10-23,3
2024-10-23 04:00:00,0.0,0.0,2024-10-23,4
2024-10-23 05:00:00,0.003243029,0.0,2024-10-23,5
2024-10-23 06:00:00,0.1410789,0.2114423,2024-10-23,6
2024-10-23 07:00:00,0.2459049,0.2738829,2024-10-23,7
2024-10-23 08:00:00,0.3984704,0.4446861,2024-10-23,8
2024-10-23 09:00:00,0.6340166,0.7497919,2024-10-23,9
2024-10-23 10:00:00,0.6928496,0.8063952,2024-10-23,10
2024-10-23 11:00:00,0.5250742,0.5580095,2024-10-23,11
2024-10-23 12:00:00,0.562429,0.6187761,2024-10-23,12
2024-10-23 13:00:00,0.3502644,0.3555543,2024-10-23,13
2024-10-23 14:00:00,0.414389,0.4781719,2024-10-23,14
2024-10-23 15:00:00,0.2262369,0.2536428,2024-10-23,15
2024-10-23 16:00:00,0.0565373,0.05894626,2024-10-23,16
2024-10-23 17:00:00,0.000125854,0.0,2024-10-23,17
2024-10-23 18:00:00,0.0,0.0,2024-10-23,18
2024-10-23 19:00:00,0.0,0.0,2024-10-23,19
2024-10-23 20:00:00,0.0,0.0,2024-10-23,20
2024-10-23 21:00:00,0.0,0.0,2024-10-23,21
2024-10-23 22:00:00,0.0,0.0,2024-10-23,22
2024-10-23 23:00:00,0.0,0.0,2024-10-23,23
2024-10-24 00:00:00,0.0,0.0,2024-10-24,0
2024-10-24 01:00:00,0.0,0.0,2024-10-24,1
2024-10-24 02:00:00,0.0,0.0,2024-10-24,2
2024-10-24 03:00:00,0.0,0.0,2024-10-24,3
2024-10-24 04:00:00,0.0,0.0,2024-10-24,4
2024-10-24 05:00:00,0.002607021,0.0,2024-10-24,5
2024-10-24 06:00:00,0.07915843,0.08483438,2024-10-24,6
2024-10-24 07:00:00,0.1950823,0.2023556,2024-10-24,7
2024-10-24 08:00:00,0.3877521,0.4302629,2024-10-24,8
2024-10-24 09:00:00,0.5333847,0.6021228,2024-10-24,9
2024-10-24 10:00:00,0.7379485,0.8736171,2024-10-24,10
2024-10-24 11:00:00,0.4557215,0.4692059,2024-10-24,11
2024-10-24 12:00:00,0.5613005,0.6190146,2024-10-24,12
2024-10-24 13:00:00,0.6269916,0.7485068,2024-10-24,13
2024-10-24 14:00:00,0.5290459,0.657653,2024-10-24,14
2024-10-24 15:00:00,0.2630654,0.3180935,2024-10-24,15
2024-10-24 16:00:00,0.08819731,0.1219191,2024-10-24,16
2024-10-24 17:00:00,8.88035e-05,0.0,2024-10-24,17
2024-10-24 18:00:00,0.0,0.0,2024-10-24,18
2024-10-24 19:00:00,0.0,0.0,2024-10-24,19
2024-10-24 20:00:00,0.0,0.0,2024-10-24,20
2024-10-24 21:00:00,0.0,0.0,2024-10-24,21
2024-10-24 22:00:00,0.0,0.0,2024-10-24,22
2024-10-24 23:00:00,0.0,0.0,2024-10-24,23
2024-10-25 00:00:00,0.0,0.0,2024-10-25,0
2024-10-25 01:00:00,0.0,0.0,2024-10-25,1
2024-10-25 02:00:00,0.0,0.0,2024-10-25,2
2024-10-25 03:00:00,0.0,0.0,2024-10-25,3
2024-10-25 04:00:00,0.0,0.0,2024-10-25,4
2024-10-25 05:00:00,0.002583493,0.0,2024-10-25,5
2024-10-25 06:00:00,0.09415845,0.1112139,2024-10-25,6
2024-10-25 07:00:00,0.2518778,0.2864889,2024-10-25,7
2024-10-25 08:00:00,0.3976819,0.4470226,2024-10-25,8
2024-10-25 09:00:00,0.5602069,0.6447376,2024-10-25,9
2024-10-25 10:00:00,0.7454625,0.8870413,2024-10-25,10
2024-10-25 11:00:00,0.7718689,0.9161682,2024-10-25,11
2024-10-25 12:00:00,0.7168284,0.8495312,2024-10-25,12
2024-10-25 13:00:00,0.4314614,0.4614066,2024-10-25,13
2024-10-25 14:00:00,0.3571574,0.3942077,2024-10-25,14
2024-10-25 15:00:00,0.2092603,0.2303585,2024-10-25,15
2024-10-25 16:00:00,0.07221355,0.08782075,2024-10-25,16
2024-10-25 17:00:00,4.87113e-05,0.0,2024-10-25,17
2024-10-25 18:00:00,0.0,0.0,2024-10-25,18
2024-10-25 19:00:00,0.0,0.0,2024-10-25,19
2024-10-25 20:00:00,0.0,0.0,2024-10-25,20
2024-10-25 21:00:00,0.0,0.0,2024-10-25,21
2024-10-25 22:00:00,0.0,0.0,2024-10-25,22
2024-10-25 23:00:00,0.0,0.0,2024-10-25,23
2024-10-26 00:00:00,0.0,0.0,2024-10-26,0
2024-10-26 01:00:00,0.0,0.0,2024-10-26,1
2024-10-26 02:00:00,0.0,0.0,2024-10-26,2
2024-10-26 03:00:00,0.0,0.0,2024-10-26,3
2024-10-26 04:00:00,0.0,0.0,2024-10-26,4
2024-10-26 05:00:00,0.002716409,0.0,2024-10-26,5
2024-10-26 06:00:00,0.1212063,0.1746497,2024-10-26,6
2024-10-26 07:00:00,0.2401616,0.2692324,2024-10-26,7
2024-10-26 08:00:00,0.5348225,0.6631613,2024-10-26,8
2024-10-26 09:00:00,0.6250343,0.7449936,2024-10-26,9
2024-10-26 10:00:00,0.6041904,0.6829981,2024-10-26,10
2024-10-26 11:00:00,0.7861999,0.9388636,2024-10-26,11
2024-10-26 12:00:00,0.4691907,0.4938899,2024-10-26,12
2024-10-26 13:00:00,0.5405974,0.6241096,2024-10-26,13
2024-10-26 14:00:00,0.4005453,0.4635132,2024-10-26,14
2024-10-26 15:00:00,0.3559305,0.4830478,2024-10-26,15
2024-10-26 16:00:00,0.1063699,0.182468,2024-10-26,16
2024-10-26 17:00:00,8.37791e-06,0.0,2024-10-26,17
2024-10-26 18:00:00,0.0,0.0,2024-10-26,18
2024-10-26 19:00:00,0.0,0.0,2024-10-26,19
2024-10-26 20:00:00,0.0,0.0,2024-10-26,20
2024-10-26 21:00:00,0.0,0.0,2024-10-26,21
2024-10-26 22:00:00,0.0,0.0,2024-10-26,22
2024-10-26 23:00:00,0.0,0.0,2024-10-26,23
2024-10-27 00:00:00,0.0,0.0,2024-10-27,0
2024-10-27 01:00:00,0.0,0.0,2024-10-27,1
2024-10-27 02:00:00,0.0,0.0,2024-10-27,2
2024-10-27 03:00:00,0.0,0.0,2024-10-27,3
2024-10-27 04:00:00,0.0,0.0,2024-10-27,4
2024-10-27 05:00:00,0.001668447,0.0,2024-10-27,5
2024-10-27 06:00:00,0.1217989,0.1799189,2024-10-27,6
2024-10-27 07:00:00,0.2741916,0.3282621,2024-10-27,7
2024-10-27 08:00:00,0.5346322,0.6659185,2024-10-27,8
2024-10-27 09:00:00,0.7255232,0.888765,2024-10-27,9
2024-10-27 10:00:00,0.7010776,0.8293581,2024-10-27,10
2024-10-27 11:00:00,0.8383635,1.011155,2024-10-27,11
2024-10-27 12:00:00,0.7758648,0.937232,2024-10-27,12
2024-10-27 13:00:00,0.7069002,0.8686853,2024-10-27,13
2024-10-27 14:00:00,0.5430148,0.6871482,2024-10-27,14
2024-10-27 15:00:00,0.3234299,0.4352451,2024-10-27,15
2024-10-27 16:00:00,0.07699562,0.1043975,2024-10-27,16
2024-10-27 17:00:00,0.0,0.0,2024-10-27,17
2024-10-27 18:00:00,0.0,0.0,2024-10-27,18
2024-10-27 19:00:00,0.0,0.0,2024-10-27,19
2024-10-27 20:00:00,0.0,0.0,2024-10-27,20
2024-10-27 21:00:00,0.0,0.0,2024-10-27,21
2024-10-27 22:00:00,0.0,0.0,2024-10-27,22
2024-10-27 23:00:00,0.0,0.0,2024-10-27,23
2024-10-28 00:00:00,0.0,0.0,2024-10-28,0
2024-10-28 01:00:00,0.0,0.0,2024-10-28,1
2024-10-28 02:00:00,0.0,0.0,2024-10-28,2
2024-10-28 03:00:00,0.0,0.0,2024-10-28,3
2024-10-28 04:00:00,0.0,0.0,2024-10-28,4
2024-10-28 05:00:00,0.001669557,0.0,2024-10-28,5
2024-10-28 06:00:00,0.1264098,0.1959901,2024-10-28,6
2024-10-28 07:00:00,0.3798946,0.5120488,2024-10-28,7
2024-10-28 08:00:00,0.565348,0.7130497,2024-10-28,8
2024-10-28 09:00:00,0.7200927,0.8845938,2024-10-28,9
2024-10-28 10:00:00,0.8937954,1.087779,2024-10-28,10
2024-10-28 11:00:00,0.9564713,1.161224,2024-10-28,11
2024-10-28 12:00:00,0.8447512,1.028379,2024-10-28,12
2024-10-28 13:00:00,0.7073686,0.8723114,2024-10-28,13
2024-10-28 14:00:00,0.5290276,0.6706246,2024-10-28,14
2024-10-28 15:00:00,0.2993245,0.3968268,2024-10-28,15
2024-10-28 16:00:00,0.0912523,0.1494651,2024-10-28,16
2024-10-28 17:00:00,0.0,0.0,2024-10-28,17
2024-10-28 18:00:00,0.0,0.0,2024-10-28,18
2024-10-28 19:00:00,0.0,0.0,2024-10-28,19
2024-10-28 20:00:00,0.0,0.0,2024-10-28,20
2024-10-28 21:00:00,0.0,0.0,2024-10-28,21
2024-10-28 22:00:00,0.0,0.0,2024-10-28,22
2024-10-28 23:00:00,0.0,0.0,2024-10-28,23
2024-10-29 00:00:00,0.0,0.0,2024-10-29,0
2024-10-29 01:00:00,0.0,0.0,2024-10-29,1
2024-10-29 02:00:00,0.0,0.0,2024-10-29,2
2024-10-29 03:00:00,0.0,0.0,2024-10-29,3
2024-10-29 04:00:00,0.0,0.0,2024-10-29,4
2024-10-29 05:00:00,0.001463565,0.0,2024-10-29,5
2024-10-29 06:00:00,0.1031446,0.1396616,2024-10-29,6
2024-10-29 07:00:00,0.2210505,0.243404,2024-10-29,7
2024-10-29 08:00:00,0.3367175,0.3624185,2024-10-29,8
2024-10-29 09:00:00,0.7014269,0.8626173,2024-10-29,9
2024-10-29 10:00:00,0.684688,0.8107767,2024-10-29,10
2024-10-29 11:00:00,0.8215359,0.9951063,2024-10-29,11
2024-10-29 12:00:00,0.8064938,0.9832949,2024-10-29,12
2024-10-29 13:00:00,0.6938555,0.8574764,2024-10-29,13
2024-10-29 14:00:00,0.5309631,0.676573,2024-10-29,14
2024-10-29 15:00:00,0.3599957,0.4993633,2024-10-29,15
2024-10-29 16:00:00,0.1263771,0.2481516,2024-10-29,16
2024-10-29 17:00:00,0.0,0.0,2024-10-29,17
2024-10-29 18:00:00,0.0,0.0,2024-10-29,18
2024-10-29 19:00:00,0.0,0.0,2024-10-29,19
2024-10-29 20:00:00,0.0,0.0,2024-10-29,20
2024-10-29 21:00:00,0.0,0.0,2024-10-29,21
2024-10-29 22:00:00,0.0,0.0,2024-10-29,22
2024-10-29 23:00:00,0.0,0.0,2024-10-29,23
2024-10-30 00:00:00,0.0,0.0,2024-10-30,0
2024-10-30 01:00:00,0.0,0.0,2024-10-30,1
2024-10-30 02:00:00,0.0,0.0,2024-10-30,2
2024-10-30 03:00:00,0.0,0.0,2024-10-30,3
2024-10-30 04:00:00,0.0,0.0,2024-10-30,4
2024-10-30 05:00:00,0.001827772,0.0,2024-10-30,5
2024-10-30 06:00:00,0.05725191,0.05821706,2024-10-30,6
2024-10-30 07:00:00,0.08548482,0.08370536,2024-10-30,7
2024-10-30 08:00:00,0.3282303,0.3515083,2024-10-30,8
2024-10-30 09:00:00,0.2649467,0.2614658,2024-10-30,9
2024-10-30 10:00:00,0.503895,0.5439234,2024-10-30,10
2024-10-30 11:00:00,0.1865671,0.1821377,2024-10-30,11
2024-10-30 12:00:00,0.3960627,0.404305,2024-10-30,12
2024-10-30 13:00:00,0.321251,0.3246498,2024-10-30,13
2024-10-30 14:00:00,0.3385008,0.3741508,2024-10-30,14
2024-10-30 15:00:00,0.2592298,0.3285908,2024-10-30,15
2024-10-30 16:00:00,0.07496636,0.1097676,2024-10-30,16
2024-10-30 17:00:00,0.0,0.0,2024-10-30,17
2024-10-30 18:00:00,0.0,0.0,2024-10-30,18
2024-10-30 19:00:00,0.0,0.0,2024-10-30,19
2024-10-30 20:00:00,0.0,0.0,2024-10-30,20
2024-10-30 21:00:00,0.0,0.0,2024-10-30,21
2024-10-30 22:00:00,0.0,0.0,2024-10-30,22
2024-10-30 23:00:00,0.0,0.0,2024-10-30,23
2024-10-31 00:00:00,0.0,0.0,2024-10-31,0
2024-10-31 01:00:00,0.0,0.0,2024-10-31,1
2024-10-31 02:00:00,0.0,0.0,2024-10-31,2
2024-10-31 03:00:00,0.0,0.0,2024-10-31,3
2024-10-31 04:00:00,0.0,0.0,2024-10-31,4
2024-10-31 05:00:00,0.000692059,0.0,2024-10-31,5
2024-10-31 06:00:00,0.09395774,0.1230902,2024-10-31,6
2024-10-31 07:00:00,0.3179591,0.4188816,2024-10-31,7
2024-10-31 08:00:00,0.5310552,0.6728123,2024-10-31,8
2024-10-31 09:00:00,0.8269548,1.029918,2024-10-31,9
2024-10-31 10:00:00,0.8565256,1.050128,2024-10-31,10
2024-10-31 11:00:00,0.6687894,0.7827832,2024-10-31,11
2024-10-31 12:00:00,0.6962755,0.8370953,2024-10-31,12
2024-10-31 13:00:00,0.6612189,0.8187822,2024-10-31,13
2024-10-31 14:00:00,0.4716583,0.5930552,2024-10-31,14
2024-10-31 15:00:00,0.3157261,0.4366727,2024-10-31,15
2024-10-31 16:00:00,0.09779187,0.1877724,2024-10-31,16
2024-10-31 17:00:00,0.0,0.0,2024-10-31,17
2024-10-31 18:00:00,0.0,0.0,2024-10-31,18
2024-10-31 19:00:00,0.0,0.0,2024-10-31,19
2024-10-31 20:00:00,0.0,0.0,2024-10-31,20
2024-10-31 21:00:00,0.0,0.0,2024-10-31,21
2024-10-31 22:00:00,0.0,0.0,2024-10-31,22
2024-10-31 23:00:00,0.0,0.0,2024-10-31,23
2024-11-01 00:00:00,0.0,0.0,2024-11-01,0
2024-11-01 01:00:00,0.0,0.0,2024-11-01,1
2024-11-01 02:00:00,0.0,0.0,2024-11-01,2
2024-11-01 03:00:00,0.0,0.0,2024-11-01,3
2024-11-01 04:00:00,0.0,0.0,2024-11-01,4
2024-11-01 05:00:00,0.001217794,0.0,2024-11-01,5
2024-11-01 06:00:00,0.1106001,0.1702819,2024-11-01,6
2024-11-01 07:00:00,0.3339588,0.4507952,2024-11-01,7
2024-11-01 08:00:00,0.5354192,0.6823409,2024-11-01,8
2024-11-01 09:00:00,0.6702084,0.8281447,2024-11-01,9
2024-11-01 10:00:00,0.8461701,1.039987,2024-11-01,10
2024-11-01 11:00:00,0.8400543,1.027669,2024-11-01,11
2024-11-01 12:00:00,0.6593452,0.784695,2024-11-01,12
2024-11-01 13:00:00,0.4836443,0.5495429,2024-11-01,13
2024-11-01 14:00:00,0.4842242,0.6160595,2024-11-01,14
2024-11-01 15:00:00,0.286318,0.3868679,2024-11-01,15
2024-11-01 16:00:00,0.08071759,0.1369545,2024-11-01,16
2024-11-01 17:00:00,0.0,0.0,2024-11-01,17
2024-11-01 18:00:00,0.0,0.0,2024-11-01,18
2024-11-01 19:00:00,0.0,0.0,2024-11-01,19
2024-11-01 20:00:00,0.0,0.0,2024-11-01,20
2024-11-01 21:00:00,0.0,0.0,2024-11-01,21
2024-11-01 22:00:00,0.0,0.0,2024-11-01,22
2024-11-01 23:00:00,0.0,0.0,2024-11-01,23
2024-11-02 00:00:00,0.0,0.0,2024-11-02,0
2024-11-02 01:00:00,0.0,0.0,2024-11-02,1
2024-11-02 02:00:00,0.0,0.0,2024-11-02,2
2024-11-02 03:00:00,0.0,0.0,2024-11-02,3
2024-11-02 04:00:00,0.0,0.0,2024-11-02,4
2024-11-02 05:00:00,0.000977775,0.0,2024-11-02,5
2024-11-02 06:00:00,0.09249163,0.1250276,2024-11-02,6
2024-11-02 07:00:00,0.3017452,0.3953698,2024-11-02,7
2024-11-02 08:00:00,0.4733396,0.5882941,2024-11-02,8
2024-11-02 09:00:00,0.6669824,0.8264709,2024-11-02,9
2024-11-02 10:00:00,0.811339,0.9988203,2024-11-02,10
2024-11-02 11:00:00,0.6615987,0.7769305,2024-11-02,11
2024-11-02 12:00:00,0.6287079,0.7404323,2024-11-02,12
2024-11-02 13:00:00,0.7557008,0.9490587,2024-11-02,13
2024-11-02 14:00:00,0.5120282,0.6615663,2024-11-02,14
2024-11-02 15:00:00,0.2838455,0.3855914,2024-11-02,15
2024-11-02 16:00:00,0.07763246,0.1314999,2024-11-02,16
2024-11-02 17:00:00,0.0,0.0,2024-11-02,17
2024-11-02 18:00:00,0.0,0.0,2024-11-02,18
2024-11-02 19:00:00,0.0,0.0,2024-11-02,19
2024-11-02 20:00:00,0.0,0.0,2024-11-02,20
2024-11-02 21:00:00,0.0,0.0,2024-11-02,21
2024-11-02 22:00:00,0.0,0.0,2024-11-02,22
2024-11-02 23:00:00,0.0,0.0,2024-11-02,23
2024-11-03 00:00:00,0.0,0.0,2024-11-03,0
2024-11-03 01:00:00,0.0,0.0,2024-11-03,1
2024-11-03 02:00:00,0.0,0.0,2024-11-03,2
2024-11-03 03:00:00,0.0,0.0,2024-11-03,3
2024-11-03 04:00:00,0.0,0.0,2024-11-03,4
2024-11-03 05:00:00,0.001087309,0.0,2024-11-03,5
2024-11-03 06:00:00,0.1059289,0.1656395,2024-11-03,6
2024-11-03 07:00:00,0.1938057,0.2079693,2024-11-03,7
2024-11-03 08:00:00,0.180267,0.1771444,2024-11-03,8
2024-11-03 09:00:00,0.4025086,0.4274544,2024-11-03,9
2024-11-03 10:00:00,0.556462,0.6275421,2024-11-03,10
2024-11-03 11:00:00,0.4814119,0.5116328,2024-11-03,11
2024-11-03 12:00:00,0.6893054,0.8351929,2024-11-03,12
2024-11-03 13:00:00,0.5621848,0.6785489,2024-11-03,13
2024-11-03 14:00:00,0.1893584,0.1871002,2024-11-03,14
2024-11-03 15:00:00,0.04735479,0.04624997,2024-11-03,15
2024-11-03 16:00:00,0.007975518,0.007801396,2024-11-03,16
2024-11-03 17:00:00,0.0,0.0,2024-11-03,17
2024-11-03 18:00:00,0.0,0.0,2024-11-03,18
2024-11-03 19:00:00,0.0,0.0,2024-11-03,19
2024-11-03 20:00:00,0.0,0.0,2024-11-03,20
2024-11-03 21:00:00,0.0,0.0,2024-11-03,21
2024-11-03 22:00:00,0.0,0.0,2024-11-03,22
2024-11-03 23:00:00,0.0,0.0,2024-11-03,23
2024-11-04 00:00:00,0.0,0.0,2024-11-04,0
2024-11-04 01:00:00,0.0,0.0,2024-11-04,1
2024-11-04 02:00:00,0.0,0.0,2024-11-04,2
2024-11-04 03:00:00,0.0,0.0,2024-11-04,3
2024-11-04 04:00:00,0.0,0.0,2024-11-04,4
2024-11-04 05:00:00,0.000618972,0.0,2024-11-04,5
2024-11-04 06:00:00,0.1018734,0.15814,2024-11-04,6
2024-11-04 07:00:00,0.1702416,0.1763456,2024-11-04,7
2024-11-04 08:00:00,0.2149469,0.2136427,2024-11-04,8
2024-11-04 09:00:00,0.2884894,0.2876326,2024-11-04,9
2024-11-04 10:00:00,0.5256165,0.5828729,2024-11-04,10
2024-11-04 11:00:00,0.5224292,0.5705753,2024-11-04,11
2024-11-04 12:00:00,0.7944695,0.984702,2024-11-04,12
2024-11-04 13:00:00,0.602218,0.7437735,2024-11-04,13
2024-11-04 14:00:00,0.491486,0.6365237,2024-11-04,14
2024-11-04 15:00:00,0.2518797,0.3290259,2024-11-04,15
2024-11-04 16:00:00,0.08924456,0.1840619,2024-11-04,16
2024-11-04 17:00:00,0.0,0.0,2024-11-04,17
2024-11-04 18:00:00,0.0,0.0,2024-11-04,18
2024-11-04 19:00:00,0.0,0.0,2024-11-04,19
2024-11-04 20:00:00,0.0,0.0,2024-11-04,20
2024-11-04 21:00:00,0.0,0.0,2024-11-04,21
2024-11-04 22:00:00,0.0,0.0,2024-11-04,22
2024-11-04 23:00:00,0.0,0.0,2024-11-04,23
2024-11-05 00:00:00,0.0,0.0,2024-11-05,0
2024-11-05 01:00:00,0.0,0.0,2024-11-05,1
2024-11-05 02:00:00,0.0,0.0,2024-11-05,2
2024-11-05 03:00:00,0.0,0.0,2024-11-05,3
2024-11-05 04:00:00,0.0,0.0,2024-11-05,4
2024-11-05 05:00:00,0.000483495,0.0,2024-11-05,5
2024-11-05 06:00:00,0.07798226,0.09785921,2024-11-05,6
2024-11-05 07:00:00,0.1757189,0.1841803,2024-11-05,7
2024-11-05 08:00:00,0.2920963,0.3072186,2024-11-05,8
2024-11-05 09:00:00,0.6512282,0.8124062,2024-11-05,9
2024-11-05 10:00:00,0.6845281,0.8296967,2024-11-05,10
2024-11-05 11:00:00,0.6959187,0.8369466,2024-11-05,11
2024-11-05 12:00:00,0.7797803,0.9682227,2024-11-05,12
2024-11-05 13:00:00,0.6796512,0.8585913,2024-11-05,13
2024-11-05 14:00:00,0.4127919,0.5089982,2024-11-05,14
2024-11-05 15:00:00,0.2432688,0.3145414,2024-11-05,15
2024-11-05 16:00:00,0.06518546,0.1019475,2024-11-05,16
2024-11-05 17:00:00,0.0,0.0,2024-11-05,17
2024-11-05 18:00:00,0.0,0.0,2024-11-05,18
2024-11-05 19:00:00,0.0,0.0,2024-11-05,19
2024-11-05 20:00:00,0.0,0.0,2024-11-05,20
2024-11-05 21:00:00,0.0,0.0,2024-11-05,21
2024-11-05 22:00:00,0.0,0.0,2024-11-05,22
2024-11-05 23:00:00,0.0,0.0,2024-11-05,23
2024-11-06 00:00:00,0.0,0.0,2024-11-06,0
2024-11-06 01:00:00,0.0,0.0,2024-11-06,1
2024-11-06 02:00:00,0.0,0.0,2024-11-06,2
2024-11-06 03:00:00,0.0,0.0,2024-11-06,3
2024-11-06 04:00:00,0.0,0.0,2024-11-06,4
2024-11-06 05:00:00,0.000333593,0.0,2024-11-06,5
2024-11-06 06:00:00,0.07830013,0.1008339,2024-11-06,6
2024-11-06 07:00:00,0.2855788,0.377082,2024-11-06,7
2024-11-06 08:00:00,0.4303751,0.5273601,2024-11-06,8
2024-11-06 09:00:00,0.5837993,0.7122734,2024-11-06,9
2024-11-06 10:00:00,0.7083301,0.8679318,2024-11-06,10
2024-11-06 11:00:00,0.8126819,1.005848,2024-11-06,11
2024-11-06 12:00:00,0.8149632,1.016214,2024-11-06,12
2024-11-06 13:00:00,0.7638338,0.9715716,2024-11-06,13
2024-11-06 14:00:00,0.5660592,0.7485107,2024-11-06,14
2024-11-06 15:00:00,0.3633572,0.5314398,2024-11-06,15
2024-11-06 16:00:00,0.09819073,0.2242967,2024-11-06,16
2024-11-06 17:00:00,0.0,0.0,2024-11-06,17
2024-11-06 18:00:00,0.0,0.0,2024-11-06,18
2024-11-06 19:00:00,0.0,0.0,2024-11-06,19
2024-11-06 20:00:00,0.0,0.0,2024-11-06,20
2024-11-06 21:00:00,0.0,0.0,2024-11-06,21
2024-11-06 22:00:00,0.0,0.0,2024-11-06,22
2024-11-06 23:00:00,0.0,0.0,2024-11-06,23
2024-11-07 00:00:00,0.0,0.0,2024-11-07,0
2024-11-07 01:00:00,0.0,0.0,2024-11-07,1
2024-11-07 02:00:00,0.0,0.0,2024-11-07,2
2024-11-07 03:00:00,0.0,0.0,2024-11-07,3
2024-11-07 04:00:00,0.0,0.0,2024-11-07,4
2024-11-07 05:00:00,0.000161143,0.0,2024-11-07,5
2024-11-07 06:00:00,0.09340068,0.1458451,2024-11-07,6
2024-11-07 07:00:00,0.1613039,0.1663581,2024-11-07,7
2024-11-07 08:00:00,0.3783121,0.4411063,2024-11-07,8
2024-11-07 09:00:00,0.5685195,0.6905889,2024-11-07,9
2024-11-07 10:00:00,0.5200369,0.5794118,2024-11-07,10
2024-11-07 11:00:00,0.5657979,0.6402432,2024-11-07,11
2024-11-07 12:00:00,0.5424219,0.6170952,2024-11-07,12
2024-11-07 13:00:00,0.6180252,0.7760831,2024-11-07,13
2024-11-07 14:00:00,0.4248728,0.5351379,2024-11-07,14
2024-11-07 15:00:00,0.2759351,0.3866785,2024-11-07,15
2024-11-07 16:00:00,0.1074006,0.2529983,2024-11-07,16
2024-11-07 17:00:00,0.0,0.0,2024-11-07,17
2024-11-07 18:00:00,0.0,0.0,2024-11-07,18
2024-11-07 19:00:00,0.0,0.0,2024-11-07,19
2024-11-07 20:00:00,0.0,0.0,2024-11-07,20
2024-11-07 21:00:00,0.0,0.0,2024-11-07,21
2024-11-07 22:00:00,0.0,0.0,2024-11-07,22
2024-11-07 23:00:00,0.0,0.0,2024-11-07,23
2024-11-08 00:00:00,0.0,0.0,2024-11-08,0
2024-11-08 01:00:00,0.0,0.0,2024-11-08,1
2024-11-08 02:00:00,0.0,0.0,2024-11-08,2
2024-11-08 03:00:00,0.0,0.0,2024-11-08,3
2024-11-08 04:00:00,0.0,0.0,2024-11-08,4
2024-11-08 05:00:00,0.000149196,0.0,2024-11-08,5
2024-11-08 06:00:00,0.09367588,0.151361,2024-11-08,6
2024-11-08 07:00:00,0.359992,0.5177748,2024-11-08,7
2024-11-08 08:00:00,0.5634866,0.7429119,2024-11-08,8
2024-11-08 09:00:00,0.6853633,0.8692698,2024-11-08,9
2024-11-08 10:00:00,0.7986873,0.9986594,2024-11-08,10
2024-11-08 11:00:00,0.6343951,0.7493799,2024-11-08,11
2024-11-08 12:00:00,0.6400334,0.7731587,2024-11-08,12
2024-11-08 13:00:00,0.5734224,0.7095997,2024-11-08,13
2024-11-08 14:00:00,0.4234542,0.5352923,2024-11-08,14
2024-11-08 15:00:00,0.3076284,0.4496817,2024-11-08,15
2024-11-08 16:00:00,0.07649645,0.1588759,2024-11-08,16
2024-11-08 17:00:00,0.0,0.0,2024-11-08,17
2024-11-08 18:00:00,0.0,0.0,2024-11-08,18
2024-11-08 19:00:00,0.0,0.0,2024-11-08,19
2024-11-08 20:00:00,0.0,0.0,2024-11-08,20
2024-11-08 21:00:00,0.0,0.0,2024-11-08,21
2024-11-08 22:00:00,0.0,0.0,2024-11-08,22
2024-11-08 23:00:00,0.0,0.0,2024-11-08,23
2024-11-09 00:00:00,0.0,0.0,2024-11-09,0
2024-11-09 01:00:00,0.0,0.0,2024-11-09,1
2024-11-09 02:00:00,0.0,0.0,2024-11-09,2
2024-11-09 03:00:00,0.0,0.0,2024-11-09,3
2024-11-09 04:00:00,0.0,0.0,2024-11-09,4
2024-11-09 05:00:00,8.76582e-05,0.0,2024-11-09,5
2024-11-09 06:00:00,0.1036818,0.1899716,2024-11-09,6
2024-11-09 07:00:00,0.3061063,0.4273088,2024-11-09,7
2024-11-09 08:00:00,0.6334363,0.8413975,2024-11-09,8
2024-11-09 09:00:00,0.8026924,1.026667,2024-11-09,9
2024-11-09 10:00:00,0.8185436,1.026721,2024-11-09,10
2024-11-09 11:00:00,0.8947972,1.119121,2024-11-09,11
2024-11-09 12:00:00,0.7756209,0.973249,2024-11-09,12
2024-11-09 13:00:00,0.7676556,0.9853372,2024-11-09,13
2024-11-09 14:00:00,0.4565885,0.5947146,2024-11-09,14
2024-11-09 15:00:00,0.2375908,0.3133995,2024-11-09,15
2024-11-09 16:00:00,0.07366384,0.152454,2024-11-09,16
2024-11-09 17:00:00,0.0,0.0,2024-11-09,17
2024-11-09 18:00:00,0.0,0.0,2024-11-09,18
2024-11-09 19:00:00,0.0,0.0,2024-11-09,19
2024-11-09 20:00:00,0.0,0.0,2024-11-09,20
2024-11-09 21:00:00,0.0,0.0,2024-11-09,21
2024-11-09 22:00:00,0.0,0.0,2024-11-09,22
2024-11-09 23:00:00,0.0,0.0,2024-11-09,23
2024-11-10 00:00:00,0.0,0.0,2024-11-10,0
2024-11-10 01:00:00,0.0,0.0,2024-11-10,1
2024-11-10 02:00:00,0.0,0.0,2024-11-10,2
2024-11-10 03:00:00,0.0,0.0,2024-11-10,3
2024-11-10 04:00:00,0.0,0.0,2024-11-10,4
2024-11-10 05:00:00,7.74077e-05,0.0,2024-11-10,5
2024-11-10 06:00:00,0.139376,0.2932851,2024-11-10,6
2024-11-10 07:00:00,0.3660199,0.5332128,2024-11-10,7
2024-11-10 08:00:00,0.5367863,0.7111623,2024-11-10,8
2024-11-10 09:00:00,0.7193319,0.9197881,2024-11-10,9
2024-11-10 10:00:00,0.9233172,1.164998,2024-11-10,10
2024-11-10 11:00:00,0.8793117,1.101911,2024-11-10,11
2024-11-10 12:00:00,0.78765,0.9914513,2024-11-10,12
2024-11-10 13:00:00,0.6138932,0.777855,2024-11-10,13
2024-11-10 14:00:00,0.5620244,0.754325,2024-11-10,14
2024-11-10 15:00:00,0.3025726,0.4468874,2024-11-10,15
2024-11-10 16:00:00,0.06045886,0.1027258,2024-11-10,16
2024-11-10 17:00:00,0.0,0.0,2024-11-10,17
2024-11-10 18:00:00,0.0,0.0,2024-11-10,18
2024-11-10 19:00:00,0.0,0.0,2024-11-10,19
2024-11-10 20:00:00,0.0,0.0,2024-11-10,20
2024-11-10 21:00:00,0.0,0.0,2024-11-10,21
2024-11-10 22:00:00,0.0,0.0,2024-11-10,22
2024-11-10 23:00:00,0.0,0.0,2024-11-10,23
2024-11-11 00:00:00,0.0,0.0,2024-11-11,0
2024-11-11 01:00:00,0.0,0.0,2024-11-11,1
2024-11-11 02:00:00,0.0,0.0,2024-11-11,2
2024-11-11 03:00:00,0.0,0.0,2024-11-11,3
2024-11-11 04:00:00,0.0,0.0,2024-11-11,4
2024-11-11 05:00:00,1.87779e-05,0.0,2024-11-11,5
2024-11-11 06:00:00,0.0701836,0.09333786,2024-11-11,6
2024-11-11 07:00:00,0.07780446,0.07632727,2024-11-11,7
2024-11-11 08:00:00,0.1941896,0.1923425,2024-11-11,8
2024-11-11 09:00:00,0.2429862,0.239828,2024-11-11,9
2024-11-11 10:00:00,0.3381808,0.3400879,2024-11-11,10
2024-11-11 11:00:00,0.3590471,0.3621516,2024-11-11,11
2024-11-11 12:00:00,0.2328348,0.2282392,2024-11-11,12
2024-11-11 13:00:00,0.181735,0.1779654,2024-11-11,13
2024-11-11 14:00:00,0.2369394,0.2430909,2024-11-11,14
2024-11-11 15:00:00,0.03219017,0.03140222,2024-11-11,15
2024-11-11 16:00:00,0.02015555,0.02017309,2024-11-11,16
2024-11-11 17:00:00,0.0,0.0,2024-11-11,17
2024-11-11 18:00:00,0.0,0.0,2024-11-11,18
2024-11-11 19:00:00,0.0,0.0,2024-11-11,19
2024-11-11 20:00:00,0.0,0.0,2024-11-11,20
2024-11-11 21:00:00,0.0,0.0,2024-11-11,21
2024-11-11 22:00:00,0.0,0.0,2024-11-11,22
2024-11-11 23:00:00,0.0,0.0,2024-11-11,23
2024-11-12 00:00:00,0.0,0.0,2024-11-12,0
2024-11-12 01:00:00,0.0,0.0,2024-11-12,1
2024-11-12 02:00:00,0.0,0.0,2024-11-12,2
2024-11-12 03:00:00,0.0,0.0,2024-11-12,3
2024-11-12 04:00:00,0.0,0.0,2024-11-12,4
2024-11-12 05:00:00,9.34851e-07,0.0,2024-11-12,5
2024-11-12 06:00:00,0.08147191,0.13056,2024-11-12,6
2024-11-12 07:00:00,0.02141594,0.02084919,2024-11-12,7
2024-11-12 08:00:00,0.04649164,0.04526946,2024-11-12,8
2024-11-12 09:00:00,0.1077622,0.1051219,2024-11-12,9
2024-11-12 10:00:00,0.1210034,0.1179995,2024-11-12,10
2024-11-12 11:00:00,0.1363791,0.1330369,2024-11-12,11
2024-11-12 12:00:00,0.1407395,0.1373638,2024-11-12,12
2024-11-12 13:00:00,0.0953039,0.09293167,2024-11-12,13
2024-11-12 14:00:00,0.1112639,0.1088788,2024-11-12,14
2024-11-12 15:00:00,0.0436467,0.04266061,2024-11-12,15
2024-11-12 16:00:00,0.0115418,0.01140155,2024-11-12,16
2024-11-12 17:00:00,0.0,0.0,2024-11-12,17
2024-11-12 18:00:00,0.0,0.0,2024-11-12,18
2024-11-12 19:00:00,0.0,0.0,2024-11-12,19
2024-11-12 20:00:00,0.0,0.0,2024-11-12,20
2024-11-12 21:00:00,0.0,0.0,2024-11-12,21
2024-11-12 22:00:00,0.0,0.0,2024-11-12,22
2024-11-12 23:00:00,0.0,0.0,2024-11-12,23
2024-11-13 00:00:00,0.0,0.0,2024-11-13,0
2024-11-13 01:00:00,0.0,0.0,2024-11-13,1
2024-11-13 02:00:00,0.0,0.0,2024-11-13,2
2024-11-13 03:00:00,0.0,0.0,2024-11-13,3
2024-11-13 04:00:00,0.0,0.0,2024-11-13,4
2024-11-13 05:00:00,0.0,0.0,2024-11-13,5
2024-11-13 06:00:00,0.09727918,0.1931088,2024-11-13,6
2024-11-13 07:00:00,0.1692233,0.1808591,2024-11-13,7
2024-11-13 08:00:00,0.320539,0.3571991,2024-11-13,8
2024-11-13 09:00:00,0.4670198,0.5385645,2024-11-13,9
2024-11-13 10:00:00,0.2709065,0.267082,2024-11-13,10
2024-11-13 11:00:00,0.4452255,0.4717969,2024-11-13,11
2024-11-13 12:00:00,0.6827104,0.851527,2024-11-13,12
2024-11-13 13:00:00,0.4790961,0.5654644,2024-11-13,13
2024-11-13 14:00:00,0.2956538,0.3259822,2024-11-13,14
2024-11-13 15:00:00,0.1525462,0.1631151,2024-11-13,15
2024-11-13 16:00:00,0.06741101,0.1443149,2024-11-13,16
2024-11-13 17:00:00,0.0,0.0,2024-11-13,17
2024-11-13 18:00:00,0.0,0.0,2024-11-13,18
2024-11-13 19:00:00,0.0,0.0,2024-11-13,19
2024-11-13 20:00:00,0.0,0.0,2024-11-13,20
2024-11-13 21:00:00,0.0,0.0,2024-11-13,21
2024-11-13 22:00:00,0.0,0.0,2024-11-13,22
2024-11-13 23:00:00,0.0,0.0,2024-11-13,23
2024-11-14 00:00:00,0.0,0.0,2024-11-14,0
2024-11-14 01:00:00,0.0,0.0,2024-11-14,1
2024-11-14 02:00:00,0.0,0.0,2024-11-14,2
2024-11-14 03:00:00,0.0,0.0,2024-11-14,3
2024-11-14 04:00:00,0.0,0.0,2024-11-14,4
2024-11-14 05:00:00,0.0,0.0,2024-11-14,5
2024-11-14 06:00:00,0.08135834,0.1404288,2024-11-14,6
2024-11-14 07:00:00,0.2713175,0.3745908,2024-11-14,7
2024-11-14 08:00:00,0.4571654,0.5963089,2024-11-14,8
2024-11-14 09:00:00,0.7466411,0.9665865,2024-11-14,9
2024-11-14 10:00:00,0.7890122,1.000968,2024-11-14,10
2024-11-14 11:00:00,0.9171522,1.16156,2024-11-14,11
2024-11-14 12:00:00,0.827638,1.053252,2024-11-14,12
2024-11-14 13:00:00,0.6738181,0.8736092,2024-11-14,13
2024-11-14 14:00:00,0.4993469,0.6759115,2024-11-14,14
2024-11-14 15:00:00,0.3017146,0.4568323,2024-11-14,15
2024-11-14 16:00:00,0.08691311,0.2301394,2024-11-14,16
2024-11-14 17:00:00,0.0,0.0,2024-11-14,17
2024-11-14 18:00:00,0.0,0.0,2024-11-14,18
2024-11-14 19:00:00,0.0,0.0,2024-11-14,19
2024-11-14 20:00:00,0.0,0.0,2024-11-14,20
2024-11-14 21:00:00,0.0,0.0,2024-11-14,21
2024-11-14 22:00:00,0.0,0.0,2024-11-14,22
2024-11-14 23:00:00,0.0,0.0,2024-11-14,23
2024-11-15 00:00:00,0.0,0.0,2024-11-15,0
2024-11-15 01:00:00,0.0,0.0,2024-11-15,1
2024-11-15 02:00:00,0.0,0.0,2024-11-15,2
2024-11-15 03:00:00,0.0,0.0,2024-11-15,3
2024-11-15 04:00:00,0.0,0.0,2024-11-15,4
2024-11-15 05:00:00,0.0,0.0,2024-11-15,5
2024-11-15 06:00:00,0.03432563,0.0346555,2024-11-15,6
2024-11-15 07:00:00,0.1087514,0.1076603,2024-11-15,7
2024-11-15 08:00:00,0.2492008,0.2573383,2024-11-15,8
2024-11-15 09:00:00,0.5524471,0.6851224,2024-11-15,9
2024-11-15 10:00:00,0.3761569,0.3871697,2024-11-15,10
2024-11-15 11:00:00,0.4026816,0.4169824,2024-11-15,11
2024-11-15 12:00:00,0.5126914,0.583969,2024-11-15,12
2024-11-15 13:00:00,0.5995402,0.7682275,2024-11-15,13
2024-11-15 14:00:00,0.3985334,0.5073581,2024-11-15,14
2024-11-15 15:00:00,0.1556707,0.168861,2024-11-15,15
2024-11-15 16:00:00,0.04182292,0.05304376,2024-11-15,16
2024-11-15 17:00:00,0.0,0.0,2024-11-15,17
2024-11-15 18:00:00,0.0,0.0,2024-11-15,18
2024-11-15 19:00:00,0.0,0.0,2024-11-15,19
2024-11-15 20:00:00,0.0,0.0,2024-11-15,20
2024-11-15 21:00:00,0.0,0.0,2024-11-15,21
2024-11-15 22:00:00,0.0,0.0,2024-11-15,22
2024-11-15 23:00:00,0.0,0.0,2024-11-15,23
2024-11-16 00:00:00,0.0,0.0,2024-11-16,0
2024-11-16 01:00:00,0.0,0.0,2024-11-16,1
2024-11-16 02:00:00,0.0,0.0,2024-11-16,2
2024-11-16 03:00:00,0.0,0.0,2024-11-16,3
2024-11-16 04:00:00,0.0,0.0,2024-11-16,4
2024-11-16 05:00:00,0.0,0.0,2024-11-16,5
2024-11-16 06:00:00,0.08094394,0.1506516,2024-11-16,6
2024-11-16 07:00:00,0.1561969,0.1645609,2024-11-16,7
2024-11-16 08:00:00,0.111263,0.1088687,2024-11-16,8
2024-11-16 09:00:00,0.2827324,0.2841143,2024-11-16,9
2024-11-16 10:00:00,0.4567764,0.4974683,2024-11-16,10
2024-11-16 11:00:00,0.3486453,0.3516078,2024-11-16,11
2024-11-16 12:00:00,0.07082931,0.0689531,2024-11-16,12
2024-11-16 13:00:00,0.1242295,0.1213438,2024-11-16,13
2024-11-16 14:00:00,0.1560376,0.1535147,2024-11-16,14
2024-11-16 15:00:00,0.1117715,0.1119493,2024-11-16,15
2024-11-16 16:00:00,0.04391911,0.05958195,2024-11-16,16
2024-11-16 17:00:00,0.0,0.0,2024-11-16,17
2024-11-16 18:00:00,0.0,0.0,2024-11-16,18
2024-11-16 19:00:00,0.0,0.0,2024-11-16,19
2024-11-16 20:00:00,0.0,0.0,2024-11-16,20
2024-11-16 21:00:00,0.0,0.0,2024-11-16,21
2024-11-16 22:00:00,0.0,0.0,2024-11-16,22
2024-11-16 23:00:00,0.0,0.0,2024-11-16,23
2024-11-17 00:00:00,0.0,0.0,2024-11-17,0
2024-11-17 01:00:00,0.0,0.0,2024-11-17,1
2024-11-17 02:00:00,0.0,0.0,2024-11-17,2
2024-11-17 03:00:00,0.0,0.0,2024-11-17,3
2024-11-17 04:00:00,0.0,0.0,2024-11-17,4
2024-11-17 05:00:00,0.0,0.0,2024-11-17,5
2024-11-17 06:00:00,0.05894078,0.07964499,2024-11-17,6
2024-11-17 07:00:00,0.1508715,0.1578756,2024-11-17,7
2024-11-17 08:00:00,0.2967353,0.3253358,2024-11-17,8
2024-11-17 09:00:00,0.6877851,0.8954649,2024-11-17,9
2024-11-17 10:00:00,0.659741,0.8225499,2024-11-17,10
2024-11-17 11:00:00,0.4788769,0.5234019,2024-11-17,11
2024-11-17 12:00:00,0.372358,0.3843377,2024-11-17,12
2024-11-17 13:00:00,0.4515963,0.5263171,2024-11-17,13
2024-11-17 14:00:00,0.4130832,0.5381533,2024-11-17,14
2024-11-17 15:00:00,0.113287,0.1137686,2024-11-17,15
2024-11-17 16:00:00,0.03128742,0.03361062,2024-11-17,16
2024-11-17 17:00:00,0.0,0.0,2024-11-17,17
2024-11-17 18:00:00,0.0,0.0,2024-11-17,18
2024-11-17 19:00:00,0.0,0.0,2024-11-17,19
2024-11-17 20:00:00,0.0,0.0,2024-11-17,20
2024-11-17 21:00:00,0.0,0.0,2024-11-17,21
2024-11-17 22:00:00,0.0,0.0,2024-11-17,22
2024-11-17 23:00:00,0.0,0.0,2024-11-17,23
2024-11-18 00:00:00,0.0,0.0,2024-11-18,0
2024-11-18 01:00:00,0.0,0.0,2024-11-18,1
2024-11-18 02:00:00,0.0,0.0,2024-11-18,2
2024-11-18 03:00:00,0.0,0.0,2024-11-18,3
2024-11-18 04:00:00,0.0,0.0,2024-11-18,4
2024-11-18 05:00:00,0.0,0.0,2024-11-18,5
2024-11-18 06:00:00,0.04751702,0.05501315,2024-11-18,6
2024-11-18 07:00:00,0.1256009,0.1266273,2024-11-18,7
2024-11-18 08:00:00,0.2177565,0.2200283,2024-11-18,8
2024-11-18 09:00:00,0.4900888,0.5868701,2024-11-18,9
2024-11-18 10:00:00,0.6573794,0.8212208,2024-11-18,10
2024-11-18 11:00:00,0.4736684,0.5168052,2024-11-18,11
2024-11-18 12:00:00,0.5533278,0.6546297,2024-11-18,12
2024-11-18 13:00:00,0.4210298,0.4776666,2024-11-18,13
2024-11-18 14:00:00,0.3767337,0.4729988,2024-11-18,14
2024-11-18 15:00:00,0.2518048,0.3661782,2024-11-18,15
2024-11-18 16:00:00,0.0437636,0.06135282,2024-11-18,16
2024-11-18 17:00:00,0.0,0.0,2024-11-18,17
2024-11-18 18:00:00,0.0,0.0,2024-11-18,18
2024-11-18 19:00:00,0.0,0.0,2024-11-18,19
2024-11-18 20:00:00,0.0,0.0,2024-11-18,20
2024-11-18 21:00:00,0.0,0.0,2024-11-18,21
2024-11-18 22:00:00,0.0,0.0,2024-11-18,22
2024-11-18 23:00:00,0.0,0.0,2024-11-18,23
2024-11-19 00:00:00,0.0,0.0,2024-11-19,0
2024-11-19 01:00:00,0.0,0.0,2024-11-19,1
2024-11-19 02:00:00,0.0,0.0,2024-11-19,2
2024-11-19 03:00:00,0.0,0.0,2024-11-19,3
2024-11-19 04:00:00,0.0,0.0,2024-11-19,4
2024-11-19 05:00:00,0.0,0.0,2024-11-19,5
2024-11-19 06:00:00,0.04022685,0.04334544,2024-11-19,6
2024-11-19 07:00:00,0.1162656,0.116228,2024-11-19,7
2024-11-19 08:00:00,0.3690908,0.4509102,2024-11-19,8
2024-11-19 09:00:00,0.4179981,0.4697097,2024-11-19,9
2024-11-19 10:00:00,0.4474787,0.4870783,2024-11-19,10
2024-11-19 11:00:00,0.5453655,0.6288186,2024-11-19,11
2024-11-19 12:00:00,0.1378361,0.1345723,2024-11-19,12
2024-11-19 13:00:00,0.168165,0.1646962,2024-11-19,13
2024-11-19 14:00:00,0.1787175,0.1773487,2024-11-19,14
2024-11-19 15:00:00,0.2116268,0.2780887,2024-11-19,15
2024-11-19 16:00:00,0.04712314,0.07372742,2024-11-19,16
2024-11-19 17:00:00,0.0,0.0,2024-11-19,17
2024-11-19 18:00:00,0.0,0.0,2024-11-19,18
2024-11-19 19:00:00,0.0,0.0,2024-11-19,19
2024-11-19 20:00:00,0.0,0.0,2024-11-19,20
2024-11-19 21:00:00,0.0,0.0,2024-11-19,21
2024-11-19 22:00:00,0.0,0.0,2024-11-19,22
2024-11-19 23:00:00,0.0,0.0,2024-11-19,23
2024-11-20 00:00:00,0.0,0.0,2024-11-20,0
2024-11-20 01:00:00,0.0,0.0,2024-11-20,1
2024-11-20 02:00:00,0.0,0.0,2024-11-20,2
2024-11-20 03:00:00,0.0,0.0,2024-11-20,3
2024-11-20 04:00:00,0.0,0.0,2024-11-20,4
2024-11-20 05:00:00,0.0,0.0,2024-11-20,5
2024-11-20 06:00:00,0.08957241,0.2148297,2024-11-20,6
2024-11-20 07:00:00,0.1587817,0.1711722,2024-11-20,7
2024-11-20 08:00:00,0.2208535,0.2243208,2024-11-20,8
2024-11-20 09:00:00,0.1802108,0.1765877,2024-11-20,9
2024-11-20 10:00:00,0.2163573,0.2120201,2024-11-20,10
2024-11-20 11:00:00,0.319777,0.3196567,2024-11-20,11
2024-11-20 12:00:00,0.6148683,0.7600042,2024-11-20,12
2024-11-20 13:00:00,0.5901653,0.7645004,2024-11-20,13
2024-11-20 14:00:00,0.4704052,0.644143,2024-11-20,14
2024-11-20 15:00:00,0.2463723,0.358231,2024-11-20,15
2024-11-20 16:00:00,0.05766286,0.1218508,2024-11-20,16
2024-11-20 17:00:00,0.0,0.0,2024-11-20,17
2024-11-20 18:00:00,0.0,0.0,2024-11-20,18
2024-11-20 19:00:00,0.0,0.0,2024-11-20,19
2024-11-20 20:00:00,0.0,0.0,2024-11-20,20
2024-11-20 21:00:00,0.0,0.0,2024-11-20,21
2024-11-20 22:00:00,0.0,0.0,2024-11-20,22
2024-11-20 23:00:00,0.0,0.0,2024-11-20,23
2024-11-21 00:00:00,0.0,0.0,2024-11-21,0
2024-11-21 01:00:00,0.0,0.0,2024-11-21,1
2024-11-21 02:00:00,0.0,0.0,2024-11-21,2
2024-11-21 03:00:00,0.0,0.0,2024-11-21,3
2024-11-21 04:00:00,0.0,0.0,2024-11-21,4
2024-11-21 05:00:00,0.0,0.0,2024-11-21,5
2024-11-21 06:00:00,0.05703291,0.08645809,2024-11-21,6
2024-11-21 07:00:00,0.2703471,0.3971608,2024-11-21,7
2024-11-21 08:00:00,0.5567408,0.7686075,2024-11-21,8
2024-11-21 09:00:00,0.7236916,0.9533378,2024-11-21,9
2024-11-21 10:00:00,0.7509031,0.9660305,2024-11-21,10
2024-11-21 11:00:00,0.7165809,0.9072988,2024-11-21,11
2024-11-21 12:00:00,0.7548943,0.9727519,2024-11-21,12
2024-11-21 13:00:00,0.6822694,0.8998641,2024-11-21,13
2024-11-21 14:00:00,0.513101,0.7111466,2024-11-21,14
2024-11-21 15:00:00,0.286898,0.4461465,2024-11-21,15
2024-11-21 16:00:00,0.06534632,0.1647232,2024-11-21,16
2024-11-21 17:00:00,0.0,0.0,2024-11-21,17
2024-11-21 18:00:00,0.0,0.0,2024-11-21,18
2024-11-21 19:00:00,0.0,0.0,2024-11-21,19
2024-11-21 20:00:00,0.0,0.0,2024-11-21,20
2024-11-21 21:00:00,0.0,0.0,2024-11-21,21
2024-11-21 22:00:00,0.0,0.0,2024-11-21,22
2024-11-21 23:00:00,0.0,0.0,2024-11-21,23
2024-11-22 00:00:00,0.0,0.0,2024-11-22,0
2024-11-22 01:00:00,0.0,0.0,2024-11-22,1
2024-11-22 02:00:00,0.0,0.0,2024-11-22,2
2024-11-22 03:00:00,0.0,0.0,2024-11-22,3
2024-11-22 04:00:00,0.0,0.0,2024-11-22,4
2024-11-22 05:00:00,0.0,0.0,2024-11-22,5
2024-11-22 06:00:00,0.05931496,0.09881508,2024-11-22,6
2024-11-22 07:00:00,0.2253988,0.3003685,2024-11-22,7
2024-11-22 08:00:00,0.3842973,0.4860698,2024-11-22,8
2024-11-22 09:00:00,0.6531696,0.8594118,2024-11-22,9
2024-11-22 10:00:00,0.7309368,0.9404773,2024-11-22,10
2024-11-22 11:00:00,0.7644282,0.9784297,2024-11-22,11
2024-11-22 12:00:00,0.7777168,1.004934,2024-11-22,12
2024-11-22 13:00:00,0.7084506,0.9375138,2024-11-22,13
2024-11-22 14:00:00,0.4983405,0.6916062,2024-11-22,14
2024-11-22 15:00:00,0.2688373,0.411585,2024-11-22,15
2024-11-22 16:00:00,0.06999011,0.1916955,2024-11-22,16
2024-11-22 17:00:00,0.0,0.0,2024-11-22,17
2024-11-22 18:00:00,0.0,0.0,2024-11-22,18
2024-11-22 19:00:00,0.0,0.0,2024-11-22,19
2024-11-22 20:00:00,0.0,0.0,2024-11-22,20
2024-11-22 21:00:00,0.0,0.0,2024-11-22,21
2024-11-22 22:00:00,0.0,0.0,2024-11-22,22
2024-11-22 23:00:00,0.0,0.0,2024-11-22,23
2024-11-23 00:00:00,0.0,0.0,2024-11-23,0
2024-11-23 01:00:00,0.0,0.0,2024-11-23,1
2024-11-23 02:00:00,0.0,0.0,2024-11-23,2
2024-11-23 03:00:00,0.0,0.0,2024-11-23,3
2024-11-23 04:00:00,0.0,0.0,2024-11-23,4
2024-11-23 05:00:00,0.0,0.0,2024-11-23,5
2024-11-23 06:00:00,0.07033957,0.1533467,2024-11-23,6
2024-11-23 07:00:00,0.3568345,0.5606445,2024-11-23,7
2024-11-23 08:00:00,0.5404059,0.7501875,2024-11-23,8
2024-11-23 09:00:00,0.7157023,0.9470678,2024-11-23,9
2024-11-23 10:00:00,0.8422179,1.091855,2024-11-23,10
2024-11-23 11:00:00,0.8785767,1.132262,2024-11-23,11
2024-11-23 12:00:00,0.7825006,1.0132,2024-11-23,12
2024-11-23 13:00:00,0.7689598,1.022532,2024-11-23,13
2024-11-23 14:00:00,0.5871071,0.8220658,2024-11-23,14
2024-11-23 15:00:00,0.3005203,0.4752088,2024-11-23,15
2024-11-23 16:00:00,0.06107884,0.146979,2024-11-23,16
2024-11-23 17:00:00,0.0,0.0,2024-11-23,17
2024-11-23 18:00:00,0.0,0.0,2024-11-23,18
2024-11-23 19:00:00,0.0,0.0,2024-11-23,19
2024-11-23 20:00:00,0.0,0.0,2024-11-23,20
2024-11-23 21:00:00,0.0,0.0,2024-11-23,21
2024-11-23 22:00:00,0.0,0.0,2024-11-23,22
2024-11-23 23:00:00,0.0,0.0,2024-11-23,23
2024-11-24 00:00:00,0.0,0.0,2024-11-24,0
2024-11-24 01:00:00,0.0,0.0,2024-11-24,1
2024-11-24 02:00:00,0.0,0.0,2024-11-24,2
2024-11-24 03:00:00,0.0,0.0,2024-11-24,3
2024-11-24 04:00:00,0.0,0.0,2024-11-24,4
2024-11-24 05:00:00,0.0,0.0,2024-11-24,5
2024-11-24 06:00:00,0.07924598,0.2037352,2024-11-24,6
2024-11-24 07:00:00,0.2595464,0.3840952,2024-11-24,7
2024-11-24 08:00:00,0.4168143,0.5521205,2024-11-24,8
2024-11-24 09:00:00,0.5091909,0.6326454,2024-11-24,9
2024-11-24 10:00:00,0.7185395,0.9269785,2024-11-24,10
2024-11-24 11:00:00,0.9124778,1.179516,2024-11-24,11
2024-11-24 12:00:00,0.7950479,1.031814,2024-11-24,12
2024-11-24 13:00:00,0.7022374,0.9328326,2024-11-24,13
2024-11-24 14:00:00,0.4965043,0.6924256,2024-11-24,14
2024-11-24 15:00:00,0.3213245,0.5119485,2024-11-24,15
2024-11-24 16:00:00,0.088497,0.2694573,2024-11-24,16
2024-11-24 17:00:00,0.0,0.0,2024-11-24,17
2024-11-24 18:00:00,0.0,0.0,2024-11-24,18
2024-11-24 19:00:00,0.0,0.0,2024-11-24,19
2024-11-24 20:00:00,0.0,0.0,2024-11-24,20
2024-11-24 21:00:00,0.0,0.0,2024-11-24,21
2024-11-24 22:00:00,0.0,0.0,2024-11-24,22
2024-11-24 23:00:00,0.0,0.0,2024-11-24,23
2024-11-25 00:00:00,0.0,0.0,2024-11-25,0
2024-11-25 01:00:00,0.0,0.0,2024-11-25,1
2024-11-25 02:00:00,0.0,0.0,2024-11-25,2
2024-11-25 03:00:00,0.0,0.0,2024-11-25,3
2024-11-25 04:00:00,0.0,0.0,2024-11-25,4
2024-11-25 05:00:00,0.0,0.0,2024-11-25,5
2024-11-25 06:00:00,0.04283118,0.05520578,2024-11-25,6
2024-11-25 07:00:00,0.2776124,0.4269283,2024-11-25,7
2024-11-25 08:00:00,0.3890079,0.5023516,2024-11-25,8
2024-11-25 09:00:00,0.5356058,0.6806323,2024-11-25,9
2024-11-25 10:00:00,0.7573515,0.9825777,2024-11-25,10
2024-11-25 11:00:00,0.7345152,0.9417456,2024-11-25,11
2024-11-25 12:00:00,0.5167219,0.6045861,2024-11-25,12
2024-11-25 13:00:00,0.4861377,0.5972208,2024-11-25,13
2024-11-25 14:00:00,0.4432396,0.6073982,2024-11-25,14
2024-11-25 15:00:00,0.2744639,0.4286756,2024-11-25,15
2024-11-25 16:00:00,0.0656005,0.1758454,2024-11-25,16
2024-11-25 17:00:00,0.0,0.0,2024-11-25,17
2024-11-25 18:00:00,0.0,0.0,2024-11-25,18
2024-11-25 19:00:00,0.0,0.0,2024-11-25,19
2024-11-25 20:00:00,0.0,0.0,2024-11-25,20
2024-11-25 21:00:00,0.0,0.0,2024-11-25,21
2024-11-25 22:00:00,0.0,0.0,2024-11-25,22
2024-11-25 23:00:00,0.0,0.0,2024-11-25,23
2024-11-26 00:00:00,0.0,0.0,2024-11-26,0
2024-11-26 01:00:00,0.0,0.0,2024-11-26,1
2024-11-26 02:00:00,0.0,0.0,2024-11-26,2
2024-11-26 03:00:00,0.0,0.0,2024-11-26,3
2024-11-26 04:00:00,0.0,0.0,2024-11-26,4
2024-11-26 05:00:00,0.0,0.0,2024-11-26,5
2024-11-26 06:00:00,0.04870845,0.0759213,2024-11-26,6
2024-11-26 07:00:00,0.2463211,0.3609985,2024-11-26,7
2024-11-26 08:00:00,0.4805934,0.6684931,2024-11-26,8
2024-11-26 09:00:00,0.5065374,0.6322445,2024-11-26,9
2024-11-26 10:00:00,0.5623636,0.6816717,2024-11-26,10
2024-11-26 11:00:00,0.6855114,0.8696788,2024-11-26,11
2024-11-26 12:00:00,0.749951,0.9750422,2024-11-26,12
2024-11-26 13:00:00,0.5043894,0.6306827,2024-11-26,13
2024-11-26 14:00:00,0.4263887,0.5787878,2024-11-26,14
2024-11-26 15:00:00,0.2731113,0.4274094,2024-11-26,15
2024-11-26 16:00:00,0.06856795,0.1935087,2024-11-26,16
2024-11-26 17:00:00,0.0,0.0,2024-11-26,17
2024-11-26 18:00:00,0.0,0.0,2024-11-26,18
2024-11-26 19:00:00,0.0,0.0,2024-11-26,19
2024-11-26 20:00:00,0.0,0.0,2024-11-26,20
2024-11-26 21:00:00,0.0,0.0,2024-11-26,21
2024-11-26 22:00:00,0.0,0.0,2024-11-26,22
2024-11-26 23:00:00,0.0,0.0,2024-11-26,23
2024-11-27 00:00:00,0.0,0.0,2024-11-27,0
2024-11-27 01:00:00,0.0,0.0,2024-11-27,1
2024-11-27 02:00:00,0.0,0.0,2024-11-27,2
2024-11-27 03:00:00,0.0,0.0,2024-11-27,3
2024-11-27 04:00:00,0.0,0.0,2024-11-27,4
2024-11-27 05:00:00,0.0,0.0,2024-11-27,5
2024-11-27 06:00:00,0.04846223,0.07885341,2024-11-27,6
2024-11-27 07:00:00,0.2034771,0.2653224,2024-11-27,7
2024-11-27 08:00:00,0.5177712,0.7267001,2024-11-27,8
2024-11-27 09:00:00,0.6378353,0.8480561,2024-11-27,9
2024-11-27 10:00:00,0.8679028,1.134881,2024-11-27,10
2024-11-27 11:00:00,0.8741353,1.134278,2024-11-27,11
2024-11-27 12:00:00,0.7845395,1.022988,2024-11-27,12
2024-11-27 13:00:00,0.6017926,0.7952905,2024-11-27,13
2024-11-27 14:00:00,0.531881,0.748782,2024-11-27,14
2024-11-27 15:00:00,0.3310773,0.5333388,2024-11-27,15
2024-11-27 16:00:00,0.08395639,0.2602601,2024-11-27,16
2024-11-27 17:00:00,0.0,0.0,2024-11-27,17
2024-11-27 18:00:00,0.0,0.0,2024-11-27,18
2024-11-27 19:00:00,0.0,0.0,2024-11-27,19
2024-11-27 20:00:00,0.0,0.0,2024-11-27,20
2024-11-27 21:00:00,0.0,0.0,2024-11-27,21
2024-11-27 22:00:00,0.0,0.0,2024-11-27,22
2024-11-27 23:00:00,0.0,0.0,2024-11-27,23
2024-11-28 00:00:00,0.0,0.0,2024-11-28,0
2024-11-28 01:00:00,0.0,0.0,2024-11-28,1
2024-11-28 02:00:00,0.0,0.0,2024-11-28,2
2024-11-28 03:00:00,0.0,0.0,2024-11-28,3
2024-11-28 04:00:00,0.0,0.0,2024-11-28,4
2024-11-28 05:00:00,0.0,0.0,2024-11-28,5
2024-11-28 06:00:00,0.04868377,0.08406791,2024-11-28,6
2024-11-28 07:00:00,0.09527434,0.09455407,2024-11-28,7
2024-11-28 08:00:00,0.08862364,0.0866759,2024-11-28,8
2024-11-28 09:00:00,0.2540422,0.2541638,2024-11-28,9
2024-11-28 10:00:00,0.3746988,0.3919165,2024-11-28,10
2024-11-28 11:00:00,0.6083124,0.7475411,2024-11-28,11
2024-11-28 12:00:00,0.2994259,0.2999764,2024-11-28,12
2024-11-28 13:00:00,0.1839927,0.1805494,2024-11-28,13
2024-11-28 14:00:00,0.1095038,0.107308,2024-11-28,14
2024-11-28 15:00:00,0.1221364,0.1255386,2024-11-28,15
2024-11-28 16:00:00,0.03995331,0.05583419,2024-11-28,16
2024-11-28 17:00:00,0.0,0.0,2024-11-28,17
2024-11-28 18:00:00,0.0,0.0,2024-11-28,18
2024-11-28 19:00:00,0.0,0.0,2024-11-28,19
2024-11-28 20:00:00,0.0,0.0,2024-11-28,20
2024-11-28 21:00:00,0.0,0.0,2024-11-28,21
2024-11-28 22:00:00,0.0,0.0,2024-11-28,22
2024-11-28 23:00:00,0.0,0.0,2024-11-28,23
2024-11-29 00:00:00,0.0,0.0,2024-11-29,0
2024-11-29 01:00:00,0.0,0.0,2024-11-29,1
2024-11-29 02:00:00,0.0,0.0,2024-11-29,2
2024-11-29 03:00:00,0.0,0.0,2024-11-29,3
2024-11-29 04:00:00,0.0,0.0,2024-11-29,4
2024-11-29 05:00:00,0.0,0.0,2024-11-29,5
2024-11-29 06:00:00,0.04439376,0.0709899,2024-11-29,6
2024-11-29 07:00:00,0.05880096,0.05775424,2024-11-29,7
2024-11-29 08:00:00,0.2000947,0.2022009,2024-11-29,8
2024-11-29 09:00:00,0.476798,0.5856151,2024-11-29,9
2024-11-29 10:00:00,0.5010241,0.5830427,2024-11-29,10
2024-11-29 11:00:00,0.245549,0.2414168,2024-11-29,11
2024-11-29 12:00:00,0.4087046,0.4393878,2024-11-29,12
2024-11-29 13:00:00,0.3521746,0.380098,2024-11-29,13
2024-11-29 14:00:00,0.2572184,0.2773826,2024-11-29,14
2024-11-29 15:00:00,0.09677277,0.09623101,2024-11-29,15
2024-11-29 16:00:00,0.02251926,0.02310195,2024-11-29,16
2024-11-29 17:00:00,0.0,0.0,2024-11-29,17
2024-11-29 18:00:00,0.0,0.0,2024-11-29,18
2024-11-29 19:00:00,0.0,0.0,2024-11-29,19
2024-11-29 20:00:00,0.0,0.0,2024-11-29,20
2024-11-29 21:00:00,0.0,0.0,2024-11-29,21
2024-11-29 22:00:00,0.0,0.0,2024-11-29,22
2024-11-29 23:00:00,0.0,0.0,2024-11-29,23
2024-11-30 00:00:00,0.0,0.0,2024-11-30,0
2024-11-30 01:00:00,0.0,0.0,2024-11-30,1
2024-11-30 02:00:00,0.0,0.0,2024-11-30,2
2024-11-30 03:00:00,0.0,0.0,2024-11-30,3
2024-11-30 04:00:00,0.0,0.0,2024-11-30,4
2024-11-30 05:00:00,0.0,0.0,2024-11-30,5
2024-11-30 06:00:00,0.03521056,0.0446472,2024-11-30,6
2024-11-30 07:00:00,0.1712139,0.204136,2024-11-30,7
2024-11-30 08:00:00,0.3751553,0.4876099,2024-11-30,8
2024-11-30 09:00:00,0.5216303,0.666922,2024-11-30,9
2024-11-30 10:00:00,0.715987,0.9343826,2024-11-30,10
2024-11-30 11:00:00,0.7558061,0.9804829,2024-11-30,11
2024-11-30 12:00:00,0.6988074,0.9092401,2024-11-30,12
2024-11-30 13:00:00,0.7055743,0.9472412,2024-11-30,13
2024-11-30 14:00:00,0.5060661,0.7152056,2024-11-30,14
2024-11-30 15:00:00,0.3048432,0.4929993,2024-11-30,15
2024-11-30 16:00:00,0.07888713,0.2456788,2024-11-30,16
2024-11-30 17:00:00,0.0,0.0,2024-11-30,17
2024-11-30 18:00:00,0.0,0.0,2024-11-30,18
2024-11-30 19:00:00,0.0,0.0,2024-11-30,19
2024-11-30 20:00:00,0.0,0.0,2024-11-30,20
2024-11-30 21:00:00,0.0,0.0,2024-11-30,21
2024-11-30 22:00:00,0.0,0.0,2024-11-30,22
2024-11-30 23:00:00,0.0,0.0,2024-11-30,23
2024-12-01 00:00:00,0.0,0.0,2024-12-01,0
2024-12-01 01:00:00,0.0,0.0,2024-12-01,1
2024-12-01 02:00:00,0.0,0.0,2024-12-01,2
2024-12-01 03:00:00,0.0,0.0,2024-12-01,3
2024-12-01 04:00:00,0.0,0.0,2024-12-01,4
2024-12-01 05:00:00,0.0,0.0,2024-12-01,5
2024-12-01 06:00:00,0.03911025,0.05834157,2024-12-01,6
2024-12-01 07:00:00,0.2125439,0.2971796,2024-12-01,7
2024-12-01 08:00:00,0.4879698,0.6911614,2024-12-01,8
2024-12-01 09:00:00,0.7077533,0.9525654,2024-12-01,9
2024-12-01 10:00:00,0.6399605,0.8202131,2024-12-01,10
2024-12-01 11:00:00,0.8674811,1.13224,2024-12-01,11
2024-12-01 12:00:00,0.7989267,1.048527,2024-12-01,12
2024-12-01 13:00:00,0.7108349,0.955938,2024-12-01,13
2024-12-01 14:00:00,0.5740733,0.8166214,2024-12-01,14
2024-12-01 15:00:00,0.312582,0.507153,2024-12-01,15
2024-12-01 16:00:00,0.06455712,0.1752546,2024-12-01,16
2024-12-01 17:00:00,0.0,0.0,2024-12-01,17
2024-12-01 18:00:00,0.0,0.0,2024-12-01,18
2024-12-01 19:00:00,0.0,0.0,2024-12-01,19
2024-12-01 20:00:00,0.0,0.0,2024-12-01,20
2024-12-01 21:00:00,0.0,0.0,2024-12-01,21
2024-12-01 22:00:00,0.0,0.0,2024-12-01,22
2024-12-01 23:00:00,0.0,0.0,2024-12-01,23
2024-12-02 00:00:00,0.0,0.0,2024-12-02,0
2024-12-02 01:00:00,0.0,0.0,2024-12-02,1
2024-12-02 02:00:00,0.0,0.0,2024-12-02,2
2024-12-02 03:00:00,0.0,0.0,2024-12-02,3
2024-12-02 04:00:00,0.0,0.0,2024-12-02,4
2024-12-02 05:00:00,0.0,0.0,2024-12-02,5
2024-12-02 06:00:00,0.07883224,0.2678996,2024-12-02,6
2024-12-02 07:00:00,0.1465861,0.1625794,2024-12-02,7
2024-12-02 08:00:00,0.4122792,0.563795,2024-12-02,8
2024-12-02 09:00:00,0.5432684,0.708402,2024-12-02,9
2024-12-02 10:00:00,0.4822345,0.5556002,2024-12-02,10
2024-12-02 11:00:00,0.5216672,0.6072184,2024-12-02,11
2024-12-02 12:00:00,0.5442509,0.6593359,2024-12-02,12
2024-12-02 13:00:00,0.4264129,0.5000346,2024-12-02,13
2024-12-02 14:00:00,0.1784429,0.1778082,2024-12-02,14
2024-12-02 15:00:00,0.1068945,0.1074265,2024-12-02,15
2024-12-02 16:00:00,0.04126321,0.05988113,2024-12-02,16
2024-12-02 17:00:00,0.0,0.0,2024-12-02,17
2024-12-02 18:00:00,0.0,0.0,2024-12-02,18
2024-12-02 19:00:00,0.0,0.0,2024-12-02,19
2024-12-02 20:00:00,0.0,0.0,2024-12-02,20
2024-12-02 21:00:00,0.0,0.0,2024-12-02,21
2024-12-02 22:00:00,0.0,0.0,2024-12-02,22
2024-12-02 23:00:00,0.0,0.0,2024-12-02,23
2024-12-03 00:00:00,0.0,0.0,2024-12-03,0
2024-12-03 01:00:00,0.0,0.0,2024-12-03,1
2024-12-03 02:00:00,0.0,0.0,2024-12-03,2
2024-12-03 03:00:00,0.0,0.0,2024-12-03,3
2024-12-03 04:00:00,0.0,0.0,2024-12-03,4
2024-12-03 05:00:00,0.0,0.0,2024-12-03,5
2024-12-03 06:00:00,0.05481031,0.1533659,2024-12-03,6
2024-12-03 07:00:00,0.2838255,0.4650185,2024-12-03,7
2024-12-03 08:00:00,0.331528,0.4091824,2024-12-03,8
2024-12-03 09:00:00,0.4598902,0.5623307,2024-12-03,9
2024-12-03 10:00:00,0.4080695,0.4410602,2024-12-03,10
2024-12-03 11:00:00,0.53662,0.6331935,2024-12-03,11
2024-12-03 12:00:00,0.6445054,0.8294376,2024-12-03,12
2024-12-03 13:00:00,0.5261943,0.6774426,2024-12-03,13
2024-12-03 14:00:00,0.2412951,0.2553472,2024-12-03,14
2024-12-03 15:00:00,0.2322696,0.3407778,2024-12-03,15
2024-12-03 16:00:00,0.05950513,0.1452387,2024-12-03,16
2024-12-03 17:00:00,0.0,0.0,2024-12-03,17
2024-12-03 18:00:00,0.0,0.0,2024-12-03,18
2024-12-03 19:00:00,0.0,0.0,2024-12-03,19
2024-12-03 20:00:00,0.0,0.0,2024-12-03,20
2024-12-03 21:00:00,0.0,0.0,2024-12-03,21
2024-12-03 22:00:00,0.0,0.0,2024-12-03,22
2024-12-03 23:00:00,0.0,0.0,2024-12-03,23
2024-12-04 00:00:00,0.0,0.0,2024-12-04,0
2024-12-04 01:00:00,0.0,0.0,2024-12-04,1
2024-12-04 02:00:00,0.0,0.0,2024-12-04,2
2024-12-04 03:00:00,0.0,0.0,2024-12-04,3
2024-12-04 04:00:00,0.0,0.0,2024-12-04,4
2024-12-04 05:00:00,0.0,0.0,2024-12-04,5
2024-12-04 06:00:00,0.06659207,0.2348785,2024-12-04,6
2024-12-04 07:00:00,0.2240933,0.3346096,2024-12-04,7
2024-12-04 08:00:00,0.3831104,0.5121516,2024-12-04,8
2024-12-04 09:00:00,0.5517696,0.7265881,2024-12-04,9
2024-12-04 10:00:00,0.4018909,0.4327078,2024-12-04,10
2024-12-04 11:00:00,0.4015386,0.4249615,2024-12-04,11
2024-12-04 12:00:00,0.33291,0.3402373,2024-12-04,12
2024-12-04 13:00:00,0.07321799,0.07137198,2024-12-04,13
2024-12-04 14:00:00,0.146443,0.1441808,2024-12-04,14
2024-12-04 15:00:00,0.1180455,0.1206478,2024-12-04,15
2024-12-04 16:00:00,0.0151178,0.01520277,2024-12-04,16
2024-12-04 17:00:00,0.0,0.0,2024-12-04,17
2024-12-04 18:00:00,0.0,0.0,2024-12-04,18
2024-12-04 19:00:00,0.0,0.0,2024-12-04,19
2024-12-04 20:00:00,0.0,0.0,2024-12-04,20
2024-12-04 21:00:00,0.0,0.0,2024-12-04,21
2024-12-04 22:00:00,0.0,0.0,2024-12-04,22
2024-12-04 23:00:00,0.0,0.0,2024-12-04,23
2024-12-05 00:00:00,0.0,0.0,2024-12-05,0
2024-12-05 01:00:00,0.0,0.0,2024-12-05,1
2024-12-05 02:00:00,0.0,0.0,2024-12-05,2
2024-12-05 03:00:00,0.0,0.0,2024-12-05,3
2024-12-05 04:00:00,0.0,0.0,2024-12-05,4
2024-12-05 05:00:00,0.0,0.0,2024-12-05,5
2024-12-05 06:00:00,0.04953169,0.1371024,2024-12-05,6
2024-12-05 07:00:00,0.1129684,0.1159175,2024-12-05,7
2024-12-05 08:00:00,0.4167362,0.5789495,2024-12-05,8
2024-12-05 09:00:00,0.575604,0.7677874,2024-12-05,9
2024-12-05 10:00:00,0.676248,0.8834868,2024-12-05,10
2024-12-05 11:00:00,0.684291,0.8816834,2024-12-05,11
2024-12-05 12:00:00,0.6322007,0.8117144,2024-12-05,12
2024-12-05 13:00:00,0.5335169,0.6920589,2024-12-05,13
2024-12-05 14:00:00,0.4846568,0.6881812,2024-12-05,14
2024-12-05 15:00:00,0.2227019,0.31809,2024-12-05,15
2024-12-05 16:00:00,0.06853941,0.1944798,2024-12-05,16
2024-12-05 17:00:00,0.0,0.0,2024-12-05,17
2024-12-05 18:00:00,0.0,0.0,2024-12-05,18
2024-12-05 19:00:00,0.0,0.0,2024-12-05,19
2024-12-05 20:00:00,0.0,0.0,2024-12-05,20
2024-12-05 21:00:00,0.0,0.0,2024-12-05,21
2024-12-05 22:00:00,0.0,0.0,2024-12-05,22
2024-12-05 23:00:00,0.0,0.0,2024-12-05,23
2024-12-06 00:00:00,0.0,0.0,2024-12-06,0
2024-12-06 01:00:00,0.0,0.0,2024-12-06,1
2024-12-06 02:00:00,0.0,0.0,2024-12-06,2
2024-12-06 03:00:00,0.0,0.0,2024-12-06,3
2024-12-06 04:00:00,0.0,0.0,2024-12-06,4
2024-12-06 05:00:00,0.0,0.0,2024-12-06,5
2024-12-06 06:00:00,0.0445854,0.112148,2024-12-06,6
2024-12-06 07:00:00,0.1826686,0.239663,2024-12-06,7
2024-12-06 08:00:00,0.251476,0.2739375,2024-12-06,8
2024-12-06 09:00:00,0.3897411,0.4446448,2024-12-06,9
2024-12-06 10:00:00,0.5311984,0.6431673,2024-12-06,10
2024-12-06 11:00:00,0.4911383,0.560635,2024-12-06,11
2024-12-06 12:00:00,0.3479815,0.3594015,2024-12-06,12
2024-12-06 13:00:00,0.2407806,0.2399928,2024-12-06,13
2024-12-06 14:00:00,0.3269025,0.3968278,2024-12-06,14
2024-12-06 15:00:00,0.2439806,0.3696151,2024-12-06,15
2024-12-06 16:00:00,0.03199181,0.03605684,2024-12-06,16
2024-12-06 17:00:00,0.0,0.0,2024-12-06,17
2024-12-06 18:00:00,0.0,0.0,2024-12-06,18
2024-12-06 19:00:00,0.0,0.0,2024-12-06,19
2024-12-06 20:00:00,0.0,0.0,2024-12-06,20
2024-12-06 21:00:00,0.0,0.0,2024-12-06,21
2024-12-06 22:00:00,0.0,0.0,2024-12-06,22
2024-12-06 23:00:00,0.0,0.0,2024-12-06,23
2024-12-07 00:00:00,0.0,0.0,2024-12-07,0
2024-12-07 01:00:00,0.0,0.0,2024-12-07,1
2024-12-07 02:00:00,0.0,0.0,2024-12-07,2
2024-12-07 03:00:00,0.0,0.0,2024-12-07,3
2024-12-07 04:00:00,0.0,0.0,2024-12-07,4
2024-12-07 05:00:00,0.0,0.0,2024-12-07,5
2024-12-07 06:00:00,0.05014502,0.1620555,2024-12-07,6
2024-12-07 07:00:00,0.2483429,0.4026216,2024-12-07,7
2024-12-07 08:00:00,0.4077607,0.5663241,2024-12-07,8
2024-12-07 09:00:00,0.6666344,0.9047355,2024-12-07,9
2024-12-07 10:00:00,0.7126029,0.9395138,2024-12-07,10
2024-12-07 11:00:00,0.7519321,0.9839596,2024-12-07,11
2024-12-07 12:00:00,0.7871389,1.039642,2024-12-07,12
2024-12-07 13:00:00,0.6491395,0.8764374,2024-12-07,13
2024-12-07 14:00:00,0.5399544,0.7720513,2024-12-07,14
2024-12-07 15:00:00,0.2558773,0.3977204,2024-12-07,15
2024-12-07 16:00:00,0.07097827,0.2042725,2024-12-07,16
2024-12-07 17:00:00,0.0,0.0,2024-12-07,17
2024-12-07 18:00:00,0.0,0.0,2024-12-07,18
2024-12-07 19:00:00,0.0,0.0,2024-12-07,19
2024-12-07 20:00:00,0.0,0.0,2024-12-07,20
2024-12-07 21:00:00,0.0,0.0,2024-12-07,21
2024-12-07 22:00:00,0.0,0.0,2024-12-07,22
2024-12-07 23:00:00,0.0,0.0,2024-12-07,23
2024-12-08 00:00:00,0.0,0.0,2024-12-08,0
2024-12-08 01:00:00,0.0,0.0,2024-12-08,1
2024-12-08 02:00:00,0.0,0.0,2024-12-08,2
2024-12-08 03:00:00,0.0,0.0,2024-12-08,3
2024-12-08 04:00:00,0.0,0.0,2024-12-08,4
2024-12-08 05:00:00,0.0,0.0,2024-12-08,5
2024-12-08 06:00:00,0.0341548,0.06268492,2024-12-08,6
2024-12-08 07:00:00,0.274647,0.460829,2024-12-08,7
2024-12-08 08:00:00,0.4219219,0.5947269,2024-12-08,8
2024-12-08 09:00:00,0.6166972,0.8356283,2024-12-08,9
2024-12-08 10:00:00,0.5806711,0.7313222,2024-12-08,10
2024-12-08 11:00:00,0.645848,0.823344,2024-12-08,11
2024-12-08 12:00:00,0.7017968,0.9227036,2024-12-08,12
2024-12-08 13:00:00,0.6840683,0.9259447,2024-12-08,13
2024-12-08 14:00:00,0.5325486,0.7616946,2024-12-08,14
2024-12-08 15:00:00,0.3046874,0.4982408,2024-12-08,15
2024-12-08 16:00:00,0.07005146,0.1971265,2024-12-08,16
2024-12-08 17:00:00,0.0,0.0,2024-12-08,17
2024-12-08 18:00:00,0.0,0.0,2024-12-08,18
2024-12-08 19:00:00,0.0,0.0,2024-12-08,19
2024-12-08 20:00:00,0.0,0.0,2024-12-08,20
2024-12-08 21:00:00,0.0,0.0,2024-12-08,21
2024-12-08 22:00:00,0.0,0.0,2024-12-08,22
2024-12-08 23:00:00,0.0,0.0,2024-12-08,23
2024-12-09 00:00:00,0.0,0.0,2024-12-09,0
2024-12-09 01:00:00,0.0,0.0,2024-12-09,1
2024-12-09 02:00:00,0.0,0.0,2024-12-09,2
2024-12-09 03:00:00,0.0,0.0,2024-12-09,3
2024-12-09 04:00:00,0.0,0.0,2024-12-09,4
2024-12-09 05:00:00,0.0,0.0,2024-12-09,5
2024-12-09 06:00:00,0.02814773,0.04080796,2024-12-09,6
2024-12-09 07:00:00,0.178775,0.2370884,2024-12-09,7
2024-12-09 08:00:00,0.3861288,0.5284804,2024-12-09,8
2024-12-09 09:00:00,0.5537772,0.7380695,2024-12-09,9
2024-12-09 10:00:00,0.5358517,0.6546007,2024-12-09,10
2024-12-09 11:00:00,0.662823,0.8519704,2024-12-09,11
2024-12-09 12:00:00,0.6930799,0.9106566,2024-12-09,12
2024-12-09 13:00:00,0.6422009,0.8681573,2024-12-09,13
2024-12-09 14:00:00,0.5380607,0.7704442,2024-12-09,14
2024-12-09 15:00:00,0.2909001,0.472859,2024-12-09,15
2024-12-09 16:00:00,0.03872842,0.049541,2024-12-09,16
2024-12-09 17:00:00,0.0,0.0,2024-12-09,17
2024-12-09 18:00:00,0.0,0.0,2024-12-09,18
2024-12-09 19:00:00,0.0,0.0,2024-12-09,19
2024-12-09 20:00:00,0.0,0.0,2024-12-09,20
2024-12-09 21:00:00,0.0,0.0,2024-12-09,21
2024-12-09 22:00:00,0.0,0.0,2024-12-09,22
2024-12-09 23:00:00,0.0,0.0,2024-12-09,23
2024-12-10 00:00:00,0.0,0.0,2024-12-10,0
2024-12-10 01:00:00,0.0,0.0,2024-12-10,1
2024-12-10 02:00:00,0.0,0.0,2024-12-10,2
2024-12-10 03:00:00,0.0,0.0,2024-12-10,3
2024-12-10 04:00:00,0.0,0.0,2024-12-10,4
2024-12-10 05:00:00,0.0,0.0,2024-12-10,5
2024-12-10 06:00:00,0.03860554,0.1026493,2024-12-10,6
2024-12-10 07:00:00,0.1739964,0.2280212,2024-12-10,7
2024-12-10 08:00:00,0.4159864,0.5875903,2024-12-10,8
2024-12-10 09:00:00,0.3728359,0.4204437,2024-12-10,9
2024-12-10 10:00:00,0.5720972,0.718789,2024-12-10,10
2024-12-10 11:00:00,0.3651412,0.3782097,2024-12-10,11
2024-12-10 12:00:00,0.2977113,0.2991332,2024-12-10,12
2024-12-10 13:00:00,0.2815903,0.2874489,2024-12-10,13
2024-12-10 14:00:00,0.2797316,0.3140061,2024-12-10,14
2024-12-10 15:00:00,0.2662205,0.4208339,2024-12-10,15
2024-12-10 16:00:00,0.05443393,0.1069662,2024-12-10,16
2024-12-10 17:00:00,0.0,0.0,2024-12-10,17
2024-12-10 18:00:00,0.0,0.0,2024-12-10,18
2024-12-10 19:00:00,0.0,0.0,2024-12-10,19
2024-12-10 20:00:00,0.0,0.0,2024-12-10,20
2024-12-10 21:00:00,0.0,0.0,2024-12-10,21
2024-12-10 22:00:00,0.0,0.0,2024-12-10,22
2024-12-10 23:00:00,0.0,0.0,2024-12-10,23
2024-12-11 00:00:00,0.0,0.0,2024-12-11,0
2024-12-11 01:00:00,0.0,0.0,2024-12-11,1
2024-12-11 02:00:00,0.0,0.0,2024-12-11,2
2024-12-11 03:00:00,0.0,0.0,2024-12-11,3
2024-12-11 04:00:00,0.0,0.0,2024-12-11,4
2024-12-11 05:00:00,0.0,0.0,2024-12-11,5
2024-12-11 06:00:00,0.05045832,0.21332,2024-12-11,6
2024-12-11 07:00:00,0.07999618,0.07935992,2024-12-11,7
2024-12-11 08:00:00,0.1115598,0.1095097,2024-12-11,8
2024-12-11 09:00:00,0.1086359,0.1061648,2024-12-11,9
2024-12-11 10:00:00,0.122565,0.1196915,2024-12-11,10
2024-12-11 11:00:00,0.3208125,0.323992,2024-12-11,11
2024-12-11 12:00:00,0.09947094,0.09701676,2024-12-11,12
2024-12-11 13:00:00,0.08640049,0.08429468,2024-12-11,13
2024-12-11 14:00:00,0.03273033,0.0318642,2024-12-11,14
2024-12-11 15:00:00,0.005270265,0.005121633,2024-12-11,15
2024-12-11 16:00:00,0.01396496,0.01396057,2024-12-11,16
2024-12-11 17:00:00,0.0,0.0,2024-12-11,17
2024-12-11 18:00:00,0.0,0.0,2024-12-11,18
2024-12-11 19:00:00,0.0,0.0,2024-12-11,19
2024-12-11 20:00:00,0.0,0.0,2024-12-11,20
2024-12-11 21:00:00,0.0,0.0,2024-12-11,21
2024-12-11 22:00:00,0.0,0.0,2024-12-11,22
2024-12-11 23:00:00,0.0,0.0,2024-12-11,23
2024-12-12 00:00:00,0.0,0.0,2024-12-12,0
2024-12-12 01:00:00,0.0,0.0,2024-12-12,1
2024-12-12 02:00:00,0.0,0.0,2024-12-12,2
2024-12-12 03:00:00,0.0,0.0,2024-12-12,3
2024-12-12 04:00:00,0.0,0.0,2024-12-12,4
2024-12-12 05:00:00,0.0,0.0,2024-12-12,5
2024-12-12 06:00:00,0.0329706,0.0766584,2024-12-12,6
2024-12-12 07:00:00,0.2433774,0.4057034,2024-12-12,7
2024-12-12 08:00:00,0.4764571,0.691794,2024-12-12,8
2024-12-12 09:00:00,0.5543619,0.7430392,2024-12-12,9
2024-12-12 10:00:00,0.651433,0.8531956,2024-12-12,10
2024-12-12 11:00:00,0.7043697,0.9193658,2024-12-12,11
2024-12-12 12:00:00,0.6664714,0.8720586,2024-12-12,12
2024-12-12 13:00:00,0.4661002,0.5744278,2024-12-12,13
2024-12-12 14:00:00,0.4491042,0.6318772,2024-12-12,14
2024-12-12 15:00:00,0.2829422,0.4562044,2024-12-12,15
2024-12-12 16:00:00,0.07011852,0.1858076,2024-12-12,16
2024-12-12 17:00:00,0.0,0.0,2024-12-12,17
2024-12-12 18:00:00,0.0,0.0,2024-12-12,18
2024-12-12 19:00:00,0.0,0.0,2024-12-12,19
2024-12-12 20:00:00,0.0,0.0,2024-12-12,20
2024-12-12 21:00:00,0.0,0.0,2024-12-12,21
2024-12-12 22:00:00,0.0,0.0,2024-12-12,22
2024-12-12 23:00:00,0.0,0.0,2024-12-12,23
2024-12-13 00:00:00,0.0,0.0,2024-12-13,0
2024-12-13 01:00:00,0.0,0.0,2024-12-13,1
2024-12-13 02:00:00,0.0,0.0,2024-12-13,2
2024-12-13 03:00:00,0.0,0.0,2024-12-13,3
2024-12-13 04:00:00,0.0,0.0,2024-12-13,4
2024-12-13 05:00:00,0.0,0.0,2024-12-13,5
2024-12-13 06:00:00,0.03614373,0.1062627,2024-12-13,6
2024-12-13 07:00:00,0.1851784,0.261552,2024-12-13,7
2024-12-13 08:00:00,0.4640106,0.6741784,2024-12-13,8
2024-12-13 09:00:00,0.6726832,0.9203411,2024-12-13,9
2024-12-13 10:00:00,0.7793491,1.036851,2024-12-13,10
2024-12-13 11:00:00,0.8157656,1.07548,2024-12-13,11
2024-12-13 12:00:00,0.5542685,0.6844319,2024-12-13,12
2024-12-13 13:00:00,0.4180009,0.4892859,2024-12-13,13
2024-12-13 14:00:00,0.402185,0.5440021,2024-12-13,14
2024-12-13 15:00:00,0.2344721,0.3437533,2024-12-13,15
2024-12-13 16:00:00,0.06035871,0.1293676,2024-12-13,16
2024-12-13 17:00:00,0.0,0.0,2024-12-13,17
2024-12-13 18:00:00,0.0,0.0,2024-12-13,18
2024-12-13 19:00:00,0.0,0.0,2024-12-13,19
2024-12-13 20:00:00,0.0,0.0,2024-12-13,20
2024-12-13 21:00:00,0.0,0.0,2024-12-13,21
2024-12-13 22:00:00,0.0,0.0,2024-12-13,22
2024-12-13 23:00:00,0.0,0.0,2024-12-13,23
2024-12-14 00:00:00,0.0,0.0,2024-12-14,0
2024-12-14 01:00:00,0.0,0.0,2024-12-14,1
2024-12-14 02:00:00,0.0,0.0,2024-12-14,2
2024-12-14 03:00:00,0.0,0.0,2024-12-14,3
2024-12-14 04:00:00,0.0,0.0,2024-12-14,4
2024-12-14 05:00:00,0.0,0.0,2024-12-14,5
2024-12-14 06:00:00,0.03245978,0.08185696,2024-12-14,6
2024-12-14 07:00:00,0.1615604,0.2067993,2024-12-14,7
2024-12-14 08:00:00,0.3992497,0.5628631,2024-12-14,8
2024-12-14 09:00:00,0.5115016,0.6711043,2024-12-14,9
2024-12-14 10:00:00,0.721559,0.9583612,2024-12-14,10
2024-12-14 11:00:00,0.7622495,1.003415,2024-12-14,11
2024-12-14 12:00:00,0.6373646,0.8264179,2024-12-14,12
2024-12-14 13:00:00,0.6122655,0.8262429,2024-12-14,13
2024-12-14 14:00:00,0.4685597,0.6653154,2024-12-14,14
2024-12-14 15:00:00,0.3115973,0.5099514,2024-12-14,15
2024-12-14 16:00:00,0.09637889,0.2901516,2024-12-14,16
2024-12-14 17:00:00,0.0,0.0,2024-12-14,17
2024-12-14 18:00:00,0.0,0.0,2024-12-14,18
2024-12-14 19:00:00,0.0,0.0,2024-12-14,19
2024-12-14 20:00:00,0.0,0.0,2024-12-14,20
2024-12-14 21:00:00,0.0,0.0,2024-12-14,21
2024-12-14 22:00:00,0.0,0.0,2024-12-14,22
2024-12-14 23:00:00,0.0,0.0,2024-12-14,23
2024-12-15 00:00:00,0.0,0.0,2024-12-15,0
2024-12-15 01:00:00,0.0,0.0,2024-12-15,1
2024-12-15 02:00:00,0.0,0.0,2024-12-15,2
2024-12-15 03:00:00,0.0,0.0,2024-12-15,3
2024-12-15 04:00:00,0.0,0.0,2024-12-15,4
2024-12-15 05:00:00,0.0,0.0,2024-12-15,5
2024-12-15 06:00:00,0.0545721,0.2617415,2024-12-15,6
2024-12-15 07:00:00,0.2571505,0.4425399,2024-12-15,7
2024-12-15 08:00:00,0.4667094,0.6805799,2024-12-15,8
2024-12-15 09:00:00,0.6313981,0.8636532,2024-12-15,9
2024-12-15 10:00:00,0.7355657,0.9781121,2024-12-15,10
2024-12-15 11:00:00,0.7672453,1.010621,2024-12-15,11
2024-12-15 12:00:00,0.627492,0.8104632,2024-12-15,12
2024-12-15 13:00:00,0.5108817,0.6556433,2024-12-15,13
2024-12-15 14:00:00,0.4600731,0.6507201,2024-12-15,14
2024-12-15 15:00:00,0.2926854,0.4742347,2024-12-15,15
2024-12-15 16:00:00,0.05913637,0.1171305,2024-12-15,16
2024-12-15 17:00:00,0.0,0.0,2024-12-15,17
2024-12-15 18:00:00,0.0,0.0,2024-12-15,18
2024-12-15 19:00:00,0.0,0.0,2024-12-15,19
2024-12-15 20:00:00,0.0,0.0,2024-12-15,20
2024-12-15 21:00:00,0.0,0.0,2024-12-15,21
2024-12-15 22:00:00,0.0,0.0,2024-12-15,22
2024-12-15 23:00:00,0.0,0.0,2024-12-15,23
2024-12-16 00:00:00,0.0,0.0,2024-12-16,0
2024-12-16 01:00:00,0.0,0.0,2024-12-16,1
2024-12-16 02:00:00,0.0,0.0,2024-12-16,2
2024-12-16 03:00:00,0.0,0.0,2024-12-16,3
2024-12-16 04:00:00,0.0,0.0,2024-12-16,4
2024-12-16 05:00:00,0.0,0.0,2024-12-16,5
2024-12-16 06:00:00,0.04507769,0.2034189,2024-12-16,6
2024-12-16 07:00:00,0.2603611,0.4508019,2024-12-16,7
2024-12-16 08:00:00,0.4055416,0.5777493,2024-12-16,8
2024-12-16 09:00:00,0.3424457,0.3760105,2024-12-16,9
2024-12-16 10:00:00,0.6303619,0.8225034,2024-12-16,10
2024-12-16 11:00:00,0.4191841,0.4533784,2024-12-16,11
2024-12-16 12:00:00,0.6171504,0.7934146,2024-12-16,12
2024-12-16 13:00:00,0.4192498,0.4912354,2024-12-16,13
2024-12-16 14:00:00,0.4305107,0.5972123,2024-12-16,14
2024-12-16 15:00:00,0.3042358,0.4957206,2024-12-16,15
2024-12-16 16:00:00,0.07221778,0.1813547,2024-12-16,16
2024-12-16 17:00:00,0.0,0.0,2024-12-16,17
2024-12-16 18:00:00,0.0,0.0,2024-12-16,18
2024-12-16 19:00:00,0.0,0.0,2024-12-16,19
2024-12-16 20:00:00,0.0,0.0,2024-12-16,20
2024-12-16 21:00:00,0.0,0.0,2024-12-16,21
2024-12-16 22:00:00,0.0,0.0,2024-12-16,22
2024-12-16 23:00:00,0.0,0.0,2024-12-16,23
2024-12-17 00:00:00,0.0,0.0,2024-12-17,0
2024-12-17 01:00:00,0.0,0.0,2024-12-17,1
2024-12-17 02:00:00,0.0,0.0,2024-12-17,2
2024-12-17 03:00:00,0.0,0.0,2024-12-17,3
2024-12-17 04:00:00,0.0,0.0,2024-12-17,4
2024-12-17 05:00:00,0.0,0.0,2024-12-17,5
2024-12-17 06:00:00,0.04269208,0.1881282,2024-12-17,6
2024-12-17 07:00:00,0.2469813,0.4255563,2024-12-17,7
2024-12-17 08:00:00,0.418232,0.6024173,2024-12-17,8
2024-12-17 09:00:00,0.4676719,0.5941703,2024-12-17,9
2024-12-17 10:00:00,0.6336779,0.8284857,2024-12-17,10
2024-12-17 11:00:00,0.4146161,0.446876,2024-12-17,11
2024-12-17 12:00:00,0.3745221,0.3955564,2024-12-17,12
2024-12-17 13:00:00,0.5060038,0.6465464,2024-12-17,13
2024-12-17 14:00:00,0.2952999,0.3386842,2024-12-17,14
2024-12-17 15:00:00,0.1601616,0.1800933,2024-12-17,15
2024-12-17 16:00:00,0.0482144,0.06877022,2024-12-17,16
2024-12-17 17:00:00,0.0,0.0,2024-12-17,17
2024-12-17 18:00:00,0.0,0.0,2024-12-17,18
2024-12-17 19:00:00,0.0,0.0,2024-12-17,19
2024-12-17 20:00:00,0.0,0.0,2024-12-17,20
2024-12-17 21:00:00,0.0,0.0,2024-12-17,21
2024-12-17 22:00:00,0.0,0.0,2024-12-17,22
2024-12-17 23:00:00,0.0,0.0,2024-12-17,23
2024-12-18 00:00:00,0.0,0.0,2024-12-18,0
2024-12-18 01:00:00,0.0,0.0,2024-12-18,1
2024-12-18 02:00:00,0.0,0.0,2024-12-18,2
2024-12-18 03:00:00,0.0,0.0,2024-12-18,3
2024-12-18 04:00:00,0.0,0.0,2024-12-18,4
2024-12-18 05:00:00,0.0,0.0,2024-12-18,5
2024-12-18 06:00:00,0.04167689,0.1840002,2024-12-18,6
2024-12-18 07:00:00,0.2708961,0.4735368,2024-12-18,7
2024-12-18 08:00:00,0.4801536,0.7038117,2024-12-18,8
2024-12-18 09:00:00,0.5864795,0.8002152,2024-12-18,9
2024-12-18 10:00:00,0.645539,0.8480265,2024-12-18,10
2024-12-18 11:00:00,0.59034,0.735656,2024-12-18,11
2024-12-18 12:00:00,0.6079021,0.7779413,2024-12-18,12
2024-12-18 13:00:00,0.6241,0.8442048,2024-12-18,13
2024-12-18 14:00:00,0.5412821,0.7761379,2024-12-18,14
2024-12-18 15:00:00,0.2849207,0.4554343,2024-12-18,15
2024-12-18 16:00:00,0.06664583,0.1436166,2024-12-18,16
2024-12-18 17:00:00,0.0,0.0,2024-12-18,17
2024-12-18 18:00:00,0.0,0.0,2024-12-18,18
2024-12-18 19:00:00,0.0,0.0,2024-12-18,19
2024-12-18 20:00:00,0.0,0.0,2024-12-18,20
2024-12-18 21:00:00,0.0,0.0,2024-12-18,21
2024-12-18 22:00:00,0.0,0.0,2024-12-18,22
2024-12-18 23:00:00,0.0,0.0,2024-12-18,23
2024-12-19 00:00:00,0.0,0.0,2024-12-19,0
2024-12-19 01:00:00,0.0,0.0,2024-12-19,1
2024-12-19 02:00:00,0.0,0.0,2024-12-19,2
2024-12-19 03:00:00,0.0,0.0,2024-12-19,3
2024-12-19 04:00:00,0.0,0.0,2024-12-19,4
2024-12-19 05:00:00,0.0,0.0,2024-12-19,5
2024-12-19 06:00:00,0.03225819,0.1030554,2024-12-19,6
2024-12-19 07:00:00,0.186818,0.2791339,2024-12-19,7
2024-12-19 08:00:00,0.3492441,0.469747,2024-12-19,8
2024-12-19 09:00:00,0.3519524,0.392024,2024-12-19,9
2024-12-19 10:00:00,0.04346486,0.04228554,2024-12-19,10
2024-12-19 11:00:00,0.2522663,0.248838,2024-12-19,11
2024-12-19 12:00:00,0.4291413,0.4750222,2024-12-19,12
2024-12-19 13:00:00,0.4739433,0.5877317,2024-12-19,13
2024-12-19 14:00:00,0.1946674,0.1958364,2024-12-19,14
2024-12-19 15:00:00,0.08215081,0.08107932,2024-12-19,15
2024-12-19 16:00:00,0.0335326,0.03556491,2024-12-19,16
2024-12-19 17:00:00,0.0,0.0,2024-12-19,17
2024-12-19 18:00:00,0.0,0.0,2024-12-19,18
2024-12-19 19:00:00,0.0,0.0,2024-12-19,19
2024-12-19 20:00:00,0.0,0.0,2024-12-19,20
2024-12-19 21:00:00,0.0,0.0,2024-12-19,21
2024-12-19 22:00:00,0.0,0.0,2024-12-19,22
2024-12-19 23:00:00,0.0,0.0,2024-12-19,23
2024-12-20 00:00:00,0.0,0.0,2024-12-20,0
2024-12-20 01:00:00,0.0,0.0,2024-12-20,1
2024-12-20 02:00:00,0.0,0.0,2024-12-20,2
2024-12-20 03:00:00,0.0,0.0,2024-12-20,3
2024-12-20 04:00:00,0.0,0.0,2024-12-20,4
2024-12-20 05:00:00,0.0,0.0,2024-12-20,5
2024-12-20 06:00:00,0.03327539,0.1170992,2024-12-20,6
2024-12-20 07:00:00,0.05237583,0.05161034,2024-12-20,7
2024-12-20 08:00:00,0.08455784,0.08281306,2024-12-20,8
2024-12-20 09:00:00,0.0464615,0.04523556,2024-12-20,9
2024-12-20 10:00:00,0.1141356,0.1114294,2024-12-20,10
2024-12-20 11:00:00,0.1072056,0.1045787,2024-12-20,11
2024-12-20 12:00:00,0.04424322,0.04304094,2024-12-20,12
2024-12-20 13:00:00,0.02447532,0.02379423,2024-12-20,13
2024-12-20 14:00:00,0.06053416,0.05907031,2024-12-20,14
2024-12-20 15:00:00,0.08274842,0.08166828,2024-12-20,15
2024-12-20 16:00:00,0.02128976,0.021431,2024-12-20,16
2024-12-20 17:00:00,0.0,0.0,2024-12-20,17
2024-12-20 18:00:00,0.0,0.0,2024-12-20,18
2024-12-20 19:00:00,0.0,0.0,2024-12-20,19
2024-12-20 20:00:00,0.0,0.0,2024-12-20,20
2024-12-20 21:00:00,0.0,0.0,2024-12-20,21
2024-12-20 22:00:00,0.0,0.0,2024-12-20,22
2024-12-20 23:00:00,0.0,0.0,2024-12-20,23
2024-12-21 00:00:00,0.0,0.0,2024-12-21,0
2024-12-21 01:00:00,0.0,0.0,2024-12-21,1
2024-12-21 02:00:00,0.0,0.0,2024-12-21,2
2024-12-21 03:00:00,0.0,0.0,2024-12-21,3
2024-12-21 04:00:00,0.0,0.0,2024-12-21,4
2024-12-21 05:00:00,0.0,0.0,2024-12-21,5
2024-12-21 06:00:00,0.01392907,0.01525334,2024-12-21,6
2024-12-21 07:00:00,0.07151741,0.07095104,2024-12-21,7
2024-12-21 08:00:00,0.1859173,0.1895182,2024-12-21,8
2024-12-21 09:00:00,0.4487041,0.5619077,2024-12-21,9
2024-12-21 10:00:00,0.5195701,0.6338547,2024-12-21,10
2024-12-21 11:00:00,0.251026,0.2475522,2024-12-21,11
2024-12-21 12:00:00,0.5126358,0.6121694,2024-12-21,12
2024-12-21 13:00:00,0.590874,0.7916968,2024-12-21,13
2024-12-21 14:00:00,0.4065557,0.5478438,2024-12-21,14
2024-12-21 15:00:00,0.2736936,0.4265659,2024-12-21,15
2024-12-21 16:00:00,0.09897453,0.2762688,2024-12-21,16
2024-12-21 17:00:00,0.0,0.0,2024-12-21,17
2024-12-21 18:00:00,0.0,0.0,2024-12-21,18
2024-12-21 19:00:00,0.0,0.0,2024-12-21,19
2024-12-21 20:00:00,0.0,0.0,2024-12-21,20
2024-12-21 21:00:00,0.0,0.0,2024-12-21,21
2024-12-21 22:00:00,0.0,0.0,2024-12-21,22
2024-12-21 23:00:00,0.0,0.0,2024-12-21,23
2024-12-22 00:00:00,0.0,0.0,2024-12-22,0
2024-12-22 01:00:00,0.0,0.0,2024-12-22,1
2024-12-22 02:00:00,0.0,0.0,2024-12-22,2
2024-12-22 03:00:00,0.0,0.0,2024-12-22,3
2024-12-22 04:00:00,0.0,0.0,2024-12-22,4
2024-12-22 05:00:00,0.0,0.0,2024-12-22,5
2024-12-22 06:00:00,0.01766315,0.02308738,2024-12-22,6
2024-12-22 07:00:00,0.1781439,0.2617782,2024-12-22,7
2024-12-22 08:00:00,0.4950134,0.7293874,2024-12-22,8
2024-12-22 09:00:00,0.6592478,0.9068292,2024-12-22,9
2024-12-22 10:00:00,0.6168008,0.8025797,2024-12-22,10
2024-12-22 11:00:00,0.8077629,1.067047,2024-12-22,11
2024-12-22 12:00:00,0.64481,0.8385939,2024-12-22,12
2024-12-22 13:00:00,0.5236193,0.6760611,2024-12-22,13
2024-12-22 14:00:00,0.5078564,0.7246918,2024-12-22,14
2024-12-22 15:00:00,0.2547736,0.3807709,2024-12-22,15
2024-12-22 16:00:00,0.08226542,0.2023129,2024-12-22,16
2024-12-22 17:00:00,0.0,0.0,2024-12-22,17
2024-12-22 18:00:00,0.0,0.0,2024-12-22,18
2024-12-22 19:00:00,0.0,0.0,2024-12-22,19
2024-12-22 20:00:00,0.0,0.0,2024-12-22,20
2024-12-22 21:00:00,0.0,0.0,2024-12-22,21
2024-12-22 22:00:00,0.0,0.0,2024-12-22,22
2024-12-22 23:00:00,0.0,0.0,2024-12-22,23
2024-12-23 00:00:00,0.0,0.0,2024-12-23,0
2024-12-23 01:00:00,0.0,0.0,2024-12-23,1
2024-12-23 02:00:00,0.0,0.0,2024-12-23,2
2024-12-23 03:00:00,0.0,0.0,2024-12-23,3
2024-12-23 04:00:00,0.0,0.0,2024-12-23,4
2024-12-23 05:00:00,0.0,0.0,2024-12-23,5
2024-12-23 06:00:00,0.03522993,0.1487634,2024-12-23,6
2024-12-23 07:00:00,0.1825856,0.2754695,2024-12-23,7
2024-12-23 08:00:00,0.4530589,0.6656961,2024-12-23,8
2024-12-23 09:00:00,0.651455,0.895943,2024-12-23,9
2024-12-23 10:00:00,0.6400857,0.8406343,2024-12-23,10
2024-12-23 11:00:00,0.7445762,0.9807961,2024-12-23,11
2024-12-23 12:00:00,0.7699572,1.021393,2024-12-23,12
2024-12-23 13:00:00,0.6857127,0.9302904,2024-12-23,13
2024-12-23 14:00:00,0.532425,0.760402,2024-12-23,14
2024-12-23 15:00:00,0.2362329,0.334571,2024-12-23,15
2024-12-23 16:00:00,0.06603339,0.1203447,2024-12-23,16
2024-12-23 17:00:00,0.0,0.0,2024-12-23,17
2024-12-23 18:00:00,0.0,0.0,2024-12-23,18
2024-12-23 19:00:00,0.0,0.0,2024-12-23,19
2024-12-23 20:00:00,0.0,0.0,2024-12-23,20
2024-12-23 21:00:00,0.0,0.0,2024-12-23,21
2024-12-23 22:00:00,0.0,0.0,2024-12-23,22
2024-12-23 23:00:00,0.0,0.0,2024-12-23,23
2024-12-24 00:00:00,0.0,0.0,2024-12-24,0
2024-12-24 01:00:00,0.0,0.0,2024-12-24,1
2024-12-24 02:00:00,0.0,0.0,2024-12-24,2
2024-12-24 03:00:00,0.0,0.0,2024-12-24,3
2024-12-24 04:00:00,0.0,0.0,2024-12-24,4
2024-12-24 05:00:00,0.0,0.0,2024-12-24,5
2024-12-24 06:00:00,0.03197245,0.1227821,2024-12-24,6
2024-12-24 07:00:00,0.1512398,0.1967955,2024-12-24,7
2024-12-24 08:00:00,0.2670111,0.3116039,2024-12-24,8
2024-12-24 09:00:00,0.5373845,0.7233675,2024-12-24,9
2024-12-24 10:00:00,0.5965616,0.7687238,2024-12-24,10
2024-12-24 11:00:00,0.7172326,0.9413354,2024-12-24,11
2024-12-24 12:00:00,0.5560356,0.6866683,2024-12-24,12
2024-12-24 13:00:00,0.596006,0.7982104,2024-12-24,13
2024-12-24 14:00:00,0.5540033,0.7916396,2024-12-24,14
2024-12-24 15:00:00,0.2248008,0.3058321,2024-12-24,15
2024-12-24 16:00:00,0.03152582,0.0322343,2024-12-24,16
2024-12-24 17:00:00,0.0,0.0,2024-12-24,17
2024-12-24 18:00:00,0.0,0.0,2024-12-24,18
2024-12-24 19:00:00,0.0,0.0,2024-12-24,19
2024-12-24 20:00:00,0.0,0.0,2024-12-24,20
2024-12-24 21:00:00,0.0,0.0,2024-12-24,21
2024-12-24 22:00:00,0.0,0.0,2024-12-24,22
2024-12-24 23:00:00,0.0,0.0,2024-12-24,23
2024-12-25 00:00:00,0.0,0.0,2024-12-25,0
2024-12-25 01:00:00,0.0,0.0,2024-12-25,1
2024-12-25 02:00:00,0.0,0.0,2024-12-25,2
2024-12-25 03:00:00,0.0,0.0,2024-12-25,3
2024-12-25 04:00:00,0.0,0.0,2024-12-25,4
2024-12-25 05:00:00,0.0,0.0,2024-12-25,5
2024-12-25 06:00:00,0.03267638,0.1332585,2024-12-25,6
2024-12-25 07:00:00,0.2112754,0.3560897,2024-12-25,7
2024-12-25 08:00:00,0.4903432,0.723474,2024-12-25,8
2024-12-25 09:00:00,0.6624112,0.9117356,2024-12-25,9
2024-12-25 10:00:00,0.7117374,0.947576,2024-12-25,10
2024-12-25 11:00:00,0.7240048,0.9509804,2024-12-25,11
2024-12-25 12:00:00,0.6801769,0.8931446,2024-12-25,12
2024-12-25 13:00:00,0.7230376,0.9815617,2024-12-25,13
2024-12-25 14:00:00,0.5747226,0.8215337,2024-12-25,14
2024-12-25 15:00:00,0.2869325,0.4485531,2024-12-25,15
2024-12-25 16:00:00,0.1001061,0.262359,2024-12-25,16
2024-12-25 17:00:00,0.0,0.0,2024-12-25,17
2024-12-25 18:00:00,0.0,0.0,2024-12-25,18
2024-12-25 19:00:00,0.0,0.0,2024-12-25,19
2024-12-25 20:00:00,0.0,0.0,2024-12-25,20
2024-12-25 21:00:00,0.0,0.0,2024-12-25,21
2024-12-25 22:00:00,0.0,0.0,2024-12-25,22
2024-12-25 23:00:00,0.0,0.0,2024-12-25,23
2024-12-26 00:00:00,0.0,0.0,2024-12-26,0
2024-12-26 01:00:00,0.0,0.0,2024-12-26,1
2024-12-26 02:00:00,0.0,0.0,2024-12-26,2
2024-12-26 03:00:00,0.0,0.0,2024-12-26,3
2024-12-26 04:00:00,0.0,0.0,2024-12-26,4
2024-12-26 05:00:00,0.0,0.0,2024-12-26,5
2024-12-26 06:00:00,0.02342868,0.05602727,2024-12-26,6
2024-12-26 07:00:00,0.0744616,0.07414244,2024-12-26,7
2024-12-26 08:00:00,0.04510042,0.04398815,2024-12-26,8
2024-12-26 09:00:00,0.10566,0.103273,2024-12-26,9
2024-12-26 10:00:00,0.188137,0.1844186,2024-12-26,10
2024-12-26 11:00:00,0.2554373,0.252115,2024-12-26,11
2024-12-26 12:00:00,0.5943466,0.7520509,2024-12-26,12
2024-12-26 13:00:00,0.4498681,0.5402513,2024-12-26,13
2024-12-26 14:00:00,0.4181079,0.5644261,2024-12-26,14
2024-12-26 15:00:00,0.1296957,0.1327205,2024-12-26,15
2024-12-26 16:00:00,0.04602752,0.05280783,2024-12-26,16
2024-12-26 17:00:00,0.0,0.0,2024-12-26,17
2024-12-26 18:00:00,0.0,0.0,2024-12-26,18
2024-12-26 19:00:00,0.0,0.0,2024-12-26,19
2024-12-26 20:00:00,0.0,0.0,2024-12-26,20
2024-12-26 21:00:00,0.0,0.0,2024-12-26,21
2024-12-26 22:00:00,0.0,0.0,2024-12-26,22
2024-12-26 23:00:00,0.0,0.0,2024-12-26,23
2024-12-27 00:00:00,0.0,0.0,2024-12-27,0
2024-12-27 01:00:00,0.0,0.0,2024-12-27,1
2024-12-27 02:00:00,0.0,0.0,2024-12-27,2
2024-12-27 03:00:00,0.0,0.0,2024-12-27,3
2024-12-27 04:00:00,0.0,0.0,2024-12-27,4
2024-12-27 05:00:00,0.0,0.0,2024-12-27,5
2024-12-27 06:00:00,0.0132151,0.01500214,2024-12-27,6
2024-12-27 07:00:00,0.1234611,0.1414065,2024-12-27,7
2024-12-27 08:00:00,0.2985429,0.3726987,2024-12-27,8
2024-12-27 09:00:00,0.5337044,0.7174811,2024-12-27,9
2024-12-27 10:00:00,0.5147279,0.6255806,2024-12-27,10
2024-12-27 11:00:00,0.5163335,0.60725,2024-12-27,11
2024-12-27 12:00:00,0.5005078,0.5889086,2024-12-27,12
2024-12-27 13:00:00,0.4044232,0.4615387,2024-12-27,13
2024-12-27 14:00:00,0.2957097,0.3337829,2024-12-27,14
2024-12-27 15:00:00,0.1510472,0.1610311,2024-12-27,15
2024-12-27 16:00:00,0.04774486,0.05524595,2024-12-27,16
2024-12-27 17:00:00,0.0,0.0,2024-12-27,17
2024-12-27 18:00:00,0.0,0.0,2024-12-27,18
2024-12-27 19:00:00,0.0,0.0,2024-12-27,19
2024-12-27 20:00:00,0.0,0.0,2024-12-27,20
2024-12-27 21:00:00,0.0,0.0,2024-12-27,21
2024-12-27 22:00:00,0.0,0.0,2024-12-27,22
2024-12-27 23:00:00,0.0,0.0,2024-12-27,23
2024-12-28 00:00:00,0.0,0.0,2024-12-28,0
2024-12-28 01:00:00,0.0,0.0,2024-12-28,1
2024-12-28 02:00:00,0.0,0.0,2024-12-28,2
2024-12-28 03:00:00,0.0,0.0,2024-12-28,3
2024-12-28 04:00:00,0.0,0.0,2024-12-28,4
2024-12-28 05:00:00,0.0,0.0,2024-12-28,5
2024-12-28 06:00:00,0.02347457,0.06110821,2024-12-28,6
2024-12-28 07:00:00,0.2281789,0.400946,2024-12-28,7
2024-12-28 08:00:00,0.429271,0.6289747,2024-12-28,8
2024-12-28 09:00:00,0.5729023,0.7816359,2024-12-28,9
2024-12-28 10:00:00,0.7432702,0.9900217,2024-12-28,10
2024-12-28 11:00:00,0.8431705,1.113391,2024-12-28,11
2024-12-28 12:00:00,0.7855182,1.040206,2024-12-28,12
2024-12-28 13:00:00,0.7057756,0.9550305,2024-12-28,13
2024-12-28 14:00:00,0.5012575,0.7089676,2024-12-28,14
2024-12-28 15:00:00,0.3651479,0.5863636,2024-12-28,15
2024-12-28 16:00:00,0.1056862,0.2667602,2024-12-28,16
2024-12-28 17:00:00,0.0,0.0,2024-12-28,17
2024-12-28 18:00:00,0.0,0.0,2024-12-28,18
2024-12-28 19:00:00,0.0,0.0,2024-12-28,19
2024-12-28 20:00:00,0.0,0.0,2024-12-28,20
2024-12-28 21:00:00,0.0,0.0,2024-12-28,21
2024-12-28 22:00:00,0.0,0.0,2024-12-28,22
2024-12-28 23:00:00,0.0,0.0,2024-12-28,23
2024-12-29 00:00:00,0.0,0.0,2024-12-29,0
2024-12-29 01:00:00,0.0,0.0,2024-12-29,1
2024-12-29 02:00:00,0.0,0.0,2024-12-29,2
2024-12-29 03:00:00,0.0,0.0,2024-12-29,3
2024-12-29 04:00:00,0.0,0.0,2024-12-29,4
2024-12-29 05:00:00,0.0,0.0,2024-12-29,5
2024-12-29 06:00:00,0.0313481,0.1342576,2024-12-29,6
2024-12-29 07:00:00,0.2286589,0.4028878,2024-12-29,7
2024-12-29 08:00:00,0.4380548,0.6433978,2024-12-29,8
2024-12-29 09:00:00,0.5041147,0.6655063,2024-12-29,9
2024-12-29 10:00:00,0.6148031,0.7983615,2024-12-29,10
2024-12-29 11:00:00,0.5939465,0.7397107,2024-12-29,11
2024-12-29 12:00:00,0.6544343,0.8499256,2024-12-29,12
2024-12-29 13:00:00,0.6258278,0.8404361,2024-12-29,13
2024-12-29 14:00:00,0.5577777,0.7920746,2024-12-29,14
2024-12-29 15:00:00,0.3097758,0.4876308,2024-12-29,15
2024-12-29 16:00:00,0.1049092,0.2583788,2024-12-29,16
2024-12-29 17:00:00,0.0,0.0,2024-12-29,17
2024-12-29 18:00:00,0.0,0.0,2024-12-29,18
2024-12-29 19:00:00,0.0,0.0,2024-12-29,19
2024-12-29 20:00:00,0.0,0.0,2024-12-29,20
2024-12-29 21:00:00,0.0,0.0,2024-12-29,21
2024-12-29 22:00:00,0.0,0.0,2024-12-29,22
2024-12-29 23:00:00,0.0,0.0,2024-12-29,23
2024-12-30 00:00:00,0.0,0.0,2024-12-30,0
2024-12-30 01:00:00,0.0,0.0,2024-12-30,1
2024-12-30 02:00:00,0.0,0.0,2024-12-30,2
2024-12-30 03:00:00,0.0,0.0,2024-12-30,3
2024-12-30 04:00:00,0.0,0.0,2024-12-30,4
2024-12-30 05:00:00,0.0,0.0,2024-12-30,5
2024-12-30 06:00:00,0.02129324,0.04945972,2024-12-30,6
2024-12-30 07:00:00,0.1236448,0.143015,2024-12-30,7
2024-12-30 08:00:00,0.232418,0.2552191,2024-12-30,8
2024-12-30 09:00:00,0.3371492,0.3707657,2024-12-30,9
2024-12-30 10:00:00,0.5062464,0.6099669,2024-12-30,10
2024-12-30 11:00:00,0.3632244,0.3760263,2024-12-30,11
2024-12-30 12:00:00,0.4041568,0.4349914,2024-12-30,12
2024-12-30 13:00:00,0.3396658,0.3610043,2024-12-30,13
2024-12-30 14:00:00,0.5198807,0.7351441,2024-12-30,14
2024-12-30 15:00:00,0.2593504,0.3743108,2024-12-30,15
2024-12-30 16:00:00,0.07939097,0.1451388,2024-12-30,16
2024-12-30 17:00:00,1.87403e-06,0.0,2024-12-30,17
2024-12-30 18:00:00,0.0,0.0,2024-12-30,18
2024-12-30 19:00:00,0.0,0.0,2024-12-30,19
2024-12-30 20:00:00,0.0,0.0,2024-12-30,20
2024-12-30 21:00:00,0.0,0.0,2024-12-30,21
2024-12-30 22:00:00,0.0,0.0,2024-12-30,22
2024-12-30 23:00:00,0.0,0.0,2024-12-30,23
