date_time,global_solar_kw/m2,incident_solar_kw/m2,date,hour
2024-01-01 00:00:00,0.0,0.0,2024-01-01,0
2024-01-01 01:00:00,0.0,0.0,2024-01-01,1
2024-01-01 02:00:00,0.0,0.0,2024-01-01,2
2024-01-01 03:00:00,0.0,0.0,2024-01-01,3
2024-01-01 04:00:00,0.0,0.0,2024-01-01,4
2024-01-01 05:00:00,0.0,0.0,2024-01-01,5
2024-01-01 06:00:00,0.01811987,0.04095938,2024-01-01,6
2024-01-01 07:00:00,0.174763,0.2728209,2024-01-01,7
2024-01-01 08:00:00,0.4038552,0.5861957,2024-01-01,8
2024-01-01 09:00:00,0.3685717,0.4211937,2024-01-01,9
2024-01-01 10:00:00,0.3997844,0.434705,2024-01-01,10
2024-01-01 11:00:00,0.6847106,0.8841047,2024-01-01,11
2024-01-01 12:00:00,0.5019267,0.5843068,2024-01-01,12
2024-01-01 13:00:00,0.4674234,0.5603404,2024-01-01,13
2024-01-01 14:00:00,0.2940287,0.3237127,2024-01-01,14
2024-01-01 15:00:00,0.194652,0.2239955,2024-01-01,15
2024-01-01 16:00:00,0.08481911,0.1347463,2024-01-01,16
2024-01-01 17:00:00,0.000587511,0.0,2024-01-01,17
2024-01-01 18:00:00,0.0,0.0,2024-01-01,18
2024-01-01 19:00:00,0.0,0.0,2024-01-01,19
2024-01-01 20:00:00,0.0,0.0,2024-01-01,20
2024-01-01 21:00:00,0.0,0.0,2024-01-01,21
2024-01-01 22:00:00,0.0,0.0,2024-01-01,22
2024-01-01 23:00:00,0.0,0.0,2024-01-01,23
2024-01-02 00:00:00,0.0,0.0,2024-01-02,0
2024-01-02 01:00:00,0.0,0.0,2024-01-02,1
2024-01-02 02:00:00,0.0,0.0,2024-01-02,2
2024-01-02 03:00:00,0.0,0.0,2024-01-02,3
2024-01-02 04:00:00,0.0,0.0,2024-01-02,4
2024-01-02 05:00:00,0.0,0.0,2024-01-02,5
2024-01-02 06:00:00,0.02191105,0.07328661,2024-01-02,6
2024-01-02 07:00:00,0.2131439,0.3758338,2024-01-02,7
2024-01-02 08:00:00,0.4548639,0.6690937,2024-01-02,8
2024-01-02 09:00:00,0.6089118,0.8322051,2024-01-02,9
2024-01-02 10:00:00,0.6151962,0.7947737,2024-01-02,10
2024-01-02 11:00:00,0.5568368,0.6702054,2024-01-02,11
2024-01-02 12:00:00,0.4934384,0.5694798,2024-01-02,12
2024-01-02 13:00:00,0.6244309,0.8282789,2024-01-02,13
2024-01-02 14:00:00,0.4627918,0.628635,2024-01-02,14
2024-01-02 15:00:00,0.3593606,0.5597767,2024-01-02,15
2024-01-02 16:00:00,0.1034315,0.1995048,2024-01-02,16
2024-01-02 17:00:00,0.000659026,0.0,2024-01-02,17
2024-01-02 18:00:00,0.0,0.0,2024-01-02,18
2024-01-02 19:00:00,0.0,0.0,2024-01-02,19
2024-01-02 20:00:00,0.0,0.0,2024-01-02,20
2024-01-02 21:00:00,0.0,0.0,2024-01-02,21
2024-01-02 22:00:00,0.0,0.0,2024-01-02,22
2024-01-02 23:00:00,0.0,0.0,2024-01-02,23
2024-01-03 00:00:00,0.0,0.0,2024-01-03,0
2024-01-03 01:00:00,0.0,0.0,2024-01-03,1
2024-01-03 02:00:00,0.0,0.0,2024-01-03,2
2024-01-03 03:00:00,0.0,0.0,2024-01-03,3
2024-01-03 04:00:00,0.0,0.0,2024-01-03,4
2024-01-03 05:00:00,0.0,0.0,2024-01-03,5
2024-01-03 06:00:00,0.01432746,0.02273985,2024-01-03,6
2024-01-03 07:00:00,0.168874,0.2580872,2024-01-03,7
2024-01-03 08:00:00,0.326445,0.4333401,2024-01-03,8
2024-01-03 09:00:00,0.3748145,0.4313963,2024-01-03,9
2024-01-03 10:00:00,0.7186041,0.9505013,2024-01-03,10
2024-01-03 11:00:00,0.5856739,0.7187102,2024-01-03,11
2024-01-03 12:00:00,0.4441503,0.4904078,2024-01-03,12
2024-01-03 13:00:00,0.516316,0.6443353,2024-01-03,13
2024-01-03 14:00:00,0.4540223,0.6108654,2024-01-03,14
2024-01-03 15:00:00,0.3233182,0.4923788,2024-01-03,15
2024-01-03 16:00:00,0.1046755,0.1988241,2024-01-03,16
2024-01-03 17:00:00,0.000584359,0.0,2024-01-03,17
2024-01-03 18:00:00,0.0,0.0,2024-01-03,18
2024-01-03 19:00:00,0.0,0.0,2024-01-03,19
2024-01-03 20:00:00,0.0,0.0,2024-01-03,20
2024-01-03 21:00:00,0.0,0.0,2024-01-03,21
2024-01-03 22:00:00,0.0,0.0,2024-01-03,22
2024-01-03 23:00:00,0.0,0.0,2024-01-03,23
2024-01-04 00:00:00,0.0,0.0,2024-01-04,0
2024-01-04 01:00:00,0.0,0.0,2024-01-04,1
2024-01-04 02:00:00,0.0,0.0,2024-01-04,2
2024-01-04 03:00:00,0.0,0.0,2024-01-04,3
2024-01-04 04:00:00,0.0,0.0,2024-01-04,4
2024-01-04 05:00:00,0.0,0.0,2024-01-04,5
2024-01-04 06:00:00,0.02161856,0.07485664,2024-01-04,6
2024-01-04 07:00:00,0.2268389,0.4070257,2024-01-04,7
2024-01-04 08:00:00,0.4505472,0.6616665,2024-01-04,8
2024-01-04 09:00:00,0.6256206,0.8545399,2024-01-04,9
2024-01-04 10:00:00,0.713526,0.9427789,2024-01-04,10
2024-01-04 11:00:00,0.7735357,1.010443,2024-01-04,11
2024-01-04 12:00:00,0.7912318,1.037647,2024-01-04,12
2024-01-04 13:00:00,0.6451659,0.8572476,2024-01-04,13
2024-01-04 14:00:00,0.5102037,0.7064456,2024-01-04,14
2024-01-04 15:00:00,0.340327,0.5225559,2024-01-04,15
2024-01-04 16:00:00,0.1375742,0.3066267,2024-01-04,16
2024-01-04 17:00:00,0.001219046,0.0,2024-01-04,17
2024-01-04 18:00:00,0.0,0.0,2024-01-04,18
2024-01-04 19:00:00,0.0,0.0,2024-01-04,19
2024-01-04 20:00:00,0.0,0.0,2024-01-04,20
2024-01-04 21:00:00,0.0,0.0,2024-01-04,21
2024-01-04 22:00:00,0.0,0.0,2024-01-04,22
2024-01-04 23:00:00,0.0,0.0,2024-01-04,23
2024-01-05 00:00:00,0.0,0.0,2024-01-05,0
2024-01-05 01:00:00,0.0,0.0,2024-01-05,1
2024-01-05 02:00:00,0.0,0.0,2024-01-05,2
2024-01-05 03:00:00,0.0,0.0,2024-01-05,3
2024-01-05 04:00:00,0.0,0.0,2024-01-05,4
2024-01-05 05:00:00,0.0,0.0,2024-01-05,5
2024-01-05 06:00:00,0.009656574,0.0,2024-01-05,6
2024-01-05 07:00:00,0.09907659,0.105555,2024-01-05,7
2024-01-05 08:00:00,0.2733615,0.3275183,2024-01-05,8
2024-01-05 09:00:00,0.3216232,0.3471273,2024-01-05,9
2024-01-05 10:00:00,0.5090854,0.6105698,2024-01-05,10
2024-01-05 11:00:00,0.6695452,0.8563915,2024-01-05,11
2024-01-05 12:00:00,0.6729801,0.8672721,2024-01-05,12
2024-01-05 13:00:00,0.5727963,0.7397739,2024-01-05,13
2024-01-05 14:00:00,0.3828725,0.4732519,2024-01-05,14
2024-01-05 15:00:00,0.2276208,0.2811438,2024-01-05,15
2024-01-05 16:00:00,0.07514972,0.09549352,2024-01-05,16
2024-01-05 17:00:00,0.001568023,0.0,2024-01-05,17
2024-01-05 18:00:00,0.0,0.0,2024-01-05,18
2024-01-05 19:00:00,0.0,0.0,2024-01-05,19
2024-01-05 20:00:00,0.0,0.0,2024-01-05,20
2024-01-05 21:00:00,0.0,0.0,2024-01-05,21
2024-01-05 22:00:00,0.0,0.0,2024-01-05,22
2024-01-05 23:00:00,0.0,0.0,2024-01-05,23
2024-01-06 00:00:00,0.0,0.0,2024-01-06,0
2024-01-06 01:00:00,0.0,0.0,2024-01-06,1
2024-01-06 02:00:00,0.0,0.0,2024-01-06,2
2024-01-06 03:00:00,0.0,0.0,2024-01-06,3
2024-01-06 04:00:00,0.0,0.0,2024-01-06,4
2024-01-06 05:00:00,0.0,0.0,2024-01-06,5
2024-01-06 06:00:00,0.01964821,0.0,2024-01-06,6
2024-01-06 07:00:00,0.1814961,0.2948822,2024-01-06,7
2024-01-06 08:00:00,0.3519118,0.4851167,2024-01-06,8
2024-01-06 09:00:00,0.453613,0.5706676,2024-01-06,9
2024-01-06 10:00:00,0.4833327,0.5659766,2024-01-06,10
2024-01-06 11:00:00,0.5227865,0.6096529,2024-01-06,11
2024-01-06 12:00:00,0.5985981,0.7436606,2024-01-06,12
2024-01-06 13:00:00,0.5955673,0.7762378,2024-01-06,13
2024-01-06 14:00:00,0.4620171,0.6196304,2024-01-06,14
2024-01-06 15:00:00,0.229693,0.283535,2024-01-06,15
2024-01-06 16:00:00,0.1078578,0.1945057,2024-01-06,16
2024-01-06 17:00:00,0.000843071,0.0,2024-01-06,17
2024-01-06 18:00:00,0.0,0.0,2024-01-06,18
2024-01-06 19:00:00,0.0,0.0,2024-01-06,19
2024-01-06 20:00:00,0.0,0.0,2024-01-06,20
2024-01-06 21:00:00,0.0,0.0,2024-01-06,21
2024-01-06 22:00:00,0.0,0.0,2024-01-06,22
2024-01-06 23:00:00,0.0,0.0,2024-01-06,23
2024-01-07 00:00:00,0.0,0.0,2024-01-07,0
2024-01-07 01:00:00,0.0,0.0,2024-01-07,1
2024-01-07 02:00:00,0.0,0.0,2024-01-07,2
2024-01-07 03:00:00,0.0,0.0,2024-01-07,3
2024-01-07 04:00:00,0.0,0.0,2024-01-07,4
2024-01-07 05:00:00,0.0,0.0,2024-01-07,5
2024-01-07 06:00:00,0.02067026,0.0,2024-01-07,6
2024-01-07 07:00:00,0.2124584,0.3753011,2024-01-07,7
2024-01-07 08:00:00,0.3657668,0.5124575,2024-01-07,8
2024-01-07 09:00:00,0.5393853,0.7219036,2024-01-07,9
2024-01-07 10:00:00,0.7163307,0.9438859,2024-01-07,10
2024-01-07 11:00:00,0.762291,0.9921395,2024-01-07,11
2024-01-07 12:00:00,0.711319,0.9231327,2024-01-07,12
2024-01-07 13:00:00,0.5951355,0.7738628,2024-01-07,13
2024-01-07 14:00:00,0.4802184,0.6500658,2024-01-07,14
2024-01-07 15:00:00,0.2959697,0.4241596,2024-01-07,15
2024-01-07 16:00:00,0.1106924,0.1994253,2024-01-07,16
2024-01-07 17:00:00,0.001340371,0.0,2024-01-07,17
2024-01-07 18:00:00,0.0,0.0,2024-01-07,18
2024-01-07 19:00:00,0.0,0.0,2024-01-07,19
2024-01-07 20:00:00,0.0,0.0,2024-01-07,20
2024-01-07 21:00:00,0.0,0.0,2024-01-07,21
2024-01-07 22:00:00,0.0,0.0,2024-01-07,22
2024-01-07 23:00:00,0.0,0.0,2024-01-07,23
2024-01-08 00:00:00,0.0,0.0,2024-01-08,0
2024-01-08 01:00:00,0.0,0.0,2024-01-08,1
2024-01-08 02:00:00,0.0,0.0,2024-01-08,2
2024-01-08 03:00:00,0.0,0.0,2024-01-08,3
2024-01-08 04:00:00,0.0,0.0,2024-01-08,4
2024-01-08 05:00:00,0.0,0.0,2024-01-08,5
2024-01-08 06:00:00,0.01216586,0.0,2024-01-08,6
2024-01-08 07:00:00,0.1375821,0.1786636,2024-01-08,7
2024-01-08 08:00:00,0.3298414,0.4391893,2024-01-08,8
2024-01-08 09:00:00,0.4093165,0.4893928,2024-01-08,9
2024-01-08 10:00:00,0.5409587,0.6633167,2024-01-08,10
2024-01-08 11:00:00,0.5801995,0.7043958,2024-01-08,11
2024-01-08 12:00:00,0.6044278,0.7507411,2024-01-08,12
2024-01-08 13:00:00,0.6360269,0.8373075,2024-01-08,13
2024-01-08 14:00:00,0.4756348,0.6398692,2024-01-08,14
2024-01-08 15:00:00,0.2909586,0.4103759,2024-01-08,15
2024-01-08 16:00:00,0.1271344,0.2520945,2024-01-08,16
2024-01-08 17:00:00,0.001416244,0.0,2024-01-08,17
2024-01-08 18:00:00,0.0,0.0,2024-01-08,18
2024-01-08 19:00:00,0.0,0.0,2024-01-08,19
2024-01-08 20:00:00,0.0,0.0,2024-01-08,20
2024-01-08 21:00:00,0.0,0.0,2024-01-08,21
2024-01-08 22:00:00,0.0,0.0,2024-01-08,22
2024-01-08 23:00:00,0.0,0.0,2024-01-08,23
2024-01-09 00:00:00,0.0,0.0,2024-01-09,0
2024-01-09 01:00:00,0.0,0.0,2024-01-09,1
2024-01-09 02:00:00,0.0,0.0,2024-01-09,2
2024-01-09 03:00:00,0.0,0.0,2024-01-09,3
2024-01-09 04:00:00,0.0,0.0,2024-01-09,4
2024-01-09 05:00:00,0.0,0.0,2024-01-09,5
2024-01-09 06:00:00,0.01866166,0.0,2024-01-09,6
2024-01-09 07:00:00,0.08070679,0.08172649,2024-01-09,7
2024-01-09 08:00:00,0.1893379,0.1951144,2024-01-09,8
2024-01-09 09:00:00,0.3810414,0.4399036,2024-01-09,9
2024-01-09 10:00:00,0.588864,0.7444676,2024-01-09,10
2024-01-09 11:00:00,0.5914521,0.7222569,2024-01-09,11
2024-01-09 12:00:00,0.6757653,0.8659201,2024-01-09,12
2024-01-09 13:00:00,0.37911,0.4097681,2024-01-09,13
2024-01-09 14:00:00,0.2076383,0.2073324,2024-01-09,14
2024-01-09 15:00:00,0.1976368,0.2206495,2024-01-09,15
2024-01-09 16:00:00,0.07192051,0.08258978,2024-01-09,16
2024-01-09 17:00:00,0.00150671,0.0,2024-01-09,17
2024-01-09 18:00:00,0.0,0.0,2024-01-09,18
2024-01-09 19:00:00,0.0,0.0,2024-01-09,19
2024-01-09 20:00:00,0.0,0.0,2024-01-09,20
2024-01-09 21:00:00,0.0,0.0,2024-01-09,21
2024-01-09 22:00:00,0.0,0.0,2024-01-09,22
2024-01-09 23:00:00,0.0,0.0,2024-01-09,23
2024-01-10 00:00:00,0.0,0.0,2024-01-10,0
2024-01-10 01:00:00,0.0,0.0,2024-01-10,1
2024-01-10 02:00:00,0.0,0.0,2024-01-10,2
2024-01-10 03:00:00,0.0,0.0,2024-01-10,3
2024-01-10 04:00:00,0.0,0.0,2024-01-10,4
2024-01-10 05:00:00,0.0,0.0,2024-01-10,5
2024-01-10 06:00:00,0.0184996,0.0,2024-01-10,6
2024-01-10 07:00:00,0.1936714,0.3277862,2024-01-10,7
2024-01-10 08:00:00,0.3662932,0.511528,2024-01-10,8
2024-01-10 09:00:00,0.5754692,0.7765599,2024-01-10,9
2024-01-10 10:00:00,0.7117826,0.934211,2024-01-10,10
2024-01-10 11:00:00,0.8519788,1.108644,2024-01-10,11
2024-01-10 12:00:00,0.8324261,1.085159,2024-01-10,12
2024-01-10 13:00:00,0.7301853,0.9674979,2024-01-10,13
2024-01-10 14:00:00,0.5874413,0.8107622,2024-01-10,14
2024-01-10 15:00:00,0.3272501,0.4810935,2024-01-10,15
2024-01-10 16:00:00,0.1334269,0.2615027,2024-01-10,16
2024-01-10 17:00:00,0.001972944,0.0,2024-01-10,17
2024-01-10 18:00:00,0.0,0.0,2024-01-10,18
2024-01-10 19:00:00,0.0,0.0,2024-01-10,19
2024-01-10 20:00:00,0.0,0.0,2024-01-10,20
2024-01-10 21:00:00,0.0,0.0,2024-01-10,21
2024-01-10 22:00:00,0.0,0.0,2024-01-10,22
2024-01-10 23:00:00,0.0,0.0,2024-01-10,23
2024-01-11 00:00:00,0.0,0.0,2024-01-11,0
2024-01-11 01:00:00,0.0,0.0,2024-01-11,1
2024-01-11 02:00:00,0.0,0.0,2024-01-11,2
2024-01-11 03:00:00,0.0,0.0,2024-01-11,3
2024-01-11 04:00:00,0.0,0.0,2024-01-11,4
2024-01-11 05:00:00,0.0,0.0,2024-01-11,5
2024-01-11 06:00:00,0.01828607,0.0,2024-01-11,6
2024-01-11 07:00:00,0.1665854,0.2534777,2024-01-11,7
2024-01-11 08:00:00,0.3229223,0.4233346,2024-01-11,8
2024-01-11 09:00:00,0.4292584,0.5229153,2024-01-11,9
2024-01-11 10:00:00,0.7501341,0.9849722,2024-01-11,10
2024-01-11 11:00:00,0.732292,0.9444581,2024-01-11,11
2024-01-11 12:00:00,0.6815844,0.8717538,2024-01-11,12
2024-01-11 13:00:00,0.4290108,0.4843528,2024-01-11,13
2024-01-11 14:00:00,0.3866282,0.469681,2024-01-11,14
2024-01-11 15:00:00,0.2546036,0.3241878,2024-01-11,15
2024-01-11 16:00:00,0.08687392,0.1109511,2024-01-11,16
2024-01-11 17:00:00,0.002272772,0.0,2024-01-11,17
2024-01-11 18:00:00,0.0,0.0,2024-01-11,18
2024-01-11 19:00:00,0.0,0.0,2024-01-11,19
2024-01-11 20:00:00,0.0,0.0,2024-01-11,20
2024-01-11 21:00:00,0.0,0.0,2024-01-11,21
2024-01-11 22:00:00,0.0,0.0,2024-01-11,22
2024-01-11 23:00:00,0.0,0.0,2024-01-11,23
2024-01-12 00:00:00,0.0,0.0,2024-01-12,0
2024-01-12 01:00:00,0.0,0.0,2024-01-12,1
2024-01-12 02:00:00,0.0,0.0,2024-01-12,2
2024-01-12 03:00:00,0.0,0.0,2024-01-12,3
2024-01-12 04:00:00,0.0,0.0,2024-01-12,4
2024-01-12 05:00:00,0.0,0.0,2024-01-12,5
2024-01-12 06:00:00,0.018777,0.0,2024-01-12,6
2024-01-12 07:00:00,0.205126,0.3556079,2024-01-12,7
2024-01-12 08:00:00,0.4032221,0.5785894,2024-01-12,8
2024-01-12 09:00:00,0.5338593,0.7074097,2024-01-12,9
2024-01-12 10:00:00,0.6390398,0.8230249,2024-01-12,10
2024-01-12 11:00:00,0.5938193,0.7222669,2024-01-12,11
2024-01-12 12:00:00,0.6838686,0.8735811,2024-01-12,12
2024-01-12 13:00:00,0.5615655,0.7081023,2024-01-12,13
2024-01-12 14:00:00,0.3447189,0.3946312,2024-01-12,14
2024-01-12 15:00:00,0.2640766,0.3415153,2024-01-12,15
2024-01-12 16:00:00,0.1115627,0.1774334,2024-01-12,16
2024-01-12 17:00:00,0.002713296,0.0,2024-01-12,17
2024-01-12 18:00:00,0.0,0.0,2024-01-12,18
2024-01-12 19:00:00,0.0,0.0,2024-01-12,19
2024-01-12 20:00:00,0.0,0.0,2024-01-12,20
2024-01-12 21:00:00,0.0,0.0,2024-01-12,21
2024-01-12 22:00:00,0.0,0.0,2024-01-12,22
2024-01-12 23:00:00,0.0,0.0,2024-01-12,23
2024-01-13 00:00:00,0.0,0.0,2024-01-13,0
2024-01-13 01:00:00,0.0,0.0,2024-01-13,1
2024-01-13 02:00:00,0.0,0.0,2024-01-13,2
2024-01-13 03:00:00,0.0,0.0,2024-01-13,3
2024-01-13 04:00:00,0.0,0.0,2024-01-13,4
2024-01-13 05:00:00,0.0,0.0,2024-01-13,5
2024-01-13 06:00:00,0.01834562,0.0,2024-01-13,6
2024-01-13 07:00:00,0.1357692,0.1741126,2024-01-13,7
2024-01-13 08:00:00,0.3268085,0.4296452,2024-01-13,8
2024-01-13 09:00:00,0.2034038,0.2009086,2024-01-13,9
2024-01-13 10:00:00,0.37538,0.3962693,2024-01-13,10
2024-01-13 11:00:00,0.4436688,0.480407,2024-01-13,11
2024-01-13 12:00:00,0.4183582,0.446325,2024-01-13,12
2024-01-13 13:00:00,0.3291587,0.3395139,2024-01-13,13
2024-01-13 14:00:00,0.2982495,0.3208347,2024-01-13,14
2024-01-13 15:00:00,0.2388164,0.2884707,2024-01-13,15
2024-01-13 16:00:00,0.1167465,0.1893958,2024-01-13,16
2024-01-13 17:00:00,0.003407077,0.0,2024-01-13,17
2024-01-13 18:00:00,0.0,0.0,2024-01-13,18
2024-01-13 19:00:00,0.0,0.0,2024-01-13,19
2024-01-13 20:00:00,0.0,0.0,2024-01-13,20
2024-01-13 21:00:00,0.0,0.0,2024-01-13,21
2024-01-13 22:00:00,0.0,0.0,2024-01-13,22
2024-01-13 23:00:00,0.0,0.0,2024-01-13,23
2024-01-14 00:00:00,0.0,0.0,2024-01-14,0
2024-01-14 01:00:00,0.0,0.0,2024-01-14,1
2024-01-14 02:00:00,0.0,0.0,2024-01-14,2
2024-01-14 03:00:00,0.0,0.0,2024-01-14,3
2024-01-14 04:00:00,0.0,0.0,2024-01-14,4
2024-01-14 05:00:00,0.0,0.0,2024-01-14,5
2024-01-14 06:00:00,0.005812539,0.0,2024-01-14,6
2024-01-14 07:00:00,0.05054557,0.04988846,2024-01-14,7
2024-01-14 08:00:00,0.2303221,0.2519032,2024-01-14,8
2024-01-14 09:00:00,0.3948639,0.4601556,2024-01-14,9
2024-01-14 10:00:00,0.315964,0.3203429,2024-01-14,10
2024-01-14 11:00:00,0.4596119,0.5031367,2024-01-14,11
2024-01-14 12:00:00,0.5853127,0.7089959,2024-01-14,12
2024-01-14 13:00:00,0.6064211,0.778941,2024-01-14,13
2024-01-14 14:00:00,0.4590129,0.5961434,2024-01-14,14
2024-01-14 15:00:00,0.3376642,0.4895829,2024-01-14,15
2024-01-14 16:00:00,0.1232127,0.2053072,2024-01-14,16
2024-01-14 17:00:00,0.005189667,0.0,2024-01-14,17
2024-01-14 18:00:00,0.0,0.0,2024-01-14,18
2024-01-14 19:00:00,0.0,0.0,2024-01-14,19
2024-01-14 20:00:00,0.0,0.0,2024-01-14,20
2024-01-14 21:00:00,0.0,0.0,2024-01-14,21
2024-01-14 22:00:00,0.0,0.0,2024-01-14,22
2024-01-14 23:00:00,0.0,0.0,2024-01-14,23
2024-01-15 00:00:00,0.0,0.0,2024-01-15,0
2024-01-15 01:00:00,0.0,0.0,2024-01-15,1
2024-01-15 02:00:00,0.0,0.0,2024-01-15,2
2024-01-15 03:00:00,0.0,0.0,2024-01-15,3
2024-01-15 04:00:00,0.0,0.0,2024-01-15,4
2024-01-15 05:00:00,0.0,0.0,2024-01-15,5
2024-01-15 06:00:00,0.01559904,0.0,2024-01-15,6
2024-01-15 07:00:00,0.1549066,0.2202201,2024-01-15,7
2024-01-15 08:00:00,0.3337828,0.4417411,2024-01-15,8
2024-01-15 09:00:00,0.5319391,0.7000856,2024-01-15,9
2024-01-15 10:00:00,0.6843188,0.8877296,2024-01-15,10
2024-01-15 11:00:00,0.7394543,0.948402,2024-01-15,11
2024-01-15 12:00:00,0.7900402,1.020165,2024-01-15,12
2024-01-15 13:00:00,0.7219477,0.9473117,2024-01-15,13
2024-01-15 14:00:00,0.5363252,0.7254789,2024-01-15,14
2024-01-15 15:00:00,0.260658,0.3272396,2024-01-15,15
2024-01-15 16:00:00,0.1407062,0.25606,2024-01-15,16
2024-01-15 17:00:00,0.003660936,0.0,2024-01-15,17
2024-01-15 18:00:00,0.0,0.0,2024-01-15,18
2024-01-15 19:00:00,0.0,0.0,2024-01-15,19
2024-01-15 20:00:00,0.0,0.0,2024-01-15,20
2024-01-15 21:00:00,0.0,0.0,2024-01-15,21
2024-01-15 22:00:00,0.0,0.0,2024-01-15,22
2024-01-15 23:00:00,0.0,0.0,2024-01-15,23
2024-01-16 00:00:00,0.0,0.0,2024-01-16,0
2024-01-16 01:00:00,0.0,0.0,2024-01-16,1
2024-01-16 02:00:00,0.0,0.0,2024-01-16,2
2024-01-16 03:00:00,0.0,0.0,2024-01-16,3
2024-01-16 04:00:00,0.0,0.0,2024-01-16,4
2024-01-16 05:00:00,0.0,0.0,2024-01-16,5
2024-01-16 06:00:00,0.02055391,0.0,2024-01-16,6
2024-01-16 07:00:00,0.2175884,0.3797407,2024-01-16,7
2024-01-16 08:00:00,0.4374908,0.6298119,2024-01-16,8
2024-01-16 09:00:00,0.5968274,0.8002347,2024-01-16,9
2024-01-16 10:00:00,0.5582798,0.68326,2024-01-16,10
2024-01-16 11:00:00,0.4369833,0.4687952,2024-01-16,11
2024-01-16 12:00:00,0.3306471,0.3332534,2024-01-16,12
2024-01-16 13:00:00,0.3041339,0.3078567,2024-01-16,13
2024-01-16 14:00:00,0.3278356,0.3624296,2024-01-16,14
2024-01-16 15:00:00,0.2645615,0.3327193,2024-01-16,15
2024-01-16 16:00:00,0.09171315,0.1116172,2024-01-16,16
2024-01-16 17:00:00,0.004606908,0.0,2024-01-16,17
2024-01-16 18:00:00,0.0,0.0,2024-01-16,18
2024-01-16 19:00:00,0.0,0.0,2024-01-16,19
2024-01-16 20:00:00,0.0,0.0,2024-01-16,20
2024-01-16 21:00:00,0.0,0.0,2024-01-16,21
2024-01-16 22:00:00,0.0,0.0,2024-01-16,22
2024-01-16 23:00:00,0.0,0.0,2024-01-16,23
2024-01-17 00:00:00,0.0,0.0,2024-01-17,0
2024-01-17 01:00:00,0.0,0.0,2024-01-17,1
2024-01-17 02:00:00,0.0,0.0,2024-01-17,2
2024-01-17 03:00:00,0.0,0.0,2024-01-17,3
2024-01-17 04:00:00,0.0,0.0,2024-01-17,4
2024-01-17 05:00:00,0.0,0.0,2024-01-17,5
2024-01-17 06:00:00,0.01845505,0.0,2024-01-17,6
2024-01-17 07:00:00,0.152742,0.2131919,2024-01-17,7
2024-01-17 08:00:00,0.391821,0.5515214,2024-01-17,8
2024-01-17 09:00:00,0.5786173,0.771551,2024-01-17,9
2024-01-17 10:00:00,0.7493114,0.9746497,2024-01-17,10
2024-01-17 11:00:00,0.7772908,0.9978284,2024-01-17,11
2024-01-17 12:00:00,0.7605596,0.9769139,2024-01-17,12
2024-01-17 13:00:00,0.5667271,0.7064336,2024-01-17,13
2024-01-17 14:00:00,0.304628,0.32675,2024-01-17,14
2024-01-17 15:00:00,0.1533052,0.1547199,2024-01-17,15
2024-01-17 16:00:00,0.0831451,0.09360944,2024-01-17,16
2024-01-17 17:00:00,0.003515735,0.0,2024-01-17,17
2024-01-17 18:00:00,0.0,0.0,2024-01-17,18
2024-01-17 19:00:00,0.0,0.0,2024-01-17,19
2024-01-17 20:00:00,0.0,0.0,2024-01-17,20
2024-01-17 21:00:00,0.0,0.0,2024-01-17,21
2024-01-17 22:00:00,0.0,0.0,2024-01-17,22
2024-01-17 23:00:00,0.0,0.0,2024-01-17,23
2024-01-18 00:00:00,0.0,0.0,2024-01-18,0
2024-01-18 01:00:00,0.0,0.0,2024-01-18,1
2024-01-18 02:00:00,0.0,0.0,2024-01-18,2
2024-01-18 03:00:00,0.0,0.0,2024-01-18,3
2024-01-18 04:00:00,0.0,0.0,2024-01-18,4
2024-01-18 05:00:00,0.0,0.0,2024-01-18,5
2024-01-18 06:00:00,0.01637661,0.0,2024-01-18,6
2024-01-18 07:00:00,0.2052955,0.3488501,2024-01-18,7
2024-01-18 08:00:00,0.2628323,0.3033243,2024-01-18,8
2024-01-18 09:00:00,0.4379741,0.5310383,2024-01-18,9
2024-01-18 10:00:00,0.4491621,0.5008584,2024-01-18,10
2024-01-18 11:00:00,0.5668691,0.668387,2024-01-18,11
2024-01-18 12:00:00,0.6640193,0.8307072,2024-01-18,12
2024-01-18 13:00:00,0.5743439,0.7170309,2024-01-18,13
2024-01-18 14:00:00,0.4780354,0.6200489,2024-01-18,14
2024-01-18 15:00:00,0.3110102,0.4227013,2024-01-18,15
2024-01-18 16:00:00,0.1483979,0.2627492,2024-01-18,16
2024-01-18 17:00:00,0.005441852,0.0,2024-01-18,17
2024-01-18 18:00:00,0.0,0.0,2024-01-18,18
2024-01-18 19:00:00,0.0,0.0,2024-01-18,19
2024-01-18 20:00:00,0.0,0.0,2024-01-18,20
2024-01-18 21:00:00,0.0,0.0,2024-01-18,21
2024-01-18 22:00:00,0.0,0.0,2024-01-18,22
2024-01-18 23:00:00,0.0,0.0,2024-01-18,23
2024-01-19 00:00:00,0.0,0.0,2024-01-19,0
2024-01-19 01:00:00,0.0,0.0,2024-01-19,1
2024-01-19 02:00:00,0.0,0.0,2024-01-19,2
2024-01-19 03:00:00,0.0,0.0,2024-01-19,3
2024-01-19 04:00:00,0.0,0.0,2024-01-19,4
2024-01-19 05:00:00,0.0,0.0,2024-01-19,5
2024-01-19 06:00:00,0.0162252,0.0,2024-01-19,6
2024-01-19 07:00:00,0.1842253,0.2940346,2024-01-19,7
2024-01-19 08:00:00,0.3171915,0.4039664,2024-01-19,8
2024-01-19 09:00:00,0.417969,0.4948792,2024-01-19,9
2024-01-19 10:00:00,0.7003365,0.903992,2024-01-19,10
2024-01-19 11:00:00,0.7354211,0.9350907,2024-01-19,11
2024-01-19 12:00:00,0.7980494,1.023298,2024-01-19,12
2024-01-19 13:00:00,0.6536196,0.8420205,2024-01-19,13
2024-01-19 14:00:00,0.5766613,0.7766351,2024-01-19,14
2024-01-19 15:00:00,0.2947322,0.3861558,2024-01-19,15
2024-01-19 16:00:00,0.1552843,0.2774103,2024-01-19,16
2024-01-19 17:00:00,0.007003388,0.0,2024-01-19,17
2024-01-19 18:00:00,0.0,0.0,2024-01-19,18
2024-01-19 19:00:00,0.0,0.0,2024-01-19,19
2024-01-19 20:00:00,0.0,0.0,2024-01-19,20
2024-01-19 21:00:00,0.0,0.0,2024-01-19,21
2024-01-19 22:00:00,0.0,0.0,2024-01-19,22
2024-01-19 23:00:00,0.0,0.0,2024-01-19,23
2024-01-20 00:00:00,0.0,0.0,2024-01-20,0
2024-01-20 01:00:00,0.0,0.0,2024-01-20,1
2024-01-20 02:00:00,0.0,0.0,2024-01-20,2
2024-01-20 03:00:00,0.0,0.0,2024-01-20,3
2024-01-20 04:00:00,0.0,0.0,2024-01-20,4
2024-01-20 05:00:00,0.0,0.0,2024-01-20,5
2024-01-20 06:00:00,0.02085611,0.0,2024-01-20,6
2024-01-20 07:00:00,0.2150398,0.3676241,2024-01-20,7
2024-01-20 08:00:00,0.3961967,0.5543445,2024-01-20,8
2024-01-20 09:00:00,0.4993001,0.6361352,2024-01-20,9
2024-01-20 10:00:00,0.7583266,0.9812329,2024-01-20,10
2024-01-20 11:00:00,0.726863,0.920506,2024-01-20,11
2024-01-20 12:00:00,0.7221497,0.9157608,2024-01-20,12
2024-01-20 13:00:00,0.581961,0.7251524,2024-01-20,13
2024-01-20 14:00:00,0.551406,0.7365699,2024-01-20,14
2024-01-20 15:00:00,0.3416585,0.4779705,2024-01-20,15
2024-01-20 16:00:00,0.1488703,0.2532075,2024-01-20,16
2024-01-20 17:00:00,0.006513567,0.0,2024-01-20,17
2024-01-20 18:00:00,0.0,0.0,2024-01-20,18
2024-01-20 19:00:00,0.0,0.0,2024-01-20,19
2024-01-20 20:00:00,0.0,0.0,2024-01-20,20
2024-01-20 21:00:00,0.0,0.0,2024-01-20,21
2024-01-20 22:00:00,0.0,0.0,2024-01-20,22
2024-01-20 23:00:00,0.0,0.0,2024-01-20,23
2024-01-21 00:00:00,0.0,0.0,2024-01-21,0
2024-01-21 01:00:00,0.0,0.0,2024-01-21,1
2024-01-21 02:00:00,0.0,0.0,2024-01-21,2
2024-01-21 03:00:00,0.0,0.0,2024-01-21,3
2024-01-21 04:00:00,0.0,0.0,2024-01-21,4
2024-01-21 05:00:00,0.0,0.0,2024-01-21,5
2024-01-21 06:00:00,0.01665614,0.0,2024-01-21,6
2024-01-21 07:00:00,0.1289817,0.1556229,2024-01-21,7
2024-01-21 08:00:00,0.2566871,0.2907901,2024-01-21,8
2024-01-21 09:00:00,0.4909956,0.6199302,2024-01-21,9
2024-01-21 10:00:00,0.7114476,0.9159144,2024-01-21,10
2024-01-21 11:00:00,0.7528934,0.9561659,2024-01-21,11
2024-01-21 12:00:00,0.4913212,0.5459944,2024-01-21,12
2024-01-21 13:00:00,0.6298996,0.8005422,2024-01-21,13
2024-01-21 14:00:00,0.4300761,0.5269321,2024-01-21,14
2024-01-21 15:00:00,0.2279878,0.256171,2024-01-21,15
2024-01-21 16:00:00,0.1428468,0.2302258,2024-01-21,16
2024-01-21 17:00:00,0.0103906,0.0,2024-01-21,17
2024-01-21 18:00:00,0.0,0.0,2024-01-21,18
2024-01-21 19:00:00,0.0,0.0,2024-01-21,19
2024-01-21 20:00:00,0.0,0.0,2024-01-21,20
2024-01-21 21:00:00,0.0,0.0,2024-01-21,21
2024-01-21 22:00:00,0.0,0.0,2024-01-21,22
2024-01-21 23:00:00,0.0,0.0,2024-01-21,23
2024-01-22 00:00:00,0.0,0.0,2024-01-22,0
2024-01-22 01:00:00,0.0,0.0,2024-01-22,1
2024-01-22 02:00:00,0.0,0.0,2024-01-22,2
2024-01-22 03:00:00,0.0,0.0,2024-01-22,3
2024-01-22 04:00:00,0.0,0.0,2024-01-22,4
2024-01-22 05:00:00,0.0,0.0,2024-01-22,5
2024-01-22 06:00:00,0.02177974,0.0,2024-01-22,6
2024-01-22 07:00:00,0.1651229,0.2391075,2024-01-22,7
2024-01-22 08:00:00,0.2644349,0.3030591,2024-01-22,8
2024-01-22 09:00:00,0.2696229,0.2739861,2024-01-22,9
2024-01-22 10:00:00,0.5583828,0.6736107,2024-01-22,10
2024-01-22 11:00:00,0.6198232,0.7482928,2024-01-22,11
2024-01-22 12:00:00,0.5387796,0.6188336,2024-01-22,12
2024-01-22 13:00:00,0.4595899,0.5183976,2024-01-22,13
2024-01-22 14:00:00,0.4704035,0.5959997,2024-01-22,14
2024-01-22 15:00:00,0.3259039,0.4401434,2024-01-22,15
2024-01-22 16:00:00,0.1005835,0.1189824,2024-01-22,16
2024-01-22 17:00:00,0.008499179,0.0,2024-01-22,17
2024-01-22 18:00:00,0.0,0.0,2024-01-22,18
2024-01-22 19:00:00,0.0,0.0,2024-01-22,19
2024-01-22 20:00:00,0.0,0.0,2024-01-22,20
2024-01-22 21:00:00,0.0,0.0,2024-01-22,21
2024-01-22 22:00:00,0.0,0.0,2024-01-22,22
2024-01-22 23:00:00,0.0,0.0,2024-01-22,23
2024-01-23 00:00:00,0.0,0.0,2024-01-23,0
2024-01-23 01:00:00,0.0,0.0,2024-01-23,1
2024-01-23 02:00:00,0.0,0.0,2024-01-23,2
2024-01-23 03:00:00,0.0,0.0,2024-01-23,3
2024-01-23 04:00:00,0.0,0.0,2024-01-23,4
2024-01-23 05:00:00,0.0,0.0,2024-01-23,5
2024-01-23 06:00:00,0.0176279,0.0,2024-01-23,6
2024-01-23 07:00:00,0.1982998,0.32241,2024-01-23,7
2024-01-23 08:00:00,0.4770001,0.6757657,2024-01-23,8
2024-01-23 09:00:00,0.6549981,0.8681474,2024-01-23,9
2024-01-23 10:00:00,0.8010733,1.031866,2024-01-23,10
2024-01-23 11:00:00,0.8155146,1.036737,2024-01-23,11
2024-01-23 12:00:00,0.7274425,0.9167891,2024-01-23,12
2024-01-23 13:00:00,0.6942356,0.8922436,2024-01-23,13
2024-01-23 14:00:00,0.6019745,0.8025315,2024-01-23,14
2024-01-23 15:00:00,0.4293427,0.6181112,2024-01-23,15
2024-01-23 16:00:00,0.1853773,0.3342164,2024-01-23,16
2024-01-23 17:00:00,0.009402549,0.0,2024-01-23,17
2024-01-23 18:00:00,0.0,0.0,2024-01-23,18
2024-01-23 19:00:00,0.0,0.0,2024-01-23,19
2024-01-23 20:00:00,0.0,0.0,2024-01-23,20
2024-01-23 21:00:00,0.0,0.0,2024-01-23,21
2024-01-23 22:00:00,0.0,0.0,2024-01-23,22
2024-01-23 23:00:00,0.0,0.0,2024-01-23,23
2024-01-24 00:00:00,0.0,0.0,2024-01-24,0
2024-01-24 01:00:00,0.0,0.0,2024-01-24,1
2024-01-24 02:00:00,0.0,0.0,2024-01-24,2
2024-01-24 03:00:00,0.0,0.0,2024-01-24,3
2024-01-24 04:00:00,0.0,0.0,2024-01-24,4
2024-01-24 05:00:00,0.0,0.0,2024-01-24,5
2024-01-24 06:00:00,0.02770135,0.0,2024-01-24,6
2024-01-24 07:00:00,0.205997,0.3385865,2024-01-24,7
2024-01-24 08:00:00,0.3511553,0.4624159,2024-01-24,8
2024-01-24 09:00:00,0.5834467,0.7654915,2024-01-24,9
2024-01-24 10:00:00,0.7420513,0.9517076,2024-01-24,10
2024-01-24 11:00:00,0.8058503,1.02207,2024-01-24,11
2024-01-24 12:00:00,0.6975515,0.8695669,2024-01-24,12
2024-01-24 13:00:00,0.4831686,0.552695,2024-01-24,13
2024-01-24 14:00:00,0.4657295,0.5824685,2024-01-24,14
2024-01-24 15:00:00,0.2897105,0.362257,2024-01-24,15
2024-01-24 16:00:00,0.08938124,0.09691817,2024-01-24,16
2024-01-24 17:00:00,0.008553058,0.0,2024-01-24,17
2024-01-24 18:00:00,0.0,0.0,2024-01-24,18
2024-01-24 19:00:00,0.0,0.0,2024-01-24,19
2024-01-24 20:00:00,0.0,0.0,2024-01-24,20
2024-01-24 21:00:00,0.0,0.0,2024-01-24,21
2024-01-24 22:00:00,0.0,0.0,2024-01-24,22
2024-01-24 23:00:00,0.0,0.0,2024-01-24,23
2024-01-25 00:00:00,0.0,0.0,2024-01-25,0
2024-01-25 01:00:00,0.0,0.0,2024-01-25,1
2024-01-25 02:00:00,0.0,0.0,2024-01-25,2
2024-01-25 03:00:00,0.0,0.0,2024-01-25,3
2024-01-25 04:00:00,0.0,0.0,2024-01-25,4
2024-01-25 05:00:00,0.0,0.0,2024-01-25,5
2024-01-25 06:00:00,0.01652159,0.0,2024-01-25,6
2024-01-25 07:00:00,0.2188568,0.3649055,2024-01-25,7
2024-01-25 08:00:00,0.3703029,0.4968711,2024-01-25,8
2024-01-25 09:00:00,0.6018724,0.7905321,2024-01-25,9
2024-01-25 10:00:00,0.6808418,0.8631206,2024-01-25,10
2024-01-25 11:00:00,0.7635105,0.962414,2024-01-25,11
2024-01-25 12:00:00,0.6041003,0.7187425,2024-01-25,12
2024-01-25 13:00:00,0.5899867,0.7262701,2024-01-25,13
2024-01-25 14:00:00,0.4751888,0.596301,2024-01-25,14
2024-01-25 15:00:00,0.3347846,0.4479145,2024-01-25,15
2024-01-25 16:00:00,0.1622679,0.2649895,2024-01-25,16
2024-01-25 17:00:00,0.008481648,0.0,2024-01-25,17
2024-01-25 18:00:00,0.0,0.0,2024-01-25,18
2024-01-25 19:00:00,0.0,0.0,2024-01-25,19
2024-01-25 20:00:00,0.0,0.0,2024-01-25,20
2024-01-25 21:00:00,0.0,0.0,2024-01-25,21
2024-01-25 22:00:00,0.0,0.0,2024-01-25,22
2024-01-25 23:00:00,0.0,0.0,2024-01-25,23
2024-01-26 00:00:00,0.0,0.0,2024-01-26,0
2024-01-26 01:00:00,0.0,0.0,2024-01-26,1
2024-01-26 02:00:00,0.0,0.0,2024-01-26,2
2024-01-26 03:00:00,0.0,0.0,2024-01-26,3
2024-01-26 04:00:00,0.0,0.0,2024-01-26,4
2024-01-26 05:00:00,0.0,0.0,2024-01-26,5
2024-01-26 06:00:00,0.02046661,0.0,2024-01-26,6
2024-01-26 07:00:00,0.1553696,0.2086197,2024-01-26,7
2024-01-26 08:00:00,0.3286498,0.4154524,2024-01-26,8
2024-01-26 09:00:00,0.5403338,0.6933248,2024-01-26,9
2024-01-26 10:00:00,0.5713603,0.6875347,2024-01-26,10
2024-01-26 11:00:00,0.4422561,0.4686847,2024-01-26,11
2024-01-26 12:00:00,0.5700668,0.6618299,2024-01-26,12
2024-01-26 13:00:00,0.5980445,0.7368817,2024-01-26,13
2024-01-26 14:00:00,0.3704703,0.4160457,2024-01-26,14
2024-01-26 15:00:00,0.32757,0.4305819,2024-01-26,15
2024-01-26 16:00:00,0.1158117,0.1422604,2024-01-26,16
2024-01-26 17:00:00,0.01186032,0.0,2024-01-26,17
2024-01-26 18:00:00,0.0,0.0,2024-01-26,18
2024-01-26 19:00:00,0.0,0.0,2024-01-26,19
2024-01-26 20:00:00,0.0,0.0,2024-01-26,20
2024-01-26 21:00:00,0.0,0.0,2024-01-26,21
2024-01-26 22:00:00,0.0,0.0,2024-01-26,22
2024-01-26 23:00:00,0.0,0.0,2024-01-26,23
2024-01-27 00:00:00,0.0,0.0,2024-01-27,0
2024-01-27 01:00:00,0.0,0.0,2024-01-27,1
2024-01-27 02:00:00,0.0,0.0,2024-01-27,2
2024-01-27 03:00:00,0.0,0.0,2024-01-27,3
2024-01-27 04:00:00,0.0,0.0,2024-01-27,4
2024-01-27 05:00:00,0.0,0.0,2024-01-27,5
2024-01-27 06:00:00,0.02345345,0.0,2024-01-27,6
2024-01-27 07:00:00,0.168081,0.2376365,2024-01-27,7
2024-01-27 08:00:00,0.3308213,0.4177594,2024-01-27,8
2024-01-27 09:00:00,0.5948868,0.7758277,2024-01-27,9
2024-01-27 10:00:00,0.7105047,0.901606,2024-01-27,10
2024-01-27 11:00:00,0.7844068,0.9866847,2024-01-27,11
2024-01-27 12:00:00,0.7560031,0.9483788,2024-01-27,12
2024-01-27 13:00:00,0.683175,0.8662061,2024-01-27,13
2024-01-27 14:00:00,0.4871911,0.6115189,2024-01-27,14
2024-01-27 15:00:00,0.2568767,0.2954586,2024-01-27,15
2024-01-27 16:00:00,0.1691085,0.2732124,2024-01-27,16
2024-01-27 17:00:00,0.01290678,0.0,2024-01-27,17
2024-01-27 18:00:00,0.0,0.0,2024-01-27,18
2024-01-27 19:00:00,0.0,0.0,2024-01-27,19
2024-01-27 20:00:00,0.0,0.0,2024-01-27,20
2024-01-27 21:00:00,0.0,0.0,2024-01-27,21
2024-01-27 22:00:00,0.0,0.0,2024-01-27,22
2024-01-27 23:00:00,0.0,0.0,2024-01-27,23
2024-01-28 00:00:00,0.0,0.0,2024-01-28,0
2024-01-28 01:00:00,0.0,0.0,2024-01-28,1
2024-01-28 02:00:00,0.0,0.0,2024-01-28,2
2024-01-28 03:00:00,0.0,0.0,2024-01-28,3
2024-01-28 04:00:00,0.0,0.0,2024-01-28,4
2024-01-28 05:00:00,0.0,0.0,2024-01-28,5
2024-01-28 06:00:00,0.01481227,0.0,2024-01-28,6
2024-01-28 07:00:00,0.02492402,0.02435275,2024-01-28,7
2024-01-28 08:00:00,0.04556755,0.0444129,2024-01-28,8
2024-01-28 09:00:00,0.05934465,0.05778967,2024-01-28,9
2024-01-28 10:00:00,0.1961376,0.1919542,2024-01-28,10
2024-01-28 11:00:00,0.2412804,0.2364536,2024-01-28,11
2024-01-28 12:00:00,0.2297932,0.2250299,2024-01-28,12
2024-01-28 13:00:00,0.2277723,0.2235243,2024-01-28,13
2024-01-28 14:00:00,0.1716788,0.1683365,2024-01-28,14
2024-01-28 15:00:00,0.120165,0.1180823,2024-01-28,15
2024-01-28 16:00:00,0.1367593,0.1844886,2024-01-28,16
2024-01-28 17:00:00,0.01594557,0.0,2024-01-28,17
2024-01-28 18:00:00,0.0,0.0,2024-01-28,18
2024-01-28 19:00:00,0.0,0.0,2024-01-28,19
2024-01-28 20:00:00,0.0,0.0,2024-01-28,20
2024-01-28 21:00:00,0.0,0.0,2024-01-28,21
2024-01-28 22:00:00,0.0,0.0,2024-01-28,22
2024-01-28 23:00:00,0.0,0.0,2024-01-28,23
2024-01-29 00:00:00,0.0,0.0,2024-01-29,0
2024-01-29 01:00:00,0.0,0.0,2024-01-29,1
2024-01-29 02:00:00,0.0,0.0,2024-01-29,2
2024-01-29 03:00:00,0.0,0.0,2024-01-29,3
2024-01-29 04:00:00,0.0,0.0,2024-01-29,4
2024-01-29 05:00:00,0.0,0.0,2024-01-29,5
2024-01-29 06:00:00,0.02062549,0.06246204,2024-01-29,6
2024-01-29 07:00:00,0.1932495,0.295159,2024-01-29,7
2024-01-29 08:00:00,0.4344639,0.5988818,2024-01-29,8
2024-01-29 09:00:00,0.5132915,0.6417499,2024-01-29,9
2024-01-29 10:00:00,0.6412859,0.7934,2024-01-29,10
2024-01-29 11:00:00,0.5651311,0.6469786,2024-01-29,11
2024-01-29 12:00:00,0.410898,0.4257514,2024-01-29,12
2024-01-29 13:00:00,0.6422471,0.7991699,2024-01-29,13
2024-01-29 14:00:00,0.4132031,0.480164,2024-01-29,14
2024-01-29 15:00:00,0.3680475,0.4975999,2024-01-29,15
2024-01-29 16:00:00,0.1956903,0.3286738,2024-01-29,16
2024-01-29 17:00:00,0.01466291,0.0,2024-01-29,17
2024-01-29 18:00:00,0.0,0.0,2024-01-29,18
2024-01-29 19:00:00,0.0,0.0,2024-01-29,19
2024-01-29 20:00:00,0.0,0.0,2024-01-29,20
2024-01-29 21:00:00,0.0,0.0,2024-01-29,21
2024-01-29 22:00:00,0.0,0.0,2024-01-29,22
2024-01-29 23:00:00,0.0,0.0,2024-01-29,23
2024-01-30 00:00:00,0.0,0.0,2024-01-30,0
2024-01-30 01:00:00,0.0,0.0,2024-01-30,1
2024-01-30 02:00:00,0.0,0.0,2024-01-30,2
2024-01-30 03:00:00,0.0,0.0,2024-01-30,3
2024-01-30 04:00:00,0.0,0.0,2024-01-30,4
2024-01-30 05:00:00,0.0,0.0,2024-01-30,5
2024-01-30 06:00:00,0.02492456,0.09942147,2024-01-30,6
2024-01-30 07:00:00,0.1682981,0.2318638,2024-01-30,7
2024-01-30 08:00:00,0.1827355,0.1839509,2024-01-30,8
2024-01-30 09:00:00,0.351579,0.3779185,2024-01-30,9
2024-01-30 10:00:00,0.291225,0.2893554,2024-01-30,10
2024-01-30 11:00:00,0.4137144,0.4282414,2024-01-30,11
2024-01-30 12:00:00,0.4075156,0.4208331,2024-01-30,12
2024-01-30 13:00:00,0.4997104,0.568275,2024-01-30,13
2024-01-30 14:00:00,0.4964817,0.6188807,2024-01-30,14
2024-01-30 15:00:00,0.3432734,0.4479946,2024-01-30,15
2024-01-30 16:00:00,0.1995074,0.332422,2024-01-30,16
2024-01-30 17:00:00,0.01940165,0.0,2024-01-30,17
2024-01-30 18:00:00,0.0,0.0,2024-01-30,18
2024-01-30 19:00:00,0.0,0.0,2024-01-30,19
2024-01-30 20:00:00,0.0,0.0,2024-01-30,20
2024-01-30 21:00:00,0.0,0.0,2024-01-30,21
2024-01-30 22:00:00,0.0,0.0,2024-01-30,22
2024-01-30 23:00:00,0.0,0.0,2024-01-30,23
2024-01-31 00:00:00,0.0,0.0,2024-01-31,0
2024-01-31 01:00:00,0.0,0.0,2024-01-31,1
2024-01-31 02:00:00,0.0,0.0,2024-01-31,2
2024-01-31 03:00:00,0.0,0.0,2024-01-31,3
2024-01-31 04:00:00,0.0,0.0,2024-01-31,4
2024-01-31 05:00:00,0.0,0.0,2024-01-31,5
2024-01-31 06:00:00,0.02026328,0.0550297,2024-01-31,6
2024-01-31 07:00:00,0.1934126,0.2899428,2024-01-31,7
2024-01-31 08:00:00,0.369818,0.4822541,2024-01-31,8
2024-01-31 09:00:00,0.6159196,0.7964722,2024-01-31,9
2024-01-31 10:00:00,0.7844713,0.9911724,2024-01-31,10
2024-01-31 11:00:00,0.7882708,0.9821585,2024-01-31,11
2024-01-31 12:00:00,0.7001805,0.8559875,2024-01-31,12
2024-01-31 13:00:00,0.7212859,0.9097123,2024-01-31,13
2024-01-31 14:00:00,0.6013813,0.7805111,2024-01-31,14
2024-01-31 15:00:00,0.3948347,0.5383071,2024-01-31,15
2024-01-31 16:00:00,0.1898873,0.3055425,2024-01-31,16
2024-01-31 17:00:00,0.01048135,0.0,2024-01-31,17
2024-01-31 18:00:00,0.0,0.0,2024-01-31,18
2024-01-31 19:00:00,0.0,0.0,2024-01-31,19
2024-01-31 20:00:00,0.0,0.0,2024-01-31,20
2024-01-31 21:00:00,0.0,0.0,2024-01-31,21
2024-01-31 22:00:00,0.0,0.0,2024-01-31,22
2024-01-31 23:00:00,0.0,0.0,2024-01-31,23
2024-02-01 00:00:00,0.0,0.0,2024-02-01,0
2024-02-01 01:00:00,0.0,0.0,2024-02-01,1
2024-02-01 02:00:00,0.0,0.0,2024-02-01,2
2024-02-01 03:00:00,0.0,0.0,2024-02-01,3
2024-02-01 04:00:00,0.0,0.0,2024-02-01,4
2024-02-01 05:00:00,0.0,0.0,2024-02-01,5
2024-02-01 06:00:00,0.01470293,0.02170739,2024-02-01,6
2024-02-01 07:00:00,0.03851707,0.03774313,2024-02-01,7
2024-02-01 08:00:00,0.2875291,0.331225,2024-02-01,8
2024-02-01 09:00:00,0.4166648,0.4745903,2024-02-01,9
2024-02-01 10:00:00,0.6456766,0.7928483,2024-02-01,10
2024-02-01 11:00:00,0.7596995,0.9398275,2024-02-01,11
2024-02-01 12:00:00,0.6519806,0.7789291,2024-02-01,12
2024-02-01 13:00:00,0.6525221,0.8067412,2024-02-01,13
2024-02-01 14:00:00,0.6110039,0.7912164,2024-02-01,14
2024-02-01 15:00:00,0.4209738,0.5780311,2024-02-01,15
2024-02-01 16:00:00,0.1714986,0.2556181,2024-02-01,16
2024-02-01 17:00:00,0.01602477,0.0,2024-02-01,17
2024-02-01 18:00:00,0.0,0.0,2024-02-01,18
2024-02-01 19:00:00,0.0,0.0,2024-02-01,19
2024-02-01 20:00:00,0.0,0.0,2024-02-01,20
2024-02-01 21:00:00,0.0,0.0,2024-02-01,21
2024-02-01 22:00:00,0.0,0.0,2024-02-01,22
2024-02-01 23:00:00,0.0,0.0,2024-02-01,23
2024-02-02 00:00:00,0.0,0.0,2024-02-02,0
2024-02-02 01:00:00,0.0,0.0,2024-02-02,1
2024-02-02 02:00:00,0.0,0.0,2024-02-02,2
2024-02-02 03:00:00,0.0,0.0,2024-02-02,3
2024-02-02 04:00:00,0.0,0.0,2024-02-02,4
2024-02-02 05:00:00,0.0,0.0,2024-02-02,5
2024-02-02 06:00:00,0.01703396,0.03063068,2024-02-02,6
2024-02-02 07:00:00,0.1018461,0.1052195,2024-02-02,7
2024-02-02 08:00:00,0.3306249,0.4055534,2024-02-02,8
2024-02-02 09:00:00,0.2580365,0.2580788,2024-02-02,9
2024-02-02 10:00:00,0.4239568,0.44996,2024-02-02,10
2024-02-02 11:00:00,0.1627451,0.1588597,2024-02-02,11
2024-02-02 12:00:00,0.3087251,0.305573,2024-02-02,12
2024-02-02 13:00:00,0.2184941,0.2140153,2024-02-02,13
2024-02-02 14:00:00,0.1065578,0.1040073,2024-02-02,14
2024-02-02 15:00:00,0.05768644,0.05628046,2024-02-02,15
2024-02-02 16:00:00,0.02649847,0.02590857,2024-02-02,16
2024-02-02 17:00:00,0.02078649,0.0,2024-02-02,17
2024-02-02 18:00:00,0.0,0.0,2024-02-02,18
2024-02-02 19:00:00,0.0,0.0,2024-02-02,19
2024-02-02 20:00:00,0.0,0.0,2024-02-02,20
2024-02-02 21:00:00,0.0,0.0,2024-02-02,21
2024-02-02 22:00:00,0.0,0.0,2024-02-02,22
2024-02-02 23:00:00,0.0,0.0,2024-02-02,23
2024-02-03 00:00:00,0.0,0.0,2024-02-03,0
2024-02-03 01:00:00,0.0,0.0,2024-02-03,1
2024-02-03 02:00:00,0.0,0.0,2024-02-03,2
2024-02-03 03:00:00,0.0,0.0,2024-02-03,3
2024-02-03 04:00:00,0.0,0.0,2024-02-03,4
2024-02-03 05:00:00,0.0,0.0,2024-02-03,5
2024-02-03 06:00:00,0.02239917,0.06455572,2024-02-03,6
2024-02-03 07:00:00,0.1568385,0.1978758,2024-02-03,7
2024-02-03 08:00:00,0.1187286,0.1164066,2024-02-03,8
2024-02-03 09:00:00,0.1268803,0.1239416,2024-02-03,9
2024-02-03 10:00:00,0.2593901,0.2552538,2024-02-03,10
2024-02-03 11:00:00,0.7264004,0.8862977,2024-02-03,11
2024-02-03 12:00:00,0.780324,0.9641379,2024-02-03,12
2024-02-03 13:00:00,0.5941577,0.7100094,2024-02-03,13
2024-02-03 14:00:00,0.3873982,0.4299724,2024-02-03,14
2024-02-03 15:00:00,0.1781608,0.1789329,2024-02-03,15
2024-02-03 16:00:00,0.08038089,0.08066797,2024-02-03,16
2024-02-03 17:00:00,0.01401506,0.0,2024-02-03,17
2024-02-03 18:00:00,0.0,0.0,2024-02-03,18
2024-02-03 19:00:00,0.0,0.0,2024-02-03,19
2024-02-03 20:00:00,0.0,0.0,2024-02-03,20
2024-02-03 21:00:00,0.0,0.0,2024-02-03,21
2024-02-03 22:00:00,0.0,0.0,2024-02-03,22
2024-02-03 23:00:00,0.0,0.0,2024-02-03,23
2024-02-04 00:00:00,0.0,0.0,2024-02-04,0
2024-02-04 01:00:00,0.0,0.0,2024-02-04,1
2024-02-04 02:00:00,0.0,0.0,2024-02-04,2
2024-02-04 03:00:00,0.0,0.0,2024-02-04,3
2024-02-04 04:00:00,0.0,0.0,2024-02-04,4
2024-02-04 05:00:00,0.0,0.0,2024-02-04,5
2024-02-04 06:00:00,0.01933241,0.04002491,2024-02-04,6
2024-02-04 07:00:00,0.246494,0.3891009,2024-02-04,7
2024-02-04 08:00:00,0.5039364,0.6834919,2024-02-04,8
2024-02-04 09:00:00,0.7228434,0.9287975,2024-02-04,9
2024-02-04 10:00:00,0.847454,1.061842,2024-02-04,10
2024-02-04 11:00:00,0.8846959,1.096588,2024-02-04,11
2024-02-04 12:00:00,0.9100134,1.129279,2024-02-04,12
2024-02-04 13:00:00,0.8261312,1.035902,2024-02-04,13
2024-02-04 14:00:00,0.5984316,0.7646177,2024-02-04,14
2024-02-04 15:00:00,0.3669527,0.4755395,2024-02-04,15
2024-02-04 16:00:00,0.1686233,0.2361272,2024-02-04,16
2024-02-04 17:00:00,0.01352443,0.0,2024-02-04,17
2024-02-04 18:00:00,0.0,0.0,2024-02-04,18
2024-02-04 19:00:00,0.0,0.0,2024-02-04,19
2024-02-04 20:00:00,0.0,0.0,2024-02-04,20
2024-02-04 21:00:00,0.0,0.0,2024-02-04,21
2024-02-04 22:00:00,0.0,0.0,2024-02-04,22
2024-02-04 23:00:00,0.0,0.0,2024-02-04,23
2024-02-05 00:00:00,0.0,0.0,2024-02-05,0
2024-02-05 01:00:00,0.0,0.0,2024-02-05,1
2024-02-05 02:00:00,0.0,0.0,2024-02-05,2
2024-02-05 03:00:00,0.0,0.0,2024-02-05,3
2024-02-05 04:00:00,0.0,0.0,2024-02-05,4
2024-02-05 05:00:00,0.0,0.0,2024-02-05,5
2024-02-05 06:00:00,0.03157236,0.1400883,2024-02-05,6
2024-02-05 07:00:00,0.2446908,0.3825919,2024-02-05,7
2024-02-05 08:00:00,0.4411114,0.5902737,2024-02-05,8
2024-02-05 09:00:00,0.4683665,0.5512314,2024-02-05,9
2024-02-05 10:00:00,0.646299,0.7835024,2024-02-05,10
2024-02-05 11:00:00,0.8765393,1.083484,2024-02-05,11
2024-02-05 12:00:00,0.8524132,1.05334,2024-02-05,12
2024-02-05 13:00:00,0.6315032,0.7632718,2024-02-05,13
2024-02-05 14:00:00,0.4769711,0.5699175,2024-02-05,14
2024-02-05 15:00:00,0.3814027,0.4980015,2024-02-05,15
2024-02-05 16:00:00,0.1057642,0.1117878,2024-02-05,16
2024-02-05 17:00:00,0.01418122,0.0,2024-02-05,17
2024-02-05 18:00:00,0.0,0.0,2024-02-05,18
2024-02-05 19:00:00,0.0,0.0,2024-02-05,19
2024-02-05 20:00:00,0.0,0.0,2024-02-05,20
2024-02-05 21:00:00,0.0,0.0,2024-02-05,21
2024-02-05 22:00:00,0.0,0.0,2024-02-05,22
2024-02-05 23:00:00,0.0,0.0,2024-02-05,23
2024-02-06 00:00:00,0.0,0.0,2024-02-06,0
2024-02-06 01:00:00,0.0,0.0,2024-02-06,1
2024-02-06 02:00:00,0.0,0.0,2024-02-06,2
2024-02-06 03:00:00,0.0,0.0,2024-02-06,3
2024-02-06 04:00:00,0.0,0.0,2024-02-06,4
2024-02-06 05:00:00,0.0,0.0,2024-02-06,5
2024-02-06 06:00:00,0.02646803,0.08951207,2024-02-06,6
2024-02-06 07:00:00,0.1483162,0.1757505,2024-02-06,7
2024-02-06 08:00:00,0.368997,0.4654445,2024-02-06,8
2024-02-06 09:00:00,0.5643366,0.7037205,2024-02-06,9
2024-02-06 10:00:00,0.5314727,0.6020985,2024-02-06,10
2024-02-06 11:00:00,0.7396501,0.8975639,2024-02-06,11
2024-02-06 12:00:00,0.8263916,1.01754,2024-02-06,12
2024-02-06 13:00:00,0.4689482,0.5104127,2024-02-06,13
2024-02-06 14:00:00,0.4912843,0.5908253,2024-02-06,14
2024-02-06 15:00:00,0.4184963,0.5574075,2024-02-06,15
2024-02-06 16:00:00,0.1849889,0.2666342,2024-02-06,16
2024-02-06 17:00:00,0.02398621,0.0,2024-02-06,17
2024-02-06 18:00:00,0.0,0.0,2024-02-06,18
2024-02-06 19:00:00,0.0,0.0,2024-02-06,19
2024-02-06 20:00:00,0.0,0.0,2024-02-06,20
2024-02-06 21:00:00,0.0,0.0,2024-02-06,21
2024-02-06 22:00:00,0.0,0.0,2024-02-06,22
2024-02-06 23:00:00,0.0,0.0,2024-02-06,23
2024-02-07 00:00:00,0.0,0.0,2024-02-07,0
2024-02-07 01:00:00,0.0,0.0,2024-02-07,1
2024-02-07 02:00:00,0.0,0.0,2024-02-07,2
2024-02-07 03:00:00,0.0,0.0,2024-02-07,3
2024-02-07 04:00:00,0.0,0.0,2024-02-07,4
2024-02-07 05:00:00,0.0,0.0,2024-02-07,5
2024-02-07 06:00:00,0.02596858,0.08084568,2024-02-07,6
2024-02-07 07:00:00,0.2353785,0.3582242,2024-02-07,7
2024-02-07 08:00:00,0.4770302,0.6373852,2024-02-07,8
2024-02-07 09:00:00,0.6608658,0.8388323,2024-02-07,9
2024-02-07 10:00:00,0.8519087,1.058791,2024-02-07,10
2024-02-07 11:00:00,0.8345899,1.024979,2024-02-07,11
2024-02-07 12:00:00,0.7328072,0.8855025,2024-02-07,12
2024-02-07 13:00:00,0.7052124,0.8674154,2024-02-07,13
2024-02-07 14:00:00,0.3908715,0.4291449,2024-02-07,14
2024-02-07 15:00:00,0.3108374,0.3664865,2024-02-07,15
2024-02-07 16:00:00,0.1077027,0.1131596,2024-02-07,16
2024-02-07 17:00:00,0.01734578,0.0,2024-02-07,17
2024-02-07 18:00:00,0.0,0.0,2024-02-07,18
2024-02-07 19:00:00,0.0,0.0,2024-02-07,19
2024-02-07 20:00:00,0.0,0.0,2024-02-07,20
2024-02-07 21:00:00,0.0,0.0,2024-02-07,21
2024-02-07 22:00:00,0.0,0.0,2024-02-07,22
2024-02-07 23:00:00,0.0,0.0,2024-02-07,23
2024-02-08 00:00:00,0.0,0.0,2024-02-08,0
2024-02-08 01:00:00,0.0,0.0,2024-02-08,1
2024-02-08 02:00:00,0.0,0.0,2024-02-08,2
2024-02-08 03:00:00,0.0,0.0,2024-02-08,3
2024-02-08 04:00:00,0.0,0.0,2024-02-08,4
2024-02-08 05:00:00,0.0,0.0,2024-02-08,5
2024-02-08 06:00:00,0.0172706,0.02477182,2024-02-08,6
2024-02-08 07:00:00,0.1959425,0.2712007,2024-02-08,7
2024-02-08 08:00:00,0.3270009,0.3866954,2024-02-08,8
2024-02-08 09:00:00,0.5515095,0.6781707,2024-02-08,9
2024-02-08 10:00:00,0.5415312,0.6137183,2024-02-08,10
2024-02-08 11:00:00,0.4903055,0.5219558,2024-02-08,11
2024-02-08 12:00:00,0.606768,0.6923611,2024-02-08,12
2024-02-08 13:00:00,0.8002584,0.9912474,2024-02-08,13
2024-02-08 14:00:00,0.6446312,0.8167302,2024-02-08,14
2024-02-08 15:00:00,0.4021425,0.5236852,2024-02-08,15
2024-02-08 16:00:00,0.2141882,0.3230157,2024-02-08,16
2024-02-08 17:00:00,0.02545512,0.1028575,2024-02-08,17
2024-02-08 18:00:00,0.0,0.0,2024-02-08,18
2024-02-08 19:00:00,0.0,0.0,2024-02-08,19
2024-02-08 20:00:00,0.0,0.0,2024-02-08,20
2024-02-08 21:00:00,0.0,0.0,2024-02-08,21
2024-02-08 22:00:00,0.0,0.0,2024-02-08,22
2024-02-08 23:00:00,0.0,0.0,2024-02-08,23
2024-02-09 00:00:00,0.0,0.0,2024-02-09,0
2024-02-09 01:00:00,0.0,0.0,2024-02-09,1
2024-02-09 02:00:00,0.0,0.0,2024-02-09,2
2024-02-09 03:00:00,0.0,0.0,2024-02-09,3
2024-02-09 04:00:00,0.0,0.0,2024-02-09,4
2024-02-09 05:00:00,0.0,0.0,2024-02-09,5
2024-02-09 06:00:00,0.00374036,0.003737455,2024-02-09,6
2024-02-09 07:00:00,0.05042435,0.04944568,2024-02-09,7
2024-02-09 08:00:00,0.04253111,0.04141399,2024-02-09,8
2024-02-09 09:00:00,0.1728878,0.1691626,2024-02-09,9
2024-02-09 10:00:00,0.1660294,0.1621042,2024-02-09,10
2024-02-09 11:00:00,0.1092517,0.1064122,2024-02-09,11
2024-02-09 12:00:00,0.06810817,0.0662569,2024-02-09,12
2024-02-09 13:00:00,0.1112052,0.1083696,2024-02-09,13
2024-02-09 14:00:00,0.0763689,0.07439201,2024-02-09,14
2024-02-09 15:00:00,0.05442778,0.05305091,2024-02-09,15
2024-02-09 16:00:00,0.003065598,0.002977999,2024-02-09,16
2024-02-09 17:00:00,0.002846982,0.002838719,2024-02-09,17
2024-02-09 18:00:00,0.0,0.0,2024-02-09,18
2024-02-09 19:00:00,0.0,0.0,2024-02-09,19
2024-02-09 20:00:00,0.0,0.0,2024-02-09,20
2024-02-09 21:00:00,0.0,0.0,2024-02-09,21
2024-02-09 22:00:00,0.0,0.0,2024-02-09,22
2024-02-09 23:00:00,0.0,0.0,2024-02-09,23
2024-02-10 00:00:00,0.0,0.0,2024-02-10,0
2024-02-10 01:00:00,0.0,0.0,2024-02-10,1
2024-02-10 02:00:00,0.0,0.0,2024-02-10,2
2024-02-10 03:00:00,0.0,0.0,2024-02-10,3
2024-02-10 04:00:00,0.0,0.0,2024-02-10,4
2024-02-10 05:00:00,0.0,0.0,2024-02-10,5
2024-02-10 06:00:00,0.005831478,0.00591967,2024-02-10,6
2024-02-10 07:00:00,0.02060833,0.0200834,2024-02-10,7
2024-02-10 08:00:00,0.05652043,0.05508652,2024-02-10,8
2024-02-10 09:00:00,0.03767205,0.03663218,2024-02-10,9
2024-02-10 10:00:00,0.1145784,0.1116591,2024-02-10,10
2024-02-10 11:00:00,0.1069717,0.1041795,2024-02-10,11
2024-02-10 12:00:00,0.1213434,0.1182282,2024-02-10,12
2024-02-10 13:00:00,0.08321938,0.08101607,2024-02-10,13
2024-02-10 14:00:00,0.07349734,0.07158151,2024-02-10,14
2024-02-10 15:00:00,0.05419467,0.05281815,2024-02-10,15
2024-02-10 16:00:00,0.06358398,0.06257796,2024-02-10,16
2024-02-10 17:00:00,0.009761806,0.01043113,2024-02-10,17
2024-02-10 18:00:00,0.0,0.0,2024-02-10,18
2024-02-10 19:00:00,0.0,0.0,2024-02-10,19
2024-02-10 20:00:00,0.0,0.0,2024-02-10,20
2024-02-10 21:00:00,0.0,0.0,2024-02-10,21
2024-02-10 22:00:00,0.0,0.0,2024-02-10,22
2024-02-10 23:00:00,0.0,0.0,2024-02-10,23
2024-02-11 00:00:00,0.0,0.0,2024-02-11,0
2024-02-11 01:00:00,0.0,0.0,2024-02-11,1
2024-02-11 02:00:00,0.0,0.0,2024-02-11,2
2024-02-11 03:00:00,0.0,0.0,2024-02-11,3
2024-02-11 04:00:00,0.0,0.0,2024-02-11,4
2024-02-11 05:00:00,0.0,0.0,2024-02-11,5
2024-02-11 06:00:00,0.02662363,0.06936015,2024-02-11,6
2024-02-11 07:00:00,0.1724617,0.21318,2024-02-11,7
2024-02-11 08:00:00,0.461217,0.6025266,2024-02-11,8
2024-02-11 09:00:00,0.6607757,0.8273815,2024-02-11,9
2024-02-11 10:00:00,0.6131141,0.7169795,2024-02-11,10
2024-02-11 11:00:00,0.6627097,0.7696207,2024-02-11,11
2024-02-11 12:00:00,0.5920544,0.663942,2024-02-11,12
2024-02-11 13:00:00,0.5372713,0.6030411,2024-02-11,13
2024-02-11 14:00:00,0.5886573,0.7290391,2024-02-11,14
2024-02-11 15:00:00,0.4414409,0.5767604,2024-02-11,15
2024-02-11 16:00:00,0.1494624,0.1756177,2024-02-11,16
2024-02-11 17:00:00,0.02742297,0.1030168,2024-02-11,17
2024-02-11 18:00:00,0.0,0.0,2024-02-11,18
2024-02-11 19:00:00,0.0,0.0,2024-02-11,19
2024-02-11 20:00:00,0.0,0.0,2024-02-11,20
2024-02-11 21:00:00,0.0,0.0,2024-02-11,21
2024-02-11 22:00:00,0.0,0.0,2024-02-11,22
2024-02-11 23:00:00,0.0,0.0,2024-02-11,23
2024-02-12 00:00:00,0.0,0.0,2024-02-12,0
2024-02-12 01:00:00,0.0,0.0,2024-02-12,1
2024-02-12 02:00:00,0.0,0.0,2024-02-12,2
2024-02-12 03:00:00,0.0,0.0,2024-02-12,3
2024-02-12 04:00:00,0.0,0.0,2024-02-12,4
2024-02-12 05:00:00,0.0,0.0,2024-02-12,5
2024-02-12 06:00:00,0.01569225,0.01818289,2024-02-12,6
2024-02-12 07:00:00,0.1237185,0.1299016,2024-02-12,7
2024-02-12 08:00:00,0.2278053,0.2337938,2024-02-12,8
2024-02-12 09:00:00,0.3979736,0.4304805,2024-02-12,9
2024-02-12 10:00:00,0.5081546,0.5568478,2024-02-12,10
2024-02-12 11:00:00,0.5954816,0.6665341,2024-02-12,11
2024-02-12 12:00:00,0.5679941,0.6266347,2024-02-12,12
2024-02-12 13:00:00,0.4236769,0.4416756,2024-02-12,13
2024-02-12 14:00:00,0.300722,0.3047254,2024-02-12,14
2024-02-12 15:00:00,0.3171815,0.3663276,2024-02-12,15
2024-02-12 16:00:00,0.2035353,0.283808,2024-02-12,16
2024-02-12 17:00:00,0.01955257,0.03680318,2024-02-12,17
2024-02-12 18:00:00,0.0,0.0,2024-02-12,18
2024-02-12 19:00:00,0.0,0.0,2024-02-12,19
2024-02-12 20:00:00,0.0,0.0,2024-02-12,20
2024-02-12 21:00:00,0.0,0.0,2024-02-12,21
2024-02-12 22:00:00,0.0,0.0,2024-02-12,22
2024-02-12 23:00:00,0.0,0.0,2024-02-12,23
2024-02-13 00:00:00,0.0,0.0,2024-02-13,0
2024-02-13 01:00:00,0.0,0.0,2024-02-13,1
2024-02-13 02:00:00,0.0,0.0,2024-02-13,2
2024-02-13 03:00:00,0.0,0.0,2024-02-13,3
2024-02-13 04:00:00,0.0,0.0,2024-02-13,4
2024-02-13 05:00:00,0.0,0.0,2024-02-13,5
2024-02-13 06:00:00,0.02420565,0.04657982,2024-02-13,6
2024-02-13 07:00:00,0.2067071,0.2777702,2024-02-13,7
2024-02-13 08:00:00,0.3834734,0.4712833,2024-02-13,8
2024-02-13 09:00:00,0.5133274,0.6045469,2024-02-13,9
2024-02-13 10:00:00,0.6553476,0.7755153,2024-02-13,10
2024-02-13 11:00:00,0.7997509,0.9618158,2024-02-13,11
2024-02-13 12:00:00,0.8313672,1.004108,2024-02-13,12
2024-02-13 13:00:00,0.5942258,0.6849045,2024-02-13,13
2024-02-13 14:00:00,0.5953875,0.7327666,2024-02-13,14
2024-02-13 15:00:00,0.3672444,0.4484419,2024-02-13,15
2024-02-13 16:00:00,0.1814253,0.2336134,2024-02-13,16
2024-02-13 17:00:00,0.02119128,0.04307349,2024-02-13,17
2024-02-13 18:00:00,0.0,0.0,2024-02-13,18
2024-02-13 19:00:00,0.0,0.0,2024-02-13,19
2024-02-13 20:00:00,0.0,0.0,2024-02-13,20
2024-02-13 21:00:00,0.0,0.0,2024-02-13,21
2024-02-13 22:00:00,0.0,0.0,2024-02-13,22
2024-02-13 23:00:00,0.0,0.0,2024-02-13,23
2024-02-14 00:00:00,0.0,0.0,2024-02-14,0
2024-02-14 01:00:00,0.0,0.0,2024-02-14,1
2024-02-14 02:00:00,0.0,0.0,2024-02-14,2
2024-02-14 03:00:00,0.0,0.0,2024-02-14,3
2024-02-14 04:00:00,0.0,0.0,2024-02-14,4
2024-02-14 05:00:00,0.0,0.0,2024-02-14,5
2024-02-14 06:00:00,0.03970713,0.1624836,2024-02-14,6
2024-02-14 07:00:00,0.2269052,0.3153673,2024-02-14,7
2024-02-14 08:00:00,0.4593911,0.5902179,2024-02-14,8
2024-02-14 09:00:00,0.5435259,0.648943,2024-02-14,9
2024-02-14 10:00:00,0.7403363,0.8944619,2024-02-14,10
2024-02-14 11:00:00,0.7552231,0.8972141,2024-02-14,11
2024-02-14 12:00:00,0.8751201,1.056483,2024-02-14,12
2024-02-14 13:00:00,0.7237068,0.8727757,2024-02-14,13
2024-02-14 14:00:00,0.605457,0.7442507,2024-02-14,14
2024-02-14 15:00:00,0.4086584,0.5148574,2024-02-14,15
2024-02-14 16:00:00,0.2075377,0.2846121,2024-02-14,16
2024-02-14 17:00:00,0.0344522,0.1491795,2024-02-14,17
2024-02-14 18:00:00,0.0,0.0,2024-02-14,18
2024-02-14 19:00:00,0.0,0.0,2024-02-14,19
2024-02-14 20:00:00,0.0,0.0,2024-02-14,20
2024-02-14 21:00:00,0.0,0.0,2024-02-14,21
2024-02-14 22:00:00,0.0,0.0,2024-02-14,22
2024-02-14 23:00:00,0.0,0.0,2024-02-14,23
2024-02-15 00:00:00,0.0,0.0,2024-02-15,0
2024-02-15 01:00:00,0.0,0.0,2024-02-15,1
2024-02-15 02:00:00,0.0,0.0,2024-02-15,2
2024-02-15 03:00:00,0.0,0.0,2024-02-15,3
2024-02-15 04:00:00,0.0,0.0,2024-02-15,4
2024-02-15 05:00:00,0.0,0.0,2024-02-15,5
2024-02-15 06:00:00,0.04171462,0.1604851,2024-02-15,6
2024-02-15 07:00:00,0.2742429,0.3964608,2024-02-15,7
2024-02-15 08:00:00,0.4944494,0.6369137,2024-02-15,8
2024-02-15 09:00:00,0.5974618,0.7272432,2024-02-15,9
2024-02-15 10:00:00,0.7714821,0.933213,2024-02-15,10
2024-02-15 11:00:00,0.6141346,0.6879123,2024-02-15,11
2024-02-15 12:00:00,0.7518535,0.8900037,2024-02-15,12
2024-02-15 13:00:00,0.644829,0.755913,2024-02-15,13
2024-02-15 14:00:00,0.6021682,0.73645,2024-02-15,14
2024-02-15 15:00:00,0.3856789,0.4737454,2024-02-15,15
2024-02-15 16:00:00,0.2193082,0.3047961,2024-02-15,16
2024-02-15 17:00:00,0.03014346,0.1032536,2024-02-15,17
2024-02-15 18:00:00,0.0,0.0,2024-02-15,18
2024-02-15 19:00:00,0.0,0.0,2024-02-15,19
2024-02-15 20:00:00,0.0,0.0,2024-02-15,20
2024-02-15 21:00:00,0.0,0.0,2024-02-15,21
2024-02-15 22:00:00,0.0,0.0,2024-02-15,22
2024-02-15 23:00:00,0.0,0.0,2024-02-15,23
2024-02-16 00:00:00,0.0,0.0,2024-02-16,0
2024-02-16 01:00:00,0.0,0.0,2024-02-16,1
2024-02-16 02:00:00,0.0,0.0,2024-02-16,2
2024-02-16 03:00:00,0.0,0.0,2024-02-16,3
2024-02-16 04:00:00,0.0,0.0,2024-02-16,4
2024-02-16 05:00:00,0.0,0.0,2024-02-16,5
2024-02-16 06:00:00,0.03093584,0.06764876,2024-02-16,6
2024-02-16 07:00:00,0.1959078,0.2464898,2024-02-16,7
2024-02-16 08:00:00,0.4372781,0.5499285,2024-02-16,8
2024-02-16 09:00:00,0.543073,0.6426648,2024-02-16,9
2024-02-16 10:00:00,0.8338481,1.008973,2024-02-16,10
2024-02-16 11:00:00,0.8602445,1.03191,2024-02-16,11
2024-02-16 12:00:00,0.7801357,0.9265788,2024-02-16,12
2024-02-16 13:00:00,0.7113872,0.8495896,2024-02-16,13
2024-02-16 14:00:00,0.4449053,0.4949517,2024-02-16,14
2024-02-16 15:00:00,0.5059392,0.65132,2024-02-16,15
2024-02-16 16:00:00,0.2824207,0.4099449,2024-02-16,16
2024-02-16 17:00:00,0.03841317,0.172076,2024-02-16,17
2024-02-16 18:00:00,0.0,0.0,2024-02-16,18
2024-02-16 19:00:00,0.0,0.0,2024-02-16,19
2024-02-16 20:00:00,0.0,0.0,2024-02-16,20
2024-02-16 21:00:00,0.0,0.0,2024-02-16,21
2024-02-16 22:00:00,0.0,0.0,2024-02-16,22
2024-02-16 23:00:00,0.0,0.0,2024-02-16,23
2024-02-17 00:00:00,0.0,0.0,2024-02-17,0
2024-02-17 01:00:00,0.0,0.0,2024-02-17,1
2024-02-17 02:00:00,0.0,0.0,2024-02-17,2
2024-02-17 03:00:00,0.0,0.0,2024-02-17,3
2024-02-17 04:00:00,0.0,0.0,2024-02-17,4
2024-02-17 05:00:00,0.0,0.0,2024-02-17,5
2024-02-17 06:00:00,0.03585204,0.08964079,2024-02-17,6
2024-02-17 07:00:00,0.1878803,0.2283954,2024-02-17,7
2024-02-17 08:00:00,0.3238009,0.3637138,2024-02-17,8
2024-02-17 09:00:00,0.7061076,0.8672011,2024-02-17,9
2024-02-17 10:00:00,0.9119111,1.102413,2024-02-17,10
2024-02-17 11:00:00,0.8986343,1.076271,2024-02-17,11
2024-02-17 12:00:00,0.800042,0.9507307,2024-02-17,12
2024-02-17 13:00:00,0.6893436,0.8153414,2024-02-17,13
2024-02-17 14:00:00,0.6333026,0.7740569,2024-02-17,14
2024-02-17 15:00:00,0.3151311,0.3534817,2024-02-17,15
2024-02-17 16:00:00,0.1948784,0.2487738,2024-02-17,16
2024-02-17 17:00:00,0.01872621,0.02508381,2024-02-17,17
2024-02-17 18:00:00,0.0,0.0,2024-02-17,18
2024-02-17 19:00:00,0.0,0.0,2024-02-17,19
2024-02-17 20:00:00,0.0,0.0,2024-02-17,20
2024-02-17 21:00:00,0.0,0.0,2024-02-17,21
2024-02-17 22:00:00,0.0,0.0,2024-02-17,22
2024-02-17 23:00:00,0.0,0.0,2024-02-17,23
2024-02-18 00:00:00,0.0,0.0,2024-02-18,0
2024-02-18 01:00:00,0.0,0.0,2024-02-18,1
2024-02-18 02:00:00,0.0,0.0,2024-02-18,2
2024-02-18 03:00:00,0.0,0.0,2024-02-18,3
2024-02-18 04:00:00,0.0,0.0,2024-02-18,4
2024-02-18 05:00:00,0.0,0.0,2024-02-18,5
2024-02-18 06:00:00,0.04899002,0.1598856,2024-02-18,6
2024-02-18 07:00:00,0.2289728,0.3044744,2024-02-18,7
2024-02-18 08:00:00,0.4393468,0.5466229,2024-02-18,8
2024-02-18 09:00:00,0.7880904,0.9670554,2024-02-18,9
2024-02-18 10:00:00,0.8776624,1.056811,2024-02-18,10
2024-02-18 11:00:00,0.8266027,0.9826766,2024-02-18,11
2024-02-18 12:00:00,0.9136104,1.091761,2024-02-18,12
2024-02-18 13:00:00,0.7873619,0.9457068,2024-02-18,13
2024-02-18 14:00:00,0.5344843,0.6267797,2024-02-18,14
2024-02-18 15:00:00,0.2352763,0.240958,2024-02-18,15
2024-02-18 16:00:00,0.1526295,0.1698911,2024-02-18,16
2024-02-18 17:00:00,0.03153495,0.0917108,2024-02-18,17
2024-02-18 18:00:00,0.0,0.0,2024-02-18,18
2024-02-18 19:00:00,0.0,0.0,2024-02-18,19
2024-02-18 20:00:00,0.0,0.0,2024-02-18,20
2024-02-18 21:00:00,0.0,0.0,2024-02-18,21
2024-02-18 22:00:00,0.0,0.0,2024-02-18,22
2024-02-18 23:00:00,0.0,0.0,2024-02-18,23
2024-02-19 00:00:00,0.0,0.0,2024-02-19,0
2024-02-19 01:00:00,0.0,0.0,2024-02-19,1
2024-02-19 02:00:00,0.0,0.0,2024-02-19,2
2024-02-19 03:00:00,0.0,0.0,2024-02-19,3
2024-02-19 04:00:00,0.0,0.0,2024-02-19,4
2024-02-19 05:00:00,0.0,0.0,2024-02-19,5
2024-02-19 06:00:00,0.03125236,0.05140123,2024-02-19,6
2024-02-19 07:00:00,0.1820503,0.213122,2024-02-19,7
2024-02-19 08:00:00,0.3915572,0.4674944,2024-02-19,8
2024-02-19 09:00:00,0.4407033,0.4814839,2024-02-19,9
2024-02-19 10:00:00,0.8173493,0.9796324,2024-02-19,10
2024-02-19 11:00:00,0.8642445,1.027966,2024-02-19,11
2024-02-19 12:00:00,0.8022524,0.947727,2024-02-19,12
2024-02-19 13:00:00,0.8683813,1.042911,2024-02-19,13
2024-02-19 14:00:00,0.5151331,0.5947783,2024-02-19,14
2024-02-19 15:00:00,0.3724693,0.4409052,2024-02-19,15
2024-02-19 16:00:00,0.2407058,0.3305376,2024-02-19,16
2024-02-19 17:00:00,0.03312989,0.09225723,2024-02-19,17
2024-02-19 18:00:00,0.0,0.0,2024-02-19,18
2024-02-19 19:00:00,0.0,0.0,2024-02-19,19
2024-02-19 20:00:00,0.0,0.0,2024-02-19,20
2024-02-19 21:00:00,0.0,0.0,2024-02-19,21
2024-02-19 22:00:00,0.0,0.0,2024-02-19,22
2024-02-19 23:00:00,0.0,0.0,2024-02-19,23
2024-02-20 00:00:00,0.0,0.0,2024-02-20,0
2024-02-20 01:00:00,0.0,0.0,2024-02-20,1
2024-02-20 02:00:00,0.0,0.0,2024-02-20,2
2024-02-20 03:00:00,0.0,0.0,2024-02-20,3
2024-02-20 04:00:00,0.0,0.0,2024-02-20,4
2024-02-20 05:00:00,0.0,0.0,2024-02-20,5
2024-02-20 06:00:00,0.01428846,0.01451062,2024-02-20,6
2024-02-20 07:00:00,0.03495632,0.03409566,2024-02-20,7
2024-02-20 08:00:00,0.1669841,0.1640677,2024-02-20,8
2024-02-20 09:00:00,0.2225873,0.2182447,2024-02-20,9
2024-02-20 10:00:00,0.3689697,0.3702762,2024-02-20,10
2024-02-20 11:00:00,0.5550992,0.595104,2024-02-20,11
2024-02-20 12:00:00,0.2743309,0.2685007,2024-02-20,12
2024-02-20 13:00:00,0.1511172,0.1473439,2024-02-20,13
2024-02-20 14:00:00,0.1406999,0.137304,2024-02-20,14
2024-02-20 15:00:00,0.2033745,0.2029783,2024-02-20,15
2024-02-20 16:00:00,0.1352637,0.1422275,2024-02-20,16
2024-02-20 17:00:00,0.03858636,0.1202155,2024-02-20,17
2024-02-20 18:00:00,0.0,0.0,2024-02-20,18
2024-02-20 19:00:00,0.0,0.0,2024-02-20,19
2024-02-20 20:00:00,0.0,0.0,2024-02-20,20
2024-02-20 21:00:00,0.0,0.0,2024-02-20,21
2024-02-20 22:00:00,0.0,0.0,2024-02-20,22
2024-02-20 23:00:00,0.0,0.0,2024-02-20,23
2024-02-21 00:00:00,0.0,0.0,2024-02-21,0
2024-02-21 01:00:00,0.0,0.0,2024-02-21,1
2024-02-21 02:00:00,0.0,0.0,2024-02-21,2
2024-02-21 03:00:00,0.0,0.0,2024-02-21,3
2024-02-21 04:00:00,0.0,0.0,2024-02-21,4
2024-02-21 05:00:00,0.0,0.0,2024-02-21,5
2024-02-21 06:00:00,0.04438281,0.09953563,2024-02-21,6
2024-02-21 07:00:00,0.126458,0.128697,2024-02-21,7
2024-02-21 08:00:00,0.4359269,0.5315883,2024-02-21,8
2024-02-21 09:00:00,0.6106448,0.7277521,2024-02-21,9
2024-02-21 10:00:00,0.4981539,0.5296947,2024-02-21,10
2024-02-21 11:00:00,0.7732624,0.9019265,2024-02-21,11
2024-02-21 12:00:00,0.6962808,0.7939281,2024-02-21,12
2024-02-21 13:00:00,0.5924446,0.6637656,2024-02-21,13
2024-02-21 14:00:00,0.5064759,0.576945,2024-02-21,14
2024-02-21 15:00:00,0.3227712,0.358345,2024-02-21,15
2024-02-21 16:00:00,0.1182961,0.1200643,2024-02-21,16
2024-02-21 17:00:00,0.01964651,0.02254137,2024-02-21,17
2024-02-21 18:00:00,0.0,0.0,2024-02-21,18
2024-02-21 19:00:00,0.0,0.0,2024-02-21,19
2024-02-21 20:00:00,0.0,0.0,2024-02-21,20
2024-02-21 21:00:00,0.0,0.0,2024-02-21,21
2024-02-21 22:00:00,0.0,0.0,2024-02-21,22
2024-02-21 23:00:00,0.0,0.0,2024-02-21,23
2024-02-22 00:00:00,0.0,0.0,2024-02-22,0
2024-02-22 01:00:00,0.0,0.0,2024-02-22,1
2024-02-22 02:00:00,0.0,0.0,2024-02-22,2
2024-02-22 03:00:00,0.0,0.0,2024-02-22,3
2024-02-22 04:00:00,0.0,0.0,2024-02-22,4
2024-02-22 05:00:00,0.0,0.0,2024-02-22,5
2024-02-22 06:00:00,0.05571041,0.1425782,2024-02-22,6
2024-02-22 07:00:00,0.2184068,0.2708207,2024-02-22,7
2024-02-22 08:00:00,0.2475618,0.2526215,2024-02-22,8
2024-02-22 09:00:00,0.5198669,0.5917206,2024-02-22,9
2024-02-22 10:00:00,0.8471628,1.006847,2024-02-22,10
2024-02-22 11:00:00,0.7786339,0.9063489,2024-02-22,11
2024-02-22 12:00:00,0.5509534,0.5870085,2024-02-22,12
2024-02-22 13:00:00,0.6470851,0.7406093,2024-02-22,13
2024-02-22 14:00:00,0.6606117,0.7952511,2024-02-22,14
2024-02-22 15:00:00,0.4780677,0.5944288,2024-02-22,15
2024-02-22 16:00:00,0.2374704,0.3138849,2024-02-22,16
2024-02-22 17:00:00,0.04030156,0.1082606,2024-02-22,17
2024-02-22 18:00:00,0.0,0.0,2024-02-22,18
2024-02-22 19:00:00,0.0,0.0,2024-02-22,19
2024-02-22 20:00:00,0.0,0.0,2024-02-22,20
2024-02-22 21:00:00,0.0,0.0,2024-02-22,21
2024-02-22 22:00:00,0.0,0.0,2024-02-22,22
2024-02-22 23:00:00,0.0,0.0,2024-02-22,23
2024-02-23 00:00:00,0.0,0.0,2024-02-23,0
2024-02-23 01:00:00,0.0,0.0,2024-02-23,1
2024-02-23 02:00:00,0.0,0.0,2024-02-23,2
2024-02-23 03:00:00,0.0,0.0,2024-02-23,3
2024-02-23 04:00:00,0.0,0.0,2024-02-23,4
2024-02-23 05:00:00,0.0,0.0,2024-02-23,5
2024-02-23 06:00:00,0.04920533,0.1042427,2024-02-23,6
2024-02-23 07:00:00,0.2511864,0.3265348,2024-02-23,7
2024-02-23 08:00:00,0.4797047,0.5898502,2024-02-23,8
2024-02-23 09:00:00,0.6812057,0.8170192,2024-02-23,9
2024-02-23 10:00:00,0.8611729,1.020687,2024-02-23,10
2024-02-23 11:00:00,0.897653,1.057024,2024-02-23,11
2024-02-23 12:00:00,0.9493191,1.119359,2024-02-23,12
2024-02-23 13:00:00,0.7599646,0.894838,2024-02-23,13
2024-02-23 14:00:00,0.5883093,0.6925367,2024-02-23,14
2024-02-23 15:00:00,0.4501887,0.5510875,2024-02-23,15
2024-02-23 16:00:00,0.1950013,0.2332318,2024-02-23,16
2024-02-23 17:00:00,0.0251002,0.03239084,2024-02-23,17
2024-02-23 18:00:00,0.0,0.0,2024-02-23,18
2024-02-23 19:00:00,0.0,0.0,2024-02-23,19
2024-02-23 20:00:00,0.0,0.0,2024-02-23,20
2024-02-23 21:00:00,0.0,0.0,2024-02-23,21
2024-02-23 22:00:00,0.0,0.0,2024-02-23,22
2024-02-23 23:00:00,0.0,0.0,2024-02-23,23
2024-02-24 00:00:00,0.0,0.0,2024-02-24,0
2024-02-24 01:00:00,0.0,0.0,2024-02-24,1
2024-02-24 02:00:00,0.0,0.0,2024-02-24,2
2024-02-24 03:00:00,0.0,0.0,2024-02-24,3
2024-02-24 04:00:00,0.0,0.0,2024-02-24,4
2024-02-24 05:00:00,0.0,0.0,2024-02-24,5
2024-02-24 06:00:00,0.0470349,0.08711106,2024-02-24,6
2024-02-24 07:00:00,0.265604,0.3474793,2024-02-24,7
2024-02-24 08:00:00,0.567504,0.7017601,2024-02-24,8
2024-02-24 09:00:00,0.6953419,0.8318512,2024-02-24,9
2024-02-24 10:00:00,0.8567696,1.012219,2024-02-24,10
2024-02-24 11:00:00,0.8259197,0.963578,2024-02-24,11
2024-02-24 12:00:00,0.8812547,1.034216,2024-02-24,12
2024-02-24 13:00:00,0.8195657,0.9679241,2024-02-24,13
2024-02-24 14:00:00,0.7465984,0.8963639,2024-02-24,14
2024-02-24 15:00:00,0.566761,0.7033715,2024-02-24,15
2024-02-24 16:00:00,0.3198928,0.4341171,2024-02-24,16
2024-02-24 17:00:00,0.05043773,0.141639,2024-02-24,17
2024-02-24 18:00:00,0.0,0.0,2024-02-24,18
2024-02-24 19:00:00,0.0,0.0,2024-02-24,19
2024-02-24 20:00:00,0.0,0.0,2024-02-24,20
2024-02-24 21:00:00,0.0,0.0,2024-02-24,21
2024-02-24 22:00:00,0.0,0.0,2024-02-24,22
2024-02-24 23:00:00,0.0,0.0,2024-02-24,23
2024-02-25 00:00:00,0.0,0.0,2024-02-25,0
2024-02-25 01:00:00,0.0,0.0,2024-02-25,1
2024-02-25 02:00:00,0.0,0.0,2024-02-25,2
2024-02-25 03:00:00,0.0,0.0,2024-02-25,3
2024-02-25 04:00:00,0.0,0.0,2024-02-25,4
2024-02-25 05:00:00,0.0,0.0,2024-02-25,5
2024-02-25 06:00:00,0.06129409,0.1343984,2024-02-25,6
2024-02-25 07:00:00,0.2697308,0.3504805,2024-02-25,7
2024-02-25 08:00:00,0.5472655,0.6727298,2024-02-25,8
2024-02-25 09:00:00,0.7294418,0.8706873,2024-02-25,9
2024-02-25 10:00:00,0.8467909,0.9971322,2024-02-25,10
2024-02-25 11:00:00,0.8800421,1.029339,2024-02-25,11
2024-02-25 12:00:00,0.9673486,1.134525,2024-02-25,12
2024-02-25 13:00:00,0.821927,0.9677708,2024-02-25,13
2024-02-25 14:00:00,0.6585696,0.7833143,2024-02-25,14
2024-02-25 15:00:00,0.526221,0.6486148,2024-02-25,15
2024-02-25 16:00:00,0.2587612,0.340398,2024-02-25,16
2024-02-25 17:00:00,0.0451464,0.107043,2024-02-25,17
2024-02-25 18:00:00,0.0,0.0,2024-02-25,18
2024-02-25 19:00:00,0.0,0.0,2024-02-25,19
2024-02-25 20:00:00,0.0,0.0,2024-02-25,20
2024-02-25 21:00:00,0.0,0.0,2024-02-25,21
2024-02-25 22:00:00,0.0,0.0,2024-02-25,22
2024-02-25 23:00:00,0.0,0.0,2024-02-25,23
2024-02-26 00:00:00,0.0,0.0,2024-02-26,0
2024-02-26 01:00:00,0.0,0.0,2024-02-26,1
2024-02-26 02:00:00,0.0,0.0,2024-02-26,2
2024-02-26 03:00:00,0.0,0.0,2024-02-26,3
2024-02-26 04:00:00,0.0,0.0,2024-02-26,4
2024-02-26 05:00:00,0.0,0.0,2024-02-26,5
2024-02-26 06:00:00,0.04942708,0.08300372,2024-02-26,6
2024-02-26 07:00:00,0.2369322,0.2908501,2024-02-26,7
2024-02-26 08:00:00,0.3557867,0.3946885,2024-02-26,8
2024-02-26 09:00:00,0.6378026,0.7498669,2024-02-26,9
2024-02-26 10:00:00,0.5852507,0.6414108,2024-02-26,10
2024-02-26 11:00:00,0.7125963,0.8035854,2024-02-26,11
2024-02-26 12:00:00,0.6440023,0.7081922,2024-02-26,12
2024-02-26 13:00:00,0.5585575,0.6059752,2024-02-26,13
2024-02-26 14:00:00,0.4733498,0.5184483,2024-02-26,14
2024-02-26 15:00:00,0.3012504,0.3205748,2024-02-26,15
2024-02-26 16:00:00,0.1472287,0.1541938,2024-02-26,16
2024-02-26 17:00:00,0.01797046,0.01835741,2024-02-26,17
2024-02-26 18:00:00,0.0,0.0,2024-02-26,18
2024-02-26 19:00:00,0.0,0.0,2024-02-26,19
2024-02-26 20:00:00,0.0,0.0,2024-02-26,20
2024-02-26 21:00:00,0.0,0.0,2024-02-26,21
2024-02-26 22:00:00,0.0,0.0,2024-02-26,22
2024-02-26 23:00:00,0.0,0.0,2024-02-26,23
2024-02-27 00:00:00,0.0,0.0,2024-02-27,0
2024-02-27 01:00:00,0.0,0.0,2024-02-27,1
2024-02-27 02:00:00,0.0,0.0,2024-02-27,2
2024-02-27 03:00:00,0.0,0.0,2024-02-27,3
2024-02-27 04:00:00,0.0,0.0,2024-02-27,4
2024-02-27 05:00:00,0.0,0.0,2024-02-27,5
2024-02-27 06:00:00,0.07079032,0.1466741,2024-02-27,6
2024-02-27 07:00:00,0.284196,0.3660074,2024-02-27,7
2024-02-27 08:00:00,0.5401184,0.6571399,2024-02-27,8
2024-02-27 09:00:00,0.7736001,0.9177317,2024-02-27,9
2024-02-27 10:00:00,0.849896,0.9946504,2024-02-27,10
2024-02-27 11:00:00,0.9545399,1.112509,2024-02-27,11
2024-02-27 12:00:00,0.9636249,1.123574,2024-02-27,12
2024-02-27 13:00:00,0.8876469,1.040519,2024-02-27,13
2024-02-27 14:00:00,0.6475292,0.7626178,2024-02-27,14
2024-02-27 15:00:00,0.5241246,0.6396621,2024-02-27,15
2024-02-27 16:00:00,0.2644449,0.3428475,2024-02-27,16
2024-02-27 17:00:00,0.05859618,0.1453179,2024-02-27,17
2024-02-27 18:00:00,0.0,0.0,2024-02-27,18
2024-02-27 19:00:00,0.0,0.0,2024-02-27,19
2024-02-27 20:00:00,0.0,0.0,2024-02-27,20
2024-02-27 21:00:00,0.0,0.0,2024-02-27,21
2024-02-27 22:00:00,0.0,0.0,2024-02-27,22
2024-02-27 23:00:00,0.0,0.0,2024-02-27,23
2024-02-28 00:00:00,0.0,0.0,2024-02-28,0
2024-02-28 01:00:00,0.0,0.0,2024-02-28,1
2024-02-28 02:00:00,0.0,0.0,2024-02-28,2
2024-02-28 03:00:00,0.0,0.0,2024-02-28,3
2024-02-28 04:00:00,0.0,0.0,2024-02-28,4
2024-02-28 05:00:00,0.0,0.0,2024-02-28,5
2024-02-28 06:00:00,0.07953242,0.1600388,2024-02-28,6
2024-02-28 07:00:00,0.2746757,0.3471051,2024-02-28,7
2024-02-28 08:00:00,0.5755405,0.6977476,2024-02-28,8
2024-02-28 09:00:00,0.7464476,0.8815784,2024-02-28,9
2024-02-28 10:00:00,0.8024959,0.9331194,2024-02-28,10
2024-02-28 11:00:00,0.9396715,1.091698,2024-02-28,11
2024-02-28 12:00:00,0.9415151,1.094147,2024-02-28,12
2024-02-28 13:00:00,0.8732752,1.020169,2024-02-28,13
2024-02-28 14:00:00,0.6995167,0.8262773,2024-02-28,14
2024-02-28 15:00:00,0.4972657,0.6016241,2024-02-28,15
2024-02-28 16:00:00,0.3011692,0.3940727,2024-02-28,16
2024-02-28 17:00:00,0.05320381,0.1186609,2024-02-28,17
2024-02-28 18:00:00,0.0,0.0,2024-02-28,18
2024-02-28 19:00:00,0.0,0.0,2024-02-28,19
2024-02-28 20:00:00,0.0,0.0,2024-02-28,20
2024-02-28 21:00:00,0.0,0.0,2024-02-28,21
2024-02-28 22:00:00,0.0,0.0,2024-02-28,22
2024-02-28 23:00:00,0.0,0.0,2024-02-28,23
2024-02-29 00:00:00,0.0,0.0,2024-02-29,0
2024-02-29 01:00:00,0.0,0.0,2024-02-29,1
2024-02-29 02:00:00,0.0,0.0,2024-02-29,2
2024-02-29 03:00:00,0.0,0.0,2024-02-29,3
2024-02-29 04:00:00,0.0,0.0,2024-02-29,4
2024-02-29 05:00:00,0.0,0.0,2024-02-29,5
2024-02-29 06:00:00,0.05928612,0.09702299,2024-02-29,6
2024-02-29 07:00:00,0.2550185,0.3113713,2024-02-29,7
2024-02-29 08:00:00,0.458214,0.5391452,2024-02-29,8
2024-02-29 09:00:00,0.7537294,0.8870625,2024-02-29,9
2024-02-29 10:00:00,0.9305152,1.084095,2024-02-29,10
2024-02-29 11:00:00,0.9794374,1.135501,2024-02-29,11
2024-02-29 12:00:00,0.9181156,1.063421,2024-02-29,12
2024-02-29 13:00:00,0.7194527,0.8229734,2024-02-29,13
2024-02-29 14:00:00,0.6517827,0.7622179,2024-02-29,14
2024-02-29 15:00:00,0.4952706,0.5958264,2024-02-29,15
2024-02-29 16:00:00,0.3006156,0.3899312,2024-02-29,16
2024-02-29 17:00:00,0.06356002,0.1447309,2024-02-29,17
2024-02-29 18:00:00,0.0,0.0,2024-02-29,18
2024-02-29 19:00:00,0.0,0.0,2024-02-29,19
2024-02-29 20:00:00,0.0,0.0,2024-02-29,20
2024-02-29 21:00:00,0.0,0.0,2024-02-29,21
2024-02-29 22:00:00,0.0,0.0,2024-02-29,22
2024-02-29 23:00:00,0.0,0.0,2024-02-29,23
2024-03-01 00:00:00,0.0,0.0,2024-03-01,0
2024-03-01 01:00:00,0.0,0.0,2024-03-01,1
2024-03-01 02:00:00,0.0,0.0,2024-03-01,2
2024-03-01 03:00:00,0.0,0.0,2024-03-01,3
2024-03-01 04:00:00,0.0,0.0,2024-03-01,4
2024-03-01 05:00:00,0.0,0.0,2024-03-01,5
2024-03-01 06:00:00,0.02682014,0.02691427,2024-03-01,6
2024-03-01 07:00:00,0.1948905,0.2126828,2024-03-01,7
2024-03-01 08:00:00,0.2257416,0.2243875,2024-03-01,8
2024-03-01 09:00:00,0.2012053,0.1965081,2024-03-01,9
2024-03-01 10:00:00,0.3313241,0.3267151,2024-03-01,10
2024-03-01 11:00:00,0.218577,0.2132068,2024-03-01,11
2024-03-01 12:00:00,0.3968373,0.394534,2024-03-01,12
2024-03-01 13:00:00,0.220806,0.2155159,2024-03-01,13
2024-03-01 14:00:00,0.181812,0.1774853,2024-03-01,14
2024-03-01 15:00:00,0.1097278,0.1070588,2024-03-01,15
2024-03-01 16:00:00,0.04040408,0.03938602,2024-03-01,16
2024-03-01 17:00:00,0.02315907,0.0239219,2024-03-01,17
2024-03-01 18:00:00,0.0,0.0,2024-03-01,18
2024-03-01 19:00:00,0.0,0.0,2024-03-01,19
2024-03-01 20:00:00,0.0,0.0,2024-03-01,20
2024-03-01 21:00:00,0.0,0.0,2024-03-01,21
2024-03-01 22:00:00,0.0,0.0,2024-03-01,22
2024-03-01 23:00:00,0.0,0.0,2024-03-01,23
2024-03-02 00:00:00,0.0,0.0,2024-03-02,0
2024-03-02 01:00:00,0.0,0.0,2024-03-02,1
2024-03-02 02:00:00,0.0,0.0,2024-03-02,2
2024-03-02 03:00:00,0.0,0.0,2024-03-02,3
2024-03-02 04:00:00,0.0,0.0,2024-03-02,4
2024-03-02 05:00:00,0.0,0.0,2024-03-02,5
2024-03-02 06:00:00,0.02050865,0.02027738,2024-03-02,6
2024-03-02 07:00:00,0.0346864,0.03377618,2024-03-02,7
2024-03-02 08:00:00,0.009177595,0.00891333,2024-03-02,8
2024-03-02 09:00:00,0.1291245,0.125818,2024-03-02,9
2024-03-02 10:00:00,0.1858935,0.1812504,2024-03-02,10
2024-03-02 11:00:00,0.1515929,0.1476397,2024-03-02,11
2024-03-02 12:00:00,0.2066113,0.2014679,2024-03-02,12
2024-03-02 13:00:00,0.3291009,0.324465,2024-03-02,13
2024-03-02 14:00:00,0.1844725,0.1800762,2024-03-02,14
2024-03-02 15:00:00,0.249454,0.2518187,2024-03-02,15
2024-03-02 16:00:00,0.08698288,0.08521353,2024-03-02,16
2024-03-02 17:00:00,0.04103391,0.05937849,2024-03-02,17
2024-03-02 18:00:00,0.0,0.0,2024-03-02,18
2024-03-02 19:00:00,0.0,0.0,2024-03-02,19
2024-03-02 20:00:00,0.0,0.0,2024-03-02,20
2024-03-02 21:00:00,0.0,0.0,2024-03-02,21
2024-03-02 22:00:00,0.0,0.0,2024-03-02,22
2024-03-02 23:00:00,0.0,0.0,2024-03-02,23
2024-03-03 00:00:00,0.0,0.0,2024-03-03,0
2024-03-03 01:00:00,0.0,0.0,2024-03-03,1
2024-03-03 02:00:00,0.0,0.0,2024-03-03,2
2024-03-03 03:00:00,0.0,0.0,2024-03-03,3
2024-03-03 04:00:00,0.0,0.0,2024-03-03,4
2024-03-03 05:00:00,0.0,0.0,2024-03-03,5
2024-03-03 06:00:00,0.007863859,0.007679274,2024-03-03,6
2024-03-03 07:00:00,0.09942273,0.09741699,2024-03-03,7
2024-03-03 08:00:00,0.3303919,0.3491064,2024-03-03,8
2024-03-03 09:00:00,0.4991642,0.5402151,2024-03-03,9
2024-03-03 10:00:00,0.3649426,0.3619671,2024-03-03,10
2024-03-03 11:00:00,0.4417979,0.4434503,2024-03-03,11
2024-03-03 12:00:00,0.2423164,0.2364519,2024-03-03,12
2024-03-03 13:00:00,0.3959183,0.3964526,2024-03-03,13
2024-03-03 14:00:00,0.5196759,0.5723444,2024-03-03,14
2024-03-03 15:00:00,0.4556358,0.5322714,2024-03-03,15
2024-03-03 16:00:00,0.1331293,0.1339615,2024-03-03,16
2024-03-03 17:00:00,0.02808918,0.03001511,2024-03-03,17
2024-03-03 18:00:00,0.0,0.0,2024-03-03,18
2024-03-03 19:00:00,0.0,0.0,2024-03-03,19
2024-03-03 20:00:00,0.0,0.0,2024-03-03,20
2024-03-03 21:00:00,0.0,0.0,2024-03-03,21
2024-03-03 22:00:00,0.0,0.0,2024-03-03,22
2024-03-03 23:00:00,0.0,0.0,2024-03-03,23
2024-03-04 00:00:00,0.0,0.0,2024-03-04,0
2024-03-04 01:00:00,0.0,0.0,2024-03-04,1
2024-03-04 02:00:00,0.0,0.0,2024-03-04,2
2024-03-04 03:00:00,0.0,0.0,2024-03-04,3
2024-03-04 04:00:00,0.0,0.0,2024-03-04,4
2024-03-04 05:00:00,0.0,0.0,2024-03-04,5
2024-03-04 06:00:00,0.02180865,0.02150436,2024-03-04,6
2024-03-04 07:00:00,0.1195063,0.117798,2024-03-04,7
2024-03-04 08:00:00,0.372594,0.4049876,2024-03-04,8
2024-03-04 09:00:00,0.5629626,0.6260108,2024-03-04,9
2024-03-04 10:00:00,0.4985243,0.5160136,2024-03-04,10
2024-03-04 11:00:00,0.6517417,0.7042189,2024-03-04,11
2024-03-04 12:00:00,0.3138194,0.3073579,2024-03-04,12
2024-03-04 13:00:00,0.5238702,0.549633,2024-03-04,13
2024-03-04 14:00:00,0.4191254,0.4362737,2024-03-04,14
2024-03-04 15:00:00,0.2591284,0.2622253,2024-03-04,15
2024-03-04 16:00:00,0.2045363,0.2293274,2024-03-04,16
2024-03-04 17:00:00,0.03851379,0.04841597,2024-03-04,17
2024-03-04 18:00:00,0.0,0.0,2024-03-04,18
2024-03-04 19:00:00,0.0,0.0,2024-03-04,19
2024-03-04 20:00:00,0.0,0.0,2024-03-04,20
2024-03-04 21:00:00,0.0,0.0,2024-03-04,21
2024-03-04 22:00:00,0.0,0.0,2024-03-04,22
2024-03-04 23:00:00,0.0,0.0,2024-03-04,23
2024-03-05 00:00:00,0.0,0.0,2024-03-05,0
2024-03-05 01:00:00,0.0,0.0,2024-03-05,1
2024-03-05 02:00:00,0.0,0.0,2024-03-05,2
2024-03-05 03:00:00,0.0,0.0,2024-03-05,3
2024-03-05 04:00:00,0.0,0.0,2024-03-05,4
2024-03-05 05:00:00,0.0,0.0,2024-03-05,5
2024-03-05 06:00:00,0.06739505,0.09248499,2024-03-05,6
2024-03-05 07:00:00,0.1817107,0.1893136,2024-03-05,7
2024-03-05 08:00:00,0.3040332,0.3131498,2024-03-05,8
2024-03-05 09:00:00,0.6991467,0.8046263,2024-03-05,9
2024-03-05 10:00:00,0.9584129,1.099791,2024-03-05,10
2024-03-05 11:00:00,0.9962751,1.13874,2024-03-05,11
2024-03-05 12:00:00,0.893048,1.017992,2024-03-05,12
2024-03-05 13:00:00,0.9584671,1.100879,2024-03-05,13
2024-03-05 14:00:00,0.7838865,0.9081146,2024-03-05,14
2024-03-05 15:00:00,0.5372044,0.633867,2024-03-05,15
2024-03-05 16:00:00,0.323166,0.402876,2024-03-05,16
2024-03-05 17:00:00,0.05960739,0.103789,2024-03-05,17
2024-03-05 18:00:00,0.0,0.0,2024-03-05,18
2024-03-05 19:00:00,0.0,0.0,2024-03-05,19
2024-03-05 20:00:00,0.0,0.0,2024-03-05,20
2024-03-05 21:00:00,0.0,0.0,2024-03-05,21
2024-03-05 22:00:00,0.0,0.0,2024-03-05,22
2024-03-05 23:00:00,0.0,0.0,2024-03-05,23
2024-03-06 00:00:00,0.0,0.0,2024-03-06,0
2024-03-06 01:00:00,0.0,0.0,2024-03-06,1
2024-03-06 02:00:00,0.0,0.0,2024-03-06,2
2024-03-06 03:00:00,0.0,0.0,2024-03-06,3
2024-03-06 04:00:00,0.0,0.0,2024-03-06,4
2024-03-06 05:00:00,0.0,0.0,2024-03-06,5
2024-03-06 06:00:00,0.07268375,0.1001586,2024-03-06,6
2024-03-06 07:00:00,0.189898,0.1989311,2024-03-06,7
2024-03-06 08:00:00,0.3873965,0.4216157,2024-03-06,8
2024-03-06 09:00:00,0.5839296,0.6497035,2024-03-06,9
2024-03-06 10:00:00,0.937529,1.072028,2024-03-06,10
2024-03-06 11:00:00,0.948749,1.080412,2024-03-06,11
2024-03-06 12:00:00,0.9888177,1.12711,2024-03-06,12
2024-03-06 13:00:00,0.9757807,1.11763,2024-03-06,13
2024-03-06 14:00:00,0.8214663,0.9490159,2024-03-06,14
2024-03-06 15:00:00,0.4846274,0.5634513,2024-03-06,15
2024-03-06 16:00:00,0.2716806,0.3287795,2024-03-06,16
2024-03-06 17:00:00,0.04239935,0.05365424,2024-03-06,17
2024-03-06 18:00:00,0.0,0.0,2024-03-06,18
2024-03-06 19:00:00,0.0,0.0,2024-03-06,19
2024-03-06 20:00:00,0.0,0.0,2024-03-06,20
2024-03-06 21:00:00,0.0,0.0,2024-03-06,21
2024-03-06 22:00:00,0.0,0.0,2024-03-06,22
2024-03-06 23:00:00,0.0,0.0,2024-03-06,23
2024-03-07 00:00:00,0.0,0.0,2024-03-07,0
2024-03-07 01:00:00,0.0,0.0,2024-03-07,1
2024-03-07 02:00:00,0.0,0.0,2024-03-07,2
2024-03-07 03:00:00,0.0,0.0,2024-03-07,3
2024-03-07 04:00:00,0.0,0.0,2024-03-07,4
2024-03-07 05:00:00,0.0,0.0,2024-03-07,5
2024-03-07 06:00:00,0.09390418,0.1403619,2024-03-07,6
2024-03-07 07:00:00,0.2834175,0.3324955,2024-03-07,7
2024-03-07 08:00:00,0.5987559,0.6982499,2024-03-07,8
2024-03-07 09:00:00,0.8103545,0.9306428,2024-03-07,9
2024-03-07 10:00:00,0.9143329,1.041793,2024-03-07,10
2024-03-07 11:00:00,1.035361,1.177359,2024-03-07,11
2024-03-07 12:00:00,1.056309,1.201948,2024-03-07,12
2024-03-07 13:00:00,0.9658901,1.102629,2024-03-07,13
2024-03-07 14:00:00,0.7586231,0.8719047,2024-03-07,14
2024-03-07 15:00:00,0.5619056,0.6572385,2024-03-07,15
2024-03-07 16:00:00,0.3153401,0.3863824,2024-03-07,16
2024-03-07 17:00:00,0.05635789,0.08609072,2024-03-07,17
2024-03-07 18:00:00,0.0,0.0,2024-03-07,18
2024-03-07 19:00:00,0.0,0.0,2024-03-07,19
2024-03-07 20:00:00,0.0,0.0,2024-03-07,20
2024-03-07 21:00:00,0.0,0.0,2024-03-07,21
2024-03-07 22:00:00,0.0,0.0,2024-03-07,22
2024-03-07 23:00:00,0.0,0.0,2024-03-07,23
2024-03-08 00:00:00,0.0,0.0,2024-03-08,0
2024-03-08 01:00:00,0.0,0.0,2024-03-08,1
2024-03-08 02:00:00,0.0,0.0,2024-03-08,2
2024-03-08 03:00:00,0.0,0.0,2024-03-08,3
2024-03-08 04:00:00,0.0,0.0,2024-03-08,4
2024-03-08 05:00:00,0.0,0.0,2024-03-08,5
2024-03-08 06:00:00,0.0923126,0.1320663,2024-03-08,6
2024-03-08 07:00:00,0.3214325,0.3835616,2024-03-08,7
2024-03-08 08:00:00,0.4972647,0.5682297,2024-03-08,8
2024-03-08 09:00:00,0.6099212,0.679467,2024-03-08,9
2024-03-08 10:00:00,0.9061385,1.029098,2024-03-08,10
2024-03-08 11:00:00,0.9964148,1.129053,2024-03-08,11
2024-03-08 12:00:00,1.04534,1.185791,2024-03-08,12
2024-03-08 13:00:00,0.795993,0.8993156,2024-03-08,13
2024-03-08 14:00:00,0.6917499,0.7891983,2024-03-08,14
2024-03-08 15:00:00,0.5153692,0.5974521,2024-03-08,15
2024-03-08 16:00:00,0.2981906,0.3604831,2024-03-08,16
2024-03-08 17:00:00,0.06386304,0.1012037,2024-03-08,17
2024-03-08 18:00:00,0.0,0.0,2024-03-08,18
2024-03-08 19:00:00,0.0,0.0,2024-03-08,19
2024-03-08 20:00:00,0.0,0.0,2024-03-08,20
2024-03-08 21:00:00,0.0,0.0,2024-03-08,21
2024-03-08 22:00:00,0.0,0.0,2024-03-08,22
2024-03-08 23:00:00,0.0,0.0,2024-03-08,23
2024-03-09 00:00:00,0.0,0.0,2024-03-09,0
2024-03-09 01:00:00,0.0,0.0,2024-03-09,1
2024-03-09 02:00:00,0.0,0.0,2024-03-09,2
2024-03-09 03:00:00,0.0,0.0,2024-03-09,3
2024-03-09 04:00:00,0.0,0.0,2024-03-09,4
2024-03-09 05:00:00,0.0,0.0,2024-03-09,5
2024-03-09 06:00:00,0.08206144,0.1068876,2024-03-09,6
2024-03-09 07:00:00,0.3600259,0.4301839,2024-03-09,7
2024-03-09 08:00:00,0.612102,0.7072178,2024-03-09,8
2024-03-09 09:00:00,0.7143044,0.8108058,2024-03-09,9
2024-03-09 10:00:00,0.8333651,0.9403233,2024-03-09,10
2024-03-09 11:00:00,0.9585905,1.08242,2024-03-09,11
2024-03-09 12:00:00,0.988047,1.1165,2024-03-09,12
2024-03-09 13:00:00,0.8866711,1.004438,2024-03-09,13
2024-03-09 14:00:00,0.7736777,0.8830411,2024-03-09,14
2024-03-09 15:00:00,0.5061249,0.5827367,2024-03-09,15
2024-03-09 16:00:00,0.2594823,0.3023896,2024-03-09,16
2024-03-09 17:00:00,0.0609131,0.09012625,2024-03-09,17
2024-03-09 18:00:00,0.0,0.0,2024-03-09,18
2024-03-09 19:00:00,0.0,0.0,2024-03-09,19
2024-03-09 20:00:00,0.0,0.0,2024-03-09,20
2024-03-09 21:00:00,0.0,0.0,2024-03-09,21
2024-03-09 22:00:00,0.0,0.0,2024-03-09,22
2024-03-09 23:00:00,0.0,0.0,2024-03-09,23
2024-03-10 00:00:00,0.0,0.0,2024-03-10,0
2024-03-10 01:00:00,0.0,0.0,2024-03-10,1
2024-03-10 02:00:00,0.0,0.0,2024-03-10,2
2024-03-10 03:00:00,0.0,0.0,2024-03-10,3
2024-03-10 04:00:00,0.0,0.0,2024-03-10,4
2024-03-10 05:00:00,0.0,0.0,2024-03-10,5
2024-03-10 06:00:00,0.06927145,0.0797039,2024-03-10,6
2024-03-10 07:00:00,0.3005169,0.3476247,2024-03-10,7
2024-03-10 08:00:00,0.5442607,0.6226611,2024-03-10,8
2024-03-10 09:00:00,0.7254182,0.8212186,2024-03-10,9
2024-03-10 10:00:00,0.6740807,0.7339641,2024-03-10,10
2024-03-10 11:00:00,0.7115747,0.7713256,2024-03-10,11
2024-03-10 12:00:00,0.8401493,0.9379979,2024-03-10,12
2024-03-10 13:00:00,0.8565746,0.9665294,2024-03-10,13
2024-03-10 14:00:00,0.7887321,0.897239,2024-03-10,14
2024-03-10 15:00:00,0.5448261,0.6275901,2024-03-10,15
2024-03-10 16:00:00,0.3332736,0.3990637,2024-03-10,16
2024-03-10 17:00:00,0.0726697,0.112054,2024-03-10,17
2024-03-10 18:00:00,0.0,0.0,2024-03-10,18
2024-03-10 19:00:00,0.0,0.0,2024-03-10,19
2024-03-10 20:00:00,0.0,0.0,2024-03-10,20
2024-03-10 21:00:00,0.0,0.0,2024-03-10,21
2024-03-10 22:00:00,0.0,0.0,2024-03-10,22
2024-03-10 23:00:00,0.0,0.0,2024-03-10,23
2024-03-11 00:00:00,0.0,0.0,2024-03-11,0
2024-03-11 01:00:00,0.0,0.0,2024-03-11,1
2024-03-11 02:00:00,0.0,0.0,2024-03-11,2
2024-03-11 03:00:00,0.0,0.0,2024-03-11,3
2024-03-11 04:00:00,0.0,0.0,2024-03-11,4
2024-03-11 05:00:00,0.0,0.0,2024-03-11,5
2024-03-11 06:00:00,0.1026485,0.1364954,2024-03-11,6
2024-03-11 07:00:00,0.3506922,0.4116692,2024-03-11,7
2024-03-11 08:00:00,0.5985378,0.6846732,2024-03-11,8
2024-03-11 09:00:00,0.7903913,0.8942025,2024-03-11,9
2024-03-11 10:00:00,0.940946,1.059394,2024-03-11,10
2024-03-11 11:00:00,1.030088,1.157775,2024-03-11,11
2024-03-11 12:00:00,0.9560785,1.073665,2024-03-11,12
2024-03-11 13:00:00,0.8987153,1.01202,2024-03-11,13
2024-03-11 14:00:00,0.7994262,0.9062957,2024-03-11,14
2024-03-11 15:00:00,0.468127,0.5276919,2024-03-11,15
2024-03-11 16:00:00,0.2712047,0.3141441,2024-03-11,16
2024-03-11 17:00:00,0.07353013,0.1096346,2024-03-11,17
2024-03-11 18:00:00,0.0,0.0,2024-03-11,18
2024-03-11 19:00:00,0.0,0.0,2024-03-11,19
2024-03-11 20:00:00,0.0,0.0,2024-03-11,20
2024-03-11 21:00:00,0.0,0.0,2024-03-11,21
2024-03-11 22:00:00,0.0,0.0,2024-03-11,22
2024-03-11 23:00:00,0.0,0.0,2024-03-11,23
2024-03-12 00:00:00,0.0,0.0,2024-03-12,0
2024-03-12 01:00:00,0.0,0.0,2024-03-12,1
2024-03-12 02:00:00,0.0,0.0,2024-03-12,2
2024-03-12 03:00:00,0.0,0.0,2024-03-12,3
2024-03-12 04:00:00,0.0,0.0,2024-03-12,4
2024-03-12 05:00:00,0.0,0.0,2024-03-12,5
2024-03-12 06:00:00,0.09106198,0.1119567,2024-03-12,6
2024-03-12 07:00:00,0.3026432,0.3443757,2024-03-12,7
2024-03-12 08:00:00,0.5477521,0.6206433,2024-03-12,8
2024-03-12 09:00:00,0.7890533,0.8894594,2024-03-12,9
2024-03-12 10:00:00,0.9564264,1.073781,2024-03-12,10
2024-03-12 11:00:00,1.058072,1.186315,2024-03-12,11
2024-03-12 12:00:00,1.013773,1.136182,2024-03-12,12
2024-03-12 13:00:00,0.9748569,1.095785,2024-03-12,13
2024-03-12 14:00:00,0.6479382,0.7229424,2024-03-12,14
2024-03-12 15:00:00,0.5254241,0.5980256,2024-03-12,15
2024-03-12 16:00:00,0.3358062,0.3956956,2024-03-12,16
2024-03-12 17:00:00,0.06591228,0.09077144,2024-03-12,17
2024-03-12 18:00:00,0.0,0.0,2024-03-12,18
2024-03-12 19:00:00,0.0,0.0,2024-03-12,19
2024-03-12 20:00:00,0.0,0.0,2024-03-12,20
2024-03-12 21:00:00,0.0,0.0,2024-03-12,21
2024-03-12 22:00:00,0.0,0.0,2024-03-12,22
2024-03-12 23:00:00,0.0,0.0,2024-03-12,23
2024-03-13 00:00:00,0.0,0.0,2024-03-13,0
2024-03-13 01:00:00,0.0,0.0,2024-03-13,1
2024-03-13 02:00:00,0.0,0.0,2024-03-13,2
2024-03-13 03:00:00,0.0,0.0,2024-03-13,3
2024-03-13 04:00:00,0.0,0.0,2024-03-13,4
2024-03-13 05:00:00,0.0,0.0,2024-03-13,5
2024-03-13 06:00:00,0.02598227,0.02539435,2024-03-13,6
2024-03-13 07:00:00,0.1127102,0.1101544,2024-03-13,7
2024-03-13 08:00:00,0.2267486,0.2229701,2024-03-13,8
2024-03-13 09:00:00,0.6315622,0.6944827,2024-03-13,9
2024-03-13 10:00:00,0.6426179,0.6866727,2024-03-13,10
2024-03-13 11:00:00,0.9043342,1.006817,2024-03-13,11
2024-03-13 12:00:00,0.8828557,0.9817521,2024-03-13,12
2024-03-13 13:00:00,0.9065203,1.01466,2024-03-13,13
2024-03-13 14:00:00,0.7184078,0.8064911,2024-03-13,14
2024-03-13 15:00:00,0.5095208,0.5754511,2024-03-13,15
2024-03-13 16:00:00,0.2668313,0.3029464,2024-03-13,16
2024-03-13 17:00:00,0.05670266,0.06967544,2024-03-13,17
2024-03-13 18:00:00,0.0,0.0,2024-03-13,18
2024-03-13 19:00:00,0.0,0.0,2024-03-13,19
2024-03-13 20:00:00,0.0,0.0,2024-03-13,20
2024-03-13 21:00:00,0.0,0.0,2024-03-13,21
2024-03-13 22:00:00,0.0,0.0,2024-03-13,22
2024-03-13 23:00:00,0.0,0.0,2024-03-13,23
2024-03-14 00:00:00,0.0,0.0,2024-03-14,0
2024-03-14 01:00:00,0.0,0.0,2024-03-14,1
2024-03-14 02:00:00,0.0,0.0,2024-03-14,2
2024-03-14 03:00:00,0.0,0.0,2024-03-14,3
2024-03-14 04:00:00,0.0,0.0,2024-03-14,4
2024-03-14 05:00:00,1.94409e-05,0.0,2024-03-14,5
2024-03-14 06:00:00,0.05937183,0.06035666,2024-03-14,6
2024-03-14 07:00:00,0.3133785,0.3529937,2024-03-14,7
2024-03-14 08:00:00,0.4170535,0.4456069,2024-03-14,8
2024-03-14 09:00:00,0.4277569,0.4351623,2024-03-14,9
2024-03-14 10:00:00,0.5923497,0.6210008,2024-03-14,10
2024-03-14 11:00:00,0.5943562,0.6153618,2024-03-14,11
2024-03-14 12:00:00,0.545579,0.557293,2024-03-14,12
2024-03-14 13:00:00,0.7425418,0.8157701,2024-03-14,13
2024-03-14 14:00:00,0.624929,0.6885181,2024-03-14,14
2024-03-14 15:00:00,0.2862282,0.2889657,2024-03-14,15
2024-03-14 16:00:00,0.1586791,0.1596188,2024-03-14,16
2024-03-14 17:00:00,0.0508122,0.05755232,2024-03-14,17
2024-03-14 18:00:00,0.0,0.0,2024-03-14,18
2024-03-14 19:00:00,0.0,0.0,2024-03-14,19
2024-03-14 20:00:00,0.0,0.0,2024-03-14,20
2024-03-14 21:00:00,0.0,0.0,2024-03-14,21
2024-03-14 22:00:00,0.0,0.0,2024-03-14,22
2024-03-14 23:00:00,0.0,0.0,2024-03-14,23
2024-03-15 00:00:00,0.0,0.0,2024-03-15,0
2024-03-15 01:00:00,0.0,0.0,2024-03-15,1
2024-03-15 02:00:00,0.0,0.0,2024-03-15,2
2024-03-15 03:00:00,0.0,0.0,2024-03-15,3
2024-03-15 04:00:00,0.0,0.0,2024-03-15,4
2024-03-15 05:00:00,3.4147e-05,0.0,2024-03-15,5
2024-03-15 06:00:00,0.01097428,0.01067769,2024-03-15,6
2024-03-15 07:00:00,0.02393846,0.02326792,2024-03-15,7
2024-03-15 08:00:00,0.09904529,0.0964234,2024-03-15,8
2024-03-15 09:00:00,0.03587851,0.03485936,2024-03-15,9
2024-03-15 10:00:00,0.08521926,0.08285971,2024-03-15,10
2024-03-15 11:00:00,0.199653,0.1944637,2024-03-15,11
2024-03-15 12:00:00,0.2325591,0.2266471,2024-03-15,12
2024-03-15 13:00:00,0.2442425,0.2381767,2024-03-15,13
2024-03-15 14:00:00,0.01664473,0.0161655,2024-03-15,14
2024-03-15 15:00:00,0.0648796,0.06311242,2024-03-15,15
2024-03-15 16:00:00,0.06270569,0.06109764,2024-03-15,16
2024-03-15 17:00:00,0.01303275,0.01271988,2024-03-15,17
2024-03-15 18:00:00,0.0,0.0,2024-03-15,18
2024-03-15 19:00:00,0.0,0.0,2024-03-15,19
2024-03-15 20:00:00,0.0,0.0,2024-03-15,20
2024-03-15 21:00:00,0.0,0.0,2024-03-15,21
2024-03-15 22:00:00,0.0,0.0,2024-03-15,22
2024-03-15 23:00:00,0.0,0.0,2024-03-15,23
2024-03-16 00:00:00,0.0,0.0,2024-03-16,0
2024-03-16 01:00:00,0.0,0.0,2024-03-16,1
2024-03-16 02:00:00,0.0,0.0,2024-03-16,2
2024-03-16 03:00:00,0.0,0.0,2024-03-16,3
2024-03-16 04:00:00,0.0,0.0,2024-03-16,4
2024-03-16 05:00:00,0.000223701,0.0,2024-03-16,5
2024-03-16 06:00:00,0.100346,0.114118,2024-03-16,6
2024-03-16 07:00:00,0.3326817,0.372371,2024-03-16,7
2024-03-16 08:00:00,0.4518353,0.4865938,2024-03-16,8
2024-03-16 09:00:00,0.6076628,0.6563455,2024-03-16,9
2024-03-16 10:00:00,0.6465511,0.6860389,2024-03-16,10
2024-03-16 11:00:00,0.7995828,0.8701922,2024-03-16,11
2024-03-16 12:00:00,0.8115667,0.8861645,2024-03-16,12
2024-03-16 13:00:00,0.3689806,0.3638725,2024-03-16,13
2024-03-16 14:00:00,0.4448515,0.4569446,2024-03-16,14
2024-03-16 15:00:00,0.4974592,0.5521455,2024-03-16,15
2024-03-16 16:00:00,0.1631792,0.1639734,2024-03-16,16
2024-03-16 17:00:00,0.04174221,0.04292309,2024-03-16,17
2024-03-16 18:00:00,0.0,0.0,2024-03-16,18
2024-03-16 19:00:00,0.0,0.0,2024-03-16,19
2024-03-16 20:00:00,0.0,0.0,2024-03-16,20
2024-03-16 21:00:00,0.0,0.0,2024-03-16,21
2024-03-16 22:00:00,0.0,0.0,2024-03-16,22
2024-03-16 23:00:00,0.0,0.0,2024-03-16,23
2024-03-17 00:00:00,0.0,0.0,2024-03-17,0
2024-03-17 01:00:00,0.0,0.0,2024-03-17,1
2024-03-17 02:00:00,0.0,0.0,2024-03-17,2
2024-03-17 03:00:00,0.0,0.0,2024-03-17,3
2024-03-17 04:00:00,0.0,0.0,2024-03-17,4
2024-03-17 05:00:00,0.000456838,0.0,2024-03-17,5
2024-03-17 06:00:00,0.06967126,0.07074467,2024-03-17,6
2024-03-17 07:00:00,0.2277483,0.2345424,2024-03-17,7
2024-03-17 08:00:00,0.460391,0.4953595,2024-03-17,8
2024-03-17 09:00:00,0.6188245,0.6681782,2024-03-17,9
2024-03-17 10:00:00,0.5338407,0.5459596,2024-03-17,10
2024-03-17 11:00:00,0.6273239,0.6520779,2024-03-17,11
2024-03-17 12:00:00,0.3816554,0.3751996,2024-03-17,12
2024-03-17 13:00:00,0.3969572,0.3932288,2024-03-17,13
2024-03-17 14:00:00,0.3555722,0.3540802,2024-03-17,14
2024-03-17 15:00:00,0.3752021,0.3940965,2024-03-17,15
2024-03-17 16:00:00,0.2863051,0.3191592,2024-03-17,16
2024-03-17 17:00:00,0.06758828,0.07995882,2024-03-17,17
2024-03-17 18:00:00,0.0,0.0,2024-03-17,18
2024-03-17 19:00:00,0.0,0.0,2024-03-17,19
2024-03-17 20:00:00,0.0,0.0,2024-03-17,20
2024-03-17 21:00:00,0.0,0.0,2024-03-17,21
2024-03-17 22:00:00,0.0,0.0,2024-03-17,22
2024-03-17 23:00:00,0.0,0.0,2024-03-17,23
2024-03-18 00:00:00,0.0,0.0,2024-03-18,0
2024-03-18 01:00:00,0.0,0.0,2024-03-18,1
2024-03-18 02:00:00,0.0,0.0,2024-03-18,2
2024-03-18 03:00:00,0.0,0.0,2024-03-18,3
2024-03-18 04:00:00,0.0,0.0,2024-03-18,4
2024-03-18 05:00:00,0.000553216,0.0,2024-03-18,5
2024-03-18 06:00:00,0.09105008,0.09658497,2024-03-18,6
2024-03-18 07:00:00,0.3625744,0.4036374,2024-03-18,7
2024-03-18 08:00:00,0.5367556,0.5890085,2024-03-18,8
2024-03-18 09:00:00,0.596653,0.6379128,2024-03-18,9
2024-03-18 10:00:00,0.9635603,1.062286,2024-03-18,10
2024-03-18 11:00:00,0.9353918,1.028344,2024-03-18,11
2024-03-18 12:00:00,0.9986345,1.099981,2024-03-18,12
2024-03-18 13:00:00,0.7236778,0.7824498,2024-03-18,13
2024-03-18 14:00:00,0.5965412,0.6432967,2024-03-18,14
2024-03-18 15:00:00,0.4753234,0.5194318,2024-03-18,15
2024-03-18 16:00:00,0.2643055,0.288266,2024-03-18,16
2024-03-18 17:00:00,0.09584371,0.1173082,2024-03-18,17
2024-03-18 18:00:00,0.0,0.0,2024-03-18,18
2024-03-18 19:00:00,0.0,0.0,2024-03-18,19
2024-03-18 20:00:00,0.0,0.0,2024-03-18,20
2024-03-18 21:00:00,0.0,0.0,2024-03-18,21
2024-03-18 22:00:00,0.0,0.0,2024-03-18,22
2024-03-18 23:00:00,0.0,0.0,2024-03-18,23
2024-03-19 00:00:00,0.0,0.0,2024-03-19,0
2024-03-19 01:00:00,0.0,0.0,2024-03-19,1
2024-03-19 02:00:00,0.0,0.0,2024-03-19,2
2024-03-19 03:00:00,0.0,0.0,2024-03-19,3
2024-03-19 04:00:00,0.0,0.0,2024-03-19,4
2024-03-19 05:00:00,0.000803216,0.0,2024-03-19,5
2024-03-19 06:00:00,0.08672751,0.08969062,2024-03-19,6
2024-03-19 07:00:00,0.2091537,0.210895,2024-03-19,7
2024-03-19 08:00:00,0.5074311,0.5500091,2024-03-19,8
2024-03-19 09:00:00,0.5373185,0.5618808,2024-03-19,9
2024-03-19 10:00:00,0.8305802,0.9074162,2024-03-19,10
2024-03-19 11:00:00,0.6157119,0.6354833,2024-03-19,11
2024-03-19 12:00:00,0.9013394,0.9864404,2024-03-19,12
2024-03-19 13:00:00,0.6978623,0.7480628,2024-03-19,13
2024-03-19 14:00:00,0.5092557,0.532225,2024-03-19,14
2024-03-19 15:00:00,0.5011629,0.5488007,2024-03-19,15
2024-03-19 16:00:00,0.2939361,0.3237988,2024-03-19,16
2024-03-19 17:00:00,0.08968582,0.1063125,2024-03-19,17
2024-03-19 18:00:00,0.0,0.0,2024-03-19,18
2024-03-19 19:00:00,0.0,0.0,2024-03-19,19
2024-03-19 20:00:00,0.0,0.0,2024-03-19,20
2024-03-19 21:00:00,0.0,0.0,2024-03-19,21
2024-03-19 22:00:00,0.0,0.0,2024-03-19,22
2024-03-19 23:00:00,0.0,0.0,2024-03-19,23
2024-03-20 00:00:00,0.0,0.0,2024-03-20,0
2024-03-20 01:00:00,0.0,0.0,2024-03-20,1
2024-03-20 02:00:00,0.0,0.0,2024-03-20,2
2024-03-20 03:00:00,0.0,0.0,2024-03-20,3
2024-03-20 04:00:00,0.0,0.0,2024-03-20,4
2024-03-20 05:00:00,0.00104829,0.0,2024-03-20,5
2024-03-20 06:00:00,0.1376885,0.1537529,2024-03-20,6
2024-03-20 07:00:00,0.3785336,0.4165774,2024-03-20,7
2024-03-20 08:00:00,0.6147012,0.674924,2024-03-20,8
2024-03-20 09:00:00,0.8532991,0.9361889,2024-03-20,9
2024-03-20 10:00:00,1.036897,1.137424,2024-03-20,10
2024-03-20 11:00:00,0.9517438,1.041153,2024-03-20,11
2024-03-20 12:00:00,0.9268941,1.013206,2024-03-20,12
2024-03-20 13:00:00,0.7968971,0.8669237,2024-03-20,13
2024-03-20 14:00:00,0.6516517,0.7068633,2024-03-20,14
2024-03-20 15:00:00,0.4801203,0.5205857,2024-03-20,15
2024-03-20 16:00:00,0.289803,0.3161852,2024-03-20,16
2024-03-20 17:00:00,0.09067825,0.1044086,2024-03-20,17
2024-03-20 18:00:00,0.0,0.0,2024-03-20,18
2024-03-20 19:00:00,0.0,0.0,2024-03-20,19
2024-03-20 20:00:00,0.0,0.0,2024-03-20,20
2024-03-20 21:00:00,0.0,0.0,2024-03-20,21
2024-03-20 22:00:00,0.0,0.0,2024-03-20,22
2024-03-20 23:00:00,0.0,0.0,2024-03-20,23
2024-03-21 00:00:00,0.0,0.0,2024-03-21,0
2024-03-21 01:00:00,0.0,0.0,2024-03-21,1
2024-03-21 02:00:00,0.0,0.0,2024-03-21,2
2024-03-21 03:00:00,0.0,0.0,2024-03-21,3
2024-03-21 04:00:00,0.0,0.0,2024-03-21,4
2024-03-21 05:00:00,0.000916343,0.0,2024-03-21,5
2024-03-21 06:00:00,0.03184116,0.03100841,2024-03-21,6
2024-03-21 07:00:00,0.160101,0.1572454,2024-03-21,7
2024-03-21 08:00:00,0.4444812,0.4672149,2024-03-21,8
2024-03-21 09:00:00,0.5683305,0.5967715,2024-03-21,9
2024-03-21 10:00:00,0.7663394,0.8246723,2024-03-21,10
2024-03-21 11:00:00,0.8665979,0.9391364,2024-03-21,11
2024-03-21 12:00:00,0.9954793,1.087247,2024-03-21,12
2024-03-21 13:00:00,0.9385839,1.025622,2024-03-21,13
2024-03-21 14:00:00,0.51218,0.5331432,2024-03-21,14
2024-03-21 15:00:00,0.4270229,0.4527843,2024-03-21,15
2024-03-21 16:00:00,0.2479405,0.2618636,2024-03-21,16
2024-03-21 17:00:00,0.05595328,0.05756897,2024-03-21,17
2024-03-21 18:00:00,0.0,0.0,2024-03-21,18
2024-03-21 19:00:00,0.0,0.0,2024-03-21,19
2024-03-21 20:00:00,0.0,0.0,2024-03-21,20
2024-03-21 21:00:00,0.0,0.0,2024-03-21,21
2024-03-21 22:00:00,0.0,0.0,2024-03-21,22
2024-03-21 23:00:00,0.0,0.0,2024-03-21,23
2024-03-22 00:00:00,0.0,0.0,2024-03-22,0
2024-03-22 01:00:00,0.0,0.0,2024-03-22,1
2024-03-22 02:00:00,0.0,0.0,2024-03-22,2
2024-03-22 03:00:00,0.0,0.0,2024-03-22,3
2024-03-22 04:00:00,0.0,0.0,2024-03-22,4
2024-03-22 05:00:00,0.002562381,0.0,2024-03-22,5
2024-03-22 06:00:00,0.1410576,0.1520938,2024-03-22,6
2024-03-22 07:00:00,0.3328878,0.3562111,2024-03-22,7
2024-03-22 08:00:00,0.5588403,0.604409,2024-03-22,8
2024-03-22 09:00:00,0.4813333,0.4907727,2024-03-22,9
2024-03-22 10:00:00,0.4791242,0.4796659,2024-03-22,10
2024-03-22 11:00:00,0.7247702,0.7641683,2024-03-22,11
2024-03-22 12:00:00,0.8207844,0.8825753,2024-03-22,12
2024-03-22 13:00:00,0.7937819,0.8579914,2024-03-22,13
2024-03-22 14:00:00,0.7166334,0.7784282,2024-03-22,14
2024-03-22 15:00:00,0.5259144,0.5703152,2024-03-22,15
2024-03-22 16:00:00,0.2513641,0.2644643,2024-03-22,16
2024-03-22 17:00:00,0.05272122,0.05310157,2024-03-22,17
2024-03-22 18:00:00,0.0,0.0,2024-03-22,18
2024-03-22 19:00:00,0.0,0.0,2024-03-22,19
2024-03-22 20:00:00,0.0,0.0,2024-03-22,20
2024-03-22 21:00:00,0.0,0.0,2024-03-22,21
2024-03-22 22:00:00,0.0,0.0,2024-03-22,22
2024-03-22 23:00:00,0.0,0.0,2024-03-22,23
2024-03-23 00:00:00,0.0,0.0,2024-03-23,0
2024-03-23 01:00:00,0.0,0.0,2024-03-23,1
2024-03-23 02:00:00,0.0,0.0,2024-03-23,2
2024-03-23 03:00:00,0.0,0.0,2024-03-23,3
2024-03-23 04:00:00,0.0,0.0,2024-03-23,4
2024-03-23 05:00:00,0.002638591,0.0,2024-03-23,5
2024-03-23 06:00:00,0.09158298,0.09177952,2024-03-23,6
2024-03-23 07:00:00,0.3560045,0.3814508,2024-03-23,7
2024-03-23 08:00:00,0.4489877,0.4691509,2024-03-23,8
2024-03-23 09:00:00,0.6295222,0.6678653,2024-03-23,9
2024-03-23 10:00:00,0.8382707,0.9053923,2024-03-23,10
2024-03-23 11:00:00,0.9178193,0.9936881,2024-03-23,11
2024-03-23 12:00:00,0.9888128,1.073895,2024-03-23,12
2024-03-23 13:00:00,0.9449033,1.026379,2024-03-23,13
2024-03-23 14:00:00,0.8295115,0.9009336,2024-03-23,14
2024-03-23 15:00:00,0.6104944,0.6621035,2024-03-23,15
2024-03-23 16:00:00,0.3014406,0.3229542,2024-03-23,16
2024-03-23 17:00:00,0.06844122,0.07024278,2024-03-23,17
2024-03-23 18:00:00,0.0,0.0,2024-03-23,18
2024-03-23 19:00:00,0.0,0.0,2024-03-23,19
2024-03-23 20:00:00,0.0,0.0,2024-03-23,20
2024-03-23 21:00:00,0.0,0.0,2024-03-23,21
2024-03-23 22:00:00,0.0,0.0,2024-03-23,22
2024-03-23 23:00:00,0.0,0.0,2024-03-23,23
2024-03-24 00:00:00,0.0,0.0,2024-03-24,0
2024-03-24 01:00:00,0.0,0.0,2024-03-24,1
2024-03-24 02:00:00,0.0,0.0,2024-03-24,2
2024-03-24 03:00:00,0.0,0.0,2024-03-24,3
2024-03-24 04:00:00,0.0,0.0,2024-03-24,4
2024-03-24 05:00:00,0.003150483,0.0,2024-03-24,5
2024-03-24 06:00:00,0.1556312,0.1635697,2024-03-24,6
2024-03-24 07:00:00,0.4106347,0.4412092,2024-03-24,7
2024-03-24 08:00:00,0.5871168,0.631771,2024-03-24,8
2024-03-24 09:00:00,0.7964748,0.8611349,2024-03-24,9
2024-03-24 10:00:00,0.9721118,1.052915,2024-03-24,10
2024-03-24 11:00:00,1.064352,1.153636,2024-03-24,11
2024-03-24 12:00:00,0.9999512,1.083106,2024-03-24,12
2024-03-24 13:00:00,0.9607585,1.040665,2024-03-24,13
2024-03-24 14:00:00,0.7762766,0.8394794,2024-03-24,14
2024-03-24 15:00:00,0.5814601,0.6273112,2024-03-24,15
2024-03-24 16:00:00,0.2333015,0.2399345,2024-03-24,16
2024-03-24 17:00:00,0.06575967,0.06600519,2024-03-24,17
2024-03-24 18:00:00,0.0,0.0,2024-03-24,18
2024-03-24 19:00:00,0.0,0.0,2024-03-24,19
2024-03-24 20:00:00,0.0,0.0,2024-03-24,20
2024-03-24 21:00:00,0.0,0.0,2024-03-24,21
2024-03-24 22:00:00,0.0,0.0,2024-03-24,22
2024-03-24 23:00:00,0.0,0.0,2024-03-24,23
2024-03-25 00:00:00,0.0,0.0,2024-03-25,0
2024-03-25 01:00:00,0.0,0.0,2024-03-25,1
2024-03-25 02:00:00,0.0,0.0,2024-03-25,2
2024-03-25 03:00:00,0.0,0.0,2024-03-25,3
2024-03-25 04:00:00,0.0,0.0,2024-03-25,4
2024-03-25 05:00:00,0.003449221,0.0,2024-03-25,5
2024-03-25 06:00:00,0.1335295,0.1365337,2024-03-25,6
2024-03-25 07:00:00,0.3725047,0.3954431,2024-03-25,7
2024-03-25 08:00:00,0.5241891,0.5555844,2024-03-25,8
2024-03-25 09:00:00,0.7375424,0.7914715,2024-03-25,9
2024-03-25 10:00:00,0.9470254,1.022477,2024-03-25,10
2024-03-25 11:00:00,0.9396725,1.013037,2024-03-25,11
2024-03-25 12:00:00,0.6771204,0.7026337,2024-03-25,12
2024-03-25 13:00:00,0.8783356,0.9471435,2024-03-25,13
2024-03-25 14:00:00,0.7290812,0.7842526,2024-03-25,14
2024-03-25 15:00:00,0.561258,0.6021845,2024-03-25,15
2024-03-25 16:00:00,0.288641,0.3033667,2024-03-25,16
2024-03-25 17:00:00,0.05229078,0.05124553,2024-03-25,17
2024-03-25 18:00:00,0.0,0.0,2024-03-25,18
2024-03-25 19:00:00,0.0,0.0,2024-03-25,19
2024-03-25 20:00:00,0.0,0.0,2024-03-25,20
2024-03-25 21:00:00,0.0,0.0,2024-03-25,21
2024-03-25 22:00:00,0.0,0.0,2024-03-25,22
2024-03-25 23:00:00,0.0,0.0,2024-03-25,23
2024-03-26 00:00:00,0.0,0.0,2024-03-26,0
2024-03-26 01:00:00,0.0,0.0,2024-03-26,1
2024-03-26 02:00:00,0.0,0.0,2024-03-26,2
2024-03-26 03:00:00,0.0,0.0,2024-03-26,3
2024-03-26 04:00:00,0.0,0.0,2024-03-26,4
2024-03-26 05:00:00,0.003945535,0.0,2024-03-26,5
2024-03-26 06:00:00,0.1598366,0.1631939,2024-03-26,6
2024-03-26 07:00:00,0.3431938,0.3591268,2024-03-26,7
2024-03-26 08:00:00,0.6507723,0.6969036,2024-03-26,8
2024-03-26 09:00:00,0.860896,0.9256337,2024-03-26,9
2024-03-26 10:00:00,0.7696642,0.8168104,2024-03-26,10
2024-03-26 11:00:00,0.8037593,0.851885,2024-03-26,11
2024-03-26 12:00:00,0.7261181,0.7598795,2024-03-26,12
2024-03-26 13:00:00,0.7329482,0.7761137,2024-03-26,13
2024-03-26 14:00:00,0.7438107,0.7979347,2024-03-26,14
2024-03-26 15:00:00,0.6036693,0.6454343,2024-03-26,15
2024-03-26 16:00:00,0.2778095,0.2887945,2024-03-26,16
2024-03-26 17:00:00,0.06679042,0.0650399,2024-03-26,17
2024-03-26 18:00:00,0.0,0.0,2024-03-26,18
2024-03-26 19:00:00,0.0,0.0,2024-03-26,19
2024-03-26 20:00:00,0.0,0.0,2024-03-26,20
2024-03-26 21:00:00,0.0,0.0,2024-03-26,21
2024-03-26 22:00:00,0.0,0.0,2024-03-26,22
2024-03-26 23:00:00,0.0,0.0,2024-03-26,23
2024-03-27 00:00:00,0.0,0.0,2024-03-27,0
2024-03-27 01:00:00,0.0,0.0,2024-03-27,1
2024-03-27 02:00:00,0.0,0.0,2024-03-27,2
2024-03-27 03:00:00,0.0,0.0,2024-03-27,3
2024-03-27 04:00:00,0.0,0.0,2024-03-27,4
2024-03-27 05:00:00,0.003083018,0.0,2024-03-27,5
2024-03-27 06:00:00,0.1278487,0.1273507,2024-03-27,6
2024-03-27 07:00:00,0.3738635,0.3919066,2024-03-27,7
2024-03-27 08:00:00,0.6232146,0.6639348,2024-03-27,8
2024-03-27 09:00:00,0.885574,0.949319,2024-03-27,9
2024-03-27 10:00:00,0.8935362,0.9575854,2024-03-27,10
2024-03-27 11:00:00,0.8600261,0.9160596,2024-03-27,11
2024-03-27 12:00:00,0.6230625,0.6363598,2024-03-27,12
2024-03-27 13:00:00,0.8311536,0.8884142,2024-03-27,13
2024-03-27 14:00:00,0.794269,0.8501039,2024-03-27,14
2024-03-27 15:00:00,0.5174122,0.5475807,2024-03-27,15
2024-03-27 16:00:00,0.2503255,0.2556834,2024-03-27,16
2024-03-27 17:00:00,0.05755694,0.05555741,2024-03-27,17
2024-03-27 18:00:00,0.0,0.0,2024-03-27,18
2024-03-27 19:00:00,0.0,0.0,2024-03-27,19
2024-03-27 20:00:00,0.0,0.0,2024-03-27,20
2024-03-27 21:00:00,0.0,0.0,2024-03-27,21
2024-03-27 22:00:00,0.0,0.0,2024-03-27,22
2024-03-27 23:00:00,0.0,0.0,2024-03-27,23
2024-03-28 00:00:00,0.0,0.0,2024-03-28,0
2024-03-28 01:00:00,0.0,0.0,2024-03-28,1
2024-03-28 02:00:00,0.0,0.0,2024-03-28,2
2024-03-28 03:00:00,0.0,0.0,2024-03-28,3
2024-03-28 04:00:00,0.0,0.0,2024-03-28,4
2024-03-28 05:00:00,0.005442223,0.0,2024-03-28,5
2024-03-28 06:00:00,0.1233409,0.1216058,2024-03-28,6
2024-03-28 07:00:00,0.3669539,0.3817339,2024-03-28,7
2024-03-28 08:00:00,0.4641459,0.4787379,2024-03-28,8
2024-03-28 09:00:00,0.7373466,0.7832962,2024-03-28,9
2024-03-28 10:00:00,0.6943732,0.7231607,2024-03-28,10
2024-03-28 11:00:00,1.046505,1.121758,2024-03-28,11
2024-03-28 12:00:00,1.060308,1.136638,2024-03-28,12
2024-03-28 13:00:00,0.9649722,1.032839,2024-03-28,13
2024-03-28 14:00:00,0.7810954,0.8329573,2024-03-28,14
2024-03-28 15:00:00,0.4590988,0.4783079,2024-03-28,15
2024-03-28 16:00:00,0.3053158,0.3155714,2024-03-28,16
2024-03-28 17:00:00,0.07406303,0.06966344,2024-03-28,17
2024-03-28 18:00:00,0.0,0.0,2024-03-28,18
2024-03-28 19:00:00,0.0,0.0,2024-03-28,19
2024-03-28 20:00:00,0.0,0.0,2024-03-28,20
2024-03-28 21:00:00,0.0,0.0,2024-03-28,21
2024-03-28 22:00:00,0.0,0.0,2024-03-28,22
2024-03-28 23:00:00,0.0,0.0,2024-03-28,23
2024-03-29 00:00:00,0.0,0.0,2024-03-29,0
2024-03-29 01:00:00,0.0,0.0,2024-03-29,1
2024-03-29 02:00:00,0.0,0.0,2024-03-29,2
2024-03-29 03:00:00,0.0,0.0,2024-03-29,3
2024-03-29 04:00:00,0.0,0.0,2024-03-29,4
2024-03-29 05:00:00,0.00410595,0.0,2024-03-29,5
2024-03-29 06:00:00,0.09494431,0.09259449,2024-03-29,6
2024-03-29 07:00:00,0.2972796,0.3013279,2024-03-29,7
2024-03-29 08:00:00,0.4469854,0.4573636,2024-03-29,8
2024-03-29 09:00:00,0.4700644,0.4720344,2024-03-29,9
2024-03-29 10:00:00,0.8088165,0.8557364,2024-03-29,10
2024-03-29 11:00:00,0.7845266,0.8228116,2024-03-29,11
2024-03-29 12:00:00,0.918111,0.9782062,2024-03-29,12
2024-03-29 13:00:00,0.9250543,0.9867757,2024-03-29,13
2024-03-29 14:00:00,0.6711063,0.7080356,2024-03-29,14
2024-03-29 15:00:00,0.5325022,0.5594893,2024-03-29,15
2024-03-29 16:00:00,0.3121316,0.320704,2024-03-29,16
2024-03-29 17:00:00,0.0749787,0.06934629,2024-03-29,17
2024-03-29 18:00:00,0.0,0.0,2024-03-29,18
2024-03-29 19:00:00,0.0,0.0,2024-03-29,19
2024-03-29 20:00:00,0.0,0.0,2024-03-29,20
2024-03-29 21:00:00,0.0,0.0,2024-03-29,21
2024-03-29 22:00:00,0.0,0.0,2024-03-29,22
2024-03-29 23:00:00,0.0,0.0,2024-03-29,23
2024-03-30 00:00:00,0.0,0.0,2024-03-30,0
2024-03-30 01:00:00,0.0,0.0,2024-03-30,1
2024-03-30 02:00:00,0.0,0.0,2024-03-30,2
2024-03-30 03:00:00,0.0,0.0,2024-03-30,3
2024-03-30 04:00:00,0.0,0.0,2024-03-30,4
2024-03-30 05:00:00,0.007335547,0.0,2024-03-30,5
2024-03-30 06:00:00,0.02634512,0.02559041,2024-03-30,6
2024-03-30 07:00:00,0.03542953,0.03442411,2024-03-30,7
2024-03-30 08:00:00,0.06885912,0.06692951,2024-03-30,8
2024-03-30 09:00:00,0.1040885,0.1012009,2024-03-30,9
2024-03-30 10:00:00,0.3463545,0.338547,2024-03-30,10
2024-03-30 11:00:00,0.1264779,0.1229765,2024-03-30,11
2024-03-30 12:00:00,0.09274241,0.09014152,2024-03-30,12
2024-03-30 13:00:00,0.1193,0.1160002,2024-03-30,13
2024-03-30 14:00:00,0.1163963,0.1131948,2024-03-30,14
2024-03-30 15:00:00,0.09609326,0.09345124,2024-03-30,15
2024-03-30 16:00:00,0.09601344,0.09341155,2024-03-30,16
2024-03-30 17:00:00,0.0242274,0.02349007,2024-03-30,17
2024-03-30 18:00:00,0.0,0.0,2024-03-30,18
2024-03-30 19:00:00,0.0,0.0,2024-03-30,19
2024-03-30 20:00:00,0.0,0.0,2024-03-30,20
2024-03-30 21:00:00,0.0,0.0,2024-03-30,21
2024-03-30 22:00:00,0.0,0.0,2024-03-30,22
2024-03-30 23:00:00,0.0,0.0,2024-03-30,23
2024-03-31 00:00:00,0.0,0.0,2024-03-31,0
2024-03-31 01:00:00,0.0,0.0,2024-03-31,1
2024-03-31 02:00:00,0.0,0.0,2024-03-31,2
2024-03-31 03:00:00,0.0,0.0,2024-03-31,3
2024-03-31 04:00:00,0.0,0.0,2024-03-31,4
2024-03-31 05:00:00,0.007693301,0.0,2024-03-31,5
2024-03-31 06:00:00,0.1605963,0.1545672,2024-03-31,6
2024-03-31 07:00:00,0.4186573,0.4308296,2024-03-31,7
2024-03-31 08:00:00,0.6470376,0.6787644,2024-03-31,8
2024-03-31 09:00:00,0.8899536,0.9417584,2024-03-31,9
2024-03-31 10:00:00,0.9654221,1.024894,2024-03-31,10
2024-03-31 11:00:00,1.034711,1.100126,2024-03-31,11
2024-03-31 12:00:00,1.03623,1.101553,2024-03-31,12
2024-03-31 13:00:00,0.7167639,0.7470956,2024-03-31,13
2024-03-31 14:00:00,0.6846103,0.7185976,2024-03-31,14
2024-03-31 15:00:00,0.625589,0.6536952,2024-03-31,15
2024-03-31 16:00:00,0.3457264,0.3511652,2024-03-31,16
2024-03-31 17:00:00,0.06903546,0.06314284,2024-03-31,17
2024-03-31 18:00:00,0.0,0.0,2024-03-31,18
2024-03-31 19:00:00,0.0,0.0,2024-03-31,19
2024-03-31 20:00:00,0.0,0.0,2024-03-31,20
2024-03-31 21:00:00,0.0,0.0,2024-03-31,21
2024-03-31 22:00:00,0.0,0.0,2024-03-31,22
2024-03-31 23:00:00,0.0,0.0,2024-03-31,23
2024-04-01 00:00:00,0.0,0.0,2024-04-01,0
2024-04-01 01:00:00,0.0,0.0,2024-04-01,1
2024-04-01 02:00:00,0.0,0.0,2024-04-01,2
2024-04-01 03:00:00,0.0,0.0,2024-04-01,3
2024-04-01 04:00:00,0.0,0.0,2024-04-01,4
2024-04-01 05:00:00,0.00796522,0.0,2024-04-01,5
2024-04-01 06:00:00,0.1360599,0.1306783,2024-04-01,6
2024-04-01 07:00:00,0.2508065,0.2482557,2024-04-01,7
2024-04-01 08:00:00,0.4430268,0.4489532,2024-04-01,8
2024-04-01 09:00:00,0.6916974,0.7215899,2024-04-01,9
2024-04-01 10:00:00,0.7164917,0.7421668,2024-04-01,10
2024-04-01 11:00:00,0.3636581,0.3552754,2024-04-01,11
2024-04-01 12:00:00,0.6338254,0.6437096,2024-04-01,12
2024-04-01 13:00:00,0.4914029,0.489706,2024-04-01,13
2024-04-01 14:00:00,0.3773321,0.3727717,2024-04-01,14
2024-04-01 15:00:00,0.3713869,0.373286,2024-04-01,15
2024-04-01 16:00:00,0.2762678,0.276415,2024-04-01,16
2024-04-01 17:00:00,0.08846635,0.07541863,2024-04-01,17
2024-04-01 18:00:00,0.0,0.0,2024-04-01,18
2024-04-01 19:00:00,0.0,0.0,2024-04-01,19
2024-04-01 20:00:00,0.0,0.0,2024-04-01,20
2024-04-01 21:00:00,0.0,0.0,2024-04-01,21
2024-04-01 22:00:00,0.0,0.0,2024-04-01,22
2024-04-01 23:00:00,0.0,0.0,2024-04-01,23
2024-04-02 00:00:00,0.0,0.0,2024-04-02,0
2024-04-02 01:00:00,0.0,0.0,2024-04-02,1
2024-04-02 02:00:00,0.0,0.0,2024-04-02,2
2024-04-02 03:00:00,0.0,0.0,2024-04-02,3
2024-04-02 04:00:00,0.0,0.0,2024-04-02,4
2024-04-02 05:00:00,0.006164653,0.0,2024-04-02,5
2024-04-02 06:00:00,0.1419638,0.1353517,2024-04-02,6
2024-04-02 07:00:00,0.2367911,0.2331918,2024-04-02,7
2024-04-02 08:00:00,0.3471374,0.343689,2024-04-02,8
2024-04-02 09:00:00,0.5563848,0.5651962,2024-04-02,9
2024-04-02 10:00:00,0.683872,0.7028294,2024-04-02,10
2024-04-02 11:00:00,0.5326766,0.5301321,2024-04-02,11
2024-04-02 12:00:00,0.4772463,0.4715568,2024-04-02,12
2024-04-02 13:00:00,0.4041425,0.3973098,2024-04-02,13
2024-04-02 14:00:00,0.4278136,0.4260744,2024-04-02,14
2024-04-02 15:00:00,0.4307299,0.4377143,2024-04-02,15
2024-04-02 16:00:00,0.2220256,0.2188849,2024-04-02,16
2024-04-02 17:00:00,0.05900787,0.05484276,2024-04-02,17
2024-04-02 18:00:00,0.0,0.0,2024-04-02,18
2024-04-02 19:00:00,0.0,0.0,2024-04-02,19
2024-04-02 20:00:00,0.0,0.0,2024-04-02,20
2024-04-02 21:00:00,0.0,0.0,2024-04-02,21
2024-04-02 22:00:00,0.0,0.0,2024-04-02,22
2024-04-02 23:00:00,0.0,0.0,2024-04-02,23
2024-04-03 00:00:00,0.0,0.0,2024-04-03,0
2024-04-03 01:00:00,0.0,0.0,2024-04-03,1
2024-04-03 02:00:00,0.0,0.0,2024-04-03,2
2024-04-03 03:00:00,0.0,0.0,2024-04-03,3
2024-04-03 04:00:00,0.0,0.0,2024-04-03,4
2024-04-03 05:00:00,0.01243794,0.0,2024-04-03,5
2024-04-03 06:00:00,0.1003158,0.09684207,2024-04-03,6
2024-04-03 07:00:00,0.3179388,0.3174131,2024-04-03,7
2024-04-03 08:00:00,0.5985779,0.6186954,2024-04-03,8
2024-04-03 09:00:00,0.4919805,0.4925817,2024-04-03,9
2024-04-03 10:00:00,0.5865712,0.5911735,2024-04-03,10
2024-04-03 11:00:00,0.3372655,0.3289251,2024-04-03,11
2024-04-03 12:00:00,0.2905926,0.2830289,2024-04-03,12
2024-04-03 13:00:00,0.458057,0.453262,2024-04-03,13
2024-04-03 14:00:00,0.3188466,0.3122017,2024-04-03,14
2024-04-03 15:00:00,0.3656268,0.3653153,2024-04-03,15
2024-04-03 16:00:00,0.209132,0.2051337,2024-04-03,16
2024-04-03 17:00:00,0.08448445,0.07066973,2024-04-03,17
2024-04-03 18:00:00,0.0,0.0,2024-04-03,18
2024-04-03 19:00:00,0.0,0.0,2024-04-03,19
2024-04-03 20:00:00,0.0,0.0,2024-04-03,20
2024-04-03 21:00:00,0.0,0.0,2024-04-03,21
2024-04-03 22:00:00,0.0,0.0,2024-04-03,22
2024-04-03 23:00:00,0.0,0.0,2024-04-03,23
2024-04-04 00:00:00,0.0,0.0,2024-04-04,0
2024-04-04 01:00:00,0.0,0.0,2024-04-04,1
2024-04-04 02:00:00,0.0,0.0,2024-04-04,2
2024-04-04 03:00:00,0.0,0.0,2024-04-04,3
2024-04-04 04:00:00,0.0,0.0,2024-04-04,4
2024-04-04 05:00:00,0.009728475,0.0,2024-04-04,5
2024-04-04 06:00:00,0.1284129,0.1222964,2024-04-04,6
2024-04-04 07:00:00,0.278368,0.275026,2024-04-04,7
2024-04-04 08:00:00,0.4982761,0.5063068,2024-04-04,8
2024-04-04 09:00:00,0.5085428,0.5099512,2024-04-04,9
2024-04-04 10:00:00,0.6132418,0.6200461,2024-04-04,10
2024-04-04 11:00:00,0.8945791,0.9363165,2024-04-04,11
2024-04-04 12:00:00,0.8937106,0.9357449,2024-04-04,12
2024-04-04 13:00:00,0.9476011,0.9935448,2024-04-04,13
2024-04-04 14:00:00,0.6145545,0.6314403,2024-04-04,14
2024-04-04 15:00:00,0.4656745,0.4728296,2024-04-04,15
2024-04-04 16:00:00,0.2177782,0.2131926,2024-04-04,16
2024-04-04 17:00:00,0.0746779,0.0645768,2024-04-04,17
2024-04-04 18:00:00,0.0,0.0,2024-04-04,18
2024-04-04 19:00:00,0.0,0.0,2024-04-04,19
2024-04-04 20:00:00,0.0,0.0,2024-04-04,20
2024-04-04 21:00:00,0.0,0.0,2024-04-04,21
2024-04-04 22:00:00,0.0,0.0,2024-04-04,22
2024-04-04 23:00:00,0.0,0.0,2024-04-04,23
2024-04-05 00:00:00,0.0,0.0,2024-04-05,0
2024-04-05 01:00:00,0.0,0.0,2024-04-05,1
2024-04-05 02:00:00,0.0,0.0,2024-04-05,2
2024-04-05 03:00:00,0.0,0.0,2024-04-05,3
2024-04-05 04:00:00,0.0,0.0,2024-04-05,4
2024-04-05 05:00:00,0.009513971,0.0,2024-04-05,5
2024-04-05 06:00:00,0.1217664,0.1161524,2024-04-05,6
2024-04-05 07:00:00,0.2730102,0.2688403,2024-04-05,7
2024-04-05 08:00:00,0.6091526,0.6253948,2024-04-05,8
2024-04-05 09:00:00,0.708257,0.7316631,2024-04-05,9
2024-04-05 10:00:00,0.9599304,1.005124,2024-04-05,10
2024-04-05 11:00:00,0.8949937,0.9344367,2024-04-05,11
2024-04-05 12:00:00,0.6354827,0.6417663,2024-04-05,12
2024-04-05 13:00:00,0.5568729,0.5587554,2024-04-05,13
2024-04-05 14:00:00,0.3929712,0.3879059,2024-04-05,14
2024-04-05 15:00:00,0.3148414,0.3104867,2024-04-05,15
2024-04-05 16:00:00,0.2112635,0.206136,2024-04-05,16
2024-04-05 17:00:00,0.05012639,0.04738458,2024-04-05,17
2024-04-05 18:00:00,0.0,0.0,2024-04-05,18
2024-04-05 19:00:00,0.0,0.0,2024-04-05,19
2024-04-05 20:00:00,0.0,0.0,2024-04-05,20
2024-04-05 21:00:00,0.0,0.0,2024-04-05,21
2024-04-05 22:00:00,0.0,0.0,2024-04-05,22
2024-04-05 23:00:00,0.0,0.0,2024-04-05,23
2024-04-06 00:00:00,0.0,0.0,2024-04-06,0
2024-04-06 01:00:00,0.0,0.0,2024-04-06,1
2024-04-06 02:00:00,0.0,0.0,2024-04-06,2
2024-04-06 03:00:00,0.0,0.0,2024-04-06,3
2024-04-06 04:00:00,0.0,0.0,2024-04-06,4
2024-04-06 05:00:00,0.01148038,0.0,2024-04-06,5
2024-04-06 06:00:00,0.05315049,0.05155806,2024-04-06,6
2024-04-06 07:00:00,0.2472149,0.2421867,2024-04-06,7
2024-04-06 08:00:00,0.2344035,0.2284112,2024-04-06,8
2024-04-06 09:00:00,0.3029259,0.2955121,2024-04-06,9
2024-04-06 10:00:00,0.5500996,0.5489179,2024-04-06,10
2024-04-06 11:00:00,0.820842,0.8491204,2024-04-06,11
2024-04-06 12:00:00,0.7347271,0.7524077,2024-04-06,12
2024-04-06 13:00:00,0.27063,0.2635066,2024-04-06,13
2024-04-06 14:00:00,0.4371889,0.434052,2024-04-06,14
2024-04-06 15:00:00,0.3644918,0.361769,2024-04-06,15
2024-04-06 16:00:00,0.1453916,0.1413622,2024-04-06,16
2024-04-06 17:00:00,0.03883143,0.03735122,2024-04-06,17
2024-04-06 18:00:00,0.0,0.0,2024-04-06,18
2024-04-06 19:00:00,0.0,0.0,2024-04-06,19
2024-04-06 20:00:00,0.0,0.0,2024-04-06,20
2024-04-06 21:00:00,0.0,0.0,2024-04-06,21
2024-04-06 22:00:00,0.0,0.0,2024-04-06,22
2024-04-06 23:00:00,0.0,0.0,2024-04-06,23
2024-04-07 00:00:00,0.0,0.0,2024-04-07,0
2024-04-07 01:00:00,0.0,0.0,2024-04-07,1
2024-04-07 02:00:00,0.0,0.0,2024-04-07,2
2024-04-07 03:00:00,0.0,0.0,2024-04-07,3
2024-04-07 04:00:00,0.0,0.0,2024-04-07,4
2024-04-07 05:00:00,0.01656409,0.0,2024-04-07,5
2024-04-07 06:00:00,0.1552051,0.1437552,2024-04-07,6
2024-04-07 07:00:00,0.2674477,0.2620743,2024-04-07,7
2024-04-07 08:00:00,0.5498534,0.5574597,2024-04-07,8
2024-04-07 09:00:00,0.7734643,0.7985845,2024-04-07,9
2024-04-07 10:00:00,0.9016204,0.9374768,2024-04-07,10
2024-04-07 11:00:00,0.8654101,0.8970517,2024-04-07,11
2024-04-07 12:00:00,1.025503,1.070101,2024-04-07,12
2024-04-07 13:00:00,0.9486758,0.9862251,2024-04-07,13
2024-04-07 14:00:00,0.6792049,0.6966851,2024-04-07,14
2024-04-07 15:00:00,0.4191196,0.4184322,2024-04-07,15
2024-04-07 16:00:00,0.2413351,0.2339359,2024-04-07,16
2024-04-07 17:00:00,0.05381899,0.05026948,2024-04-07,17
2024-04-07 18:00:00,0.0,0.0,2024-04-07,18
2024-04-07 19:00:00,0.0,0.0,2024-04-07,19
2024-04-07 20:00:00,0.0,0.0,2024-04-07,20
2024-04-07 21:00:00,0.0,0.0,2024-04-07,21
2024-04-07 22:00:00,0.0,0.0,2024-04-07,22
2024-04-07 23:00:00,0.0,0.0,2024-04-07,23
2024-04-08 00:00:00,0.0,0.0,2024-04-08,0
2024-04-08 01:00:00,0.0,0.0,2024-04-08,1
2024-04-08 02:00:00,0.0,0.0,2024-04-08,2
2024-04-08 03:00:00,0.0,0.0,2024-04-08,3
2024-04-08 04:00:00,0.0,0.0,2024-04-08,4
2024-04-08 05:00:00,0.01748693,0.0,2024-04-08,5
2024-04-08 06:00:00,0.09940013,0.09566302,2024-04-08,6
2024-04-08 07:00:00,0.3198752,0.3139691,2024-04-08,7
2024-04-08 08:00:00,0.399916,0.3959993,2024-04-08,8
2024-04-08 09:00:00,0.4927334,0.4900175,2024-04-08,9
2024-04-08 10:00:00,0.8376865,0.8654785,2024-04-08,10
2024-04-08 11:00:00,0.8828552,0.9142222,2024-04-08,11
2024-04-08 12:00:00,1.03796,1.080409,2024-04-08,12
2024-04-08 13:00:00,0.8650975,0.8953049,2024-04-08,13
2024-04-08 14:00:00,0.5625287,0.5677187,2024-04-08,14
2024-04-08 15:00:00,0.5139871,0.5163552,2024-04-08,15
2024-04-08 16:00:00,0.2326258,0.2248354,2024-04-08,16
2024-04-08 17:00:00,0.07828902,0.06461349,2024-04-08,17
2024-04-08 18:00:00,0.0,0.0,2024-04-08,18
2024-04-08 19:00:00,0.0,0.0,2024-04-08,19
2024-04-08 20:00:00,0.0,0.0,2024-04-08,20
2024-04-08 21:00:00,0.0,0.0,2024-04-08,21
2024-04-08 22:00:00,0.0,0.0,2024-04-08,22
2024-04-08 23:00:00,0.0,0.0,2024-04-08,23
2024-04-09 00:00:00,0.0,0.0,2024-04-09,0
2024-04-09 01:00:00,0.0,0.0,2024-04-09,1
2024-04-09 02:00:00,0.0,0.0,2024-04-09,2
2024-04-09 03:00:00,0.0,0.0,2024-04-09,3
2024-04-09 04:00:00,0.0,0.0,2024-04-09,4
2024-04-09 05:00:00,0.01346971,0.0,2024-04-09,5
2024-04-09 06:00:00,0.101356,0.0974381,2024-04-09,6
2024-04-09 07:00:00,0.2627453,0.2564773,2024-04-09,7
2024-04-09 08:00:00,0.4492686,0.4471228,2024-04-09,8
2024-04-09 09:00:00,0.4202375,0.4135776,2024-04-09,9
2024-04-09 10:00:00,0.50765,0.5021546,2024-04-09,10
2024-04-09 11:00:00,0.4542521,0.4458532,2024-04-09,11
2024-04-09 12:00:00,0.7496044,0.7646728,2024-04-09,12
2024-04-09 13:00:00,0.8394163,0.865338,2024-04-09,13
2024-04-09 14:00:00,0.6830902,0.69655,2024-04-09,14
2024-04-09 15:00:00,0.272341,0.2661676,2024-04-09,15
2024-04-09 16:00:00,0.2657592,0.2548391,2024-04-09,16
2024-04-09 17:00:00,0.04406721,0.04207521,2024-04-09,17
2024-04-09 18:00:00,0.0,0.0,2024-04-09,18
2024-04-09 19:00:00,0.0,0.0,2024-04-09,19
2024-04-09 20:00:00,0.0,0.0,2024-04-09,20
2024-04-09 21:00:00,0.0,0.0,2024-04-09,21
2024-04-09 22:00:00,0.0,0.0,2024-04-09,22
2024-04-09 23:00:00,0.0,0.0,2024-04-09,23
2024-04-10 00:00:00,0.0,0.0,2024-04-10,0
2024-04-10 01:00:00,0.0,0.0,2024-04-10,1
2024-04-10 02:00:00,0.0,0.0,2024-04-10,2
2024-04-10 03:00:00,0.0,0.0,2024-04-10,3
2024-04-10 04:00:00,0.0,0.0,2024-04-10,4
2024-04-10 05:00:00,0.02131092,0.0,2024-04-10,5
2024-04-10 06:00:00,0.2146537,0.1870914,2024-04-10,6
2024-04-10 07:00:00,0.4459172,0.4355571,2024-04-10,7
2024-04-10 08:00:00,0.5666218,0.5698071,2024-04-10,8
2024-04-10 09:00:00,0.800886,0.8207331,2024-04-10,9
2024-04-10 10:00:00,0.9260065,0.9561388,2024-04-10,10
2024-04-10 11:00:00,0.8963088,0.9246036,2024-04-10,11
2024-04-10 12:00:00,0.8395408,0.8626797,2024-04-10,12
2024-04-10 13:00:00,0.7359235,0.7506837,2024-04-10,13
2024-04-10 14:00:00,0.5965064,0.6017065,2024-04-10,14
2024-04-10 15:00:00,0.6103329,0.6095753,2024-04-10,15
2024-04-10 16:00:00,0.404507,0.3815498,2024-04-10,16
2024-04-10 17:00:00,0.1236747,0.08030543,2024-04-10,17
2024-04-10 18:00:00,0.0,0.0,2024-04-10,18
2024-04-10 19:00:00,0.0,0.0,2024-04-10,19
2024-04-10 20:00:00,0.0,0.0,2024-04-10,20
2024-04-10 21:00:00,0.0,0.0,2024-04-10,21
2024-04-10 22:00:00,0.0,0.0,2024-04-10,22
2024-04-10 23:00:00,0.0,0.0,2024-04-10,23
2024-04-11 00:00:00,0.0,0.0,2024-04-11,0
2024-04-11 01:00:00,0.0,0.0,2024-04-11,1
2024-04-11 02:00:00,0.0,0.0,2024-04-11,2
2024-04-11 03:00:00,0.0,0.0,2024-04-11,3
2024-04-11 04:00:00,0.0,0.0,2024-04-11,4
2024-04-11 05:00:00,0.02364871,0.0,2024-04-11,5
2024-04-11 06:00:00,0.1884073,0.1667575,2024-04-11,6
2024-04-11 07:00:00,0.4051373,0.394,2024-04-11,7
2024-04-11 08:00:00,0.7476848,0.7534495,2024-04-11,8
2024-04-11 09:00:00,0.8312421,0.8501561,2024-04-11,9
2024-04-11 10:00:00,0.8088644,0.8277472,2024-04-11,10
2024-04-11 11:00:00,0.8658747,0.8892779,2024-04-11,11
2024-04-11 12:00:00,0.6452761,0.647187,2024-04-11,12
2024-04-11 13:00:00,0.5585404,0.5563045,2024-04-11,13
2024-04-11 14:00:00,0.679042,0.6880426,2024-04-11,14
2024-04-11 15:00:00,0.5968984,0.5935342,2024-04-11,15
2024-04-11 16:00:00,0.3790405,0.3550684,2024-04-11,16
2024-04-11 17:00:00,0.1282215,0.08101913,2024-04-11,17
2024-04-11 18:00:00,6.07326e-08,0.0,2024-04-11,18
2024-04-11 19:00:00,0.0,0.0,2024-04-11,19
2024-04-11 20:00:00,0.0,0.0,2024-04-11,20
2024-04-11 21:00:00,0.0,0.0,2024-04-11,21
2024-04-11 22:00:00,0.0,0.0,2024-04-11,22
2024-04-11 23:00:00,0.0,0.0,2024-04-11,23
2024-04-12 00:00:00,0.0,0.0,2024-04-12,0
2024-04-12 01:00:00,0.0,0.0,2024-04-12,1
2024-04-12 02:00:00,0.0,0.0,2024-04-12,2
2024-04-12 03:00:00,0.0,0.0,2024-04-12,3
2024-04-12 04:00:00,0.0,0.0,2024-04-12,4
2024-04-12 05:00:00,0.03264735,0.0,2024-04-12,5
2024-04-12 06:00:00,0.2167807,0.1864085,2024-04-12,6
2024-04-12 07:00:00,0.4878296,0.4718716,2024-04-12,7
2024-04-12 08:00:00,0.3941299,0.3877505,2024-04-12,8
2024-04-12 09:00:00,0.523163,0.5196581,2024-04-12,9
2024-04-12 10:00:00,0.1655881,0.160994,2024-04-12,10
2024-04-12 11:00:00,0.5830226,0.5790307,2024-04-12,11
2024-04-12 12:00:00,0.853434,0.8739082,2024-04-12,12
2024-04-12 13:00:00,0.8686149,0.8893368,2024-04-12,13
2024-04-12 14:00:00,0.4047316,0.3977786,2024-04-12,14
2024-04-12 15:00:00,0.2761505,0.2693977,2024-04-12,15
2024-04-12 16:00:00,0.2048906,0.1968557,2024-04-12,16
2024-04-12 17:00:00,0.07007273,0.06038332,2024-04-12,17
2024-04-12 18:00:00,4.68669e-06,0.0,2024-04-12,18
2024-04-12 19:00:00,0.0,0.0,2024-04-12,19
2024-04-12 20:00:00,0.0,0.0,2024-04-12,20
2024-04-12 21:00:00,0.0,0.0,2024-04-12,21
2024-04-12 22:00:00,0.0,0.0,2024-04-12,22
2024-04-12 23:00:00,0.0,0.0,2024-04-12,23
2024-04-13 00:00:00,0.0,0.0,2024-04-13,0
2024-04-13 01:00:00,0.0,0.0,2024-04-13,1
2024-04-13 02:00:00,0.0,0.0,2024-04-13,2
2024-04-13 03:00:00,0.0,0.0,2024-04-13,3
2024-04-13 04:00:00,0.0,0.0,2024-04-13,4
2024-04-13 05:00:00,0.02279606,0.0,2024-04-13,5
2024-04-13 06:00:00,0.2069138,0.1784509,2024-04-13,6
2024-04-13 07:00:00,0.4230073,0.4077562,2024-04-13,7
2024-04-13 08:00:00,0.6874194,0.6876934,2024-04-13,8
2024-04-13 09:00:00,0.9196785,0.9360103,2024-04-13,9
2024-04-13 10:00:00,1.017825,1.044137,2024-04-13,10
2024-04-13 11:00:00,1.024286,1.053612,2024-04-13,11
2024-04-13 12:00:00,0.9251236,0.9488239,2024-04-13,12
2024-04-13 13:00:00,0.7955819,0.8096342,2024-04-13,13
2024-04-13 14:00:00,0.6779009,0.682774,2024-04-13,14
2024-04-13 15:00:00,0.4948412,0.4871341,2024-04-13,15
2024-04-13 16:00:00,0.3339803,0.3095399,2024-04-13,16
2024-04-13 17:00:00,0.1146134,0.07119462,2024-04-13,17
2024-04-13 18:00:00,1.08847e-05,0.0,2024-04-13,18
2024-04-13 19:00:00,0.0,0.0,2024-04-13,19
2024-04-13 20:00:00,0.0,0.0,2024-04-13,20
2024-04-13 21:00:00,0.0,0.0,2024-04-13,21
2024-04-13 22:00:00,0.0,0.0,2024-04-13,22
2024-04-13 23:00:00,0.0,0.0,2024-04-13,23
2024-04-14 00:00:00,0.0,0.0,2024-04-14,0
2024-04-14 01:00:00,0.0,0.0,2024-04-14,1
2024-04-14 02:00:00,0.0,0.0,2024-04-14,2
2024-04-14 03:00:00,0.0,0.0,2024-04-14,3
2024-04-14 04:00:00,0.0,0.0,2024-04-14,4
2024-04-14 05:00:00,0.01954965,0.0124822,2024-04-14,5
2024-04-14 06:00:00,0.1859873,0.1637168,2024-04-14,6
2024-04-14 07:00:00,0.2987896,0.2891195,2024-04-14,7
2024-04-14 08:00:00,0.6438558,0.6414704,2024-04-14,8
2024-04-14 09:00:00,0.8417672,0.8538113,2024-04-14,9
2024-04-14 10:00:00,0.9470069,0.9684241,2024-04-14,10
2024-04-14 11:00:00,0.7945883,0.8060668,2024-04-14,11
2024-04-14 12:00:00,0.7357259,0.7424195,2024-04-14,12
2024-04-14 13:00:00,0.6899028,0.6944913,2024-04-14,13
2024-04-14 14:00:00,0.6720994,0.6747557,2024-04-14,14
2024-04-14 15:00:00,0.5886105,0.5778012,2024-04-14,15
2024-04-14 16:00:00,0.3361739,0.3094696,2024-04-14,16
2024-04-14 17:00:00,0.09239374,0.06643565,2024-04-14,17
2024-04-14 18:00:00,2.68506e-05,0.0,2024-04-14,18
2024-04-14 19:00:00,0.0,0.0,2024-04-14,19
2024-04-14 20:00:00,0.0,0.0,2024-04-14,20
2024-04-14 21:00:00,0.0,0.0,2024-04-14,21
2024-04-14 22:00:00,0.0,0.0,2024-04-14,22
2024-04-14 23:00:00,0.0,0.0,2024-04-14,23
2024-04-15 00:00:00,0.0,0.0,2024-04-15,0
2024-04-15 01:00:00,0.0,0.0,2024-04-15,1
2024-04-15 02:00:00,0.0,0.0,2024-04-15,2
2024-04-15 03:00:00,0.0,0.0,2024-04-15,3
2024-04-15 04:00:00,0.0,0.0,2024-04-15,4
2024-04-15 05:00:00,0.0277807,0.007112342,2024-04-15,5
2024-04-15 06:00:00,0.2253869,0.1896218,2024-04-15,6
2024-04-15 07:00:00,0.4797578,0.4576719,2024-04-15,7
2024-04-15 08:00:00,0.6839651,0.6795998,2024-04-15,8
2024-04-15 09:00:00,0.6719764,0.6742561,2024-04-15,9
2024-04-15 10:00:00,0.8612617,0.8760746,2024-04-15,10
2024-04-15 11:00:00,0.8440868,0.8580101,2024-04-15,11
2024-04-15 12:00:00,0.870114,0.8859121,2024-04-15,12
2024-04-15 13:00:00,0.6767638,0.6790938,2024-04-15,13
2024-04-15 14:00:00,0.7422435,0.7448286,2024-04-15,14
2024-04-15 15:00:00,0.4879545,0.4768594,2024-04-15,15
2024-04-15 16:00:00,0.2522318,0.2369445,2024-04-15,16
2024-04-15 17:00:00,0.07460404,0.06226996,2024-04-15,17
2024-04-15 18:00:00,3.89846e-05,0.0,2024-04-15,18
2024-04-15 19:00:00,0.0,0.0,2024-04-15,19
2024-04-15 20:00:00,0.0,0.0,2024-04-15,20
2024-04-15 21:00:00,0.0,0.0,2024-04-15,21
2024-04-15 22:00:00,0.0,0.0,2024-04-15,22
2024-04-15 23:00:00,0.0,0.0,2024-04-15,23
2024-04-16 00:00:00,0.0,0.0,2024-04-16,0
2024-04-16 01:00:00,0.0,0.0,2024-04-16,1
2024-04-16 02:00:00,0.0,0.0,2024-04-16,2
2024-04-16 03:00:00,0.0,0.0,2024-04-16,3
2024-04-16 04:00:00,0.0,0.0,2024-04-16,4
2024-04-16 05:00:00,0.0283396,0.008561064,2024-04-16,5
2024-04-16 06:00:00,0.2008944,0.1727569,2024-04-16,6
2024-04-16 07:00:00,0.4006564,0.3822919,2024-04-16,7
2024-04-16 08:00:00,0.5144484,0.5070388,2024-04-16,8
2024-04-16 09:00:00,0.8094348,0.8159631,2024-04-16,9
2024-04-16 10:00:00,0.7029506,0.7051893,2024-04-16,10
2024-04-16 11:00:00,0.8611115,0.8744707,2024-04-16,11
2024-04-16 12:00:00,1.01475,1.035255,2024-04-16,12
2024-04-16 13:00:00,0.9061221,0.9187336,2024-04-16,13
2024-04-16 14:00:00,0.8021218,0.8029566,2024-04-16,14
2024-04-16 15:00:00,0.5484285,0.5339335,2024-04-16,15
2024-04-16 16:00:00,0.2325243,0.2195056,2024-04-16,16
2024-04-16 17:00:00,0.09114406,0.06588581,2024-04-16,17
2024-04-16 18:00:00,9.24132e-05,0.0,2024-04-16,18
2024-04-16 19:00:00,0.0,0.0,2024-04-16,19
2024-04-16 20:00:00,0.0,0.0,2024-04-16,20
2024-04-16 21:00:00,0.0,0.0,2024-04-16,21
2024-04-16 22:00:00,0.0,0.0,2024-04-16,22
2024-04-16 23:00:00,0.0,0.0,2024-04-16,23
2024-04-17 00:00:00,0.0,0.0,2024-04-17,0
2024-04-17 01:00:00,0.0,0.0,2024-04-17,1
2024-04-17 02:00:00,0.0,0.0,2024-04-17,2
2024-04-17 03:00:00,0.0,0.0,2024-04-17,3
2024-04-17 04:00:00,0.0,0.0,2024-04-17,4
2024-04-17 05:00:00,0.02098022,0.01534918,2024-04-17,5
2024-04-17 06:00:00,0.1410768,0.1314519,2024-04-17,6
2024-04-17 07:00:00,0.3433615,0.3287818,2024-04-17,7
2024-04-17 08:00:00,0.638396,0.6298655,2024-04-17,8
2024-04-17 09:00:00,0.7873,0.7910515,2024-04-17,9
2024-04-17 10:00:00,0.7738597,0.7795153,2024-04-17,10
2024-04-17 11:00:00,1.062529,1.082825,2024-04-17,11
2024-04-17 12:00:00,0.7446731,0.7481788,2024-04-17,12
2024-04-17 13:00:00,0.6634798,0.6625582,2024-04-17,13
2024-04-17 14:00:00,0.4103677,0.4018903,2024-04-17,14
2024-04-17 15:00:00,0.3059856,0.2975642,2024-04-17,15
2024-04-17 16:00:00,0.215179,0.2041169,2024-04-17,16
2024-04-17 17:00:00,0.08611895,0.0652328,2024-04-17,17
2024-04-17 18:00:00,0.000115377,0.0,2024-04-17,18
2024-04-17 19:00:00,0.0,0.0,2024-04-17,19
2024-04-17 20:00:00,0.0,0.0,2024-04-17,20
2024-04-17 21:00:00,0.0,0.0,2024-04-17,21
2024-04-17 22:00:00,0.0,0.0,2024-04-17,22
2024-04-17 23:00:00,0.0,0.0,2024-04-17,23
2024-04-18 00:00:00,0.0,0.0,2024-04-18,0
2024-04-18 01:00:00,0.0,0.0,2024-04-18,1
2024-04-18 02:00:00,0.0,0.0,2024-04-18,2
2024-04-18 03:00:00,0.0,0.0,2024-04-18,3
2024-04-18 04:00:00,0.0,0.0,2024-04-18,4
2024-04-18 05:00:00,0.02001087,0.01613321,2024-04-18,5
2024-04-18 06:00:00,0.09161393,0.08838399,2024-04-18,6
2024-04-18 07:00:00,0.1014742,0.09852872,2024-04-18,7
2024-04-18 08:00:00,0.2390066,0.2324117,2024-04-18,8
2024-04-18 09:00:00,0.3480051,0.3392846,2024-04-18,9
2024-04-18 10:00:00,0.1956812,0.1902442,2024-04-18,10
2024-04-18 11:00:00,0.1754731,0.1705757,2024-04-18,11
2024-04-18 12:00:00,0.2594404,0.2523345,2024-04-18,12
2024-04-18 13:00:00,0.1776543,0.172697,2024-04-18,13
2024-04-18 14:00:00,0.2299077,0.223543,2024-04-18,14
2024-04-18 15:00:00,0.2846014,0.2765606,2024-04-18,15
2024-04-18 16:00:00,0.1960597,0.1870614,2024-04-18,16
2024-04-18 17:00:00,0.02746251,0.02646611,2024-04-18,17
2024-04-18 18:00:00,0.000155215,0.0,2024-04-18,18
2024-04-18 19:00:00,0.0,0.0,2024-04-18,19
2024-04-18 20:00:00,0.0,0.0,2024-04-18,20
2024-04-18 21:00:00,0.0,0.0,2024-04-18,21
2024-04-18 22:00:00,0.0,0.0,2024-04-18,22
2024-04-18 23:00:00,0.0,0.0,2024-04-18,23
2024-04-19 00:00:00,0.0,0.0,2024-04-19,0
2024-04-19 01:00:00,0.0,0.0,2024-04-19,1
2024-04-19 02:00:00,0.0,0.0,2024-04-19,2
2024-04-19 03:00:00,0.0,0.0,2024-04-19,3
2024-04-19 04:00:00,0.0,0.0,2024-04-19,4
2024-04-19 05:00:00,0.02333712,0.01692746,2024-04-19,5
2024-04-19 06:00:00,0.2372719,0.1942014,2024-04-19,6
2024-04-19 07:00:00,0.5263305,0.4930066,2024-04-19,7
2024-04-19 08:00:00,0.7282459,0.7143193,2024-04-19,8
2024-04-19 09:00:00,0.8750386,0.8758885,2024-04-19,9
2024-04-19 10:00:00,1.033863,1.045115,2024-04-19,10
2024-04-19 11:00:00,1.021316,1.035785,2024-04-19,11
2024-04-19 12:00:00,1.058912,1.072813,2024-04-19,12
2024-04-19 13:00:00,1.033722,1.040615,2024-04-19,13
2024-04-19 14:00:00,0.832767,0.8259677,2024-04-19,14
2024-04-19 15:00:00,0.64525,0.6203141,2024-04-19,15
2024-04-19 16:00:00,0.3256642,0.2916416,2024-04-19,16
2024-04-19 17:00:00,0.09102309,0.06575081,2024-04-19,17
2024-04-19 18:00:00,0.00014287,0.0,2024-04-19,18
2024-04-19 19:00:00,0.0,0.0,2024-04-19,19
2024-04-19 20:00:00,0.0,0.0,2024-04-19,20
2024-04-19 21:00:00,0.0,0.0,2024-04-19,21
2024-04-19 22:00:00,0.0,0.0,2024-04-19,22
2024-04-19 23:00:00,0.0,0.0,2024-04-19,23
2024-04-20 00:00:00,0.0,0.0,2024-04-20,0
2024-04-20 01:00:00,0.0,0.0,2024-04-20,1
2024-04-20 02:00:00,0.0,0.0,2024-04-20,2
2024-04-20 03:00:00,0.0,0.0,2024-04-20,3
2024-04-20 04:00:00,0.0,0.0,2024-04-20,4
2024-04-20 05:00:00,0.04335792,0.003415183,2024-04-20,5
2024-04-20 06:00:00,0.2113984,0.1778211,2024-04-20,6
2024-04-20 07:00:00,0.3243305,0.3096053,2024-04-20,7
2024-04-20 08:00:00,0.4791276,0.467854,2024-04-20,8
2024-04-20 09:00:00,0.9585635,0.9572052,2024-04-20,9
2024-04-20 10:00:00,1.031125,1.03986,2024-04-20,10
2024-04-20 11:00:00,0.8371214,0.8420381,2024-04-20,11
2024-04-20 12:00:00,0.9169627,0.9250636,2024-04-20,12
2024-04-20 13:00:00,0.9322299,0.9357013,2024-04-20,13
2024-04-20 14:00:00,0.4234939,0.4140344,2024-04-20,14
2024-04-20 15:00:00,0.5432052,0.520752,2024-04-20,15
2024-04-20 16:00:00,0.3257214,0.2900694,2024-04-20,16
2024-04-20 17:00:00,0.0906904,0.06579621,2024-04-20,17
2024-04-20 18:00:00,0.000256875,0.0,2024-04-20,18
2024-04-20 19:00:00,0.0,0.0,2024-04-20,19
2024-04-20 20:00:00,0.0,0.0,2024-04-20,20
2024-04-20 21:00:00,0.0,0.0,2024-04-20,21
2024-04-20 22:00:00,0.0,0.0,2024-04-20,22
2024-04-20 23:00:00,0.0,0.0,2024-04-20,23
2024-04-21 00:00:00,0.0,0.0,2024-04-21,0
2024-04-21 01:00:00,0.0,0.0,2024-04-21,1
2024-04-21 02:00:00,0.0,0.0,2024-04-21,2
2024-04-21 03:00:00,0.0,0.0,2024-04-21,3
2024-04-21 04:00:00,0.0,0.0,2024-04-21,4
2024-04-21 05:00:00,0.03209624,0.01494861,2024-04-21,5
2024-04-21 06:00:00,0.1070849,0.1027215,2024-04-21,6
2024-04-21 07:00:00,0.1775301,0.1721934,2024-04-21,7
2024-04-21 08:00:00,0.202113,0.1964012,2024-04-21,8
2024-04-21 09:00:00,0.6420486,0.6351591,2024-04-21,9
2024-04-21 10:00:00,0.946173,0.9514201,2024-04-21,10
2024-04-21 11:00:00,0.8511477,0.8551295,2024-04-21,11
2024-04-21 12:00:00,0.6701917,0.6651732,2024-04-21,12
2024-04-21 13:00:00,0.7401557,0.7373087,2024-04-21,13
2024-04-21 14:00:00,0.6193134,0.6091263,2024-04-21,14
2024-04-21 15:00:00,0.3873319,0.3735908,2024-04-21,15
2024-04-21 16:00:00,0.2931787,0.2637321,2024-04-21,16
2024-04-21 17:00:00,0.09764299,0.06584048,2024-04-21,17
2024-04-21 18:00:00,0.00037161,0.0,2024-04-21,18
2024-04-21 19:00:00,0.0,0.0,2024-04-21,19
2024-04-21 20:00:00,0.0,0.0,2024-04-21,20
2024-04-21 21:00:00,0.0,0.0,2024-04-21,21
2024-04-21 22:00:00,0.0,0.0,2024-04-21,22
2024-04-21 23:00:00,0.0,0.0,2024-04-21,23
2024-04-22 00:00:00,0.0,0.0,2024-04-22,0
2024-04-22 01:00:00,0.0,0.0,2024-04-22,1
2024-04-22 02:00:00,0.0,0.0,2024-04-22,2
2024-04-22 03:00:00,0.0,0.0,2024-04-22,3
2024-04-22 04:00:00,0.0,0.0,2024-04-22,4
2024-04-22 05:00:00,0.03742607,0.01176306,2024-04-22,5
2024-04-22 06:00:00,0.1497994,0.1383694,2024-04-22,6
2024-04-22 07:00:00,0.3216053,0.3061829,2024-04-22,7
2024-04-22 08:00:00,0.7124953,0.6923409,2024-04-22,8
2024-04-22 09:00:00,0.8977109,0.8916527,2024-04-22,9
2024-04-22 10:00:00,1.005868,1.009573,2024-04-22,10
2024-04-22 11:00:00,0.8582324,0.8608606,2024-04-22,11
2024-04-22 12:00:00,1.030329,1.03651,2024-04-22,12
2024-04-22 13:00:00,0.9257635,0.9245016,2024-04-22,13
2024-04-22 14:00:00,0.7897013,0.7761407,2024-04-22,14
2024-04-22 15:00:00,0.4970261,0.47418,2024-04-22,15
2024-04-22 16:00:00,0.280494,0.2531931,2024-04-22,16
2024-04-22 17:00:00,0.122309,0.06426106,2024-04-22,17
2024-04-22 18:00:00,0.000523306,0.0,2024-04-22,18
2024-04-22 19:00:00,0.0,0.0,2024-04-22,19
2024-04-22 20:00:00,0.0,0.0,2024-04-22,20
2024-04-22 21:00:00,0.0,0.0,2024-04-22,21
2024-04-22 22:00:00,0.0,0.0,2024-04-22,22
2024-04-22 23:00:00,0.0,0.0,2024-04-22,23
2024-04-23 00:00:00,0.0,0.0,2024-04-23,0
2024-04-23 01:00:00,0.0,0.0,2024-04-23,1
2024-04-23 02:00:00,0.0,0.0,2024-04-23,2
2024-04-23 03:00:00,0.0,0.0,2024-04-23,3
2024-04-23 04:00:00,0.0,0.0,2024-04-23,4
2024-04-23 05:00:00,0.03576022,0.01552253,2024-04-23,5
2024-04-23 06:00:00,0.2780131,0.2179108,2024-04-23,6
2024-04-23 07:00:00,0.5068542,0.4670625,2024-04-23,7
2024-04-23 08:00:00,0.7323631,0.7094582,2024-04-23,8
2024-04-23 09:00:00,0.8693997,0.86127,2024-04-23,9
2024-04-23 10:00:00,1.016482,1.017916,2024-04-23,10
2024-04-23 11:00:00,1.038266,1.043684,2024-04-23,11
2024-04-23 12:00:00,0.9830372,0.9863796,2024-04-23,12
2024-04-23 13:00:00,0.867974,0.8641461,2024-04-23,13
2024-04-23 14:00:00,0.8360092,0.8192561,2024-04-23,14
2024-04-23 15:00:00,0.6593105,0.6236979,2024-04-23,15
2024-04-23 16:00:00,0.4282098,0.3691438,2024-04-23,16
2024-04-23 17:00:00,0.149204,0.07043138,2024-04-23,17
2024-04-23 18:00:00,0.000543788,0.0,2024-04-23,18
2024-04-23 19:00:00,0.0,0.0,2024-04-23,19
2024-04-23 20:00:00,0.0,0.0,2024-04-23,20
2024-04-23 21:00:00,0.0,0.0,2024-04-23,21
2024-04-23 22:00:00,0.0,0.0,2024-04-23,22
2024-04-23 23:00:00,0.0,0.0,2024-04-23,23
2024-04-24 00:00:00,0.0,0.0,2024-04-24,0
2024-04-24 01:00:00,0.0,0.0,2024-04-24,1
2024-04-24 02:00:00,0.0,0.0,2024-04-24,2
2024-04-24 03:00:00,0.0,0.0,2024-04-24,3
2024-04-24 04:00:00,0.0,0.0,2024-04-24,4
2024-04-24 05:00:00,0.03059816,0.02060422,2024-04-24,5
2024-04-24 06:00:00,0.2324359,0.1884137,2024-04-24,6
2024-04-24 07:00:00,0.3994482,0.3720824,2024-04-24,7
2024-04-24 08:00:00,0.6786047,0.6555932,2024-04-24,8
2024-04-24 09:00:00,0.8825289,0.8721263,2024-04-24,9
2024-04-24 10:00:00,0.8897968,0.8878415,2024-04-24,10
2024-04-24 11:00:00,1.011127,1.014002,2024-04-24,11
2024-04-24 12:00:00,1.055044,1.056658,2024-04-24,12
2024-04-24 13:00:00,0.9583881,0.9524543,2024-04-24,13
2024-04-24 14:00:00,0.7825556,0.7646253,2024-04-24,14
2024-04-24 15:00:00,0.5823188,0.5491948,2024-04-24,15
2024-04-24 16:00:00,0.3342613,0.2903635,2024-04-24,16
2024-04-24 17:00:00,0.1118472,0.06434143,2024-04-24,17
2024-04-24 18:00:00,0.000447841,0.0,2024-04-24,18
2024-04-24 19:00:00,0.0,0.0,2024-04-24,19
2024-04-24 20:00:00,0.0,0.0,2024-04-24,20
2024-04-24 21:00:00,0.0,0.0,2024-04-24,21
2024-04-24 22:00:00,0.0,0.0,2024-04-24,22
2024-04-24 23:00:00,0.0,0.0,2024-04-24,23
2024-04-25 00:00:00,0.0,0.0,2024-04-25,0
2024-04-25 01:00:00,0.0,0.0,2024-04-25,1
2024-04-25 02:00:00,0.0,0.0,2024-04-25,2
2024-04-25 03:00:00,0.0,0.0,2024-04-25,3
2024-04-25 04:00:00,0.0,0.0,2024-04-25,4
2024-04-25 05:00:00,0.04803563,0.007553243,2024-04-25,5
2024-04-25 06:00:00,0.2365163,0.1902599,2024-04-25,6
2024-04-25 07:00:00,0.4410461,0.4062273,2024-04-25,7
2024-04-25 08:00:00,0.4196329,0.4070857,2024-04-25,8
2024-04-25 09:00:00,0.3995158,0.3893846,2024-04-25,9
2024-04-25 10:00:00,0.5457132,0.5351639,2024-04-25,10
2024-04-25 11:00:00,0.7486429,0.7428705,2024-04-25,11
2024-04-25 12:00:00,0.8647079,0.8618143,2024-04-25,12
2024-04-25 13:00:00,0.6089178,0.5986791,2024-04-25,13
2024-04-25 14:00:00,0.6436384,0.6272662,2024-04-25,14
2024-04-25 15:00:00,0.4009299,0.3832764,2024-04-25,15
2024-04-25 16:00:00,0.1767433,0.1688226,2024-04-25,16
2024-04-25 17:00:00,0.04408388,0.0421348,2024-04-25,17
2024-04-25 18:00:00,0.000192118,0.0,2024-04-25,18
2024-04-25 19:00:00,0.0,0.0,2024-04-25,19
2024-04-25 20:00:00,0.0,0.0,2024-04-25,20
2024-04-25 21:00:00,0.0,0.0,2024-04-25,21
2024-04-25 22:00:00,0.0,0.0,2024-04-25,22
2024-04-25 23:00:00,0.0,0.0,2024-04-25,23
2024-04-26 00:00:00,0.0,0.0,2024-04-26,0
2024-04-26 01:00:00,0.0,0.0,2024-04-26,1
2024-04-26 02:00:00,0.0,0.0,2024-04-26,2
2024-04-26 03:00:00,0.0,0.0,2024-04-26,3
2024-04-26 04:00:00,0.0,0.0,2024-04-26,4
2024-04-26 05:00:00,0.03556214,0.02099554,2024-04-26,5
2024-04-26 06:00:00,0.2229079,0.1827636,2024-04-26,6
2024-04-26 07:00:00,0.4350098,0.3998904,2024-04-26,7
2024-04-26 08:00:00,0.5658647,0.5452751,2024-04-26,8
2024-04-26 09:00:00,0.7982029,0.7846228,2024-04-26,9
2024-04-26 10:00:00,1.045887,1.04039,2024-04-26,10
2024-04-26 11:00:00,1.070233,1.068947,2024-04-26,11
2024-04-26 12:00:00,1.039163,1.036115,2024-04-26,12
2024-04-26 13:00:00,0.9280812,0.9178212,2024-04-26,13
2024-04-26 14:00:00,0.7944873,0.7718493,2024-04-26,14
2024-04-26 15:00:00,0.6370051,0.5957753,2024-04-26,15
2024-04-26 16:00:00,0.3103091,0.2703966,2024-04-26,16
2024-04-26 17:00:00,0.1118011,0.06442668,2024-04-26,17
2024-04-26 18:00:00,0.000885324,0.0,2024-04-26,18
2024-04-26 19:00:00,0.0,0.0,2024-04-26,19
2024-04-26 20:00:00,0.0,0.0,2024-04-26,20
2024-04-26 21:00:00,0.0,0.0,2024-04-26,21
2024-04-26 22:00:00,0.0,0.0,2024-04-26,22
2024-04-26 23:00:00,0.0,0.0,2024-04-26,23
2024-04-27 00:00:00,0.0,0.0,2024-04-27,0
2024-04-27 01:00:00,0.0,0.0,2024-04-27,1
2024-04-27 02:00:00,0.0,0.0,2024-04-27,2
2024-04-27 03:00:00,0.0,0.0,2024-04-27,3
2024-04-27 04:00:00,0.0,0.0,2024-04-27,4
2024-04-27 05:00:00,0.02834332,0.02334519,2024-04-27,5
2024-04-27 06:00:00,0.130053,0.1230079,2024-04-27,6
2024-04-27 07:00:00,0.1854725,0.1796712,2024-04-27,7
2024-04-27 08:00:00,0.3042952,0.2954662,2024-04-27,8
2024-04-27 09:00:00,0.5823992,0.5695885,2024-04-27,9
2024-04-27 10:00:00,0.5378442,0.5265429,2024-04-27,10
2024-04-27 11:00:00,0.4612224,0.4501053,2024-04-27,11
2024-04-27 12:00:00,0.6374549,0.6270972,2024-04-27,12
2024-04-27 13:00:00,0.5781007,0.5663854,2024-04-27,13
2024-04-27 14:00:00,0.4673598,0.4543361,2024-04-27,14
2024-04-27 15:00:00,0.5045614,0.473449,2024-04-27,15
2024-04-27 16:00:00,0.3138705,0.2717117,2024-04-27,16
2024-04-27 17:00:00,0.1268229,0.06206463,2024-04-27,17
2024-04-27 18:00:00,0.00118994,0.0,2024-04-27,18
2024-04-27 19:00:00,0.0,0.0,2024-04-27,19
2024-04-27 20:00:00,0.0,0.0,2024-04-27,20
2024-04-27 21:00:00,0.0,0.0,2024-04-27,21
2024-04-27 22:00:00,0.0,0.0,2024-04-27,22
2024-04-27 23:00:00,0.0,0.0,2024-04-27,23
2024-04-28 00:00:00,0.0,0.0,2024-04-28,0
2024-04-28 01:00:00,0.0,0.0,2024-04-28,1
2024-04-28 02:00:00,0.0,0.0,2024-04-28,2
2024-04-28 03:00:00,0.0,0.0,2024-04-28,3
2024-04-28 04:00:00,0.0,0.0,2024-04-28,4
2024-04-28 05:00:00,0.02703622,0.02340365,2024-04-28,5
2024-04-28 06:00:00,0.2118692,0.1769077,2024-04-28,6
2024-04-28 07:00:00,0.2412586,0.2322393,2024-04-28,7
2024-04-28 08:00:00,0.222013,0.2156212,2024-04-28,8
2024-04-28 09:00:00,0.6563939,0.6417437,2024-04-28,9
2024-04-28 10:00:00,0.863769,0.8543587,2024-04-28,10
2024-04-28 11:00:00,0.9489744,0.9430674,2024-04-28,11
2024-04-28 12:00:00,1.071674,1.063989,2024-04-28,12
2024-04-28 13:00:00,0.9465735,0.9317335,2024-04-28,13
2024-04-28 14:00:00,0.8229216,0.7949775,2024-04-28,14
2024-04-28 15:00:00,0.6522905,0.6054648,2024-04-28,15
2024-04-28 16:00:00,0.3443488,0.2917814,2024-04-28,16
2024-04-28 17:00:00,0.1052817,0.06620453,2024-04-28,17
2024-04-28 18:00:00,0.000938575,0.0,2024-04-28,18
2024-04-28 19:00:00,0.0,0.0,2024-04-28,19
2024-04-28 20:00:00,0.0,0.0,2024-04-28,20
2024-04-28 21:00:00,0.0,0.0,2024-04-28,21
2024-04-28 22:00:00,0.0,0.0,2024-04-28,22
2024-04-28 23:00:00,0.0,0.0,2024-04-28,23
2024-04-29 00:00:00,0.0,0.0,2024-04-29,0
2024-04-29 01:00:00,0.0,0.0,2024-04-29,1
2024-04-29 02:00:00,0.0,0.0,2024-04-29,2
2024-04-29 03:00:00,0.0,0.0,2024-04-29,3
2024-04-29 04:00:00,0.0,0.0,2024-04-29,4
2024-04-29 05:00:00,0.01114761,0.01068085,2024-04-29,5
2024-04-29 06:00:00,0.1340487,0.1264238,2024-04-29,6
2024-04-29 07:00:00,0.2511089,0.2412034,2024-04-29,7
2024-04-29 08:00:00,0.7099317,0.6759488,2024-04-29,8
2024-04-29 09:00:00,0.6365859,0.6212841,2024-04-29,9
2024-04-29 10:00:00,0.7997517,0.788563,2024-04-29,10
2024-04-29 11:00:00,0.911324,0.9033439,2024-04-29,11
2024-04-29 12:00:00,0.8275858,0.8178203,2024-04-29,12
2024-04-29 13:00:00,0.6649514,0.6513641,2024-04-29,13
2024-04-29 14:00:00,0.6444578,0.6222941,2024-04-29,14
2024-04-29 15:00:00,0.3077838,0.296389,2024-04-29,15
2024-04-29 16:00:00,0.2694944,0.239946,2024-04-29,16
2024-04-29 17:00:00,0.08014165,0.06618284,2024-04-29,17
2024-04-29 18:00:00,0.000448809,0.0,2024-04-29,18
2024-04-29 19:00:00,0.0,0.0,2024-04-29,19
2024-04-29 20:00:00,0.0,0.0,2024-04-29,20
2024-04-29 21:00:00,0.0,0.0,2024-04-29,21
2024-04-29 22:00:00,0.0,0.0,2024-04-29,22
2024-04-29 23:00:00,0.0,0.0,2024-04-29,23
2024-04-30 00:00:00,0.0,0.0,2024-04-30,0
2024-04-30 01:00:00,0.0,0.0,2024-04-30,1
2024-04-30 02:00:00,0.0,0.0,2024-04-30,2
2024-04-30 03:00:00,0.0,0.0,2024-04-30,3
2024-04-30 04:00:00,0.0,0.0,2024-04-30,4
2024-04-30 05:00:00,0.05428483,0.01141914,2024-04-30,5
2024-04-30 06:00:00,0.3039672,0.2278026,2024-04-30,6
2024-04-30 07:00:00,0.4686155,0.4228391,2024-04-30,7
2024-04-30 08:00:00,0.6764892,0.6428206,2024-04-30,8
2024-04-30 09:00:00,0.8340147,0.8124425,2024-04-30,9
2024-04-30 10:00:00,1.001812,0.9879322,2024-04-30,10
2024-04-30 11:00:00,1.166599,1.155714,2024-04-30,11
2024-04-30 12:00:00,1.030208,1.018455,2024-04-30,12
2024-04-30 13:00:00,0.9776436,0.9579026,2024-04-30,13
2024-04-30 14:00:00,0.8587381,0.8249847,2024-04-30,14
2024-04-30 15:00:00,0.5961863,0.5498886,2024-04-30,15
2024-04-30 16:00:00,0.4170189,0.3447835,2024-04-30,16
2024-04-30 17:00:00,0.1290364,0.06136592,2024-04-30,17
2024-04-30 18:00:00,0.001295505,0.0,2024-04-30,18
2024-04-30 19:00:00,0.0,0.0,2024-04-30,19
2024-04-30 20:00:00,0.0,0.0,2024-04-30,20
2024-04-30 21:00:00,0.0,0.0,2024-04-30,21
2024-04-30 22:00:00,0.0,0.0,2024-04-30,22
2024-04-30 23:00:00,0.0,0.0,2024-04-30,23
2024-05-01 00:00:00,0.0,0.0,2024-05-01,0
2024-05-01 01:00:00,0.0,0.0,2024-05-01,1
2024-05-01 02:00:00,0.0,0.0,2024-05-01,2
2024-05-01 03:00:00,0.0,0.0,2024-05-01,3
2024-05-01 04:00:00,0.0,0.0,2024-05-01,4
2024-05-01 05:00:00,0.04310805,0.0239644,2024-05-01,5
2024-05-01 06:00:00,0.307642,0.2291908,2024-05-01,6
2024-05-01 07:00:00,0.5627545,0.5023669,2024-05-01,7
2024-05-01 08:00:00,0.7280229,0.6892414,2024-05-01,8
2024-05-01 09:00:00,0.7862126,0.7643272,2024-05-01,9
2024-05-01 10:00:00,0.9384091,0.923322,2024-05-01,10
2024-05-01 11:00:00,1.005968,0.9942794,2024-05-01,11
2024-05-01 12:00:00,1.065527,1.05124,2024-05-01,12
2024-05-01 13:00:00,0.9280124,0.9072117,2024-05-01,13
2024-05-01 14:00:00,0.7179891,0.6887582,2024-05-01,14
2024-05-01 15:00:00,0.5783473,0.5320609,2024-05-01,15
2024-05-01 16:00:00,0.3582466,0.2973495,2024-05-01,16
2024-05-01 17:00:00,0.1541514,0.06261719,2024-05-01,17
2024-05-01 18:00:00,0.001882656,0.0,2024-05-01,18
2024-05-01 19:00:00,0.0,0.0,2024-05-01,19
2024-05-01 20:00:00,0.0,0.0,2024-05-01,20
2024-05-01 21:00:00,0.0,0.0,2024-05-01,21
2024-05-01 22:00:00,0.0,0.0,2024-05-01,22
2024-05-01 23:00:00,0.0,0.0,2024-05-01,23
2024-05-02 00:00:00,0.0,0.0,2024-05-02,0
2024-05-02 01:00:00,0.0,0.0,2024-05-02,1
2024-05-02 02:00:00,0.0,0.0,2024-05-02,2
2024-05-02 03:00:00,0.0,0.0,2024-05-02,3
2024-05-02 04:00:00,0.0,0.0,2024-05-02,4
2024-05-02 05:00:00,0.03619441,0.0276523,2024-05-02,5
2024-05-02 06:00:00,0.1387403,0.1304025,2024-05-02,6
2024-05-02 07:00:00,0.2394816,0.2302885,2024-05-02,7
2024-05-02 08:00:00,0.5398796,0.514946,2024-05-02,8
2024-05-02 09:00:00,0.7683186,0.7454817,2024-05-02,9
2024-05-02 10:00:00,1.025011,1.006657,2024-05-02,10
2024-05-02 11:00:00,0.7777006,0.7648118,2024-05-02,11
2024-05-02 12:00:00,0.9245234,0.9098685,2024-05-02,12
2024-05-02 13:00:00,0.852856,0.831933,2024-05-02,13
2024-05-02 14:00:00,0.7922543,0.7572406,2024-05-02,14
2024-05-02 15:00:00,0.544813,0.5009996,2024-05-02,15
2024-05-02 16:00:00,0.3188821,0.2696287,2024-05-02,16
2024-05-02 17:00:00,0.141832,0.06000284,2024-05-02,17
2024-05-02 18:00:00,0.002414398,0.0,2024-05-02,18
2024-05-02 19:00:00,0.0,0.0,2024-05-02,19
2024-05-02 20:00:00,0.0,0.0,2024-05-02,20
2024-05-02 21:00:00,0.0,0.0,2024-05-02,21
2024-05-02 22:00:00,0.0,0.0,2024-05-02,22
2024-05-02 23:00:00,0.0,0.0,2024-05-02,23
2024-05-03 00:00:00,0.0,0.0,2024-05-03,0
2024-05-03 01:00:00,0.0,0.0,2024-05-03,1
2024-05-03 02:00:00,0.0,0.0,2024-05-03,2
2024-05-03 03:00:00,0.0,0.0,2024-05-03,3
2024-05-03 04:00:00,0.0,0.0,2024-05-03,4
2024-05-03 05:00:00,0.06811561,0.005856598,2024-05-03,5
2024-05-03 06:00:00,0.1641534,0.1495101,2024-05-03,6
2024-05-03 07:00:00,0.4183544,0.3792962,2024-05-03,7
2024-05-03 08:00:00,0.4322836,0.4158646,2024-05-03,8
2024-05-03 09:00:00,0.4277551,0.4158165,2024-05-03,9
2024-05-03 10:00:00,0.4764665,0.4642282,2024-05-03,10
2024-05-03 11:00:00,0.2885199,0.2804333,2024-05-03,11
2024-05-03 12:00:00,0.6351526,0.6212351,2024-05-03,12
2024-05-03 13:00:00,0.6297312,0.6133575,2024-05-03,13
2024-05-03 14:00:00,0.7060853,0.6742706,2024-05-03,14
2024-05-03 15:00:00,0.4750231,0.4404638,2024-05-03,15
2024-05-03 16:00:00,0.3232556,0.2714049,2024-05-03,16
2024-05-03 17:00:00,0.1156624,0.06555025,2024-05-03,17
2024-05-03 18:00:00,0.001932496,0.0,2024-05-03,18
2024-05-03 19:00:00,0.0,0.0,2024-05-03,19
2024-05-03 20:00:00,0.0,0.0,2024-05-03,20
2024-05-03 21:00:00,0.0,0.0,2024-05-03,21
2024-05-03 22:00:00,0.0,0.0,2024-05-03,22
2024-05-03 23:00:00,0.0,0.0,2024-05-03,23
2024-05-04 00:00:00,0.0,0.0,2024-05-04,0
2024-05-04 01:00:00,0.0,0.0,2024-05-04,1
2024-05-04 02:00:00,0.0,0.0,2024-05-04,2
2024-05-04 03:00:00,0.0,0.0,2024-05-04,3
2024-05-04 04:00:00,0.0,0.0,2024-05-04,4
2024-05-04 05:00:00,0.05874141,0.0148795,2024-05-04,5
2024-05-04 06:00:00,0.2334607,0.1866608,2024-05-04,6
2024-05-04 07:00:00,0.2753178,0.2623494,2024-05-04,7
2024-05-04 08:00:00,0.3359759,0.325213,2024-05-04,8
2024-05-04 09:00:00,0.5251133,0.5098072,2024-05-04,9
2024-05-04 10:00:00,0.8215843,0.8033742,2024-05-04,10
2024-05-04 11:00:00,0.9031609,0.8870524,2024-05-04,11
2024-05-04 12:00:00,0.6615559,0.6467947,2024-05-04,12
2024-05-04 13:00:00,0.3611257,0.3510765,2024-05-04,13
2024-05-04 14:00:00,0.2901614,0.281714,2024-05-04,14
2024-05-04 15:00:00,0.2454689,0.2373939,2024-05-04,15
2024-05-04 16:00:00,0.2685207,0.2365858,2024-05-04,16
2024-05-04 17:00:00,0.03318247,0.03188287,2024-05-04,17
2024-05-04 18:00:00,0.00181846,0.0,2024-05-04,18
2024-05-04 19:00:00,0.0,0.0,2024-05-04,19
2024-05-04 20:00:00,0.0,0.0,2024-05-04,20
2024-05-04 21:00:00,0.0,0.0,2024-05-04,21
2024-05-04 22:00:00,0.0,0.0,2024-05-04,22
2024-05-04 23:00:00,0.0,0.0,2024-05-04,23
2024-05-05 00:00:00,0.0,0.0,2024-05-05,0
2024-05-05 01:00:00,0.0,0.0,2024-05-05,1
2024-05-05 02:00:00,0.0,0.0,2024-05-05,2
2024-05-05 03:00:00,0.0,0.0,2024-05-05,3
2024-05-05 04:00:00,0.0,0.0,2024-05-05,4
2024-05-05 05:00:00,0.06381792,0.01178864,2024-05-05,5
2024-05-05 06:00:00,0.2628041,0.1995517,2024-05-05,6
2024-05-05 07:00:00,0.3883635,0.354582,2024-05-05,7
2024-05-05 08:00:00,0.5999656,0.5658948,2024-05-05,8
2024-05-05 09:00:00,0.5164055,0.5010359,2024-05-05,9
2024-05-05 10:00:00,0.3766547,0.3662808,2024-05-05,10
2024-05-05 11:00:00,0.7430716,0.7273864,2024-05-05,11
2024-05-05 12:00:00,0.3240387,0.3149766,2024-05-05,12
2024-05-05 13:00:00,0.7111608,0.6904174,2024-05-05,13
2024-05-05 14:00:00,0.6337524,0.6045858,2024-05-05,14
2024-05-05 15:00:00,0.4493644,0.4172195,2024-05-05,15
2024-05-05 16:00:00,0.3206317,0.267867,2024-05-05,16
2024-05-05 17:00:00,0.121168,0.06476566,2024-05-05,17
2024-05-05 18:00:00,0.002964464,0.0,2024-05-05,18
2024-05-05 19:00:00,0.0,0.0,2024-05-05,19
2024-05-05 20:00:00,0.0,0.0,2024-05-05,20
2024-05-05 21:00:00,0.0,0.0,2024-05-05,21
2024-05-05 22:00:00,0.0,0.0,2024-05-05,22
2024-05-05 23:00:00,0.0,0.0,2024-05-05,23
2024-05-06 00:00:00,0.0,0.0,2024-05-06,0
2024-05-06 01:00:00,0.0,0.0,2024-05-06,1
2024-05-06 02:00:00,0.0,0.0,2024-05-06,2
2024-05-06 03:00:00,0.0,0.0,2024-05-06,3
2024-05-06 04:00:00,0.0,0.0,2024-05-06,4
2024-05-06 05:00:00,0.06709109,0.01058884,2024-05-06,5
2024-05-06 06:00:00,0.1716424,0.154735,2024-05-06,6
2024-05-06 07:00:00,0.2808049,0.2668715,2024-05-06,7
2024-05-06 08:00:00,0.4015375,0.3864715,2024-05-06,8
2024-05-06 09:00:00,0.6166341,0.5961845,2024-05-06,9
2024-05-06 10:00:00,0.5357143,0.5216962,2024-05-06,10
2024-05-06 11:00:00,0.6256384,0.6107339,2024-05-06,11
2024-05-06 12:00:00,0.8339069,0.8145033,2024-05-06,12
2024-05-06 13:00:00,0.5011808,0.4870815,2024-05-06,13
2024-05-06 14:00:00,0.6233512,0.5939315,2024-05-06,14
2024-05-06 15:00:00,0.5423821,0.4929953,2024-05-06,15
2024-05-06 16:00:00,0.3185157,0.2657194,2024-05-06,16
2024-05-06 17:00:00,0.1009577,0.07064726,2024-05-06,17
2024-05-06 18:00:00,0.001442856,0.0,2024-05-06,18
2024-05-06 19:00:00,0.0,0.0,2024-05-06,19
2024-05-06 20:00:00,0.0,0.0,2024-05-06,20
2024-05-06 21:00:00,0.0,0.0,2024-05-06,21
2024-05-06 22:00:00,0.0,0.0,2024-05-06,22
2024-05-06 23:00:00,0.0,0.0,2024-05-06,23
2024-05-07 00:00:00,0.0,0.0,2024-05-07,0
2024-05-07 01:00:00,0.0,0.0,2024-05-07,1
2024-05-07 02:00:00,0.0,0.0,2024-05-07,2
2024-05-07 03:00:00,0.0,0.0,2024-05-07,3
2024-05-07 04:00:00,0.0,0.0,2024-05-07,4
2024-05-07 05:00:00,0.06295677,0.01628873,2024-05-07,5
2024-05-07 06:00:00,0.07534811,0.07280844,2024-05-07,6
2024-05-07 07:00:00,0.4176399,0.3755044,2024-05-07,7
2024-05-07 08:00:00,0.68084,0.6356784,2024-05-07,8
2024-05-07 09:00:00,0.7621047,0.732424,2024-05-07,9
2024-05-07 10:00:00,0.6215401,0.6051165,2024-05-07,10
2024-05-07 11:00:00,0.6472784,0.6315475,2024-05-07,11
2024-05-07 12:00:00,0.6007876,0.5854509,2024-05-07,12
2024-05-07 13:00:00,0.688985,0.6671626,2024-05-07,13
2024-05-07 14:00:00,0.5519007,0.5279294,2024-05-07,14
2024-05-07 15:00:00,0.5959979,0.5372609,2024-05-07,15
2024-05-07 16:00:00,0.4015441,0.3202997,2024-05-07,16
2024-05-07 17:00:00,0.1536918,0.05895836,2024-05-07,17
2024-05-07 18:00:00,0.003220337,0.0,2024-05-07,18
2024-05-07 19:00:00,0.0,0.0,2024-05-07,19
2024-05-07 20:00:00,0.0,0.0,2024-05-07,20
2024-05-07 21:00:00,0.0,0.0,2024-05-07,21
2024-05-07 22:00:00,0.0,0.0,2024-05-07,22
2024-05-07 23:00:00,0.0,0.0,2024-05-07,23
2024-05-08 00:00:00,0.0,0.0,2024-05-08,0
2024-05-08 01:00:00,0.0,0.0,2024-05-08,1
2024-05-08 02:00:00,0.0,0.0,2024-05-08,2
2024-05-08 03:00:00,0.0,0.0,2024-05-08,3
2024-05-08 04:00:00,0.0,0.0,2024-05-08,4
2024-05-08 05:00:00,0.0271918,0.02544756,2024-05-08,5
2024-05-08 06:00:00,0.1190936,0.1138378,2024-05-08,6
2024-05-08 07:00:00,0.1849022,0.1789049,2024-05-08,7
2024-05-08 08:00:00,0.1326534,0.1287828,2024-05-08,8
2024-05-08 09:00:00,0.0925789,0.08990869,2024-05-08,9
2024-05-08 10:00:00,0.05123524,0.0497546,2024-05-08,10
2024-05-08 11:00:00,0.1074979,0.1044138,2024-05-08,11
2024-05-08 12:00:00,0.1062679,0.1032174,2024-05-08,12
2024-05-08 13:00:00,0.4197153,0.4077526,2024-05-08,13
2024-05-08 14:00:00,0.2062034,0.2002068,2024-05-08,14
2024-05-08 15:00:00,0.2676873,0.2580062,2024-05-08,15
2024-05-08 16:00:00,0.1369408,0.13201,2024-05-08,16
2024-05-08 17:00:00,0.1026252,0.07156687,2024-05-08,17
2024-05-08 18:00:00,0.002960251,0.0,2024-05-08,18
2024-05-08 19:00:00,0.0,0.0,2024-05-08,19
2024-05-08 20:00:00,0.0,0.0,2024-05-08,20
2024-05-08 21:00:00,0.0,0.0,2024-05-08,21
2024-05-08 22:00:00,0.0,0.0,2024-05-08,22
2024-05-08 23:00:00,0.0,0.0,2024-05-08,23
2024-05-09 00:00:00,0.0,0.0,2024-05-09,0
2024-05-09 01:00:00,0.0,0.0,2024-05-09,1
2024-05-09 02:00:00,0.0,0.0,2024-05-09,2
2024-05-09 03:00:00,0.0,0.0,2024-05-09,3
2024-05-09 04:00:00,0.0,0.0,2024-05-09,4
2024-05-09 05:00:00,0.04440841,0.0327392,2024-05-09,5
2024-05-09 06:00:00,0.1873314,0.1644639,2024-05-09,6
2024-05-09 07:00:00,0.466152,0.4103533,2024-05-09,7
2024-05-09 08:00:00,0.6866919,0.6379874,2024-05-09,8
2024-05-09 09:00:00,0.7082124,0.6794999,2024-05-09,9
2024-05-09 10:00:00,0.7435291,0.7218235,2024-05-09,10
2024-05-09 11:00:00,1.065923,1.037949,2024-05-09,11
2024-05-09 12:00:00,1.035585,1.006031,2024-05-09,12
2024-05-09 13:00:00,0.9664542,0.9289833,2024-05-09,13
2024-05-09 14:00:00,0.8682187,0.8153488,2024-05-09,14
2024-05-09 15:00:00,0.6658304,0.5955394,2024-05-09,15
2024-05-09 16:00:00,0.3733712,0.2971754,2024-05-09,16
2024-05-09 17:00:00,0.1423679,0.06006653,2024-05-09,17
2024-05-09 18:00:00,0.003300678,0.0,2024-05-09,18
2024-05-09 19:00:00,0.0,0.0,2024-05-09,19
2024-05-09 20:00:00,0.0,0.0,2024-05-09,20
2024-05-09 21:00:00,0.0,0.0,2024-05-09,21
2024-05-09 22:00:00,0.0,0.0,2024-05-09,22
2024-05-09 23:00:00,0.0,0.0,2024-05-09,23
2024-05-10 00:00:00,0.0,0.0,2024-05-10,0
2024-05-10 01:00:00,0.0,0.0,2024-05-10,1
2024-05-10 02:00:00,0.0,0.0,2024-05-10,2
2024-05-10 03:00:00,0.0,0.0,2024-05-10,3
2024-05-10 04:00:00,0.0,0.0,2024-05-10,4
2024-05-10 05:00:00,0.06331027,0.02134135,2024-05-10,5
2024-05-10 06:00:00,0.2085664,0.1754185,2024-05-10,6
2024-05-10 07:00:00,0.434352,0.385587,2024-05-10,7
2024-05-10 08:00:00,0.7540202,0.6975468,2024-05-10,8
2024-05-10 09:00:00,0.8860912,0.8448208,2024-05-10,9
2024-05-10 10:00:00,0.941952,0.9112045,2024-05-10,10
2024-05-10 11:00:00,0.8608741,0.8373228,2024-05-10,11
2024-05-10 12:00:00,0.9963359,0.9662347,2024-05-10,12
2024-05-10 13:00:00,0.8862556,0.8506203,2024-05-10,13
2024-05-10 14:00:00,0.7324728,0.6878065,2024-05-10,14
2024-05-10 15:00:00,0.5130915,0.4639785,2024-05-10,15
2024-05-10 16:00:00,0.263962,0.2314688,2024-05-10,16
2024-05-10 17:00:00,0.101535,0.07284649,2024-05-10,17
2024-05-10 18:00:00,0.002548596,0.0,2024-05-10,18
2024-05-10 19:00:00,0.0,0.0,2024-05-10,19
2024-05-10 20:00:00,0.0,0.0,2024-05-10,20
2024-05-10 21:00:00,0.0,0.0,2024-05-10,21
2024-05-10 22:00:00,0.0,0.0,2024-05-10,22
2024-05-10 23:00:00,0.0,0.0,2024-05-10,23
2024-05-11 00:00:00,0.0,0.0,2024-05-11,0
2024-05-11 01:00:00,0.0,0.0,2024-05-11,1
2024-05-11 02:00:00,0.0,0.0,2024-05-11,2
2024-05-11 03:00:00,0.0,0.0,2024-05-11,3
2024-05-11 04:00:00,0.0,0.0,2024-05-11,4
2024-05-11 05:00:00,0.07267343,0.01357081,2024-05-11,5
2024-05-11 06:00:00,0.2728206,0.2014577,2024-05-11,6
2024-05-11 07:00:00,0.5187803,0.4491869,2024-05-11,7
2024-05-11 08:00:00,0.7527812,0.6947725,2024-05-11,8
2024-05-11 09:00:00,0.9887574,0.9404925,2024-05-11,9
2024-05-11 10:00:00,1.059406,1.022702,2024-05-11,10
2024-05-11 11:00:00,0.9512799,0.9233792,2024-05-11,11
2024-05-11 12:00:00,1.062595,1.0286,2024-05-11,12
2024-05-11 13:00:00,0.945103,0.9050086,2024-05-11,13
2024-05-11 14:00:00,0.7494788,0.7018047,2024-05-11,14
2024-05-11 15:00:00,0.5754321,0.5136738,2024-05-11,15
2024-05-11 16:00:00,0.3474648,0.2786242,2024-05-11,16
2024-05-11 17:00:00,0.1154853,0.07060782,2024-05-11,17
2024-05-11 18:00:00,0.004265543,0.0,2024-05-11,18
2024-05-11 19:00:00,0.0,0.0,2024-05-11,19
2024-05-11 20:00:00,0.0,0.0,2024-05-11,20
2024-05-11 21:00:00,0.0,0.0,2024-05-11,21
2024-05-11 22:00:00,0.0,0.0,2024-05-11,22
2024-05-11 23:00:00,0.0,0.0,2024-05-11,23
2024-05-12 00:00:00,0.0,0.0,2024-05-12,0
2024-05-12 01:00:00,0.0,0.0,2024-05-12,1
2024-05-12 02:00:00,0.0,0.0,2024-05-12,2
2024-05-12 03:00:00,0.0,0.0,2024-05-12,3
2024-05-12 04:00:00,0.0,0.0,2024-05-12,4
2024-05-12 05:00:00,0.01010768,0.009732672,2024-05-12,5
2024-05-12 06:00:00,0.155836,0.1440883,2024-05-12,6
2024-05-12 07:00:00,0.1895595,0.1832687,2024-05-12,7
2024-05-12 08:00:00,0.329709,0.3185115,2024-05-12,8
2024-05-12 09:00:00,0.5566323,0.5363057,2024-05-12,9
2024-05-12 10:00:00,0.5214681,0.5063937,2024-05-12,10
2024-05-12 11:00:00,0.7551275,0.7331842,2024-05-12,11
2024-05-12 12:00:00,0.4792514,0.4657911,2024-05-12,12
2024-05-12 13:00:00,0.2826798,0.2745519,2024-05-12,13
2024-05-12 14:00:00,0.1095278,0.1063439,2024-05-12,14
2024-05-12 15:00:00,0.1180936,0.1145637,2024-05-12,15
2024-05-12 16:00:00,0.2599138,0.2284874,2024-05-12,16
2024-05-12 17:00:00,0.0822346,0.07056728,2024-05-12,17
2024-05-12 18:00:00,0.001258396,0.0,2024-05-12,18
2024-05-12 19:00:00,0.0,0.0,2024-05-12,19
2024-05-12 20:00:00,0.0,0.0,2024-05-12,20
2024-05-12 21:00:00,0.0,0.0,2024-05-12,21
2024-05-12 22:00:00,0.0,0.0,2024-05-12,22
2024-05-12 23:00:00,0.0,0.0,2024-05-12,23
2024-05-13 00:00:00,0.0,0.0,2024-05-13,0
2024-05-13 01:00:00,0.0,0.0,2024-05-13,1
2024-05-13 02:00:00,0.0,0.0,2024-05-13,2
2024-05-13 03:00:00,0.0,0.0,2024-05-13,3
2024-05-13 04:00:00,0.0,0.0,2024-05-13,4
2024-05-13 05:00:00,0.07495552,0.01444376,2024-05-13,5
2024-05-13 06:00:00,0.2562533,0.1941677,2024-05-13,6
2024-05-13 07:00:00,0.3793941,0.3435418,2024-05-13,7
2024-05-13 08:00:00,0.5623209,0.525251,2024-05-13,8
2024-05-13 09:00:00,0.8691799,0.8240998,2024-05-13,9
2024-05-13 10:00:00,0.922991,0.888482,2024-05-13,10
2024-05-13 11:00:00,1.109596,1.073112,2024-05-13,11
2024-05-13 12:00:00,0.9914472,0.9566173,2024-05-13,12
2024-05-13 13:00:00,0.6909059,0.6637187,2024-05-13,13
2024-05-13 14:00:00,0.6879984,0.6438459,2024-05-13,14
2024-05-13 15:00:00,0.4497658,0.4115261,2024-05-13,15
2024-05-13 16:00:00,0.233545,0.2114128,2024-05-13,16
2024-05-13 17:00:00,0.06487963,0.06037045,2024-05-13,17
2024-05-13 18:00:00,0.002552356,0.0,2024-05-13,18
2024-05-13 19:00:00,0.0,0.0,2024-05-13,19
2024-05-13 20:00:00,0.0,0.0,2024-05-13,20
2024-05-13 21:00:00,0.0,0.0,2024-05-13,21
2024-05-13 22:00:00,0.0,0.0,2024-05-13,22
2024-05-13 23:00:00,0.0,0.0,2024-05-13,23
2024-05-14 00:00:00,0.0,0.0,2024-05-14,0
2024-05-14 01:00:00,0.0,0.0,2024-05-14,1
2024-05-14 02:00:00,0.0,0.0,2024-05-14,2
2024-05-14 03:00:00,0.0,0.0,2024-05-14,3
2024-05-14 04:00:00,0.0,0.0,2024-05-14,4
2024-05-14 05:00:00,0.05028705,0.03566021,2024-05-14,5
2024-05-14 06:00:00,0.2349619,0.1861686,2024-05-14,6
2024-05-14 07:00:00,0.5135801,0.4412979,2024-05-14,7
2024-05-14 08:00:00,0.6163446,0.5702867,2024-05-14,8
2024-05-14 09:00:00,0.8206167,0.7774514,2024-05-14,9
2024-05-14 10:00:00,1.086759,1.04365,2024-05-14,10
2024-05-14 11:00:00,0.8090127,0.7830635,2024-05-14,11
2024-05-14 12:00:00,0.81655,0.7884215,2024-05-14,12
2024-05-14 13:00:00,0.8998027,0.8572552,2024-05-14,13
2024-05-14 14:00:00,0.8179213,0.7599914,2024-05-14,14
2024-05-14 15:00:00,0.5542239,0.4924541,2024-05-14,15
2024-05-14 16:00:00,0.2801921,0.23973,2024-05-14,16
2024-05-14 17:00:00,0.09750687,0.07507497,2024-05-14,17
2024-05-14 18:00:00,0.003669313,0.0,2024-05-14,18
2024-05-14 19:00:00,0.0,0.0,2024-05-14,19
2024-05-14 20:00:00,0.0,0.0,2024-05-14,20
2024-05-14 21:00:00,0.0,0.0,2024-05-14,21
2024-05-14 22:00:00,0.0,0.0,2024-05-14,22
2024-05-14 23:00:00,0.0,0.0,2024-05-14,23
2024-05-15 00:00:00,0.0,0.0,2024-05-15,0
2024-05-15 01:00:00,0.0,0.0,2024-05-15,1
2024-05-15 02:00:00,0.0,0.0,2024-05-15,2
2024-05-15 03:00:00,0.0,0.0,2024-05-15,3
2024-05-15 04:00:00,0.0,0.0,2024-05-15,4
2024-05-15 05:00:00,0.02032216,0.01939328,2024-05-15,5
2024-05-15 06:00:00,0.04722977,0.04572086,2024-05-15,6
2024-05-15 07:00:00,0.189659,0.1833131,2024-05-15,7
2024-05-15 08:00:00,0.2865723,0.2774448,2024-05-15,8
2024-05-15 09:00:00,0.4010709,0.3886332,2024-05-15,9
2024-05-15 10:00:00,0.4025993,0.3910144,2024-05-15,10
2024-05-15 11:00:00,0.3634281,0.3531075,2024-05-15,11
2024-05-15 12:00:00,0.2518931,0.2446821,2024-05-15,12
2024-05-15 13:00:00,0.1533185,0.1488936,2024-05-15,13
2024-05-15 14:00:00,0.1239514,0.1203364,2024-05-15,14
2024-05-15 15:00:00,0.1525505,0.1479129,2024-05-15,15
2024-05-15 16:00:00,0.1372405,0.1322236,2024-05-15,16
2024-05-15 17:00:00,0.03502187,0.03364231,2024-05-15,17
2024-05-15 18:00:00,0.001317993,0.0,2024-05-15,18
2024-05-15 19:00:00,0.0,0.0,2024-05-15,19
2024-05-15 20:00:00,0.0,0.0,2024-05-15,20
2024-05-15 21:00:00,0.0,0.0,2024-05-15,21
2024-05-15 22:00:00,0.0,0.0,2024-05-15,22
2024-05-15 23:00:00,0.0,0.0,2024-05-15,23
2024-05-16 00:00:00,0.0,0.0,2024-05-16,0
2024-05-16 01:00:00,0.0,0.0,2024-05-16,1
2024-05-16 02:00:00,0.0,0.0,2024-05-16,2
2024-05-16 03:00:00,0.0,0.0,2024-05-16,3
2024-05-16 04:00:00,0.0,0.0,2024-05-16,4
2024-05-16 05:00:00,0.09151045,0.006707139,2024-05-16,5
2024-05-16 06:00:00,0.258773,0.1942317,2024-05-16,6
2024-05-16 07:00:00,0.3746226,0.3387299,2024-05-16,7
2024-05-16 08:00:00,0.2545327,0.2467233,2024-05-16,8
2024-05-16 09:00:00,0.2510613,0.2437588,2024-05-16,9
2024-05-16 10:00:00,0.3621843,0.3517726,2024-05-16,10
2024-05-16 11:00:00,0.302368,0.2937308,2024-05-16,11
2024-05-16 12:00:00,0.4438301,0.4310358,2024-05-16,12
2024-05-16 13:00:00,0.5458587,0.5268062,2024-05-16,13
2024-05-16 14:00:00,0.3481036,0.3366601,2024-05-16,14
2024-05-16 15:00:00,0.4181088,0.3852246,2024-05-16,15
2024-05-16 16:00:00,0.3373544,0.2692529,2024-05-16,16
2024-05-16 17:00:00,0.06536759,0.06099668,2024-05-16,17
2024-05-16 18:00:00,0.002203393,0.0,2024-05-16,18
2024-05-16 19:00:00,0.0,0.0,2024-05-16,19
2024-05-16 20:00:00,0.0,0.0,2024-05-16,20
2024-05-16 21:00:00,0.0,0.0,2024-05-16,21
2024-05-16 22:00:00,0.0,0.0,2024-05-16,22
2024-05-16 23:00:00,0.0,0.0,2024-05-16,23
2024-05-17 00:00:00,0.0,0.0,2024-05-17,0
2024-05-17 01:00:00,0.0,0.0,2024-05-17,1
2024-05-17 02:00:00,0.0,0.0,2024-05-17,2
2024-05-17 03:00:00,0.0,0.0,2024-05-17,3
2024-05-17 04:00:00,0.0,0.0,2024-05-17,4
2024-05-17 05:00:00,0.0216806,0.0206745,2024-05-17,5
2024-05-17 06:00:00,0.1082684,0.1040428,2024-05-17,6
2024-05-17 07:00:00,0.2751507,0.2607131,2024-05-17,7
2024-05-17 08:00:00,0.3080266,0.2977261,2024-05-17,8
2024-05-17 09:00:00,0.7472751,0.7068,2024-05-17,9
2024-05-17 10:00:00,0.358681,0.3483437,2024-05-17,10
2024-05-17 11:00:00,0.5314417,0.5158231,2024-05-17,11
2024-05-17 12:00:00,0.6878467,0.6643219,2024-05-17,12
2024-05-17 13:00:00,0.9546804,0.9045214,2024-05-17,13
2024-05-17 14:00:00,0.7194232,0.6668676,2024-05-17,14
2024-05-17 15:00:00,0.4008598,0.3712848,2024-05-17,15
2024-05-17 16:00:00,0.1636534,0.156294,2024-05-17,16
2024-05-17 17:00:00,0.0451878,0.04325388,2024-05-17,17
2024-05-17 18:00:00,0.001825663,0.0,2024-05-17,18
2024-05-17 19:00:00,0.0,0.0,2024-05-17,19
2024-05-17 20:00:00,0.0,0.0,2024-05-17,20
2024-05-17 21:00:00,0.0,0.0,2024-05-17,21
2024-05-17 22:00:00,0.0,0.0,2024-05-17,22
2024-05-17 23:00:00,0.0,0.0,2024-05-17,23
2024-05-18 00:00:00,0.0,0.0,2024-05-18,0
2024-05-18 01:00:00,0.0,0.0,2024-05-18,1
2024-05-18 02:00:00,0.0,0.0,2024-05-18,2
2024-05-18 03:00:00,0.0,0.0,2024-05-18,3
2024-05-18 04:00:00,0.0,0.0,2024-05-18,4
2024-05-18 05:00:00,0.04031374,0.0356707,2024-05-18,5
2024-05-18 06:00:00,0.1827615,0.1620642,2024-05-18,6
2024-05-18 07:00:00,0.4024631,0.3574476,2024-05-18,7
2024-05-18 08:00:00,0.6222456,0.5712424,2024-05-18,8
2024-05-18 09:00:00,0.6051764,0.5779971,2024-05-18,9
2024-05-18 10:00:00,0.6321523,0.6100835,2024-05-18,10
2024-05-18 11:00:00,0.6528553,0.6317992,2024-05-18,11
2024-05-18 12:00:00,0.4825453,0.4682429,2024-05-18,12
2024-05-18 13:00:00,0.4768221,0.4612242,2024-05-18,13
2024-05-18 14:00:00,0.6431625,0.5995461,2024-05-18,14
2024-05-18 15:00:00,0.4005224,0.3706721,2024-05-18,15
2024-05-18 16:00:00,0.2120047,0.1958151,2024-05-18,16
2024-05-18 17:00:00,0.04431491,0.04243653,2024-05-18,17
2024-05-18 18:00:00,0.002208089,0.0,2024-05-18,18
2024-05-18 19:00:00,0.0,0.0,2024-05-18,19
2024-05-18 20:00:00,0.0,0.0,2024-05-18,20
2024-05-18 21:00:00,0.0,0.0,2024-05-18,21
2024-05-18 22:00:00,0.0,0.0,2024-05-18,22
2024-05-18 23:00:00,0.0,0.0,2024-05-18,23
2024-05-19 00:00:00,0.0,0.0,2024-05-19,0
2024-05-19 01:00:00,0.0,0.0,2024-05-19,1
2024-05-19 02:00:00,0.0,0.0,2024-05-19,2
2024-05-19 03:00:00,0.0,0.0,2024-05-19,3
2024-05-19 04:00:00,0.0,0.0,2024-05-19,4
2024-05-19 05:00:00,0.0781104,0.01945144,2024-05-19,5
2024-05-19 06:00:00,0.2074656,0.1747462,2024-05-19,6
2024-05-19 07:00:00,0.3299146,0.3046547,2024-05-19,7
2024-05-19 08:00:00,0.6406199,0.5856469,2024-05-19,8
2024-05-19 09:00:00,0.7464503,0.7040151,2024-05-19,9
2024-05-19 10:00:00,1.054689,1.004938,2024-05-19,10
2024-05-19 11:00:00,0.9004705,0.8644677,2024-05-19,11
2024-05-19 12:00:00,0.6659178,0.6426249,2024-05-19,12
2024-05-19 13:00:00,0.6866926,0.6553326,2024-05-19,13
2024-05-19 14:00:00,0.4306041,0.4130687,2024-05-19,14
2024-05-19 15:00:00,0.3692275,0.3453806,2024-05-19,15
2024-05-19 16:00:00,0.3203741,0.2590696,2024-05-19,16
2024-05-19 17:00:00,0.1169846,0.07646843,2024-05-19,17
2024-05-19 18:00:00,0.003814369,0.0,2024-05-19,18
2024-05-19 19:00:00,0.0,0.0,2024-05-19,19
2024-05-19 20:00:00,0.0,0.0,2024-05-19,20
2024-05-19 21:00:00,0.0,0.0,2024-05-19,21
2024-05-19 22:00:00,0.0,0.0,2024-05-19,22
2024-05-19 23:00:00,0.0,0.0,2024-05-19,23
2024-05-20 00:00:00,0.0,0.0,2024-05-20,0
2024-05-20 01:00:00,0.0,0.0,2024-05-20,1
2024-05-20 02:00:00,0.0,0.0,2024-05-20,2
2024-05-20 03:00:00,0.0,0.0,2024-05-20,3
2024-05-20 04:00:00,0.0,0.0,2024-05-20,4
2024-05-20 05:00:00,0.03601522,0.03322821,2024-05-20,5
2024-05-20 06:00:00,0.1612766,0.1481577,2024-05-20,6
2024-05-20 07:00:00,0.3111459,0.2898692,2024-05-20,7
2024-05-20 08:00:00,0.4071083,0.3883988,2024-05-20,8
2024-05-20 09:00:00,0.3141009,0.304759,2024-05-20,9
2024-05-20 10:00:00,0.6689399,0.6435478,2024-05-20,10
2024-05-20 11:00:00,0.8279914,0.7954349,2024-05-20,11
2024-05-20 12:00:00,0.7594631,0.7295105,2024-05-20,12
2024-05-20 13:00:00,0.8402905,0.7941359,2024-05-20,13
2024-05-20 14:00:00,0.5285085,0.4997621,2024-05-20,14
2024-05-20 15:00:00,0.2218648,0.2144986,2024-05-20,15
2024-05-20 16:00:00,0.2691772,0.2325109,2024-05-20,16
2024-05-20 17:00:00,0.1030329,0.07869289,2024-05-20,17
2024-05-20 18:00:00,0.005278583,0.0,2024-05-20,18
2024-05-20 19:00:00,0.0,0.0,2024-05-20,19
2024-05-20 20:00:00,0.0,0.0,2024-05-20,20
2024-05-20 21:00:00,0.0,0.0,2024-05-20,21
2024-05-20 22:00:00,0.0,0.0,2024-05-20,22
2024-05-20 23:00:00,0.0,0.0,2024-05-20,23
2024-05-21 00:00:00,0.0,0.0,2024-05-21,0
2024-05-21 01:00:00,0.0,0.0,2024-05-21,1
2024-05-21 02:00:00,0.0,0.0,2024-05-21,2
2024-05-21 03:00:00,0.0,0.0,2024-05-21,3
2024-05-21 04:00:00,0.0,0.0,2024-05-21,4
2024-05-21 05:00:00,0.06155019,0.03660311,2024-05-21,5
2024-05-21 06:00:00,0.2310372,0.1837925,2024-05-21,6
2024-05-21 07:00:00,0.4619841,0.3963343,2024-05-21,7
2024-05-21 08:00:00,0.5691884,0.5248615,2024-05-21,8
2024-05-21 09:00:00,0.9085329,0.8492863,2024-05-21,9
2024-05-21 10:00:00,0.8702544,0.828853,2024-05-21,10
2024-05-21 11:00:00,0.9111338,0.8722897,2024-05-21,11
2024-05-21 12:00:00,0.8101626,0.7758172,2024-05-21,12
2024-05-21 13:00:00,0.7313603,0.6943108,2024-05-21,13
2024-05-21 14:00:00,0.7451382,0.6849414,2024-05-21,14
2024-05-21 15:00:00,0.6520136,0.5656319,2024-05-21,15
2024-05-21 16:00:00,0.408705,0.3087952,2024-05-21,16
2024-05-21 17:00:00,0.1128451,0.07885857,2024-05-21,17
2024-05-21 18:00:00,0.008432774,0.0,2024-05-21,18
2024-05-21 19:00:00,0.0,0.0,2024-05-21,19
2024-05-21 20:00:00,0.0,0.0,2024-05-21,20
2024-05-21 21:00:00,0.0,0.0,2024-05-21,21
2024-05-21 22:00:00,0.0,0.0,2024-05-21,22
2024-05-21 23:00:00,0.0,0.0,2024-05-21,23
2024-05-22 00:00:00,0.0,0.0,2024-05-22,0
2024-05-22 01:00:00,0.0,0.0,2024-05-22,1
2024-05-22 02:00:00,0.0,0.0,2024-05-22,2
2024-05-22 03:00:00,0.0,0.0,2024-05-22,3
2024-05-22 04:00:00,0.0,0.0,2024-05-22,4
2024-05-22 05:00:00,0.0779646,0.02298489,2024-05-22,5
2024-05-22 06:00:00,0.2004387,0.1713182,2024-05-22,6
2024-05-22 07:00:00,0.2771387,0.2618833,2024-05-22,7
2024-05-22 08:00:00,0.3136269,0.3027331,2024-05-22,8
2024-05-22 09:00:00,0.5567921,0.532483,2024-05-22,9
2024-05-22 10:00:00,0.8765637,0.8336294,2024-05-22,10
2024-05-22 11:00:00,0.8241793,0.790162,2024-05-22,11
2024-05-22 12:00:00,0.7645428,0.7328034,2024-05-22,12
2024-05-22 13:00:00,0.7155978,0.6793764,2024-05-22,13
2024-05-22 14:00:00,0.4703001,0.448117,2024-05-22,14
2024-05-22 15:00:00,0.3343904,0.3160106,2024-05-22,15
2024-05-22 16:00:00,0.2304225,0.2087669,2024-05-22,16
2024-05-22 17:00:00,0.09945451,0.0793597,2024-05-22,17
2024-05-22 18:00:00,0.004715808,0.0,2024-05-22,18
2024-05-22 19:00:00,0.0,0.0,2024-05-22,19
2024-05-22 20:00:00,0.0,0.0,2024-05-22,20
2024-05-22 21:00:00,0.0,0.0,2024-05-22,21
2024-05-22 22:00:00,0.0,0.0,2024-05-22,22
2024-05-22 23:00:00,0.0,0.0,2024-05-22,23
2024-05-23 00:00:00,0.0,0.0,2024-05-23,0
2024-05-23 01:00:00,0.0,0.0,2024-05-23,1
2024-05-23 02:00:00,0.0,0.0,2024-05-23,2
2024-05-23 03:00:00,0.0,0.0,2024-05-23,3
2024-05-23 04:00:00,0.0,0.0,2024-05-23,4
2024-05-23 05:00:00,0.01658775,0.01590985,2024-05-23,5
2024-05-23 06:00:00,0.09229689,0.0889831,2024-05-23,6
2024-05-23 07:00:00,0.1895195,0.1830561,2024-05-23,7
2024-05-23 08:00:00,0.2328165,0.2257013,2024-05-23,8
2024-05-23 09:00:00,0.2739416,0.2658644,2024-05-23,9
2024-05-23 10:00:00,0.1501739,0.1458333,2024-05-23,10
2024-05-23 11:00:00,0.2002691,0.1944984,2024-05-23,11
2024-05-23 12:00:00,0.1587649,0.1541823,2024-05-23,12
2024-05-23 13:00:00,0.3467944,0.3364366,2024-05-23,13
2024-05-23 14:00:00,0.3827079,0.3685454,2024-05-23,14
2024-05-23 15:00:00,0.2231388,0.2156586,2024-05-23,15
2024-05-23 16:00:00,0.05976144,0.05789357,2024-05-23,16
2024-05-23 17:00:00,0.05880048,0.05587352,2024-05-23,17
2024-05-23 18:00:00,0.004926521,0.0,2024-05-23,18
2024-05-23 19:00:00,0.0,0.0,2024-05-23,19
2024-05-23 20:00:00,0.0,0.0,2024-05-23,20
2024-05-23 21:00:00,0.0,0.0,2024-05-23,21
2024-05-23 22:00:00,0.0,0.0,2024-05-23,22
2024-05-23 23:00:00,0.0,0.0,2024-05-23,23
2024-05-24 00:00:00,0.0,0.0,2024-05-24,0
2024-05-24 01:00:00,0.0,0.0,2024-05-24,1
2024-05-24 02:00:00,0.0,0.0,2024-05-24,2
2024-05-24 03:00:00,0.0,0.0,2024-05-24,3
2024-05-24 04:00:00,0.0,0.0,2024-05-24,4
2024-05-24 05:00:00,0.09082658,0.01261888,2024-05-24,5
2024-05-24 06:00:00,0.3421206,0.2276176,2024-05-24,6
2024-05-24 07:00:00,0.548994,0.45762,2024-05-24,7
2024-05-24 08:00:00,0.7293685,0.6558825,2024-05-24,8
2024-05-24 09:00:00,0.6947839,0.6539046,2024-05-24,9
2024-05-24 10:00:00,0.9645727,0.9131579,2024-05-24,10
2024-05-24 11:00:00,0.9889299,0.9419394,2024-05-24,11
2024-05-24 12:00:00,0.7906013,0.7554077,2024-05-24,12
2024-05-24 13:00:00,0.7965122,0.750425,2024-05-24,13
2024-05-24 14:00:00,0.6598784,0.6089119,2024-05-24,14
2024-05-24 15:00:00,0.4552218,0.4098078,2024-05-24,15
2024-05-24 16:00:00,0.2697673,0.2325595,2024-05-24,16
2024-05-24 17:00:00,0.1037614,0.08098278,2024-05-24,17
2024-05-24 18:00:00,0.008440831,0.0,2024-05-24,18
2024-05-24 19:00:00,0.0,0.0,2024-05-24,19
2024-05-24 20:00:00,0.0,0.0,2024-05-24,20
2024-05-24 21:00:00,0.0,0.0,2024-05-24,21
2024-05-24 22:00:00,0.0,0.0,2024-05-24,22
2024-05-24 23:00:00,0.0,0.0,2024-05-24,23
2024-05-25 00:00:00,0.0,0.0,2024-05-25,0
2024-05-25 01:00:00,0.0,0.0,2024-05-25,1
2024-05-25 02:00:00,0.0,0.0,2024-05-25,2
2024-05-25 03:00:00,0.0,0.0,2024-05-25,3
2024-05-25 04:00:00,0.0,0.0,2024-05-25,4
2024-05-25 05:00:00,0.08252732,0.02105591,2024-05-25,5
2024-05-25 06:00:00,0.2891972,0.2008559,2024-05-25,6
2024-05-25 07:00:00,0.5310838,0.4426155,2024-05-25,7
2024-05-25 08:00:00,0.8004157,0.7175764,2024-05-25,8
2024-05-25 09:00:00,0.9398889,0.873188,2024-05-25,9
2024-05-25 10:00:00,1.032277,0.9755576,2024-05-25,10
2024-05-25 11:00:00,0.9970295,0.9484227,2024-05-25,11
2024-05-25 12:00:00,1.043896,0.9898217,2024-05-25,12
2024-05-25 13:00:00,0.9855434,0.9227328,2024-05-25,13
2024-05-25 14:00:00,0.8544331,0.778361,2024-05-25,14
2024-05-25 15:00:00,0.6607802,0.5686523,2024-05-25,15
2024-05-25 16:00:00,0.4276219,0.319012,2024-05-25,16
2024-05-25 17:00:00,0.1694462,0.06279265,2024-05-25,17
2024-05-25 18:00:00,0.008990373,0.0,2024-05-25,18
2024-05-25 19:00:00,0.0,0.0,2024-05-25,19
2024-05-25 20:00:00,0.0,0.0,2024-05-25,20
2024-05-25 21:00:00,0.0,0.0,2024-05-25,21
2024-05-25 22:00:00,0.0,0.0,2024-05-25,22
2024-05-25 23:00:00,0.0,0.0,2024-05-25,23
2024-05-26 00:00:00,0.0,0.0,2024-05-26,0
2024-05-26 01:00:00,0.0,0.0,2024-05-26,1
2024-05-26 02:00:00,0.0,0.0,2024-05-26,2
2024-05-26 03:00:00,0.0,0.0,2024-05-26,3
2024-05-26 04:00:00,0.0,0.0,2024-05-26,4
2024-05-26 05:00:00,0.08333662,0.02101583,2024-05-26,5
2024-05-26 06:00:00,0.3067759,0.2071197,2024-05-26,6
2024-05-26 07:00:00,0.510327,0.4261649,2024-05-26,7
2024-05-26 08:00:00,0.8017222,0.7175061,2024-05-26,8
2024-05-26 09:00:00,0.8426031,0.7829575,2024-05-26,9
2024-05-26 10:00:00,0.8900861,0.8420351,2024-05-26,10
2024-05-26 11:00:00,0.9963668,0.9467018,2024-05-26,11
2024-05-26 12:00:00,1.063518,1.007165,2024-05-26,12
2024-05-26 13:00:00,0.8780418,0.8222655,2024-05-26,13
2024-05-26 14:00:00,0.7470804,0.6816243,2024-05-26,14
2024-05-26 15:00:00,0.590904,0.5097842,2024-05-26,15
2024-05-26 16:00:00,0.339017,0.2661789,2024-05-26,16
2024-05-26 17:00:00,0.1486515,0.0708406,2024-05-26,17
2024-05-26 18:00:00,0.009650927,0.0,2024-05-26,18
2024-05-26 19:00:00,0.0,0.0,2024-05-26,19
2024-05-26 20:00:00,0.0,0.0,2024-05-26,20
2024-05-26 21:00:00,0.0,0.0,2024-05-26,21
2024-05-26 22:00:00,0.0,0.0,2024-05-26,22
2024-05-26 23:00:00,0.0,0.0,2024-05-26,23
2024-05-27 00:00:00,0.0,0.0,2024-05-27,0
2024-05-27 01:00:00,0.0,0.0,2024-05-27,1
2024-05-27 02:00:00,0.0,0.0,2024-05-27,2
2024-05-27 03:00:00,0.0,0.0,2024-05-27,3
2024-05-27 04:00:00,0.0,0.0,2024-05-27,4
2024-05-27 05:00:00,0.06117876,0.04029411,2024-05-27,5
2024-05-27 06:00:00,0.2780302,0.196107,2024-05-27,6
2024-05-27 07:00:00,0.4305271,0.3710968,2024-05-27,7
2024-05-27 08:00:00,0.6850026,0.6147908,2024-05-27,8
2024-05-27 09:00:00,0.8851548,0.8204687,2024-05-27,9
2024-05-27 10:00:00,0.8598062,0.8134259,2024-05-27,10
2024-05-27 11:00:00,0.8430426,0.8036413,2024-05-27,11
2024-05-27 12:00:00,0.7943944,0.7568133,2024-05-27,12
2024-05-27 13:00:00,0.64021,0.6091833,2024-05-27,13
2024-05-27 14:00:00,0.5492607,0.5147346,2024-05-27,14
2024-05-27 15:00:00,0.6341026,0.5441809,2024-05-27,15
2024-05-27 16:00:00,0.4205798,0.3125774,2024-05-27,16
2024-05-27 17:00:00,0.1189548,0.08248394,2024-05-27,17
2024-05-27 18:00:00,0.00701641,0.0,2024-05-27,18
2024-05-27 19:00:00,0.0,0.0,2024-05-27,19
2024-05-27 20:00:00,0.0,0.0,2024-05-27,20
2024-05-27 21:00:00,0.0,0.0,2024-05-27,21
2024-05-27 22:00:00,0.0,0.0,2024-05-27,22
2024-05-27 23:00:00,0.0,0.0,2024-05-27,23
2024-05-28 00:00:00,0.0,0.0,2024-05-28,0
2024-05-28 01:00:00,0.0,0.0,2024-05-28,1
2024-05-28 02:00:00,0.0,0.0,2024-05-28,2
2024-05-28 03:00:00,0.0,0.0,2024-05-28,3
2024-05-28 04:00:00,0.0,0.0,2024-05-28,4
2024-05-28 05:00:00,0.09982534,0.00892723,2024-05-28,5
2024-05-28 06:00:00,0.2743814,0.1945295,2024-05-28,6
2024-05-28 07:00:00,0.5609106,0.462922,2024-05-28,7
2024-05-28 08:00:00,0.646856,0.5824019,2024-05-28,8
2024-05-28 09:00:00,0.7370894,0.6878626,2024-05-28,9
2024-05-28 10:00:00,0.9067317,0.8554035,2024-05-28,10
2024-05-28 11:00:00,0.8361335,0.7965761,2024-05-28,11
2024-05-28 12:00:00,0.8099244,0.7702957,2024-05-28,12
2024-05-28 13:00:00,0.8011974,0.7513536,2024-05-28,13
2024-05-28 14:00:00,0.7602868,0.6913346,2024-05-28,14
2024-05-28 15:00:00,0.5510506,0.4776973,2024-05-28,15
2024-05-28 16:00:00,0.3236255,0.2586822,2024-05-28,16
2024-05-28 17:00:00,0.1336735,0.07931363,2024-05-28,17
2024-05-28 18:00:00,0.01100674,0.0,2024-05-28,18
2024-05-28 19:00:00,0.0,0.0,2024-05-28,19
2024-05-28 20:00:00,0.0,0.0,2024-05-28,20
2024-05-28 21:00:00,0.0,0.0,2024-05-28,21
2024-05-28 22:00:00,0.0,0.0,2024-05-28,22
2024-05-28 23:00:00,0.0,0.0,2024-05-28,23
2024-05-29 00:00:00,0.0,0.0,2024-05-29,0
2024-05-29 01:00:00,0.0,0.0,2024-05-29,1
2024-05-29 02:00:00,0.0,0.0,2024-05-29,2
2024-05-29 03:00:00,0.0,0.0,2024-05-29,3
2024-05-29 04:00:00,0.0,0.0,2024-05-29,4
2024-05-29 05:00:00,0.06486776,0.03934144,2024-05-29,5
2024-05-29 06:00:00,0.2503909,0.1876049,2024-05-29,6
2024-05-29 07:00:00,0.521253,0.4314382,2024-05-29,7
2024-05-29 08:00:00,0.6699976,0.6004933,2024-05-29,8
2024-05-29 09:00:00,0.931299,0.8606536,2024-05-29,9
2024-05-29 10:00:00,0.7198013,0.6854891,2024-05-29,10
2024-05-29 11:00:00,0.4619752,0.4478051,2024-05-29,11
2024-05-29 12:00:00,0.4372306,0.4238458,2024-05-29,12
2024-05-29 13:00:00,0.6871459,0.6499538,2024-05-29,13
2024-05-29 14:00:00,0.6103315,0.5646775,2024-05-29,14
2024-05-29 15:00:00,0.4322955,0.3915155,2024-05-29,15
2024-05-29 16:00:00,0.3140163,0.2542201,2024-05-29,16
2024-05-29 17:00:00,0.04722354,0.04523411,2024-05-29,17
2024-05-29 18:00:00,0.006254319,0.0,2024-05-29,18
2024-05-29 19:00:00,0.0,0.0,2024-05-29,19
2024-05-29 20:00:00,0.0,0.0,2024-05-29,20
2024-05-29 21:00:00,0.0,0.0,2024-05-29,21
2024-05-29 22:00:00,0.0,0.0,2024-05-29,22
2024-05-29 23:00:00,0.0,0.0,2024-05-29,23
2024-05-30 00:00:00,0.0,0.0,2024-05-30,0
2024-05-30 01:00:00,0.0,0.0,2024-05-30,1
2024-05-30 02:00:00,0.0,0.0,2024-05-30,2
2024-05-30 03:00:00,0.0,0.0,2024-05-30,3
2024-05-30 04:00:00,0.0,0.0,2024-05-30,4
2024-05-30 05:00:00,0.04317504,0.0387078,2024-05-30,5
2024-05-30 06:00:00,0.1093159,0.104957,2024-05-30,6
2024-05-30 07:00:00,0.3930911,0.3453659,2024-05-30,7
2024-05-30 08:00:00,0.6598065,0.5912915,2024-05-30,8
2024-05-30 09:00:00,0.6146623,0.5806832,2024-05-30,9
2024-05-30 10:00:00,0.6788121,0.6480265,2024-05-30,10
2024-05-30 11:00:00,0.9724071,0.9204005,2024-05-30,11
2024-05-30 12:00:00,1.116938,1.052964,2024-05-30,12
2024-05-30 13:00:00,0.8410681,0.7853976,2024-05-30,13
2024-05-30 14:00:00,0.4713874,0.4474597,2024-05-30,14
2024-05-30 15:00:00,0.5355638,0.4651846,2024-05-30,15
2024-05-30 16:00:00,0.3501665,0.2708267,2024-05-30,16
2024-05-30 17:00:00,0.1695441,0.06695629,2024-05-30,17
2024-05-30 18:00:00,0.01444129,0.0,2024-05-30,18
2024-05-30 19:00:00,0.0,0.0,2024-05-30,19
2024-05-30 20:00:00,0.0,0.0,2024-05-30,20
2024-05-30 21:00:00,0.0,0.0,2024-05-30,21
2024-05-30 22:00:00,0.0,0.0,2024-05-30,22
2024-05-30 23:00:00,0.0,0.0,2024-05-30,23
2024-05-31 00:00:00,0.0,0.0,2024-05-31,0
2024-05-31 01:00:00,0.0,0.0,2024-05-31,1
2024-05-31 02:00:00,0.0,0.0,2024-05-31,2
2024-05-31 03:00:00,0.0,0.0,2024-05-31,3
2024-05-31 04:00:00,0.0,0.0,2024-05-31,4
2024-05-31 05:00:00,0.07378998,0.03349603,2024-05-31,5
2024-05-31 06:00:00,0.2605856,0.1894459,2024-05-31,6
2024-05-31 07:00:00,0.4674218,0.3924979,2024-05-31,7
2024-05-31 08:00:00,0.7228214,0.6430011,2024-05-31,8
2024-05-31 09:00:00,0.7579419,0.7037353,2024-05-31,9
2024-05-31 10:00:00,0.6870474,0.6550607,2024-05-31,10
2024-05-31 11:00:00,0.8499238,0.8071253,2024-05-31,11
2024-05-31 12:00:00,1.046479,0.9858637,2024-05-31,12
2024-05-31 13:00:00,1.004151,0.9336064,2024-05-31,13
2024-05-31 14:00:00,0.8046797,0.7278334,2024-05-31,14
2024-05-31 15:00:00,0.5549409,0.4789442,2024-05-31,15
2024-05-31 16:00:00,0.4366331,0.3216817,2024-05-31,16
2024-05-31 17:00:00,0.1941145,0.06547429,2024-05-31,17
2024-05-31 18:00:00,0.01454426,0.0,2024-05-31,18
2024-05-31 19:00:00,0.0,0.0,2024-05-31,19
2024-05-31 20:00:00,0.0,0.0,2024-05-31,20
2024-05-31 21:00:00,0.0,0.0,2024-05-31,21
2024-05-31 22:00:00,0.0,0.0,2024-05-31,22
2024-05-31 23:00:00,0.0,0.0,2024-05-31,23
2024-06-01 00:00:00,0.0,0.0,2024-06-01,0
2024-06-01 01:00:00,0.0,0.0,2024-06-01,1
2024-06-01 02:00:00,0.0,0.0,2024-06-01,2
2024-06-01 03:00:00,0.0,0.0,2024-06-01,3
2024-06-01 04:00:00,0.0,0.0,2024-06-01,4
2024-06-01 05:00:00,0.04791598,0.04115561,2024-06-01,5
2024-06-01 06:00:00,0.1905068,0.1654169,2024-06-01,6
2024-06-01 07:00:00,0.3100049,0.286898,2024-06-01,7
2024-06-01 08:00:00,0.1645347,0.1595855,2024-06-01,8
2024-06-01 09:00:00,0.2644802,0.2566152,2024-06-01,9
2024-06-01 10:00:00,0.1226101,0.1190532,2024-06-01,10
2024-06-01 11:00:00,0.1176475,0.1142416,2024-06-01,11
2024-06-01 12:00:00,0.2508797,0.2435859,2024-06-01,12
2024-06-01 13:00:00,0.3911252,0.3786948,2024-06-01,13
2024-06-01 14:00:00,0.1784809,0.1731673,2024-06-01,14
2024-06-01 15:00:00,0.1649212,0.1597801,2024-06-01,15
2024-06-01 16:00:00,0.1714388,0.1632216,2024-06-01,16
2024-06-01 17:00:00,0.06376109,0.06053524,2024-06-01,17
2024-06-01 18:00:00,0.005148128,0.0,2024-06-01,18
2024-06-01 19:00:00,0.0,0.0,2024-06-01,19
2024-06-01 20:00:00,0.0,0.0,2024-06-01,20
2024-06-01 21:00:00,0.0,0.0,2024-06-01,21
2024-06-01 22:00:00,0.0,0.0,2024-06-01,22
2024-06-01 23:00:00,0.0,0.0,2024-06-01,23
2024-06-02 00:00:00,0.0,0.0,2024-06-02,0
2024-06-02 01:00:00,0.0,0.0,2024-06-02,1
2024-06-02 02:00:00,0.0,0.0,2024-06-02,2
2024-06-02 03:00:00,0.0,0.0,2024-06-02,3
2024-06-02 04:00:00,0.0,0.0,2024-06-02,4
2024-06-02 05:00:00,0.009462384,0.009130709,2024-06-02,5
2024-06-02 06:00:00,0.04800716,0.04644741,2024-06-02,6
2024-06-02 07:00:00,0.1313348,0.1271776,2024-06-02,7
2024-06-02 08:00:00,0.276106,0.2669679,2024-06-02,8
2024-06-02 09:00:00,0.1032541,0.1002418,2024-06-02,9
2024-06-02 10:00:00,0.2077844,0.2017363,2024-06-02,10
2024-06-02 11:00:00,0.1895806,0.1840872,2024-06-02,11
2024-06-02 12:00:00,0.2750488,0.2670373,2024-06-02,12
2024-06-02 13:00:00,0.0979863,0.09513646,2024-06-02,13
2024-06-02 14:00:00,0.05930284,0.05757033,2024-06-02,14
2024-06-02 15:00:00,0.0433187,0.0420417,2024-06-02,15
2024-06-02 16:00:00,0.05920253,0.057347,2024-06-02,16
2024-06-02 17:00:00,0.04141708,0.0397667,2024-06-02,17
2024-06-02 18:00:00,0.00332679,0.0,2024-06-02,18
2024-06-02 19:00:00,0.0,0.0,2024-06-02,19
2024-06-02 20:00:00,0.0,0.0,2024-06-02,20
2024-06-02 21:00:00,0.0,0.0,2024-06-02,21
2024-06-02 22:00:00,0.0,0.0,2024-06-02,22
2024-06-02 23:00:00,0.0,0.0,2024-06-02,23
2024-06-03 00:00:00,0.0,0.0,2024-06-03,0
2024-06-03 01:00:00,0.0,0.0,2024-06-03,1
2024-06-03 02:00:00,0.0,0.0,2024-06-03,2
2024-06-03 03:00:00,0.0,0.0,2024-06-03,3
2024-06-03 04:00:00,0.0,0.0,2024-06-03,4
2024-06-03 05:00:00,0.02167817,0.02072422,2024-06-03,5
2024-06-03 06:00:00,0.06200003,0.05991041,2024-06-03,6
2024-06-03 07:00:00,0.1822049,0.1759865,2024-06-03,7
2024-06-03 08:00:00,0.1267721,0.1229939,2024-06-03,8
2024-06-03 09:00:00,0.1789539,0.1736924,2024-06-03,9
2024-06-03 10:00:00,0.2962871,0.2875986,2024-06-03,10
2024-06-03 11:00:00,0.1511331,0.146755,2024-06-03,11
2024-06-03 12:00:00,0.3391986,0.3292183,2024-06-03,12
2024-06-03 13:00:00,0.3121189,0.3027884,2024-06-03,13
2024-06-03 14:00:00,0.2037003,0.1975956,2024-06-03,14
2024-06-03 15:00:00,0.259819,0.2497363,2024-06-03,15
2024-06-03 16:00:00,0.1938936,0.1821068,2024-06-03,16
2024-06-03 17:00:00,0.03679415,0.03538189,2024-06-03,17
2024-06-03 18:00:00,0.001924909,0.0,2024-06-03,18
2024-06-03 19:00:00,0.0,0.0,2024-06-03,19
2024-06-03 20:00:00,0.0,0.0,2024-06-03,20
2024-06-03 21:00:00,0.0,0.0,2024-06-03,21
2024-06-03 22:00:00,0.0,0.0,2024-06-03,22
2024-06-03 23:00:00,0.0,0.0,2024-06-03,23
2024-06-04 00:00:00,0.0,0.0,2024-06-04,0
2024-06-04 01:00:00,0.0,0.0,2024-06-04,1
2024-06-04 02:00:00,0.0,0.0,2024-06-04,2
2024-06-04 03:00:00,0.0,0.0,2024-06-04,3
2024-06-04 04:00:00,0.0,0.0,2024-06-04,4
2024-06-04 05:00:00,0.01741884,0.01670991,2024-06-04,5
2024-06-04 06:00:00,0.06281936,0.06069529,2024-06-04,6
2024-06-04 07:00:00,0.1024488,0.09927191,2024-06-04,7
2024-06-04 08:00:00,0.02459872,0.02388046,2024-06-04,8
2024-06-04 09:00:00,0.2143021,0.2079687,2024-06-04,9
2024-06-04 10:00:00,0.471164,0.4554327,2024-06-04,10
2024-06-04 11:00:00,0.4805516,0.4651945,2024-06-04,11
2024-06-04 12:00:00,0.37686,0.3655962,2024-06-04,12
2024-06-04 13:00:00,0.5033237,0.4837047,2024-06-04,13
2024-06-04 14:00:00,0.241103,0.2337887,2024-06-04,14
2024-06-04 15:00:00,0.1166236,0.1130731,2024-06-04,15
2024-06-04 16:00:00,0.07762258,0.07512278,2024-06-04,16
2024-06-04 17:00:00,0.05027097,0.04814312,2024-06-04,17
2024-06-04 18:00:00,0.006221338,0.0,2024-06-04,18
2024-06-04 19:00:00,0.0,0.0,2024-06-04,19
2024-06-04 20:00:00,0.0,0.0,2024-06-04,20
2024-06-04 21:00:00,0.0,0.0,2024-06-04,21
2024-06-04 22:00:00,0.0,0.0,2024-06-04,22
2024-06-04 23:00:00,0.0,0.0,2024-06-04,23
2024-06-05 00:00:00,0.0,0.0,2024-06-05,0
2024-06-05 01:00:00,0.0,0.0,2024-06-05,1
2024-06-05 02:00:00,0.0,0.0,2024-06-05,2
2024-06-05 03:00:00,0.0,0.0,2024-06-05,3
2024-06-05 04:00:00,0.0,0.0,2024-06-05,4
2024-06-05 05:00:00,0.07612892,0.03248008,2024-06-05,5
2024-06-05 06:00:00,0.321008,0.2062788,2024-06-05,6
2024-06-05 07:00:00,0.5160893,0.4220488,2024-06-05,7
2024-06-05 08:00:00,0.6313834,0.564215,2024-06-05,8
2024-06-05 09:00:00,0.5937319,0.5604468,2024-06-05,9
2024-06-05 10:00:00,0.4982458,0.4808446,2024-06-05,10
2024-06-05 11:00:00,0.7044008,0.6729753,2024-06-05,11
2024-06-05 12:00:00,0.663215,0.6341089,2024-06-05,12
2024-06-05 13:00:00,0.6128452,0.582181,2024-06-05,13
2024-06-05 14:00:00,0.7678755,0.6923401,2024-06-05,14
2024-06-05 15:00:00,0.5637177,0.4833557,2024-06-05,15
2024-06-05 16:00:00,0.356923,0.2737499,2024-06-05,16
2024-06-05 17:00:00,0.1632734,0.07545895,2024-06-05,17
2024-06-05 18:00:00,0.01238191,0.0,2024-06-05,18
2024-06-05 19:00:00,0.0,0.0,2024-06-05,19
2024-06-05 20:00:00,0.0,0.0,2024-06-05,20
2024-06-05 21:00:00,0.0,0.0,2024-06-05,21
2024-06-05 22:00:00,0.0,0.0,2024-06-05,22
2024-06-05 23:00:00,0.0,0.0,2024-06-05,23
2024-06-06 00:00:00,0.0,0.0,2024-06-06,0
2024-06-06 01:00:00,0.0,0.0,2024-06-06,1
2024-06-06 02:00:00,0.0,0.0,2024-06-06,2
2024-06-06 03:00:00,0.0,0.0,2024-06-06,3
2024-06-06 04:00:00,0.0,0.0,2024-06-06,4
2024-06-06 05:00:00,0.04135037,0.03775216,2024-06-06,5
2024-06-06 06:00:00,0.1274268,0.1210688,2024-06-06,6
2024-06-06 07:00:00,0.1618371,0.156537,2024-06-06,7
2024-06-06 08:00:00,0.2008994,0.1947612,2024-06-06,8
2024-06-06 09:00:00,0.4650746,0.4462914,2024-06-06,9
2024-06-06 10:00:00,0.6909104,0.6563717,2024-06-06,10
2024-06-06 11:00:00,0.7646208,0.7270157,2024-06-06,11
2024-06-06 12:00:00,0.9551764,0.8965103,2024-06-06,12
2024-06-06 13:00:00,0.942691,0.8723565,2024-06-06,13
2024-06-06 14:00:00,0.6619952,0.6036047,2024-06-06,14
2024-06-06 15:00:00,0.3817254,0.3528431,2024-06-06,15
2024-06-06 16:00:00,0.19509,0.1831963,2024-06-06,16
2024-06-06 17:00:00,0.07334549,0.06889783,2024-06-06,17
2024-06-06 18:00:00,0.002220368,0.0,2024-06-06,18
2024-06-06 19:00:00,0.0,0.0,2024-06-06,19
2024-06-06 20:00:00,0.0,0.0,2024-06-06,20
2024-06-06 21:00:00,0.0,0.0,2024-06-06,21
2024-06-06 22:00:00,0.0,0.0,2024-06-06,22
2024-06-06 23:00:00,0.0,0.0,2024-06-06,23
2024-06-07 00:00:00,0.0,0.0,2024-06-07,0
2024-06-07 01:00:00,0.0,0.0,2024-06-07,1
2024-06-07 02:00:00,0.0,0.0,2024-06-07,2
2024-06-07 03:00:00,0.0,0.0,2024-06-07,3
2024-06-07 04:00:00,0.0,0.0,2024-06-07,4
2024-06-07 05:00:00,0.05251588,0.04270695,2024-06-07,5
2024-06-07 06:00:00,0.1519277,0.1407128,2024-06-07,6
2024-06-07 07:00:00,0.3656007,0.3246247,2024-06-07,7
2024-06-07 08:00:00,0.306129,0.2950419,2024-06-07,8
2024-06-07 09:00:00,0.3641864,0.3522646,2024-06-07,9
2024-06-07 10:00:00,0.3811792,0.3695395,2024-06-07,10
2024-06-07 11:00:00,0.1886876,0.1832097,2024-06-07,11
2024-06-07 12:00:00,0.3112368,0.3021064,2024-06-07,12
2024-06-07 13:00:00,0.3543004,0.3433505,2024-06-07,13
2024-06-07 14:00:00,0.2380702,0.2308455,2024-06-07,14
2024-06-07 15:00:00,0.1055038,0.1023065,2024-06-07,15
2024-06-07 16:00:00,0.03845071,0.03727905,2024-06-07,16
2024-06-07 17:00:00,0.01899735,0.01836343,2024-06-07,17
2024-06-07 18:00:00,0.003515352,0.0,2024-06-07,18
2024-06-07 19:00:00,0.0,0.0,2024-06-07,19
2024-06-07 20:00:00,0.0,0.0,2024-06-07,20
2024-06-07 21:00:00,0.0,0.0,2024-06-07,21
2024-06-07 22:00:00,0.0,0.0,2024-06-07,22
2024-06-07 23:00:00,0.0,0.0,2024-06-07,23
2024-06-08 00:00:00,0.0,0.0,2024-06-08,0
2024-06-08 01:00:00,0.0,0.0,2024-06-08,1
2024-06-08 02:00:00,0.0,0.0,2024-06-08,2
2024-06-08 03:00:00,0.0,0.0,2024-06-08,3
2024-06-08 04:00:00,0.0,0.0,2024-06-08,4
2024-06-08 05:00:00,0.003676586,0.003561472,2024-06-08,5
2024-06-08 06:00:00,0.01356373,0.0131568,2024-06-08,6
2024-06-08 07:00:00,0.0332932,0.03230682,2024-06-08,7
2024-06-08 08:00:00,0.0717323,0.06961966,2024-06-08,8
2024-06-08 09:00:00,0.1604743,0.1557558,2024-06-08,9
2024-06-08 10:00:00,0.1364851,0.1325163,2024-06-08,10
2024-06-08 11:00:00,0.5291891,0.5109443,2024-06-08,11
2024-06-08 12:00:00,0.3823801,0.3708546,2024-06-08,12
2024-06-08 13:00:00,0.2362503,0.2292898,2024-06-08,13
2024-06-08 14:00:00,0.3460323,0.3337323,2024-06-08,14
2024-06-08 15:00:00,0.1627602,0.1576748,2024-06-08,15
2024-06-08 16:00:00,0.1539882,0.1477693,2024-06-08,16
2024-06-08 17:00:00,0.09745308,0.08502193,2024-06-08,17
2024-06-08 18:00:00,0.006176839,0.0,2024-06-08,18
2024-06-08 19:00:00,0.0,0.0,2024-06-08,19
2024-06-08 20:00:00,0.0,0.0,2024-06-08,20
2024-06-08 21:00:00,0.0,0.0,2024-06-08,21
2024-06-08 22:00:00,0.0,0.0,2024-06-08,22
2024-06-08 23:00:00,0.0,0.0,2024-06-08,23
2024-06-09 00:00:00,0.0,0.0,2024-06-09,0
2024-06-09 01:00:00,0.0,0.0,2024-06-09,1
2024-06-09 02:00:00,0.0,0.0,2024-06-09,2
2024-06-09 03:00:00,0.0,0.0,2024-06-09,3
2024-06-09 04:00:00,0.0,0.0,2024-06-09,4
2024-06-09 05:00:00,0.04435001,0.03957037,2024-06-09,5
2024-06-09 06:00:00,0.1795041,0.1584071,2024-06-09,6
2024-06-09 07:00:00,0.2099303,0.2017711,2024-06-09,7
2024-06-09 08:00:00,0.2316314,0.2243918,2024-06-09,8
2024-06-09 09:00:00,0.2039028,0.1978689,2024-06-09,9
2024-06-09 10:00:00,0.6391844,0.6094524,2024-06-09,10
2024-06-09 11:00:00,0.4047905,0.3925232,2024-06-09,11
2024-06-09 12:00:00,0.3442744,0.3340735,2024-06-09,12
2024-06-09 13:00:00,0.6024351,0.5723045,2024-06-09,13
2024-06-09 14:00:00,0.7785442,0.6996921,2024-06-09,14
2024-06-09 15:00:00,0.4539376,0.4053783,2024-06-09,15
2024-06-09 16:00:00,0.09382426,0.09072752,2024-06-09,16
2024-06-09 17:00:00,0.02553992,0.02464862,2024-06-09,17
2024-06-09 18:00:00,0.001122662,0.0,2024-06-09,18
2024-06-09 19:00:00,0.0,0.0,2024-06-09,19
2024-06-09 20:00:00,0.0,0.0,2024-06-09,20
2024-06-09 21:00:00,0.0,0.0,2024-06-09,21
2024-06-09 22:00:00,0.0,0.0,2024-06-09,22
2024-06-09 23:00:00,0.0,0.0,2024-06-09,23
2024-06-10 00:00:00,0.0,0.0,2024-06-10,0
2024-06-10 01:00:00,0.0,0.0,2024-06-10,1
2024-06-10 02:00:00,0.0,0.0,2024-06-10,2
2024-06-10 03:00:00,0.0,0.0,2024-06-10,3
2024-06-10 04:00:00,0.0,0.0,2024-06-10,4
2024-06-10 05:00:00,0.02645997,0.02519241,2024-06-10,5
2024-06-10 06:00:00,0.07128619,0.06880295,2024-06-10,6
2024-06-10 07:00:00,0.04861234,0.04715751,2024-06-10,7
2024-06-10 08:00:00,0.1108192,0.1075206,2024-06-10,8
2024-06-10 09:00:00,0.4559592,0.4376193,2024-06-10,9
2024-06-10 10:00:00,0.5732358,0.5496989,2024-06-10,10
2024-06-10 11:00:00,0.8232027,0.7781158,2024-06-10,11
2024-06-10 12:00:00,0.7414761,0.70314,2024-06-10,12
2024-06-10 13:00:00,0.7108102,0.6663038,2024-06-10,13
2024-06-10 14:00:00,0.6772422,0.6148394,2024-06-10,14
2024-06-10 15:00:00,0.4718122,0.4177493,2024-06-10,15
2024-06-10 16:00:00,0.327391,0.2612606,2024-06-10,16
2024-06-10 17:00:00,0.1284007,0.09171546,2024-06-10,17
2024-06-10 18:00:00,0.01444124,0.0,2024-06-10,18
2024-06-10 19:00:00,0.0,0.0,2024-06-10,19
2024-06-10 20:00:00,0.0,0.0,2024-06-10,20
2024-06-10 21:00:00,0.0,0.0,2024-06-10,21
2024-06-10 22:00:00,0.0,0.0,2024-06-10,22
2024-06-10 23:00:00,0.0,0.0,2024-06-10,23
2024-06-11 00:00:00,0.0,0.0,2024-06-11,0
2024-06-11 01:00:00,0.0,0.0,2024-06-11,1
2024-06-11 02:00:00,0.0,0.0,2024-06-11,2
2024-06-11 03:00:00,0.0,0.0,2024-06-11,3
2024-06-11 04:00:00,0.0,0.0,2024-06-11,4
2024-06-11 05:00:00,0.03385717,0.03191312,2024-06-11,5
2024-06-11 06:00:00,0.1192671,0.1138175,2024-06-11,6
2024-06-11 07:00:00,0.266094,0.2508656,2024-06-11,7
2024-06-11 08:00:00,0.3478566,0.3330585,2024-06-11,8
2024-06-11 09:00:00,0.3659422,0.3538219,2024-06-11,9
2024-06-11 10:00:00,0.4061064,0.3933416,2024-06-11,10
2024-06-11 11:00:00,0.2627788,0.2551127,2024-06-11,11
2024-06-11 12:00:00,0.3647236,0.3538052,2024-06-11,12
2024-06-11 13:00:00,0.3300587,0.3200215,2024-06-11,13
2024-06-11 14:00:00,0.2735054,0.2649622,2024-06-11,14
2024-06-11 15:00:00,0.1486079,0.143998,2024-06-11,15
2024-06-11 16:00:00,0.1485638,0.1428223,2024-06-11,16
2024-06-11 17:00:00,0.02669507,0.02575876,2024-06-11,17
2024-06-11 18:00:00,0.004504228,0.0,2024-06-11,18
2024-06-11 19:00:00,0.0,0.0,2024-06-11,19
2024-06-11 20:00:00,0.0,0.0,2024-06-11,20
2024-06-11 21:00:00,0.0,0.0,2024-06-11,21
2024-06-11 22:00:00,0.0,0.0,2024-06-11,22
2024-06-11 23:00:00,0.0,0.0,2024-06-11,23
2024-06-12 00:00:00,0.0,0.0,2024-06-12,0
2024-06-12 01:00:00,0.0,0.0,2024-06-12,1
2024-06-12 02:00:00,0.0,0.0,2024-06-12,2
2024-06-12 03:00:00,0.0,0.0,2024-06-12,3
2024-06-12 04:00:00,0.0,0.0,2024-06-12,4
2024-06-12 05:00:00,0.1000634,0.009830276,2024-06-12,5
2024-06-12 06:00:00,0.310843,0.1971575,2024-06-12,6
2024-06-12 07:00:00,0.5314215,0.428587,2024-06-12,7
2024-06-12 08:00:00,0.7789103,0.6826378,2024-06-12,8
2024-06-12 09:00:00,1.005353,0.916495,2024-06-12,9
2024-06-12 10:00:00,1.068837,0.9939231,2024-06-12,10
2024-06-12 11:00:00,0.9851551,0.9237186,2024-06-12,11
2024-06-12 12:00:00,1.040954,0.9727128,2024-06-12,12
2024-06-12 13:00:00,0.825417,0.7649006,2024-06-12,13
2024-06-12 14:00:00,0.6122628,0.5621896,2024-06-12,14
2024-06-12 15:00:00,0.6200639,0.5245845,2024-06-12,15
2024-06-12 16:00:00,0.4350756,0.3176832,2024-06-12,16
2024-06-12 17:00:00,0.205744,0.07398801,2024-06-12,17
2024-06-12 18:00:00,0.01729954,0.0,2024-06-12,18
2024-06-12 19:00:00,0.0,0.0,2024-06-12,19
2024-06-12 20:00:00,0.0,0.0,2024-06-12,20
2024-06-12 21:00:00,0.0,0.0,2024-06-12,21
2024-06-12 22:00:00,0.0,0.0,2024-06-12,22
2024-06-12 23:00:00,0.0,0.0,2024-06-12,23
2024-06-13 00:00:00,0.0,0.0,2024-06-13,0
2024-06-13 01:00:00,0.0,0.0,2024-06-13,1
2024-06-13 02:00:00,0.0,0.0,2024-06-13,2
2024-06-13 03:00:00,0.0,0.0,2024-06-13,3
2024-06-13 04:00:00,0.0,0.0,2024-06-13,4
2024-06-13 05:00:00,0.08951654,0.01764098,2024-06-13,5
2024-06-13 06:00:00,0.2663009,0.1840258,2024-06-13,6
2024-06-13 07:00:00,0.4872946,0.3975221,2024-06-13,7
2024-06-13 08:00:00,0.5049995,0.4636159,2024-06-13,8
2024-06-13 09:00:00,0.7284641,0.6717151,2024-06-13,9
2024-06-13 10:00:00,0.9782812,0.9098435,2024-06-13,10
2024-06-13 11:00:00,0.9622988,0.902431,2024-06-13,11
2024-06-13 12:00:00,0.9621076,0.8996515,2024-06-13,12
2024-06-13 13:00:00,0.8956408,0.8267009,2024-06-13,13
2024-06-13 14:00:00,0.7865693,0.7054098,2024-06-13,14
2024-06-13 15:00:00,0.6461251,0.5454453,2024-06-13,15
2024-06-13 16:00:00,0.451804,0.3293305,2024-06-13,16
2024-06-13 17:00:00,0.1837475,0.07694114,2024-06-13,17
2024-06-13 18:00:00,0.0184546,0.0,2024-06-13,18
2024-06-13 19:00:00,0.0,0.0,2024-06-13,19
2024-06-13 20:00:00,0.0,0.0,2024-06-13,20
2024-06-13 21:00:00,0.0,0.0,2024-06-13,21
2024-06-13 22:00:00,0.0,0.0,2024-06-13,22
2024-06-13 23:00:00,0.0,0.0,2024-06-13,23
2024-06-14 00:00:00,0.0,0.0,2024-06-14,0
2024-06-14 01:00:00,0.0,0.0,2024-06-14,1
2024-06-14 02:00:00,0.0,0.0,2024-06-14,2
2024-06-14 03:00:00,0.0,0.0,2024-06-14,3
2024-06-14 04:00:00,0.0,0.0,2024-06-14,4
2024-06-14 05:00:00,0.07568174,0.03121695,2024-06-14,5
2024-06-14 06:00:00,0.32241,0.2008204,2024-06-14,6
2024-06-14 07:00:00,0.4455483,0.3709,2024-06-14,7
2024-06-14 08:00:00,0.7389548,0.6471593,2024-06-14,8
2024-06-14 09:00:00,0.9951038,0.9062473,2024-06-14,9
2024-06-14 10:00:00,1.063625,0.9882286,2024-06-14,10
2024-06-14 11:00:00,1.112409,1.041096,2024-06-14,11
2024-06-14 12:00:00,1.09253,1.019901,2024-06-14,12
2024-06-14 13:00:00,0.7925242,0.7358669,2024-06-14,13
2024-06-14 14:00:00,0.7337967,0.660513,2024-06-14,14
2024-06-14 15:00:00,0.4776137,0.4217379,2024-06-14,15
2024-06-14 16:00:00,0.3956004,0.2940502,2024-06-14,16
2024-06-14 17:00:00,0.1908785,0.07635971,2024-06-14,17
2024-06-14 18:00:00,0.01497095,0.0,2024-06-14,18
2024-06-14 19:00:00,0.0,0.0,2024-06-14,19
2024-06-14 20:00:00,0.0,0.0,2024-06-14,20
2024-06-14 21:00:00,0.0,0.0,2024-06-14,21
2024-06-14 22:00:00,0.0,0.0,2024-06-14,22
2024-06-14 23:00:00,0.0,0.0,2024-06-14,23
2024-06-15 00:00:00,0.0,0.0,2024-06-15,0
2024-06-15 01:00:00,0.0,0.0,2024-06-15,1
2024-06-15 02:00:00,0.0,0.0,2024-06-15,2
2024-06-15 03:00:00,0.0,0.0,2024-06-15,3
2024-06-15 04:00:00,0.0,0.0,2024-06-15,4
2024-06-15 05:00:00,0.07952245,0.02687952,2024-06-15,5
2024-06-15 06:00:00,0.3097327,0.1948044,2024-06-15,6
2024-06-15 07:00:00,0.5428824,0.4355595,2024-06-15,7
2024-06-15 08:00:00,0.6914843,0.6070777,2024-06-15,8
2024-06-15 09:00:00,0.9188437,0.8369988,2024-06-15,9
2024-06-15 10:00:00,0.9833276,0.9137552,2024-06-15,10
2024-06-15 11:00:00,1.053701,0.9861186,2024-06-15,11
2024-06-15 12:00:00,1.098122,1.024794,2024-06-15,12
2024-06-15 13:00:00,0.9146803,0.843317,2024-06-15,13
2024-06-15 14:00:00,0.7427391,0.6678481,2024-06-15,14
2024-06-15 15:00:00,0.5824551,0.495535,2024-06-15,15
2024-06-15 16:00:00,0.3530737,0.273684,2024-06-15,16
2024-06-15 17:00:00,0.1742777,0.08196049,2024-06-15,17
2024-06-15 18:00:00,0.01859998,0.0,2024-06-15,18
2024-06-15 19:00:00,0.0,0.0,2024-06-15,19
2024-06-15 20:00:00,0.0,0.0,2024-06-15,20
2024-06-15 21:00:00,0.0,0.0,2024-06-15,21
2024-06-15 22:00:00,0.0,0.0,2024-06-15,22
2024-06-15 23:00:00,0.0,0.0,2024-06-15,23
2024-06-16 00:00:00,0.0,0.0,2024-06-16,0
2024-06-16 01:00:00,0.0,0.0,2024-06-16,1
2024-06-16 02:00:00,0.0,0.0,2024-06-16,2
2024-06-16 03:00:00,0.0,0.0,2024-06-16,3
2024-06-16 04:00:00,0.0,0.0,2024-06-16,4
2024-06-16 05:00:00,0.07784666,0.02805866,2024-06-16,5
2024-06-16 06:00:00,0.2500171,0.1792743,2024-06-16,6
2024-06-16 07:00:00,0.3192539,0.2911537,2024-06-16,7
2024-06-16 08:00:00,0.6784632,0.5961489,2024-06-16,8
2024-06-16 09:00:00,0.9019657,0.821407,2024-06-16,9
2024-06-16 10:00:00,0.8232718,0.7699894,2024-06-16,10
2024-06-16 11:00:00,1.044399,0.9771783,2024-06-16,11
2024-06-16 12:00:00,0.8012101,0.7549381,2024-06-16,12
2024-06-16 13:00:00,0.7057681,0.6610706,2024-06-16,13
2024-06-16 14:00:00,0.7628472,0.6846779,2024-06-16,14
2024-06-16 15:00:00,0.4658491,0.4137518,2024-06-16,15
2024-06-16 16:00:00,0.3043982,0.25247,2024-06-16,16
2024-06-16 17:00:00,0.1276484,0.09545857,2024-06-16,17
2024-06-16 18:00:00,0.01513337,0.0,2024-06-16,18
2024-06-16 19:00:00,0.0,0.0,2024-06-16,19
2024-06-16 20:00:00,0.0,0.0,2024-06-16,20
2024-06-16 21:00:00,0.0,0.0,2024-06-16,21
2024-06-16 22:00:00,0.0,0.0,2024-06-16,22
2024-06-16 23:00:00,0.0,0.0,2024-06-16,23
2024-06-17 00:00:00,0.0,0.0,2024-06-17,0
2024-06-17 01:00:00,0.0,0.0,2024-06-17,1
2024-06-17 02:00:00,0.0,0.0,2024-06-17,2
2024-06-17 03:00:00,0.0,0.0,2024-06-17,3
2024-06-17 04:00:00,0.0,0.0,2024-06-17,4
2024-06-17 05:00:00,0.05501895,0.04167549,2024-06-17,5
2024-06-17 06:00:00,0.1123889,0.1075324,2024-06-17,6
2024-06-17 07:00:00,0.1856531,0.1790765,2024-06-17,7
2024-06-17 08:00:00,0.2158032,0.2091087,2024-06-17,8
2024-06-17 09:00:00,0.5272716,0.5007151,2024-06-17,9
2024-06-17 10:00:00,0.4840764,0.4669246,2024-06-17,10
2024-06-17 11:00:00,0.4557995,0.4412109,2024-06-17,11
2024-06-17 12:00:00,0.5285629,0.50939,2024-06-17,12
2024-06-17 13:00:00,0.4166547,0.4025587,2024-06-17,13
2024-06-17 14:00:00,0.1811692,0.1757453,2024-06-17,14
2024-06-17 15:00:00,0.1933232,0.1871308,2024-06-17,15
2024-06-17 16:00:00,0.1383274,0.1333213,2024-06-17,16
2024-06-17 17:00:00,0.07730533,0.07276884,2024-06-17,17
2024-06-17 18:00:00,0.006935117,0.0,2024-06-17,18
2024-06-17 19:00:00,0.0,0.0,2024-06-17,19
2024-06-17 20:00:00,0.0,0.0,2024-06-17,20
2024-06-17 21:00:00,0.0,0.0,2024-06-17,21
2024-06-17 22:00:00,0.0,0.0,2024-06-17,22
2024-06-17 23:00:00,0.0,0.0,2024-06-17,23
2024-06-18 00:00:00,0.0,0.0,2024-06-18,0
2024-06-18 01:00:00,0.0,0.0,2024-06-18,1
2024-06-18 02:00:00,0.0,0.0,2024-06-18,2
2024-06-18 03:00:00,0.0,0.0,2024-06-18,3
2024-06-18 04:00:00,0.0,0.0,2024-06-18,4
2024-06-18 05:00:00,0.07432739,0.03035972,2024-06-18,5
2024-06-18 06:00:00,0.2351968,0.1754597,2024-06-18,6
2024-06-18 07:00:00,0.3527377,0.3133909,2024-06-18,7
2024-06-18 08:00:00,0.5049064,0.4624971,2024-06-18,8
2024-06-18 09:00:00,0.5209818,0.495132,2024-06-18,9
2024-06-18 10:00:00,0.6985518,0.6605847,2024-06-18,10
2024-06-18 11:00:00,0.9182649,0.8613276,2024-06-18,11
2024-06-18 12:00:00,0.9281287,0.8677952,2024-06-18,12
2024-06-18 13:00:00,0.703326,0.6588745,2024-06-18,13
2024-06-18 14:00:00,0.6372995,0.5819265,2024-06-18,14
2024-06-18 15:00:00,0.4978549,0.4359387,2024-06-18,15
2024-06-18 16:00:00,0.3086191,0.2549625,2024-06-18,16
2024-06-18 17:00:00,0.1487619,0.09376483,2024-06-18,17
2024-06-18 18:00:00,0.01791649,0.0,2024-06-18,18
2024-06-18 19:00:00,0.0,0.0,2024-06-18,19
2024-06-18 20:00:00,0.0,0.0,2024-06-18,20
2024-06-18 21:00:00,0.0,0.0,2024-06-18,21
2024-06-18 22:00:00,0.0,0.0,2024-06-18,22
2024-06-18 23:00:00,0.0,0.0,2024-06-18,23
2024-06-19 00:00:00,0.0,0.0,2024-06-19,0
2024-06-19 01:00:00,0.0,0.0,2024-06-19,1
2024-06-19 02:00:00,0.0,0.0,2024-06-19,2
2024-06-19 03:00:00,0.0,0.0,2024-06-19,3
2024-06-19 04:00:00,0.0,0.0,2024-06-19,4
2024-06-19 05:00:00,0.05730027,0.04077302,2024-06-19,5
2024-06-19 06:00:00,0.2005465,0.1657109,2024-06-19,6
2024-06-19 07:00:00,0.4345208,0.3623863,2024-06-19,7
2024-06-19 08:00:00,0.625452,0.5535733,2024-06-19,8
2024-06-19 09:00:00,0.6924002,0.640131,2024-06-19,9
2024-06-19 10:00:00,0.9280611,0.8625665,2024-06-19,10
2024-06-19 11:00:00,0.9493839,0.8893541,2024-06-19,11
2024-06-19 12:00:00,0.9331045,0.8722035,2024-06-19,12
2024-06-19 13:00:00,0.8711988,0.8040807,2024-06-19,13
2024-06-19 14:00:00,0.5912074,0.5450973,2024-06-19,14
2024-06-19 15:00:00,0.4201145,0.3817813,2024-06-19,15
2024-06-19 16:00:00,0.2265383,0.2080605,2024-06-19,16
2024-06-19 17:00:00,0.1030534,0.09029056,2024-06-19,17
2024-06-19 18:00:00,0.01146222,0.0,2024-06-19,18
2024-06-19 19:00:00,0.0,0.0,2024-06-19,19
2024-06-19 20:00:00,0.0,0.0,2024-06-19,20
2024-06-19 21:00:00,0.0,0.0,2024-06-19,21
2024-06-19 22:00:00,0.0,0.0,2024-06-19,22
2024-06-19 23:00:00,0.0,0.0,2024-06-19,23
2024-06-20 00:00:00,0.0,0.0,2024-06-20,0
2024-06-20 01:00:00,0.0,0.0,2024-06-20,1
2024-06-20 02:00:00,0.0,0.0,2024-06-20,2
2024-06-20 03:00:00,0.0,0.0,2024-06-20,3
2024-06-20 04:00:00,0.0,0.0,2024-06-20,4
2024-06-20 05:00:00,0.06395361,0.0375572,2024-06-20,5
2024-06-20 06:00:00,0.2485567,0.1768036,2024-06-20,6
2024-06-20 07:00:00,0.259883,0.2450758,2024-06-20,7
2024-06-20 08:00:00,0.455644,0.4237394,2024-06-20,8
2024-06-20 09:00:00,0.38208,0.3688565,2024-06-20,9
2024-06-20 10:00:00,0.4257322,0.4118958,2024-06-20,10
2024-06-20 11:00:00,0.2074249,0.2013831,2024-06-20,11
2024-06-20 12:00:00,0.4844128,0.4679985,2024-06-20,12
2024-06-20 13:00:00,0.5701866,0.5431772,2024-06-20,13
2024-06-20 14:00:00,0.3683449,0.3543917,2024-06-20,14
2024-06-20 15:00:00,0.1709015,0.1655344,2024-06-20,15
2024-06-20 16:00:00,0.1794112,0.170681,2024-06-20,16
2024-06-20 17:00:00,0.1257916,0.09733115,2024-06-20,17
2024-06-20 18:00:00,0.01661069,0.0,2024-06-20,18
2024-06-20 19:00:00,0.0,0.0,2024-06-20,19
2024-06-20 20:00:00,0.0,0.0,2024-06-20,20
2024-06-20 21:00:00,0.0,0.0,2024-06-20,21
2024-06-20 22:00:00,0.0,0.0,2024-06-20,22
2024-06-20 23:00:00,0.0,0.0,2024-06-20,23
2024-06-21 00:00:00,0.0,0.0,2024-06-21,0
2024-06-21 01:00:00,0.0,0.0,2024-06-21,1
2024-06-21 02:00:00,0.0,0.0,2024-06-21,2
2024-06-21 03:00:00,0.0,0.0,2024-06-21,3
2024-06-21 04:00:00,0.0,0.0,2024-06-21,4
2024-06-21 05:00:00,0.07769684,0.02476287,2024-06-21,5
2024-06-21 06:00:00,0.2836322,0.1829474,2024-06-21,6
2024-06-21 07:00:00,0.4995252,0.4023826,2024-06-21,7
2024-06-21 08:00:00,0.5837538,0.5214766,2024-06-21,8
2024-06-21 09:00:00,0.8128856,0.7416242,2024-06-21,9
2024-06-21 10:00:00,0.8880703,0.8265409,2024-06-21,10
2024-06-21 11:00:00,0.8414274,0.7923569,2024-06-21,11
2024-06-21 12:00:00,0.7309191,0.6925557,2024-06-21,12
2024-06-21 13:00:00,0.873069,0.8057667,2024-06-21,13
2024-06-21 14:00:00,0.7988212,0.7155462,2024-06-21,14
2024-06-21 15:00:00,0.5210169,0.452351,2024-06-21,15
2024-06-21 16:00:00,0.4355066,0.3195396,2024-06-21,16
2024-06-21 17:00:00,0.1686007,0.08977612,2024-06-21,17
2024-06-21 18:00:00,0.02122405,0.0,2024-06-21,18
2024-06-21 19:00:00,0.0,0.0,2024-06-21,19
2024-06-21 20:00:00,0.0,0.0,2024-06-21,20
2024-06-21 21:00:00,0.0,0.0,2024-06-21,21
2024-06-21 22:00:00,0.0,0.0,2024-06-21,22
2024-06-21 23:00:00,0.0,0.0,2024-06-21,23
2024-06-22 00:00:00,0.0,0.0,2024-06-22,0
2024-06-22 01:00:00,0.0,0.0,2024-06-22,1
2024-06-22 02:00:00,0.0,0.0,2024-06-22,2
2024-06-22 03:00:00,0.0,0.0,2024-06-22,3
2024-06-22 04:00:00,0.0,0.0,2024-06-22,4
2024-06-22 05:00:00,0.07754844,0.02408602,2024-06-22,5
2024-06-22 06:00:00,0.2362293,0.1736023,2024-06-22,6
2024-06-22 07:00:00,0.4461676,0.3683701,2024-06-22,7
2024-06-22 08:00:00,0.7433797,0.6487272,2024-06-22,8
2024-06-22 09:00:00,0.8576207,0.7806329,2024-06-22,9
2024-06-22 10:00:00,0.8755548,0.8153733,2024-06-22,10
2024-06-22 11:00:00,0.8722476,0.81982,2024-06-22,11
2024-06-22 12:00:00,0.6954784,0.6611192,2024-06-22,12
2024-06-22 13:00:00,0.5777884,0.5499629,2024-06-22,13
2024-06-22 14:00:00,0.3502275,0.3376268,2024-06-22,14
2024-06-22 15:00:00,0.398305,0.3660295,2024-06-22,15
2024-06-22 16:00:00,0.3479569,0.2737627,2024-06-22,16
2024-06-22 17:00:00,0.1453987,0.0973746,2024-06-22,17
2024-06-22 18:00:00,0.01308851,0.0,2024-06-22,18
2024-06-22 19:00:00,0.0,0.0,2024-06-22,19
2024-06-22 20:00:00,0.0,0.0,2024-06-22,20
2024-06-22 21:00:00,0.0,0.0,2024-06-22,21
2024-06-22 22:00:00,0.0,0.0,2024-06-22,22
2024-06-22 23:00:00,0.0,0.0,2024-06-22,23
2024-06-23 00:00:00,0.0,0.0,2024-06-23,0
2024-06-23 01:00:00,0.0,0.0,2024-06-23,1
2024-06-23 02:00:00,0.0,0.0,2024-06-23,2
2024-06-23 03:00:00,0.0,0.0,2024-06-23,3
2024-06-23 04:00:00,0.0,0.0,2024-06-23,4
2024-06-23 05:00:00,0.06923636,0.03148581,2024-06-23,5
2024-06-23 06:00:00,0.2111403,0.1676056,2024-06-23,6
2024-06-23 07:00:00,0.5266581,0.420872,2024-06-23,7
2024-06-23 08:00:00,0.786901,0.6860669,2024-06-23,8
2024-06-23 09:00:00,0.8232091,0.7504318,2024-06-23,9
2024-06-23 10:00:00,0.9916494,0.9202442,2024-06-23,10
2024-06-23 11:00:00,1.077246,1.007119,2024-06-23,11
2024-06-23 12:00:00,1.115393,1.040158,2024-06-23,12
2024-06-23 13:00:00,1.016746,0.9360927,2024-06-23,13
2024-06-23 14:00:00,0.8181387,0.732697,2024-06-23,14
2024-06-23 15:00:00,0.6734207,0.5685746,2024-06-23,15
2024-06-23 16:00:00,0.4104747,0.3050072,2024-06-23,16
2024-06-23 17:00:00,0.1637827,0.09310295,2024-06-23,17
2024-06-23 18:00:00,0.0189901,0.0,2024-06-23,18
2024-06-23 19:00:00,0.0,0.0,2024-06-23,19
2024-06-23 20:00:00,0.0,0.0,2024-06-23,20
2024-06-23 21:00:00,0.0,0.0,2024-06-23,21
2024-06-23 22:00:00,0.0,0.0,2024-06-23,22
2024-06-23 23:00:00,0.0,0.0,2024-06-23,23
2024-06-24 00:00:00,0.0,0.0,2024-06-24,0
2024-06-24 01:00:00,0.0,0.0,2024-06-24,1
2024-06-24 02:00:00,0.0,0.0,2024-06-24,2
2024-06-24 03:00:00,0.0,0.0,2024-06-24,3
2024-06-24 04:00:00,0.0,0.0,2024-06-24,4
2024-06-24 05:00:00,0.0650893,0.03416824,2024-06-24,5
2024-06-24 06:00:00,0.2322022,0.1718373,2024-06-24,6
2024-06-24 07:00:00,0.5083252,0.4076572,2024-06-24,7
2024-06-24 08:00:00,0.7240546,0.6320884,2024-06-24,8
2024-06-24 09:00:00,0.8157293,0.7439333,2024-06-24,9
2024-06-24 10:00:00,0.8300378,0.7752181,2024-06-24,10
2024-06-24 11:00:00,0.8807641,0.8275255,2024-06-24,11
2024-06-24 12:00:00,0.9086958,0.850384,2024-06-24,12
2024-06-24 13:00:00,0.7745736,0.720257,2024-06-24,13
2024-06-24 14:00:00,0.7664177,0.6882626,2024-06-24,14
2024-06-24 15:00:00,0.527738,0.4577078,2024-06-24,15
2024-06-24 16:00:00,0.2830471,0.2439803,2024-06-24,16
2024-06-24 17:00:00,0.1683656,0.09237394,2024-06-24,17
2024-06-24 18:00:00,0.02074843,0.0,2024-06-24,18
2024-06-24 19:00:00,0.0,0.0,2024-06-24,19
2024-06-24 20:00:00,0.0,0.0,2024-06-24,20
2024-06-24 21:00:00,0.0,0.0,2024-06-24,21
2024-06-24 22:00:00,0.0,0.0,2024-06-24,22
2024-06-24 23:00:00,0.0,0.0,2024-06-24,23
2024-06-25 00:00:00,0.0,0.0,2024-06-25,0
2024-06-25 01:00:00,0.0,0.0,2024-06-25,1
2024-06-25 02:00:00,0.0,0.0,2024-06-25,2
2024-06-25 03:00:00,0.0,0.0,2024-06-25,3
2024-06-25 04:00:00,0.0,0.0,2024-06-25,4
2024-06-25 05:00:00,0.01838057,0.01759437,2024-06-25,5
2024-06-25 06:00:00,0.1502423,0.1378267,2024-06-25,6
2024-06-25 07:00:00,0.1989353,0.1913453,2024-06-25,7
2024-06-25 08:00:00,0.2052306,0.1988949,2024-06-25,8
2024-06-25 09:00:00,0.1031972,0.1001761,2024-06-25,9
2024-06-25 10:00:00,0.2546721,0.2471862,2024-06-25,10
2024-06-25 11:00:00,0.1388938,0.1348598,2024-06-25,11
2024-06-25 12:00:00,0.3840116,0.3723479,2024-06-25,12
2024-06-25 13:00:00,0.3324971,0.3223574,2024-06-25,13
2024-06-25 14:00:00,0.1595336,0.1547843,2024-06-25,14
2024-06-25 15:00:00,0.1031375,0.1000167,2024-06-25,15
2024-06-25 16:00:00,0.109669,0.1059892,2024-06-25,16
2024-06-25 17:00:00,0.03127731,0.03017089,2024-06-25,17
2024-06-25 18:00:00,0.005758577,0.0,2024-06-25,18
2024-06-25 19:00:00,0.0,0.0,2024-06-25,19
2024-06-25 20:00:00,0.0,0.0,2024-06-25,20
2024-06-25 21:00:00,0.0,0.0,2024-06-25,21
2024-06-25 22:00:00,0.0,0.0,2024-06-25,22
2024-06-25 23:00:00,0.0,0.0,2024-06-25,23
2024-06-26 00:00:00,0.0,0.0,2024-06-26,0
2024-06-26 01:00:00,0.0,0.0,2024-06-26,1
2024-06-26 02:00:00,0.0,0.0,2024-06-26,2
2024-06-26 03:00:00,0.0,0.0,2024-06-26,3
2024-06-26 04:00:00,0.0,0.0,2024-06-26,4
2024-06-26 05:00:00,0.005201048,0.005031491,2024-06-26,5
2024-06-26 06:00:00,0.09161377,0.08814116,2024-06-26,6
2024-06-26 07:00:00,0.152006,0.1470187,2024-06-26,7
2024-06-26 08:00:00,0.4539149,0.4219033,2024-06-26,8
2024-06-26 09:00:00,0.6748292,0.6251128,2024-06-26,9
2024-06-26 10:00:00,0.5103269,0.4912642,2024-06-26,10
2024-06-26 11:00:00,0.3766809,0.3653749,2024-06-26,11
2024-06-26 12:00:00,0.3674455,0.3564024,2024-06-26,12
2024-06-26 13:00:00,0.6129771,0.5811989,2024-06-26,13
2024-06-26 14:00:00,0.6138361,0.5640884,2024-06-26,14
2024-06-26 15:00:00,0.3523436,0.330501,2024-06-26,15
2024-06-26 16:00:00,0.3230736,0.2641596,2024-06-26,16
2024-06-26 17:00:00,0.09135222,0.08412685,2024-06-26,17
2024-06-26 18:00:00,0.01842617,0.0,2024-06-26,18
2024-06-26 19:00:00,0.0,0.0,2024-06-26,19
2024-06-26 20:00:00,0.0,0.0,2024-06-26,20
2024-06-26 21:00:00,0.0,0.0,2024-06-26,21
2024-06-26 22:00:00,0.0,0.0,2024-06-26,22
2024-06-26 23:00:00,0.0,0.0,2024-06-26,23
2024-06-27 00:00:00,0.0,0.0,2024-06-27,0
2024-06-27 01:00:00,0.0,0.0,2024-06-27,1
2024-06-27 02:00:00,0.0,0.0,2024-06-27,2
2024-06-27 03:00:00,0.0,0.0,2024-06-27,3
2024-06-27 04:00:00,0.0,0.0,2024-06-27,4
2024-06-27 05:00:00,0.04965862,0.03844305,2024-06-27,5
2024-06-27 06:00:00,0.1988892,0.1623436,2024-06-27,6
2024-06-27 07:00:00,0.2406902,0.2285551,2024-06-27,7
2024-06-27 08:00:00,0.1914879,0.1856079,2024-06-27,8
2024-06-27 09:00:00,0.101791,0.09881169,2024-06-27,9
2024-06-27 10:00:00,0.2125808,0.2063572,2024-06-27,10
2024-06-27 11:00:00,0.6381776,0.6110114,2024-06-27,11
2024-06-27 12:00:00,0.5401893,0.5202912,2024-06-27,12
2024-06-27 13:00:00,0.4791362,0.4609781,2024-06-27,13
2024-06-27 14:00:00,0.3514918,0.3388932,2024-06-27,14
2024-06-27 15:00:00,0.1926627,0.1865264,2024-06-27,15
2024-06-27 16:00:00,0.1857872,0.176438,2024-06-27,16
2024-06-27 17:00:00,0.07962052,0.07510299,2024-06-27,17
2024-06-27 18:00:00,0.01492427,0.0,2024-06-27,18
2024-06-27 19:00:00,0.0,0.0,2024-06-27,19
2024-06-27 20:00:00,0.0,0.0,2024-06-27,20
2024-06-27 21:00:00,0.0,0.0,2024-06-27,21
2024-06-27 22:00:00,0.0,0.0,2024-06-27,22
2024-06-27 23:00:00,0.0,0.0,2024-06-27,23
2024-06-28 00:00:00,0.0,0.0,2024-06-28,0
2024-06-28 01:00:00,0.0,0.0,2024-06-28,1
2024-06-28 02:00:00,0.0,0.0,2024-06-28,2
2024-06-28 03:00:00,0.0,0.0,2024-06-28,3
2024-06-28 04:00:00,0.0,0.0,2024-06-28,4
2024-06-28 05:00:00,0.06205279,0.03321913,2024-06-28,5
2024-06-28 06:00:00,0.272547,0.176428,2024-06-28,6
2024-06-28 07:00:00,0.4444692,0.3660594,2024-06-28,7
2024-06-28 08:00:00,0.7488021,0.6534737,2024-06-28,8
2024-06-28 09:00:00,0.8648842,0.787453,2024-06-28,9
2024-06-28 10:00:00,0.9310112,0.8656101,2024-06-28,10
2024-06-28 11:00:00,0.833653,0.7860363,2024-06-28,11
2024-06-28 12:00:00,1.059658,0.9895855,2024-06-28,12
2024-06-28 13:00:00,0.9126114,0.8424175,2024-06-28,13
2024-06-28 14:00:00,0.7349654,0.6629865,2024-06-28,14
2024-06-28 15:00:00,0.2977601,0.2842431,2024-06-28,15
2024-06-28 16:00:00,0.2597525,0.2314651,2024-06-28,16
2024-06-28 17:00:00,0.1319324,0.1010218,2024-06-28,17
2024-06-28 18:00:00,0.01505053,0.0,2024-06-28,18
2024-06-28 19:00:00,0.0,0.0,2024-06-28,19
2024-06-28 20:00:00,0.0,0.0,2024-06-28,20
2024-06-28 21:00:00,0.0,0.0,2024-06-28,21
2024-06-28 22:00:00,0.0,0.0,2024-06-28,22
2024-06-28 23:00:00,0.0,0.0,2024-06-28,23
2024-06-29 00:00:00,0.0,0.0,2024-06-29,0
2024-06-29 01:00:00,0.0,0.0,2024-06-29,1
2024-06-29 02:00:00,0.0,0.0,2024-06-29,2
2024-06-29 03:00:00,0.0,0.0,2024-06-29,3
2024-06-29 04:00:00,0.0,0.0,2024-06-29,4
2024-06-29 05:00:00,0.08040136,0.01457208,2024-06-29,5
2024-06-29 06:00:00,0.2828327,0.1783393,2024-06-29,6
2024-06-29 07:00:00,0.5217718,0.4167229,2024-06-29,7
2024-06-29 08:00:00,0.6614661,0.5809452,2024-06-29,8
2024-06-29 09:00:00,0.4146364,0.3991582,2024-06-29,9
2024-06-29 10:00:00,0.8598866,0.8022028,2024-06-29,10
2024-06-29 11:00:00,0.8308129,0.783709,2024-06-29,11
2024-06-29 12:00:00,0.907303,0.8502169,2024-06-29,12
2024-06-29 13:00:00,0.8921285,0.8244061,2024-06-29,13
2024-06-29 14:00:00,0.8784795,0.7880907,2024-06-29,14
2024-06-29 15:00:00,0.5650713,0.4859277,2024-06-29,15
2024-06-29 16:00:00,0.4090145,0.3070333,2024-06-29,16
2024-06-29 17:00:00,0.1932621,0.08920643,2024-06-29,17
2024-06-29 18:00:00,0.02235154,0.0,2024-06-29,18
2024-06-29 19:00:00,0.0,0.0,2024-06-29,19
2024-06-29 20:00:00,0.0,0.0,2024-06-29,20
2024-06-29 21:00:00,0.0,0.0,2024-06-29,21
2024-06-29 22:00:00,0.0,0.0,2024-06-29,22
2024-06-29 23:00:00,0.0,0.0,2024-06-29,23
2024-06-30 00:00:00,0.0,0.0,2024-06-30,0
2024-06-30 01:00:00,0.0,0.0,2024-06-30,1
2024-06-30 02:00:00,0.0,0.0,2024-06-30,2
2024-06-30 03:00:00,0.0,0.0,2024-06-30,3
2024-06-30 04:00:00,0.0,0.0,2024-06-30,4
2024-06-30 05:00:00,0.05900635,0.03365014,2024-06-30,5
2024-06-30 06:00:00,0.1777759,0.1530059,2024-06-30,6
2024-06-30 07:00:00,0.3079192,0.2813163,2024-06-30,7
2024-06-30 08:00:00,0.4658541,0.4312672,2024-06-30,8
2024-06-30 09:00:00,0.584237,0.5494419,2024-06-30,9
2024-06-30 10:00:00,0.6360658,0.6055686,2024-06-30,10
2024-06-30 11:00:00,0.7059349,0.6724817,2024-06-30,11
2024-06-30 12:00:00,0.7851492,0.7416214,2024-06-30,12
2024-06-30 13:00:00,0.9177306,0.8477973,2024-06-30,13
2024-06-30 14:00:00,0.6366135,0.5834158,2024-06-30,14
2024-06-30 15:00:00,0.6060466,0.5169741,2024-06-30,15
2024-06-30 16:00:00,0.3183635,0.2634181,2024-06-30,16
2024-06-30 17:00:00,0.1442009,0.1016878,2024-06-30,17
2024-06-30 18:00:00,0.0202543,0.007834812,2024-06-30,18
2024-06-30 19:00:00,0.0,0.0,2024-06-30,19
2024-06-30 20:00:00,0.0,0.0,2024-06-30,20
2024-06-30 21:00:00,0.0,0.0,2024-06-30,21
2024-06-30 22:00:00,0.0,0.0,2024-06-30,22
2024-06-30 23:00:00,0.0,0.0,2024-06-30,23
2024-07-01 00:00:00,0.0,0.0,2024-07-01,0
2024-07-01 01:00:00,0.0,0.0,2024-07-01,1
2024-07-01 02:00:00,0.0,0.0,2024-07-01,2
2024-07-01 03:00:00,0.0,0.0,2024-07-01,3
2024-07-01 04:00:00,0.0,0.0,2024-07-01,4
2024-07-01 05:00:00,0.02990295,0.02811435,2024-07-01,5
2024-07-01 06:00:00,0.1200673,0.1138658,2024-07-01,6
2024-07-01 07:00:00,0.3852149,0.3309061,2024-07-01,7
2024-07-01 08:00:00,0.3380125,0.3236251,2024-07-01,8
2024-07-01 09:00:00,0.3914339,0.3776036,2024-07-01,9
2024-07-01 10:00:00,0.5249891,0.5049742,2024-07-01,10
2024-07-01 11:00:00,0.471242,0.4559768,2024-07-01,11
2024-07-01 12:00:00,0.6926645,0.6595451,2024-07-01,12
2024-07-01 13:00:00,0.5035726,0.483678,2024-07-01,13
2024-07-01 14:00:00,0.3477968,0.3355426,2024-07-01,14
2024-07-01 15:00:00,0.1762414,0.1707187,2024-07-01,15
2024-07-01 16:00:00,0.1095482,0.1058929,2024-07-01,16
2024-07-01 17:00:00,0.03287662,0.03171181,2024-07-01,17
2024-07-01 18:00:00,0.005124979,0.004907494,2024-07-01,18
2024-07-01 19:00:00,0.0,0.0,2024-07-01,19
2024-07-01 20:00:00,0.0,0.0,2024-07-01,20
2024-07-01 21:00:00,0.0,0.0,2024-07-01,21
2024-07-01 22:00:00,0.0,0.0,2024-07-01,22
2024-07-01 23:00:00,0.0,0.0,2024-07-01,23
2024-07-02 00:00:00,0.0,0.0,2024-07-02,0
2024-07-02 01:00:00,0.0,0.0,2024-07-02,1
2024-07-02 02:00:00,0.0,0.0,2024-07-02,2
2024-07-02 03:00:00,0.0,0.0,2024-07-02,3
2024-07-02 04:00:00,0.0,0.0,2024-07-02,4
2024-07-02 05:00:00,0.02037587,0.01944023,2024-07-02,5
2024-07-02 06:00:00,0.030541,0.02957583,2024-07-02,6
2024-07-02 07:00:00,0.02072743,0.02011664,2024-07-02,7
2024-07-02 08:00:00,0.1963356,0.1902998,2024-07-02,8
2024-07-02 09:00:00,0.1636219,0.1587981,2024-07-02,9
2024-07-02 10:00:00,0.2185464,0.2121517,2024-07-02,10
2024-07-02 11:00:00,0.3330603,0.323258,2024-07-02,11
2024-07-02 12:00:00,0.2461849,0.2389993,2024-07-02,12
2024-07-02 13:00:00,0.2396407,0.2325794,2024-07-02,13
2024-07-02 14:00:00,0.3210422,0.3103839,2024-07-02,14
2024-07-02 15:00:00,0.1837265,0.1779499,2024-07-02,15
2024-07-02 16:00:00,0.1596273,0.1533136,2024-07-02,16
2024-07-02 17:00:00,0.119434,0.09951971,2024-07-02,17
2024-07-02 18:00:00,0.003998626,0.003842136,2024-07-02,18
2024-07-02 19:00:00,0.0,0.0,2024-07-02,19
2024-07-02 20:00:00,0.0,0.0,2024-07-02,20
2024-07-02 21:00:00,0.0,0.0,2024-07-02,21
2024-07-02 22:00:00,0.0,0.0,2024-07-02,22
2024-07-02 23:00:00,0.0,0.0,2024-07-02,23
2024-07-03 00:00:00,0.0,0.0,2024-07-03,0
2024-07-03 01:00:00,0.0,0.0,2024-07-03,1
2024-07-03 02:00:00,0.0,0.0,2024-07-03,2
2024-07-03 03:00:00,0.0,0.0,2024-07-03,3
2024-07-03 04:00:00,0.0,0.0,2024-07-03,4
2024-07-03 05:00:00,0.01881516,0.01797484,2024-07-03,5
2024-07-03 06:00:00,0.07493436,0.07222386,2024-07-03,6
2024-07-03 07:00:00,0.1488931,0.1440188,2024-07-03,7
2024-07-03 08:00:00,0.1659918,0.1609475,2024-07-03,8
2024-07-03 09:00:00,0.362496,0.350419,2024-07-03,9
2024-07-03 10:00:00,0.6246988,0.5957671,2024-07-03,10
2024-07-03 11:00:00,0.3549334,0.3444251,2024-07-03,11
2024-07-03 12:00:00,0.2699593,0.2620705,2024-07-03,12
2024-07-03 13:00:00,0.4765834,0.4589334,2024-07-03,13
2024-07-03 14:00:00,0.4007266,0.384477,2024-07-03,14
2024-07-03 15:00:00,0.263512,0.2534869,2024-07-03,15
2024-07-03 16:00:00,0.2012097,0.189677,2024-07-03,16
2024-07-03 17:00:00,0.1145327,0.09789524,2024-07-03,17
2024-07-03 18:00:00,0.01066658,0.009773774,2024-07-03,18
2024-07-03 19:00:00,0.0,0.0,2024-07-03,19
2024-07-03 20:00:00,0.0,0.0,2024-07-03,20
2024-07-03 21:00:00,0.0,0.0,2024-07-03,21
2024-07-03 22:00:00,0.0,0.0,2024-07-03,22
2024-07-03 23:00:00,0.0,0.0,2024-07-03,23
2024-07-04 00:00:00,0.0,0.0,2024-07-04,0
2024-07-04 01:00:00,0.0,0.0,2024-07-04,1
2024-07-04 02:00:00,0.0,0.0,2024-07-04,2
2024-07-04 03:00:00,0.0,0.0,2024-07-04,3
2024-07-04 04:00:00,0.0,0.0,2024-07-04,4
2024-07-04 05:00:00,0.01018998,0.009812674,2024-07-04,5
2024-07-04 06:00:00,0.05059646,0.04889776,2024-07-04,6
2024-07-04 07:00:00,0.1499989,0.1450755,2024-07-04,7
2024-07-04 08:00:00,0.262323,0.2535924,2024-07-04,8
2024-07-04 09:00:00,0.2914354,0.2825478,2024-07-04,9
2024-07-04 10:00:00,0.1587564,0.1541323,2024-07-04,10
2024-07-04 11:00:00,0.2201698,0.2137657,2024-07-04,11
2024-07-04 12:00:00,0.1938651,0.1882265,2024-07-04,12
2024-07-04 13:00:00,0.1590927,0.1544445,2024-07-04,13
2024-07-04 14:00:00,0.2017085,0.1956675,2024-07-04,14
2024-07-04 15:00:00,0.1796896,0.1740613,2024-07-04,15
2024-07-04 16:00:00,0.08947552,0.08658112,2024-07-04,16
2024-07-04 17:00:00,0.03267735,0.03152533,2024-07-04,17
2024-07-04 18:00:00,0.003084944,0.002972045,2024-07-04,18
2024-07-04 19:00:00,0.0,0.0,2024-07-04,19
2024-07-04 20:00:00,0.0,0.0,2024-07-04,20
2024-07-04 21:00:00,0.0,0.0,2024-07-04,21
2024-07-04 22:00:00,0.0,0.0,2024-07-04,22
2024-07-04 23:00:00,0.0,0.0,2024-07-04,23
2024-07-05 00:00:00,0.0,0.0,2024-07-05,0
2024-07-05 01:00:00,0.0,0.0,2024-07-05,1
2024-07-05 02:00:00,0.0,0.0,2024-07-05,2
2024-07-05 03:00:00,0.0,0.0,2024-07-05,3
2024-07-05 04:00:00,0.0,0.0,2024-07-05,4
2024-07-05 05:00:00,0.05589722,0.03127609,2024-07-05,5
2024-07-05 06:00:00,0.1085841,0.1037007,2024-07-05,6
2024-07-05 07:00:00,0.3456286,0.3063613,2024-07-05,7
2024-07-05 08:00:00,0.5482532,0.4947858,2024-07-05,8
2024-07-05 09:00:00,0.6036475,0.5665245,2024-07-05,9
2024-07-05 10:00:00,0.9114522,0.8504882,2024-07-05,10
2024-07-05 11:00:00,0.8133121,0.7698519,2024-07-05,11
2024-07-05 12:00:00,0.6198774,0.594417,2024-07-05,12
2024-07-05 13:00:00,0.5876697,0.5601653,2024-07-05,13
2024-07-05 14:00:00,0.3635721,0.3503932,2024-07-05,14
2024-07-05 15:00:00,0.5032574,0.4445705,2024-07-05,15
2024-07-05 16:00:00,0.4569638,0.341435,2024-07-05,16
2024-07-05 17:00:00,0.1877529,0.09433921,2024-07-05,17
2024-07-05 18:00:00,0.02017949,0.008332664,2024-07-05,18
2024-07-05 19:00:00,0.0,0.0,2024-07-05,19
2024-07-05 20:00:00,0.0,0.0,2024-07-05,20
2024-07-05 21:00:00,0.0,0.0,2024-07-05,21
2024-07-05 22:00:00,0.0,0.0,2024-07-05,22
2024-07-05 23:00:00,0.0,0.0,2024-07-05,23
2024-07-06 00:00:00,0.0,0.0,2024-07-06,0
2024-07-06 01:00:00,0.0,0.0,2024-07-06,1
2024-07-06 02:00:00,0.0,0.0,2024-07-06,2
2024-07-06 03:00:00,0.0,0.0,2024-07-06,3
2024-07-06 04:00:00,0.0,0.0,2024-07-06,4
2024-07-06 05:00:00,0.02820757,0.02650243,2024-07-06,5
2024-07-06 06:00:00,0.2275435,0.1649805,2024-07-06,6
2024-07-06 07:00:00,0.4859651,0.3923849,2024-07-06,7
2024-07-06 08:00:00,0.6032181,0.5368221,2024-07-06,8
2024-07-06 09:00:00,0.5914309,0.5563197,2024-07-06,9
2024-07-06 10:00:00,0.7405549,0.6990954,2024-07-06,10
2024-07-06 11:00:00,0.4755262,0.4602288,2024-07-06,11
2024-07-06 12:00:00,0.1325086,0.1286643,2024-07-06,12
2024-07-06 13:00:00,0.1223822,0.1188173,2024-07-06,13
2024-07-06 14:00:00,0.05221433,0.05069007,2024-07-06,14
2024-07-06 15:00:00,0.105231,0.1020572,2024-07-06,15
2024-07-06 16:00:00,0.08118725,0.07859439,2024-07-06,16
2024-07-06 17:00:00,0.1048203,0.09344617,2024-07-06,17
2024-07-06 18:00:00,0.02066602,0.00784226,2024-07-06,18
2024-07-06 19:00:00,0.0,0.0,2024-07-06,19
2024-07-06 20:00:00,0.0,0.0,2024-07-06,20
2024-07-06 21:00:00,0.0,0.0,2024-07-06,21
2024-07-06 22:00:00,0.0,0.0,2024-07-06,22
2024-07-06 23:00:00,0.0,0.0,2024-07-06,23
2024-07-07 00:00:00,0.0,0.0,2024-07-07,0
2024-07-07 01:00:00,0.0,0.0,2024-07-07,1
2024-07-07 02:00:00,0.0,0.0,2024-07-07,2
2024-07-07 03:00:00,0.0,0.0,2024-07-07,3
2024-07-07 04:00:00,0.0,0.0,2024-07-07,4
2024-07-07 05:00:00,0.04697759,0.03370813,2024-07-07,5
2024-07-07 06:00:00,0.1135973,0.1080614,2024-07-07,6
2024-07-07 07:00:00,0.2300707,0.2191194,2024-07-07,7
2024-07-07 08:00:00,0.2917587,0.281285,2024-07-07,8
2024-07-07 09:00:00,0.5890123,0.5544447,2024-07-07,9
2024-07-07 10:00:00,0.8668058,0.8113586,2024-07-07,10
2024-07-07 11:00:00,0.4672819,0.4524257,2024-07-07,11
2024-07-07 12:00:00,0.8621181,0.8129921,2024-07-07,12
2024-07-07 13:00:00,0.6268817,0.5954139,2024-07-07,13
2024-07-07 14:00:00,0.4361044,0.4167003,2024-07-07,14
2024-07-07 15:00:00,0.4870153,0.4339121,2024-07-07,15
2024-07-07 16:00:00,0.4354304,0.3281185,2024-07-07,16
2024-07-07 17:00:00,0.1561605,0.1025797,2024-07-07,17
2024-07-07 18:00:00,0.02264175,0.005758795,2024-07-07,18
2024-07-07 19:00:00,0.0,0.0,2024-07-07,19
2024-07-07 20:00:00,0.0,0.0,2024-07-07,20
2024-07-07 21:00:00,0.0,0.0,2024-07-07,21
2024-07-07 22:00:00,0.0,0.0,2024-07-07,22
2024-07-07 23:00:00,0.0,0.0,2024-07-07,23
2024-07-08 00:00:00,0.0,0.0,2024-07-08,0
2024-07-08 01:00:00,0.0,0.0,2024-07-08,1
2024-07-08 02:00:00,0.0,0.0,2024-07-08,2
2024-07-08 03:00:00,0.0,0.0,2024-07-08,3
2024-07-08 04:00:00,0.0,0.0,2024-07-08,4
2024-07-08 05:00:00,0.000189925,0.000184346,2024-07-08,5
2024-07-08 06:00:00,0.03556122,0.03441832,2024-07-08,6
2024-07-08 07:00:00,0.06007387,0.05825571,2024-07-08,7
2024-07-08 08:00:00,0.128962,0.125098,2024-07-08,8
2024-07-08 09:00:00,0.1186168,0.1151448,2024-07-08,9
2024-07-08 10:00:00,0.1655931,0.1607737,2024-07-08,10
2024-07-08 11:00:00,0.1214074,0.1178893,2024-07-08,11
2024-07-08 12:00:00,0.1639564,0.1591991,2024-07-08,12
2024-07-08 13:00:00,0.121694,0.1181513,2024-07-08,13
2024-07-08 14:00:00,0.07413042,0.07196246,2024-07-08,14
2024-07-08 15:00:00,0.03728386,0.03618834,2024-07-08,15
2024-07-08 16:00:00,0.05940943,0.0575667,2024-07-08,16
2024-07-08 17:00:00,0.02971666,0.02869166,2024-07-08,17
2024-07-08 18:00:00,0.002333038,0.002252163,2024-07-08,18
2024-07-08 19:00:00,0.0,0.0,2024-07-08,19
2024-07-08 20:00:00,0.0,0.0,2024-07-08,20
2024-07-08 21:00:00,0.0,0.0,2024-07-08,21
2024-07-08 22:00:00,0.0,0.0,2024-07-08,22
2024-07-08 23:00:00,0.0,0.0,2024-07-08,23
2024-07-09 00:00:00,0.0,0.0,2024-07-09,0
2024-07-09 01:00:00,0.0,0.0,2024-07-09,1
2024-07-09 02:00:00,0.0,0.0,2024-07-09,2
2024-07-09 03:00:00,0.0,0.0,2024-07-09,3
2024-07-09 04:00:00,0.0,0.0,2024-07-09,4
2024-07-09 05:00:00,0.05087293,0.03074406,2024-07-09,5
2024-07-09 06:00:00,0.1355025,0.1257112,2024-07-09,6
2024-07-09 07:00:00,0.2630781,0.2468177,2024-07-09,7
2024-07-09 08:00:00,0.1938267,0.1878918,2024-07-09,8
2024-07-09 09:00:00,0.3253527,0.3151579,2024-07-09,9
2024-07-09 10:00:00,0.2812286,0.2729807,2024-07-09,10
2024-07-09 11:00:00,0.3475283,0.3373194,2024-07-09,11
2024-07-09 12:00:00,0.2995372,0.2907925,2024-07-09,12
2024-07-09 13:00:00,0.5672266,0.5425831,2024-07-09,13
2024-07-09 14:00:00,0.5294642,0.4981628,2024-07-09,14
2024-07-09 15:00:00,0.288676,0.2766565,2024-07-09,15
2024-07-09 16:00:00,0.2064873,0.1943384,2024-07-09,16
2024-07-09 17:00:00,0.05400161,0.05185451,2024-07-09,17
2024-07-09 18:00:00,0.005096728,0.004880955,2024-07-09,18
2024-07-09 19:00:00,0.0,0.0,2024-07-09,19
2024-07-09 20:00:00,0.0,0.0,2024-07-09,20
2024-07-09 21:00:00,0.0,0.0,2024-07-09,21
2024-07-09 22:00:00,0.0,0.0,2024-07-09,22
2024-07-09 23:00:00,0.0,0.0,2024-07-09,23
2024-07-10 00:00:00,0.0,0.0,2024-07-10,0
2024-07-10 01:00:00,0.0,0.0,2024-07-10,1
2024-07-10 02:00:00,0.0,0.0,2024-07-10,2
2024-07-10 03:00:00,0.0,0.0,2024-07-10,3
2024-07-10 04:00:00,0.0,0.0,2024-07-10,4
2024-07-10 05:00:00,0.07211263,0.01032394,2024-07-10,5
2024-07-10 06:00:00,0.2613822,0.1687984,2024-07-10,6
2024-07-10 07:00:00,0.4567043,0.374109,2024-07-10,7
2024-07-10 08:00:00,0.406318,0.3833291,2024-07-10,8
2024-07-10 09:00:00,0.7718253,0.7108362,2024-07-10,9
2024-07-10 10:00:00,0.9914814,0.927058,2024-07-10,10
2024-07-10 11:00:00,0.9305799,0.8786368,2024-07-10,11
2024-07-10 12:00:00,0.8559803,0.809178,2024-07-10,12
2024-07-10 13:00:00,0.609188,0.5805019,2024-07-10,13
2024-07-10 14:00:00,0.4153799,0.3983444,2024-07-10,14
2024-07-10 15:00:00,0.3399903,0.3216946,2024-07-10,15
2024-07-10 16:00:00,0.1689098,0.1619207,2024-07-10,16
2024-07-10 17:00:00,0.1115546,0.09713693,2024-07-10,17
2024-07-10 18:00:00,0.01974096,0.0,2024-07-10,18
2024-07-10 19:00:00,0.0,0.0,2024-07-10,19
2024-07-10 20:00:00,0.0,0.0,2024-07-10,20
2024-07-10 21:00:00,0.0,0.0,2024-07-10,21
2024-07-10 22:00:00,0.0,0.0,2024-07-10,22
2024-07-10 23:00:00,0.0,0.0,2024-07-10,23
2024-07-11 00:00:00,0.0,0.0,2024-07-11,0
2024-07-11 01:00:00,0.0,0.0,2024-07-11,1
2024-07-11 02:00:00,0.0,0.0,2024-07-11,2
2024-07-11 03:00:00,0.0,0.0,2024-07-11,3
2024-07-11 04:00:00,0.0,0.0,2024-07-11,4
2024-07-11 05:00:00,0.04538119,0.0314893,2024-07-11,5
2024-07-11 06:00:00,0.1233802,0.1161169,2024-07-11,6
2024-07-11 07:00:00,0.3815954,0.3285973,2024-07-11,7
2024-07-11 08:00:00,0.5053439,0.4631969,2024-07-11,8
2024-07-11 09:00:00,0.6891705,0.6406809,2024-07-11,9
2024-07-11 10:00:00,0.7934113,0.7480326,2024-07-11,10
2024-07-11 11:00:00,0.9588231,0.9053471,2024-07-11,11
2024-07-11 12:00:00,1.061433,0.9994051,2024-07-11,12
2024-07-11 13:00:00,0.8562926,0.7992917,2024-07-11,13
2024-07-11 14:00:00,0.4917038,0.4662801,2024-07-11,14
2024-07-11 15:00:00,0.6599336,0.5678144,2024-07-11,15
2024-07-11 16:00:00,0.4525165,0.3429205,2024-07-11,16
2024-07-11 17:00:00,0.1389742,0.104374,2024-07-11,17
2024-07-11 18:00:00,0.02567946,0.0,2024-07-11,18
2024-07-11 19:00:00,0.0,0.0,2024-07-11,19
2024-07-11 20:00:00,0.0,0.0,2024-07-11,20
2024-07-11 21:00:00,0.0,0.0,2024-07-11,21
2024-07-11 22:00:00,0.0,0.0,2024-07-11,22
2024-07-11 23:00:00,0.0,0.0,2024-07-11,23
2024-07-12 00:00:00,0.0,0.0,2024-07-12,0
2024-07-12 01:00:00,0.0,0.0,2024-07-12,1
2024-07-12 02:00:00,0.0,0.0,2024-07-12,2
2024-07-12 03:00:00,0.0,0.0,2024-07-12,3
2024-07-12 04:00:00,0.0,0.0,2024-07-12,4
2024-07-12 05:00:00,0.03427445,0.02991607,2024-07-12,5
2024-07-12 06:00:00,0.1285437,0.1201625,2024-07-12,6
2024-07-12 07:00:00,0.09862749,0.09555115,2024-07-12,7
2024-07-12 08:00:00,0.2206394,0.2137858,2024-07-12,8
2024-07-12 09:00:00,0.3459175,0.33485,2024-07-12,9
2024-07-12 10:00:00,0.3224604,0.3129471,2024-07-12,10
2024-07-12 11:00:00,0.3097058,0.3006932,2024-07-12,11
2024-07-12 12:00:00,0.5579633,0.5382379,2024-07-12,12
2024-07-12 13:00:00,0.3645065,0.3533505,2024-07-12,13
2024-07-12 14:00:00,0.2556646,0.2479272,2024-07-12,14
2024-07-12 15:00:00,0.1135632,0.1101381,2024-07-12,15
2024-07-12 16:00:00,0.1254068,0.1211835,2024-07-12,16
2024-07-12 17:00:00,0.05416087,0.05201416,2024-07-12,17
2024-07-12 18:00:00,0.001847703,0.0,2024-07-12,18
2024-07-12 19:00:00,0.0,0.0,2024-07-12,19
2024-07-12 20:00:00,0.0,0.0,2024-07-12,20
2024-07-12 21:00:00,0.0,0.0,2024-07-12,21
2024-07-12 22:00:00,0.0,0.0,2024-07-12,22
2024-07-12 23:00:00,0.0,0.0,2024-07-12,23
2024-07-13 00:00:00,0.0,0.0,2024-07-13,0
2024-07-13 01:00:00,0.0,0.0,2024-07-13,1
2024-07-13 02:00:00,0.0,0.0,2024-07-13,2
2024-07-13 03:00:00,0.0,0.0,2024-07-13,3
2024-07-13 04:00:00,0.0,0.0,2024-07-13,4
2024-07-13 05:00:00,0.03602283,0.03032521,2024-07-13,5
2024-07-13 06:00:00,0.2750006,0.1716752,2024-07-13,6
2024-07-13 07:00:00,0.4448513,0.3674533,2024-07-13,7
2024-07-13 08:00:00,0.6577088,0.5831504,2024-07-13,8
2024-07-13 09:00:00,0.8248902,0.7593792,2024-07-13,9
2024-07-13 10:00:00,0.8622316,0.8110157,2024-07-13,10
2024-07-13 11:00:00,0.9797951,0.9264169,2024-07-13,11
2024-07-13 12:00:00,0.700991,0.670486,2024-07-13,12
2024-07-13 13:00:00,0.8046715,0.7547405,2024-07-13,13
2024-07-13 14:00:00,0.6138032,0.5702402,2024-07-13,14
2024-07-13 15:00:00,0.4619763,0.4183219,2024-07-13,15
2024-07-13 16:00:00,0.2456834,0.2244825,2024-07-13,16
2024-07-13 17:00:00,0.1155569,0.09897137,2024-07-13,17
2024-07-13 18:00:00,0.01464071,0.0,2024-07-13,18
2024-07-13 19:00:00,0.0,0.0,2024-07-13,19
2024-07-13 20:00:00,0.0,0.0,2024-07-13,20
2024-07-13 21:00:00,0.0,0.0,2024-07-13,21
2024-07-13 22:00:00,0.0,0.0,2024-07-13,22
2024-07-13 23:00:00,0.0,0.0,2024-07-13,23
2024-07-14 00:00:00,0.0,0.0,2024-07-14,0
2024-07-14 01:00:00,0.0,0.0,2024-07-14,1
2024-07-14 02:00:00,0.0,0.0,2024-07-14,2
2024-07-14 03:00:00,0.0,0.0,2024-07-14,3
2024-07-14 04:00:00,0.0,0.0,2024-07-14,4
2024-07-14 05:00:00,0.0224949,0.0213032,2024-07-14,5
2024-07-14 06:00:00,0.1023882,0.09793796,2024-07-14,6
2024-07-14 07:00:00,0.2509939,0.2368919,2024-07-14,7
2024-07-14 08:00:00,0.3762747,0.3578884,2024-07-14,8
2024-07-14 09:00:00,0.444681,0.4275594,2024-07-14,9
2024-07-14 10:00:00,0.4267451,0.4133404,2024-07-14,10
2024-07-14 11:00:00,0.2450328,0.2379352,2024-07-14,11
2024-07-14 12:00:00,0.2817479,0.2735668,2024-07-14,12
2024-07-14 13:00:00,0.2751987,0.2671221,2024-07-14,13
2024-07-14 14:00:00,0.165553,0.1606613,2024-07-14,14
2024-07-14 15:00:00,0.2204093,0.2132363,2024-07-14,15
2024-07-14 16:00:00,0.06052342,0.058651,2024-07-14,16
2024-07-14 17:00:00,0.03641469,0.03511531,2024-07-14,17
2024-07-14 18:00:00,0.007992146,0.0,2024-07-14,18
2024-07-14 19:00:00,0.0,0.0,2024-07-14,19
2024-07-14 20:00:00,0.0,0.0,2024-07-14,20
2024-07-14 21:00:00,0.0,0.0,2024-07-14,21
2024-07-14 22:00:00,0.0,0.0,2024-07-14,22
2024-07-14 23:00:00,0.0,0.0,2024-07-14,23
2024-07-15 00:00:00,0.0,0.0,2024-07-15,0
2024-07-15 01:00:00,0.0,0.0,2024-07-15,1
2024-07-15 02:00:00,0.0,0.0,2024-07-15,2
2024-07-15 03:00:00,0.0,0.0,2024-07-15,3
2024-07-15 04:00:00,0.0,0.0,2024-07-15,4
2024-07-15 05:00:00,0.04642738,0.02784787,2024-07-15,5
2024-07-15 06:00:00,0.09804948,0.09397537,2024-07-15,6
2024-07-15 07:00:00,0.1807443,0.1743143,2024-07-15,7
2024-07-15 08:00:00,0.4436094,0.4149254,2024-07-15,8
2024-07-15 09:00:00,0.5952716,0.562007,2024-07-15,9
2024-07-15 10:00:00,0.8322873,0.785449,2024-07-15,10
2024-07-15 11:00:00,0.8928014,0.8477304,2024-07-15,11
2024-07-15 12:00:00,0.831587,0.7903631,2024-07-15,12
2024-07-15 13:00:00,0.883607,0.8273509,2024-07-15,13
2024-07-15 14:00:00,0.70577,0.6485197,2024-07-15,14
2024-07-15 15:00:00,0.543923,0.4797188,2024-07-15,15
2024-07-15 16:00:00,0.3611892,0.2910341,2024-07-15,16
2024-07-15 17:00:00,0.1756163,0.1003868,2024-07-15,17
2024-07-15 18:00:00,0.01695647,0.0,2024-07-15,18
2024-07-15 19:00:00,0.0,0.0,2024-07-15,19
2024-07-15 20:00:00,0.0,0.0,2024-07-15,20
2024-07-15 21:00:00,0.0,0.0,2024-07-15,21
2024-07-15 22:00:00,0.0,0.0,2024-07-15,22
2024-07-15 23:00:00,0.0,0.0,2024-07-15,23
2024-07-16 00:00:00,0.0,0.0,2024-07-16,0
2024-07-16 01:00:00,0.0,0.0,2024-07-16,1
2024-07-16 02:00:00,0.0,0.0,2024-07-16,2
2024-07-16 03:00:00,0.0,0.0,2024-07-16,3
2024-07-16 04:00:00,0.0,0.0,2024-07-16,4
2024-07-16 05:00:00,0.02505758,0.02343688,2024-07-16,5
2024-07-16 06:00:00,0.07611875,0.07333238,2024-07-16,6
2024-07-16 07:00:00,0.2918805,0.2692437,2024-07-16,7
2024-07-16 08:00:00,0.5973129,0.5366089,2024-07-16,8
2024-07-16 09:00:00,0.4588521,0.4407942,2024-07-16,9
2024-07-16 10:00:00,0.6673486,0.6374757,2024-07-16,10
2024-07-16 11:00:00,0.8876066,0.8437659,2024-07-16,11
2024-07-16 12:00:00,1.025204,0.9703426,2024-07-16,12
2024-07-16 13:00:00,0.8340513,0.7834285,2024-07-16,13
2024-07-16 14:00:00,0.6584572,0.6093507,2024-07-16,14
2024-07-16 15:00:00,0.6760108,0.586402,2024-07-16,15
2024-07-16 16:00:00,0.4280295,0.3304549,2024-07-16,16
2024-07-16 17:00:00,0.1623586,0.1029053,2024-07-16,17
2024-07-16 18:00:00,0.01708961,0.0,2024-07-16,18
2024-07-16 19:00:00,0.0,0.0,2024-07-16,19
2024-07-16 20:00:00,0.0,0.0,2024-07-16,20
2024-07-16 21:00:00,0.0,0.0,2024-07-16,21
2024-07-16 22:00:00,0.0,0.0,2024-07-16,22
2024-07-16 23:00:00,0.0,0.0,2024-07-16,23
2024-07-17 00:00:00,0.0,0.0,2024-07-17,0
2024-07-17 01:00:00,0.0,0.0,2024-07-17,1
2024-07-17 02:00:00,0.0,0.0,2024-07-17,2
2024-07-17 03:00:00,0.0,0.0,2024-07-17,3
2024-07-17 04:00:00,0.0,0.0,2024-07-17,4
2024-07-17 05:00:00,0.03761035,0.02899378,2024-07-17,5
2024-07-17 06:00:00,0.1608592,0.1407635,2024-07-17,6
2024-07-17 07:00:00,0.3110085,0.2832499,2024-07-17,7
2024-07-17 08:00:00,0.3186383,0.306394,2024-07-17,8
2024-07-17 09:00:00,0.4124854,0.3979376,2024-07-17,9
2024-07-17 10:00:00,0.6465055,0.6189109,2024-07-17,10
2024-07-17 11:00:00,0.761068,0.728291,2024-07-17,11
2024-07-17 12:00:00,0.5413477,0.5233652,2024-07-17,12
2024-07-17 13:00:00,0.4914914,0.4742273,2024-07-17,13
2024-07-17 14:00:00,0.2039378,0.1978891,2024-07-17,14
2024-07-17 15:00:00,0.2446831,0.2363009,2024-07-17,15
2024-07-17 16:00:00,0.3433963,0.282817,2024-07-17,16
2024-07-17 17:00:00,0.1098187,0.09622656,2024-07-17,17
2024-07-17 18:00:00,0.0134475,0.0,2024-07-17,18
2024-07-17 19:00:00,0.0,0.0,2024-07-17,19
2024-07-17 20:00:00,0.0,0.0,2024-07-17,20
2024-07-17 21:00:00,0.0,0.0,2024-07-17,21
2024-07-17 22:00:00,0.0,0.0,2024-07-17,22
2024-07-17 23:00:00,0.0,0.0,2024-07-17,23
2024-07-18 00:00:00,0.0,0.0,2024-07-18,0
2024-07-18 01:00:00,0.0,0.0,2024-07-18,1
2024-07-18 02:00:00,0.0,0.0,2024-07-18,2
2024-07-18 03:00:00,0.0,0.0,2024-07-18,3
2024-07-18 04:00:00,0.0,0.0,2024-07-18,4
2024-07-18 05:00:00,0.03090531,0.02701095,2024-07-18,5
2024-07-18 06:00:00,0.2262424,0.1601678,2024-07-18,6
2024-07-18 07:00:00,0.355546,0.3133708,2024-07-18,7
2024-07-18 08:00:00,0.5894627,0.5316436,2024-07-18,8
2024-07-18 09:00:00,0.8876612,0.8208775,2024-07-18,9
2024-07-18 10:00:00,0.7419846,0.7060127,2024-07-18,10
2024-07-18 11:00:00,0.8225031,0.7854244,2024-07-18,11
2024-07-18 12:00:00,0.9178988,0.8722199,2024-07-18,12
2024-07-18 13:00:00,0.8511819,0.8007692,2024-07-18,13
2024-07-18 14:00:00,0.8694988,0.7961041,2024-07-18,14
2024-07-18 15:00:00,0.6242698,0.5449905,2024-07-18,15
2024-07-18 16:00:00,0.3699252,0.2974266,2024-07-18,16
2024-07-18 17:00:00,0.1640719,0.10258,2024-07-18,17
2024-07-18 18:00:00,0.01450561,0.0,2024-07-18,18
2024-07-18 19:00:00,0.0,0.0,2024-07-18,19
2024-07-18 20:00:00,0.0,0.0,2024-07-18,20
2024-07-18 21:00:00,0.0,0.0,2024-07-18,21
2024-07-18 22:00:00,0.0,0.0,2024-07-18,22
2024-07-18 23:00:00,0.0,0.0,2024-07-18,23
2024-07-19 00:00:00,0.0,0.0,2024-07-19,0
2024-07-19 01:00:00,0.0,0.0,2024-07-19,1
2024-07-19 02:00:00,0.0,0.0,2024-07-19,2
2024-07-19 03:00:00,0.0,0.0,2024-07-19,3
2024-07-19 04:00:00,0.0,0.0,2024-07-19,4
2024-07-19 05:00:00,0.01086946,0.01043303,2024-07-19,5
2024-07-19 06:00:00,0.06030986,0.05821188,2024-07-19,6
2024-07-19 07:00:00,0.1936666,0.1863667,2024-07-19,7
2024-07-19 08:00:00,0.2354944,0.2281212,2024-07-19,8
2024-07-19 09:00:00,0.3613763,0.3497987,2024-07-19,9
2024-07-19 10:00:00,0.2600675,0.2525162,2024-07-19,10
2024-07-19 11:00:00,0.2446346,0.2375756,2024-07-19,11
2024-07-19 12:00:00,0.2218024,0.2153978,2024-07-19,12
2024-07-19 13:00:00,0.1754977,0.1704029,2024-07-19,13
2024-07-19 14:00:00,0.2139848,0.207641,2024-07-19,14
2024-07-19 15:00:00,0.1212533,0.1176052,2024-07-19,15
2024-07-19 16:00:00,0.07306966,0.07078524,2024-07-19,16
2024-07-19 17:00:00,0.03191064,0.03080435,2024-07-19,17
2024-07-19 18:00:00,0.01200446,0.0,2024-07-19,18
2024-07-19 19:00:00,0.0,0.0,2024-07-19,19
2024-07-19 20:00:00,0.0,0.0,2024-07-19,20
2024-07-19 21:00:00,0.0,0.0,2024-07-19,21
2024-07-19 22:00:00,0.0,0.0,2024-07-19,22
2024-07-19 23:00:00,0.0,0.0,2024-07-19,23
2024-07-20 00:00:00,0.0,0.0,2024-07-20,0
2024-07-20 01:00:00,0.0,0.0,2024-07-20,1
2024-07-20 02:00:00,0.0,0.0,2024-07-20,2
2024-07-20 03:00:00,0.0,0.0,2024-07-20,3
2024-07-20 04:00:00,0.0,0.0,2024-07-20,4
2024-07-20 05:00:00,0.000570349,0.000553409,2024-07-20,5
2024-07-20 06:00:00,0.004544725,0.004410665,2024-07-20,6
2024-07-20 07:00:00,0.02324816,0.02256332,2024-07-20,7
2024-07-20 08:00:00,0.03273484,0.03177895,2024-07-20,8
2024-07-20 09:00:00,0.01918406,0.01862557,2024-07-20,9
2024-07-20 10:00:00,0.1012523,0.09832174,2024-07-20,10
2024-07-20 11:00:00,0.1825031,0.1772409,2024-07-20,11
2024-07-20 12:00:00,0.05873859,0.05703732,2024-07-20,12
2024-07-20 13:00:00,0.0685885,0.06659993,2024-07-20,13
2024-07-20 14:00:00,0.103866,0.1008324,2024-07-20,14
2024-07-20 15:00:00,0.07935849,0.07700672,2024-07-20,15
2024-07-20 16:00:00,0.02848801,0.0276386,2024-07-20,16
2024-07-20 17:00:00,0.07913971,0.07489606,2024-07-20,17
2024-07-20 18:00:00,0.005902224,0.0,2024-07-20,18
2024-07-20 19:00:00,0.0,0.0,2024-07-20,19
2024-07-20 20:00:00,0.0,0.0,2024-07-20,20
2024-07-20 21:00:00,0.0,0.0,2024-07-20,21
2024-07-20 22:00:00,0.0,0.0,2024-07-20,22
2024-07-20 23:00:00,0.0,0.0,2024-07-20,23
2024-07-21 00:00:00,0.0,0.0,2024-07-21,0
2024-07-21 01:00:00,0.0,0.0,2024-07-21,1
2024-07-21 02:00:00,0.0,0.0,2024-07-21,2
2024-07-21 03:00:00,0.0,0.0,2024-07-21,3
2024-07-21 04:00:00,0.0,0.0,2024-07-21,4
2024-07-21 05:00:00,0.04838888,0.01979961,2024-07-21,5
2024-07-21 06:00:00,0.26851,0.169918,2024-07-21,6
2024-07-21 07:00:00,0.4742564,0.3914977,2024-07-21,7
2024-07-21 08:00:00,0.6853098,0.613037,2024-07-21,8
2024-07-21 09:00:00,0.7612026,0.70998,2024-07-21,9
2024-07-21 10:00:00,0.7454503,0.7111345,2024-07-21,10
2024-07-21 11:00:00,0.8360096,0.8003005,2024-07-21,11
2024-07-21 12:00:00,0.8521159,0.814127,2024-07-21,12
2024-07-21 13:00:00,0.8422643,0.7956754,2024-07-21,13
2024-07-21 14:00:00,0.7685489,0.7086346,2024-07-21,14
2024-07-21 15:00:00,0.4716932,0.4293959,2024-07-21,15
2024-07-21 16:00:00,0.3896296,0.3106212,2024-07-21,16
2024-07-21 17:00:00,0.1602797,0.1027784,2024-07-21,17
2024-07-21 18:00:00,0.01610818,0.0,2024-07-21,18
2024-07-21 19:00:00,0.0,0.0,2024-07-21,19
2024-07-21 20:00:00,0.0,0.0,2024-07-21,20
2024-07-21 21:00:00,0.0,0.0,2024-07-21,21
2024-07-21 22:00:00,0.0,0.0,2024-07-21,22
2024-07-21 23:00:00,0.0,0.0,2024-07-21,23
2024-07-22 00:00:00,0.0,0.0,2024-07-22,0
2024-07-22 01:00:00,0.0,0.0,2024-07-22,1
2024-07-22 02:00:00,0.0,0.0,2024-07-22,2
2024-07-22 03:00:00,0.0,0.0,2024-07-22,3
2024-07-22 04:00:00,0.0,0.0,2024-07-22,4
2024-07-22 05:00:00,0.05244214,0.01438963,2024-07-22,5
2024-07-22 06:00:00,0.2226643,0.1587021,2024-07-22,6
2024-07-22 07:00:00,0.484719,0.3998818,2024-07-22,7
2024-07-22 08:00:00,0.7198345,0.6442202,2024-07-22,8
2024-07-22 09:00:00,0.9249685,0.8601081,2024-07-22,9
2024-07-22 10:00:00,1.030372,0.9763543,2024-07-22,10
2024-07-22 11:00:00,1.055137,1.007334,2024-07-22,11
2024-07-22 12:00:00,1.082052,1.031587,2024-07-22,12
2024-07-22 13:00:00,1.022648,0.9647438,2024-07-22,13
2024-07-22 14:00:00,0.6444951,0.6018733,2024-07-22,14
2024-07-22 15:00:00,0.5692108,0.5048386,2024-07-22,15
2024-07-22 16:00:00,0.4359752,0.3414958,2024-07-22,16
2024-07-22 17:00:00,0.1804975,0.09978766,2024-07-22,17
2024-07-22 18:00:00,0.01440473,0.0,2024-07-22,18
2024-07-22 19:00:00,0.0,0.0,2024-07-22,19
2024-07-22 20:00:00,0.0,0.0,2024-07-22,20
2024-07-22 21:00:00,0.0,0.0,2024-07-22,21
2024-07-22 22:00:00,0.0,0.0,2024-07-22,22
2024-07-22 23:00:00,0.0,0.0,2024-07-22,23
2024-07-23 00:00:00,0.0,0.0,2024-07-23,0
2024-07-23 01:00:00,0.0,0.0,2024-07-23,1
2024-07-23 02:00:00,0.0,0.0,2024-07-23,2
2024-07-23 03:00:00,0.0,0.0,2024-07-23,3
2024-07-23 04:00:00,0.0,0.0,2024-07-23,4
2024-07-23 05:00:00,0.003556086,0.003439884,2024-07-23,5
2024-07-23 06:00:00,0.04493091,0.04344343,2024-07-23,6
2024-07-23 07:00:00,0.1046874,0.1014317,2024-07-23,7
2024-07-23 08:00:00,0.2623713,0.2538767,2024-07-23,8
2024-07-23 09:00:00,0.2201969,0.2137451,2024-07-23,9
2024-07-23 10:00:00,0.09809418,0.09525798,2024-07-23,10
2024-07-23 11:00:00,0.08662689,0.08412478,2024-07-23,11
2024-07-23 12:00:00,0.2125959,0.2064767,2024-07-23,12
2024-07-23 13:00:00,0.1239932,0.1204053,2024-07-23,13
2024-07-23 14:00:00,0.08877303,0.08618701,2024-07-23,14
2024-07-23 15:00:00,0.09577586,0.09292883,2024-07-23,15
2024-07-23 16:00:00,0.07504446,0.07270207,2024-07-23,16
2024-07-23 17:00:00,0.04703863,0.04526334,2024-07-23,17
2024-07-23 18:00:00,0.004972506,0.0,2024-07-23,18
2024-07-23 19:00:00,0.0,0.0,2024-07-23,19
2024-07-23 20:00:00,0.0,0.0,2024-07-23,20
2024-07-23 21:00:00,0.0,0.0,2024-07-23,21
2024-07-23 22:00:00,0.0,0.0,2024-07-23,22
2024-07-23 23:00:00,0.0,0.0,2024-07-23,23
2024-07-24 00:00:00,0.0,0.0,2024-07-24,0
2024-07-24 01:00:00,0.0,0.0,2024-07-24,1
2024-07-24 02:00:00,0.0,0.0,2024-07-24,2
2024-07-24 03:00:00,0.0,0.0,2024-07-24,3
2024-07-24 04:00:00,0.0,0.0,2024-07-24,4
2024-07-24 05:00:00,0.03827361,0.02432877,2024-07-24,5
2024-07-24 06:00:00,0.2229496,0.1585184,2024-07-24,6
2024-07-24 07:00:00,0.4694965,0.3905908,2024-07-24,7
2024-07-24 08:00:00,0.7402617,0.6648535,2024-07-24,8
2024-07-24 09:00:00,0.9272349,0.864964,2024-07-24,9
2024-07-24 10:00:00,1.03367,0.9822816,2024-07-24,10
2024-07-24 11:00:00,0.9975638,0.9552183,2024-07-24,11
2024-07-24 12:00:00,0.8564585,0.8210767,2024-07-24,12
2024-07-24 13:00:00,0.979644,0.92711,2024-07-24,13
2024-07-24 14:00:00,0.7626385,0.7068453,2024-07-24,14
2024-07-24 15:00:00,0.5763166,0.5124173,2024-07-24,15
2024-07-24 16:00:00,0.3882104,0.3120407,2024-07-24,16
2024-07-24 17:00:00,0.1369552,0.102966,2024-07-24,17
2024-07-24 18:00:00,0.01114678,0.0,2024-07-24,18
2024-07-24 19:00:00,0.0,0.0,2024-07-24,19
2024-07-24 20:00:00,0.0,0.0,2024-07-24,20
2024-07-24 21:00:00,0.0,0.0,2024-07-24,21
2024-07-24 22:00:00,0.0,0.0,2024-07-24,22
2024-07-24 23:00:00,0.0,0.0,2024-07-24,23
2024-07-25 00:00:00,0.0,0.0,2024-07-25,0
2024-07-25 01:00:00,0.0,0.0,2024-07-25,1
2024-07-25 02:00:00,0.0,0.0,2024-07-25,2
2024-07-25 03:00:00,0.0,0.0,2024-07-25,3
2024-07-25 04:00:00,0.0,0.0,2024-07-25,4
2024-07-25 05:00:00,0.01389583,0.01326069,2024-07-25,5
2024-07-25 06:00:00,0.07042947,0.06790306,2024-07-25,6
2024-07-25 07:00:00,0.09938927,0.09631748,2024-07-25,7
2024-07-25 08:00:00,0.08531364,0.08280742,2024-07-25,8
2024-07-25 09:00:00,0.1087078,0.1055506,2024-07-25,9
2024-07-25 10:00:00,0.3711013,0.3602777,2024-07-25,10
2024-07-25 11:00:00,0.292976,0.2845747,2024-07-25,11
2024-07-25 12:00:00,0.2464259,0.2393487,2024-07-25,12
2024-07-25 13:00:00,0.3158321,0.3066464,2024-07-25,13
2024-07-25 14:00:00,0.2064962,0.2004241,2024-07-25,14
2024-07-25 15:00:00,0.1718937,0.1666597,2024-07-25,15
2024-07-25 16:00:00,0.08468581,0.08201998,2024-07-25,16
2024-07-25 17:00:00,0.04569314,0.04398234,2024-07-25,17
2024-07-25 18:00:00,0.005407453,0.0,2024-07-25,18
2024-07-25 19:00:00,0.0,0.0,2024-07-25,19
2024-07-25 20:00:00,0.0,0.0,2024-07-25,20
2024-07-25 21:00:00,0.0,0.0,2024-07-25,21
2024-07-25 22:00:00,0.0,0.0,2024-07-25,22
2024-07-25 23:00:00,0.0,0.0,2024-07-25,23
2024-07-26 00:00:00,0.0,0.0,2024-07-26,0
2024-07-26 01:00:00,0.0,0.0,2024-07-26,1
2024-07-26 02:00:00,0.0,0.0,2024-07-26,2
2024-07-26 03:00:00,0.0,0.0,2024-07-26,3
2024-07-26 04:00:00,0.0,0.0,2024-07-26,4
2024-07-26 05:00:00,0.05896476,0.005001077,2024-07-26,5
2024-07-26 06:00:00,0.3045252,0.1908167,2024-07-26,6
2024-07-26 07:00:00,0.5066136,0.4206496,2024-07-26,7
2024-07-26 08:00:00,0.701598,0.6331227,2024-07-26,8
2024-07-26 09:00:00,0.6266557,0.5950428,2024-07-26,9
2024-07-26 10:00:00,1.00028,0.9535323,2024-07-26,10
2024-07-26 11:00:00,1.045419,1.003695,2024-07-26,11
2024-07-26 12:00:00,0.9155567,0.8788988,2024-07-26,12
2024-07-26 13:00:00,0.9833692,0.933548,2024-07-26,13
2024-07-26 14:00:00,0.8806039,0.8171569,2024-07-26,14
2024-07-26 15:00:00,0.6437632,0.5706323,2024-07-26,15
2024-07-26 16:00:00,0.2084615,0.1967838,2024-07-26,16
2024-07-26 17:00:00,0.1721792,0.1000317,2024-07-26,17
2024-07-26 18:00:00,0.008301748,0.0,2024-07-26,18
2024-07-26 19:00:00,0.0,0.0,2024-07-26,19
2024-07-26 20:00:00,0.0,0.0,2024-07-26,20
2024-07-26 21:00:00,0.0,0.0,2024-07-26,21
2024-07-26 22:00:00,0.0,0.0,2024-07-26,22
2024-07-26 23:00:00,0.0,0.0,2024-07-26,23
2024-07-27 00:00:00,0.0,0.0,2024-07-27,0
2024-07-27 01:00:00,0.0,0.0,2024-07-27,1
2024-07-27 02:00:00,0.0,0.0,2024-07-27,2
2024-07-27 03:00:00,0.0,0.0,2024-07-27,3
2024-07-27 04:00:00,0.0,0.0,2024-07-27,4
2024-07-27 05:00:00,0.02137791,0.01985967,2024-07-27,5
2024-07-27 06:00:00,0.04849801,0.04687758,2024-07-27,6
2024-07-27 07:00:00,0.08279275,0.08026972,2024-07-27,7
2024-07-27 08:00:00,0.1611912,0.1563891,2024-07-27,8
2024-07-27 09:00:00,0.2592326,0.2516446,2024-07-27,9
2024-07-27 10:00:00,0.5716368,0.5527992,2024-07-27,10
2024-07-27 11:00:00,0.5406227,0.5246817,2024-07-27,11
2024-07-27 12:00:00,0.3000326,0.2914445,2024-07-27,12
2024-07-27 13:00:00,0.427195,0.414303,2024-07-27,13
2024-07-27 14:00:00,0.2114345,0.20523,2024-07-27,14
2024-07-27 15:00:00,0.1703958,0.1652261,2024-07-27,15
2024-07-27 16:00:00,0.1080881,0.1046043,2024-07-27,16
2024-07-27 17:00:00,0.02374884,0.02296381,2024-07-27,17
2024-07-27 18:00:00,0.002825977,0.0,2024-07-27,18
2024-07-27 19:00:00,0.0,0.0,2024-07-27,19
2024-07-27 20:00:00,0.0,0.0,2024-07-27,20
2024-07-27 21:00:00,0.0,0.0,2024-07-27,21
2024-07-27 22:00:00,0.0,0.0,2024-07-27,22
2024-07-27 23:00:00,0.0,0.0,2024-07-27,23
2024-07-28 00:00:00,0.0,0.0,2024-07-28,0
2024-07-28 01:00:00,0.0,0.0,2024-07-28,1
2024-07-28 02:00:00,0.0,0.0,2024-07-28,2
2024-07-28 03:00:00,0.0,0.0,2024-07-28,3
2024-07-28 04:00:00,0.0,0.0,2024-07-28,4
2024-07-28 05:00:00,0.008711198,0.008366829,2024-07-28,5
2024-07-28 06:00:00,0.05873545,0.05671046,2024-07-28,6
2024-07-28 07:00:00,0.1656555,0.16015,2024-07-28,7
2024-07-28 08:00:00,0.2452734,0.2376455,2024-07-28,8
2024-07-28 09:00:00,0.3234409,0.3137776,2024-07-28,9
2024-07-28 10:00:00,0.298546,0.2899667,2024-07-28,10
2024-07-28 11:00:00,0.1670324,0.1622398,2024-07-28,11
2024-07-28 12:00:00,0.1710121,0.1661038,2024-07-28,12
2024-07-28 13:00:00,0.05108226,0.04960264,2024-07-28,13
2024-07-28 14:00:00,0.07989893,0.07757781,2024-07-28,14
2024-07-28 15:00:00,0.0347503,0.03373473,2024-07-28,15
2024-07-28 16:00:00,0.03989273,0.03869537,2024-07-28,16
2024-07-28 17:00:00,0.02081645,0.0201395,2024-07-28,17
2024-07-28 18:00:00,0.003309141,0.0,2024-07-28,18
2024-07-28 19:00:00,0.0,0.0,2024-07-28,19
2024-07-28 20:00:00,0.0,0.0,2024-07-28,20
2024-07-28 21:00:00,0.0,0.0,2024-07-28,21
2024-07-28 22:00:00,0.0,0.0,2024-07-28,22
2024-07-28 23:00:00,0.0,0.0,2024-07-28,23
2024-07-29 00:00:00,0.0,0.0,2024-07-29,0
2024-07-29 01:00:00,0.0,0.0,2024-07-29,1
2024-07-29 02:00:00,0.0,0.0,2024-07-29,2
2024-07-29 03:00:00,0.0,0.0,2024-07-29,3
2024-07-29 04:00:00,0.0,0.0,2024-07-29,4
2024-07-29 05:00:00,0.0136709,0.01302906,2024-07-29,5
2024-07-29 06:00:00,0.03966581,0.03837759,2024-07-29,6
2024-07-29 07:00:00,0.09113111,0.08834408,2024-07-29,7
2024-07-29 08:00:00,0.0889718,0.08636343,2024-07-29,8
2024-07-29 09:00:00,0.1746508,0.1695826,2024-07-29,9
2024-07-29 10:00:00,0.1502056,0.145884,2024-07-29,10
2024-07-29 11:00:00,0.3694467,0.3589709,2024-07-29,11
2024-07-29 12:00:00,0.1945573,0.1889834,2024-07-29,12
2024-07-29 13:00:00,0.0258843,0.02513252,2024-07-29,13
2024-07-29 14:00:00,0.05163473,0.05013534,2024-07-29,14
2024-07-29 15:00:00,0.05621943,0.0545712,2024-07-29,15
2024-07-29 16:00:00,0.07265472,0.07040668,2024-07-29,16
2024-07-29 17:00:00,0.03404119,0.03284836,2024-07-29,17
2024-07-29 18:00:00,0.004798716,0.0,2024-07-29,18
2024-07-29 19:00:00,0.0,0.0,2024-07-29,19
2024-07-29 20:00:00,0.0,0.0,2024-07-29,20
2024-07-29 21:00:00,0.0,0.0,2024-07-29,21
2024-07-29 22:00:00,0.0,0.0,2024-07-29,22
2024-07-29 23:00:00,0.0,0.0,2024-07-29,23
2024-07-30 00:00:00,0.0,0.0,2024-07-30,0
2024-07-30 01:00:00,0.0,0.0,2024-07-30,1
2024-07-30 02:00:00,0.0,0.0,2024-07-30,2
2024-07-30 03:00:00,0.0,0.0,2024-07-30,3
2024-07-30 04:00:00,0.0,0.0,2024-07-30,4
2024-07-30 05:00:00,0.008156206,0.007836211,2024-07-30,5
2024-07-30 06:00:00,0.03732868,0.03612566,2024-07-30,6
2024-07-30 07:00:00,0.03038589,0.0294902,2024-07-30,7
2024-07-30 08:00:00,0.02014531,0.01955839,2024-07-30,8
2024-07-30 09:00:00,0.03039308,0.02951036,2024-07-30,9
2024-07-30 10:00:00,0.003678058,0.003570655,2024-07-30,10
2024-07-30 11:00:00,0.02924194,0.02839353,2024-07-30,11
2024-07-30 12:00:00,0.03283345,0.03188135,2024-07-30,12
2024-07-30 13:00:00,0.01263133,0.01226357,2024-07-30,13
2024-07-30 14:00:00,0.000687005,0.000666904,2024-07-30,14
2024-07-30 15:00:00,0.01701093,0.01651477,2024-07-30,15
2024-07-30 16:00:00,0.02842835,0.02758409,2024-07-30,16
2024-07-30 17:00:00,0.02780257,0.02686211,2024-07-30,17
2024-07-30 18:00:00,0.002729731,0.0,2024-07-30,18
2024-07-30 19:00:00,0.0,0.0,2024-07-30,19
2024-07-30 20:00:00,0.0,0.0,2024-07-30,20
2024-07-30 21:00:00,0.0,0.0,2024-07-30,21
2024-07-30 22:00:00,0.0,0.0,2024-07-30,22
2024-07-30 23:00:00,0.0,0.0,2024-07-30,23
2024-07-31 00:00:00,0.0,0.0,2024-07-31,0
2024-07-31 01:00:00,0.0,0.0,2024-07-31,1
2024-07-31 02:00:00,0.0,0.0,2024-07-31,2
2024-07-31 03:00:00,0.0,0.0,2024-07-31,3
2024-07-31 04:00:00,0.0,0.0,2024-07-31,4
2024-07-31 05:00:00,0.005048798,0.004870962,2024-07-31,5
2024-07-31 06:00:00,0.03549132,0.03435455,2024-07-31,6
2024-07-31 07:00:00,0.07348838,0.07127157,2024-07-31,7
2024-07-31 08:00:00,0.1409473,0.1367872,2024-07-31,8
2024-07-31 09:00:00,0.1649203,0.160146,2024-07-31,9
2024-07-31 10:00:00,0.1664677,0.1616888,2024-07-31,10
2024-07-31 11:00:00,0.1373421,0.1334023,2024-07-31,11
2024-07-31 12:00:00,0.1228983,0.1193679,2024-07-31,12
2024-07-31 13:00:00,0.08325326,0.08084997,2024-07-31,13
2024-07-31 14:00:00,0.1042276,0.1012033,2024-07-31,14
2024-07-31 15:00:00,0.0948416,0.09204187,2024-07-31,15
2024-07-31 16:00:00,0.0760717,0.07371518,2024-07-31,16
2024-07-31 17:00:00,0.05733905,0.05503981,2024-07-31,17
2024-07-31 18:00:00,0.001711175,0.0,2024-07-31,18
2024-07-31 19:00:00,0.0,0.0,2024-07-31,19
2024-07-31 20:00:00,0.0,0.0,2024-07-31,20
2024-07-31 21:00:00,0.0,0.0,2024-07-31,21
2024-07-31 22:00:00,0.0,0.0,2024-07-31,22
2024-07-31 23:00:00,0.0,0.0,2024-07-31,23
2024-08-01 00:00:00,0.0,0.0,2024-08-01,0
2024-08-01 01:00:00,0.0,0.0,2024-08-01,1
2024-08-01 02:00:00,0.0,0.0,2024-08-01,2
2024-08-01 03:00:00,0.0,0.0,2024-08-01,3
2024-08-01 04:00:00,0.0,0.0,2024-08-01,4
2024-08-01 05:00:00,0.003972913,0.003838065,2024-08-01,5
2024-08-01 06:00:00,0.02262625,0.02192815,2024-08-01,6
2024-08-01 07:00:00,0.01636067,0.01588143,2024-08-01,7
2024-08-01 08:00:00,0.09875801,0.09586564,2024-08-01,8
2024-08-01 09:00:00,0.1591394,0.1545376,2024-08-01,9
2024-08-01 10:00:00,0.1074535,0.1043608,2024-08-01,10
2024-08-01 11:00:00,0.09628297,0.09351308,2024-08-01,11
2024-08-01 12:00:00,0.1072755,0.1041917,2024-08-01,12
2024-08-01 13:00:00,0.1248603,0.1212665,2024-08-01,13
2024-08-01 14:00:00,0.1052027,0.1021522,2024-08-01,14
2024-08-01 15:00:00,0.04561312,0.04428003,2024-08-01,15
2024-08-01 16:00:00,0.03591497,0.03484309,2024-08-01,16
2024-08-01 17:00:00,0.01693687,0.01639758,2024-08-01,17
2024-08-01 18:00:00,0.00187186,0.0,2024-08-01,18
2024-08-01 19:00:00,0.0,0.0,2024-08-01,19
2024-08-01 20:00:00,0.0,0.0,2024-08-01,20
2024-08-01 21:00:00,0.0,0.0,2024-08-01,21
2024-08-01 22:00:00,0.0,0.0,2024-08-01,22
2024-08-01 23:00:00,0.0,0.0,2024-08-01,23
2024-08-02 00:00:00,0.0,0.0,2024-08-02,0
2024-08-02 01:00:00,0.0,0.0,2024-08-02,1
2024-08-02 02:00:00,0.0,0.0,2024-08-02,2
2024-08-02 03:00:00,0.0,0.0,2024-08-02,3
2024-08-02 04:00:00,0.0,0.0,2024-08-02,4
2024-08-02 05:00:00,0.03034614,0.0209894,2024-08-02,5
2024-08-02 06:00:00,0.1901462,0.1503042,2024-08-02,6
2024-08-02 07:00:00,0.3928566,0.3448122,2024-08-02,7
2024-08-02 08:00:00,0.6290578,0.5791877,2024-08-02,8
2024-08-02 09:00:00,0.8975523,0.8515173,2024-08-02,9
2024-08-02 10:00:00,0.8349018,0.8063905,2024-08-02,10
2024-08-02 11:00:00,0.9374,0.9103772,2024-08-02,11
2024-08-02 12:00:00,0.9786501,0.9492028,2024-08-02,12
2024-08-02 13:00:00,0.9574371,0.920052,2024-08-02,13
2024-08-02 14:00:00,0.7516218,0.7086155,2024-08-02,14
2024-08-02 15:00:00,0.3993167,0.3765213,2024-08-02,15
2024-08-02 16:00:00,0.2774953,0.2492302,2024-08-02,16
2024-08-02 17:00:00,0.09026124,0.08265038,2024-08-02,17
2024-08-02 18:00:00,0.009073706,0.0,2024-08-02,18
2024-08-02 19:00:00,0.0,0.0,2024-08-02,19
2024-08-02 20:00:00,0.0,0.0,2024-08-02,20
2024-08-02 21:00:00,0.0,0.0,2024-08-02,21
2024-08-02 22:00:00,0.0,0.0,2024-08-02,22
2024-08-02 23:00:00,0.0,0.0,2024-08-02,23
2024-08-03 00:00:00,0.0,0.0,2024-08-03,0
2024-08-03 01:00:00,0.0,0.0,2024-08-03,1
2024-08-03 02:00:00,0.0,0.0,2024-08-03,2
2024-08-03 03:00:00,0.0,0.0,2024-08-03,3
2024-08-03 04:00:00,0.0,0.0,2024-08-03,4
2024-08-03 05:00:00,0.03311222,0.0189714,2024-08-03,5
2024-08-03 06:00:00,0.195084,0.1518836,2024-08-03,6
2024-08-03 07:00:00,0.4260668,0.3692423,2024-08-03,7
2024-08-03 08:00:00,0.6443502,0.5939309,2024-08-03,8
2024-08-03 09:00:00,0.9160386,0.8708052,2024-08-03,9
2024-08-03 10:00:00,0.8861018,0.8567591,2024-08-03,10
2024-08-03 11:00:00,0.9357545,0.9102873,2024-08-03,11
2024-08-03 12:00:00,0.9853817,0.95736,2024-08-03,12
2024-08-03 13:00:00,0.8690233,0.8371565,2024-08-03,13
2024-08-03 14:00:00,0.8599343,0.8109967,2024-08-03,14
2024-08-03 15:00:00,0.6998292,0.6321493,2024-08-03,15
2024-08-03 16:00:00,0.4442046,0.3618234,2024-08-03,16
2024-08-03 17:00:00,0.171987,0.09710833,2024-08-03,17
2024-08-03 18:00:00,0.01345807,0.0,2024-08-03,18
2024-08-03 19:00:00,0.0,0.0,2024-08-03,19
2024-08-03 20:00:00,0.0,0.0,2024-08-03,20
2024-08-03 21:00:00,0.0,0.0,2024-08-03,21
2024-08-03 22:00:00,0.0,0.0,2024-08-03,22
2024-08-03 23:00:00,0.0,0.0,2024-08-03,23
2024-08-04 00:00:00,0.0,0.0,2024-08-04,0
2024-08-04 01:00:00,0.0,0.0,2024-08-04,1
2024-08-04 02:00:00,0.0,0.0,2024-08-04,2
2024-08-04 03:00:00,0.0,0.0,2024-08-04,3
2024-08-04 04:00:00,0.0,0.0,2024-08-04,4
2024-08-04 05:00:00,0.03357225,0.01778759,2024-08-04,5
2024-08-04 06:00:00,0.1893894,0.1501914,2024-08-04,6
2024-08-04 07:00:00,0.4917425,0.4207956,2024-08-04,7
2024-08-04 08:00:00,0.5915548,0.5492859,2024-08-04,8
2024-08-04 09:00:00,0.5892431,0.5670075,2024-08-04,9
2024-08-04 10:00:00,0.8937396,0.8656307,2024-08-04,10
2024-08-04 11:00:00,0.8550372,0.8332886,2024-08-04,11
2024-08-04 12:00:00,0.8423108,0.8201089,2024-08-04,12
2024-08-04 13:00:00,0.5761011,0.5589807,2024-08-04,13
2024-08-04 14:00:00,0.4755401,0.4583481,2024-08-04,14
2024-08-04 15:00:00,0.4161541,0.3915908,2024-08-04,15
2024-08-04 16:00:00,0.3155196,0.2745368,2024-08-04,16
2024-08-04 17:00:00,0.1577339,0.09699582,2024-08-04,17
2024-08-04 18:00:00,0.01034512,0.0,2024-08-04,18
2024-08-04 19:00:00,0.0,0.0,2024-08-04,19
2024-08-04 20:00:00,0.0,0.0,2024-08-04,20
2024-08-04 21:00:00,0.0,0.0,2024-08-04,21
2024-08-04 22:00:00,0.0,0.0,2024-08-04,22
2024-08-04 23:00:00,0.0,0.0,2024-08-04,23
2024-08-05 00:00:00,0.0,0.0,2024-08-05,0
2024-08-05 01:00:00,0.0,0.0,2024-08-05,1
2024-08-05 02:00:00,0.0,0.0,2024-08-05,2
2024-08-05 03:00:00,0.0,0.0,2024-08-05,3
2024-08-05 04:00:00,0.0,0.0,2024-08-05,4
2024-08-05 05:00:00,0.0363481,0.01436214,2024-08-05,5
2024-08-05 06:00:00,0.2256352,0.1614064,2024-08-05,6
2024-08-05 07:00:00,0.4922691,0.4227624,2024-08-05,7
2024-08-05 08:00:00,0.6146855,0.5707204,2024-08-05,8
2024-08-05 09:00:00,0.5751929,0.5545337,2024-08-05,9
2024-08-05 10:00:00,0.78707,0.7643125,2024-08-05,10
2024-08-05 11:00:00,0.8723045,0.8514437,2024-08-05,11
2024-08-05 12:00:00,0.9557578,0.9318933,2024-08-05,12
2024-08-05 13:00:00,0.850623,0.8225698,2024-08-05,13
2024-08-05 14:00:00,0.7300597,0.6930305,2024-08-05,14
2024-08-05 15:00:00,0.4557669,0.425413,2024-08-05,15
2024-08-05 16:00:00,0.3583951,0.3023762,2024-08-05,16
2024-08-05 17:00:00,0.1473664,0.09682622,2024-08-05,17
2024-08-05 18:00:00,0.006468988,0.0,2024-08-05,18
2024-08-05 19:00:00,0.0,0.0,2024-08-05,19
2024-08-05 20:00:00,0.0,0.0,2024-08-05,20
2024-08-05 21:00:00,0.0,0.0,2024-08-05,21
2024-08-05 22:00:00,0.0,0.0,2024-08-05,22
2024-08-05 23:00:00,0.0,0.0,2024-08-05,23
2024-08-06 00:00:00,0.0,0.0,2024-08-06,0
2024-08-06 01:00:00,0.0,0.0,2024-08-06,1
2024-08-06 02:00:00,0.0,0.0,2024-08-06,2
2024-08-06 03:00:00,0.0,0.0,2024-08-06,3
2024-08-06 04:00:00,0.0,0.0,2024-08-06,4
2024-08-06 05:00:00,0.0144037,0.01364472,2024-08-06,5
2024-08-06 06:00:00,0.07185047,0.06930438,2024-08-06,6
2024-08-06 07:00:00,0.2261451,0.2165157,2024-08-06,7
2024-08-06 08:00:00,0.2559021,0.2481003,2024-08-06,8
2024-08-06 09:00:00,0.6601387,0.6348658,2024-08-06,9
2024-08-06 10:00:00,0.7058405,0.6868249,2024-08-06,10
2024-08-06 11:00:00,0.5760064,0.5616779,2024-08-06,11
2024-08-06 12:00:00,0.8779292,0.8574998,2024-08-06,12
2024-08-06 13:00:00,0.6905611,0.6702622,2024-08-06,13
2024-08-06 14:00:00,0.387309,0.3753319,2024-08-06,14
2024-08-06 15:00:00,0.3144861,0.3023341,2024-08-06,15
2024-08-06 16:00:00,0.1847052,0.1766003,2024-08-06,16
2024-08-06 17:00:00,0.0688881,0.0654871,2024-08-06,17
2024-08-06 18:00:00,0.008008836,0.0,2024-08-06,18
2024-08-06 19:00:00,0.0,0.0,2024-08-06,19
2024-08-06 20:00:00,0.0,0.0,2024-08-06,20
2024-08-06 21:00:00,0.0,0.0,2024-08-06,21
2024-08-06 22:00:00,0.0,0.0,2024-08-06,22
2024-08-06 23:00:00,0.0,0.0,2024-08-06,23
2024-08-07 00:00:00,0.0,0.0,2024-08-07,0
2024-08-07 01:00:00,0.0,0.0,2024-08-07,1
2024-08-07 02:00:00,0.0,0.0,2024-08-07,2
2024-08-07 03:00:00,0.0,0.0,2024-08-07,3
2024-08-07 04:00:00,0.0,0.0,2024-08-07,4
2024-08-07 05:00:00,0.03444633,0.01417671,2024-08-07,5
2024-08-07 06:00:00,0.1574859,0.1369905,2024-08-07,6
2024-08-07 07:00:00,0.1381223,0.1338369,2024-08-07,7
2024-08-07 08:00:00,0.3526897,0.3399781,2024-08-07,8
2024-08-07 09:00:00,0.5757926,0.556403,2024-08-07,9
2024-08-07 10:00:00,0.7117238,0.6934543,2024-08-07,10
2024-08-07 11:00:00,0.8157834,0.7985834,2024-08-07,11
2024-08-07 12:00:00,0.5338494,0.5203902,2024-08-07,12
2024-08-07 13:00:00,0.4658195,0.4530695,2024-08-07,13
2024-08-07 14:00:00,0.1497557,0.1454365,2024-08-07,14
2024-08-07 15:00:00,0.1417867,0.1375944,2024-08-07,15
2024-08-07 16:00:00,0.2223191,0.2087428,2024-08-07,16
2024-08-07 17:00:00,0.09594852,0.08506601,2024-08-07,17
2024-08-07 18:00:00,0.01020995,0.0,2024-08-07,18
2024-08-07 19:00:00,0.0,0.0,2024-08-07,19
2024-08-07 20:00:00,0.0,0.0,2024-08-07,20
2024-08-07 21:00:00,0.0,0.0,2024-08-07,21
2024-08-07 22:00:00,0.0,0.0,2024-08-07,22
2024-08-07 23:00:00,0.0,0.0,2024-08-07,23
2024-08-08 00:00:00,0.0,0.0,2024-08-08,0
2024-08-08 01:00:00,0.0,0.0,2024-08-08,1
2024-08-08 02:00:00,0.0,0.0,2024-08-08,2
2024-08-08 03:00:00,0.0,0.0,2024-08-08,3
2024-08-08 04:00:00,0.0,0.0,2024-08-08,4
2024-08-08 05:00:00,0.03926203,0.008255253,2024-08-08,5
2024-08-08 06:00:00,0.1165274,0.1095144,2024-08-08,6
2024-08-08 07:00:00,0.1245407,0.1207177,2024-08-08,7
2024-08-08 08:00:00,0.1017705,0.09880951,2024-08-08,8
2024-08-08 09:00:00,0.2629548,0.2554377,2024-08-08,9
2024-08-08 10:00:00,0.2162603,0.2101243,2024-08-08,10
2024-08-08 11:00:00,0.3501727,0.3404888,2024-08-08,11
2024-08-08 12:00:00,0.3677578,0.3576547,2024-08-08,12
2024-08-08 13:00:00,0.2557304,0.2484797,2024-08-08,13
2024-08-08 14:00:00,0.2261703,0.2196562,2024-08-08,14
2024-08-08 15:00:00,0.117873,0.1144085,2024-08-08,15
2024-08-08 16:00:00,0.106313,0.1029633,2024-08-08,16
2024-08-08 17:00:00,0.02734733,0.02642073,2024-08-08,17
2024-08-08 18:00:00,0.0076364,0.0,2024-08-08,18
2024-08-08 19:00:00,0.0,0.0,2024-08-08,19
2024-08-08 20:00:00,0.0,0.0,2024-08-08,20
2024-08-08 21:00:00,0.0,0.0,2024-08-08,21
2024-08-08 22:00:00,0.0,0.0,2024-08-08,22
2024-08-08 23:00:00,0.0,0.0,2024-08-08,23
2024-08-09 00:00:00,0.0,0.0,2024-08-09,0
2024-08-09 01:00:00,0.0,0.0,2024-08-09,1
2024-08-09 02:00:00,0.0,0.0,2024-08-09,2
2024-08-09 03:00:00,0.0,0.0,2024-08-09,3
2024-08-09 04:00:00,0.0,0.0,2024-08-09,4
2024-08-09 05:00:00,0.03074196,0.01562294,2024-08-09,5
2024-08-09 06:00:00,0.06256728,0.06042594,2024-08-09,6
2024-08-09 07:00:00,0.1715196,0.1659315,2024-08-09,7
2024-08-09 08:00:00,0.5565113,0.5246614,2024-08-09,8
2024-08-09 09:00:00,0.5367098,0.5203902,2024-08-09,9
2024-08-09 10:00:00,0.6509508,0.6356163,2024-08-09,10
2024-08-09 11:00:00,0.6070467,0.5934832,2024-08-09,11
2024-08-09 12:00:00,0.7543473,0.7394896,2024-08-09,12
2024-08-09 13:00:00,0.6523145,0.635719,2024-08-09,13
2024-08-09 14:00:00,0.4457421,0.4317573,2024-08-09,14
2024-08-09 15:00:00,0.1587499,0.1540572,2024-08-09,15
2024-08-09 16:00:00,0.1045479,0.1012658,2024-08-09,16
2024-08-09 17:00:00,0.03949665,0.03805674,2024-08-09,17
2024-08-09 18:00:00,0.005343613,0.0,2024-08-09,18
2024-08-09 19:00:00,0.0,0.0,2024-08-09,19
2024-08-09 20:00:00,0.0,0.0,2024-08-09,20
2024-08-09 21:00:00,0.0,0.0,2024-08-09,21
2024-08-09 22:00:00,0.0,0.0,2024-08-09,22
2024-08-09 23:00:00,0.0,0.0,2024-08-09,23
2024-08-10 00:00:00,0.0,0.0,2024-08-10,0
2024-08-10 01:00:00,0.0,0.0,2024-08-10,1
2024-08-10 02:00:00,0.0,0.0,2024-08-10,2
2024-08-10 03:00:00,0.0,0.0,2024-08-10,3
2024-08-10 04:00:00,0.0,0.0,2024-08-10,4
2024-08-10 05:00:00,0.02978158,0.01554312,2024-08-10,5
2024-08-10 06:00:00,0.1071142,0.1016905,2024-08-10,6
2024-08-10 07:00:00,0.1594056,0.1543707,2024-08-10,7
2024-08-10 08:00:00,0.1930306,0.1873909,2024-08-10,8
2024-08-10 09:00:00,0.2219932,0.2156609,2024-08-10,9
2024-08-10 10:00:00,0.2680005,0.2604545,2024-08-10,10
2024-08-10 11:00:00,0.3489368,0.3393409,2024-08-10,11
2024-08-10 12:00:00,0.2481414,0.2411589,2024-08-10,12
2024-08-10 13:00:00,0.2357477,0.229076,2024-08-10,13
2024-08-10 14:00:00,0.09504528,0.09230687,2024-08-10,14
2024-08-10 15:00:00,0.06975338,0.06772044,2024-08-10,15
2024-08-10 16:00:00,0.07953615,0.07709756,2024-08-10,16
2024-08-10 17:00:00,0.04849429,0.04662458,2024-08-10,17
2024-08-10 18:00:00,0.005087186,0.0,2024-08-10,18
2024-08-10 19:00:00,0.0,0.0,2024-08-10,19
2024-08-10 20:00:00,0.0,0.0,2024-08-10,20
2024-08-10 21:00:00,0.0,0.0,2024-08-10,21
2024-08-10 22:00:00,0.0,0.0,2024-08-10,22
2024-08-10 23:00:00,0.0,0.0,2024-08-10,23
2024-08-11 00:00:00,0.0,0.0,2024-08-11,0
2024-08-11 01:00:00,0.0,0.0,2024-08-11,1
2024-08-11 02:00:00,0.0,0.0,2024-08-11,2
2024-08-11 03:00:00,0.0,0.0,2024-08-11,3
2024-08-11 04:00:00,0.0,0.0,2024-08-11,4
2024-08-11 05:00:00,0.02681178,0.01672039,2024-08-11,5
2024-08-11 06:00:00,0.04658776,0.04507039,2024-08-11,6
2024-08-11 07:00:00,0.1401656,0.1358564,2024-08-11,7
2024-08-11 08:00:00,0.08874726,0.0861746,2024-08-11,8
2024-08-11 09:00:00,0.02683112,0.02605314,2024-08-11,9
2024-08-11 10:00:00,0.0541839,0.05262156,2024-08-11,10
2024-08-11 11:00:00,0.04034001,0.0391742,2024-08-11,11
2024-08-11 12:00:00,0.0892652,0.08670639,2024-08-11,12
2024-08-11 13:00:00,0.1446753,0.1405507,2024-08-11,13
2024-08-11 14:00:00,0.0921462,0.08949281,2024-08-11,14
2024-08-11 15:00:00,0.02600668,0.02525023,2024-08-11,15
2024-08-11 16:00:00,0.05471214,0.05306884,2024-08-11,16
2024-08-11 17:00:00,0.02003303,0.01938127,2024-08-11,17
2024-08-11 18:00:00,0.004844965,0.0,2024-08-11,18
2024-08-11 19:00:00,0.0,0.0,2024-08-11,19
2024-08-11 20:00:00,0.0,0.0,2024-08-11,20
2024-08-11 21:00:00,0.0,0.0,2024-08-11,21
2024-08-11 22:00:00,0.0,0.0,2024-08-11,22
2024-08-11 23:00:00,0.0,0.0,2024-08-11,23
2024-08-12 00:00:00,0.0,0.0,2024-08-12,0
2024-08-12 01:00:00,0.0,0.0,2024-08-12,1
2024-08-12 02:00:00,0.0,0.0,2024-08-12,2
2024-08-12 03:00:00,0.0,0.0,2024-08-12,3
2024-08-12 04:00:00,0.0,0.0,2024-08-12,4
2024-08-12 05:00:00,0.0313556,0.01238836,2024-08-12,5
2024-08-12 06:00:00,0.09364339,0.08979069,2024-08-12,6
2024-08-12 07:00:00,0.4141453,0.3708874,2024-08-12,7
2024-08-12 08:00:00,0.6142407,0.5807605,2024-08-12,8
2024-08-12 09:00:00,0.900086,0.873436,2024-08-12,9
2024-08-12 10:00:00,0.9661698,0.9506446,2024-08-12,10
2024-08-12 11:00:00,1.014114,1.003184,2024-08-12,11
2024-08-12 12:00:00,0.9017981,0.8904431,2024-08-12,12
2024-08-12 13:00:00,0.7428145,0.7275552,2024-08-12,13
2024-08-12 14:00:00,0.4958058,0.4807395,2024-08-12,14
2024-08-12 15:00:00,0.4111822,0.3910881,2024-08-12,15
2024-08-12 16:00:00,0.2705547,0.246496,2024-08-12,16
2024-08-12 17:00:00,0.1288985,0.09086356,2024-08-12,17
2024-08-12 18:00:00,0.004613349,0.0,2024-08-12,18
2024-08-12 19:00:00,0.0,0.0,2024-08-12,19
2024-08-12 20:00:00,0.0,0.0,2024-08-12,20
2024-08-12 21:00:00,0.0,0.0,2024-08-12,21
2024-08-12 22:00:00,0.0,0.0,2024-08-12,22
2024-08-12 23:00:00,0.0,0.0,2024-08-12,23
2024-08-13 00:00:00,0.0,0.0,2024-08-13,0
2024-08-13 01:00:00,0.0,0.0,2024-08-13,1
2024-08-13 02:00:00,0.0,0.0,2024-08-13,2
2024-08-13 03:00:00,0.0,0.0,2024-08-13,3
2024-08-13 04:00:00,0.0,0.0,2024-08-13,4
2024-08-13 05:00:00,0.02384943,0.01672116,2024-08-13,5
2024-08-13 06:00:00,0.2270832,0.1678065,2024-08-13,6
2024-08-13 07:00:00,0.4245899,0.3805147,2024-08-13,7
2024-08-13 08:00:00,0.644582,0.6103568,2024-08-13,8
2024-08-13 09:00:00,0.808535,0.7866306,2024-08-13,9
2024-08-13 10:00:00,0.6876383,0.675278,2024-08-13,10
2024-08-13 11:00:00,0.8491496,0.8398868,2024-08-13,11
2024-08-13 12:00:00,0.8778452,0.8681187,2024-08-13,12
2024-08-13 13:00:00,0.6764408,0.662939,2024-08-13,13
2024-08-13 14:00:00,0.7349024,0.7099329,2024-08-13,14
2024-08-13 15:00:00,0.6470896,0.602125,2024-08-13,15
2024-08-13 16:00:00,0.3479626,0.3015475,2024-08-13,16
2024-08-13 17:00:00,0.1273943,0.08982977,2024-08-13,17
2024-08-13 18:00:00,0.003550671,0.0,2024-08-13,18
2024-08-13 19:00:00,0.0,0.0,2024-08-13,19
2024-08-13 20:00:00,0.0,0.0,2024-08-13,20
2024-08-13 21:00:00,0.0,0.0,2024-08-13,21
2024-08-13 22:00:00,0.0,0.0,2024-08-13,22
2024-08-13 23:00:00,0.0,0.0,2024-08-13,23
2024-08-14 00:00:00,0.0,0.0,2024-08-14,0
2024-08-14 01:00:00,0.0,0.0,2024-08-14,1
2024-08-14 02:00:00,0.0,0.0,2024-08-14,2
2024-08-14 03:00:00,0.0,0.0,2024-08-14,3
2024-08-14 04:00:00,0.0,0.0,2024-08-14,4
2024-08-14 05:00:00,0.02830746,0.01348374,2024-08-14,5
2024-08-14 06:00:00,0.2151978,0.1635398,2024-08-14,6
2024-08-14 07:00:00,0.3378594,0.3130015,2024-08-14,7
2024-08-14 08:00:00,0.4473763,0.4304047,2024-08-14,8
2024-08-14 09:00:00,0.6171027,0.6018248,2024-08-14,9
2024-08-14 10:00:00,0.7365681,0.7254067,2024-08-14,10
2024-08-14 11:00:00,0.9684103,0.9615834,2024-08-14,11
2024-08-14 12:00:00,0.9629573,0.9552181,2024-08-14,12
2024-08-14 13:00:00,0.9688441,0.9540604,2024-08-14,13
2024-08-14 14:00:00,0.8402784,0.8132774,2024-08-14,14
2024-08-14 15:00:00,0.5253622,0.4935014,2024-08-14,15
2024-08-14 16:00:00,0.307111,0.2733853,2024-08-14,16
2024-08-14 17:00:00,0.1220997,0.08851816,2024-08-14,17
2024-08-14 18:00:00,0.004912545,0.0,2024-08-14,18
2024-08-14 19:00:00,0.0,0.0,2024-08-14,19
2024-08-14 20:00:00,0.0,0.0,2024-08-14,20
2024-08-14 21:00:00,0.0,0.0,2024-08-14,21
2024-08-14 22:00:00,0.0,0.0,2024-08-14,22
2024-08-14 23:00:00,0.0,0.0,2024-08-14,23
2024-08-15 00:00:00,0.0,0.0,2024-08-15,0
2024-08-15 01:00:00,0.0,0.0,2024-08-15,1
2024-08-15 02:00:00,0.0,0.0,2024-08-15,2
2024-08-15 03:00:00,0.0,0.0,2024-08-15,3
2024-08-15 04:00:00,0.0,0.0,2024-08-15,4
2024-08-15 05:00:00,0.03173174,0.009232095,2024-08-15,5
2024-08-15 06:00:00,0.1265565,0.1174761,2024-08-15,6
2024-08-15 07:00:00,0.1830425,0.1770814,2024-08-15,7
2024-08-15 08:00:00,0.2680372,0.2602068,2024-08-15,8
2024-08-15 09:00:00,0.1366099,0.1327161,2024-08-15,9
2024-08-15 10:00:00,0.5823563,0.5710626,2024-08-15,10
2024-08-15 11:00:00,0.7858847,0.77842,2024-08-15,11
2024-08-15 12:00:00,0.6173996,0.6066997,2024-08-15,12
2024-08-15 13:00:00,0.4504678,0.4394488,2024-08-15,13
2024-08-15 14:00:00,0.1196545,0.1162296,2024-08-15,14
2024-08-15 15:00:00,0.1994244,0.1935579,2024-08-15,15
2024-08-15 16:00:00,0.2397137,0.223509,2024-08-15,16
2024-08-15 17:00:00,0.09287642,0.08027054,2024-08-15,17
2024-08-15 18:00:00,0.003985425,0.0,2024-08-15,18
2024-08-15 19:00:00,0.0,0.0,2024-08-15,19
2024-08-15 20:00:00,0.0,0.0,2024-08-15,20
2024-08-15 21:00:00,0.0,0.0,2024-08-15,21
2024-08-15 22:00:00,0.0,0.0,2024-08-15,22
2024-08-15 23:00:00,0.0,0.0,2024-08-15,23
2024-08-16 00:00:00,0.0,0.0,2024-08-16,0
2024-08-16 01:00:00,0.0,0.0,2024-08-16,1
2024-08-16 02:00:00,0.0,0.0,2024-08-16,2
2024-08-16 03:00:00,0.0,0.0,2024-08-16,3
2024-08-16 04:00:00,0.0,0.0,2024-08-16,4
2024-08-16 05:00:00,0.03232287,0.00773342,2024-08-16,5
2024-08-16 06:00:00,0.2657667,0.194169,2024-08-16,6
2024-08-16 07:00:00,0.4938368,0.4440167,2024-08-16,7
2024-08-16 08:00:00,0.6339252,0.6058905,2024-08-16,8
2024-08-16 09:00:00,0.8667396,0.8495803,2024-08-16,9
2024-08-16 10:00:00,0.9334498,0.9263752,2024-08-16,10
2024-08-16 11:00:00,0.9359072,0.932704,2024-08-16,11
2024-08-16 12:00:00,0.8953158,0.8908474,2024-08-16,12
2024-08-16 13:00:00,0.7992303,0.7894146,2024-08-16,13
2024-08-16 14:00:00,0.7708381,0.7499853,2024-08-16,14
2024-08-16 15:00:00,0.6602208,0.6201918,2024-08-16,15
2024-08-16 16:00:00,0.3159978,0.2809041,2024-08-16,16
2024-08-16 17:00:00,0.1097395,0.08500171,2024-08-16,17
2024-08-16 18:00:00,0.002065716,0.0,2024-08-16,18
2024-08-16 19:00:00,0.0,0.0,2024-08-16,19
2024-08-16 20:00:00,0.0,0.0,2024-08-16,20
2024-08-16 21:00:00,0.0,0.0,2024-08-16,21
2024-08-16 22:00:00,0.0,0.0,2024-08-16,22
2024-08-16 23:00:00,0.0,0.0,2024-08-16,23
2024-08-17 00:00:00,0.0,0.0,2024-08-17,0
2024-08-17 01:00:00,0.0,0.0,2024-08-17,1
2024-08-17 02:00:00,0.0,0.0,2024-08-17,2
2024-08-17 03:00:00,0.0,0.0,2024-08-17,3
2024-08-17 04:00:00,0.0,0.0,2024-08-17,4
2024-08-17 05:00:00,0.01163208,0.01100788,2024-08-17,5
2024-08-17 06:00:00,0.1341201,0.1231878,2024-08-17,6
2024-08-17 07:00:00,0.272143,0.2592206,2024-08-17,7
2024-08-17 08:00:00,0.3670564,0.3558795,2024-08-17,8
2024-08-17 09:00:00,0.4689586,0.4578446,2024-08-17,9
2024-08-17 10:00:00,0.4097596,0.3994717,2024-08-17,10
2024-08-17 11:00:00,0.4972146,0.4863206,2024-08-17,11
2024-08-17 12:00:00,0.5264788,0.515724,2024-08-17,12
2024-08-17 13:00:00,0.720877,0.7119183,2024-08-17,13
2024-08-17 14:00:00,0.5694675,0.555427,2024-08-17,14
2024-08-17 15:00:00,0.460566,0.4387952,2024-08-17,15
2024-08-17 16:00:00,0.2301452,0.2160472,2024-08-17,16
2024-08-17 17:00:00,0.06312816,0.0597496,2024-08-17,17
2024-08-17 18:00:00,0.001689577,0.0,2024-08-17,18
2024-08-17 19:00:00,0.0,0.0,2024-08-17,19
2024-08-17 20:00:00,0.0,0.0,2024-08-17,20
2024-08-17 21:00:00,0.0,0.0,2024-08-17,21
2024-08-17 22:00:00,0.0,0.0,2024-08-17,22
2024-08-17 23:00:00,0.0,0.0,2024-08-17,23
2024-08-18 00:00:00,0.0,0.0,2024-08-18,0
2024-08-18 01:00:00,0.0,0.0,2024-08-18,1
2024-08-18 02:00:00,0.0,0.0,2024-08-18,2
2024-08-18 03:00:00,0.0,0.0,2024-08-18,3
2024-08-18 04:00:00,0.0,0.0,2024-08-18,4
2024-08-18 05:00:00,0.01750267,0.01482809,2024-08-18,5
2024-08-18 06:00:00,0.1497506,0.1338436,2024-08-18,6
2024-08-18 07:00:00,0.4470786,0.4072298,2024-08-18,7
2024-08-18 08:00:00,0.6322284,0.6080293,2024-08-18,8
2024-08-18 09:00:00,0.8977245,0.8845775,2024-08-18,9
2024-08-18 10:00:00,0.9790071,0.976266,2024-08-18,10
2024-08-18 11:00:00,1.102555,1.104763,2024-08-18,11
2024-08-18 12:00:00,0.824119,0.8214041,2024-08-18,12
2024-08-18 13:00:00,0.7883419,0.7816752,2024-08-18,13
2024-08-18 14:00:00,0.6104831,0.5966808,2024-08-18,14
2024-08-18 15:00:00,0.4041643,0.3880634,2024-08-18,15
2024-08-18 16:00:00,0.3410127,0.3009935,2024-08-18,16
2024-08-18 17:00:00,0.1254642,0.08446949,2024-08-18,17
2024-08-18 18:00:00,0.002732735,0.0,2024-08-18,18
2024-08-18 19:00:00,0.0,0.0,2024-08-18,19
2024-08-18 20:00:00,0.0,0.0,2024-08-18,20
2024-08-18 21:00:00,0.0,0.0,2024-08-18,21
2024-08-18 22:00:00,0.0,0.0,2024-08-18,22
2024-08-18 23:00:00,0.0,0.0,2024-08-18,23
2024-08-19 00:00:00,0.0,0.0,2024-08-19,0
2024-08-19 01:00:00,0.0,0.0,2024-08-19,1
2024-08-19 02:00:00,0.0,0.0,2024-08-19,2
2024-08-19 03:00:00,0.0,0.0,2024-08-19,3
2024-08-19 04:00:00,0.0,0.0,2024-08-19,4
2024-08-19 05:00:00,0.01418615,0.01298205,2024-08-19,5
2024-08-19 06:00:00,0.1741869,0.1481248,2024-08-19,6
2024-08-19 07:00:00,0.3815093,0.3534801,2024-08-19,7
2024-08-19 08:00:00,0.5196459,0.5027136,2024-08-19,8
2024-08-19 09:00:00,0.6410549,0.6310086,2024-08-19,9
2024-08-19 10:00:00,0.8235204,0.8209019,2024-08-19,10
2024-08-19 11:00:00,0.8729577,0.8738331,2024-08-19,11
2024-08-19 12:00:00,1.022165,1.025203,2024-08-19,12
2024-08-19 13:00:00,0.8595793,0.8555108,2024-08-19,13
2024-08-19 14:00:00,0.6947674,0.6810489,2024-08-19,14
2024-08-19 15:00:00,0.4180976,0.4015713,2024-08-19,15
2024-08-19 16:00:00,0.2668791,0.2457649,2024-08-19,16
2024-08-19 17:00:00,0.1007326,0.08031167,2024-08-19,17
2024-08-19 18:00:00,0.001456008,0.0,2024-08-19,18
2024-08-19 19:00:00,0.0,0.0,2024-08-19,19
2024-08-19 20:00:00,0.0,0.0,2024-08-19,20
2024-08-19 21:00:00,0.0,0.0,2024-08-19,21
2024-08-19 22:00:00,0.0,0.0,2024-08-19,22
2024-08-19 23:00:00,0.0,0.0,2024-08-19,23
2024-08-20 00:00:00,0.0,0.0,2024-08-20,0
2024-08-20 01:00:00,0.0,0.0,2024-08-20,1
2024-08-20 02:00:00,0.0,0.0,2024-08-20,2
2024-08-20 03:00:00,0.0,0.0,2024-08-20,3
2024-08-20 04:00:00,0.0,0.0,2024-08-20,4
2024-08-20 05:00:00,0.02627512,0.01055132,2024-08-20,5
2024-08-20 06:00:00,0.07149107,0.06908248,2024-08-20,6
2024-08-20 07:00:00,0.1175919,0.114112,2024-08-20,7
2024-08-20 08:00:00,0.1519262,0.1475901,2024-08-20,8
2024-08-20 09:00:00,0.3055109,0.2972558,2024-08-20,9
2024-08-20 10:00:00,0.3026793,0.2944296,2024-08-20,10
2024-08-20 11:00:00,0.340511,0.3314074,2024-08-20,11
2024-08-20 12:00:00,0.3315994,0.3226902,2024-08-20,12
2024-08-20 13:00:00,0.2911357,0.2831679,2024-08-20,13
2024-08-20 14:00:00,0.1249302,0.1213776,2024-08-20,14
2024-08-20 15:00:00,0.07183196,0.06975815,2024-08-20,15
2024-08-20 16:00:00,0.1080002,0.1046899,2024-08-20,16
2024-08-20 17:00:00,0.06402744,0.06010709,2024-08-20,17
2024-08-20 18:00:00,0.001825721,0.0,2024-08-20,18
2024-08-20 19:00:00,0.0,0.0,2024-08-20,19
2024-08-20 20:00:00,0.0,0.0,2024-08-20,20
2024-08-20 21:00:00,0.0,0.0,2024-08-20,21
2024-08-20 22:00:00,0.0,0.0,2024-08-20,22
2024-08-20 23:00:00,0.0,0.0,2024-08-20,23
2024-08-21 00:00:00,0.0,0.0,2024-08-21,0
2024-08-21 01:00:00,0.0,0.0,2024-08-21,1
2024-08-21 02:00:00,0.0,0.0,2024-08-21,2
2024-08-21 03:00:00,0.0,0.0,2024-08-21,3
2024-08-21 04:00:00,0.0,0.0,2024-08-21,4
2024-08-21 05:00:00,0.02316386,0.0125333,2024-08-21,5
2024-08-21 06:00:00,0.02789023,0.02703937,2024-08-21,6
2024-08-21 07:00:00,0.04755103,0.0461656,2024-08-21,7
2024-08-21 08:00:00,0.01507806,0.01464017,2024-08-21,8
2024-08-21 09:00:00,0.02102346,0.02041414,2024-08-21,9
2024-08-21 10:00:00,0.04839961,0.04700693,2024-08-21,10
2024-08-21 11:00:00,0.1198809,0.1164845,2024-08-21,11
2024-08-21 12:00:00,0.3707964,0.3612298,2024-08-21,12
2024-08-21 13:00:00,0.2933825,0.2853875,2024-08-21,13
2024-08-21 14:00:00,0.2077021,0.2018762,2024-08-21,14
2024-08-21 15:00:00,0.1918267,0.1863093,2024-08-21,15
2024-08-21 16:00:00,0.2017947,0.1923511,2024-08-21,16
2024-08-21 17:00:00,0.04900825,0.04698422,2024-08-21,17
2024-08-21 18:00:00,0.001356031,0.0,2024-08-21,18
2024-08-21 19:00:00,0.0,0.0,2024-08-21,19
2024-08-21 20:00:00,0.0,0.0,2024-08-21,20
2024-08-21 21:00:00,0.0,0.0,2024-08-21,21
2024-08-21 22:00:00,0.0,0.0,2024-08-21,22
2024-08-21 23:00:00,0.0,0.0,2024-08-21,23
2024-08-22 00:00:00,0.0,0.0,2024-08-22,0
2024-08-22 01:00:00,0.0,0.0,2024-08-22,1
2024-08-22 02:00:00,0.0,0.0,2024-08-22,2
2024-08-22 03:00:00,0.0,0.0,2024-08-22,3
2024-08-22 04:00:00,0.0,0.0,2024-08-22,4
2024-08-22 05:00:00,0.0252395,0.01002611,2024-08-22,5
2024-08-22 06:00:00,0.1740559,0.149625,2024-08-22,6
2024-08-22 07:00:00,0.2325276,0.2243551,2024-08-22,7
2024-08-22 08:00:00,0.3622177,0.352661,2024-08-22,8
2024-08-22 09:00:00,0.457752,0.4483904,2024-08-22,9
2024-08-22 10:00:00,0.5496978,0.5412927,2024-08-22,10
2024-08-22 11:00:00,0.7008486,0.6980273,2024-08-22,11
2024-08-22 12:00:00,0.6466298,0.6412969,2024-08-22,12
2024-08-22 13:00:00,0.5703589,0.5627199,2024-08-22,13
2024-08-22 14:00:00,0.4798718,0.4703233,2024-08-22,14
2024-08-22 15:00:00,0.3692484,0.3574763,2024-08-22,15
2024-08-22 16:00:00,0.1839005,0.1764197,2024-08-22,16
2024-08-22 17:00:00,0.03961733,0.03812837,2024-08-22,17
2024-08-22 18:00:00,0.000525715,0.0,2024-08-22,18
2024-08-22 19:00:00,0.0,0.0,2024-08-22,19
2024-08-22 20:00:00,0.0,0.0,2024-08-22,20
2024-08-22 21:00:00,0.0,0.0,2024-08-22,21
2024-08-22 22:00:00,0.0,0.0,2024-08-22,22
2024-08-22 23:00:00,0.0,0.0,2024-08-22,23
2024-08-23 00:00:00,0.0,0.0,2024-08-23,0
2024-08-23 01:00:00,0.0,0.0,2024-08-23,1
2024-08-23 02:00:00,0.0,0.0,2024-08-23,2
2024-08-23 03:00:00,0.0,0.0,2024-08-23,3
2024-08-23 04:00:00,0.0,0.0,2024-08-23,4
2024-08-23 05:00:00,0.01577999,0.01333048,2024-08-23,5
2024-08-23 06:00:00,0.03541214,0.03432146,2024-08-23,6
2024-08-23 07:00:00,0.04609424,0.04475467,2024-08-23,7
2024-08-23 08:00:00,0.1674641,0.1627258,2024-08-23,8
2024-08-23 09:00:00,0.5070489,0.4986637,2024-08-23,9
2024-08-23 10:00:00,0.545138,0.5370613,2024-08-23,10
2024-08-23 11:00:00,0.4187943,0.4088574,2024-08-23,11
2024-08-23 12:00:00,0.5709496,0.5632602,2024-08-23,12
2024-08-23 13:00:00,0.395803,0.3863875,2024-08-23,13
2024-08-23 14:00:00,0.564217,0.5561079,2024-08-23,14
2024-08-23 15:00:00,0.4229542,0.4091998,2024-08-23,15
2024-08-23 16:00:00,0.2307968,0.217674,2024-08-23,16
2024-08-23 17:00:00,0.1095411,0.07748833,2024-08-23,17
2024-08-23 18:00:00,0.000994831,0.0,2024-08-23,18
2024-08-23 19:00:00,0.0,0.0,2024-08-23,19
2024-08-23 20:00:00,0.0,0.0,2024-08-23,20
2024-08-23 21:00:00,0.0,0.0,2024-08-23,21
2024-08-23 22:00:00,0.0,0.0,2024-08-23,22
2024-08-23 23:00:00,0.0,0.0,2024-08-23,23
2024-08-24 00:00:00,0.0,0.0,2024-08-24,0
2024-08-24 01:00:00,0.0,0.0,2024-08-24,1
2024-08-24 02:00:00,0.0,0.0,2024-08-24,2
2024-08-24 03:00:00,0.0,0.0,2024-08-24,3
2024-08-24 04:00:00,0.0,0.0,2024-08-24,4
2024-08-24 05:00:00,0.02272983,0.01092821,2024-08-24,5
2024-08-24 06:00:00,0.07926743,0.0765569,2024-08-24,6
2024-08-24 07:00:00,0.113207,0.1099031,2024-08-24,7
2024-08-24 08:00:00,0.04206172,0.0408497,2024-08-24,8
2024-08-24 09:00:00,0.2078157,0.2020439,2024-08-24,9
2024-08-24 10:00:00,0.4032751,0.3937563,2024-08-24,10
2024-08-24 11:00:00,0.683014,0.6810892,2024-08-24,11
2024-08-24 12:00:00,0.7284575,0.7294877,2024-08-24,12
2024-08-24 13:00:00,0.3178682,0.3094625,2024-08-24,13
2024-08-24 14:00:00,0.1899448,0.1846381,2024-08-24,14
2024-08-24 15:00:00,0.2673267,0.2598043,2024-08-24,15
2024-08-24 16:00:00,0.154258,0.1490377,2024-08-24,16
2024-08-24 17:00:00,0.01791117,0.01732794,2024-08-24,17
2024-08-24 18:00:00,0.00041352,0.0,2024-08-24,18
2024-08-24 19:00:00,0.0,0.0,2024-08-24,19
2024-08-24 20:00:00,0.0,0.0,2024-08-24,20
2024-08-24 21:00:00,0.0,0.0,2024-08-24,21
2024-08-24 22:00:00,0.0,0.0,2024-08-24,22
2024-08-24 23:00:00,0.0,0.0,2024-08-24,23
2024-08-25 00:00:00,0.0,0.0,2024-08-25,0
2024-08-25 01:00:00,0.0,0.0,2024-08-25,1
2024-08-25 02:00:00,0.0,0.0,2024-08-25,2
2024-08-25 03:00:00,0.0,0.0,2024-08-25,3
2024-08-25 04:00:00,0.0,0.0,2024-08-25,4
2024-08-25 05:00:00,0.01202868,0.01109726,2024-08-25,5
2024-08-25 06:00:00,0.05172036,0.05008955,2024-08-25,6
2024-08-25 07:00:00,0.2434775,0.235255,2024-08-25,7
2024-08-25 08:00:00,0.507625,0.4982196,2024-08-25,8
2024-08-25 09:00:00,0.6565286,0.654692,2024-08-25,9
2024-08-25 10:00:00,0.7875017,0.7936014,2024-08-25,10
2024-08-25 11:00:00,0.9609889,0.9771386,2024-08-25,11
2024-08-25 12:00:00,0.6886687,0.6882728,2024-08-25,12
2024-08-25 13:00:00,0.7898344,0.795315,2024-08-25,13
2024-08-25 14:00:00,0.4785982,0.4707886,2024-08-25,14
2024-08-25 15:00:00,0.3090592,0.3005542,2024-08-25,15
2024-08-25 16:00:00,0.2474409,0.2322854,2024-08-25,16
2024-08-25 17:00:00,0.1032606,0.07435912,2024-08-25,17
2024-08-25 18:00:00,0.000464318,0.0,2024-08-25,18
2024-08-25 19:00:00,0.0,0.0,2024-08-25,19
2024-08-25 20:00:00,0.0,0.0,2024-08-25,20
2024-08-25 21:00:00,0.0,0.0,2024-08-25,21
2024-08-25 22:00:00,0.0,0.0,2024-08-25,22
2024-08-25 23:00:00,0.0,0.0,2024-08-25,23
2024-08-26 00:00:00,0.0,0.0,2024-08-26,0
2024-08-26 01:00:00,0.0,0.0,2024-08-26,1
2024-08-26 02:00:00,0.0,0.0,2024-08-26,2
2024-08-26 03:00:00,0.0,0.0,2024-08-26,3
2024-08-26 04:00:00,0.0,0.0,2024-08-26,4
2024-08-26 05:00:00,0.01857129,0.01244993,2024-08-26,5
2024-08-26 06:00:00,0.03716956,0.03603159,2024-08-26,6
2024-08-26 07:00:00,0.03469174,0.03368663,2024-08-26,7
2024-08-26 08:00:00,0.07710761,0.07490591,2024-08-26,8
2024-08-26 09:00:00,0.0470354,0.04568414,2024-08-26,9
2024-08-26 10:00:00,0.1423979,0.1384024,2024-08-26,10
2024-08-26 11:00:00,0.06528167,0.06341449,2024-08-26,11
2024-08-26 12:00:00,0.1123011,0.1091268,2024-08-26,12
2024-08-26 13:00:00,0.03847105,0.03736298,2024-08-26,13
2024-08-26 14:00:00,0.1306058,0.1269268,2024-08-26,14
2024-08-26 15:00:00,0.1070442,0.1039911,2024-08-26,15
2024-08-26 16:00:00,0.01703236,0.01653588,2024-08-26,16
2024-08-26 17:00:00,0.01223016,0.01184579,2024-08-26,17
2024-08-26 18:00:00,0.000250598,0.0,2024-08-26,18
2024-08-26 19:00:00,0.0,0.0,2024-08-26,19
2024-08-26 20:00:00,0.0,0.0,2024-08-26,20
2024-08-26 21:00:00,0.0,0.0,2024-08-26,21
2024-08-26 22:00:00,0.0,0.0,2024-08-26,22
2024-08-26 23:00:00,0.0,0.0,2024-08-26,23
2024-08-27 00:00:00,0.0,0.0,2024-08-27,0
2024-08-27 01:00:00,0.0,0.0,2024-08-27,1
2024-08-27 02:00:00,0.0,0.0,2024-08-27,2
2024-08-27 03:00:00,0.0,0.0,2024-08-27,3
2024-08-27 04:00:00,0.0,0.0,2024-08-27,4
2024-08-27 05:00:00,0.02444554,0.007135524,2024-08-27,5
2024-08-27 06:00:00,0.1913423,0.1639478,2024-08-27,6
2024-08-27 07:00:00,0.3757702,0.3590982,2024-08-27,7
2024-08-27 08:00:00,0.5573949,0.5510322,2024-08-27,8
2024-08-27 09:00:00,0.602836,0.6010289,2024-08-27,9
2024-08-27 10:00:00,0.8824459,0.8976488,2024-08-27,10
2024-08-27 11:00:00,0.9436034,0.963456,2024-08-27,11
2024-08-27 12:00:00,0.9906663,1.011866,2024-08-27,12
2024-08-27 13:00:00,0.8470306,0.8590863,2024-08-27,13
2024-08-27 14:00:00,0.527036,0.5219938,2024-08-27,14
2024-08-27 15:00:00,0.5545931,0.5416492,2024-08-27,15
2024-08-27 16:00:00,0.2875651,0.2668959,2024-08-27,16
2024-08-27 17:00:00,0.05958711,0.05523261,2024-08-27,17
2024-08-27 18:00:00,8.41598e-05,0.0,2024-08-27,18
2024-08-27 19:00:00,0.0,0.0,2024-08-27,19
2024-08-27 20:00:00,0.0,0.0,2024-08-27,20
2024-08-27 21:00:00,0.0,0.0,2024-08-27,21
2024-08-27 22:00:00,0.0,0.0,2024-08-27,22
2024-08-27 23:00:00,0.0,0.0,2024-08-27,23
2024-08-28 00:00:00,0.0,0.0,2024-08-28,0
2024-08-28 01:00:00,0.0,0.0,2024-08-28,1
2024-08-28 02:00:00,0.0,0.0,2024-08-28,2
2024-08-28 03:00:00,0.0,0.0,2024-08-28,3
2024-08-28 04:00:00,0.0,0.0,2024-08-28,4
2024-08-28 05:00:00,0.009311918,0.008803627,2024-08-28,5
2024-08-28 06:00:00,0.09260014,0.08917745,2024-08-28,6
2024-08-28 07:00:00,0.2512962,0.2434833,2024-08-28,7
2024-08-28 08:00:00,0.04902399,0.04761739,2024-08-28,8
2024-08-28 09:00:00,0.1893278,0.1840923,2024-08-28,9
2024-08-28 10:00:00,0.2106379,0.2048438,2024-08-28,10
2024-08-28 11:00:00,0.1781531,0.173209,2024-08-28,11
2024-08-28 12:00:00,0.1108619,0.1077322,2024-08-28,12
2024-08-28 13:00:00,0.3149254,0.3067365,2024-08-28,13
2024-08-28 14:00:00,0.2797204,0.2723964,2024-08-28,14
2024-08-28 15:00:00,0.1435367,0.139484,2024-08-28,15
2024-08-28 16:00:00,0.05169958,0.05018673,2024-08-28,16
2024-08-28 17:00:00,0.04134571,0.0396796,2024-08-28,17
2024-08-28 18:00:00,2.52092e-05,0.0,2024-08-28,18
2024-08-28 19:00:00,0.0,0.0,2024-08-28,19
2024-08-28 20:00:00,0.0,0.0,2024-08-28,20
2024-08-28 21:00:00,0.0,0.0,2024-08-28,21
2024-08-28 22:00:00,0.0,0.0,2024-08-28,22
2024-08-28 23:00:00,0.0,0.0,2024-08-28,23
2024-08-29 00:00:00,0.0,0.0,2024-08-29,0
2024-08-29 01:00:00,0.0,0.0,2024-08-29,1
2024-08-29 02:00:00,0.0,0.0,2024-08-29,2
2024-08-29 03:00:00,0.0,0.0,2024-08-29,3
2024-08-29 04:00:00,0.0,0.0,2024-08-29,4
2024-08-29 05:00:00,0.02476925,0.0,2024-08-29,5
2024-08-29 06:00:00,0.1072948,0.1026237,2024-08-29,6
2024-08-29 07:00:00,0.2983158,0.2887676,2024-08-29,7
2024-08-29 08:00:00,0.3429733,0.3355759,2024-08-29,8
2024-08-29 09:00:00,0.3134906,0.3055526,2024-08-29,9
2024-08-29 10:00:00,0.2103668,0.2045905,2024-08-29,10
2024-08-29 11:00:00,0.5059687,0.4981345,2024-08-29,11
2024-08-29 12:00:00,0.4347693,0.4257011,2024-08-29,12
2024-08-29 13:00:00,0.3665236,0.3578743,2024-08-29,13
2024-08-29 14:00:00,0.2653881,0.2583627,2024-08-29,14
2024-08-29 15:00:00,0.2150968,0.2092316,2024-08-29,15
2024-08-29 16:00:00,0.1361657,0.1319699,2024-08-29,16
2024-08-29 17:00:00,0.03714069,0.0357221,2024-08-29,17
2024-08-29 18:00:00,3.1897e-06,0.0,2024-08-29,18
2024-08-29 19:00:00,0.0,0.0,2024-08-29,19
2024-08-29 20:00:00,0.0,0.0,2024-08-29,20
2024-08-29 21:00:00,0.0,0.0,2024-08-29,21
2024-08-29 22:00:00,0.0,0.0,2024-08-29,22
2024-08-29 23:00:00,0.0,0.0,2024-08-29,23
2024-08-30 00:00:00,0.0,0.0,2024-08-30,0
2024-08-30 01:00:00,0.0,0.0,2024-08-30,1
2024-08-30 02:00:00,0.0,0.0,2024-08-30,2
2024-08-30 03:00:00,0.0,0.0,2024-08-30,3
2024-08-30 04:00:00,0.0,0.0,2024-08-30,4
2024-08-30 05:00:00,0.01696871,0.0,2024-08-30,5
2024-08-30 06:00:00,0.02436233,0.02363785,2024-08-30,6
2024-08-30 07:00:00,0.06197326,0.060193,2024-08-30,7
2024-08-30 08:00:00,0.09729818,0.09454794,2024-08-30,8
2024-08-30 09:00:00,0.1243787,0.1208911,2024-08-30,9
2024-08-30 10:00:00,0.1127094,0.1095357,2024-08-30,10
2024-08-30 11:00:00,0.1109485,0.1078212,2024-08-30,11
2024-08-30 12:00:00,0.1186272,0.1152911,2024-08-30,12
2024-08-30 13:00:00,0.08283284,0.08048175,2024-08-30,13
2024-08-30 14:00:00,0.1057507,0.1027704,2024-08-30,14
2024-08-30 15:00:00,0.03810762,0.03701154,2024-08-30,15
2024-08-30 16:00:00,0.008174504,0.007936525,2024-08-30,16
2024-08-30 17:00:00,0.001000806,0.00097142,2024-08-30,17
2024-08-30 18:00:00,0.0,0.0,2024-08-30,18
2024-08-30 19:00:00,0.0,0.0,2024-08-30,19
2024-08-30 20:00:00,0.0,0.0,2024-08-30,20
2024-08-30 21:00:00,0.0,0.0,2024-08-30,21
2024-08-30 22:00:00,0.0,0.0,2024-08-30,22
2024-08-30 23:00:00,0.0,0.0,2024-08-30,23
2024-08-31 00:00:00,0.0,0.0,2024-08-31,0
2024-08-31 01:00:00,0.0,0.0,2024-08-31,1
2024-08-31 02:00:00,0.0,0.0,2024-08-31,2
2024-08-31 03:00:00,0.0,0.0,2024-08-31,3
2024-08-31 04:00:00,0.0,0.0,2024-08-31,4
2024-08-31 05:00:00,0.01474593,0.0,2024-08-31,5
2024-08-31 06:00:00,0.07900062,0.07644096,2024-08-31,6
2024-08-31 07:00:00,0.1118889,0.1087039,2024-08-31,7
2024-08-31 08:00:00,0.1803889,0.1754147,2024-08-31,8
2024-08-31 09:00:00,0.09101072,0.08843709,2024-08-31,9
2024-08-31 10:00:00,0.2872904,0.2796454,2024-08-31,10
2024-08-31 11:00:00,0.2112378,0.2054548,2024-08-31,11
2024-08-31 12:00:00,0.561878,0.5577405,2024-08-31,12
2024-08-31 13:00:00,0.1962944,0.1909075,2024-08-31,13
2024-08-31 14:00:00,0.3729795,0.365761,2024-08-31,14
2024-08-31 15:00:00,0.2928746,0.2861604,2024-08-31,15
2024-08-31 16:00:00,0.1941555,0.1869474,2024-08-31,16
2024-08-31 17:00:00,0.04761995,0.04498773,2024-08-31,17
2024-08-31 18:00:00,0.0,0.0,2024-08-31,18
2024-08-31 19:00:00,0.0,0.0,2024-08-31,19
2024-08-31 20:00:00,0.0,0.0,2024-08-31,20
2024-08-31 21:00:00,0.0,0.0,2024-08-31,21
2024-08-31 22:00:00,0.0,0.0,2024-08-31,22
2024-08-31 23:00:00,0.0,0.0,2024-08-31,23
2024-09-01 00:00:00,0.0,0.0,2024-09-01,0
2024-09-01 01:00:00,0.0,0.0,2024-09-01,1
2024-09-01 02:00:00,0.0,0.0,2024-09-01,2
2024-09-01 03:00:00,0.0,0.0,2024-09-01,3
2024-09-01 04:00:00,0.0,0.0,2024-09-01,4
2024-09-01 05:00:00,0.02120347,0.0,2024-09-01,5
2024-09-01 06:00:00,0.03135674,0.03042291,2024-09-01,6
2024-09-01 07:00:00,0.04587964,0.04456216,2024-09-01,7
2024-09-01 08:00:00,0.1605931,0.1561528,2024-09-01,8
2024-09-01 09:00:00,0.3026009,0.2949588,2024-09-01,9
2024-09-01 10:00:00,0.270777,0.2635287,2024-09-01,10
2024-09-01 11:00:00,0.3132923,0.3050793,2024-09-01,11
2024-09-01 12:00:00,0.1924975,0.1872097,2024-09-01,12
2024-09-01 13:00:00,0.3159758,0.3079563,2024-09-01,13
2024-09-01 14:00:00,0.2288779,0.2227053,2024-09-01,14
2024-09-01 15:00:00,0.1336745,0.1299376,2024-09-01,15
2024-09-01 16:00:00,0.07105556,0.06899039,2024-09-01,16
2024-09-01 17:00:00,0.03399116,0.03270647,2024-09-01,17
2024-09-01 18:00:00,0.0,0.0,2024-09-01,18
2024-09-01 19:00:00,0.0,0.0,2024-09-01,19
2024-09-01 20:00:00,0.0,0.0,2024-09-01,20
2024-09-01 21:00:00,0.0,0.0,2024-09-01,21
2024-09-01 22:00:00,0.0,0.0,2024-09-01,22
2024-09-01 23:00:00,0.0,0.0,2024-09-01,23
2024-09-02 00:00:00,0.0,0.0,2024-09-02,0
2024-09-02 01:00:00,0.0,0.0,2024-09-02,1
2024-09-02 02:00:00,0.0,0.0,2024-09-02,2
2024-09-02 03:00:00,0.0,0.0,2024-09-02,3
2024-09-02 04:00:00,0.0,0.0,2024-09-02,4
2024-09-02 05:00:00,0.0149432,0.0,2024-09-02,5
2024-09-02 06:00:00,0.08246489,0.07980219,2024-09-02,6
2024-09-02 07:00:00,0.09671069,0.09397046,2024-09-02,7
2024-09-02 08:00:00,0.3069632,0.3002796,2024-09-02,8
2024-09-02 09:00:00,0.6115664,0.617581,2024-09-02,9
2024-09-02 10:00:00,0.7252795,0.7389703,2024-09-02,10
2024-09-02 11:00:00,0.5261935,0.5205045,2024-09-02,11
2024-09-02 12:00:00,0.469213,0.4615825,2024-09-02,12
2024-09-02 13:00:00,0.2441783,0.2376068,2024-09-02,13
2024-09-02 14:00:00,0.2542843,0.2476212,2024-09-02,14
2024-09-02 15:00:00,0.1589459,0.1545487,2024-09-02,15
2024-09-02 16:00:00,0.06534515,0.06345297,2024-09-02,16
2024-09-02 17:00:00,0.02623987,0.02531174,2024-09-02,17
2024-09-02 18:00:00,0.0,0.0,2024-09-02,18
2024-09-02 19:00:00,0.0,0.0,2024-09-02,19
2024-09-02 20:00:00,0.0,0.0,2024-09-02,20
2024-09-02 21:00:00,0.0,0.0,2024-09-02,21
2024-09-02 22:00:00,0.0,0.0,2024-09-02,22
2024-09-02 23:00:00,0.0,0.0,2024-09-02,23
2024-09-03 00:00:00,0.0,0.0,2024-09-03,0
2024-09-03 01:00:00,0.0,0.0,2024-09-03,1
2024-09-03 02:00:00,0.0,0.0,2024-09-03,2
2024-09-03 03:00:00,0.0,0.0,2024-09-03,3
2024-09-03 04:00:00,0.0,0.0,2024-09-03,4
2024-09-03 05:00:00,0.02028385,0.0,2024-09-03,5
2024-09-03 06:00:00,0.1370914,0.1294839,2024-09-03,6
2024-09-03 07:00:00,0.1461848,0.142118,2024-09-03,7
2024-09-03 08:00:00,0.240127,0.2339284,2024-09-03,8
2024-09-03 09:00:00,0.4284633,0.4223704,2024-09-03,9
2024-09-03 10:00:00,0.4947266,0.4890431,2024-09-03,10
2024-09-03 11:00:00,0.7312946,0.7450176,2024-09-03,11
2024-09-03 12:00:00,0.4472499,0.4392475,2024-09-03,12
2024-09-03 13:00:00,0.6860086,0.6988894,2024-09-03,13
2024-09-03 14:00:00,0.6073993,0.6164381,2024-09-03,14
2024-09-03 15:00:00,0.2906523,0.2847817,2024-09-03,15
2024-09-03 16:00:00,0.2213993,0.2133491,2024-09-03,16
2024-09-03 17:00:00,0.03327407,0.03199802,2024-09-03,17
2024-09-03 18:00:00,0.0,0.0,2024-09-03,18
2024-09-03 19:00:00,0.0,0.0,2024-09-03,19
2024-09-03 20:00:00,0.0,0.0,2024-09-03,20
2024-09-03 21:00:00,0.0,0.0,2024-09-03,21
2024-09-03 22:00:00,0.0,0.0,2024-09-03,22
2024-09-03 23:00:00,0.0,0.0,2024-09-03,23
2024-09-04 00:00:00,0.0,0.0,2024-09-04,0
2024-09-04 01:00:00,0.0,0.0,2024-09-04,1
2024-09-04 02:00:00,0.0,0.0,2024-09-04,2
2024-09-04 03:00:00,0.0,0.0,2024-09-04,3
2024-09-04 04:00:00,0.0,0.0,2024-09-04,4
2024-09-04 05:00:00,0.02025871,0.0,2024-09-04,5
2024-09-04 06:00:00,0.1414884,0.1336657,2024-09-04,6
2024-09-04 07:00:00,0.269645,0.2641582,2024-09-04,7
2024-09-04 08:00:00,0.4284681,0.4265651,2024-09-04,8
2024-09-04 09:00:00,0.3895675,0.3825628,2024-09-04,9
2024-09-04 10:00:00,0.2633672,0.2563487,2024-09-04,10
2024-09-04 11:00:00,0.4565236,0.4486666,2024-09-04,11
2024-09-04 12:00:00,0.4666412,0.4594207,2024-09-04,12
2024-09-04 13:00:00,0.4181719,0.4109673,2024-09-04,13
2024-09-04 14:00:00,0.3882194,0.3825656,2024-09-04,14
2024-09-04 15:00:00,0.1671401,0.1625739,2024-09-04,15
2024-09-04 16:00:00,0.05193467,0.05043928,2024-09-04,16
2024-09-04 17:00:00,0.04434794,0.04165499,2024-09-04,17
2024-09-04 18:00:00,0.0,0.0,2024-09-04,18
2024-09-04 19:00:00,0.0,0.0,2024-09-04,19
2024-09-04 20:00:00,0.0,0.0,2024-09-04,20
2024-09-04 21:00:00,0.0,0.0,2024-09-04,21
2024-09-04 22:00:00,0.0,0.0,2024-09-04,22
2024-09-04 23:00:00,0.0,0.0,2024-09-04,23
2024-09-05 00:00:00,0.0,0.0,2024-09-05,0
2024-09-05 01:00:00,0.0,0.0,2024-09-05,1
2024-09-05 02:00:00,0.0,0.0,2024-09-05,2
2024-09-05 03:00:00,0.0,0.0,2024-09-05,3
2024-09-05 04:00:00,0.0,0.0,2024-09-05,4
2024-09-05 05:00:00,0.01602626,0.0,2024-09-05,5
2024-09-05 06:00:00,0.005751652,0.005584014,2024-09-05,6
2024-09-05 07:00:00,0.07420623,0.07210928,2024-09-05,7
2024-09-05 08:00:00,0.03580112,0.03477456,2024-09-05,8
2024-09-05 09:00:00,0.004889376,0.004746887,2024-09-05,9
2024-09-05 10:00:00,0.1157996,0.1125611,2024-09-05,10
2024-09-05 11:00:00,0.2262055,0.2200998,2024-09-05,11
2024-09-05 12:00:00,0.05360797,0.05207616,2024-09-05,12
2024-09-05 13:00:00,0.03520799,0.03419605,2024-09-05,13
2024-09-05 14:00:00,0.03597413,0.0349419,2024-09-05,14
2024-09-05 15:00:00,0.1577618,0.1534488,2024-09-05,15
2024-09-05 16:00:00,0.1234896,0.1199769,2024-09-05,16
2024-09-05 17:00:00,0.02411937,0.02327437,2024-09-05,17
2024-09-05 18:00:00,0.0,0.0,2024-09-05,18
2024-09-05 19:00:00,0.0,0.0,2024-09-05,19
2024-09-05 20:00:00,0.0,0.0,2024-09-05,20
2024-09-05 21:00:00,0.0,0.0,2024-09-05,21
2024-09-05 22:00:00,0.0,0.0,2024-09-05,22
2024-09-05 23:00:00,0.0,0.0,2024-09-05,23
2024-09-06 00:00:00,0.0,0.0,2024-09-06,0
2024-09-06 01:00:00,0.0,0.0,2024-09-06,1
2024-09-06 02:00:00,0.0,0.0,2024-09-06,2
2024-09-06 03:00:00,0.0,0.0,2024-09-06,3
2024-09-06 04:00:00,0.0,0.0,2024-09-06,4
2024-09-06 05:00:00,0.01854058,0.0,2024-09-06,5
2024-09-06 06:00:00,0.1784631,0.1665331,2024-09-06,6
2024-09-06 07:00:00,0.2879779,0.2839166,2024-09-06,7
2024-09-06 08:00:00,0.5452476,0.5554621,2024-09-06,8
2024-09-06 09:00:00,0.6739159,0.6926807,2024-09-06,9
2024-09-06 10:00:00,0.9690546,1.013715,2024-09-06,10
2024-09-06 11:00:00,0.9877797,1.034885,2024-09-06,11
2024-09-06 12:00:00,0.8587588,0.8941736,2024-09-06,12
2024-09-06 13:00:00,0.6617563,0.6764066,2024-09-06,13
2024-09-06 14:00:00,0.653999,0.6730534,2024-09-06,14
2024-09-06 15:00:00,0.3925286,0.3924487,2024-09-06,15
2024-09-06 16:00:00,0.1467546,0.1426835,2024-09-06,16
2024-09-06 17:00:00,0.05795255,0.04972622,2024-09-06,17
2024-09-06 18:00:00,0.0,0.0,2024-09-06,18
2024-09-06 19:00:00,0.0,0.0,2024-09-06,19
2024-09-06 20:00:00,0.0,0.0,2024-09-06,20
2024-09-06 21:00:00,0.0,0.0,2024-09-06,21
2024-09-06 22:00:00,0.0,0.0,2024-09-06,22
2024-09-06 23:00:00,0.0,0.0,2024-09-06,23
2024-09-07 00:00:00,0.0,0.0,2024-09-07,0
2024-09-07 01:00:00,0.0,0.0,2024-09-07,1
2024-09-07 02:00:00,0.0,0.0,2024-09-07,2
2024-09-07 03:00:00,0.0,0.0,2024-09-07,3
2024-09-07 04:00:00,0.0,0.0,2024-09-07,4
2024-09-07 05:00:00,0.01548594,0.0,2024-09-07,5
2024-09-07 06:00:00,0.1204828,0.1160384,2024-09-07,6
2024-09-07 07:00:00,0.2340984,0.229458,2024-09-07,7
2024-09-07 08:00:00,0.3700172,0.3664671,2024-09-07,8
2024-09-07 09:00:00,0.672078,0.6924202,2024-09-07,9
2024-09-07 10:00:00,0.9257807,0.9703228,2024-09-07,10
2024-09-07 11:00:00,0.8452714,0.8805394,2024-09-07,11
2024-09-07 12:00:00,1.051845,1.104961,2024-09-07,12
2024-09-07 13:00:00,0.9683666,1.013794,2024-09-07,13
2024-09-07 14:00:00,0.8021188,0.8331957,2024-09-07,14
2024-09-07 15:00:00,0.6048242,0.6179186,2024-09-07,15
2024-09-07 16:00:00,0.2934969,0.2865149,2024-09-07,16
2024-09-07 17:00:00,0.06302856,0.05121402,2024-09-07,17
2024-09-07 18:00:00,0.0,0.0,2024-09-07,18
2024-09-07 19:00:00,0.0,0.0,2024-09-07,19
2024-09-07 20:00:00,0.0,0.0,2024-09-07,20
2024-09-07 21:00:00,0.0,0.0,2024-09-07,21
2024-09-07 22:00:00,0.0,0.0,2024-09-07,22
2024-09-07 23:00:00,0.0,0.0,2024-09-07,23
2024-09-08 00:00:00,0.0,0.0,2024-09-08,0
2024-09-08 01:00:00,0.0,0.0,2024-09-08,1
2024-09-08 02:00:00,0.0,0.0,2024-09-08,2
2024-09-08 03:00:00,0.0,0.0,2024-09-08,3
2024-09-08 04:00:00,0.0,0.0,2024-09-08,4
2024-09-08 05:00:00,0.02068904,0.0,2024-09-08,5
2024-09-08 06:00:00,0.08502012,0.0824881,2024-09-08,6
2024-09-08 07:00:00,0.0920784,0.08951858,2024-09-08,7
2024-09-08 08:00:00,0.4871649,0.4945328,2024-09-08,8
2024-09-08 09:00:00,0.3939746,0.3879497,2024-09-08,9
2024-09-08 10:00:00,0.6403943,0.6515195,2024-09-08,10
2024-09-08 11:00:00,0.7937029,0.8238565,2024-09-08,11
2024-09-08 12:00:00,0.5546063,0.5544415,2024-09-08,12
2024-09-08 13:00:00,0.4417723,0.4365793,2024-09-08,13
2024-09-08 14:00:00,0.1154154,0.1122186,2024-09-08,14
2024-09-08 15:00:00,0.1867319,0.1818797,2024-09-08,15
2024-09-08 16:00:00,0.09712238,0.094402,2024-09-08,16
2024-09-08 17:00:00,0.02035033,0.0196574,2024-09-08,17
2024-09-08 18:00:00,0.0,0.0,2024-09-08,18
2024-09-08 19:00:00,0.0,0.0,2024-09-08,19
2024-09-08 20:00:00,0.0,0.0,2024-09-08,20
2024-09-08 21:00:00,0.0,0.0,2024-09-08,21
2024-09-08 22:00:00,0.0,0.0,2024-09-08,22
2024-09-08 23:00:00,0.0,0.0,2024-09-08,23
2024-09-09 00:00:00,0.0,0.0,2024-09-09,0
2024-09-09 01:00:00,0.0,0.0,2024-09-09,1
2024-09-09 02:00:00,0.0,0.0,2024-09-09,2
2024-09-09 03:00:00,0.0,0.0,2024-09-09,3
2024-09-09 04:00:00,0.0,0.0,2024-09-09,4
2024-09-09 05:00:00,0.01759343,0.0,2024-09-09,5
2024-09-09 06:00:00,0.2002712,0.1907217,2024-09-09,6
2024-09-09 07:00:00,0.4392311,0.4472467,2024-09-09,7
2024-09-09 08:00:00,0.6739476,0.701308,2024-09-09,8
2024-09-09 09:00:00,0.8355255,0.8772127,2024-09-09,9
2024-09-09 10:00:00,0.9803531,1.034029,2024-09-09,10
2024-09-09 11:00:00,0.9450082,0.996465,2024-09-09,11
2024-09-09 12:00:00,0.8962789,0.9430169,2024-09-09,12
2024-09-09 13:00:00,0.7387844,0.7692089,2024-09-09,13
2024-09-09 14:00:00,0.545212,0.5573488,2024-09-09,14
2024-09-09 15:00:00,0.4621994,0.472582,2024-09-09,15
2024-09-09 16:00:00,0.3133877,0.3102312,2024-09-09,16
2024-09-09 17:00:00,0.06321847,0.05000756,2024-09-09,17
2024-09-09 18:00:00,0.0,0.0,2024-09-09,18
2024-09-09 19:00:00,0.0,0.0,2024-09-09,19
2024-09-09 20:00:00,0.0,0.0,2024-09-09,20
2024-09-09 21:00:00,0.0,0.0,2024-09-09,21
2024-09-09 22:00:00,0.0,0.0,2024-09-09,22
2024-09-09 23:00:00,0.0,0.0,2024-09-09,23
2024-09-10 00:00:00,0.0,0.0,2024-09-10,0
2024-09-10 01:00:00,0.0,0.0,2024-09-10,1
2024-09-10 02:00:00,0.0,0.0,2024-09-10,2
2024-09-10 03:00:00,0.0,0.0,2024-09-10,3
2024-09-10 04:00:00,0.0,0.0,2024-09-10,4
2024-09-10 05:00:00,0.01447427,0.0,2024-09-10,5
2024-09-10 06:00:00,0.1896978,0.18273,2024-09-10,6
2024-09-10 07:00:00,0.4997537,0.5125929,2024-09-10,7
2024-09-10 08:00:00,0.7684023,0.8035954,2024-09-10,8
2024-09-10 09:00:00,0.9242935,0.9743711,2024-09-10,9
2024-09-10 10:00:00,1.029873,1.089749,2024-09-10,10
2024-09-10 11:00:00,1.075548,1.139603,2024-09-10,11
2024-09-10 12:00:00,1.032722,1.093371,2024-09-10,12
2024-09-10 13:00:00,0.9569761,1.010503,2024-09-10,13
2024-09-10 14:00:00,0.7376593,0.7734969,2024-09-10,14
2024-09-10 15:00:00,0.4130082,0.4202425,2024-09-10,15
2024-09-10 16:00:00,0.2708101,0.269296,2024-09-10,16
2024-09-10 17:00:00,0.06058466,0.04850094,2024-09-10,17
2024-09-10 18:00:00,0.0,0.0,2024-09-10,18
2024-09-10 19:00:00,0.0,0.0,2024-09-10,19
2024-09-10 20:00:00,0.0,0.0,2024-09-10,20
2024-09-10 21:00:00,0.0,0.0,2024-09-10,21
2024-09-10 22:00:00,0.0,0.0,2024-09-10,22
2024-09-10 23:00:00,0.0,0.0,2024-09-10,23
2024-09-11 00:00:00,0.0,0.0,2024-09-11,0
2024-09-11 01:00:00,0.0,0.0,2024-09-11,1
2024-09-11 02:00:00,0.0,0.0,2024-09-11,2
2024-09-11 03:00:00,0.0,0.0,2024-09-11,3
2024-09-11 04:00:00,0.0,0.0,2024-09-11,4
2024-09-11 05:00:00,0.01417662,0.0,2024-09-11,5
2024-09-11 06:00:00,0.04005731,0.03891385,2024-09-11,6
2024-09-11 07:00:00,0.0844078,0.08207577,2024-09-11,7
2024-09-11 08:00:00,0.08697781,0.08455622,2024-09-11,8
2024-09-11 09:00:00,0.2655088,0.2587774,2024-09-11,9
2024-09-11 10:00:00,0.1964145,0.1911325,2024-09-11,10
2024-09-11 11:00:00,0.133945,0.1302428,2024-09-11,11
2024-09-11 12:00:00,0.06066225,0.05893843,2024-09-11,12
2024-09-11 13:00:00,0.07061286,0.06861825,2024-09-11,13
2024-09-11 14:00:00,0.06135552,0.05962191,2024-09-11,14
2024-09-11 15:00:00,0.06973915,0.06778961,2024-09-11,15
2024-09-11 16:00:00,0.07346326,0.07142262,2024-09-11,16
2024-09-11 17:00:00,0.01792203,0.01732656,2024-09-11,17
2024-09-11 18:00:00,0.0,0.0,2024-09-11,18
2024-09-11 19:00:00,0.0,0.0,2024-09-11,19
2024-09-11 20:00:00,0.0,0.0,2024-09-11,20
2024-09-11 21:00:00,0.0,0.0,2024-09-11,21
2024-09-11 22:00:00,0.0,0.0,2024-09-11,22
2024-09-11 23:00:00,0.0,0.0,2024-09-11,23
2024-09-12 00:00:00,0.0,0.0,2024-09-12,0
2024-09-12 01:00:00,0.0,0.0,2024-09-12,1
2024-09-12 02:00:00,0.0,0.0,2024-09-12,2
2024-09-12 03:00:00,0.0,0.0,2024-09-12,3
2024-09-12 04:00:00,0.0,0.0,2024-09-12,4
2024-09-12 05:00:00,0.01047141,0.0,2024-09-12,5
2024-09-12 06:00:00,0.02001889,0.01944459,2024-09-12,6
2024-09-12 07:00:00,0.03633373,0.03530188,2024-09-12,7
2024-09-12 08:00:00,0.173003,0.1684126,2024-09-12,8
2024-09-12 09:00:00,0.2504698,0.244024,2024-09-12,9
2024-09-12 10:00:00,0.2130384,0.2073625,2024-09-12,10
2024-09-12 11:00:00,0.181632,0.1767129,2024-09-12,11
2024-09-12 12:00:00,0.1449268,0.1409474,2024-09-12,12
2024-09-12 13:00:00,0.01002291,0.009731855,2024-09-12,13
2024-09-12 14:00:00,0.1154898,0.1123151,2024-09-12,14
2024-09-12 15:00:00,0.02945435,0.02861253,2024-09-12,15
2024-09-12 16:00:00,0.05089737,0.04947064,2024-09-12,16
2024-09-12 17:00:00,0.01823825,0.01763301,2024-09-12,17
2024-09-12 18:00:00,0.0,0.0,2024-09-12,18
2024-09-12 19:00:00,0.0,0.0,2024-09-12,19
2024-09-12 20:00:00,0.0,0.0,2024-09-12,20
2024-09-12 21:00:00,0.0,0.0,2024-09-12,21
2024-09-12 22:00:00,0.0,0.0,2024-09-12,22
2024-09-12 23:00:00,0.0,0.0,2024-09-12,23
2024-09-13 00:00:00,0.0,0.0,2024-09-13,0
2024-09-13 01:00:00,0.0,0.0,2024-09-13,1
2024-09-13 02:00:00,0.0,0.0,2024-09-13,2
2024-09-13 03:00:00,0.0,0.0,2024-09-13,3
2024-09-13 04:00:00,0.0,0.0,2024-09-13,4
2024-09-13 05:00:00,0.0102835,0.0,2024-09-13,5
2024-09-13 06:00:00,0.1358418,0.1334253,2024-09-13,6
2024-09-13 07:00:00,0.4344187,0.4521515,2024-09-13,7
2024-09-13 08:00:00,0.4132326,0.417063,2024-09-13,8
2024-09-13 09:00:00,0.5513287,0.5628796,2024-09-13,9
2024-09-13 10:00:00,0.737828,0.771735,2024-09-13,10
2024-09-13 11:00:00,1.00008,1.067368,2024-09-13,11
2024-09-13 12:00:00,0.8761165,0.9304565,2024-09-13,12
2024-09-13 13:00:00,0.7862607,0.8325173,2024-09-13,13
2024-09-13 14:00:00,0.5750204,0.5985184,2024-09-13,14
2024-09-13 15:00:00,0.3913745,0.400718,2024-09-13,15
2024-09-13 16:00:00,0.2217523,0.2225357,2024-09-13,16
2024-09-13 17:00:00,0.05482167,0.04523969,2024-09-13,17
2024-09-13 18:00:00,0.0,0.0,2024-09-13,18
2024-09-13 19:00:00,0.0,0.0,2024-09-13,19
2024-09-13 20:00:00,0.0,0.0,2024-09-13,20
2024-09-13 21:00:00,0.0,0.0,2024-09-13,21
2024-09-13 22:00:00,0.0,0.0,2024-09-13,22
2024-09-13 23:00:00,0.0,0.0,2024-09-13,23
2024-09-14 00:00:00,0.0,0.0,2024-09-14,0
2024-09-14 01:00:00,0.0,0.0,2024-09-14,1
2024-09-14 02:00:00,0.0,0.0,2024-09-14,2
2024-09-14 03:00:00,0.0,0.0,2024-09-14,3
2024-09-14 04:00:00,0.0,0.0,2024-09-14,4
2024-09-14 05:00:00,0.01222102,0.0,2024-09-14,5
2024-09-14 06:00:00,0.05170841,0.05027421,2024-09-14,6
2024-09-14 07:00:00,0.1765193,0.1725077,2024-09-14,7
2024-09-14 08:00:00,0.3678054,0.3674069,2024-09-14,8
2024-09-14 09:00:00,0.4418351,0.4406601,2024-09-14,9
2024-09-14 10:00:00,0.8578972,0.9133744,2024-09-14,10
2024-09-14 11:00:00,0.9920207,1.061489,2024-09-14,11
2024-09-14 12:00:00,0.8994989,0.9595072,2024-09-14,12
2024-09-14 13:00:00,0.6006902,0.6178198,2024-09-14,13
2024-09-14 14:00:00,0.5034858,0.516888,2024-09-14,14
2024-09-14 15:00:00,0.1501023,0.1461588,2024-09-14,15
2024-09-14 16:00:00,0.138785,0.1360394,2024-09-14,16
2024-09-14 17:00:00,0.01054374,0.01021773,2024-09-14,17
2024-09-14 18:00:00,0.0,0.0,2024-09-14,18
2024-09-14 19:00:00,0.0,0.0,2024-09-14,19
2024-09-14 20:00:00,0.0,0.0,2024-09-14,20
2024-09-14 21:00:00,0.0,0.0,2024-09-14,21
2024-09-14 22:00:00,0.0,0.0,2024-09-14,22
2024-09-14 23:00:00,0.0,0.0,2024-09-14,23
2024-09-15 00:00:00,0.0,0.0,2024-09-15,0
2024-09-15 01:00:00,0.0,0.0,2024-09-15,1
2024-09-15 02:00:00,0.0,0.0,2024-09-15,2
2024-09-15 03:00:00,0.0,0.0,2024-09-15,3
2024-09-15 04:00:00,0.0,0.0,2024-09-15,4
2024-09-15 05:00:00,0.01275681,0.0,2024-09-15,5
2024-09-15 06:00:00,0.04643043,0.04514693,2024-09-15,6
2024-09-15 07:00:00,0.03021323,0.02935459,2024-09-15,7
2024-09-15 08:00:00,0.06527495,0.0634466,2024-09-15,8
2024-09-15 09:00:00,0.1113094,0.1082412,2024-09-15,9
2024-09-15 10:00:00,0.06232129,0.06055651,2024-09-15,10
2024-09-15 11:00:00,0.1965605,0.1913009,2024-09-15,11
2024-09-15 12:00:00,0.315728,0.3080467,2024-09-15,12
2024-09-15 13:00:00,0.3276749,0.3205908,2024-09-15,13
2024-09-15 14:00:00,0.1689293,0.164454,2024-09-15,14
2024-09-15 15:00:00,0.1955092,0.191021,2024-09-15,15
2024-09-15 16:00:00,0.07068229,0.06876643,2024-09-15,16
2024-09-15 17:00:00,0.006972372,0.006762814,2024-09-15,17
2024-09-15 18:00:00,0.0,0.0,2024-09-15,18
2024-09-15 19:00:00,0.0,0.0,2024-09-15,19
2024-09-15 20:00:00,0.0,0.0,2024-09-15,20
2024-09-15 21:00:00,0.0,0.0,2024-09-15,21
2024-09-15 22:00:00,0.0,0.0,2024-09-15,22
2024-09-15 23:00:00,0.0,0.0,2024-09-15,23
2024-09-16 00:00:00,0.0,0.0,2024-09-16,0
2024-09-16 01:00:00,0.0,0.0,2024-09-16,1
2024-09-16 02:00:00,0.0,0.0,2024-09-16,2
2024-09-16 03:00:00,0.0,0.0,2024-09-16,3
2024-09-16 04:00:00,0.0,0.0,2024-09-16,4
2024-09-16 05:00:00,0.009388384,0.0,2024-09-16,5
2024-09-16 06:00:00,0.07415441,0.07223534,2024-09-16,6
2024-09-16 07:00:00,0.09073836,0.08828806,2024-09-16,7
2024-09-16 08:00:00,0.1613827,0.1571324,2024-09-16,8
2024-09-16 09:00:00,0.4572385,0.4585678,2024-09-16,9
2024-09-16 10:00:00,0.3406558,0.3330859,2024-09-16,10
2024-09-16 11:00:00,0.3394691,0.3315607,2024-09-16,11
2024-09-16 12:00:00,0.3485035,0.3407764,2024-09-16,12
2024-09-16 13:00:00,0.2300193,0.2240485,2024-09-16,13
2024-09-16 14:00:00,0.1586009,0.154387,2024-09-16,14
2024-09-16 15:00:00,0.218696,0.2145552,2024-09-16,15
2024-09-16 16:00:00,0.1407353,0.1385433,2024-09-16,16
2024-09-16 17:00:00,0.04035092,0.03684397,2024-09-16,17
2024-09-16 18:00:00,0.0,0.0,2024-09-16,18
2024-09-16 19:00:00,0.0,0.0,2024-09-16,19
2024-09-16 20:00:00,0.0,0.0,2024-09-16,20
2024-09-16 21:00:00,0.0,0.0,2024-09-16,21
2024-09-16 22:00:00,0.0,0.0,2024-09-16,22
2024-09-16 23:00:00,0.0,0.0,2024-09-16,23
2024-09-17 00:00:00,0.0,0.0,2024-09-17,0
2024-09-17 01:00:00,0.0,0.0,2024-09-17,1
2024-09-17 02:00:00,0.0,0.0,2024-09-17,2
2024-09-17 03:00:00,0.0,0.0,2024-09-17,3
2024-09-17 04:00:00,0.0,0.0,2024-09-17,4
2024-09-17 05:00:00,0.01449353,0.0,2024-09-17,5
2024-09-17 06:00:00,0.1413176,0.1422032,2024-09-17,6
2024-09-17 07:00:00,0.2703311,0.2724467,2024-09-17,7
2024-09-17 08:00:00,0.4137553,0.4209913,2024-09-17,8
2024-09-17 09:00:00,0.6711453,0.7105801,2024-09-17,9
2024-09-17 10:00:00,0.7716658,0.8198944,2024-09-17,10
2024-09-17 11:00:00,0.7459504,0.7844537,2024-09-17,11
2024-09-17 12:00:00,0.6425145,0.6629257,2024-09-17,12
2024-09-17 13:00:00,0.4008347,0.3962742,2024-09-17,13
2024-09-17 14:00:00,0.6273518,0.6686894,2024-09-17,14
2024-09-17 15:00:00,0.3734996,0.3864273,2024-09-17,15
2024-09-17 16:00:00,0.09792866,0.09548362,2024-09-17,16
2024-09-17 17:00:00,0.03450021,0.03251709,2024-09-17,17
2024-09-17 18:00:00,0.0,0.0,2024-09-17,18
2024-09-17 19:00:00,0.0,0.0,2024-09-17,19
2024-09-17 20:00:00,0.0,0.0,2024-09-17,20
2024-09-17 21:00:00,0.0,0.0,2024-09-17,21
2024-09-17 22:00:00,0.0,0.0,2024-09-17,22
2024-09-17 23:00:00,0.0,0.0,2024-09-17,23
2024-09-18 00:00:00,0.0,0.0,2024-09-18,0
2024-09-18 01:00:00,0.0,0.0,2024-09-18,1
2024-09-18 02:00:00,0.0,0.0,2024-09-18,2
2024-09-18 03:00:00,0.0,0.0,2024-09-18,3
2024-09-18 04:00:00,0.0,0.0,2024-09-18,4
2024-09-18 05:00:00,0.01298077,0.0,2024-09-18,5
2024-09-18 06:00:00,0.1415401,0.1433543,2024-09-18,6
2024-09-18 07:00:00,0.3152236,0.325185,2024-09-18,7
2024-09-18 08:00:00,0.5445395,0.5778421,2024-09-18,8
2024-09-18 09:00:00,0.7687214,0.8275636,2024-09-18,9
2024-09-18 10:00:00,0.8893972,0.9597779,2024-09-18,10
2024-09-18 11:00:00,0.909747,0.9808009,2024-09-18,11
2024-09-18 12:00:00,0.7382618,0.7797354,2024-09-18,12
2024-09-18 13:00:00,0.4253617,0.4227887,2024-09-18,13
2024-09-18 14:00:00,0.4202136,0.4252566,2024-09-18,14
2024-09-18 15:00:00,0.4020258,0.4222214,2024-09-18,15
2024-09-18 16:00:00,0.2073306,0.2137489,2024-09-18,16
2024-09-18 17:00:00,0.03987323,0.03766164,2024-09-18,17
2024-09-18 18:00:00,0.0,0.0,2024-09-18,18
2024-09-18 19:00:00,0.0,0.0,2024-09-18,19
2024-09-18 20:00:00,0.0,0.0,2024-09-18,20
2024-09-18 21:00:00,0.0,0.0,2024-09-18,21
2024-09-18 22:00:00,0.0,0.0,2024-09-18,22
2024-09-18 23:00:00,0.0,0.0,2024-09-18,23
2024-09-19 00:00:00,0.0,0.0,2024-09-19,0
2024-09-19 01:00:00,0.0,0.0,2024-09-19,1
2024-09-19 02:00:00,0.0,0.0,2024-09-19,2
2024-09-19 03:00:00,0.0,0.0,2024-09-19,3
2024-09-19 04:00:00,0.0,0.0,2024-09-19,4
2024-09-19 05:00:00,0.01519654,0.0,2024-09-19,5
2024-09-19 06:00:00,0.1216282,0.1217992,2024-09-19,6
2024-09-19 07:00:00,0.2471342,0.247702,2024-09-19,7
2024-09-19 08:00:00,0.6301595,0.6805609,2024-09-19,8
2024-09-19 09:00:00,0.7351954,0.7911968,2024-09-19,9
2024-09-19 10:00:00,0.8306625,0.8945796,2024-09-19,10
2024-09-19 11:00:00,0.5516085,0.5569725,2024-09-19,11
2024-09-19 12:00:00,0.8643075,0.9325364,2024-09-19,12
2024-09-19 13:00:00,0.660255,0.697459,2024-09-19,13
2024-09-19 14:00:00,0.4792975,0.4954916,2024-09-19,14
2024-09-19 15:00:00,0.4165658,0.4418654,2024-09-19,15
2024-09-19 16:00:00,0.1874556,0.1919749,2024-09-19,16
2024-09-19 17:00:00,0.02499389,0.02433749,2024-09-19,17
2024-09-19 18:00:00,0.0,0.0,2024-09-19,18
2024-09-19 19:00:00,0.0,0.0,2024-09-19,19
2024-09-19 20:00:00,0.0,0.0,2024-09-19,20
2024-09-19 21:00:00,0.0,0.0,2024-09-19,21
2024-09-19 22:00:00,0.0,0.0,2024-09-19,22
2024-09-19 23:00:00,0.0,0.0,2024-09-19,23
2024-09-20 00:00:00,0.0,0.0,2024-09-20,0
2024-09-20 01:00:00,0.0,0.0,2024-09-20,1
2024-09-20 02:00:00,0.0,0.0,2024-09-20,2
2024-09-20 03:00:00,0.0,0.0,2024-09-20,3
2024-09-20 04:00:00,0.0,0.0,2024-09-20,4
2024-09-20 05:00:00,0.01296551,0.0,2024-09-20,5
2024-09-20 06:00:00,0.08851992,0.08688781,2024-09-20,6
2024-09-20 07:00:00,0.1626556,0.1590385,2024-09-20,7
2024-09-20 08:00:00,0.2811922,0.2768432,2024-09-20,8
2024-09-20 09:00:00,0.4967594,0.5062047,2024-09-20,9
2024-09-20 10:00:00,0.5326316,0.5390853,2024-09-20,10
2024-09-20 11:00:00,0.7980286,0.8536701,2024-09-20,11
2024-09-20 12:00:00,0.6796145,0.7120658,2024-09-20,12
2024-09-20 13:00:00,0.7610157,0.8212613,2024-09-20,13
2024-09-20 14:00:00,0.5608152,0.5962607,2024-09-20,14
2024-09-20 15:00:00,0.4417854,0.4746277,2024-09-20,15
2024-09-20 16:00:00,0.1716166,0.174701,2024-09-20,16
2024-09-20 17:00:00,0.02593292,0.02564866,2024-09-20,17
2024-09-20 18:00:00,0.0,0.0,2024-09-20,18
2024-09-20 19:00:00,0.0,0.0,2024-09-20,19
2024-09-20 20:00:00,0.0,0.0,2024-09-20,20
2024-09-20 21:00:00,0.0,0.0,2024-09-20,21
2024-09-20 22:00:00,0.0,0.0,2024-09-20,22
2024-09-20 23:00:00,0.0,0.0,2024-09-20,23
2024-09-21 00:00:00,0.0,0.0,2024-09-21,0
2024-09-21 01:00:00,0.0,0.0,2024-09-21,1
2024-09-21 02:00:00,0.0,0.0,2024-09-21,2
2024-09-21 03:00:00,0.0,0.0,2024-09-21,3
2024-09-21 04:00:00,0.0,0.0,2024-09-21,4
2024-09-21 05:00:00,0.01195637,0.0,2024-09-21,5
2024-09-21 06:00:00,0.081361,0.07969704,2024-09-21,6
2024-09-21 07:00:00,0.1546116,0.1510503,2024-09-21,7
2024-09-21 08:00:00,0.4556262,0.4750186,2024-09-21,8
2024-09-21 09:00:00,0.1221887,0.1188721,2024-09-21,9
2024-09-21 10:00:00,0.1826505,0.1778102,2024-09-21,10
2024-09-21 11:00:00,0.5397975,0.5448915,2024-09-21,11
2024-09-21 12:00:00,0.6940098,0.731434,2024-09-21,12
2024-09-21 13:00:00,0.4031719,0.4000307,2024-09-21,13
2024-09-21 14:00:00,0.1658957,0.1615866,2024-09-21,14
2024-09-21 15:00:00,0.05914811,0.0575178,2024-09-21,15
2024-09-21 16:00:00,0.08117801,0.07914743,2024-09-21,16
2024-09-21 17:00:00,0.01151345,0.01122574,2024-09-21,17
2024-09-21 18:00:00,0.0,0.0,2024-09-21,18
2024-09-21 19:00:00,0.0,0.0,2024-09-21,19
2024-09-21 20:00:00,0.0,0.0,2024-09-21,20
2024-09-21 21:00:00,0.0,0.0,2024-09-21,21
2024-09-21 22:00:00,0.0,0.0,2024-09-21,22
2024-09-21 23:00:00,0.0,0.0,2024-09-21,23
2024-09-22 00:00:00,0.0,0.0,2024-09-22,0
2024-09-22 01:00:00,0.0,0.0,2024-09-22,1
2024-09-22 02:00:00,0.0,0.0,2024-09-22,2
2024-09-22 03:00:00,0.0,0.0,2024-09-22,3
2024-09-22 04:00:00,0.0,0.0,2024-09-22,4
2024-09-22 05:00:00,0.006973773,0.0,2024-09-22,5
2024-09-22 06:00:00,0.1541487,0.163164,2024-09-22,6
2024-09-22 07:00:00,0.4649804,0.5108072,2024-09-22,7
2024-09-22 08:00:00,0.7115619,0.7801061,2024-09-22,8
2024-09-22 09:00:00,0.822634,0.899946,2024-09-22,9
2024-09-22 10:00:00,0.8732154,0.9523024,2024-09-22,10
2024-09-22 11:00:00,1.01684,1.112349,2024-09-22,11
2024-09-22 12:00:00,0.962199,1.052321,2024-09-22,12
2024-09-22 13:00:00,0.8656753,0.9471244,2024-09-22,13
2024-09-22 14:00:00,0.5821795,0.6271569,2024-09-22,14
2024-09-22 15:00:00,0.3823666,0.4066136,2024-09-22,15
2024-09-22 16:00:00,0.2269731,0.246128,2024-09-22,16
2024-09-22 17:00:00,0.04347184,0.05440322,2024-09-22,17
2024-09-22 18:00:00,0.0,0.0,2024-09-22,18
2024-09-22 19:00:00,0.0,0.0,2024-09-22,19
2024-09-22 20:00:00,0.0,0.0,2024-09-22,20
2024-09-22 21:00:00,0.0,0.0,2024-09-22,21
2024-09-22 22:00:00,0.0,0.0,2024-09-22,22
2024-09-22 23:00:00,0.0,0.0,2024-09-22,23
2024-09-23 00:00:00,0.0,0.0,2024-09-23,0
2024-09-23 01:00:00,0.0,0.0,2024-09-23,1
2024-09-23 02:00:00,0.0,0.0,2024-09-23,2
2024-09-23 03:00:00,0.0,0.0,2024-09-23,3
2024-09-23 04:00:00,0.0,0.0,2024-09-23,4
2024-09-23 05:00:00,0.01076174,0.0,2024-09-23,5
2024-09-23 06:00:00,0.161129,0.1737176,2024-09-23,6
2024-09-23 07:00:00,0.3319969,0.3528304,2024-09-23,7
2024-09-23 08:00:00,0.5086273,0.5438543,2024-09-23,8
2024-09-23 09:00:00,0.5564198,0.5808774,2024-09-23,9
2024-09-23 10:00:00,0.6397403,0.6698882,2024-09-23,10
2024-09-23 11:00:00,0.9035916,0.9874709,2024-09-23,11
2024-09-23 12:00:00,0.7163038,0.7628551,2024-09-23,12
2024-09-23 13:00:00,0.7865446,0.8596744,2024-09-23,13
2024-09-23 14:00:00,0.5958785,0.6465367,2024-09-23,14
2024-09-23 15:00:00,0.256869,0.257456,2024-09-23,15
2024-09-23 16:00:00,0.145827,0.1475309,2024-09-23,16
2024-09-23 17:00:00,0.01689204,0.01700335,2024-09-23,17
2024-09-23 18:00:00,0.0,0.0,2024-09-23,18
2024-09-23 19:00:00,0.0,0.0,2024-09-23,19
2024-09-23 20:00:00,0.0,0.0,2024-09-23,20
2024-09-23 21:00:00,0.0,0.0,2024-09-23,21
2024-09-23 22:00:00,0.0,0.0,2024-09-23,22
2024-09-23 23:00:00,0.0,0.0,2024-09-23,23
2024-09-24 00:00:00,0.0,0.0,2024-09-24,0
2024-09-24 01:00:00,0.0,0.0,2024-09-24,1
2024-09-24 02:00:00,0.0,0.0,2024-09-24,2
2024-09-24 03:00:00,0.0,0.0,2024-09-24,3
2024-09-24 04:00:00,0.0,0.0,2024-09-24,4
2024-09-24 05:00:00,0.00910522,0.0,2024-09-24,5
2024-09-24 06:00:00,0.193577,0.2179697,2024-09-24,6
2024-09-24 07:00:00,0.4308254,0.4775405,2024-09-24,7
2024-09-24 08:00:00,0.5862092,0.6421481,2024-09-24,8
2024-09-24 09:00:00,0.7877225,0.8660058,2024-09-24,9
2024-09-24 10:00:00,0.9409183,1.035013,2024-09-24,10
2024-09-24 11:00:00,0.8064219,0.8733056,2024-09-24,11
2024-09-24 12:00:00,0.6279768,0.6549899,2024-09-24,12
2024-09-24 13:00:00,0.6294505,0.6694704,2024-09-24,13
2024-09-24 14:00:00,0.5234555,0.5586333,2024-09-24,14
2024-09-24 15:00:00,0.3805021,0.408686,2024-09-24,15
2024-09-24 16:00:00,0.1899256,0.2033868,2024-09-24,16
2024-09-24 17:00:00,0.03250765,0.0506296,2024-09-24,17
2024-09-24 18:00:00,0.0,0.0,2024-09-24,18
2024-09-24 19:00:00,0.0,0.0,2024-09-24,19
2024-09-24 20:00:00,0.0,0.0,2024-09-24,20
2024-09-24 21:00:00,0.0,0.0,2024-09-24,21
2024-09-24 22:00:00,0.0,0.0,2024-09-24,22
2024-09-24 23:00:00,0.0,0.0,2024-09-24,23
2024-09-25 00:00:00,0.0,0.0,2024-09-25,0
2024-09-25 01:00:00,0.0,0.0,2024-09-25,1
2024-09-25 02:00:00,0.0,0.0,2024-09-25,2
2024-09-25 03:00:00,0.0,0.0,2024-09-25,3
2024-09-25 04:00:00,0.0,0.0,2024-09-25,4
2024-09-25 05:00:00,0.01215578,0.0,2024-09-25,5
2024-09-25 06:00:00,0.2009151,0.2299521,2024-09-25,6
2024-09-25 07:00:00,0.4680909,0.5233531,2024-09-25,7
2024-09-25 08:00:00,0.6689389,0.741713,2024-09-25,8
2024-09-25 09:00:00,0.9067362,1.003067,2024-09-25,9
2024-09-25 10:00:00,0.9676611,1.067909,2024-09-25,10
2024-09-25 11:00:00,1.014713,1.119321,2024-09-25,11
2024-09-25 12:00:00,1.019806,1.125854,2024-09-25,12
2024-09-25 13:00:00,0.8724951,0.9638302,2024-09-25,13
2024-09-25 14:00:00,0.7237839,0.8020549,2024-09-25,14
2024-09-25 15:00:00,0.5317191,0.5934439,2024-09-25,15
2024-09-25 16:00:00,0.2693776,0.3066655,2024-09-25,16
2024-09-25 17:00:00,0.03104836,0.06084315,2024-09-25,17
2024-09-25 18:00:00,0.0,0.0,2024-09-25,18
2024-09-25 19:00:00,0.0,0.0,2024-09-25,19
2024-09-25 20:00:00,0.0,0.0,2024-09-25,20
2024-09-25 21:00:00,0.0,0.0,2024-09-25,21
2024-09-25 22:00:00,0.0,0.0,2024-09-25,22
2024-09-25 23:00:00,0.0,0.0,2024-09-25,23
2024-09-26 00:00:00,0.0,0.0,2024-09-26,0
2024-09-26 01:00:00,0.0,0.0,2024-09-26,1
2024-09-26 02:00:00,0.0,0.0,2024-09-26,2
2024-09-26 03:00:00,0.0,0.0,2024-09-26,3
2024-09-26 04:00:00,0.0,0.0,2024-09-26,4
2024-09-26 05:00:00,0.00895659,0.0,2024-09-26,5
2024-09-26 06:00:00,0.1006304,0.1010905,2024-09-26,6
2024-09-26 07:00:00,0.09590413,0.09344364,2024-09-26,7
2024-09-26 08:00:00,0.1301326,0.1267375,2024-09-26,8
2024-09-26 09:00:00,0.2082465,0.2029811,2024-09-26,9
2024-09-26 10:00:00,0.4815979,0.4846231,2024-09-26,10
2024-09-26 11:00:00,0.7169925,0.7657673,2024-09-26,11
2024-09-26 12:00:00,0.8120989,0.8889014,2024-09-26,12
2024-09-26 13:00:00,0.550525,0.5743038,2024-09-26,13
2024-09-26 14:00:00,0.470906,0.4961292,2024-09-26,14
2024-09-26 15:00:00,0.3629423,0.3906164,2024-09-26,15
2024-09-26 16:00:00,0.157985,0.165466,2024-09-26,16
2024-09-26 17:00:00,0.01284796,0.01398461,2024-09-26,17
2024-09-26 18:00:00,0.0,0.0,2024-09-26,18
2024-09-26 19:00:00,0.0,0.0,2024-09-26,19
2024-09-26 20:00:00,0.0,0.0,2024-09-26,20
2024-09-26 21:00:00,0.0,0.0,2024-09-26,21
2024-09-26 22:00:00,0.0,0.0,2024-09-26,22
2024-09-26 23:00:00,0.0,0.0,2024-09-26,23
2024-09-27 00:00:00,0.0,0.0,2024-09-27,0
2024-09-27 01:00:00,0.0,0.0,2024-09-27,1
2024-09-27 02:00:00,0.0,0.0,2024-09-27,2
2024-09-27 03:00:00,0.0,0.0,2024-09-27,3
2024-09-27 04:00:00,0.0,0.0,2024-09-27,4
2024-09-27 05:00:00,0.008023035,0.0,2024-09-27,5
2024-09-27 06:00:00,0.08605731,0.08525795,2024-09-27,6
2024-09-27 07:00:00,0.2643832,0.2729065,2024-09-27,7
2024-09-27 08:00:00,0.288217,0.2855505,2024-09-27,8
2024-09-27 09:00:00,0.2287493,0.2230808,2024-09-27,9
2024-09-27 10:00:00,0.1953961,0.1903305,2024-09-27,10
2024-09-27 11:00:00,0.2062117,0.2008708,2024-09-27,11
2024-09-27 12:00:00,0.3546976,0.3481706,2024-09-27,12
2024-09-27 13:00:00,0.540742,0.5635986,2024-09-27,13
2024-09-27 14:00:00,0.4516534,0.4735234,2024-09-27,14
2024-09-27 15:00:00,0.2774536,0.2843142,2024-09-27,15
2024-09-27 16:00:00,0.09122945,0.08959278,2024-09-27,16
2024-09-27 17:00:00,0.005502529,0.005634218,2024-09-27,17
2024-09-27 18:00:00,0.0,0.0,2024-09-27,18
2024-09-27 19:00:00,0.0,0.0,2024-09-27,19
2024-09-27 20:00:00,0.0,0.0,2024-09-27,20
2024-09-27 21:00:00,0.0,0.0,2024-09-27,21
2024-09-27 22:00:00,0.0,0.0,2024-09-27,22
2024-09-27 23:00:00,0.0,0.0,2024-09-27,23
2024-09-28 00:00:00,0.0,0.0,2024-09-28,0
2024-09-28 01:00:00,0.0,0.0,2024-09-28,1
2024-09-28 02:00:00,0.0,0.0,2024-09-28,2
2024-09-28 03:00:00,0.0,0.0,2024-09-28,3
2024-09-28 04:00:00,0.0,0.0,2024-09-28,4
2024-09-28 05:00:00,0.005883678,0.0,2024-09-28,5
2024-09-28 06:00:00,0.106914,0.1092332,2024-09-28,6
2024-09-28 07:00:00,0.2371605,0.2408937,2024-09-28,7
2024-09-28 08:00:00,0.2718282,0.2683587,2024-09-28,8
2024-09-28 09:00:00,0.3593111,0.3560289,2024-09-28,9
2024-09-28 10:00:00,0.3712065,0.3655666,2024-09-28,10
2024-09-28 11:00:00,0.5099865,0.5152985,2024-09-28,11
2024-09-28 12:00:00,0.874396,0.9697918,2024-09-28,12
2024-09-28 13:00:00,0.8198482,0.9133964,2024-09-28,13
2024-09-28 14:00:00,0.5712985,0.6292557,2024-09-28,14
2024-09-28 15:00:00,0.2927033,0.3041004,2024-09-28,15
2024-09-28 16:00:00,0.115018,0.1153474,2024-09-28,16
2024-09-28 17:00:00,0.01053102,0.0,2024-09-28,17
2024-09-28 18:00:00,0.0,0.0,2024-09-28,18
2024-09-28 19:00:00,0.0,0.0,2024-09-28,19
2024-09-28 20:00:00,0.0,0.0,2024-09-28,20
2024-09-28 21:00:00,0.0,0.0,2024-09-28,21
2024-09-28 22:00:00,0.0,0.0,2024-09-28,22
2024-09-28 23:00:00,0.0,0.0,2024-09-28,23
2024-09-29 00:00:00,0.0,0.0,2024-09-29,0
2024-09-29 01:00:00,0.0,0.0,2024-09-29,1
2024-09-29 02:00:00,0.0,0.0,2024-09-29,2
2024-09-29 03:00:00,0.0,0.0,2024-09-29,3
2024-09-29 04:00:00,0.0,0.0,2024-09-29,4
2024-09-29 05:00:00,0.00873029,0.0,2024-09-29,5
2024-09-29 06:00:00,0.1359846,0.1484773,2024-09-29,6
2024-09-29 07:00:00,0.3320143,0.3632863,2024-09-29,7
2024-09-29 08:00:00,0.5650399,0.6286992,2024-09-29,8
2024-09-29 09:00:00,0.8522745,0.9544229,2024-09-29,9
2024-09-29 10:00:00,0.8850741,0.9862224,2024-09-29,10
2024-09-29 11:00:00,1.073251,1.19837,2024-09-29,11
2024-09-29 12:00:00,1.04391,1.166487,2024-09-29,12
2024-09-29 13:00:00,0.8379352,0.9372253,2024-09-29,13
2024-09-29 14:00:00,0.6684383,0.7514867,2024-09-29,14
2024-09-29 15:00:00,0.4745103,0.5406364,2024-09-29,15
2024-09-29 16:00:00,0.2363661,0.2801541,2024-09-29,16
2024-09-29 17:00:00,0.02159349,0.0,2024-09-29,17
2024-09-29 18:00:00,0.0,0.0,2024-09-29,18
2024-09-29 19:00:00,0.0,0.0,2024-09-29,19
2024-09-29 20:00:00,0.0,0.0,2024-09-29,20
2024-09-29 21:00:00,0.0,0.0,2024-09-29,21
2024-09-29 22:00:00,0.0,0.0,2024-09-29,22
2024-09-29 23:00:00,0.0,0.0,2024-09-29,23
2024-09-30 00:00:00,0.0,0.0,2024-09-30,0
2024-09-30 01:00:00,0.0,0.0,2024-09-30,1
2024-09-30 02:00:00,0.0,0.0,2024-09-30,2
2024-09-30 03:00:00,0.0,0.0,2024-09-30,3
2024-09-30 04:00:00,0.0,0.0,2024-09-30,4
2024-09-30 05:00:00,0.007116853,0.0,2024-09-30,5
2024-09-30 06:00:00,0.1151029,0.1207639,2024-09-30,6
2024-09-30 07:00:00,0.2186589,0.2203515,2024-09-30,7
2024-09-30 08:00:00,0.3447395,0.3497178,2024-09-30,8
2024-09-30 09:00:00,0.5940992,0.6395669,2024-09-30,9
2024-09-30 10:00:00,0.7876633,0.870718,2024-09-30,10
2024-09-30 11:00:00,1.014136,1.13459,2024-09-30,11
2024-09-30 12:00:00,0.9516162,1.064972,2024-09-30,12
2024-09-30 13:00:00,0.8369431,0.9391775,2024-09-30,13
2024-09-30 14:00:00,0.5440945,0.5994857,2024-09-30,14
2024-09-30 15:00:00,0.3461702,0.3774393,2024-09-30,15
2024-09-30 16:00:00,0.1683763,0.1872752,2024-09-30,16
2024-09-30 17:00:00,0.01779898,0.0,2024-09-30,17
2024-09-30 18:00:00,0.0,0.0,2024-09-30,18
2024-09-30 19:00:00,0.0,0.0,2024-09-30,19
2024-09-30 20:00:00,0.0,0.0,2024-09-30,20
2024-09-30 21:00:00,0.0,0.0,2024-09-30,21
2024-09-30 22:00:00,0.0,0.0,2024-09-30,22
2024-09-30 23:00:00,0.0,0.0,2024-09-30,23
2024-10-01 00:00:00,0.0,0.0,2024-10-01,0
2024-10-01 01:00:00,0.0,0.0,2024-10-01,1
2024-10-01 02:00:00,0.0,0.0,2024-10-01,2
2024-10-01 03:00:00,0.0,0.0,2024-10-01,3
2024-10-01 04:00:00,0.0,0.0,2024-10-01,4
2024-10-01 05:00:00,0.007453656,0.0,2024-10-01,5
2024-10-01 06:00:00,0.02323427,0.02262374,2024-10-01,6
2024-10-01 07:00:00,0.1323631,0.1293307,2024-10-01,7
2024-10-01 08:00:00,0.3679283,0.3779586,2024-10-01,8
2024-10-01 09:00:00,0.6497417,0.714199,2024-10-01,9
2024-10-01 10:00:00,0.6845359,0.740569,2024-10-01,10
2024-10-01 11:00:00,0.8064513,0.8910756,2024-10-01,11
2024-10-01 12:00:00,0.7240217,0.7903166,2024-10-01,12
2024-10-01 13:00:00,0.6754048,0.7444562,2024-10-01,13
2024-10-01 14:00:00,0.3862733,0.3975574,2024-10-01,14
2024-10-01 15:00:00,0.2089527,0.2080883,2024-10-01,15
2024-10-01 16:00:00,0.07050454,0.06900152,2024-10-01,16
2024-10-01 17:00:00,0.002554479,0.0,2024-10-01,17
2024-10-01 18:00:00,0.0,0.0,2024-10-01,18
2024-10-01 19:00:00,0.0,0.0,2024-10-01,19
2024-10-01 20:00:00,0.0,0.0,2024-10-01,20
2024-10-01 21:00:00,0.0,0.0,2024-10-01,21
2024-10-01 22:00:00,0.0,0.0,2024-10-01,22
2024-10-01 23:00:00,0.0,0.0,2024-10-01,23
2024-10-02 00:00:00,0.0,0.0,2024-10-02,0
2024-10-02 01:00:00,0.0,0.0,2024-10-02,1
2024-10-02 02:00:00,0.0,0.0,2024-10-02,2
2024-10-02 03:00:00,0.0,0.0,2024-10-02,3
2024-10-02 04:00:00,0.0,0.0,2024-10-02,4
2024-10-02 05:00:00,0.006784307,0.0,2024-10-02,5
2024-10-02 06:00:00,0.08801211,0.08839788,2024-10-02,6
2024-10-02 07:00:00,0.1879981,0.1867576,2024-10-02,7
2024-10-02 08:00:00,0.4311081,0.4588696,2024-10-02,8
2024-10-02 09:00:00,0.3328098,0.3287002,2024-10-02,9
2024-10-02 10:00:00,0.1787456,0.1741176,2024-10-02,10
2024-10-02 11:00:00,0.2877184,0.2809257,2024-10-02,11
2024-10-02 12:00:00,0.6052004,0.6383014,2024-10-02,12
2024-10-02 13:00:00,0.3547176,0.3514834,2024-10-02,13
2024-10-02 14:00:00,0.3529759,0.3585864,2024-10-02,14
2024-10-02 15:00:00,0.09392039,0.09154997,2024-10-02,15
2024-10-02 16:00:00,0.0671127,0.0656778,2024-10-02,16
2024-10-02 17:00:00,0.00502933,0.0,2024-10-02,17
2024-10-02 18:00:00,0.0,0.0,2024-10-02,18
2024-10-02 19:00:00,0.0,0.0,2024-10-02,19
2024-10-02 20:00:00,0.0,0.0,2024-10-02,20
2024-10-02 21:00:00,0.0,0.0,2024-10-02,21
2024-10-02 22:00:00,0.0,0.0,2024-10-02,22
2024-10-02 23:00:00,0.0,0.0,2024-10-02,23
2024-10-03 00:00:00,0.0,0.0,2024-10-03,0
2024-10-03 01:00:00,0.0,0.0,2024-10-03,1
2024-10-03 02:00:00,0.0,0.0,2024-10-03,2
2024-10-03 03:00:00,0.0,0.0,2024-10-03,3
2024-10-03 04:00:00,0.0,0.0,2024-10-03,4
2024-10-03 05:00:00,0.006463859,0.0,2024-10-03,5
2024-10-03 06:00:00,0.07138243,0.07042098,2024-10-03,6
2024-10-03 07:00:00,0.08931551,0.08708251,2024-10-03,7
2024-10-03 08:00:00,0.2063147,0.2017528,2024-10-03,8
2024-10-03 09:00:00,0.287594,0.2820189,2024-10-03,9
2024-10-03 10:00:00,0.6601128,0.7125633,2024-10-03,10
2024-10-03 11:00:00,0.8060414,0.8958789,2024-10-03,11
2024-10-03 12:00:00,0.6088278,0.6445078,2024-10-03,12
2024-10-03 13:00:00,0.6456883,0.7107571,2024-10-03,13
2024-10-03 14:00:00,0.3584336,0.365827,2024-10-03,14
2024-10-03 15:00:00,0.2794673,0.2938927,2024-10-03,15
2024-10-03 16:00:00,0.08687767,0.08604746,2024-10-03,16
2024-10-03 17:00:00,0.01014595,0.0,2024-10-03,17
2024-10-03 18:00:00,0.0,0.0,2024-10-03,18
2024-10-03 19:00:00,0.0,0.0,2024-10-03,19
2024-10-03 20:00:00,0.0,0.0,2024-10-03,20
2024-10-03 21:00:00,0.0,0.0,2024-10-03,21
2024-10-03 22:00:00,0.0,0.0,2024-10-03,22
2024-10-03 23:00:00,0.0,0.0,2024-10-03,23
2024-10-04 00:00:00,0.0,0.0,2024-10-04,0
2024-10-04 01:00:00,0.0,0.0,2024-10-04,1
2024-10-04 02:00:00,0.0,0.0,2024-10-04,2
2024-10-04 03:00:00,0.0,0.0,2024-10-04,3
2024-10-04 04:00:00,0.0,0.0,2024-10-04,4
2024-10-04 05:00:00,0.006853322,0.0,2024-10-04,5
2024-10-04 06:00:00,0.1315271,0.1489041,2024-10-04,6
2024-10-04 07:00:00,0.3405474,0.3852125,2024-10-04,7
2024-10-04 08:00:00,0.5465158,0.6174712,2024-10-04,8
2024-10-04 09:00:00,0.6500823,0.7216629,2024-10-04,9
2024-10-04 10:00:00,0.7973993,0.8937725,2024-10-04,10
2024-10-04 11:00:00,0.7245514,0.7923409,2024-10-04,11
2024-10-04 12:00:00,0.8087716,0.9071093,2024-10-04,12
2024-10-04 13:00:00,0.7722465,0.8753725,2024-10-04,13
2024-10-04 14:00:00,0.6843832,0.7858866,2024-10-04,14
2024-10-04 15:00:00,0.4483649,0.5254025,2024-10-04,15
2024-10-04 16:00:00,0.1895975,0.232479,2024-10-04,16
2024-10-04 17:00:00,0.01500936,0.0,2024-10-04,17
2024-10-04 18:00:00,0.0,0.0,2024-10-04,18
2024-10-04 19:00:00,0.0,0.0,2024-10-04,19
2024-10-04 20:00:00,0.0,0.0,2024-10-04,20
2024-10-04 21:00:00,0.0,0.0,2024-10-04,21
2024-10-04 22:00:00,0.0,0.0,2024-10-04,22
2024-10-04 23:00:00,0.0,0.0,2024-10-04,23
2024-10-05 00:00:00,0.0,0.0,2024-10-05,0
2024-10-05 01:00:00,0.0,0.0,2024-10-05,1
2024-10-05 02:00:00,0.0,0.0,2024-10-05,2
2024-10-05 03:00:00,0.0,0.0,2024-10-05,3
2024-10-05 04:00:00,0.0,0.0,2024-10-05,4
2024-10-05 05:00:00,0.004214569,0.0,2024-10-05,5
2024-10-05 06:00:00,0.03597305,0.03512618,2024-10-05,6
2024-10-05 07:00:00,0.233654,0.2407347,2024-10-05,7
2024-10-05 08:00:00,0.2936342,0.2935305,2024-10-05,8
2024-10-05 09:00:00,0.3631226,0.3620221,2024-10-05,9
2024-10-05 10:00:00,0.7022741,0.7724714,2024-10-05,10
2024-10-05 11:00:00,1.007883,1.143706,2024-10-05,11
2024-10-05 12:00:00,0.9588052,1.089154,2024-10-05,12
2024-10-05 13:00:00,0.6271456,0.6910776,2024-10-05,13
2024-10-05 14:00:00,0.2602901,0.2568803,2024-10-05,14
2024-10-05 15:00:00,0.1690228,0.1664665,2024-10-05,15
2024-10-05 16:00:00,0.1698687,0.2044761,2024-10-05,16
2024-10-05 17:00:00,0.01387393,0.0,2024-10-05,17
2024-10-05 18:00:00,0.0,0.0,2024-10-05,18
2024-10-05 19:00:00,0.0,0.0,2024-10-05,19
2024-10-05 20:00:00,0.0,0.0,2024-10-05,20
2024-10-05 21:00:00,0.0,0.0,2024-10-05,21
2024-10-05 22:00:00,0.0,0.0,2024-10-05,22
2024-10-05 23:00:00,0.0,0.0,2024-10-05,23
2024-10-06 00:00:00,0.0,0.0,2024-10-06,0
2024-10-06 01:00:00,0.0,0.0,2024-10-06,1
2024-10-06 02:00:00,0.0,0.0,2024-10-06,2
2024-10-06 03:00:00,0.0,0.0,2024-10-06,3
2024-10-06 04:00:00,0.0,0.0,2024-10-06,4
2024-10-06 05:00:00,0.005813104,0.0,2024-10-06,5
2024-10-06 06:00:00,0.175613,0.2265783,2024-10-06,6
2024-10-06 07:00:00,0.3902501,0.4599788,2024-10-06,7
2024-10-06 08:00:00,0.6670572,0.7733495,2024-10-06,8
2024-10-06 09:00:00,0.837355,0.9593287,2024-10-06,9
2024-10-06 10:00:00,0.9406369,1.071723,2024-10-06,10
2024-10-06 11:00:00,1.028796,1.171215,2024-10-06,11
2024-10-06 12:00:00,0.9208065,1.048401,2024-10-06,12
2024-10-06 13:00:00,0.8670431,0.9931564,2024-10-06,13
2024-10-06 14:00:00,0.6979619,0.8085188,2024-10-06,14
2024-10-06 15:00:00,0.4476916,0.5313266,2024-10-06,15
2024-10-06 16:00:00,0.1738165,0.2146951,2024-10-06,16
2024-10-06 17:00:00,0.01183858,0.0,2024-10-06,17
2024-10-06 18:00:00,0.0,0.0,2024-10-06,18
2024-10-06 19:00:00,0.0,0.0,2024-10-06,19
2024-10-06 20:00:00,0.0,0.0,2024-10-06,20
2024-10-06 21:00:00,0.0,0.0,2024-10-06,21
2024-10-06 22:00:00,0.0,0.0,2024-10-06,22
2024-10-06 23:00:00,0.0,0.0,2024-10-06,23
2024-10-07 00:00:00,0.0,0.0,2024-10-07,0
2024-10-07 01:00:00,0.0,0.0,2024-10-07,1
2024-10-07 02:00:00,0.0,0.0,2024-10-07,2
2024-10-07 03:00:00,0.0,0.0,2024-10-07,3
2024-10-07 04:00:00,0.0,0.0,2024-10-07,4
2024-10-07 05:00:00,0.005539902,0.0,2024-10-07,5
2024-10-07 06:00:00,0.1688845,0.2186407,2024-10-07,6
2024-10-07 07:00:00,0.3397482,0.3908292,2024-10-07,7
2024-10-07 08:00:00,0.621932,0.7225811,2024-10-07,8
2024-10-07 09:00:00,0.7873466,0.9038933,2024-10-07,9
2024-10-07 10:00:00,0.8582324,0.9779895,2024-10-07,10
2024-10-07 11:00:00,0.8611158,0.9767571,2024-10-07,11
2024-10-07 12:00:00,0.9235744,1.05474,2024-10-07,12
2024-10-07 13:00:00,0.6297268,0.6995837,2024-10-07,13
2024-10-07 14:00:00,0.5555268,0.6346875,2024-10-07,14
2024-10-07 15:00:00,0.4470297,0.5339048,2024-10-07,15
2024-10-07 16:00:00,0.2089214,0.2735864,2024-10-07,16
2024-10-07 17:00:00,0.009693595,0.0,2024-10-07,17
2024-10-07 18:00:00,0.0,0.0,2024-10-07,18
2024-10-07 19:00:00,0.0,0.0,2024-10-07,19
2024-10-07 20:00:00,0.0,0.0,2024-10-07,20
2024-10-07 21:00:00,0.0,0.0,2024-10-07,21
2024-10-07 22:00:00,0.0,0.0,2024-10-07,22
2024-10-07 23:00:00,0.0,0.0,2024-10-07,23
2024-10-08 00:00:00,0.0,0.0,2024-10-08,0
2024-10-08 01:00:00,0.0,0.0,2024-10-08,1
2024-10-08 02:00:00,0.0,0.0,2024-10-08,2
2024-10-08 03:00:00,0.0,0.0,2024-10-08,3
2024-10-08 04:00:00,0.0,0.0,2024-10-08,4
2024-10-08 05:00:00,0.004728058,0.0,2024-10-08,5
2024-10-08 06:00:00,0.1292011,0.1516881,2024-10-08,6
2024-10-08 07:00:00,0.3223139,0.3673238,2024-10-08,7
2024-10-08 08:00:00,0.5264303,0.6005296,2024-10-08,8
2024-10-08 09:00:00,0.7926837,0.9132547,2024-10-08,9
2024-10-08 10:00:00,0.8116089,0.9230921,2024-10-08,10
2024-10-08 11:00:00,0.8529086,0.9694689,2024-10-08,11
2024-10-08 12:00:00,0.7207972,0.8034977,2024-10-08,12
2024-10-08 13:00:00,0.6889952,0.7818497,2024-10-08,13
2024-10-08 14:00:00,0.527413,0.5993049,2024-10-08,14
2024-10-08 15:00:00,0.3434758,0.3946576,2024-10-08,15
2024-10-08 16:00:00,0.1904163,0.2501027,2024-10-08,16
2024-10-08 17:00:00,0.01063652,0.0,2024-10-08,17
2024-10-08 18:00:00,0.0,0.0,2024-10-08,18
2024-10-08 19:00:00,0.0,0.0,2024-10-08,19
2024-10-08 20:00:00,0.0,0.0,2024-10-08,20
2024-10-08 21:00:00,0.0,0.0,2024-10-08,21
2024-10-08 22:00:00,0.0,0.0,2024-10-08,22
2024-10-08 23:00:00,0.0,0.0,2024-10-08,23
2024-10-09 00:00:00,0.0,0.0,2024-10-09,0
2024-10-09 01:00:00,0.0,0.0,2024-10-09,1
2024-10-09 02:00:00,0.0,0.0,2024-10-09,2
2024-10-09 03:00:00,0.0,0.0,2024-10-09,3
2024-10-09 04:00:00,0.0,0.0,2024-10-09,4
2024-10-09 05:00:00,0.005896213,0.0,2024-10-09,5
2024-10-09 06:00:00,0.1891216,0.2573428,2024-10-09,6
2024-10-09 07:00:00,0.3575069,0.4218777,2024-10-09,7
2024-10-09 08:00:00,0.4744501,0.530111,2024-10-09,8
2024-10-09 09:00:00,0.6570128,0.7433386,2024-10-09,9
2024-10-09 10:00:00,0.8565263,0.9819067,2024-10-09,10
2024-10-09 11:00:00,0.9244409,1.059515,2024-10-09,11
2024-10-09 12:00:00,0.8130841,0.9273347,2024-10-09,12
2024-10-09 13:00:00,0.7840322,0.9053063,2024-10-09,13
2024-10-09 14:00:00,0.6728248,0.7888182,2024-10-09,14
2024-10-09 15:00:00,0.4467349,0.5403412,2024-10-09,15
2024-10-09 16:00:00,0.1981776,0.2663034,2024-10-09,16
2024-10-09 17:00:00,0.01009141,0.0,2024-10-09,17
2024-10-09 18:00:00,0.0,0.0,2024-10-09,18
2024-10-09 19:00:00,0.0,0.0,2024-10-09,19
2024-10-09 20:00:00,0.0,0.0,2024-10-09,20
2024-10-09 21:00:00,0.0,0.0,2024-10-09,21
2024-10-09 22:00:00,0.0,0.0,2024-10-09,22
2024-10-09 23:00:00,0.0,0.0,2024-10-09,23
2024-10-10 00:00:00,0.0,0.0,2024-10-10,0
2024-10-10 01:00:00,0.0,0.0,2024-10-10,1
2024-10-10 02:00:00,0.0,0.0,2024-10-10,2
2024-10-10 03:00:00,0.0,0.0,2024-10-10,3
2024-10-10 04:00:00,0.0,0.0,2024-10-10,4
2024-10-10 05:00:00,0.003353145,0.0,2024-10-10,5
2024-10-10 06:00:00,0.09497324,0.1003333,2024-10-10,6
2024-10-10 07:00:00,0.1861312,0.1865695,2024-10-10,7
2024-10-10 08:00:00,0.3761573,0.3963052,2024-10-10,8
2024-10-10 09:00:00,0.427899,0.4393809,2024-10-10,9
2024-10-10 10:00:00,0.2136885,0.2084392,2024-10-10,10
2024-10-10 11:00:00,0.3952096,0.3923225,2024-10-10,11
2024-10-10 12:00:00,0.6871447,0.7629929,2024-10-10,12
2024-10-10 13:00:00,0.8063411,0.9349695,2024-10-10,13
2024-10-10 14:00:00,0.5670338,0.6595512,2024-10-10,14
2024-10-10 15:00:00,0.3319489,0.3833323,2024-10-10,15
2024-10-10 16:00:00,0.1600201,0.2067516,2024-10-10,16
2024-10-10 17:00:00,0.008100287,0.0,2024-10-10,17
2024-10-10 18:00:00,0.0,0.0,2024-10-10,18
2024-10-10 19:00:00,0.0,0.0,2024-10-10,19
2024-10-10 20:00:00,0.0,0.0,2024-10-10,20
2024-10-10 21:00:00,0.0,0.0,2024-10-10,21
2024-10-10 22:00:00,0.0,0.0,2024-10-10,22
2024-10-10 23:00:00,0.0,0.0,2024-10-10,23
2024-10-11 00:00:00,0.0,0.0,2024-10-11,0
2024-10-11 01:00:00,0.0,0.0,2024-10-11,1
2024-10-11 02:00:00,0.0,0.0,2024-10-11,2
2024-10-11 03:00:00,0.0,0.0,2024-10-11,3
2024-10-11 04:00:00,0.0,0.0,2024-10-11,4
2024-10-11 05:00:00,0.003212786,0.0,2024-10-11,5
2024-10-11 06:00:00,0.1176562,0.1367591,2024-10-11,6
2024-10-11 07:00:00,0.342362,0.4044752,2024-10-11,7
2024-10-11 08:00:00,0.5107054,0.5861274,2024-10-11,8
2024-10-11 09:00:00,0.6783664,0.7774271,2024-10-11,9
2024-10-11 10:00:00,0.7769937,0.8870242,2024-10-11,10
2024-10-11 11:00:00,0.6987053,0.7736169,2024-10-11,11
2024-10-11 12:00:00,0.9240041,1.067925,2024-10-11,12
2024-10-11 13:00:00,0.8320303,0.9686018,2024-10-11,13
2024-10-11 14:00:00,0.6620111,0.782545,2024-10-11,14
2024-10-11 15:00:00,0.4040084,0.4918511,2024-10-11,15
2024-10-11 16:00:00,0.1443304,0.1816262,2024-10-11,16
2024-10-11 17:00:00,0.007251747,0.0,2024-10-11,17
2024-10-11 18:00:00,0.0,0.0,2024-10-11,18
2024-10-11 19:00:00,0.0,0.0,2024-10-11,19
2024-10-11 20:00:00,0.0,0.0,2024-10-11,20
2024-10-11 21:00:00,0.0,0.0,2024-10-11,21
2024-10-11 22:00:00,0.0,0.0,2024-10-11,22
2024-10-11 23:00:00,0.0,0.0,2024-10-11,23
2024-10-12 00:00:00,0.0,0.0,2024-10-12,0
2024-10-12 01:00:00,0.0,0.0,2024-10-12,1
2024-10-12 02:00:00,0.0,0.0,2024-10-12,2
2024-10-12 03:00:00,0.0,0.0,2024-10-12,3
2024-10-12 04:00:00,0.0,0.0,2024-10-12,4
2024-10-12 05:00:00,0.003343149,0.0,2024-10-12,5
2024-10-12 06:00:00,0.1337449,0.1683892,2024-10-12,6
2024-10-12 07:00:00,0.3770784,0.4588676,2024-10-12,7
2024-10-12 08:00:00,0.5554424,0.6511837,2024-10-12,8
2024-10-12 09:00:00,0.714377,0.8278806,2024-10-12,9
2024-10-12 10:00:00,0.7068483,0.7953697,2024-10-12,10
2024-10-12 11:00:00,0.8956923,1.034334,2024-10-12,11
2024-10-12 12:00:00,0.7982304,0.9173072,2024-10-12,12
2024-10-12 13:00:00,0.5909654,0.6587297,2024-10-12,13
2024-10-12 14:00:00,0.5258423,0.609059,2024-10-12,14
2024-10-12 15:00:00,0.3782178,0.4590242,2024-10-12,15
2024-10-12 16:00:00,0.132235,0.162444,2024-10-12,16
2024-10-12 17:00:00,0.005384322,0.0,2024-10-12,17
2024-10-12 18:00:00,0.0,0.0,2024-10-12,18
2024-10-12 19:00:00,0.0,0.0,2024-10-12,19
2024-10-12 20:00:00,0.0,0.0,2024-10-12,20
2024-10-12 21:00:00,0.0,0.0,2024-10-12,21
2024-10-12 22:00:00,0.0,0.0,2024-10-12,22
2024-10-12 23:00:00,0.0,0.0,2024-10-12,23
2024-10-13 00:00:00,0.0,0.0,2024-10-13,0
2024-10-13 01:00:00,0.0,0.0,2024-10-13,1
2024-10-13 02:00:00,0.0,0.0,2024-10-13,2
2024-10-13 03:00:00,0.0,0.0,2024-10-13,3
2024-10-13 04:00:00,0.0,0.0,2024-10-13,4
2024-10-13 05:00:00,0.002781685,0.0,2024-10-13,5
2024-10-13 06:00:00,0.08445447,0.08777519,2024-10-13,6
2024-10-13 07:00:00,0.1975571,0.2008416,2024-10-13,7
2024-10-13 08:00:00,0.3641753,0.3836067,2024-10-13,8
2024-10-13 09:00:00,0.6586956,0.7561652,2024-10-13,9
2024-10-13 10:00:00,0.5217618,0.546226,2024-10-13,10
2024-10-13 11:00:00,0.5829499,0.6202841,2024-10-13,11
2024-10-13 12:00:00,0.6387549,0.7033353,2024-10-13,12
2024-10-13 13:00:00,0.4450016,0.4628797,2024-10-13,13
2024-10-13 14:00:00,0.6023811,0.7157812,2024-10-13,14
2024-10-13 15:00:00,0.3446923,0.4122062,2024-10-13,15
2024-10-13 16:00:00,0.132169,0.1657968,2024-10-13,16
2024-10-13 17:00:00,0.005120413,0.0,2024-10-13,17
2024-10-13 18:00:00,0.0,0.0,2024-10-13,18
2024-10-13 19:00:00,0.0,0.0,2024-10-13,19
2024-10-13 20:00:00,0.0,0.0,2024-10-13,20
2024-10-13 21:00:00,0.0,0.0,2024-10-13,21
2024-10-13 22:00:00,0.0,0.0,2024-10-13,22
2024-10-13 23:00:00,0.0,0.0,2024-10-13,23
2024-10-14 00:00:00,0.0,0.0,2024-10-14,0
2024-10-14 01:00:00,0.0,0.0,2024-10-14,1
2024-10-14 02:00:00,0.0,0.0,2024-10-14,2
2024-10-14 03:00:00,0.0,0.0,2024-10-14,3
2024-10-14 04:00:00,0.0,0.0,2024-10-14,4
2024-10-14 05:00:00,0.004735472,0.0,2024-10-14,5
2024-10-14 06:00:00,0.1393086,0.1847884,2024-10-14,6
2024-10-14 07:00:00,0.3725458,0.4581906,2024-10-14,7
2024-10-14 08:00:00,0.6285702,0.7519696,2024-10-14,8
2024-10-14 09:00:00,0.7899743,0.9281983,2024-10-14,9
2024-10-14 10:00:00,0.8754383,1.019894,2024-10-14,10
2024-10-14 11:00:00,0.5586534,0.589647,2024-10-14,11
2024-10-14 12:00:00,0.5038933,0.5244145,2024-10-14,12
2024-10-14 13:00:00,0.3245747,0.322286,2024-10-14,13
2024-10-14 14:00:00,0.5023776,0.5815041,2024-10-14,14
2024-10-14 15:00:00,0.4219614,0.5263555,2024-10-14,15
2024-10-14 16:00:00,0.1578765,0.220852,2024-10-14,16
2024-10-14 17:00:00,0.003359717,0.0,2024-10-14,17
2024-10-14 18:00:00,0.0,0.0,2024-10-14,18
2024-10-14 19:00:00,0.0,0.0,2024-10-14,19
2024-10-14 20:00:00,0.0,0.0,2024-10-14,20
2024-10-14 21:00:00,0.0,0.0,2024-10-14,21
2024-10-14 22:00:00,0.0,0.0,2024-10-14,22
2024-10-14 23:00:00,0.0,0.0,2024-10-14,23
2024-10-15 00:00:00,0.0,0.0,2024-10-15,0
2024-10-15 01:00:00,0.0,0.0,2024-10-15,1
2024-10-15 02:00:00,0.0,0.0,2024-10-15,2
2024-10-15 03:00:00,0.0,0.0,2024-10-15,3
2024-10-15 04:00:00,0.0,0.0,2024-10-15,4
2024-10-15 05:00:00,0.003322538,0.0,2024-10-15,5
2024-10-15 06:00:00,0.1071033,0.1243367,2024-10-15,6
2024-10-15 07:00:00,0.2342735,0.2492832,2024-10-15,7
2024-10-15 08:00:00,0.5101783,0.5956772,2024-10-15,8
2024-10-15 09:00:00,0.683267,0.7952219,2024-10-15,9
2024-10-15 10:00:00,0.6850832,0.7726536,2024-10-15,10
2024-10-15 11:00:00,0.8509041,0.9878831,2024-10-15,11
2024-10-15 12:00:00,0.9304851,1.088523,2024-10-15,12
2024-10-15 13:00:00,0.8306076,0.9801782,2024-10-15,13
2024-10-15 14:00:00,0.6235188,0.7488897,2024-10-15,14
2024-10-15 15:00:00,0.4086598,0.512377,2024-10-15,15
2024-10-15 16:00:00,0.144215,0.1984152,2024-10-15,16
2024-10-15 17:00:00,0.00502437,0.0,2024-10-15,17
2024-10-15 18:00:00,0.0,0.0,2024-10-15,18
2024-10-15 19:00:00,0.0,0.0,2024-10-15,19
2024-10-15 20:00:00,0.0,0.0,2024-10-15,20
2024-10-15 21:00:00,0.0,0.0,2024-10-15,21
2024-10-15 22:00:00,0.0,0.0,2024-10-15,22
2024-10-15 23:00:00,0.0,0.0,2024-10-15,23
2024-10-16 00:00:00,0.0,0.0,2024-10-16,0
2024-10-16 01:00:00,0.0,0.0,2024-10-16,1
2024-10-16 02:00:00,0.0,0.0,2024-10-16,2
2024-10-16 03:00:00,0.0,0.0,2024-10-16,3
2024-10-16 04:00:00,0.0,0.0,2024-10-16,4
2024-10-16 05:00:00,0.003072842,0.0,2024-10-16,5
2024-10-16 06:00:00,0.08745802,0.09363712,2024-10-16,6
2024-10-16 07:00:00,0.3552853,0.4380576,2024-10-16,7
2024-10-16 08:00:00,0.2726583,0.2733848,2024-10-16,8
2024-10-16 09:00:00,0.4341382,0.4520037,2024-10-16,9
2024-10-16 10:00:00,0.4418768,0.449773,2024-10-16,10
2024-10-16 11:00:00,0.5257721,0.5494082,2024-10-16,11
2024-10-16 12:00:00,0.6951894,0.7894667,2024-10-16,12
2024-10-16 13:00:00,0.536369,0.5907586,2024-10-16,13
2024-10-16 14:00:00,0.3750875,0.4019704,2024-10-16,14
2024-10-16 15:00:00,0.14519,0.1432269,2024-10-16,15
2024-10-16 16:00:00,0.08799981,0.09499601,2024-10-16,16
2024-10-16 17:00:00,0.00208216,0.0,2024-10-16,17
2024-10-16 18:00:00,0.0,0.0,2024-10-16,18
2024-10-16 19:00:00,0.0,0.0,2024-10-16,19
2024-10-16 20:00:00,0.0,0.0,2024-10-16,20
2024-10-16 21:00:00,0.0,0.0,2024-10-16,21
2024-10-16 22:00:00,0.0,0.0,2024-10-16,22
2024-10-16 23:00:00,0.0,0.0,2024-10-16,23
2024-10-17 00:00:00,0.0,0.0,2024-10-17,0
2024-10-17 01:00:00,0.0,0.0,2024-10-17,1
2024-10-17 02:00:00,0.0,0.0,2024-10-17,2
2024-10-17 03:00:00,0.0,0.0,2024-10-17,3
2024-10-17 04:00:00,0.0,0.0,2024-10-17,4
2024-10-17 05:00:00,0.002999937,0.0,2024-10-17,5
2024-10-17 06:00:00,0.1407788,0.1973672,2024-10-17,6
2024-10-17 07:00:00,0.2151946,0.225181,2024-10-17,7
2024-10-17 08:00:00,0.3902945,0.4241453,2024-10-17,8
2024-10-17 09:00:00,0.4826908,0.5172573,2024-10-17,9
2024-10-17 10:00:00,0.7400485,0.8542718,2024-10-17,10
2024-10-17 11:00:00,0.7565764,0.8687149,2024-10-17,11
2024-10-17 12:00:00,0.7314991,0.8427795,2024-10-17,12
2024-10-17 13:00:00,0.7290534,0.8620862,2024-10-17,13
2024-10-17 14:00:00,0.4979565,0.5840137,2024-10-17,14
2024-10-17 15:00:00,0.3207403,0.3874782,2024-10-17,15
2024-10-17 16:00:00,0.1188006,0.1534194,2024-10-17,16
2024-10-17 17:00:00,0.002491244,0.0,2024-10-17,17
2024-10-17 18:00:00,0.0,0.0,2024-10-17,18
2024-10-17 19:00:00,0.0,0.0,2024-10-17,19
2024-10-17 20:00:00,0.0,0.0,2024-10-17,20
2024-10-17 21:00:00,0.0,0.0,2024-10-17,21
2024-10-17 22:00:00,0.0,0.0,2024-10-17,22
2024-10-17 23:00:00,0.0,0.0,2024-10-17,23
2024-10-18 00:00:00,0.0,0.0,2024-10-18,0
2024-10-18 01:00:00,0.0,0.0,2024-10-18,1
2024-10-18 02:00:00,0.0,0.0,2024-10-18,2
2024-10-18 03:00:00,0.0,0.0,2024-10-18,3
2024-10-18 04:00:00,0.0,0.0,2024-10-18,4
2024-10-18 05:00:00,0.002767635,0.0,2024-10-18,5
2024-10-18 06:00:00,0.05564375,0.05513557,2024-10-18,6
2024-10-18 07:00:00,0.2148285,0.2254235,2024-10-18,7
2024-10-18 08:00:00,0.5197703,0.617801,2024-10-18,8
2024-10-18 09:00:00,0.8336672,0.9935753,2024-10-18,9
2024-10-18 10:00:00,0.8589272,1.011962,2024-10-18,10
2024-10-18 11:00:00,0.9667815,1.137847,2024-10-18,11
2024-10-18 12:00:00,0.9227,1.088949,2024-10-18,12
2024-10-18 13:00:00,0.6907099,0.8146477,2024-10-18,13
2024-10-18 14:00:00,0.5676724,0.6865214,2024-10-18,14
2024-10-18 15:00:00,0.3866212,0.4927181,2024-10-18,15
2024-10-18 16:00:00,0.1668049,0.2568121,2024-10-18,16
2024-10-18 17:00:00,0.002369964,0.0,2024-10-18,17
2024-10-18 18:00:00,0.0,0.0,2024-10-18,18
2024-10-18 19:00:00,0.0,0.0,2024-10-18,19
2024-10-18 20:00:00,0.0,0.0,2024-10-18,20
2024-10-18 21:00:00,0.0,0.0,2024-10-18,21
2024-10-18 22:00:00,0.0,0.0,2024-10-18,22
2024-10-18 23:00:00,0.0,0.0,2024-10-18,23
2024-10-19 00:00:00,0.0,0.0,2024-10-19,0
2024-10-19 01:00:00,0.0,0.0,2024-10-19,1
2024-10-19 02:00:00,0.0,0.0,2024-10-19,2
2024-10-19 03:00:00,0.0,0.0,2024-10-19,3
2024-10-19 04:00:00,0.0,0.0,2024-10-19,4
2024-10-19 05:00:00,0.00268271,0.0,2024-10-19,5
2024-10-19 06:00:00,0.1110183,0.1390955,2024-10-19,6
2024-10-19 07:00:00,0.3646252,0.4615379,2024-10-19,7
2024-10-19 08:00:00,0.3433645,0.3618547,2024-10-19,8
2024-10-19 09:00:00,0.4650323,0.4958318,2024-10-19,9
2024-10-19 10:00:00,0.7923653,0.9304811,2024-10-19,10
2024-10-19 11:00:00,0.5918788,0.6418235,2024-10-19,11
2024-10-19 12:00:00,0.6399661,0.7186463,2024-10-19,12
2024-10-19 13:00:00,0.5970389,0.685481,2024-10-19,13
2024-10-19 14:00:00,0.3457341,0.3659868,2024-10-19,14
2024-10-19 15:00:00,0.06797291,0.06633917,2024-10-19,15
2024-10-19 16:00:00,0.03476907,0.03415506,2024-10-19,16
2024-10-19 17:00:00,0.000779576,0.0,2024-10-19,17
2024-10-19 18:00:00,0.0,0.0,2024-10-19,18
2024-10-19 19:00:00,0.0,0.0,2024-10-19,19
2024-10-19 20:00:00,0.0,0.0,2024-10-19,20
2024-10-19 21:00:00,0.0,0.0,2024-10-19,21
2024-10-19 22:00:00,0.0,0.0,2024-10-19,22
2024-10-19 23:00:00,0.0,0.0,2024-10-19,23
2024-10-20 00:00:00,0.0,0.0,2024-10-20,0
2024-10-20 01:00:00,0.0,0.0,2024-10-20,1
2024-10-20 02:00:00,0.0,0.0,2024-10-20,2
2024-10-20 03:00:00,0.0,0.0,2024-10-20,3
2024-10-20 04:00:00,0.0,0.0,2024-10-20,4
2024-10-20 05:00:00,0.00196655,0.0,2024-10-20,5
2024-10-20 06:00:00,0.07507454,0.07855926,2024-10-20,6
2024-10-20 07:00:00,0.1454223,0.1438512,2024-10-20,7
2024-10-20 08:00:00,0.3217778,0.3344741,2024-10-20,8
2024-10-20 09:00:00,0.3700925,0.3758775,2024-10-20,9
2024-10-20 10:00:00,0.4035469,0.4069181,2024-10-20,10
2024-10-20 11:00:00,0.6268647,0.6927887,2024-10-20,11
2024-10-20 12:00:00,0.7130477,0.8255861,2024-10-20,12
2024-10-20 13:00:00,0.7219334,0.8622973,2024-10-20,13
2024-10-20 14:00:00,0.4192369,0.4734125,2024-10-20,14
2024-10-20 15:00:00,0.3300091,0.412832,2024-10-20,15
2024-10-20 16:00:00,0.08846637,0.1017544,2024-10-20,16
2024-10-20 17:00:00,0.002211141,0.0,2024-10-20,17
2024-10-20 18:00:00,0.0,0.0,2024-10-20,18
2024-10-20 19:00:00,0.0,0.0,2024-10-20,19
2024-10-20 20:00:00,0.0,0.0,2024-10-20,20
2024-10-20 21:00:00,0.0,0.0,2024-10-20,21
2024-10-20 22:00:00,0.0,0.0,2024-10-20,22
2024-10-20 23:00:00,0.0,0.0,2024-10-20,23
2024-10-21 00:00:00,0.0,0.0,2024-10-21,0
2024-10-21 01:00:00,0.0,0.0,2024-10-21,1
2024-10-21 02:00:00,0.0,0.0,2024-10-21,2
2024-10-21 03:00:00,0.0,0.0,2024-10-21,3
2024-10-21 04:00:00,0.0,0.0,2024-10-21,4
2024-10-21 05:00:00,0.002421258,0.0,2024-10-21,5
2024-10-21 06:00:00,0.06723439,0.0687831,2024-10-21,6
2024-10-21 07:00:00,0.2982547,0.3586521,2024-10-21,7
2024-10-21 08:00:00,0.2756547,0.2785506,2024-10-21,8
2024-10-21 09:00:00,0.688778,0.8201054,2024-10-21,9
2024-10-21 10:00:00,0.8472179,1.006528,2024-10-21,10
2024-10-21 11:00:00,0.8583726,1.015423,2024-10-21,11
2024-10-21 12:00:00,0.3852678,0.3866134,2024-10-21,12
2024-10-21 13:00:00,0.4293089,0.4512685,2024-10-21,13
2024-10-21 14:00:00,0.4200627,0.4769579,2024-10-21,14
2024-10-21 15:00:00,0.3339674,0.4228803,2024-10-21,15
2024-10-21 16:00:00,0.1405596,0.2211118,2024-10-21,16
2024-10-21 17:00:00,0.00141523,0.0,2024-10-21,17
2024-10-21 18:00:00,0.0,0.0,2024-10-21,18
2024-10-21 19:00:00,0.0,0.0,2024-10-21,19
2024-10-21 20:00:00,0.0,0.0,2024-10-21,20
2024-10-21 21:00:00,0.0,0.0,2024-10-21,21
2024-10-21 22:00:00,0.0,0.0,2024-10-21,22
2024-10-21 23:00:00,0.0,0.0,2024-10-21,23
2024-10-22 00:00:00,0.0,0.0,2024-10-22,0
2024-10-22 01:00:00,0.0,0.0,2024-10-22,1
2024-10-22 02:00:00,0.0,0.0,2024-10-22,2
2024-10-22 03:00:00,0.0,0.0,2024-10-22,3
2024-10-22 04:00:00,0.0,0.0,2024-10-22,4
2024-10-22 05:00:00,0.002500745,0.0,2024-10-22,5
2024-10-22 06:00:00,0.1443022,0.2240345,2024-10-22,6
2024-10-22 07:00:00,0.3863255,0.503454,2024-10-22,7
2024-10-22 08:00:00,0.6026277,0.7438612,2024-10-22,8
2024-10-22 09:00:00,0.7773733,0.9371642,2024-10-22,9
2024-10-22 10:00:00,0.7692784,0.9084966,2024-10-22,10
2024-10-22 11:00:00,0.7684395,0.8992816,2024-10-22,11
2024-10-22 12:00:00,0.755832,0.8909276,2024-10-22,12
2024-10-22 13:00:00,0.8109184,0.9794281,2024-10-22,13
2024-10-22 14:00:00,0.6362751,0.7879584,2024-10-22,14
2024-10-22 15:00:00,0.4008897,0.5264937,2024-10-22,15
2024-10-22 16:00:00,0.1423434,0.2303128,2024-10-22,16
2024-10-22 17:00:00,0.001126905,0.0,2024-10-22,17
2024-10-22 18:00:00,0.0,0.0,2024-10-22,18
2024-10-22 19:00:00,0.0,0.0,2024-10-22,19
2024-10-22 20:00:00,0.0,0.0,2024-10-22,20
2024-10-22 21:00:00,0.0,0.0,2024-10-22,21
2024-10-22 22:00:00,0.0,0.0,2024-10-22,22
2024-10-22 23:00:00,0.0,0.0,2024-10-22,23
2024-10-23 00:00:00,0.0,0.0,2024-10-23,0
2024-10-23 01:00:00,0.0,0.0,2024-10-23,1
2024-10-23 02:00:00,0.0,0.0,2024-10-23,2
2024-10-23 03:00:00,0.0,0.0,2024-10-23,3
2024-10-23 04:00:00,0.0,0.0,2024-10-23,4
2024-10-23 05:00:00,0.00196229,0.0,2024-10-23,5
2024-10-23 06:00:00,0.135678,0.2083945,2024-10-23,6
2024-10-23 07:00:00,0.2606288,0.2998614,2024-10-23,7
2024-10-23 08:00:00,0.4277584,0.4904656,2024-10-23,8
2024-10-23 09:00:00,0.6627938,0.7898978,2024-10-23,9
2024-10-23 10:00:00,0.7302673,0.8575478,2024-10-23,10
2024-10-23 11:00:00,0.5806161,0.6328607,2024-10-23,11
2024-10-23 12:00:00,0.6130682,0.6889271,2024-10-23,12
2024-10-23 13:00:00,0.4058008,0.4226948,2024-10-23,13
2024-10-23 14:00:00,0.4537783,0.5342976,2024-10-23,14
2024-10-23 15:00:00,0.2575535,0.2991483,2024-10-23,15
2024-10-23 16:00:00,0.07199197,0.07845485,2024-10-23,16
2024-10-23 17:00:00,0.000676056,0.0,2024-10-23,17
2024-10-23 18:00:00,0.0,0.0,2024-10-23,18
2024-10-23 19:00:00,0.0,0.0,2024-10-23,19
2024-10-23 20:00:00,0.0,0.0,2024-10-23,20
2024-10-23 21:00:00,0.0,0.0,2024-10-23,21
2024-10-23 22:00:00,0.0,0.0,2024-10-23,22
2024-10-23 23:00:00,0.0,0.0,2024-10-23,23
2024-10-24 00:00:00,0.0,0.0,2024-10-24,0
2024-10-24 01:00:00,0.0,0.0,2024-10-24,1
2024-10-24 02:00:00,0.0,0.0,2024-10-24,2
2024-10-24 03:00:00,0.0,0.0,2024-10-24,3
2024-10-24 04:00:00,0.0,0.0,2024-10-24,4
2024-10-24 05:00:00,0.001559673,0.0,2024-10-24,5
2024-10-24 06:00:00,0.08259622,0.09299883,2024-10-24,6
2024-10-24 07:00:00,0.2146664,0.2302546,2024-10-24,7
2024-10-24 08:00:00,0.4207607,0.4817103,2024-10-24,8
2024-10-24 09:00:00,0.5764234,0.6661595,2024-10-24,9
2024-10-24 10:00:00,0.777352,0.9252481,2024-10-24,10
2024-10-24 11:00:00,0.5177606,0.5479393,2024-10-24,11
2024-10-24 12:00:00,0.6176605,0.6979062,2024-10-24,12
2024-10-24 13:00:00,0.6709391,0.8061239,2024-10-24,13
2024-10-24 14:00:00,0.5628886,0.6996296,2024-10-24,14
2024-10-24 15:00:00,0.2939232,0.3647625,2024-10-24,15
2024-10-24 16:00:00,0.104205,0.147959,2024-10-24,16
2024-10-24 17:00:00,0.00065878,0.0,2024-10-24,17
2024-10-24 18:00:00,0.0,0.0,2024-10-24,18
2024-10-24 19:00:00,0.0,0.0,2024-10-24,19
2024-10-24 20:00:00,0.0,0.0,2024-10-24,20
2024-10-24 21:00:00,0.0,0.0,2024-10-24,21
2024-10-24 22:00:00,0.0,0.0,2024-10-24,22
2024-10-24 23:00:00,0.0,0.0,2024-10-24,23
2024-10-25 00:00:00,0.0,0.0,2024-10-25,0
2024-10-25 01:00:00,0.0,0.0,2024-10-25,1
2024-10-25 02:00:00,0.0,0.0,2024-10-25,2
2024-10-25 03:00:00,0.0,0.0,2024-10-25,3
2024-10-25 04:00:00,0.0,0.0,2024-10-25,4
2024-10-25 05:00:00,0.001493374,0.0,2024-10-25,5
2024-10-25 06:00:00,0.09496256,0.1182084,2024-10-25,6
2024-10-25 07:00:00,0.2648925,0.3108735,2024-10-25,7
2024-10-25 08:00:00,0.4252622,0.4908738,2024-10-25,8
2024-10-25 09:00:00,0.5931275,0.6937287,2024-10-25,9
2024-10-25 10:00:00,0.774483,0.9243146,2024-10-25,10
2024-10-25 11:00:00,0.804642,0.9573978,2024-10-25,11
2024-10-25 12:00:00,0.7528804,0.8957901,2024-10-25,12
2024-10-25 13:00:00,0.4808282,0.528223,2024-10-25,13
2024-10-25 14:00:00,0.3975502,0.4512134,2024-10-25,14
2024-10-25 15:00:00,0.2396661,0.273755,2024-10-25,15
2024-10-25 16:00:00,0.08776287,0.1120035,2024-10-25,16
2024-10-25 17:00:00,0.000624731,0.0,2024-10-25,17
2024-10-25 18:00:00,0.0,0.0,2024-10-25,18
2024-10-25 19:00:00,0.0,0.0,2024-10-25,19
2024-10-25 20:00:00,0.0,0.0,2024-10-25,20
2024-10-25 21:00:00,0.0,0.0,2024-10-25,21
2024-10-25 22:00:00,0.0,0.0,2024-10-25,22
2024-10-25 23:00:00,0.0,0.0,2024-10-25,23
2024-10-26 00:00:00,0.0,0.0,2024-10-26,0
2024-10-26 01:00:00,0.0,0.0,2024-10-26,1
2024-10-26 02:00:00,0.0,0.0,2024-10-26,2
2024-10-26 03:00:00,0.0,0.0,2024-10-26,3
2024-10-26 04:00:00,0.0,0.0,2024-10-26,4
2024-10-26 05:00:00,0.001515417,0.0,2024-10-26,5
2024-10-26 06:00:00,0.1184263,0.1777084,2024-10-26,6
2024-10-26 07:00:00,0.2547309,0.2956267,2024-10-26,7
2024-10-26 08:00:00,0.5502023,0.6853682,2024-10-26,8
2024-10-26 09:00:00,0.6607373,0.7956804,2024-10-26,9
2024-10-26 10:00:00,0.6585065,0.7618535,2024-10-26,10
2024-10-26 11:00:00,0.8301081,0.9940169,2024-10-26,11
2024-10-26 12:00:00,0.5325081,0.5784284,2024-10-26,12
2024-10-26 13:00:00,0.5939188,0.7001444,2024-10-26,13
2024-10-26 14:00:00,0.4463898,0.5309618,2024-10-26,14
2024-10-26 15:00:00,0.3792284,0.5105674,2024-10-26,15
2024-10-26 16:00:00,0.1219189,0.2045743,2024-10-26,16
2024-10-26 17:00:00,0.000368289,0.0,2024-10-26,17
2024-10-26 18:00:00,0.0,0.0,2024-10-26,18
2024-10-26 19:00:00,0.0,0.0,2024-10-26,19
2024-10-26 20:00:00,0.0,0.0,2024-10-26,20
2024-10-26 21:00:00,0.0,0.0,2024-10-26,21
2024-10-26 22:00:00,0.0,0.0,2024-10-26,22
2024-10-26 23:00:00,0.0,0.0,2024-10-26,23
2024-10-27 00:00:00,0.0,0.0,2024-10-27,0
2024-10-27 01:00:00,0.0,0.0,2024-10-27,1
2024-10-27 02:00:00,0.0,0.0,2024-10-27,2
2024-10-27 03:00:00,0.0,0.0,2024-10-27,3
2024-10-27 04:00:00,0.0,0.0,2024-10-27,4
2024-10-27 05:00:00,0.000925567,0.0,2024-10-27,5
2024-10-27 06:00:00,0.118114,0.1809501,2024-10-27,6
2024-10-27 07:00:00,0.2826368,0.3465089,2024-10-27,7
2024-10-27 08:00:00,0.5405088,0.6745234,2024-10-27,8
2024-10-27 09:00:00,0.7308595,0.8937634,2024-10-27,9
2024-10-27 10:00:00,0.7225016,0.8578618,2024-10-27,10
2024-10-27 11:00:00,0.8509593,1.023767,2024-10-27,11
2024-10-27 12:00:00,0.7935215,0.9564834,2024-10-27,12
2024-10-27 13:00:00,0.7235053,0.8858335,2024-10-27,13
2024-10-27 14:00:00,0.5617855,0.7076972,2024-10-27,14
2024-10-27 15:00:00,0.3425339,0.4585812,2024-10-27,15
2024-10-27 16:00:00,0.09191552,0.1286673,2024-10-27,16
2024-10-27 17:00:00,0.000225878,0.0,2024-10-27,17
2024-10-27 18:00:00,0.0,0.0,2024-10-27,18
2024-10-27 19:00:00,0.0,0.0,2024-10-27,19
2024-10-27 20:00:00,0.0,0.0,2024-10-27,20
2024-10-27 21:00:00,0.0,0.0,2024-10-27,21
2024-10-27 22:00:00,0.0,0.0,2024-10-27,22
2024-10-27 23:00:00,0.0,0.0,2024-10-27,23
2024-10-28 00:00:00,0.0,0.0,2024-10-28,0
2024-10-28 01:00:00,0.0,0.0,2024-10-28,1
2024-10-28 02:00:00,0.0,0.0,2024-10-28,2
2024-10-28 03:00:00,0.0,0.0,2024-10-28,3
2024-10-28 04:00:00,0.0,0.0,2024-10-28,4
2024-10-28 05:00:00,0.000881659,0.0,2024-10-28,5
2024-10-28 06:00:00,0.121565,0.1944703,2024-10-28,6
2024-10-28 07:00:00,0.3755657,0.5071957,2024-10-28,7
2024-10-28 08:00:00,0.5672256,0.7151757,2024-10-28,8
2024-10-28 09:00:00,0.7259799,0.8903803,2024-10-28,9
2024-10-28 10:00:00,0.8947181,1.085846,2024-10-28,10
2024-10-28 11:00:00,0.9590985,1.160648,2024-10-28,11
2024-10-28 12:00:00,0.8563133,1.038829,2024-10-28,12
2024-10-28 13:00:00,0.7239184,0.8893391,2024-10-28,13
2024-10-28 14:00:00,0.5484432,0.6924606,2024-10-28,14
2024-10-28 15:00:00,0.3199378,0.4242236,2024-10-28,15
2024-10-28 16:00:00,0.1061112,0.1725558,2024-10-28,16
2024-10-28 17:00:00,0.000223637,0.0,2024-10-28,17
2024-10-28 18:00:00,0.0,0.0,2024-10-28,18
2024-10-28 19:00:00,0.0,0.0,2024-10-28,19
2024-10-28 20:00:00,0.0,0.0,2024-10-28,20
2024-10-28 21:00:00,0.0,0.0,2024-10-28,21
2024-10-28 22:00:00,0.0,0.0,2024-10-28,22
2024-10-28 23:00:00,0.0,0.0,2024-10-28,23
2024-10-29 00:00:00,0.0,0.0,2024-10-29,0
2024-10-29 01:00:00,0.0,0.0,2024-10-29,1
2024-10-29 02:00:00,0.0,0.0,2024-10-29,2
2024-10-29 03:00:00,0.0,0.0,2024-10-29,3
2024-10-29 04:00:00,0.0,0.0,2024-10-29,4
2024-10-29 05:00:00,0.000739013,0.0,2024-10-29,5
2024-10-29 06:00:00,0.1015935,0.1447808,2024-10-29,6
2024-10-29 07:00:00,0.2352766,0.2683886,2024-10-29,7
2024-10-29 08:00:00,0.3621921,0.400613,2024-10-29,8
2024-10-29 09:00:00,0.7093009,0.8713988,2024-10-29,9
2024-10-29 10:00:00,0.7053875,0.838802,2024-10-29,10
2024-10-29 11:00:00,0.8367871,1.011403,2024-10-29,11
2024-10-29 12:00:00,0.8211887,0.9980094,2024-10-29,12
2024-10-29 13:00:00,0.7120055,0.8768438,2024-10-29,13
2024-10-29 14:00:00,0.5504429,0.6983774,2024-10-29,14
2024-10-29 15:00:00,0.3759155,0.5159702,2024-10-29,15
2024-10-29 16:00:00,0.1416015,0.2642763,2024-10-29,16
2024-10-29 17:00:00,0.000143416,0.0,2024-10-29,17
2024-10-29 18:00:00,0.0,0.0,2024-10-29,18
2024-10-29 19:00:00,0.0,0.0,2024-10-29,19
2024-10-29 20:00:00,0.0,0.0,2024-10-29,20
2024-10-29 21:00:00,0.0,0.0,2024-10-29,21
2024-10-29 22:00:00,0.0,0.0,2024-10-29,22
2024-10-29 23:00:00,0.0,0.0,2024-10-29,23
2024-10-30 00:00:00,0.0,0.0,2024-10-30,0
2024-10-30 01:00:00,0.0,0.0,2024-10-30,1
2024-10-30 02:00:00,0.0,0.0,2024-10-30,2
2024-10-30 03:00:00,0.0,0.0,2024-10-30,3
2024-10-30 04:00:00,0.0,0.0,2024-10-30,4
2024-10-30 05:00:00,0.000875012,0.0,2024-10-30,5
2024-10-30 06:00:00,0.06214469,0.0657449,2024-10-30,6
2024-10-30 07:00:00,0.1027834,0.1008658,2024-10-30,7
2024-10-30 08:00:00,0.3697285,0.413667,2024-10-30,8
2024-10-30 09:00:00,0.3270308,0.3297468,2024-10-30,9
2024-10-30 10:00:00,0.5840905,0.6597643,2024-10-30,10
2024-10-30 11:00:00,0.2518162,0.2464097,2024-10-30,11
2024-10-30 12:00:00,0.4813349,0.5126624,2024-10-30,12
2024-10-30 13:00:00,0.3953668,0.4155394,2024-10-30,13
2024-10-30 14:00:00,0.3965409,0.4605031,2024-10-30,14
2024-10-30 15:00:00,0.2935244,0.3836498,2024-10-30,15
2024-10-30 16:00:00,0.09160944,0.1402301,2024-10-30,16
2024-10-30 17:00:00,3.9012e-05,0.0,2024-10-30,17
2024-10-30 18:00:00,0.0,0.0,2024-10-30,18
2024-10-30 19:00:00,0.0,0.0,2024-10-30,19
2024-10-30 20:00:00,0.0,0.0,2024-10-30,20
2024-10-30 21:00:00,0.0,0.0,2024-10-30,21
2024-10-30 22:00:00,0.0,0.0,2024-10-30,22
2024-10-30 23:00:00,0.0,0.0,2024-10-30,23
2024-10-31 00:00:00,0.0,0.0,2024-10-31,0
2024-10-31 01:00:00,0.0,0.0,2024-10-31,1
2024-10-31 02:00:00,0.0,0.0,2024-10-31,2
2024-10-31 03:00:00,0.0,0.0,2024-10-31,3
2024-10-31 04:00:00,0.0,0.0,2024-10-31,4
2024-10-31 05:00:00,0.000322974,0.0,2024-10-31,5
2024-10-31 06:00:00,0.09047806,0.1225066,2024-10-31,6
2024-10-31 07:00:00,0.3163915,0.4195637,2024-10-31,7
2024-10-31 08:00:00,0.5331523,0.6759415,2024-10-31,8
2024-10-31 09:00:00,0.8252739,1.025427,2024-10-31,9
2024-10-31 10:00:00,0.8617296,1.053642,2024-10-31,10
2024-10-31 11:00:00,0.6863209,0.8057595,2024-10-31,11
2024-10-31 12:00:00,0.7147676,0.8594256,2024-10-31,12
2024-10-31 13:00:00,0.6770133,0.8356606,2024-10-31,13
2024-10-31 14:00:00,0.4908278,0.6164734,2024-10-31,14
2024-10-31 15:00:00,0.3324443,0.4561781,2024-10-31,15
2024-10-31 16:00:00,0.1115644,0.2050762,2024-10-31,16
2024-10-31 17:00:00,1.66797e-05,0.0,2024-10-31,17
2024-10-31 18:00:00,0.0,0.0,2024-10-31,18
2024-10-31 19:00:00,0.0,0.0,2024-10-31,19
2024-10-31 20:00:00,0.0,0.0,2024-10-31,20
2024-10-31 21:00:00,0.0,0.0,2024-10-31,21
2024-10-31 22:00:00,0.0,0.0,2024-10-31,22
2024-10-31 23:00:00,0.0,0.0,2024-10-31,23
2024-11-01 00:00:00,0.0,0.0,2024-11-01,0
2024-11-01 01:00:00,0.0,0.0,2024-11-01,1
2024-11-01 02:00:00,0.0,0.0,2024-11-01,2
2024-11-01 03:00:00,0.0,0.0,2024-11-01,3
2024-11-01 04:00:00,0.0,0.0,2024-11-01,4
2024-11-01 05:00:00,0.000501253,0.0,2024-11-01,5
2024-11-01 06:00:00,0.1054692,0.1675103,2024-11-01,6
2024-11-01 07:00:00,0.3316029,0.4498385,2024-11-01,7
2024-11-01 08:00:00,0.5367278,0.6841998,2024-11-01,8
2024-11-01 09:00:00,0.6762036,0.8349925,2024-11-01,9
2024-11-01 10:00:00,0.8521643,1.044528,2024-11-01,10
2024-11-01 11:00:00,0.850278,1.037094,2024-11-01,11
2024-11-01 12:00:00,0.6760804,0.8052758,2024-11-01,12
2024-11-01 13:00:00,0.5087219,0.5838076,2024-11-01,13
2024-11-01 14:00:00,0.501536,0.6361334,2024-11-01,14
2024-11-01 15:00:00,0.3026432,0.4072205,2024-11-01,15
2024-11-01 16:00:00,0.09311819,0.1542942,2024-11-01,16
2024-11-01 17:00:00,1.3087e-06,0.0,2024-11-01,17
2024-11-01 18:00:00,0.0,0.0,2024-11-01,18
2024-11-01 19:00:00,0.0,0.0,2024-11-01,19
2024-11-01 20:00:00,0.0,0.0,2024-11-01,20
2024-11-01 21:00:00,0.0,0.0,2024-11-01,21
2024-11-01 22:00:00,0.0,0.0,2024-11-01,22
2024-11-01 23:00:00,0.0,0.0,2024-11-01,23
2024-11-02 00:00:00,0.0,0.0,2024-11-02,0
2024-11-02 01:00:00,0.0,0.0,2024-11-02,1
2024-11-02 02:00:00,0.0,0.0,2024-11-02,2
2024-11-02 03:00:00,0.0,0.0,2024-11-02,3
2024-11-02 04:00:00,0.0,0.0,2024-11-02,4
2024-11-02 05:00:00,0.000364433,0.0,2024-11-02,5
2024-11-02 06:00:00,0.08909587,0.1250498,2024-11-02,6
2024-11-02 07:00:00,0.3014995,0.3987292,2024-11-02,7
2024-11-02 08:00:00,0.4801082,0.6000682,2024-11-02,8
2024-11-02 09:00:00,0.6767068,0.8385851,2024-11-02,9
2024-11-02 10:00:00,0.8227135,1.010367,2024-11-02,10
2024-11-02 11:00:00,0.6832257,0.8062856,2024-11-02,11
2024-11-02 12:00:00,0.6518233,0.7712975,2024-11-02,12
2024-11-02 13:00:00,0.772088,0.9653981,2024-11-02,13
2024-11-02 14:00:00,0.532133,0.6847402,2024-11-02,14
2024-11-02 15:00:00,0.3020529,0.4095135,2024-11-02,15
2024-11-02 16:00:00,0.08992454,0.1490713,2024-11-02,16
2024-11-02 17:00:00,0.0,0.0,2024-11-02,17
2024-11-02 18:00:00,0.0,0.0,2024-11-02,18
2024-11-02 19:00:00,0.0,0.0,2024-11-02,19
2024-11-02 20:00:00,0.0,0.0,2024-11-02,20
2024-11-02 21:00:00,0.0,0.0,2024-11-02,21
2024-11-02 22:00:00,0.0,0.0,2024-11-02,22
2024-11-02 23:00:00,0.0,0.0,2024-11-02,23
2024-11-03 00:00:00,0.0,0.0,2024-11-03,0
2024-11-03 01:00:00,0.0,0.0,2024-11-03,1
2024-11-03 02:00:00,0.0,0.0,2024-11-03,2
2024-11-03 03:00:00,0.0,0.0,2024-11-03,3
2024-11-03 04:00:00,0.0,0.0,2024-11-03,4
2024-11-03 05:00:00,0.000357184,0.0,2024-11-03,5
2024-11-03 06:00:00,0.1017565,0.1657552,2024-11-03,6
2024-11-03 07:00:00,0.1991412,0.2175573,2024-11-03,7
2024-11-03 08:00:00,0.1965696,0.1940186,2024-11-03,8
2024-11-03 09:00:00,0.4287352,0.4641098,2024-11-03,9
2024-11-03 10:00:00,0.588401,0.6746883,2024-11-03,10
2024-11-03 11:00:00,0.5177388,0.5605093,2024-11-03,11
2024-11-03 12:00:00,0.7230062,0.8797158,2024-11-03,12
2024-11-03 13:00:00,0.5952588,0.7244104,2024-11-03,13
2024-11-03 14:00:00,0.2141472,0.2132531,2024-11-03,14
2024-11-03 15:00:00,0.05898524,0.05766718,2024-11-03,15
2024-11-03 16:00:00,0.01106703,0.01083422,2024-11-03,16
2024-11-03 17:00:00,0.0,0.0,2024-11-03,17
2024-11-03 18:00:00,0.0,0.0,2024-11-03,18
2024-11-03 19:00:00,0.0,0.0,2024-11-03,19
2024-11-03 20:00:00,0.0,0.0,2024-11-03,20
2024-11-03 21:00:00,0.0,0.0,2024-11-03,21
2024-11-03 22:00:00,0.0,0.0,2024-11-03,22
2024-11-03 23:00:00,0.0,0.0,2024-11-03,23
2024-11-04 00:00:00,0.0,0.0,2024-11-04,0
2024-11-04 01:00:00,0.0,0.0,2024-11-04,1
2024-11-04 02:00:00,0.0,0.0,2024-11-04,2
2024-11-04 03:00:00,0.0,0.0,2024-11-04,3
2024-11-04 04:00:00,0.0,0.0,2024-11-04,4
2024-11-04 05:00:00,0.000171554,0.0,2024-11-04,5
2024-11-04 06:00:00,0.09731559,0.1568599,2024-11-04,6
2024-11-04 07:00:00,0.1775812,0.187203,2024-11-04,7
2024-11-04 08:00:00,0.2320098,0.2327808,2024-11-04,8
2024-11-04 09:00:00,0.3150309,0.3176463,2024-11-04,9
2024-11-04 10:00:00,0.5494394,0.6172156,2024-11-04,10
2024-11-04 11:00:00,0.5514142,0.6108176,2024-11-04,11
2024-11-04 12:00:00,0.8157408,1.007747,2024-11-04,12
2024-11-04 13:00:00,0.6272247,0.7756962,2024-11-04,13
2024-11-04 14:00:00,0.5138696,0.6638753,2024-11-04,14
2024-11-04 15:00:00,0.2710079,0.356479,2024-11-04,15
2024-11-04 16:00:00,0.1023865,0.2003278,2024-11-04,16
2024-11-04 17:00:00,0.0,0.0,2024-11-04,17
2024-11-04 18:00:00,0.0,0.0,2024-11-04,18
2024-11-04 19:00:00,0.0,0.0,2024-11-04,19
2024-11-04 20:00:00,0.0,0.0,2024-11-04,20
2024-11-04 21:00:00,0.0,0.0,2024-11-04,21
2024-11-04 22:00:00,0.0,0.0,2024-11-04,22
2024-11-04 23:00:00,0.0,0.0,2024-11-04,23
2024-11-05 00:00:00,0.0,0.0,2024-11-05,0
2024-11-05 01:00:00,0.0,0.0,2024-11-05,1
2024-11-05 02:00:00,0.0,0.0,2024-11-05,2
2024-11-05 03:00:00,0.0,0.0,2024-11-05,3
2024-11-05 04:00:00,0.0,0.0,2024-11-05,4
2024-11-05 05:00:00,0.000105185,0.0,2024-11-05,5
2024-11-05 06:00:00,0.07789231,0.104684,2024-11-05,6
2024-11-05 07:00:00,0.1825854,0.1949944,2024-11-05,7
2024-11-05 08:00:00,0.3084103,0.3304446,2024-11-05,8
2024-11-05 09:00:00,0.6625626,0.8272061,2024-11-05,9
2024-11-05 10:00:00,0.7031741,0.8549037,2024-11-05,10
2024-11-05 11:00:00,0.7177601,0.865893,2024-11-05,11
2024-11-05 12:00:00,0.7999212,0.9902558,2024-11-05,12
2024-11-05 13:00:00,0.7010259,0.882283,2024-11-05,13
2024-11-05 14:00:00,0.4352841,0.5399871,2024-11-05,14
2024-11-05 15:00:00,0.2618888,0.341368,2024-11-05,15
2024-11-05 16:00:00,0.07647707,0.1186754,2024-11-05,16
2024-11-05 17:00:00,0.0,0.0,2024-11-05,17
2024-11-05 18:00:00,0.0,0.0,2024-11-05,18
2024-11-05 19:00:00,0.0,0.0,2024-11-05,19
2024-11-05 20:00:00,0.0,0.0,2024-11-05,20
2024-11-05 21:00:00,0.0,0.0,2024-11-05,21
2024-11-05 22:00:00,0.0,0.0,2024-11-05,22
2024-11-05 23:00:00,0.0,0.0,2024-11-05,23
2024-11-06 00:00:00,0.0,0.0,2024-11-06,0
2024-11-06 01:00:00,0.0,0.0,2024-11-06,1
2024-11-06 02:00:00,0.0,0.0,2024-11-06,2
2024-11-06 03:00:00,0.0,0.0,2024-11-06,3
2024-11-06 04:00:00,0.0,0.0,2024-11-06,4
2024-11-06 05:00:00,5.02195e-05,0.0,2024-11-06,5
2024-11-06 06:00:00,0.0732982,0.09576308,2024-11-06,6
2024-11-06 07:00:00,0.2834625,0.3770937,2024-11-06,7
2024-11-06 08:00:00,0.4297829,0.5275112,2024-11-06,8
2024-11-06 09:00:00,0.5863783,0.7153531,2024-11-06,9
2024-11-06 10:00:00,0.714849,0.8747647,2024-11-06,10
2024-11-06 11:00:00,0.8218044,1.014105,2024-11-06,11
2024-11-06 12:00:00,0.8263748,1.026566,2024-11-06,12
2024-11-06 13:00:00,0.7760416,0.9824085,2024-11-06,13
2024-11-06 14:00:00,0.5807436,0.7628665,2024-11-06,14
2024-11-06 15:00:00,0.3797529,0.5483642,2024-11-06,15
2024-11-06 16:00:00,0.1120944,0.2389714,2024-11-06,16
2024-11-06 17:00:00,0.0,0.0,2024-11-06,17
2024-11-06 18:00:00,0.0,0.0,2024-11-06,18
2024-11-06 19:00:00,0.0,0.0,2024-11-06,19
2024-11-06 20:00:00,0.0,0.0,2024-11-06,20
2024-11-06 21:00:00,0.0,0.0,2024-11-06,21
2024-11-06 22:00:00,0.0,0.0,2024-11-06,22
2024-11-06 23:00:00,0.0,0.0,2024-11-06,23
2024-11-07 00:00:00,0.0,0.0,2024-11-07,0
2024-11-07 01:00:00,0.0,0.0,2024-11-07,1
2024-11-07 02:00:00,0.0,0.0,2024-11-07,2
2024-11-07 03:00:00,0.0,0.0,2024-11-07,3
2024-11-07 04:00:00,0.0,0.0,2024-11-07,4
2024-11-07 05:00:00,1.27322e-05,0.0,2024-11-07,5
2024-11-07 06:00:00,0.08677416,0.1376298,2024-11-07,6
2024-11-07 07:00:00,0.167359,0.1752557,2024-11-07,7
2024-11-07 08:00:00,0.3894062,0.4610122,2024-11-07,8
2024-11-07 09:00:00,0.583334,0.7132542,2024-11-07,9
2024-11-07 10:00:00,0.5421326,0.6115291,2024-11-07,10
2024-11-07 11:00:00,0.591833,0.6774875,2024-11-07,11
2024-11-07 12:00:00,0.5693264,0.654997,2024-11-07,12
2024-11-07 13:00:00,0.6410521,0.8043721,2024-11-07,13
2024-11-07 14:00:00,0.4475754,0.5661805,2024-11-07,14
2024-11-07 15:00:00,0.2943736,0.4113719,2024-11-07,15
2024-11-07 16:00:00,0.1221537,0.2673352,2024-11-07,16
2024-11-07 17:00:00,0.0,0.0,2024-11-07,17
2024-11-07 18:00:00,0.0,0.0,2024-11-07,18
2024-11-07 19:00:00,0.0,0.0,2024-11-07,19
2024-11-07 20:00:00,0.0,0.0,2024-11-07,20
2024-11-07 21:00:00,0.0,0.0,2024-11-07,21
2024-11-07 22:00:00,0.0,0.0,2024-11-07,22
2024-11-07 23:00:00,0.0,0.0,2024-11-07,23
2024-11-08 00:00:00,0.0,0.0,2024-11-08,0
2024-11-08 01:00:00,0.0,0.0,2024-11-08,1
2024-11-08 02:00:00,0.0,0.0,2024-11-08,2
2024-11-08 03:00:00,0.0,0.0,2024-11-08,3
2024-11-08 04:00:00,0.0,0.0,2024-11-08,4
2024-11-08 05:00:00,2.10748e-06,0.0,2024-11-08,5
2024-11-08 06:00:00,0.08688837,0.1427553,2024-11-08,6
2024-11-08 07:00:00,0.3553204,0.5123708,2024-11-08,7
2024-11-08 08:00:00,0.5624372,0.7407101,2024-11-08,8
2024-11-08 09:00:00,0.6901852,0.8739781,2024-11-08,9
2024-11-08 10:00:00,0.805713,1.004716,2024-11-08,10
2024-11-08 11:00:00,0.6497517,0.7698522,2024-11-08,11
2024-11-08 12:00:00,0.6573856,0.7951523,2024-11-08,12
2024-11-08 13:00:00,0.5916981,0.7322329,2024-11-08,13
2024-11-08 14:00:00,0.4435381,0.561963,2024-11-08,14
2024-11-08 15:00:00,0.3241501,0.4685876,2024-11-08,15
2024-11-08 16:00:00,0.08870515,0.1751405,2024-11-08,16
2024-11-08 17:00:00,0.0,0.0,2024-11-08,17
2024-11-08 18:00:00,0.0,0.0,2024-11-08,18
2024-11-08 19:00:00,0.0,0.0,2024-11-08,19
2024-11-08 20:00:00,0.0,0.0,2024-11-08,20
2024-11-08 21:00:00,0.0,0.0,2024-11-08,21
2024-11-08 22:00:00,0.0,0.0,2024-11-08,22
2024-11-08 23:00:00,0.0,0.0,2024-11-08,23
2024-11-09 00:00:00,0.0,0.0,2024-11-09,0
2024-11-09 01:00:00,0.0,0.0,2024-11-09,1
2024-11-09 02:00:00,0.0,0.0,2024-11-09,2
2024-11-09 03:00:00,0.0,0.0,2024-11-09,3
2024-11-09 04:00:00,0.0,0.0,2024-11-09,4
2024-11-09 05:00:00,0.0,0.0,2024-11-09,5
2024-11-09 06:00:00,0.09561083,0.1784022,2024-11-09,6
2024-11-09 07:00:00,0.3043801,0.4279787,2024-11-09,7
2024-11-09 08:00:00,0.6281607,0.8333606,2024-11-09,8
2024-11-09 09:00:00,0.8010684,1.022189,2024-11-09,9
2024-11-09 10:00:00,0.8256583,1.032807,2024-11-09,10
2024-11-09 11:00:00,0.9032853,1.125998,2024-11-09,11
2024-11-09 12:00:00,0.7898085,0.9875108,2024-11-09,12
2024-11-09 13:00:00,0.780885,0.9974248,2024-11-09,13
2024-11-09 14:00:00,0.4753439,0.6178379,2024-11-09,14
2024-11-09 15:00:00,0.2549187,0.3380958,2024-11-09,15
2024-11-09 16:00:00,0.08565476,0.1687448,2024-11-09,16
2024-11-09 17:00:00,0.0,0.0,2024-11-09,17
2024-11-09 18:00:00,0.0,0.0,2024-11-09,18
2024-11-09 19:00:00,0.0,0.0,2024-11-09,19
2024-11-09 20:00:00,0.0,0.0,2024-11-09,20
2024-11-09 21:00:00,0.0,0.0,2024-11-09,21
2024-11-09 22:00:00,0.0,0.0,2024-11-09,22
2024-11-09 23:00:00,0.0,0.0,2024-11-09,23
2024-11-10 00:00:00,0.0,0.0,2024-11-10,0
2024-11-10 01:00:00,0.0,0.0,2024-11-10,1
2024-11-10 02:00:00,0.0,0.0,2024-11-10,2
2024-11-10 03:00:00,0.0,0.0,2024-11-10,3
2024-11-10 04:00:00,0.0,0.0,2024-11-10,4
2024-11-10 05:00:00,0.0,0.0,2024-11-10,5
2024-11-10 06:00:00,0.1262699,0.2739023,2024-11-10,6
2024-11-10 07:00:00,0.3598065,0.5254372,2024-11-10,7
2024-11-10 08:00:00,0.5368404,0.7108915,2024-11-10,8
2024-11-10 09:00:00,0.7218172,0.9209623,2024-11-10,9
2024-11-10 10:00:00,0.9255534,1.164377,2024-11-10,10
2024-11-10 11:00:00,0.8873164,1.108233,2024-11-10,11
2024-11-10 12:00:00,0.800639,1.003912,2024-11-10,12
2024-11-10 13:00:00,0.6314359,0.7981346,2024-11-10,13
2024-11-10 14:00:00,0.577665,0.7699416,2024-11-10,14
2024-11-10 15:00:00,0.3189715,0.4657123,2024-11-10,15
2024-11-10 16:00:00,0.07103616,0.1180915,2024-11-10,16
2024-11-10 17:00:00,0.0,0.0,2024-11-10,17
2024-11-10 18:00:00,0.0,0.0,2024-11-10,18
2024-11-10 19:00:00,0.0,0.0,2024-11-10,19
2024-11-10 20:00:00,0.0,0.0,2024-11-10,20
2024-11-10 21:00:00,0.0,0.0,2024-11-10,21
2024-11-10 22:00:00,0.0,0.0,2024-11-10,22
2024-11-10 23:00:00,0.0,0.0,2024-11-10,23
2024-11-11 00:00:00,0.0,0.0,2024-11-11,0
2024-11-11 01:00:00,0.0,0.0,2024-11-11,1
2024-11-11 02:00:00,0.0,0.0,2024-11-11,2
2024-11-11 03:00:00,0.0,0.0,2024-11-11,3
2024-11-11 04:00:00,0.0,0.0,2024-11-11,4
2024-11-11 05:00:00,0.0,0.0,2024-11-11,5
2024-11-11 06:00:00,0.06448629,0.08617443,2024-11-11,6
2024-11-11 07:00:00,0.08322569,0.08173796,2024-11-11,7
2024-11-11 08:00:00,0.2081419,0.2076157,2024-11-11,8
2024-11-11 09:00:00,0.2649778,0.2632652,2024-11-11,9
2024-11-11 10:00:00,0.3708575,0.3782874,2024-11-11,10
2024-11-11 11:00:00,0.3962502,0.4059256,2024-11-11,11
2024-11-11 12:00:00,0.2635889,0.2593212,2024-11-11,12
2024-11-11 13:00:00,0.2066641,0.2027073,2024-11-11,13
2024-11-11 14:00:00,0.2622804,0.27372,2024-11-11,14
2024-11-11 15:00:00,0.03842279,0.03750171,2024-11-11,15
2024-11-11 16:00:00,0.02514538,0.02514059,2024-11-11,16
2024-11-11 17:00:00,0.0,0.0,2024-11-11,17
2024-11-11 18:00:00,0.0,0.0,2024-11-11,18
2024-11-11 19:00:00,0.0,0.0,2024-11-11,19
2024-11-11 20:00:00,0.0,0.0,2024-11-11,20
2024-11-11 21:00:00,0.0,0.0,2024-11-11,21
2024-11-11 22:00:00,0.0,0.0,2024-11-11,22
2024-11-11 23:00:00,0.0,0.0,2024-11-11,23
2024-11-12 00:00:00,0.0,0.0,2024-11-12,0
2024-11-12 01:00:00,0.0,0.0,2024-11-12,1
2024-11-12 02:00:00,0.0,0.0,2024-11-12,2
2024-11-12 03:00:00,0.0,0.0,2024-11-12,3
2024-11-12 04:00:00,0.0,0.0,2024-11-12,4
2024-11-12 05:00:00,0.0,0.0,2024-11-12,5
2024-11-12 06:00:00,0.07556002,0.123848,2024-11-12,6
2024-11-12 07:00:00,0.02227122,0.02168596,2024-11-12,7
2024-11-12 08:00:00,0.0491436,0.04786054,2024-11-12,8
2024-11-12 09:00:00,0.1140539,0.1112886,2024-11-12,9
2024-11-12 10:00:00,0.1282248,0.1250683,2024-11-12,10
2024-11-12 11:00:00,0.1500484,0.14643,2024-11-12,11
2024-11-12 12:00:00,0.1529659,0.1493476,2024-11-12,12
2024-11-12 13:00:00,0.1029897,0.1004471,2024-11-12,13
2024-11-12 14:00:00,0.1235015,0.1209171,2024-11-12,14
2024-11-12 15:00:00,0.04860059,0.04751256,2024-11-12,15
2024-11-12 16:00:00,0.01415926,0.01397275,2024-11-12,16
2024-11-12 17:00:00,0.0,0.0,2024-11-12,17
2024-11-12 18:00:00,0.0,0.0,2024-11-12,18
2024-11-12 19:00:00,0.0,0.0,2024-11-12,19
2024-11-12 20:00:00,0.0,0.0,2024-11-12,20
2024-11-12 21:00:00,0.0,0.0,2024-11-12,21
2024-11-12 22:00:00,0.0,0.0,2024-11-12,22
2024-11-12 23:00:00,0.0,0.0,2024-11-12,23
2024-11-13 00:00:00,0.0,0.0,2024-11-13,0
2024-11-13 01:00:00,0.0,0.0,2024-11-13,1
2024-11-13 02:00:00,0.0,0.0,2024-11-13,2
2024-11-13 03:00:00,0.0,0.0,2024-11-13,3
2024-11-13 04:00:00,0.0,0.0,2024-11-13,4
2024-11-13 05:00:00,0.0,0.0,2024-11-13,5
2024-11-13 06:00:00,0.08964296,0.1826694,2024-11-13,6
2024-11-13 07:00:00,0.1742751,0.1899269,2024-11-13,7
2024-11-13 08:00:00,0.3348154,0.3811662,2024-11-13,8
2024-11-13 09:00:00,0.4890977,0.5742628,2024-11-13,9
2024-11-13 10:00:00,0.3000946,0.2979429,2024-11-13,10
2024-11-13 11:00:00,0.4769046,0.5143623,2024-11-13,11
2024-11-13 12:00:00,0.7112238,0.888846,2024-11-13,12
2024-11-13 13:00:00,0.5094951,0.6101585,2024-11-13,13
2024-11-13 14:00:00,0.3220887,0.3630191,2024-11-13,14
2024-11-13 15:00:00,0.1703727,0.1862147,2024-11-13,15
2024-11-13 16:00:00,0.07893394,0.1603614,2024-11-13,16
2024-11-13 17:00:00,0.0,0.0,2024-11-13,17
2024-11-13 18:00:00,0.0,0.0,2024-11-13,18
2024-11-13 19:00:00,0.0,0.0,2024-11-13,19
2024-11-13 20:00:00,0.0,0.0,2024-11-13,20
2024-11-13 21:00:00,0.0,0.0,2024-11-13,21
2024-11-13 22:00:00,0.0,0.0,2024-11-13,22
2024-11-13 23:00:00,0.0,0.0,2024-11-13,23
2024-11-14 00:00:00,0.0,0.0,2024-11-14,0
2024-11-14 01:00:00,0.0,0.0,2024-11-14,1
2024-11-14 02:00:00,0.0,0.0,2024-11-14,2
2024-11-14 03:00:00,0.0,0.0,2024-11-14,3
2024-11-14 04:00:00,0.0,0.0,2024-11-14,4
2024-11-14 05:00:00,0.0,0.0,2024-11-14,5
2024-11-14 06:00:00,0.07516116,0.132822,2024-11-14,6
2024-11-14 07:00:00,0.2702928,0.3771889,2024-11-14,7
2024-11-14 08:00:00,0.4602105,0.6024125,2024-11-14,8
2024-11-14 09:00:00,0.7464353,0.964113,2024-11-14,9
2024-11-14 10:00:00,0.7947324,1.005354,2024-11-14,10
2024-11-14 11:00:00,0.9224939,1.164213,2024-11-14,11
2024-11-14 12:00:00,0.838172,1.062335,2024-11-14,12
2024-11-14 13:00:00,0.6880759,0.8876688,2024-11-14,13
2024-11-14 14:00:00,0.515792,0.6936277,2024-11-14,14
2024-11-14 15:00:00,0.3176627,0.4746169,2024-11-14,15
2024-11-14 16:00:00,0.1003775,0.2431119,2024-11-14,16
2024-11-14 17:00:00,0.0,0.0,2024-11-14,17
2024-11-14 18:00:00,0.0,0.0,2024-11-14,18
2024-11-14 19:00:00,0.0,0.0,2024-11-14,19
2024-11-14 20:00:00,0.0,0.0,2024-11-14,20
2024-11-14 21:00:00,0.0,0.0,2024-11-14,21
2024-11-14 22:00:00,0.0,0.0,2024-11-14,22
2024-11-14 23:00:00,0.0,0.0,2024-11-14,23
2024-11-15 00:00:00,0.0,0.0,2024-11-15,0
2024-11-15 01:00:00,0.0,0.0,2024-11-15,1
2024-11-15 02:00:00,0.0,0.0,2024-11-15,2
2024-11-15 03:00:00,0.0,0.0,2024-11-15,3
2024-11-15 04:00:00,0.0,0.0,2024-11-15,4
2024-11-15 05:00:00,0.0,0.0,2024-11-15,5
2024-11-15 06:00:00,0.03262158,0.03310187,2024-11-15,6
2024-11-15 07:00:00,0.1152205,0.1147546,2024-11-15,7
2024-11-15 08:00:00,0.2653679,0.2791207,2024-11-15,8
2024-11-15 09:00:00,0.5711492,0.7148918,2024-11-15,9
2024-11-15 10:00:00,0.4050885,0.4238103,2024-11-15,10
2024-11-15 11:00:00,0.4350852,0.4582704,2024-11-15,11
2024-11-15 12:00:00,0.5458121,0.632654,2024-11-15,12
2024-11-15 13:00:00,0.6266698,0.8032874,2024-11-15,13
2024-11-15 14:00:00,0.424408,0.5454559,2024-11-15,14
2024-11-15 15:00:00,0.1734437,0.1924784,2024-11-15,15
2024-11-15 16:00:00,0.05053606,0.06493987,2024-11-15,16
2024-11-15 17:00:00,0.0,0.0,2024-11-15,17
2024-11-15 18:00:00,0.0,0.0,2024-11-15,18
2024-11-15 19:00:00,0.0,0.0,2024-11-15,19
2024-11-15 20:00:00,0.0,0.0,2024-11-15,20
2024-11-15 21:00:00,0.0,0.0,2024-11-15,21
2024-11-15 22:00:00,0.0,0.0,2024-11-15,22
2024-11-15 23:00:00,0.0,0.0,2024-11-15,23
2024-11-16 00:00:00,0.0,0.0,2024-11-16,0
2024-11-16 01:00:00,0.0,0.0,2024-11-16,1
2024-11-16 02:00:00,0.0,0.0,2024-11-16,2
2024-11-16 03:00:00,0.0,0.0,2024-11-16,3
2024-11-16 04:00:00,0.0,0.0,2024-11-16,4
2024-11-16 05:00:00,0.0,0.0,2024-11-16,5
2024-11-16 06:00:00,0.0756108,0.1467534,2024-11-16,6
2024-11-16 07:00:00,0.1673448,0.1821962,2024-11-16,7
2024-11-16 08:00:00,0.1221657,0.119643,2024-11-16,8
2024-11-16 09:00:00,0.3094862,0.3156442,2024-11-16,9
2024-11-16 10:00:00,0.5005406,0.5621837,2024-11-16,10
2024-11-16 11:00:00,0.387161,0.3970756,2024-11-16,11
2024-11-16 12:00:00,0.08290243,0.08073806,2024-11-16,12
2024-11-16 13:00:00,0.1406092,0.1374283,2024-11-16,13
2024-11-16 14:00:00,0.1759164,0.1737691,2024-11-16,14
2024-11-16 15:00:00,0.1280699,0.1298239,2024-11-16,15
2024-11-16 16:00:00,0.055161,0.07895112,2024-11-16,16
2024-11-16 17:00:00,0.0,0.0,2024-11-16,17
2024-11-16 18:00:00,0.0,0.0,2024-11-16,18
2024-11-16 19:00:00,0.0,0.0,2024-11-16,19
2024-11-16 20:00:00,0.0,0.0,2024-11-16,20
2024-11-16 21:00:00,0.0,0.0,2024-11-16,21
2024-11-16 22:00:00,0.0,0.0,2024-11-16,22
2024-11-16 23:00:00,0.0,0.0,2024-11-16,23
2024-11-17 00:00:00,0.0,0.0,2024-11-17,0
2024-11-17 01:00:00,0.0,0.0,2024-11-17,1
2024-11-17 02:00:00,0.0,0.0,2024-11-17,2
2024-11-17 03:00:00,0.0,0.0,2024-11-17,3
2024-11-17 04:00:00,0.0,0.0,2024-11-17,4
2024-11-17 05:00:00,0.0,0.0,2024-11-17,5
2024-11-17 06:00:00,0.05456629,0.07517678,2024-11-17,6
2024-11-17 07:00:00,0.1559947,0.1661797,2024-11-17,7
2024-11-17 08:00:00,0.3111334,0.3487775,2024-11-17,8
2024-11-17 09:00:00,0.6977828,0.9067807,2024-11-17,9
2024-11-17 10:00:00,0.6865889,0.8611451,2024-11-17,10
2024-11-17 11:00:00,0.5145934,0.5748261,2024-11-17,11
2024-11-17 12:00:00,0.4070545,0.4279787,2024-11-17,12
2024-11-17 13:00:00,0.4851762,0.5767936,2024-11-17,13
2024-11-17 14:00:00,0.4403049,0.5780205,2024-11-17,14
2024-11-17 15:00:00,0.1289433,0.1310389,2024-11-17,15
2024-11-17 16:00:00,0.03844937,0.04183116,2024-11-17,16
2024-11-17 17:00:00,0.0,0.0,2024-11-17,17
2024-11-17 18:00:00,0.0,0.0,2024-11-17,18
2024-11-17 19:00:00,0.0,0.0,2024-11-17,19
2024-11-17 20:00:00,0.0,0.0,2024-11-17,20
2024-11-17 21:00:00,0.0,0.0,2024-11-17,21
2024-11-17 22:00:00,0.0,0.0,2024-11-17,22
2024-11-17 23:00:00,0.0,0.0,2024-11-17,23
2024-11-18 00:00:00,0.0,0.0,2024-11-18,0
2024-11-18 01:00:00,0.0,0.0,2024-11-18,1
2024-11-18 02:00:00,0.0,0.0,2024-11-18,2
2024-11-18 03:00:00,0.0,0.0,2024-11-18,3
2024-11-18 04:00:00,0.0,0.0,2024-11-18,4
2024-11-18 05:00:00,0.0,0.0,2024-11-18,5
2024-11-18 06:00:00,0.04441284,0.05238817,2024-11-18,6
2024-11-18 07:00:00,0.1311171,0.1337074,2024-11-18,7
2024-11-18 08:00:00,0.2333441,0.2391627,2024-11-18,8
2024-11-18 09:00:00,0.5091991,0.618742,2024-11-18,9
2024-11-18 10:00:00,0.6789801,0.8519354,2024-11-18,10
2024-11-18 11:00:00,0.5032232,0.5587773,2024-11-18,11
2024-11-18 12:00:00,0.5834875,0.6993029,2024-11-18,12
2024-11-18 13:00:00,0.4503996,0.5204362,2024-11-18,13
2024-11-18 14:00:00,0.4015882,0.5102136,2024-11-18,14
2024-11-18 15:00:00,0.2705566,0.3932225,2024-11-18,15
2024-11-18 16:00:00,0.05270024,0.07418455,2024-11-18,16
2024-11-18 17:00:00,0.0,0.0,2024-11-18,17
2024-11-18 18:00:00,0.0,0.0,2024-11-18,18
2024-11-18 19:00:00,0.0,0.0,2024-11-18,19
2024-11-18 20:00:00,0.0,0.0,2024-11-18,20
2024-11-18 21:00:00,0.0,0.0,2024-11-18,21
2024-11-18 22:00:00,0.0,0.0,2024-11-18,22
2024-11-18 23:00:00,0.0,0.0,2024-11-18,23
2024-11-19 00:00:00,0.0,0.0,2024-11-19,0
2024-11-19 01:00:00,0.0,0.0,2024-11-19,1
2024-11-19 02:00:00,0.0,0.0,2024-11-19,2
2024-11-19 03:00:00,0.0,0.0,2024-11-19,3
2024-11-19 04:00:00,0.0,0.0,2024-11-19,4
2024-11-19 05:00:00,0.0,0.0,2024-11-19,5
2024-11-19 06:00:00,0.03731195,0.04055179,2024-11-19,6
2024-11-19 07:00:00,0.1220623,0.1231778,2024-11-19,7
2024-11-19 08:00:00,0.381327,0.4747746,2024-11-19,8
2024-11-19 09:00:00,0.4420818,0.5081451,2024-11-19,9
2024-11-19 10:00:00,0.4793788,0.5337171,2024-11-19,10
2024-11-19 11:00:00,0.5806956,0.6826748,2024-11-19,11
2024-11-19 12:00:00,0.1625976,0.1588917,2024-11-19,12
2024-11-19 13:00:00,0.1931537,0.1894248,2024-11-19,13
2024-11-19 14:00:00,0.2024222,0.2028368,2024-11-19,14
2024-11-19 15:00:00,0.2306614,0.3079144,2024-11-19,15
2024-11-19 16:00:00,0.05659044,0.08806846,2024-11-19,16
2024-11-19 17:00:00,0.0,0.0,2024-11-19,17
2024-11-19 18:00:00,0.0,0.0,2024-11-19,18
2024-11-19 19:00:00,0.0,0.0,2024-11-19,19
2024-11-19 20:00:00,0.0,0.0,2024-11-19,20
2024-11-19 21:00:00,0.0,0.0,2024-11-19,21
2024-11-19 22:00:00,0.0,0.0,2024-11-19,22
2024-11-19 23:00:00,0.0,0.0,2024-11-19,23
2024-11-20 00:00:00,0.0,0.0,2024-11-20,0
2024-11-20 01:00:00,0.0,0.0,2024-11-20,1
2024-11-20 02:00:00,0.0,0.0,2024-11-20,2
2024-11-20 03:00:00,0.0,0.0,2024-11-20,3
2024-11-20 04:00:00,0.0,0.0,2024-11-20,4
2024-11-20 05:00:00,0.0,0.0,2024-11-20,5
2024-11-20 06:00:00,0.08238825,0.2062503,2024-11-20,6
2024-11-20 07:00:00,0.1633758,0.1799196,2024-11-20,7
2024-11-20 08:00:00,0.2357079,0.2430183,2024-11-20,8
2024-11-20 09:00:00,0.2006415,0.1969684,2024-11-20,9
2024-11-20 10:00:00,0.2430893,0.238868,2024-11-20,10
2024-11-20 11:00:00,0.353007,0.3573042,2024-11-20,11
2024-11-20 12:00:00,0.6489587,0.8095044,2024-11-20,12
2024-11-20 13:00:00,0.6190265,0.8026409,2024-11-20,13
2024-11-20 14:00:00,0.4965711,0.6778845,2024-11-20,14
2024-11-20 15:00:00,0.2654952,0.3865679,2024-11-20,15
2024-11-20 16:00:00,0.06844772,0.1382239,2024-11-20,16
2024-11-20 17:00:00,0.0,0.0,2024-11-20,17
2024-11-20 18:00:00,0.0,0.0,2024-11-20,18
2024-11-20 19:00:00,0.0,0.0,2024-11-20,19
2024-11-20 20:00:00,0.0,0.0,2024-11-20,20
2024-11-20 21:00:00,0.0,0.0,2024-11-20,21
2024-11-20 22:00:00,0.0,0.0,2024-11-20,22
2024-11-20 23:00:00,0.0,0.0,2024-11-20,23
2024-11-21 00:00:00,0.0,0.0,2024-11-21,0
2024-11-21 01:00:00,0.0,0.0,2024-11-21,1
2024-11-21 02:00:00,0.0,0.0,2024-11-21,2
2024-11-21 03:00:00,0.0,0.0,2024-11-21,3
2024-11-21 04:00:00,0.0,0.0,2024-11-21,4
2024-11-21 05:00:00,0.0,0.0,2024-11-21,5
2024-11-21 06:00:00,0.05280851,0.08263201,2024-11-21,6
2024-11-21 07:00:00,0.2679283,0.3970254,2024-11-21,7
2024-11-21 08:00:00,0.5534462,0.7633808,2024-11-21,8
2024-11-21 09:00:00,0.7235822,0.9510236,2024-11-21,9
2024-11-21 10:00:00,0.7566212,0.9707217,2024-11-21,10
2024-11-21 11:00:00,0.7292851,0.9219541,2024-11-21,11
2024-11-21 12:00:00,0.7667528,0.9839818,2024-11-21,12
2024-11-21 13:00:00,0.6959439,0.9130257,2024-11-21,13
2024-11-21 14:00:00,0.528733,0.7271378,2024-11-21,14
2024-11-21 15:00:00,0.3025515,0.4638951,2024-11-21,15
2024-11-21 16:00:00,0.07670203,0.1788512,2024-11-21,16
2024-11-21 17:00:00,0.0,0.0,2024-11-21,17
2024-11-21 18:00:00,0.0,0.0,2024-11-21,18
2024-11-21 19:00:00,0.0,0.0,2024-11-21,19
2024-11-21 20:00:00,0.0,0.0,2024-11-21,20
2024-11-21 21:00:00,0.0,0.0,2024-11-21,21
2024-11-21 22:00:00,0.0,0.0,2024-11-21,22
2024-11-21 23:00:00,0.0,0.0,2024-11-21,23
2024-11-22 00:00:00,0.0,0.0,2024-11-22,0
2024-11-22 01:00:00,0.0,0.0,2024-11-22,1
2024-11-22 02:00:00,0.0,0.0,2024-11-22,2
2024-11-22 03:00:00,0.0,0.0,2024-11-22,3
2024-11-22 04:00:00,0.0,0.0,2024-11-22,4
2024-11-22 05:00:00,0.0,0.0,2024-11-22,5
2024-11-22 06:00:00,0.05472812,0.0943056,2024-11-22,6
2024-11-22 07:00:00,0.2264549,0.3077056,2024-11-22,7
2024-11-22 08:00:00,0.392338,0.5026489,2024-11-22,8
2024-11-22 09:00:00,0.6595802,0.8664787,2024-11-22,9
2024-11-22 10:00:00,0.7418901,0.9527028,2024-11-22,10
2024-11-22 11:00:00,0.7787231,0.9940481,2024-11-22,11
2024-11-22 12:00:00,0.7927381,1.020182,2024-11-22,12
2024-11-22 13:00:00,0.7237067,0.9526114,2024-11-22,13
2024-11-22 14:00:00,0.5168458,0.7120734,2024-11-22,14
2024-11-22 15:00:00,0.2862066,0.4340792,2024-11-22,15
2024-11-22 16:00:00,0.0818196,0.2044437,2024-11-22,16
2024-11-22 17:00:00,0.0,0.0,2024-11-22,17
2024-11-22 18:00:00,0.0,0.0,2024-11-22,18
2024-11-22 19:00:00,0.0,0.0,2024-11-22,19
2024-11-22 20:00:00,0.0,0.0,2024-11-22,20
2024-11-22 21:00:00,0.0,0.0,2024-11-22,21
2024-11-22 22:00:00,0.0,0.0,2024-11-22,22
2024-11-22 23:00:00,0.0,0.0,2024-11-22,23
2024-11-23 00:00:00,0.0,0.0,2024-11-23,0
2024-11-23 01:00:00,0.0,0.0,2024-11-23,1
2024-11-23 02:00:00,0.0,0.0,2024-11-23,2
2024-11-23 03:00:00,0.0,0.0,2024-11-23,3
2024-11-23 04:00:00,0.0,0.0,2024-11-23,4
2024-11-23 05:00:00,0.0,0.0,2024-11-23,5
2024-11-23 06:00:00,0.06443301,0.1460066,2024-11-23,6
2024-11-23 07:00:00,0.3499959,0.5520018,2024-11-23,7
2024-11-23 08:00:00,0.5385343,0.7470262,2024-11-23,8
2024-11-23 09:00:00,0.7161422,0.9455187,2024-11-23,9
2024-11-23 10:00:00,0.8454637,1.092753,2024-11-23,10
2024-11-23 11:00:00,0.8850888,1.136526,2024-11-23,11
2024-11-23 12:00:00,0.7942392,1.024072,2024-11-23,12
2024-11-23 13:00:00,0.7814145,1.033314,2024-11-23,13
2024-11-23 14:00:00,0.6027,0.83707,2024-11-23,14
2024-11-23 15:00:00,0.316997,0.4934733,2024-11-23,15
2024-11-23 16:00:00,0.07217084,0.162358,2024-11-23,16
2024-11-23 17:00:00,0.0,0.0,2024-11-23,17
2024-11-23 18:00:00,0.0,0.0,2024-11-23,18
2024-11-23 19:00:00,0.0,0.0,2024-11-23,19
2024-11-23 20:00:00,0.0,0.0,2024-11-23,20
2024-11-23 21:00:00,0.0,0.0,2024-11-23,21
2024-11-23 22:00:00,0.0,0.0,2024-11-23,22
2024-11-23 23:00:00,0.0,0.0,2024-11-23,23
2024-11-24 00:00:00,0.0,0.0,2024-11-24,0
2024-11-24 01:00:00,0.0,0.0,2024-11-24,1
2024-11-24 02:00:00,0.0,0.0,2024-11-24,2
2024-11-24 03:00:00,0.0,0.0,2024-11-24,3
2024-11-24 04:00:00,0.0,0.0,2024-11-24,4
2024-11-24 05:00:00,0.0,0.0,2024-11-24,5
2024-11-24 06:00:00,0.07222678,0.1943942,2024-11-24,6
2024-11-24 07:00:00,0.2582534,0.3866142,2024-11-24,7
2024-11-24 08:00:00,0.4222955,0.563541,2024-11-24,8
2024-11-24 09:00:00,0.5208737,0.6521426,2024-11-24,9
2024-11-24 10:00:00,0.7295759,0.939598,2024-11-24,10
2024-11-24 11:00:00,0.9203314,1.185374,2024-11-24,11
2024-11-24 12:00:00,0.808746,1.045215,2024-11-24,12
2024-11-24 13:00:00,0.7176136,0.9481367,2024-11-24,13
2024-11-24 14:00:00,0.5148936,0.7127452,2024-11-24,14
2024-11-24 15:00:00,0.3388358,0.5310669,2024-11-24,15
2024-11-24 16:00:00,0.1025407,0.2799359,2024-11-24,16
2024-11-24 17:00:00,0.0,0.0,2024-11-24,17
2024-11-24 18:00:00,0.0,0.0,2024-11-24,18
2024-11-24 19:00:00,0.0,0.0,2024-11-24,19
2024-11-24 20:00:00,0.0,0.0,2024-11-24,20
2024-11-24 21:00:00,0.0,0.0,2024-11-24,21
2024-11-24 22:00:00,0.0,0.0,2024-11-24,22
2024-11-24 23:00:00,0.0,0.0,2024-11-24,23
2024-11-25 00:00:00,0.0,0.0,2024-11-25,0
2024-11-25 01:00:00,0.0,0.0,2024-11-25,1
2024-11-25 02:00:00,0.0,0.0,2024-11-25,2
2024-11-25 03:00:00,0.0,0.0,2024-11-25,3
2024-11-25 04:00:00,0.0,0.0,2024-11-25,4
2024-11-25 05:00:00,0.0,0.0,2024-11-25,5
2024-11-25 06:00:00,0.04010548,0.05381812,2024-11-25,6
2024-11-25 07:00:00,0.2749644,0.4262018,2024-11-25,7
2024-11-25 08:00:00,0.3941734,0.5137042,2024-11-25,8
2024-11-25 09:00:00,0.5448137,0.6953824,2024-11-25,9
2024-11-25 10:00:00,0.7651024,0.9897817,2024-11-25,10
2024-11-25 11:00:00,0.7474576,0.9561988,2024-11-25,11
2024-11-25 12:00:00,0.5397968,0.6382667,2024-11-25,12
2024-11-25 13:00:00,0.5082209,0.6288854,2024-11-25,13
2024-11-25 14:00:00,0.4613458,0.6297173,2024-11-25,14
2024-11-25 15:00:00,0.2913394,0.4495916,2024-11-25,15
2024-11-25 16:00:00,0.07712469,0.1897165,2024-11-25,16
2024-11-25 17:00:00,0.0,0.0,2024-11-25,17
2024-11-25 18:00:00,0.0,0.0,2024-11-25,18
2024-11-25 19:00:00,0.0,0.0,2024-11-25,19
2024-11-25 20:00:00,0.0,0.0,2024-11-25,20
2024-11-25 21:00:00,0.0,0.0,2024-11-25,21
2024-11-25 22:00:00,0.0,0.0,2024-11-25,22
2024-11-25 23:00:00,0.0,0.0,2024-11-25,23
2024-11-26 00:00:00,0.0,0.0,2024-11-26,0
2024-11-26 01:00:00,0.0,0.0,2024-11-26,1
2024-11-26 02:00:00,0.0,0.0,2024-11-26,2
2024-11-26 03:00:00,0.0,0.0,2024-11-26,3
2024-11-26 04:00:00,0.0,0.0,2024-11-26,4
2024-11-26 05:00:00,0.0,0.0,2024-11-26,5
2024-11-26 06:00:00,0.04495184,0.07291307,2024-11-26,6
2024-11-26 07:00:00,0.2450867,0.3638365,2024-11-26,7
2024-11-26 08:00:00,0.4803731,0.6683595,2024-11-26,8
2024-11-26 09:00:00,0.5131404,0.6430344,2024-11-26,9
2024-11-26 10:00:00,0.575937,0.7021875,2024-11-26,10
2024-11-26 11:00:00,0.6965464,0.8824601,2024-11-26,11
2024-11-26 12:00:00,0.7619821,0.9864783,2024-11-26,12
2024-11-26 13:00:00,0.5205523,0.6517321,2024-11-26,13
2024-11-26 14:00:00,0.4444236,0.6018018,2024-11-26,14
2024-11-26 15:00:00,0.28902,0.4464915,2024-11-26,15
2024-11-26 16:00:00,0.08029024,0.2059278,2024-11-26,16
2024-11-26 17:00:00,0.0,0.0,2024-11-26,17
2024-11-26 18:00:00,0.0,0.0,2024-11-26,18
2024-11-26 19:00:00,0.0,0.0,2024-11-26,19
2024-11-26 20:00:00,0.0,0.0,2024-11-26,20
2024-11-26 21:00:00,0.0,0.0,2024-11-26,21
2024-11-26 22:00:00,0.0,0.0,2024-11-26,22
2024-11-26 23:00:00,0.0,0.0,2024-11-26,23
2024-11-27 00:00:00,0.0,0.0,2024-11-27,0
2024-11-27 01:00:00,0.0,0.0,2024-11-27,1
2024-11-27 02:00:00,0.0,0.0,2024-11-27,2
2024-11-27 03:00:00,0.0,0.0,2024-11-27,3
2024-11-27 04:00:00,0.0,0.0,2024-11-27,4
2024-11-27 05:00:00,0.0,0.0,2024-11-27,5
2024-11-27 06:00:00,0.04470727,0.07606222,2024-11-27,6
2024-11-27 07:00:00,0.2045079,0.2724427,2024-11-27,7
2024-11-27 08:00:00,0.516275,0.7241393,2024-11-27,8
2024-11-27 09:00:00,0.6430575,0.8536584,2024-11-27,9
2024-11-27 10:00:00,0.87174,1.136434,2024-11-27,10
2024-11-27 11:00:00,0.8813872,1.139518,2024-11-27,11
2024-11-27 12:00:00,0.7975303,1.035513,2024-11-27,12
2024-11-27 13:00:00,0.6193068,0.8155388,2024-11-27,13
2024-11-27 14:00:00,0.5483879,0.7657673,2024-11-27,14
2024-11-27 15:00:00,0.3480407,0.5512314,2024-11-27,15
2024-11-27 16:00:00,0.09765814,0.2708803,2024-11-27,16
2024-11-27 17:00:00,0.0,0.0,2024-11-27,17
2024-11-27 18:00:00,0.0,0.0,2024-11-27,18
2024-11-27 19:00:00,0.0,0.0,2024-11-27,19
2024-11-27 20:00:00,0.0,0.0,2024-11-27,20
2024-11-27 21:00:00,0.0,0.0,2024-11-27,21
2024-11-27 22:00:00,0.0,0.0,2024-11-27,22
2024-11-27 23:00:00,0.0,0.0,2024-11-27,23
2024-11-28 00:00:00,0.0,0.0,2024-11-28,0
2024-11-28 01:00:00,0.0,0.0,2024-11-28,1
2024-11-28 02:00:00,0.0,0.0,2024-11-28,2
2024-11-28 03:00:00,0.0,0.0,2024-11-28,3
2024-11-28 04:00:00,0.0,0.0,2024-11-28,4
2024-11-28 05:00:00,0.0,0.0,2024-11-28,5
2024-11-28 06:00:00,0.04446606,0.07960551,2024-11-28,6
2024-11-28 07:00:00,0.1005209,0.1003869,2024-11-28,7
2024-11-28 08:00:00,0.09749366,0.09543214,2024-11-28,8
2024-11-28 09:00:00,0.2769604,0.2805851,2024-11-28,9
2024-11-28 10:00:00,0.4078442,0.4366054,2024-11-28,10
2024-11-28 11:00:00,0.6458295,0.8054214,2024-11-28,11
2024-11-28 12:00:00,0.334567,0.3401428,2024-11-28,12
2024-11-28 13:00:00,0.2100458,0.20676,2024-11-28,13
2024-11-28 14:00:00,0.1256004,0.1232001,2024-11-28,14
2024-11-28 15:00:00,0.1375416,0.1436958,2024-11-28,15
2024-11-28 16:00:00,0.049023,0.06975653,2024-11-28,16
2024-11-28 17:00:00,0.0,0.0,2024-11-28,17
2024-11-28 18:00:00,0.0,0.0,2024-11-28,18
2024-11-28 19:00:00,0.0,0.0,2024-11-28,19
2024-11-28 20:00:00,0.0,0.0,2024-11-28,20
2024-11-28 21:00:00,0.0,0.0,2024-11-28,21
2024-11-28 22:00:00,0.0,0.0,2024-11-28,22
2024-11-28 23:00:00,0.0,0.0,2024-11-28,23
2024-11-29 00:00:00,0.0,0.0,2024-11-29,0
2024-11-29 01:00:00,0.0,0.0,2024-11-29,1
2024-11-29 02:00:00,0.0,0.0,2024-11-29,2
2024-11-29 03:00:00,0.0,0.0,2024-11-29,3
2024-11-29 04:00:00,0.0,0.0,2024-11-29,4
2024-11-29 05:00:00,0.0,0.0,2024-11-29,5
2024-11-29 06:00:00,0.04032513,0.06623031,2024-11-29,6
2024-11-29 07:00:00,0.06328866,0.06225033,2024-11-29,7
2024-11-29 08:00:00,0.2134207,0.2186007,2024-11-29,8
2024-11-29 09:00:00,0.5017887,0.6292246,2024-11-29,9
2024-11-29 10:00:00,0.5356193,0.6390783,2024-11-29,10
2024-11-29 11:00:00,0.2764442,0.2733538,2024-11-29,11
2024-11-29 12:00:00,0.448093,0.4949024,2024-11-29,12
2024-11-29 13:00:00,0.3877062,0.4301078,2024-11-29,13
2024-11-29 14:00:00,0.2838923,0.3141307,2024-11-29,14
2024-11-29 15:00:00,0.1099621,0.1100552,2024-11-29,15
2024-11-29 16:00:00,0.02821611,0.02894451,2024-11-29,16
2024-11-29 17:00:00,0.0,0.0,2024-11-29,17
2024-11-29 18:00:00,0.0,0.0,2024-11-29,18
2024-11-29 19:00:00,0.0,0.0,2024-11-29,19
2024-11-29 20:00:00,0.0,0.0,2024-11-29,20
2024-11-29 21:00:00,0.0,0.0,2024-11-29,21
2024-11-29 22:00:00,0.0,0.0,2024-11-29,22
2024-11-29 23:00:00,0.0,0.0,2024-11-29,23
2024-11-30 00:00:00,0.0,0.0,2024-11-30,0
2024-11-30 01:00:00,0.0,0.0,2024-11-30,1
2024-11-30 02:00:00,0.0,0.0,2024-11-30,2
2024-11-30 03:00:00,0.0,0.0,2024-11-30,3
2024-11-30 04:00:00,0.0,0.0,2024-11-30,4
2024-11-30 05:00:00,0.0,0.0,2024-11-30,5
2024-11-30 06:00:00,0.03238903,0.04230077,2024-11-30,6
2024-11-30 07:00:00,0.1702845,0.2056099,2024-11-30,7
2024-11-30 08:00:00,0.3767387,0.4923874,2024-11-30,8
2024-11-30 09:00:00,0.5253474,0.6725209,2024-11-30,9
2024-11-30 10:00:00,0.7203127,0.9374408,2024-11-30,10
2024-11-30 11:00:00,0.7634173,0.9869435,2024-11-30,11
2024-11-30 12:00:00,0.7087747,0.9185484,2024-11-30,12
2024-11-30 13:00:00,0.7179735,0.9584061,2024-11-30,13
2024-11-30 14:00:00,0.520485,0.7294819,2024-11-30,14
2024-11-30 15:00:00,0.3202171,0.5090331,2024-11-30,15
2024-11-30 16:00:00,0.09152785,0.2550255,2024-11-30,16
2024-11-30 17:00:00,0.0,0.0,2024-11-30,17
2024-11-30 18:00:00,0.0,0.0,2024-11-30,18
2024-11-30 19:00:00,0.0,0.0,2024-11-30,19
2024-11-30 20:00:00,0.0,0.0,2024-11-30,20
2024-11-30 21:00:00,0.0,0.0,2024-11-30,21
2024-11-30 22:00:00,0.0,0.0,2024-11-30,22
2024-11-30 23:00:00,0.0,0.0,2024-11-30,23
2024-12-01 00:00:00,0.0,0.0,2024-12-01,0
2024-12-01 01:00:00,0.0,0.0,2024-12-01,1
2024-12-01 02:00:00,0.0,0.0,2024-12-01,2
2024-12-01 03:00:00,0.0,0.0,2024-12-01,3
2024-12-01 04:00:00,0.0,0.0,2024-12-01,4
2024-12-01 05:00:00,0.0,0.0,2024-12-01,5
2024-12-01 06:00:00,0.03590122,0.05593345,2024-12-01,6
2024-12-01 07:00:00,0.2104083,0.2977867,2024-12-01,7
2024-12-01 08:00:00,0.4854953,0.6873085,2024-12-01,8
2024-12-01 09:00:00,0.706875,0.9492044,2024-12-01,9
2024-12-01 10:00:00,0.64608,0.8271101,2024-12-01,10
2024-12-01 11:00:00,0.8735011,1.135843,2024-12-01,11
2024-12-01 12:00:00,0.8086166,1.056523,2024-12-01,12
2024-12-01 13:00:00,0.7232568,0.9670828,2024-12-01,13
2024-12-01 14:00:00,0.5887219,0.8303182,2024-12-01,14
2024-12-01 15:00:00,0.3280846,0.5231538,2024-12-01,15
2024-12-01 16:00:00,0.07526702,0.1857014,2024-12-01,16
2024-12-01 17:00:00,0.0,0.0,2024-12-01,17
2024-12-01 18:00:00,0.0,0.0,2024-12-01,18
2024-12-01 19:00:00,0.0,0.0,2024-12-01,19
2024-12-01 20:00:00,0.0,0.0,2024-12-01,20
2024-12-01 21:00:00,0.0,0.0,2024-12-01,21
2024-12-01 22:00:00,0.0,0.0,2024-12-01,22
2024-12-01 23:00:00,0.0,0.0,2024-12-01,23
2024-12-02 00:00:00,0.0,0.0,2024-12-02,0
2024-12-02 01:00:00,0.0,0.0,2024-12-02,1
2024-12-02 02:00:00,0.0,0.0,2024-12-02,2
2024-12-02 03:00:00,0.0,0.0,2024-12-02,3
2024-12-02 04:00:00,0.0,0.0,2024-12-02,4
2024-12-02 05:00:00,0.0,0.0,2024-12-02,5
2024-12-02 06:00:00,0.07197146,0.2661712,2024-12-02,6
2024-12-02 07:00:00,0.1462894,0.1641215,2024-12-02,7
2024-12-02 08:00:00,0.4140766,0.5685352,2024-12-02,8
2024-12-02 09:00:00,0.5506793,0.7199004,2024-12-02,9
2024-12-02 10:00:00,0.4963435,0.5771903,2024-12-02,10
2024-12-02 11:00:00,0.538928,0.6325942,2024-12-02,11
2024-12-02 12:00:00,0.5631162,0.6862482,2024-12-02,12
2024-12-02 13:00:00,0.4450783,0.526322,2024-12-02,13
2024-12-02 14:00:00,0.1909981,0.191073,2024-12-02,14
2024-12-02 15:00:00,0.1159175,0.116892,2024-12-02,15
2024-12-02 16:00:00,0.04870395,0.06869698,2024-12-02,16
2024-12-02 17:00:00,0.0,0.0,2024-12-02,17
2024-12-02 18:00:00,0.0,0.0,2024-12-02,18
2024-12-02 19:00:00,0.0,0.0,2024-12-02,19
2024-12-02 20:00:00,0.0,0.0,2024-12-02,20
2024-12-02 21:00:00,0.0,0.0,2024-12-02,21
2024-12-02 22:00:00,0.0,0.0,2024-12-02,22
2024-12-02 23:00:00,0.0,0.0,2024-12-02,23
2024-12-03 00:00:00,0.0,0.0,2024-12-03,0
2024-12-03 01:00:00,0.0,0.0,2024-12-03,1
2024-12-03 02:00:00,0.0,0.0,2024-12-03,2
2024-12-03 03:00:00,0.0,0.0,2024-12-03,3
2024-12-03 04:00:00,0.0,0.0,2024-12-03,4
2024-12-03 05:00:00,0.0,0.0,2024-12-03,5
2024-12-03 06:00:00,0.04988152,0.1504471,2024-12-03,6
2024-12-03 07:00:00,0.2781336,0.4580933,2024-12-03,7
2024-12-03 08:00:00,0.3340389,0.4156975,2024-12-03,8
2024-12-03 09:00:00,0.4657572,0.5723317,2024-12-03,9
2024-12-03 10:00:00,0.4178081,0.454359,2024-12-03,10
2024-12-03 11:00:00,0.5496776,0.6516368,2024-12-03,11
2024-12-03 12:00:00,0.6585413,0.8460519,2024-12-03,12
2024-12-03 13:00:00,0.5418186,0.6970953,2024-12-03,13
2024-12-03 14:00:00,0.2556357,0.2727531,2024-12-03,14
2024-12-03 15:00:00,0.2463993,0.3591423,2024-12-03,15
2024-12-03 16:00:00,0.06947957,0.1559068,2024-12-03,16
2024-12-03 17:00:00,0.0,0.0,2024-12-03,17
2024-12-03 18:00:00,0.0,0.0,2024-12-03,18
2024-12-03 19:00:00,0.0,0.0,2024-12-03,19
2024-12-03 20:00:00,0.0,0.0,2024-12-03,20
2024-12-03 21:00:00,0.0,0.0,2024-12-03,21
2024-12-03 22:00:00,0.0,0.0,2024-12-03,22
2024-12-03 23:00:00,0.0,0.0,2024-12-03,23
2024-12-04 00:00:00,0.0,0.0,2024-12-04,0
2024-12-04 01:00:00,0.0,0.0,2024-12-04,1
2024-12-04 02:00:00,0.0,0.0,2024-12-04,2
2024-12-04 03:00:00,0.0,0.0,2024-12-04,3
2024-12-04 04:00:00,0.0,0.0,2024-12-04,4
2024-12-04 05:00:00,0.0,0.0,2024-12-04,5
2024-12-04 06:00:00,0.06073161,0.2351254,2024-12-04,6
2024-12-04 07:00:00,0.2215933,0.3347902,2024-12-04,7
2024-12-04 08:00:00,0.3853631,0.5182747,2024-12-04,8
2024-12-04 09:00:00,0.5579202,0.7357213,2024-12-04,9
2024-12-04 10:00:00,0.4157184,0.4519264,2024-12-04,10
2024-12-04 11:00:00,0.4180138,0.4464168,2024-12-04,11
2024-12-04 12:00:00,0.3492621,0.3594077,2024-12-04,12
2024-12-04 13:00:00,0.07871977,0.07674745,2024-12-04,13
2024-12-04 14:00:00,0.1570112,0.1547716,2024-12-04,14
2024-12-04 15:00:00,0.1273557,0.1307184,2024-12-04,15
2024-12-04 16:00:00,0.01815184,0.0181828,2024-12-04,16
2024-12-04 17:00:00,0.0,0.0,2024-12-04,17
2024-12-04 18:00:00,0.0,0.0,2024-12-04,18
2024-12-04 19:00:00,0.0,0.0,2024-12-04,19
2024-12-04 20:00:00,0.0,0.0,2024-12-04,20
2024-12-04 21:00:00,0.0,0.0,2024-12-04,21
2024-12-04 22:00:00,0.0,0.0,2024-12-04,22
2024-12-04 23:00:00,0.0,0.0,2024-12-04,23
2024-12-05 00:00:00,0.0,0.0,2024-12-05,0
2024-12-05 01:00:00,0.0,0.0,2024-12-05,1
2024-12-05 02:00:00,0.0,0.0,2024-12-05,2
2024-12-05 03:00:00,0.0,0.0,2024-12-05,3
2024-12-05 04:00:00,0.0,0.0,2024-12-05,4
2024-12-05 05:00:00,0.0,0.0,2024-12-05,5
2024-12-05 06:00:00,0.04503458,0.1354854,2024-12-05,6
2024-12-05 07:00:00,0.1131335,0.1168391,2024-12-05,7
2024-12-05 08:00:00,0.4171086,0.5809346,2024-12-05,8
2024-12-05 09:00:00,0.5808771,0.7748412,2024-12-05,9
2024-12-05 10:00:00,0.6853449,0.8941578,2024-12-05,10
2024-12-05 11:00:00,0.6982877,0.8989477,2024-12-05,11
2024-12-05 12:00:00,0.6484686,0.8322445,2024-12-05,12
2024-12-05 13:00:00,0.5511793,0.7150156,2024-12-05,13
2024-12-05 14:00:00,0.5010779,0.705943,2024-12-05,14
2024-12-05 15:00:00,0.2367502,0.3369108,2024-12-05,15
2024-12-05 16:00:00,0.07979218,0.2052113,2024-12-05,16
2024-12-05 17:00:00,0.0,0.0,2024-12-05,17
2024-12-05 18:00:00,0.0,0.0,2024-12-05,18
2024-12-05 19:00:00,0.0,0.0,2024-12-05,19
2024-12-05 20:00:00,0.0,0.0,2024-12-05,20
2024-12-05 21:00:00,0.0,0.0,2024-12-05,21
2024-12-05 22:00:00,0.0,0.0,2024-12-05,22
2024-12-05 23:00:00,0.0,0.0,2024-12-05,23
2024-12-06 00:00:00,0.0,0.0,2024-12-06,0
2024-12-06 01:00:00,0.0,0.0,2024-12-06,1
2024-12-06 02:00:00,0.0,0.0,2024-12-06,2
2024-12-06 03:00:00,0.0,0.0,2024-12-06,3
2024-12-06 04:00:00,0.0,0.0,2024-12-06,4
2024-12-06 05:00:00,0.0,0.0,2024-12-06,5
2024-12-06 06:00:00,0.04052429,0.1108224,2024-12-06,6
2024-12-06 07:00:00,0.1808719,0.2404741,2024-12-06,7
2024-12-06 08:00:00,0.2559412,0.281722,2024-12-06,8
2024-12-06 09:00:00,0.3988765,0.4596863,2024-12-06,9
2024-12-06 10:00:00,0.5440925,0.6631761,2024-12-06,10
2024-12-06 11:00:00,0.5076892,0.5846955,2024-12-06,11
2024-12-06 12:00:00,0.3650976,0.3800915,2024-12-06,12
2024-12-06 13:00:00,0.2559644,0.2562903,2024-12-06,13
2024-12-06 14:00:00,0.3432972,0.4196763,2024-12-06,14
2024-12-06 15:00:00,0.2586522,0.3884806,2024-12-06,15
2024-12-06 16:00:00,0.0379481,0.0424787,2024-12-06,16
2024-12-06 17:00:00,0.0,0.0,2024-12-06,17
2024-12-06 18:00:00,0.0,0.0,2024-12-06,18
2024-12-06 19:00:00,0.0,0.0,2024-12-06,19
2024-12-06 20:00:00,0.0,0.0,2024-12-06,20
2024-12-06 21:00:00,0.0,0.0,2024-12-06,21
2024-12-06 22:00:00,0.0,0.0,2024-12-06,22
2024-12-06 23:00:00,0.0,0.0,2024-12-06,23
2024-12-07 00:00:00,0.0,0.0,2024-12-07,0
2024-12-07 01:00:00,0.0,0.0,2024-12-07,1
2024-12-07 02:00:00,0.0,0.0,2024-12-07,2
2024-12-07 03:00:00,0.0,0.0,2024-12-07,3
2024-12-07 04:00:00,0.0,0.0,2024-12-07,4
2024-12-07 05:00:00,0.0,0.0,2024-12-07,5
2024-12-07 06:00:00,0.04544743,0.1621044,2024-12-07,6
2024-12-07 07:00:00,0.2438848,0.3983044,2024-12-07,7
2024-12-07 08:00:00,0.4065585,0.5654992,2024-12-07,8
2024-12-07 09:00:00,0.6663365,0.902319,2024-12-07,9
2024-12-07 10:00:00,0.7166295,0.9421112,2024-12-07,10
2024-12-07 11:00:00,0.759249,0.9899969,2024-12-07,11
2024-12-07 12:00:00,0.7964889,1.047238,2024-12-07,12
2024-12-07 13:00:00,0.6612933,0.8877103,2024-12-07,13
2024-12-07 14:00:00,0.5543913,0.7858906,2024-12-07,14
2024-12-07 15:00:00,0.2692694,0.4128109,2024-12-07,15
2024-12-07 16:00:00,0.08244076,0.2148089,2024-12-07,16
2024-12-07 17:00:00,0.0,0.0,2024-12-07,17
2024-12-07 18:00:00,0.0,0.0,2024-12-07,18
2024-12-07 19:00:00,0.0,0.0,2024-12-07,19
2024-12-07 20:00:00,0.0,0.0,2024-12-07,20
2024-12-07 21:00:00,0.0,0.0,2024-12-07,21
2024-12-07 22:00:00,0.0,0.0,2024-12-07,22
2024-12-07 23:00:00,0.0,0.0,2024-12-07,23
2024-12-08 00:00:00,0.0,0.0,2024-12-08,0
2024-12-08 01:00:00,0.0,0.0,2024-12-08,1
2024-12-08 02:00:00,0.0,0.0,2024-12-08,2
2024-12-08 03:00:00,0.0,0.0,2024-12-08,3
2024-12-08 04:00:00,0.0,0.0,2024-12-08,4
2024-12-08 05:00:00,0.0,0.0,2024-12-08,5
2024-12-08 06:00:00,0.03109573,0.06171378,2024-12-08,6
2024-12-08 07:00:00,0.268827,0.4537102,2024-12-08,7
2024-12-08 08:00:00,0.419819,0.5920836,2024-12-08,8
2024-12-08 09:00:00,0.6170147,0.8343315,2024-12-08,9
2024-12-08 10:00:00,0.5864859,0.7386253,2024-12-08,10
2024-12-08 11:00:00,0.6525219,0.8298406,2024-12-08,11
2024-12-08 12:00:00,0.7108532,0.9306031,2024-12-08,12
2024-12-08 13:00:00,0.6958693,0.9364425,2024-12-08,13
2024-12-08 14:00:00,0.5466842,0.7751955,2024-12-08,14
2024-12-08 15:00:00,0.3195651,0.5135162,2024-12-08,15
2024-12-08 16:00:00,0.08119012,0.2070953,2024-12-08,16
2024-12-08 17:00:00,0.0,0.0,2024-12-08,17
2024-12-08 18:00:00,0.0,0.0,2024-12-08,18
2024-12-08 19:00:00,0.0,0.0,2024-12-08,19
2024-12-08 20:00:00,0.0,0.0,2024-12-08,20
2024-12-08 21:00:00,0.0,0.0,2024-12-08,21
2024-12-08 22:00:00,0.0,0.0,2024-12-08,22
2024-12-08 23:00:00,0.0,0.0,2024-12-08,23
2024-12-09 00:00:00,0.0,0.0,2024-12-09,0
2024-12-09 01:00:00,0.0,0.0,2024-12-09,1
2024-12-09 02:00:00,0.0,0.0,2024-12-09,2
2024-12-09 03:00:00,0.0,0.0,2024-12-09,3
2024-12-09 04:00:00,0.0,0.0,2024-12-09,4
2024-12-09 05:00:00,0.0,0.0,2024-12-09,5
2024-12-09 06:00:00,0.02570012,0.03965668,2024-12-09,6
2024-12-09 07:00:00,0.177279,0.2387568,2024-12-09,7
2024-12-09 08:00:00,0.3867939,0.5315285,2024-12-09,8
2024-12-09 09:00:00,0.5569515,0.7421465,2024-12-09,9
2024-12-09 10:00:00,0.543897,0.6662742,2024-12-09,10
2024-12-09 11:00:00,0.6730155,0.8638341,2024-12-09,11
2024-12-09 12:00:00,0.7045575,0.9222206,2024-12-09,12
2024-12-09 13:00:00,0.6558813,0.8816529,2024-12-09,13
2024-12-09 14:00:00,0.5532624,0.7854452,2024-12-09,14
2024-12-09 15:00:00,0.3062988,0.4898312,2024-12-09,15
2024-12-09 16:00:00,0.04582046,0.05785096,2024-12-09,16
2024-12-09 17:00:00,0.0,0.0,2024-12-09,17
2024-12-09 18:00:00,0.0,0.0,2024-12-09,18
2024-12-09 19:00:00,0.0,0.0,2024-12-09,19
2024-12-09 20:00:00,0.0,0.0,2024-12-09,20
2024-12-09 21:00:00,0.0,0.0,2024-12-09,21
2024-12-09 22:00:00,0.0,0.0,2024-12-09,22
2024-12-09 23:00:00,0.0,0.0,2024-12-09,23
2024-12-10 00:00:00,0.0,0.0,2024-12-10,0
2024-12-10 01:00:00,0.0,0.0,2024-12-10,1
2024-12-10 02:00:00,0.0,0.0,2024-12-10,2
2024-12-10 03:00:00,0.0,0.0,2024-12-10,3
2024-12-10 04:00:00,0.0,0.0,2024-12-10,4
2024-12-10 05:00:00,0.0,0.0,2024-12-10,5
2024-12-10 06:00:00,0.03493693,0.09926464,2024-12-10,6
2024-12-10 07:00:00,0.1721146,0.2286396,2024-12-10,7
2024-12-10 08:00:00,0.4158469,0.5886033,2024-12-10,8
2024-12-10 09:00:00,0.3809821,0.4336498,2024-12-10,9
2024-12-10 10:00:00,0.5808766,0.7313115,2024-12-10,10
2024-12-10 11:00:00,0.3806592,0.397397,2024-12-10,11
2024-12-10 12:00:00,0.3125485,0.3156087,2024-12-10,12
2024-12-10 13:00:00,0.2952976,0.3030626,2024-12-10,13
2024-12-10 14:00:00,0.2933869,0.3314698,2024-12-10,14
2024-12-10 15:00:00,0.2810799,0.438535,2024-12-10,15
2024-12-10 16:00:00,0.06360352,0.1179753,2024-12-10,16
2024-12-10 17:00:00,0.0,0.0,2024-12-10,17
2024-12-10 18:00:00,0.0,0.0,2024-12-10,18
2024-12-10 19:00:00,0.0,0.0,2024-12-10,19
2024-12-10 20:00:00,0.0,0.0,2024-12-10,20
2024-12-10 21:00:00,0.0,0.0,2024-12-10,21
2024-12-10 22:00:00,0.0,0.0,2024-12-10,22
2024-12-10 23:00:00,0.0,0.0,2024-12-10,23
2024-12-11 00:00:00,0.0,0.0,2024-12-11,0
2024-12-11 01:00:00,0.0,0.0,2024-12-11,1
2024-12-11 02:00:00,0.0,0.0,2024-12-11,2
2024-12-11 03:00:00,0.0,0.0,2024-12-11,3
2024-12-11 04:00:00,0.0,0.0,2024-12-11,4
2024-12-11 05:00:00,0.0,0.0,2024-12-11,5
2024-12-11 06:00:00,0.04585534,0.2036869,2024-12-11,6
2024-12-11 07:00:00,0.08084629,0.08036836,2024-12-11,7
2024-12-11 08:00:00,0.1147314,0.1126732,2024-12-11,8
2024-12-11 09:00:00,0.1131503,0.1106052,2024-12-11,9
2024-12-11 10:00:00,0.1289065,0.1259147,2024-12-11,10
2024-12-11 11:00:00,0.3347585,0.3399218,2024-12-11,11
2024-12-11 12:00:00,0.1068046,0.1041928,2024-12-11,12
2024-12-11 13:00:00,0.09285289,0.09060769,2024-12-11,13
2024-12-11 14:00:00,0.03528121,0.0343501,2024-12-11,14
2024-12-11 15:00:00,0.006129859,0.005957414,2024-12-11,15
2024-12-11 16:00:00,0.01681384,0.01676096,2024-12-11,16
2024-12-11 17:00:00,0.0,0.0,2024-12-11,17
2024-12-11 18:00:00,0.0,0.0,2024-12-11,18
2024-12-11 19:00:00,0.0,0.0,2024-12-11,19
2024-12-11 20:00:00,0.0,0.0,2024-12-11,20
2024-12-11 21:00:00,0.0,0.0,2024-12-11,21
2024-12-11 22:00:00,0.0,0.0,2024-12-11,22
2024-12-11 23:00:00,0.0,0.0,2024-12-11,23
2024-12-12 00:00:00,0.0,0.0,2024-12-12,0
2024-12-12 01:00:00,0.0,0.0,2024-12-12,1
2024-12-12 02:00:00,0.0,0.0,2024-12-12,2
2024-12-12 03:00:00,0.0,0.0,2024-12-12,3
2024-12-12 04:00:00,0.0,0.0,2024-12-12,4
2024-12-12 05:00:00,0.0,0.0,2024-12-12,5
2024-12-12 06:00:00,0.02981624,0.06977389,2024-12-12,6
2024-12-12 07:00:00,0.2386849,0.4009679,2024-12-12,7
2024-12-12 08:00:00,0.4736517,0.6874847,2024-12-12,8
2024-12-12 09:00:00,0.5560029,0.7445444,2024-12-12,9
2024-12-12 10:00:00,0.6563165,0.8578681,2024-12-12,10
2024-12-12 11:00:00,0.7127435,0.9276012,2024-12-12,11
2024-12-12 12:00:00,0.6771451,0.8829253,2024-12-12,12
2024-12-12 13:00:00,0.4775535,0.5880512,2024-12-12,13
2024-12-12 14:00:00,0.4630535,0.6469314,2024-12-12,14
2024-12-12 15:00:00,0.2976057,0.4724001,2024-12-12,15
2024-12-12 16:00:00,0.08134022,0.1976247,2024-12-12,16
2024-12-12 17:00:00,0.0,0.0,2024-12-12,17
2024-12-12 18:00:00,0.0,0.0,2024-12-12,18
2024-12-12 19:00:00,0.0,0.0,2024-12-12,19
2024-12-12 20:00:00,0.0,0.0,2024-12-12,20
2024-12-12 21:00:00,0.0,0.0,2024-12-12,21
2024-12-12 22:00:00,0.0,0.0,2024-12-12,22
2024-12-12 23:00:00,0.0,0.0,2024-12-12,23
2024-12-13 00:00:00,0.0,0.0,2024-12-13,0
2024-12-13 01:00:00,0.0,0.0,2024-12-13,1
2024-12-13 02:00:00,0.0,0.0,2024-12-13,2
2024-12-13 03:00:00,0.0,0.0,2024-12-13,3
2024-12-13 04:00:00,0.0,0.0,2024-12-13,4
2024-12-13 05:00:00,0.0,0.0,2024-12-13,5
2024-12-13 06:00:00,0.03255932,0.09532947,2024-12-13,6
2024-12-13 07:00:00,0.1827263,0.2615743,2024-12-13,7
2024-12-13 08:00:00,0.4619733,0.6711132,2024-12-13,8
2024-12-13 09:00:00,0.6730944,0.9189268,2024-12-13,9
2024-12-13 10:00:00,0.7835436,1.039285,2024-12-13,10
2024-12-13 11:00:00,0.8237153,1.081962,2024-12-13,11
2024-12-13 12:00:00,0.568283,0.7031406,2024-12-13,12
2024-12-13 13:00:00,0.4338847,0.5110151,2024-12-13,13
2024-12-13 14:00:00,0.4173589,0.5630662,2024-12-13,14
2024-12-13 15:00:00,0.2485507,0.362218,2024-12-13,15
2024-12-13 16:00:00,0.07025672,0.1412005,2024-12-13,16
2024-12-13 17:00:00,0.0,0.0,2024-12-13,17
2024-12-13 18:00:00,0.0,0.0,2024-12-13,18
2024-12-13 19:00:00,0.0,0.0,2024-12-13,19
2024-12-13 20:00:00,0.0,0.0,2024-12-13,20
2024-12-13 21:00:00,0.0,0.0,2024-12-13,21
2024-12-13 22:00:00,0.0,0.0,2024-12-13,22
2024-12-13 23:00:00,0.0,0.0,2024-12-13,23
2024-12-14 00:00:00,0.0,0.0,2024-12-14,0
2024-12-14 01:00:00,0.0,0.0,2024-12-14,1
2024-12-14 02:00:00,0.0,0.0,2024-12-14,2
2024-12-14 03:00:00,0.0,0.0,2024-12-14,3
2024-12-14 04:00:00,0.0,0.0,2024-12-14,4
2024-12-14 05:00:00,0.0,0.0,2024-12-14,5
2024-12-14 06:00:00,0.02925233,0.07370836,2024-12-14,6
2024-12-14 07:00:00,0.1602083,0.2083957,2024-12-14,7
2024-12-14 08:00:00,0.398935,0.563834,2024-12-14,8
2024-12-14 09:00:00,0.5153704,0.6771454,2024-12-14,9
2024-12-14 10:00:00,0.7266555,0.9622627,2024-12-14,10
2024-12-14 11:00:00,0.7705792,1.010654,2024-12-14,11
2024-12-14 12:00:00,0.6499134,0.8408826,2024-12-14,12
2024-12-14 13:00:00,0.6260309,0.8405518,2024-12-14,13
2024-12-14 14:00:00,0.4837022,0.68178,2024-12-14,14
2024-12-14 15:00:00,0.3275437,0.5269372,2024-12-14,15
2024-12-14 16:00:00,0.1109611,0.3027308,2024-12-14,16
2024-12-14 17:00:00,0.0,0.0,2024-12-14,17
2024-12-14 18:00:00,0.0,0.0,2024-12-14,18
2024-12-14 19:00:00,0.0,0.0,2024-12-14,19
2024-12-14 20:00:00,0.0,0.0,2024-12-14,20
2024-12-14 21:00:00,0.0,0.0,2024-12-14,21
2024-12-14 22:00:00,0.0,0.0,2024-12-14,22
2024-12-14 23:00:00,0.0,0.0,2024-12-14,23
2024-12-15 00:00:00,0.0,0.0,2024-12-15,0
2024-12-15 01:00:00,0.0,0.0,2024-12-15,1
2024-12-15 02:00:00,0.0,0.0,2024-12-15,2
2024-12-15 03:00:00,0.0,0.0,2024-12-15,3
2024-12-15 04:00:00,0.0,0.0,2024-12-15,4
2024-12-15 05:00:00,0.0,0.0,2024-12-15,5
2024-12-15 06:00:00,0.04884057,0.2341208,2024-12-15,6
2024-12-15 07:00:00,0.2514382,0.4357211,2024-12-15,7
2024-12-15 08:00:00,0.4652081,0.6782459,2024-12-15,8
2024-12-15 09:00:00,0.6334096,0.8646398,2024-12-15,9
2024-12-15 10:00:00,0.741387,0.982971,2024-12-15,10
2024-12-15 11:00:00,0.7768984,1.019671,2024-12-15,11
2024-12-15 12:00:00,0.6411993,0.8270662,2024-12-15,12
2024-12-15 13:00:00,0.526002,0.6750183,2024-12-15,13
2024-12-15 14:00:00,0.475861,0.6686057,2024-12-15,14
2024-12-15 15:00:00,0.3082192,0.4916851,2024-12-15,15
2024-12-15 16:00:00,0.06881247,0.1290338,2024-12-15,16
2024-12-15 17:00:00,0.0,0.0,2024-12-15,17
2024-12-15 18:00:00,0.0,0.0,2024-12-15,18
2024-12-15 19:00:00,0.0,0.0,2024-12-15,19
2024-12-15 20:00:00,0.0,0.0,2024-12-15,20
2024-12-15 21:00:00,0.0,0.0,2024-12-15,21
2024-12-15 22:00:00,0.0,0.0,2024-12-15,22
2024-12-15 23:00:00,0.0,0.0,2024-12-15,23
2024-12-16 00:00:00,0.0,0.0,2024-12-16,0
2024-12-16 01:00:00,0.0,0.0,2024-12-16,1
2024-12-16 02:00:00,0.0,0.0,2024-12-16,2
2024-12-16 03:00:00,0.0,0.0,2024-12-16,3
2024-12-16 04:00:00,0.0,0.0,2024-12-16,4
2024-12-16 05:00:00,0.0,0.0,2024-12-16,5
2024-12-16 06:00:00,0.04037624,0.1816772,2024-12-16,6
2024-12-16 07:00:00,0.25441,0.443553,2024-12-16,7
2024-12-16 08:00:00,0.4052141,0.5785816,2024-12-16,8
2024-12-16 09:00:00,0.3513287,0.389762,2024-12-16,9
2024-12-16 10:00:00,0.6412674,0.8371821,2024-12-16,10
2024-12-16 11:00:00,0.4344035,0.4740157,2024-12-16,11
2024-12-16 12:00:00,0.6344888,0.8162892,2024-12-16,12
2024-12-16 13:00:00,0.4371239,0.5164523,2024-12-16,13
2024-12-16 14:00:00,0.4475153,0.6185908,2024-12-16,14
2024-12-16 15:00:00,0.3200393,0.513004,2024-12-16,15
2024-12-16 16:00:00,0.0836501,0.1945644,2024-12-16,16
2024-12-16 17:00:00,0.0,0.0,2024-12-16,17
2024-12-16 18:00:00,0.0,0.0,2024-12-16,18
2024-12-16 19:00:00,0.0,0.0,2024-12-16,19
2024-12-16 20:00:00,0.0,0.0,2024-12-16,20
2024-12-16 21:00:00,0.0,0.0,2024-12-16,21
2024-12-16 22:00:00,0.0,0.0,2024-12-16,22
2024-12-16 23:00:00,0.0,0.0,2024-12-16,23
2024-12-17 00:00:00,0.0,0.0,2024-12-17,0
2024-12-17 01:00:00,0.0,0.0,2024-12-17,1
2024-12-17 02:00:00,0.0,0.0,2024-12-17,2
2024-12-17 03:00:00,0.0,0.0,2024-12-17,3
2024-12-17 04:00:00,0.0,0.0,2024-12-17,4
2024-12-17 05:00:00,0.0,0.0,2024-12-17,5
2024-12-17 06:00:00,0.03810623,0.1670288,2024-12-17,6
2024-12-17 07:00:00,0.2414528,0.4191259,2024-12-17,7
2024-12-17 08:00:00,0.4173894,0.602067,2024-12-17,8
2024-12-17 09:00:00,0.4731003,0.6036817,2024-12-17,9
2024-12-17 10:00:00,0.6406468,0.8367807,2024-12-17,10
2024-12-17 11:00:00,0.4263569,0.4622815,2024-12-17,11
2024-12-17 12:00:00,0.387683,0.411824,2024-12-17,12
2024-12-17 13:00:00,0.5202245,0.6644778,2024-12-17,13
2024-12-17 14:00:00,0.3099663,0.3581309,2024-12-17,14
2024-12-17 15:00:00,0.1714773,0.1940544,2024-12-17,15
2024-12-17 16:00:00,0.05634629,0.07860664,2024-12-17,16
2024-12-17 17:00:00,0.0,0.0,2024-12-17,17
2024-12-17 18:00:00,0.0,0.0,2024-12-17,18
2024-12-17 19:00:00,0.0,0.0,2024-12-17,19
2024-12-17 20:00:00,0.0,0.0,2024-12-17,20
2024-12-17 21:00:00,0.0,0.0,2024-12-17,21
2024-12-17 22:00:00,0.0,0.0,2024-12-17,22
2024-12-17 23:00:00,0.0,0.0,2024-12-17,23
2024-12-18 00:00:00,0.0,0.0,2024-12-18,0
2024-12-18 01:00:00,0.0,0.0,2024-12-18,1
2024-12-18 02:00:00,0.0,0.0,2024-12-18,2
2024-12-18 03:00:00,0.0,0.0,2024-12-18,3
2024-12-18 04:00:00,0.0,0.0,2024-12-18,4
2024-12-18 05:00:00,0.0,0.0,2024-12-18,5
2024-12-18 06:00:00,0.03713871,0.163078,2024-12-18,6
2024-12-18 07:00:00,0.2642373,0.4651535,2024-12-18,7
2024-12-18 08:00:00,0.4765476,0.6983617,2024-12-18,8
2024-12-18 09:00:00,0.5875152,0.8002862,2024-12-18,9
2024-12-18 10:00:00,0.6503307,0.852649,2024-12-18,10
2024-12-18 11:00:00,0.5982956,0.7451622,2024-12-18,11
2024-12-18 12:00:00,0.6179449,0.7889519,2024-12-18,12
2024-12-18 13:00:00,0.6367844,0.8567148,2024-12-18,13
2024-12-18 14:00:00,0.5559778,0.7904513,2024-12-18,14
2024-12-18 15:00:00,0.2994161,0.4715656,2024-12-18,15
2024-12-18 16:00:00,0.0772732,0.1569252,2024-12-18,16
2024-12-18 17:00:00,0.0,0.0,2024-12-18,17
2024-12-18 18:00:00,0.0,0.0,2024-12-18,18
2024-12-18 19:00:00,0.0,0.0,2024-12-18,19
2024-12-18 20:00:00,0.0,0.0,2024-12-18,20
2024-12-18 21:00:00,0.0,0.0,2024-12-18,21
2024-12-18 22:00:00,0.0,0.0,2024-12-18,22
2024-12-18 23:00:00,0.0,0.0,2024-12-18,23
2024-12-19 00:00:00,0.0,0.0,2024-12-19,0
2024-12-19 01:00:00,0.0,0.0,2024-12-19,1
2024-12-19 02:00:00,0.0,0.0,2024-12-19,2
2024-12-19 03:00:00,0.0,0.0,2024-12-19,3
2024-12-19 04:00:00,0.0,0.0,2024-12-19,4
2024-12-19 05:00:00,0.0,0.0,2024-12-19,5
2024-12-19 06:00:00,0.02882778,0.09185001,2024-12-19,6
2024-12-19 07:00:00,0.1855607,0.2830272,2024-12-19,7
2024-12-19 08:00:00,0.351319,0.4762004,2024-12-19,8
2024-12-19 09:00:00,0.3610846,0.4066468,2024-12-19,9
2024-12-19 10:00:00,0.04654037,0.04528306,2024-12-19,10
2024-12-19 11:00:00,0.2658142,0.2628928,2024-12-19,11
2024-12-19 12:00:00,0.4476988,0.5007531,2024-12-19,12
2024-12-19 13:00:00,0.4938679,0.6165776,2024-12-19,13
2024-12-19 14:00:00,0.2071861,0.2094277,2024-12-19,14
2024-12-19 15:00:00,0.08923534,0.08807682,2024-12-19,15
2024-12-19 16:00:00,0.03950445,0.041818,2024-12-19,16
2024-12-19 17:00:00,0.0,0.0,2024-12-19,17
2024-12-19 18:00:00,0.0,0.0,2024-12-19,18
2024-12-19 19:00:00,0.0,0.0,2024-12-19,19
2024-12-19 20:00:00,0.0,0.0,2024-12-19,20
2024-12-19 21:00:00,0.0,0.0,2024-12-19,21
2024-12-19 22:00:00,0.0,0.0,2024-12-19,22
2024-12-19 23:00:00,0.0,0.0,2024-12-19,23
2024-12-20 00:00:00,0.0,0.0,2024-12-20,0
2024-12-20 01:00:00,0.0,0.0,2024-12-20,1
2024-12-20 02:00:00,0.0,0.0,2024-12-20,2
2024-12-20 03:00:00,0.0,0.0,2024-12-20,3
2024-12-20 04:00:00,0.0,0.0,2024-12-20,4
2024-12-20 05:00:00,0.0,0.0,2024-12-20,5
2024-12-20 06:00:00,0.02976016,0.1048663,2024-12-20,6
2024-12-20 07:00:00,0.05216442,0.05143295,2024-12-20,7
2024-12-20 08:00:00,0.08642174,0.08466341,2024-12-20,8
2024-12-20 09:00:00,0.04749459,0.0462438,2024-12-20,9
2024-12-20 10:00:00,0.1168563,0.1140934,2024-12-20,10
2024-12-20 11:00:00,0.1106416,0.1079376,2024-12-20,11
2024-12-20 12:00:00,0.04577696,0.04453382,2024-12-20,12
2024-12-20 13:00:00,0.02601709,0.02529406,2024-12-20,13
2024-12-20 14:00:00,0.06405799,0.06251178,2024-12-20,14
2024-12-20 15:00:00,0.08822531,0.08704969,2024-12-20,15
2024-12-20 16:00:00,0.02474961,0.02481843,2024-12-20,16
2024-12-20 17:00:00,0.0,0.0,2024-12-20,17
2024-12-20 18:00:00,0.0,0.0,2024-12-20,18
2024-12-20 19:00:00,0.0,0.0,2024-12-20,19
2024-12-20 20:00:00,0.0,0.0,2024-12-20,20
2024-12-20 21:00:00,0.0,0.0,2024-12-20,21
2024-12-20 22:00:00,0.0,0.0,2024-12-20,22
2024-12-20 23:00:00,0.0,0.0,2024-12-20,23
2024-12-21 00:00:00,0.0,0.0,2024-12-21,0
2024-12-21 01:00:00,0.0,0.0,2024-12-21,1
2024-12-21 02:00:00,0.0,0.0,2024-12-21,2
2024-12-21 03:00:00,0.0,0.0,2024-12-21,3
2024-12-21 04:00:00,0.0,0.0,2024-12-21,4
2024-12-21 05:00:00,0.0,0.0,2024-12-21,5
2024-12-21 06:00:00,0.01263223,0.01391021,2024-12-21,6
2024-12-21 07:00:00,0.07194529,0.07148851,2024-12-21,7
2024-12-21 08:00:00,0.1909788,0.1961724,2024-12-21,8
2024-12-21 09:00:00,0.4545832,0.5724516,2024-12-21,9
2024-12-21 10:00:00,0.528927,0.6481385,2024-12-21,10
2024-12-21 11:00:00,0.2620298,0.2589067,2024-12-21,11
2024-12-21 12:00:00,0.527696,0.6332016,2024-12-21,12
2024-12-21 13:00:00,0.6064054,0.8094801,2024-12-21,13
2024-12-21 14:00:00,0.4222834,0.5680705,2024-12-21,14
2024-12-21 15:00:00,0.2886353,0.4447148,2024-12-21,15
2024-12-21 16:00:00,0.1130886,0.2899871,2024-12-21,16
2024-12-21 17:00:00,0.0,0.0,2024-12-21,17
2024-12-21 18:00:00,0.0,0.0,2024-12-21,18
2024-12-21 19:00:00,0.0,0.0,2024-12-21,19
2024-12-21 20:00:00,0.0,0.0,2024-12-21,20
2024-12-21 21:00:00,0.0,0.0,2024-12-21,21
2024-12-21 22:00:00,0.0,0.0,2024-12-21,22
2024-12-21 23:00:00,0.0,0.0,2024-12-21,23
2024-12-22 00:00:00,0.0,0.0,2024-12-22,0
2024-12-22 01:00:00,0.0,0.0,2024-12-22,1
2024-12-22 02:00:00,0.0,0.0,2024-12-22,2
2024-12-22 03:00:00,0.0,0.0,2024-12-22,3
2024-12-22 04:00:00,0.0,0.0,2024-12-22,4
2024-12-22 05:00:00,0.0,0.0,2024-12-22,5
2024-12-22 06:00:00,0.01584376,0.02086445,2024-12-22,6
2024-12-22 07:00:00,0.175628,0.2621886,2024-12-22,7
2024-12-22 08:00:00,0.4907639,0.7230052,2024-12-22,8
2024-12-22 09:00:00,0.6585909,0.9040107,2024-12-22,9
2024-12-22 10:00:00,0.6224812,0.8091416,2024-12-22,10
2024-12-22 11:00:00,0.8140996,1.071433,2024-12-22,11
2024-12-22 12:00:00,0.6563148,0.8513272,2024-12-22,12
2024-12-22 13:00:00,0.5367802,0.6918035,2024-12-22,13
2024-12-22 14:00:00,0.5223184,0.739205,2024-12-22,14
2024-12-22 15:00:00,0.2682095,0.3969603,2024-12-22,15
2024-12-22 16:00:00,0.0944927,0.2164704,2024-12-22,16
2024-12-22 17:00:00,0.0,0.0,2024-12-22,17
2024-12-22 18:00:00,0.0,0.0,2024-12-22,18
2024-12-22 19:00:00,0.0,0.0,2024-12-22,19
2024-12-22 20:00:00,0.0,0.0,2024-12-22,20
2024-12-22 21:00:00,0.0,0.0,2024-12-22,21
2024-12-22 22:00:00,0.0,0.0,2024-12-22,22
2024-12-22 23:00:00,0.0,0.0,2024-12-22,23
2024-12-23 00:00:00,0.0,0.0,2024-12-23,0
2024-12-23 01:00:00,0.0,0.0,2024-12-23,1
2024-12-23 02:00:00,0.0,0.0,2024-12-23,2
2024-12-23 03:00:00,0.0,0.0,2024-12-23,3
2024-12-23 04:00:00,0.0,0.0,2024-12-23,4
2024-12-23 05:00:00,0.0,0.0,2024-12-23,5
2024-12-23 06:00:00,0.03119901,0.13108,2024-12-23,6
2024-12-23 07:00:00,0.1791393,0.2736032,2024-12-23,7
2024-12-23 08:00:00,0.4502314,0.661514,2024-12-23,8
2024-12-23 09:00:00,0.6508868,0.8932844,2024-12-23,9
2024-12-23 10:00:00,0.6444134,0.8446384,2024-12-23,10
2024-12-23 11:00:00,0.7518911,0.9869458,2024-12-23,11
2024-12-23 12:00:00,0.779709,1.02972,2024-12-23,12
2024-12-23 13:00:00,0.6980461,0.9416217,2024-12-23,13
2024-12-23 14:00:00,0.5468203,0.7744853,2024-12-23,14
2024-12-23 15:00:00,0.2486327,0.3495312,2024-12-23,15
2024-12-23 16:00:00,0.07639436,0.1339449,2024-12-23,16
2024-12-23 17:00:00,4.95572e-07,0.0,2024-12-23,17
2024-12-23 18:00:00,0.0,0.0,2024-12-23,18
2024-12-23 19:00:00,0.0,0.0,2024-12-23,19
2024-12-23 20:00:00,0.0,0.0,2024-12-23,20
2024-12-23 21:00:00,0.0,0.0,2024-12-23,21
2024-12-23 22:00:00,0.0,0.0,2024-12-23,22
2024-12-23 23:00:00,0.0,0.0,2024-12-23,23
2024-12-24 00:00:00,0.0,0.0,2024-12-24,0
2024-12-24 01:00:00,0.0,0.0,2024-12-24,1
2024-12-24 02:00:00,0.0,0.0,2024-12-24,2
2024-12-24 03:00:00,0.0,0.0,2024-12-24,3
2024-12-24 04:00:00,0.0,0.0,2024-12-24,4
2024-12-24 05:00:00,0.0,0.0,2024-12-24,5
2024-12-24 06:00:00,0.02827773,0.1079376,2024-12-24,6
2024-12-24 07:00:00,0.14959,0.198057,2024-12-24,7
2024-12-24 08:00:00,0.2706946,0.3199081,2024-12-24,8
2024-12-24 09:00:00,0.5407839,0.7281092,2024-12-24,9
2024-12-24 10:00:00,0.6036896,0.7780921,2024-12-24,10
2024-12-24 11:00:00,0.7265781,0.9508327,2024-12-24,11
2024-12-24 12:00:00,0.5697758,0.7050343,2024-12-24,12
2024-12-24 13:00:00,0.6104031,0.8141426,2024-12-24,13
2024-12-24 14:00:00,0.5694738,0.8070419,2024-12-24,14
2024-12-24 15:00:00,0.2382695,0.3238403,2024-12-24,15
2024-12-24 16:00:00,0.03779581,0.03867802,2024-12-24,16
2024-12-24 17:00:00,7.55184e-06,0.0,2024-12-24,17
2024-12-24 18:00:00,0.0,0.0,2024-12-24,18
2024-12-24 19:00:00,0.0,0.0,2024-12-24,19
2024-12-24 20:00:00,0.0,0.0,2024-12-24,20
2024-12-24 21:00:00,0.0,0.0,2024-12-24,21
2024-12-24 22:00:00,0.0,0.0,2024-12-24,22
2024-12-24 23:00:00,0.0,0.0,2024-12-24,23
2024-12-25 00:00:00,0.0,0.0,2024-12-25,0
2024-12-25 01:00:00,0.0,0.0,2024-12-25,1
2024-12-25 02:00:00,0.0,0.0,2024-12-25,2
2024-12-25 03:00:00,0.0,0.0,2024-12-25,3
2024-12-25 04:00:00,0.0,0.0,2024-12-25,4
2024-12-25 05:00:00,0.0,0.0,2024-12-25,5
2024-12-25 06:00:00,0.02883533,0.1168688,2024-12-25,6
2024-12-25 07:00:00,0.2068549,0.3523673,2024-12-25,7
2024-12-25 08:00:00,0.4861995,0.7173024,2024-12-25,8
2024-12-25 09:00:00,0.6616336,0.9087644,2024-12-25,9
2024-12-25 10:00:00,0.7157362,0.9501255,2024-12-25,10
2024-12-25 11:00:00,0.7316486,0.9579087,2024-12-25,11
2024-12-25 12:00:00,0.6913824,0.9047239,2024-12-25,12
2024-12-25 13:00:00,0.7355815,0.9928917,2024-12-25,13
2024-12-25 14:00:00,0.5899982,0.8363993,2024-12-25,14
2024-12-25 15:00:00,0.3016542,0.465677,2024-12-25,15
2024-12-25 16:00:00,0.114132,0.2774982,2024-12-25,16
2024-12-25 17:00:00,3.73393e-05,0.0,2024-12-25,17
2024-12-25 18:00:00,0.0,0.0,2024-12-25,18
2024-12-25 19:00:00,0.0,0.0,2024-12-25,19
2024-12-25 20:00:00,0.0,0.0,2024-12-25,20
2024-12-25 21:00:00,0.0,0.0,2024-12-25,21
2024-12-25 22:00:00,0.0,0.0,2024-12-25,22
2024-12-25 23:00:00,0.0,0.0,2024-12-25,23
2024-12-26 00:00:00,0.0,0.0,2024-12-26,0
2024-12-26 01:00:00,0.0,0.0,2024-12-26,1
2024-12-26 02:00:00,0.0,0.0,2024-12-26,2
2024-12-26 03:00:00,0.0,0.0,2024-12-26,3
2024-12-26 04:00:00,0.0,0.0,2024-12-26,4
2024-12-26 05:00:00,0.0,0.0,2024-12-26,5
2024-12-26 06:00:00,0.02072106,0.04944784,2024-12-26,6
2024-12-26 07:00:00,0.07486591,0.07474966,2024-12-26,7
2024-12-26 08:00:00,0.04981306,0.04861138,2024-12-26,8
2024-12-26 09:00:00,0.111651,0.1091704,2024-12-26,9
2024-12-26 10:00:00,0.2000168,0.1962017,2024-12-26,10
2024-12-26 11:00:00,0.2684643,0.2656672,2024-12-26,11
2024-12-26 12:00:00,0.6122549,0.7767813,2024-12-26,12
2024-12-26 13:00:00,0.4684221,0.5667979,2024-12-26,13
2024-12-26 14:00:00,0.4352841,0.5871489,2024-12-26,14
2024-12-26 15:00:00,0.1398111,0.1438213,2024-12-26,15
2024-12-26 16:00:00,0.05352466,0.06124157,2024-12-26,16
2024-12-26 17:00:00,5.33419e-05,0.0,2024-12-26,17
2024-12-26 18:00:00,0.0,0.0,2024-12-26,18
2024-12-26 19:00:00,0.0,0.0,2024-12-26,19
2024-12-26 20:00:00,0.0,0.0,2024-12-26,20
2024-12-26 21:00:00,0.0,0.0,2024-12-26,21
2024-12-26 22:00:00,0.0,0.0,2024-12-26,22
2024-12-26 23:00:00,0.0,0.0,2024-12-26,23
2024-12-27 00:00:00,0.0,0.0,2024-12-27,0
2024-12-27 01:00:00,0.0,0.0,2024-12-27,1
2024-12-27 02:00:00,0.0,0.0,2024-12-27,2
2024-12-27 03:00:00,0.0,0.0,2024-12-27,3
2024-12-27 04:00:00,0.0,0.0,2024-12-27,4
2024-12-27 05:00:00,0.0,0.0,2024-12-27,5
2024-12-27 06:00:00,0.01177148,0.01341823,2024-12-27,6
2024-12-27 07:00:00,0.1222586,0.1419296,2024-12-27,7
2024-12-27 08:00:00,0.3007605,0.3793023,2024-12-27,8
2024-12-27 09:00:00,0.5381716,0.7241179,2024-12-27,9
2024-12-27 10:00:00,0.525247,0.6419908,2024-12-27,10
2024-12-27 11:00:00,0.5301545,0.6274476,2024-12-27,11
2024-12-27 12:00:00,0.516105,0.6108711,2024-12-27,12
2024-12-27 13:00:00,0.4202151,0.482918,2024-12-27,13
2024-12-27 14:00:00,0.3105648,0.3533195,2024-12-27,14
2024-12-27 15:00:00,0.1620295,0.1739058,2024-12-27,15
2024-12-27 16:00:00,0.05540814,0.06393404,2024-12-27,16
2024-12-27 17:00:00,0.000147618,0.0,2024-12-27,17
2024-12-27 18:00:00,0.0,0.0,2024-12-27,18
2024-12-27 19:00:00,0.0,0.0,2024-12-27,19
2024-12-27 20:00:00,0.0,0.0,2024-12-27,20
2024-12-27 21:00:00,0.0,0.0,2024-12-27,21
2024-12-27 22:00:00,0.0,0.0,2024-12-27,22
2024-12-27 23:00:00,0.0,0.0,2024-12-27,23
2024-12-28 00:00:00,0.0,0.0,2024-12-28,0
2024-12-28 01:00:00,0.0,0.0,2024-12-28,1
2024-12-28 02:00:00,0.0,0.0,2024-12-28,2
2024-12-28 03:00:00,0.0,0.0,2024-12-28,3
2024-12-28 04:00:00,0.0,0.0,2024-12-28,4
2024-12-28 05:00:00,0.0,0.0,2024-12-28,5
2024-12-28 06:00:00,0.02072395,0.05396531,2024-12-28,6
2024-12-28 07:00:00,0.2226333,0.3947631,2024-12-28,7
2024-12-28 08:00:00,0.4262129,0.6246966,2024-12-28,8
2024-12-28 09:00:00,0.5727257,0.7800516,2024-12-28,9
2024-12-28 10:00:00,0.7458789,0.9905422,2024-12-28,10
2024-12-28 11:00:00,0.848447,1.116199,2024-12-28,11
2024-12-28 12:00:00,0.7942705,1.047124,2024-12-28,12
2024-12-28 13:00:00,0.7174655,0.9653668,2024-12-28,13
2024-12-28 14:00:00,0.5148245,0.7224941,2024-12-28,14
2024-12-28 15:00:00,0.3808018,0.6019444,2024-12-28,15
2024-12-28 16:00:00,0.119833,0.2822191,2024-12-28,16
2024-12-28 17:00:00,0.000186404,0.0,2024-12-28,17
2024-12-28 18:00:00,0.0,0.0,2024-12-28,18
2024-12-28 19:00:00,0.0,0.0,2024-12-28,19
2024-12-28 20:00:00,0.0,0.0,2024-12-28,20
2024-12-28 21:00:00,0.0,0.0,2024-12-28,21
2024-12-28 22:00:00,0.0,0.0,2024-12-28,22
2024-12-28 23:00:00,0.0,0.0,2024-12-28,23
2024-12-29 00:00:00,0.0,0.0,2024-12-29,0
2024-12-29 01:00:00,0.0,0.0,2024-12-29,1
2024-12-29 02:00:00,0.0,0.0,2024-12-29,2
2024-12-29 03:00:00,0.0,0.0,2024-12-29,3
2024-12-29 04:00:00,0.0,0.0,2024-12-29,4
2024-12-29 05:00:00,0.0,0.0,2024-12-29,5
2024-12-29 06:00:00,0.02749736,0.1171661,2024-12-29,6
2024-12-29 07:00:00,0.2228486,0.3961569,2024-12-29,7
2024-12-29 08:00:00,0.4358635,0.640431,2024-12-29,8
2024-12-29 09:00:00,0.5084091,0.6725317,2024-12-29,9
2024-12-29 10:00:00,0.6226082,0.8085169,2024-12-29,10
2024-12-29 11:00:00,0.6050853,0.7547386,2024-12-29,11
2024-12-29 12:00:00,0.6677036,0.8653931,2024-12-29,12
2024-12-29 13:00:00,0.6408169,0.856625,2024-12-29,13
2024-12-29 14:00:00,0.5739387,0.8085521,2024-12-29,14
2024-12-29 15:00:00,0.3251154,0.5049382,2024-12-29,15
2024-12-29 16:00:00,0.1188092,0.2738826,2024-12-29,16
2024-12-29 17:00:00,0.000349885,0.0,2024-12-29,17
2024-12-29 18:00:00,0.0,0.0,2024-12-29,18
2024-12-29 19:00:00,0.0,0.0,2024-12-29,19
2024-12-29 20:00:00,0.0,0.0,2024-12-29,20
2024-12-29 21:00:00,0.0,0.0,2024-12-29,21
2024-12-29 22:00:00,0.0,0.0,2024-12-29,22
2024-12-29 23:00:00,0.0,0.0,2024-12-29,23
2024-12-30 00:00:00,0.0,0.0,2024-12-30,0
2024-12-30 01:00:00,0.0,0.0,2024-12-30,1
2024-12-30 02:00:00,0.0,0.0,2024-12-30,2
2024-12-30 03:00:00,0.0,0.0,2024-12-30,3
2024-12-30 04:00:00,0.0,0.0,2024-12-30,4
2024-12-30 05:00:00,0.0,0.0,2024-12-30,5
2024-12-30 06:00:00,0.01872372,0.04342495,2024-12-30,6
2024-12-30 07:00:00,0.1225507,0.1439205,2024-12-30,7
2024-12-30 08:00:00,0.2360287,0.2620766,2024-12-30,8
2024-12-30 09:00:00,0.3459779,0.3846181,2024-12-30,9
2024-12-30 10:00:00,0.5191206,0.6305141,2024-12-30,10
2024-12-30 11:00:00,0.3796123,0.3964148,2024-12-30,11
2024-12-30 12:00:00,0.4217688,0.4583016,2024-12-30,12
2024-12-30 13:00:00,0.3566683,0.38252,2024-12-30,13
2024-12-30 14:00:00,0.5369546,0.7535186,2024-12-30,14
2024-12-30 15:00:00,0.2737963,0.3931776,2024-12-30,15
2024-12-30 16:00:00,0.09054418,0.159707,2024-12-30,16
2024-12-30 17:00:00,0.000234789,0.0,2024-12-30,17
2024-12-30 18:00:00,0.0,0.0,2024-12-30,18
2024-12-30 19:00:00,0.0,0.0,2024-12-30,19
2024-12-30 20:00:00,0.0,0.0,2024-12-30,20
2024-12-30 21:00:00,0.0,0.0,2024-12-30,21
2024-12-30 22:00:00,0.0,0.0,2024-12-30,22
2024-12-30 23:00:00,0.0,0.0,2024-12-30,23
