Time,global_solar_kw/m2,incident_solar_kw/m2
1/1/24 0:00,0,0
1/1/24 1:00,0,0
1/1/24 2:00,0,0
1/1/24 3:00,0,0
1/1/24 4:00,0,0
1/1/24 5:00,0,0
1/1/24 6:00,0.02231543,0.05053599
1/1/24 7:00,0.1828966,0.2823841
1/1/24 8:00,0.4095639,0.5945769
1/1/24 9:00,0.3683928,0.4210105
1/1/24 10:00,0.3964167,0.4312977
1/1/24 11:00,0.6760126,0.8780704
1/1/24 12:00,0.4911222,0.5736765
1/1/24 13:00,0.4530713,0.5458296
1/1/24 14:00,0.2804073,0.3095691
1/1/24 15:00,0.1802971,0.2090746
1/1/24 16:00,0.06900999,0.1188344
1/1/24 17:00,0,0
1/1/24 18:00,0,0
1/1/24 19:00,0,0
1/1/24 20:00,0,0
1/1/24 21:00,0,0
1/1/24 22:00,0,0
1/1/24 23:00,0,0
1/2/24 0:00,0,0
1/2/24 1:00,0,0
1/2/24 2:00,0,0
1/2/24 3:00,0,0
1/2/24 4:00,0,0
1/2/24 5:00,0,0
1/2/24 6:00,0.02705683,0.09070486
1/2/24 7:00,0.2230913,0.3882479
1/2/24 8:00,0.462112,0.6801638
1/2/24 9:00,0.6110815,0.8384626
1/2/24 10:00,0.6124651,0.7951901
1/2/24 11:00,0.5503455,0.6654226
1/2/24 12:00,0.4845507,0.5618683
1/2/24 13:00,0.6075537,0.8136367
1/2/24 14:00,0.4436996,0.6103842
1/2/24 15:00,0.3351183,0.5359995
1/2/24 16:00,0.08435111,0.1795858
1/2/24 17:00,0,0
1/2/24 18:00,0,0
1/2/24 19:00,0,0
1/2/24 20:00,0,0
1/2/24 21:00,0,0
1/2/24 22:00,0,0
1/2/24 23:00,0,0
1/3/24 0:00,0,0
1/3/24 1:00,0,0
1/3/24 2:00,0,0
1/3/24 3:00,0,0
1/3/24 4:00,0,0
1/3/24 5:00,0,0
1/3/24 6:00,0.01771122,0.02811673
1/3/24 7:00,0.1765496,0.2665102
1/3/24 8:00,0.330738,0.4384547
1/3/24 9:00,0.3752162,0.4321738
1/3/24 10:00,0.7157671,0.9519051
1/3/24 11:00,0.5785021,0.7132579
1/3/24 12:00,0.4347245,0.4810789
1/3/24 13:00,0.5017397,0.6306818
1/3/24 14:00,0.4350599,0.5924059
1/3/24 15:00,0.3011648,0.4701732
1/3/24 16:00,0.08575577,0.1793145
1/3/24 17:00,0,0
1/3/24 18:00,0,0
1/3/24 19:00,0,0
1/3/24 20:00,0,0
1/3/24 21:00,0,0
1/3/24 22:00,0,0
1/3/24 23:00,0,0
1/4/24 0:00,0,0
1/4/24 1:00,0,0
1/4/24 2:00,0,0
1/4/24 3:00,0,0
1/4/24 4:00,0,0
1/4/24 5:00,0,0
1/4/24 6:00,0.02681226,0.09303159
1/4/24 7:00,0.2378836,0.4211825
1/4/24 8:00,0.4575437,0.6722883
1/4/24 9:00,0.628029,0.8611879
1/4/24 10:00,0.7104877,0.943841
1/4/24 11:00,0.7645283,1.005186
1/4/24 12:00,0.7776092,1.027775
1/4/24 13:00,0.6274502,0.8416542
1/4/24 14:00,0.4892761,0.6865595
1/4/24 15:00,0.3173278,0.4996988
1/4/24 16:00,0.1135112,0.2822802
1/4/24 17:00,1.89981E-06,0
1/4/24 18:00,0,0
1/4/24 19:00,0,0
1/4/24 20:00,0,0
1/4/24 21:00,0,0
1/4/24 22:00,0,0
1/4/24 23:00,0,0
1/5/24 0:00,0,0
1/5/24 1:00,0,0
1/5/24 2:00,0,0
1/5/24 3:00,0,0
1/5/24 4:00,0,0
1/5/24 5:00,0,0
1/5/24 6:00,0.01199587,0.01336658
1/5/24 7:00,0.1037137,0.110146
1/5/24 8:00,0.2771897,0.3317065
1/5/24 9:00,0.3211467,0.3463683
1/5/24 10:00,0.5048404,0.606593
1/5/24 11:00,0.6606821,0.8496563
1/5/24 12:00,0.6599345,0.856423
1/5/24 13:00,0.5565011,0.7246035
1/5/24 14:00,0.3665805,0.456758
1/5/24 15:00,0.2120134,0.2653038
1/5/24 16:00,0.06210879,0.08263429
1/5/24 17:00,2.49914E-05,0
1/5/24 18:00,0,0
1/5/24 19:00,0,0
1/5/24 20:00,0,0
1/5/24 21:00,0,0
1/5/24 22:00,0,0
1/5/24 23:00,0,0
1/6/24 0:00,0,0
1/6/24 1:00,0,0
1/6/24 2:00,0,0
1/6/24 3:00,0,0
1/6/24 4:00,0,0
1/6/24 5:00,0,0
1/6/24 6:00,0.02446475,0.07558382
1/6/24 7:00,0.1901539,0.3050212
1/6/24 8:00,0.3569067,0.4916096
1/6/24 9:00,0.4541119,0.5722038
1/6/24 10:00,0.4800994,0.5633879
1/6/24 11:00,0.5158055,0.603308
1/6/24 12:00,0.5867532,0.7330893
1/6/24 13:00,0.5789743,0.7611333
1/6/24 14:00,0.4429083,0.6009608
1/6/24 15:00,0.2137129,0.2669479
1/6/24 16:00,0.08943696,0.1757387
1/6/24 17:00,3.35559E-05,0
1/6/24 18:00,0,0
1/6/24 19:00,0,0
1/6/24 20:00,0,0
1/6/24 21:00,0,0
1/6/24 22:00,0,0
1/6/24 23:00,0,0
1/7/24 0:00,0,0
1/7/24 1:00,0,0
1/7/24 2:00,0,0
1/7/24 3:00,0,0
1/7/24 4:00,0,0
1/7/24 5:00,0,0
1/7/24 6:00,0.02578433,0.08902857
1/7/24 7:00,0.222442,0.3873816
1/7/24 8:00,0.3716002,0.5206367
1/7/24 9:00,0.5415755,0.7274531
1/7/24 10:00,0.7140794,0.9459882
1/7/24 11:00,0.7547739,0.9887246
1/7/24 12:00,0.6991455,0.9142312
1/7/24 13:00,0.5797762,0.7607476
1/7/24 14:00,0.4614433,0.6326164
1/7/24 15:00,0.2761773,0.4041364
1/7/24 16:00,0.09205926,0.1802272
1/7/24 17:00,9.2386E-05,0
1/7/24 18:00,0,0
1/7/24 19:00,0,0
1/7/24 20:00,0,0
1/7/24 21:00,0,0
1/7/24 22:00,0,0
1/7/24 23:00,0,0
1/8/24 0:00,0,0
1/8/24 1:00,0,0
1/8/24 2:00,0,0
1/8/24 3:00,0,0
1/8/24 4:00,0,0
1/8/24 5:00,0,0
1/8/24 6:00,0.01518336,0.02111169
1/8/24 7:00,0.1440318,0.1852436
1/8/24 8:00,0.3344507,0.4447398
1/8/24 9:00,0.4097247,0.4902729
1/8/24 10:00,0.5374067,0.6609086
1/8/24 11:00,0.5725433,0.6978037
1/8/24 12:00,0.5925292,0.7401098
1/8/24 13:00,0.6187125,0.8219226
1/8/24 14:00,0.4562062,0.6209779
1/8/24 15:00,0.2714292,0.3903401
1/8/24 16:00,0.1062944,0.2309455
1/8/24 17:00,0.000142238,0
1/8/24 18:00,0,0
1/8/24 19:00,0,0
1/8/24 20:00,0,0
1/8/24 21:00,0,0
1/8/24 22:00,0,0
1/8/24 23:00,0,0
1/9/24 0:00,0,0
1/9/24 1:00,0,0
1/9/24 2:00,0,0
1/9/24 3:00,0,0
1/9/24 4:00,0,0
1/9/24 5:00,0,0
1/9/24 6:00,0.02335833,0.06994819
1/9/24 7:00,0.08431529,0.08521081
1/9/24 8:00,0.1911829,0.1966871
1/9/24 9:00,0.3808459,0.4395576
1/9/24 10:00,0.5850157,0.7423008
1/9/24 11:00,0.5833395,0.7150517
1/9/24 12:00,0.6626618,0.8548428
1/9/24 13:00,0.3668362,0.3969443
1/9/24 14:00,0.1979223,0.1976717
1/9/24 15:00,0.1839372,0.206575
1/9/24 16:00,0.06024181,0.0710626
1/9/24 17:00,0.000200088,0
1/9/24 18:00,0,0
1/9/24 19:00,0,0
1/9/24 20:00,0,0
1/9/24 21:00,0,0
1/9/24 22:00,0,0
1/9/24 23:00,0,0
1/10/24 0:00,0,0
1/10/24 1:00,0,0
1/10/24 2:00,0,0
1/10/24 3:00,0,0
1/10/24 4:00,0,0
1/10/24 5:00,0,0
1/10/24 6:00,0.02319425,0.06949689
1/10/24 7:00,0.203153,0.3391185
1/10/24 8:00,0.3718797,0.519075
1/10/24 9:00,0.5777634,0.7825134
1/10/24 10:00,0.7092209,0.9357677
1/10/24 11:00,0.8446049,1.106174
1/10/24 12:00,0.8190536,1.075904
1/10/24 13:00,0.7121699,0.9525768
1/10/24 14:00,0.5652952,0.7905266
1/10/24 15:00,0.3058428,0.4594857
1/10/24 16:00,0.1122674,0.2398477
1/10/24 17:00,0.000325651,0
1/10/24 18:00,0,0
1/10/24 19:00,0,0
1/10/24 20:00,0,0
1/10/24 21:00,0,0
1/10/24 22:00,0,0
1/10/24 23:00,0,0
1/11/24 0:00,0,0
1/11/24 1:00,0,0
1/11/24 2:00,0,0
1/11/24 3:00,0,0
1/11/24 4:00,0,0
1/11/24 5:00,0,0
1/11/24 6:00,0.02295958,0.06827774
1/11/24 7:00,0.1747869,0.2627263
1/11/24 8:00,0.327518,0.428716
1/11/24 9:00,0.4297555,0.5240195
1/11/24 10:00,0.7477198,0.9870109
1/11/24 11:00,0.7241335,0.9396464
1/11/24 12:00,0.6688653,0.8613033
1/11/24 13:00,0.4165376,0.4718242
1/11/24 14:00,0.3704738,0.4531583
1/11/24 15:00,0.2376618,0.3066241
1/11/24 16:00,0.07321751,0.09725306
1/11/24 17:00,0.000446726,0
1/11/24 18:00,0,0
1/11/24 19:00,0,0
1/11/24 20:00,0,0
1/11/24 21:00,0,0
1/11/24 22:00,0,0
1/11/24 23:00,0,0
1/12/24 0:00,0,0
1/12/24 1:00,0,0
1/12/24 2:00,0,0
1/12/24 3:00,0,0
1/12/24 4:00,0,0
1/12/24 5:00,0,0
1/12/24 6:00,0.02360989,0.07454967
1/12/24 7:00,0.215296,0.3679748
1/12/24 8:00,0.4098329,0.588127
1/12/24 9:00,0.5360581,0.712712
1/12/24 10:00,0.636677,0.8239836
1/12/24 11:00,0.5876943,0.7183529
1/12/24 12:00,0.6720564,0.8645501
1/12/24 13:00,0.5467443,0.6947079
1/12/24 14:00,0.3314107,0.3817834
1/12/24 15:00,0.2468916,0.3239466
1/12/24 16:00,0.09436815,0.1598327
1/12/24 17:00,0.000615914,0
1/12/24 18:00,0,0
1/12/24 19:00,0,0
1/12/24 20:00,0,0
1/12/24 21:00,0,0
1/12/24 22:00,0,0
1/12/24 23:00,0,0
1/13/24 0:00,0,0
1/13/24 1:00,0,0
1/13/24 2:00,0,0
1/13/24 3:00,0,0
1/13/24 4:00,0,0
1/13/24 5:00,0,0
1/13/24 6:00,0.02309385,0.07050257
1/13/24 7:00,0.1425646,0.181299
1/13/24 8:00,0.3318271,0.4357947
1/13/24 9:00,0.2022722,0.1997085
1/13/24 10:00,0.3717868,0.3923473
1/13/24 11:00,0.4367147,0.4731232
1/13/24 12:00,0.4085488,0.4360552
1/13/24 13:00,0.3185749,0.3287038
1/13/24 14:00,0.2851709,0.3073397
1/13/24 15:00,0.22311,0.2722596
1/13/24 16:00,0.09931601,0.1721466
1/13/24 17:00,0.000872876,0
1/13/24 18:00,0,0
1/13/24 19:00,0,0
1/13/24 20:00,0,0
1/13/24 21:00,0,0
1/13/24 22:00,0,0
1/13/24 23:00,0,0
1/14/24 0:00,0,0
1/14/24 1:00,0,0
1/14/24 2:00,0,0
1/14/24 3:00,0,0
1/14/24 4:00,0,0
1/14/24 5:00,0,0
1/14/24 6:00,0.007320312,0.007626491
1/14/24 7:00,0.0529197,0.05220215
1/14/24 8:00,0.2334569,0.2549171
1/14/24 9:00,0.3951606,0.4605782
1/14/24 10:00,0.3122949,0.3164115
1/14/24 11:00,0.4522559,0.4953307
1/14/24 12:00,0.5733712,0.6975568
1/14/24 13:00,0.5895165,0.7630824
1/14/24 14:00,0.4409705,0.578563
1/14/24 15:00,0.3166061,0.4687002
1/14/24 16:00,0.1051469,0.1873982
1/14/24 17:00,0.001473739,0
1/14/24 18:00,0,0
1/14/24 19:00,0,0
1/14/24 20:00,0,0
1/14/24 21:00,0,0
1/14/24 22:00,0,0
1/14/24 23:00,0,0
1/15/24 0:00,0,0
1/15/24 1:00,0,0
1/15/24 2:00,0,0
1/15/24 3:00,0,0
1/15/24 4:00,0,0
1/15/24 5:00,0,0
1/15/24 6:00,0.019671,0.0444602
1/15/24 7:00,0.1624745,0.2281742
1/15/24 8:00,0.3388219,0.4478452
1/15/24 9:00,0.5341104,0.7051864
1/15/24 10:00,0.6820168,0.8892153
1/15/24 11:00,0.7320538,0.9446359
1/15/24 12:00,0.7771136,1.010872
1/15/24 13:00,0.7041267,0.9323314
1/15/24 14:00,0.516057,0.7065739
1/15/24 15:00,0.2441978,0.3105621
1/15/24 16:00,0.1202696,0.2351879
1/15/24 17:00,0.001135661,0
1/15/24 18:00,0,0
1/15/24 19:00,0,0
1/15/24 20:00,0,0
1/15/24 21:00,0,0
1/15/24 22:00,0,0
1/15/24 23:00,0,0
1/16/24 0:00,0,0
1/16/24 1:00,0,0
1/16/24 2:00,0,0
1/16/24 3:00,0,0
1/16/24 4:00,0,0
1/16/24 5:00,0,0
1/16/24 6:00,0.02596026,0.09702148
1/16/24 7:00,0.2288876,0.3938791
1/16/24 8:00,0.4452832,0.641245
1/16/24 9:00,0.5994833,0.8067124
1/16/24 10:00,0.5555612,0.6822221
1/16/24 11:00,0.4314386,0.4634544
1/16/24 12:00,0.3235815,0.3262213
1/16/24 13:00,0.2948662,0.2985845
1/16/24 14:00,0.3145768,0.3490493
1/16/24 15:00,0.2477443,0.3154155
1/16/24 16:00,0.07846644,0.09833349
1/16/24 17:00,0.001544873,0
1/16/24 18:00,0,0
1/16/24 19:00,0,0
1/16/24 20:00,0,0
1/16/24 21:00,0,0
1/16/24 22:00,0,0
1/16/24 23:00,0,0
1/17/24 0:00,0,0
1/17/24 1:00,0,0
1/17/24 2:00,0,0
1/17/24 3:00,0,0
1/17/24 4:00,0,0
1/17/24 5:00,0,0
1/17/24 6:00,0.02332022,0.07259114
1/17/24 7:00,0.1603995,0.2213776
1/17/24 8:00,0.3983861,0.5606916
1/17/24 9:00,0.5812386,0.7777768
1/17/24 10:00,0.7470015,0.9766572
1/17/24 11:00,0.7696147,0.9940378
1/17/24 12:00,0.7476363,0.9672092
1/17/24 13:00,0.5515178,0.692154
1/17/24 14:00,0.292098,0.3140569
1/17/24 15:00,0.1428543,0.1443009
1/17/24 16:00,0.07134276,0.08189948
1/17/24 17:00,0.001260628,0
1/17/24 18:00,0,0
1/17/24 19:00,0,0
1/17/24 20:00,0,0
1/17/24 21:00,0,0
1/17/24 22:00,0,0
1/17/24 23:00,0,0
1/18/24 0:00,0,0
1/18/24 1:00,0,0
1/18/24 2:00,0,0
1/18/24 3:00,0,0
1/18/24 4:00,0,0
1/18/24 5:00,0,0
1/18/24 6:00,0.02070018,0.05110271
1/18/24 7:00,0.215892,0.3617735
1/18/24 8:00,0.2664201,0.3067783
1/18/24 9:00,0.4394104,0.5336379
1/18/24 10:00,0.4469958,0.4992964
1/18/24 11:00,0.5605996,0.6634598
1/18/24 12:00,0.6523436,0.8211715
1/18/24 13:00,0.5592173,0.7030222
1/18/24 14:00,0.4598262,0.6024804
1/18/24 15:00,0.2918599,0.4032503
1/18/24 16:00,0.1280072,0.2421065
1/18/24 17:00,0.002075122,0
1/18/24 18:00,0,0
1/18/24 19:00,0,0
1/18/24 20:00,0,0
1/18/24 21:00,0,0
1/18/24 22:00,0,0
1/18/24 23:00,0,0
1/19/24 0:00,0,0
1/19/24 1:00,0,0
1/19/24 2:00,0,0
1/19/24 3:00,0,0
1/19/24 4:00,0,0
1/19/24 5:00,0,0
1/19/24 6:00,0.02051591,0.04934669
1/19/24 7:00,0.1935472,0.3047024
1/19/24 8:00,0.3224157,0.4102479
1/19/24 9:00,0.4194839,0.4973969
1/19/24 10:00,0.6983734,0.9059888
1/19/24 11:00,0.7284132,0.9316757
1/19/24 12:00,0.7854143,1.014341
1/19/24 13:00,0.6374853,0.8281683
1/19/24 14:00,0.5557457,0.7574084
1/19/24 15:00,0.276776,0.3679731
1/19/24 16:00,0.1342327,0.255895
1/19/24 17:00,0.002819672,0
1/19/24 18:00,0,0
1/19/24 19:00,0,0
1/19/24 20:00,0,0
1/19/24 21:00,0,0
1/19/24 22:00,0,0
1/19/24 23:00,0,0
1/20/24 0:00,0,0
1/20/24 1:00,0,0
1/20/24 2:00,0,0
1/20/24 3:00,0,0
1/20/24 4:00,0,0
1/20/24 5:00,0,0
1/20/24 6:00,0.02639473,0.09884509
1/20/24 7:00,0.2260133,0.3809161
1/20/24 8:00,0.4032264,0.5642213
1/20/24 9:00,0.5019428,0.6414384
1/20/24 10:00,0.7569953,0.9845324
1/20/24 11:00,0.720308,0.9176056
1/20/24 12:00,0.7107421,0.9075572
1/20/24 13:00,0.5678874,0.7129725
1/20/24 14:00,0.5314987,0.7182247
1/20/24 15:00,0.3213496,0.457799
1/20/24 16:00,0.1289644,0.2328098
1/20/24 17:00,0.002751492,0
1/20/24 18:00,0,0
1/20/24 19:00,0,0
1/20/24 20:00,0,0
1/20/24 21:00,0,0
1/20/24 22:00,0,0
1/20/24 23:00,0,0
1/21/24 0:00,0,0
1/21/24 1:00,0,0
1/21/24 2:00,0,0
1/21/24 3:00,0,0
1/21/24 4:00,0,0
1/21/24 5:00,0,0
1/21/24 6:00,0.0210732,0.05205877
1/21/24 7:00,0.1356434,0.1625147
1/21/24 8:00,0.2604847,0.2945809
1/21/24 9:00,0.4926155,0.623296
1/21/24 10:00,0.7083656,0.9163588
1/21/24 11:00,0.7452776,0.952008
1/21/24 12:00,0.4807453,0.5350168
1/21/24 13:00,0.6132721,0.7852489
1/21/24 14:00,0.4132265,0.5098569
1/21/24 15:00,0.2139405,0.2418892
1/21/24 16:00,0.1243279,0.2119156
1/21/24 17:00,0.004586017,0
1/21/24 18:00,0,0
1/21/24 19:00,0,0
1/21/24 20:00,0,0
1/21/24 21:00,0,0
1/21/24 22:00,0,0
1/21/24 23:00,0,0
1/22/24 0:00,0,0
1/22/24 1:00,0,0
1/22/24 2:00,0,0
1/22/24 3:00,0,0
1/22/24 4:00,0,0
1/22/24 5:00,0,0
1/22/24 6:00,0.02756882,0.1075009
1/22/24 7:00,0.1736667,0.2486048
1/22/24 8:00,0.2681826,0.3066987
1/22/24 9:00,0.2693094,0.2734731
1/22/24 10:00,0.5554681,0.6719657
1/22/24 11:00,0.6127868,0.7427948
1/22/24 12:00,0.5286618,0.6091851
1/22/24 13:00,0.4469774,0.5057727
1/22/24 14:00,0.4526037,0.5785074
1/22/24 15:00,0.3065281,0.4205328
1/22/24 16:00,0.08749545,0.1059352
1/22/24 17:00,0.003903635,0
1/22/24 18:00,0,0
1/22/24 19:00,0,0
1/22/24 20:00,0,0
1/22/24 21:00,0,0
1/22/24 22:00,0,0
1/22/24 23:00,0,0
1/23/24 0:00,0,0
1/23/24 1:00,0,0
1/23/24 2:00,0,0
1/23/24 3:00,0,0
1/23/24 4:00,0,0
1/23/24 5:00,0,0
1/23/24 6:00,0.02230029,0.05931665
1/23/24 7:00,0.208513,0.3344193
1/23/24 8:00,0.4858619,0.6885931
1/23/24 9:00,0.6597146,0.8776311
1/23/24 10:00,0.8003011,1.03613
1/23/24 11:00,0.8090109,1.034657
1/23/24 12:00,0.7165594,0.9092842
1/23/24 13:00,0.6780682,0.8788142
1/23/24 14:00,0.5811777,0.7836811
1/23/24 15:00,0.4049844,0.5944269
1/23/24 16:00,0.1619409,0.3102873
1/23/24 17:00,0.004477315,0
1/23/24 18:00,0,0
1/23/24 19:00,0,0
1/23/24 20:00,0,0
1/23/24 21:00,0,0
1/23/24 22:00,0,0
1/23/24 23:00,0,0
1/24/24 0:00,0,0
1/24/24 1:00,0,0
1/24/24 2:00,0,0
1/24/24 3:00,0,0
1/24/24 4:00,0,0
1/24/24 5:00,0,0
1/24/24 6:00,0.03505609,0.1660194
1/24/24 7:00,0.2170085,0.3520955
1/24/24 8:00,0.3569907,0.4696968
1/24/24 9:00,0.5863715,0.7719377
1/24/24 10:00,0.7403054,0.9542114
1/24/24 11:00,0.798658,1.018972
1/24/24 12:00,0.6852463,0.8593419
1/24/24 13:00,0.4699997,0.5395088
1/24/24 14:00,0.4480815,0.5649032
1/24/24 15:00,0.2724631,0.3445261
1/24/24 16:00,0.07804271,0.08568558
1/24/24 17:00,0.004208531,0
1/24/24 18:00,0,0
1/24/24 19:00,0,0
1/24/24 20:00,0,0
1/24/24 21:00,0,0
1/24/24 22:00,0,0
1/24/24 23:00,0,0
1/25/24 0:00,0,0
1/25/24 1:00,0,0
1/25/24 2:00,0,0
1/25/24 3:00,0,0
1/25/24 4:00,0,0
1/25/24 5:00,0,0
1/25/24 6:00,0.02088042,0.04673225
1/25/24 7:00,0.2301852,0.3785946
1/25/24 8:00,0.3769335,0.5056737
1/25/24 9:00,0.6054218,0.798024
1/25/24 10:00,0.6794224,0.8654538
1/25/24 11:00,0.7569311,0.9596877
1/25/24 12:00,0.5940652,0.710264
1/25/24 13:00,0.5755914,0.7133707
1/25/24 14:00,0.4581791,0.5800952
1/25/24 15:00,0.3155805,0.4287079
1/25/24 16:00,0.1422881,0.2445621
1/25/24 17:00,0.004300727,0
1/25/24 18:00,0,0
1/25/24 19:00,0,0
1/25/24 20:00,0,0
1/25/24 21:00,0,0
1/25/24 22:00,0,0
1/25/24 23:00,0,0
1/26/24 0:00,0,0
1/26/24 1:00,0,0
1/26/24 2:00,0,0
1/26/24 3:00,0,0
1/26/24 4:00,0,0
1/26/24 5:00,0,0
1/26/24 6:00,0.0258677,0.08456577
1/26/24 7:00,0.1633111,0.2170057
1/26/24 8:00,0.3340182,0.4217162
1/26/24 9:00,0.542683,0.6982895
1/26/24 10:00,0.5690083,0.6868285
1/26/24 11:00,0.4363976,0.4627826
1/26/24 12:00,0.5599018,0.6524543
1/26/24 13:00,0.5830572,0.7231228
1/26/24 14:00,0.3565033,0.4020017
1/26/24 15:00,0.3086599,0.4113849
1/26/24 16:00,0.1016044,0.1279144
1/26/24 17:00,0.00618907,0
1/26/24 18:00,0,0
1/26/24 19:00,0,0
1/26/24 20:00,0,0
1/26/24 21:00,0,0
1/26/24 22:00,0,0
1/26/24 23:00,0,0
1/27/24 0:00,0,0
1/27/24 1:00,0,0
1/27/24 2:00,0,0
1/27/24 3:00,0,0
1/27/24 4:00,0,0
1/27/24 5:00,0,0
1/27/24 6:00,0.02962842,0.117149
1/27/24 7:00,0.1766874,0.2469506
1/27/24 8:00,0.3363382,0.4242667
1/27/24 9:00,0.5983179,0.7830099
1/27/24 10:00,0.7088416,0.9038143
1/27/24 11:00,0.7774024,0.9835129
1/27/24 12:00,0.7441264,0.9396216
1/27/24 13:00,0.6669282,0.8522416
1/27/24 14:00,0.4695593,0.5944212
1/27/24 15:00,0.2416746,0.2798084
1/27/24 16:00,0.1490606,0.2529438
1/27/24 17:00,0.006911322,0
1/27/24 18:00,0,0
1/27/24 19:00,0,0
1/27/24 20:00,0,0
1/27/24 21:00,0,0
1/27/24 22:00,0,0
1/27/24 23:00,0,0
1/28/24 0:00,0,0
1/28/24 1:00,0,0
1/28/24 2:00,0,0
1/28/24 3:00,0,0
1/28/24 4:00,0,0
1/28/24 5:00,0,0
1/28/24 6:00,0.01870954,0.03162993
1/28/24 7:00,0.02614407,0.02553939
1/28/24 8:00,0.04606455,0.04489602
1/28/24 9:00,0.05900081,0.05745475
1/28/24 10:00,0.1943725,0.1902427
1/28/24 11:00,0.2374668,0.2327301
1/28/24 12:00,0.2245959,0.2199669
1/28/24 13:00,0.2210645,0.2169711
1/28/24 14:00,0.1649668,0.1617824
1/28/24 15:00,0.1132032,0.111307
1/28/24 16:00,0.1206393,0.1681986
1/28/24 17:00,0.008732635,0
1/28/24 18:00,0,0
1/28/24 19:00,0,0
1/28/24 20:00,0,0
1/28/24 21:00,0,0
1/28/24 22:00,0,0
1/28/24 23:00,0,0
1/29/24 0:00,0,0
1/29/24 1:00,0,0
1/29/24 2:00,0,0
1/29/24 3:00,0,0
1/29/24 4:00,0,0
1/29/24 5:00,0,0
1/29/24 6:00,0.02600158,0.07864821
1/29/24 7:00,0.2036154,0.307497
1/29/24 8:00,0.4430028,0.6109788
1/29/24 9:00,0.5153236,0.6457078
1/29/24 10:00,0.6389419,0.793587
1/29/24 11:00,0.5583541,0.6407353
1/29/24 12:00,0.4021485,0.41678
1/29/24 13:00,0.6262529,0.7846092
1/29/24 14:00,0.3976864,0.4643934
1/29/24 15:00,0.3477949,0.4775576
1/29/24 16:00,0.173532,0.306583
1/29/24 17:00,0.008220773,0
1/29/24 18:00,0,0
1/29/24 19:00,0,0
1/29/24 20:00,0,0
1/29/24 21:00,0,0
1/29/24 22:00,0,0
1/29/24 23:00,0,0
1/30/24 0:00,0,0
1/30/24 1:00,0,0
1/30/24 2:00,0,0
1/30/24 3:00,0,0
1/30/24 4:00,0,0
1/30/24 5:00,0,0
1/30/24 6:00,0.03139225,0.1251314
1/30/24 7:00,0.1772409,0.2418891
1/30/24 8:00,0.18493,0.1859626
1/30/24 9:00,0.3517609,0.3778337
1/30/24 10:00,0.2881939,0.2862307
1/30/24 11:00,0.4072483,0.4214434
1/30/24 12:00,0.3985198,0.4115398
1/30/24 13:00,0.4861974,0.5545866
1/30/24 14:00,0.4787572,0.6016446
1/30/24 15:00,0.3243667,0.4290835
1/30/24 16:00,0.1773037,0.3103265
1/30/24 17:00,0.01110457,0
1/30/24 18:00,0,0
1/30/24 19:00,0,0
1/30/24 20:00,0,0
1/30/24 21:00,0,0
1/30/24 22:00,0,0
1/30/24 23:00,0,0
1/31/24 0:00,0,0
1/31/24 1:00,0,0
1/31/24 2:00,0,0
1/31/24 3:00,0,0
1/31/24 4:00,0,0
1/31/24 5:00,0,0
1/31/24 6:00,0.02548508,0.06910498
1/31/24 7:00,0.2034029,0.3013234
1/31/24 8:00,0.3766491,0.4911263
1/31/24 9:00,0.6202673,0.8049791
1/31/24 10:00,0.7841689,0.9956597
1/31/24 11:00,0.7822796,0.9802535
1/31/24 12:00,0.6898901,0.8484918
1/31/24 13:00,0.7054484,0.8967113
1/31/24 14:00,0.581582,0.762578
1/31/24 15:00,0.3738039,0.5178132
1/31/24 16:00,0.1686739,0.2839612
1/31/24 17:00,0.00610957,0
1/31/24 18:00,0,0
1/31/24 19:00,0,0
1/31/24 20:00,0,0
1/31/24 21:00,0,0
1/31/24 22:00,0,0
1/31/24 23:00,0,0
2/1/24 0:00,0,0
2/1/24 1:00,0,0
2/1/24 2:00,0,0
2/1/24 3:00,0,0
2/1/24 4:00,0,0
2/1/24 5:00,0,0
2/1/24 6:00,0.01836655,0.02687783
2/1/24 7:00,0.03660528,0.03582668
2/1/24 8:00,0.2830826,0.3209522
2/1/24 9:00,0.4030899,0.4527057
2/1/24 10:00,0.6273232,0.767768
2/1/24 11:00,0.7357933,0.9116294
2/1/24 12:00,0.6220796,0.7393437
2/1/24 13:00,0.6207477,0.767544
2/1/24 14:00,0.5812878,0.7592247
2/1/24 15:00,0.3941261,0.5488714
2/1/24 16:00,0.1500027,0.2295455
2/1/24 17:00,0.009496201,0
2/1/24 18:00,0,0
2/1/24 19:00,0,0
2/1/24 20:00,0,0
2/1/24 21:00,0,0
2/1/24 22:00,0,0
2/1/24 23:00,0,0
2/2/24 0:00,0,0
2/2/24 1:00,0,0
2/2/24 2:00,0,0
2/2/24 3:00,0,0
2/2/24 4:00,0,0
2/2/24 5:00,0,0
2/2/24 6:00,0.02140772,0.03857101
2/2/24 7:00,0.1025947,0.1047487
2/2/24 8:00,0.3256525,0.3928859
2/2/24 9:00,0.2436288,0.242089
2/2/24 10:00,0.3997439,0.4182533
2/2/24 11:00,0.1450565,0.1415264
2/2/24 12:00,0.2815916,0.2774392
2/2/24 13:00,0.1969882,0.1928032
2/2/24 14:00,0.09437376,0.09208718
2/2/24 15:00,0.05029001,0.04905509
2/2/24 16:00,0.02223152,0.02174218
2/2/24 17:00,0.01247379,0
2/2/24 18:00,0,0
2/2/24 19:00,0,0
2/2/24 20:00,0,0
2/2/24 21:00,0,0
2/2/24 22:00,0,0
2/2/24 23:00,0,0
2/3/24 0:00,0,0
2/3/24 1:00,0,0
2/3/24 2:00,0,0
2/3/24 3:00,0,0
2/3/24 4:00,0,0
2/3/24 5:00,0,0
2/3/24 6:00,0.02797672,0.08008661
2/3/24 7:00,0.1596229,0.1955679
2/3/24 8:00,0.113377,0.111085
2/3/24 9:00,0.1168192,0.1140579
2/3/24 10:00,0.2402895,0.2358192
2/3/24 11:00,0.6956947,0.8462175
2/3/24 12:00,0.7522997,0.9326373
2/3/24 13:00,0.5599821,0.6646665
2/3/24 14:00,0.3573428,0.3914366
2/3/24 15:00,0.1601629,0.1600269
2/3/24 16:00,0.06838302,0.06846433
2/3/24 17:00,0.008609499,0
2/3/24 18:00,0,0
2/3/24 19:00,0,0
2/3/24 20:00,0,0
2/3/24 21:00,0,0
2/3/24 22:00,0,0
2/3/24 23:00,0,0
2/4/24 0:00,0,0
2/4/24 1:00,0,0
2/4/24 2:00,0,0
2/4/24 3:00,0,0
2/4/24 4:00,0,0
2/4/24 5:00,0,0
2/4/24 6:00,0.01828322,0.02441085
2/4/24 7:00,0.2578126,0.4021011
2/4/24 8:00,0.511184,0.6937548
2/4/24 9:00,0.7246839,0.9344285
2/4/24 10:00,0.8445029,1.0632
2/4/24 11:00,0.8737778,1.08902
2/4/24 12:00,0.8947604,1.117448
2/4/24 13:00,0.8052385,1.017303
2/4/24 14:00,0.5734239,0.7386811
2/4/24 15:00,0.3429884,0.4477056
2/4/24 16:00,0.1481333,0.2114022
2/4/24 17:00,0.006350866,0
2/4/24 18:00,0,0
2/4/24 19:00,0,0
2/4/24 20:00,0,0
2/4/24 21:00,0,0
2/4/24 22:00,0,0
2/4/24 23:00,0,0
2/5/24 0:00,0,0
2/5/24 1:00,0,0
2/5/24 2:00,0,0
2/5/24 3:00,0,0
2/5/24 4:00,0,0
2/5/24 5:00,0,0
2/5/24 6:00,0.03951637,0.1756045
2/5/24 7:00,0.2558169,0.3952114
2/5/24 8:00,0.4443987,0.5938597
2/5/24 9:00,0.4588259,0.5354375
2/5/24 10:00,0.6319935,0.7648057
2/5/24 11:00,0.8626273,1.072021
2/5/24 12:00,0.8306755,1.032762
2/5/24 13:00,0.6045679,0.7307605
2/5/24 14:00,0.4499498,0.5360892
2/5/24 15:00,0.3553936,0.4671702
2/5/24 16:00,0.09101195,0.09568916
2/5/24 17:00,0.008847489,0
2/5/24 18:00,0,0
2/5/24 19:00,0,0
2/5/24 20:00,0,0
2/5/24 21:00,0,0
2/5/24 22:00,0,0
2/5/24 23:00,0,0
2/6/24 0:00,0,0
2/6/24 1:00,0,0
2/6/24 2:00,0,0
2/6/24 3:00,0,0
2/6/24 4:00,0,0
2/6/24 5:00,0,0
2/6/24 6:00,0.03240792,0.106154
2/6/24 7:00,0.151281,0.1751582
2/6/24 8:00,0.3681317,0.4602858
2/6/24 9:00,0.5575963,0.6941688
2/6/24 10:00,0.5147263,0.5783045
2/6/24 11:00,0.7204583,0.8753181
2/6/24 12:00,0.8045134,0.9960318
2/6/24 13:00,0.4431621,0.4785102
2/6/24 14:00,0.4640779,0.5570797
2/6/24 15:00,0.390954,0.5262062
2/6/24 16:00,0.1635278,0.2412917
2/6/24 17:00,0.01516587,0
2/6/24 18:00,0,0
2/6/24 19:00,0,0
2/6/24 20:00,0,0
2/6/24 21:00,0,0
2/6/24 22:00,0,0
2/6/24 23:00,0,0
2/7/24 0:00,0,0
2/7/24 1:00,0,0
2/7/24 2:00,0,0
2/7/24 3:00,0,0
2/7/24 4:00,0,0
2/7/24 5:00,0,0
2/7/24 6:00,0.03173579,0.09549792
2/7/24 7:00,0.2452902,0.3684885
2/7/24 8:00,0.4830386,0.6457979
2/7/24 9:00,0.660894,0.8417377
2/7/24 10:00,0.8487855,1.059887
2/7/24 11:00,0.8223044,1.015034
2/7/24 12:00,0.7140569,0.8655838
2/7/24 13:00,0.6832426,0.8448799
2/7/24 14:00,0.3683697,0.4022954
2/7/24 15:00,0.2878969,0.3383996
2/7/24 16:00,0.09351139,0.09790826
2/7/24 17:00,0.01096067,0
2/7/24 18:00,0,0
2/7/24 19:00,0,0
2/7/24 20:00,0,0
2/7/24 21:00,0,0
2/7/24 22:00,0,0
2/7/24 23:00,0,0
2/8/24 0:00,0,0
2/8/24 1:00,0,0
2/8/24 2:00,0,0
2/8/24 3:00,0,0
2/8/24 4:00,0,0
2/8/24 5:00,0,0
2/8/24 6:00,0.02014945,0.02657421
2/8/24 7:00,0.2029336,0.2758673
2/8/24 8:00,0.324275,0.3787641
2/8/24 9:00,0.5472741,0.6722129
2/8/24 10:00,0.5323512,0.6016232
2/8/24 11:00,0.4678466,0.4936297
2/8/24 12:00,0.5864235,0.6673706
2/8/24 13:00,0.7792028,0.9720742
2/8/24 14:00,0.6200266,0.7925262
2/8/24 15:00,0.3776201,0.4964244
2/8/24 16:00,0.1908477,0.2968867
2/8/24 17:00,0.01648539,0
2/8/24 18:00,0,0
2/8/24 19:00,0,0
2/8/24 20:00,0,0
2/8/24 21:00,0,0
2/8/24 22:00,0,0
2/8/24 23:00,0,0
2/9/24 0:00,0,0
2/9/24 1:00,0,0
2/9/24 2:00,0,0
2/9/24 3:00,0,0
2/9/24 4:00,0,0
2/9/24 5:00,0,0
2/9/24 6:00,0.00431694,0.004293703
2/9/24 7:00,0.04969291,0.04868353
2/9/24 8:00,0.04050666,0.03943518
2/9/24 9:00,0.1645099,0.1609052
2/9/24 10:00,0.1558977,0.1521721
2/9/24 11:00,0.1014592,0.09880772
2/9/24 12:00,0.06284836,0.06113492
2/9/24 13:00,0.1019471,0.09933319
2/9/24 14:00,0.06916787,0.06736946
2/9/24 15:00,0.04838514,0.0471566
2/9/24 16:00,0.002458482,0.002388173
2/9/24 17:00,0.001761118,0
2/9/24 18:00,0,0
2/9/24 19:00,0,0
2/9/24 20:00,0,0
2/9/24 21:00,0,0
2/9/24 22:00,0,0
2/9/24 23:00,0,0
2/10/24 0:00,0,0
2/10/24 1:00,0,0
2/10/24 2:00,0,0
2/10/24 3:00,0,0
2/10/24 4:00,0,0
2/10/24 5:00,0,0
2/10/24 6:00,0.006790358,0.006827631
2/10/24 7:00,0.02050509,0.01997687
2/10/24 8:00,0.0541472,0.0527613
2/10/24 9:00,0.03614435,0.03514468
2/10/24 10:00,0.1082973,0.1055229
2/10/24 11:00,0.09997709,0.0973556
2/10/24 12:00,0.1131434,0.110226
2/10/24 13:00,0.07659817,0.07456316
2/10/24 14:00,0.06677332,0.0650261
2/10/24 15:00,0.04837567,0.04714315
2/10/24 16:00,0.0544734,0.05363309
2/10/24 17:00,0.006156177,0
2/10/24 18:00,0,0
2/10/24 19:00,0,0
2/10/24 20:00,0,0
2/10/24 21:00,0,0
2/10/24 22:00,0,0
2/10/24 23:00,0,0
2/11/24 0:00,0,0
2/11/24 1:00,0,0
2/11/24 2:00,0,0
2/11/24 3:00,0,0
2/11/24 4:00,0,0
2/11/24 5:00,0,0
2/11/24 6:00,0.03218405,0.06920885
2/11/24 7:00,0.177554,0.2154514
2/11/24 8:00,0.4663109,0.6091014
2/11/24 9:00,0.6609653,0.8303081
2/11/24 10:00,0.6021819,0.7028839
2/11/24 11:00,0.6467996,0.7503492
2/11/24 12:00,0.5742415,0.6427955
2/11/24 13:00,0.5126401,0.5727333
2/11/24 14:00,0.5639304,0.7026262
2/11/24 15:00,0.4159967,0.549679
2/11/24 16:00,0.13085,0.1533294
2/11/24 17:00,0.01828946,0
2/11/24 18:00,0,0
2/11/24 19:00,0,0
2/11/24 20:00,0,0
2/11/24 21:00,0,0
2/11/24 22:00,0,0
2/11/24 23:00,0,0
2/12/24 0:00,0,0
2/12/24 1:00,0,0
2/12/24 2:00,0,0
2/12/24 3:00,0,0
2/12/24 4:00,0,0
2/12/24 5:00,0,0
2/12/24 6:00,0.01846556,0.02001587
2/12/24 7:00,0.1253652,0.1300167
2/12/24 8:00,0.2211942,0.2248388
2/12/24 9:00,0.3834302,0.4095813
2/12/24 10:00,0.4861359,0.5265514
2/12/24 11:00,0.5677722,0.6292083
2/12/24 12:00,0.5369739,0.5863227
2/12/24 13:00,0.3938353,0.4064792
2/12/24 14:00,0.2754477,0.2770711
2/12/24 15:00,0.2920263,0.3349596
2/12/24 16:00,0.1815093,0.2581133
2/12/24 17:00,0.01291301,0
2/12/24 18:00,0,0
2/12/24 19:00,0,0
2/12/24 20:00,0,0
2/12/24 21:00,0,0
2/12/24 22:00,0,0
2/12/24 23:00,0,0
2/13/24 0:00,0,0
2/13/24 1:00,0,0
2/13/24 2:00,0,0
2/13/24 3:00,0,0
2/13/24 4:00,0,0
2/13/24 5:00,0,0
2/13/24 6:00,0.02884307,0.04419672
2/13/24 7:00,0.2135907,0.2823049
2/13/24 8:00,0.3823351,0.4661381
2/13/24 9:00,0.5034061,0.5889787
2/13/24 10:00,0.6396145,0.7549582
2/13/24 11:00,0.7799089,0.9404161
2/13/24 12:00,0.8066046,0.9784933
2/13/24 13:00,0.5659785,0.6496742
2/13/24 14:00,0.5668685,0.7007917
2/13/24 15:00,0.3411789,0.4165051
2/13/24 16:00,0.1611721,0.2094791
2/13/24 17:00,0.01416405,0
2/13/24 18:00,0,0
2/13/24 19:00,0,0
2/13/24 20:00,0,0
2/13/24 21:00,0,0
2/13/24 22:00,0,0
2/13/24 23:00,0,0
2/14/24 0:00,0,0
2/14/24 1:00,0,0
2/14/24 2:00,0,0
2/14/24 3:00,0,0
2/14/24 4:00,0,0
2/14/24 5:00,0,0
2/14/24 6:00,0.04821838,0.1426731
2/14/24 7:00,0.2356209,0.3233201
2/14/24 8:00,0.4648953,0.5972507
2/14/24 9:00,0.5415487,0.6463262
2/14/24 10:00,0.7342424,0.8900977
2/14/24 11:00,0.7426926,0.8848721
2/14/24 12:00,0.8597469,1.044008
2/14/24 13:00,0.7035135,0.8528986
2/14/24 14:00,0.5824884,0.7208101
2/14/24 15:00,0.3840058,0.4871735
2/14/24 16:00,0.1855433,0.2590435
2/14/24 17:00,0.02372166,0
2/14/24 18:00,0,0
2/14/24 19:00,0,0
2/14/24 20:00,0,0
2/14/24 21:00,0,0
2/14/24 22:00,0,0
2/14/24 23:00,0,0
2/15/24 0:00,0,0
2/15/24 1:00,0,0
2/15/24 2:00,0,0
2/15/24 3:00,0,0
2/15/24 4:00,0,0
2/15/24 5:00,0,0
2/15/24 6:00,0.05057707,0.1446793
2/15/24 7:00,0.2866361,0.4110419
2/15/24 8:00,0.5015902,0.646841
2/15/24 9:00,0.5957828,0.7260691
2/15/24 10:00,0.7664877,0.9308835
2/15/24 11:00,0.6002656,0.6712639
2/15/24 12:00,0.7349113,0.8728979
2/15/24 13:00,0.6247479,0.7342237
2/15/24 14:00,0.5791359,0.7127573
2/15/24 15:00,0.361231,0.445317
2/15/24 16:00,0.1970715,0.2797915
2/15/24 17:00,0.02083248,0
2/15/24 18:00,0,0
2/15/24 19:00,0,0
2/15/24 20:00,0,0
2/15/24 21:00,0,0
2/15/24 22:00,0,0
2/15/24 23:00,0,0
2/16/24 0:00,0,0
2/16/24 1:00,0,0
2/16/24 2:00,0,0
2/16/24 3:00,0,0
2/16/24 4:00,0,0
2/16/24 5:00,0,0
2/16/24 6:00,0.03702348,0.06477172
2/16/24 7:00,0.2020077,0.2501846
2/16/24 8:00,0.4408274,0.55345
2/16/24 9:00,0.5396434,0.6377827
2/16/24 10:00,0.8293065,1.008029
2/16/24 11:00,0.8484669,1.022701
2/16/24 12:00,0.7619672,0.9083661
2/16/24 13:00,0.6888908,0.8260177
2/16/24 14:00,0.4217747,0.4676412
2/16/24 15:00,0.4796607,0.6249135
2/16/24 16:00,0.2563631,0.3830461
2/16/24 17:00,0.0268916,0
2/16/24 18:00,0,0
2/16/24 19:00,0,0
2/16/24 20:00,0,0
2/16/24 21:00,0,0
2/16/24 22:00,0,0
2/16/24 23:00,0,0
2/17/24 0:00,0,0
2/17/24 1:00,0,0
2/17/24 2:00,0,0
2/17/24 3:00,0,0
2/17/24 4:00,0,0
2/17/24 5:00,0,0
2/17/24 6:00,0.04289994,0.08537663
2/17/24 7:00,0.1927715,0.2303426
2/17/24 8:00,0.3218652,0.3582023
2/17/24 9:00,0.7072015,0.8716641
2/17/24 10:00,0.9088824,1.103814
2/17/24 11:00,0.8872252,1.068028
2/17/24 12:00,0.7814312,0.9323531
2/17/24 13:00,0.6668677,0.7911574
2/17/24 14:00,0.6080764,0.7480481
2/17/24 15:00,0.2918709,0.3256744
2/17/24 16:00,0.174181,0.22441
2/17/24 17:00,0.0126938,0.01628851
2/17/24 18:00,0,0
2/17/24 19:00,0,0
2/17/24 20:00,0,0
2/17/24 21:00,0,0
2/17/24 22:00,0,0
2/17/24 23:00,0,0
2/18/24 0:00,0,0
2/18/24 1:00,0,0
2/18/24 2:00,0,0
2/18/24 3:00,0,0
2/18/24 4:00,0,0
2/18/24 5:00,0,0
2/18/24 6:00,0.05912486,0.1536741
2/18/24 7:00,0.2368777,0.3110275
2/18/24 8:00,0.4422673,0.5491616
2/18/24 9:00,0.7932044,0.9769921
2/18/24 10:00,0.8737667,1.056913
2/18/24 11:00,0.8127037,0.969914
2/18/24 12:00,0.896886,1.077843
2/18/24 13:00,0.7649955,0.9242021
2/18/24 14:00,0.5089335,0.5971058
2/18/24 15:00,0.211639,0.2148072
2/18/24 16:00,0.1350436,0.1498289
2/18/24 17:00,0.02220412,0.06757963
2/18/24 18:00,0,0
2/18/24 19:00,0,0
2/18/24 20:00,0,0
2/18/24 21:00,0,0
2/18/24 22:00,0,0
2/18/24 23:00,0,0
2/19/24 0:00,0,0
2/19/24 1:00,0,0
2/19/24 2:00,0,0
2/19/24 3:00,0,0
2/19/24 4:00,0,0
2/19/24 5:00,0,0
2/19/24 6:00,0.03699207,0.05258387
2/19/24 7:00,0.1861123,0.214262
2/19/24 8:00,0.3917034,0.4649056
2/19/24 9:00,0.4315678,0.4680825
2/19/24 10:00,0.8098418,0.9747509
2/19/24 11:00,0.8501995,1.015813
2/19/24 12:00,0.7820771,0.9271893
2/19/24 13:00,0.845587,1.022
2/19/24 14:00,0.4901664,0.5655886
2/19/24 15:00,0.3480354,0.4120469
2/19/24 16:00,0.2173465,0.304625
2/19/24 17:00,0.02350792,0.07386597
2/19/24 18:00,0,0
2/19/24 19:00,0,0
2/19/24 20:00,0,0
2/19/24 21:00,0,0
2/19/24 22:00,0,0
2/19/24 23:00,0,0
2/20/24 0:00,0,0
2/20/24 1:00,0,0
2/20/24 2:00,0,0
2/20/24 3:00,0,0
2/20/24 4:00,0,0
2/20/24 5:00,0,0
2/20/24 6:00,0.0163263,0.01636095
2/20/24 7:00,0.03440822,0.03354839
2/20/24 8:00,0.1607868,0.1576951
2/20/24 9:00,0.2090378,0.2046371
2/20/24 10:00,0.3453354,0.3441046
2/20/24 11:00,0.5236477,0.554876
2/20/24 12:00,0.2491603,0.2435789
2/20/24 13:00,0.1350398,0.1316305
2/20/24 14:00,0.1248653,0.1218133
2/20/24 15:00,0.1844351,0.1832992
2/20/24 16:00,0.1187338,0.1240927
2/20/24 17:00,0.02705686,0.1008788
2/20/24 18:00,0,0
2/20/24 19:00,0,0
2/20/24 20:00,0,0
2/20/24 21:00,0,0
2/20/24 22:00,0,0
2/20/24 23:00,0,0
2/21/24 0:00,0,0
2/21/24 1:00,0,0
2/21/24 2:00,0,0
2/21/24 3:00,0,0
2/21/24 4:00,0,0
2/21/24 5:00,0,0
2/21/24 6:00,0.05259616,0.09949736
2/21/24 7:00,0.1268613,0.1279971
2/21/24 8:00,0.4361079,0.5297706
2/21/24 9:00,0.6016253,0.7160786
2/21/24 10:00,0.4774902,0.5030644
2/21/24 11:00,0.7489128,0.8731862
2/21/24 12:00,0.6666092,0.7570876
2/21/24 13:00,0.5610175,0.6246067
2/21/24 14:00,0.4761558,0.5396093
2/21/24 15:00,0.2974409,0.3277859
2/21/24 16:00,0.1034133,0.1044661
2/21/24 17:00,0.01369257,0.01635772
2/21/24 18:00,0,0
2/21/24 19:00,0,0
2/21/24 20:00,0,0
2/21/24 21:00,0,0
2/21/24 22:00,0,0
2/21/24 23:00,0,0
2/22/24 0:00,0,0
2/22/24 1:00,0,0
2/22/24 2:00,0,0
2/22/24 3:00,0,0
2/22/24 4:00,0,0
2/22/24 5:00,0,0
2/22/24 6:00,0.066566,0.1451264
2/22/24 7:00,0.224705,0.2749428
2/22/24 8:00,0.2393349,0.242017
2/22/24 9:00,0.511857,0.5798654
2/22/24 10:00,0.8398438,1.002583
2/22/24 11:00,0.7617524,0.8882264
2/22/24 12:00,0.5271789,0.5584357
2/22/24 13:00,0.6211199,0.7102841
2/22/24 14:00,0.6337097,0.7675313
2/22/24 15:00,0.4516607,0.5665236
2/22/24 16:00,0.2147761,0.2884606
2/22/24 17:00,0.02924302,0.1097662
2/22/24 18:00,0,0
2/22/24 19:00,0,0
2/22/24 20:00,0,0
2/22/24 21:00,0,0
2/22/24 22:00,0,0
2/22/24 23:00,0,0
2/23/24 0:00,0,0
2/23/24 1:00,0,0
2/23/24 2:00,0,0
2/23/24 3:00,0,0
2/23/24 4:00,0,0
2/23/24 5:00,0,0
2/23/24 6:00,0.05834067,0.1073265
2/23/24 7:00,0.2602464,0.3353576
2/23/24 8:00,0.4851939,0.5969109
2/23/24 9:00,0.6821185,0.8207629
2/23/24 10:00,0.8577546,1.021227
2/23/24 11:00,0.8876784,1.050412
2/23/24 12:00,0.9346489,1.108142
2/23/24 13:00,0.739309,0.8747708
2/23/24 14:00,0.5652298,0.66803
2/23/24 15:00,0.4258409,0.5250946
2/23/24 16:00,0.1748152,0.2096918
2/23/24 17:00,0.01792688,0.02658425
2/23/24 18:00,0,0
2/23/24 19:00,0,0
2/23/24 20:00,0,0
2/23/24 21:00,0,0
2/23/24 22:00,0,0
2/23/24 23:00,0,0
2/24/24 0:00,0,0
2/24/24 1:00,0,0
2/24/24 2:00,0,0
2/24/24 3:00,0,0
2/24/24 4:00,0,0
2/24/24 5:00,0,0
2/24/24 6:00,0.05531663,0.09032439
2/24/24 7:00,0.2757784,0.3582793
2/24/24 8:00,0.5770099,0.7150438
2/24/24 9:00,0.6969281,0.8366485
2/24/24 10:00,0.8535819,1.013003
2/24/24 11:00,0.8148572,0.9543634
2/24/24 12:00,0.8656816,1.021191
2/24/24 13:00,0.7994269,0.9496582
2/24/24 14:00,0.7231736,0.8745525
2/24/24 15:00,0.5411289,0.6784107
2/24/24 16:00,0.2933509,0.4069738
2/24/24 17:00,0.0372315,0.1697427
2/24/24 18:00,0,0
2/24/24 19:00,0,0
2/24/24 20:00,0,0
2/24/24 21:00,0,0
2/24/24 22:00,0,0
2/24/24 23:00,0,0
2/25/24 0:00,0,0
2/25/24 1:00,0,0
2/25/24 2:00,0,0
2/25/24 3:00,0,0
2/25/24 4:00,0,0
2/25/24 5:00,0,0
2/25/24 6:00,0.07283868,0.141366
2/25/24 7:00,0.2804835,0.362269
2/25/24 8:00,0.5564955,0.6856012
2/25/24 9:00,0.7329462,0.8782153
2/25/24 10:00,0.8442099,0.9985763
2/25/24 11:00,0.8708165,1.023335
2/25/24 12:00,0.9539421,1.124926
2/25/24 13:00,0.8026121,0.9505342
2/25/24 14:00,0.6357934,0.7609414
2/25/24 15:00,0.5014684,0.6242061
2/25/24 16:00,0.235983,0.3160114
2/25/24 17:00,0.03340823,0.1298767
2/25/24 18:00,0,0
2/25/24 19:00,0,0
2/25/24 20:00,0,0
2/25/24 21:00,0,0
2/25/24 22:00,0,0
2/25/24 23:00,0,0
2/26/24 0:00,0,0
2/26/24 1:00,0,0
2/26/24 2:00,0,0
2/26/24 3:00,0,0
2/26/24 4:00,0,0
2/26/24 5:00,0,0
2/26/24 6:00,0.05787457,0.0876967
2/26/24 7:00,0.2435105,0.2956198
2/26/24 8:00,0.3511753,0.3857825
2/26/24 9:00,0.630693,0.7417086
2/26/24 10:00,0.5655428,0.6155139
2/26/24 11:00,0.6880897,0.773333
2/26/24 12:00,0.6156042,0.6732093
2/26/24 13:00,0.528429,0.5694296
2/26/24 14:00,0.4439518,0.4830266
2/26/24 15:00,0.2765627,0.291965
2/26/24 16:00,0.1305055,0.1359948
2/26/24 17:00,0.01277678,0.01354558
2/26/24 18:00,0,0
2/26/24 19:00,0,0
2/26/24 20:00,0,0
2/26/24 21:00,0,0
2/26/24 22:00,0,0
2/26/24 23:00,0,0
2/27/24 0:00,0,0
2/27/24 1:00,0,0
2/27/24 2:00,0,0
2/27/24 3:00,0,0
2/27/24 4:00,0,0
2/27/24 5:00,0,0
2/27/24 6:00,0.08391827,0.1569263
2/27/24 7:00,0.2952603,0.3783783
2/27/24 8:00,0.5485905,0.668993
2/27/24 9:00,0.7782764,0.926891
2/27/24 10:00,0.8472515,0.9959913
2/27/24 11:00,0.9462632,1.108329
2/27/24 12:00,0.9501028,1.113771
2/27/24 13:00,0.8689292,1.024622
2/27/24 14:00,0.6256016,0.7410635
2/27/24 15:00,0.4994732,0.6152319
2/27/24 16:00,0.2415647,0.3183939
2/27/24 17:00,0.04403574,0.1676656
2/27/24 18:00,0,0
2/27/24 19:00,0,0
2/27/24 20:00,0,0
2/27/24 21:00,0,0
2/27/24 22:00,0,0
2/27/24 23:00,0,0
2/28/24 0:00,0,0
2/28/24 1:00,0,0
2/28/24 2:00,0,0
2/28/24 3:00,0,0
2/28/24 4:00,0,0
2/28/24 5:00,0,0
2/28/24 6:00,0.09432371,0.1728894
2/28/24 7:00,0.2853309,0.3587763
2/28/24 8:00,0.585116,0.7111289
2/28/24 9:00,0.750169,0.889429
2/28/24 10:00,0.7975636,0.9309189
2/28/24 11:00,0.9313269,1.087329
2/28/24 12:00,0.9275495,1.083646
2/28/24 13:00,0.8544162,1.003975
2/28/24 14:00,0.6769331,0.8048459
2/28/24 15:00,0.4729548,0.5769376
2/28/24 16:00,0.2766252,0.3687798
2/28/24 17:00,0.04002901,0.1293387
2/28/24 18:00,0,0
2/28/24 19:00,0,0
2/28/24 20:00,0,0
2/28/24 21:00,0,0
2/28/24 22:00,0,0
2/28/24 23:00,0,0
2/29/24 0:00,0,0
2/29/24 1:00,0,0
2/29/24 2:00,0,0
2/29/24 3:00,0,0
2/29/24 4:00,0,0
2/29/24 5:00,0,0
2/29/24 6:00,0.06883468,0.1033185
2/29/24 7:00,0.263956,0.3202401
2/29/24 8:00,0.4627524,0.5443715
2/29/24 9:00,0.7563997,0.8936743
2/29/24 10:00,0.9279169,1.085971
2/29/24 11:00,0.9709687,1.131224
2/29/24 12:00,0.902671,1.050947
2/29/24 13:00,0.6982039,0.8010587
2/29/24 14:00,0.6278173,0.7379532
2/29/24 15:00,0.4708104,0.570833
2/29/24 16:00,0.2753277,0.3634698
2/29/24 17:00,0.04815869,0.1556516
2/29/24 18:00,0,0
2/29/24 19:00,0,0
2/29/24 20:00,0,0
2/29/24 21:00,0,0
2/29/24 22:00,0,0
2/29/24 23:00,0,0
3/1/24 0:00,0,0
3/1/24 1:00,0,0
3/1/24 2:00,0,0
3/1/24 3:00,0,0
3/1/24 4:00,0,0
3/1/24 5:00,0,0
3/1/24 6:00,0.02925516,0.02905108
3/1/24 7:00,0.1901725,0.2026201
3/1/24 8:00,0.2132231,0.2106565
3/1/24 9:00,0.1832417,0.1788711
3/1/24 10:00,0.3004811,0.2949185
3/1/24 11:00,0.1918163,0.1870144
3/1/24 12:00,0.3560593,0.3514711
3/1/24 13:00,0.1929101,0.1881967
3/1/24 14:00,0.1592839,0.1554273
3/1/24 15:00,0.09514945,0.09280494
3/1/24 16:00,0.03379364,0.03293665
3/1/24 17:00,0.01632846,0.01712922
3/1/24 18:00,0,0
3/1/24 19:00,0,0
3/1/24 20:00,0,0
3/1/24 21:00,0,0
3/1/24 22:00,0,0
3/1/24 23:00,0,0
3/2/24 0:00,0,0
3/2/24 1:00,0,0
3/2/24 2:00,0,0
3/2/24 3:00,0,0
3/2/24 4:00,0,0
3/2/24 5:00,0,0
3/2/24 6:00,0.02208859,0.02175
3/2/24 7:00,0.03211816,0.03126389
3/2/24 8:00,0.007472269,0.007256517
3/2/24 9:00,0.1169992,0.1139671
3/2/24 10:00,0.1655507,0.1613505
3/2/24 11:00,0.1315439,0.12807
3/2/24 12:00,0.1810262,0.1764466
3/2/24 13:00,0.2932042,0.2877757
3/2/24 14:00,0.1625708,0.1586344
3/2/24 15:00,0.2211235,0.2211998
3/2/24 16:00,0.07349237,0.07196309
3/2/24 17:00,0.02913231,0.04603306
3/2/24 18:00,0,0
3/2/24 19:00,0,0
3/2/24 20:00,0,0
3/2/24 21:00,0,0
3/2/24 22:00,0,0
3/2/24 23:00,0,0
3/3/24 0:00,0,0
3/3/24 1:00,0,0
3/3/24 2:00,0,0
3/3/24 3:00,0,0
3/3/24 4:00,0,0
3/3/24 5:00,0,0
3/3/24 6:00,0.008176764,0.007973837
3/3/24 7:00,0.09642653,0.09436555
3/3/24 8:00,0.3165445,0.3297355
3/3/24 9:00,0.4729326,0.5046575
3/3/24 10:00,0.3309191,0.3260582
3/3/24 11:00,0.3995394,0.3972016
3/3/24 12:00,0.2100542,0.2048597
3/3/24 13:00,0.3542589,0.3516444
3/3/24 14:00,0.477276,0.5196322
3/3/24 15:00,0.4178897,0.4867481
3/3/24 16:00,0.1153964,0.1153701
3/3/24 17:00,0.02025757,0.02207061
3/3/24 18:00,0,0
3/3/24 19:00,0,0
3/3/24 20:00,0,0
3/3/24 21:00,0,0
3/3/24 22:00,0,0
3/3/24 23:00,0,0
3/4/24 0:00,0,0
3/4/24 1:00,0,0
3/4/24 2:00,0,0
3/4/24 3:00,0,0
3/4/24 4:00,0,0
3/4/24 5:00,0,0
3/4/24 6:00,0.02374842,0.02334516
3/4/24 7:00,0.1166239,0.1145676
3/4/24 8:00,0.3607413,0.386983
3/4/24 9:00,0.5382359,0.5921335
3/4/24 10:00,0.4622917,0.4723693
3/4/24 11:00,0.6075267,0.6480495
3/4/24 12:00,0.2791344,0.2727836
3/4/24 13:00,0.4784648,0.4953426
3/4/24 14:00,0.3800698,0.3907478
3/4/24 15:00,0.2314144,0.2321641
3/4/24 16:00,0.1811652,0.2015345
3/4/24 17:00,0.02834028,0.03810615
3/4/24 18:00,0,0
3/4/24 19:00,0,0
3/4/24 20:00,0,0
3/4/24 21:00,0,0
3/4/24 22:00,0,0
3/4/24 23:00,0,0
3/5/24 0:00,0,0
3/5/24 1:00,0,0
3/5/24 2:00,0,0
3/5/24 3:00,0,0
3/5/24 4:00,0,0
3/5/24 5:00,0,0
3/5/24 6:00,0.07735738,0.1007415
3/5/24 7:00,0.1805177,0.1858375
3/5/24 8:00,0.2938159,0.2997761
3/5/24 9:00,0.6906558,0.7963279
3/5/24 10:00,0.9467502,1.091138
3/5/24 11:00,0.9809039,1.12644
3/5/24 12:00,0.8661862,0.9909394
3/5/24 13:00,0.9340538,1.078665
3/5/24 14:00,0.7575399,0.8829604
3/5/24 15:00,0.5072039,0.6027162
3/5/24 16:00,0.2977719,0.3766478
3/5/24 17:00,0.04574101,0.09691073
3/5/24 18:00,0,0
3/5/24 19:00,0,0
3/5/24 20:00,0,0
3/5/24 21:00,0,0
3/5/24 22:00,0,0
3/5/24 23:00,0,0
3/6/24 0:00,0,0
3/6/24 1:00,0,0
3/6/24 2:00,0,0
3/6/24 3:00,0,0
3/6/24 4:00,0,0
3/6/24 5:00,0,0
3/6/24 6:00,0.08361288,0.1099336
3/6/24 7:00,0.1897445,0.1965871
3/6/24 8:00,0.3822591,0.412974
3/6/24 9:00,0.574547,0.6375829
3/6/24 10:00,0.9338189,1.072592
3/6/24 11:00,0.9356036,1.070434
3/6/24 12:00,0.9721993,1.113742
3/6/24 13:00,0.9569693,1.102115
3/6/24 14:00,0.7978643,0.9274058
3/6/24 15:00,0.4574706,0.5342849
3/6/24 16:00,0.2476973,0.30235
3/6/24 17:00,0.03187798,0.04336689
3/6/24 18:00,0,0
3/6/24 19:00,0,0
3/6/24 20:00,0,0
3/6/24 21:00,0,0
3/6/24 22:00,0,0
3/6/24 23:00,0,0
3/7/24 0:00,0,0
3/7/24 1:00,0,0
3/7/24 2:00,0,0
3/7/24 3:00,0,0
3/7/24 4:00,0,0
3/7/24 5:00,0,0
3/7/24 6:00,0.1089148,0.1561015
3/7/24 7:00,0.2909325,0.3396137
3/7/24 8:00,0.6065438,0.7095724
3/7/24 9:00,0.8144165,0.9391706
3/7/24 10:00,0.910337,1.041892
3/7/24 11:00,1.026553,1.172953
3/7/24 12:00,1.042899,1.192743
3/7/24 13:00,0.9465306,1.086385
3/7/24 14:00,0.7340023,0.8485965
3/7/24 15:00,0.5363565,0.63199
3/7/24 16:00,0.2902634,0.3602478
3/7/24 17:00,0.04341922,0.07630759
3/7/24 18:00,0,0
3/7/24 19:00,0,0
3/7/24 20:00,0,0
3/7/24 21:00,0,0
3/7/24 22:00,0,0
3/7/24 23:00,0,0
3/8/24 0:00,0,0
3/8/24 1:00,0,0
3/8/24 2:00,0,0
3/8/24 3:00,0,0
3/8/24 4:00,0,0
3/8/24 5:00,0,0
3/8/24 6:00,0.1067571,0.1471214
3/8/24 7:00,0.3323624,0.3961068
3/8/24 8:00,0.5006026,0.5724071
3/8/24 9:00,0.6054088,0.6744834
3/8/24 10:00,0.9024892,1.029553
3/8/24 11:00,0.9878528,1.124689
3/8/24 12:00,1.031565,1.176074
3/8/24 13:00,0.7740399,0.8779985
3/8/24 14:00,0.6683955,0.7664064
3/8/24 15:00,0.4907517,0.5724797
3/8/24 16:00,0.2743637,0.3353824
3/8/24 17:00,0.04962971,0.09108054
3/8/24 18:00,0,0
3/8/24 19:00,0,0
3/8/24 20:00,0,0
3/8/24 21:00,0,0
3/8/24 22:00,0,0
3/8/24 23:00,0,0
3/9/24 0:00,0,0
3/9/24 1:00,0,0
3/9/24 2:00,0,0
3/9/24 3:00,0,0
3/9/24 4:00,0,0
3/9/24 5:00,1.40324E-05,0
3/9/24 6:00,0.09428725,0.1189102
3/9/24 7:00,0.3735592,0.4466186
3/9/24 8:00,0.6215863,0.7206213
3/9/24 9:00,0.7151206,0.8145216
3/9/24 10:00,0.8282497,0.9381301
3/9/24 11:00,0.9489292,1.076563
3/9/24 12:00,0.9738065,1.105873
3/9/24 13:00,0.8668904,0.9871735
3/9/24 14:00,0.750643,0.8616922
3/9/24 15:00,0.4813576,0.5573362
3/9/24 16:00,0.2377664,0.2788255
3/9/24 17:00,0.04733228,0.07895678
3/9/24 18:00,0,0
3/9/24 19:00,0,0
3/9/24 20:00,0,0
3/9/24 21:00,0,0
3/9/24 22:00,0,0
3/9/24 23:00,0,0
3/10/24 0:00,0,0
3/10/24 1:00,0,0
3/10/24 2:00,0,0
3/10/24 3:00,0,0
3/10/24 4:00,0,0
3/10/24 5:00,4.16551E-05,0
3/10/24 6:00,0.07830556,0.08772442
3/10/24 7:00,0.3082352,0.3553856
3/10/24 8:00,0.5490215,0.6295418
3/10/24 9:00,0.7249449,0.8234988
3/10/24 10:00,0.6602962,0.7179633
3/10/24 11:00,0.6939656,0.7515398
3/10/24 12:00,0.8218684,0.9205089
3/10/24 13:00,0.8350313,0.9467703
3/10/24 14:00,0.7654431,0.8756927
3/10/24 15:00,0.5190951,0.6018089
3/10/24 16:00,0.3082895,0.3733566
3/10/24 17:00,0.05700304,0.09990766
3/10/24 18:00,0,0
3/10/24 19:00,0,0
3/10/24 20:00,0,0
3/10/24 21:00,0,0
3/10/24 22:00,0,0
3/10/24 23:00,0,0
3/11/24 0:00,0,0
3/11/24 1:00,0,0
3/11/24 2:00,0,0
3/11/24 3:00,0,0
3/11/24 4:00,0,0
3/11/24 5:00,0.000150114,0
3/11/24 6:00,0.117824,0.1527068
3/11/24 7:00,0.3621996,0.4253844
3/11/24 8:00,0.6061026,0.6958086
3/11/24 9:00,0.7921296,0.8999207
3/11/24 10:00,0.9374406,1.060207
3/11/24 11:00,1.021807,1.153912
3/11/24 12:00,0.9391229,1.05969
3/11/24 13:00,0.8775351,0.9931977
3/11/24 14:00,0.7761871,0.8848735
3/11/24 15:00,0.4425575,0.5002744
3/11/24 16:00,0.2477584,0.2884515
3/11/24 17:00,0.05781905,0.09661239
3/11/24 18:00,0,0
3/11/24 19:00,0,0
3/11/24 20:00,0,0
3/11/24 21:00,0,0
3/11/24 22:00,0,0
3/11/24 23:00,0,0
3/12/24 0:00,0,0
3/12/24 1:00,0,0
3/12/24 2:00,0,0
3/12/24 3:00,0,0
3/12/24 4:00,0,0
3/12/24 5:00,0.000263489,0
3/12/24 6:00,0.1034105,0.1241646
3/12/24 7:00,0.3096083,0.3512084
3/12/24 8:00,0.5508737,0.6254989
3/12/24 9:00,0.7895065,0.8937084
3/12/24 10:00,0.9528304,1.074576
3/12/24 11:00,1.048761,1.181429
3/12/24 12:00,0.9980748,1.124021
3/12/24 13:00,0.95454,1.078436
3/12/24 14:00,0.6201415,0.6935525
3/12/24 15:00,0.4983362,0.5701111
3/12/24 16:00,0.3104898,0.3695801
3/12/24 17:00,0.05174062,0.07773567
3/12/24 18:00,0,0
3/12/24 19:00,0,0
3/12/24 20:00,0,0
3/12/24 21:00,0,0
3/12/24 22:00,0,0
3/12/24 23:00,0,0
3/13/24 0:00,0,0
3/13/24 1:00,0,0
3/13/24 2:00,0,0
3/13/24 3:00,0,0
3/13/24 4:00,0,0
3/13/24 5:00,0.000392765,0
3/13/24 6:00,0.02626491,0.02563898
3/13/24 7:00,0.1063054,0.1037882
3/13/24 8:00,0.2128347,0.2086034
3/13/24 9:00,0.6169367,0.6767851
3/13/24 10:00,0.6178159,0.6564426
3/13/24 11:00,0.879096,0.9813409
3/13/24 12:00,0.8527991,0.9505936
3/13/24 13:00,0.8790843,0.9887561
3/13/24 14:00,0.6862103,0.7734371
3/13/24 15:00,0.479603,0.5435355
3/13/24 16:00,0.2427484,0.2762491
3/13/24 17:00,0.04413811,0.05692618
3/13/24 18:00,0,0
3/13/24 19:00,0,0
3/13/24 20:00,0,0
3/13/24 21:00,0,0
3/13/24 22:00,0,0
3/13/24 23:00,0,0
3/14/24 0:00,0,0
3/14/24 1:00,0,0
3/14/24 2:00,0,0
3/14/24 3:00,0,0
3/14/24 4:00,0,0
3/14/24 5:00,0.000779354,0
3/14/24 6:00,0.06478696,0.06516509
3/14/24 7:00,0.320245,0.3599559
3/14/24 8:00,0.4080799,0.4330181
3/14/24 9:00,0.4079328,0.4120883
3/14/24 10:00,0.5672299,0.5908126
3/14/24 11:00,0.5626501,0.5784542
3/14/24 12:00,0.5110493,0.5184227
3/14/24 13:00,0.7080659,0.7774316
3/14/24 14:00,0.5908595,0.6505663
3/14/24 15:00,0.2579797,0.2586114
3/14/24 16:00,0.1390911,0.139074
3/14/24 17:00,0.03936179,0.04567021
3/14/24 18:00,0,0
3/14/24 19:00,0,0
3/14/24 20:00,0,0
3/14/24 21:00,0,0
3/14/24 22:00,0,0
3/14/24 23:00,0,0
3/15/24 0:00,0,0
3/15/24 1:00,0,0
3/15/24 2:00,0,0
3/15/24 3:00,0,0
3/15/24 4:00,0,0
3/15/24 5:00,0.000492771,0
3/15/24 6:00,0.01127545,0.01096736
3/15/24 7:00,0.02281118,0.02217034
3/15/24 8:00,0.09108655,0.0886562
3/15/24 9:00,0.02960828,0.02876371
3/15/24 10:00,0.07539971,0.07330213
3/15/24 11:00,0.178946,0.1742523
3/15/24 12:00,0.2071755,0.2018497
3/15/24 13:00,0.2164159,0.2109699
3/15/24 14:00,0.01327737,0.01289425
3/15/24 15:00,0.05654386,0.05499687
3/15/24 16:00,0.05294696,0.05157847
3/15/24 17:00,0.00943746,0.00921656
3/15/24 18:00,0,0
3/15/24 19:00,0,0
3/15/24 20:00,0,0
3/15/24 21:00,0,0
3/15/24 22:00,0,0
3/15/24 23:00,0,0
3/16/24 0:00,0,0
3/16/24 1:00,0,0
3/16/24 2:00,0,0
3/16/24 3:00,0,0
3/16/24 4:00,0,0
3/16/24 5:00,0.001624682,0
3/16/24 6:00,0.1122739,0.126118
3/16/24 7:00,0.3406783,0.381239
3/16/24 8:00,0.4482193,0.4813105
3/16/24 9:00,0.5962428,0.6427559
3/16/24 10:00,0.6274709,0.6635864
3/16/24 11:00,0.7778776,0.8467973
3/16/24 12:00,0.7874226,0.8608494
3/16/24 13:00,0.3335346,0.3275864
3/16/24 14:00,0.4169195,0.4262209
3/16/24 15:00,0.4698539,0.5229577
3/16/24 16:00,0.1441629,0.1441264
3/16/24 17:00,0.03187687,0.0328153
3/16/24 18:00,0,0
3/16/24 19:00,0,0
3/16/24 20:00,0,0
3/16/24 21:00,0,0
3/16/24 22:00,0,0
3/16/24 23:00,0,0
3/17/24 0:00,0,0
3/17/24 1:00,0,0
3/17/24 2:00,0,0
3/17/24 3:00,0,0
3/17/24 4:00,0,0
3/17/24 5:00,0.002335573,0
3/17/24 6:00,0.07553779,0.07604716
3/17/24 7:00,0.2264456,0.2315394
3/17/24 8:00,0.4506596,0.482375
3/17/24 9:00,0.5989123,0.6439719
3/17/24 10:00,0.5023822,0.5097333
3/17/24 11:00,0.5906217,0.6091873
3/17/24 12:00,0.3487953,0.3418537
3/17/24 13:00,0.3622531,0.3572007
3/17/24 14:00,0.3211234,0.3179186
3/17/24 15:00,0.3438194,0.3586456
3/17/24 16:00,0.2610271,0.29166
3/17/24 17:00,0.05326508,0.06497533
3/17/24 18:00,0,0
3/17/24 19:00,0,0
3/17/24 20:00,0,0
3/17/24 21:00,0,0
3/17/24 22:00,0,0
3/17/24 23:00,0,0
3/18/24 0:00,0,0
3/18/24 1:00,0,0
3/18/24 2:00,0,0
3/18/24 3:00,0,0
3/18/24 4:00,0,0
3/18/24 5:00,0.002225033,0
3/18/24 6:00,0.1001552,0.1052798
3/18/24 7:00,0.372581,0.4156139
3/18/24 8:00,0.5351,0.5877295
3/18/24 9:00,0.5822086,0.6205785
3/18/24 10:00,0.9520752,1.054268
3/18/24 11:00,0.9135493,1.0078
3/18/24 12:00,0.975693,1.079612
3/18/24 13:00,0.6911292,0.7465944
3/18/24 14:00,0.5642288,0.6074891
3/18/24 15:00,0.4457723,0.4873687
3/18/24 16:00,0.2411086,0.2630581
3/18/24 17:00,0.07742872,0.09871765
3/18/24 18:00,0,0
3/18/24 19:00,0,0
3/18/24 20:00,0,0
3/18/24 21:00,0,0
3/18/24 22:00,0,0
3/18/24 23:00,0,0
3/19/24 0:00,0,0
3/19/24 1:00,0,0
3/19/24 2:00,0,0
3/19/24 3:00,0,0
3/19/24 4:00,0,0
3/19/24 5:00,0.002713089,0
3/19/24 6:00,0.09411018,0.09651815
3/19/24 7:00,0.2059359,0.2064008
3/19/24 8:00,0.5066246,0.5492839
3/19/24 9:00,0.524061,0.545981
3/19/24 10:00,0.8204675,0.8990468
3/19/24 11:00,0.5927558,0.6096148
3/19/24 12:00,0.8810915,0.9677048
3/19/24 13:00,0.6714798,0.7196818
3/19/24 14:00,0.4793604,0.4990169
3/19/24 15:00,0.4747716,0.5213326
3/19/24 16:00,0.2705469,0.299037
3/19/24 17:00,0.07235318,0.08844428
3/19/24 18:00,0,0
3/19/24 19:00,0,0
3/19/24 20:00,0,0
3/19/24 21:00,0,0
3/19/24 22:00,0,0
3/19/24 23:00,0,0
3/20/24 0:00,0,0
3/20/24 1:00,0,0
3/20/24 2:00,0,0
3/20/24 3:00,0,0
3/20/24 4:00,0,0
3/20/24 5:00,0.003086035,0
3/20/24 6:00,0.1537643,0.1716204
3/20/24 7:00,0.3905082,0.4311736
3/20/24 8:00,0.6224912,0.6863436
3/20/24 9:00,0.8581064,0.9457347
3/20/24 10:00,1.036967,1.142776
3/20/24 11:00,0.9405522,1.033285
3/20/24 12:00,0.9107344,0.9996698
3/20/24 13:00,0.7764629,0.847532
3/20/24 14:00,0.6277542,0.6827229
3/20/24 15:00,0.4570138,0.496841
3/20/24 16:00,0.2679358,0.2932893
3/20/24 17:00,0.07330562,0.08625139
3/20/24 18:00,0,0
3/20/24 19:00,0,0
3/20/24 20:00,0,0
3/20/24 21:00,0,0
3/20/24 22:00,0,0
3/20/24 23:00,0,0
3/21/24 0:00,0,0
3/21/24 1:00,0,0
3/21/24 2:00,0,0
3/21/24 3:00,0,0
3/21/24 4:00,0,0
3/21/24 5:00,0.002395699,0
3/21/24 6:00,0.0318484,0.03100624
3/21/24 7:00,0.1552547,0.1521034
3/21/24 8:00,0.4355149,0.4558335
3/21/24 9:00,0.5499113,0.5748027
3/21/24 10:00,0.7435588,0.7996022
3/21/24 11:00,0.8390907,0.9103379
3/21/24 12:00,0.9703747,1.064568
3/21/24 13:00,0.9075454,0.9961239
3/21/24 14:00,0.4772899,0.4941302
3/21/24 15:00,0.3967032,0.419342
3/21/24 16:00,0.2251523,0.2372737
3/21/24 17:00,0.04415901,0.04542365
3/21/24 18:00,0,0
3/21/24 19:00,0,0
3/21/24 20:00,0,0
3/21/24 21:00,0,0
3/21/24 22:00,0,0
3/21/24 23:00,0,0
3/22/24 0:00,0,0
3/22/24 1:00,0,0
3/22/24 2:00,0,0
3/22/24 3:00,0,0
3/22/24 4:00,0,0
3/22/24 5:00,0.006253446,0
3/22/24 6:00,0.1563506,0.1690503
3/22/24 7:00,0.3391551,0.3631525
3/22/24 8:00,0.5593677,0.6063996
3/22/24 9:00,0.4663303,0.4735326
3/22/24 10:00,0.452649,0.4509525
3/22/24 11:00,0.7028782,0.7400748
3/22/24 12:00,0.7969702,0.8581821
3/22/24 13:00,0.7667391,0.8306295
3/22/24 14:00,0.6889048,0.7508897
3/22/24 15:00,0.4988031,0.5425705
3/22/24 16:00,0.2289139,0.2404285
3/22/24 17:00,0.04166243,0.04186468
3/22/24 18:00,0,0
3/22/24 19:00,0,0
3/22/24 20:00,0,0
3/22/24 21:00,0,0
3/22/24 22:00,0,0
3/22/24 23:00,0,0
3/23/24 0:00,0,0
3/23/24 1:00,0,0
3/23/24 2:00,0,0
3/23/24 3:00,0,0
3/23/24 4:00,0,0
3/23/24 5:00,0.005991672,0
3/23/24 6:00,0.09868401,0.09869128
3/23/24 7:00,0.3632585,0.3900397
3/23/24 8:00,0.4423967,0.4609959
3/23/24 9:00,0.6169711,0.6538761
3/23/24 10:00,0.8237125,0.8919482
3/23/24 11:00,0.897909,0.9751809
3/23/24 12:00,0.9677022,1.05561
3/23/24 13:00,0.9202927,1.004103
3/23/24 14:00,0.804636,0.8778352
3/23/24 15:00,0.5827758,0.6347874
3/23/24 16:00,0.2775606,0.2979041
3/23/24 17:00,0.05487693,0.05605937
3/23/24 18:00,0,0
3/23/24 19:00,0,0
3/23/24 20:00,0,0
3/23/24 21:00,0,0
3/23/24 22:00,0,0
3/23/24 23:00,0,0
3/24/24 0:00,0,0
3/24/24 1:00,0,0
3/24/24 2:00,0,0
3/24/24 3:00,0,0
3/24/24 4:00,0,0
3/24/24 5:00,0.006726807,0
3/24/24 6:00,0.171949,0.1819627
3/24/24 7:00,0.4240557,0.4578423
3/24/24 8:00,0.5917508,0.6391385
3/24/24 9:00,0.7970765,0.8655422
3/24/24 10:00,0.9693261,1.054715
3/24/24 11:00,1.056945,1.150868
3/24/24 12:00,0.9846627,1.071361
3/24/24 13:00,0.9421948,1.025153
3/24/24 14:00,0.7532529,0.8181502
3/24/24 15:00,0.5569162,0.6033367
3/24/24 16:00,0.2114561,0.2168197
3/24/24 17:00,0.05276318,0.05254571
3/24/24 18:00,0,0
3/24/24 19:00,0,0
3/24/24 20:00,0,0
3/24/24 21:00,0,0
3/24/24 22:00,0,0
3/24/24 23:00,0,0
3/25/24 0:00,0,0
3/25/24 1:00,0,0
3/25/24 2:00,0,0
3/25/24 3:00,0,0
3/25/24 4:00,0,0
3/25/24 5:00,0.006982692,0
3/25/24 6:00,0.1460177,0.1500629
3/25/24 7:00,0.3814104,0.4063366
3/25/24 8:00,0.522983,0.5550003
3/25/24 9:00,0.7333237,0.7894658
3/25/24 10:00,0.9411174,1.020712
3/25/24 11:00,0.9253694,1.00144
3/25/24 12:00,0.6528528,0.6763543
3/25/24 13:00,0.8552613,0.9259278
3/25/24 14:00,0.7035019,0.7594742
3/25/24 15:00,0.5355254,0.5766596
3/25/24 16:00,0.2656876,0.2793644
3/25/24 17:00,0.04103142,0.03999613
3/25/24 18:00,0,0
3/25/24 19:00,0,0
3/25/24 20:00,0,0
3/25/24 21:00,0,0
3/25/24 22:00,0,0
3/25/24 23:00,0,0
3/26/24 0:00,0,0
3/26/24 1:00,0,0
3/26/24 2:00,0,0
3/26/24 3:00,0,0
3/26/24 4:00,0,0
3/26/24 5:00,0.007621763,0
3/26/24 6:00,0.1759446,0.1813832
3/26/24 7:00,0.3501449,0.3672584
3/26/24 8:00,0.6585903,0.708702
3/26/24 9:00,0.8641849,0.933539
3/26/24 10:00,0.7561831,0.8035861
3/26/24 11:00,0.785798,0.8338625
3/26/24 12:00,0.7047348,0.7374778
3/26/24 13:00,0.7081046,0.7506333
3/26/24 14:00,0.7196794,0.7750108
3/26/24 15:00,0.5782532,0.6206512
3/26/24 16:00,0.2560391,0.2661427
3/26/24 17:00,0.05379138,0.05168357
3/26/24 18:00,0,0
3/26/24 19:00,0,0
3/26/24 20:00,0,0
3/26/24 21:00,0,0
3/26/24 22:00,0,0
3/26/24 23:00,0,0
3/27/24 0:00,0,0
3/27/24 1:00,0,0
3/27/24 2:00,0,0
3/27/24 3:00,0,0
3/27/24 4:00,0,0
3/27/24 5:00,0.005618346,0
3/27/24 6:00,0.1385625,0.1388205
3/27/24 7:00,0.381967,0.4019386
3/27/24 8:00,0.6270204,0.6709267
3/27/24 9:00,0.8891962,0.9577292
3/27/24 10:00,0.8831927,0.9501256
3/27/24 11:00,0.8404458,0.8970524
3/27/24 12:00,0.5953993,0.6063079
3/27/24 13:00,0.8052395,0.8632796
3/27/24 14:00,0.7693844,0.8268635
3/27/24 15:00,0.4904147,0.5200646
3/27/24 16:00,0.2282797,0.2326884
3/27/24 17:00,0.04591657,0.04394177
3/27/24 18:00,0,0
3/27/24 19:00,0,0
3/27/24 20:00,0,0
3/27/24 21:00,0,0
3/27/24 22:00,0,0
3/27/24 23:00,0,0
3/28/24 0:00,0,0
3/28/24 1:00,0,0
3/28/24 2:00,0,0
3/28/24 3:00,0,0
3/28/24 4:00,0,0
3/28/24 5:00,0.009785205,0
3/28/24 6:00,0.1329718,0.1318412
3/28/24 7:00,0.3744933,0.3910263
3/28/24 8:00,0.4589703,0.4729742
3/28/24 9:00,0.732938,0.7811363
3/28/24 10:00,0.6794052,0.7073699
3/28/24 11:00,1.036372,1.115909
3/28/24 12:00,1.046217,1.126524
3/28/24 13:00,0.9451466,1.015975
3/28/24 14:00,0.756617,0.8101003
3/28/24 15:00,0.4335326,0.4517628
3/28/24 16:00,0.2823319,0.2918932
3/28/24 17:00,0.0601305,0.05523837
3/28/24 18:00,0,0
3/28/24 19:00,0,0
3/28/24 20:00,0,0
3/28/24 21:00,0,0
3/28/24 22:00,0,0
3/28/24 23:00,0,0
3/29/24 0:00,0,0
3/29/24 1:00,0,0
3/29/24 2:00,0,0
3/29/24 3:00,0,0
3/29/24 4:00,0,0
3/29/24 5:00,0.007007593,0
3/29/24 6:00,0.1006981,0.09840599
3/29/24 7:00,0.2994102,0.3035504
3/29/24 8:00,0.4430929,0.4530931
3/29/24 9:00,0.4501536,0.4502859
3/29/24 10:00,0.7978387,0.8462515
3/29/24 11:00,0.7670912,0.8053561
3/29/24 12:00,0.898587,0.9607673
3/29/24 13:00,0.9045502,0.9689904
3/29/24 14:00,0.6453078,0.6822973
3/29/24 15:00,0.5074584,0.5344888
3/29/24 16:00,0.2894334,0.2974424
3/29/24 17:00,0.06104158,0.05495914
3/29/24 18:00,0,0
3/29/24 19:00,0,0
3/29/24 20:00,0,0
3/29/24 21:00,0,0
3/29/24 22:00,0,0
3/29/24 23:00,0,0
3/30/24 0:00,0,0
3/30/24 1:00,0,0
3/30/24 2:00,0,0
3/30/24 3:00,0,0
3/30/24 4:00,0,0
3/30/24 5:00,0.01225512,0
3/30/24 6:00,0.02624511,0.02549644
3/30/24 7:00,0.03316383,0.03222168
3/30/24 8:00,0.06265432,0.06089412
3/30/24 9:00,0.0948263,0.09218782
3/30/24 10:00,0.3163907,0.308743
3/30/24 11:00,0.112996,0.1098566
3/30/24 12:00,0.08116927,0.0788856
3/30/24 13:00,0.1056256,0.1026936
3/30/24 14:00,0.1025066,0.09967603
3/30/24 15:00,0.08370306,0.08139239
3/30/24 16:00,0.08200056,0.07976484
3/30/24 17:00,0.01821456,0.01764761
3/30/24 18:00,0,0
3/30/24 19:00,0,0
3/30/24 20:00,0,0
3/30/24 21:00,0,0
3/30/24 22:00,0,0
3/30/24 23:00,0,0
3/31/24 0:00,0,0
3/31/24 1:00,0,0
3/31/24 2:00,0,0
3/31/24 3:00,0,0
3/31/24 4:00,0,0
3/31/24 5:00,0.01281421,0
3/31/24 6:00,0.1738001,0.1695823
3/31/24 7:00,0.4302417,0.4454944
3/31/24 8:00,0.6549085,0.6905385
3/31/24 9:00,0.8984348,0.9554209
3/31/24 10:00,0.9642606,1.028433
3/31/24 11:00,1.028923,1.098922
3/31/24 12:00,1.026077,1.095565
3/31/24 13:00,0.69059,0.7202105
3/31/24 14:00,0.6598601,0.6943426
3/31/24 15:00,0.6040733,0.6331908
3/31/24 16:00,0.3232387,0.328328
3/31/24 17:00,0.05510983,0.04956582
3/31/24 18:00,0,0
3/31/24 19:00,0,0
3/31/24 20:00,0,0
3/31/24 21:00,0,0
3/31/24 22:00,0,0
3/31/24 23:00,0,0
4/1/24 0:00,0,0
4/1/24 1:00,0,0
4/1/24 2:00,0,0
4/1/24 3:00,0,0
4/1/24 4:00,0,0
4/1/24 5:00,0.01291373,0
4/1/24 6:00,0.1435909,0.1392974
4/1/24 7:00,0.2412253,0.2381761
4/1/24 8:00,0.4199956,0.4235013
4/1/24 9:00,0.6623416,0.689975
4/1/24 10:00,0.6724913,0.6930003
4/1/24 11:00,0.3185361,0.3105759
4/1/24 12:00,0.57893,0.5834584
4/1/24 13:00,0.4391117,0.4346841
4/1/24 14:00,0.3310193,0.3252999
4/1/24 15:00,0.3317775,0.3315377
4/1/24 16:00,0.2496046,0.2491508
4/1/24 17:00,0.07213499,0.0585719
4/1/24 18:00,0,0
4/1/24 19:00,0,0
4/1/24 20:00,0,0
4/1/24 21:00,0,0
4/1/24 22:00,0,0
4/1/24 23:00,0,0
4/2/24 0:00,0,0
4/2/24 1:00,0,0
4/2/24 2:00,0,0
4/2/24 3:00,0,0
4/2/24 4:00,0,0
4/2/24 5:00,0.009612888,0
4/2/24 6:00,0.15058,0.1452405
4/2/24 7:00,0.2258229,0.2219013
4/2/24 8:00,0.3223523,0.3177233
4/2/24 9:00,0.5261518,0.53187
4/2/24 10:00,0.6477076,0.6628852
4/2/24 11:00,0.487976,0.4830089
4/2/24 12:00,0.4302367,0.4231214
4/2/24 13:00,0.3580457,0.3506482
4/2/24 14:00,0.3848766,0.3812565
4/2/24 15:00,0.3939551,0.3990001
4/2/24 16:00,0.1960517,0.1927513
4/2/24 17:00,0.04653158,0.04304722
4/2/24 18:00,0,0
4/2/24 19:00,0,0
4/2/24 20:00,0,0
4/2/24 21:00,0,0
4/2/24 22:00,0,0
4/2/24 23:00,0,0
4/3/24 0:00,0,0
4/3/24 1:00,0,0
4/3/24 2:00,0,0
4/3/24 3:00,0,0
4/3/24 4:00,0,0
4/3/24 5:00,0.01937243,0
4/3/24 6:00,0.1018795,0.09876049
4/3/24 7:00,0.3112769,0.3108913
4/3/24 8:00,0.5836203,0.6046527
4/3/24 9:00,0.4477574,0.4450292
4/3/24 10:00,0.5309243,0.5305739
4/3/24 11:00,0.2889858,0.2814804
4/3/24 12:00,0.2460012,0.2394895
4/3/24 13:00,0.3999164,0.39326
4/3/24 14:00,0.2716335,0.2651207
4/3/24 15:00,0.3235751,0.321494
4/3/24 16:00,0.1829756,0.1790746
4/3/24 17:00,0.06808678,0.0548161
4/3/24 18:00,0,0
4/3/24 19:00,0,0
4/3/24 20:00,0,0
4/3/24 21:00,0,0
4/3/24 22:00,0,0
4/3/24 23:00,0,0
4/4/24 0:00,0,0
4/4/24 1:00,0,0
4/4/24 2:00,0,0
4/4/24 3:00,0,0
4/4/24 4:00,0,0
4/4/24 5:00,0.01487225,0
4/4/24 6:00,0.1340232,0.1288794
4/4/24 7:00,0.2722681,0.2689817
4/4/24 8:00,0.488126,0.4960497
4/4/24 9:00,0.4840595,0.4837009
4/4/24 10:00,0.5837743,0.5882314
4/4/24 11:00,0.8725595,0.9155683
4/4/24 12:00,0.8687051,0.9119794
4/4/24 13:00,0.9265974,0.9754022
4/4/24 14:00,0.581514,0.5972454
4/4/24 15:00,0.4353545,0.4417903
4/4/24 16:00,0.193516,0.1891288
4/4/24 17:00,0.06058043,0.05108892
4/4/24 18:00,0,0
4/4/24 19:00,0,0
4/4/24 20:00,0,0
4/4/24 21:00,0,0
4/4/24 22:00,0,0
4/4/24 23:00,0,0
4/5/24 0:00,0,0
4/5/24 1:00,0,0
4/5/24 2:00,0,0
4/5/24 3:00,0,0
4/5/24 4:00,0,0
4/5/24 5:00,0.01418331,0
4/5/24 6:00,0.1263575,0.1215549
4/5/24 7:00,0.266332,0.2623021
4/5/24 8:00,0.6075045,0.6263705
4/5/24 9:00,0.6950984,0.7194782
4/5/24 10:00,0.9511288,1.000404
4/5/24 11:00,0.8723306,0.9130381
4/5/24 12:00,0.5987576,0.6026021
4/5/24 13:00,0.5186066,0.5184185
4/5/24 14:00,0.3553156,0.3495183
4/5/24 15:00,0.2817813,0.2770297
4/5/24 16:00,0.1868336,0.1820783
4/5/24 17:00,0.03863576,0.03661312
4/5/24 18:00,0,0
4/5/24 19:00,0,0
4/5/24 20:00,0,0
4/5/24 21:00,0,0
4/5/24 22:00,0,0
4/5/24 23:00,0,0
4/6/24 0:00,0,0
4/6/24 1:00,0,0
4/6/24 2:00,0,0
4/6/24 3:00,0,0
4/6/24 4:00,0,0
4/6/24 5:00,0.01714154,0
4/6/24 6:00,0.05162242,0.05010224
4/6/24 7:00,0.235082,0.2301649
4/6/24 8:00,0.2065207,0.2010377
4/6/24 9:00,0.2609024,0.2541009
4/6/24 10:00,0.4885646,0.4836662
4/6/24 11:00,0.7536994,0.7757999
4/6/24 12:00,0.6613468,0.6718581
4/6/24 13:00,0.2232895,0.2173112
4/6/24 14:00,0.3805275,0.3753694
4/6/24 15:00,0.3209607,0.3171269
4/6/24 16:00,0.1233902,0.1199206
4/6/24 17:00,0.02956299,0.02844568
4/6/24 18:00,0,0
4/6/24 19:00,0,0
4/6/24 20:00,0,0
4/6/24 21:00,0,0
4/6/24 22:00,0,0
4/6/24 23:00,0,0
4/7/24 0:00,0,0
4/7/24 1:00,0,0
4/7/24 2:00,0,0
4/7/24 3:00,0,0
4/7/24 4:00,0,0
4/7/24 5:00,0.02462468,0
4/7/24 6:00,0.1634528,0.1538481
4/7/24 7:00,0.2581889,0.2531253
4/7/24 8:00,0.5436916,0.5526729
4/7/24 9:00,0.7657951,0.7937082
4/7/24 10:00,0.8892969,0.9282298
4/7/24 11:00,0.8430027,0.87563
4/7/24 12:00,1.009482,1.057817
4/7/24 13:00,0.9285452,0.9690436
4/7/24 14:00,0.6487737,0.6665088
4/7/24 15:00,0.3885134,0.3873569
4/7/24 16:00,0.2171261,0.2103077
4/7/24 17:00,0.04201081,0.03935313
4/7/24 18:00,0,0
4/7/24 19:00,0,0
4/7/24 20:00,0,0
4/7/24 21:00,0,0
4/7/24 22:00,0,0
4/7/24 23:00,0,0
4/8/24 0:00,0,0
4/8/24 1:00,0,0
4/8/24 2:00,0,0
4/8/24 3:00,0,0
4/8/24 4:00,0,0
4/8/24 5:00,0.02562169,0.006622321
4/8/24 6:00,0.0994151,0.09611949
4/8/24 7:00,0.3138246,0.308926
4/8/24 8:00,0.3768089,0.3721871
4/8/24 9:00,0.4603258,0.4560609
4/8/24 10:00,0.8087182,0.8367969
4/8/24 11:00,0.8476818,0.8788488
4/8/24 12:00,1.011908,1.05763
4/8/24 13:00,0.8277309,0.8587723
4/8/24 14:00,0.5205684,0.5239975
4/8/24 15:00,0.4802196,0.4826215
4/8/24 16:00,0.2065012,0.1995759
4/8/24 17:00,0.0638063,0.05134084
4/8/24 18:00,0,0
4/8/24 19:00,0,0
4/8/24 20:00,0,0
4/8/24 21:00,0,0
4/8/24 22:00,0,0
4/8/24 23:00,0,0
4/9/24 0:00,0,0
4/9/24 1:00,0,0
4/9/24 2:00,0,0
4/9/24 3:00,0,0
4/9/24 4:00,0,0
4/9/24 5:00,0.01942287,0.01336255
4/9/24 6:00,0.1010878,0.09767167
4/9/24 7:00,0.2506673,0.2449116
4/9/24 8:00,0.4199136,0.4168128
4/9/24 9:00,0.3737794,0.3662622
4/9/24 10:00,0.449464,0.4420147
4/9/24 11:00,0.3939443,0.3850801
4/9/24 12:00,0.6795103,0.6889315
4/9/24 13:00,0.7801139,0.8044575
4/9/24 14:00,0.6292588,0.6412784
4/9/24 15:00,0.2334664,0.2276969
4/9/24 16:00,0.236913,0.2271826
4/9/24 17:00,0.03397225,0.0325013
4/9/24 18:00,0,0
4/9/24 19:00,0,0
4/9/24 20:00,0,0
4/9/24 21:00,0,0
4/9/24 22:00,0,0
4/9/24 23:00,0,0
4/10/24 0:00,0,0
4/10/24 1:00,0,0
4/10/24 2:00,0,0
4/10/24 3:00,0,0
4/10/24 4:00,0,0
4/10/24 5:00,0.03073663,0.005755488
4/10/24 6:00,0.2307256,0.2060487
4/10/24 7:00,0.4576569,0.4507596
4/10/24 8:00,0.5641726,0.5695385
4/10/24 9:00,0.801692,0.825459
4/10/24 10:00,0.9219875,0.9562367
4/10/24 11:00,0.8810934,0.9118234
4/10/24 12:00,0.8203712,0.8450661
4/10/24 13:00,0.7118897,0.7272502
4/10/24 14:00,0.5679113,0.5730351
4/10/24 15:00,0.5894257,0.5896591
4/10/24 16:00,0.381473,0.3582974
4/10/24 17:00,0.1048085,0.05956512
4/10/24 18:00,0,0
4/10/24 19:00,0,0
4/10/24 20:00,0,0
4/10/24 21:00,0,0
4/10/24 22:00,0,0
4/10/24 23:00,0,0
4/11/24 0:00,0,0
4/11/24 1:00,0,0
4/11/24 2:00,0,0
4/11/24 3:00,0,0
4/11/24 4:00,0,0
4/11/24 5:00,0.03380398,0.005023304
4/11/24 6:00,0.2003311,0.1812984
4/11/24 7:00,0.4092196,0.4009826
4/11/24 8:00,0.760704,0.7713194
4/11/24 9:00,0.8267323,0.84962
4/11/24 10:00,0.7887942,0.8088359
4/11/24 11:00,0.8426499,0.8672925
4/11/24 12:00,0.6095545,0.6099815
4/11/24 13:00,0.520804,0.5173765
4/11/24 14:00,0.6482317,0.6578478
4/11/24 15:00,0.570531,0.5681362
4/11/24 16:00,0.3564587,0.3323803
4/11/24 17:00,0.1092028,0.05995262
4/11/24 18:00,0,0
4/11/24 19:00,0,0
4/11/24 20:00,0,0
4/11/24 21:00,0,0
4/11/24 22:00,0,0
4/11/24 23:00,0,0
4/12/24 0:00,0,0
4/12/24 1:00,0,0
4/12/24 2:00,0,0
4/12/24 3:00,0,0
4/12/24 4:00,0,0
4/12/24 5:00,0.04536997,0.002385193
4/12/24 6:00,0.2275301,0.2011936
4/12/24 7:00,0.4918555,0.48007
4/12/24 8:00,0.3628289,0.3562211
4/12/24 9:00,0.4751506,0.4698035
4/12/24 10:00,0.1333141,0.1295891
4/12/24 11:00,0.516596,0.5098798
4/12/24 12:00,0.7869698,0.8044333
4/12/24 13:00,0.8115671,0.8321948
4/12/24 14:00,0.3505087,0.3432072
4/12/24 15:00,0.2369606,0.2308464
4/12/24 16:00,0.1784913,0.1718638
4/12/24 17:00,0.05578089,0.04825937
4/12/24 18:00,0,0
4/12/24 19:00,0,0
4/12/24 20:00,0,0
4/12/24 21:00,0,0
4/12/24 22:00,0,0
4/12/24 23:00,0,0
4/13/24 0:00,0,0
4/13/24 1:00,0,0
4/13/24 2:00,0,0
4/13/24 3:00,0,0
4/13/24 4:00,0,0
4/13/24 5:00,0.03179399,0.01139406
4/13/24 6:00,0.2204883,0.1949707
4/13/24 7:00,0.4303476,0.4183306
4/13/24 8:00,0.6948457,0.6994196
4/13/24 9:00,0.9278327,0.9493388
4/13/24 10:00,1.018746,1.050108
4/13/24 11:00,1.016417,1.050115
4/13/24 12:00,0.9056906,0.9320604
4/13/24 13:00,0.7704324,0.7858383
4/13/24 14:00,0.6514832,0.6574004
4/13/24 15:00,0.4678383,0.4608655
4/13/24 16:00,0.3117534,0.2877349
4/13/24 17:00,0.09694938,0.05276527
4/13/24 18:00,0,0
4/13/24 19:00,0,0
4/13/24 20:00,0,0
4/13/24 21:00,0,0
4/13/24 22:00,0,0
4/13/24 23:00,0,0
4/14/24 0:00,0,0
4/14/24 1:00,0,0
4/14/24 2:00,0,0
4/14/24 3:00,0,0
4/14/24 4:00,0,0
4/14/24 5:00,0.02668935,0.01729646
4/14/24 6:00,0.1957289,0.1763419
4/14/24 7:00,0.2935869,0.2852562
4/14/24 8:00,0.647682,0.6490475
4/14/24 9:00,0.8429578,0.8594066
4/14/24 10:00,0.9422327,0.9679632
4/14/24 11:00,0.7704745,0.7824904
4/14/24 12:00,0.7068038,0.7133113
4/14/24 13:00,0.6630511,0.6679092
4/14/24 14:00,0.6468982,0.6506824
4/14/24 15:00,0.5661739,0.5563859
4/14/24 16:00,0.3144042,0.2881147
4/14/24 17:00,0.07695434,0.05244603
4/14/24 18:00,0,0
4/14/24 19:00,0,0
4/14/24 20:00,0,0
4/14/24 21:00,0,0
4/14/24 22:00,0,0
4/14/24 23:00,0,0
4/15/24 0:00,0,0
4/15/24 1:00,0,0
4/15/24 2:00,0,0
4/15/24 3:00,0,0
4/15/24 4:00,0,0
4/15/24 5:00,0.03825503,0.009434488
4/15/24 6:00,0.2411798,0.2084081
4/15/24 7:00,0.4936333,0.4753761
4/15/24 8:00,0.6919262,0.6918424
4/15/24 9:00,0.6594466,0.6632277
4/15/24 10:00,0.8516782,0.8695829
4/15/24 11:00,0.8230063,0.8384368
4/15/24 12:00,0.8493351,0.8671674
4/15/24 13:00,0.6470147,0.6494015
4/15/24 14:00,0.7210321,0.7254437
4/15/24 15:00,0.4625277,0.4523377
4/15/24 16:00,0.2282395,0.2147567
4/15/24 17:00,0.06004528,0.0502896
4/15/24 18:00,0,0
4/15/24 19:00,0,0
4/15/24 20:00,0,0
4/15/24 21:00,0,0
4/15/24 22:00,0,0
4/15/24 23:00,0,0
4/16/24 0:00,0,0
4/16/24 1:00,0,0
4/16/24 2:00,0,0
4/16/24 3:00,0,0
4/16/24 4:00,0,0
4/16/24 5:00,0.03880185,0.01126764
4/16/24 6:00,0.2123228,0.1872698
4/16/24 7:00,0.4026515,0.387517
4/16/24 8:00,0.5022651,0.4964586
4/16/24 9:00,0.80132,0.8115677
4/16/24 10:00,0.6750638,0.6771647
4/16/24 11:00,0.8360243,0.8508553
4/16/24 12:00,0.9958613,1.020034
4/16/24 13:00,0.8809738,0.8962227
4/16/24 14:00,0.7776422,0.7806065
4/16/24 15:00,0.5206559,0.5073336
4/16/24 16:00,0.2078716,0.1968489
4/16/24 17:00,0.07598908,0.05259943
4/16/24 18:00,0,0
4/16/24 19:00,0,0
4/16/24 20:00,0,0
4/16/24 21:00,0,0
4/16/24 22:00,0,0
4/16/24 23:00,0,0
4/17/24 0:00,0,0
4/17/24 1:00,0,0
4/17/24 2:00,0,0
4/17/24 3:00,0,0
4/17/24 4:00,0,0
4/17/24 5:00,0.02784777,0.02074629
4/17/24 6:00,0.1424445,0.1347139
4/17/24 7:00,0.3402078,0.3280335
4/17/24 8:00,0.6392148,0.6344126
4/17/24 9:00,0.7815979,0.788936
4/17/24 10:00,0.7552888,0.7623783
4/17/24 11:00,1.055218,1.080151
4/17/24 12:00,0.7144595,0.7180983
4/17/24 13:00,0.6289111,0.6278992
4/17/24 14:00,0.3693793,0.3611911
4/17/24 15:00,0.2730504,0.2655457
4/17/24 16:00,0.190049,0.181008
4/17/24 17:00,0.0713692,0.05281735
4/17/24 18:00,0,0
4/17/24 19:00,0,0
4/17/24 20:00,0,0
4/17/24 21:00,0,0
4/17/24 22:00,0,0
4/17/24 23:00,0,0
4/18/24 0:00,0,0
4/18/24 1:00,0,0
4/18/24 2:00,0,0
4/18/24 3:00,0,0
4/18/24 4:00,0,0
4/18/24 5:00,0.0277318,0.02171338
4/18/24 6:00,0.08570528,0.0829431
4/18/24 7:00,0.09087832,0.08825529
4/18/24 8:00,0.2112845,0.2054125
4/18/24 9:00,0.3049628,0.2969339
4/18/24 10:00,0.1668602,0.1622054
4/18/24 11:00,0.1467277,0.1426143
4/18/24 12:00,0.2196809,0.2136294
4/18/24 13:00,0.1487224,0.1445552
4/18/24 14:00,0.1938606,0.1884659
4/18/24 15:00,0.2397691,0.2330205
4/18/24 16:00,0.1635252,0.1570501
4/18/24 17:00,0.02053777,0.01978777
4/18/24 18:00,0,0
4/18/24 19:00,0,0
4/18/24 20:00,0,0
4/18/24 21:00,0,0
4/18/24 22:00,0,0
4/18/24 23:00,0,0
4/19/24 0:00,0,0
4/19/24 1:00,0,0
4/19/24 2:00,0,0
4/19/24 3:00,0,0
4/19/24 4:00,0,0
4/19/24 5:00,0.03081149,0.0225893
4/19/24 6:00,0.2533205,0.2133503
4/19/24 7:00,0.5433782,0.5141782
4/19/24 8:00,0.7408139,0.7315186
4/19/24 9:00,0.8812396,0.8869075
4/19/24 10:00,1.037694,1.054122
4/19/24 11:00,1.016354,1.035294
4/19/24 12:00,1.051449,1.06959
4/19/24 13:00,1.022714,1.033223
4/19/24 14:00,0.8164523,0.8119277
4/19/24 15:00,0.6265603,0.6026587
4/19/24 16:00,0.3055442,0.2722243
4/19/24 17:00,0.07583312,0.05322796
4/19/24 18:00,0,0
4/19/24 19:00,0,0
4/19/24 20:00,0,0
4/19/24 21:00,0,0
4/19/24 22:00,0,0
4/19/24 23:00,0,0
4/20/24 0:00,0,0
4/20/24 1:00,0,0
4/20/24 2:00,0,0
4/20/24 3:00,0,0
4/20/24 4:00,0,0
4/20/24 5:00,0.05829351,0.004228238
4/20/24 6:00,0.2226798,0.1925594
4/20/24 7:00,0.316019,0.3038863
4/20/24 8:00,0.4607314,0.4511189
4/20/24 9:00,0.9563613,0.9602792
4/20/24 10:00,1.018341,1.031933
4/20/24 11:00,0.8035407,0.8094767
4/20/24 12:00,0.8840919,0.8944263
4/20/24 13:00,0.9020236,0.9084075
4/20/24 14:00,0.3831468,0.3742534
4/20/24 15:00,0.5117199,0.4910122
4/20/24 16:00,0.3008548,0.2671075
4/20/24 17:00,0.07577765,0.05353139
4/20/24 18:00,0,0
4/20/24 19:00,0,0
4/20/24 20:00,0,0
4/20/24 21:00,0,0
4/20/24 22:00,0,0
4/20/24 23:00,0,0
4/21/24 0:00,0,0
4/21/24 1:00,0,0
4/21/24 2:00,0,0
4/21/24 3:00,0,0
4/21/24 4:00,0,0
4/21/24 5:00,0.04228291,0.01971193
4/21/24 6:00,0.1052944,0.101533
4/21/24 7:00,0.1620075,0.1572629
4/21/24 8:00,0.1744516,0.1695291
4/21/24 9:00,0.6001545,0.5940232
4/21/24 10:00,0.9086812,0.9173083
4/21/24 11:00,0.794508,0.7984183
4/21/24 12:00,0.6076074,0.6013152
4/21/24 13:00,0.6811454,0.6783253
4/21/24 14:00,0.5664846,0.5574579
4/21/24 15:00,0.3453549,0.3338399
4/21/24 16:00,0.2652919,0.2393299
4/21/24 17:00,0.08129027,0.05314983
4/21/24 18:00,0,0
4/21/24 19:00,0,0
4/21/24 20:00,0,0
4/21/24 21:00,0,0
4/21/24 22:00,0,0
4/21/24 23:00,0,0
4/22/24 0:00,0,0
4/22/24 1:00,0,0
4/22/24 2:00,0,0
4/22/24 3:00,0,0
4/22/24 4:00,0,0
4/22/24 5:00,0.04939839,0.01509397
4/22/24 6:00,0.1515815,0.1423248
4/22/24 7:00,0.3115952,0.2990214
4/22/24 8:00,0.710961,0.6955867
4/22/24 9:00,0.8906796,0.8895617
4/22/24 10:00,0.9889185,0.9973469
4/22/24 11:00,0.8187498,0.8226275
4/22/24 12:00,1.00049,1.010412
4/22/24 13:00,0.8907704,0.8924211
4/22/24 14:00,0.7558417,0.7446454
4/22/24 15:00,0.4620317,0.4415434
4/22/24 16:00,0.2544058,0.2304437
4/22/24 17:00,0.1052715,0.04736058
4/22/24 18:00,5.53735E-07,0
4/22/24 19:00,0,0
4/22/24 20:00,0,0
4/22/24 21:00,0,0
4/22/24 22:00,0,0
4/22/24 23:00,0,0
4/23/24 0:00,0,0
4/23/24 1:00,0,0
4/23/24 2:00,0,0
4/23/24 3:00,0,0
4/23/24 4:00,0,0
4/23/24 5:00,0.0468906,0.02006289
4/23/24 6:00,0.2984172,0.2413326
4/23/24 7:00,0.5225507,0.4867099
4/23/24 8:00,0.7451875,0.7269058
4/23/24 9:00,0.8758875,0.8725206
4/23/24 10:00,1.019171,1.025636
4/23/24 11:00,1.034415,1.044425
4/23/24 12:00,0.9712774,0.9783733
4/23/24 13:00,0.8518633,0.8508325
4/23/24 14:00,0.8204523,0.8059671
4/23/24 15:00,0.6402846,0.6057476
4/23/24 16:00,0.4082803,0.3488282
4/23/24 17:00,0.130351,0.04984977
4/23/24 18:00,7.8338E-06,0
4/23/24 19:00,0,0
4/23/24 20:00,0,0
4/23/24 21:00,0,0
4/23/24 22:00,0,0
4/23/24 23:00,0,0
4/24/24 0:00,0,0
4/24/24 1:00,0,0
4/24/24 2:00,0,0
4/24/24 3:00,0,0
4/24/24 4:00,0,0
4/24/24 5:00,0.03951412,0.02686319
4/24/24 6:00,0.2460487,0.2054356
4/24/24 7:00,0.4016733,0.3780127
4/24/24 8:00,0.6875656,0.6687998
4/24/24 9:00,0.8891721,0.8836234
4/24/24 10:00,0.8851811,0.8871524
4/24/24 11:00,1.004602,1.011852
4/24/24 12:00,1.04782,1.053625
4/24/24 13:00,0.9450394,0.9423825
4/24/24 14:00,0.7653559,0.7495819
4/24/24 15:00,0.5625489,0.5305891
4/24/24 16:00,0.3141882,0.2712606
4/24/24 17:00,0.09602288,0.05002987
4/24/24 18:00,1.66017E-05,0
4/24/24 19:00,0,0
4/24/24 20:00,0,0
4/24/24 21:00,0,0
4/24/24 22:00,0,0
4/24/24 23:00,0,0
4/25/24 0:00,0,0
4/25/24 1:00,0,0
4/25/24 2:00,0,0
4/25/24 3:00,0,0
4/25/24 4:00,0,0
4/25/24 5:00,0.06286712,0.009204295
4/25/24 6:00,0.2493243,0.2069416
4/25/24 7:00,0.4418606,0.4118205
4/25/24 8:00,0.394738,0.3839141
4/25/24 9:00,0.3647789,0.3553579
4/25/24 10:00,0.5067667,0.4965096
4/25/24 11:00,0.7073706,0.7021391
4/25/24 12:00,0.8247512,0.8237796
4/25/24 13:00,0.5648223,0.5551864
4/25/24 14:00,0.6034811,0.5892019
4/25/24 15:00,0.364651,0.3497022
4/25/24 16:00,0.1525145,0.1464187
4/25/24 17:00,0.03417935,0.03270471
4/25/24 18:00,1.18097E-05,0
4/25/24 19:00,0,0
4/25/24 20:00,0,0
4/25/24 21:00,0,0
4/25/24 22:00,0,0
4/25/24 23:00,0,0
4/26/24 0:00,0,0
4/26/24 1:00,0,0
4/26/24 2:00,0,0
4/26/24 3:00,0,0
4/26/24 4:00,0,0
4/26/24 5:00,0.04576125,0.02712154
4/26/24 6:00,0.2336567,0.1974935
4/26/24 7:00,0.4409777,0.4098817
4/26/24 8:00,0.5615075,0.5442351
4/26/24 9:00,0.795945,0.7864957
4/26/24 10:00,1.049083,1.048764
4/26/24 11:00,1.066345,1.069808
4/26/24 12:00,1.028615,1.029668
4/26/24 13:00,0.9121615,0.9050704
4/26/24 14:00,0.7755167,0.755134
4/26/24 15:00,0.616969,0.5769176
4/26/24 16:00,0.2893335,0.2514019
4/26/24 17:00,0.09618587,0.05080657
4/26/24 18:00,8.70521E-05,0
4/26/24 19:00,0,0
4/26/24 20:00,0,0
4/26/24 21:00,0,0
4/26/24 22:00,0,0
4/26/24 23:00,0,0
4/27/24 0:00,0,0
4/27/24 1:00,0,0
4/27/24 2:00,0,0
4/27/24 3:00,0,0
4/27/24 4:00,0,0
4/27/24 5:00,0.03611271,0.02991698
4/27/24 6:00,0.1287982,0.1230724
4/27/24 7:00,0.1686649,0.1636041
4/27/24 8:00,0.2740955,0.2663249
4/27/24 9:00,0.5431219,0.531905
4/27/24 10:00,0.4900736,0.4792717
4/27/24 11:00,0.4127551,0.4023272
4/27/24 12:00,0.5823674,0.5722607
4/27/24 13:00,0.5243055,0.5134025
4/27/24 14:00,0.4188305,0.4074782
4/27/24 15:00,0.4669099,0.4393311
4/27/24 16:00,0.2867796,0.2486869
4/27/24 17:00,0.1094391,0.04635572
4/27/24 18:00,0.000155387,0
4/27/24 19:00,0,0
4/27/24 20:00,0,0
4/27/24 21:00,0,0
4/27/24 22:00,0,0
4/27/24 23:00,0,0
4/28/24 0:00,0,0
4/28/24 1:00,0,0
4/28/24 2:00,0,0
4/28/24 3:00,0,0
4/28/24 4:00,0,0
4/28/24 5:00,0.03378966,0.02959163
4/28/24 6:00,0.220102,0.1894189
4/28/24 7:00,0.2260474,0.2185298
4/28/24 8:00,0.1875264,0.1821584
4/28/24 9:00,0.6355354,0.623426
4/28/24 10:00,0.8427522,0.8368502
4/28/24 11:00,0.9259129,0.9236728
4/28/24 12:00,1.056347,1.052916
4/28/24 13:00,0.9232159,0.9117239
4/28/24 14:00,0.7986864,0.7732661
4/28/24 15:00,0.6300319,0.5845878
4/28/24 16:00,0.3209667,0.2705317
4/28/24 17:00,0.09007089,0.05425598
4/28/24 18:00,0.000151842,0
4/28/24 19:00,0,0
4/28/24 20:00,0,0
4/28/24 21:00,0,0
4/28/24 22:00,0,0
4/28/24 23:00,0,0
4/29/24 0:00,0,0
4/29/24 1:00,0,0
4/29/24 2:00,0,0
4/29/24 3:00,0,0
4/29/24 4:00,0,0
4/29/24 5:00,0.0148319,0.01420162
4/29/24 6:00,0.1318658,0.1258229
4/29/24 7:00,0.2350869,0.2269902
4/29/24 8:00,0.6980016,0.6696263
4/29/24 9:00,0.5885233,0.5758619
4/29/24 10:00,0.7417247,0.7327977
4/29/24 11:00,0.8495612,0.8441742
4/29/24 12:00,0.7596048,0.751438
4/29/24 13:00,0.5977091,0.5857118
4/29/24 14:00,0.5877199,0.5690861
4/29/24 15:00,0.2665057,0.2575212
4/29/24 16:00,0.2404298,0.2163819
4/29/24 17:00,0.06594884,0.05555203
4/29/24 18:00,9.01703E-05,0
4/29/24 19:00,0,0
4/29/24 20:00,0,0
4/29/24 21:00,0,0
4/29/24 22:00,0,0
4/29/24 23:00,0,0
4/30/24 0:00,0,0
4/30/24 1:00,0,0
4/30/24 2:00,0,0
4/30/24 3:00,0,0
4/30/24 4:00,0,0
4/30/24 5:00,0.06966019,0.0139336
4/30/24 6:00,0.3253233,0.2522418
4/30/24 7:00,0.4816722,0.4395197
4/30/24 8:00,0.6847415,0.6553572
4/30/24 9:00,0.8395148,0.8224142
4/30/24 10:00,1.004722,0.9957576
4/30/24 11:00,1.168405,1.162732
4/30/24 12:00,1.022676,1.014985
4/30/24 13:00,0.9669151,0.9504907
4/30/24 14:00,0.8447228,0.8132353
4/30/24 15:00,0.5778783,0.5327353
4/30/24 16:00,0.3985599,0.3259941
4/30/24 17:00,0.1137271,0.04574085
4/30/24 18:00,0.000291688,0
4/30/24 19:00,0,0
4/30/24 20:00,0,0
4/30/24 21:00,0,0
4/30/24 22:00,0,0
4/30/24 23:00,0,0
5/1/24 0:00,0,0
5/1/24 1:00,0,0
5/1/24 2:00,0,0
5/1/24 3:00,0,0
5/1/24 4:00,0,0
5/1/24 5:00,0.05469959,0.03037002
5/1/24 6:00,0.3291849,0.2538151
5/1/24 7:00,0.5820412,0.5257823
5/1/24 8:00,0.740469,0.7062349
5/1/24 9:00,0.7893323,0.7715008
5/1/24 10:00,0.9383801,0.92779
5/1/24 11:00,1.000734,0.9934388
5/1/24 12:00,1.059618,1.04953
5/1/24 13:00,0.9156678,0.8980306
5/1/24 14:00,0.7002605,0.6731221
5/1/24 15:00,0.5602127,0.5151235
5/1/24 16:00,0.3400348,0.2796083
5/1/24 17:00,0.1369126,0.04384694
5/1/24 18:00,0.000486309,0
5/1/24 19:00,0,0
5/1/24 20:00,0,0
5/1/24 21:00,0,0
5/1/24 22:00,0,0
5/1/24 23:00,0,0
5/2/24 0:00,0,0
5/2/24 1:00,0,0
5/2/24 2:00,0,0
5/2/24 3:00,0,0
5/2/24 4:00,0,0
5/2/24 5:00,0.04551921,0.0349734
5/2/24 6:00,0.139054,0.132147
5/2/24 7:00,0.2274688,0.2196611
5/2/24 8:00,0.5235932,0.5028691
5/2/24 9:00,0.7479339,0.7295533
5/2/24 10:00,1.013764,1.000615
5/2/24 11:00,0.7385579,0.7276978
5/2/24 12:00,0.8881573,0.8770047
5/2/24 13:00,0.815751,0.7981216
5/2/24 14:00,0.7610292,0.7289624
5/2/24 15:00,0.5139698,0.4732721
5/2/24 16:00,0.294908,0.2493256
5/2/24 17:00,0.1250529,0.04320064
5/2/24 18:00,0.000686658,0
5/2/24 19:00,0,0
5/2/24 20:00,0,0
5/2/24 21:00,0,0
5/2/24 22:00,0,0
5/2/24 23:00,0,0
5/3/24 0:00,0,0
5/3/24 1:00,0,0
5/3/24 2:00,0,0
5/3/24 3:00,0,0
5/3/24 4:00,0,0
5/3/24 5:00,0.08630798,0.007213047
5/3/24 6:00,0.1665548,0.1544798
5/3/24 7:00,0.4168496,0.3831634
5/3/24 8:00,0.4094023,0.3956807
5/3/24 9:00,0.3944055,0.3836598
5/3/24 10:00,0.4373344,0.426053
5/3/24 11:00,0.2573264,0.2501154
5/3/24 12:00,0.5878295,0.5751688
5/3/24 13:00,0.5828825,0.5685285
5/3/24 14:00,0.6675386,0.6391793
5/3/24 15:00,0.4407584,0.4103949
5/3/24 16:00,0.2992312,0.2511021
5/3/24 17:00,0.1003021,0.05360065
5/3/24 18:00,0.000600053,0
5/3/24 19:00,0,0
5/3/24 20:00,0,0
5/3/24 21:00,0,0
5/3/24 22:00,0,0
5/3/24 23:00,0,0
5/4/24 0:00,0,0
5/4/24 1:00,0,0
5/4/24 2:00,0,0
5/4/24 3:00,0,0
5/4/24 4:00,0,0
5/4/24 5:00,0.07377553,0.01885727
5/4/24 6:00,0.2400069,0.1995262
5/4/24 7:00,0.2639411,0.2532963
5/4/24 8:00,0.3097179,0.3004174
5/4/24 9:00,0.4860089,0.472856
5/4/24 10:00,0.7778032,0.7633457
5/4/24 11:00,0.8542207,0.8417825
5/4/24 12:00,0.6050321,0.591858
5/4/24 13:00,0.3168704,0.3080093
5/4/24 14:00,0.2514808,0.2442209
5/4/24 15:00,0.2140474,0.2073434
5/4/24 16:00,0.2432392,0.2163267
5/4/24 17:00,0.02641178,0.02537488
5/4/24 18:00,0.000610247,0
5/4/24 19:00,0,0
5/4/24 20:00,0,0
5/4/24 21:00,0,0
5/4/24 22:00,0,0
5/4/24 23:00,0,0
5/5/24 0:00,0,0
5/5/24 1:00,0,0
5/5/24 2:00,0,0
5/5/24 3:00,0,0
5/5/24 4:00,0,0
5/5/24 5:00,0.06679567,0.02817846
5/5/24 6:00,0.2741441,0.2163139
5/5/24 7:00,0.383581,0.3551595
5/5/24 8:00,0.5833468,0.5549012
5/5/24 9:00,0.4804254,0.4671535
5/5/24 10:00,0.3384036,0.3290306
5/5/24 11:00,0.6942766,0.6807658
5/5/24 12:00,0.2852431,0.2772395
5/5/24 13:00,0.6614682,0.6437903
5/5/24 14:00,0.5895394,0.5644006
5/5/24 15:00,0.4132081,0.3858442
5/5/24 16:00,0.2951579,0.2470986
5/5/24 17:00,0.1052559,0.05281896
5/5/24 18:00,0.000919707,0
5/5/24 19:00,0,0
5/5/24 20:00,0,0
5/5/24 21:00,0,0
5/5/24 22:00,0,0
5/5/24 23:00,0,0
5/6/24 0:00,0,0
5/6/24 1:00,0,0
5/6/24 2:00,0,0
5/6/24 3:00,0,0
5/6/24 4:00,0,0
5/6/24 5:00,0.07740794,0.01953333
5/6/24 6:00,0.1743667,0.1603847
5/6/24 7:00,0.2694518,0.2580895
5/6/24 8:00,0.3796906,0.3669567
5/6/24 9:00,0.5889927,0.571767
5/6/24 10:00,0.5000651,0.4873278
5/6/24 11:00,0.5871497,0.5736524
5/6/24 12:00,0.7949458,0.7787394
5/6/24 13:00,0.460324,0.447719
5/6/24 14:00,0.5850018,0.5592517
5/6/24 15:00,0.5123085,0.4663978
5/6/24 16:00,0.2944689,0.2459911
5/6/24 17:00,0.08711571,0.06059866
5/6/24 18:00,0.000443056,0
5/6/24 19:00,0,0
5/6/24 20:00,0,0
5/6/24 21:00,0,0
5/6/24 22:00,0,0
5/6/24 23:00,0,0
5/7/24 0:00,0,0
5/7/24 1:00,0,0
5/7/24 2:00,0,0
5/7/24 3:00,0,0
5/7/24 4:00,0,0
5/7/24 5:00,0.07667054,0.02244303
5/7/24 6:00,0.07232536,0.06996436
5/7/24 7:00,0.4150513,0.378818
5/7/24 8:00,0.6731004,0.6337569
5/7/24 9:00,0.7350838,0.7106677
5/7/24 10:00,0.578209,0.5638819
5/7/24 11:00,0.5990019,0.5850266
5/7/24 12:00,0.5512235,0.5375316
5/7/24 13:00,0.6397967,0.6212096
5/7/24 14:00,0.5071978,0.4870597
5/7/24 15:00,0.5655847,0.5098413
5/7/24 16:00,0.3772081,0.2975664
5/7/24 17:00,0.1360016,0.04204915
5/7/24 18:00,0.001275126,0
5/7/24 19:00,0,0
5/7/24 20:00,0,0
5/7/24 21:00,0,0
5/7/24 22:00,0,0
5/7/24 23:00,0,0
5/8/24 0:00,0,0
5/8/24 1:00,0,0
5/8/24 2:00,0,0
5/8/24 3:00,0,0
5/8/24 4:00,0,0
5/8/24 5:00,0.03083972,0.02913428
5/8/24 6:00,0.1163253,0.1118725
5/8/24 7:00,0.1734117,0.1680261
5/8/24 8:00,0.1175531,0.1141391
5/8/24 9:00,0.07081527,0.06877211
5/8/24 10:00,0.02569842,0.02495294
5/8/24 11:00,0.07686037,0.07464955
5/8/24 12:00,0.07607622,0.073887
5/8/24 13:00,0.3681787,0.3578115
5/8/24 14:00,0.1743411,0.1692847
5/8/24 15:00,0.235873,0.2279627
5/8/24 16:00,0.1190102,0.1149297
5/8/24 17:00,0.08576491,0.06214247
5/8/24 18:00,0.001167972,0
5/8/24 19:00,0,0
5/8/24 20:00,0,0
5/8/24 21:00,0,0
5/8/24 22:00,0,0
5/8/24 23:00,0,0
5/9/24 0:00,0,0
5/9/24 1:00,0,0
5/9/24 2:00,0,0
5/9/24 3:00,0,0
5/9/24 4:00,0,0
5/9/24 5:00,0.05241515,0.04087204
5/9/24 6:00,0.1939829,0.1738205
5/9/24 7:00,0.4756174,0.4241285
5/9/24 8:00,0.6935405,0.6494446
5/9/24 9:00,0.7039973,0.678931
5/9/24 10:00,0.7312376,0.7124763
5/9/24 11:00,1.062845,1.039593
5/9/24 12:00,1.027183,1.001736
5/9/24 13:00,0.9544805,0.9203247
5/9/24 14:00,0.8530322,0.8025277
5/9/24 15:00,0.6493095,0.5800312
5/9/24 16:00,0.3548409,0.279456
5/9/24 17:00,0.1271126,0.04525123
5/9/24 18:00,0.00143827,0
5/9/24 19:00,0,0
5/9/24 20:00,0,0
5/9/24 21:00,0,0
5/9/24 22:00,0,0
5/9/24 23:00,0,0
5/10/24 0:00,0,0
5/10/24 1:00,0,0
5/10/24 2:00,0,0
5/10/24 3:00,0,0
5/10/24 4:00,0,0
5/10/24 5:00,0.07719488,0.02804942
5/10/24 6:00,0.2152484,0.1863448
5/10/24 7:00,0.4392624,0.3952498
5/10/24 8:00,0.7646216,0.7130031
5/10/24 9:00,0.889113,0.8528799
5/10/24 10:00,0.937066,0.9110496
5/10/24 11:00,0.8434613,0.8235089
5/10/24 12:00,0.9829097,0.9568816
5/10/24 13:00,0.8682768,0.8359439
5/10/24 14:00,0.710612,0.6686723
5/10/24 15:00,0.4896366,0.4433811
5/10/24 16:00,0.2431902,0.2146676
5/10/24 17:00,0.08800626,0.0632613
5/10/24 18:00,0.001116576,0
5/10/24 19:00,0,0
5/10/24 20:00,0,0
5/10/24 21:00,0,0
5/10/24 22:00,0,0
5/10/24 23:00,0,0
5/11/24 0:00,0,0
5/11/24 1:00,0,0
5/11/24 2:00,0,0
5/11/24 3:00,0,0
5/11/24 4:00,0,0
5/11/24 5:00,0.08929997,0.01765179
5/11/24 6:00,0.287818,0.2203321
5/11/24 7:00,0.5327969,0.4674277
5/11/24 8:00,0.7652757,0.7119747
5/11/24 9:00,1.000546,0.9575923
5/11/24 10:00,1.064747,1.033183
5/11/24 11:00,0.9418123,0.9181201
5/11/24 12:00,1.056296,1.026467
5/11/24 13:00,0.9324403,0.8956299
5/11/24 14:00,0.7319517,0.6866639
5/11/24 15:00,0.5560591,0.4960166
5/11/24 16:00,0.3288766,0.2617284
5/11/24 17:00,0.1019028,0.06009153
5/11/24 18:00,0.002028191,0
5/11/24 19:00,0,0
5/11/24 20:00,0,0
5/11/24 21:00,0,0
5/11/24 22:00,0,0
5/11/24 23:00,0,0
5/12/24 0:00,0,0
5/12/24 1:00,0,0
5/12/24 2:00,0,0
5/12/24 3:00,0,0
5/12/24 4:00,0,0
5/12/24 5:00,0.01099637,0.01060002
5/12/24 6:00,0.1539427,0.1448334
5/12/24 7:00,0.1780705,0.1724544
5/12/24 8:00,0.3039268,0.2943956
5/12/24 9:00,0.5127704,0.4963022
5/12/24 10:00,0.4679985,0.4550305
5/12/24 11:00,0.6905814,0.6725653
5/12/24 12:00,0.4209168,0.4092424
5/12/24 13:00,0.2403966,0.2335005
5/12/24 14:00,0.08831794,0.08575375
5/12/24 15:00,0.09888781,0.09594593
5/12/24 16:00,0.2321288,0.2074113
5/12/24 17:00,0.06901397,0.06053687
5/12/24 18:00,0.000563409,0
5/12/24 19:00,0,0
5/12/24 20:00,0,0
5/12/24 21:00,0,0
5/12/24 22:00,0,0
5/12/24 23:00,0,0
5/13/24 0:00,0,0
5/13/24 1:00,0,0
5/13/24 2:00,0,0
5/13/24 3:00,0,0
5/13/24 4:00,0,0
5/13/24 5:00,0.09135107,0.01917194
5/13/24 6:00,0.2671103,0.2103066
5/13/24 7:00,0.3739414,0.3438933
5/13/24 8:00,0.5473341,0.5160686
5/13/24 9:00,0.8593377,0.8199493
5/13/24 10:00,0.9005045,0.8713476
5/13/24 11:00,1.096546,1.065297
5/13/24 12:00,0.9626121,0.9324269
5/13/24 13:00,0.6499931,0.6265649
5/13/24 14:00,0.6520616,0.6123384
5/13/24 15:00,0.4169948,0.3840439
5/13/24 16:00,0.2100121,0.1923784
5/13/24 17:00,0.05414247,0.05080725
5/13/24 18:00,0.001223421,0
5/13/24 19:00,0,0
5/13/24 20:00,0,0
5/13/24 21:00,0,0
5/13/24 22:00,0,0
5/13/24 23:00,0,0
5/14/24 0:00,0,0
5/14/24 1:00,0,0
5/14/24 2:00,0,0
5/14/24 3:00,0,0
5/14/24 4:00,0,0
5/14/24 5:00,0.05962706,0.04444399
5/14/24 6:00,0.2440943,0.2001903
5/14/24 7:00,0.5245444,0.4570398
5/14/24 8:00,0.6146586,0.5735612
5/14/24 9:00,0.8178549,0.7796493
5/14/24 10:00,1.089442,1.051711
5/14/24 11:00,0.7886423,0.7661297
5/14/24 12:00,0.7946212,0.7698418
5/14/24 13:00,0.881429,0.8423516
5/14/24 14:00,0.7997763,0.7443756
5/14/24 15:00,0.5320038,0.4727883
5/14/24 16:00,0.2599261,0.2236001
5/14/24 17:00,0.08421401,0.0658142
5/14/24 18:00,0.001857794,0
5/14/24 19:00,0,0
5/14/24 20:00,0,0
5/14/24 21:00,0,0
5/14/24 22:00,0,0
5/14/24 23:00,0,0
5/15/24 0:00,0,0
5/15/24 1:00,0,0
5/15/24 2:00,0,0
5/15/24 3:00,0,0
5/15/24 4:00,0,0
5/15/24 5:00,0.0223308,0.02135647
5/15/24 6:00,0.0446425,0.0432457
5/15/24 7:00,0.1750382,0.1695069
5/15/24 8:00,0.2617722,0.2538352
5/15/24 9:00,0.3628694,0.3521697
5/15/24 10:00,0.3592597,0.3490602
5/15/24 11:00,0.3202535,0.3111724
5/15/24 12:00,0.2194355,0.2131634
5/15/24 13:00,0.131488,0.1276965
5/15/24 14:00,0.1064313,0.1033325
5/15/24 15:00,0.1326595,0.1286493
5/15/24 16:00,0.117826,0.1137544
5/15/24 17:00,0.02843286,0.02731605
5/15/24 18:00,0.000636454,0
5/15/24 19:00,0,0
5/15/24 20:00,0,0
5/15/24 21:00,0,0
5/15/24 22:00,0,0
5/15/24 23:00,0,0
5/16/24 0:00,0,0
5/16/24 1:00,0,0
5/16/24 2:00,0,0
5/16/24 3:00,0,0
5/16/24 4:00,2.04992E-06,0
5/16/24 5:00,0.1121515,0.00846546
5/16/24 6:00,0.2698536,0.2105792
5/16/24 7:00,0.369357,0.3392462
5/16/24 8:00,0.2342465,0.2272491
5/16/24 9:00,0.2240033,0.2175264
5/16/24 10:00,0.3255296,0.3162455
5/16/24 11:00,0.2667733,0.2591708
5/16/24 12:00,0.4063413,0.3948219
5/16/24 13:00,0.5076962,0.4911501
5/16/24 14:00,0.3138443,0.3040078
5/16/24 15:00,0.3861936,0.3584322
5/16/24 16:00,0.3150312,0.2512247
5/16/24 17:00,0.05456136,0.05133905
5/16/24 18:00,0.001109326,0
5/16/24 19:00,0,0
5/16/24 20:00,0,0
5/16/24 21:00,0,0
5/16/24 22:00,0,0
5/16/24 23:00,0,0
5/17/24 0:00,0,0
5/17/24 1:00,0,0
5/17/24 2:00,0,0
5/17/24 3:00,0,0
5/17/24 4:00,2.98233E-06,0
5/17/24 5:00,0.0241782,0.02310138
5/17/24 6:00,0.1058828,0.1020817
5/17/24 7:00,0.2624042,0.2508602
5/17/24 8:00,0.2812314,0.2724803
5/17/24 9:00,0.7125409,0.6791454
5/17/24 10:00,0.3156363,0.3066133
5/17/24 11:00,0.4765037,0.463064
5/17/24 12:00,0.6272177,0.6078565
5/17/24 13:00,0.9106938,0.8656207
5/17/24 14:00,0.673573,0.626985
5/17/24 15:00,0.3622698,0.3388958
5/17/24 16:00,0.1432211,0.1374589
5/17/24 17:00,0.03730826,0.03571246
5/17/24 18:00,0.000942198,0
5/17/24 19:00,0,0
5/17/24 20:00,0,0
5/17/24 21:00,0,0
5/17/24 22:00,0,0
5/17/24 23:00,0,0
5/18/24 0:00,0,0
5/18/24 1:00,0,0
5/18/24 2:00,0,0
5/18/24 3:00,0,0
5/18/24 4:00,2.69204E-05,0
5/18/24 5:00,0.04602851,0.04179706
5/18/24 6:00,0.1850272,0.1680225
5/18/24 7:00,0.4000987,0.3612765
5/18/24 8:00,0.6154312,0.5704438
5/18/24 9:00,0.5831578,0.5600169
5/18/24 10:00,0.6039599,0.5848051
5/18/24 11:00,0.6202213,0.6017711
5/18/24 12:00,0.4447796,0.4319908
5/18/24 13:00,0.439808,0.4261518
5/18/24 14:00,0.6119143,0.5726212
5/18/24 15:00,0.3715539,0.3461449
5/18/24 16:00,0.1892986,0.1767673
5/18/24 17:00,0.03541993,0.03393809
5/18/24 18:00,0.001143505,0
5/18/24 19:00,0,0
5/18/24 20:00,0,0
5/18/24 21:00,0,0
5/18/24 22:00,0,0
5/18/24 23:00,0,0
5/19/24 0:00,0,0
5/19/24 1:00,0,0
5/19/24 2:00,0,0
5/19/24 3:00,0,0
5/19/24 4:00,6.16177E-05,0
5/19/24 5:00,0.09451571,0.02532123
5/19/24 6:00,0.2125864,0.1845811
5/19/24 7:00,0.3247654,0.3035793
5/19/24 8:00,0.6388038,0.5893624
5/19/24 9:00,0.7361535,0.6988119
5/19/24 10:00,1.054965,1.010528
5/19/24 11:00,0.8811908,0.8496972
5/19/24 12:00,0.6360637,0.615487
5/19/24 13:00,0.6574537,0.6295795
5/19/24 14:00,0.3990368,0.3839613
5/19/24 15:00,0.3423648,0.322113
5/19/24 16:00,0.2993071,0.2424808
5/19/24 17:00,0.1033916,0.06724773
5/19/24 18:00,0.002126797,0
5/19/24 19:00,0,0
5/19/24 20:00,0,0
5/19/24 21:00,0,0
5/19/24 22:00,0,0
5/19/24 23:00,0,0
5/20/24 0:00,0,0
5/20/24 1:00,0,0
5/20/24 2:00,0,0
5/20/24 3:00,0,0
5/20/24 4:00,8.16327E-05,0
5/20/24 5:00,0.04072099,0.03809792
5/20/24 6:00,0.1606953,0.150273
5/20/24 7:00,0.2994851,0.2826533
5/20/24 8:00,0.3797873,0.3649014
5/20/24 9:00,0.2798285,0.271663
5/20/24 10:00,0.6184676,0.59786
5/20/24 11:00,0.7737648,0.7470531
5/20/24 12:00,0.7013639,0.6767781
5/20/24 13:00,0.789921,0.7498521
5/20/24 14:00,0.4794797,0.4565426
5/20/24 15:00,0.1919864,0.185905
5/20/24 16:00,0.2433077,0.2135705
5/20/24 17:00,0.08910579,0.0696796
5/20/24 18:00,0.003008503,0
5/20/24 19:00,0,0
5/20/24 20:00,0,0
5/20/24 21:00,0,0
5/20/24 22:00,0,0
5/20/24 23:00,0,0
5/21/24 0:00,0,0
5/21/24 1:00,0,0
5/21/24 2:00,0,0
5/21/24 3:00,0,0
5/21/24 4:00,9.53775E-05,0
5/21/24 5:00,0.07271971,0.04625917
5/21/24 6:00,0.2382353,0.1966302
5/21/24 7:00,0.4650595,0.4057185
5/21/24 8:00,0.5593832,0.5209686
5/21/24 9:00,0.9064414,0.852817
5/21/24 10:00,0.851196,0.8151238
5/21/24 11:00,0.8873052,0.8534019
5/21/24 12:00,0.780783,0.7506191
5/21/24 13:00,0.6989011,0.6661024
5/21/24 14:00,0.7175388,0.6612045
5/21/24 15:00,0.6281498,0.5440699
5/21/24 16:00,0.3881676,0.2897239
5/21/24 17:00,0.09906727,0.07002596
5/21/24 18:00,0.005142007,0
5/21/24 19:00,0,0
5/21/24 20:00,0,0
5/21/24 21:00,0,0
5/21/24 22:00,0,0
5/21/24 23:00,0,0
5/22/24 0:00,0,0
5/22/24 1:00,0,0
5/22/24 2:00,0,0
5/22/24 3:00,0,0
5/22/24 4:00,0.000213356,0
5/22/24 5:00,0.0899207,0.03378401
5/22/24 6:00,0.1995659,0.1770803
5/22/24 7:00,0.2640192,0.251945
5/22/24 8:00,0.287351,0.2781791
5/22/24 9:00,0.512904,0.4937503
5/22/24 10:00,0.8286097,0.793101
5/22/24 11:00,0.7630861,0.7355929
5/22/24 12:00,0.7005237,0.6748973
5/22/24 13:00,0.6557121,0.6262557
5/22/24 14:00,0.4197172,0.4024853
5/22/24 15:00,0.2977408,0.2836799
5/22/24 16:00,0.2052874,0.1888261
5/22/24 17:00,0.08506162,0.07000594
5/22/24 18:00,0.002726948,0
5/22/24 19:00,0,0
5/22/24 20:00,0,0
5/22/24 21:00,0,0
5/22/24 22:00,0,0
5/22/24 23:00,0,0
5/23/24 0:00,0,0
5/23/24 1:00,0,0
5/23/24 2:00,0,0
5/23/24 3:00,0,0
5/23/24 4:00,0.000153497,0
5/23/24 5:00,0.01793385,0.0172281
5/23/24 6:00,0.0885868,0.08553378
5/23/24 7:00,0.176915,0.171222
5/23/24 8:00,0.2121901,0.2058329
5/23/24 9:00,0.2435409,0.2364333
5/23/24 10:00,0.123238,0.1196813
5/23/24 11:00,0.1675248,0.1627054
5/23/24 12:00,0.1276212,0.1239405
5/23/24 13:00,0.3018295,0.2929918
5/23/24 14:00,0.3382884,0.3268987
5/23/24 15:00,0.1956148,0.189354
5/23/24 16:00,0.05062973,0.04905719
5/23/24 17:00,0.04893667,0.04662839
5/23/24 18:00,0.002846326,0
5/23/24 19:00,0,0
5/23/24 20:00,0,0
5/23/24 21:00,0,0
5/23/24 22:00,0,0
5/23/24 23:00,0,0
5/24/24 0:00,0,0
5/24/24 1:00,0,0
5/24/24 2:00,0,0
5/24/24 3:00,0,0
5/24/24 4:00,0.000182325,0
5/24/24 5:00,0.1101668,0.0159976
5/24/24 6:00,0.3635657,0.252323
5/24/24 7:00,0.5622369,0.4756603
5/24/24 8:00,0.7372737,0.6688635
5/24/24 9:00,0.6837452,0.6477049
5/24/24 10:00,0.9605359,0.9142215
5/24/24 11:00,0.979423,0.9371523
5/24/24 12:00,0.7670379,0.7356612
5/24/24 13:00,0.7749426,0.7325695
5/24/24 14:00,0.6348986,0.5877615
5/24/24 15:00,0.4299395,0.3890493
5/24/24 16:00,0.2498079,0.2172229
5/24/24 17:00,0.09073206,0.07211614
5/24/24 18:00,0.005330126,0
5/24/24 19:00,0,0
5/24/24 20:00,0,0
5/24/24 21:00,0,0
5/24/24 22:00,0,0
5/24/24 23:00,0,0
5/25/24 0:00,0,0
5/25/24 1:00,0,0
5/25/24 2:00,0,0
5/25/24 3:00,0,0
5/25/24 4:00,0.000231249,0
5/25/24 5:00,0.09945258,0.02695024
5/25/24 6:00,0.3053109,0.2207277
5/25/24 7:00,0.5466715,0.462315
5/25/24 8:00,0.8172299,0.7390765
5/25/24 9:00,0.9507057,0.888992
5/25/24 10:00,1.03753,0.9857734
5/25/24 11:00,0.9926395,0.948531
5/25/24 12:00,1.037725,0.9877603
5/25/24 13:00,0.9764891,0.9169589
5/25/24 14:00,0.8418545,0.7680219
5/25/24 15:00,0.645286,0.5542773
5/25/24 16:00,0.4114197,0.3027771
5/25/24 17:00,0.1549724,0.04838158
5/25/24 18:00,0.0057607,0
5/25/24 19:00,0,0
5/25/24 20:00,0,0
5/25/24 21:00,0,0
5/25/24 22:00,0,0
5/25/24 23:00,0,0
5/26/24 0:00,0,0
5/26/24 1:00,0,0
5/26/24 2:00,0,0
5/26/24 3:00,0,0
5/26/24 4:00,0.000312331,0
5/26/24 5:00,0.1004006,0.0268186
5/26/24 6:00,0.3249317,0.2286804
5/26/24 7:00,0.5239308,0.4440461
5/26/24 8:00,0.818701,0.7391623
5/26/24 9:00,0.8481796,0.7932353
5/26/24 10:00,0.8882059,0.8446217
5/26/24 11:00,0.9920779,0.9469103
5/26/24 12:00,1.05901,1.006762
5/26/24 13:00,0.865587,0.8130124
5/26/24 14:00,0.7301468,0.6673518
5/26/24 15:00,0.5743704,0.4948207
5/26/24 16:00,0.3217241,0.2514502
5/26/24 17:00,0.1348412,0.05949066
5/26/24 18:00,0.006279954,0
5/26/24 19:00,0,0
5/26/24 20:00,0,0
5/26/24 21:00,0,0
5/26/24 22:00,0,0
5/26/24 23:00,0,0
5/27/24 0:00,0,0
5/27/24 1:00,0,0
5/27/24 2:00,0,0
5/27/24 3:00,0,0
5/27/24 4:00,0.000242542,0
5/27/24 5:00,0.07164285,0.05001194
5/27/24 6:00,0.2915011,0.2144236
5/27/24 7:00,0.4326735,0.3794481
5/27/24 8:00,0.6872784,0.6226739
5/27/24 9:00,0.8851333,0.8259256
5/27/24 10:00,0.846476,0.8052312
5/27/24 11:00,0.8224387,0.7875793
5/27/24 12:00,0.7694163,0.7359527
5/27/24 13:00,0.6106954,0.5832845
5/27/24 14:00,0.5201001,0.4896803
5/27/24 15:00,0.6135491,0.5256754
5/27/24 16:00,0.4010509,0.2942521
5/27/24 17:00,0.1053159,0.07389148
5/27/24 18:00,0.004483625,0
5/27/24 19:00,0,0
5/27/24 20:00,0,0
5/27/24 21:00,0,0
5/27/24 22:00,0,0
5/27/24 23:00,0,0
5/28/24 0:00,0,0
5/28/24 1:00,0,0
5/28/24 2:00,0,0
5/28/24 3:00,0,0
5/28/24 4:00,0.000355057,0
5/28/24 5:00,0.121195,0.01099734
5/28/24 6:00,0.2879316,0.2126889
5/28/24 7:00,0.5781733,0.4843499
5/28/24 8:00,0.6506718,0.5912392
5/28/24 9:00,0.7316206,0.6873094
5/28/24 10:00,0.9028832,0.8563334
5/28/24 11:00,0.8216194,0.7861351
5/28/24 12:00,0.7927853,0.7568009
5/28/24 13:00,0.7831563,0.7368206
5/28/24 14:00,0.7437707,0.6774589
5/28/24 15:00,0.5309368,0.4603955
5/28/24 16:00,0.3044948,0.243672
5/28/24 17:00,0.1206255,0.069807
5/28/24 18:00,0.007335128,0
5/28/24 19:00,0,0
5/28/24 20:00,0,0
5/28/24 21:00,0,0
5/28/24 22:00,0,0
5/28/24 23:00,0,0
5/29/24 0:00,0,0
5/29/24 1:00,0,0
5/29/24 2:00,0,0
5/29/24 3:00,0,0
5/29/24 4:00,0.000328862,0
5/29/24 5:00,0.07583208,0.04932286
5/29/24 6:00,0.2588849,0.2025812
5/29/24 7:00,0.5283672,0.4446754
5/29/24 8:00,0.6624758,0.6001813
5/29/24 9:00,0.9266357,0.8620825
5/29/24 10:00,0.6856378,0.6568254
5/29/24 11:00,0.4261125,0.4135185
5/29/24 12:00,0.399047,0.3872275
5/29/24 13:00,0.6456205,0.6138976
5/29/24 14:00,0.5721586,0.5327251
5/29/24 15:00,0.399341,0.3652028
5/29/24 16:00,0.2902122,0.2373772
5/29/24 17:00,0.03872006,0.0371091
5/29/24 18:00,0.00400028,0
5/29/24 19:00,0,0
5/29/24 20:00,0,0
5/29/24 21:00,0,0
5/29/24 22:00,0,0
5/29/24 23:00,0,0
5/30/24 0:00,0,0
5/30/24 1:00,0,0
5/30/24 2:00,0,0
5/30/24 3:00,0,0
5/30/24 4:00,0.000344259,0
5/30/24 5:00,0.04883303,0.04473087
5/30/24 6:00,0.104641,0.1008389
5/30/24 7:00,0.3915624,0.3501585
5/30/24 8:00,0.657996,0.5956817
5/30/24 9:00,0.5967905,0.5675132
5/30/24 10:00,0.6551714,0.6284876
5/30/24 11:00,0.9556196,0.9088351
5/30/24 12:00,1.106604,1.047297
5/30/24 13:00,0.8157401,0.7645133
5/30/24 14:00,0.4396568,0.4192723
5/30/24 15:00,0.5101455,0.4443007
5/30/24 16:00,0.3292763,0.2544582
5/30/24 17:00,0.1548279,0.05389939
5/30/24 18:00,0.00991154,0
5/30/24 19:00,0,0
5/30/24 20:00,0,0
5/30/24 21:00,0,0
5/30/24 22:00,0,0
5/30/24 23:00,0,0
5/31/24 0:00,0,0
5/31/24 1:00,0,0
5/31/24 2:00,0,0
5/31/24 3:00,0,0
5/31/24 4:00,0.000516296,0
5/31/24 5:00,0.08678482,0.04312913
5/31/24 6:00,0.2699358,0.2054738
5/31/24 7:00,0.4716099,0.4032047
5/31/24 8:00,0.727849,0.65355
5/31/24 9:00,0.7495908,0.7009848
5/31/24 10:00,0.6632118,0.6355202
5/31/24 11:00,0.8274374,0.7895788
5/31/24 12:00,1.034577,0.9784394
5/31/24 13:00,0.9916766,0.924742
5/31/24 14:00,0.7843699,0.7106158
5/31/24 15:00,0.5303161,0.458432
5/31/24 16:00,0.4183418,0.304106
5/31/24 17:00,0.1785732,0.04963423
5/31/24 18:00,0.01003737,0
5/31/24 19:00,0,0
5/31/24 20:00,0,0
5/31/24 21:00,0,0
5/31/24 22:00,0,0
5/31/24 23:00,0,0
6/1/24 0:00,0,0
6/1/24 1:00,0,0
6/1/24 2:00,0,0
6/1/24 3:00,0,0
6/1/24 4:00,0.000338634,0
6/1/24 5:00,0.05290443,0.04740021
6/1/24 6:00,0.1861947,0.1680934
6/1/24 7:00,0.2926566,0.2755444
6/1/24 8:00,0.1410431,0.1368496
6/1/24 9:00,0.2257367,0.2191024
6/1/24 10:00,0.09674814,0.09394589
6/1/24 11:00,0.08732624,0.0847994
6/1/24 12:00,0.2052417,0.1992983
6/1/24 13:00,0.3326242,0.3226225
6/1/24 14:00,0.1442402,0.1399755
6/1/24 15:00,0.1371846,0.1329591
6/1/24 16:00,0.1485011,0.1423435
6/1/24 17:00,0.05304864,0.05055214
6/1/24 18:00,0.003231855,0
6/1/24 19:00,0,0
6/1/24 20:00,0,0
6/1/24 21:00,0,0
6/1/24 22:00,0,0
6/1/24 23:00,0,0
6/2/24 0:00,0,0
6/2/24 1:00,0,0
6/2/24 2:00,0,0
6/2/24 3:00,0,0
6/2/24 4:00,0.000540397,0
6/2/24 5:00,0.01011619,0.00976924
6/2/24 6:00,0.04531493,0.04387633
6/2/24 7:00,0.1196891,0.1159735
6/2/24 8:00,0.2518293,0.2439724
6/2/24 9:00,0.09232112,0.08963463
6/2/24 10:00,0.1854338,0.1800572
6/2/24 11:00,0.1666314,0.1618148
6/2/24 12:00,0.2426844,0.2356454
6/2/24 13:00,0.08422861,0.08178148
6/2/24 14:00,0.05189155,0.05037685
6/2/24 15:00,0.0378992,0.03678338
6/2/24 16:00,0.05066193,0.04908387
6/2/24 17:00,0.03424114,0.03289003
6/2/24 18:00,0.00208706,0
6/2/24 19:00,0,0
6/2/24 20:00,0,0
6/2/24 21:00,0,0
6/2/24 22:00,0,0
6/2/24 23:00,0,0
6/3/24 0:00,0,0
6/3/24 1:00,0,0
6/3/24 2:00,0,0
6/3/24 3:00,0,0
6/3/24 4:00,0.000427487,0
6/3/24 5:00,0.02323737,0.02226046
6/3/24 6:00,0.05819286,0.05629187
6/3/24 7:00,0.1671868,0.1617927
6/3/24 8:00,0.1136543,0.1102921
6/3/24 9:00,0.1592763,0.1546195
6/3/24 10:00,0.2610935,0.2534966
6/3/24 11:00,0.1303691,0.1265988
6/3/24 12:00,0.2968363,0.2881981
6/3/24 13:00,0.2724499,0.264423
6/3/24 14:00,0.1771407,0.1718639
6/3/24 15:00,0.224784,0.216971
6/3/24 16:00,0.1663349,0.1581817
6/3/24 17:00,0.0300856,0.02894429
6/3/24 18:00,0.001203403,0
6/3/24 19:00,0,0
6/3/24 20:00,0,0
6/3/24 21:00,0,0
6/3/24 22:00,0,0
6/3/24 23:00,0,0
6/4/24 0:00,0,0
6/4/24 1:00,0,0
6/4/24 2:00,0,0
6/4/24 3:00,0,0
6/4/24 4:00,0.000367378,0
6/4/24 5:00,0.01835447,0.01763848
6/4/24 6:00,0.05896322,0.05703202
6/4/24 7:00,0.09302019,0.09017849
6/4/24 8:00,0.01679765,0.01630764
6/4/24 9:00,0.1845757,0.1791636
6/4/24 10:00,0.4147727,0.4020557
6/4/24 11:00,0.4198549,0.4072829
6/4/24 12:00,0.3221183,0.3127075
6/4/24 13:00,0.4395994,0.4245583
6/4/24 14:00,0.2046096,0.1984743
6/4/24 15:00,0.09827072,0.09530015
6/4/24 16:00,0.06579095,0.06369289
6/4/24 17:00,0.04140215,0.03967522
6/4/24 18:00,0.003983153,0
6/4/24 19:00,0,0
6/4/24 20:00,0,0
6/4/24 21:00,0,0
6/4/24 22:00,0,0
6/4/24 23:00,0,0
6/5/24 0:00,0,0
6/5/24 1:00,0,0
6/5/24 2:00,0,0
6/5/24 3:00,0,0
6/5/24 4:00,0.000712139,0
6/5/24 5:00,0.08848243,0.04283863
6/5/24 6:00,0.3348171,0.2263116
6/5/24 7:00,0.5194451,0.4327654
6/5/24 8:00,0.6113573,0.5540652
6/5/24 9:00,0.551782,0.5258682
6/5/24 10:00,0.4490989,0.4348423
6/5/24 11:00,0.6488152,0.6236113
6/5/24 12:00,0.6055592,0.582251
6/5/24 13:00,0.5566226,0.5323765
6/5/24 14:00,0.7258816,0.6568776
6/5/24 15:00,0.5266146,0.4539901
6/5/24 16:00,0.3298925,0.2549549
6/5/24 17:00,0.1464828,0.06579412
6/5/24 18:00,0.008532949,0
6/5/24 19:00,0,0
6/5/24 20:00,0,0
6/5/24 21:00,0,0
6/5/24 22:00,0,0
6/5/24 23:00,0,0
6/6/24 0:00,0,0
6/6/24 1:00,0,0
6/6/24 2:00,0,0
6/6/24 3:00,0,0
6/6/24 4:00,0.000374095,0
6/6/24 5:00,0.04558577,0.04246077
6/6/24 6:00,0.1225192,0.1174363
6/6/24 7:00,0.1437067,0.1391518
6/6/24 8:00,0.1718943,0.1667261
6/6/24 9:00,0.4208021,0.4060851
6/6/24 10:00,0.6380258,0.6108334
6/6/24 11:00,0.7064993,0.676388
6/6/24 12:00,0.9057449,0.8544508
6/6/24 13:00,0.8997875,0.835587
6/6/24 14:00,0.6110274,0.5619145
6/6/24 15:00,0.3394342,0.3181286
6/6/24 16:00,0.168593,0.1602122
6/6/24 17:00,0.06127482,0.05806183
6/6/24 18:00,0.001375597,0
6/6/24 19:00,0,0
6/6/24 20:00,0,0
6/6/24 21:00,0,0
6/6/24 22:00,0,0
6/6/24 23:00,0,0
6/7/24 0:00,0,0
6/7/24 1:00,0,0
6/7/24 2:00,0,0
6/7/24 3:00,0,0
6/7/24 4:00,0.000526346,0
6/7/24 5:00,0.05794831,0.05005888
6/7/24 6:00,0.1467147,0.1385282
6/7/24 7:00,0.3465347,0.3162589
6/7/24 8:00,0.2763646,0.2673459
6/7/24 9:00,0.3206823,0.3108863
6/7/24 10:00,0.3283743,0.3187047
6/7/24 11:00,0.1500606,0.1457164
6/7/24 12:00,0.2586198,0.2510935
6/7/24 13:00,0.3002095,0.2912701
6/7/24 14:00,0.1987381,0.192778
6/7/24 15:00,0.08511661,0.08255814
6/7/24 16:00,0.0303692,0.02945046
6/7/24 17:00,0.01472225,0.0142372
6/7/24 18:00,0.002250596,0
6/7/24 19:00,0,0
6/7/24 20:00,0,0
6/7/24 21:00,0,0
6/7/24 22:00,0,0
6/7/24 23:00,0,0
6/8/24 0:00,0,0
6/8/24 1:00,0,0
6/8/24 2:00,0,0
6/8/24 3:00,0,0
6/8/24 4:00,0.000394795,0
6/8/24 5:00,0.003324211,0.003221991
6/8/24 6:00,0.01077187,0.01045188
6/8/24 7:00,0.03051982,0.02961921
6/8/24 8:00,0.06028525,0.05851768
6/8/24 9:00,0.1375944,0.1335712
6/8/24 10:00,0.1121688,0.108915
6/8/24 11:00,0.4665329,0.4519425
6/8/24 12:00,0.3288626,0.319212
6/8/24 13:00,0.198374,0.1925619
6/8/24 14:00,0.3005718,0.290801
6/8/24 15:00,0.139348,0.1350382
6/8/24 16:00,0.132643,0.127764
6/8/24 17:00,0.08150481,0.07351694
6/8/24 18:00,0.004029859,0
6/8/24 19:00,0,0
6/8/24 20:00,0,0
6/8/24 21:00,0,0
6/8/24 22:00,0,0
6/8/24 23:00,0,0
6/9/24 0:00,0,0
6/9/24 1:00,0,0
6/9/24 2:00,0,0
6/9/24 3:00,0,0
6/9/24 4:00,0.000581113,0
6/9/24 5:00,0.04914882,0.04508153
6/9/24 6:00,0.1773372,0.1614867
6/9/24 7:00,0.1918976,0.1853044
6/9/24 8:00,0.2010847,0.1949743
6/9/24 9:00,0.1705514,0.1655466
6/9/24 10:00,0.5791813,0.5564682
6/9/24 11:00,0.3500549,0.3397855
6/9/24 12:00,0.293376,0.2848102
6/9/24 13:00,0.5374708,0.5146016
6/9/24 14:00,0.7306473,0.6592693
6/9/24 15:00,0.4090145,0.3712977
6/9/24 16:00,0.07605228,0.07358757
6/9/24 17:00,0.02055242,0.01984329
6/9/24 18:00,0.00062845,0
6/9/24 19:00,0,0
6/9/24 20:00,0,0
6/9/24 21:00,0,0
6/9/24 22:00,0,0
6/9/24 23:00,0,0
6/10/24 0:00,0,0
6/10/24 1:00,0,0
6/10/24 2:00,0,0
6/10/24 3:00,0,0
6/10/24 4:00,0.000316618,0
6/10/24 5:00,0.02854074,0.02724238
6/10/24 6:00,0.06665106,0.06441651
6/10/24 7:00,0.04039478,0.03919623
6/10/24 8:00,0.0910103,0.08832446
6/10/24 9:00,0.4060353,0.3920394
6/10/24 10:00,0.5083526,0.4905834
6/10/24 11:00,0.7491372,0.7141066
6/10/24 12:00,0.6667016,0.637391
6/10/24 13:00,0.6394984,0.6052085
6/10/24 14:00,0.6172884,0.5660884
6/10/24 15:00,0.4233696,0.3815612
6/10/24 16:00,0.2938149,0.2406901
6/10/24 17:00,0.1104853,0.0835286
6/10/24 18:00,0.009924704,0
6/10/24 19:00,0,0
6/10/24 20:00,0,0
6/10/24 21:00,0,0
6/10/24 22:00,0,0
6/10/24 23:00,0,0
6/11/24 0:00,0,0
6/11/24 1:00,0,0
6/11/24 2:00,0,0
6/11/24 3:00,0,0
6/11/24 4:00,0.000526601,0
6/11/24 5:00,0.03659745,0.03472733
6/11/24 6:00,0.1124508,0.1080952
6/11/24 7:00,0.244934,0.233983
6/11/24 8:00,0.3151521,0.3037683
6/11/24 9:00,0.3277999,0.3176717
6/11/24 10:00,0.3601071,0.3493304
6/11/24 11:00,0.2300378,0.2233588
6/11/24 12:00,0.3197175,0.3103373
6/11/24 13:00,0.2872082,0.2786764
6/11/24 14:00,0.2379651,0.2307283
6/11/24 15:00,0.1278909,0.1239582
6/11/24 16:00,0.1270377,0.1224956
6/11/24 17:00,0.02196862,0.02120434
6/11/24 18:00,0.002955638,0
6/11/24 19:00,0,0
6/11/24 20:00,0,0
6/11/24 21:00,0,0
6/11/24 22:00,0,0
6/11/24 23:00,0,0
6/12/24 0:00,0,0
6/12/24 1:00,0,0
6/12/24 2:00,0,0
6/12/24 3:00,0,0
6/12/24 4:00,0.000677002,0
6/12/24 5:00,0.1210022,0.01224065
6/12/24 6:00,0.3288385,0.2189762
6/12/24 7:00,0.5459632,0.4476542
6/12/24 8:00,0.7928228,0.7014225
6/12/24 9:00,1.018717,0.935114
6/12/24 10:00,1.074927,1.005165
6/12/24 11:00,0.9787988,0.9220861
6/12/24 12:00,1.033225,0.9692596
6/12/24 13:00,0.805872,0.7494296
6/12/24 14:00,0.5900419,0.5438645
6/12/24 15:00,0.6023194,0.5088637
6/12/24 16:00,0.4179544,0.3013682
6/12/24 17:00,0.1908935,0.05891458
6/12/24 18:00,0.0127335,0
6/12/24 19:00,0,0
6/12/24 20:00,0,0
6/12/24 21:00,0,0
6/12/24 22:00,0,0
6/12/24 23:00,0,0
6/13/24 0:00,0,0
6/13/24 1:00,0,0
6/13/24 2:00,0,0
6/13/24 3:00,0,0
6/13/24 4:00,0.000469746,0
6/13/24 5:00,0.1074786,0.02269299
6/13/24 6:00,0.2768631,0.2013279
6/13/24 7:00,0.4942545,0.4107736
6/13/24 8:00,0.4922974,0.4572364
6/13/24 9:00,0.7171909,0.666596
6/13/24 10:00,0.9742818,0.9112463
6/13/24 11:00,0.9482548,0.8936313
6/13/24 12:00,0.9463027,0.8884993
6/13/24 13:00,0.8765303,0.8117108
6/13/24 14:00,0.7657051,0.6880019
6/13/24 15:00,0.6260924,0.5276807
6/13/24 16:00,0.4342537,0.3124884
6/13/24 17:00,0.1683993,0.06482807
6/13/24 18:00,0.01364072,0
6/13/24 19:00,0,0
6/13/24 20:00,0,0
6/13/24 21:00,0,0
6/13/24 22:00,0,0
6/13/24 23:00,0,0
6/14/24 0:00,0,0
6/14/24 1:00,0,0
6/14/24 2:00,0,0
6/14/24 3:00,0,0
6/14/24 4:00,0.000498039,0
6/14/24 5:00,0.08977815,0.04008424
6/14/24 6:00,0.340972,0.2233672
6/14/24 7:00,0.4502169,0.3820025
6/14/24 8:00,0.7482318,0.661596
6/14/24 9:00,1.007123,0.9235768
6/14/24 10:00,1.068543,0.9983582
6/14/24 11:00,1.112193,1.045799
6/14/24 12:00,1.08699,1.018709
6/14/24 13:00,0.7710409,0.7186478
6/14/24 14:00,0.7129512,0.6433236
6/14/24 15:00,0.4539022,0.4029395
6/14/24 16:00,0.3766663,0.2778803
6/14/24 17:00,0.17578,0.06330652
6/14/24 18:00,0.01089848,0
6/14/24 19:00,0,0
6/14/24 20:00,0,0
6/14/24 21:00,0,0
6/14/24 22:00,0,0
6/14/24 23:00,0,0
6/15/24 0:00,0,0
6/15/24 1:00,0,0
6/15/24 2:00,0,0
6/15/24 3:00,0,0
6/15/24 4:00,0.000361839,0
6/15/24 5:00,0.09523641,0.03428743
6/15/24 6:00,0.3279967,0.2167729
6/15/24 7:00,0.5585569,0.4556477
6/15/24 8:00,0.7000667,0.6205967
6/15/24 9:00,0.9274046,0.8506451
6/15/24 10:00,0.9850147,0.9204386
6/15/24 11:00,1.051141,0.9883351
6/15/24 12:00,1.093943,1.024896
6/15/24 13:00,0.9009105,0.8331629
6/15/24 14:00,0.7249443,0.6531872
6/15/24 15:00,0.5642999,0.4798816
6/15/24 16:00,0.3355285,0.2595065
6/15/24 17:00,0.1603094,0.07075711
6/15/24 18:00,0.0138596,0
6/15/24 19:00,0,0
6/15/24 20:00,0,0
6/15/24 21:00,0,0
6/15/24 22:00,0,0
6/15/24 23:00,0,0
6/16/24 0:00,0,0
6/16/24 1:00,0,0
6/16/24 2:00,0,0
6/16/24 3:00,0,0
6/16/24 4:00,0.000291581,0
6/16/24 5:00,0.09251358,0.03647743
6/16/24 6:00,0.2577704,0.1948909
6/16/24 7:00,0.3073353,0.2855458
6/16/24 8:00,0.676254,0.6007863
6/16/24 9:00,0.9004808,0.8258113
6/16/24 10:00,0.8014151,0.7545163
6/16/24 11:00,1.031516,0.9697228
6/16/24 12:00,0.769442,0.7287473
6/16/24 13:00,0.6718417,0.6326655
6/16/24 14:00,0.7352681,0.6617454
6/16/24 15:00,0.4341684,0.3893905
6/16/24 16:00,0.2797375,0.2357451
6/16/24 17:00,0.1123158,0.08687407
6/16/24 18:00,0.01103189,0
6/16/24 19:00,0,0
6/16/24 20:00,0,0
6/16/24 21:00,0,0
6/16/24 22:00,0,0
6/16/24 23:00,0,0
6/17/24 0:00,0,0
6/17/24 1:00,0,0
6/17/24 2:00,0,0
6/17/24 3:00,0,0
6/17/24 4:00,0.00042527,0
6/17/24 5:00,0.0616506,0.05037135
6/17/24 6:00,0.1078623,0.1037458
6/17/24 7:00,0.1705361,0.1649168
6/17/24 8:00,0.1889258,0.1831836
6/17/24 9:00,0.4754108,0.4558583
6/17/24 10:00,0.4232003,0.4098061
6/17/24 11:00,0.3919518,0.3802032
6/17/24 12:00,0.4587003,0.4439126
6/17/24 13:00,0.3559591,0.3448946
6/17/24 14:00,0.1468385,0.1424771
6/17/24 15:00,0.1626249,0.1575232
6/17/24 16:00,0.1181454,0.1140533
6/17/24 17:00,0.06520385,0.06186286
6/17/24 18:00,0.004712187,0
6/17/24 19:00,0,0
6/17/24 20:00,0,0
6/17/24 21:00,0,0
6/17/24 22:00,0,0
6/17/24 23:00,0,0
6/18/24 0:00,0,0
6/18/24 1:00,0,0
6/18/24 2:00,0,0
6/18/24 3:00,0,0
6/18/24 4:00,0.000473576,0
6/18/24 5:00,0.08808929,0.03948967
6/18/24 6:00,0.2410834,0.1894002
6/18/24 7:00,0.3440235,0.3123148
6/18/24 8:00,0.4877267,0.4527233
6/18/24 9:00,0.4915514,0.4704191
6/18/24 10:00,0.6697842,0.6374993
6/18/24 11:00,0.8932584,0.8424302
6/18/24 12:00,0.9009604,0.8462892
6/18/24 13:00,0.6672616,0.6286167
6/18/24 14:00,0.6022651,0.5534671
6/18/24 15:00,0.4665578,0.4119684
6/18/24 16:00,0.2837121,0.2381555
6/18/24 17:00,0.1330111,0.08568168
6/18/24 18:00,0.01328849,0
6/18/24 19:00,0,0
6/18/24 20:00,0,0
6/18/24 21:00,0,0
6/18/24 22:00,0,0
6/18/24 23:00,0,0
6/19/24 0:00,0,0
6/19/24 1:00,0,0
6/19/24 2:00,0,0
6/19/24 3:00,0,0
6/19/24 4:00,0.000374447,0
6/19/24 5:00,0.06608852,0.05027742
6/19/24 6:00,0.2016791,0.1739686
6/19/24 7:00,0.4298418,0.3676104
6/19/24 8:00,0.6110237,0.5484136
6/19/24 9:00,0.6634425,0.6197348
6/19/24 10:00,0.9012362,0.8431242
6/19/24 11:00,0.9149361,0.8619791
6/19/24 12:00,0.8947014,0.8405614
6/19/24 13:00,0.832078,0.7714633
6/19/24 14:00,0.5474419,0.5092312
6/19/24 15:00,0.3817791,0.351649
6/19/24 16:00,0.199028,0.1858514
6/19/24 17:00,0.08814254,0.07931905
6/19/24 18:00,0.008096307,0
6/19/24 19:00,0,0
6/19/24 20:00,0,0
6/19/24 21:00,0,0
6/19/24 22:00,0,0
6/19/24 23:00,0,0
6/20/24 0:00,0,0
6/20/24 1:00,0,0
6/20/24 2:00,0,0
6/20/24 3:00,0,0
6/20/24 4:00,0.000442431,0
6/20/24 5:00,0.07357929,0.04825605
6/20/24 6:00,0.2524001,0.1915981
6/20/24 7:00,0.2423043,0.2312998
6/20/24 8:00,0.4225484,0.3989791
6/20/24 9:00,0.337344,0.3267297
6/20/24 10:00,0.3734997,0.3621645
6/20/24 11:00,0.1706168,0.1656661
6/20/24 12:00,0.4244752,0.4112569
6/20/24 13:00,0.5069719,0.4865042
6/20/24 14:00,0.3177627,0.30707
6/20/24 15:00,0.1399588,0.1356273
6/20/24 16:00,0.1541537,0.1477852
6/20/24 17:00,0.1098428,0.08825557
6/20/24 18:00,0.01198431,0
6/20/24 19:00,0,0
6/20/24 20:00,0,0
6/20/24 21:00,0,0
6/20/24 22:00,0,0
6/20/24 23:00,0,0
6/21/24 0:00,0,0
6/21/24 1:00,0,0
6/21/24 2:00,0,0
6/21/24 3:00,0,0
6/21/24 4:00,0.000208881,0
6/21/24 5:00,0.09321301,0.03225531
6/21/24 6:00,0.2973966,0.2024176
6/21/24 7:00,0.5088364,0.4174899
6/21/24 8:00,0.579639,0.5238286
6/21/24 9:00,0.8092558,0.7438413
6/21/24 10:00,0.8787381,0.8227113
6/21/24 11:00,0.8204207,0.7766237
6/21/24 12:00,0.6997771,0.6662871
6/21/24 13:00,0.8517782,0.7888871
6/21/24 14:00,0.7785474,0.6986713
6/21/24 15:00,0.4963591,0.4328032
6/21/24 16:00,0.4170341,0.3026065
6/21/24 17:00,0.1533678,0.08026632
6/21/24 18:00,0.01606513,0
6/21/24 19:00,0,0
6/21/24 20:00,0,0
6/21/24 21:00,0,0
6/21/24 22:00,0,0
6/21/24 23:00,0,0
6/22/24 0:00,0,0
6/22/24 1:00,0,0
6/22/24 2:00,0,0
6/22/24 3:00,0,0
6/22/24 4:00,0.000269914,0
6/22/24 5:00,0.09296101,0.03165178
6/22/24 6:00,0.2425255,0.1880749
6/22/24 7:00,0.4459364,0.3766793
6/22/24 8:00,0.7459327,0.6574261
6/22/24 9:00,0.8494743,0.7790448
6/22/24 10:00,0.8544286,0.8009378
6/22/24 11:00,0.844098,0.7978901
6/22/24 12:00,0.6567752,0.6275943
6/22/24 13:00,0.5370467,0.5138405
6/22/24 14:00,0.3072889,0.2971713
6/22/24 15:00,0.3642832,0.3384708
6/22/24 16:00,0.3232328,0.256804
6/22/24 17:00,0.1295866,0.08920375
6/22/24 18:00,0.009411027,0
6/22/24 19:00,0,0
6/22/24 20:00,0,0
6/22/24 21:00,0,0
6/22/24 22:00,0,0
6/22/24 23:00,0,0
6/23/24 0:00,0,0
6/23/24 1:00,0,0
6/23/24 2:00,0,0
6/23/24 3:00,0,0
6/23/24 4:00,0.000229943,0
6/23/24 5:00,0.08270374,0.04057214
6/23/24 6:00,0.2178977,0.1797979
6/23/24 7:00,0.5408523,0.439749
6/23/24 8:00,0.8021041,0.7061244
6/23/24 9:00,0.8234001,0.7560544
6/23/24 10:00,0.9923972,0.9261293
6/23/24 11:00,1.075583,1.010324
6/23/24 12:00,1.110182,1.039397
6/23/24 13:00,1.007334,0.9302075
6/23/24 14:00,0.8018579,0.7192531
6/23/24 15:00,0.6562154,0.5531152
6/23/24 16:00,0.3922862,0.2889929
6/23/24 17:00,0.1491724,0.08380952
6/23/24 18:00,0.01426456,0
6/23/24 19:00,0,0
6/23/24 20:00,0,0
6/23/24 21:00,0,0
6/23/24 22:00,0,0
6/23/24 23:00,0,0
6/24/24 0:00,0,0
6/24/24 1:00,0,0
6/24/24 2:00,0,0
6/24/24 3:00,0,0
6/24/24 4:00,0.00017995,0
6/24/24 5:00,0.07725918,0.04388485
6/24/24 6:00,0.2386915,0.1861375
6/24/24 7:00,0.5162566,0.4219061
6/24/24 8:00,0.7274181,0.6414824
6/24/24 9:00,0.8072441,0.741953
6/24/24 10:00,0.8106828,0.7620881
6/24/24 11:00,0.857829,0.8103366
6/24/24 12:00,0.8838508,0.8309481
6/24/24 13:00,0.7429442,0.6942487
6/24/24 14:00,0.7395622,0.6659642
6/24/24 15:00,0.4992076,0.4354346
6/24/24 16:00,0.2577743,0.2261597
6/24/24 17:00,0.1525834,0.08318672
6/24/24 18:00,0.0156901,0
6/24/24 19:00,0,0
6/24/24 20:00,0,0
6/24/24 21:00,0,0
6/24/24 22:00,0,0
6/24/24 23:00,0,0
6/25/24 0:00,0,0
6/25/24 1:00,0,0
6/25/24 2:00,0,0
6/25/24 3:00,0,0
6/25/24 4:00,0.000144634,0
6/25/24 5:00,0.01993939,0.01912271
6/25/24 6:00,0.1433734,0.134875
6/25/24 7:00,0.1839305,0.1776216
6/25/24 8:00,0.1842133,0.1786145
6/25/24 9:00,0.08780262,0.08524083
6/25/24 10:00,0.2193227,0.2129195
6/25/24 11:00,0.1142287,0.1109173
6/25/24 12:00,0.3321087,0.3223172
6/25/24 13:00,0.2861556,0.2776506
6/25/24 14:00,0.1347043,0.1307158
6/25/24 15:00,0.08686502,0.08425291
6/25/24 16:00,0.09380986,0.09070504
6/25/24 17:00,0.02562023,0.02472415
6/25/24 18:00,0.003914487,0
6/25/24 19:00,0,0
6/25/24 20:00,0,0
6/25/24 21:00,0,0
6/25/24 22:00,0,0
6/25/24 23:00,0,0
6/26/24 0:00,0,0
6/26/24 1:00,0,0
6/26/24 2:00,0,0
6/26/24 3:00,0,0
6/26/24 4:00,3.92423E-05,0
6/26/24 5:00,0.004537064,0.004393897
6/26/24 6:00,0.08747099,0.08432814
6/26/24 7:00,0.1371978,0.1328189
6/26/24 8:00,0.4199982,0.3965256
6/26/24 9:00,0.6274976,0.5889019
6/26/24 10:00,0.4500233,0.4352766
6/26/24 11:00,0.3214087,0.3120003
6/26/24 12:00,0.3113034,0.3021711
6/26/24 13:00,0.5442052,0.5204811
6/26/24 14:00,0.5534921,0.5148659
6/26/24 15:00,0.3084751,0.2929126
6/26/24 16:00,0.2912873,0.2440616
6/26/24 17:00,0.07776474,0.07268869
6/26/24 18:00,0.01335145,0
6/26/24 19:00,0,0
6/26/24 20:00,0,0
6/26/24 21:00,0,0
6/26/24 22:00,0,0
6/26/24 23:00,0,0
6/27/24 0:00,0,0
6/27/24 1:00,0,0
6/27/24 2:00,0,0
6/27/24 3:00,0,0
6/27/24 4:00,9.67788E-05,0
6/27/24 5:00,0.05575451,0.04656499
6/27/24 6:00,0.1945281,0.1684571
6/27/24 7:00,0.2247684,0.2154496
6/27/24 8:00,0.1679956,0.1629167
6/27/24 9:00,0.07908341,0.07677754
6/27/24 10:00,0.1730074,0.1679712
6/27/24 11:00,0.5685034,0.5478719
6/27/24 12:00,0.4711428,0.4557757
6/27/24 13:00,0.4171812,0.4032037
6/27/24 14:00,0.3029301,0.2930773
6/27/24 15:00,0.1636094,0.1584905
6/27/24 16:00,0.1618511,0.1548798
6/27/24 17:00,0.06706928,0.06374346
6/27/24 18:00,0.0105205,0
6/27/24 19:00,0,0
6/27/24 20:00,0,0
6/27/24 21:00,0,0
6/27/24 22:00,0,0
6/27/24 23:00,0,0
6/28/24 0:00,0,0
6/28/24 1:00,0,0
6/28/24 2:00,0,0
6/28/24 3:00,0,0
6/28/24 4:00,7.07201E-05,0
6/28/24 5:00,0.07360681,0.04305585
6/28/24 6:00,0.2841325,0.1951262
6/28/24 7:00,0.4430458,0.3737117
6/28/24 8:00,0.7522029,0.6629215
6/28/24 9:00,0.853537,0.7830179
6/28/24 10:00,0.9076334,0.8492722
6/28/24 11:00,0.7972088,0.7563331
6/28/24 12:00,1.035964,0.9713625
6/28/24 13:00,0.87866,0.8141613
6/28/24 14:00,0.6982223,0.6326963
6/28/24 15:00,0.2614419,0.2511814
6/28/24 16:00,0.2316613,0.2105615
6/28/24 17:00,0.1159536,0.09191153
6/28/24 18:00,0.01098019,0
6/28/24 19:00,0,0
6/28/24 20:00,0,0
6/28/24 21:00,0,0
6/28/24 22:00,0,0
6/28/24 23:00,0,0
6/29/24 0:00,0,0
6/29/24 1:00,0,0
6/29/24 2:00,0,0
6/29/24 3:00,0,0
6/29/24 4:00,4.22681E-05,0
6/29/24 5:00,0.09810179,0.0192243
6/29/24 6:00,0.2974409,0.198383
6/29/24 7:00,0.5326579,0.4331703
6/29/24 8:00,0.6605132,0.5866048
6/29/24 9:00,0.3796343,0.3669139
6/29/24 10:00,0.8430617,0.791496
6/29/24 11:00,0.8066157,0.7649801
6/29/24 12:00,0.8839002,0.8320401
6/29/24 13:00,0.868661,0.8055674
6/29/24 14:00,0.8611522,0.7737743
6/29/24 15:00,0.5385559,0.4645289
6/29/24 16:00,0.3874108,0.2892939
6/29/24 17:00,0.177221,0.07724964
6/29/24 18:00,0.01699912,0
6/29/24 19:00,0,0
6/29/24 20:00,0,0
6/29/24 21:00,0,0
6/29/24 22:00,0,0
6/29/24 23:00,0,0
6/30/24 0:00,0,0
6/30/24 1:00,0,0
6/30/24 2:00,0,0
6/30/24 3:00,0,0
6/30/24 4:00,1.5874E-05,0
6/30/24 5:00,0.07337511,0.04144364
6/30/24 6:00,0.1912655,0.1660887
6/30/24 7:00,0.3216808,0.2948746
6/30/24 8:00,0.479414,0.4453096
6/30/24 9:00,0.595564,0.5617885
6/30/24 10:00,0.6445781,0.6150997
6/30/24 11:00,0.7111238,0.6790401
6/30/24 12:00,0.7864028,0.7447897
6/30/24 13:00,0.9131521,0.8460115
6/30/24 14:00,0.6313234,0.5788563
6/30/24 15:00,0.5956511,0.5071307
6/30/24 16:00,0.3098499,0.2539923
6/30/24 17:00,0.1357533,0.09217406
6/30/24 18:00,0.01571036,0
6/30/24 19:00,0,0
6/30/24 20:00,0,0
6/30/24 21:00,0,0
6/30/24 22:00,0,0
6/30/24 23:00,0,0
7/1/24 0:00,0,0
7/1/24 1:00,0,0
7/1/24 2:00,0,0
7/1/24 3:00,0,0
7/1/24 4:00,7.80085E-06,0
7/1/24 5:00,0.03741957,0.03514597
7/1/24 6:00,0.1296733,0.1231337
7/1/24 7:00,0.4015953,0.3479243
7/1/24 8:00,0.348666,0.3340973
7/1/24 9:00,0.400721,0.3867773
7/1/24 10:00,0.5326963,0.5129776
7/1/24 11:00,0.4756947,0.460533
7/1/24 12:00,0.6944929,0.6625262
7/1/24 13:00,0.5035091,0.483811
7/1/24 14:00,0.3464828,0.3342233
7/1/24 15:00,0.1750496,0.1695508
7/1/24 16:00,0.1081923,0.1045496
7/1/24 17:00,0.03168408,0.03053699
7/1/24 18:00,0.004025343,0
7/1/24 19:00,0,0
7/1/24 20:00,0,0
7/1/24 21:00,0,0
7/1/24 22:00,0,0
7/1/24 23:00,0,0
7/2/24 0:00,0,0
7/2/24 1:00,0,0
7/2/24 2:00,0,0
7/2/24 3:00,0,0
7/2/24 4:00,1.34808E-06,0
7/2/24 5:00,0.02554709,0.02436895
7/2/24 6:00,0.03308108,0.0320432
7/2/24 7:00,0.02198711,0.02133992
7/2/24 8:00,0.2026475,0.196455
7/2/24 9:00,0.167867,0.1629337
7/2/24 10:00,0.2228055,0.2163076
7/2/24 11:00,0.3374128,0.3275287
7/2/24 12:00,0.2485582,0.2413217
7/2/24 13:00,0.2406789,0.2335999
7/2/24 14:00,0.3197074,0.3090647
7/2/24 15:00,0.1817213,0.1759871
7/2/24 16:00,0.1557222,0.149435
7/2/24 17:00,0.1127984,0.09217191
7/2/24 18:00,0.003126442,0
7/2/24 19:00,0,0
7/2/24 20:00,0,0
7/2/24 21:00,0,0
7/2/24 22:00,0,0
7/2/24 23:00,0,0
7/3/24 0:00,0,0
7/3/24 1:00,0,0
7/3/24 2:00,0,0
7/3/24 3:00,0,0
7/3/24 4:00,0,0
7/3/24 5:00,0.02362255,0.0225632
7/3/24 6:00,0.08087879,0.07800491
7/3/24 7:00,0.1557747,0.1507144
7/3/24 8:00,0.1716732,0.1664819
7/3/24 9:00,0.3712383,0.3590147
7/3/24 10:00,0.6342426,0.6061478
7/3/24 11:00,0.359792,0.3491985
7/3/24 12:00,0.2727953,0.264846
7/3/24 13:00,0.4770143,0.4594819
7/3/24 14:00,0.3990315,0.3827654
7/3/24 15:00,0.2604029,0.2503651
7/3/24 16:00,0.1961565,0.1844981
7/3/24 17:00,0.1079508,0.09088629
7/3/24 18:00,0.008316751,0
7/3/24 19:00,0,0
7/3/24 20:00,0,0
7/3/24 21:00,0,0
7/3/24 22:00,0,0
7/3/24 23:00,0,0
7/4/24 0:00,0,0
7/4/24 1:00,0,0
7/4/24 2:00,0,0
7/4/24 3:00,0,0
7/4/24 4:00,0,0
7/4/24 5:00,0.01280309,0.01232794
7/4/24 6:00,0.05462664,0.05281533
7/4/24 7:00,0.1567905,0.1516917
7/4/24 8:00,0.2710515,0.2621013
7/4/24 9:00,0.2977416,0.2887216
7/4/24 10:00,0.1613582,0.1566694
7/4/24 11:00,0.2226828,0.2162235
7/4/24 12:00,0.1949633,0.1893042
7/4/24 13:00,0.1593096,0.1546609
7/4/24 14:00,0.200603,0.1945991
7/4/24 15:00,0.177573,0.1720003
7/4/24 16:00,0.08728111,0.08444203
7/4/24 17:00,0.03086461,0.02975793
7/4/24 18:00,0.002405866,0
7/4/24 19:00,0,0
7/4/24 20:00,0,0
7/4/24 21:00,0,0
7/4/24 22:00,0,0
7/4/24 23:00,0,0
7/5/24 0:00,0,0
7/5/24 1:00,0,0
7/5/24 2:00,0,0
7/5/24 3:00,0,0
7/5/24 4:00,0,0
7/5/24 5:00,0.06993388,0.03877214
7/5/24 6:00,0.1179275,0.1127032
7/5/24 7:00,0.3606209,0.3215581
7/5/24 8:00,0.5628607,0.5110667
7/5/24 9:00,0.6145411,0.578772
7/5/24 10:00,0.9196549,0.8627093
7/5/24 11:00,0.8173448,0.7764013
7/5/24 12:00,0.6213009,0.5965887
7/5/24 13:00,0.5859023,0.5590193
7/5/24 14:00,0.3622631,0.3490719
7/5/24 15:00,0.4950168,0.4364095
7/5/24 16:00,0.4426272,0.3269744
7/5/24 17:00,0.1763604,0.08145385
7/5/24 18:00,0.01562369,0
7/5/24 19:00,0,0
7/5/24 20:00,0,0
7/5/24 21:00,0,0
7/5/24 22:00,0,0
7/5/24 23:00,0,0
7/6/24 0:00,0,0
7/6/24 1:00,0,0
7/6/24 2:00,0,0
7/6/24 3:00,0,0
7/6/24 4:00,0,0
7/6/24 5:00,0.03551734,0.03333623
7/6/24 6:00,0.2447992,0.1824231
7/6/24 7:00,0.5050093,0.4141981
7/6/24 8:00,0.6197841,0.5556859
7/6/24 9:00,0.6041105,0.5699697
7/6/24 10:00,0.7501913,0.7107625
7/6/24 11:00,0.4815132,0.4662684
7/6/24 12:00,0.1348314,0.130925
7/6/24 13:00,0.1239444,0.1203372
7/6/24 14:00,0.05266737,0.0511301
7/6/24 15:00,0.1046531,0.1014926
7/6/24 16:00,0.07966596,0.07710734
7/6/24 17:00,0.09884426,0.08720247
7/6/24 18:00,0.01603286,0
7/6/24 19:00,0,0
7/6/24 20:00,0,0
7/6/24 21:00,0,0
7/6/24 22:00,0,0
7/6/24 23:00,0,0
7/7/24 0:00,0,0
7/7/24 1:00,0,0
7/7/24 2:00,0,0
7/7/24 3:00,0,0
7/7/24 4:00,0,0
7/7/24 5:00,0.05901766,0.04204555
7/7/24 6:00,0.1229583,0.1170976
7/7/24 7:00,0.2411931,0.229889
7/7/24 8:00,0.30173,0.2910096
7/7/24 9:00,0.5994732,0.5661564
7/7/24 10:00,0.8747817,0.8229573
7/7/24 11:00,0.4725122,0.4577251
7/7/24 12:00,0.8617082,0.8153172
7/7/24 13:00,0.6246979,0.5940797
7/7/24 14:00,0.4331682,0.4138652
7/7/24 15:00,0.4791081,0.4260366
7/7/24 16:00,0.4219756,0.3144193
7/7/24 17:00,0.1468886,0.09204359
7/7/24 18:00,0.01748111,0
7/7/24 19:00,0,0
7/7/24 20:00,0,0
7/7/24 21:00,0,0
7/7/24 22:00,0,0
7/7/24 23:00,0,0
7/8/24 0:00,0,0
7/8/24 1:00,0,0
7/8/24 2:00,0,0
7/8/24 3:00,0,0
7/8/24 4:00,0,0
7/8/24 5:00,0.000240449,0.000233385
7/8/24 6:00,0.03833833,0.0371177
7/8/24 7:00,0.06270456,0.06081413
7/8/24 8:00,0.1326268,0.1286689
7/8/24 9:00,0.1208834,0.1173533
7/8/24 10:00,0.1678852,0.1630114
7/8/24 11:00,0.1223866,0.1188453
7/8/24 12:00,0.1646979,0.1599273
7/8/24 13:00,0.1214619,0.1179294
7/8/24 14:00,0.07359239,0.07144082
7/8/24 15:00,0.03670881,0.03562992
7/8/24 16:00,0.05781423,0.05601494
7/8/24 17:00,0.02797331,0.02699402
7/8/24 18:00,0.00180807,0
7/8/24 19:00,0,0
7/8/24 20:00,0,0
7/8/24 21:00,0,0
7/8/24 22:00,0,0
7/8/24 23:00,0,0
7/9/24 0:00,0,0
7/9/24 1:00,0,0
7/9/24 2:00,0,0
7/9/24 3:00,0,0
7/9/24 4:00,0,0
7/9/24 5:00,0.06435158,0.03816357
7/9/24 6:00,0.146297,0.1361354
7/9/24 7:00,0.2747354,0.2582709
7/9/24 8:00,0.2000852,0.1939953
7/9/24 9:00,0.3329663,0.322626
7/9/24 10:00,0.2862997,0.2779402
7/9/24 11:00,0.3517951,0.3415185
7/9/24 12:00,0.3019687,0.2931817
7/9/24 13:00,0.5668585,0.5426393
7/9/24 14:00,0.526289,0.4951634
7/9/24 15:00,0.2850196,0.27297
7/9/24 16:00,0.201366,0.1890507
7/9/24 17:00,0.05096833,0.04888834
7/9/24 18:00,0.003957384,0
7/9/24 19:00,0,0
7/9/24 20:00,0,0
7/9/24 21:00,0,0
7/9/24 22:00,0,0
7/9/24 23:00,0,0
7/10/24 0:00,0,0
7/10/24 1:00,0,0
7/10/24 2:00,0,0
7/10/24 3:00,0,0
7/10/24 4:00,0,0
7/10/24 5:00,0.09064737,0.01282068
7/10/24 6:00,0.2808753,0.1896697
7/10/24 7:00,0.4752437,0.3948782
7/10/24 8:00,0.4177466,0.3949988
7/10/24 9:00,0.7838398,0.7263662
7/10/24 10:00,0.9991429,0.9394151
7/10/24 11:00,0.933831,0.8855717
7/10/24 12:00,0.8553159,0.8112361
7/10/24 13:00,0.607181,0.5792534
7/10/24 14:00,0.4133149,0.3963076
7/10/24 15:00,0.3352032,0.3168324
7/10/24 16:00,0.1653609,0.1583161
7/10/24 17:00,0.1052751,0.09036997
7/10/24 18:00,0.01518808,0
7/10/24 19:00,0,0
7/10/24 20:00,0,0
7/10/24 21:00,0,0
7/10/24 22:00,0,0
7/10/24 23:00,0,0
7/11/24 0:00,0,0
7/11/24 1:00,0,0
7/11/24 2:00,0,0
7/11/24 3:00,0,0
7/11/24 4:00,0,0
7/11/24 5:00,0.05730121,0.03948966
7/11/24 6:00,0.1342356,0.1264794
7/11/24 7:00,0.3974537,0.3454219
7/11/24 8:00,0.5188255,0.4779172
7/11/24 9:00,0.7002078,0.6542648
7/11/24 10:00,0.8008633,0.7583904
7/11/24 11:00,0.9614937,0.9119672
7/11/24 12:00,1.058386,1.000486
7/11/24 13:00,0.8508245,0.7964182
7/11/24 14:00,0.4877651,0.4625991
7/11/24 15:00,0.6468861,0.5558366
7/11/24 16:00,0.4381943,0.3284583
7/11/24 17:00,0.1307461,0.09517871
7/11/24 18:00,0.01968906,0
7/11/24 19:00,0,0
7/11/24 20:00,0,0
7/11/24 21:00,0,0
7/11/24 22:00,0,0
7/11/24 23:00,0,0
7/12/24 0:00,0,0
7/12/24 1:00,0,0
7/12/24 2:00,0,0
7/12/24 3:00,0,0
7/12/24 4:00,0,0
7/12/24 5:00,0.04355292,0.03783712
7/12/24 6:00,0.1390493,0.1302929
7/12/24 7:00,0.1032756,0.1000744
7/12/24 8:00,0.2278145,0.2207833
7/12/24 9:00,0.3535079,0.3423327
7/12/24 10:00,0.3280365,0.3184164
7/12/24 11:00,0.3134899,0.3044061
7/12/24 12:00,0.560466,0.5411468
7/12/24 13:00,0.3650952,0.3539635
7/12/24 14:00,0.2549309,0.2472156
7/12/24 15:00,0.1123679,0.1089752
7/12/24 16:00,0.1223468,0.1181948
7/12/24 17:00,0.05107136,0.04899348
7/12/24 18:00,0.001427476,0
7/12/24 19:00,0,0
7/12/24 20:00,0,0
7/12/24 21:00,0,0
7/12/24 22:00,0,0
7/12/24 23:00,0,0
7/13/24 0:00,0,0
7/13/24 1:00,0,0
7/13/24 2:00,0,0
7/13/24 3:00,0,0
7/13/24 4:00,0,0
7/13/24 5:00,0.04569808,0.03831296
7/13/24 6:00,0.2955593,0.1941113
7/13/24 7:00,0.4627631,0.3875436
7/13/24 8:00,0.6736056,0.6025283
7/13/24 9:00,0.8369179,0.7755491
7/13/24 10:00,0.869504,0.8219669
7/13/24 11:00,0.9823476,0.9330837
7/13/24 12:00,0.7011187,0.672038
7/13/24 13:00,0.7998041,0.7521102
7/13/24 14:00,0.6074431,0.5647736
7/13/24 15:00,0.4543112,0.4107056
7/13/24 16:00,0.2394186,0.2177772
7/13/24 17:00,0.1088059,0.09172699
7/13/24 18:00,0.01121665,0
7/13/24 19:00,0,0
7/13/24 20:00,0,0
7/13/24 21:00,0,0
7/13/24 22:00,0,0
7/13/24 23:00,0,0
7/14/24 0:00,0,0
7/14/24 1:00,0,0
7/14/24 2:00,0,0
7/14/24 3:00,0,0
7/14/24 4:00,0,0
7/14/24 5:00,0.02867561,0.02714326
7/14/24 6:00,0.1107426,0.1060443
7/14/24 7:00,0.2626889,0.2483042
7/14/24 8:00,0.3886541,0.3701642
7/14/24 9:00,0.4567137,0.4395343
7/14/24 10:00,0.4332528,0.4198703
7/14/24 11:00,0.2477604,0.2406068
7/14/24 12:00,0.2835697,0.2753614
7/14/24 13:00,0.2753929,0.2673296
7/14/24 14:00,0.1648218,0.1599549
7/14/24 15:00,0.2175936,0.210475
7/14/24 16:00,0.05905966,0.05722598
7/14/24 17:00,0.03432548,0.03307761
7/14/24 18:00,0.006129618,0
7/14/24 19:00,0,0
7/14/24 20:00,0,0
7/14/24 21:00,0,0
7/14/24 22:00,0,0
7/14/24 23:00,0,0
7/15/24 0:00,0,0
7/15/24 1:00,0,0
7/15/24 2:00,0,0
7/15/24 3:00,0,0
7/15/24 4:00,0,0
7/15/24 5:00,0.05897351,0.03506356
7/15/24 6:00,0.1067943,0.1024285
7/15/24 7:00,0.191176,0.1843977
7/15/24 8:00,0.4556009,0.4275469
7/15/24 9:00,0.6054255,0.5735994
7/15/24 10:00,0.8396475,0.796182
7/15/24 11:00,0.8956046,0.8539543
7/15/24 12:00,0.8305178,0.7918764
7/15/24 13:00,0.877582,0.8241229
7/15/24 14:00,0.6977113,0.641956
7/15/24 15:00,0.5339262,0.4702001
7/15/24 16:00,0.3503561,0.2796381
7/15/24 17:00,0.1645772,0.08799263
7/15/24 18:00,0.01289851,0
7/15/24 19:00,0,0
7/15/24 20:00,0,0
7/15/24 21:00,0,0
7/15/24 22:00,0,0
7/15/24 23:00,0,0
7/16/24 0:00,0,0
7/16/24 1:00,0,0
7/16/24 2:00,0,0
7/16/24 3:00,0,0
7/16/24 4:00,0,0
7/16/24 5:00,0.03210433,0.0299796
7/16/24 6:00,0.08290867,0.07992937
7/16/24 7:00,0.3048246,0.282133
7/16/24 8:00,0.6124888,0.5544236
7/16/24 9:00,0.4678738,0.450077
7/16/24 10:00,0.6745319,0.6462212
7/16/24 11:00,0.8910365,0.8505314
7/16/24 12:00,1.022765,0.9718577
7/16/24 13:00,0.8290291,0.7808441
7/16/24 14:00,0.6515297,0.6035697
7/16/24 15:00,0.6627515,0.5742091
7/16/24 16:00,0.4145227,0.3166775
7/16/24 17:00,0.1521904,0.09148865
7/16/24 18:00,0.01295928,0
7/16/24 19:00,0,0
7/16/24 20:00,0,0
7/16/24 21:00,0,0
7/16/24 22:00,0,0
7/16/24 23:00,0,0
7/17/24 0:00,0,0
7/17/24 1:00,0,0
7/17/24 2:00,0,0
7/17/24 3:00,0,0
7/17/24 4:00,0,0
7/17/24 5:00,0.04806036,0.03678793
7/17/24 6:00,0.1737448,0.1533346
7/17/24 7:00,0.3250003,0.2972503
7/17/24 8:00,0.3293336,0.3168884
7/17/24 9:00,0.4219019,0.4073565
7/17/24 10:00,0.6553707,0.6290047
7/17/24 11:00,0.7666414,0.7358435
7/17/24 12:00,0.5440149,0.5263922
7/17/24 13:00,0.49154,0.4745
7/17/24 14:00,0.2046435,0.1985774
7/17/24 15:00,0.2423323,0.2339425
7/17/24 16:00,0.3333878,0.2720992
7/17/24 17:00,0.10311,0.0892162
7/17/24 18:00,0.01018753,0
7/17/24 19:00,0,0
7/17/24 20:00,0,0
7/17/24 21:00,0,0
7/17/24 22:00,0,0
7/17/24 23:00,0,0
7/18/24 0:00,0,0
7/18/24 1:00,0,0
7/18/24 2:00,0,0
7/18/24 3:00,0,0
7/18/24 4:00,0,0
7/18/24 5:00,0.03960879,0.03448112
7/18/24 6:00,0.2439238,0.1784887
7/18/24 7:00,0.3706169,0.3291346
7/18/24 8:00,0.6040713,0.5488884
7/18/24 9:00,0.9000584,0.8379625
7/18/24 10:00,0.7491435,0.7155717
7/18/24 11:00,0.8255304,0.7912176
7/18/24 12:00,0.916044,0.8736699
7/18/24 13:00,0.8453923,0.7975897
7/18/24 14:00,0.8577222,0.7867047
7/18/24 15:00,0.6118458,0.5335057
7/18/24 16:00,0.3585083,0.2855324
7/18/24 17:00,0.1535913,0.09088362
7/18/24 18:00,0.01092698,0
7/18/24 19:00,0,0
7/18/24 20:00,0,0
7/18/24 21:00,0,0
7/18/24 22:00,0,0
7/18/24 23:00,0,0
7/19/24 0:00,0,0
7/19/24 1:00,0,0
7/19/24 2:00,0,0
7/19/24 3:00,0,0
7/19/24 4:00,0,0
7/19/24 5:00,0.01400018,0.01343604
7/19/24 6:00,0.06541121,0.06317235
7/19/24 7:00,0.2026872,0.1951533
7/19/24 8:00,0.2433042,0.2357418
7/19/24 9:00,0.3700795,0.3583916
7/19/24 10:00,0.2653677,0.2576946
7/19/24 11:00,0.2488431,0.2416861
7/19/24 12:00,0.2243764,0.2179135
7/19/24 13:00,0.177156,0.1720209
7/19/24 14:00,0.213789,0.2074562
7/19/24 15:00,0.1204138,0.1167866
7/19/24 16:00,0.07138956,0.06914773
7/19/24 17:00,0.03009204,0.02903046
7/19/24 18:00,0.009037859,0
7/19/24 19:00,0,0
7/19/24 20:00,0,0
7/19/24 21:00,0,0
7/19/24 22:00,0,0
7/19/24 23:00,0,0
7/20/24 0:00,0,0
7/20/24 1:00,0,0
7/20/24 2:00,0,0
7/20/24 3:00,0,0
7/20/24 4:00,0,0
7/20/24 5:00,0.000739525,0.000717555
7/20/24 6:00,0.004955198,0.004809213
7/20/24 7:00,0.02447419,0.02375425
7/20/24 8:00,0.03394821,0.03295784
7/20/24 9:00,0.01971987,0.01914601
7/20/24 10:00,0.1027737,0.09980366
7/20/24 11:00,0.184225,0.1789256
7/20/24 12:00,0.05894468,0.05723851
7/20/24 13:00,0.06855414,0.06656775
7/20/24 14:00,0.1032311,0.1002175
7/20/24 15:00,0.07827391,0.0759531
7/20/24 16:00,0.02771305,0.02688551
7/20/24 17:00,0.07412134,0.06993443
7/20/24 18:00,0.004424195,0
7/20/24 19:00,0,0
7/20/24 20:00,0,0
7/20/24 21:00,0,0
7/20/24 22:00,0,0
7/20/24 23:00,0,0
7/21/24 0:00,0,0
7/21/24 1:00,0,0
7/21/24 2:00,0,0
7/21/24 3:00,0,0
7/21/24 4:00,0,0
7/21/24 5:00,0.06202932,0.02511596
7/21/24 6:00,0.2891141,0.1925647
7/21/24 7:00,0.4927451,0.4129842
7/21/24 8:00,0.7009357,0.6326545
7/21/24 9:00,0.7716951,0.7241215
7/21/24 10:00,0.75172,0.7199373
7/21/24 11:00,0.838155,0.8054156
7/21/24 12:00,0.849806,0.8146732
7/21/24 13:00,0.8356493,0.7916932
7/21/24 14:00,0.7580855,0.7001829
7/21/24 15:00,0.4622327,0.4203812
7/21/24 16:00,0.3767491,0.2975558
7/21/24 17:00,0.1496065,0.09117105
7/21/24 18:00,0.01194775,0
7/21/24 19:00,0,0
7/21/24 20:00,0,0
7/21/24 21:00,0,0
7/21/24 22:00,0,0
7/21/24 23:00,0,0
7/22/24 0:00,0,0
7/22/24 1:00,0,0
7/22/24 2:00,0,0
7/22/24 3:00,0,0
7/22/24 4:00,0,0
7/22/24 5:00,0.06735274,0.01820491
7/22/24 6:00,0.2403343,0.177059
7/22/24 7:00,0.5039133,0.4221593
7/22/24 8:00,0.736366,0.6650257
7/22/24 9:00,0.9371595,0.8772808
7/22/24 10:00,1.03726,0.9882573
7/22/24 11:00,1.056803,1.013627
7/22/24 12:00,1.078199,1.03201
7/22/24 13:00,1.014177,0.9597761
7/22/24 14:00,0.6369005,0.595481
7/22/24 15:00,0.5579507,0.4942859
7/22/24 16:00,0.4216562,0.3269736
7/22/24 17:00,0.1684189,0.08639118
7/22/24 18:00,0.01064246,0
7/22/24 19:00,0,0
7/22/24 20:00,0,0
7/22/24 21:00,0,0
7/22/24 22:00,0,0
7/22/24 23:00,0,0
7/23/24 0:00,0,0
7/23/24 1:00,0,0
7/23/24 2:00,0,0
7/23/24 3:00,0,0
7/23/24 4:00,0,0
7/23/24 5:00,0.00461167,0.004460786
7/23/24 6:00,0.04878751,0.04719252
7/23/24 7:00,0.1096992,0.1063106
7/23/24 8:00,0.270752,0.2620792
7/23/24 9:00,0.2256713,0.2190894
7/23/24 10:00,0.1007407,0.09783243
7/23/24 11:00,0.08873582,0.08617582
7/23/24 12:00,0.2146636,0.2084999
7/23/24 13:00,0.1249544,0.1213429
7/23/24 14:00,0.088695,0.08611239
7/23/24 15:00,0.09492435,0.09210053
7/23/24 16:00,0.07314663,0.07085349
7/23/24 17:00,0.04411528,0.04240886
7/23/24 18:00,0.003676613,0
7/23/24 19:00,0,0
7/23/24 20:00,0,0
7/23/24 21:00,0,0
7/23/24 22:00,0,0
7/23/24 23:00,0,0
7/24/24 0:00,0,0
7/24/24 1:00,0,0
7/24/24 2:00,0,0
7/24/24 3:00,0,0
7/24/24 4:00,0,0
7/24/24 5:00,0.04945565,0.03113941
7/24/24 6:00,0.2407607,0.1770968
7/24/24 7:00,0.4881574,0.4121593
7/24/24 8:00,0.7570933,0.6861293
7/24/24 9:00,0.9393211,0.8820649
7/24/24 10:00,1.040409,0.9940693
7/24/24 11:00,0.9992834,0.9612532
7/24/24 12:00,0.8545974,0.8220887
7/24/24 13:00,0.9714389,0.9222493
7/24/24 14:00,0.7525418,0.6986944
7/24/24 15:00,0.5646089,0.5014881
7/24/24 16:00,0.3754721,0.298987
7/24/24 17:00,0.1278353,0.0930563
7/24/24 18:00,0.008162904,0
7/24/24 19:00,0,0
7/24/24 20:00,0,0
7/24/24 21:00,0,0
7/24/24 22:00,0,0
7/24/24 23:00,0,0
7/25/24 0:00,0,0
7/25/24 1:00,0,0
7/25/24 2:00,0,0
7/25/24 3:00,0,0
7/25/24 4:00,0,0
7/25/24 5:00,0.01809204,0.01726122
7/25/24 6:00,0.07637256,0.07368655
7/25/24 7:00,0.1039696,0.1007772
7/25/24 8:00,0.08794402,0.0853672
7/25/24 9:00,0.1110593,0.1078408
7/25/24 10:00,0.376752,0.3658884
7/25/24 11:00,0.2956631,0.2872203
7/25/24 12:00,0.2474207,0.2403354
7/25/24 13:00,0.3156488,0.3065031
7/25/24 14:00,0.2049967,0.1989757
7/25/24 15:00,0.1697433,0.1645683
7/25/24 16:00,0.0823511,0.07974646
7/25/24 17:00,0.04279964,0.04115738
7/25/24 18:00,0.003939096,0
7/25/24 19:00,0,0
7/25/24 20:00,0,0
7/25/24 21:00,0,0
7/25/24 22:00,0,0
7/25/24 23:00,0,0
7/26/24 0:00,0,0
7/26/24 1:00,0,0
7/26/24 2:00,0,0
7/26/24 3:00,0,0
7/26/24 4:00,0,0
7/26/24 5:00,0.076271,0.006367339
7/26/24 6:00,0.3278792,0.2170731
7/26/24 7:00,0.5267279,0.4441783
7/26/24 8:00,0.7185328,0.6541361
7/26/24 9:00,0.6378359,0.6080806
7/26/24 10:00,1.008746,0.9667866
7/26/24 11:00,1.047925,1.010763
7/26/24 12:00,0.914646,0.8812653
7/26/24 13:00,0.9763457,0.9298214
7/26/24 14:00,0.8682304,0.8072073
7/26/24 15:00,0.6307338,0.5585815
7/26/24 16:00,0.2029249,0.1910806
7/26/24 17:00,0.1600315,0.0868266
7/26/24 18:00,0.006007873,0
7/26/24 19:00,0,0
7/26/24 20:00,0,0
7/26/24 21:00,0,0
7/26/24 22:00,0,0
7/26/24 23:00,0,0
7/27/24 0:00,0,0
7/27/24 1:00,0,0
7/27/24 2:00,0,0
7/27/24 3:00,0,0
7/27/24 4:00,0,0
7/27/24 5:00,0.02793484,0.02590071
7/27/24 6:00,0.05272477,0.05098719
7/27/24 7:00,0.08676757,0.08413742
7/27/24 8:00,0.1664278,0.1614946
7/27/24 9:00,0.2652002,0.2574822
7/27/24 10:00,0.580225,0.5621198
7/27/24 11:00,0.5464618,0.5309405
7/27/24 12:00,0.3022135,0.2935972
7/27/24 13:00,0.4270279,0.4142902
7/27/24 14:00,0.2107042,0.2045282
7/27/24 15:00,0.1682709,0.1631597
7/27/24 16:00,0.105162,0.1017514
7/27/24 17:00,0.02220668,0.02146247
7/27/24 18:00,0.002034896,0
7/27/24 19:00,0,0
7/27/24 20:00,0,0
7/27/24 21:00,0,0
7/27/24 22:00,0,0
7/27/24 23:00,0,0
7/28/24 0:00,0,0
7/28/24 1:00,0,0
7/28/24 2:00,0,0
7/28/24 3:00,0,0
7/28/24 4:00,0,0
7/28/24 5:00,0.01141922,0.01096621
7/28/24 6:00,0.06388878,0.06172221
7/28/24 7:00,0.1735006,0.1677945
7/28/24 8:00,0.2526028,0.2448238
7/28/24 9:00,0.3307371,0.3209674
7/28/24 10:00,0.3037344,0.2950552
7/28/24 11:00,0.1689237,0.1640876
7/28/24 12:00,0.1720822,0.1671529
7/28/24 13:00,0.05106103,0.04958275
7/28/24 14:00,0.07963896,0.07732647
7/28/24 15:00,0.03422352,0.0332232
7/28/24 16:00,0.03885772,0.03768887
7/28/24 17:00,0.01947079,0.01882968
7/28/24 18:00,0.002359417,0
7/28/24 19:00,0,0
7/28/24 20:00,0,0
7/28/24 21:00,0,0
7/28/24 22:00,0,0
7/28/24 23:00,0,0
7/29/24 0:00,0,0
7/29/24 1:00,0,0
7/29/24 2:00,0,0
7/29/24 3:00,0,0
7/29/24 4:00,0,0
7/29/24 5:00,0.01792325,0.01707801
7/29/24 6:00,0.04307436,0.04169158
7/29/24 7:00,0.09534003,0.09244162
7/29/24 8:00,0.09165797,0.08897811
7/29/24 9:00,0.1781288,0.1729785
7/29/24 10:00,0.1525459,0.1481673
7/29/24 11:00,0.3748883,0.3643569
7/29/24 12:00,0.1952257,0.1896453
7/29/24 13:00,0.02602652,0.02527082
7/29/24 14:00,0.0512379,0.04975051
7/29/24 15:00,0.05540517,0.05378041
7/29/24 16:00,0.07061513,0.06842142
7/29/24 17:00,0.03174474,0.03061037
7/29/24 18:00,0.003395182,0
7/29/24 19:00,0,0
7/29/24 20:00,0,0
7/29/24 21:00,0,0
7/29/24 22:00,0,0
7/29/24 23:00,0,0
7/30/24 0:00,0,0
7/30/24 1:00,0,0
7/30/24 2:00,0,0
7/30/24 3:00,0,0
7/30/24 4:00,0,0
7/30/24 5:00,0.01064013,0.01022233
7/30/24 6:00,0.04025342,0.03897124
7/30/24 7:00,0.03155696,0.03062863
7/30/24 8:00,0.0206088,0.02000873
7/30/24 9:00,0.03080975,0.02991543
7/30/24 10:00,0.003704243,0.003596081
7/30/24 11:00,0.02929318,0.02844358
7/30/24 12:00,0.03272981,0.03178104
7/30/24 13:00,0.012528,0.01216329
7/30/24 14:00,0.000677383,0.000657563
7/30/24 15:00,0.01663769,0.0161524
7/30/24 16:00,0.0273991,0.02658437
7/30/24 17:00,0.02568574,0.02480371
7/30/24 18:00,0.001892516,0
7/30/24 19:00,0,0
7/30/24 20:00,0,0
7/30/24 21:00,0,0
7/30/24 22:00,0,0
7/30/24 23:00,0,0
7/31/24 0:00,0,0
7/31/24 1:00,0,0
7/31/24 2:00,0,0
7/31/24 3:00,0,0
7/31/24 4:00,0,0
7/31/24 5:00,0.006572778,0.006341315
7/31/24 6:00,0.03812215,0.03691515
7/31/24 7:00,0.07600743,0.07372655
7/31/24 8:00,0.14357,0.1393521
7/31/24 9:00,0.1664337,0.1616319
7/31/24 10:00,0.1668357,0.1620583
7/31/24 11:00,0.136931,0.1330095
7/31/24 12:00,0.1219186,0.1184209
7/31/24 13:00,0.08216096,0.07979091
7/31/24 14:00,0.1022753,0.09930969
7/31/24 15:00,0.09232139,0.08959562
7/31/24 16:00,0.07298107,0.07071304
7/31/24 17:00,0.05268621,0.05051476
7/31/24 18:00,0.001168721,0
7/31/24 19:00,0,0
7/31/24 20:00,0,0
7/31/24 21:00,0,0
7/31/24 22:00,0,0
7/31/24 23:00,0,0
8/1/24 0:00,0,0
8/1/24 1:00,0,0
8/1/24 2:00,0,0
8/1/24 3:00,0,0
8/1/24 4:00,0,0
8/1/24 5:00,0.005195017,0.005018659
8/1/24 6:00,0.02435897,0.02361285
8/1/24 7:00,0.01694058,0.01644488
8/1/24 8:00,0.100767,0.09782499
8/1/24 9:00,0.1608825,0.1562454
8/1/24 10:00,0.1078687,0.1047689
8/1/24 11:00,0.09618204,0.09341823
8/1/24 12:00,0.1065743,0.1035141
8/1/24 13:00,0.1234852,0.1199351
8/1/24 14:00,0.1034206,0.1004238
8/1/24 15:00,0.04447739,0.04317737
8/1/24 16:00,0.03451616,0.03348442
8/1/24 17:00,0.01557735,0.01507662
8/1/24 18:00,0.001265997,0
8/1/24 19:00,0,0
8/1/24 20:00,0,0
8/1/24 21:00,0,0
8/1/24 22:00,0,0
8/1/24 23:00,0,0
8/2/24 0:00,0,0
8/2/24 1:00,0,0
8/2/24 2:00,0,0
8/2/24 3:00,0,0
8/2/24 4:00,0,0
8/2/24 5:00,0.03975184,0.02746649
8/2/24 6:00,0.2049468,0.1660667
8/2/24 7:00,0.4073176,0.361499
8/2/24 8:00,0.6419541,0.5957698
8/2/24 9:00,0.9079127,0.8668221
8/2/24 10:00,0.838292,0.8134865
8/2/24 11:00,0.9363198,0.9133052
8/2/24 12:00,0.9728894,0.9473144
8/2/24 13:00,0.9471602,0.9131238
8/2/24 14:00,0.7389296,0.6980287
8/2/24 15:00,0.3890277,0.3668174
8/2/24 16:00,0.2665944,0.238626
8/2/24 17:00,0.08288904,0.07546932
8/2/24 18:00,0.00605839,0
8/2/24 19:00,0,0
8/2/24 20:00,0,0
8/2/24 21:00,0,0
8/2/24 22:00,0,0
8/2/24 23:00,0,0
8/3/24 0:00,0,0
8/3/24 1:00,0,0
8/3/24 2:00,0,0
8/3/24 3:00,0,0
8/3/24 4:00,0,0
8/3/24 5:00,0.04350208,0.02484436
8/3/24 6:00,0.2105158,0.1682977
8/3/24 7:00,0.4420211,0.3879244
8/3/24 8:00,0.657889,0.6112946
8/3/24 9:00,0.9267947,0.8866147
8/3/24 10:00,0.8904397,0.8652574
8/3/24 11:00,0.9352874,0.9138004
8/3/24 12:00,0.9801108,0.9559839
8/3/24 13:00,0.8598939,0.8309405
8/3/24 14:00,0.8460388,0.799544
8/3/24 15:00,0.6828584,0.6165054
8/3/24 16:00,0.4271426,0.3448078
8/3/24 17:00,0.1580955,0.08250863
8/3/24 18:00,0.008871863,0
8/3/24 19:00,0,0
8/3/24 20:00,0,0
8/3/24 21:00,0,0
8/3/24 22:00,0,0
8/3/24 23:00,0,0
8/4/24 0:00,0,0
8/4/24 1:00,0,0
8/4/24 2:00,0,0
8/4/24 3:00,0,0
8/4/24 4:00,0,0
8/4/24 5:00,0.04697661,0.02100347
8/4/24 6:00,0.2043032,0.1660543
8/4/24 7:00,0.5101078,0.4427746
8/4/24 8:00,0.6036013,0.5645682
8/4/24 9:00,0.5952156,0.5748151
8/4/24 10:00,0.8976452,0.873777
8/4/24 11:00,0.8538646,0.8354174
8/4/24 12:00,0.836992,0.8176971
8/4/24 13:00,0.5691684,0.5530001
8/4/24 14:00,0.4668046,0.4502884
8/4/24 15:00,0.405295,0.3813729
8/4/24 16:00,0.3030484,0.2623102
8/4/24 17:00,0.1447084,0.08355115
8/4/24 18:00,0.007086758,0
8/4/24 19:00,0,0
8/4/24 20:00,0,0
8/4/24 21:00,0,0
8/4/24 22:00,0,0
8/4/24 23:00,0,0
8/5/24 0:00,0,0
8/5/24 1:00,0,0
8/5/24 2:00,0,0
8/5/24 3:00,0,0
8/5/24 4:00,0,0
8/5/24 5:00,0.051374,0.01535584
8/5/24 6:00,0.2435353,0.1811273
8/5/24 7:00,0.5106675,0.4447888
8/5/24 8:00,0.6272703,0.5868326
8/5/24 9:00,0.5810563,0.5620644
8/5/24 10:00,0.7902517,0.7706951
8/5/24 11:00,0.8711475,0.8537445
8/5/24 12:00,0.9500464,0.9299143
8/5/24 13:00,0.841076,0.8158454
8/5/24 14:00,0.7175465,0.6825114
8/5/24 15:00,0.4440427,0.4144354
8/5/24 16:00,0.3442088,0.2883539
8/5/24 17:00,0.1350019,0.08416948
8/5/24 18:00,0.00455108,0
8/5/24 19:00,0,0
8/5/24 20:00,0,0
8/5/24 21:00,0,0
8/5/24 22:00,0,0
8/5/24 23:00,0,0
8/6/24 0:00,0,0
8/6/24 1:00,0,0
8/6/24 2:00,0,0
8/6/24 3:00,0,0
8/6/24 4:00,0,0
8/6/24 5:00,0.01908184,0.01807361
8/6/24 6:00,0.07728834,0.07461241
8/6/24 7:00,0.2339717,0.2244384
8/6/24 8:00,0.2602509,0.2524353
8/6/24 9:00,0.6661215,0.6435939
8/6/24 10:00,0.707288,0.6906016
8/6/24 11:00,0.5734467,0.559958
8/6/24 12:00,0.8710827,0.8538609
8/6/24 13:00,0.6813618,0.6628074
8/6/24 14:00,0.3793674,0.367783
8/6/24 15:00,0.305669,0.2938875
8/6/24 16:00,0.1768927,0.1690309
8/6/24 17:00,0.06281227,0.05958686
8/6/24 18:00,0.005017789,0
8/6/24 19:00,0,0
8/6/24 20:00,0,0
8/6/24 21:00,0,0
8/6/24 22:00,0,0
8/6/24 23:00,0,0
8/7/24 0:00,0,0
8/7/24 1:00,0,0
8/7/24 2:00,0,0
8/7/24 3:00,0,0
8/7/24 4:00,0,0
8/7/24 5:00,0.0456979,0.01865123
8/7/24 6:00,0.1696486,0.1496597
8/7/24 7:00,0.1427875,0.1384015
8/7/24 8:00,0.3588726,0.3465478
8/7/24 9:00,0.5806545,0.5629784
8/7/24 10:00,0.7131802,0.6972981
8/7/24 11:00,0.8134688,0.799195
8/7/24 12:00,0.5286034,0.5157611
8/7/24 13:00,0.4588421,0.4465624
8/7/24 14:00,0.1462008,0.1419887
8/7/24 15:00,0.137548,0.1334809
8/7/24 16:00,0.2128744,0.1996057
8/7/24 17:00,0.08739911,0.07675874
8/7/24 18:00,0.006264307,0
8/7/24 19:00,0,0
8/7/24 20:00,0,0
8/7/24 21:00,0,0
8/7/24 22:00,0,0
8/7/24 23:00,0,0
8/8/24 0:00,0,0
8/8/24 1:00,0,0
8/8/24 2:00,0,0
8/8/24 3:00,0,0
8/8/24 4:00,0,0
8/8/24 5:00,0.05219287,0.01083366
8/8/24 6:00,0.125474,0.1184316
8/8/24 7:00,0.1287291,0.1248126
8/8/24 8:00,0.1032394,0.1002451
8/8/24 9:00,0.2646821,0.2571619
8/8/24 10:00,0.2158824,0.2097773
8/8/24 11:00,0.3480219,0.3384564
8/8/24 12:00,0.3637556,0.3538299
8/8/24 13:00,0.2514931,0.2443814
8/8/24 14:00,0.2212258,0.2148656
8/8/24 15:00,0.1143029,0.1109434
8/8/24 16:00,0.1016375,0.09842078
8/8/24 17:00,0.02481142,0.02395656
8/8/24 18:00,0.004578372,0
8/8/24 19:00,0,0
8/8/24 20:00,0,0
8/8/24 21:00,0,0
8/8/24 22:00,0,0
8/8/24 23:00,0,0
8/9/24 0:00,0,0
8/9/24 1:00,0,0
8/9/24 2:00,0,0
8/9/24 3:00,0,0
8/9/24 4:00,0,0
8/9/24 5:00,0.04097851,0.02067623
8/9/24 6:00,0.06733113,0.06507308
8/9/24 7:00,0.1773549,0.1716794
8/9/24 8:00,0.567247,0.5382218
8/9/24 9:00,0.5410696,0.5260283
8/9/24 10:00,0.6518243,0.6382201
8/9/24 11:00,0.6042827,0.5917481
8/9/24 12:00,0.7479852,0.7352701
8/9/24 13:00,0.6432985,0.6281539
8/9/24 14:00,0.4366122,0.4232026
8/9/24 15:00,0.1538531,0.1493053
8/9/24 16:00,0.09987194,0.09672287
8/9/24 17:00,0.03581418,0.03447648
8/9/24 18:00,0.003123889,0
8/9/24 19:00,0,0
8/9/24 20:00,0,0
8/9/24 21:00,0,0
8/9/24 22:00,0,0
8/9/24 23:00,0,0
8/10/24 0:00,0,0
8/10/24 1:00,0,0
8/10/24 2:00,0,0
8/10/24 3:00,0,0
8/10/24 4:00,0,0
8/10/24 5:00,0.03978469,0.02062533
8/10/24 6:00,0.1151812,0.1097005
8/10/24 7:00,0.1647771,0.1596453
8/10/24 8:00,0.1963895,0.1906882
8/10/24 9:00,0.2236451,0.2172952
8/10/24 10:00,0.2683111,0.2607891
8/10/24 11:00,0.3476172,0.3381188
8/10/24 12:00,0.2458789,0.2389802
8/10/24 13:00,0.2323341,0.2257752
8/10/24 14:00,0.09308232,0.09040228
8/10/24 15:00,0.06772639,0.06575248
8/10/24 16:00,0.07599249,0.07365474
8/10/24 17:00,0.04387398,0.04213158
8/10/24 18:00,0.002889494,0
8/10/24 19:00,0,0
8/10/24 20:00,0,0
8/10/24 21:00,0,0
8/10/24 22:00,0,0
8/10/24 23:00,0,0
8/11/24 0:00,0,0
8/11/24 1:00,0,0
8/11/24 2:00,0,0
8/11/24 3:00,0,0
8/11/24 4:00,0,0
8/11/24 5:00,0.03591243,0.02227102
8/11/24 6:00,0.0501936,0.04858315
8/11/24 7:00,0.1450225,0.140612
8/11/24 8:00,0.09033544,0.08772366
8/11/24 9:00,0.02699765,0.02621519
8/11/24 10:00,0.05430329,0.05273865
8/11/24 11:00,0.04010053,0.03894214
8/11/24 12:00,0.0884764,0.08594252
8/11/24 13:00,0.1425876,0.1385281
8/11/24 14:00,0.09029212,0.08769386
8/11/24 15:00,0.02520463,0.02447149
8/11/24 16:00,0.05227838,0.05070458
8/11/24 17:00,0.01810348,0.01750632
8/11/24 18:00,0.002662774,0
8/11/24 19:00,0,0
8/11/24 20:00,0,0
8/11/24 21:00,0,0
8/11/24 22:00,0,0
8/11/24 23:00,0,0
8/12/24 0:00,0,0
8/12/24 1:00,0,0
8/12/24 2:00,0,0
8/12/24 3:00,0,0
8/12/24 4:00,0,0
8/12/24 5:00,0.04211566,0.01643145
8/12/24 6:00,0.1010264,0.097036
8/12/24 7:00,0.4293982,0.388844
8/12/24 8:00,0.6264604,0.5965546
8/12/24 9:00,0.9100352,0.8883888
8/12/24 10:00,0.9700213,0.9592854
8/12/24 11:00,1.012575,1.006173
8/12/24 12:00,0.8954258,0.8874329
8/12/24 13:00,0.7333871,0.7202138
8/12/24 14:00,0.4862001,0.4718863
8/12/24 15:00,0.399747,0.3802598
8/12/24 16:00,0.2588113,0.2350258
8/12/24 17:00,0.1165713,0.07840938
8/12/24 18:00,0.002442201,0
8/12/24 19:00,0,0
8/12/24 20:00,0,0
8/12/24 21:00,0,0
8/12/24 22:00,0,0
8/12/24 23:00,0,0
8/13/24 0:00,0,0
8/13/24 1:00,0,0
8/13/24 2:00,0,0
8/13/24 3:00,0,0
8/13/24 4:00,0,0
8/13/24 5:00,0.03209799,0.02240306
8/13/24 6:00,0.2456197,0.1883992
8/13/24 7:00,0.4403303,0.3991192
8/13/24 8:00,0.6576385,0.627325
8/13/24 9:00,0.8171723,0.7996252
8/13/24 10:00,0.6899775,0.6797186
8/13/24 11:00,0.8475901,0.8415654
8/13/24 12:00,0.8719357,0.865392
8/13/24 13:00,0.6680365,0.6561317
8/13/24 14:00,0.7216042,0.6986292
8/13/24 15:00,0.6299289,0.5861564
8/13/24 16:00,0.3330203,0.2867106
8/13/24 17:00,0.1150143,0.07726017
8/13/24 18:00,0.001800029,0
8/13/24 19:00,0,0
8/13/24 20:00,0,0
8/13/24 21:00,0,0
8/13/24 22:00,0,0
8/13/24 23:00,0,0
8/14/24 0:00,0,0
8/14/24 1:00,0,0
8/14/24 2:00,0,0
8/14/24 3:00,0,0
8/14/24 4:00,0,0
8/14/24 5:00,0.0382028,0.01800507
8/14/24 6:00,0.2327411,0.1829158
8/14/24 7:00,0.3501108,0.3266687
8/14/24 8:00,0.4557552,0.4400795
8/14/24 9:00,0.6230641,0.6099507
8/14/24 10:00,0.7388763,0.7303514
8/14/24 11:00,0.9666696,0.9640772
8/14/24 12:00,0.9564134,0.9524497
8/14/24 13:00,0.9575509,0.9461448
8/14/24 14:00,0.8252481,0.800619
8/14/24 15:00,0.5109268,0.4800032
8/14/24 16:00,0.2936346,0.2601061
8/14/24 17:00,0.1099445,0.07625905
8/14/24 18:00,0.002370826,0
8/14/24 19:00,0,0
8/14/24 20:00,0,0
8/14/24 21:00,0,0
8/14/24 22:00,0,0
8/14/24 23:00,0,0
8/15/24 0:00,0,0
8/15/24 1:00,0,0
8/15/24 2:00,0,0
8/15/24 3:00,0,0
8/15/24 4:00,0,0
8/15/24 5:00,0.04290774,0.01229028
8/15/24 6:00,0.1365651,0.1275691
8/15/24 7:00,0.1892655,0.1832386
8/15/24 8:00,0.2723942,0.2645754
8/15/24 9:00,0.1372254,0.1333241
8/15/24 10:00,0.5826434,0.5724159
8/15/24 11:00,0.7825717,0.7776756
8/15/24 12:00,0.6110511,0.601382
8/15/24 13:00,0.4431756,0.4325627
8/15/24 14:00,0.1162603,0.1129354
8/15/24 15:00,0.1931783,0.1874985
8/15/24 16:00,0.2287519,0.2128459
8/15/24 17:00,0.0832591,0.07088647
8/15/24 18:00,0.001812901,0
8/15/24 19:00,0,0
8/15/24 20:00,0,0
8/15/24 21:00,0,0
8/15/24 22:00,0,0
8/15/24 23:00,0,0
8/16/24 0:00,0,0
8/16/24 1:00,0,0
8/16/24 2:00,0,0
8/16/24 3:00,0,0
8/16/24 4:00,0,0
8/16/24 5:00,0.04384204,0.01026251
8/16/24 6:00,0.287596,0.2188588
8/16/24 7:00,0.5121374,0.466082
8/16/24 8:00,0.646488,0.622274
8/16/24 9:00,0.8758433,0.8635007
8/16/24 10:00,0.9368435,0.9343421
8/16/24 11:00,0.9340124,0.9348025
8/16/24 12:00,0.8888046,0.8876467
8/16/24 13:00,0.789151,0.7818142
8/16/24 14:00,0.7564647,0.7377537
8/16/24 15:00,0.642074,0.6032559
8/16/24 16:00,0.3018419,0.2669031
8/16/24 17:00,0.09830152,0.07357953
8/16/24 18:00,0.000875725,0
8/16/24 19:00,0,0
8/16/24 20:00,0,0
8/16/24 21:00,0,0
8/16/24 22:00,0,0
8/16/24 23:00,0,0
8/17/24 0:00,0,0
8/17/24 1:00,0,0
8/17/24 2:00,0,0
8/17/24 3:00,0,0
8/17/24 4:00,0,0
8/17/24 5:00,0.01578922,0.0149398
8/17/24 6:00,0.1449307,0.1341603
8/17/24 7:00,0.2817351,0.269314
8/17/24 8:00,0.3735037,0.3628028
8/17/24 9:00,0.4725407,0.4620792
8/17/24 10:00,0.4099079,0.3998032
8/17/24 11:00,0.494788,0.4843093
8/17/24 12:00,0.5215349,0.5113357
8/17/24 13:00,0.711078,0.704026
8/17/24 14:00,0.558019,0.5450943
8/17/24 15:00,0.4472222,0.4262015
8/17/24 16:00,0.2194474,0.2056199
8/17/24 17:00,0.05627849,0.05309051
8/17/24 18:00,0.000658124,0
8/17/24 19:00,0,0
8/17/24 20:00,0,0
8/17/24 21:00,0,0
8/17/24 22:00,0,0
8/17/24 23:00,0,0
8/18/24 0:00,0,0
8/18/24 1:00,0,0
8/18/24 2:00,0,0
8/18/24 3:00,0,0
8/18/24 4:00,0,0
8/18/24 5:00,0.02383642,0.02015032
8/18/24 6:00,0.162059,0.1465182
8/18/24 7:00,0.46365,0.4270488
8/18/24 8:00,0.6448687,0.6244742
8/18/24 9:00,0.907409,0.8992765
8/18/24 10:00,0.9828533,0.9849944
8/18/24 11:00,1.101037,1.108238
8/18/24 12:00,0.8182417,0.8182759
8/18/24 13:00,0.7784262,0.7741657
8/18/24 14:00,0.5988489,0.5863794
8/18/24 15:00,0.3926815,0.3771174
8/18/24 16:00,0.3255094,0.2855386
8/18/24 17:00,0.1118378,0.07049701
8/18/24 18:00,0.000960034,0
8/18/24 19:00,0,0
8/18/24 20:00,0,0
8/18/24 21:00,0,0
8/18/24 22:00,0,0
8/18/24 23:00,0,0
8/19/24 0:00,0,0
8/19/24 1:00,0,0
8/19/24 2:00,0,0
8/19/24 3:00,0,0
8/19/24 4:00,0,0
8/19/24 5:00,0.0193599,0.01770166
8/19/24 6:00,0.1884092,0.1633158
8/19/24 7:00,0.3952817,0.3694935
8/19/24 8:00,0.5292297,0.5146046
8/19/24 9:00,0.646507,0.6389128
8/19/24 10:00,0.8253504,0.8262948
8/19/24 11:00,0.8700726,0.8743715
8/19/24 12:00,1.014363,1.021491
8/19/24 13:00,0.8480398,0.8468209
8/19/24 14:00,0.6808493,0.668927
8/19/24 15:00,0.4055408,0.3896326
8/19/24 16:00,0.2542658,0.2333917
8/19/24 17:00,0.0893876,0.06907175
8/19/24 18:00,0.000447765,0
8/19/24 19:00,0,0
8/19/24 20:00,0,0
8/19/24 21:00,0,0
8/19/24 22:00,0,0
8/19/24 23:00,0,0
8/20/24 0:00,0,0
8/20/24 1:00,0,0
8/20/24 2:00,0,0
8/20/24 3:00,0,0
8/20/24 4:00,0,0
8/20/24 5:00,0.03595626,0.01425494
8/20/24 6:00,0.07714824,0.0746058
8/20/24 7:00,0.1215353,0.1179658
8/20/24 8:00,0.1544,0.1500132
8/20/24 9:00,0.3074751,0.2992454
8/20/24 10:00,0.3024213,0.2942201
8/20/24 11:00,0.3383906,0.3293925
8/20/24 12:00,0.3278065,0.319039
8/20/24 13:00,0.2862259,0.2784187
8/20/24 14:00,0.1219817,0.1185166
8/20/24 15:00,0.06950633,0.06749991
8/20/24 16:00,0.1026414,0.09948092
8/20/24 17:00,0.05648848,0.05278877
8/20/24 18:00,0.000471803,0
8/20/24 19:00,0,0
8/20/24 20:00,0,0
8/20/24 21:00,0,0
8/20/24 22:00,0,0
8/20/24 23:00,0,0
8/21/24 0:00,0,0
8/21/24 1:00,0,0
8/21/24 2:00,0,0
8/21/24 3:00,0,0
8/21/24 4:00,0,0
8/21/24 5:00,0.0317825,0.01703494
8/21/24 6:00,0.03009174,0.02918133
8/21/24 7:00,0.04906435,0.04763877
8/21/24 8:00,0.01522762,0.01478553
8/21/24 9:00,0.02095621,0.02034899
8/21/24 10:00,0.04782407,0.04644859
8/21/24 11:00,0.1188185,0.1154567
8/21/24 12:00,0.3665552,0.3571639
8/21/24 13:00,0.2884202,0.2805874
8/21/24 14:00,0.2028784,0.1971991
8/21/24 15:00,0.1856857,0.180348
8/21/24 16:00,0.1916483,0.1824857
8/21/24 17:00,0.04309495,0.04123479
8/21/24 18:00,0.000275954,0
8/21/24 19:00,0,0
8/21/24 20:00,0,0
8/21/24 21:00,0,0
8/21/24 22:00,0,0
8/21/24 23:00,0,0
8/22/24 0:00,0,0
8/22/24 1:00,0,0
8/22/24 2:00,0,0
8/22/24 3:00,0,0
8/22/24 4:00,0,0
8/22/24 5:00,0.03471767,0.01359109
8/22/24 6:00,0.1882,0.1648577
8/22/24 7:00,0.2404712,0.2324546
8/22/24 8:00,0.3682579,0.3591379
8/22/24 9:00,0.4607686,0.4519654
8/22/24 10:00,0.5493894,0.5417655
8/22/24 11:00,0.6972653,0.6961414
8/22/24 12:00,0.639814,0.6356657
8/22/24 13:00,0.5609717,0.5541852
8/22/24 14:00,0.4688828,0.4599932
8/22/24 15:00,0.3574695,0.3461768
8/22/24 16:00,0.1746522,0.167418
8/22/24 17:00,0.03471246,0.03335674
8/22/24 18:00,7.53109E-05,0
8/22/24 19:00,0,0
8/22/24 20:00,0,0
8/22/24 21:00,0,0
8/22/24 22:00,0,0
8/22/24 23:00,0,0
8/23/24 0:00,0,0
8/23/24 1:00,0,0
8/23/24 2:00,0,0
8/23/24 3:00,0,0
8/23/24 4:00,0,0
8/23/24 5:00,0.02177127,0.01833658
8/23/24 6:00,0.03816821,0.03700488
8/23/24 7:00,0.0473861,0.04601255
8/23/24 8:00,0.1697467,0.1649673
8/23/24 9:00,0.5104772,0.5030222
8/23/24 10:00,0.5447581,0.5374267
8/23/24 11:00,0.4157345,0.4059954
8/23/24 12:00,0.5643918,0.5574173
8/23/24 13:00,0.3887447,0.3796034
8/23/24 14:00,0.5516057,0.5445491
8/23/24 15:00,0.4097364,0.396591
8/23/24 16:00,0.2192074,0.2063303
8/23/24 17:00,0.09578762,0.06364109
8/23/24 18:00,7.9291E-05,0
8/23/24 19:00,0,0
8/23/24 20:00,0,0
8/23/24 21:00,0,0
8/23/24 22:00,0,0
8/23/24 23:00,0,0
8/24/24 0:00,0,0
8/24/24 1:00,0,0
8/24/24 2:00,0,0
8/24/24 3:00,0,0
8/24/24 4:00,0,0
8/24/24 5:00,0.03142105,0.01492088
8/24/24 6:00,0.08561727,0.08276828
8/24/24 7:00,0.1169512,0.1135615
8/24/24 8:00,0.04261373,0.04138705
8/24/24 9:00,0.2086616,0.2028892
8/24/24 10:00,0.4027114,0.3933568
8/24/24 11:00,0.6790951,0.6786792
8/24/24 12:00,0.7207437,0.7235659
8/24/24 13:00,0.3120818,0.3038629
8/24/24 14:00,0.185098,0.179936
8/24/24 15:00,0.2586406,0.251386
8/24/24 16:00,0.1463075,0.1413016
8/24/24 17:00,0.01554995,0.01503323
8/24/24 18:00,9.3965E-06,0
8/24/24 19:00,0,0
8/24/24 20:00,0,0
8/24/24 21:00,0,0
8/24/24 22:00,0,0
8/24/24 23:00,0,0
8/25/24 0:00,0,0
8/25/24 1:00,0,0
8/25/24 2:00,0,0
8/25/24 3:00,0,0
8/25/24 4:00,0,0
8/25/24 5:00,0.01667042,0.01536434
8/25/24 6:00,0.05583527,0.05410096
8/25/24 7:00,0.2517618,0.2437822
8/25/24 8:00,0.5165482,0.5092727
8/25/24 9:00,0.6615478,0.662325
8/25/24 10:00,0.7882549,0.7974762
8/25/24 11:00,0.9576803,0.9779892
8/25/24 12:00,0.6813322,0.6824105
8/25/24 13:00,0.7778124,0.7856386
8/25/24 14:00,0.4675516,0.4603811
8/25/24 15:00,0.2988094,0.2906401
8/25/24 16:00,0.2347483,0.2197992
8/25/24 17:00,0.08953943,0.06052663
8/25/24 18:00,0,0
8/25/24 19:00,0,0
8/25/24 20:00,0,0
8/25/24 21:00,0,0
8/25/24 22:00,0,0
8/25/24 23:00,0,0
8/26/24 0:00,0,0
8/26/24 1:00,0,0
8/26/24 2:00,0,0
8/26/24 3:00,0,0
8/26/24 4:00,0,0
8/26/24 5:00,0.02581024,0.01716837
8/26/24 6:00,0.04016487,0.03894794
8/26/24 7:00,0.03586849,0.03483119
8/26/24 8:00,0.07840081,0.07616667
8/26/24 9:00,0.0474014,0.04604069
8/26/24 10:00,0.1425085,0.138518
8/26/24 11:00,0.06497131,0.06311439
8/26/24 12:00,0.1111451,0.1080074
8/26/24 13:00,0.03778318,0.03669529
8/26/24 14:00,0.1276282,0.1240377
8/26/24 15:00,0.1035499,0.1005978
8/26/24 16:00,0.01609625,0.01562676
8/26/24 17:00,0.0105364,0.01020001
8/26/24 18:00,0,0
8/26/24 19:00,0,0
8/26/24 20:00,0,0
8/26/24 21:00,0,0
8/26/24 22:00,0,0
8/26/24 23:00,0,0
8/27/24 0:00,0,0
8/27/24 1:00,0,0
8/27/24 2:00,0,0
8/27/24 3:00,0,0
8/27/24 4:00,0,0
8/27/24 5:00,0.0340717,0.009695238
8/27/24 6:00,0.2073392,0.1815239
8/27/24 7:00,0.389122,0.374658
8/27/24 8:00,0.5674509,0.5639555
8/27/24 9:00,0.6076038,0.6077538
8/27/24 10:00,0.8841545,0.903499
8/27/24 11:00,0.9402488,0.964133
8/27/24 12:00,0.9823679,1.007491
8/27/24 13:00,0.8347967,0.8496062
8/27/24 14:00,0.5152468,0.5110588
8/27/24 15:00,0.5372452,0.5252236
8/27/24 16:00,0.2725724,0.2519764
8/27/24 17:00,0.05114979,0.04700385
8/27/24 18:00,0,0
8/27/24 19:00,0,0
8/27/24 20:00,0,0
8/27/24 21:00,0,0
8/27/24 22:00,0,0
8/27/24 23:00,0,0
8/28/24 0:00,0,0
8/28/24 1:00,0,0
8/28/24 2:00,0,0
8/28/24 3:00,0,0
8/28/24 4:00,0,0
8/28/24 5:00,0.01302289,0.01230682
8/28/24 6:00,0.1001091,0.09656804
8/28/24 7:00,0.259811,0.2523127
8/28/24 8:00,0.04954746,0.04812743
8/28/24 9:00,0.1899067,0.1846731
8/28/24 10:00,0.2097256,0.2039737
8/28/24 11:00,0.1761156,0.1712378
8/28/24 12:00,0.1090319,0.1059573
8/28/24 13:00,0.3087289,0.3007302
8/28/24 14:00,0.2725732,0.2654618
8/28/24 15:00,0.1383595,0.1344557
8/28/24 16:00,0.04877686,0.0473468
8/28/24 17:00,0.03532055,0.03381596
8/28/24 18:00,0,0
8/28/24 19:00,0,0
8/28/24 20:00,0,0
8/28/24 21:00,0,0
8/28/24 22:00,0,0
8/28/24 23:00,0,0
8/29/24 0:00,0,0
8/29/24 1:00,0,0
8/29/24 2:00,0,0
8/29/24 3:00,0,0
8/29/24 4:00,0,0
8/29/24 5:00,0.03468108,0.00737936
8/29/24 6:00,0.1160649,0.1113489
8/29/24 7:00,0.3085493,0.2998867
8/29/24 8:00,0.3483005,0.3411976
8/29/24 9:00,0.3148109,0.3069122
8/29/24 10:00,0.2094461,0.2037119
8/29/24 11:00,0.5020761,0.4946358
8/29/24 12:00,0.4288946,0.4200806
8/29/24 13:00,0.3593712,0.3509524
8/29/24 14:00,0.2582982,0.2514788
8/29/24 15:00,0.2074335,0.2017849
8/29/24 16:00,0.128577,0.1245841
8/29/24 17:00,0.0316016,0.03032971
8/29/24 18:00,0,0
8/29/24 19:00,0,0
8/29/24 20:00,0,0
8/29/24 21:00,0,0
8/29/24 22:00,0,0
8/29/24 23:00,0,0
8/30/24 0:00,0,0
8/30/24 1:00,0,0
8/30/24 2:00,0,0
8/30/24 3:00,0,0
8/30/24 4:00,0,0
8/30/24 5:00,0.02382267,0.01589206
8/30/24 6:00,0.02636872,0.02558939
8/30/24 7:00,0.0641509,0.06231403
8/30/24 8:00,0.09907877,0.09628537
8/30/24 9:00,0.1254732,0.121963
8/30/24 10:00,0.11288,0.1097066
8/30/24 11:00,0.1104759,0.1073662
8/30/24 12:00,0.1175212,0.1142209
8/30/24 13:00,0.08160815,0.07929397
8/30/24 14:00,0.1034487,0.1005367
8/30/24 15:00,0.03686943,0.03580918
8/30/24 16:00,0.0077218,0.007496937
8/30/24 17:00,0.000849562,0.000824574
8/30/24 18:00,0,0
8/30/24 19:00,0,0
8/30/24 20:00,0,0
8/30/24 21:00,0,0
8/30/24 22:00,0,0
8/30/24 23:00,0,0
8/31/24 0:00,0,0
8/31/24 1:00,0,0
8/31/24 2:00,0,0
8/31/24 3:00,0,0
8/31/24 4:00,0,0
8/31/24 5:00,0.02101849,0.01603959
8/31/24 6:00,0.07961494,0.07714245
8/31/24 7:00,0.1072327,0.1041945
8/31/24 8:00,0.1693752,0.1647086
8/31/24 9:00,0.07979479,0.07753339
8/31/24 10:00,0.2612244,0.2542149
8/31/24 11:00,0.1862153,0.181095
8/31/24 12:00,0.5144658,0.508644
8/31/24 13:00,0.1727505,0.1679913
8/31/24 14:00,0.3388183,0.3316312
8/31/24 15:00,0.2637617,0.2574446
8/31/24 16:00,0.172036,0.1658496
8/31/24 17:00,0.03762115,0.03562158
8/31/24 18:00,0,0
8/31/24 19:00,0,0
8/31/24 20:00,0,0
8/31/24 21:00,0,0
8/31/24 22:00,0,0
8/31/24 23:00,0,0
9/1/24 0:00,0,0
9/1/24 1:00,0,0
9/1/24 2:00,0,0
9/1/24 3:00,0,0
9/1/24 4:00,0,0
9/1/24 5:00,0.02968521,0.01003164
9/1/24 6:00,0.03155365,0.03062257
9/1/24 7:00,0.0437475,0.04249274
9/1/24 8:00,0.1512953,0.1471144
9/1/24 9:00,0.2850205,0.2776612
9/1/24 10:00,0.249584,0.242878
9/1/24 11:00,0.2922665,0.284532
9/1/24 12:00,0.1768791,0.1720116
9/1/24 13:00,0.287713,0.2802182
9/1/24 14:00,0.2078499,0.2022131
9/1/24 15:00,0.1192682,0.1159281
9/1/24 16:00,0.06245302,0.06063464
9/1/24 17:00,0.02663746,0.02560084
9/1/24 18:00,0,0
9/1/24 19:00,0,0
9/1/24 20:00,0,0
9/1/24 21:00,0,0
9/1/24 22:00,0,0
9/1/24 23:00,0,0
9/2/24 0:00,0,0
9/2/24 1:00,0,0
9/2/24 2:00,0,0
9/2/24 3:00,0,0
9/2/24 4:00,0,0
9/2/24 5:00,0.02129257,0.0152997
9/2/24 6:00,0.08376836,0.08118491
9/2/24 7:00,0.0913182,0.0887379
9/2/24 8:00,0.2893395,0.2826913
9/2/24 9:00,0.5811957,0.5857573
9/2/24 10:00,0.6848277,0.6961116
9/2/24 11:00,0.4804878,0.4733441
9/2/24 12:00,0.423622,0.4153424
9/2/24 13:00,0.2125921,0.2068347
9/2/24 14:00,0.2241851,0.2181838
9/2/24 15:00,0.1393301,0.1354637
9/2/24 16:00,0.05646742,0.05482942
9/2/24 17:00,0.02048334,0.01973516
9/2/24 18:00,0,0
9/2/24 19:00,0,0
9/2/24 20:00,0,0
9/2/24 21:00,0,0
9/2/24 22:00,0,0
9/2/24 23:00,0,0
9/3/24 0:00,0,0
9/3/24 1:00,0,0
9/3/24 2:00,0,0
9/3/24 3:00,0,0
9/3/24 4:00,0,0
9/3/24 5:00,0.02884477,0.009309814
9/3/24 6:00,0.143155,0.136544
9/3/24 7:00,0.1384528,0.1346066
9/3/24 8:00,0.2226129,0.2167322
9/3/24 9:00,0.400484,0.3937027
9/3/24 10:00,0.4588406,0.4520151
9/3/24 11:00,0.689592,0.7005247
9/3/24 12:00,0.4086263,0.4002731
9/3/24 13:00,0.6417651,0.6523902
9/3/24 14:00,0.5679115,0.5758486
9/3/24 15:00,0.2615755,0.2558687
9/3/24 16:00,0.199858,0.1925402
9/3/24 17:00,0.02594496,0.02492121
9/3/24 18:00,0,0
9/3/24 19:00,0,0
9/3/24 20:00,0,0
9/3/24 21:00,0,0
9/3/24 22:00,0,0
9/3/24 23:00,0,0
9/4/24 0:00,0,0
9/4/24 1:00,0,0
9/4/24 2:00,0,0
9/4/24 3:00,0,0
9/4/24 4:00,0,0
9/4/24 5:00,0.02879342,0.008582034
9/4/24 6:00,0.1470629,0.1404043
9/4/24 7:00,0.2655653,0.2604359
9/4/24 8:00,0.4119413,0.4095025
9/4/24 9:00,0.3606019,0.3532086
9/4/24 10:00,0.2348347,0.2285378
9/4/24 11:00,0.4161687,0.4077736
9/4/24 12:00,0.4231847,0.415217
9/4/24 13:00,0.3769965,0.3693889
9/4/24 14:00,0.3504121,0.3442394
9/4/24 15:00,0.1461397,0.1421246
9/4/24 16:00,0.04301532,0.04177427
9/4/24 17:00,0.03499961,0.03284986
9/4/24 18:00,0,0
9/4/24 19:00,0,0
9/4/24 20:00,0,0
9/4/24 21:00,0,0
9/4/24 22:00,0,0
9/4/24 23:00,0,0
9/5/24 0:00,0,0
9/5/24 1:00,0,0
9/5/24 2:00,0,0
9/5/24 3:00,0,0
9/5/24 4:00,0,0
9/5/24 5:00,0.02287275,0.01322899
9/5/24 6:00,0.005332606,0.005177316
9/5/24 7:00,0.07081422,0.06881563
9/5/24 8:00,0.03160069,0.03069336
9/5/24 9:00,0.004160883,0.004039567
9/5/24 10:00,0.1062787,0.1033014
9/5/24 11:00,0.206016,0.2004353
9/5/24 12:00,0.04684426,0.04550347
9/5/24 13:00,0.02879063,0.02796145
9/5/24 14:00,0.02966812,0.02881514
9/5/24 15:00,0.1407378,0.1368786
9/5/24 16:00,0.108289,0.1051899
9/5/24 17:00,0.01854655,0.0178708
9/5/24 18:00,0,0
9/5/24 19:00,0,0
9/5/24 20:00,0,0
9/5/24 21:00,0,0
9/5/24 22:00,0,0
9/5/24 23:00,0,0
9/6/24 0:00,0,0
9/6/24 1:00,0,0
9/6/24 2:00,0,0
9/6/24 3:00,0,0
9/6/24 4:00,0,0
9/6/24 5:00,0.02664175,0.009287355
9/6/24 6:00,0.1896473,0.1796254
9/6/24 7:00,0.2847705,0.2810062
9/6/24 8:00,0.5350296,0.5458798
9/6/24 9:00,0.6520851,0.6702033
9/6/24 10:00,0.9490048,0.9971227
9/6/24 11:00,0.9634463,1.013315
9/6/24 12:00,0.8207658,0.8554564
9/6/24 13:00,0.6203154,0.6323285
9/6/24 14:00,0.6167053,0.634999
9/6/24 15:00,0.361213,0.3603934
9/6/24 16:00,0.1286359,0.1250169
9/6/24 17:00,0.04632541,0.03874188
9/6/24 18:00,0,0
9/6/24 19:00,0,0
9/6/24 20:00,0,0
9/6/24 21:00,0,0
9/6/24 22:00,0,0
9/6/24 23:00,0,0
9/7/24 0:00,0,0
9/7/24 1:00,0,0
9/7/24 2:00,0,0
9/7/24 3:00,0,0
9/7/24 4:00,0,0
9/7/24 5:00,0.02233061,0.01245564
9/7/24 6:00,0.1251417,0.121103
9/7/24 7:00,0.2299577,0.2253247
9/7/24 8:00,0.3599574,0.3560003
9/7/24 9:00,0.6638017,0.6851751
9/7/24 10:00,0.9186997,0.9670777
9/7/24 11:00,0.8281654,0.8647789
9/7/24 12:00,1.040279,1.097501
9/7/24 13:00,0.9523723,1.001054
9/7/24 14:00,0.780428,0.8134859
9/7/24 15:00,0.5818545,0.5957948
9/7/24 16:00,0.2718285,0.2647073
9/7/24 17:00,0.05082451,0.03897656
9/7/24 18:00,0,0
9/7/24 19:00,0,0
9/7/24 20:00,0,0
9/7/24 21:00,0,0
9/7/24 22:00,0,0
9/7/24 23:00,0,0
9/8/24 0:00,0,0
9/8/24 1:00,0,0
9/8/24 2:00,0,0
9/8/24 3:00,0,0
9/8/24 4:00,0,0
9/8/24 5:00,0.02981376,0.004722365
9/8/24 6:00,0.08669256,0.08419272
9/8/24 7:00,0.0848641,0.08250271
9/8/24 8:00,0.4731524,0.4797108
9/8/24 9:00,0.3654163,0.3586695
9/8/24 10:00,0.6039335,0.6116371
9/8/24 11:00,0.7531108,0.7801391
9/8/24 12:00,0.5112613,0.5085492
9/8/24 13:00,0.4017227,0.3954666
9/8/24 14:00,0.09374527,0.09113096
9/8/24 15:00,0.1634793,0.1591292
9/8/24 16:00,0.08357458,0.08122123
9/8/24 17:00,0.01541002,0.01486075
9/8/24 18:00,0,0
9/8/24 19:00,0,0
9/8/24 20:00,0,0
9/8/24 21:00,0,0
9/8/24 22:00,0,0
9/8/24 23:00,0,0
9/9/24 0:00,0,0
9/9/24 1:00,0,0
9/9/24 2:00,0,0
9/9/24 3:00,0,0
9/9/24 4:00,0,0
9/9/24 5:00,0.0256306,0.00812206
9/9/24 6:00,0.2164606,0.2091146
9/9/24 7:00,0.452614,0.4639015
9/9/24 8:00,0.684049,0.7156441
9/9/24 9:00,0.8405491,0.8867792
9/9/24 10:00,0.9812056,1.039774
9/9/24 11:00,0.9378473,0.9930919
9/9/24 12:00,0.8826846,0.9322107
9/9/24 13:00,0.7183821,0.749624
9/9/24 14:00,0.5210673,0.5326501
9/9/24 15:00,0.4401772,0.4506101
9/9/24 16:00,0.2924091,0.2888893
9/9/24 17:00,0.05091117,0.03666446
9/9/24 18:00,0,0
9/9/24 19:00,0,0
9/9/24 20:00,0,0
9/9/24 21:00,0,0
9/9/24 22:00,0,0
9/9/24 23:00,0,0
9/10/24 0:00,0,0
9/10/24 1:00,0,0
9/10/24 2:00,0,0
9/10/24 3:00,0,0
9/10/24 4:00,0,0
9/10/24 5:00,0.02104569,0.01165601
9/10/24 6:00,0.2043941,0.1993571
9/10/24 7:00,0.5162618,0.5331067
9/10/24 8:00,0.7839393,0.8243229
9/10/24 9:00,0.9306889,0.9859567
9/10/24 10:00,1.03231,1.097477
9/10/24 11:00,1.071868,1.140867
9/10/24 12:00,1.02207,1.086807
9/10/24 13:00,0.9420902,0.9989083
9/10/24 14:00,0.7162901,0.7537596
9/10/24 15:00,0.3904554,0.3972932
9/10/24 16:00,0.2498613,0.2480259
9/10/24 17:00,0.04837257,0.03521993
9/10/24 18:00,0,0
9/10/24 19:00,0,0
9/10/24 20:00,0,0
9/10/24 21:00,0,0
9/10/24 22:00,0,0
9/10/24 23:00,0,0
9/11/24 0:00,0,0
9/11/24 1:00,0,0
9/11/24 2:00,0,0
9/11/24 3:00,0,0
9/11/24 4:00,0,0
9/11/24 5:00,0.02054053,0.01145505
9/11/24 6:00,0.04010718,0.03896841
9/11/24 7:00,0.08067603,0.07844599
9/11/24 8:00,0.08180914,0.07952826
9/11/24 9:00,0.2489666,0.2425455
9/11/24 10:00,0.1818704,0.1769637
9/11/24 11:00,0.122352,0.1189616
9/11/24 12:00,0.05559116,0.05400973
9/11/24 13:00,0.06365136,0.06185047
9/11/24 14:00,0.0549851,0.05342903
9/11/24 15:00,0.06211403,0.0603742
9/11/24 16:00,0.0632149,0.06145156
9/11/24 17:00,0.01327251,0.0128064
9/11/24 18:00,0,0
9/11/24 19:00,0,0
9/11/24 20:00,0,0
9/11/24 21:00,0,0
9/11/24 22:00,0,0
9/11/24 23:00,0,0
9/12/24 0:00,0,0
9/12/24 1:00,0,0
9/12/24 2:00,0,0
9/12/24 3:00,0,0
9/12/24 4:00,0,0
9/12/24 5:00,0.01556986,0.01249442
9/12/24 6:00,0.02014802,0.01957113
9/12/24 7:00,0.03499427,0.0340001
9/12/24 8:00,0.165037,0.1606501
9/12/24 9:00,0.2351501,0.229035
9/12/24 10:00,0.1963302,0.1910778
9/12/24 11:00,0.1676273,0.1630743
9/12/24 12:00,0.1333959,0.129725
9/12/24 13:00,0.008612202,0.008361951
9/12/24 14:00,0.1049112,0.102021
9/12/24 15:00,0.0260631,0.02531737
9/12/24 16:00,0.04410983,0.04286986
9/12/24 17:00,0.01356754,0.01308685
9/12/24 18:00,0,0
9/12/24 19:00,0,0
9/12/24 20:00,0,0
9/12/24 21:00,0,0
9/12/24 22:00,0,0
9/12/24 23:00,0,0
9/13/24 0:00,0,0
9/13/24 1:00,0,0
9/13/24 2:00,0,0
9/13/24 3:00,0,0
9/13/24 4:00,0,0
9/13/24 5:00,0.01491546,0
9/13/24 6:00,0.143169,0.1410841
9/13/24 7:00,0.4453789,0.4660826
9/13/24 8:00,0.4002888,0.4026396
9/13/24 9:00,0.5327187,0.5421986
9/13/24 10:00,0.714998,0.7472578
9/13/24 11:00,0.9813958,1.051925
9/13/24 12:00,0.8482412,0.9030112
9/13/24 13:00,0.7555214,0.8015225
9/13/24 14:00,0.5431064,0.5646996
9/13/24 15:00,0.3629935,0.3707859
9/13/24 16:00,0.20019,0.2003937
9/13/24 17:00,0.04298665,0.0315473
9/13/24 18:00,0,0
9/13/24 19:00,0,0
9/13/24 20:00,0,0
9/13/24 21:00,0,0
9/13/24 22:00,0,0
9/13/24 23:00,0,0
9/14/24 0:00,0,0
9/14/24 1:00,0,0
9/14/24 2:00,0,0
9/14/24 3:00,0,0
9/14/24 4:00,0,0
9/14/24 5:00,0.01792974,0
9/14/24 6:00,0.05173371,0.05030413
9/14/24 7:00,0.1690934,0.1650359
9/14/24 8:00,0.3509893,0.3490792
9/14/24 9:00,0.4148427,0.4116945
9/14/24 10:00,0.8320464,0.8874681
9/14/24 11:00,0.9656828,1.037464
9/14/24 12:00,0.8659799,0.9259773
9/14/24 13:00,0.5599416,0.5729612
9/14/24 14:00,0.466201,0.4763395
9/14/24 15:00,0.1294618,0.1260315
9/14/24 16:00,0.1211747,0.1185366
9/14/24 17:00,0.007181768,0.006950684
9/14/24 18:00,0,0
9/14/24 19:00,0,0
9/14/24 20:00,0,0
9/14/24 21:00,0,0
9/14/24 22:00,0,0
9/14/24 23:00,0,0
9/15/24 0:00,0,0
9/15/24 1:00,0,0
9/15/24 2:00,0,0
9/15/24 3:00,0,0
9/15/24 4:00,0,0
9/15/24 5:00,0.01872135,0
9/15/24 6:00,0.04756786,0.04625726
9/15/24 7:00,0.02947478,0.02863682
9/15/24 8:00,0.0619295,0.06019275
9/15/24 9:00,0.1050373,0.1021374
9/15/24 10:00,0.05877391,0.05710831
9/15/24 11:00,0.1839705,0.1790359
9/15/24 12:00,0.2908673,0.2835831
9/15/24 13:00,0.3041822,0.2972333
9/15/24 14:00,0.1526922,0.1486297
9/15/24 15:00,0.1798774,0.1756133
9/15/24 16:00,0.06096804,0.05930778
9/15/24 17:00,0.005086617,0.004928168
9/15/24 18:00,0,0
9/15/24 19:00,0,0
9/15/24 20:00,0,0
9/15/24 21:00,0,0
9/15/24 22:00,0,0
9/15/24 23:00,0,0
9/16/24 0:00,0,0
9/16/24 1:00,0,0
9/16/24 2:00,0,0
9/16/24 3:00,0,0
9/16/24 4:00,0,0
9/16/24 5:00,0.01407307,0
9/16/24 6:00,0.07486027,0.07290221
9/16/24 7:00,0.08652565,0.08418263
9/16/24 8:00,0.1510932,0.1470951
9/16/24 9:00,0.4284601,0.4271251
9/16/24 10:00,0.3120893,0.3046421
9/16/24 11:00,0.3061858,0.298632
9/16/24 12:00,0.3143288,0.3068145
9/16/24 13:00,0.2038076,0.1984714
9/16/24 14:00,0.139855,0.1361153
9/16/24 15:00,0.1961308,0.1919943
9/16/24 16:00,0.1227235,0.120478
9/16/24 17:00,0.02942126,0.02548376
9/16/24 18:00,0,0
9/16/24 19:00,0,0
9/16/24 20:00,0,0
9/16/24 21:00,0,0
9/16/24 22:00,0,0
9/16/24 23:00,0,0
9/17/24 0:00,0,0
9/17/24 1:00,0,0
9/17/24 2:00,0,0
9/17/24 3:00,0,0
9/17/24 4:00,0,0
9/17/24 5:00,0.02144261,0
9/17/24 6:00,0.1482376,0.1491786
9/17/24 7:00,0.2668077,0.2679725
9/17/24 8:00,0.3975064,0.4022418
9/17/24 9:00,0.6464919,0.6827561
9/17/24 10:00,0.7375338,0.7817408
9/17/24 11:00,0.7031772,0.7357169
9/17/24 12:00,0.5968534,0.6114099
9/17/24 13:00,0.361554,0.355795
9/17/24 14:00,0.5879403,0.6263646
9/17/24 15:00,0.3417917,0.3519455
9/17/24 16:00,0.08410414,0.08194386
9/17/24 17:00,0.02555909,0.02307676
9/17/24 18:00,0,0
9/17/24 19:00,0,0
9/17/24 20:00,0,0
9/17/24 21:00,0,0
9/17/24 22:00,0,0
9/17/24 23:00,0,0
9/18/24 0:00,0,0
9/18/24 1:00,0,0
9/18/24 2:00,0,0
9/18/24 3:00,0,0
9/18/24 4:00,0,0
9/18/24 5:00,0.01941514,0
9/18/24 6:00,0.1504975,0.1525442
9/18/24 7:00,0.3165843,0.326103
9/18/24 8:00,0.543165,0.5771441
9/18/24 9:00,0.7653448,0.8269092
9/18/24 10:00,0.8816203,0.9551619
9/18/24 11:00,0.8949094,0.9682765
9/18/24 12:00,0.7138208,0.7538427
9/18/24 13:00,0.3992575,0.3956805
9/18/24 14:00,0.3927034,0.3959343
9/18/24 15:00,0.3770599,0.3957968
9/18/24 16:00,0.1870028,0.1923963
9/18/24 17:00,0.03000216,0.02589284
9/18/24 18:00,0,0
9/18/24 19:00,0,0
9/18/24 20:00,0,0
9/18/24 21:00,0,0
9/18/24 22:00,0,0
9/18/24 23:00,0,0
9/19/24 0:00,0,0
9/19/24 1:00,0,0
9/19/24 2:00,0,0
9/19/24 3:00,0,0
9/19/24 4:00,0,0
9/19/24 5:00,0.02273767,0
9/19/24 6:00,0.1273128,0.1272385
9/19/24 7:00,0.242605,0.2421662
9/19/24 8:00,0.6278544,0.6802841
9/19/24 9:00,0.7187773,0.7744098
9/19/24 10:00,0.8047329,0.8674154
9/19/24 11:00,0.5136673,0.5153044
9/19/24 12:00,0.8275472,0.8940051
9/19/24 13:00,0.6198511,0.6521378
9/19/24 14:00,0.442345,0.4544707
9/19/24 15:00,0.3858325,0.4085166
9/19/24 16:00,0.166592,0.1699144
9/19/24 17:00,0.01805467,0.01731203
9/19/24 18:00,0,0
9/19/24 19:00,0,0
9/19/24 20:00,0,0
9/19/24 21:00,0,0
9/19/24 22:00,0,0
9/19/24 23:00,0,0
9/20/24 0:00,0,0
9/20/24 1:00,0,0
9/20/24 2:00,0,0
9/20/24 3:00,0,0
9/20/24 4:00,0,0
9/20/24 5:00,0.01938975,0
9/20/24 6:00,0.09095264,0.08911881
9/20/24 7:00,0.1561735,0.1524896
9/20/24 8:00,0.2631834,0.2582053
9/20/24 9:00,0.4680349,0.4733546
9/20/24 10:00,0.4952997,0.4974799
9/20/24 11:00,0.7565415,0.8066038
9/20/24 12:00,0.6339648,0.659587
9/20/24 13:00,0.7207531,0.7779011
9/20/24 14:00,0.5219479,0.5528811
9/20/24 15:00,0.4096769,0.4399631
9/20/24 16:00,0.151497,0.153496
9/20/24 17:00,0.01860471,0.01815199
9/20/24 18:00,0,0
9/20/24 19:00,0,0
9/20/24 20:00,0,0
9/20/24 21:00,0,0
9/20/24 22:00,0,0
9/20/24 23:00,0,0
9/21/24 0:00,0,0
9/21/24 1:00,0,0
9/21/24 2:00,0,0
9/21/24 3:00,0,0
9/21/24 4:00,0,0
9/21/24 5:00,0.0179174,0
9/21/24 6:00,0.08319055,0.08136152
9/21/24 7:00,0.1488906,0.1453071
9/21/24 8:00,0.4405755,0.4565662
9/21/24 9:00,0.1036189,0.1007795
9/21/24 10:00,0.1586564,0.1544081
9/21/24 11:00,0.4957182,0.4963401
9/21/24 12:00,0.6465273,0.6764473
9/21/24 13:00,0.3622565,0.3573759
9/21/24 14:00,0.1439641,0.1401871
9/21/24 15:00,0.04976124,0.04838237
9/21/24 16:00,0.06924517,0.06749288
9/21/24 17:00,0.007910095,0.007727137
9/21/24 18:00,0,0
9/21/24 19:00,0,0
9/21/24 20:00,0,0
9/21/24 21:00,0,0
9/21/24 22:00,0,0
9/21/24 23:00,0,0
9/22/24 0:00,0,0
9/22/24 1:00,0,0
9/22/24 2:00,0,0
9/22/24 3:00,0,0
9/22/24 4:00,0,0
9/22/24 5:00,0.0103624,0
9/22/24 6:00,0.165214,0.1747614
9/22/24 7:00,0.4797764,0.5293382
9/22/24 8:00,0.7230483,0.7962992
9/22/24 9:00,0.8250088,0.90657
9/22/24 10:00,0.8677236,0.9501224
9/22/24 11:00,1.010165,1.11018
9/22/24 12:00,0.9489413,1.042646
9/22/24 13:00,0.8477386,0.9318244
9/22/24 14:00,0.5579861,0.6021244
9/22/24 15:00,0.3597946,0.3826794
9/22/24 16:00,0.2060105,0.2239512
9/22/24 17:00,0.03192922,0.06512277
9/22/24 18:00,0,0
9/22/24 19:00,0,0
9/22/24 20:00,0,0
9/22/24 21:00,0,0
9/22/24 22:00,0,0
9/22/24 23:00,0,0
9/23/24 0:00,0,0
9/23/24 1:00,0,0
9/23/24 2:00,0,0
9/23/24 3:00,0,0
9/23/24 4:00,0,0
9/23/24 5:00,0.01637294,0
9/23/24 6:00,0.1728715,0.1861762
9/23/24 7:00,0.3341453,0.3542735
9/23/24 8:00,0.5030299,0.5370187
9/23/24 9:00,0.5393682,0.5606456
9/23/24 10:00,0.6190269,0.6460739
9/23/24 11:00,0.8850109,0.9703852
9/23/24 12:00,0.6893457,0.7331823
9/23/24 13:00,0.7603611,0.8337312
9/23/24 14:00,0.5679513,0.6170686
9/23/24 15:00,0.2314116,0.2306792
9/23/24 16:00,0.1275401,0.1283837
9/23/24 17:00,0.01150989,0
9/23/24 18:00,0,0
9/23/24 19:00,0,0
9/23/24 20:00,0,0
9/23/24 21:00,0,0
9/23/24 22:00,0,0
9/23/24 23:00,0,0
9/24/24 0:00,0,0
9/24/24 1:00,0,0
9/24/24 2:00,0,0
9/24/24 3:00,0,0
9/24/24 4:00,0,0
9/24/24 5:00,0.01383113,0
9/24/24 6:00,0.2099648,0.236657
9/24/24 7:00,0.442665,0.492353
9/24/24 8:00,0.5901495,0.6483794
9/24/24 9:00,0.7887546,0.8707306
9/24/24 10:00,0.9386561,1.037271
9/24/24 11:00,0.7921396,0.8597773
9/24/24 12:00,0.6027061,0.62688
9/24/24 13:00,0.6083086,0.6472684
9/24/24 14:00,0.5006621,0.5345003
9/24/24 15:00,0.3576761,0.384317
9/24/24 16:00,0.1703249,0.1823232
9/24/24 17:00,0.02315305,0
9/24/24 18:00,0,0
9/24/24 19:00,0,0
9/24/24 20:00,0,0
9/24/24 21:00,0,0
9/24/24 22:00,0,0
9/24/24 23:00,0,0
9/25/24 0:00,0,0
9/25/24 1:00,0,0
9/25/24 2:00,0,0
9/25/24 3:00,0,0
9/25/24 4:00,0,0
9/25/24 5:00,0.01878074,0
9/25/24 6:00,0.218283,0.2499154
9/25/24 7:00,0.4840197,0.5432162
9/25/24 8:00,0.6791173,0.7562531
9/25/24 9:00,0.9139987,1.015736
9/25/24 10:00,0.9679588,1.073197
9/25/24 11:00,1.009493,1.118823
9/25/24 12:00,1.00943,1.119781
9/25/24 13:00,0.8561301,0.9503723
9/25/24 14:00,0.7035962,0.7836631
9/25/24 15:00,0.5091918,0.5715475
9/25/24 16:00,0.2465804,0.2831236
9/25/24 17:00,0.02184232,0
9/25/24 18:00,0,0
9/25/24 19:00,0,0
9/25/24 20:00,0,0
9/25/24 21:00,0,0
9/25/24 22:00,0,0
9/25/24 23:00,0,0
9/26/24 0:00,0,0
9/26/24 1:00,0,0
9/26/24 2:00,0,0
9/26/24 3:00,0,0
9/26/24 4:00,0,0
9/26/24 5:00,0.01374103,0
9/26/24 6:00,0.1043272,0.1041995
9/26/24 7:00,0.08867535,0.08637249
9/26/24 8:00,0.1149268,0.1118896
9/26/24 9:00,0.1844198,0.1796856
9/26/24 10:00,0.4455044,0.4448112
9/26/24 11:00,0.6757329,0.7167125
9/26/24 12:00,0.7706828,0.8425337
9/26/24 13:00,0.5077612,0.5249174
9/26/24 14:00,0.4328473,0.4522878
9/26/24 15:00,0.3325545,0.3560565
9/26/24 16:00,0.1383754,0.1441284
9/26/24 17:00,0.008418976,0
9/26/24 18:00,0,0
9/26/24 19:00,0,0
9/26/24 20:00,0,0
9/26/24 21:00,0,0
9/26/24 22:00,0,0
9/26/24 23:00,0,0
9/27/24 0:00,0,0
9/27/24 1:00,0,0
9/27/24 2:00,0,0
9/27/24 3:00,0,0
9/27/24 4:00,0,0
9/27/24 5:00,0.01239271,0
9/27/24 6:00,0.08827351,0.08707548
9/27/24 7:00,0.2594478,0.2656397
9/27/24 8:00,0.2728035,0.2690579
9/27/24 9:00,0.2072998,0.2020905
9/27/24 10:00,0.170403,0.1659275
9/27/24 11:00,0.1785688,0.1738826
9/27/24 12:00,0.3158892,0.3090557
9/27/24 13:00,0.4950937,0.5106378
9/27/24 14:00,0.4119898,0.4277146
9/27/24 15:00,0.2503252,0.2545653
9/27/24 16:00,0.07797456,0.07642973
9/27/24 17:00,0.003479079,0
9/27/24 18:00,0,0
9/27/24 19:00,0,0
9/27/24 20:00,0,0
9/27/24 21:00,0,0
9/27/24 22:00,0,0
9/27/24 23:00,0,0
9/28/24 0:00,0,0
9/28/24 1:00,0,0
9/28/24 2:00,0,0
9/28/24 3:00,0,0
9/28/24 4:00,0,0
9/28/24 5:00,0.008996384,0
9/28/24 6:00,0.1116575,0.1132233
9/28/24 7:00,0.2321765,0.2341533
9/28/24 8:00,0.2534652,0.2491044
9/28/24 9:00,0.3362715,0.3316619
9/28/24 10:00,0.3411565,0.3347344
9/28/24 11:00,0.4782519,0.4802228
9/28/24 12:00,0.8458377,0.9409877
9/28/24 13:00,0.7913895,0.8854501
9/28/24 14:00,0.5392818,0.5938073
9/28/24 15:00,0.2656616,0.2739401
9/28/24 16:00,0.09786392,0.09754558
9/28/24 17:00,0.006623335,0
9/28/24 18:00,0,0
9/28/24 19:00,0,0
9/28/24 20:00,0,0
9/28/24 21:00,0,0
9/28/24 22:00,0,0
9/28/24 23:00,0,0
9/29/24 0:00,0,0
9/29/24 1:00,0,0
9/29/24 2:00,0,0
9/29/24 3:00,0,0
9/29/24 4:00,0,0
9/29/24 5:00,0.01365143,0
9/29/24 6:00,0.145266,0.157471
9/29/24 7:00,0.336706,0.3675752
9/29/24 8:00,0.5668889,0.6319047
9/29/24 9:00,0.8554019,0.9621636
9/29/24 10:00,0.8792686,0.9839023
9/29/24 11:00,1.068583,1.198955
9/29/24 12:00,1.03342,1.160555
9/29/24 13:00,0.8187671,0.920416
9/29/24 14:00,0.6456054,0.7296379
9/29/24 15:00,0.4503365,0.5163887
9/29/24 16:00,0.2134715,0.2561072
9/29/24 17:00,0.01417595,0
9/29/24 18:00,0,0
9/29/24 19:00,0,0
9/29/24 20:00,0,0
9/29/24 21:00,0,0
9/29/24 22:00,0,0
9/29/24 23:00,0,0
9/30/24 0:00,0,0
9/30/24 1:00,0,0
9/30/24 2:00,0,0
9/30/24 3:00,0,0
9/30/24 4:00,0,0
9/30/24 5:00,0.01113506,0
9/30/24 6:00,0.1213479,0.1261693
9/30/24 7:00,0.2140946,0.2143921
9/30/24 8:00,0.3321486,0.3347435
9/30/24 9:00,0.581932,0.6247457
9/30/24 10:00,0.7739154,0.8569603
9/30/24 11:00,1.006698,1.131681
9/30/24 12:00,0.9352118,1.051735
9/30/24 13:00,0.8158043,0.9201155
9/30/24 14:00,0.5171654,0.5700321
9/30/24 15:00,0.3210276,0.349191
9/30/24 16:00,0.1484639,0.165088
9/30/24 17:00,0.01137956,0
9/30/24 18:00,0,0
9/30/24 19:00,0,0
9/30/24 20:00,0,0
9/30/24 21:00,0,0
9/30/24 22:00,0,0
9/30/24 23:00,0,0
10/1/24 0:00,0,0
10/1/24 1:00,0,0
10/1/24 2:00,0,0
10/1/24 3:00,0,0
10/1/24 4:00,0,0
10/1/24 5:00,0.01175592,0
10/1/24 6:00,0.0226432,0.0220402
10/1/24 7:00,0.1244657,0.1215108
10/1/24 8:00,0.3513113,0.3575361
10/1/24 9:00,0.6283422,0.6877475
10/1/24 10:00,0.6528077,0.7016059
10/1/24 11:00,0.7717507,0.8511614
10/1/24 12:00,0.6844692,0.7435501
10/1/24 13:00,0.6369779,0.7000315
10/1/24 14:00,0.3510151,0.3577992
10/1/24 15:00,0.1841872,0.1823134
10/1/24 16:00,0.05799858,0.05672399
10/1/24 17:00,0.001348981,0
10/1/24 18:00,0,0
10/1/24 19:00,0,0
10/1/24 20:00,0,0
10/1/24 21:00,0,0
10/1/24 22:00,0,0
10/1/24 23:00,0,0
10/2/24 0:00,0,0
10/2/24 1:00,0,0
10/2/24 2:00,0,0
10/2/24 3:00,0,0
10/2/24 4:00,0,0
10/2/24 5:00,0.01076324,0
10/2/24 6:00,0.0902339,0.08991607
10/2/24 7:00,0.1817074,0.179584
10/2/24 8:00,0.4148065,0.4369885
10/2/24 9:00,0.302488,0.2971544
10/2/24 10:00,0.1524324,0.1484228
10/2/24 11:00,0.2515378,0.2453604
10/2/24 12:00,0.5552478,0.5782415
10/2/24 13:00,0.3138509,0.3090136
10/2/24 14:00,0.3150972,0.3167528
10/2/24 15:00,0.07765232,0.07566081
10/2/24 16:00,0.05564025,0.05443011
10/2/24 17:00,0.002877261,0
10/2/24 18:00,0,0
10/2/24 19:00,0,0
10/2/24 20:00,0,0
10/2/24 21:00,0,0
10/2/24 22:00,0,0
10/2/24 23:00,0,0
10/3/24 0:00,0,0
10/3/24 1:00,0,0
10/3/24 2:00,0,0
10/3/24 3:00,0,0
10/3/24 4:00,0,0
10/3/24 5:00,0.01031003,0
10/3/24 6:00,0.07258701,0.07134087
10/3/24 7:00,0.07966713,0.07763173
10/3/24 8:00,0.1881608,0.1837261
10/3/24 9:00,0.2612972,0.2555211
10/3/24 10:00,0.6298325,0.6750304
10/3/24 11:00,0.7741507,0.8594166
10/3/24 12:00,0.5697938,0.5978984
10/3/24 13:00,0.608229,0.6667395
10/3/24 14:00,0.3252404,0.3289754
10/3/24 15:00,0.2518977,0.2623671
10/3/24 16:00,0.07251025,0.07153049
10/3/24 17:00,0.005895077,0
10/3/24 18:00,0,0
10/3/24 19:00,0,0
10/3/24 20:00,0,0
10/3/24 21:00,0,0
10/3/24 22:00,0,0
10/3/24 23:00,0,0
10/4/24 0:00,0,0
10/4/24 1:00,0,0
10/4/24 2:00,0,0
10/4/24 3:00,0,0
10/4/24 4:00,0,0
10/4/24 5:00,0.01104194,0
10/4/24 6:00,0.1402887,0.156892
10/4/24 7:00,0.3454082,0.3895094
10/4/24 8:00,0.5476012,0.6192862
10/4/24 9:00,0.6426743,0.7135513
10/4/24 10:00,0.7890703,0.8871027
10/4/24 11:00,0.7044709,0.7697768
10/4/24 12:00,0.7910402,0.890399
10/4/24 13:00,0.7520193,0.8565964
10/4/24 14:00,0.6621305,0.7650378
10/4/24 15:00,0.4245149,0.5013434
10/4/24 16:00,0.1680353,0.2088687
10/4/24 17:00,0.008793861,0
10/4/24 18:00,0,0
10/4/24 19:00,0,0
10/4/24 20:00,0,0
10/4/24 21:00,0,0
10/4/24 22:00,0,0
10/4/24 23:00,0,0
10/5/24 0:00,0,0
10/5/24 1:00,0,0
10/5/24 2:00,0,0
10/5/24 3:00,0,0
10/5/24 4:00,0,0
10/5/24 5:00,0.006777272,0
10/5/24 6:00,0.03534763,0.03448968
10/5/24 7:00,0.2296717,0.2345237
10/5/24 8:00,0.2756716,0.2735741
10/5/24 9:00,0.336343,0.3330369
10/5/24 10:00,0.6717222,0.7345269
10/5/24 11:00,0.9967625,1.136598
10/5/24 12:00,0.9326828,1.064721
10/5/24 13:00,0.588004,0.6441901
10/5/24 14:00,0.2308152,0.2267804
10/5/24 15:00,0.1462622,0.1434991
10/5/24 16:00,0.1485592,0.1801221
10/5/24 17:00,0.007838237,0
10/5/24 18:00,0,0
10/5/24 19:00,0,0
10/5/24 20:00,0,0
10/5/24 21:00,0,0
10/5/24 22:00,0,0
10/5/24 23:00,0,0
10/6/24 0:00,0,0
10/6/24 1:00,0,0
10/6/24 2:00,0,0
10/6/24 3:00,0,0
10/6/24 4:00,0,0
10/6/24 5:00,0.009475674,0
10/6/24 6:00,0.1910886,0.2442947
10/6/24 7:00,0.4008691,0.4729294
10/6/24 8:00,0.6772382,0.7880889
10/6/24 9:00,0.8430901,0.9701424
10/6/24 10:00,0.9408415,1.077023
10/6/24 11:00,1.024267,1.171927
10/6/24 12:00,0.9085369,1.039815
10/6/24 13:00,0.8514729,0.9809056
10/6/24 14:00,0.6779829,0.7905402
10/6/24 15:00,0.4249285,0.5087545
10/6/24 16:00,0.1531931,0.1919264
10/6/24 17:00,0.006492089,0
10/6/24 18:00,0,0
10/6/24 19:00,0,0
10/6/24 20:00,0,0
10/6/24 21:00,0,0
10/6/24 22:00,0,0
10/6/24 23:00,0,0
10/7/24 0:00,0,0
10/7/24 1:00,0,0
10/7/24 2:00,0,0
10/7/24 3:00,0,0
10/7/24 4:00,0,0
10/7/24 5:00,0.009102343,0
10/7/24 6:00,0.183751,0.2355372
10/7/24 7:00,0.3458441,0.3967895
10/7/24 8:00,0.6287135,0.7329388
10/7/24 9:00,0.7893221,0.9099693
10/7/24 10:00,0.853111,0.9763252
10/7/24 11:00,0.8490167,0.9669692
10/7/24 12:00,0.9104499,1.045218
10/7/24 13:00,0.6086559,0.6772107
10/7/24 14:00,0.5321242,0.6102397
10/7/24 15:00,0.4234285,0.5103348
10/7/24 16:00,0.1851975,0.2484937
10/7/24 17:00,0.005101683,0
10/7/24 18:00,0,0
10/7/24 19:00,0,0
10/7/24 20:00,0,0
10/7/24 21:00,0,0
10/7/24 22:00,0,0
10/7/24 23:00,0,0
10/8/24 0:00,0,0
10/8/24 1:00,0,0
10/8/24 2:00,0,0
10/8/24 3:00,0,0
10/8/24 4:00,0,0
10/8/24 5:00,0.007796238,0
10/8/24 6:00,0.1381763,0.1597586
10/8/24 7:00,0.3266917,0.370615
10/8/24 8:00,0.5274787,0.6019183
10/8/24 9:00,0.794919,0.9197188
10/8/24 10:00,0.8040273,0.9176848
10/8/24 11:00,0.8399623,0.9585039
10/8/24 12:00,0.7005046,0.7818273
10/8/24 13:00,0.6668524,0.7591678
10/8/24 14:00,0.5025588,0.5721873
10/8/24 15:00,0.3202114,0.3686718
10/8/24 16:00,0.1680294,0.2261011
10/8/24 17:00,0.005422903,0
10/8/24 18:00,0,0
10/8/24 19:00,0,0
10/8/24 20:00,0,0
10/8/24 21:00,0,0
10/8/24 22:00,0,0
10/8/24 23:00,0,0
10/9/24 0:00,0,0
10/9/24 1:00,0,0
10/9/24 2:00,0,0
10/9/24 3:00,0,0
10/9/24 4:00,0,0
10/9/24 5:00,0.009905006,0
10/9/24 6:00,0.2065237,0.2777099
10/9/24 7:00,0.3664319,0.4321504
10/9/24 8:00,0.4737823,0.5284237
10/9/24 9:00,0.6564485,0.7445589
10/9/24 10:00,0.8527863,0.9819776
10/9/24 11:00,0.9170563,1.056304
10/9/24 12:00,0.7973704,0.9134337
10/9/24 13:00,0.7668051,0.8905518
10/9/24 14:00,0.6522328,0.770018
10/9/24 15:00,0.4237662,0.5176896
10/9/24 16:00,0.1748879,0.2416842
10/9/24 17:00,0.004937204,0
10/9/24 18:00,0,0
10/9/24 19:00,0,0
10/9/24 20:00,0,0
10/9/24 21:00,0,0
10/9/24 22:00,0,0
10/9/24 23:00,0,0
10/10/24 0:00,0,0
10/10/24 1:00,0,0
10/10/24 2:00,0,0
10/10/24 3:00,0,0
10/10/24 4:00,0,0
10/10/24 5:00,0.005571628,0
10/10/24 6:00,0.0993777,0.1034291
10/10/24 7:00,0.1800692,0.1791992
10/10/24 8:00,0.3645157,0.3803771
10/10/24 9:00,0.4081057,0.4156461
10/10/24 10:00,0.1836174,0.1790014
10/10/24 11:00,0.3640692,0.3595241
10/10/24 12:00,0.6578936,0.7283808
10/10/24 13:00,0.782654,0.9128018
10/10/24 14:00,0.5381159,0.6279398
10/10/24 15:00,0.3057432,0.3525123
10/10/24 16:00,0.1386824,0.1823001
10/10/24 17:00,0.003734814,0
10/10/24 18:00,0,0
10/10/24 19:00,0,0
10/10/24 20:00,0,0
10/10/24 21:00,0,0
10/10/24 22:00,0,0
10/10/24 23:00,0,0
10/11/24 0:00,0,0
10/11/24 1:00,0,0
10/11/24 2:00,0,0
10/11/24 3:00,0,0
10/11/24 4:00,0,0
10/11/24 5:00,0.005389401,0
10/11/24 6:00,0.1256422,0.1435273
10/11/24 7:00,0.3478561,0.4094347
10/11/24 8:00,0.5090465,0.5833766
10/11/24 9:00,0.6727554,0.7721396
10/11/24 10:00,0.7674774,0.8785344
10/11/24 11:00,0.6780556,0.749552
10/11/24 12:00,0.9106617,1.058256
10/11/24 13:00,0.8142598,0.9536693
10/11/24 14:00,0.6397032,0.7616473
10/11/24 15:00,0.3797769,0.4666846
10/11/24 16:00,0.1243683,0.1585189
10/11/24 17:00,0.003157324,0
10/11/24 18:00,0,0
10/11/24 19:00,0,0
10/11/24 20:00,0,0
10/11/24 21:00,0,0
10/11/24 22:00,0,0
10/11/24 23:00,0,0
10/12/24 0:00,0,0
10/12/24 1:00,0,0
10/12/24 2:00,0,0
10/12/24 3:00,0,0
10/12/24 4:00,0,0
10/12/24 5:00,0.005728651,0
10/12/24 6:00,0.1441873,0.1784889
10/12/24 7:00,0.3871485,0.4710515
10/12/24 8:00,0.5606807,0.6588618
10/12/24 9:00,0.7137229,0.8298859
10/12/24 10:00,0.696983,0.7851769
10/12/24 11:00,0.8878099,1.03038
10/12/24 12:00,0.7826623,0.9034707
10/12/24 13:00,0.5675873,0.6324452
10/12/24 14:00,0.5053703,0.5882512
10/12/24 15:00,0.3562306,0.436351
10/12/24 16:00,0.1137917,0.1414342
10/12/24 17:00,0.002170169,0
10/12/24 18:00,0,0
10/12/24 19:00,0,0
10/12/24 20:00,0,0
10/12/24 21:00,0,0
10/12/24 22:00,0,0
10/12/24 23:00,0,0
10/13/24 0:00,0,0
10/13/24 1:00,0,0
10/13/24 2:00,0,0
10/13/24 3:00,0,0
10/13/24 4:00,0,0
10/13/24 5:00,0.004834738,0
10/13/24 6:00,0.08780566,0.08994736
10/13/24 7:00,0.1925698,0.1940024
10/13/24 8:00,0.3485564,0.3625082
10/13/24 9:00,0.6391906,0.7310871
10/13/24 10:00,0.4879757,0.5046235
10/13/24 11:00,0.5444258,0.57232
10/13/24 12:00,0.5984139,0.6525291
10/13/24 13:00,0.4062091,0.4173778
10/13/24 14:00,0.5710184,0.6822983
10/13/24 15:00,0.3165568,0.3787134
10/13/24 16:00,0.1122357,0.1419214
10/13/24 17:00,0.001908197,0
10/13/24 18:00,0,0
10/13/24 19:00,0,0
10/13/24 20:00,0,0
10/13/24 21:00,0,0
10/13/24 22:00,0,0
10/13/24 23:00,0,0
10/14/24 0:00,0,0
10/14/24 1:00,0,0
10/14/24 2:00,0,0
10/14/24 3:00,0,0
10/14/24 4:00,0,0
10/14/24 5:00,0.00846187,0
10/14/24 6:00,0.15073,0.1963443
10/14/24 7:00,0.37998,0.4664695
10/14/24 8:00,0.6324877,0.7590446
10/14/24 9:00,0.786889,0.9284008
10/14/24 10:00,0.8626401,1.009311
10/14/24 11:00,0.5274583,0.5515725
10/14/24 12:00,0.471316,0.4861118
10/14/24 13:00,0.2907823,0.2869632
10/14/24 14:00,0.4723067,0.5460842
10/14/24 15:00,0.3950644,0.4984727
10/14/24 16:00,0.13588,0.1961231
10/14/24 17:00,0.001127943,0
10/14/24 18:00,0,0
10/14/24 19:00,0,0
10/14/24 20:00,0,0
10/14/24 21:00,0,0
10/14/24 22:00,0,0
10/14/24 23:00,0,0
10/15/24 0:00,0,0
10/15/24 1:00,0,0
10/15/24 2:00,0,0
10/15/24 3:00,0,0
10/15/24 4:00,0,0
10/15/24 5:00,0.00595752,0
10/15/24 6:00,0.1140484,0.1296461
10/15/24 7:00,0.2300054,0.2413722
10/15/24 8:00,0.507607,0.5914682
10/15/24 9:00,0.6765159,0.7884917
10/15/24 10:00,0.6698166,0.7544845
10/15/24 11:00,0.8356178,0.9740912
10/15/24 12:00,0.9165997,1.078374
10/15/24 13:00,0.8122644,0.9646916
10/15/24 14:00,0.5992217,0.7252596
10/15/24 15:00,0.3827007,0.485383
10/15/24 16:00,0.1230463,0.1738001
10/15/24 17:00,0.001578091,0
10/15/24 18:00,0,0
10/15/24 19:00,0,0
10/15/24 20:00,0,0
10/15/24 21:00,0,0
10/15/24 22:00,0,0
10/15/24 23:00,0,0
10/16/24 0:00,0,0
10/16/24 1:00,0,0
10/16/24 2:00,0,0
10/16/24 3:00,0,0
10/16/24 4:00,0,0
10/16/24 5:00,0.005609387,0
10/16/24 6:00,0.09095588,0.09538805
10/16/24 7:00,0.35915,0.440533
10/16/24 8:00,0.2554985,0.2540408
10/16/24 9:00,0.4050264,0.4157449
10/16/24 10:00,0.4044778,0.4067835
10/16/24 11:00,0.4823746,0.4966922
10/16/24 12:00,0.6505472,0.7326233
10/16/24 13:00,0.4927215,0.5351015
10/16/24 14:00,0.3386111,0.3573449
10/16/24 15:00,0.1245934,0.1224299
10/16/24 16:00,0.07212111,0.07713868
10/16/24 17:00,0.000546607,0
10/16/24 18:00,0,0
10/16/24 19:00,0,0
10/16/24 20:00,0,0
10/16/24 21:00,0,0
10/16/24 22:00,0,0
10/16/24 23:00,0,0
10/17/24 0:00,0,0
10/17/24 1:00,0,0
10/17/24 2:00,0,0
10/17/24 3:00,0,0
10/17/24 4:00,0,0
10/17/24 5:00,0.005561566,0
10/17/24 6:00,0.1529508,0.2101876
10/17/24 7:00,0.2108703,0.2178839
10/17/24 8:00,0.3801445,0.408768
10/17/24 9:00,0.4643713,0.4928588
10/17/24 10:00,0.7230223,0.8347129
10/17/24 11:00,0.7344829,0.8435003
10/17/24 12:00,0.7056534,0.8135598
10/17/24 13:00,0.7028433,0.8353025
10/17/24 14:00,0.469257,0.5504231
10/17/24 15:00,0.2949597,0.3567502
10/17/24 16:00,0.09952359,0.1300823
10/17/24 17:00,0.000579264,0
10/17/24 18:00,0,0
10/17/24 19:00,0,0
10/17/24 20:00,0,0
10/17/24 21:00,0,0
10/17/24 22:00,0,0
10/17/24 23:00,0,0
10/18/24 0:00,0,0
10/18/24 1:00,0,0
10/18/24 2:00,0,0
10/18/24 3:00,0,0
10/18/24 4:00,0,0
10/18/24 5:00,0.005224801,0
10/18/24 6:00,0.05624599,0.05547856
10/18/24 7:00,0.2101323,0.217536
10/18/24 8:00,0.5154781,0.6111732
10/18/24 9:00,0.8296843,0.9928789
10/18/24 10:00,0.8454151,1.000251
10/18/24 11:00,0.9546472,1.129459
10/18/24 12:00,0.9061663,1.075627
10/18/24 13:00,0.6616775,0.7828708
10/18/24 14:00,0.5385441,0.6550333
10/18/24 15:00,0.3597101,0.4637673
10/18/24 16:00,0.1424388,0.230562
10/18/24 17:00,0.000459009,0
10/18/24 18:00,0,0
10/18/24 19:00,0,0
10/18/24 20:00,0,0
10/18/24 21:00,0,0
10/18/24 22:00,0,0
10/18/24 23:00,0,0
10/19/24 0:00,0,0
10/19/24 1:00,0,0
10/19/24 2:00,0,0
10/19/24 3:00,0,0
10/19/24 4:00,0,0
10/19/24 5:00,0.005175775,0
10/19/24 6:00,0.11875,0.1448293
10/19/24 7:00,0.3722532,0.4700548
10/19/24 8:00,0.3280483,0.3409803
10/19/24 9:00,0.4415195,0.4646971
10/19/24 10:00,0.7734843,0.909918
10/19/24 11:00,0.5582829,0.5988722
10/19/24 12:00,0.6055096,0.6750638
10/19/24 13:00,0.5622328,0.6422892
10/19/24 14:00,0.3138239,0.3279003
10/19/24 15:00,0.05535751,0.05399888
10/19/24 16:00,0.02588718,0.02542248
10/19/24 17:00,0.000108963,0
10/19/24 18:00,0,0
10/19/24 19:00,0,0
10/19/24 20:00,0,0
10/19/24 21:00,0,0
10/19/24 22:00,0,0
10/19/24 23:00,0,0
10/20/24 0:00,0,0
10/20/24 1:00,0,0
10/20/24 2:00,0,0
10/20/24 3:00,0,0
10/20/24 4:00,0,0
10/20/24 5:00,0.003875778,0
10/20/24 6:00,0.07784991,0.08000707
10/20/24 7:00,0.1393257,0.1372082
10/20/24 8:00,0.3049063,0.3125781
10/20/24 9:00,0.3412315,0.3424705
10/20/24 10:00,0.3669395,0.3660305
10/20/24 11:00,0.5837088,0.6357028
10/20/24 12:00,0.6705183,0.7717765
10/20/24 13:00,0.682686,0.8179781
10/20/24 14:00,0.3820511,0.4253172
10/20/24 15:00,0.3009334,0.3770587
10/20/24 16:00,0.07173177,0.08191471
10/20/24 17:00,0.000243054,0
10/20/24 18:00,0,0
10/20/24 19:00,0,0
10/20/24 20:00,0,0
10/20/24 21:00,0,0
10/20/24 22:00,0,0
10/20/24 23:00,0,0
10/21/24 0:00,0,0
10/21/24 1:00,0,0
10/21/24 2:00,0,0
10/21/24 3:00,0,0
10/21/24 4:00,0,0
10/21/24 5:00,0.004894705,0
10/21/24 6:00,0.06951914,0.07018037
10/21/24 7:00,0.2998703,0.3566693
10/21/24 8:00,0.2583708,0.2584129
10/21/24 9:00,0.6737725,0.8020841
10/21/24 10:00,0.827028,0.9861826
10/21/24 11:00,0.8331851,0.9892347
10/21/24 12:00,0.3489039,0.3471244
10/21/24 13:00,0.391189,0.4054297
10/21/24 14:00,0.3854297,0.4324655
10/21/24 15:00,0.3054255,0.3883316
10/21/24 16:00,0.1174111,0.1942171
10/21/24 17:00,9.59049E-05,0
10/21/24 18:00,0,0
10/21/24 19:00,0,0
10/21/24 20:00,0,0
10/21/24 21:00,0,0
10/21/24 22:00,0,0
10/21/24 23:00,0,0
10/22/24 0:00,0,0
10/22/24 1:00,0,0
10/22/24 2:00,0,0
10/22/24 3:00,0,0
10/22/24 4:00,0,0
10/22/24 5:00,0.005233018,0
10/22/24 6:00,0.1579312,0.2394456
10/22/24 7:00,0.397269,0.5172756
10/22/24 8:00,0.6073678,0.7518295
10/22/24 9:00,0.7765182,0.9400255
10/22/24 10:00,0.7575573,0.8971027
10/22/24 11:00,0.7496661,0.8790528
10/22/24 12:00,0.7347205,0.8690928
10/22/24 13:00,0.7890691,0.9596922
10/22/24 14:00,0.6136435,0.7668784
10/22/24 15:00,0.3753007,0.5004478
10/22/24 16:00,0.1193065,0.2047749
10/22/24 17:00,3.553E-05,0
10/22/24 18:00,0,0
10/22/24 19:00,0,0
10/22/24 20:00,0,0
10/22/24 21:00,0,0
10/22/24 22:00,0,0
10/22/24 23:00,0,0
10/23/24 0:00,0,0
10/23/24 1:00,0,0
10/23/24 2:00,0,0
10/23/24 3:00,0,0
10/23/24 4:00,0,0
10/23/24 5:00,0.004207362,0
10/23/24 6:00,0.147985,0.2214262
10/23/24 7:00,0.2603868,0.2954046
10/23/24 8:00,0.4191082,0.4757307
10/23/24 9:00,0.6528163,0.7781601
10/23/24 10:00,0.7131055,0.8374835
10/23/24 11:00,0.5525076,0.596948
10/23/24 12:00,0.5841004,0.6526199
10/23/24 13:00,0.3759902,0.3879018
10/23/24 14:00,0.4246706,0.498526
10/23/24 15:00,0.2323483,0.267449
10/23/24 16:00,0.05684592,0.06123392
10/23/24 17:00,3.75616E-06,0
10/23/24 18:00,0,0
10/23/24 19:00,0,0
10/23/24 20:00,0,0
10/23/24 21:00,0,0
10/23/24 22:00,0,0
10/23/24 23:00,0,0
10/24/24 0:00,0,0
10/24/24 1:00,0,0
10/24/24 2:00,0,0
10/24/24 3:00,0,0
10/24/24 4:00,0,0
10/24/24 5:00,0.003438226,0
10/24/24 6:00,0.08716226,0.09550991
10/24/24 7:00,0.2115071,0.2235338
10/24/24 8:00,0.4114611,0.4659048
10/24/24 9:00,0.5605537,0.643613
10/24/24 10:00,0.7606342,0.9072546
10/24/24 11:00,0.4893041,0.5127906
10/24/24 12:00,0.5873432,0.6595292
10/24/24 13:00,0.6415032,0.7732687
10/24/24 14:00,0.5345571,0.6695204
10/24/24 15:00,0.2679333,0.3324122
10/24/24 16:00,0.08488914,0.1238173
10/24/24 17:00,0,0
10/24/24 18:00,0,0
10/24/24 19:00,0,0
10/24/24 20:00,0,0
10/24/24 21:00,0,0
10/24/24 22:00,0,0
10/24/24 23:00,0,0
10/25/24 0:00,0,0
10/25/24 1:00,0,0
10/25/24 2:00,0,0
10/25/24 3:00,0,0
10/25/24 4:00,0,0
10/25/24 5:00,0.003429623,0
10/25/24 6:00,0.1018588,0.1230142
10/25/24 7:00,0.2656755,0.3076818
10/25/24 8:00,0.4177664,0.4776964
10/25/24 9:00,0.5820295,0.6786007
10/25/24 10:00,0.7614659,0.9113612
10/25/24 11:00,0.7862456,0.9387487
10/25/24 12:00,0.7299854,0.8714845
10/25/24 13:00,0.4524015,0.4931454
10/25/24 14:00,0.3704977,0.4177692
10/25/24 15:00,0.2161607,0.2446982
10/25/24 16:00,0.07035866,0.09040983
10/25/24 17:00,0,0
10/25/24 18:00,0,0
10/25/24 19:00,0,0
10/25/24 20:00,0,0
10/25/24 21:00,0,0
10/25/24 22:00,0,0
10/25/24 23:00,0,0
10/26/24 0:00,0,0
10/26/24 1:00,0,0
10/26/24 2:00,0,0
10/26/24 3:00,0,0
10/26/24 4:00,0,0
10/26/24 5:00,0.003639711,0
10/26/24 6:00,0.1288341,0.187399
10/26/24 7:00,0.2545653,0.2910748
10/26/24 8:00,0.5491669,0.6844443
10/26/24 9:00,0.6475751,0.7792869
10/26/24 10:00,0.6347095,0.7300896
10/26/24 11:00,0.8066034,0.9692799
10/26/24 12:00,0.4999055,0.5371591
10/26/24 13:00,0.5614485,0.6598465
10/26/24 14:00,0.4151637,0.4913693
10/26/24 15:00,0.3527098,0.4829108
10/26/24 16:00,0.1000214,0.1792894
10/26/24 17:00,0,0
10/26/24 18:00,0,0
10/26/24 19:00,0,0
10/26/24 20:00,0,0
10/26/24 21:00,0,0
10/26/24 22:00,0,0
10/26/24 23:00,0,0
10/27/24 0:00,0,0
10/27/24 1:00,0,0
10/27/24 2:00,0,0
10/27/24 3:00,0,0
10/27/24 4:00,0,0
10/27/24 5:00,0.002302576,0
10/27/24 6:00,0.1287829,0.1911631
10/27/24 7:00,0.2871608,0.3492591
10/27/24 8:00,0.5436531,0.6794934
10/27/24 9:00,0.7313664,0.898038
10/27/24 10:00,0.7117731,0.8469313
10/27/24 11:00,0.840702,1.016926
10/27/24 12:00,0.7771733,0.942217
10/27/24 13:00,0.7039688,0.8682223
10/27/24 14:00,0.5387186,0.6851275
10/27/24 15:00,0.3184428,0.4329122
10/27/24 16:00,0.07315679,0.1042643
10/27/24 17:00,0,0
10/27/24 18:00,0,0
10/27/24 19:00,0,0
10/27/24 20:00,0,0
10/27/24 21:00,0,0
10/27/24 22:00,0,0
10/27/24 23:00,0,0
10/28/24 0:00,0,0
10/28/24 1:00,0,0
10/28/24 2:00,0,0
10/28/24 3:00,0,0
10/28/24 4:00,0,0
10/28/24 5:00,0.002326477,0
10/28/24 6:00,0.1331434,0.2064622
10/28/24 7:00,0.3861319,0.5205906
10/28/24 8:00,0.5724422,0.7235297
10/28/24 9:00,0.7261254,0.8941633
10/28/24 10:00,0.8929878,1.089269
10/28/24 11:00,0.9523561,1.159133
10/28/24 12:00,0.8418849,1.027846
10/28/24 13:00,0.704226,0.8715811
10/28/24 14:00,0.5252479,0.6694364
10/28/24 15:00,0.2959439,0.397429
10/28/24 16:00,0.08607941,0.1487679
10/28/24 17:00,0,0
10/28/24 18:00,0,0
10/28/24 19:00,0,0
10/28/24 20:00,0,0
10/28/24 21:00,0,0
10/28/24 22:00,0,0
10/28/24 23:00,0,0
10/29/24 0:00,0,0
10/29/24 1:00,0,0
10/29/24 2:00,0,0
10/29/24 3:00,0,0
10/29/24 4:00,0,0
10/29/24 5:00,0.002076994,0
10/29/24 6:00,0.1105548,0.152406
10/29/24 7:00,0.2322458,0.2596592
10/29/24 8:00,0.3558373,0.3897939
10/29/24 9:00,0.7083192,0.8734999
10/29/24 10:00,0.6949356,0.8279514
10/29/24 11:00,0.8249122,1.002354
10/29/24 12:00,0.8056422,0.9853055
10/29/24 13:00,0.6919188,0.8584183
10/29/24 14:00,0.5270227,0.6751648
10/29/24 15:00,0.3513541,0.4913633
10/29/24 16:00,0.116222,0.2378405
10/29/24 17:00,0,0
10/29/24 18:00,0,0
10/29/24 19:00,0,0
10/29/24 20:00,0,0
10/29/24 21:00,0,0
10/29/24 22:00,0,0
10/29/24 23:00,0,0
10/30/24 0:00,0,0
10/30/24 1:00,0,0
10/30/24 2:00,0,0
10/30/24 3:00,0,0
10/30/24 4:00,0,0
10/30/24 5:00,0.002652507,0
10/30/24 6:00,0.06482191,0.06707249
10/30/24 7:00,0.09740005,0.09548527
10/30/24 8:00,0.3556263,0.39088
10/30/24 9:00,0.3001101,0.299336
10/30/24 10:00,0.5483795,0.6093001
10/30/24 11:00,0.2210994,0.2161147
10/30/24 12:00,0.4385687,0.4588237
10/30/24 13:00,0.3558778,0.367687
10/30/24 14:00,0.3608312,0.4125074
10/30/24 15:00,0.2651924,0.3468858
10/30/24 16:00,0.07249959,0.1151816
10/30/24 17:00,0,0
10/30/24 18:00,0,0
10/30/24 19:00,0,0
10/30/24 20:00,0,0
10/30/24 21:00,0,0
10/30/24 22:00,0,0
10/30/24 23:00,0,0
10/31/24 0:00,0,0
10/31/24 1:00,0,0
10/31/24 2:00,0,0
10/31/24 3:00,0,0
10/31/24 4:00,0,0
10/31/24 5:00,0.001035119,0
10/31/24 6:00,0.09817154,0.1282816
10/31/24 7:00,0.3225926,0.4252477
10/31/24 8:00,0.5348411,0.6787755
10/31/24 9:00,0.828472,1.033868
10/31/24 10:00,0.8560793,1.052005
10/31/24 11:00,0.6684948,0.7850136
10/31/24 12:00,0.6936329,0.8367645
10/31/24 13:00,0.6555037,0.8146481
10/31/24 14:00,0.4654702,0.5882718
10/31/24 15:00,0.30751,0.4290254
10/31/24 16:00,0.08983345,0.1801733
10/31/24 17:00,0,0
10/31/24 18:00,0,0
10/31/24 19:00,0,0
10/31/24 20:00,0,0
10/31/24 21:00,0,0
10/31/24 22:00,0,0
10/31/24 23:00,0,0
11/1/24 0:00,0,0
11/1/24 1:00,0,0
11/1/24 2:00,0,0
11/1/24 3:00,0,0
11/1/24 4:00,0,0
11/1/24 5:00,0.001853682,0
11/1/24 6:00,0.1154658,0.176585
11/1/24 7:00,0.3386912,0.4572902
11/1/24 8:00,0.5391757,0.6882756
11/1/24 9:00,0.6725197,0.8328881
11/1/24 10:00,0.8457901,1.041933
11/1/24 11:00,0.8377148,1.027495
11/1/24 12:00,0.6575012,0.7854469
11/1/24 13:00,0.481375,0.5494419
11/1/24 14:00,0.4774877,0.610543
11/1/24 15:00,0.2789604,0.3802947
11/1/24 16:00,0.07416438,0.1310793
11/1/24 17:00,0,0
11/1/24 18:00,0,0
11/1/24 19:00,0,0
11/1/24 20:00,0,0
11/1/24 21:00,0,0
11/1/24 22:00,0,0
11/1/24 23:00,0,0
11/2/24 0:00,0,0
11/2/24 1:00,0,0
11/2/24 2:00,0,0
11/2/24 3:00,0,0
11/2/24 4:00,0,0
11/2/24 5:00,0.001537496,0
11/2/24 6:00,0.09678205,0.1304763
11/2/24 7:00,0.3064002,0.4018903
11/2/24 8:00,0.4774046,0.5947641
11/2/24 9:00,0.6695958,0.8316627
11/2/24 10:00,0.8116863,1.00163
11/2/24 11:00,0.6616287,0.7796997
11/2/24 12:00,0.6269644,0.7412086
11/2/24 13:00,0.7486771,0.9435875
11/2/24 14:00,0.5049737,0.655768
11/2/24 15:00,0.2766883,0.3794284
11/2/24 16:00,0.07129628,0.1260394
11/2/24 17:00,0,0
11/2/24 18:00,0,0
11/2/24 19:00,0,0
11/2/24 20:00,0,0
11/2/24 21:00,0,0
11/2/24 22:00,0,0
11/2/24 23:00,0,0
11/3/24 0:00,0,0
11/3/24 1:00,0,0
11/3/24 2:00,0,0
11/3/24 3:00,0,0
11/3/24 4:00,0,0
11/3/24 5:00,0.001778263,0
11/3/24 6:00,0.1109357,0.1725478
11/3/24 7:00,0.1980423,0.2132116
11/3/24 8:00,0.1844366,0.1813756
11/3/24 9:00,0.4075005,0.434545
11/3/24 10:00,0.5607691,0.6355014
11/3/24 11:00,0.4849116,0.5176621
11/3/24 12:00,0.6889138,0.8382836
11/3/24 13:00,0.5602576,0.6798868
11/3/24 14:00,0.1892878,0.1873013
11/3/24 15:00,0.04734955,0.04626088
11/3/24 16:00,0.007528737,0.00737149
11/3/24 17:00,0,0
11/3/24 18:00,0,0
11/3/24 19:00,0,0
11/3/24 20:00,0,0
11/3/24 21:00,0,0
11/3/24 22:00,0,0
11/3/24 23:00,0,0
11/4/24 0:00,0,0
11/4/24 1:00,0,0
11/4/24 2:00,0,0
11/4/24 3:00,0,0
11/4/24 4:00,0,0
11/4/24 5:00,0.001061473,0
11/4/24 6:00,0.1074536,0.1669168
11/4/24 7:00,0.1740705,0.1807646
11/4/24 8:00,0.2194665,0.2185039
11/4/24 9:00,0.2928208,0.2924729
11/4/24 10:00,0.5288664,0.5889274
11/4/24 11:00,0.52414,0.5747145
11/4/24 12:00,0.791089,0.983546
11/4/24 13:00,0.5982521,0.7421303
11/4/24 14:00,0.4850508,0.6316343
11/4/24 15:00,0.2458526,0.3244546
11/4/24 16:00,0.08164312,0.1774641
11/4/24 17:00,0,0
11/4/24 18:00,0,0
11/4/24 19:00,0,0
11/4/24 20:00,0,0
11/4/24 21:00,0,0
11/4/24 22:00,0,0
11/4/24 23:00,0,0
11/5/24 0:00,0,0
11/5/24 1:00,0,0
11/5/24 2:00,0,0
11/5/24 3:00,0,0
11/5/24 4:00,0,0
11/5/24 5:00,0.000879408,0
11/5/24 6:00,0.08140344,0.1016538
11/5/24 7:00,0.1797123,0.1889191
11/5/24 8:00,0.2963269,0.3126563
11/5/24 9:00,0.6539465,0.8178135
11/5/24 10:00,0.6859806,0.8340721
11/5/24 11:00,0.6956394,0.8395045
11/5/24 12:00,0.776125,0.9667255
11/5/24 13:00,0.6739486,0.8546171
11/5/24 14:00,0.4077993,0.5058625
11/5/24 15:00,0.2372923,0.3098947
11/5/24 16:00,0.05975622,0.09763926
11/5/24 17:00,0,0
11/5/24 18:00,0,0
11/5/24 19:00,0,0
11/5/24 20:00,0,0
11/5/24 21:00,0,0
11/5/24 22:00,0,0
11/5/24 23:00,0,0
11/6/24 0:00,0,0
11/6/24 1:00,0,0
11/6/24 2:00,0,0
11/6/24 3:00,0,0
11/6/24 4:00,0,0
11/6/24 5:00,0.000654509,0
11/6/24 6:00,0.08174077,0.1046438
11/6/24 7:00,0.2896265,0.3825974
11/6/24 8:00,0.4335894,0.5324458
11/6/24 9:00,0.5854073,0.7159007
11/6/24 10:00,0.7082895,0.8701556
11/6/24 11:00,0.8103647,1.005732
11/6/24 12:00,0.8098863,1.012968
11/6/24 13:00,0.7559085,0.9650595
11/6/24 14:00,0.5569577,0.7402499
11/6/24 15:00,0.3527351,0.5209959
11/6/24 16:00,0.08943759,0.2166304
11/6/24 17:00,0,0
11/6/24 18:00,0,0
11/6/24 19:00,0,0
11/6/24 20:00,0,0
11/6/24 21:00,0,0
11/6/24 22:00,0,0
11/6/24 23:00,0,0
11/7/24 0:00,0,0
11/7/24 1:00,0,0
11/7/24 2:00,0,0
11/7/24 3:00,0,0
11/7/24 4:00,0,0
11/7/24 5:00,0.000350358,0
11/7/24 6:00,0.09744615,0.150473
11/7/24 7:00,0.1648476,0.1703912
11/7/24 8:00,0.3824109,0.4474498
11/7/24 9:00,0.5717121,0.6967323
11/7/24 10:00,0.5230807,0.5852603
11/7/24 11:00,0.5669074,0.6441566
11/7/24 12:00,0.5419415,0.619312
11/7/24 13:00,0.6134002,0.7735794
11/7/24 14:00,0.4196329,0.5318367
11/7/24 15:00,0.2686952,0.3805635
11/7/24 16:00,0.09771468,0.2447811
11/7/24 17:00,0,0
11/7/24 18:00,0,0
11/7/24 19:00,0,0
11/7/24 20:00,0,0
11/7/24 21:00,0,0
11/7/24 22:00,0,0
11/7/24 23:00,0,0
11/8/24 0:00,0,0
11/8/24 1:00,0,0
11/8/24 2:00,0,0
11/8/24 3:00,0,0
11/8/24 4:00,0,0
11/8/24 5:00,0.000370852,0
11/8/24 6:00,0.09778258,0.1560824
11/8/24 7:00,0.364735,0.5242237
11/8/24 8:00,0.5668409,0.7483227
11/8/24 9:00,0.6871118,0.8733317
11/8/24 10:00,0.798233,1.000486
11/8/24 11:00,0.6336692,0.7510474
11/8/24 12:00,0.6379185,0.7736658
11/8/24 13:00,0.5687101,0.7067779
11/8/24 14:00,0.4177901,0.5312829
11/8/24 15:00,0.2988344,0.4413501
11/8/24 16:00,0.06965919,0.1534439
11/8/24 17:00,0,0
11/8/24 18:00,0,0
11/8/24 19:00,0,0
11/8/24 20:00,0,0
11/8/24 21:00,0,0
11/8/24 22:00,0,0
11/8/24 23:00,0,0
11/9/24 0:00,0,0
11/9/24 1:00,0,0
11/9/24 2:00,0,0
11/9/24 3:00,0,0
11/9/24 4:00,0,0
11/9/24 5:00,0.000266658,0
11/9/24 6:00,0.1082085,0.1951877
11/9/24 7:00,0.3105227,0.433508
11/9/24 8:00,0.636845,0.8470422
11/9/24 9:00,0.8039023,1.0303
11/9/24 10:00,0.8179878,1.028491
11/9/24 11:00,0.8914655,1.118
11/9/24 12:00,0.7710577,0.9705949
11/9/24 13:00,0.7596202,0.9787659
11/9/24 14:00,0.4501519,0.5897726
11/9/24 15:00,0.2313453,0.3083543
11/9/24 16:00,0.06703001,0.14738
11/9/24 17:00,0,0
11/9/24 18:00,0,0
11/9/24 19:00,0,0
11/9/24 20:00,0,0
11/9/24 21:00,0,0
11/9/24 22:00,0,0
11/9/24 23:00,0,0
11/10/24 0:00,0,0
11/10/24 1:00,0,0
11/10/24 2:00,0,0
11/10/24 3:00,0,0
11/10/24 4:00,0,0
11/10/24 5:00,0.000325895,0
11/10/24 6:00,0.1456877,0.300995
11/10/24 7:00,0.3707606,0.5396491
11/10/24 8:00,0.5400817,0.7165337
11/10/24 9:00,0.7207522,0.9234685
11/10/24 10:00,0.9219934,1.16615
11/10/24 11:00,0.8759996,1.100773
11/10/24 12:00,0.7827699,0.9884094
11/10/24 13:00,0.6083966,0.7740955
11/10/24 14:00,0.5527909,0.7459585
11/10/24 15:00,0.2937732,0.4385553
11/10/24 16:00,0.05514958,0.09906796
11/10/24 17:00,0,0
11/10/24 18:00,0,0
11/10/24 19:00,0,0
11/10/24 20:00,0,0
11/10/24 21:00,0,0
11/10/24 22:00,0,0
11/10/24 23:00,0,0
11/11/24 0:00,0,0
11/11/24 1:00,0,0
11/11/24 2:00,0,0
11/11/24 3:00,0,0
11/11/24 4:00,0,0
11/11/24 5:00,0.000151784,0
11/11/24 6:00,0.07331783,0.09656703
11/11/24 7:00,0.08008256,0.07857518
11/11/24 8:00,0.1980371,0.1964052
11/11/24 9:00,0.2471459,0.244222
11/11/24 10:00,0.3426615,0.3454901
11/11/24 11:00,0.3635104,0.3678098
11/11/24 12:00,0.2355515,0.2310388
11/11/24 13:00,0.1833164,0.1795716
11/11/24 14:00,0.2363155,0.2435168
11/11/24 15:00,0.0320693,0.03129296
11/11/24 16:00,0.01855468,0.01864671
11/11/24 17:00,0,0
11/11/24 18:00,0,0
11/11/24 19:00,0,0
11/11/24 20:00,0,0
11/11/24 21:00,0,0
11/11/24 22:00,0,0
11/11/24 23:00,0,0
11/12/24 0:00,0,0
11/12/24 1:00,0,0
11/12/24 2:00,0,0
11/12/24 3:00,0,0
11/12/24 4:00,0,0
11/12/24 5:00,6.78948E-05,0
11/12/24 6:00,0.08532982,0.1350483
11/12/24 7:00,0.02192169,0.02134207
11/12/24 8:00,0.04725971,0.04601952
11/12/24 9:00,0.108979,0.1063182
11/12/24 10:00,0.1220258,0.1190072
11/12/24 11:00,0.1382344,0.1348662
11/12/24 12:00,0.1417466,0.1383674
11/12/24 13:00,0.09532671,0.09296466
11/12/24 14:00,0.1102373,0.1078976
11/12/24 15:00,0.04280778,0.04185238
11/12/24 16:00,0.01057985,0.01047525
11/12/24 17:00,0,0
11/12/24 18:00,0,0
11/12/24 19:00,0,0
11/12/24 20:00,0,0
11/12/24 21:00,0,0
11/12/24 22:00,0,0
11/12/24 23:00,0,0
11/13/24 0:00,0,0
11/13/24 1:00,0,0
11/13/24 2:00,0,0
11/13/24 3:00,0,0
11/13/24 4:00,0,0
11/13/24 5:00,2.51994E-05,0
11/13/24 6:00,0.1018633,0.1985404
11/13/24 7:00,0.1730056,0.1855096
11/13/24 8:00,0.3248385,0.3635212
11/13/24 9:00,0.4709805,0.5455824
11/13/24 10:00,0.2743079,0.2707132
11/13/24 11:00,0.4473743,0.4759131
11/13/24 12:00,0.6810273,0.8529727
11/13/24 13:00,0.4771023,0.5664439
11/13/24 14:00,0.2932656,0.325389
11/13/24 15:00,0.1494567,0.1609443
11/13/24 16:00,0.06118639,0.1404529
11/13/24 17:00,0,0
11/13/24 18:00,0,0
11/13/24 19:00,0,0
11/13/24 20:00,0,0
11/13/24 21:00,0,0
11/13/24 22:00,0,0
11/13/24 23:00,0,0
11/14/24 0:00,0,0
11/14/24 1:00,0,0
11/14/24 2:00,0,0
11/14/24 3:00,0,0
11/14/24 4:00,0,0
11/14/24 5:00,4.88939E-06,0
11/14/24 6:00,0.08527862,0.1449289
11/14/24 7:00,0.2752991,0.380196
11/14/24 8:00,0.4604055,0.6017052
11/14/24 9:00,0.7476853,0.9699073
11/14/24 10:00,0.7882339,1.002411
11/14/24 11:00,0.9132692,1.159894
11/14/24 12:00,0.8219125,1.049363
11/14/24 13:00,0.6668651,0.8680538
11/14/24 14:00,0.4912637,0.6688112
11/14/24 15:00,0.2925755,0.4480665
11/14/24 16:00,0.07852057,0.2246232
11/14/24 17:00,0,0
11/14/24 18:00,0,0
11/14/24 19:00,0,0
11/14/24 20:00,0,0
11/14/24 21:00,0,0
11/14/24 22:00,0,0
11/14/24 23:00,0,0
11/15/24 0:00,0,0
11/15/24 1:00,0,0
11/15/24 2:00,0,0
11/15/24 3:00,0,0
11/15/24 4:00,0,0
11/15/24 5:00,0,0
11/15/24 6:00,0.03615357,0.03646457
11/15/24 7:00,0.1118341,0.1108126
11/15/24 8:00,0.253145,0.2621862
11/15/24 9:00,0.5558783,0.6919019
11/15/24 10:00,0.3800729,0.3925378
11/15/24 11:00,0.4049266,0.4206801
11/15/24 12:00,0.5127828,0.5871219
11/15/24 13:00,0.5954443,0.766696
11/15/24 14:00,0.393892,0.5052051
11/15/24 15:00,0.1522159,0.1663289
11/15/24 16:00,0.03809283,0.05021263
11/15/24 17:00,0,0
11/15/24 18:00,0,0
11/15/24 19:00,0,0
11/15/24 20:00,0,0
11/15/24 21:00,0,0
11/15/24 22:00,0,0
11/15/24 23:00,0,0
11/16/24 0:00,0,0
11/16/24 1:00,0,0
11/16/24 2:00,0,0
11/16/24 3:00,0,0
11/16/24 4:00,0,0
11/16/24 5:00,0,0
11/16/24 6:00,0.08508998,0.1558872
11/16/24 7:00,0.1610268,0.1705995
11/16/24 8:00,0.1139628,0.1115326
11/16/24 9:00,0.2878383,0.2900499
11/16/24 10:00,0.4618122,0.5058727
11/16/24 11:00,0.3539347,0.358236
11/16/24 12:00,0.07206044,0.07015887
11/16/24 13:00,0.1252744,0.1223915
11/16/24 14:00,0.1560819,0.1536992
11/16/24 15:00,0.1101616,0.1106953
11/16/24 16:00,0.04033649,0.05798022
11/16/24 17:00,0,0
11/16/24 18:00,0,0
11/16/24 19:00,0,0
11/16/24 20:00,0,0
11/16/24 21:00,0,0
11/16/24 22:00,0,0
11/16/24 23:00,0,0
11/17/24 0:00,0,0
11/17/24 1:00,0,0
11/17/24 2:00,0,0
11/17/24 3:00,0,0
11/17/24 4:00,0,0
11/17/24 5:00,0,0
11/17/24 6:00,0.06187805,0.08277032
11/17/24 7:00,0.1543544,0.1619837
11/17/24 8:00,0.30098,0.3314137
11/17/24 9:00,0.690784,0.9012269
11/17/24 10:00,0.6623467,0.8290168
11/17/24 11:00,0.4816214,0.52912
11/17/24 12:00,0.3742329,0.3877601
11/17/24 13:00,0.450414,0.528437
11/17/24 14:00,0.4082372,0.5359151
11/17/24 15:00,0.1112185,0.1120292
11/17/24 16:00,0.02854113,0.03121466
11/17/24 17:00,0,0
11/17/24 18:00,0,0
11/17/24 19:00,0,0
11/17/24 20:00,0,0
11/17/24 21:00,0,0
11/17/24 22:00,0,0
11/17/24 23:00,0,0
11/18/24 0:00,0,0
11/18/24 1:00,0,0
11/18/24 2:00,0,0
11/18/24 3:00,0,0
11/18/24 4:00,0,0
11/18/24 5:00,0,0
11/18/24 6:00,0.0499964,0.05761545
11/18/24 7:00,0.1289603,0.1302808
11/18/24 8:00,0.2216215,0.2244579
11/18/24 9:00,0.4937109,0.5937992
11/18/24 10:00,0.6592115,0.8264952
11/18/24 11:00,0.4760771,0.521984
11/18/24 12:00,0.5528342,0.6575038
11/18/24 13:00,0.4197203,0.4790444
11/18/24 14:00,0.3723665,0.4711361
11/18/24 15:00,0.2447699,0.3605824
11/18/24 16:00,0.03972968,0.05858358
11/18/24 17:00,0,0
11/18/24 18:00,0,0
11/18/24 19:00,0,0
11/18/24 20:00,0,0
11/18/24 21:00,0,0
11/18/24 22:00,0,0
11/18/24 23:00,0,0
11/19/24 0:00,0,0
11/19/24 1:00,0,0
11/19/24 2:00,0,0
11/19/24 3:00,0,0
11/19/24 4:00,0,0
11/19/24 5:00,0,0
11/19/24 6:00,0.04227588,0.04539206
11/19/24 7:00,0.1192329,0.1193554
11/19/24 8:00,0.373339,0.4580449
11/19/24 9:00,0.4222582,0.4768835
11/19/24 10:00,0.45129,0.4936663
11/19/24 11:00,0.5476414,0.6349728
11/19/24 12:00,0.1395936,0.1363147
11/19/24 13:00,0.1696419,0.1661979
11/19/24 14:00,0.1781897,0.1771371
11/19/24 15:00,0.2062741,0.2746951
11/19/24 16:00,0.0427399,0.07111295
11/19/24 17:00,0,0
11/19/24 18:00,0,0
11/19/24 19:00,0,0
11/19/24 20:00,0,0
11/19/24 21:00,0,0
11/19/24 22:00,0,0
11/19/24 23:00,0,0
11/20/24 0:00,0,0
11/20/24 1:00,0,0
11/20/24 2:00,0,0
11/20/24 3:00,0,0
11/20/24 4:00,0,0
11/20/24 5:00,0,0
11/20/24 6:00,0.09409112,0.2199234
11/20/24 7:00,0.1624011,0.1756943
11/20/24 8:00,0.2247224,0.2288395
11/20/24 9:00,0.1839966,0.1803478
11/20/24 10:00,0.219443,0.2151218
11/20/24 11:00,0.3227932,0.323357
11/20/24 12:00,0.614248,0.7632163
11/20/24 13:00,0.5866831,0.7640337
11/20/24 14:00,0.4645484,0.640554
11/20/24 15:00,0.2396904,0.353366
11/20/24 16:00,0.0521521,0.1194476
11/20/24 17:00,0,0
11/20/24 18:00,0,0
11/20/24 19:00,0,0
11/20/24 20:00,0,0
11/20/24 21:00,0,0
11/20/24 22:00,0,0
11/20/24 23:00,0,0
11/21/24 0:00,0,0
11/21/24 1:00,0,0
11/21/24 2:00,0,0
11/21/24 3:00,0,0
11/21/24 4:00,0,0
11/21/24 5:00,0,0
11/21/24 6:00,0.0600031,0.08969603
11/21/24 7:00,0.2742284,0.4026276
11/21/24 8:00,0.5596455,0.7735425
11/21/24 9:00,0.7245859,0.9564753
11/21/24 10:00,0.7500961,0.9674478
11/21/24 11:00,0.7145714,0.9076488
11/21/24 12:00,0.7497981,0.9694641
11/21/24 13:00,0.6748575,0.8938479
11/21/24 14:00,0.5042887,0.7031799
11/21/24 15:00,0.2778915,0.4375647
11/21/24 16:00,0.0588281,0.161444
11/21/24 17:00,0,0
11/21/24 18:00,0,0
11/21/24 19:00,0,0
11/21/24 20:00,0,0
11/21/24 21:00,0,0
11/21/24 22:00,0,0
11/21/24 23:00,0,0
11/22/24 0:00,0,0
11/22/24 1:00,0,0
11/22/24 2:00,0,0
11/22/24 3:00,0,0
11/22/24 4:00,0,0
11/22/24 5:00,0,0
11/22/24 6:00,0.06239826,0.1021319
11/22/24 7:00,0.2292396,0.3060036
11/22/24 8:00,0.387713,0.4918684
11/22/24 9:00,0.654696,0.8632708
11/22/24 10:00,0.7306865,0.9426597
11/22/24 11:00,0.7621065,0.9784155
11/22/24 12:00,0.7726181,1.001755
11/22/24 13:00,0.7007824,0.9313275
11/22/24 14:00,0.4901196,0.6844327
11/22/24 15:00,0.2606582,0.4042186
11/22/24 16:00,0.06297329,0.1886373
11/22/24 17:00,0,0
11/22/24 18:00,0,0
11/22/24 19:00,0,0
11/22/24 20:00,0,0
11/22/24 21:00,0,0
11/22/24 22:00,0,0
11/22/24 23:00,0,0
11/23/24 0:00,0,0
11/23/24 1:00,0,0
11/23/24 2:00,0,0
11/23/24 3:00,0,0
11/23/24 4:00,0,0
11/23/24 5:00,0,0
11/23/24 6:00,0.07394381,0.1570074
11/23/24 7:00,0.3614548,0.5669502
11/23/24 8:00,0.543319,0.755122
11/23/24 9:00,0.7166276,0.9502447
11/23/24 10:00,0.8407822,1.092753
11/23/24 11:00,0.874712,1.130585
11/23/24 12:00,0.7770278,1.009558
11/23/24 13:00,0.7602064,1.015256
11/23/24 14:00,0.5766525,0.8124788
11/23/24 15:00,0.2909535,0.4659704
11/23/24 16:00,0.05499471,0.1442069
11/23/24 17:00,0,0
11/23/24 18:00,0,0
11/23/24 19:00,0,0
11/23/24 20:00,0,0
11/23/24 21:00,0,0
11/23/24 22:00,0,0
11/23/24 23:00,0,0
11/24/24 0:00,0,0
11/24/24 1:00,0,0
11/24/24 2:00,0,0
11/24/24 3:00,0,0
11/24/24 4:00,0,0
11/24/24 5:00,0,0
11/24/24 6:00,0.08328605,0.2075429
11/24/24 7:00,0.2635644,0.3899609
11/24/24 8:00,0.4201488,0.5578766
11/24/24 9:00,0.5114527,0.637551
11/24/24 10:00,0.718319,0.9292116
11/24/24 11:00,0.9085653,1.177934
11/24/24 12:00,0.7896265,1.028316
11/24/24 13:00,0.6946025,0.9266804
11/24/24 14:00,0.4882469,0.6852127
11/24/24 15:00,0.3110525,0.5019855
11/24/24 16:00,0.07944406,0.2659547
11/24/24 17:00,0,0
11/24/24 18:00,0,0
11/24/24 19:00,0,0
11/24/24 20:00,0,0
11/24/24 21:00,0,0
11/24/24 22:00,0,0
11/24/24 23:00,0,0
11/25/24 0:00,0,0
11/25/24 1:00,0,0
11/25/24 2:00,0,0
11/25/24 3:00,0,0
11/25/24 4:00,0,0
11/25/24 5:00,0,0
11/25/24 6:00,0.04524967,0.05783353
11/25/24 7:00,0.2816847,0.4327228
11/25/24 8:00,0.3921179,0.5076673
11/25/24 9:00,0.5379851,0.6858578
11/25/24 10:00,0.7565937,0.9840784
11/25/24 11:00,0.7322293,0.9417669
11/25/24 12:00,0.5158318,0.6066148
11/25/24 13:00,0.4827139,0.5963249
11/25/24 14:00,0.4361384,0.6016498
11/25/24 15:00,0.2659036,0.4207725
11/25/24 16:00,0.05897385,0.1731847
11/25/24 17:00,0,0
11/25/24 18:00,0,0
11/25/24 19:00,0,0
11/25/24 20:00,0,0
11/25/24 21:00,0,0
11/25/24 22:00,0,0
11/25/24 23:00,0,0
11/26/24 0:00,0,0
11/26/24 1:00,0,0
11/26/24 2:00,0,0
11/26/24 3:00,0,0
11/26/24 4:00,0,0
11/26/24 5:00,0,0
11/26/24 6:00,0.05136628,0.07869612
11/26/24 7:00,0.2500521,0.3663338
11/26/24 8:00,0.4834334,0.6733233
11/26/24 9:00,0.5082171,0.6361623
11/26/24 10:00,0.5642351,0.6869071
11/26/24 11:00,0.6834259,0.8698812
11/26/24 12:00,0.7447761,0.9716696
11/26/24 13:00,0.4997702,0.6279185
11/26/24 14:00,0.4196556,0.5735193
11/26/24 15:00,0.2644849,0.4193515
11/26/24 16:00,0.06156863,0.1907054
11/26/24 17:00,0,0
11/26/24 18:00,0,0
11/26/24 19:00,0,0
11/26/24 20:00,0,0
11/26/24 21:00,0,0
11/26/24 22:00,0,0
11/26/24 23:00,0,0
11/27/24 0:00,0,0
11/27/24 1:00,0,0
11/27/24 2:00,0,0
11/27/24 3:00,0,0
11/27/24 4:00,0,0
11/27/24 5:00,0,0
11/27/24 6:00,0.0511342,0.08162263
11/27/24 7:00,0.2069897,0.2703505
11/27/24 8:00,0.5206779,0.7316144
11/27/24 9:00,0.6391846,0.8516836
11/27/24 10:00,0.8663887,1.135813
11/27/24 11:00,0.870298,1.132662
11/27/24 12:00,0.7790465,1.019374
11/27/24 13:00,0.5959101,0.7911859
11/27/24 14:00,0.5225694,0.740378
11/27/24 15:00,0.3202718,0.5227606
11/27/24 16:00,0.07530004,0.2571987
11/27/24 17:00,0,0
11/27/24 18:00,0,0
11/27/24 19:00,0,0
11/27/24 20:00,0,0
11/27/24 21:00,0,0
11/27/24 22:00,0,0
11/27/24 23:00,0,0
11/28/24 0:00,0,0
11/28/24 1:00,0,0
11/28/24 2:00,0,0
11/28/24 3:00,0,0
11/28/24 4:00,0,0
11/28/24 5:00,0,0
11/28/24 6:00,0.05131133,0.086506
11/28/24 7:00,0.09790768,0.09724674
11/28/24 8:00,0.09052631,0.08855071
11/28/24 9:00,0.2578948,0.2585529
11/28/24 10:00,0.3789543,0.3981629
11/28/24 11:00,0.6110865,0.7555029
11/28/24 12:00,0.3016998,0.3030175
11/28/24 13:00,0.1849392,0.1815678
11/28/24 14:00,0.1093016,0.1071478
11/28/24 15:00,0.119607,0.1235507
11/28/24 16:00,0.03622955,0.0536797
11/28/24 17:00,0,0
11/28/24 18:00,0,0
11/28/24 19:00,0,0
11/28/24 20:00,0,0
11/28/24 21:00,0,0
11/28/24 22:00,0,0
11/28/24 23:00,0,0
11/29/24 0:00,0,0
11/29/24 1:00,0,0
11/29/24 2:00,0,0
11/29/24 3:00,0,0
11/29/24 4:00,0,0
11/29/24 5:00,0,0
11/29/24 6:00,0.04677803,0.07308298
11/29/24 7:00,0.06062414,0.05955485
11/29/24 8:00,0.2036423,0.2062633
11/29/24 9:00,0.4818323,0.5953906
11/29/24 10:00,0.5056075,0.5923151
11/29/24 11:00,0.2487399,0.2447698
11/29/24 12:00,0.4112402,0.4448931
11/29/24 13:00,0.3527244,0.3832071
11/29/24 14:00,0.2556232,0.2775366
11/29/24 15:00,0.09489817,0.09454671
11/29/24 16:00,0.02047645,0.02121218
11/29/24 17:00,0,0
11/29/24 18:00,0,0
11/29/24 19:00,0,0
11/29/24 20:00,0,0
11/29/24 21:00,0,0
11/29/24 22:00,0,0
11/29/24 23:00,0,0
11/30/24 0:00,0,0
11/30/24 1:00,0,0
11/30/24 2:00,0,0
11/30/24 3:00,0,0
11/30/24 4:00,0,0
11/30/24 5:00,0,0
11/30/24 6:00,0.03719898,0.046587
11/30/24 7:00,0.1737042,0.2070643
11/30/24 8:00,0.377265,0.4910389
11/30/24 9:00,0.5224216,0.6694113
11/30/24 10:00,0.7145246,0.934866
11/30/24 11:00,0.7522207,0.9787404
11/30/24 12:00,0.6934818,0.905495
11/30/24 13:00,0.6971469,0.9400747
11/30/24 14:00,0.4967719,0.7065942
11/30/24 15:00,0.294653,0.4828816
11/30/24 16:00,0.07068254,0.242593
11/30/24 17:00,0,0
11/30/24 18:00,0,0
11/30/24 19:00,0,0
11/30/24 20:00,0,0
11/30/24 21:00,0,0
11/30/24 22:00,0,0
11/30/24 23:00,0,0
12/1/24 0:00,0,0
12/1/24 1:00,0,0
12/1/24 2:00,0,0
12/1/24 3:00,0,0
12/1/24 4:00,0,0
12/1/24 5:00,0,0
12/1/24 6:00,0.04133619,0.06045786
12/1/24 7:00,0.2155273,0.3009911
12/1/24 8:00,0.4902696,0.6951576
12/1/24 9:00,0.7081976,0.9551175
12/1/24 10:00,0.6388946,0.821003
12/1/24 11:00,0.8631428,1.129953
12/1/24 12:00,0.7925469,1.043821
12/1/24 13:00,0.7023221,0.9486946
12/1/24 14:00,0.5635367,0.8068799
12/1/24 15:00,0.3021297,0.4967788
12/1/24 16:00,0.05786439,0.1719577
12/1/24 17:00,0,0
12/1/24 18:00,0,0
12/1/24 19:00,0,0
12/1/24 20:00,0,0
12/1/24 21:00,0,0
12/1/24 22:00,0,0
12/1/24 23:00,0,0
12/2/24 0:00,0,0
12/2/24 1:00,0,0
12/2/24 2:00,0,0
12/2/24 3:00,0,0
12/2/24 4:00,0,0
12/2/24 5:00,0,0
12/2/24 6:00,0.08331676,0.2702768
12/2/24 7:00,0.1491662,0.1656484
12/2/24 8:00,0.415138,0.5687501
12/2/24 9:00,0.5447033,0.7121121
12/2/24 10:00,0.4824029,0.5573685
12/2/24 11:00,0.5204254,0.607722
12/2/24 12:00,0.5411974,0.6581637
12/2/24 13:00,0.4224154,0.4973924
12/2/24 14:00,0.1758948,0.1754401
12/2/24 15:00,0.1037859,0.1044815
12/2/24 16:00,0.03712468,0.05675575
12/2/24 17:00,0,0
12/2/24 18:00,0,0
12/2/24 19:00,0,0
12/2/24 20:00,0,0
12/2/24 21:00,0,0
12/2/24 22:00,0,0
12/2/24 23:00,0,0
12/3/24 0:00,0,0
12/3/24 1:00,0,0
12/3/24 2:00,0,0
12/3/24 3:00,0,0
12/3/24 4:00,0,0
12/3/24 5:00,0,0
12/3/24 6:00,0.05794381,0.1552457
12/3/24 7:00,0.2878555,0.4705552
12/3/24 8:00,0.3334628,0.4121349
12/3/24 9:00,0.460628,0.5644044
12/3/24 10:00,0.4079021,0.4416605
12/3/24 11:00,0.534612,0.6325701
12/3/24 12:00,0.6396737,0.8261355
12/3/24 13:00,0.5202498,0.6726757
12/3/24 14:00,0.2375576,0.2520804
12/3/24 15:00,0.2246789,0.3335373
12/3/24 16:00,0.05340649,0.1420403
12/3/24 17:00,0,0
12/3/24 18:00,0,0
12/3/24 19:00,0,0
12/3/24 20:00,0,0
12/3/24 21:00,0,0
12/3/24 22:00,0,0
12/3/24 23:00,0,0
12/4/24 0:00,0,0
12/4/24 1:00,0,0
12/4/24 2:00,0,0
12/4/24 3:00,0,0
12/4/24 4:00,0,0
12/4/24 5:00,0,0
12/4/24 6:00,0.07047801,0.2363138
12/4/24 7:00,0.2277129,0.3398552
12/4/24 8:00,0.3858668,0.5169078
12/4/24 9:00,0.553117,0.7301807
12/4/24 10:00,0.4021507,0.4338893
12/4/24 11:00,0.4007334,0.4249473
12/4/24 12:00,0.3313094,0.3390734
12/4/24 13:00,0.07264864,0.07082243
12/4/24 14:00,0.1443302,0.1421586
12/4/24 15:00,0.1145532,0.1173702
12/4/24 16:00,0.01363526,0.01378334
12/4/24 17:00,0,0
12/4/24 18:00,0,0
12/4/24 19:00,0,0
12/4/24 20:00,0,0
12/4/24 21:00,0,0
12/4/24 22:00,0,0
12/4/24 23:00,0,0
12/5/24 0:00,0,0
12/5/24 1:00,0,0
12/5/24 2:00,0,0
12/5/24 3:00,0,0
12/5/24 4:00,0,0
12/5/24 5:00,0,0
12/5/24 6:00,0.05243991,0.1385718
12/5/24 7:00,0.1149941,0.1180677
12/5/24 8:00,0.4191821,0.5831404
12/5/24 9:00,0.5764843,0.7706603
12/5/24 10:00,0.6752279,0.8845197
12/5/24 11:00,0.6815031,0.8808544
12/5/24 12:00,0.6277667,0.8089843
12/5/24 13:00,0.5276892,0.6875921
12/5/24 14:00,0.4760338,0.6804054
12/5/24 15:00,0.2156025,0.3115872
12/5/24 16:00,0.06156187,0.1915681
12/5/24 17:00,0,0
12/5/24 18:00,0,0
12/5/24 19:00,0,0
12/5/24 20:00,0,0
12/5/24 21:00,0,0
12/5/24 22:00,0,0
12/5/24 23:00,0,0
12/6/24 0:00,0,0
12/6/24 1:00,0,0
12/6/24 2:00,0,0
12/6/24 3:00,0,0
12/6/24 4:00,0,0
12/6/24 5:00,0,0
12/6/24 6:00,0.04724,0.1135597
12/6/24 7:00,0.1857131,0.2437663
12/6/24 8:00,0.2533866,0.2764314
12/6/24 9:00,0.3908326,0.4468543
12/6/24 10:00,0.530885,0.6445973
12/6/24 11:00,0.4896835,0.5605196
12/6/24 12:00,0.3461941,0.3581176
12/6/24 13:00,0.2388024,0.2382225
12/6/24 14:00,0.3215036,0.3923603
12/6/24 15:00,0.2362171,0.3624876
12/6/24 16:00,0.02883507,0.03323689
12/6/24 17:00,0,0
12/6/24 18:00,0,0
12/6/24 19:00,0,0
12/6/24 20:00,0,0
12/6/24 21:00,0,0
12/6/24 22:00,0,0
12/6/24 23:00,0,0
12/7/24 0:00,0,0
12/7/24 1:00,0,0
12/7/24 2:00,0,0
12/7/24 3:00,0,0
12/7/24 4:00,0,0
12/7/24 5:00,0,0
12/7/24 6:00,0.05315359,0.1625984
12/7/24 7:00,0.2518004,0.4071775
12/7/24 8:00,0.4098924,0.5699155
12/7/24 9:00,0.6670431,0.9071331
12/7/24 10:00,0.7110972,0.9399489
12/7/24 11:00,0.7483144,0.9821829
12/7/24 12:00,0.7808471,1.035021
12/7/24 13:00,0.6414402,0.8699347
12/7/24 14:00,0.5299764,0.7628028
12/7/24 15:00,0.2474789,0.3895873
12/7/24 16:00,0.06368474,0.2004966
12/7/24 17:00,0,0
12/7/24 18:00,0,0
12/7/24 19:00,0,0
12/7/24 20:00,0,0
12/7/24 21:00,0,0
12/7/24 22:00,0,0
12/7/24 23:00,0,0
12/8/24 0:00,0,0
12/8/24 1:00,0,0
12/8/24 2:00,0,0
12/8/24 3:00,0,0
12/8/24 4:00,0,0
12/8/24 5:00,0,0
12/8/24 6:00,0.03625972,0.06416785
12/8/24 7:00,0.2784575,0.4659274
12/8/24 8:00,0.4240834,0.5983985
12/8/24 9:00,0.617211,0.8380361
12/8/24 10:00,0.5799056,0.7323331
12/8/24 11:00,0.6430439,0.8222851
12/8/24 12:00,0.6964098,0.9189169
12/8/24 13:00,0.6759153,0.9190499
12/8/24 14:00,0.5227339,0.7526105
12/8/24 15:00,0.2945723,0.4882345
12/8/24 16:00,0.06285249,0.1930294
12/8/24 17:00,0,0
12/8/24 18:00,0,0
12/8/24 19:00,0,0
12/8/24 20:00,0,0
12/8/24 21:00,0,0
12/8/24 22:00,0,0
12/8/24 23:00,0,0
12/9/24 0:00,0,0
12/9/24 1:00,0,0
12/9/24 2:00,0,0
12/9/24 3:00,0,0
12/9/24 4:00,0,0
12/9/24 5:00,0,0
12/9/24 6:00,0.02992182,0.04228291
12/9/24 7:00,0.1815749,0.2406372
12/9/24 8:00,0.3881995,0.5319098
12/9/24 9:00,0.5543563,0.7403868
12/9/24 10:00,0.5352276,0.6555474
12/9/24 11:00,0.659864,0.8507671
12/9/24 12:00,0.6877034,0.9068398
12/9/24 13:00,0.6345664,0.8617087
12/9/24 14:00,0.5281434,0.7612631
12/9/24 15:00,0.2812812,0.4633704
12/9/24 16:00,0.03486607,0.04619566
12/9/24 17:00,0,0
12/9/24 18:00,0,0
12/9/24 19:00,0,0
12/9/24 20:00,0,0
12/9/24 21:00,0,0
12/9/24 22:00,0,0
12/9/24 23:00,0,0
12/10/24 0:00,0,0
12/10/24 1:00,0,0
12/10/24 2:00,0,0
12/10/24 3:00,0,0
12/10/24 4:00,0,0
12/10/24 5:00,0,0
12/10/24 6:00,0.04102334,0.1031415
12/10/24 7:00,0.1768402,0.2316904
12/10/24 8:00,0.4182066,0.5913578
12/10/24 9:00,0.3737719,0.4223006
12/10/24 10:00,0.5712111,0.7195429
12/10/24 11:00,0.364512,0.3781671
12/10/24 12:00,0.2964161,0.2981345
12/10/24 13:00,0.2794454,0.2857513
12/10/24 14:00,0.2750773,0.3099267
12/10/24 15:00,0.2575393,0.4124228
12/10/24 16:00,0.04899894,0.103221
12/10/24 17:00,0,0
12/10/24 18:00,0,0
12/10/24 19:00,0,0
12/10/24 20:00,0,0
12/10/24 21:00,0,0
12/10/24 22:00,0,0
12/10/24 23:00,0,0
12/11/24 0:00,0,0
12/11/24 1:00,0,0
12/11/24 2:00,0,0
12/11/24 3:00,0,0
12/11/24 4:00,0,0
12/11/24 5:00,0,0
12/11/24 6:00,0.05370225,0.2112135
12/11/24 7:00,0.08164309,0.08100381
12/11/24 8:00,0.1127926,0.1107315
12/11/24 9:00,0.1093801,0.1069014
12/11/24 10:00,0.1230317,0.1201582
12/11/24 11:00,0.32082,0.324424
12/11/24 12:00,0.09935976,0.09691708
12/11/24 13:00,0.0859492,0.08386339
12/11/24 14:00,0.03234392,0.03149022
12/11/24 15:00,0.005176021,0.00503028
12/11/24 16:00,0.01264755,0.0126953
12/11/24 17:00,0,0
12/11/24 18:00,0,0
12/11/24 19:00,0,0
12/11/24 20:00,0,0
12/11/24 21:00,0,0
12/11/24 22:00,0,0
12/11/24 23:00,0,0
12/12/24 0:00,0,0
12/12/24 1:00,0,0
12/12/24 2:00,0,0
12/12/24 3:00,0,0
12/12/24 4:00,0,0
12/12/24 5:00,0,0
12/12/24 6:00,0.03509866,0.07718446
12/12/24 7:00,0.2469339,0.4104164
12/12/24 8:00,0.478787,0.6958104
12/12/24 9:00,0.5549639,0.7453982
12/12/24 10:00,0.65021,0.8538305
12/12/24 11:00,0.7011002,0.9179013
12/12/24 12:00,0.6614168,0.868573
12/12/24 13:00,0.4610254,0.5704709
12/12/24 14:00,0.441013,0.6245385
12/12/24 15:00,0.27368,0.4471045
12/12/24 16:00,0.06308508,0.1813016
12/12/24 17:00,0,0
12/12/24 18:00,0,0
12/12/24 19:00,0,0
12/12/24 20:00,0,0
12/12/24 21:00,0,0
12/12/24 22:00,0,0
12/12/24 23:00,0,0
12/13/24 0:00,0,0
12/13/24 1:00,0,0
12/13/24 2:00,0,0
12/13/24 3:00,0,0
12/13/24 4:00,0,0
12/13/24 5:00,0,0
12/13/24 6:00,0.03849234,0.1084502
12/13/24 7:00,0.1881624,0.2654544
12/13/24 8:00,0.4664093,0.678282
12/13/24 9:00,0.6732118,0.9229318
12/13/24 10:00,0.7776148,1.037217
12/13/24 11:00,0.8117266,1.073406
12/13/24 12:00,0.5504133,0.68202
12/13/24 13:00,0.4137418,0.4860966
12/13/24 14:00,0.3950705,0.5376849
12/13/24 15:00,0.2269567,0.3366152
12/13/24 16:00,0.0543968,0.1251678
12/13/24 17:00,0,0
12/13/24 18:00,0,0
12/13/24 19:00,0,0
12/13/24 20:00,0,0
12/13/24 21:00,0,0
12/13/24 22:00,0,0
12/13/24 23:00,0,0
12/14/24 0:00,0,0
12/14/24 1:00,0,0
12/14/24 2:00,0,0
12/14/24 3:00,0,0
12/14/24 4:00,0,0
12/14/24 5:00,0,0
12/14/24 6:00,0.03460562,0.08635932
12/14/24 7:00,0.1642556,0.210161
12/14/24 8:00,0.4013709,0.5664024
12/14/24 9:00,0.512142,0.6733477
12/14/24 10:00,0.7199654,0.9586981
12/14/24 11:00,0.7585031,1.001496
12/14/24 12:00,0.6325694,0.823139
12/14/24 13:00,0.6050757,0.8202378
12/14/24 14:00,0.4600653,0.6575337
12/14/24 15:00,0.3014144,0.4998873
12/14/24 16:00,0.0868102,0.284225
12/14/24 17:00,0,0
12/14/24 18:00,0,0
12/14/24 19:00,0,0
12/14/24 20:00,0,0
12/14/24 21:00,0,0
12/14/24 22:00,0,0
12/14/24 23:00,0,0
12/15/24 0:00,0,0
12/15/24 1:00,0,0
12/15/24 2:00,0,0
12/15/24 3:00,0,0
12/15/24 4:00,0,0
12/15/24 5:00,0,0
12/15/24 6:00,0.05818154,0.2790592
12/15/24 7:00,0.2611966,0.4480782
12/15/24 8:00,0.4691672,0.6847633
12/15/24 9:00,0.6319898,0.8662027
12/15/24 10:00,0.7340394,0.9785945
12/15/24 11:00,0.7635739,1.008829
12/15/24 12:00,0.6228456,0.80735
12/15/24 13:00,0.505192,0.6511407
12/15/24 14:00,0.4518397,0.6432583
12/15/24 15:00,0.2832746,0.4650621
12/15/24 16:00,0.05339107,0.1128675
12/15/24 17:00,0,0
12/15/24 18:00,0,0
12/15/24 19:00,0,0
12/15/24 20:00,0,0
12/15/24 21:00,0,0
12/15/24 22:00,0,0
12/15/24 23:00,0,0
12/16/24 0:00,0,0
12/16/24 1:00,0,0
12/16/24 2:00,0,0
12/16/24 3:00,0,0
12/16/24 4:00,0,0
12/16/24 5:00,0,0
12/16/24 6:00,0.0481143,0.2172123
12/16/24 7:00,0.2646296,0.4567051
12/16/24 8:00,0.4081267,0.5821587
12/16/24 9:00,0.3435267,0.377893
12/16/24 10:00,0.6296734,0.8239037
12/16/24 11:00,0.4180693,0.4531262
12/16/24 12:00,0.6130728,0.7911707
12/16/24 13:00,0.4151093,0.4882501
12/16/24 14:00,0.4232183,0.5910082
12/16/24 15:00,0.2947096,0.4866149
12/16/24 16:00,0.06527534,0.1768782
12/16/24 17:00,0,0
12/16/24 18:00,0,0
12/16/24 19:00,0,0
12/16/24 20:00,0,0
12/16/24 21:00,0,0
12/16/24 22:00,0,0
12/16/24 23:00,0,0
12/17/24 0:00,0,0
12/17/24 1:00,0,0
12/17/24 2:00,0,0
12/17/24 3:00,0,0
12/17/24 4:00,0,0
12/17/24 5:00,0,0
12/17/24 6:00,0.04559196,0.2009457
12/17/24 7:00,0.2509086,0.4309056
12/17/24 8:00,0.4204886,0.6062157
12/17/24 9:00,0.4683987,0.596332
12/17/24 10:00,0.6325047,0.8291067
12/17/24 11:00,0.4137416,0.4469318
12/17/24 12:00,0.3724439,0.3941082
12/17/24 13:00,0.5003663,0.6420575
12/17/24 14:00,0.2904689,0.3345237
12/17/24 15:00,0.1553078,0.1755907
12/17/24 16:00,0.04362085,0.06483229
12/17/24 17:00,0,0
12/17/24 18:00,0,0
12/17/24 19:00,0,0
12/17/24 20:00,0,0
12/17/24 21:00,0,0
12/17/24 22:00,0,0
12/17/24 23:00,0,0
12/18/24 0:00,0,0
12/18/24 1:00,0,0
12/18/24 2:00,0,0
12/18/24 3:00,0,0
12/18/24 4:00,0,0
12/18/24 5:00,0,0
12/18/24 6:00,0.04454438,0.1966898
12/18/24 7:00,0.2750932,0.4791642
12/18/24 8:00,0.4826469,0.7080521
12/18/24 9:00,0.5870544,0.8026158
12/18/24 10:00,0.6443769,0.8487168
12/18/24 11:00,0.5879673,0.7349135
12/18/24 12:00,0.6035172,0.7750893
12/18/24 13:00,0.6168441,0.8381625
12/18/24 14:00,0.5314656,0.7670714
12/18/24 15:00,0.2758394,0.4465637
12/18/24 16:00,0.06024207,0.1384974
12/18/24 17:00,0,0
12/18/24 18:00,0,0
12/18/24 19:00,0,0
12/18/24 20:00,0,0
12/18/24 21:00,0,0
12/18/24 22:00,0,0
12/18/24 23:00,0,0
12/19/24 0:00,0,0
12/19/24 1:00,0,0
12/19/24 2:00,0,0
12/19/24 3:00,0,0
12/19/24 4:00,0,0
12/19/24 5:00,0,0
12/19/24 6:00,0.03452905,0.1104642
12/19/24 7:00,0.1904671,0.2846436
12/19/24 8:00,0.3521064,0.4746797
12/19/24 9:00,0.3535832,0.3948609
12/19/24 10:00,0.04360021,0.04241842
12/19/24 11:00,0.2521533,0.2488374
12/19/24 12:00,0.4272962,0.4745009
12/19/24 13:00,0.4699056,0.5857162
12/19/24 14:00,0.1920352,0.1934596
12/19/24 15:00,0.07997724,0.07898232
12/19/24 16:00,0.03047141,0.03269724
12/19/24 17:00,0,0
12/19/24 18:00,0,0
12/19/24 19:00,0,0
12/19/24 20:00,0,0
12/19/24 21:00,0,0
12/19/24 22:00,0,0
12/19/24 23:00,0,0
12/20/24 0:00,0,0
12/20/24 1:00,0,0
12/20/24 2:00,0,0
12/20/24 3:00,0,0
12/20/24 4:00,0,0
12/20/24 5:00,0,0
12/20/24 6:00,0.03565498,0.1256661
12/20/24 7:00,0.0534221,0.05263877
12/20/24 8:00,0.08547246,0.08371486
12/20/24 9:00,0.04669231,0.04546162
12/20/24 10:00,0.1142978,0.1115956
12/20/24 11:00,0.1071238,0.1045063
12/20/24 12:00,0.04406374,0.04286771
12/20/24 13:00,0.02435473,0.02367766
12/20/24 14:00,0.0597597,0.05832178
12/20/24 15:00,0.08044944,0.07944526
12/20/24 16:00,0.01932798,0.01953748
12/20/24 17:00,0,0
12/20/24 18:00,0,0
12/20/24 19:00,0,0
12/20/24 20:00,0,0
12/20/24 21:00,0,0
12/20/24 22:00,0,0
12/20/24 23:00,0,0
12/21/24 0:00,0,0
12/21/24 1:00,0,0
12/21/24 2:00,0,0
12/21/24 3:00,0,0
12/21/24 4:00,0,0
12/21/24 5:00,0,0
12/21/24 6:00,0.0149745,0.01641614
12/21/24 7:00,0.07299248,0.07241287
12/21/24 8:00,0.1874956,0.1912716
12/21/24 9:00,0.4495738,0.5642022
12/21/24 10:00,0.5190325,0.6348211
12/21/24 11:00,0.2507569,0.2473852
12/21/24 12:00,0.5093017,0.6101683
12/21/24 13:00,0.5842586,0.7863713
12/21/24 14:00,0.3996014,0.5417739
12/21/24 15:00,0.2652452,0.4185245
12/21/24 16:00,0.08969534,0.2688622
12/21/24 17:00,0,0
12/21/24 18:00,0,0
12/21/24 19:00,0,0
12/21/24 20:00,0,0
12/21/24 21:00,0,0
12/21/24 22:00,0,0
12/21/24 23:00,0,0
12/22/24 0:00,0,0
12/22/24 1:00,0,0
12/22/24 2:00,0,0
12/22/24 3:00,0,0
12/22/24 4:00,0,0
12/22/24 5:00,0,0
12/22/24 6:00,0.01897869,0.0248585
12/22/24 7:00,0.1811204,0.2655293
12/22/24 8:00,0.4976863,0.7338916
12/22/24 9:00,0.6598362,0.9094351
12/22/24 10:00,0.6158535,0.8034588
12/22/24 11:00,0.803856,1.065092
12/22/24 12:00,0.6401608,0.8355526
12/22/24 13:00,0.5179624,0.6716861
12/22/24 14:00,0.4988198,0.7163899
12/22/24 15:00,0.2469319,0.373311
12/22/24 16:00,0.0745862,0.1957827
12/22/24 17:00,0,0
12/22/24 18:00,0,0
12/22/24 19:00,0,0
12/22/24 20:00,0,0
12/22/24 21:00,0,0
12/22/24 22:00,0,0
12/22/24 23:00,0,0
12/23/24 0:00,0,0
12/23/24 1:00,0,0
12/23/24 2:00,0,0
12/23/24 3:00,0,0
12/23/24 4:00,0,0
12/23/24 5:00,0,0
12/23/24 6:00,0.03782567,0.1597711
12/23/24 7:00,0.1856467,0.2793518
12/23/24 8:00,0.4554877,0.6697657
12/23/24 9:00,0.6520594,0.898542
12/23/24 10:00,0.6390584,0.8414841
12/23/24 11:00,0.7411444,0.9792193
12/23/24 12:00,0.7639998,1.017101
12/23/24 13:00,0.6777543,0.9236104
12/23/24 14:00,0.5229782,0.7517216
12/23/24 15:00,0.229078,0.3278862
12/23/24 16:00,0.05996449,0.114983
12/23/24 17:00,0,0
12/23/24 18:00,0,0
12/23/24 19:00,0,0
12/23/24 20:00,0,0
12/23/24 21:00,0,0
12/23/24 22:00,0,0
12/23/24 23:00,0,0
12/24/24 0:00,0,0
12/24/24 1:00,0,0
12/24/24 2:00,0,0
12/24/24 3:00,0,0
12/24/24 4:00,0,0
12/24/24 5:00,0,0
12/24/24 6:00,0.03435988,0.1320027
12/24/24 7:00,0.1540113,0.2002664
12/24/24 8:00,0.2689192,0.3142434
12/24/24 9:00,0.5381062,0.7258048
12/24/24 10:00,0.5956622,0.7695566
12/24/24 11:00,0.7139715,0.9398892
12/24/24 12:00,0.5522771,0.6843506
12/24/24 13:00,0.5892875,0.7927227
12/24/24 14:00,0.5442453,0.7826996
12/24/24 15:00,0.2180603,0.2995672
12/24/24 16:00,0.02878861,0.02961363
12/24/24 17:00,0,0
12/24/24 18:00,0,0
12/24/24 19:00,0,0
12/24/24 20:00,0,0
12/24/24 21:00,0,0
12/24/24 22:00,0,0
12/24/24 23:00,0,0
12/25/24 0:00,0,0
12/25/24 1:00,0,0
12/25/24 2:00,0,0
12/25/24 3:00,0,0
12/25/24 4:00,0,0
12/25/24 5:00,0,0
12/25/24 6:00,0.0351439,0.1433478
12/25/24 7:00,0.2148151,0.3607269
12/25/24 8:00,0.4930712,0.7280284
12/25/24 9:00,0.6630926,0.9144652
12/25/24 10:00,0.7103803,0.9481688
12/25/24 11:00,0.7207558,0.9495731
12/25/24 12:00,0.6751983,0.8897787
12/25/24 13:00,0.7146998,0.9745795
12/25/24 14:00,0.5645215,0.8121256
12/25/24 15:00,0.27819,0.4401035
12/25/24 16:00,0.09100102,0.2541085
12/25/24 17:00,0,0
12/25/24 18:00,0,0
12/25/24 19:00,0,0
12/25/24 20:00,0,0
12/25/24 21:00,0,0
12/25/24 22:00,0,0
12/25/24 23:00,0,0
12/26/24 0:00,0,0
12/26/24 1:00,0,0
12/26/24 2:00,0,0
12/26/24 3:00,0,0
12/26/24 4:00,0,0
12/26/24 5:00,0,0
12/26/24 6:00,0.02523372,0.06042078
12/26/24 7:00,0.07611661,0.07579938
12/26/24 8:00,0.04591653,0.04478722
12/26/24 9:00,0.1062951,0.1039019
12/26/24 10:00,0.1887366,0.1850327
12/26/24 11:00,0.2551335,0.2519187
12/26/24 12:00,0.5908101,0.7504488
12/26/24 13:00,0.4456708,0.5374636
12/26/24 14:00,0.4114854,0.5590704
12/26/24 15:00,0.1262151,0.1294727
12/26/24 16:00,0.04206173,0.04916499
12/26/24 17:00,0,0
12/26/24 18:00,0,0
12/26/24 19:00,0,0
12/26/24 20:00,0,0
12/26/24 21:00,0,0
12/26/24 22:00,0,0
12/26/24 23:00,0,0
12/27/24 0:00,0,0
12/27/24 1:00,0,0
12/27/24 2:00,0,0
12/27/24 3:00,0,0
12/27/24 4:00,0,0
12/27/24 5:00,0,0
12/27/24 6:00,0.0142634,0.01620831
12/27/24 7:00,0.1259381,0.1443102
12/27/24 8:00,0.3006901,0.3759179
12/27/24 9:00,0.5346755,0.7203001
12/27/24 10:00,0.5143349,0.6267093
12/27/24 11:00,0.5146158,0.6068931
12/27/24 12:00,0.4973709,0.5870305
12/27/24 13:00,0.400437,0.4584537
12/27/24 14:00,0.2910842,0.3297935
12/27/24 15:00,0.1468416,0.1571296
12/27/24 16:00,0.04365294,0.05146929
12/27/24 17:00,0,0
12/27/24 18:00,0,0
12/27/24 19:00,0,0
12/27/24 20:00,0,0
12/27/24 21:00,0,0
12/27/24 22:00,0,0
12/27/24 23:00,0,0
12/28/24 0:00,0,0
12/28/24 1:00,0,0
12/28/24 2:00,0,0
12/28/24 3:00,0,0
12/28/24 4:00,0,0
12/28/24 5:00,0,0
12/28/24 6:00,0.02533251,0.06604613
12/28/24 7:00,0.2319974,0.4059115
12/28/24 8:00,0.4317736,0.6330879
12/28/24 9:00,0.573738,0.7843294
12/28/24 10:00,0.7418758,0.9906583
12/28/24 11:00,0.8392368,1.111515
12/28/24 12:00,0.7796087,1.03602
12/28/24 13:00,0.697772,0.9483637
12/28/24 14:00,0.4926806,0.7012029
12/28/24 15:00,0.3541654,0.5756209
12/28/24 16:00,0.09632226,0.2576572
12/28/24 17:00,0,0
12/28/24 18:00,0,0
12/28/24 19:00,0,0
12/28/24 20:00,0,0
12/28/24 21:00,0,0
12/28/24 22:00,0,0
12/28/24 23:00,0,0
12/29/24 0:00,0,0
12/29/24 1:00,0,0
12/29/24 2:00,0,0
12/29/24 3:00,0,0
12/29/24 4:00,0,0
12/29/24 5:00,0,0
12/29/24 6:00,0.03383419,0.1449122
12/29/24 7:00,0.23274,0.4083957
12/29/24 8:00,0.440714,0.6477563
12/29/24 9:00,0.505007,0.668052
12/29/24 10:00,0.6139587,0.7993283
12/29/24 11:00,0.5916836,0.7390671
12/29/24 12:00,0.6498085,0.846899
12/29/24 13:00,0.6189268,0.8348197
12/29/24 14:00,0.5482275,0.7833797
12/29/24 15:00,0.3006352,0.4788307
12/29/24 16:00,0.09580797,0.24968
12/29/24 17:00,0,0
12/29/24 18:00,0,0
12/29/24 19:00,0,0
12/29/24 20:00,0,0
12/29/24 21:00,0,0
12/29/24 22:00,0,0
12/29/24 23:00,0,0
12/30/24 0:00,0,0
12/30/24 1:00,0,0
12/30/24 2:00,0,0
12/30/24 3:00,0,0
12/30/24 4:00,0,0
12/30/24 5:00,0,0
12/30/24 6:00,0.02301448,0.05351726
12/30/24 7:00,0.1262514,0.1461361
12/30/24 8:00,0.2345051,0.2579253
12/30/24 9:00,0.3384893,0.372978
12/30/24 10:00,0.5063515,0.6118613
12/30/24 11:00,0.3627109,0.3760815
12/30/24 12:00,0.4022799,0.4340141
12/30/24 13:00,0.3368107,0.3588214
12/30/24 14:00,0.5114779,0.7277701
12/30/24 15:00,0.2521528,0.3680112
12/30/24 16:00,0.07272712,0.1393197
12/30/24 17:00,0,0
12/30/24 18:00,0,0
12/30/24 19:00,0,0
12/30/24 20:00,0,0
12/30/24 21:00,0,0
12/30/24 22:00,0,0
12/30/24 23:00,0,0