Time,global_solar_kw/m2,incident_solar_kw/m2
1/1/24 0:00,0,0
1/1/24 1:00,0,0
1/1/24 2:00,0,0
1/1/24 3:00,0,0
1/1/24 4:00,0,0
1/1/24 5:00,0,0
1/1/24 6:00,0.0201489,0.04623107
1/1/24 7:00,0.1719029,0.2721193
1/1/24 8:00,0.3870541,0.5775831
1/1/24 9:00,0.3352814,0.3797893
1/1/24 10:00,0.3573649,0.3849911
1/1/24 11:00,0.6284134,0.8347015
1/1/24 12:00,0.4440638,0.5185134
1/1/24 13:00,0.4059647,0.4908701
1/1/24 14:00,0.2415202,0.2643826
1/1/24 15:00,0.1477092,0.1706418
1/1/24 16:00,0.04474006,0.09450743
1/1/24 17:00,0,0
1/1/24 18:00,0,0
1/1/24 19:00,0,0
1/1/24 20:00,0,0
1/1/24 21:00,0,0
1/1/24 22:00,0,0
1/1/24 23:00,0,0
1/2/24 0:00,0,0
1/2/24 1:00,0,0
1/2/24 2:00,0,0
1/2/24 3:00,0,0
1/2/24 4:00,0,0
1/2/24 5:00,0,0
1/2/24 6:00,0.02460032,0.08432389
1/2/24 7:00,0.2106977,0.3806222
1/2/24 8:00,0.4391184,0.6667804
1/2/24 9:00,0.5831533,0.8235018
1/2/24 10:00,0.5772567,0.7666555
1/2/24 11:00,0.5149174,0.6319183
1/2/24 12:00,0.4426951,0.5153532
1/2/24 13:00,0.5617254,0.7763946
1/2/24 14:00,0.3986666,0.5673052
1/2/24 15:00,0.2892615,0.4953326
1/2/24 16:00,0.05510659,0.1514634
1/2/24 17:00,0,0
1/2/24 18:00,0,0
1/2/24 19:00,0,0
1/2/24 20:00,0,0
1/2/24 21:00,0,0
1/2/24 22:00,0,0
1/2/24 23:00,0,0
1/3/24 0:00,0,0
1/3/24 1:00,0,0
1/3/24 2:00,0,0
1/3/24 3:00,0,0
1/3/24 4:00,0,0
1/3/24 5:00,0,0
1/3/24 6:00,0.01588916,0.02517891
1/3/24 7:00,0.1646496,0.2525395
1/3/24 8:00,0.3080135,0.4118285
1/3/24 9:00,0.3456733,0.3969387
1/3/24 10:00,0.679653,0.9294725
1/3/24 11:00,0.5367867,0.6705785
1/3/24 12:00,0.3951803,0.4368705
1/3/24 13:00,0.4560854,0.5823696
1/3/24 14:00,0.3892584,0.5462673
1/3/24 15:00,0.2571971,0.4265283
1/3/24 16:00,0.05646796,0.1511616
1/3/24 17:00,0,0
1/3/24 18:00,0,0
1/3/24 19:00,0,0
1/3/24 20:00,0,0
1/3/24 21:00,0,0
1/3/24 22:00,0,0
1/3/24 23:00,0,0
1/4/24 0:00,0,0
1/4/24 1:00,0,0
1/4/24 2:00,0,0
1/4/24 3:00,0,0
1/4/24 4:00,0,0
1/4/24 5:00,0,0
1/4/24 6:00,0.02446691,0.08698553
1/4/24 7:00,0.2265254,0.4175342
1/4/24 8:00,0.4338689,0.6574845
1/4/24 9:00,0.5950611,0.8394929
1/4/24 10:00,0.6716306,0.9170869
1/4/24 11:00,0.7211135,0.9752209
1/4/24 12:00,0.7306647,0.9950528
1/4/24 13:00,0.5766935,0.7978644
1/4/24 14:00,0.4390141,0.6394668
1/4/24 15:00,0.2716631,0.4555117
1/4/24 16:00,0.07675005,0.2555663
1/4/24 17:00,0,0
1/4/24 18:00,0,0
1/4/24 19:00,0,0
1/4/24 20:00,0,0
1/4/24 21:00,0,0
1/4/24 22:00,0,0
1/4/24 23:00,0,0
1/5/24 0:00,0,0
1/5/24 1:00,0,0
1/5/24 2:00,0,0
1/5/24 3:00,0,0
1/5/24 4:00,0,0
1/5/24 5:00,0,0
1/5/24 6:00,0.01092299,0.01223341
1/5/24 7:00,0.09465514,0.09982079
1/5/24 8:00,0.2556803,0.3046075
1/5/24 9:00,0.2883997,0.307026
1/5/24 10:00,0.4593001,0.5501573
1/5/24 11:00,0.608281,0.7959629
1/5/24 12:00,0.6027479,0.7979615
1/5/24 13:00,0.5008075,0.6634015
1/5/24 14:00,0.3205677,0.4011483
1/5/24 15:00,0.177388,0.224545
1/5/24 16:00,0.04067932,0.05944473
1/5/24 17:00,0,0
1/5/24 18:00,0,0
1/5/24 19:00,0,0
1/5/24 20:00,0,0
1/5/24 21:00,0,0
1/5/24 22:00,0,0
1/5/24 23:00,0,0
1/6/24 0:00,0,0
1/6/24 1:00,0,0
1/6/24 2:00,0,0
1/6/24 3:00,0,0
1/6/24 4:00,0,0
1/6/24 5:00,0,0
1/6/24 6:00,0.02235745,0.07080779
1/6/24 7:00,0.178892,0.2946608
1/6/24 8:00,0.3340522,0.4672477
1/6/24 9:00,0.4222618,0.5363891
1/6/24 10:00,0.443087,0.5209103
1/6/24 11:00,0.4751416,0.558046
1/6/24 12:00,0.5405059,0.6858444
1/6/24 13:00,0.5298371,0.7145188
1/6/24 14:00,0.395956,0.5528991
1/6/24 15:00,0.17841,0.2247895
1/6/24 16:00,0.05999227,0.1460883
1/6/24 17:00,0,0
1/6/24 18:00,0,0
1/6/24 19:00,0,0
1/6/24 20:00,0,0
1/6/24 21:00,0,0
1/6/24 22:00,0,0
1/6/24 23:00,0,0
1/7/24 0:00,0,0
1/7/24 1:00,0,0
1/7/24 2:00,0,0
1/7/24 3:00,0,0
1/7/24 4:00,0,0
1/7/24 5:00,0,0
1/7/24 6:00,0.02358712,0.08322995
1/7/24 7:00,0.2101332,0.3793873
1/7/24 8:00,0.3523109,0.5054367
1/7/24 9:00,0.5150247,0.7096683
1/7/24 10:00,0.6811623,0.9277451
1/7/24 11:00,0.7166571,0.9655071
1/7/24 12:00,0.6576114,0.8849425
1/7/24 13:00,0.538442,0.727869
1/7/24 14:00,0.4192593,0.5961546
1/7/24 15:00,0.2367788,0.3634153
1/7/24 16:00,0.06215404,0.1498474
1/7/24 17:00,0,0
1/7/24 18:00,0,0
1/7/24 19:00,0,0
1/7/24 20:00,0,0
1/7/24 21:00,0,0
1/7/24 22:00,0,0
1/7/24 23:00,0,0
1/8/24 0:00,0,0
1/8/24 1:00,0,0
1/8/24 2:00,0,0
1/8/24 3:00,0,0
1/8/24 4:00,0,0
1/8/24 5:00,0,0
1/8/24 6:00,0.01367408,0.01891242
1/8/24 7:00,0.1336866,0.1720283
1/8/24 8:00,0.3117301,0.418098
1/8/24 9:00,0.3783332,0.4525323
1/8/24 10:00,0.4982132,0.6178367
1/8/24 11:00,0.5285434,0.6501015
1/8/24 12:00,0.5452815,0.6913486
1/8/24 13:00,0.5680604,0.7766801
1/8/24 14:00,0.4086402,0.5731141
1/8/24 15:00,0.2306784,0.3446279
1/8/24 16:00,0.07268436,0.1991178
1/8/24 17:00,0,0
1/8/24 18:00,0,0
1/8/24 19:00,0,0
1/8/24 20:00,0,0
1/8/24 21:00,0,0
1/8/24 22:00,0,0
1/8/24 23:00,0,0
1/9/24 0:00,0,0
1/9/24 1:00,0,0
1/9/24 2:00,0,0
1/9/24 3:00,0,0
1/9/24 4:00,0,0
1/9/24 5:00,0,0
1/9/24 6:00,0.02142479,0.06560782
1/9/24 7:00,0.07591064,0.07636403
1/9/24 8:00,0.1712552,0.1744481
1/9/24 9:00,0.3473242,0.3975146
1/9/24 10:00,0.5422582,0.6968975
1/9/24 11:00,0.5346391,0.6597028
1/9/24 12:00,0.6100875,0.8039172
1/9/24 13:00,0.3223478,0.345352
1/9/24 14:00,0.1657205,0.1645956
1/9/24 15:00,0.1521218,0.1698959
1/9/24 16:00,0.04023251,0.04969795
1/9/24 17:00,0,0
1/9/24 18:00,0,0
1/9/24 19:00,0,0
1/9/24 20:00,0,0
1/9/24 21:00,0,0
1/9/24 22:00,0,0
1/9/24 23:00,0,0
1/10/24 0:00,0,0
1/10/24 1:00,0,0
1/10/24 2:00,0,0
1/10/24 3:00,0,0
1/10/24 4:00,0,0
1/10/24 5:00,0,0
1/10/24 6:00,0.02134679,0.06556135
1/10/24 7:00,0.1917419,0.3298568
1/10/24 8:00,0.3496757,0.497461
1/10/24 9:00,0.5481627,0.7621954
1/10/24 10:00,0.6728704,0.9120556
1/10/24 11:00,0.8068335,1.086946
1/10/24 12:00,0.7742428,1.047458
1/10/24 13:00,0.6657401,0.9199079
1/10/24 14:00,0.5169137,0.7521325
1/10/24 15:00,0.2629277,0.4157684
1/10/24 16:00,0.07759348,0.2054089
1/10/24 17:00,0,0
1/10/24 18:00,0,0
1/10/24 19:00,0,0
1/10/24 20:00,0,0
1/10/24 21:00,0,0
1/10/24 22:00,0,0
1/10/24 23:00,0,0
1/11/24 0:00,0,0
1/11/24 1:00,0,0
1/11/24 2:00,0,0
1/11/24 3:00,0,0
1/11/24 4:00,0,0
1/11/24 5:00,0,0
1/11/24 6:00,0.02116685,0.06445888
1/11/24 7:00,0.1644217,0.2517776
1/11/24 8:00,0.3050361,0.4017006
1/11/24 9:00,0.3974249,0.4853438
1/11/24 10:00,0.7094132,0.9622797
1/11/24 11:00,0.6787151,0.9030742
1/11/24 12:00,0.6196477,0.8163491
1/11/24 13:00,0.3723114,0.4204039
1/11/24 14:00,0.3274664,0.4032987
1/11/24 15:00,0.2005245,0.26243
1/11/24 16:00,0.04991388,0.07158393
1/11/24 17:00,0,0
1/11/24 18:00,0,0
1/11/24 19:00,0,0
1/11/24 20:00,0,0
1/11/24 21:00,0,0
1/11/24 22:00,0,0
1/11/24 23:00,0,0
1/12/24 0:00,0,0
1/12/24 1:00,0,0
1/12/24 2:00,0,0
1/12/24 3:00,0,0
1/12/24 4:00,0,0
1/12/24 5:00,0,0
1/12/24 6:00,0.02184203,0.07069475
1/12/24 7:00,0.203672,0.3597203
1/12/24 8:00,0.3891369,0.5735582
1/12/24 9:00,0.5085163,0.692081
1/12/24 10:00,0.6030381,0.7990782
1/12/24 11:00,0.5499591,0.6826186
1/12/24 12:00,0.62946,0.8307452
1/12/24 13:00,0.5026507,0.6524935
1/12/24 14:00,0.292586,0.3374548
1/12/24 15:00,0.2112347,0.2842736
1/12/24 16:00,0.06527894,0.1270438
1/12/24 17:00,0,0
1/12/24 18:00,0,0
1/12/24 19:00,0,0
1/12/24 20:00,0,0
1/12/24 21:00,0,0
1/12/24 22:00,0,0
1/12/24 23:00,0,0
1/13/24 0:00,0,0
1/13/24 1:00,0,0
1/13/24 2:00,0,0
1/13/24 3:00,0,0
1/13/24 4:00,0,0
1/13/24 5:00,0,0
1/13/24 6:00,0.02138741,0.06677613
1/13/24 7:00,0.1333046,0.1700211
1/13/24 8:00,0.3100383,0.4104059
1/13/24 9:00,0.1768378,0.174097
1/13/24 10:00,0.3319958,0.3462598
1/13/24 11:00,0.3906822,0.4187033
1/13/24 12:00,0.3624319,0.3828547
1/13/24 13:00,0.2762846,0.2821774
1/13/24 14:00,0.2452527,0.261451
1/13/24 15:00,0.1880676,0.2308988
1/13/24 16:00,0.06998248,0.1416352
1/13/24 17:00,0,0
1/13/24 18:00,0,0
1/13/24 19:00,0,0
1/13/24 20:00,0,0
1/13/24 21:00,0,0
1/13/24 22:00,0,0
1/13/24 23:00,0,0
1/14/24 0:00,0,0
1/14/24 1:00,0,0
1/14/24 2:00,0,0
1/14/24 3:00,0,0
1/14/24 4:00,0,0
1/14/24 5:00,0,0
1/14/24 6:00,0.006766368,0.007053548
1/14/24 7:00,0.04763167,0.0469941
1/14/24 8:00,0.2138637,0.2313417
1/14/24 9:00,0.3614346,0.4182492
1/14/24 10:00,0.2749326,0.2760466
1/14/24 11:00,0.4038431,0.4371092
1/14/24 12:00,0.5193027,0.6342223
1/14/24 13:00,0.5367571,0.7095224
1/14/24 14:00,0.3931895,0.5264153
1/14/24 15:00,0.274569,0.427215
1/14/24 16:00,0.07446817,0.1547957
1/14/24 17:00,0,0
1/14/24 18:00,0,0
1/14/24 19:00,0,0
1/14/24 20:00,0,0
1/14/24 21:00,0,0
1/14/24 22:00,0,0
1/14/24 23:00,0,0
1/15/24 0:00,0,0
1/15/24 1:00,0,0
1/15/24 2:00,0,0
1/15/24 3:00,0,0
1/15/24 4:00,0,0
1/15/24 5:00,0,0
1/15/24 6:00,0.01824062,0.04185916
1/15/24 7:00,0.1517412,0.2141648
1/15/24 8:00,0.3176178,0.4240794
1/15/24 9:00,0.5054415,0.6819238
1/15/24 10:00,0.6470608,0.8651972
1/15/24 11:00,0.6917153,0.9158767
1/15/24 12:00,0.7321011,0.9797929
1/15/24 13:00,0.6558254,0.8959713
1/15/24 14:00,0.4691795,0.6655716
1/15/24 15:00,0.2077311,0.2679707
1/15/24 16:00,0.08608671,0.1999313
1/15/24 17:00,0,0
1/15/24 18:00,0,0
1/15/24 19:00,0,0
1/15/24 20:00,0,0
1/15/24 21:00,0,0
1/15/24 22:00,0,0
1/15/24 23:00,0,0
1/16/24 0:00,0,0
1/16/24 1:00,0,0
1/16/24 2:00,0,0
1/16/24 3:00,0,0
1/16/24 4:00,0,0
1/16/24 5:00,0,0
1/16/24 6:00,0.02437373,0.0934453
1/16/24 7:00,0.2187325,0.3899897
1/16/24 8:00,0.4243783,0.6289093
1/16/24 9:00,0.5689748,0.7858899
1/16/24 10:00,0.5179,0.6426024
1/16/24 11:00,0.3910147,0.4172887
1/16/24 12:00,0.2876411,0.288487
1/16/24 13:00,0.2602162,0.2621564
1/16/24 14:00,0.2754987,0.304117
1/16/24 15:00,0.2106104,0.2716044
1/16/24 16:00,0.05494889,0.07190479
1/16/24 17:00,0,0
1/16/24 18:00,0,0
1/16/24 19:00,0,0
1/16/24 20:00,0,0
1/16/24 21:00,0,0
1/16/24 22:00,0,0
1/16/24 23:00,0,0
1/17/24 0:00,0,0
1/17/24 1:00,0,0
1/17/24 2:00,0,0
1/17/24 3:00,0,0
1/17/24 4:00,0,0
1/17/24 5:00,0,0
1/17/24 6:00,0.02190285,0.06997004
1/17/24 7:00,0.1505718,0.2092217
1/17/24 8:00,0.3762924,0.5413862
1/17/24 9:00,0.5506339,0.7551802
1/17/24 10:00,0.7083004,0.950841
1/17/24 11:00,0.7255667,0.9620076
1/17/24 12:00,0.6990176,0.9290215
1/17/24 13:00,0.5033976,0.6420492
1/17/24 14:00,0.254032,0.2709848
1/17/24 15:00,0.1159968,0.1163924
1/17/24 16:00,0.04983183,0.05830995
1/17/24 17:00,0,0
1/17/24 18:00,0,0
1/17/24 19:00,0,0
1/17/24 20:00,0,0
1/17/24 21:00,0,0
1/17/24 22:00,0,0
1/17/24 23:00,0,0
1/18/24 0:00,0,0
1/18/24 1:00,0,0
1/18/24 2:00,0,0
1/18/24 3:00,0,0
1/18/24 4:00,0,0
1/18/24 5:00,0,0
1/18/24 6:00,0.01943122,0.04895715
1/18/24 7:00,0.2056984,0.3556569
1/18/24 8:00,0.2460778,0.2813291
1/18/24 9:00,0.4095569,0.4996378
1/18/24 10:00,0.4118343,0.458807
1/18/24 11:00,0.5203786,0.6206858
1/18/24 12:00,0.6071026,0.7799851
1/18/24 13:00,0.5128472,0.6566707
1/18/24 14:00,0.4145062,0.5565356
1/18/24 15:00,0.2518293,0.3592584
1/18/24 16:00,0.09397887,0.2078182
1/18/24 17:00,3.25244E-06,0
1/18/24 18:00,0,0
1/18/24 19:00,0,0
1/18/24 20:00,0,0
1/18/24 21:00,0,0
1/18/24 22:00,0,0
1/18/24 23:00,0,0
1/19/24 0:00,0,0
1/19/24 1:00,0,0
1/19/24 2:00,0,0
1/19/24 3:00,0,0
1/19/24 4:00,0,0
1/19/24 5:00,0,0
1/19/24 6:00,0.01930073,0.04726498
1/19/24 7:00,0.1832074,0.294583
1/19/24 8:00,0.3017163,0.3857307
1/19/24 9:00,0.3941242,0.4703492
1/19/24 10:00,0.6643295,0.8838631
1/19/24 11:00,0.689107,0.9035903
1/19/24 12:00,0.7416302,0.9848254
1/19/24 13:00,0.5915541,0.790039
1/19/24 14:00,0.5084711,0.7183637
1/19/24 15:00,0.2392648,0.3266917
1/19/24 16:00,0.09896766,0.219533
1/19/24 17:00,3.3722E-05,0
1/19/24 18:00,0,0
1/19/24 19:00,0,0
1/19/24 20:00,0,0
1/19/24 21:00,0,0
1/19/24 22:00,0,0
1/19/24 23:00,0,0
1/20/24 0:00,0,0
1/20/24 1:00,0,0
1/20/24 2:00,0,0
1/20/24 3:00,0,0
1/20/24 4:00,0,0
1/20/24 5:00,0,0
1/20/24 6:00,0.02511065,0.09640659
1/20/24 7:00,0.2155653,0.3749554
1/20/24 8:00,0.384223,0.5507571
1/20/24 9:00,0.4747562,0.617031
1/20/24 10:00,0.7248667,0.967878
1/20/24 11:00,0.6825919,0.8912472
1/20/24 12:00,0.66918,0.8768616
1/20/24 13:00,0.5249628,0.6732127
1/20/24 14:00,0.4864708,0.6804417
1/20/24 15:00,0.2809974,0.4178533
1/20/24 16:00,0.09549581,0.1973104
1/20/24 17:00,7.9487E-05,0
1/20/24 18:00,0,0
1/20/24 19:00,0,0
1/20/24 20:00,0,0
1/20/24 21:00,0,0
1/20/24 22:00,0,0
1/20/24 23:00,0,0
1/21/24 0:00,0,0
1/21/24 1:00,0,0
1/21/24 2:00,0,0
1/21/24 3:00,0,0
1/21/24 4:00,0,0
1/21/24 5:00,0,0
1/21/24 6:00,0.02000701,0.05050732
1/21/24 7:00,0.1270205,0.1516823
1/21/24 8:00,0.2401781,0.269258
1/21/24 9:00,0.4580663,0.5843125
1/21/24 10:00,0.669795,0.887809
1/21/24 11:00,0.6948647,0.9078861
1/21/24 12:00,0.428795,0.472462
1/21/24 13:00,0.5594795,0.7309846
1/21/24 14:00,0.3660437,0.4544499
1/21/24 15:00,0.1813415,0.2045749
1/21/24 16:00,0.09288189,0.179019
1/21/24 17:00,0.000229797,0
1/21/24 18:00,0,0
1/21/24 19:00,0,0
1/21/24 20:00,0,0
1/21/24 21:00,0,0
1/21/24 22:00,0,0
1/21/24 23:00,0,0
1/22/24 0:00,0,0
1/22/24 1:00,0,0
1/22/24 2:00,0,0
1/22/24 3:00,0,0
1/22/24 4:00,0,0
1/22/24 5:00,0,0
1/22/24 6:00,0.02643218,0.1055231
1/22/24 7:00,0.1647429,0.2389627
1/22/24 8:00,0.2475734,0.2807666
1/22/24 9:00,0.2419247,0.24379
1/22/24 10:00,0.5165458,0.6294591
1/22/24 11:00,0.5685372,0.6963012
1/22/24 12:00,0.4836139,0.5584437
1/22/24 13:00,0.4032367,0.455917
1/22/24 14:00,0.4064367,0.5289381
1/22/24 15:00,0.265726,0.3758152
1/22/24 16:00,0.06422336,0.0802362
1/22/24 17:00,0.000289026,0
1/22/24 18:00,0,0
1/22/24 19:00,0,0
1/22/24 20:00,0,0
1/22/24 21:00,0,0
1/22/24 22:00,0,0
1/22/24 23:00,0,0
1/23/24 0:00,0,0
1/23/24 1:00,0,0
1/23/24 2:00,0,0
1/23/24 3:00,0,0
1/23/24 4:00,0,0
1/23/24 5:00,0,0
1/23/24 6:00,0.02133358,0.05798038
1/23/24 7:00,0.1987715,0.3267875
1/23/24 8:00,0.4706225,0.6860571
1/23/24 9:00,0.6368947,0.8700215
1/23/24 10:00,0.769722,1.022901
1/23/24 11:00,0.7728785,1.014697
1/23/24 12:00,0.6770387,0.8815607
1/23/24 13:00,0.6348417,0.8470306
1/23/24 14:00,0.536418,0.7491873
1/23/24 15:00,0.3587596,0.5539879
1/23/24 16:00,0.1231349,0.2720622
1/23/24 17:00,0.000444086,0
1/23/24 18:00,0,0
1/23/24 19:00,0,0
1/23/24 20:00,0,0
1/23/24 21:00,0,0
1/23/24 22:00,0,0
1/23/24 23:00,0,0
1/24/24 0:00,0,0
1/24/24 1:00,0,0
1/24/24 2:00,0,0
1/24/24 3:00,0,0
1/24/24 4:00,0,0
1/24/24 5:00,0,0
1/24/24 6:00,0.03390811,0.1614304
1/24/24 7:00,0.2086276,0.3485998
1/24/24 8:00,0.3356932,0.4460919
1/24/24 9:00,0.554771,0.7469596
1/24/24 10:00,0.7027661,0.9288662
1/24/24 11:00,0.7550549,0.9883029
1/24/24 12:00,0.634155,0.8102427
1/24/24 13:00,0.4215633,0.4825967
1/24/24 14:00,0.4007019,0.5120526
1/24/24 15:00,0.2342687,0.2998103
1/24/24 16:00,0.05766305,0.06405729
1/24/24 17:00,0.000524201,0
1/24/24 18:00,0,0
1/24/24 19:00,0,0
1/24/24 20:00,0,0
1/24/24 21:00,0,0
1/24/24 22:00,0,0
1/24/24 23:00,0,0
1/25/24 0:00,0,0
1/25/24 1:00,0,0
1/25/24 2:00,0,0
1/25/24 3:00,0,0
1/25/24 4:00,0,0
1/25/24 5:00,0,0
1/25/24 6:00,0.02005518,0.04552668
1/25/24 7:00,0.2208159,0.3739969
1/25/24 8:00,0.3578833,0.4883497
1/25/24 9:00,0.5797881,0.7836255
1/25/24 10:00,0.6464311,0.8426116
1/25/24 11:00,0.7190837,0.9345695
1/25/24 12:00,0.5531095,0.6701291
1/25/24 13:00,0.532288,0.6724921
1/25/24 14:00,0.4168825,0.5395995
1/25/24 15:00,0.276584,0.3882755
1/25/24 16:00,0.1088205,0.2091899
1/25/24 17:00,0.000644405,0
1/25/24 18:00,0,0
1/25/24 19:00,0,0
1/25/24 20:00,0,0
1/25/24 21:00,0,0
1/25/24 22:00,0,0
1/25/24 23:00,0,0
1/26/24 0:00,0,0
1/26/24 1:00,0,0
1/26/24 2:00,0,0
1/26/24 3:00,0,0
1/26/24 4:00,0,0
1/26/24 5:00,0,0
1/26/24 6:00,0.02513903,0.08437154
1/26/24 7:00,0.1544379,0.2058209
1/26/24 8:00,0.3132648,0.3970719
1/26/24 9:00,0.5128773,0.6718296
1/26/24 10:00,0.5309719,0.6464
1/26/24 11:00,0.3975159,0.4192055
1/26/24 12:00,0.514204,0.6019191
1/26/24 13:00,0.5350361,0.6744794
1/26/24 14:00,0.3150472,0.3540031
1/26/24 15:00,0.2687575,0.3674169
1/26/24 16:00,0.07668144,0.09998449
1/26/24 17:00,0.001096002,0
1/26/24 18:00,0,0
1/26/24 19:00,0,0
1/26/24 20:00,0,0
1/26/24 21:00,0,0
1/26/24 22:00,0,0
1/26/24 23:00,0,0
1/27/24 0:00,0,0
1/27/24 1:00,0,0
1/27/24 2:00,0,0
1/27/24 3:00,0,0
1/27/24 4:00,0,0
1/27/24 5:00,0,0
1/27/24 6:00,0.02903663,0.1177976
1/27/24 7:00,0.1677256,0.2362625
1/27/24 8:00,0.3161483,0.4007651
1/27/24 9:00,0.5705481,0.7644826
1/27/24 10:00,0.6736699,0.8793126
1/27/24 11:00,0.7365069,0.9548454
1/27/24 12:00,0.6987788,0.9040844
1/27/24 13:00,0.6193844,0.8121183
1/27/24 14:00,0.4250231,0.5485749
1/27/24 15:00,0.2073198,0.240165
1/27/24 16:00,0.1158486,0.2191885
1/27/24 17:00,0.001399183,0
1/27/24 18:00,0,0
1/27/24 19:00,0,0
1/27/24 20:00,0,0
1/27/24 21:00,0,0
1/27/24 22:00,0,0
1/27/24 23:00,0,0
1/28/24 0:00,0,0
1/28/24 1:00,0,0
1/28/24 2:00,0,0
1/28/24 3:00,0,0
1/28/24 4:00,0,0
1/28/24 5:00,0,0
1/28/24 6:00,0.01854385,0.03280382
1/28/24 7:00,0.02288149,0.02234708
1/28/24 8:00,0.0398404,0.03882405
1/28/24 9:00,0.04999295,0.0486758
1/28/24 10:00,0.1707029,0.1670649
1/28/24 11:00,0.2075231,0.2032859
1/28/24 12:00,0.1944961,0.1904533
1/28/24 13:00,0.1916675,0.1879873
1/28/24 14:00,0.1416297,0.1389302
1/28/24 15:00,0.09479304,0.093271
1/28/24 16:00,0.0904495,0.1300593
1/28/24 17:00,0.001945439,0
1/28/24 18:00,0,0
1/28/24 19:00,0,0
1/28/24 20:00,0,0
1/28/24 21:00,0,0
1/28/24 22:00,0,0
1/28/24 23:00,0,0
1/29/24 0:00,0,0
1/29/24 1:00,0,0
1/29/24 2:00,0,0
1/29/24 3:00,0,0
1/29/24 4:00,0,0
1/29/24 5:00,0,0
1/29/24 6:00,0.02552264,0.07905845
1/29/24 7:00,0.1962962,0.3031924
1/29/24 8:00,0.4255665,0.6017256
1/29/24 9:00,0.4842001,0.6138299
1/29/24 10:00,0.5986621,0.7547137
1/29/24 11:00,0.512759,0.5882767
1/29/24 12:00,0.3587839,0.3688252
1/29/24 13:00,0.5760937,0.7359053
1/29/24 14:00,0.3531861,0.4124536
1/29/24 15:00,0.3062872,0.4353882
1/29/24 16:00,0.1379049,0.2738892
1/29/24 17:00,0.002059712,0
1/29/24 18:00,0,0
1/29/24 19:00,0,0
1/29/24 20:00,0,0
1/29/24 21:00,0,0
1/29/24 22:00,0,0
1/29/24 23:00,0,0
1/30/24 0:00,0,0
1/30/24 1:00,0,0
1/30/24 2:00,0,0
1/30/24 3:00,0,0
1/30/24 4:00,0,0
1/30/24 5:00,0,0
1/30/24 6:00,0.0309734,0.1257497
1/30/24 7:00,0.1694478,0.2333964
1/30/24 8:00,0.1666654,0.1664853
1/30/24 9:00,0.3196297,0.3395139
1/30/24 10:00,0.2540416,0.2510593
1/30/24 11:00,0.3629075,0.3718849
1/30/24 12:00,0.3530716,0.3612221
1/30/24 13:00,0.4356532,0.4948734
1/30/24 14:00,0.430602,0.5494038
1/30/24 15:00,0.2842138,0.3855408
1/30/24 16:00,0.14151,0.2772858
1/30/24 17:00,0.003037384,0
1/30/24 18:00,0,0
1/30/24 19:00,0,0
1/30/24 20:00,0,0
1/30/24 21:00,0,0
1/30/24 22:00,0,0
1/30/24 23:00,0,0
1/31/24 0:00,0,0
1/31/24 1:00,0,0
1/31/24 2:00,0,0
1/31/24 3:00,0,0
1/31/24 4:00,0,0
1/31/24 5:00,0,0
1/31/24 6:00,0.02517718,0.06976262
1/31/24 7:00,0.1949756,0.2935148
1/31/24 8:00,0.3597058,0.476522
1/31/24 9:00,0.5970228,0.7939249
1/31/24 10:00,0.75534,0.9830918
1/31/24 11:00,0.7469178,0.9590569
1/31/24 12:00,0.6507285,0.8176529
1/31/24 13:00,0.662878,0.8658888
1/31/24 14:00,0.5380213,0.7281451
1/31/24 15:00,0.3334747,0.4809554
1/31/24 16:00,0.1338933,0.2490428
1/31/24 17:00,0.001785815,0
1/31/24 18:00,0,0
1/31/24 19:00,0,0
1/31/24 20:00,0,0
1/31/24 21:00,0,0
1/31/24 22:00,0,0
1/31/24 23:00,0,0
2/1/24 0:00,0,0
2/1/24 1:00,0,0
2/1/24 2:00,0,0
2/1/24 3:00,0,0
2/1/24 4:00,0,0
2/1/24 5:00,0,0
2/1/24 6:00,0.01805756,0.02651652
2/1/24 7:00,0.0284783,0.02783719
2/1/24 8:00,0.2458004,0.2687443
2/1/24 9:00,0.3424202,0.3703448
2/1/24 10:00,0.5493575,0.6639528
2/1/24 11:00,0.6494722,0.8071312
2/1/24 12:00,0.5293548,0.6143807
2/1/24 13:00,0.5351797,0.6576225
2/1/24 14:00,0.5110899,0.6828108
2/1/24 15:00,0.3382083,0.4858675
2/1/24 16:00,0.1142405,0.1820014
2/1/24 17:00,0.002975325,0
2/1/24 18:00,0,0
2/1/24 19:00,0,0
2/1/24 20:00,0,0
2/1/24 21:00,0,0
2/1/24 22:00,0,0
2/1/24 23:00,0,0
2/2/24 0:00,0,0
2/2/24 1:00,0,0
2/2/24 2:00,0,0
2/2/24 3:00,0,0
2/2/24 4:00,0,0
2/2/24 5:00,0,0
2/2/24 6:00,0.02152685,0.04025458
2/2/24 7:00,0.0876091,0.08782208
2/2/24 8:00,0.2853361,0.33225
2/2/24 9:00,0.1959256,0.1927248
2/2/24 10:00,0.3251556,0.3298358
2/2/24 11:00,0.1018242,0.0992444
2/2/24 12:00,0.2135422,0.2091642
2/2/24 13:00,0.1455727,0.1423032
2/2/24 14:00,0.0659891,0.06433332
2/2/24 15:00,0.03569603,0.03480002
2/2/24 16:00,0.01413131,0.01381614
2/2/24 17:00,0.004099408,0
2/2/24 18:00,0,0
2/2/24 19:00,0,0
2/2/24 20:00,0,0
2/2/24 21:00,0,0
2/2/24 22:00,0,0
2/2/24 23:00,0,0
2/3/24 0:00,0,0
2/3/24 1:00,0,0
2/3/24 2:00,0,0
2/3/24 3:00,0,0
2/3/24 4:00,0,0
2/3/24 5:00,0,0
2/3/24 6:00,0.02771789,0.07966811
2/3/24 7:00,0.1391796,0.1612486
2/3/24 8:00,0.09187717,0.08992689
2/3/24 9:00,0.08805868,0.08589774
2/3/24 10:00,0.185247,0.1813102
2/3/24 11:00,0.5956593,0.7134566
2/3/24 12:00,0.6445105,0.7988179
2/3/24 13:00,0.4664865,0.5370224
2/3/24 14:00,0.2899233,0.3066857
2/3/24 15:00,0.1244901,0.1231549
2/3/24 16:00,0.04808521,0.04790534
2/3/24 17:00,0.003084379,0
2/3/24 18:00,0,0
2/3/24 19:00,0,0
2/3/24 20:00,0,0
2/3/24 21:00,0,0
2/3/24 22:00,0,0
2/3/24 23:00,0,0
2/4/24 0:00,0,0
2/4/24 1:00,0,0
2/4/24 2:00,0,0
2/4/24 3:00,0,0
2/4/24 4:00,0,0
2/4/24 5:00,0,0
2/4/24 6:00,0.01731228,0.02198081
2/4/24 7:00,0.245758,0.3920988
2/4/24 8:00,0.4866174,0.676725
2/4/24 9:00,0.6910319,0.9126487
2/4/24 10:00,0.8071175,1.040805
2/4/24 11:00,0.8245484,1.052621
2/4/24 12:00,0.845009,1.082152
2/4/24 13:00,0.7503456,0.9736364
2/4/24 14:00,0.5169133,0.6821135
2/4/24 15:00,0.2939455,0.3872339
2/4/24 16:00,0.1138816,0.1659961
2/4/24 17:00,0.002196562,0
2/4/24 18:00,0,0
2/4/24 19:00,0,0
2/4/24 20:00,0,0
2/4/24 21:00,0,0
2/4/24 22:00,0,0
2/4/24 23:00,0,0
2/5/24 0:00,0,0
2/5/24 1:00,0,0
2/5/24 2:00,0,0
2/5/24 3:00,0,0
2/5/24 4:00,0,0
2/5/24 5:00,0,0
2/5/24 6:00,0.04012715,0.1811337
2/5/24 7:00,0.2458912,0.3886459
2/5/24 8:00,0.4138418,0.5608034
2/5/24 9:00,0.4042291,0.4604695
2/5/24 10:00,0.5664558,0.6823933
2/5/24 11:00,0.7992657,1.016739
2/5/24 12:00,0.7604945,0.9672901
2/5/24 13:00,0.5300742,0.6377553
2/5/24 14:00,0.3833017,0.4485798
2/5/24 15:00,0.3022527,0.4002181
2/5/24 16:00,0.06545225,0.06731851
2/5/24 17:00,0.003390296,0
2/5/24 18:00,0,0
2/5/24 19:00,0,0
2/5/24 20:00,0,0
2/5/24 21:00,0,0
2/5/24 22:00,0,0
2/5/24 23:00,0,0
2/6/24 0:00,0,0
2/6/24 1:00,0,0
2/6/24 2:00,0,0
2/6/24 3:00,0,0
2/6/24 4:00,0,0
2/6/24 5:00,0,0
2/6/24 6:00,0.03311209,0.1125173
2/6/24 7:00,0.1353261,0.1510188
2/6/24 8:00,0.3325819,0.4091934
2/6/24 9:00,0.5061048,0.6302657
2/6/24 10:00,0.4484913,0.4918191
2/6/24 11:00,0.648118,0.7906433
2/6/24 12:00,0.7320289,0.9239939
2/6/24 13:00,0.3727416,0.3922764
2/6/24 14:00,0.3975805,0.4705641
2/6/24 15:00,0.338359,0.4664215
2/6/24 16:00,0.128539,0.1972559
2/6/24 17:00,0.006337557,0
2/6/24 18:00,0,0
2/6/24 19:00,0,0
2/6/24 20:00,0,0
2/6/24 21:00,0,0
2/6/24 22:00,0,0
2/6/24 23:00,0,0
2/7/24 0:00,0,0
2/7/24 1:00,0,0
2/7/24 2:00,0,0
2/7/24 3:00,0,0
2/7/24 4:00,0,0
2/7/24 5:00,0,0
2/7/24 6:00,0.02606214,0.05340714
2/7/24 7:00,0.2335957,0.3561741
2/7/24 8:00,0.4595167,0.6282406
2/7/24 9:00,0.6253383,0.8144244
2/7/24 10:00,0.8105224,1.036135
2/7/24 11:00,0.770128,0.9714938
2/7/24 12:00,0.6550169,0.8036411
2/7/24 13:00,0.6235426,0.7845349
2/7/24 14:00,0.3125088,0.3342574
2/7/24 15:00,0.2407927,0.2779291
2/7/24 16:00,0.06604603,0.06733246
2/7/24 17:00,0.003571596,0
2/7/24 18:00,0,0
2/7/24 19:00,0,0
2/7/24 20:00,0,0
2/7/24 21:00,0,0
2/7/24 22:00,0,0
2/7/24 23:00,0,0
2/8/24 0:00,0,0
2/8/24 1:00,0,0
2/8/24 2:00,0,0
2/8/24 3:00,0,0
2/8/24 4:00,0,0
2/8/24 5:00,0,0
2/8/24 6:00,0.01276177,0.01346782
2/8/24 7:00,0.1880461,0.2512236
2/8/24 8:00,0.2927243,0.3347248
2/8/24 9:00,0.5077315,0.627228
2/8/24 10:00,0.4783941,0.5338662
2/8/24 11:00,0.4066942,0.4214725
2/8/24 12:00,0.5264698,0.5951251
2/8/24 13:00,0.7240814,0.92679
2/8/24 14:00,0.565336,0.7427055
2/8/24 15:00,0.3285271,0.4401712
2/8/24 16:00,0.1528788,0.2528306
2/8/24 17:00,0.00595355,0
2/8/24 18:00,0,0
2/8/24 19:00,0,0
2/8/24 20:00,0,0
2/8/24 21:00,0,0
2/8/24 22:00,0,0
2/8/24 23:00,0,0
2/9/24 0:00,0,0
2/9/24 1:00,0,0
2/9/24 2:00,0,0
2/9/24 3:00,0,0
2/9/24 4:00,0,0
2/9/24 5:00,0,0
2/9/24 6:00,0.03010259,0.06695382
2/9/24 7:00,0.04087728,0.04000336
2/9/24 8:00,0.03354029,0.03264524
2/9/24 9:00,0.1331611,0.1301422
2/9/24 10:00,0.1268866,0.1237963
2/9/24 11:00,0.0817498,0.07959255
2/9/24 12:00,0.05128103,0.04987675
2/9/24 13:00,0.08133751,0.07923033
2/9/24 14:00,0.05414898,0.05272806
2/9/24 15:00,0.03687772,0.03593243
2/9/24 16:00,0.001530854,0.001486961
2/9/24 17:00,0.005867311,0
2/9/24 18:00,0,0
2/9/24 19:00,0,0
2/9/24 20:00,0,0
2/9/24 21:00,0,0
2/9/24 22:00,0,0
2/9/24 23:00,0,0
2/10/24 0:00,0,0
2/10/24 1:00,0,0
2/10/24 2:00,0,0
2/10/24 3:00,0,0
2/10/24 4:00,0,0
2/10/24 5:00,0,0
2/10/24 6:00,0.03471872,0.08973805
2/10/24 7:00,0.0178174,0.01735457
2/10/24 8:00,0.04589832,0.04471276
2/10/24 9:00,0.02892495,0.02812034
2/10/24 10:00,0.09125485,0.08890068
2/10/24 11:00,0.08283278,0.08064663
2/10/24 12:00,0.09407205,0.09163142
2/10/24 13:00,0.06344864,0.06175645
2/10/24 14:00,0.0544869,0.05305512
2/10/24 15:00,0.03837661,0.03739504
2/10/24 16:00,0.03913774,0.03854188
2/10/24 17:00,0.008323411,0
2/10/24 18:00,0,0
2/10/24 19:00,0,0
2/10/24 20:00,0,0
2/10/24 21:00,0,0
2/10/24 22:00,0,0
2/10/24 23:00,0,0
2/11/24 0:00,0,0
2/11/24 1:00,0,0
2/11/24 2:00,0,0
2/11/24 3:00,0,0
2/11/24 4:00,0,0
2/11/24 5:00,0,0
2/11/24 6:00,0.02553825,0.0366009
2/11/24 7:00,0.1612806,0.1891608
2/11/24 8:00,0.4414715,0.5867161
2/11/24 9:00,0.6261628,0.8031718
2/11/24 10:00,0.552181,0.643741
2/11/24 11:00,0.5908969,0.685477
2/11/24 12:00,0.5118017,0.5670028
2/11/24 13:00,0.4532634,0.500969
2/11/24 14:00,0.5079933,0.6438338
2/11/24 15:00,0.3665909,0.4978918
2/11/24 16:00,0.09959991,0.1138315
2/11/24 17:00,0.007367736,0
2/11/24 18:00,0,0
2/11/24 19:00,0,0
2/11/24 20:00,0,0
2/11/24 21:00,0,0
2/11/24 22:00,0,0
2/11/24 23:00,0,0
2/12/24 0:00,0,0
2/12/24 1:00,0,0
2/12/24 2:00,0,0
2/12/24 3:00,0,0
2/12/24 4:00,0,0
2/12/24 5:00,0,0
2/12/24 6:00,0.01646205,0.01719557
2/12/24 7:00,0.1100895,0.1117086
2/12/24 8:00,0.1854391,0.1849439
2/12/24 9:00,0.3214861,0.3324383
2/12/24 10:00,0.4051564,0.4240984
2/12/24 11:00,0.4747862,0.5087943
2/12/24 12:00,0.4432271,0.4677877
2/12/24 13:00,0.3136811,0.3153639
2/12/24 14:00,0.213946,0.2116359
2/12/24 15:00,0.2395158,0.2669682
2/12/24 16:00,0.144093,0.2095525
2/12/24 17:00,0.005812714,0
2/12/24 18:00,0,0
2/12/24 19:00,0,0
2/12/24 20:00,0,0
2/12/24 21:00,0,0
2/12/24 22:00,0,0
2/12/24 23:00,0,0
2/13/24 0:00,0,0
2/13/24 1:00,0,0
2/13/24 2:00,0,0
2/13/24 3:00,0,0
2/13/24 4:00,0,0
2/13/24 5:00,0,0
2/13/24 6:00,0.02709882,0.03673943
2/13/24 7:00,0.2002995,0.2615606
2/13/24 8:00,0.3459315,0.4150864
2/13/24 9:00,0.4457563,0.5114754
2/13/24 10:00,0.568515,0.6647009
2/13/24 11:00,0.703988,0.8565003
2/13/24 12:00,0.7295519,0.8983852
2/13/24 13:00,0.4859472,0.5470833
2/13/24 14:00,0.4980422,0.6208911
2/13/24 15:00,0.2874174,0.3465815
2/13/24 16:00,0.1279589,0.1669311
2/13/24 17:00,0.006654229,0
2/13/24 18:00,0,0
2/13/24 19:00,0,0
2/13/24 20:00,0,0
2/13/24 21:00,0,0
2/13/24 22:00,0,0
2/13/24 23:00,0,0
2/14/24 0:00,0,0
2/14/24 1:00,0,0
2/14/24 2:00,0,0
2/14/24 3:00,0,0
2/14/24 4:00,0,0
2/14/24 5:00,0,0
2/14/24 6:00,0.04854337,0.1370378
2/14/24 7:00,0.2237175,0.3071063
2/14/24 8:00,0.4426543,0.5781212
2/14/24 9:00,0.5043476,0.6041774
2/14/24 10:00,0.6938635,0.8560876
2/14/24 11:00,0.6955304,0.8405645
2/14/24 12:00,0.8106573,1.007228
2/14/24 13:00,0.6498521,0.8022555
2/14/24 14:00,0.5302476,0.6692564
2/14/24 15:00,0.33806,0.435966
2/14/24 16:00,0.1507633,0.217043
2/14/24 17:00,0.0121727,0
2/14/24 18:00,0,0
2/14/24 19:00,0,0
2/14/24 20:00,0,0
2/14/24 21:00,0,0
2/14/24 22:00,0,0
2/14/24 23:00,0,0
2/15/24 0:00,0,0
2/15/24 1:00,0,0
2/15/24 2:00,0,0
2/15/24 3:00,0,0
2/15/24 4:00,0,0
2/15/24 5:00,0,0
2/15/24 6:00,0.05118611,0.1402566
2/15/24 7:00,0.2776128,0.4059784
2/15/24 8:00,0.4811575,0.6334881
2/15/24 9:00,0.5622466,0.694215
2/15/24 10:00,0.7259725,0.8989666
2/15/24 11:00,0.5466139,0.6082852
2/15/24 12:00,0.6833104,0.8230212
2/15/24 13:00,0.5694479,0.6739254
2/15/24 14:00,0.5262671,0.659628
2/15/24 15:00,0.3163095,0.3930987
2/15/24 16:00,0.1611927,0.2375259
2/15/24 17:00,0.01066688,0
2/15/24 18:00,0,0
2/15/24 19:00,0,0
2/15/24 20:00,0,0
2/15/24 21:00,0,0
2/15/24 22:00,0,0
2/15/24 23:00,0,0
2/16/24 0:00,0,0
2/16/24 1:00,0,0
2/16/24 2:00,0,0
2/16/24 3:00,0,0
2/16/24 4:00,0,0
2/16/24 5:00,0,0
2/16/24 6:00,0.03578207,0.05605143
2/16/24 7:00,0.1867432,0.2256887
2/16/24 8:00,0.4141962,0.5241601
2/16/24 9:00,0.4980183,0.5882418
2/16/24 10:00,0.7883514,0.9794471
2/16/24 11:00,0.798519,0.9823854
2/16/24 12:00,0.7041259,0.8512701
2/16/24 13:00,0.6312504,0.7675802
2/16/24 14:00,0.3659538,0.4000306
2/16/24 15:00,0.4298337,0.5787726
2/16/24 16:00,0.2162922,0.3446713
2/16/24 17:00,0.01450367,0
2/16/24 18:00,0,0
2/16/24 19:00,0,0
2/16/24 20:00,0,0
2/16/24 21:00,0,0
2/16/24 22:00,0,0
2/16/24 23:00,0,0
2/17/24 0:00,0,0
2/17/24 1:00,0,0
2/17/24 2:00,0,0
2/17/24 3:00,0,0
2/17/24 4:00,0,0
2/17/24 5:00,0,0
2/17/24 6:00,0.04251468,0.07788032
2/17/24 7:00,0.1767798,0.2052124
2/17/24 8:00,0.2876459,0.3126115
2/17/24 9:00,0.6726292,0.8470615
2/17/24 10:00,0.8685426,1.078263
2/17/24 11:00,0.8365907,1.029299
2/17/24 12:00,0.7218102,0.8742457
2/17/24 13:00,0.6051071,0.7241212
2/17/24 14:00,0.5513659,0.6916191
2/17/24 15:00,0.2440515,0.2666538
2/17/24 16:00,0.1399328,0.1807263
2/17/24 17:00,0.006121217,0
2/17/24 18:00,0,0
2/17/24 19:00,0,0
2/17/24 20:00,0,0
2/17/24 21:00,0,0
2/17/24 22:00,0,0
2/17/24 23:00,0,0
2/18/24 0:00,0,0
2/18/24 1:00,0,0
2/18/24 2:00,0,0
2/18/24 3:00,0,0
2/18/24 4:00,0,0
2/18/24 5:00,0,0
2/18/24 6:00,0.06064019,0.1524989
2/18/24 7:00,0.2239074,0.2921602
2/18/24 8:00,0.4135146,0.5161366
2/18/24 9:00,0.7681338,0.9671751
2/18/24 10:00,0.8314911,1.027786
2/18/24 11:00,0.7566961,0.9178798
2/18/24 12:00,0.8420489,1.034877
2/18/24 13:00,0.7050174,0.8691139
2/18/24 14:00,0.450465,0.5279027
2/18/24 15:00,0.1658122,0.1652688
2/18/24 16:00,0.1040444,0.1124268
2/18/24 17:00,0.01205427,0
2/18/24 18:00,0,0
2/18/24 19:00,0,0
2/18/24 20:00,0,0
2/18/24 21:00,0,0
2/18/24 22:00,0,0
2/18/24 23:00,0,0
2/19/24 0:00,0,0
2/19/24 1:00,0,0
2/19/24 2:00,0,0
2/19/24 3:00,0,0
2/19/24 4:00,0,0
2/19/24 5:00,0,0
2/19/24 6:00,0.03559846,0.04597989
2/19/24 7:00,0.1695961,0.1894344
2/19/24 8:00,0.3581494,0.4200047
2/19/24 9:00,0.37999,0.4033692
2/19/24 10:00,0.7588604,0.9311293
2/19/24 11:00,0.7899238,0.9610119
2/19/24 12:00,0.7149864,0.857861
2/19/24 13:00,0.7858465,0.9721554
2/19/24 14:00,0.427938,0.4894602
2/19/24 15:00,0.297105,0.3483196
2/19/24 16:00,0.1805703,0.2630922
2/19/24 17:00,0.01301485,0
2/19/24 18:00,0,0
2/19/24 19:00,0,0
2/19/24 20:00,0,0
2/19/24 21:00,0,0
2/19/24 22:00,0,0
2/19/24 23:00,0,0
2/20/24 0:00,0,0
2/20/24 1:00,0,0
2/20/24 2:00,0,0
2/20/24 3:00,0,0
2/20/24 4:00,0,0
2/20/24 5:00,0,0
2/20/24 6:00,0.01437299,0.01431081
2/20/24 7:00,0.02691972,0.02622804
2/20/24 8:00,0.1332147,0.1304124
2/20/24 9:00,0.1663158,0.1625773
2/20/24 10:00,0.2768152,0.2724014
2/20/24 11:00,0.4290445,0.4406869
2/20/24 12:00,0.1862092,0.1818175
2/20/24 13:00,0.09422211,0.09176998
2/20/24 14:00,0.09154925,0.08924793
2/20/24 15:00,0.1455357,0.1433836
2/20/24 16:00,0.08981276,0.09176068
2/20/24 17:00,0.01428281,0
2/20/24 18:00,0,0
2/20/24 19:00,0,0
2/20/24 20:00,0,0
2/20/24 21:00,0,0
2/20/24 22:00,0,0
2/20/24 23:00,0,0
2/21/24 0:00,0,0
2/21/24 1:00,0,0
2/21/24 2:00,0,0
2/21/24 3:00,0,0
2/21/24 4:00,0,0
2/21/24 5:00,0,0
2/21/24 6:00,0.05230216,0.09147141
2/21/24 7:00,0.1108143,0.1102375
2/21/24 8:00,0.399895,0.4835204
2/21/24 9:00,0.5424263,0.6440269
2/21/24 10:00,0.3999548,0.4101972
2/21/24 11:00,0.6617151,0.7683021
2/21/24 12:00,0.5747159,0.6413559
2/21/24 13:00,0.4746708,0.5158071
2/21/24 14:00,0.4019884,0.4454323
2/21/24 15:00,0.2446293,0.2625013
2/21/24 16:00,0.07850461,0.07834192
2/21/24 17:00,0.007248052,0
2/21/24 18:00,0,0
2/21/24 19:00,0,0
2/21/24 20:00,0,0
2/21/24 21:00,0,0
2/21/24 22:00,0,0
2/21/24 23:00,0,0
2/22/24 0:00,0,0
2/22/24 1:00,0,0
2/22/24 2:00,0,0
2/22/24 3:00,0,0
2/22/24 4:00,0,0
2/22/24 5:00,0,0
2/22/24 6:00,0.06883474,0.1457009
2/22/24 7:00,0.2102712,0.2529501
2/22/24 8:00,0.2002652,0.1989954
2/22/24 9:00,0.4623587,0.5174953
2/22/24 10:00,0.789779,0.9620563
2/22/24 11:00,0.6969724,0.8181277
2/22/24 12:00,0.457934,0.4770498
2/22/24 13:00,0.5529875,0.6299118
2/22/24 14:00,0.572955,0.706825
2/22/24 15:00,0.399749,0.5122098
2/22/24 16:00,0.1787552,0.2465432
2/22/24 17:00,0.01726789,0
2/22/24 18:00,0,0
2/22/24 19:00,0,0
2/22/24 20:00,0,0
2/22/24 21:00,0,0
2/22/24 22:00,0,0
2/22/24 23:00,0,0
2/23/24 0:00,0,0
2/23/24 1:00,0,0
2/23/24 2:00,0,0
2/23/24 3:00,0,0
2/23/24 4:00,0,0
2/23/24 5:00,0,0
2/23/24 6:00,0.05951101,0.1042329
2/23/24 7:00,0.249001,0.3211297
2/23/24 8:00,0.4622747,0.576519
2/23/24 9:00,0.6503275,0.7969594
2/23/24 10:00,0.8210071,0.9982692
2/23/24 11:00,0.841576,1.016501
2/23/24 12:00,0.8875905,1.075628
2/23/24 13:00,0.6861766,0.8262178
2/23/24 14:00,0.5116896,0.6111066
2/23/24 15:00,0.3799738,0.4770516
2/23/24 16:00,0.1420141,0.169055
2/23/24 17:00,0.009842989,0
2/23/24 18:00,0,0
2/23/24 19:00,0,0
2/23/24 20:00,0,0
2/23/24 21:00,0,0
2/23/24 22:00,0,0
2/23/24 23:00,0,0
2/24/24 0:00,0,0
2/24/24 1:00,0,0
2/24/24 2:00,0,0
2/24/24 3:00,0,0
2/24/24 4:00,0,0
2/24/24 5:00,0,0
2/24/24 6:00,0.05609372,0.08662331
2/24/24 7:00,0.2659895,0.347936
2/24/24 8:00,0.55983,0.7082388
2/24/24 9:00,0.6682382,0.8178772
2/24/24 10:00,0.8186059,0.9920751
2/24/24 11:00,0.7704576,0.9178037
2/24/24 12:00,0.8178732,0.9846917
2/24/24 13:00,0.7495082,0.9096432
2/24/24 14:00,0.6745815,0.835967
2/24/24 15:00,0.4974745,0.6422424
2/24/24 16:00,0.2546379,0.3712523
2/24/24 17:00,0.02308648,0
2/24/24 18:00,0,0
2/24/24 19:00,0,0
2/24/24 20:00,0,0
2/24/24 21:00,0,0
2/24/24 22:00,0,0
2/24/24 23:00,0,0
2/25/24 0:00,0,0
2/25/24 1:00,0,0
2/25/24 2:00,0,0
2/25/24 3:00,0,0
2/25/24 4:00,0,0
2/25/24 5:00,0,0
2/25/24 6:00,0.07604728,0.1441691
2/25/24 7:00,0.2730881,0.3563189
2/25/24 8:00,0.5414347,0.6808918
2/25/24 9:00,0.7086877,0.8669631
2/25/24 10:00,0.8116792,0.9801556
2/25/24 11:00,0.8310456,0.996337
2/25/24 12:00,0.9122475,1.099416
2/25/24 13:00,0.7556863,0.9144512
2/25/24 14:00,0.588997,0.7198343
2/25/24 15:00,0.4580308,0.5865182
2/25/24 16:00,0.2017022,0.2803013
2/25/24 17:00,0.02087579,0
2/25/24 18:00,0,0
2/25/24 19:00,0,0
2/25/24 20:00,0,0
2/25/24 21:00,0,0
2/25/24 22:00,0,0
2/25/24 23:00,0,0
2/26/24 0:00,0,0
2/26/24 1:00,0,0
2/26/24 2:00,0,0
2/26/24 3:00,0,0
2/26/24 4:00,0,0
2/26/24 5:00,0,0
2/26/24 6:00,0.05802851,0.08245735
2/26/24 7:00,0.2298866,0.2759842
2/26/24 8:00,0.3106496,0.3329038
2/26/24 9:00,0.5750063,0.6780601
2/26/24 10:00,0.4890011,0.5204157
2/26/24 11:00,0.6028792,0.6684644
2/26/24 12:00,0.5280359,0.5656402
2/26/24 13:00,0.4463465,0.4700294
2/26/24 14:00,0.3725355,0.3958705
2/26/24 15:00,0.2251599,0.2320592
2/26/24 16:00,0.102143,0.1045089
2/26/24 17:00,0.007031138,0
2/26/24 18:00,0,0
2/26/24 19:00,0,0
2/26/24 20:00,0,0
2/26/24 21:00,0,0
2/26/24 22:00,0,0
2/26/24 23:00,0,0
2/27/24 0:00,0,0
2/27/24 1:00,0,0
2/27/24 2:00,0,0
2/27/24 3:00,0,0
2/27/24 4:00,0,0
2/27/24 5:00,0,0
2/27/24 6:00,0.08844901,0.1628471
2/27/24 7:00,0.2877364,0.3729784
2/27/24 8:00,0.5328791,0.6627434
2/27/24 9:00,0.7557194,0.9187982
2/27/24 10:00,0.8136973,0.9761245
2/27/24 11:00,0.907943,1.085948
2/27/24 12:00,0.9080781,1.087548
2/27/24 13:00,0.8236502,0.992978
2/27/24 14:00,0.58066,0.7014663
2/27/24 15:00,0.4566591,0.5778375
2/27/24 16:00,0.2073178,0.2828308
2/27/24 17:00,0.02864531,0
2/27/24 18:00,0,0
2/27/24 19:00,0,0
2/27/24 20:00,0,0
2/27/24 21:00,0,0
2/27/24 22:00,0,0
2/27/24 23:00,0,0
2/28/24 0:00,0,0
2/28/24 1:00,0,0
2/28/24 2:00,0,0
2/28/24 3:00,0,0
2/28/24 4:00,0,0
2/28/24 5:00,0,0
2/28/24 6:00,0.1004221,0.1819934
2/28/24 7:00,0.2767601,0.3505441
2/28/24 8:00,0.5710753,0.7082164
2/28/24 9:00,0.7264646,0.879058
2/28/24 10:00,0.7611778,0.9044068
2/28/24 11:00,0.8930865,1.064583
2/28/24 12:00,0.8846552,1.055643
2/28/24 13:00,0.8090224,0.9716774
2/28/24 14:00,0.6309313,0.7670622
2/28/24 15:00,0.4302335,0.5374132
2/28/24 16:00,0.240934,0.3350973
2/28/24 17:00,0.02608778,0
2/28/24 18:00,0,0
2/28/24 19:00,0,0
2/28/24 20:00,0,0
2/28/24 21:00,0,0
2/28/24 22:00,0,0
2/28/24 23:00,0,0
2/29/24 0:00,0,0
2/29/24 1:00,0,0
2/29/24 2:00,0,0
2/29/24 3:00,0,0
2/29/24 4:00,0,0
2/29/24 5:00,0,0
2/29/24 6:00,0.07050297,0.1014768
2/29/24 7:00,0.2501255,0.3013612
2/29/24 8:00,0.4369249,0.5166671
2/29/24 9:00,0.7287028,0.8784909
2/29/24 10:00,0.8930123,1.066756
2/29/24 11:00,0.930262,1.10645
2/29/24 12:00,0.8545005,1.015332
2/29/24 13:00,0.6464257,0.7504327
2/29/24 14:00,0.5778859,0.6911002
2/29/24 15:00,0.4248039,0.5261351
2/29/24 16:00,0.2386674,0.3278417
2/29/24 17:00,0.03191502,0.1522429
2/29/24 18:00,0,0
2/29/24 19:00,0,0
2/29/24 20:00,0,0
2/29/24 21:00,0,0
2/29/24 22:00,0,0
2/29/24 23:00,0,0
3/1/24 0:00,0,0
3/1/24 1:00,0,0
3/1/24 2:00,0,0
3/1/24 3:00,0,0
3/1/24 4:00,0,0
3/1/24 5:00,0,0
3/1/24 6:00,0.02490033,0.02457182
3/1/24 7:00,0.1547845,0.1574993
3/1/24 8:00,0.1680033,0.1645522
3/1/24 9:00,0.1385256,0.1350995
3/1/24 10:00,0.2269593,0.221734
3/1/24 11:00,0.135949,0.1324328
3/1/24 12:00,0.2649142,0.2591394
3/1/24 13:00,0.1384524,0.1349512
3/1/24 14:00,0.1158729,0.1129756
3/1/24 15:00,0.06874742,0.06700844
3/1/24 16:00,0.02288819,0.02229598
3/1/24 17:00,0.008828052,0.009374257
3/1/24 18:00,0,0
3/1/24 19:00,0,0
3/1/24 20:00,0,0
3/1/24 21:00,0,0
3/1/24 22:00,0,0
3/1/24 23:00,0,0
3/2/24 0:00,0,0
3/2/24 1:00,0,0
3/2/24 2:00,0,0
3/2/24 3:00,0,0
3/2/24 4:00,0,0
3/2/24 5:00,0,0
3/2/24 6:00,0.01851076,0.01816321
3/2/24 7:00,0.02429772,0.0236393
3/2/24 8:00,0.004401994,0.004274339
3/2/24 9:00,0.08717012,0.08486287
3/2/24 10:00,0.1218795,0.1187068
3/2/24 11:00,0.09408819,0.09155492
3/2/24 12:00,0.1305403,0.1271472
3/2/24 13:00,0.2190257,0.2139936
3/2/24 14:00,0.1193645,0.1163843
3/2/24 15:00,0.1637497,0.1611519
3/2/24 16:00,0.05124999,0.05013069
3/2/24 17:00,0.01602159,0.02478648
3/2/24 18:00,0,0
3/2/24 19:00,0,0
3/2/24 20:00,0,0
3/2/24 21:00,0,0
3/2/24 22:00,0,0
3/2/24 23:00,0,0
3/3/24 0:00,0,0
3/3/24 1:00,0,0
3/3/24 2:00,0,0
3/3/24 3:00,0,0
3/3/24 4:00,0,0
3/3/24 5:00,0,0
3/3/24 6:00,0.006631022,0.006459001
3/3/24 7:00,0.0778356,0.07607823
3/3/24 8:00,0.2600998,0.262798
3/3/24 9:00,0.3830455,0.3939905
3/3/24 10:00,0.2453361,0.2398084
3/3/24 11:00,0.2961887,0.2902709
3/3/24 12:00,0.1401571,0.136539
3/3/24 13:00,0.2619005,0.2566263
3/3/24 14:00,0.3753842,0.3930887
3/3/24 15:00,0.3326322,0.3762
3/3/24 16:00,0.08488718,0.08375163
3/3/24 17:00,0.01154107,0.01275344
3/3/24 18:00,0,0
3/3/24 19:00,0,0
3/3/24 20:00,0,0
3/3/24 21:00,0,0
3/3/24 22:00,0,0
3/3/24 23:00,0,0
3/4/24 0:00,0,0
3/4/24 1:00,0,0
3/4/24 2:00,0,0
3/4/24 3:00,0,0
3/4/24 4:00,0,0
3/4/24 5:00,0,0
3/4/24 6:00,0.02032254,0.01992062
3/4/24 7:00,0.09613264,0.09409349
3/4/24 8:00,0.3037093,0.3151975
3/4/24 9:00,0.447688,0.4763534
3/4/24 10:00,0.3551829,0.3529367
3/4/24 11:00,0.4788181,0.4917571
3/4/24 12:00,0.1924044,0.1876725
3/4/24 13:00,0.365462,0.366366
3/4/24 14:00,0.2908869,0.2906899
3/4/24 15:00,0.1758325,0.1734981
3/4/24 16:00,0.1407993,0.1514483
3/4/24 17:00,0.01699851,0.02570243
3/4/24 18:00,0,0
3/4/24 19:00,0,0
3/4/24 20:00,0,0
3/4/24 21:00,0,0
3/4/24 22:00,0,0
3/4/24 23:00,0,0
3/5/24 0:00,0,0
3/5/24 1:00,0,0
3/5/24 2:00,0,0
3/5/24 3:00,0,0
3/5/24 4:00,0,0
3/5/24 5:00,3.86158E-08,0
3/5/24 6:00,0.07785194,0.09686684
3/5/24 7:00,0.1547707,0.1555177
3/5/24 8:00,0.2406771,0.2399448
3/5/24 9:00,0.6304013,0.7322248
3/5/24 10:00,0.897485,1.054855
3/5/24 11:00,0.9102852,1.065915
3/5/24 12:00,0.7772266,0.8984959
3/5/24 13:00,0.8648699,1.019452
3/5/24 14:00,0.6928484,0.8250127
3/5/24 15:00,0.4520932,0.548086
3/5/24 16:00,0.2600343,0.3404475
3/5/24 17:00,0.03099215,0.1227212
3/5/24 18:00,0,0
3/5/24 19:00,0,0
3/5/24 20:00,0,0
3/5/24 21:00,0,0
3/5/24 22:00,0,0
3/5/24 23:00,0,0
3/6/24 0:00,0,0
3/6/24 1:00,0,0
3/6/24 2:00,0,0
3/6/24 3:00,0,0
3/6/24 4:00,0,0
3/6/24 5:00,2.45042E-05,0
3/6/24 6:00,0.08557875,0.1088536
3/6/24 7:00,0.1627888,0.164302
3/6/24 8:00,0.3389654,0.3588333
3/6/24 9:00,0.5203045,0.5731392
3/6/24 10:00,0.8925526,1.045548
3/6/24 11:00,0.8788311,1.02438
3/6/24 12:00,0.916111,1.070701
3/6/24 13:00,0.9118226,1.072379
3/6/24 14:00,0.7495055,0.8904073
3/6/24 15:00,0.4041882,0.4768331
3/6/24 16:00,0.2100961,0.2598237
3/6/24 17:00,0.02055782,0.03404279
3/6/24 18:00,0,0
3/6/24 19:00,0,0
3/6/24 20:00,0,0
3/6/24 21:00,0,0
3/6/24 22:00,0,0
3/6/24 23:00,0,0
3/7/24 0:00,0,0
3/7/24 1:00,0,0
3/7/24 2:00,0,0
3/7/24 3:00,0,0
3/7/24 4:00,0,0
3/7/24 5:00,9.00349E-05,0
3/7/24 6:00,0.1150757,0.1639208
3/7/24 7:00,0.2758495,0.3206573
3/7/24 8:00,0.5879174,0.701045
3/7/24 9:00,0.7886553,0.9274319
3/7/24 10:00,0.8712756,1.016886
3/7/24 11:00,0.9836421,1.146541
3/7/24 12:00,1.000735,1.168072
3/7/24 13:00,0.8991604,1.053619
3/7/24 14:00,0.6834461,0.8071296
3/7/24 15:00,0.4909364,0.5921409
3/7/24 16:00,0.2542447,0.3252842
3/7/24 17:00,0.02975903,0.07706288
3/7/24 18:00,0,0
3/7/24 19:00,0,0
3/7/24 20:00,0,0
3/7/24 21:00,0,0
3/7/24 22:00,0,0
3/7/24 23:00,0,0
3/8/24 0:00,0,0
3/8/24 1:00,0,0
3/8/24 2:00,0,0
3/8/24 3:00,0,0
3/8/24 4:00,0,0
3/8/24 5:00,0.000232487,0
3/8/24 6:00,0.1122243,0.1532973
3/8/24 7:00,0.323488,0.3896195
3/8/24 8:00,0.4777179,0.5512197
3/8/24 9:00,0.5679152,0.6354682
3/8/24 10:00,0.8664544,1.007906
3/8/24 11:00,0.9476514,1.100456
3/8/24 12:00,0.9883792,1.149812
3/8/24 13:00,0.7210283,0.8304295
3/8/24 14:00,0.6176272,0.7205399
3/8/24 15:00,0.4457574,0.529795
3/8/24 16:00,0.2394156,0.3001126
3/8/24 17:00,0.03502052,0.09546434
3/8/24 18:00,0,0
3/8/24 19:00,0,0
3/8/24 20:00,0,0
3/8/24 21:00,0,0
3/8/24 22:00,0,0
3/8/24 23:00,0,0
3/9/24 0:00,0,0
3/9/24 1:00,0,0
3/9/24 2:00,0,0
3/9/24 3:00,0,0
3/9/24 4:00,0,0
3/9/24 5:00,0.000360756,0
3/9/24 6:00,0.09687655,0.1193267
3/9/24 7:00,0.3679985,0.4474994
3/9/24 8:00,0.605805,0.7158279
3/9/24 9:00,0.6836834,0.7910385
3/9/24 10:00,0.7884604,0.9076571
3/9/24 11:00,0.90693,1.048956
3/9/24 12:00,0.9294739,1.076713
3/9/24 13:00,0.8187507,0.9512112
3/9/24 14:00,0.7039953,0.8252525
3/9/24 15:00,0.4379771,0.5160119
3/9/24 16:00,0.2043729,0.2419127
3/9/24 17:00,0.03348471,0.07599524
3/9/24 18:00,0,0
3/9/24 19:00,0,0
3/9/24 20:00,0,0
3/9/24 21:00,0,0
3/9/24 22:00,0,0
3/9/24 23:00,0,0
3/10/24 0:00,0,0
3/10/24 1:00,0,0
3/10/24 2:00,0,0
3/10/24 3:00,0,0
3/10/24 4:00,0,0
3/10/24 5:00,0.00033346,0
3/10/24 6:00,0.07730746,0.08370119
3/10/24 7:00,0.2952334,0.3407979
3/10/24 8:00,0.5252542,0.6104811
3/10/24 9:00,0.6904395,0.7965588
3/10/24 10:00,0.6049376,0.6562753
3/10/24 11:00,0.6309143,0.6812215
3/10/24 12:00,0.7626679,0.8640592
3/10/24 13:00,0.7808471,0.90154
3/10/24 14:00,0.7180523,0.838712
3/10/24 15:00,0.4739443,0.5608404
3/10/24 16:00,0.2726683,0.3399022
3/10/24 17:00,0.04127701,0.09951754
3/10/24 18:00,0,0
3/10/24 19:00,0,0
3/10/24 20:00,0,0
3/10/24 21:00,0,0
3/10/24 22:00,0,0
3/10/24 23:00,0,0
3/11/24 0:00,0,0
3/11/24 1:00,0,0
3/11/24 2:00,0,0
3/11/24 3:00,0,0
3/11/24 4:00,0,0
3/11/24 5:00,0.000758214,0
3/11/24 6:00,0.1236137,0.1596051
3/11/24 7:00,0.3532737,0.4206542
3/11/24 8:00,0.5853884,0.6843995
3/11/24 9:00,0.7615435,0.8817444
3/11/24 10:00,0.8995136,1.037079
3/11/24 11:00,0.9820175,1.130856
3/11/24 12:00,0.8863901,1.019168
3/11/24 13:00,0.8245033,0.9517071
3/11/24 14:00,0.729184,0.8485884
3/11/24 15:00,0.3924947,0.4462915
3/11/24 16:00,0.211934,0.2486237
3/11/24 17:00,0.04226009,0.09293403
3/11/24 18:00,0,0
3/11/24 19:00,0,0
3/11/24 20:00,0,0
3/11/24 21:00,0,0
3/11/24 22:00,0,0
3/11/24 23:00,0,0
3/12/24 0:00,0,0
3/12/24 1:00,0,0
3/12/24 2:00,0,0
3/12/24 3:00,0,0
3/12/24 4:00,0,0
3/12/24 5:00,0.000987122,0
3/12/24 6:00,0.1062646,0.12556
3/12/24 7:00,0.2933336,0.3320051
3/12/24 8:00,0.5207516,0.5978579
3/12/24 9:00,0.7531406,0.8683886
3/12/24 10:00,0.9126677,1.04918
3/12/24 11:00,1.002481,1.151396
3/12/24 12:00,0.9464841,1.086839
3/12/24 13:00,0.9020708,1.039576
3/12/24 14:00,0.5572807,0.6274828
3/12/24 15:00,0.447777,0.520247
3/12/24 16:00,0.2731766,0.3338248
3/12/24 17:00,0.03744863,0.0683241
3/12/24 18:00,0,0
3/12/24 19:00,0,0
3/12/24 20:00,0,0
3/12/24 21:00,0,0
3/12/24 22:00,0,0
3/12/24 23:00,0,0
3/13/24 0:00,0,0
3/13/24 1:00,0,0
3/13/24 2:00,0,0
3/13/24 3:00,0,0
3/13/24 4:00,0,0
3/13/24 5:00,0.001208446,0
3/13/24 6:00,0.02060069,0.02008099
3/13/24 7:00,0.08163201,0.07961658
3/13/24 8:00,0.1624896,0.1586209
3/13/24 9:00,0.5444803,0.5910962
3/13/24 10:00,0.5270662,0.5490932
3/13/24 11:00,0.7893953,0.8878692
3/13/24 12:00,0.7581917,0.8497018
3/13/24 13:00,0.800971,0.9169981
3/13/24 14:00,0.6106785,0.6963843
3/13/24 15:00,0.4195759,0.4790601
3/13/24 16:00,0.2049734,0.2332056
3/13/24 17:00,0.03094541,0.04316902
3/13/24 18:00,0,0
3/13/24 19:00,0,0
3/13/24 20:00,0,0
3/13/24 21:00,0,0
3/13/24 22:00,0,0
3/13/24 23:00,0,0
3/14/24 0:00,0,0
3/14/24 1:00,0,0
3/14/24 2:00,0,0
3/14/24 3:00,0,0
3/14/24 4:00,0,0
3/14/24 5:00,0.002126124,0
3/14/24 6:00,0.06036803,0.05981458
3/14/24 7:00,0.3023722,0.3393208
3/14/24 8:00,0.3541887,0.3681101
3/14/24 9:00,0.3317553,0.3291599
3/14/24 10:00,0.4753796,0.484763
3/14/24 11:00,0.4655823,0.469294
3/14/24 12:00,0.4156632,0.4143024
3/14/24 13:00,0.6124012,0.667851
3/14/24 14:00,0.5077528,0.5551421
3/14/24 15:00,0.1985138,0.1959128
3/14/24 16:00,0.105547,0.1041513
3/14/24 17:00,0.02718747,0.03224131
3/14/24 18:00,0,0
3/14/24 19:00,0,0
3/14/24 20:00,0,0
3/14/24 21:00,0,0
3/14/24 22:00,0,0
3/14/24 23:00,0,0
3/15/24 0:00,0,0
3/15/24 1:00,0,0
3/15/24 2:00,0,0
3/15/24 3:00,0,0
3/15/24 4:00,0,0
3/15/24 5:00,0.001415417,0
3/15/24 6:00,0.009678591,0.009411133
3/15/24 7:00,0.01684747,0.01637058
3/15/24 8:00,0.07078461,0.06887224
3/15/24 9:00,0.01861478,0.01808023
3/15/24 10:00,0.05746105,0.05585231
3/15/24 11:00,0.1349369,0.1313428
3/15/24 12:00,0.1563686,0.1522761
3/15/24 13:00,0.1627328,0.1585501
3/15/24 14:00,0.008091512,0.00785717
3/15/24 15:00,0.04081343,0.03968621
3/15/24 16:00,0.03765289,0.03666379
3/15/24 17:00,0.005667374,0.005539394
3/15/24 18:00,0,0
3/15/24 19:00,0,0
3/15/24 20:00,0,0
3/15/24 21:00,0,0
3/15/24 22:00,0,0
3/15/24 23:00,0,0
3/16/24 0:00,0,0
3/16/24 1:00,0,0
3/16/24 2:00,0,0
3/16/24 3:00,0,0
3/16/24 4:00,0,0
3/16/24 5:00,0.003732169,0
3/16/24 6:00,0.1143638,0.1270938
3/16/24 7:00,0.3254381,0.3657878
3/16/24 8:00,0.4045142,0.4299398
3/16/24 9:00,0.5371804,0.5752664
3/16/24 10:00,0.5551935,0.5807984
3/16/24 11:00,0.7023629,0.7646592
3/16/24 12:00,0.7101196,0.7782002
3/16/24 13:00,0.2518321,0.2459213
3/16/24 14:00,0.3435906,0.3455202
3/16/24 15:00,0.4152794,0.4653898
3/16/24 16:00,0.1083388,0.1068178
3/16/24 17:00,0.02129297,0.02168791
3/16/24 18:00,0,0
3/16/24 19:00,0,0
3/16/24 20:00,0,0
3/16/24 21:00,0,0
3/16/24 22:00,0,0
3/16/24 23:00,0,0
3/17/24 0:00,0,0
3/17/24 1:00,0,0
3/17/24 2:00,0,0
3/17/24 3:00,0,0
3/17/24 4:00,0,0
3/17/24 5:00,0.004917043,0
3/17/24 6:00,0.07073432,0.07021276
3/17/24 7:00,0.1994324,0.2006196
3/17/24 8:00,0.3940749,0.4147532
3/17/24 9:00,0.5132195,0.5422674
3/17/24 10:00,0.4009292,0.3986156
3/17/24 11:00,0.4767225,0.4803792
3/17/24 12:00,0.258191,0.2519117
3/17/24 13:00,0.2709785,0.2648941
3/17/24 14:00,0.2412477,0.2362586
3/17/24 15:00,0.277318,0.2831413
3/17/24 16:00,0.2218205,0.248583
3/17/24 17:00,0.03837996,0.04876003
3/17/24 18:00,0,0
3/17/24 19:00,0,0
3/17/24 20:00,0,0
3/17/24 21:00,0,0
3/17/24 22:00,0,0
3/17/24 23:00,0,0
3/18/24 0:00,0,0
3/18/24 1:00,0,0
3/18/24 2:00,0,0
3/18/24 3:00,0,0
3/18/24 4:00,0,0
3/18/24 5:00,0.004453848,0
3/18/24 6:00,0.0985343,0.1020276
3/18/24 7:00,0.3594693,0.4053354
3/18/24 8:00,0.4911556,0.5405479
3/18/24 9:00,0.5086541,0.5348431
3/18/24 10:00,0.8917458,1.005588
3/18/24 11:00,0.8282154,0.9235821
3/18/24 12:00,0.8975766,1.010636
3/18/24 13:00,0.598978,0.6423486
3/18/24 14:00,0.4827265,0.5146263
3/18/24 15:00,0.3845467,0.4195114
3/18/24 16:00,0.2035208,0.2212338
3/18/24 17:00,0.06024161,0.08380716
3/18/24 18:00,0,0
3/18/24 19:00,0,0
3/18/24 20:00,0,0
3/18/24 21:00,0,0
3/18/24 22:00,0,0
3/18/24 23:00,0,0
3/19/24 0:00,0,0
3/19/24 1:00,0,0
3/19/24 2:00,0,0
3/19/24 3:00,0,0
3/19/24 4:00,0,0
3/19/24 5:00,0.005210247,0
3/19/24 6:00,0.09111167,0.09218527
3/19/24 7:00,0.1766191,0.174744
3/19/24 8:00,0.4722494,0.513077
3/19/24 9:00,0.4664954,0.4809312
3/19/24 10:00,0.7673881,0.8504004
3/19/24 11:00,0.5151544,0.5235757
3/19/24 12:00,0.8196257,0.9123821
3/19/24 13:00,0.6030198,0.6458328
3/19/24 14:00,0.4136035,0.4260357
3/19/24 15:00,0.4254215,0.4714039
3/19/24 16:00,0.2354557,0.2625773
3/19/24 17:00,0.05607478,0.07320724
3/19/24 18:00,0,0
3/19/24 19:00,0,0
3/19/24 20:00,0,0
3/19/24 21:00,0,0
3/19/24 22:00,0,0
3/19/24 23:00,0,0
3/20/24 0:00,0,0
3/20/24 1:00,0,0
3/20/24 2:00,0,0
3/20/24 3:00,0,0
3/20/24 4:00,0,0
3/20/24 5:00,0.005655379,0
3/20/24 6:00,0.1615908,0.1824652
3/20/24 7:00,0.3849134,0.4315006
3/20/24 8:00,0.6061381,0.6800652
3/20/24 9:00,0.8372806,0.9402357
3/20/24 10:00,1.01132,1.135847
3/20/24 11:00,0.8969083,1.002328
3/20/24 12:00,0.8637302,0.9639481
3/20/24 13:00,0.7229674,0.7990808
3/20/24 14:00,0.5792677,0.636773
3/20/24 15:00,0.4129882,0.4527909
3/20/24 16:00,0.2356071,0.2604013
3/20/24 17:00,0.05719823,0.07063447
3/20/24 18:00,0,0
3/20/24 19:00,0,0
3/20/24 20:00,0,0
3/20/24 21:00,0,0
3/20/24 22:00,0,0
3/20/24 23:00,0,0
3/21/24 0:00,0,0
3/21/24 1:00,0,0
3/21/24 2:00,0,0
3/21/24 3:00,0,0
3/21/24 4:00,0,0
3/21/24 5:00,0.004130053,0
3/21/24 6:00,0.02496749,0.02429423
3/21/24 7:00,0.1254408,0.1224106
3/21/24 8:00,0.3794013,0.3910609
3/21/24 9:00,0.4694807,0.4824151
3/21/24 10:00,0.6502832,0.6944273
3/21/24 11:00,0.7392241,0.8016907
3/21/24 12:00,0.8856909,0.987395
3/21/24 13:00,0.8305452,0.9276895
3/21/24 14:00,0.3914201,0.3979684
3/21/24 15:00,0.3319253,0.3464398
3/21/24 16:00,0.1873848,0.195755
3/21/24 17:00,0.03182236,0.03249847
3/21/24 18:00,0,0
3/21/24 19:00,0,0
3/21/24 20:00,0,0
3/21/24 21:00,0,0
3/21/24 22:00,0,0
3/21/24 23:00,0,0
3/22/24 0:00,0,0
3/22/24 1:00,0,0
3/22/24 2:00,0,0
3/22/24 3:00,0,0
3/22/24 4:00,0,0
3/22/24 5:00,0.01109318,0
3/22/24 6:00,0.1630888,0.178472
3/22/24 7:00,0.3213766,0.3448595
3/22/24 8:00,0.5239008,0.5724362
3/22/24 9:00,0.3999978,0.400925
3/22/24 10:00,0.3757884,0.3705344
3/22/24 11:00,0.6245258,0.6533037
3/22/24 12:00,0.7210351,0.7790825
3/22/24 13:00,0.694309,0.7576017
3/22/24 14:00,0.6256759,0.6904294
3/22/24 15:00,0.4464729,0.4908513
3/22/24 16:00,0.1929378,0.2015051
3/22/24 17:00,0.0298803,0.02979551
3/22/24 18:00,0,0
3/22/24 19:00,0,0
3/22/24 20:00,0,0
3/22/24 21:00,0,0
3/22/24 22:00,0,0
3/22/24 23:00,0,0
3/23/24 0:00,0,0
3/23/24 1:00,0,0
3/23/24 2:00,0,0
3/23/24 3:00,0,0
3/23/24 4:00,0,0
3/23/24 5:00,0.01024207,0
3/23/24 6:00,0.09473244,0.09412432
3/23/24 7:00,0.347399,0.3756754
3/23/24 8:00,0.3955624,0.4083237
3/23/24 9:00,0.5549718,0.585485
3/23/24 10:00,0.7557622,0.8249384
3/23/24 11:00,0.8242545,0.9047793
3/23/24 12:00,0.8988262,0.9969862
3/23/24 13:00,0.8575281,0.9527298
3/23/24 14:00,0.7538614,0.8376718
3/23/24 15:00,0.5342107,0.5925015
3/23/24 16:00,0.241829,0.2615443
3/23/24 17:00,0.04158387,0.04227679
3/23/24 18:00,0,0
3/23/24 19:00,0,0
3/23/24 20:00,0,0
3/23/24 21:00,0,0
3/23/24 22:00,0,0
3/23/24 23:00,0,0
3/24/24 0:00,0,0
3/24/24 1:00,0,0
3/24/24 2:00,0,0
3/24/24 3:00,0,0
3/24/24 4:00,0,0
3/24/24 5:00,0.01121544,0
3/24/24 6:00,0.180469,0.1942783
3/24/24 7:00,0.4203202,0.4618133
3/24/24 8:00,0.5697129,0.6240553
3/24/24 9:00,0.7670307,0.8471524
3/24/24 10:00,0.9362568,1.037681
3/24/24 11:00,1.021984,1.133639
3/24/24 12:00,0.9390609,1.040515
3/24/24 13:00,0.8989357,0.9962622
3/24/24 14:00,0.7074559,0.7822347
3/24/24 15:00,0.5156945,0.5684835
3/24/24 16:00,0.1782371,0.1817048
3/24/24 17:00,0.03980029,0.03932547
3/24/24 18:00,0,0
3/24/24 19:00,0,0
3/24/24 20:00,0,0
3/24/24 21:00,0,0
3/24/24 22:00,0,0
3/24/24 23:00,0,0
3/25/24 0:00,0,0
3/25/24 1:00,0,0
3/25/24 2:00,0,0
3/25/24 3:00,0,0
3/25/24 4:00,0,0
3/25/24 5:00,0.01137509,0
3/25/24 6:00,0.1494153,0.1548547
3/25/24 7:00,0.3691864,0.3977211
3/25/24 8:00,0.4885308,0.520493
3/25/24 9:00,0.6904948,0.7519106
3/25/24 10:00,0.8984706,0.9918149
3/25/24 11:00,0.8692857,0.9545335
3/25/24 12:00,0.5787907,0.5958937
3/25/24 13:00,0.7979232,0.877516
3/25/24 14:00,0.648262,0.7099184
3/25/24 15:00,0.4895285,0.5351998
3/25/24 16:00,0.2316244,0.2447792
3/25/24 17:00,0.02940275,0.02855721
3/25/24 18:00,0,0
3/25/24 19:00,0,0
3/25/24 20:00,0,0
3/25/24 21:00,0,0
3/25/24 22:00,0,0
3/25/24 23:00,0,0
3/26/24 0:00,0,0
3/26/24 1:00,0,0
3/26/24 2:00,0,0
3/26/24 3:00,0,0
3/26/24 4:00,0,0
3/26/24 5:00,0.0121578,0
3/26/24 6:00,0.184277,0.1935474
3/26/24 7:00,0.335196,0.3536412
3/26/24 8:00,0.6408156,0.7020356
3/26/24 9:00,0.8386394,0.9227502
3/26/24 10:00,0.7039719,0.7526395
3/26/24 11:00,0.7258442,0.7740665
3/26/24 12:00,0.6367069,0.6654068
3/26/24 13:00,0.6465741,0.688662
3/26/24 14:00,0.6706204,0.7337178
3/26/24 15:00,0.5389268,0.5886552
3/26/24 16:00,0.2227484,0.2322932
3/26/24 17:00,0.04080884,0.03885496
3/26/24 18:00,0,0
3/26/24 19:00,0,0
3/26/24 20:00,0,0
3/26/24 21:00,0,0
3/26/24 22:00,0,0
3/26/24 23:00,0,0
3/27/24 0:00,0,0
3/27/24 1:00,0,0
3/27/24 2:00,0,0
3/27/24 3:00,0,0
3/27/24 4:00,0,0
3/27/24 5:00,0.00837783,0
3/27/24 6:00,0.1394256,0.1405976
3/27/24 7:00,0.3674887,0.3907197
3/27/24 8:00,0.598561,0.6501878
3/27/24 9:00,0.8617217,0.9453511
3/27/24 10:00,0.8274877,0.9025978
3/27/24 11:00,0.771634,0.8293136
3/27/24 12:00,0.5139799,0.518393
3/27/24 13:00,0.7379569,0.7999501
3/27/24 14:00,0.7160699,0.7830947
3/27/24 15:00,0.4395863,0.4703642
3/27/24 16:00,0.1931583,0.1962905
3/27/24 17:00,0.03400195,0.03247732
3/27/24 18:00,0,0
3/27/24 19:00,0,0
3/27/24 20:00,0,0
3/27/24 21:00,0,0
3/27/24 22:00,0,0
3/27/24 23:00,0,0
3/28/24 0:00,0,0
3/28/24 1:00,0,0
3/28/24 2:00,0,0
3/28/24 3:00,0,0
3/28/24 4:00,0,0
3/28/24 5:00,0.01519722,0
3/28/24 6:00,0.1321706,0.1317465
3/28/24 7:00,0.3600654,0.3795308
3/28/24 8:00,0.4178348,0.4289567
3/28/24 9:00,0.6885629,0.7418292
3/28/24 10:00,0.6145212,0.6381931
3/28/24 11:00,0.991217,1.08681
3/28/24 12:00,1.002762,1.099519
3/28/24 13:00,0.8959944,0.9805552
3/28/24 14:00,0.7049717,0.7676488
3/28/24 15:00,0.3829887,0.3997785
3/28/24 16:00,0.2489405,0.2594092
3/28/24 17:00,0.04698054,0.04244954
3/28/24 18:00,0,0
3/28/24 19:00,0,0
3/28/24 20:00,0,0
3/28/24 21:00,0,0
3/28/24 22:00,0,0
3/28/24 23:00,0,0
3/29/24 0:00,0,0
3/29/24 1:00,0,0
3/29/24 2:00,0,0
3/29/24 3:00,0,0
3/29/24 4:00,0,0
3/29/24 5:00,0.01012682,0
3/29/24 6:00,0.09249063,0.09035046
3/29/24 7:00,0.2760006,0.2791014
3/29/24 8:00,0.4005099,0.4075539
3/29/24 9:00,0.3881944,0.3850443
3/29/24 10:00,0.7441791,0.796127
3/29/24 11:00,0.7021236,0.7390266
3/29/24 12:00,0.8409901,0.9115798
3/29/24 13:00,0.8541312,0.9310172
3/29/24 14:00,0.5893956,0.6288896
3/29/24 15:00,0.4620826,0.492523
3/29/24 16:00,0.2569377,0.2664441
3/29/24 17:00,0.04782735,0.04235415
3/29/24 18:00,0,0
3/29/24 19:00,0,0
3/29/24 20:00,0,0
3/29/24 21:00,0,0
3/29/24 22:00,0,0
3/29/24 23:00,0,0
3/30/24 0:00,0,0
3/30/24 1:00,0,0
3/30/24 2:00,0,0
3/30/24 3:00,0,0
3/30/24 4:00,0,0
3/30/24 5:00,0.01788167,0
3/30/24 6:00,0.02195911,0.02133459
3/30/24 7:00,0.02705654,0.02628669
3/30/24 8:00,0.04879921,0.04742309
3/30/24 9:00,0.07288636,0.07084787
3/30/24 10:00,0.2422497,0.2360328
3/30/24 11:00,0.08527498,0.08289189
3/30/24 12:00,0.06186904,0.0601215
3/30/24 13:00,0.07935905,0.07714362
3/30/24 14:00,0.07736803,0.07521963
3/30/24 15:00,0.06274965,0.06100839
3/30/24 16:00,0.06013625,0.05848794
3/30/24 17:00,0.01198497,0.01160932
3/30/24 18:00,0,0
3/30/24 19:00,0,0
3/30/24 20:00,0,0
3/30/24 21:00,0,0
3/30/24 22:00,0,0
3/30/24 23:00,0,0
3/31/24 0:00,0,0
3/31/24 1:00,0,0
3/31/24 2:00,0,0
3/31/24 3:00,0,0
3/31/24 4:00,0,0
3/31/24 5:00,0.01924565,0
3/31/24 6:00,0.185488,0.1847968
3/31/24 7:00,0.4372575,0.4613853
3/31/24 8:00,0.6545888,0.7030555
3/31/24 9:00,0.8943694,0.9689518
3/31/24 10:00,0.9508342,1.032866
3/31/24 11:00,1.009912,1.098477
3/31/24 12:00,1.0035,1.091086
3/31/24 13:00,0.6600995,0.6961573
3/31/24 14:00,0.6310262,0.674099
3/31/24 15:00,0.5783808,0.6164544
3/31/24 16:00,0.3015943,0.3103262
3/31/24 17:00,0.04574274,0.04021407
3/31/24 18:00,0,0
3/31/24 19:00,0,0
3/31/24 20:00,0,0
3/31/24 21:00,0,0
3/31/24 22:00,0,0
3/31/24 23:00,0,0
4/1/24 0:00,0,0
4/1/24 1:00,0,0
4/1/24 2:00,0,0
4/1/24 3:00,0,0
4/1/24 4:00,0,0
4/1/24 5:00,0.01914082,0
4/1/24 6:00,0.1505681,0.1479021
4/1/24 7:00,0.2346396,0.2320352
4/1/24 8:00,0.4008033,0.4050906
4/1/24 9:00,0.6333731,0.6659054
4/1/24 10:00,0.6322964,0.6542208
4/1/24 11:00,0.2844877,0.2773011
4/1/24 12:00,0.5325547,0.5363817
4/1/24 13:00,0.3977986,0.3931091
4/1/24 14:00,0.2962086,0.2906713
4/1/24 15:00,0.3007001,0.300719
4/1/24 16:00,0.2278688,0.2290658
4/1/24 17:00,0.06059401,0.04638051
4/1/24 18:00,0,0
4/1/24 19:00,0,0
4/1/24 20:00,0,0
4/1/24 21:00,0,0
4/1/24 22:00,0,0
4/1/24 23:00,0,0
4/2/24 0:00,0,0
4/2/24 1:00,0,0
4/2/24 2:00,0,0
4/2/24 3:00,0,0
4/2/24 4:00,0,0
4/2/24 5:00,0.0139835,0
4/2/24 6:00,0.1586944,0.1552858
4/2/24 7:00,0.2183796,0.2147784
4/2/24 8:00,0.3028118,0.2982631
4/2/24 9:00,0.497525,0.5038985
4/2/24 10:00,0.6119763,0.628798
4/2/24 11:00,0.4518132,0.4468076
4/2/24 12:00,0.394612,0.3876972
4/2/24 13:00,0.3244179,0.317433
4/2/24 14:00,0.3498397,0.3462782
4/2/24 15:00,0.3628592,0.3694659
4/2/24 16:00,0.1763508,0.173791
4/2/24 17:00,0.03844335,0.03529634
4/2/24 18:00,0,0
4/2/24 19:00,0,0
4/2/24 20:00,0,0
4/2/24 21:00,0,0
4/2/24 22:00,0,0
4/2/24 23:00,0,0
4/3/24 0:00,0,0
4/3/24 1:00,0,0
4/3/24 2:00,0,0
4/3/24 3:00,0,0
4/3/24 4:00,0,0
4/3/24 5:00,0.02812655,0.004808113
4/3/24 6:00,0.104378,0.1015161
4/3/24 7:00,0.3064317,0.3082401
4/3/24 8:00,0.5671424,0.5956782
4/3/24 9:00,0.4137767,0.4106493
4/3/24 10:00,0.4870862,0.4858751
4/3/24 11:00,0.2562029,0.2495671
4/3/24 12:00,0.2130633,0.2074369
4/3/24 13:00,0.3566918,0.3500804
4/3/24 14:00,0.2381408,0.2322513
4/3/24 15:00,0.2924517,0.2907481
4/3/24 16:00,0.1639953,0.1607736
4/3/24 17:00,0.05692733,0.04392726
4/3/24 18:00,0,0
4/3/24 19:00,0,0
4/3/24 20:00,0,0
4/3/24 21:00,0,0
4/3/24 22:00,0,0
4/3/24 23:00,0,0
4/4/24 0:00,0,0
4/4/24 1:00,0,0
4/4/24 2:00,0,0
4/4/24 3:00,0,0
4/4/24 4:00,0,0
4/4/24 5:00,0.02142886,0.01307797
4/4/24 6:00,0.1401567,0.136091
4/4/24 7:00,0.2671617,0.2650186
4/4/24 8:00,0.4774633,0.4895813
4/4/24 9:00,0.4606174,0.4610677
4/4/24 10:00,0.5568488,0.5629829
4/4/24 11:00,0.8449543,0.8999162
4/4/24 12:00,0.8374804,0.8926014
4/4/24 13:00,0.8980101,0.9620204
4/4/24 14:00,0.5501072,0.5706683
4/4/24 15:00,0.4083815,0.4184411
4/4/24 16:00,0.1748247,0.1713067
4/4/24 17:00,0.0512783,0.04196198
4/4/24 18:00,0,0
4/4/24 19:00,0,0
4/4/24 20:00,0,0
4/4/24 21:00,0,0
4/4/24 22:00,0,0
4/4/24 23:00,0,0
4/5/24 0:00,0,0
4/5/24 1:00,0,0
4/5/24 2:00,0,0
4/5/24 3:00,0,0
4/5/24 4:00,0,0
4/5/24 5:00,0.02016504,0.01489097
4/5/24 6:00,0.1309657,0.1269762
4/5/24 7:00,0.2610327,0.2580488
4/5/24 8:00,0.6010917,0.6299621
4/5/24 9:00,0.6772541,0.7102081
4/5/24 10:00,0.9317538,0.9976576
4/5/24 11:00,0.8432038,0.8955583
4/5/24 12:00,0.5646505,0.5699707
4/5/24 13:00,0.483102,0.4836617
4/5/24 14:00,0.3215891,0.316106
4/5/24 15:00,0.2570879,0.252907
4/5/24 16:00,0.1690504,0.1651445
4/5/24 17:00,0.03183142,0.03015201
4/5/24 18:00,0,0
4/5/24 19:00,0,0
4/5/24 20:00,0,0
4/5/24 21:00,0,0
4/5/24 22:00,0,0
4/5/24 23:00,0,0
4/6/24 0:00,0,0
4/6/24 1:00,0,0
4/6/24 2:00,0,0
4/6/24 3:00,0,0
4/6/24 4:00,0,0
4/6/24 5:00,0.02447278,0.01487159
4/6/24 6:00,0.05143237,0.04994547
4/6/24 7:00,0.2278267,0.2234621
4/6/24 8:00,0.1896817,0.1846738
4/6/24 9:00,0.2335906,0.2274941
4/6/24 10:00,0.4445572,0.4392327
4/6/24 11:00,0.6996922,0.7237062
4/6/24 12:00,0.6054738,0.6156731
4/6/24 13:00,0.1924891,0.187351
4/6/24 14:00,0.3408338,0.3358074
4/6/24 15:00,0.2902762,0.2871161
4/6/24 16:00,0.1092865,0.1062481
4/6/24 17:00,0.02422641,0.02328922
4/6/24 18:00,0,0
4/6/24 19:00,0,0
4/6/24 20:00,0,0
4/6/24 21:00,0,0
4/6/24 22:00,0,0
4/6/24 23:00,0,0
4/7/24 0:00,0,0
4/7/24 1:00,0,0
4/7/24 2:00,0,0
4/7/24 3:00,0,0
4/7/24 4:00,0,0
4/7/24 5:00,0.03512796,0.007553921
4/7/24 6:00,0.172578,0.1652203
4/7/24 7:00,0.2528119,0.2487031
4/7/24 8:00,0.5356751,0.5515496
4/7/24 9:00,0.752984,0.7932514
4/7/24 10:00,0.8698121,0.9231742
4/7/24 11:00,0.8160583,0.8593814
4/7/24 12:00,0.9843671,1.049868
4/7/24 13:00,0.9012864,0.9570351
4/7/24 14:00,0.6192105,0.6447936
4/7/24 15:00,0.3622454,0.3634338
4/7/24 16:00,0.1985306,0.1931833
4/7/24 17:00,0.03461843,0.03248217
4/7/24 18:00,0,0
4/7/24 19:00,0,0
4/7/24 20:00,0,0
4/7/24 21:00,0,0
4/7/24 22:00,0,0
4/7/24 23:00,0,0
4/8/24 0:00,0,0
4/8/24 1:00,0,0
4/8/24 2:00,0,0
4/8/24 3:00,0,0
4/8/24 4:00,0,0
4/8/24 5:00,0.03622026,0.009069293
4/8/24 6:00,0.1018002,0.09870595
4/8/24 7:00,0.3104889,0.3081278
4/8/24 8:00,0.3597568,0.3559897
4/8/24 9:00,0.4343256,0.4306642
4/8/24 10:00,0.7784382,0.815876
4/8/24 11:00,0.8116446,0.8521811
4/8/24 12:00,0.9794838,1.041836
4/8/24 13:00,0.7897797,0.8318108
4/8/24 14:00,0.484373,0.490109
4/8/24 15:00,0.4511817,0.4587833
4/8/24 16:00,0.1880169,0.1824532
4/8/24 17:00,0.05492188,0.04293387
4/8/24 18:00,0,0
4/8/24 19:00,0,0
4/8/24 20:00,0,0
4/8/24 21:00,0,0
4/8/24 22:00,0,0
4/8/24 23:00,0,0
4/9/24 0:00,0,0
4/9/24 1:00,0,0
4/9/24 2:00,0,0
4/9/24 3:00,0,0
4/9/24 4:00,0,0
4/9/24 5:00,0.02728819,0.0186178
4/9/24 6:00,0.1027978,0.09962986
4/9/24 7:00,0.2437534,0.2388624
4/9/24 8:00,0.3985794,0.3967863
4/9/24 9:00,0.3413357,0.3341373
4/9/24 10:00,0.4071023,0.3997278
4/9/24 11:00,0.3510613,0.3427736
4/9/24 12:00,0.6242756,0.6343855
4/9/24 13:00,0.7281868,0.7595523
4/9/24 14:00,0.5847642,0.6020016
4/9/24 15:00,0.2076735,0.2025236
4/9/24 16:00,0.2162881,0.2087096
4/9/24 17:00,0.02826824,0.02704537
4/9/24 18:00,0,0
4/9/24 19:00,0,0
4/9/24 20:00,0,0
4/9/24 21:00,0,0
4/9/24 22:00,0,0
4/9/24 23:00,0,0
4/10/24 0:00,0,0
4/10/24 1:00,0,0
4/10/24 2:00,0,0
4/10/24 3:00,0,0
4/10/24 4:00,0,0
4/10/24 5:00,0.04313479,0.007611763
4/10/24 6:00,0.2475439,0.2281232
4/10/24 7:00,0.4671969,0.4695138
4/10/24 8:00,0.562023,0.5757828
4/10/24 9:00,0.7950154,0.8330158
4/10/24 10:00,0.9107804,0.9613568
4/10/24 11:00,0.8612131,0.9052235
4/10/24 12:00,0.7948847,0.8301733
4/10/24 13:00,0.6869521,0.7104257
4/10/24 14:00,0.5450441,0.555756
4/10/24 15:00,0.5679601,0.5766782
4/10/24 16:00,0.3631713,0.3442523
4/10/24 17:00,0.09317102,0.04625353
4/10/24 18:00,0,0
4/10/24 19:00,0,0
4/10/24 20:00,0,0
4/10/24 21:00,0,0
4/10/24 22:00,0,0
4/10/24 23:00,0,0
4/11/24 0:00,0,0
4/11/24 1:00,0,0
4/11/24 2:00,0,0
4/11/24 3:00,0,0
4/11/24 4:00,0,0
4/11/24 5:00,0.04734057,0.006476054
4/11/24 6:00,0.2129693,0.1977806
4/11/24 7:00,0.4131152,0.4118619
4/11/24 8:00,0.7661772,0.7919142
4/11/24 9:00,0.8157061,0.853204
4/11/24 10:00,0.7660467,0.7957698
4/11/24 11:00,0.8144389,0.849524
4/11/24 12:00,0.5762696,0.5788285
4/11/24 13:00,0.4866727,0.4845365
4/11/24 14:00,0.6186348,0.6361055
4/11/24 15:00,0.5458704,0.55154
4/11/24 16:00,0.3374116,0.3174109
4/11/24 17:00,0.09755696,0.04658925
4/11/24 18:00,0,0
4/11/24 19:00,0,0
4/11/24 20:00,0,0
4/11/24 21:00,0,0
4/11/24 22:00,0,0
4/11/24 23:00,0,0
4/12/24 0:00,0,0
4/12/24 1:00,0,0
4/12/24 2:00,0,0
4/12/24 3:00,0,0
4/12/24 4:00,0,0
4/12/24 5:00,0.0622389,0.003296486
4/12/24 6:00,0.2382706,0.2178024
4/12/24 7:00,0.4984047,0.4968165
4/12/24 8:00,0.3421036,0.3363062
4/12/24 9:00,0.4404923,0.4356813
4/12/24 10:00,0.112966,0.1098117
4/12/24 11:00,0.4679481,0.46126
4/12/24 12:00,0.7327228,0.7551289
4/12/24 13:00,0.7631947,0.7930647
4/12/24 14:00,0.3131433,0.3064699
4/12/24 15:00,0.2112852,0.2058818
4/12/24 16:00,0.1610999,0.1556228
4/12/24 17:00,0.04773207,0.04131606
4/12/24 18:00,0,0
4/12/24 19:00,0,0
4/12/24 20:00,0,0
4/12/24 21:00,0,0
4/12/24 22:00,0,0
4/12/24 23:00,0,0
4/13/24 0:00,0,0
4/13/24 1:00,0,0
4/13/24 2:00,0,0
4/13/24 3:00,0,0
4/13/24 4:00,0,0
4/13/24 5:00,0.04389387,0.01529457
4/13/24 6:00,0.2354608,0.2145208
4/13/24 7:00,0.4374901,0.4333684
4/13/24 8:00,0.697931,0.7159423
4/13/24 9:00,0.9272813,0.9664782
4/13/24 10:00,1.010228,1.060306
4/13/24 11:00,1.000616,1.052192
4/13/24 12:00,0.8831599,0.9236821
4/13/24 13:00,0.7458143,0.7716174
4/13/24 14:00,0.6271735,0.6415833
4/13/24 15:00,0.445715,0.4441156
4/13/24 16:00,0.2947,0.274178
4/13/24 17:00,0.08699199,0.04160662
4/13/24 18:00,0,0
4/13/24 19:00,0,0
4/13/24 20:00,0,0
4/13/24 21:00,0,0
4/13/24 22:00,0,0
4/13/24 23:00,0,0
4/14/24 0:00,0,0
4/14/24 1:00,0,0
4/14/24 2:00,0,0
4/14/24 3:00,0,0
4/14/24 4:00,0,0
4/14/24 5:00,0.03639125,0.02363195
4/14/24 6:00,0.207447,0.1914644
4/14/24 7:00,0.2904534,0.2841344
4/14/24 8:00,0.6485251,0.6616786
4/14/24 9:00,0.8381944,0.8701049
4/14/24 10:00,0.930783,0.9732006
4/14/24 11:00,0.7481121,0.7684055
4/14/24 12:00,0.680039,0.6924259
4/14/24 13:00,0.6342524,0.644856
4/14/24 14:00,0.6232851,0.6354497
4/14/24 15:00,0.5451145,0.5433335
4/14/24 16:00,0.2976883,0.2749413
4/14/24 17:00,0.06849968,0.04433053
4/14/24 18:00,0,0
4/14/24 19:00,0,0
4/14/24 20:00,0,0
4/14/24 21:00,0,0
4/14/24 22:00,0,0
4/14/24 23:00,0,0
4/15/24 0:00,0,0
4/15/24 1:00,0,0
4/15/24 2:00,0,0
4/15/24 3:00,0,0
4/15/24 4:00,0,0
4/15/24 5:00,0.05248847,0.01236783
4/15/24 6:00,0.2585045,0.2309618
4/15/24 7:00,0.5058008,0.4976674
4/15/24 8:00,0.6958861,0.7091038
4/15/24 9:00,0.6490378,0.6607302
4/15/24 10:00,0.8376621,0.8689063
4/15/24 11:00,0.8033679,0.8295872
4/15/24 12:00,0.8278823,0.8578677
4/15/24 13:00,0.6209375,0.6288361
4/15/24 14:00,0.6983796,0.7135742
4/15/24 15:00,0.4423319,0.4374344
4/15/24 16:00,0.2138996,0.2023245
4/15/24 17:00,0.05330072,0.04411094
4/15/24 18:00,0,0
4/15/24 19:00,0,0
4/15/24 20:00,0,0
4/15/24 21:00,0,0
4/15/24 22:00,0,0
4/15/24 23:00,0,0
4/16/24 0:00,0,0
4/16/24 1:00,0,0
4/16/24 2:00,0,0
4/16/24 3:00,0,0
4/16/24 4:00,0,0
4/16/24 5:00,0.05308988,0.01475064
4/16/24 6:00,0.225485,0.2045302
4/16/24 7:00,0.4059587,0.3973533
4/16/24 8:00,0.493022,0.4922891
4/16/24 9:00,0.7897646,0.8135601
4/16/24 10:00,0.6513743,0.6586085
4/16/24 11:00,0.808881,0.8340753
4/16/24 12:00,0.9706253,1.011348
4/16/24 13:00,0.8530473,0.8820723
4/16/24 14:00,0.7513536,0.7663087
4/16/24 15:00,0.4964967,0.4901482
4/16/24 16:00,0.1913819,0.1822344
4/16/24 17:00,0.06782229,0.04528749
4/16/24 18:00,0,0
4/16/24 19:00,0,0
4/16/24 20:00,0,0
4/16/24 21:00,0,0
4/16/24 22:00,0,0
4/16/24 23:00,0,0
4/17/24 0:00,0,0
4/17/24 1:00,0,0
4/17/24 2:00,0,0
4/17/24 3:00,0,0
4/17/24 4:00,0,0
4/17/24 5:00,0.03741711,0.02804229
4/17/24 6:00,0.1475304,0.1409047
4/17/24 7:00,0.3404613,0.3320014
4/17/24 8:00,0.63855,0.6450233
4/17/24 9:00,0.773381,0.7937812
4/17/24 10:00,0.7355285,0.7513123
4/17/24 11:00,1.040063,1.083595
4/17/24 12:00,0.6866329,0.6963818
4/17/24 13:00,0.6022307,0.6061119
4/17/24 14:00,0.3421952,0.3350216
4/17/24 15:00,0.2475153,0.2410945
4/17/24 16:00,0.174488,0.16694
4/17/24 17:00,0.06361259,0.04620687
4/17/24 18:00,0,0
4/17/24 19:00,0,0
4/17/24 20:00,0,0
4/17/24 21:00,0,0
4/17/24 22:00,0,0
4/17/24 23:00,0,0
4/18/24 0:00,0,0
4/18/24 1:00,0,0
4/18/24 2:00,0,0
4/18/24 3:00,0,0
4/18/24 4:00,0,0
4/18/24 5:00,0.03824694,0.02926022
4/18/24 6:00,0.0848547,0.08222955
4/18/24 7:00,0.08578365,0.08333206
4/18/24 8:00,0.1963048,0.1909174
4/18/24 9:00,0.2801344,0.2727724
4/18/24 10:00,0.1512791,0.1470804
4/18/24 11:00,0.132236,0.1285431
4/18/24 12:00,0.1974563,0.1920525
4/18/24 13:00,0.1330529,0.1293414
4/18/24 14:00,0.1745689,0.1697529
4/18/24 15:00,0.21607,0.2101753
4/18/24 16:00,0.1434243,0.138339
4/18/24 17:00,0.01726886,0.01663498
4/18/24 18:00,0,0
4/18/24 19:00,0,0
4/18/24 20:00,0,0
4/18/24 21:00,0,0
4/18/24 22:00,0,0
4/18/24 23:00,0,0
4/19/24 0:00,0,0
4/19/24 1:00,0,0
4/19/24 2:00,0,0
4/19/24 3:00,0,0
4/19/24 4:00,0,0
4/19/24 5:00,0.04126208,0.03034773
4/19/24 6:00,0.271888,0.2372192
4/19/24 7:00,0.5591081,0.5410854
4/19/24 8:00,0.7490715,0.7542
4/19/24 9:00,0.8816001,0.9037507
4/19/24 10:00,1.033412,1.068889
4/19/24 11:00,1.004809,1.041633
4/19/24 12:00,1.036958,1.073259
4/19/24 13:00,1.005875,1.033541
4/19/24 14:00,0.7979531,0.8062334
4/19/24 15:00,0.6091186,0.5940996
4/19/24 16:00,0.2917489,0.2616791
4/19/24 17:00,0.06897837,0.04671521
4/19/24 18:00,0,0
4/19/24 19:00,0,0
4/19/24 20:00,0,0
4/19/24 21:00,0,0
4/19/24 22:00,0,0
4/19/24 23:00,0,0
4/20/24 0:00,0,0
4/20/24 1:00,0,0
4/20/24 2:00,0,0
4/20/24 3:00,0,0
4/20/24 4:00,0,0
4/20/24 5:00,0.07900219,0.005405276
4/20/24 6:00,0.2361296,0.2104617
4/20/24 7:00,0.3126357,0.3034095
4/20/24 8:00,0.4464039,0.4403359
4/20/24 9:00,0.9549646,0.9768643
4/20/24 10:00,1.003629,1.035422
4/20/24 11:00,0.7711984,0.78571
4/20/24 12:00,0.8506066,0.8732253
4/20/24 13:00,0.8719605,0.89258
4/20/24 14:00,0.3543049,0.3466591
4/20/24 15:00,0.4870989,0.4733409
4/20/24 16:00,0.2842702,0.2544212
4/20/24 17:00,0.06827505,0.04743342
4/20/24 18:00,0,0
4/20/24 19:00,0,0
4/20/24 20:00,0,0
4/20/24 21:00,0,0
4/20/24 22:00,0,0
4/20/24 23:00,0,0
4/21/24 0:00,0,0
4/21/24 1:00,0,0
4/21/24 2:00,0,0
4/21/24 3:00,0,0
4/21/24 4:00,0,0
4/21/24 5:00,0.05665675,0.02630576
4/21/24 6:00,0.1070743,0.1035377
4/21/24 7:00,0.1541351,0.1497209
4/21/24 8:00,0.159206,0.1547612
4/21/24 9:00,0.5700095,0.5681435
4/21/24 10:00,0.8760383,0.8985797
4/21/24 11:00,0.7496691,0.7605806
4/21/24 12:00,0.5613872,0.5570389
4/21/24 13:00,0.6356224,0.6382059
4/21/24 14:00,0.5276267,0.5236604
4/21/24 15:00,0.3172069,0.3082516
4/21/24 16:00,0.2475918,0.2254647
4/21/24 17:00,0.07323024,0.0470874
4/21/24 18:00,0,0
4/21/24 19:00,0,0
4/21/24 20:00,0,0
4/21/24 21:00,0,0
4/21/24 22:00,0,0
4/21/24 23:00,0,0
4/22/24 0:00,0,0
4/22/24 1:00,0,0
4/22/24 2:00,0,0
4/22/24 3:00,0,0
4/22/24 4:00,0,0
4/22/24 5:00,0.06628685,0.02066482
4/22/24 6:00,0.1570635,0.1491402
4/22/24 7:00,0.3078758,0.2981095
4/22/24 8:00,0.7106504,0.7088334
4/22/24 9:00,0.8780496,0.8931705
4/22/24 10:00,0.967182,0.9928457
4/22/24 11:00,0.783414,0.7963293
4/22/24 12:00,0.9692945,0.9955503
4/22/24 13:00,0.8587628,0.8742938
4/22/24 14:00,0.7273223,0.7276278
4/22/24 15:00,0.4358167,0.4211592
4/22/24 16:00,0.2376198,0.2171976
4/22/24 17:00,0.09692553,0.03910614
4/22/24 18:00,0,0
4/22/24 19:00,0,0
4/22/24 20:00,0,0
4/22/24 21:00,0,0
4/22/24 22:00,0,0
4/22/24 23:00,0,0
4/23/24 0:00,0,0
4/23/24 1:00,0,0
4/23/24 2:00,0,0
4/23/24 3:00,0,0
4/23/24 4:00,0,0
4/23/24 5:00,0.06275541,0.02765227
4/23/24 6:00,0.3217808,0.2711217
4/23/24 7:00,0.5383101,0.5129818
4/23/24 8:00,0.7547126,0.7508237
4/23/24 9:00,0.8776328,0.8905123
4/23/24 10:00,1.015114,1.040094
4/23/24 11:00,1.024672,1.052887
4/23/24 12:00,0.9561298,0.9795232
4/23/24 13:00,0.8329675,0.8452774
4/23/24 14:00,0.8036834,0.8019787
4/23/24 15:00,0.6237046,0.5981847
4/23/24 16:00,0.3948424,0.3396414
4/23/24 17:00,0.1220465,0.0401322
4/23/24 18:00,0,0
4/23/24 19:00,0,0
4/23/24 20:00,0,0
4/23/24 21:00,0,0
4/23/24 22:00,0,0
4/23/24 23:00,0,0
4/24/24 0:00,0,0
4/24/24 1:00,0,0
4/24/24 2:00,0,0
4/24/24 3:00,0,0
4/24/24 4:00,0,0
4/24/24 5:00,0.05241952,0.03647215
4/24/24 6:00,0.2635216,0.2275401
4/24/24 7:00,0.4096638,0.392061
4/24/24 8:00,0.694709,0.6887984
4/24/24 9:00,0.8911529,0.9021286
4/24/24 10:00,0.8781565,0.89494
4/24/24 11:00,0.9932214,1.017902
4/24/24 12:00,1.034964,1.058725
4/24/24 13:00,0.9286388,0.9414954
4/24/24 14:00,0.7477266,0.7437325
4/24/24 15:00,0.5464942,0.5223256
4/24/24 16:00,0.3016893,0.2621571
4/24/24 17:00,0.08918,0.04324111
4/24/24 18:00,0,0
4/24/24 19:00,0,0
4/24/24 20:00,0,0
4/24/24 21:00,0,0
4/24/24 22:00,0,0
4/24/24 23:00,0,0
4/25/24 0:00,0,0
4/25/24 1:00,0,0
4/25/24 2:00,0,0
4/25/24 3:00,0,0
4/25/24 4:00,0,0
4/25/24 5:00,0.08402406,0.01626762
4/25/24 6:00,0.2648619,0.2279157
4/25/24 7:00,0.4468794,0.4250429
4/25/24 8:00,0.3782739,0.3695011
4/25/24 9:00,0.3391738,0.3306001
4/25/24 10:00,0.4752882,0.4664795
4/25/24 11:00,0.6720713,0.6719965
4/25/24 12:00,0.788316,0.7973493
4/25/24 13:00,0.528192,0.5215927
4/25/24 14:00,0.5705916,0.5632666
4/25/24 15:00,0.3386447,0.3270282
4/25/24 16:00,0.1374833,0.1324418
4/25/24 17:00,0.0296061,0.02833223
4/25/24 18:00,1.34206E-07,0
4/25/24 19:00,0,0
4/25/24 20:00,0,0
4/25/24 21:00,0,0
4/25/24 22:00,0,0
4/25/24 23:00,0,0
4/26/24 0:00,0,0
4/26/24 1:00,0,0
4/26/24 2:00,0,0
4/26/24 3:00,0,0
4/26/24 4:00,0,0
4/26/24 5:00,0.06063161,0.03758539
4/26/24 6:00,0.2487072,0.2168961
4/26/24 7:00,0.4492716,0.4260316
4/26/24 8:00,0.5589777,0.5496005
4/26/24 9:00,0.7923535,0.7965137
4/26/24 10:00,1.045791,1.064516
4/26/24 11:00,1.055923,1.078115
4/26/24 12:00,1.013638,1.032164
4/26/24 13:00,0.8942295,0.9019454
4/26/24 14:00,0.7571287,0.7487035
4/26/24 15:00,0.6003373,0.5689725
4/26/24 16:00,0.2760972,0.2417103
4/26/24 17:00,0.08964694,0.04480004
4/26/24 18:00,1.12427E-05,0
4/26/24 19:00,0,0
4/26/24 20:00,0,0
4/26/24 21:00,0,0
4/26/24 22:00,0,0
4/26/24 23:00,0,0
4/27/24 0:00,0,0
4/27/24 1:00,0,0
4/27/24 2:00,0,0
4/27/24 3:00,0,0
4/27/24 4:00,0,0
4/27/24 5:00,0.04771779,0.04010736
4/27/24 6:00,0.1316565,0.1265463
4/27/24 7:00,0.1595163,0.1548585
4/27/24 8:00,0.2553425,0.2483025
4/27/24 9:00,0.5151358,0.5072372
4/27/24 10:00,0.4565289,0.4470904
4/27/24 11:00,0.3789296,0.3694317
4/27/24 12:00,0.5407016,0.5329354
4/27/24 13:00,0.484242,0.4756707
4/27/24 14:00,0.3848805,0.3756585
4/27/24 15:00,0.4399191,0.4189305
4/27/24 16:00,0.2708144,0.2372284
4/27/24 17:00,0.1019163,0.03990204
4/27/24 18:00,4.10658E-05,0
4/27/24 19:00,0,0
4/27/24 20:00,0,0
4/27/24 21:00,0,0
4/27/24 22:00,0,0
4/27/24 23:00,0,0
4/28/24 0:00,0,0
4/28/24 1:00,0,0
4/28/24 2:00,0,0
4/28/24 3:00,0,0
4/28/24 4:00,0,0
4/28/24 5:00,0.04389574,0.03907558
4/28/24 6:00,0.2325193,0.2059124
4/28/24 7:00,0.2171507,0.2105487
4/28/24 8:00,0.1635167,0.1588914
4/28/24 9:00,0.6188862,0.613552
4/28/24 10:00,0.8236452,0.8302733
4/28/24 11:00,0.9030075,0.9152312
4/28/24 12:00,1.035651,1.050075
4/28/24 13:00,0.8987115,0.9021555
4/28/24 14:00,0.7769026,0.7638875
4/28/24 15:00,0.6113291,0.5749066
4/28/24 16:00,0.3068537,0.260718
4/28/24 17:00,0.08375158,0.04953872
4/28/24 18:00,5.81797E-05,0
4/28/24 19:00,0,0
4/28/24 20:00,0,0
4/28/24 21:00,0,0
4/28/24 22:00,0,0
4/28/24 23:00,0,0
4/29/24 0:00,0,0
4/29/24 1:00,0,0
4/29/24 2:00,0,0
4/29/24 3:00,0,0
4/29/24 4:00,0,0
4/29/24 5:00,0.006076772,0.005879679
4/29/24 6:00,0.1343041,0.1289821
4/29/24 7:00,0.2279919,0.2209
4/29/24 8:00,0.6908597,0.6757987
4/29/24 9:00,0.5551794,0.5472191
4/29/24 10:00,0.6990321,0.6973354
4/29/24 11:00,0.8021289,0.8068818
4/29/24 12:00,0.7082871,0.7071247
4/29/24 13:00,0.5500322,0.5420016
4/29/24 14:00,0.5468761,0.5351797
4/29/24 15:00,0.2413643,0.2338784
4/29/24 16:00,0.2228634,0.2030909
4/29/24 17:00,0.05958994,0.05105226
4/29/24 18:00,1.68256E-05,0
4/29/24 19:00,0,0
4/29/24 20:00,0,0
4/29/24 21:00,0,0
4/29/24 22:00,0,0
4/29/24 23:00,0,0
4/30/24 0:00,0,0
4/30/24 1:00,0,0
4/30/24 2:00,0,0
4/30/24 3:00,0,0
4/30/24 4:00,0,0
4/30/24 5:00,0.1141307,0.01872751
4/30/24 6:00,0.3503288,0.2841693
4/30/24 7:00,0.4881402,0.4557968
4/30/24 8:00,0.6858584,0.6692023
4/30/24 9:00,0.8342223,0.8320768
4/30/24 10:00,1.00044,1.0095
4/30/24 11:00,1.167867,1.183028
4/30/24 12:00,1.009186,1.018796
4/30/24 13:00,0.9537635,0.9531367
4/30/24 14:00,0.8322548,0.8137544
4/30/24 15:00,0.5607671,0.5238496
4/30/24 16:00,0.3878836,0.3193639
4/30/24 17:00,0.1067787,0.04014262
4/30/24 18:00,0.000214445,0
4/30/24 19:00,0,0
4/30/24 20:00,0,0
4/30/24 21:00,0,0
4/30/24 22:00,0,0
4/30/24 23:00,0,0
5/1/24 0:00,0,0
5/1/24 1:00,0,0
5/1/24 2:00,0,0
5/1/24 3:00,0,0
5/1/24 4:00,0,0
5/1/24 5:00,0.09268251,0.02845326
5/1/24 6:00,0.3545756,0.2861727
5/1/24 7:00,0.6012052,0.5565554
5/1/24 8:00,0.7477251,0.7276385
5/1/24 9:00,0.7757998,0.7711229
5/1/24 10:00,0.9277483,0.9333691
5/1/24 11:00,0.9858684,0.9956506
5/1/24 12:00,1.04951,1.057443
5/1/24 13:00,0.8983189,0.8955018
5/1/24 14:00,0.6774837,0.6606767
5/1/24 15:00,0.5418714,0.5048658
5/1/24 16:00,0.3262288,0.2704125
5/1/24 17:00,0.1306629,0.0369128
5/1/24 18:00,0.000375714,0
5/1/24 19:00,0,0
5/1/24 20:00,0,0
5/1/24 21:00,0,0
5/1/24 22:00,0,0
5/1/24 23:00,0,0
5/2/24 0:00,0,0
5/2/24 1:00,0,0
5/2/24 2:00,0,0
5/2/24 3:00,0,0
5/2/24 4:00,2.0489E-06,0
5/2/24 5:00,0.04252178,0.03943038
5/2/24 6:00,0.1285383,0.1236988
5/2/24 7:00,0.1903242,0.1845948
5/2/24 8:00,0.4652911,0.4526189
5/2/24 9:00,0.6757904,0.668048
5/2/24 10:00,0.9562615,0.9606025
5/2/24 11:00,0.6361015,0.6292585
5/2/24 12:00,0.7949222,0.794552
5/2/24 13:00,0.7294232,0.7229836
5/2/24 14:00,0.7000579,0.6809256
5/2/24 15:00,0.460398,0.4313999
5/2/24 16:00,0.2633831,0.2289836
5/2/24 17:00,0.1157662,0.03815281
5/2/24 18:00,0.000436589,0
5/2/24 19:00,0,0
5/2/24 20:00,0,0
5/2/24 21:00,0,0
5/2/24 22:00,0,0
5/2/24 23:00,0,0
5/3/24 0:00,0,0
5/3/24 1:00,0,0
5/3/24 2:00,0,0
5/3/24 3:00,0,0
5/3/24 4:00,3.63257E-05,0
5/3/24 5:00,0.09646616,0.03135953
5/3/24 6:00,0.1576943,0.149794
5/3/24 7:00,0.3897705,0.3677098
5/3/24 8:00,0.344553,0.3349666
5/3/24 9:00,0.3132993,0.3047997
5/3/24 10:00,0.3457077,0.3365156
5/3/24 11:00,0.1872009,0.1819605
5/3/24 12:00,0.4801839,0.4698479
5/3/24 13:00,0.4806817,0.470284
5/3/24 14:00,0.5864351,0.5696545
5/3/24 15:00,0.3788761,0.3595682
5/3/24 16:00,0.2662705,0.230239
5/3/24 17:00,0.08906791,0.05257355
5/3/24 18:00,0.000334626,0
5/3/24 19:00,0,0
5/3/24 20:00,0,0
5/3/24 21:00,0,0
5/3/24 22:00,0,0
5/3/24 23:00,0,0
5/4/24 0:00,0,0
5/4/24 1:00,0,0
5/4/24 2:00,0,0
5/4/24 3:00,0,0
5/4/24 4:00,7.58579E-05,0
5/4/24 5:00,0.06472178,0.04996242
5/4/24 6:00,0.2333749,0.2058849
5/4/24 7:00,0.2286486,0.2212849
5/4/24 8:00,0.2480224,0.2409802
5/4/24 9:00,0.3918262,0.3818778
5/4/24 10:00,0.6618574,0.6544462
5/4/24 11:00,0.7309922,0.726499
5/4/24 12:00,0.4812258,0.4707158
5/4/24 13:00,0.2321114,0.2256193
5/4/24 14:00,0.1826004,0.1773937
5/4/24 15:00,0.1618106,0.1570153
5/4/24 16:00,0.2064756,0.1900579
5/4/24 17:00,0.02031302,0.01955326
5/4/24 18:00,0.000277981,0
5/4/24 19:00,0,0
5/4/24 20:00,0,0
5/4/24 21:00,0,0
5/4/24 22:00,0,0
5/4/24 23:00,0,0
5/5/24 0:00,0,0
5/5/24 1:00,0,0
5/5/24 2:00,0,0
5/5/24 3:00,0,0
5/5/24 4:00,0.000180738,0
5/5/24 5:00,0.07928385,0.04817137
5/5/24 6:00,0.2756437,0.2306859
5/5/24 7:00,0.3516554,0.3337382
5/5/24 8:00,0.5234383,0.5067899
5/5/24 9:00,0.39011,0.3800884
5/5/24 10:00,0.2556191,0.2485219
5/5/24 11:00,0.5747318,0.5648484
5/5/24 12:00,0.2102716,0.2043902
5/5/24 13:00,0.5517691,0.5406984
5/5/24 14:00,0.4990958,0.4840277
5/5/24 15:00,0.3485292,0.3318926
5/5/24 16:00,0.2613997,0.2262994
5/5/24 17:00,0.09315149,0.05298032
5/5/24 18:00,0.000702776,0
5/5/24 19:00,0,0
5/5/24 20:00,0,0
5/5/24 21:00,0,0
5/5/24 22:00,0,0
5/5/24 23:00,0,0
5/6/24 0:00,0,0
5/6/24 1:00,0,0
5/6/24 2:00,0,0
5/6/24 3:00,0,0
5/6/24 4:00,0.000265335,0
5/6/24 5:00,0.09601432,0.03956493
5/6/24 6:00,0.166293,0.1571304
5/6/24 7:00,0.2330811,0.2254066
5/6/24 8:00,0.3185982,0.3094752
5/6/24 9:00,0.5091095,0.4976579
5/6/24 10:00,0.4127323,0.4023525
5/6/24 11:00,0.490271,0.479391
5/6/24 12:00,0.6978843,0.6899888
5/6/24 13:00,0.374622,0.36478
5/6/24 14:00,0.5066754,0.4906634
5/6/24 15:00,0.4595436,0.4263895
5/6/24 16:00,0.2637235,0.2272733
5/6/24 17:00,0.07647333,0.05819843
5/6/24 18:00,0.000314368,0
5/6/24 19:00,0,0
5/6/24 20:00,0,0
5/6/24 21:00,0,0
5/6/24 22:00,0,0
5/6/24 23:00,0,0
5/7/24 0:00,0,0
5/7/24 1:00,0,0
5/7/24 2:00,0,0
5/7/24 3:00,0,0
5/7/24 4:00,0.000304982,0
5/7/24 5:00,0.09226199,0.04463446
5/7/24 6:00,0.06135296,0.05943717
5/7/24 7:00,0.385933,0.3623571
5/7/24 8:00,0.6250417,0.6009867
5/7/24 9:00,0.6503549,0.6376733
5/7/24 10:00,0.4720719,0.4610883
5/7/24 11:00,0.4860367,0.4750049
5/7/24 12:00,0.4413397,0.4305681
5/7/24 13:00,0.5319908,0.5201096
5/7/24 14:00,0.4178235,0.4052459
5/7/24 15:00,0.5138101,0.471128
5/7/24 16:00,0.352186,0.2809398
5/7/24 17:00,0.1257861,0.03845396
5/7/24 18:00,0.001053505,0
5/7/24 19:00,0,0
5/7/24 20:00,0,0
5/7/24 21:00,0,0
5/7/24 22:00,0,0
5/7/24 23:00,0,0
5/8/24 0:00,0,0
5/8/24 1:00,0,0
5/8/24 2:00,0,0
5/8/24 3:00,0,0
5/8/24 4:00,0.000434994,0
5/8/24 5:00,0.03246539,0.0309992
5/8/24 6:00,0.1022313,0.09883874
5/8/24 7:00,0.1453657,0.1410236
5/8/24 8:00,0.08955063,0.08696893
5/8/24 9:00,0.04978056,0.04834488
5/8/24 10:00,0.00918933,0.008921742
5/8/24 11:00,0.04572489,0.04440632
5/8/24 12:00,0.04574675,0.04442738
5/8/24 13:00,0.2806605,0.27282
5/8/24 14:00,0.1276954,0.1240228
5/8/24 15:00,0.1861356,0.1804856
5/8/24 16:00,0.09425808,0.09119593
5/8/24 17:00,0.06942917,0.05816624
5/8/24 18:00,0.000886643,0
5/8/24 19:00,0,0
5/8/24 20:00,0,0
5/8/24 21:00,0,0
5/8/24 22:00,0,0
5/8/24 23:00,0,0
5/9/24 0:00,0,0
5/9/24 1:00,0,0
5/9/24 2:00,0,0
5/9/24 3:00,0,0
5/9/24 4:00,0.000421957,0
5/9/24 5:00,0.06040364,0.05254269
5/9/24 6:00,0.1888437,0.1751934
5/9/24 7:00,0.4769291,0.4361771
5/9/24 8:00,0.6903286,0.6596357
5/9/24 9:00,0.6754901,0.6608058
5/9/24 10:00,0.6904857,0.6800538
5/9/24 11:00,1.051715,1.046913
5/9/24 12:00,1.011446,1.003288
5/9/24 13:00,0.9376128,0.9189664
5/9/24 14:00,0.8415285,0.8039948
5/9/24 15:00,0.6381303,0.5776926
5/9/24 16:00,0.3406719,0.2709845
5/9/24 17:00,0.1209825,0.0423455
5/9/24 18:00,0.001284218,0
5/9/24 19:00,0,0
5/9/24 20:00,0,0
5/9/24 21:00,0,0
5/9/24 22:00,0,0
5/9/24 23:00,0,0
5/10/24 0:00,0,0
5/10/24 1:00,0,0
5/10/24 2:00,0,0
5/10/24 3:00,0,0
5/10/24 4:00,0.00057849,0
5/10/24 5:00,0.09582674,0.04840555
5/10/24 6:00,0.2137923,0.1930532
5/10/24 7:00,0.4296249,0.3968028
5/10/24 8:00,0.7646127,0.7280427
5/10/24 9:00,0.8763213,0.8566347
5/10/24 10:00,0.9106653,0.9008708
5/10/24 11:00,0.7992545,0.790835
5/10/24 12:00,0.9530663,0.9434355
5/10/24 13:00,0.8333619,0.8151184
5/10/24 14:00,0.6757925,0.6456107
5/10/24 15:00,0.456247,0.4199546
5/10/24 16:00,0.2161474,0.1962939
5/10/24 17:00,0.07785573,0.06098475
5/10/24 18:00,0.000937769,0
5/10/24 19:00,0,0
5/10/24 20:00,0,0
5/10/24 21:00,0,0
5/10/24 22:00,0,0
5/10/24 23:00,0,0
5/11/24 0:00,0,0
5/11/24 1:00,0,0
5/11/24 2:00,0,0
5/11/24 3:00,0,0
5/11/24 4:00,0.001113587,0
5/11/24 5:00,0.1129773,0.0382398
5/11/24 6:00,0.3027008,0.243449
5/11/24 7:00,0.5430683,0.4890331
5/11/24 8:00,0.7728584,0.7342229
5/11/24 9:00,1.009694,0.985132
5/11/24 10:00,1.065853,1.053309
5/11/24 11:00,0.9187863,0.9104844
5/11/24 12:00,1.0455,1.033448
5/11/24 13:00,0.9148037,0.893136
5/11/24 14:00,0.7064031,0.6727864
5/11/24 15:00,0.5349948,0.4839218
5/11/24 16:00,0.3128953,0.2526312
5/11/24 17:00,0.09366959,0.059684
5/11/24 18:00,0.001912655,0
5/11/24 19:00,0,0
5/11/24 20:00,0,0
5/11/24 21:00,0,0
5/11/24 22:00,0,0
5/11/24 23:00,0,0
5/12/24 0:00,0,0
5/12/24 1:00,0,0
5/12/24 2:00,0,0
5/12/24 3:00,0,0
5/12/24 4:00,0.00070458,0
5/12/24 5:00,0.01043782,0.0100906
5/12/24 6:00,0.1378108,0.1322562
5/12/24 7:00,0.1496302,0.1451216
5/12/24 8:00,0.249133,0.2418962
5/12/24 9:00,0.420156,0.4088344
5/12/24 10:00,0.3660268,0.3561148
5/12/24 11:00,0.5587963,0.5466892
5/12/24 12:00,0.3180718,0.3092607
5/12/24 13:00,0.1697875,0.1649519
5/12/24 14:00,0.05528633,0.05368592
5/12/24 15:00,0.07142961,0.06932954
5/12/24 16:00,0.1914357,0.1781404
5/12/24 17:00,0.05614847,0.05200484
5/12/24 18:00,0.000440109,0
5/12/24 19:00,0,0
5/12/24 20:00,0,0
5/12/24 21:00,0,0
5/12/24 22:00,0,0
5/12/24 23:00,0,0
5/13/24 0:00,0,0
5/13/24 1:00,0,0
5/13/24 2:00,0,0
5/13/24 3:00,0,0
5/13/24 4:00,0.002084409,0
5/13/24 5:00,0.1120631,0.0425237
5/13/24 6:00,0.2714217,0.2264145
5/13/24 7:00,0.3438048,0.3246581
5/13/24 8:00,0.4924523,0.4731535
5/13/24 9:00,0.8054478,0.7832193
5/13/24 10:00,0.8241745,0.8105562
5/13/24 11:00,1.045599,1.033831
5/13/24 12:00,0.8837286,0.8699505
5/13/24 13:00,0.5587463,0.5440195
5/13/24 14:00,0.579313,0.5534247
5/13/24 15:00,0.358805,0.3380957
5/13/24 16:00,0.1759606,0.1657943
5/13/24 17:00,0.04384764,0.04175014
5/13/24 18:00,0.001039394,0
5/13/24 19:00,0,0
5/13/24 20:00,0,0
5/13/24 21:00,0,0
5/13/24 22:00,0,0
5/13/24 23:00,0,0
5/14/24 0:00,0,0
5/14/24 1:00,0,0
5/14/24 2:00,0,0
5/14/24 3:00,0,0
5/14/24 4:00,0.001399993,0
5/14/24 5:00,0.06865069,0.05809518
5/14/24 6:00,0.2476002,0.2135397
5/14/24 7:00,0.5272068,0.4722062
5/14/24 8:00,0.5907552,0.56233
5/14/24 9:00,0.7921455,0.7690806
5/14/24 10:00,1.08636,1.068166
5/14/24 11:00,0.7356007,0.7229937
5/14/24 12:00,0.7421604,0.7280791
5/14/24 13:00,0.8453669,0.8209869
5/14/24 14:00,0.7728966,0.7305266
5/14/24 15:00,0.5005111,0.4521621
5/14/24 16:00,0.2326465,0.2068375
5/14/24 17:00,0.07348436,0.06214927
5/14/24 18:00,0.0016985,0
5/14/24 19:00,0,0
5/14/24 20:00,0,0
5/14/24 21:00,0,0
5/14/24 22:00,0,0
5/14/24 23:00,0,0
5/15/24 0:00,0,0
5/15/24 1:00,0,0
5/15/24 2:00,0,0
5/15/24 3:00,0,0
5/15/24 4:00,0.001470461,0
5/15/24 5:00,0.02269598,0.02182411
5/15/24 6:00,0.0383013,0.03713438
5/15/24 7:00,0.1459874,0.141572
5/15/24 8:00,0.2140394,0.2078108
5/15/24 9:00,0.2926805,0.284396
5/15/24 10:00,0.2889734,0.280866
5/15/24 11:00,0.2539274,0.2467907
5/15/24 12:00,0.1707963,0.1659438
5/15/24 13:00,0.1016821,0.09876151
5/15/24 14:00,0.08297373,0.08057094
5/15/24 15:00,0.1042214,0.101121
5/15/24 16:00,0.09301838,0.08996496
5/15/24 17:00,0.02222325,0.02139745
5/15/24 18:00,0.000513824,0
5/15/24 19:00,0,0
5/15/24 20:00,0,0
5/15/24 21:00,0,0
5/15/24 22:00,0,0
5/15/24 23:00,0,0
5/16/24 0:00,0,0
5/16/24 1:00,0,0
5/16/24 2:00,0,0
5/16/24 3:00,0,0
5/16/24 4:00,0.002902779,0
5/16/24 5:00,0.1404041,0.03190526
5/16/24 6:00,0.274893,0.2275348
5/16/24 7:00,0.338879,0.3197955
5/16/24 8:00,0.1785492,0.1733574
5/16/24 9:00,0.165502,0.1607676
5/16/24 10:00,0.2574854,0.2502251
5/16/24 11:00,0.20017,0.1945049
5/16/24 12:00,0.3263334,0.317243
5/16/24 13:00,0.423329,0.4115212
5/16/24 14:00,0.2475486,0.2403057
5/16/24 15:00,0.3286473,0.3116761
5/16/24 16:00,0.2861195,0.2363123
5/16/24 17:00,0.04395967,0.0419105
5/16/24 18:00,0.000910742,0
5/16/24 19:00,0,0
5/16/24 20:00,0,0
5/16/24 21:00,0,0
5/16/24 22:00,0,0
5/16/24 23:00,0,0
5/17/24 0:00,0,0
5/17/24 1:00,0,0
5/17/24 2:00,0,0
5/17/24 3:00,0,0
5/17/24 4:00,0.000711023,0
5/17/24 5:00,0.02460712,0.02364637
5/17/24 6:00,0.0939758,0.09085456
5/17/24 7:00,0.2275431,0.2197881
5/17/24 8:00,0.2237621,0.2172215
5/17/24 9:00,0.6147941,0.596102
5/17/24 10:00,0.2291133,0.2226288
5/17/24 11:00,0.3625804,0.3526127
5/17/24 12:00,0.5003864,0.4875797
5/17/24 13:00,0.8152252,0.7880717
5/17/24 14:00,0.5794557,0.5505126
5/17/24 15:00,0.2975272,0.284263
5/17/24 16:00,0.1148503,0.1109038
5/17/24 17:00,0.02962657,0.02844205
5/17/24 18:00,0.000779648,0
5/17/24 19:00,0,0
5/17/24 20:00,0,0
5/17/24 21:00,0,0
5/17/24 22:00,0,0
5/17/24 23:00,0,0
5/18/24 0:00,0,0
5/18/24 1:00,0,0
5/18/24 2:00,0,0
5/18/24 3:00,0,0
5/18/24 4:00,0.002347244,0
5/18/24 5:00,0.04956199,0.04676482
5/18/24 6:00,0.1763538,0.165479
5/18/24 7:00,0.3751909,0.3492175
5/18/24 8:00,0.5760673,0.5460241
5/18/24 9:00,0.5170383,0.5018346
5/18/24 10:00,0.5280093,0.5145108
5/18/24 11:00,0.5406905,0.5273923
5/18/24 12:00,0.3668495,0.3567219
5/18/24 13:00,0.3631281,0.3528509
5/18/24 14:00,0.547442,0.5211458
5/18/24 15:00,0.3177248,0.30192
5/18/24 16:00,0.1556684,0.1485254
5/18/24 17:00,0.02577673,0.02479045
5/18/24 18:00,0.000911548,0
5/18/24 19:00,0,0
5/18/24 20:00,0,0
5/18/24 21:00,0,0
5/18/24 22:00,0,0
5/18/24 23:00,0,0
5/19/24 0:00,0,0
5/19/24 1:00,0,0
5/19/24 2:00,0,0
5/19/24 3:00,0,0
5/19/24 4:00,0.003222826,0
5/19/24 5:00,0.1163684,0.04828255
5/19/24 6:00,0.2081057,0.1890509
5/19/24 7:00,0.2939561,0.2804978
5/19/24 8:00,0.6120422,0.5772201
5/19/24 9:00,0.6930063,0.6692836
5/19/24 10:00,1.035146,1.009951
5/19/24 11:00,0.8272857,0.8099782
5/19/24 12:00,0.5665233,0.5521092
5/19/24 13:00,0.5944166,0.5758706
5/19/24 14:00,0.3345453,0.3240095
5/19/24 15:00,0.2924992,0.2796015
5/19/24 16:00,0.2735929,0.2294623
5/19/24 17:00,0.09351757,0.06767429
5/19/24 18:00,0.001900519,0
5/19/24 19:00,0,0
5/19/24 20:00,0,0
5/19/24 21:00,0,0
5/19/24 22:00,0,0
5/19/24 23:00,0,0
5/20/24 0:00,0,0
5/20/24 1:00,0,0
5/20/24 2:00,0,0
5/20/24 3:00,0,0
5/20/24 4:00,0.002841124,0
5/20/24 5:00,0.04294077,0.04090159
5/20/24 6:00,0.1478515,0.1413024
5/20/24 7:00,0.2630633,0.2526466
5/20/24 8:00,0.3138939,0.3041377
5/20/24 9:00,0.2071152,0.2011788
5/20/24 10:00,0.5012912,0.4879988
5/20/24 11:00,0.64286,0.627574
5/20/24 12:00,0.5715862,0.5568108
5/20/24 13:00,0.6769577,0.6537658
5/20/24 14:00,0.3861933,0.3728516
5/20/24 15:00,0.1437269,0.1393636
5/20/24 16:00,0.2065778,0.1893712
5/20/24 17:00,0.07623184,0.06561431
5/20/24 18:00,0.002750524,0
5/20/24 19:00,0,0
5/20/24 20:00,0,0
5/20/24 21:00,0,0
5/20/24 22:00,0,0
5/20/24 23:00,0,0
5/21/24 0:00,0,0
5/21/24 1:00,0,0
5/21/24 2:00,0,0
5/21/24 3:00,0,0
5/21/24 4:00,0.002536819,0
5/21/24 5:00,0.08454413,0.06438015
5/21/24 6:00,0.2382745,0.2076553
5/21/24 7:00,0.451055,0.4066188
5/21/24 8:00,0.5160762,0.4909432
5/21/24 9:00,0.8774793,0.8419307
5/21/24 10:00,0.7910715,0.7701218
5/21/24 11:00,0.8215854,0.8026013
5/21/24 12:00,0.7076656,0.6892421
5/21/24 13:00,0.6292686,0.6080523
5/21/24 14:00,0.6653938,0.6238464
5/21/24 15:00,0.6032845,0.5298546
5/21/24 16:00,0.3718393,0.2810041
5/21/24 17:00,0.08874615,0.06927366
5/21/24 18:00,0.005360447,0
5/21/24 19:00,0,0
5/21/24 20:00,0,0
5/21/24 21:00,0,0
5/21/24 22:00,0,0
5/21/24 23:00,0,0
5/22/24 0:00,0,0
5/22/24 1:00,0,0
5/22/24 2:00,0,0
5/22/24 3:00,0,0
5/22/24 4:00,0.00443518,0
5/22/24 5:00,0.09771521,0.06242597
5/22/24 6:00,0.1827467,0.1704885
5/22/24 7:00,0.2289184,0.2209431
5/22/24 8:00,0.2335766,0.226679
5/22/24 9:00,0.4210574,0.4086928
5/22/24 10:00,0.69877,0.6798829
5/22/24 11:00,0.6270339,0.6113212
5/22/24 12:00,0.5673813,0.5522112
5/22/24 13:00,0.5338536,0.5170631
5/22/24 14:00,0.3342666,0.3235766
5/22/24 15:00,0.2401647,0.231624
5/22/24 16:00,0.1702918,0.1611668
5/22/24 17:00,0.07108492,0.06367045
5/22/24 18:00,0.002427578,0
5/22/24 19:00,0,0
5/22/24 20:00,0,0
5/22/24 21:00,0,0
5/22/24 22:00,0,0
5/22/24 23:00,0,0
5/23/24 0:00,0,0
5/23/24 1:00,0,0
5/23/24 2:00,0,0
5/23/24 3:00,0,0
5/23/24 4:00,0.00282461,0
5/23/24 5:00,0.01788029,0.0172419
5/23/24 6:00,0.07647341,0.0739878
5/23/24 7:00,0.1480735,0.143538
5/23/24 8:00,0.1716748,0.1666449
5/23/24 9:00,0.1901139,0.1846473
5/23/24 10:00,0.08642055,0.08393319
5/23/24 11:00,0.1184052,0.1150112
5/23/24 12:00,0.08700882,0.08450484
5/23/24 13:00,0.2302326,0.2236199
5/23/24 14:00,0.2669643,0.2589749
5/23/24 15:00,0.1537721,0.1490667
5/23/24 16:00,0.03924739,0.03804914
5/23/24 17:00,0.03906924,0.03739198
5/23/24 18:00,0.002481218,0
5/23/24 19:00,0,0
5/23/24 20:00,0,0
5/23/24 21:00,0,0
5/23/24 22:00,0,0
5/23/24 23:00,0,0
5/24/24 0:00,0,0
5/24/24 1:00,0,0
5/24/24 2:00,0,0
5/24/24 3:00,0,0
5/24/24 4:00,0.002837521,0
5/24/24 5:00,0.1371101,0.03892278
5/24/24 6:00,0.3903179,0.2869215
5/24/24 7:00,0.573896,0.499628
5/24/24 8:00,0.7336428,0.6804821
5/24/24 9:00,0.6459264,0.6217428
5/24/24 10:00,0.9389412,0.9100999
5/24/24 11:00,0.9502455,0.9251207
5/24/24 12:00,0.7157835,0.695417
5/24/24 13:00,0.7311542,0.7018561
5/24/24 14:00,0.5931353,0.5580866
5/24/24 15:00,0.3912465,0.3614916
5/24/24 16:00,0.2217771,0.1999198
5/24/24 17:00,0.07950968,0.06846308
5/24/24 18:00,0.005528619,0
5/24/24 19:00,0,0
5/24/24 20:00,0,0
5/24/24 21:00,0,0
5/24/24 22:00,0,0
5/24/24 23:00,0,0
5/25/24 0:00,0,0
5/25/24 1:00,0,0
5/25/24 2:00,0,0
5/25/24 3:00,0,0
5/25/24 4:00,0.00323086,0
5/25/24 5:00,0.1223762,0.04960458
5/25/24 6:00,0.3245624,0.247768
5/25/24 7:00,0.5628017,0.4895473
5/25/24 8:00,0.8363372,0.7731926
5/25/24 9:00,0.9605623,0.9160261
5/25/24 10:00,1.040292,1.006835
5/25/24 11:00,0.9816932,0.9545609
5/25/24 12:00,1.029313,0.996666
5/25/24 13:00,0.968955,0.9249887
5/25/24 14:00,0.8337726,0.7725224
5/25/24 15:00,0.6367456,0.5545155
5/25/24 16:00,0.4057087,0.3014507
5/25/24 17:00,0.152356,0.04774353
5/25/24 18:00,0.006049355,0
5/25/24 19:00,0,0
5/25/24 20:00,0,0
5/25/24 21:00,0,0
5/25/24 22:00,0,0
5/25/24 23:00,0,0
5/26/24 0:00,0,0
5/26/24 1:00,0,0
5/26/24 2:00,0,0
5/26/24 3:00,0,0
5/26/24 4:00,0.004014758,0
5/26/24 5:00,0.1235001,0.04942756
5/26/24 6:00,0.3478399,0.258937
5/26/24 7:00,0.5369979,0.4681159
5/26/24 8:00,0.838296,0.7737546
5/26/24 9:00,0.8459631,0.8064954
5/26/24 10:00,0.8748022,0.8463952
5/26/24 11:00,0.9814902,0.9532853
5/26/24 12:00,1.054253,1.01959
5/26/24 13:00,0.8457326,0.807236
5/26/24 14:00,0.7109032,0.6598178
5/26/24 15:00,0.5596707,0.4890634
5/26/24 16:00,0.3087785,0.2458469
5/26/24 17:00,0.1301746,0.0608621
5/26/24 18:00,0.006632772,0
5/26/24 19:00,0,0
5/26/24 20:00,0,0
5/26/24 21:00,0,0
5/26/24 22:00,0,0
5/26/24 23:00,0,0
5/27/24 0:00,0,0
5/27/24 1:00,0,0
5/27/24 2:00,0,0
5/27/24 3:00,0,0
5/27/24 4:00,0.002762522,0
5/27/24 5:00,0.08205603,0.06626718
5/27/24 6:00,0.3026845,0.2369399
5/27/24 7:00,0.4182758,0.3791119
5/27/24 8:00,0.6693912,0.6207334
5/27/24 9:00,0.8643334,0.8226953
5/27/24 10:00,0.8010608,0.775066
5/27/24 11:00,0.7674415,0.7457031
5/27/24 12:00,0.7099442,0.6882727
5/27/24 13:00,0.5473354,0.5286198
5/27/24 14:00,0.4637469,0.4430385
5/27/24 15:00,0.588514,0.5117508
5/27/24 16:00,0.3870848,0.2874798
5/27/24 17:00,0.09506185,0.07381394
5/27/24 18:00,0.004381434,0
5/27/24 19:00,0,0
5/27/24 20:00,0,0
5/27/24 21:00,0,0
5/27/24 22:00,0,0
5/27/24 23:00,0,0
5/28/24 0:00,0,0
5/28/24 1:00,0,0
5/28/24 2:00,0,0
5/28/24 3:00,0,0
5/28/24 4:00,0.003896086,0
5/28/24 5:00,0.1523592,0.03342931
5/28/24 6:00,0.3020415,0.2362551
5/28/24 7:00,0.5964088,0.5142484
5/28/24 8:00,0.6453545,0.599133
5/28/24 9:00,0.7123352,0.6809114
5/28/24 10:00,0.8874865,0.8567306
5/28/24 11:00,0.7873257,0.7642843
5/28/24 12:00,0.7540252,0.7298932
5/28/24 13:00,0.7519037,0.7183077
5/28/24 14:00,0.7223135,0.6682891
5/28/24 15:00,0.5095156,0.4490094
5/28/24 16:00,0.2864163,0.2355881
5/28/24 17:00,0.1129721,0.07211906
5/28/24 18:00,0.007830257,0
5/28/24 19:00,0,0
5/28/24 20:00,0,0
5/28/24 21:00,0,0
5/28/24 22:00,0,0
5/28/24 23:00,0,0
5/29/24 0:00,0,0
5/29/24 1:00,0,0
5/29/24 2:00,0,0
5/29/24 3:00,0,0
5/29/24 4:00,0.003387515,0
5/29/24 5:00,0.0865031,0.06722661
5/29/24 6:00,0.2600117,0.2175903
5/29/24 7:00,0.5204763,0.4529873
5/29/24 8:00,0.6216408,0.5780898
5/29/24 9:00,0.8916453,0.8463055
5/29/24 10:00,0.5932816,0.5755386
5/29/24 11:00,0.3401895,0.330564
5/29/24 12:00,0.3184091,0.3093415
5/29/24 13:00,0.5532055,0.5336839
5/29/24 14:00,0.4935395,0.469124
5/29/24 15:00,0.3400031,0.3196501
5/29/24 16:00,0.2577413,0.221532
5/29/24 17:00,0.02938683,0.02826172
5/29/24 18:00,0.003769992,0
5/29/24 19:00,0,0
5/29/24 20:00,0,0
5/29/24 21:00,0,0
5/29/24 22:00,0,0
5/29/24 23:00,0,0
5/30/24 0:00,0,0
5/30/24 1:00,0,0
5/30/24 2:00,0,0
5/30/24 3:00,0,0
5/30/24 4:00,0.003324414,0
5/30/24 5:00,0.0515882,0.04881532
5/30/24 6:00,0.0872492,0.08433752
5/30/24 7:00,0.3676919,0.3399501
5/30/24 8:00,0.6305211,0.5850048
5/30/24 9:00,0.5386196,0.519389
5/30/24 10:00,0.588275,0.5705102
5/30/24 11:00,0.9027807,0.8737523
5/30/24 12:00,1.085514,1.045291
5/30/24 13:00,0.7581781,0.7227991
5/30/24 14:00,0.3760155,0.3624595
5/30/24 15:00,0.4687338,0.4180523
5/30/24 16:00,0.3044002,0.2439194
5/30/24 17:00,0.1494918,0.0557184
5/30/24 18:00,0.01080583,0
5/30/24 19:00,0,0
5/30/24 20:00,0,0
5/30/24 21:00,0,0
5/30/24 22:00,0,0
5/30/24 23:00,0,0
5/31/24 0:00,0,0
5/31/24 1:00,0,0
5/31/24 2:00,0,0
5/31/24 3:00,0,0
5/31/24 4:00,0.004943847,0
5/31/24 5:00,0.1022613,0.06483484
5/31/24 6:00,0.2752063,0.2238635
5/31/24 7:00,0.4631776,0.4097639
5/31/24 8:00,0.7179593,0.6597582
5/31/24 9:00,0.713774,0.6803875
5/31/24 10:00,0.6023726,0.583791
5/31/24 11:00,0.7761464,0.7519087
5/31/24 12:00,1.007468,0.9693385
5/31/24 13:00,0.9704825,0.920135
5/31/24 14:00,0.753351,0.6936021
5/31/24 15:00,0.4969971,0.4384364
5/31/24 16:00,0.4053317,0.2979802
5/31/24 17:00,0.1753727,0.04930121
5/31/24 18:00,0.01086686,0
5/31/24 19:00,0,0
5/31/24 20:00,0,0
5/31/24 21:00,0,0
5/31/24 22:00,0,0
5/31/24 23:00,0,0
6/1/24 0:00,0,0
6/1/24 1:00,0,0
6/1/24 2:00,0,0
6/1/24 3:00,0,0
6/1/24 4:00,0.00324805,0
6/1/24 5:00,0.05513465,0.05186479
6/1/24 6:00,0.1691223,0.1593513
6/1/24 7:00,0.2537227,0.2435558
6/1/24 8:00,0.1073728,0.1042298
6/1/24 9:00,0.1678112,0.1629556
6/1/24 10:00,0.05763562,0.05596877
6/1/24 11:00,0.05287132,0.05134222
6/1/24 12:00,0.1371011,0.133159
6/1/24 13:00,0.2489157,0.2417075
6/1/24 14:00,0.1003066,0.09737661
6/1/24 15:00,0.1030475,0.09994418
6/1/24 16:00,0.1202278,0.1160103
6/1/24 17:00,0.04311139,0.04126425
6/1/24 18:00,0.002880675,0
6/1/24 19:00,0,0
6/1/24 20:00,0,0
6/1/24 21:00,0,0
6/1/24 22:00,0,0
6/1/24 23:00,0,0
6/2/24 0:00,0,0
6/2/24 1:00,0,0
6/2/24 2:00,0,0
6/2/24 3:00,0,0
6/2/24 4:00,0.004691823,0
6/2/24 5:00,0.01060474,0.01025703
6/2/24 6:00,0.04018174,0.03894176
6/2/24 7:00,0.1032312,0.1001064
6/2/24 8:00,0.2115336,0.2052361
6/2/24 9:00,0.07587042,0.0736732
6/2/24 10:00,0.1516839,0.1473228
6/2/24 11:00,0.1367899,0.1328607
6/2/24 12:00,0.1976786,0.1920067
6/2/24 13:00,0.06837466,0.0663946
6/2/24 14:00,0.04338659,0.04212356
6/2/24 15:00,0.0318951,0.03095934
6/2/24 16:00,0.04110286,0.03984226
6/2/24 17:00,0.02796206,0.0269178
6/2/24 18:00,0.001865991,0
6/2/24 19:00,0,0
6/2/24 20:00,0,0
6/2/24 21:00,0,0
6/2/24 22:00,0,0
6/2/24 23:00,0,0
6/3/24 0:00,0,0
6/3/24 1:00,0,0
6/3/24 2:00,0,0
6/3/24 3:00,0,0
6/3/24 4:00,0.003808074,0
6/3/24 5:00,0.02370036,0.02280095
6/3/24 6:00,0.05109617,0.04948967
6/3/24 7:00,0.141904,0.1375167
6/3/24 8:00,0.09437013,0.09160962
6/3/24 9:00,0.1300601,0.1262949
6/3/24 10:00,0.2123065,0.2062116
6/3/24 11:00,0.1042404,0.1012389
6/3/24 12:00,0.2396992,0.2328255
6/3/24 13:00,0.2197212,0.2133559
6/3/24 14:00,0.1425296,0.1383427
6/3/24 15:00,0.1829022,0.1771386
6/3/24 16:00,0.1349819,0.1299151
6/3/24 17:00,0.02444473,0.0235622
6/3/24 18:00,0.00105194,0
6/3/24 19:00,0,0
6/3/24 20:00,0,0
6/3/24 21:00,0,0
6/3/24 22:00,0,0
6/3/24 23:00,0,0
6/4/24 0:00,0,0
6/4/24 1:00,0,0
6/4/24 2:00,0,0
6/4/24 3:00,0,0
6/4/24 4:00,0.003372494,0
6/4/24 5:00,0.01840281,0.01774394
6/4/24 6:00,0.05052674,0.04893865
6/4/24 7:00,0.07646345,0.07417573
6/4/24 8:00,0.01001116,0.009719239
6/4/24 9:00,0.1433515,0.1391994
6/4/24 10:00,0.3312455,0.3217453
6/4/24 11:00,0.3294263,0.3200335
6/4/24 12:00,0.2467556,0.2396766
6/4/24 13:00,0.3494503,0.3391008
6/4/24 14:00,0.1578187,0.1531708
6/4/24 15:00,0.07532962,0.07308521
6/4/24 16:00,0.05140092,0.04980061
6/4/24 17:00,0.03325489,0.03196167
6/4/24 18:00,0.0035395,0
6/4/24 19:00,0,0
6/4/24 20:00,0,0
6/4/24 21:00,0,0
6/4/24 22:00,0,0
6/4/24 23:00,0,0
6/5/24 0:00,0,0
6/5/24 1:00,0,0
6/5/24 2:00,0,0
6/5/24 3:00,0,0
6/5/24 4:00,0.005978924,0
6/5/24 5:00,0.1007692,0.06584091
6/5/24 6:00,0.3440928,0.2506945
6/5/24 7:00,0.5000155,0.4332656
6/5/24 8:00,0.5505061,0.5144652
6/5/24 9:00,0.4580856,0.4428327
6/5/24 10:00,0.3520626,0.3419478
6/5/24 11:00,0.5323161,0.516768
6/5/24 12:00,0.4911893,0.4766129
6/5/24 13:00,0.4502313,0.4356866
6/5/24 14:00,0.644365,0.5962692
6/5/24 15:00,0.4646133,0.4137176
6/5/24 16:00,0.2940129,0.2401071
6/5/24 17:00,0.13496,0.07209744
6/5/24 18:00,0.008479503,0
6/5/24 19:00,0,0
6/5/24 20:00,0,0
6/5/24 21:00,0,0
6/5/24 22:00,0,0
6/5/24 23:00,0,0
6/6/24 0:00,0,0
6/6/24 1:00,0,0
6/6/24 2:00,0,0
6/6/24 3:00,0,0
6/6/24 4:00,0.003173796,0
6/6/24 5:00,0.04754787,0.04519914
6/6/24 6:00,0.1088406,0.1050253
6/6/24 7:00,0.1107937,0.1074178
6/6/24 8:00,0.124431,0.1207721
6/6/24 9:00,0.331771,0.3219332
6/6/24 10:00,0.5244529,0.508348
6/6/24 11:00,0.5834136,0.5658327
6/6/24 12:00,0.7922714,0.7616859
6/6/24 13:00,0.8059501,0.7626941
6/6/24 14:00,0.5171516,0.4881626
6/6/24 15:00,0.2727664,0.2613242
6/6/24 16:00,0.1337864,0.1288231
6/6/24 17:00,0.05005669,0.04783056
6/6/24 18:00,0.001002246,0
6/6/24 19:00,0,0
6/6/24 20:00,0,0
6/6/24 21:00,0,0
6/6/24 22:00,0,0
6/6/24 23:00,0,0
6/7/24 0:00,0,0
6/7/24 1:00,0,0
6/7/24 2:00,0,0
6/7/24 3:00,0,0
6/7/24 4:00,0.004412164,0
6/7/24 5:00,0.06026434,0.05596901
6/7/24 6:00,0.1311924,0.1260341
6/7/24 7:00,0.3012319,0.2849718
6/7/24 8:00,0.2267256,0.2199144
6/7/24 9:00,0.2529653,0.2455947
6/7/24 10:00,0.2490822,0.2419203
6/7/24 11:00,0.09847665,0.09563779
6/7/24 12:00,0.184944,0.179625
6/7/24 13:00,0.2244668,0.2179496
6/7/24 14:00,0.1475231,0.14318
6/7/24 15:00,0.06335951,0.06147959
6/7/24 16:00,0.02340945,0.0227085
6/7/24 17:00,0.01149745,0.01112898
6/7/24 18:00,0.001941989,0
6/7/24 19:00,0,0
6/7/24 20:00,0,0
6/7/24 21:00,0,0
6/7/24 22:00,0,0
6/7/24 23:00,0,0
6/8/24 0:00,0,0
6/8/24 1:00,0,0
6/8/24 2:00,0,0
6/8/24 3:00,0,0
6/8/24 4:00,0.003532913,0
6/8/24 5:00,0.002647192,0.002567653
6/8/24 6:00,0.00736253,0.007145762
6/8/24 7:00,0.02098386,0.02036895
6/8/24 8:00,0.04806846,0.04666677
6/8/24 9:00,0.1063342,0.1032518
6/8/24 10:00,0.08087125,0.07853449
6/8/24 11:00,0.3701859,0.3596047
6/8/24 12:00,0.2546978,0.2473772
6/8/24 13:00,0.1504805,0.1461202
6/8/24 14:00,0.2382907,0.2311411
6/8/24 15:00,0.1097343,0.106412
6/8/24 16:00,0.106249,0.1026419
6/8/24 17:00,0.06681575,0.06287344
6/8/24 18:00,0.003578666,0
6/8/24 19:00,0,0
6/8/24 20:00,0,0
6/8/24 21:00,0,0
6/8/24 22:00,0,0
6/8/24 23:00,0,0
6/9/24 0:00,0,0
6/9/24 1:00,0,0
6/9/24 2:00,0,0
6/9/24 3:00,0,0
6/9/24 4:00,0.004875788,0
6/9/24 5:00,0.05162632,0.0488477
6/9/24 6:00,0.1636068,0.1545085
6/9/24 7:00,0.1586477,0.153667
6/9/24 8:00,0.1504468,0.1459976
6/9/24 9:00,0.1161364,0.1127688
6/9/24 10:00,0.4615071,0.4477271
6/9/24 11:00,0.2556409,0.2483119
6/9/24 12:00,0.2104245,0.2043716
6/9/24 13:00,0.422704,0.4093212
6/9/24 14:00,0.641701,0.5928383
6/9/24 15:00,0.3387657,0.31827
6/9/24 16:00,0.05572044,0.05397497
6/9/24 17:00,0.01451934,0.01404326
6/9/24 18:00,0.000342685,0
6/9/24 19:00,0,0
6/9/24 20:00,0,0
6/9/24 21:00,0,0
6/9/24 22:00,0,0
6/9/24 23:00,0,0
6/10/24 0:00,0,0
6/10/24 1:00,0,0
6/10/24 2:00,0,0
6/10/24 3:00,0,0
6/10/24 4:00,0.002949546,0
6/10/24 5:00,0.02874129,0.0275795
6/10/24 6:00,0.05718297,0.05535713
6/10/24 7:00,0.03202233,0.03108033
6/10/24 8:00,0.06377841,0.06191557
6/10/24 9:00,0.323776,0.31416
6/10/24 10:00,0.4026839,0.3909311
6/10/24 11:00,0.6155969,0.5961237
6/10/24 12:00,0.5373116,0.5205169
6/10/24 13:00,0.5188656,0.4999552
6/10/24 14:00,0.5120709,0.4833331
6/10/24 15:00,0.3510346,0.3282671
6/10/24 16:00,0.2477279,0.2178279
6/10/24 17:00,0.09364646,0.08020213
6/10/24 18:00,0.009280266,0
6/10/24 19:00,0,0
6/10/24 20:00,0,0
6/10/24 21:00,0,0
6/10/24 22:00,0,0
6/10/24 23:00,0,0
6/11/24 0:00,0,0
6/11/24 1:00,0,0
6/11/24 2:00,0,0
6/11/24 3:00,0,0
6/11/24 4:00,0.004568312,0
6/11/24 5:00,0.03762632,0.03594674
6/11/24 6:00,0.09901587,0.09558917
6/11/24 7:00,0.2084666,0.2013207
6/11/24 8:00,0.2656761,0.2574332
6/11/24 9:00,0.2716542,0.2637028
6/11/24 10:00,0.2962,0.2876649
6/11/24 11:00,0.1850272,0.1797104
6/11/24 12:00,0.2569172,0.2495243
6/11/24 13:00,0.2315789,0.2248428
6/11/24 14:00,0.191751,0.1860574
6/11/24 15:00,0.102906,0.09979899
6/11/24 16:00,0.102671,0.09920917
6/11/24 17:00,0.01762124,0.01703019
6/11/24 18:00,0.002621068,0
6/11/24 19:00,0,0
6/11/24 20:00,0,0
6/11/24 21:00,0,0
6/11/24 22:00,0,0
6/11/24 23:00,0,0
6/12/24 0:00,0,0
6/12/24 1:00,0,0
6/12/24 2:00,0,0
6/12/24 3:00,0,0
6/12/24 4:00,0.006177429,0
6/12/24 5:00,0.1514122,0.02843465
6/12/24 6:00,0.3514716,0.2500899
6/12/24 7:00,0.5596288,0.473422
6/12/24 8:00,0.8039708,0.7278773
6/12/24 9:00,1.030687,0.9655787
6/12/24 10:00,1.07669,1.026031
6/12/24 11:00,0.9620849,0.9225244
6/12/24 12:00,1.01889,0.9724882
6/12/24 13:00,0.7769706,0.7342794
6/12/24 14:00,0.5538245,0.5186689
6/12/24 15:00,0.5862858,0.5029033
6/12/24 16:00,0.4092433,0.2988867
6/12/24 17:00,0.189486,0.05968438
6/12/24 18:00,0.01361103,0
6/12/24 19:00,0,0
6/12/24 20:00,0,0
6/12/24 21:00,0,0
6/12/24 22:00,0,0
6/12/24 23:00,0,0
6/13/24 0:00,0,0
6/13/24 1:00,0,0
6/13/24 2:00,0,0
6/13/24 3:00,0,0
6/13/24 4:00,0.0042647,0
6/13/24 5:00,0.1322047,0.04086236
6/13/24 6:00,0.2850794,0.2229836
6/13/24 7:00,0.4919457,0.4235603
6/13/24 8:00,0.4541094,0.4306586
6/13/24 9:00,0.6812944,0.6457782
6/13/24 10:00,0.9514534,0.9068843
6/13/24 11:00,0.9130715,0.8758761
6/13/24 12:00,0.9091119,0.8685036
6/13/24 13:00,0.8399304,0.7911907
6/13/24 14:00,0.7339964,0.67066
6/13/24 15:00,0.6037672,0.5167561
6/13/24 16:00,0.4233394,0.3084163
6/13/24 17:00,0.1626882,0.06805383
6/13/24 18:00,0.01459213,0
6/13/24 19:00,0,0
6/13/24 20:00,0,0
6/13/24 21:00,0,0
6/13/24 22:00,0,0
6/13/24 23:00,0,0
6/14/24 0:00,0,0
6/14/24 1:00,0,0
6/14/24 2:00,0,0
6/14/24 3:00,0,0
6/14/24 4:00,0.00471548,0
6/14/24 5:00,0.1075829,0.05996788
6/14/24 6:00,0.3631285,0.2549335
6/14/24 7:00,0.4443712,0.3905976
6/14/24 8:00,0.7494813,0.6783722
6/14/24 9:00,1.015422,0.9503866
6/14/24 10:00,1.06673,1.01571
6/14/24 11:00,1.105515,1.058493
6/14/24 12:00,1.075808,1.025943
6/14/24 13:00,0.7291167,0.6908208
6/14/24 14:00,0.6801863,0.6244048
6/14/24 15:00,0.4178483,0.37966
6/14/24 16:00,0.3606838,0.2719991
6/14/24 17:00,0.171729,0.06549431
6/14/24 18:00,0.01118214,0
6/14/24 19:00,0,0
6/14/24 20:00,0,0
6/14/24 21:00,0,0
6/14/24 22:00,0,0
6/14/24 23:00,0,0
6/15/24 0:00,0,0
6/15/24 1:00,0,0
6/15/24 2:00,0,0
6/15/24 3:00,0,0
6/15/24 4:00,0.003447969,0
6/15/24 5:00,0.1163863,0.0528762
6/15/24 6:00,0.3514938,0.2484132
6/15/24 7:00,0.5755568,0.4844036
6/15/24 8:00,0.7017406,0.6367177
6/15/24 9:00,0.9309233,0.8713256
6/15/24 10:00,0.97837,0.931572
6/15/24 11:00,1.041558,0.9970887
6/15/24 12:00,1.086845,1.036145
6/15/24 13:00,0.88154,0.8289171
6/15/24 14:00,0.7036099,0.6442152
6/15/24 15:00,0.5464541,0.4722663
6/15/24 16:00,0.3206135,0.2542484
6/15/24 17:00,0.1563505,0.07345331
6/15/24 18:00,0.0148301,0
6/15/24 19:00,0,0
6/15/24 20:00,0,0
6/15/24 21:00,0,0
6/15/24 22:00,0,0
6/15/24 23:00,0,0
6/16/24 0:00,0,0
6/16/24 1:00,0,0
6/16/24 2:00,0,0
6/16/24 3:00,0,0
6/16/24 4:00,0.002832926,0
6/16/24 5:00,0.110892,0.05641742
6/16/24 6:00,0.2599359,0.2123137
6/16/24 7:00,0.2732329,0.2602777
6/16/24 8:00,0.650986,0.5937859
6/16/24 9:00,0.8747807,0.8190094
6/16/24 10:00,0.7430346,0.7123185
6/16/24 11:00,0.9899135,0.9476956
6/16/24 12:00,0.7006148,0.6739459
6/16/24 13:00,0.60269,0.5767086
6/16/24 14:00,0.6867456,0.6297954
6/16/24 15:00,0.3850765,0.3552286
6/16/24 16:00,0.2471046,0.2185414
6/16/24 17:00,0.0987374,0.08401731
6/16/24 18:00,0.01110409,0
6/16/24 19:00,0,0
6/16/24 20:00,0,0
6/16/24 21:00,0,0
6/16/24 22:00,0,0
6/16/24 23:00,0,0
6/17/24 0:00,0,0
6/17/24 1:00,0,0
6/17/24 2:00,0,0
6/17/24 3:00,0,0
6/17/24 4:00,0.004483052,0
6/17/24 5:00,0.06578131,0.0593216
6/17/24 6:00,0.09554599,0.09223976
6/17/24 7:00,0.1431181,0.1386441
6/17/24 8:00,0.1467628,0.1424135
6/17/24 9:00,0.3868899,0.3747135
6/17/24 10:00,0.3266944,0.3172435
6/17/24 11:00,0.2926924,0.2842849
6/17/24 12:00,0.3508032,0.3406576
6/17/24 13:00,0.2669322,0.2591385
6/17/24 14:00,0.1003044,0.09736626
6/17/24 15:00,0.1225665,0.1188305
6/17/24 16:00,0.09379347,0.0906847
6/17/24 17:00,0.05356282,0.05121938
6/17/24 18:00,0.004173378,0
6/17/24 19:00,0,0
6/17/24 20:00,0,0
6/17/24 21:00,0,0
6/17/24 22:00,0,0
6/17/24 23:00,0,0
6/18/24 0:00,0,0
6/18/24 1:00,0,0
6/18/24 2:00,0,0
6/18/24 3:00,0,0
6/18/24 4:00,0.005467642,0
6/18/24 5:00,0.1049101,0.05904918
6/18/24 6:00,0.2395232,0.2028797
6/18/24 7:00,0.3116902,0.2926634
6/18/24 8:00,0.438659,0.4167185
6/18/24 9:00,0.4236592,0.4096549
6/18/24 10:00,0.5963539,0.5756029
6/18/24 11:00,0.8277211,0.7948096
6/18/24 12:00,0.8359819,0.7994353
6/18/24 13:00,0.593802,0.5685637
6/18/24 14:00,0.5393602,0.5063035
6/18/24 15:00,0.4159527,0.3785721
6/18/24 16:00,0.2493019,0.2202125
6/18/24 17:00,0.1209642,0.08832597
6/18/24 18:00,0.01371105,0
6/18/24 19:00,0,0
6/18/24 20:00,0,0
6/18/24 21:00,0,0
6/18/24 22:00,0,0
6/18/24 23:00,0,0
6/19/24 0:00,0,0
6/19/24 1:00,0,0
6/19/24 2:00,0,0
6/19/24 3:00,0,0
6/19/24 4:00,0.004541911,0
6/19/24 5:00,0.07419931,0.06312631
6/19/24 6:00,0.1931217,0.1761594
6/19/24 7:00,0.4033496,0.3611938
6/19/24 8:00,0.5605835,0.5190551
6/19/24 9:00,0.5855327,0.559173
6/19/24 10:00,0.8238261,0.7865605
6/19/24 11:00,0.8267539,0.7938204
6/19/24 12:00,0.8047755,0.770425
6/19/24 13:00,0.7483661,0.7077155
6/19/24 14:00,0.4650706,0.4423551
6/19/24 15:00,0.3183007,0.301438
6/19/24 16:00,0.1599792,0.1530116
6/19/24 17:00,0.07394885,0.0693363
6/19/24 18:00,0.007549423,0
6/19/24 19:00,0,0
6/19/24 20:00,0,0
6/19/24 21:00,0,0
6/19/24 22:00,0,0
6/19/24 23:00,0,0
6/20/24 0:00,0,0
6/20/24 1:00,0,0
6/20/24 2:00,0,0
6/20/24 3:00,0,0
6/20/24 4:00,0.005639023,0
6/20/24 5:00,0.08169486,0.0645552
6/20/24 6:00,0.2440526,0.2043332
6/20/24 7:00,0.2056074,0.1985194
6/20/24 8:00,0.3526048,0.3393241
6/20/24 9:00,0.2557993,0.2483043
6/20/24 10:00,0.2787701,0.2707205
6/20/24 11:00,0.1133839,0.110114
6/20/24 12:00,0.3183758,0.3091888
6/20/24 13:00,0.3953573,0.3830782
6/20/24 14:00,0.2377594,0.2306131
6/20/24 15:00,0.09950837,0.09650923
6/20/24 16:00,0.1218106,0.1175791
6/20/24 17:00,0.09465776,0.0831783
6/20/24 18:00,0.01148921,0
6/20/24 19:00,0,0
6/20/24 20:00,0,0
6/20/24 21:00,0,0
6/20/24 22:00,0,0
6/20/24 23:00,0,0
6/21/24 0:00,0,0
6/21/24 1:00,0,0
6/21/24 2:00,0,0
6/21/24 3:00,0,0
6/21/24 4:00,0.002867377,0
6/21/24 5:00,0.1140458,0.04926293
6/21/24 6:00,0.3113625,0.2285424
6/21/24 7:00,0.5106253,0.4338556
6/21/24 8:00,0.554213,0.5135729
6/21/24 9:00,0.7866967,0.738227
6/21/24 10:00,0.8453989,0.806363
6/21/24 11:00,0.7726493,0.7431665
6/21/24 12:00,0.6404333,0.6175735
6/21/24 13:00,0.8145356,0.7673812
6/21/24 14:00,0.7490469,0.6834594
6/21/24 15:00,0.4602692,0.4109921
6/21/24 16:00,0.4029931,0.2970843
6/21/24 17:00,0.1449893,0.08452425
6/21/24 18:00,0.01705305,0
6/21/24 19:00,0,0
6/21/24 20:00,0,0
6/21/24 21:00,0,0
6/21/24 22:00,0,0
6/21/24 23:00,0,0
6/22/24 0:00,0,0
6/22/24 1:00,0,0
6/22/24 2:00,0,0
6/22/24 3:00,0,0
6/22/24 4:00,0.004277534,0
6/22/24 5:00,0.1129849,0.049064
6/22/24 6:00,0.2419657,0.2027915
6/22/24 7:00,0.4271829,0.3768402
6/22/24 8:00,0.7296371,0.658974
6/22/24 9:00,0.8092178,0.7583846
6/22/24 10:00,0.7930606,0.7579824
6/22/24 11:00,0.7726414,0.7431606
6/22/24 12:00,0.5775679,0.5583888
6/22/24 13:00,0.4569776,0.4416941
6/22/24 14:00,0.2326343,0.2256582
6/22/24 15:00,0.3069263,0.2918002
6/22/24 16:00,0.2913215,0.243348
6/22/24 17:00,0.1166756,0.09022409
6/22/24 18:00,0.008875458,0
6/22/24 19:00,0,0
6/22/24 20:00,0,0
6/22/24 21:00,0,0
6/22/24 22:00,0,0
6/22/24 23:00,0,0
6/23/24 0:00,0,0
6/23/24 1:00,0,0
6/23/24 2:00,0,0
6/23/24 3:00,0,0
6/23/24 4:00,0.004080304,0
6/23/24 5:00,0.1002579,0.05778278
6/23/24 6:00,0.217881,0.1906858
6/23/24 7:00,0.5530323,0.4644758
6/23/24 8:00,0.8152276,0.7346707
6/23/24 9:00,0.8109738,0.7599306
6/23/24 10:00,0.9830638,0.9349142
6/23/24 11:00,1.065799,1.019384
6/23/24 12:00,1.0998,1.047851
6/23/24 13:00,0.9956233,0.9349467
6/23/24 14:00,0.7813471,0.7121982
6/23/24 15:00,0.6425849,0.5496209
6/23/24 16:00,0.3788806,0.2843036
6/23/24 17:00,0.1417262,0.08720566
6/23/24 18:00,0.01483306,0
6/23/24 19:00,0,0
6/23/24 20:00,0,0
6/23/24 21:00,0,0
6/23/24 22:00,0,0
6/23/24 23:00,0,0
6/24/24 0:00,0,0
6/24/24 1:00,0,0
6/24/24 2:00,0,0
6/24/24 3:00,0,0
6/24/24 4:00,0.003627396,0
6/24/24 5:00,0.09138956,0.06126423
6/24/24 6:00,0.2384769,0.2006259
6/24/24 7:00,0.5129794,0.4348666
6/24/24 8:00,0.7122661,0.643869
6/24/24 9:00,0.7700736,0.7232471
6/24/24 10:00,0.7549394,0.7228446
6/24/24 11:00,0.7979708,0.766921
6/24/24 12:00,0.8254066,0.7897103
6/24/24 13:00,0.6807619,0.6473457
6/24/24 14:00,0.6923785,0.6351875
6/24/24 15:00,0.454707,0.4075804
6/24/24 16:00,0.2236492,0.2045744
6/24/24 17:00,0.1424646,0.08764025
6/24/24 18:00,0.01633486,0
6/24/24 19:00,0,0
6/24/24 20:00,0,0
6/24/24 21:00,0,0
6/24/24 22:00,0,0
6/24/24 23:00,0,0
6/25/24 0:00,0,0
6/25/24 1:00,0,0
6/25/24 2:00,0,0
6/25/24 3:00,0,0
6/25/24 4:00,0.003344714,0
6/25/24 5:00,0.02047447,0.01969454
6/25/24 6:00,0.127569,0.1224354
6/25/24 7:00,0.1550963,0.1501947
6/25/24 8:00,0.1511124,0.1466256
6/25/24 9:00,0.06666439,0.06472923
6/25/24 10:00,0.1715491,0.1665994
6/25/24 11:00,0.08273754,0.08034756
6/25/24 12:00,0.2596546,0.2521735
6/25/24 13:00,0.2252166,0.2186626
6/25/24 14:00,0.1040071,0.1009604
6/25/24 15:00,0.06836701,0.06633517
6/25/24 16:00,0.07485388,0.07245503
6/25/24 17:00,0.02044804,0.01976007
6/25/24 18:00,0.003408676,0
6/25/24 19:00,0,0
6/25/24 20:00,0,0
6/25/24 21:00,0,0
6/25/24 22:00,0,0
6/25/24 23:00,0,0
6/26/24 0:00,0,0
6/26/24 1:00,0,0
6/26/24 2:00,0,0
6/26/24 3:00,0,0
6/26/24 4:00,0.001296636,0
6/26/24 5:00,0.002989016,0.002898315
6/26/24 6:00,0.07664798,0.07407634
6/26/24 7:00,0.111454,0.1080291
6/26/24 8:00,0.3532216,0.3397946
6/26/24 9:00,0.5279921,0.506741
6/26/24 10:00,0.3453974,0.3353782
6/26/24 11:00,0.2291382,0.2225531
6/26/24 12:00,0.2208797,0.2145172
6/26/24 13:00,0.4289823,0.4152253
6/26/24 14:00,0.4535237,0.4325071
6/26/24 15:00,0.2463224,0.2373463
6/26/24 16:00,0.2487621,0.2213624
6/26/24 17:00,0.06466863,0.06159157
6/26/24 18:00,0.01254721,0
6/26/24 19:00,0,0
6/26/24 20:00,0,0
6/26/24 21:00,0,0
6/26/24 22:00,0,0
6/26/24 23:00,0,0
6/27/24 0:00,0,0
6/27/24 1:00,0,0
6/27/24 2:00,0,0
6/27/24 3:00,0,0
6/27/24 4:00,0.003330547,0
6/27/24 5:00,0.05985202,0.05441848
6/27/24 6:00,0.17601,0.1630394
6/27/24 7:00,0.1925709,0.1861304
6/27/24 8:00,0.1332026,0.1292622
6/27/24 9:00,0.05404603,0.05247687
6/27/24 10:00,0.1210911,0.1175948
6/27/24 11:00,0.4533206,0.4400707
6/27/24 12:00,0.3668891,0.3562671
6/27/24 13:00,0.32498,0.3153802
6/27/24 14:00,0.2356805,0.228617
6/27/24 15:00,0.126681,0.1228212
6/27/24 16:00,0.1310945,0.1264487
6/27/24 17:00,0.05471826,0.05237658
6/27/24 18:00,0.009439826,0
6/27/24 19:00,0,0
6/27/24 20:00,0,0
6/27/24 21:00,0,0
6/27/24 22:00,0,0
6/27/24 23:00,0,0
6/28/24 0:00,0,0
6/28/24 1:00,0,0
6/28/24 2:00,0,0
6/28/24 3:00,0,0
6/28/24 4:00,0.003345519,0
6/28/24 5:00,0.08693048,0.05966062
6/28/24 6:00,0.2927022,0.2189163
6/28/24 7:00,0.4210044,0.3717306
6/28/24 8:00,0.7331109,0.6620132
6/28/24 9:00,0.8045911,0.7545422
6/28/24 10:00,0.8379117,0.7999244
6/28/24 11:00,0.7064602,0.6815475
6/28/24 12:00,0.9753386,0.9307935
6/28/24 13:00,0.8056565,0.7605463
6/28/24 14:00,0.6279602,0.581881
6/28/24 15:00,0.2025867,0.1960603
6/28/24 16:00,0.1920288,0.1808434
6/28/24 17:00,0.1016364,0.08780003
6/28/24 18:00,0.01045943,0
6/28/24 19:00,0,0
6/28/24 20:00,0,0
6/28/24 21:00,0,0
6/28/24 22:00,0,0
6/28/24 23:00,0,0
6/29/24 0:00,0,0
6/29/24 1:00,0,0
6/29/24 2:00,0,0
6/29/24 3:00,0,0
6/29/24 4:00,0.002877003,0
6/29/24 5:00,0.1240781,0.02789636
6/29/24 6:00,0.3112495,0.2249016
6/29/24 7:00,0.5343165,0.4498744
6/29/24 8:00,0.6382262,0.5819136
6/29/24 9:00,0.3035693,0.2945752
6/29/24 10:00,0.7943656,0.7598036
6/29/24 11:00,0.7464556,0.7192711
6/29/24 12:00,0.8290921,0.7940491
6/29/24 13:00,0.8203261,0.7741866
6/29/24 14:00,0.8318028,0.7595066
6/29/24 15:00,0.4987199,0.4404959
6/29/24 16:00,0.3650379,0.2800085
6/29/24 17:00,0.1699679,0.08039657
6/29/24 18:00,0.0177056,0
6/29/24 19:00,0,0
6/29/24 20:00,0,0
6/29/24 21:00,0,0
6/29/24 22:00,0,0
6/29/24 23:00,0,0
6/30/24 0:00,0,0
6/30/24 1:00,0,0
6/30/24 2:00,0,0
6/30/24 3:00,0,0
6/30/24 4:00,0.001707676,0
6/30/24 5:00,0.08737432,0.0580109
6/30/24 6:00,0.1848494,0.1690315
6/30/24 7:00,0.2896966,0.273738
6/30/24 8:00,0.4246424,0.4040712
6/30/24 9:00,0.5217071,0.5011013
6/30/24 10:00,0.5584483,0.5400003
6/30/24 11:00,0.6185839,0.5986658
6/30/24 12:00,0.6937442,0.6681733
6/30/24 13:00,0.8436335,0.7958207
6/30/24 14:00,0.5562076,0.5219732
6/30/24 15:00,0.5484062,0.47731
6/30/24 16:00,0.2753765,0.237484
6/30/24 17:00,0.1232817,0.09332172
6/30/24 18:00,0.01583307,0
6/30/24 19:00,0,0
6/30/24 20:00,0,0
6/30/24 21:00,0,0
6/30/24 22:00,0,0
6/30/24 23:00,0,0
7/1/24 0:00,0,0
7/1/24 1:00,0,0
7/1/24 2:00,0,0
7/1/24 3:00,0,0
7/1/24 4:00,0.001766609,0
7/1/24 5:00,0.04043463,0.03840359
7/1/24 6:00,0.1179723,0.1134712
7/1/24 7:00,0.376277,0.340605
7/1/24 8:00,0.2922565,0.2827024
7/1/24 9:00,0.3303029,0.3203946
7/1/24 10:00,0.4499432,0.4364403
7/1/24 11:00,0.3908362,0.3796106
7/1/24 12:00,0.6003863,0.5804909
7/1/24 13:00,0.4197412,0.4065502
7/1/24 14:00,0.278477,0.2699227
7/1/24 15:00,0.1311417,0.1271451
7/1/24 16:00,0.07894237,0.07640745
7/1/24 17:00,0.02232988,0.02157325
7/1/24 18:00,0.00328153,0
7/1/24 19:00,0,0
7/1/24 20:00,0,0
7/1/24 21:00,0,0
7/1/24 22:00,0,0
7/1/24 23:00,0,0
7/2/24 0:00,0,0
7/2/24 1:00,0,0
7/2/24 2:00,0,0
7/2/24 3:00,0,0
7/2/24 4:00,0.001314699,0
7/2/24 5:00,0.02783493,0.0266402
7/2/24 6:00,0.02871399,0.02783592
7/2/24 7:00,0.01541728,0.0149658
7/2/24 8:00,0.1720217,0.1668949
7/2/24 9:00,0.1362265,0.1322699
7/2/24 10:00,0.1773897,0.1722771
7/2/24 11:00,0.2720451,0.2642428
7/2/24 12:00,0.1953414,0.1897207
7/2/24 13:00,0.1910574,0.1855165
7/2/24 14:00,0.2634099,0.2554254
7/2/24 15:00,0.1493011,0.1447144
7/2/24 16:00,0.1299592,0.125406
7/2/24 17:00,0.09563322,0.0852165
7/2/24 18:00,0.002767069,0
7/2/24 19:00,0,0
7/2/24 20:00,0,0
7/2/24 21:00,0,0
7/2/24 22:00,0,0
7/2/24 23:00,0,0
7/3/24 0:00,0,0
7/3/24 1:00,0,0
7/3/24 2:00,0,0
7/3/24 3:00,0,0
7/3/24 4:00,0.001582347,0
7/3/24 5:00,0.02561773,0.02454685
7/3/24 6:00,0.07338429,0.0709288
7/3/24 7:00,0.1355335,0.1313044
7/3/24 8:00,0.1414759,0.1372874
7/3/24 9:00,0.3086215,0.2994768
7/3/24 10:00,0.5353841,0.5182987
7/3/24 11:00,0.2838828,0.2757455
7/3/24 12:00,0.2080554,0.202072
7/3/24 13:00,0.3914666,0.3795331
7/3/24 14:00,0.3281169,0.3173797
7/3/24 15:00,0.2155728,0.2084922
7/3/24 16:00,0.1655712,0.1583433
7/3/24 17:00,0.09271382,0.08357144
7/3/24 18:00,0.00757349,0
7/3/24 19:00,0,0
7/3/24 20:00,0,0
7/3/24 21:00,0,0
7/3/24 22:00,0,0
7/3/24 23:00,0,0
7/4/24 0:00,0,0
7/4/24 1:00,0,0
7/4/24 2:00,0,0
7/4/24 3:00,0,0
7/4/24 4:00,0.001518351,0
7/4/24 5:00,0.01419641,0.01368859
7/4/24 6:00,0.0502766,0.04867255
7/4/24 7:00,0.1384548,0.1341269
7/4/24 8:00,0.2353031,0.2281465
7/4/24 9:00,0.2558708,0.24839
7/4/24 10:00,0.1363978,0.1324651
7/4/24 11:00,0.187931,0.1825348
7/4/24 12:00,0.1635572,0.1588503
7/4/24 13:00,0.1328231,0.1289779
7/4/24 14:00,0.1681366,0.1631806
7/4/24 15:00,0.1490096,0.1444386
7/4/24 16:00,0.07360082,0.07126026
7/4/24 17:00,0.02614566,0.02523862
7/4/24 18:00,0.002164217,0
7/4/24 19:00,0,0
7/4/24 20:00,0,0
7/4/24 21:00,0,0
7/4/24 22:00,0,0
7/4/24 23:00,0,0
7/5/24 0:00,0,0
7/5/24 1:00,0,0
7/5/24 2:00,0,0
7/5/24 3:00,0,0
7/5/24 4:00,0.002206316,0
7/5/24 5:00,0.08511998,0.05487606
7/5/24 6:00,0.1033414,0.09963581
7/5/24 7:00,0.3343454,0.3094672
7/5/24 8:00,0.5223921,0.48757
7/5/24 9:00,0.5557036,0.532658
7/5/24 10:00,0.8651218,0.8274376
7/5/24 11:00,0.7460651,0.7202587
7/5/24 12:00,0.5427685,0.5260479
7/5/24 13:00,0.5124807,0.4945934
7/5/24 14:00,0.2947718,0.2856111
7/5/24 15:00,0.4454004,0.4037364
7/5/24 16:00,0.4252761,0.3184653
7/5/24 17:00,0.1676914,0.08441367
7/5/24 18:00,0.01573823,0
7/5/24 19:00,0,0
7/5/24 20:00,0,0
7/5/24 21:00,0,0
7/5/24 22:00,0,0
7/5/24 23:00,0,0
7/6/24 0:00,0,0
7/6/24 1:00,0,0
7/6/24 2:00,0,0
7/6/24 3:00,0,0
7/6/24 4:00,0.000920285,0
7/6/24 5:00,0.03964809,0.03763006
7/6/24 6:00,0.2377468,0.1966019
7/6/24 7:00,0.4818504,0.4128323
7/6/24 8:00,0.5637042,0.521842
7/6/24 9:00,0.5192872,0.4993292
7/6/24 10:00,0.6460649,0.623307
7/6/24 11:00,0.3814222,0.3705359
7/6/24 12:00,0.0925532,0.08988249
7/6/24 13:00,0.08485894,0.0824022
7/6/24 14:00,0.03151311,0.03059581
7/6/24 15:00,0.07543266,0.07319152
7/6/24 16:00,0.0621429,0.06019978
7/6/24 17:00,0.08522876,0.07868379
7/6/24 18:00,0.01525311,0
7/6/24 19:00,0,0
7/6/24 20:00,0,0
7/6/24 21:00,0,0
7/6/24 22:00,0,0
7/6/24 23:00,0,0
7/7/24 0:00,0,0
7/7/24 1:00,0,0
7/7/24 2:00,0,0
7/7/24 3:00,0,0
7/7/24 4:00,0.000907327,0
7/7/24 5:00,0.07045738,0.05597181
7/7/24 6:00,0.1097288,0.1056857
7/7/24 7:00,0.2074921,0.20018
7/7/24 8:00,0.2455035,0.2379903
7/7/24 9:00,0.5425367,0.5208617
7/7/24 10:00,0.8188432,0.785102
7/7/24 11:00,0.3913289,0.3801746
7/7/24 12:00,0.7942056,0.7642865
7/7/24 13:00,0.5523694,0.5321638
7/7/24 14:00,0.3682807,0.3553874
7/7/24 15:00,0.4302008,0.3929869
7/7/24 16:00,0.4013896,0.3044401
7/7/24 17:00,0.13519,0.09418852
7/7/24 18:00,0.01785997,0
7/7/24 19:00,0,0
7/7/24 20:00,0,0
7/7/24 21:00,0,0
7/7/24 22:00,0,0
7/7/24 23:00,0,0
7/8/24 0:00,0,0
7/8/24 1:00,0,0
7/8/24 2:00,0,0
7/8/24 3:00,0,0
7/8/24 4:00,0.001034074,0
7/8/24 5:00,0.000264154,0.000256399
7/8/24 6:00,0.03659733,0.0354602
7/8/24 7:00,0.0573677,0.05565887
7/8/24 8:00,0.1186814,0.1151875
7/8/24 9:00,0.1090384,0.1058777
7/8/24 10:00,0.1471559,0.1429187
7/8/24 11:00,0.1075495,0.1044524
7/8/24 12:00,0.1449593,0.1407897
7/8/24 13:00,0.1068942,0.1038025
7/8/24 14:00,0.06495608,0.06306453
7/8/24 15:00,0.03279739,0.03183606
7/8/24 16:00,0.05084511,0.04928006
7/8/24 17:00,0.02476745,0.02391887
7/8/24 18:00,0.001715187,0
7/8/24 19:00,0,0
7/8/24 20:00,0,0
7/8/24 21:00,0,0
7/8/24 22:00,0,0
7/8/24 23:00,0,0
7/9/24 0:00,0,0
7/9/24 1:00,0,0
7/9/24 2:00,0,0
7/9/24 3:00,0,0
7/9/24 4:00,0.00136956,0
7/9/24 5:00,0.07344241,0.05483559
7/9/24 6:00,0.1350742,0.1288693
7/9/24 7:00,0.2439284,0.233714
7/9/24 8:00,0.1699331,0.1648842
7/9/24 9:00,0.2790506,0.2708903
7/9/24 10:00,0.2324364,0.2257591
7/9/24 11:00,0.2852549,0.2771054
7/9/24 12:00,0.2414231,0.234503
7/9/24 13:00,0.4705829,0.4554164
7/9/24 14:00,0.4403106,0.4220096
7/9/24 15:00,0.2377254,0.2295467
7/9/24 16:00,0.169256,0.1617555
7/9/24 17:00,0.04238423,0.04075018
7/9/24 18:00,0.003487594,0
7/9/24 19:00,0,0
7/9/24 20:00,0,0
7/9/24 21:00,0,0
7/9/24 22:00,0,0
7/9/24 23:00,0,0
7/10/24 0:00,0,0
7/10/24 1:00,0,0
7/10/24 2:00,0,0
7/10/24 3:00,0,0
7/10/24 4:00,0.001186148,0
7/10/24 5:00,0.1176829,0.01958631
7/10/24 6:00,0.2929457,0.2148268
7/10/24 7:00,0.4674321,0.4035591
7/10/24 8:00,0.3708568,0.3561933
7/10/24 9:00,0.7426516,0.7028879
7/10/24 10:00,0.9636235,0.9233205
7/10/24 11:00,0.8777001,0.8471997
7/10/24 12:00,0.7918873,0.7635387
7/10/24 13:00,0.5377661,0.5190099
7/10/24 14:00,0.3459635,0.3345138
7/10/24 15:00,0.2828891,0.271361
7/10/24 16:00,0.1301012,0.1255931
7/10/24 17:00,0.09081271,0.0825143
7/10/24 18:00,0.01515856,0
7/10/24 19:00,0,0
7/10/24 20:00,0,0
7/10/24 21:00,0,0
7/10/24 22:00,0,0
7/10/24 23:00,0,0
7/11/24 0:00,0,0
7/11/24 1:00,0,0
7/11/24 2:00,0,0
7/11/24 3:00,0,0
7/11/24 4:00,0.000953011,0
7/11/24 5:00,0.06970802,0.0536957
7/11/24 6:00,0.1194876,0.1147541
7/11/24 7:00,0.3819309,0.3446397
7/11/24 8:00,0.4838525,0.4560994
7/11/24 9:00,0.6582106,0.6270536
7/11/24 10:00,0.7510272,0.7234311
7/11/24 11:00,0.9160688,0.8844562
7/11/24 12:00,1.024253,0.9851733
7/11/24 13:00,0.8009816,0.7626431
7/11/24 14:00,0.4275099,0.4105896
7/11/24 15:00,0.6174897,0.5387657
7/11/24 16:00,0.419038,0.3185434
7/11/24 17:00,0.1184154,0.09396845
7/11/24 18:00,0.02030462,0
7/11/24 19:00,0,0
7/11/24 20:00,0,0
7/11/24 21:00,0,0
7/11/24 22:00,0,0
7/11/24 23:00,0,0
7/12/24 0:00,0,0
7/12/24 1:00,0,0
7/12/24 2:00,0,0
7/12/24 3:00,0,0
7/12/24 4:00,0.000939865,0
7/12/24 5:00,0.04936777,0.04543208
7/12/24 6:00,0.1276913,0.1222129
7/12/24 7:00,0.08957727,0.08686621
7/12/24 8:00,0.1946264,0.1888253
7/12/24 9:00,0.2988102,0.2900609
7/12/24 10:00,0.2699055,0.2621707
7/12/24 11:00,0.2535763,0.2463389
7/12/24 12:00,0.4658095,0.452474
7/12/24 13:00,0.2990205,0.2903635
7/12/24 14:00,0.2082149,0.202076
7/12/24 15:00,0.09114155,0.08842608
7/12/24 16:00,0.1012978,0.09797461
7/12/24 17:00,0.04239414,0.0407633
7/12/24 18:00,0.001253735,0
7/12/24 19:00,0,0
7/12/24 20:00,0,0
7/12/24 21:00,0,0
7/12/24 22:00,0,0
7/12/24 23:00,0,0
7/13/24 0:00,0,0
7/13/24 1:00,0,0
7/13/24 2:00,0,0
7/13/24 3:00,0,0
7/13/24 4:00,0.000505967,0
7/13/24 5:00,0.05372447,0.04807386
7/13/24 6:00,0.3116575,0.2215746
7/13/24 7:00,0.4561164,0.3964792
7/13/24 8:00,0.6558496,0.6013301
7/13/24 9:00,0.8087953,0.7650567
7/13/24 10:00,0.8257504,0.7949271
7/13/24 11:00,0.9399357,0.9088436
7/13/24 12:00,0.6369483,0.6175195
7/13/24 13:00,0.746496,0.7136594
7/13/24 14:00,0.5539069,0.5239278
7/13/24 15:00,0.4096459,0.3789186
7/13/24 16:00,0.2058709,0.1928047
7/13/24 17:00,0.09475207,0.08485744
7/13/24 18:00,0.01063118,0
7/13/24 19:00,0,0
7/13/24 20:00,0,0
7/13/24 21:00,0,0
7/13/24 22:00,0,0
7/13/24 23:00,0,0
7/14/24 0:00,0,0
7/14/24 1:00,0,0
7/14/24 2:00,0,0
7/14/24 3:00,0,0
7/14/24 4:00,0.000493335,0
7/14/24 5:00,0.03246238,0.0308961
7/14/24 6:00,0.101882,0.09822297
7/14/24 7:00,0.2295147,0.2206208
7/14/24 8:00,0.3352763,0.3234485
7/14/24 9:00,0.3936151,0.38152
7/14/24 10:00,0.3663109,0.3558664
7/14/24 11:00,0.2044666,0.1986248
7/14/24 12:00,0.2348271,0.2281165
7/14/24 13:00,0.2278188,0.2212511
7/14/24 14:00,0.1365344,0.1325472
7/14/24 15:00,0.1812641,0.1756676
7/14/24 16:00,0.0489069,0.04740995
7/14/24 17:00,0.02852086,0.02752168
7/14/24 18:00,0.005383123,0
7/14/24 19:00,0,0
7/14/24 20:00,0,0
7/14/24 21:00,0,0
7/14/24 22:00,0,0
7/14/24 23:00,0,0
7/15/24 0:00,0,0
7/15/24 1:00,0,0
7/15/24 2:00,0,0
7/15/24 3:00,0,0
7/15/24 4:00,0.000517695,0
7/15/24 5:00,0.07359826,0.04995322
7/15/24 6:00,0.09077442,0.08760919
7/15/24 7:00,0.1494315,0.1447525
7/15/24 8:00,0.4157698,0.3972216
7/15/24 9:00,0.5556751,0.534522
7/15/24 10:00,0.7921027,0.7643996
7/15/24 11:00,0.8426583,0.8170333
7/15/24 12:00,0.771557,0.7470129
7/15/24 13:00,0.8282905,0.7910982
7/15/24 14:00,0.6484125,0.6072789
7/15/24 15:00,0.4932722,0.443872
7/15/24 16:00,0.3235826,0.2668546
7/15/24 17:00,0.1547275,0.08974326
7/15/24 18:00,0.01252439,0
7/15/24 19:00,0,0
7/15/24 20:00,0,0
7/15/24 21:00,0,0
7/15/24 22:00,0,0
7/15/24 23:00,0,0
7/16/24 0:00,0,0
7/16/24 1:00,0,0
7/16/24 2:00,0,0
7/16/24 3:00,0,0
7/16/24 4:00,5.89253E-05,0
7/16/24 5:00,0.03557583,0.03375784
7/16/24 6:00,0.06736253,0.06513158
7/16/24 7:00,0.2758391,0.2618898
7/16/24 8:00,0.5812671,0.5399225
7/16/24 9:00,0.4068754,0.3943354
7/16/24 10:00,0.6094308,0.59097
7/16/24 11:00,0.8288743,0.8044848
7/16/24 12:00,0.9734953,0.9412125
7/16/24 13:00,0.7674751,0.7351847
7/16/24 14:00,0.5926584,0.5591809
7/16/24 15:00,0.6298313,0.5537932
7/16/24 16:00,0.3902714,0.3038406
7/16/24 17:00,0.1407429,0.09292983
7/16/24 18:00,0.01254268,0
7/16/24 19:00,0,0
7/16/24 20:00,0,0
7/16/24 21:00,0,0
7/16/24 22:00,0,0
7/16/24 23:00,0,0
7/17/24 0:00,0,0
7/17/24 1:00,0,0
7/17/24 2:00,0,0
7/17/24 3:00,0,0
7/17/24 4:00,0.000215979,0
7/17/24 5:00,0.05767782,0.04863894
7/17/24 6:00,0.1675928,0.1548663
7/17/24 7:00,0.2946477,0.2778682
7/17/24 8:00,0.2726704,0.2641886
7/17/24 9:00,0.3456572,0.3354689
7/17/24 10:00,0.5580631,0.5418182
7/17/24 11:00,0.6606612,0.6425558
7/17/24 12:00,0.4450932,0.4326781
7/17/24 13:00,0.3989635,0.3872927
7/17/24 14:00,0.148997,0.14465
7/17/24 15:00,0.1892417,0.1833872
7/17/24 16:00,0.2976689,0.2538289
7/17/24 17:00,0.08934522,0.08129634
7/17/24 18:00,0.00935843,0
7/17/24 19:00,0,0
7/17/24 20:00,0,0
7/17/24 21:00,0,0
7/17/24 22:00,0,0
7/17/24 23:00,0,0
7/18/24 0:00,0,0
7/18/24 1:00,0,0
7/18/24 2:00,0,0
7/18/24 3:00,0,0
7/18/24 4:00,0.000157412,0
7/18/24 5:00,0.04631893,0.04248806
7/18/24 6:00,0.2517638,0.1988843
7/18/24 7:00,0.3533177,0.3244902
7/18/24 8:00,0.5793415,0.5393534
7/18/24 9:00,0.8825643,0.8382707
7/18/24 10:00,0.6976843,0.6762392
7/18/24 11:00,0.7715133,0.7504362
7/18/24 12:00,0.8671712,0.840872
7/18/24 13:00,0.796536,0.7639841
7/18/24 14:00,0.8267438,0.7703912
7/18/24 15:00,0.5788077,0.5131165
7/18/24 16:00,0.3330288,0.2729861
7/18/24 17:00,0.1430547,0.09193119
7/18/24 18:00,0.01032881,0
7/18/24 19:00,0,0
7/18/24 20:00,0,0
7/18/24 21:00,0,0
7/18/24 22:00,0,0
7/18/24 23:00,0,0
7/19/24 0:00,0,0
7/19/24 1:00,0,0
7/19/24 2:00,0,0
7/19/24 3:00,0,0
7/19/24 4:00,6.63949E-05,0
7/19/24 5:00,0.01534765,0.01476572
7/19/24 6:00,0.05868971,0.05678263
7/19/24 7:00,0.1784728,0.172711
7/19/24 8:00,0.2033988,0.1973657
7/19/24 9:00,0.3046438,0.2958099
7/19/24 10:00,0.2023952,0.1966129
7/19/24 11:00,0.1830592,0.1778376
7/19/24 12:00,0.1628274,0.1581708
7/19/24 13:00,0.1261861,0.1225536
7/19/24 14:00,0.1636842,0.1589109
7/19/24 15:00,0.09264913,0.08989956
7/19/24 16:00,0.05627347,0.05454163
7/19/24 17:00,0.0240061,0.02319039
7/19/24 18:00,0.008004485,0
7/19/24 19:00,0,0
7/19/24 20:00,0,0
7/19/24 21:00,0,0
7/19/24 22:00,0,0
7/19/24 23:00,0,0
7/20/24 0:00,0,0
7/20/24 1:00,0,0
7/20/24 2:00,0,0
7/20/24 3:00,0,0
7/20/24 4:00,5.45941E-05,0
7/20/24 5:00,0.00077994,0.000756853
7/20/24 6:00,0.004178835,0.004056151
7/20/24 7:00,0.01972413,0.01914662
7/20/24 8:00,0.02682731,0.02604652
7/20/24 9:00,0.01539669,0.01494873
7/20/24 10:00,0.08776297,0.08523633
7/20/24 11:00,0.1557485,0.1512986
7/20/24 12:00,0.05149935,0.05001115
7/20/24 13:00,0.05881367,0.05711339
7/20/24 14:00,0.08749181,0.08495183
7/20/24 15:00,0.06612878,0.06418176
7/20/24 16:00,0.02388574,0.02317575
7/20/24 17:00,0.06333044,0.06043835
7/20/24 18:00,0.003882456,0
7/20/24 19:00,0,0
7/20/24 20:00,0,0
7/20/24 21:00,0,0
7/20/24 22:00,0,0
7/20/24 23:00,0,0
7/21/24 0:00,0,0
7/21/24 1:00,0,0
7/21/24 2:00,0,0
7/21/24 3:00,0,0
7/21/24 4:00,3.06532E-05,0
7/21/24 5:00,0.08137973,0.03720711
7/21/24 6:00,0.3096299,0.2215383
7/21/24 7:00,0.5006886,0.4329261
7/21/24 8:00,0.699976,0.6462629
7/21/24 9:00,0.7556638,0.7225474
7/21/24 10:00,0.7180686,0.6974818
7/21/24 11:00,0.8027244,0.7828594
7/21/24 12:00,0.8168131,0.7948766
7/21/24 13:00,0.8042493,0.7740456
7/21/24 14:00,0.7304929,0.6854386
7/21/24 15:00,0.4320065,0.399357
7/21/24 16:00,0.3597858,0.2891544
7/21/24 17:00,0.1418165,0.09099957
7/21/24 18:00,0.01167839,0
7/21/24 19:00,0,0
7/21/24 20:00,0,0
7/21/24 21:00,0,0
7/21/24 22:00,0,0
7/21/24 23:00,0,0
7/22/24 0:00,0,0
7/22/24 1:00,0,0
7/22/24 2:00,0,0
7/22/24 3:00,0,0
7/22/24 4:00,1.51582E-05,0
7/22/24 5:00,0.08859352,0.0283265
7/22/24 6:00,0.2485185,0.1971729
7/22/24 7:00,0.504617,0.4367264
7/22/24 8:00,0.7304096,0.6747296
7/22/24 9:00,0.9279823,0.8861232
7/22/24 10:00,1.017821,0.98795
7/22/24 11:00,1.025902,1.001658
7/22/24 12:00,1.050746,1.023249
7/22/24 13:00,0.9841283,0.9469836
7/22/24 14:00,0.5869551,0.5575812
7/22/24 15:00,0.5212377,0.4703312
7/22/24 16:00,0.4018547,0.3159825
7/22/24 17:00,0.1591824,0.08631425
7/22/24 18:00,0.01005819,0
7/22/24 19:00,0,0
7/22/24 20:00,0,0
7/22/24 21:00,0,0
7/22/24 22:00,0,0
7/22/24 23:00,0,0
7/23/24 0:00,0,0
7/23/24 1:00,0,0
7/23/24 2:00,0,0
7/23/24 3:00,0,0
7/23/24 4:00,2.35728E-06,0
7/23/24 5:00,0.004781602,0.004629457
7/23/24 6:00,0.04358728,0.04221597
7/23/24 7:00,0.09469662,0.09184209
7/23/24 8:00,0.231252,0.224372
7/23/24 9:00,0.1840903,0.1787968
7/23/24 10:00,0.07081202,0.06877141
7/23/24 11:00,0.06247662,0.06067544
7/23/24 12:00,0.1641653,0.1594824
7/23/24 13:00,0.09434532,0.09162889
7/23/24 14:00,0.06547759,0.06357904
7/23/24 15:00,0.07492241,0.07271546
7/23/24 16:00,0.05926272,0.05743807
7/23/24 17:00,0.03617604,0.03484086
7/23/24 18:00,0.003100954,0
7/23/24 19:00,0,0
7/23/24 20:00,0,0
7/23/24 21:00,0,0
7/23/24 22:00,0,0
7/23/24 23:00,0,0
7/24/24 0:00,0,0
7/24/24 1:00,0,0
7/24/24 2:00,0,0
7/24/24 3:00,0,0
7/24/24 4:00,0,0
7/24/24 5:00,0.06281377,0.04436804
7/24/24 6:00,0.249822,0.1975629
7/24/24 7:00,0.4895937,0.4268242
7/24/24 8:00,0.7533332,0.6981435
7/24/24 9:00,0.9321716,0.8928444
7/24/24 10:00,1.023465,0.9962029
7/24/24 11:00,0.9635904,0.943293
7/24/24 12:00,0.8061718,0.7871506
7/24/24 13:00,0.9382321,0.9055923
7/24/24 14:00,0.7128459,0.672627
7/24/24 15:00,0.5304265,0.479354
7/24/24 16:00,0.3527581,0.2868401
7/24/24 17:00,0.1158661,0.09072575
7/24/24 18:00,0.007362897,0
7/24/24 19:00,0,0
7/24/24 20:00,0,0
7/24/24 21:00,0,0
7/24/24 22:00,0,0
7/24/24 23:00,0,0
7/25/24 0:00,0,0
7/25/24 1:00,0,0
7/25/24 2:00,0,0
7/25/24 3:00,0,0
7/25/24 4:00,0,0
7/25/24 5:00,0.02109748,0.02018873
7/25/24 6:00,0.07090085,0.06854333
7/25/24 7:00,0.09255311,0.08977097
7/25/24 8:00,0.076399,0.07417722
7/25/24 9:00,0.09541193,0.09266247
7/25/24 10:00,0.3229716,0.3139149
7/25/24 11:00,0.2498746,0.2428218
7/25/24 12:00,0.2078649,0.2019675
7/25/24 13:00,0.2664348,0.2588515
7/25/24 14:00,0.1734895,0.1684572
7/25/24 15:00,0.1431184,0.1388302
7/25/24 16:00,0.06899197,0.06684818
7/25/24 17:00,0.03600634,0.03467696
7/25/24 18:00,0.003401645,0
7/25/24 19:00,0,0
7/25/24 20:00,0,0
7/25/24 21:00,0,0
7/25/24 22:00,0,0
7/25/24 23:00,0,0
7/26/24 0:00,0,0
7/26/24 1:00,0,0
7/26/24 2:00,0,0
7/26/24 3:00,0,0
7/26/24 4:00,0,0
7/26/24 5:00,0.1023538,0.009805469
7/26/24 6:00,0.3519825,0.2498168
7/26/24 7:00,0.5247546,0.4564812
7/26/24 8:00,0.6951833,0.6475867
7/26/24 9:00,0.5685896,0.5504039
7/26/24 10:00,0.9596076,0.9368174
7/26/24 11:00,0.9880319,0.969968
7/26/24 12:00,0.8331762,0.81558
7/26/24 13:00,0.9182754,0.8891487
7/26/24 14:00,0.8298128,0.7837535
7/26/24 15:00,0.5881516,0.5292158
7/26/24 16:00,0.1660278,0.1590981
7/26/24 17:00,0.1482954,0.08658288
7/26/24 18:00,0.005121848,0
7/26/24 19:00,0,0
7/26/24 20:00,0,0
7/26/24 21:00,0,0
7/26/24 22:00,0,0
7/26/24 23:00,0,0
7/27/24 0:00,0,0
7/27/24 1:00,0,0
7/27/24 2:00,0,0
7/27/24 3:00,0,0
7/27/24 4:00,0,0
7/27/24 5:00,0.03236398,0.03060495
7/27/24 6:00,0.04760074,0.04609421
7/27/24 7:00,0.07440972,0.07219452
7/27/24 8:00,0.1400902,0.1360056
7/27/24 9:00,0.2197021,0.2134176
7/27/24 10:00,0.4874012,0.4747964
7/27/24 11:00,0.453197,0.4414466
7/27/24 12:00,0.2407748,0.2339783
7/27/24 13:00,0.3515366,0.3417045
7/27/24 14:00,0.1694394,0.1645363
7/27/24 15:00,0.1373959,0.1332969
7/27/24 16:00,0.08619206,0.08346654
7/27/24 17:00,0.01776149,0.01718112
7/27/24 18:00,0.001664493,0
7/27/24 19:00,0,0
7/27/24 20:00,0,0
7/27/24 21:00,0,0
7/27/24 22:00,0,0
7/27/24 23:00,0,0
7/28/24 0:00,0,0
7/28/24 1:00,0,0
7/28/24 2:00,0,0
7/28/24 3:00,0,0
7/28/24 4:00,0,0
7/28/24 5:00,0.01319431,0.01269526
7/28/24 6:00,0.05879711,0.05689528
7/28/24 7:00,0.1526141,0.1479061
7/28/24 8:00,0.2176532,0.211262
7/28/24 9:00,0.2814973,0.2734844
7/28/24 10:00,0.2558372,0.2486208
7/28/24 11:00,0.1390369,0.1350755
7/28/24 12:00,0.1410725,0.1370516
7/28/24 13:00,0.03887942,0.0377544
7/28/24 14:00,0.06430428,0.06244326
7/28/24 15:00,0.02639089,0.02562131
7/28/24 16:00,0.03163757,0.03069329
7/28/24 17:00,0.01574124,0.01523355
7/28/24 18:00,0.001951441,0
7/28/24 19:00,0,0
7/28/24 20:00,0,0
7/28/24 21:00,0,0
7/28/24 22:00,0,0
7/28/24 23:00,0,0
7/29/24 0:00,0,0
7/29/24 1:00,0,0
7/29/24 2:00,0,0
7/29/24 3:00,0,0
7/29/24 4:00,0,0
7/29/24 5:00,0.02091768,0.01999653
7/29/24 6:00,0.04052495,0.03926149
7/29/24 7:00,0.08443739,0.08191787
7/29/24 8:00,0.08033301,0.07800175
7/29/24 9:00,0.1562845,0.1518103
7/29/24 10:00,0.1318771,0.1281134
7/29/24 11:00,0.323327,0.3143605
7/29/24 12:00,0.1666602,0.1619275
7/29/24 13:00,0.01991108,0.01933287
7/29/24 14:00,0.04425393,0.04297179
7/29/24 15:00,0.0468336,0.04546565
7/29/24 16:00,0.05930936,0.0574922
7/29/24 17:00,0.02669216,0.02576384
7/29/24 18:00,0.002892963,0
7/29/24 19:00,0,0
7/29/24 20:00,0,0
7/29/24 21:00,0,0
7/29/24 22:00,0,0
7/29/24 23:00,0,0
7/30/24 0:00,0,0
7/30/24 1:00,0,0
7/30/24 2:00,0,0
7/30/24 3:00,0,0
7/30/24 4:00,0,0
7/30/24 5:00,0.0144079,0.01384472
7/30/24 6:00,0.04295854,0.04161393
7/30/24 7:00,0.03213211,0.03119069
7/30/24 8:00,0.02043601,0.01984181
7/30/24 9:00,0.03021686,0.02934113
7/30/24 10:00,0.003606639,0.00350134
7/30/24 11:00,0.02837012,0.02754821
7/30/24 12:00,0.03156618,0.03065227
7/30/24 13:00,0.01204058,0.01169021
7/30/24 14:00,0.000649049,0.000630059
7/30/24 15:00,0.01589761,0.01543428
7/30/24 16:00,0.02630182,0.02552107
7/30/24 17:00,0.02458451,0.02374095
7/30/24 18:00,0.001815014,0
7/30/24 19:00,0,0
7/30/24 20:00,0,0
7/30/24 21:00,0,0
7/30/24 22:00,0,0
7/30/24 23:00,0,0
7/31/24 0:00,0,0
7/31/24 1:00,0,0
7/31/24 2:00,0,0
7/31/24 3:00,0,0
7/31/24 4:00,0,0
7/31/24 5:00,0.008358252,0.008068102
7/31/24 6:00,0.03840052,0.0372097
7/31/24 7:00,0.0733019,0.07112814
7/31/24 8:00,0.1365685,0.1326049
7/31/24 9:00,0.1558246,0.1513719
7/31/24 10:00,0.153162,0.1488081
7/31/24 11:00,0.1261448,0.122551
7/31/24 12:00,0.1115305,0.1083449
7/31/24 13:00,0.07486977,0.07271656
7/31/24 14:00,0.0931285,0.09044133
7/31/24 15:00,0.08413429,0.08166578
7/31/24 16:00,0.06569251,0.06367031
7/31/24 17:00,0.04667271,0.04480109
7/31/24 18:00,0.001039505,0
7/31/24 19:00,0,0
7/31/24 20:00,0,0
7/31/24 21:00,0,0
7/31/24 22:00,0,0
7/31/24 23:00,0,0
8/1/24 0:00,0,0
8/1/24 1:00,0,0
8/1/24 2:00,0,0
8/1/24 3:00,0,0
8/1/24 4:00,0,0
8/1/24 5:00,0.006990275,0.006753818
8/1/24 6:00,0.02586932,0.02508533
8/1/24 7:00,0.01683708,0.01634547
8/1/24 8:00,0.1003907,0.09748287
8/1/24 9:00,0.1578817,0.1533754
8/1/24 10:00,0.1038943,0.1009235
8/1/24 11:00,0.09336209,0.09069043
8/1/24 12:00,0.1013354,0.09843819
8/1/24 13:00,0.1188038,0.1154076
8/1/24 14:00,0.0990163,0.09616201
8/1/24 15:00,0.04256055,0.0413196
8/1/24 16:00,0.03293583,0.03195362
8/1/24 17:00,0.01480182,0.01432625
8/1/24 18:00,0.001172155,0
8/1/24 19:00,0,0
8/1/24 20:00,0,0
8/1/24 21:00,0,0
8/1/24 22:00,0,0
8/1/24 23:00,0,0
8/2/24 0:00,0,0
8/2/24 1:00,0,0
8/2/24 2:00,0,0
8/2/24 3:00,0,0
8/2/24 4:00,0,0
8/2/24 5:00,0.05262761,0.03835622
8/2/24 6:00,0.216392,0.1832734
8/2/24 7:00,0.409209,0.372564
8/2/24 8:00,0.6370973,0.6036395
8/2/24 9:00,0.9042698,0.880174
8/2/24 10:00,0.8115153,0.8000563
8/2/24 11:00,0.9068666,0.8992177
8/2/24 12:00,0.9430718,0.9337143
8/2/24 13:00,0.9194254,0.901076
8/2/24 14:00,0.7081591,0.6792078
8/2/24 15:00,0.3599669,0.3428682
8/2/24 16:00,0.2476519,0.2252295
8/2/24 17:00,0.07493447,0.06938261
8/2/24 18:00,0.005532615,0
8/2/24 19:00,0,0
8/2/24 20:00,0,0
8/2/24 21:00,0,0
8/2/24 22:00,0,0
8/2/24 23:00,0,0
8/3/24 0:00,0,0
8/3/24 1:00,0,0
8/3/24 2:00,0,0
8/3/24 3:00,0,0
8/3/24 4:00,0,0
8/3/24 5:00,0.05887953,0.03499071
8/3/24 6:00,0.2265635,0.1883279
8/3/24 7:00,0.4542506,0.4087515
8/3/24 8:00,0.664953,0.6306237
8/3/24 9:00,0.9309536,0.9079563
8/3/24 10:00,0.8836408,0.8735815
8/3/24 11:00,0.92334,0.9172897
8/3/24 12:00,0.9657232,0.9579551
8/3/24 13:00,0.8422951,0.8268209
8/3/24 14:00,0.8307936,0.7974578
8/3/24 15:00,0.6687433,0.6121857
8/3/24 16:00,0.4162425,0.3390848
8/3/24 17:00,0.1529013,0.07865033
8/3/24 18:00,0.00831927,0
8/3/24 19:00,0,0
8/3/24 20:00,0,0
8/3/24 21:00,0,0
8/3/24 22:00,0,0
8/3/24 23:00,0,0
8/4/24 0:00,0,0
8/4/24 1:00,0,0
8/4/24 2:00,0,0
8/4/24 3:00,0,0
8/4/24 4:00,0,0
8/4/24 5:00,0.06356158,0.03015708
8/4/24 6:00,0.2163951,0.1834879
8/4/24 7:00,0.523496,0.4670395
8/4/24 8:00,0.5984891,0.5706711
8/4/24 9:00,0.5745277,0.560751
8/4/24 10:00,0.879727,0.8711735
8/4/24 11:00,0.8264264,0.8203278
8/4/24 12:00,0.806643,0.7990935
8/4/24 13:00,0.5318709,0.5198288
8/4/24 14:00,0.4344747,0.4215853
8/4/24 15:00,0.3778941,0.359286
8/4/24 16:00,0.286076,0.2513087
8/4/24 17:00,0.1378906,0.0801692
8/4/24 18:00,0.006511519,0
8/4/24 19:00,0,0
8/4/24 20:00,0,0
8/4/24 21:00,0,0
8/4/24 22:00,0,0
8/4/24 23:00,0,0
8/5/24 0:00,0,0
8/5/24 1:00,0,0
8/5/24 2:00,0,0
8/5/24 3:00,0,0
8/5/24 4:00,0,0
8/5/24 5:00,0.07007252,0.02215109
8/5/24 6:00,0.2612314,0.205113
8/5/24 7:00,0.5246416,0.4695456
8/5/24 8:00,0.6245474,0.5959778
8/5/24 9:00,0.559728,0.5467482
8/5/24 10:00,0.7672934,0.7590228
8/5/24 11:00,0.8442438,0.8397882
8/5/24 12:00,0.9249456,0.9203239
8/5/24 13:00,0.8123215,0.8000897
8/5/24 14:00,0.6904866,0.6664951
8/5/24 15:00,0.4181216,0.3948381
8/5/24 16:00,0.3283292,0.2785782
8/5/24 17:00,0.1279829,0.08080043
8/5/24 18:00,0.004011159,0
8/5/24 19:00,0,0
8/5/24 20:00,0,0
8/5/24 21:00,0,0
8/5/24 22:00,0,0
8/5/24 23:00,0,0
8/6/24 0:00,0,0
8/6/24 1:00,0,0
8/6/24 2:00,0,0
8/6/24 3:00,0,0
8/6/24 4:00,0,0
8/6/24 5:00,0.01207881,0.01161349
8/6/24 6:00,0.07647119,0.07394018
8/6/24 7:00,0.2231885,0.2154301
8/6/24 8:00,0.2351681,0.2283897
8/6/24 9:00,0.6265627,0.6135139
8/6/24 10:00,0.6535975,0.6442626
8/6/24 11:00,0.5142118,0.5034006
8/6/24 12:00,0.8126215,0.8076355
8/6/24 13:00,0.6219739,0.610762
8/6/24 14:00,0.3339768,0.3245953
8/6/24 15:00,0.2716234,0.2625189
8/6/24 16:00,0.1580291,0.1518797
8/6/24 17:00,0.05587237,0.05329449
8/6/24 18:00,0.003067325,0
8/6/24 19:00,0,0
8/6/24 20:00,0,0
8/6/24 21:00,0,0
8/6/24 22:00,0,0
8/6/24 23:00,0,0
8/7/24 0:00,0,0
8/7/24 1:00,0,0
8/7/24 2:00,0,0
8/7/24 3:00,0,0
8/7/24 4:00,0,0
8/7/24 5:00,0.0419284,0.03473487
8/7/24 6:00,0.1731019,0.1578993
8/7/24 7:00,0.133531,0.1295283
8/7/24 8:00,0.3324626,0.3226568
8/7/24 9:00,0.5378029,0.5260786
8/7/24 10:00,0.6582529,0.6497154
8/7/24 11:00,0.7527701,0.7479331
8/7/24 12:00,0.4679074,0.4572372
8/7/24 13:00,0.4036828,0.3934931
8/7/24 14:00,0.1219084,0.1184179
8/7/24 15:00,0.1169725,0.1135504
8/7/24 16:00,0.1922611,0.1822094
8/7/24 17:00,0.07862557,0.07069957
8/7/24 18:00,0.004295935,0
8/7/24 19:00,0,0
8/7/24 20:00,0,0
8/7/24 21:00,0,0
8/7/24 22:00,0,0
8/7/24 23:00,0,0
8/8/24 0:00,0,0
8/8/24 1:00,0,0
8/8/24 2:00,0,0
8/8/24 3:00,0,0
8/8/24 4:00,0,0
8/8/24 5:00,0.04800274,0.03427603
8/8/24 6:00,0.1258527,0.1202245
8/8/24 7:00,0.1207829,0.1171852
8/8/24 8:00,0.08975929,0.08717462
8/8/24 9:00,0.23469,0.2281103
8/8/24 10:00,0.1833808,0.1782302
8/8/24 11:00,0.3021353,0.2938587
8/8/24 12:00,0.3158099,0.3072127
8/8/24 13:00,0.2139176,0.2079222
8/8/24 14:00,0.1904497,0.1850345
8/8/24 15:00,0.09802108,0.09516345
8/8/24 16:00,0.08956322,0.08676882
8/8/24 17:00,0.02123682,0.02051556
8/8/24 18:00,0.002286927,0
8/8/24 19:00,0,0
8/8/24 20:00,0,0
8/8/24 21:00,0,0
8/8/24 22:00,0,0
8/8/24 23:00,0,0
8/9/24 0:00,0,0
8/9/24 1:00,0,0
8/9/24 2:00,0,0
8/9/24 3:00,0,0
8/9/24 4:00,0,0
8/9/24 5:00,0.03652569,0.0320453
8/9/24 6:00,0.06648165,0.06433606
8/9/24 7:00,0.1669198,0.1618568
8/9/24 8:00,0.5443485,0.5256399
8/9/24 9:00,0.4978503,0.4871499
8/9/24 10:00,0.5957503,0.5870079
8/9/24 11:00,0.542392,0.5326042
8/9/24 12:00,0.6835181,0.677605
8/9/24 13:00,0.5825575,0.5729317
8/9/24 14:00,0.3880018,0.3776072
8/9/24 15:00,0.1305393,0.1267261
8/9/24 16:00,0.08668009,0.08398768
8/9/24 17:00,0.0310263,0.02988773
8/9/24 18:00,0.001523512,0
8/9/24 19:00,0,0
8/9/24 20:00,0,0
8/9/24 21:00,0,0
8/9/24 22:00,0,0
8/9/24 23:00,0,0
8/10/24 0:00,0,0
8/10/24 1:00,0,0
8/10/24 2:00,0,0
8/10/24 3:00,0,0
8/10/24 4:00,0,0
8/10/24 5:00,0.01894254,0.01806786
8/10/24 6:00,0.1157143,0.1111073
8/10/24 7:00,0.1554224,0.1507607
8/10/24 8:00,0.1807126,0.1755503
8/10/24 9:00,0.2055429,0.1997776
8/10/24 10:00,0.2420607,0.2353506
8/10/24 11:00,0.3141587,0.3056357
8/10/24 12:00,0.2217593,0.2155941
8/10/24 13:00,0.2096035,0.2037431
8/10/24 14:00,0.08311003,0.08072627
8/10/24 15:00,0.06037743,0.05862471
8/10/24 16:00,0.06748272,0.0654259
8/10/24 17:00,0.03846987,0.03696821
8/10/24 18:00,0.000534391,0
8/10/24 19:00,0,0
8/10/24 20:00,0,0
8/10/24 21:00,0,0
8/10/24 22:00,0,0
8/10/24 23:00,0,0
8/11/24 0:00,0,0
8/11/24 1:00,0,0
8/11/24 2:00,0,0
8/11/24 3:00,0,0
8/11/24 4:00,0,0
8/11/24 5:00,0.01062753,0.01022199
8/11/24 6:00,0.05028104,0.04870972
8/11/24 7:00,0.1378593,0.1337619
8/11/24 8:00,0.0850563,0.08261275
8/11/24 9:00,0.02380096,0.02311156
8/11/24 10:00,0.05084438,0.04938221
8/11/24 11:00,0.03487981,0.03387276
8/11/24 12:00,0.08089282,0.0785825
8/11/24 13:00,0.1301415,0.1264566
8/11/24 14:00,0.08177318,0.07942903
8/11/24 15:00,0.02160049,0.02097283
8/11/24 16:00,0.04709757,0.04568721
8/11/24 17:00,0.01596393,0.01544009
8/11/24 18:00,0.000366051,0
8/11/24 19:00,0,0
8/11/24 20:00,0,0
8/11/24 21:00,0,0
8/11/24 22:00,0,0
8/11/24 23:00,0,0
8/12/24 0:00,0,0
8/12/24 1:00,0,0
8/12/24 2:00,0,0
8/12/24 3:00,0,0
8/12/24 4:00,0,0
8/12/24 5:00,0.05895127,0.02214752
8/12/24 6:00,0.09905675,0.09560715
8/12/24 7:00,0.4330129,0.401554
8/12/24 8:00,0.6189448,0.6006817
8/12/24 9:00,0.9067219,0.9020329
8/12/24 10:00,0.9522067,0.9586381
8/12/24 11:00,0.9881715,0.9990577
8/12/24 12:00,0.8605583,0.8657899
8/12/24 13:00,0.6953027,0.6908308
8/12/24 14:00,0.4490198,0.4383244
8/12/24 15:00,0.3694858,0.3547064
8/12/24 16:00,0.2390312,0.2199305
8/12/24 17:00,0.1082259,0.07376012
8/12/24 18:00,0.001973774,0
8/12/24 19:00,0,0
8/12/24 20:00,0,0
8/12/24 21:00,0,0
8/12/24 22:00,0,0
8/12/24 23:00,0,0
8/13/24 0:00,0,0
8/13/24 1:00,0,0
8/13/24 2:00,0,0
8/13/24 3:00,0,0
8/13/24 4:00,0,0
8/13/24 5:00,0.04446808,0.0310373
8/13/24 6:00,0.2637612,0.212535
8/13/24 7:00,0.4477059,0.415464
8/13/24 8:00,0.6580543,0.6401536
8/13/24 9:00,0.8097208,0.8068072
8/13/24 10:00,0.6647558,0.6611558
8/13/24 11:00,0.8232306,0.828939
8/13/24 12:00,0.8462718,0.8524787
8/13/24 13:00,0.6380267,0.6326641
8/13/24 14:00,0.6960195,0.6838154
8/13/24 15:00,0.6101635,0.5756194
8/13/24 16:00,0.3168286,0.275638
8/13/24 17:00,0.1070503,0.07235162
8/13/24 18:00,0.001396297,0
8/13/24 19:00,0,0
8/13/24 20:00,0,0
8/13/24 21:00,0,0
8/13/24 22:00,0,0
8/13/24 23:00,0,0
8/14/24 0:00,0,0
8/14/24 1:00,0,0
8/14/24 2:00,0,0
8/14/24 3:00,0,0
8/14/24 4:00,0,0
8/14/24 5:00,0.05340872,0.02452461
8/14/24 6:00,0.2486187,0.2047016
8/14/24 7:00,0.3479648,0.3302039
8/14/24 8:00,0.4398997,0.4288085
8/14/24 9:00,0.6013002,0.5949288
8/14/24 10:00,0.7107924,0.7105638
8/14/24 11:00,0.9418696,0.9552053
8/14/24 12:00,0.9281882,0.9396241
8/14/24 13:00,0.9339165,0.9381718
8/14/24 14:00,0.8024693,0.7907835
8/14/24 15:00,0.4848949,0.4614149
8/14/24 16:00,0.2751032,0.2467106
8/14/24 17:00,0.1016015,0.0712202
8/14/24 18:00,0.001802447,0
8/14/24 19:00,0,0
8/14/24 20:00,0,0
8/14/24 21:00,0,0
8/14/24 22:00,0,0
8/14/24 23:00,0,0
8/15/24 0:00,0,0
8/15/24 1:00,0,0
8/15/24 2:00,0,0
8/15/24 3:00,0,0
8/15/24 4:00,0,0
8/15/24 5:00,0.05915307,0.01734037
8/15/24 6:00,0.1382182,0.1311254
8/15/24 7:00,0.1781635,0.1728355
8/15/24 8:00,0.2467515,0.2398946
8/15/24 9:00,0.1126118,0.1094212
8/15/24 10:00,0.5267708,0.5187606
8/15/24 11:00,0.7191751,0.7206415
8/15/24 12:00,0.5464026,0.5388166
8/15/24 13:00,0.3881674,0.3789628
8/15/24 14:00,0.09145936,0.08885033
8/15/24 15:00,0.1659183,0.1611215
8/15/24 16:00,0.2066488,0.1945405
8/15/24 17:00,0.07384899,0.06449556
8/15/24 18:00,0.001292437,0
8/15/24 19:00,0,0
8/15/24 20:00,0,0
8/15/24 21:00,0,0
8/15/24 22:00,0,0
8/15/24 23:00,0,0
8/16/24 0:00,0,0
8/16/24 1:00,0,0
8/16/24 2:00,0,0
8/16/24 3:00,0,0
8/16/24 4:00,0,0
8/16/24 5:00,0.0615918,0.01337813
8/16/24 6:00,0.3104234,0.2484746
8/16/24 7:00,0.5239341,0.4886703
8/16/24 8:00,0.6424782,0.6302895
8/16/24 9:00,0.8679395,0.8717881
8/16/24 10:00,0.9188601,0.93253
8/16/24 11:00,0.9082088,0.9237589
8/16/24 12:00,0.8578209,0.8696453
8/16/24 13:00,0.755587,0.7588915
8/16/24 14:00,0.7283068,0.7211919
8/16/24 15:00,0.6197881,0.5904318
8/16/24 16:00,0.2833939,0.2534773
8/16/24 17:00,0.08975519,0.06816608
8/16/24 18:00,0.000577883,0
8/16/24 19:00,0,0
8/16/24 20:00,0,0
8/16/24 21:00,0,0
8/16/24 22:00,0,0
8/16/24 23:00,0,0
8/17/24 0:00,0,0
8/17/24 1:00,0,0
8/17/24 2:00,0,0
8/17/24 3:00,0,0
8/17/24 4:00,0,0
8/17/24 5:00,0.02102313,0.0199292
8/17/24 6:00,0.1484976,0.1398686
8/17/24 7:00,0.2712296,0.2616985
8/17/24 8:00,0.3498577,0.3411895
8/17/24 9:00,0.439602,0.4310489
8/17/24 10:00,0.3693267,0.3602017
8/17/24 11:00,0.4523924,0.4430335
8/17/24 12:00,0.4765746,0.4677417
8/17/24 13:00,0.6674489,0.6675056
8/17/24 14:00,0.517854,0.510048
8/17/24 15:00,0.4151314,0.3998966
8/17/24 16:00,0.1981319,0.1875097
8/17/24 17:00,0.04865261,0.04622762
8/17/24 18:00,0.000400602,0
8/17/24 19:00,0,0
8/17/24 20:00,0,0
8/17/24 21:00,0,0
8/17/24 22:00,0,0
8/17/24 23:00,0,0
8/18/24 0:00,0,0
8/18/24 1:00,0,0
8/18/24 2:00,0,0
8/18/24 3:00,0,0
8/18/24 4:00,0,0
8/18/24 5:00,0.03271431,0.02780936
8/18/24 6:00,0.1700342,0.1569563
8/18/24 7:00,0.4739757,0.4467567
8/18/24 8:00,0.6463485,0.6378142
8/18/24 9:00,0.9074253,0.9162552
8/18/24 10:00,0.9737934,0.9936011
8/18/24 11:00,1.088724,1.115403
8/18/24 12:00,0.7945204,0.8053218
8/18/24 13:00,0.7520934,0.7583883
8/18/24 14:00,0.5740865,0.5683106
8/18/24 15:00,0.3678867,0.35598
8/18/24 16:00,0.3096993,0.2741176
8/18/24 17:00,0.1034877,0.06409903
8/18/24 18:00,0.000542321,0
8/18/24 19:00,0,0
8/18/24 20:00,0,0
8/18/24 21:00,0,0
8/18/24 22:00,0,0
8/18/24 23:00,0,0
8/19/24 0:00,0,0
8/19/24 1:00,0,0
8/19/24 2:00,0,0
8/19/24 3:00,0,0
8/19/24 4:00,0,0
8/19/24 5:00,0.02636119,0.02420468
8/19/24 6:00,0.1973096,0.1766337
8/19/24 7:00,0.3927265,0.3744621
8/19/24 8:00,0.5094814,0.5017948
8/19/24 9:00,0.61342,0.6123499
8/19/24 10:00,0.7870741,0.7986612
8/19/24 11:00,0.825429,0.8404686
8/19/24 12:00,0.9771205,1.000808
8/19/24 13:00,0.8042124,0.8150488
8/19/24 14:00,0.6399403,0.6370937
8/19/24 15:00,0.3708558,0.3593482
8/19/24 16:00,0.232496,0.2159784
8/19/24 17:00,0.08020578,0.06304069
8/19/24 18:00,0.000213526,0
8/19/24 19:00,0,0
8/19/24 20:00,0,0
8/19/24 21:00,0,0
8/19/24 22:00,0,0
8/19/24 23:00,0,0
8/20/24 0:00,0,0
8/20/24 1:00,0,0
8/20/24 2:00,0,0
8/20/24 3:00,0,0
8/20/24 4:00,0,0
8/20/24 5:00,0.04919159,0.02030957
8/20/24 6:00,0.07598106,0.07357361
8/20/24 7:00,0.1140944,0.1107978
8/20/24 8:00,0.1409458,0.1369809
8/20/24 9:00,0.2792767,0.2718301
8/20/24 10:00,0.2689482,0.261683
8/20/24 11:00,0.2979764,0.2900226
8/20/24 12:00,0.2873444,0.279642
8/20/24 13:00,0.2510206,0.2441994
8/20/24 14:00,0.1045497,0.1015909
8/20/24 15:00,0.06061229,0.05886858
8/20/24 16:00,0.08985572,0.08712152
8/20/24 17:00,0.04834448,0.04562264
8/20/24 18:00,0.000176498,0
8/20/24 19:00,0,0
8/20/24 20:00,0,0
8/20/24 21:00,0,0
8/20/24 22:00,0,0
8/20/24 23:00,0,0
8/21/24 0:00,0,0
8/21/24 1:00,0,0
8/21/24 2:00,0,0
8/21/24 3:00,0,0
8/21/24 4:00,0,0
8/21/24 5:00,0.04367629,0.02380067
8/21/24 6:00,0.0294991,0.02861888
8/21/24 7:00,0.04450857,0.0432222
8/21/24 8:00,0.01207226,0.01172168
8/21/24 9:00,0.01556118,0.01510986
8/21/24 10:00,0.03325165,0.03229321
8/21/24 11:00,0.101339,0.0984761
8/21/24 12:00,0.3235121,0.3151104
8/21/24 13:00,0.253012,0.2461573
8/21/24 14:00,0.1776366,0.1727041
8/21/24 15:00,0.1640089,0.1593514
8/21/24 16:00,0.1697017,0.1627184
8/21/24 17:00,0.03646844,0.03495439
8/21/24 18:00,6.77832E-05,0
8/21/24 19:00,0,0
8/21/24 20:00,0,0
8/21/24 21:00,0,0
8/21/24 22:00,0,0
8/21/24 23:00,0,0
8/22/24 0:00,0,0
8/22/24 1:00,0,0
8/22/24 2:00,0,0
8/22/24 3:00,0,0
8/22/24 4:00,0,0
8/22/24 5:00,0.0476872,0.01913598
8/22/24 6:00,0.1913474,0.1738439
8/22/24 7:00,0.2292674,0.2225771
8/22/24 8:00,0.3413431,0.3337477
8/22/24 9:00,0.4175462,0.4098386
8/22/24 10:00,0.4926688,0.4857728
8/22/24 11:00,0.6316127,0.6323752
8/22/24 12:00,0.5732838,0.5702398
8/22/24 13:00,0.4991375,0.4936154
8/22/24 14:00,0.4178565,0.4109633
8/22/24 15:00,0.3208872,0.3124008
8/22/24 16:00,0.1552471,0.1495094
8/22/24 17:00,0.02917674,0.02804454
8/22/24 18:00,6.81907E-06,0
8/22/24 19:00,0,0
8/22/24 20:00,0,0
8/22/24 21:00,0,0
8/22/24 22:00,0,0
8/22/24 23:00,0,0
8/23/24 0:00,0,0
8/23/24 1:00,0,0
8/23/24 2:00,0,0
8/23/24 3:00,0,0
8/23/24 4:00,0,0
8/23/24 5:00,0.03039349,0.02544088
8/23/24 6:00,0.03626669,0.03518141
8/23/24 7:00,0.03964543,0.03850112
8/23/24 8:00,0.1486333,0.1444854
8/23/24 9:00,0.4654634,0.4594236
8/23/24 10:00,0.4882221,0.481451
8/23/24 11:00,0.3611991,0.3523308
8/23/24 12:00,0.5002108,0.4936209
8/23/24 13:00,0.3362081,0.327994
8/23/24 14:00,0.4985979,0.4951276
8/23/24 15:00,0.3708397,0.36179
8/23/24 16:00,0.1968033,0.1869225
8/23/24 17:00,0.08404604,0.0566291
8/23/24 18:00,0,0
8/23/24 19:00,0,0
8/23/24 20:00,0,0
8/23/24 21:00,0,0
8/23/24 22:00,0,0
8/23/24 23:00,0,0
8/24/24 0:00,0,0
8/24/24 1:00,0,0
8/24/24 2:00,0,0
8/24/24 3:00,0,0
8/24/24 4:00,0,0
8/24/24 5:00,0.04312021,0.02087506
8/24/24 6:00,0.08464281,0.08197733
8/24/24 7:00,0.1090753,0.1059588
8/24/24 8:00,0.03736227,0.03628818
8/24/24 9:00,0.1817079,0.1767125
8/24/24 10:00,0.3566051,0.3480074
8/24/24 11:00,0.6125772,0.6131281
8/24/24 12:00,0.6497672,0.654592
8/24/24 13:00,0.2687782,0.2616243
8/24/24 14:00,0.1570922,0.1527348
8/24/24 15:00,0.2286985,0.2225274
8/24/24 16:00,0.1292922,0.1251352
8/24/24 17:00,0.01274514,0.0123227
8/24/24 18:00,0,0
8/24/24 19:00,0,0
8/24/24 20:00,0,0
8/24/24 21:00,0,0
8/24/24 22:00,0,0
8/24/24 23:00,0,0
8/25/24 0:00,0,0
8/25/24 1:00,0,0
8/25/24 2:00,0,0
8/25/24 3:00,0,0
8/25/24 4:00,0,0
8/25/24 5:00,0.02297795,0.02118632
8/25/24 6:00,0.0530306,0.05142699
8/25/24 7:00,0.239451,0.2328942
8/25/24 8:00,0.4915784,0.4895403
8/25/24 9:00,0.6219769,0.6283106
8/25/24 10:00,0.7387375,0.7549749
8/25/24 11:00,0.9107741,0.9447379
8/25/24 12:00,0.6205925,0.6234312
8/25/24 13:00,0.7231243,0.7388223
8/25/24 14:00,0.4184232,0.4128318
8/25/24 15:00,0.2633326,0.2566473
8/25/24 16:00,0.2123049,0.2006624
8/25/24 17:00,0.07882165,0.05303097
8/25/24 18:00,0,0
8/25/24 19:00,0,0
8/25/24 20:00,0,0
8/25/24 21:00,0,0
8/25/24 22:00,0,0
8/25/24 23:00,0,0
8/26/24 0:00,0,0
8/26/24 1:00,0,0
8/26/24 2:00,0,0
8/26/24 3:00,0,0
8/26/24 4:00,0,0
8/26/24 5:00,0.03570923,0.02365655
8/26/24 6:00,0.04037173,0.03916818
8/26/24 7:00,0.03436645,0.03337609
8/26/24 8:00,0.0731391,0.07106372
8/26/24 9:00,0.04453836,0.04326212
8/26/24 10:00,0.1319479,0.1282717
8/26/24 11:00,0.05998296,0.05827172
8/26/24 12:00,0.1009384,0.09809757
8/26/24 13:00,0.03252439,0.03158816
8/26/24 14:00,0.1139675,0.1107765
8/26/24 15:00,0.09270242,0.09007429
8/26/24 16:00,0.01353505,0.01314064
8/26/24 17:00,0.008854727,0.008571136
8/26/24 18:00,0,0
8/26/24 19:00,0,0
8/26/24 20:00,0,0
8/26/24 21:00,0,0
8/26/24 22:00,0,0
8/26/24 23:00,0,0
8/27/24 0:00,0,0
8/27/24 1:00,0,0
8/27/24 2:00,0,0
8/27/24 3:00,0,0
8/27/24 4:00,0,0
8/27/24 5:00,0.04764957,0.01267461
8/27/24 6:00,0.2188749,0.1977263
8/27/24 7:00,0.3859808,0.377837
8/27/24 8:00,0.5511496,0.5552911
8/27/24 9:00,0.5761371,0.5802724
8/27/24 10:00,0.8517872,0.8840888
8/27/24 11:00,0.9027164,0.940309
8/27/24 12:00,0.946651,0.9873549
8/27/24 13:00,0.793088,0.8191647
8/27/24 14:00,0.4743778,0.472854
8/27/24 15:00,0.5056067,0.5009458
8/27/24 16:00,0.2507463,0.2340269
8/27/24 17:00,0.0429783,0.03990222
8/27/24 18:00,0,0
8/27/24 19:00,0,0
8/27/24 20:00,0,0
8/27/24 21:00,0,0
8/27/24 22:00,0,0
8/27/24 23:00,0,0
8/28/24 0:00,0,0
8/28/24 1:00,0,0
8/28/24 2:00,0,0
8/28/24 3:00,0,0
8/28/24 4:00,0,0
8/28/24 5:00,0.01867474,0.01759293
8/28/24 6:00,0.09935982,0.09617689
8/28/24 7:00,0.2480864,0.2419502
8/28/24 8:00,0.04148632,0.040298
8/28/24 9:00,0.1622975,0.1578404
8/28/24 10:00,0.1755196,0.1707128
8/28/24 11:00,0.1459834,0.1419416
8/28/24 12:00,0.08494041,0.0825407
8/28/24 13:00,0.2626407,0.2557134
8/28/24 14:00,0.2334823,0.2272998
8/28/24 15:00,0.1173087,0.1140191
8/28/24 16:00,0.04067878,0.03949115
8/28/24 17:00,0.02911357,0.02790022
8/28/24 18:00,0,0
8/28/24 19:00,0,0
8/28/24 20:00,0,0
8/28/24 21:00,0,0
8/28/24 22:00,0,0
8/28/24 23:00,0,0
8/29/24 0:00,0,0
8/29/24 1:00,0,0
8/29/24 2:00,0,0
8/29/24 3:00,0,0
8/29/24 4:00,0,0
8/29/24 5:00,0.04760167,0.01028495
8/29/24 6:00,0.1163016,0.1122708
8/29/24 7:00,0.2978416,0.291786
8/29/24 8:00,0.3191266,0.3127072
8/29/24 9:00,0.2756062,0.2684994
8/29/24 10:00,0.1750151,0.170229
8/29/24 11:00,0.4421627,0.4345378
8/29/24 12:00,0.3723052,0.363949
8/29/24 13:00,0.3090002,0.3013771
8/29/24 14:00,0.2193608,0.2135037
8/29/24 15:00,0.1775101,0.1726755
8/29/24 16:00,0.1113071,0.1079672
8/29/24 17:00,0.02579783,0.02475771
8/29/24 18:00,0,0
8/29/24 19:00,0,0
8/29/24 20:00,0,0
8/29/24 21:00,0,0
8/29/24 22:00,0,0
8/29/24 23:00,0,0
8/30/24 0:00,0,0
8/30/24 1:00,0,0
8/30/24 2:00,0,0
8/30/24 3:00,0,0
8/30/24 4:00,0,0
8/30/24 5:00,0.03282804,0.02182338
8/30/24 6:00,0.02741318,0.02661013
8/30/24 7:00,0.0635869,0.06177903
8/30/24 8:00,0.09706274,0.09434534
8/30/24 9:00,0.1219452,0.1185575
8/30/24 10:00,0.1074187,0.1044131
8/30/24 11:00,0.1040615,0.1011444
8/30/24 12:00,0.1108711,0.1077721
8/30/24 13:00,0.07721522,0.07503335
8/30/24 14:00,0.09748439,0.09475518
8/30/24 15:00,0.03444493,0.03345647
8/30/24 16:00,0.006934799,0.006732918
8/30/24 17:00,0.000713885,0.000692869
8/30/24 18:00,0,0
8/30/24 19:00,0,0
8/30/24 20:00,0,0
8/30/24 21:00,0,0
8/30/24 22:00,0,0
8/30/24 23:00,0,0
8/31/24 0:00,0,0
8/31/24 1:00,0,0
8/31/24 2:00,0,0
8/31/24 3:00,0,0
8/31/24 4:00,0,0
8/31/24 5:00,0.02949812,0.02199377
8/31/24 6:00,0.07804599,0.07571017
8/31/24 7:00,0.09969633,0.09690135
8/31/24 8:00,0.1544437,0.1502248
8/31/24 9:00,0.06813157,0.06620174
8/31/24 10:00,0.2301261,0.223986
8/31/24 11:00,0.159764,0.1553791
8/31/24 12:00,0.4577957,0.4516475
8/31/24 13:00,0.1480289,0.143961
8/31/24 14:00,0.2993825,0.2927864
8/31/24 15:00,0.2327489,0.2272369
8/31/24 16:00,0.1498516,0.1449885
8/31/24 17:00,0.03051437,0.02902327
8/31/24 18:00,0,0
8/31/24 19:00,0,0
8/31/24 20:00,0,0
8/31/24 21:00,0,0
8/31/24 22:00,0,0
8/31/24 23:00,0,0
9/1/24 0:00,0,0
9/1/24 1:00,0,0
9/1/24 2:00,0,0
9/1/24 3:00,0,0
9/1/24 4:00,0,0
9/1/24 5:00,0.04053299,0.01395789
9/1/24 6:00,0.03094624,0.0300429
9/1/24 7:00,0.04086182,0.03969394
9/1/24 8:00,0.1394859,0.1356615
9/1/24 9:00,0.259725,0.2529876
9/1/24 10:00,0.2283344,0.2222518
9/1/24 11:00,0.2600857,0.2532335
9/1/24 12:00,0.1576838,0.1533623
9/1/24 13:00,0.258865,0.2521154
9/1/24 14:00,0.1844407,0.1794778
9/1/24 15:00,0.1056549,0.1027139
9/1/24 16:00,0.05400125,0.05243636
9/1/24 17:00,0.02142632,0.0205783
9/1/24 18:00,0,0
9/1/24 19:00,0,0
9/1/24 20:00,0,0
9/1/24 21:00,0,0
9/1/24 22:00,0,0
9/1/24 23:00,0,0
9/2/24 0:00,0,0
9/2/24 1:00,0,0
9/2/24 2:00,0,0
9/2/24 3:00,0,0
9/2/24 4:00,0,0
9/2/24 5:00,0.02962983,0.02086391
9/2/24 6:00,0.08255044,0.08010723
9/2/24 7:00,0.08394167,0.08158813
9/2/24 8:00,0.2653216,0.2590964
9/2/24 9:00,0.5353576,0.5405123
9/2/24 10:00,0.6247516,0.636058
9/2/24 11:00,0.4204983,0.412959
9/2/24 12:00,0.3661413,0.3581113
9/2/24 13:00,0.1758704,0.1711093
9/2/24 14:00,0.1901724,0.185085
9/2/24 15:00,0.1185604,0.1152875
9/2/24 16:00,0.04759824,0.04622303
9/2/24 17:00,0.01622652,0.01562477
9/2/24 18:00,0,0
9/2/24 19:00,0,0
9/2/24 20:00,0,0
9/2/24 21:00,0,0
9/2/24 22:00,0,0
9/2/24 23:00,0,0
9/3/24 0:00,0,0
9/3/24 1:00,0,0
9/3/24 2:00,0,0
9/3/24 3:00,0,0
9/3/24 4:00,0,0
9/3/24 5:00,0.03971908,0.01247948
9/3/24 6:00,0.1451128,0.1399082
9/3/24 7:00,0.1268543,0.1233739
9/3/24 8:00,0.1961125,0.190905
9/3/24 9:00,0.3567529,0.3499169
9/3/24 10:00,0.4053478,0.3981626
9/3/24 11:00,0.6241539,0.6340103
9/3/24 12:00,0.3535057,0.3455152
9/3/24 13:00,0.5791958,0.5899452
9/3/24 14:00,0.5149587,0.5248543
9/3/24 15:00,0.2274803,0.2223898
9/3/24 16:00,0.1776841,0.1719821
9/3/24 17:00,0.02069033,0.01985526
9/3/24 18:00,0,0
9/3/24 19:00,0,0
9/3/24 20:00,0,0
9/3/24 21:00,0,0
9/3/24 22:00,0,0
9/3/24 23:00,0,0
9/4/24 0:00,0,0
9/4/24 1:00,0,0
9/4/24 2:00,0,0
9/4/24 3:00,0,0
9/4/24 4:00,0,0
9/4/24 5:00,0.03941707,0.01165149
9/4/24 6:00,0.1486595,0.1435392
9/4/24 7:00,0.2537279,0.2494706
9/4/24 8:00,0.382523,0.3804778
9/4/24 9:00,0.3183504,0.3112073
9/4/24 10:00,0.1982296,0.1929165
9/4/24 11:00,0.3593259,0.3512087
9/4/24 12:00,0.3648821,0.3570274
9/4/24 13:00,0.3236082,0.316338
9/4/24 14:00,0.3034705,0.2974657
9/4/24 15:00,0.1220089,0.11867
9/4/24 16:00,0.03561891,0.03459366
9/4/24 17:00,0.02808949,0.02646169
9/4/24 18:00,0,0
9/4/24 19:00,0,0
9/4/24 20:00,0,0
9/4/24 21:00,0,0
9/4/24 22:00,0,0
9/4/24 23:00,0,0
9/5/24 0:00,0,0
9/5/24 1:00,0,0
9/5/24 2:00,0,0
9/5/24 3:00,0,0
9/5/24 4:00,0,0
9/5/24 5:00,0.03142073,0.01791438
9/5/24 6:00,0.004731702,0.004594031
9/5/24 7:00,0.06573891,0.06389339
9/5/24 8:00,0.02634073,0.02558404
9/5/24 9:00,0.003412659,0.003313122
9/5/24 10:00,0.09428786,0.09165068
9/5/24 11:00,0.1837156,0.1787604
9/5/24 12:00,0.03699011,0.0359298
9/5/24 13:00,0.02283375,0.02217545
9/5/24 14:00,0.02367149,0.02299033
9/5/24 15:00,0.123523,0.1201584
9/5/24 16:00,0.09277214,0.09014038
9/5/24 17:00,0.01443251,0.0138923
9/5/24 18:00,0,0
9/5/24 19:00,0,0
9/5/24 20:00,0,0
9/5/24 21:00,0,0
9/5/24 22:00,0,0
9/5/24 23:00,0,0
9/6/24 0:00,0,0
9/6/24 1:00,0,0
9/6/24 2:00,0,0
9/6/24 3:00,0,0
9/6/24 4:00,0,0
9/6/24 5:00,0.03665134,0.01228686
9/6/24 6:00,0.1967318,0.1901505
9/6/24 7:00,0.2734481,0.2707022
9/6/24 8:00,0.5094633,0.5241052
9/6/24 9:00,0.6096986,0.6302392
9/6/24 10:00,0.9117057,0.9745367
9/6/24 11:00,0.9121013,0.974652
9/6/24 12:00,0.7593499,0.7987002
9/6/24 13:00,0.5604587,0.5718349
9/6/24 14:00,0.5663558,0.5884944
9/6/24 15:00,0.3232396,0.3232002
9/6/24 16:00,0.110349,0.1072918
9/6/24 17:00,0.03770201,0.03114067
9/6/24 18:00,0,0
9/6/24 19:00,0,0
9/6/24 20:00,0,0
9/6/24 21:00,0,0
9/6/24 22:00,0,0
9/6/24 23:00,0,0
9/7/24 0:00,0,0
9/7/24 1:00,0,0
9/7/24 2:00,0,0
9/7/24 3:00,0,0
9/7/24 4:00,0,0
9/7/24 5:00,0.03074847,0.01667897
9/7/24 6:00,0.1264899,0.1230307
9/7/24 7:00,0.2147066,0.2103503
9/7/24 8:00,0.3341693,0.3302
9/7/24 9:00,0.6379002,0.6649824
9/7/24 10:00,0.8942958,0.9577407
9/7/24 11:00,0.7917435,0.8369331
9/7/24 12:00,1.014348,1.089426
9/7/24 13:00,0.924714,0.9892046
9/7/24 14:00,0.7485895,0.7935874
9/7/24 15:00,0.5534837,0.5756235
9/7/24 16:00,0.2496205,0.2452378
9/7/24 17:00,0.04188116,0.03037042
9/7/24 18:00,0,0
9/7/24 19:00,0,0
9/7/24 20:00,0,0
9/7/24 21:00,0,0
9/7/24 22:00,0,0
9/7/24 23:00,0,0
9/8/24 0:00,0,0
9/8/24 1:00,0,0
9/8/24 2:00,0,0
9/8/24 3:00,0,0
9/8/24 4:00,0,0
9/8/24 5:00,0.04067839,0.00625105
9/8/24 6:00,0.08543261,0.08304635
9/8/24 7:00,0.07574131,0.07364215
9/8/24 8:00,0.4442859,0.4516543
9/8/24 9:00,0.3224058,0.3156189
9/8/24 10:00,0.5449329,0.5502088
9/8/24 11:00,0.6872098,0.7135881
9/8/24 12:00,0.4490331,0.4446689
9/8/24 13:00,0.3471508,0.3405956
9/8/24 14:00,0.07565878,0.07354588
9/8/24 15:00,0.1370464,0.1333933
9/8/24 16:00,0.06959997,0.06764956
9/8/24 17:00,0.01154741,0.01111998
9/8/24 18:00,0,0
9/8/24 19:00,0,0
9/8/24 20:00,0,0
9/8/24 21:00,0,0
9/8/24 22:00,0,0
9/8/24 23:00,0,0
9/9/24 0:00,0,0
9/9/24 1:00,0,0
9/9/24 2:00,0,0
9/9/24 3:00,0,0
9/9/24 4:00,0,0
9/9/24 5:00,0.03546614,0.01025949
9/9/24 6:00,0.2296801,0.2271288
9/9/24 7:00,0.4589566,0.4793508
9/9/24 8:00,0.6840796,0.7290943
9/9/24 9:00,0.8326771,0.8946359
9/9/24 10:00,0.9690875,1.045855
9/9/24 11:00,0.9172636,0.9883755
9/9/24 12:00,0.8574973,0.9208037
9/9/24 13:00,0.6890798,0.7286137
9/9/24 14:00,0.4920627,0.5070498
9/9/24 15:00,0.4147924,0.429726
9/9/24 16:00,0.2717202,0.2712913
9/9/24 17:00,0.04176286,0.02655094
9/9/24 18:00,0,0
9/9/24 19:00,0,0
9/9/24 20:00,0,0
9/9/24 21:00,0,0
9/9/24 22:00,0,0
9/9/24 23:00,0,0
9/10/24 0:00,0,0
9/10/24 1:00,0,0
9/10/24 2:00,0,0
9/10/24 3:00,0,0
9/10/24 4:00,0,0
9/10/24 5:00,0.02885191,0.01550558
9/10/24 6:00,0.2156179,0.214723
9/10/24 7:00,0.524121,0.5519935
9/10/24 8:00,0.7896176,0.8462218
9/10/24 9:00,0.9257328,0.9991056
9/10/24 10:00,1.021337,1.106
9/10/24 11:00,1.054798,1.143411
9/10/24 12:00,0.9981344,1.080677
9/10/24 13:00,0.9165916,0.9893547
9/10/24 14:00,0.6861116,0.7342743
9/10/24 15:00,0.3606442,0.3695254
9/10/24 16:00,0.2284196,0.2286938
9/10/24 17:00,0.03920537,0.0249445
9/10/24 18:00,0,0
9/10/24 19:00,0,0
9/10/24 20:00,0,0
9/10/24 21:00,0,0
9/10/24 22:00,0,0
9/10/24 23:00,0,0
9/11/24 0:00,0,0
9/11/24 1:00,0,0
9/11/24 2:00,0,0
9/11/24 3:00,0,0
9/11/24 4:00,0,0
9/11/24 5:00,0.02788503,0.01537339
9/11/24 6:00,0.03885723,0.03776356
9/11/24 7:00,0.0747324,0.07267646
9/11/24 8:00,0.07487163,0.07278955
9/11/24 9:00,0.2245759,0.2187956
9/11/24 10:00,0.1636451,0.1592472
9/11/24 11:00,0.1091772,0.1061579
9/11/24 12:00,0.05022084,0.04879371
9/11/24 13:00,0.056478,0.05488176
9/11/24 14:00,0.04847341,0.04710317
9/11/24 15:00,0.05415449,0.05264065
9/11/24 16:00,0.05393061,0.05243186
9/11/24 17:00,0.009932691,0.009558826
9/11/24 18:00,0,0
9/11/24 19:00,0,0
9/11/24 20:00,0,0
9/11/24 21:00,0,0
9/11/24 22:00,0,0
9/11/24 23:00,0,0
9/12/24 0:00,0,0
9/12/24 1:00,0,0
9/12/24 2:00,0,0
9/12/24 3:00,0,0
9/12/24 4:00,0,0
9/12/24 5:00,0.02168799,0.01690645
9/12/24 6:00,0.0197331,0.01917023
9/12/24 7:00,0.03298694,0.03205168
9/12/24 8:00,0.1514907,0.1474896
9/12/24 9:00,0.213778,0.2082573
9/12/24 10:00,0.1799418,0.1751563
9/12/24 11:00,0.1501767,0.1461108
9/12/24 12:00,0.120083,0.1167884
9/12/24 13:00,0.0071992,0.00698993
9/12/24 14:00,0.0934277,0.0908622
9/12/24 15:00,0.02141961,0.02080645
9/12/24 16:00,0.03783071,0.03676994
9/12/24 17:00,0.009994226,0.00960857
9/12/24 18:00,0,0
9/12/24 19:00,0,0
9/12/24 20:00,0,0
9/12/24 21:00,0,0
9/12/24 22:00,0,0
9/12/24 23:00,0,0
9/13/24 0:00,0,0
9/13/24 1:00,0,0
9/13/24 2:00,0,0
9/13/24 3:00,0,0
9/13/24 4:00,0,0
9/13/24 5:00,0.02005535,0.01637448
9/13/24 6:00,0.1458789,0.1445498
9/13/24 7:00,0.446059,0.4750665
9/13/24 8:00,0.3716888,0.3731246
9/13/24 9:00,0.4936007,0.5018082
9/13/24 10:00,0.670485,0.7045071
9/13/24 11:00,0.9409891,1.026428
9/13/24 12:00,0.7985204,0.8611938
9/13/24 13:00,0.7063344,0.7584814
9/13/24 14:00,0.4974822,0.5199271
9/13/24 15:00,0.3267024,0.3344741
9/13/24 16:00,0.1771033,0.1778693
9/13/24 17:00,0.03377628,0.01955573
9/13/24 18:00,0,0
9/13/24 19:00,0,0
9/13/24 20:00,0,0
9/13/24 21:00,0,0
9/13/24 22:00,0,0
9/13/24 23:00,0,0
9/14/24 0:00,0,0
9/14/24 1:00,0,0
9/14/24 2:00,0,0
9/14/24 3:00,0,0
9/14/24 4:00,0,0
9/14/24 5:00,0.02429209,0.01569039
9/14/24 6:00,0.04823142,0.04690826
9/14/24 7:00,0.1552806,0.151446
9/14/24 8:00,0.3200147,0.3171118
9/14/24 9:00,0.3705185,0.3660609
9/14/24 10:00,0.7808079,0.8422855
9/14/24 11:00,0.9149077,0.9994069
9/14/24 12:00,0.8065242,0.8733723
9/14/24 13:00,0.5004167,0.5103247
9/14/24 14:00,0.4150579,0.4230073
9/14/24 15:00,0.1054759,0.1026765
9/14/24 16:00,0.1024611,0.1001144
9/14/24 17:00,0.004915425,0.004746034
9/14/24 18:00,0,0
9/14/24 19:00,0,0
9/14/24 20:00,0,0
9/14/24 21:00,0,0
9/14/24 22:00,0,0
9/14/24 23:00,0,0
9/15/24 0:00,0,0
9/15/24 1:00,0,0
9/15/24 2:00,0,0
9/15/24 3:00,0,0
9/15/24 4:00,0,0
9/15/24 5:00,0.02523047,0.01529092
9/15/24 6:00,0.04680391,0.04552577
9/15/24 7:00,0.02806436,0.02726788
9/15/24 8:00,0.05738098,0.05577512
9/15/24 9:00,0.09631716,0.09366549
9/15/24 10:00,0.05427,0.05273438
9/15/24 11:00,0.1667703,0.1623174
9/15/24 12:00,0.2655326,0.2588922
9/15/24 13:00,0.2700445,0.2636392
9/15/24 14:00,0.1365601,0.1329475
9/15/24 15:00,0.1539692,0.15018
9/15/24 16:00,0.05216715,0.05075267
9/15/24 17:00,0.003673648,0.003550174
9/15/24 18:00,0,0
9/15/24 19:00,0,0
9/15/24 20:00,0,0
9/15/24 21:00,0,0
9/15/24 22:00,0,0
9/15/24 23:00,0,0
9/16/24 0:00,0,0
9/16/24 1:00,0,0
9/16/24 2:00,0,0
9/16/24 3:00,0,0
9/16/24 4:00,0,0
9/16/24 5:00,0.01935968,0.01605365
9/16/24 6:00,0.07242738,0.07054178
9/16/24 7:00,0.07959826,0.07745029
9/16/24 8:00,0.1363818,0.1327851
9/16/24 9:00,0.3876683,0.3848238
9/16/24 10:00,0.2751207,0.2683463
9/16/24 11:00,0.266875,0.2601759
9/16/24 12:00,0.2727706,0.2660336
9/16/24 13:00,0.1743783,0.1698144
9/16/24 14:00,0.1195897,0.116395
9/16/24 15:00,0.170208,0.1663819
9/16/24 16:00,0.1035606,0.1014827
9/16/24 17:00,0.02093346,0.01594817
9/16/24 18:00,0,0
9/16/24 19:00,0,0
9/16/24 20:00,0,0
9/16/24 21:00,0,0
9/16/24 22:00,0,0
9/16/24 23:00,0,0
9/17/24 0:00,0,0
9/17/24 1:00,0,0
9/17/24 2:00,0,0
9/17/24 3:00,0,0
9/17/24 4:00,0,0
9/17/24 5:00,0.02873371,0.01513379
9/17/24 6:00,0.1489798,0.1503307
9/17/24 7:00,0.2537879,0.2545194
9/17/24 8:00,0.3665684,0.3695098
9/17/24 9:00,0.5999399,0.6353708
9/17/24 10:00,0.6772239,0.71965
9/17/24 11:00,0.6350251,0.6627959
9/17/24 12:00,0.5287437,0.5381747
9/17/24 13:00,0.3084425,0.3023214
9/17/24 14:00,0.5345275,0.5737005
9/17/24 15:00,0.3031231,0.3118044
9/17/24 16:00,0.06975145,0.06794991
9/17/24 17:00,0.01843972,0.0141505
9/17/24 18:00,0,0
9/17/24 19:00,0,0
9/17/24 20:00,0,0
9/17/24 21:00,0,0
9/17/24 22:00,0,0
9/17/24 23:00,0,0
9/18/24 0:00,0,0
9/18/24 1:00,0,0
9/18/24 2:00,0,0
9/18/24 3:00,0,0
9/18/24 4:00,0,0
9/18/24 5:00,0.02631919,0.0176228
9/18/24 6:00,0.1539515,0.156793
9/18/24 7:00,0.3073858,0.3176217
9/18/24 8:00,0.5264991,0.565305
9/18/24 9:00,0.743897,0.8168152
9/18/24 10:00,0.8535347,0.940551
9/18/24 11:00,0.8611689,0.9470981
9/18/24 12:00,0.6742151,0.7178987
9/18/24 13:00,0.3528419,0.3483582
9/18/24 14:00,0.3549054,0.3571406
9/18/24 15:00,0.3450634,0.3647251
9/18/24 16:00,0.164432,0.1697492
9/18/24 17:00,0.02207988,0.01096881
9/18/24 18:00,0,0
9/18/24 19:00,0,0
9/18/24 20:00,0,0
9/18/24 21:00,0,0
9/18/24 22:00,0,0
9/18/24 23:00,0,0
9/19/24 0:00,0,0
9/19/24 1:00,0,0
9/19/24 2:00,0,0
9/19/24 3:00,0,0
9/19/24 4:00,0,0
9/19/24 5:00,0.0305048,0.02167575
9/19/24 6:00,0.1274962,0.1273854
9/19/24 7:00,0.2289626,0.2279266
9/19/24 8:00,0.6072835,0.668073
9/19/24 9:00,0.6777982,0.7375963
9/19/24 10:00,0.7512908,0.8174003
9/19/24 11:00,0.4543662,0.4529476
9/19/24 12:00,0.7653161,0.8354065
9/19/24 13:00,0.5585627,0.5872349
9/19/24 14:00,0.3911671,0.3999533
9/19/24 15:00,0.3466319,0.3687226
9/19/24 16:00,0.1441259,0.1469395
9/19/24 17:00,0.01253054,0.0111918
9/19/24 18:00,0,0
9/19/24 19:00,0,0
9/19/24 20:00,0,0
9/19/24 21:00,0,0
9/19/24 22:00,0,0
9/19/24 23:00,0,0
9/20/24 0:00,0,0
9/20/24 1:00,0,0
9/20/24 2:00,0,0
9/20/24 3:00,0,0
9/20/24 4:00,0,0
9/20/24 5:00,0.02582241,0.02447859
9/20/24 6:00,0.0888793,0.08698437
9/20/24 7:00,0.1437412,0.1402592
9/20/24 8:00,0.2345005,0.2294634
9/20/24 9:00,0.4200959,0.4219737
9/20/24 10:00,0.4369695,0.4356913
9/20/24 11:00,0.6888351,0.7353341
9/20/24 12:00,0.5649281,0.5844198
9/20/24 13:00,0.6572266,0.7147653
9/20/24 14:00,0.4677154,0.4957085
9/20/24 15:00,0.3698655,0.4005196
9/20/24 16:00,0.1298196,0.1312468
9/20/24 17:00,0.01270257,0
9/20/24 18:00,0,0
9/20/24 19:00,0,0
9/20/24 20:00,0,0
9/20/24 21:00,0,0
9/20/24 22:00,0,0
9/20/24 23:00,0,0
9/21/24 0:00,0,0
9/21/24 1:00,0,0
9/21/24 2:00,0,0
9/21/24 3:00,0,0
9/21/24 4:00,0,0
9/21/24 5:00,0.02376623,0.02840669
9/21/24 6:00,0.08079642,0.07894661
9/21/24 7:00,0.1371988,0.1338457
9/21/24 8:00,0.4096065,0.4231555
9/21/24 9:00,0.08589952,0.08353727
9/21/24 10:00,0.1271096,0.1236814
9/21/24 11:00,0.4313924,0.4286267
9/21/24 12:00,0.5749692,0.5979902
9/21/24 13:00,0.3082362,0.3026043
9/21/24 14:00,0.1148124,0.1117789
9/21/24 15:00,0.0364236,0.0354077
9/21/24 16:00,0.05679454,0.05536123
9/21/24 17:00,0.005138763,0
9/21/24 18:00,0,0
9/21/24 19:00,0,0
9/21/24 20:00,0,0
9/21/24 21:00,0,0
9/21/24 22:00,0,0
9/21/24 23:00,0,0
9/22/24 0:00,0,0
9/22/24 1:00,0,0
9/22/24 2:00,0,0
9/22/24 3:00,0,0
9/22/24 4:00,0,0
9/22/24 5:00,0.01349722,0.0144208
9/22/24 6:00,0.1706165,0.181869
9/22/24 7:00,0.4829868,0.5429193
9/22/24 8:00,0.7196735,0.8077072
9/22/24 9:00,0.8099764,0.9067275
9/22/24 10:00,0.8430328,0.9393026
9/22/24 11:00,0.9857849,1.104077
9/22/24 12:00,0.9192588,1.029265
9/22/24 13:00,0.8154472,0.9133958
9/22/24 14:00,0.5238525,0.5724124
9/22/24 15:00,0.3297226,0.3533924
9/22/24 16:00,0.1826114,0.2011206
9/22/24 17:00,0.02239602,0
9/22/24 18:00,0,0
9/22/24 19:00,0,0
9/22/24 20:00,0,0
9/22/24 21:00,0,0
9/22/24 22:00,0,0
9/22/24 23:00,0,0
9/23/24 0:00,0,0
9/23/24 1:00,0,0
9/23/24 2:00,0,0
9/23/24 3:00,0,0
9/23/24 4:00,0,0
9/23/24 5:00,0.02184624,0.05494698
9/23/24 6:00,0.1783727,0.193758
9/23/24 7:00,0.3243653,0.3452007
9/23/24 8:00,0.4803161,0.5153666
9/23/24 9:00,0.5042877,0.5237727
9/23/24 10:00,0.5772203,0.6026525
9/23/24 11:00,0.8437728,0.9398822
9/23/24 12:00,0.6416509,0.6857399
9/23/24 13:00,0.7155989,0.7967917
9/23/24 14:00,0.5252584,0.576852
9/23/24 15:00,0.1986721,0.1970041
9/23/24 16:00,0.1065795,0.1067656
9/23/24 17:00,0.007259968,0
9/23/24 18:00,0,0
9/23/24 19:00,0,0
9/23/24 20:00,0,0
9/23/24 21:00,0,0
9/23/24 22:00,0,0
9/23/24 23:00,0,0
9/24/24 0:00,0,0
9/24/24 1:00,0,0
9/24/24 2:00,0,0
9/24/24 3:00,0,0
9/24/24 4:00,0,0
9/24/24 5:00,0.01827506,0.04232525
9/24/24 6:00,0.2196336,0.2515454
9/24/24 7:00,0.4426528,0.5010425
9/24/24 8:00,0.5784069,0.6453778
9/24/24 9:00,0.7724189,0.8682554
9/24/24 10:00,0.9181712,1.034041
9/24/24 11:00,0.7593724,0.8352502
9/24/24 12:00,0.5685019,0.5938395
9/24/24 13:00,0.5701383,0.6110894
9/24/24 14:00,0.4660085,0.5015104
9/24/24 15:00,0.3286266,0.3563909
9/24/24 16:00,0.148634,0.1601738
9/24/24 17:00,0.01539402,0
9/24/24 18:00,0,0
9/24/24 19:00,0,0
9/24/24 20:00,0,0
9/24/24 21:00,0,0
9/24/24 22:00,0,0
9/24/24 23:00,0,0
9/25/24 0:00,0,0
9/25/24 1:00,0,0
9/25/24 2:00,0,0
9/25/24 3:00,0,0
9/25/24 4:00,0,0
9/25/24 5:00,0.02507998,0
9/25/24 6:00,0.2285599,0.2660083
9/25/24 7:00,0.4889178,0.5590879
9/25/24 8:00,0.6745617,0.7655213
9/25/24 9:00,0.9043055,1.024482
9/25/24 10:00,0.9509683,1.074749
9/25/24 11:00,0.987442,1.115638
9/25/24 12:00,0.9843197,1.113346
9/25/24 13:00,0.8260297,0.9349102
9/25/24 14:00,0.6725548,0.7639886
9/25/24 15:00,0.4793491,0.549225
9/25/24 16:00,0.2206953,0.2596564
9/25/24 17:00,0.01418295,0
9/25/24 18:00,0,0
9/25/24 19:00,0,0
9/25/24 20:00,0,0
9/25/24 21:00,0,0
9/25/24 22:00,0,0
9/25/24 23:00,0,0
9/26/24 0:00,0,0
9/26/24 1:00,0,0
9/26/24 2:00,0,0
9/26/24 3:00,0,0
9/26/24 4:00,0,0
9/26/24 5:00,0.0180752,0
9/26/24 6:00,0.102302,0.1017396
9/26/24 7:00,0.07848541,0.07643986
9/26/24 8:00,0.09513758,0.09260423
9/26/24 9:00,0.1520485,0.1481087
9/26/24 10:00,0.3893189,0.3858221
9/26/24 11:00,0.6076184,0.6410697
9/26/24 12:00,0.7023174,0.7718688
9/26/24 13:00,0.4456389,0.4566197
9/26/24 14:00,0.3802723,0.3944651
9/26/24 15:00,0.2934862,0.3137449
9/26/24 16:00,0.1164596,0.1208743
9/26/24 17:00,0.004935076,0
9/26/24 18:00,0,0
9/26/24 19:00,0,0
9/26/24 20:00,0,0
9/26/24 21:00,0,0
9/26/24 22:00,0,0
9/26/24 23:00,0,0
9/27/24 0:00,0,0
9/27/24 1:00,0,0
9/27/24 2:00,0,0
9/27/24 3:00,0,0
9/27/24 4:00,0,0
9/27/24 5:00,0.01631252,0
9/27/24 6:00,0.08508129,0.08365394
9/27/24 7:00,0.2432525,0.247503
9/27/24 8:00,0.2481268,0.2439335
9/27/24 9:00,0.1781833,0.1736841
9/27/24 10:00,0.1405063,0.1367911
9/27/24 11:00,0.1450849,0.141248
9/27/24 12:00,0.2667858,0.2605209
9/27/24 13:00,0.4352044,0.4449881
9/27/24 14:00,0.3619775,0.3729855
9/27/24 15:00,0.2171653,0.2194661
9/27/24 16:00,0.06355969,0.06222848
9/27/24 17:00,0.001898195,0
9/27/24 18:00,0,0
9/27/24 19:00,0,0
9/27/24 20:00,0,0
9/27/24 21:00,0,0
9/27/24 22:00,0,0
9/27/24 23:00,0,0
9/28/24 0:00,0,0
9/28/24 1:00,0,0
9/28/24 2:00,0,0
9/28/24 3:00,0,0
9/28/24 4:00,0,0
9/28/24 5:00,0.01160427,0
9/28/24 6:00,0.1104308,0.1114199
9/28/24 7:00,0.2166109,0.2171674
9/28/24 8:00,0.222565,0.2179642
9/28/24 9:00,0.2962334,0.2909185
9/28/24 10:00,0.2957184,0.2893159
9/28/24 11:00,0.426258,0.4253856
9/28/24 12:00,0.7917701,0.8940784
9/28/24 13:00,0.740094,0.8426219
9/28/24 14:00,0.4905675,0.5440201
9/28/24 15:00,0.2296325,0.2349804
9/28/24 16:00,0.07886767,0.07816613
9/28/24 17:00,0.003592516,0
9/28/24 18:00,0,0
9/28/24 19:00,0,0
9/28/24 20:00,0,0
9/28/24 21:00,0,0
9/28/24 22:00,0,0
9/28/24 23:00,0,0
9/29/24 0:00,0,0
9/29/24 1:00,0,0
9/29/24 2:00,0,0
9/29/24 3:00,0,0
9/29/24 4:00,0,0
9/29/24 5:00,0.01792108,0
9/29/24 6:00,0.1480401,0.1607084
9/29/24 7:00,0.3279093,0.3597259
9/29/24 8:00,0.5521438,0.6241764
9/29/24 9:00,0.8388205,0.9618731
9/29/24 10:00,0.8531255,0.9724877
9/29/24 11:00,1.0457,1.196725
9/29/24 12:00,1.006167,1.152737
9/29/24 13:00,0.7829393,0.8976898
9/29/24 14:00,0.6095093,0.7026744
9/29/24 15:00,0.4176785,0.48939
9/29/24 16:00,0.1862088,0.2300491
9/29/24 17:00,0.008043976,0
9/29/24 18:00,0,0
9/29/24 19:00,0,0
9/29/24 20:00,0,0
9/29/24 21:00,0,0
9/29/24 22:00,0,0
9/29/24 23:00,0,0
9/30/24 0:00,0,0
9/30/24 1:00,0,0
9/30/24 2:00,0,0
9/30/24 3:00,0,0
9/30/24 4:00,0,0
9/30/24 5:00,0.01449154,0
9/30/24 6:00,0.1307472,0.1378594
9/30/24 7:00,0.2246448,0.2271274
9/30/24 8:00,0.3449029,0.3518199
9/30/24 9:00,0.5871994,0.6426313
9/30/24 10:00,0.7700971,0.8701898
9/30/24 11:00,0.9873741,1.132164
9/30/24 12:00,0.9132829,1.047756
9/30/24 13:00,0.7919365,0.9114791
9/30/24 14:00,0.5018894,0.5651113
9/30/24 15:00,0.3074106,0.3418962
9/30/24 16:00,0.1332919,0.152502
9/30/24 17:00,0.006394279,0
9/30/24 18:00,0,0
9/30/24 19:00,0,0
9/30/24 20:00,0,0
9/30/24 21:00,0,0
9/30/24 22:00,0,0
9/30/24 23:00,0,0
10/1/24 0:00,0,0
10/1/24 1:00,0,0
10/1/24 2:00,0,0
10/1/24 3:00,0,0
10/1/24 4:00,0,0
10/1/24 5:00,0.01522566,0
10/1/24 6:00,0.02598968,0.02530888
10/1/24 7:00,0.1349703,0.1319441
10/1/24 8:00,0.3659848,0.3782268
10/1/24 9:00,0.6396025,0.7163762
10/1/24 10:00,0.6634697,0.7294299
10/1/24 11:00,0.7753248,0.8749417
10/1/24 12:00,0.6863374,0.7631278
10/1/24 13:00,0.6325589,0.7118068
10/1/24 14:00,0.3516459,0.3645203
10/1/24 15:00,0.1825287,0.1822185
10/1/24 16:00,0.054684,0.05359507
10/1/24 17:00,0.000845337,0
10/1/24 18:00,0,0
10/1/24 19:00,0,0
10/1/24 20:00,0,0
10/1/24 21:00,0,0
10/1/24 22:00,0,0
10/1/24 23:00,0,0
10/2/24 0:00,0,0
10/2/24 1:00,0,0
10/2/24 2:00,0,0
10/2/24 3:00,0,0
10/2/24 4:00,0,0
10/2/24 5:00,0.01390046,0
10/2/24 6:00,0.09929997,0.09984991
10/2/24 7:00,0.193807,0.1929585
10/2/24 8:00,0.4315755,0.4649966
10/2/24 9:00,0.3216712,0.3179772
10/2/24 10:00,0.1661372,0.161882
10/2/24 11:00,0.2678346,0.2616045
10/2/24 12:00,0.5699225,0.6076002
10/2/24 13:00,0.326166,0.3236091
10/2/24 14:00,0.3200206,0.3266512
10/2/24 15:00,0.08038655,0.078395
10/2/24 16:00,0.05206334,0.05103492
10/2/24 17:00,0.001547714,0
10/2/24 18:00,0,0
10/2/24 19:00,0,0
10/2/24 20:00,0,0
10/2/24 21:00,0,0
10/2/24 22:00,0,0
10/2/24 23:00,0,0
10/3/24 0:00,0,0
10/3/24 1:00,0,0
10/3/24 2:00,0,0
10/3/24 3:00,0,0
10/3/24 4:00,0,0
10/3/24 5:00,0.01328673,0
10/3/24 6:00,0.08032556,0.07927154
10/3/24 7:00,0.08947005,0.08725864
10/3/24 8:00,0.2032695,0.1988745
10/3/24 9:00,0.2766668,0.271403
10/3/24 10:00,0.6389143,0.7001376
10/3/24 11:00,0.7745233,0.8796255
10/3/24 12:00,0.5741306,0.6149029
10/3/24 13:00,0.6030513,0.6769295
10/3/24 14:00,0.3253039,0.3338965
10/3/24 15:00,0.2446951,0.2601981
10/3/24 16:00,0.06677589,0.06636556
10/3/24 17:00,0.00289305,0
10/3/24 18:00,0,0
10/3/24 19:00,0,0
10/3/24 20:00,0,0
10/3/24 21:00,0,0
10/3/24 22:00,0,0
10/3/24 23:00,0,0
10/4/24 0:00,0,0
10/4/24 1:00,0,0
10/4/24 2:00,0,0
10/4/24 3:00,0,0
10/4/24 4:00,0,0
10/4/24 5:00,0.01414778,0
10/4/24 6:00,0.1490261,0.1697673
10/4/24 7:00,0.3518257,0.4046636
10/4/24 8:00,0.5493177,0.6338823
10/4/24 9:00,0.6425595,0.7280928
10/4/24 10:00,0.7805818,0.8956069
10/4/24 11:00,0.7003995,0.7813767
10/4/24 12:00,0.7738006,0.8892902
10/4/24 13:00,0.7282886,0.8473269
10/4/24 14:00,0.632239,0.7467514
10/4/24 15:00,0.3970477,0.4808445
10/4/24 16:00,0.1462555,0.1894591
10/4/24 17:00,0.003913627,0
10/4/24 18:00,0,0
10/4/24 19:00,0,0
10/4/24 20:00,0,0
10/4/24 21:00,0,0
10/4/24 22:00,0,0
10/4/24 23:00,0,0
10/5/24 0:00,0,0
10/5/24 1:00,0,0
10/5/24 2:00,0,0
10/5/24 3:00,0,0
10/5/24 4:00,0,0
10/5/24 5:00,0.008720871,0
10/5/24 6:00,0.04008765,0.0391462
10/5/24 7:00,0.2402574,0.2488894
10/5/24 8:00,0.2893412,0.2897211
10/5/24 9:00,0.3508689,0.350325
10/5/24 10:00,0.6790869,0.7602686
10/5/24 11:00,0.9784867,1.138775
10/5/24 12:00,0.9164649,1.068185
10/5/24 13:00,0.583838,0.6555452
10/5/24 14:00,0.2334263,0.2305763
10/5/24 15:00,0.1460625,0.1440258
10/5/24 16:00,0.1300965,0.1649622
10/5/24 17:00,0.003243138,0
10/5/24 18:00,0,0
10/5/24 19:00,0,0
10/5/24 20:00,0,0
10/5/24 21:00,0,0
10/5/24 22:00,0,0
10/5/24 23:00,0,0
10/6/24 0:00,0,0
10/6/24 1:00,0,0
10/6/24 2:00,0,0
10/6/24 3:00,0,0
10/6/24 4:00,0,0
10/6/24 5:00,0.0120979,0
10/6/24 6:00,0.1992094,0.2587711
10/6/24 7:00,0.4037758,0.4857092
10/6/24 8:00,0.672551,0.798336
10/6/24 9:00,0.8319783,0.9767594
10/6/24 10:00,0.9236068,1.078869
10/6/24 11:00,0.9999468,1.167798
10/6/24 12:00,0.8825666,1.031201
10/6/24 13:00,0.8200981,0.9651653
10/6/24 14:00,0.6453568,0.7697233
10/6/24 15:00,0.3955059,0.486116
10/6/24 16:00,0.1318881,0.1728198
10/6/24 17:00,0.002443656,0
10/6/24 18:00,0,0
10/6/24 19:00,0,0
10/6/24 20:00,0,0
10/6/24 21:00,0,0
10/6/24 22:00,0,0
10/6/24 23:00,0,0
10/7/24 0:00,0,0
10/7/24 1:00,0,0
10/7/24 2:00,0,0
10/7/24 3:00,0,0
10/7/24 4:00,0,0
10/7/24 5:00,0.01158625,0
10/7/24 6:00,0.1913568,0.2492887
10/7/24 7:00,0.3501931,0.4097121
10/7/24 8:00,0.6252962,0.7437449
10/7/24 9:00,0.779834,0.9173805
10/7/24 10:00,0.8395203,0.9806603
10/7/24 11:00,0.8329952,0.9687398
10/7/24 12:00,0.8839602,1.036156
10/7/24 13:00,0.5924182,0.6732772
10/7/24 14:00,0.5102113,0.5988588
10/7/24 15:00,0.393633,0.4873494
10/7/24 16:00,0.1574538,0.2225494
10/7/24 17:00,0.001729457,0
10/7/24 18:00,0,0
10/7/24 19:00,0,0
10/7/24 20:00,0,0
10/7/24 21:00,0,0
10/7/24 22:00,0,0
10/7/24 23:00,0,0
10/8/24 0:00,0,0
10/8/24 1:00,0,0
10/8/24 2:00,0,0
10/8/24 3:00,0,0
10/8/24 4:00,0,0
10/8/24 5:00,0.009934128,0
10/8/24 6:00,0.1459246,0.1721842
10/8/24 7:00,0.3313394,0.3833009
10/8/24 8:00,0.5281578,0.6152634
10/8/24 9:00,0.7846791,0.9264473
10/8/24 10:00,0.7926567,0.9237028
10/8/24 11:00,0.8237213,0.959922
10/8/24 12:00,0.6872926,0.783655
10/8/24 13:00,0.6468638,0.7529239
10/8/24 14:00,0.4830418,0.5631514
10/8/24 15:00,0.3011225,0.3564072
10/8/24 16:00,0.1422389,0.2021056
10/8/24 17:00,0.001601177,0
10/8/24 18:00,0,0
10/8/24 19:00,0,0
10/8/24 20:00,0,0
10/8/24 21:00,0,0
10/8/24 22:00,0,0
10/8/24 23:00,0,0
10/9/24 0:00,0,0
10/9/24 1:00,0,0
10/9/24 2:00,0,0
10/9/24 3:00,0,0
10/9/24 4:00,0,0
10/9/24 5:00,0.01248191,0
10/9/24 6:00,0.2139315,0.2919783
10/9/24 7:00,0.3687946,0.4435347
10/9/24 8:00,0.4754366,0.5408844
10/9/24 9:00,0.6508207,0.7532953
10/9/24 10:00,0.8379127,0.9850019
10/9/24 11:00,0.8951302,1.052633
10/9/24 12:00,0.7767835,0.9091901
10/9/24 13:00,0.7382737,0.8764285
10/9/24 14:00,0.6192153,0.7484269
10/9/24 15:00,0.3921895,0.4927748
10/9/24 16:00,0.1467295,0.2150794
10/9/24 17:00,0.001236977,0
10/9/24 18:00,0,0
10/9/24 19:00,0,0
10/9/24 20:00,0,0
10/9/24 21:00,0,0
10/9/24 22:00,0,0
10/9/24 23:00,0,0
10/10/24 0:00,0,0
10/10/24 1:00,0,0
10/10/24 2:00,0,0
10/10/24 3:00,0,0
10/10/24 4:00,0,0
10/10/24 5:00,0.007121359,0
10/10/24 6:00,0.1065811,0.1127181
10/10/24 7:00,0.188892,0.1895653
10/10/24 8:00,0.3723498,0.3952133
10/10/24 9:00,0.4165111,0.4300611
10/10/24 10:00,0.1980043,0.193212
10/10/24 11:00,0.375913,0.3740309
10/10/24 12:00,0.6493815,0.7354026
10/10/24 13:00,0.7558581,0.901212
10/10/24 14:00,0.516463,0.6180364
10/10/24 15:00,0.2876038,0.341567
10/10/24 16:00,0.117002,0.1632797
10/10/24 17:00,0.000769218,0
10/10/24 18:00,0,0
10/10/24 19:00,0,0
10/10/24 20:00,0,0
10/10/24 21:00,0,0
10/10/24 22:00,0,0
10/10/24 23:00,0,0
10/11/24 0:00,0,0
10/11/24 1:00,0,0
10/11/24 2:00,0,0
10/11/24 3:00,0,0
10/11/24 4:00,0,0
10/11/24 5:00,0.006870734,0
10/11/24 6:00,0.1323249,0.1542771
10/11/24 7:00,0.3509929,0.4217368
10/11/24 8:00,0.5096901,0.5966931
10/11/24 9:00,0.6677954,0.7829607
10/11/24 10:00,0.7574402,0.8858089
10/11/24 11:00,0.6718481,0.7590437
10/11/24 12:00,0.882145,1.047335
10/11/24 13:00,0.7821479,0.9367339
10/11/24 14:00,0.6066166,0.739915
10/11/24 15:00,0.3516555,0.4452389
10/11/24 16:00,0.1042152,0.1407313
10/11/24 17:00,0.000498339,0
10/11/24 18:00,0,0
10/11/24 19:00,0,0
10/11/24 20:00,0,0
10/11/24 21:00,0,0
10/11/24 22:00,0,0
10/11/24 23:00,0,0
10/12/24 0:00,0,0
10/12/24 1:00,0,0
10/12/24 2:00,0,0
10/12/24 3:00,0,0
10/12/24 4:00,0,0
10/12/24 5:00,0.007219108,0
10/12/24 6:00,0.15061,0.1903787
10/12/24 7:00,0.3877281,0.4813254
10/12/24 8:00,0.5570078,0.6682631
10/12/24 9:00,0.7051274,0.8373216
10/12/24 10:00,0.689432,0.7933371
10/12/24 11:00,0.8656878,1.026225
10/12/24 12:00,0.7610973,0.8980815
10/12/24 13:00,0.5528665,0.6301053
10/12/24 14:00,0.4814977,0.5742518
10/12/24 15:00,0.329303,0.4157409
10/12/24 16:00,0.0945019,0.1240241
10/12/24 17:00,0.000239515,0
10/12/24 18:00,0,0
10/12/24 19:00,0,0
10/12/24 20:00,0,0
10/12/24 21:00,0,0
10/12/24 22:00,0,0
10/12/24 23:00,0,0
10/13/24 0:00,0,0
10/13/24 1:00,0,0
10/13/24 2:00,0,0
10/13/24 3:00,0,0
10/13/24 4:00,0,0
10/13/24 5:00,0.006060381,0
10/13/24 6:00,0.09433938,0.09804873
10/13/24 7:00,0.2014365,0.2053898
10/13/24 8:00,0.3590413,0.3806076
10/13/24 9:00,0.643454,0.7543756
10/13/24 10:00,0.4982044,0.5251046
10/13/24 11:00,0.5512689,0.5922832
10/13/24 12:00,0.5981944,0.6691124
10/13/24 13:00,0.4075898,0.426668
10/13/24 14:00,0.5483037,0.6725664
10/13/24 15:00,0.2974434,0.3684919
10/13/24 16:00,0.09379248,0.1270332
10/13/24 17:00,0.000122059,0
10/13/24 18:00,0,0
10/13/24 19:00,0,0
10/13/24 20:00,0,0
10/13/24 21:00,0,0
10/13/24 22:00,0,0
10/13/24 23:00,0,0
10/14/24 0:00,0,0
10/14/24 1:00,0,0
10/14/24 2:00,0,0
10/14/24 3:00,0,0
10/14/24 4:00,0,0
10/14/24 5:00,0.01044381,0
10/14/24 6:00,0.1564833,0.208076
10/14/24 7:00,0.3821533,0.4793974
10/14/24 8:00,0.6286287,0.7703108
10/14/24 9:00,0.7775394,0.9367665
10/14/24 10:00,0.8495805,1.015476
10/14/24 11:00,0.5296175,0.5642549
10/14/24 12:00,0.4731224,0.4966061
10/14/24 13:00,0.2980556,0.2965415
10/14/24 14:00,0.4537457,0.5389946
10/14/24 15:00,0.3648134,0.4753757
10/14/24 16:00,0.1108316,0.1731271
10/14/24 17:00,2.78422E-05,0
10/14/24 18:00,0,0
10/14/24 19:00,0,0
10/14/24 20:00,0,0
10/14/24 21:00,0,0
10/14/24 22:00,0,0
10/14/24 23:00,0,0
10/15/24 0:00,0,0
10/15/24 1:00,0,0
10/15/24 2:00,0,0
10/15/24 3:00,0,0
10/15/24 4:00,0,0
10/15/24 5:00,0.007394373,0
10/15/24 6:00,0.1198722,0.1393391
10/15/24 7:00,0.2366748,0.2527266
10/15/24 8:00,0.506753,0.603642
10/15/24 9:00,0.6697898,0.7979448
10/15/24 10:00,0.6632476,0.7636316
10/15/24 11:00,0.8164707,0.9729125
10/15/24 12:00,0.8860961,1.065815
10/15/24 13:00,0.7783351,0.946115
10/15/24 14:00,0.5671983,0.7042672
10/15/24 15:00,0.3516056,0.4609017
10/15/24 16:00,0.09963048,0.1524023
10/15/24 17:00,2.03191E-06,0
10/15/24 18:00,0,0
10/15/24 19:00,0,0
10/15/24 20:00,0,0
10/15/24 21:00,0,0
10/15/24 22:00,0,0
10/15/24 23:00,0,0
10/16/24 0:00,0,0
10/16/24 1:00,0,0
10/16/24 2:00,0,0
10/16/24 3:00,0,0
10/16/24 4:00,0,0
10/16/24 5:00,0.006922614,0
10/16/24 6:00,0.09740292,0.1042251
10/16/24 7:00,0.3653379,0.4597187
10/16/24 8:00,0.2672259,0.2683317
10/16/24 9:00,0.4186257,0.4380311
10/16/24 10:00,0.4184547,0.4269579
10/16/24 11:00,0.4940081,0.5192851
10/16/24 12:00,0.651182,0.7549411
10/16/24 13:00,0.4922462,0.5502918
10/16/24 14:00,0.3350808,0.3630919
10/16/24 15:00,0.1219221,0.1204376
10/16/24 16:00,0.06009149,0.06718706
10/16/24 17:00,0,0
10/16/24 18:00,0,0
10/16/24 19:00,0,0
10/16/24 20:00,0,0
10/16/24 21:00,0,0
10/16/24 22:00,0,0
10/16/24 23:00,0,0
10/17/24 0:00,0,0
10/17/24 1:00,0,0
10/17/24 2:00,0,0
10/17/24 3:00,0,0
10/17/24 4:00,0,0
10/17/24 5:00,0.006846386,0
10/17/24 6:00,0.1577203,0.2212538
10/17/24 7:00,0.2178544,0.228751
10/17/24 8:00,0.3847112,0.422048
10/17/24 9:00,0.4692796,0.5081214
10/17/24 10:00,0.7139462,0.8432322
10/17/24 11:00,0.7217602,0.848209
10/17/24 12:00,0.6888959,0.8132508
10/17/24 13:00,0.6768398,0.8241588
10/17/24 14:00,0.4482436,0.5404951
10/17/24 15:00,0.2731327,0.3421131
10/17/24 16:00,0.07990324,0.1130649
10/17/24 17:00,0,0
10/17/24 18:00,0,0
10/17/24 19:00,0,0
10/17/24 20:00,0,0
10/17/24 21:00,0,0
10/17/24 22:00,0,0
10/17/24 23:00,0,0
10/18/24 0:00,0,0
10/18/24 1:00,0,0
10/18/24 2:00,0,0
10/18/24 3:00,0,0
10/18/24 4:00,0,0
10/18/24 5:00,0.006408713,0
10/18/24 6:00,0.06169622,0.06111159
10/18/24 7:00,0.217347,0.2288763
10/18/24 8:00,0.5148343,0.6248872
10/18/24 9:00,0.815709,0.9974195
10/18/24 10:00,0.8310891,1.005106
10/18/24 11:00,0.9285236,1.123027
10/18/24 12:00,0.8762197,1.06394
10/18/24 13:00,0.6394148,0.7758805
10/18/24 14:00,0.5116363,0.6398065
10/18/24 15:00,0.3303019,0.4415726
10/18/24 16:00,0.1117772,0.2011935
10/18/24 17:00,0,0
10/18/24 18:00,0,0
10/18/24 19:00,0,0
10/18/24 20:00,0,0
10/18/24 21:00,0,0
10/18/24 22:00,0,0
10/18/24 23:00,0,0
10/19/24 0:00,0,0
10/19/24 1:00,0,0
10/19/24 2:00,0,0
10/19/24 3:00,0,0
10/19/24 4:00,0,0
10/19/24 5:00,0.006315182,0
10/19/24 6:00,0.1238444,0.1552011
10/19/24 7:00,0.373338,0.4823989
10/19/24 8:00,0.3358332,0.3555057
10/19/24 9:00,0.4481552,0.4813105
10/19/24 10:00,0.7642996,0.9203678
10/19/24 11:00,0.5586925,0.6130446
10/19/24 12:00,0.5983303,0.6843109
10/19/24 13:00,0.549174,0.6447888
10/19/24 14:00,0.307278,0.328191
10/19/24 15:00,0.05599287,0.05468726
10/19/24 16:00,0.02254959,0.02225729
10/19/24 17:00,0,0
10/19/24 18:00,0,0
10/19/24 19:00,0,0
10/19/24 20:00,0,0
10/19/24 21:00,0,0
10/19/24 22:00,0,0
10/19/24 23:00,0,0
10/20/24 0:00,0,0
10/20/24 1:00,0,0
10/20/24 2:00,0,0
10/20/24 3:00,0,0
10/20/24 4:00,0,0
10/20/24 5:00,0.004712303,0
10/20/24 6:00,0.0832544,0.08703073
10/20/24 7:00,0.1472758,0.1458214
10/20/24 8:00,0.3155904,0.3294462
10/20/24 9:00,0.3545675,0.3607946
10/20/24 10:00,0.3807611,0.3844694
10/20/24 11:00,0.5908452,0.6621432
10/20/24 12:00,0.6661049,0.7891593
10/20/24 13:00,0.6680813,0.8224961
10/20/24 14:00,0.3738785,0.4304613
10/20/24 15:00,0.2797656,0.3657598
10/20/24 16:00,0.05765896,0.07085715
10/20/24 17:00,0,0
10/20/24 18:00,0,0
10/20/24 19:00,0,0
10/20/24 20:00,0,0
10/20/24 21:00,0,0
10/20/24 22:00,0,0
10/20/24 23:00,0,0
10/21/24 0:00,0,0
10/21/24 1:00,0,0
10/21/24 2:00,0,0
10/21/24 3:00,0,0
10/21/24 4:00,0,0
10/21/24 5:00,0.005922462,0
10/21/24 6:00,0.07437061,0.07599887
10/21/24 7:00,0.3041975,0.3718112
10/21/24 8:00,0.2677315,0.2707458
10/21/24 9:00,0.6714755,0.8192082
10/21/24 10:00,0.8165012,0.9960523
10/21/24 11:00,0.8190108,0.9955916
10/21/24 12:00,0.3537776,0.3554309
10/21/24 13:00,0.3898771,0.4124862
10/21/24 14:00,0.373624,0.4326236
10/21/24 15:00,0.2823559,0.3745289
10/21/24 16:00,0.09099966,0.1712151
10/21/24 17:00,0,0
10/21/24 18:00,0,0
10/21/24 19:00,0,0
10/21/24 20:00,0,0
10/21/24 21:00,0,0
10/21/24 22:00,0,0
10/21/24 23:00,0,0
10/22/24 0:00,0,0
10/22/24 1:00,0,0
10/22/24 2:00,0,0
10/22/24 3:00,0,0
10/22/24 4:00,0,0
10/22/24 5:00,0.006264504,0
10/22/24 6:00,0.1610052,0.2491421
10/22/24 7:00,0.3941813,0.5246623
10/22/24 8:00,0.598339,0.7571078
10/22/24 9:00,0.7606397,0.9412265
10/22/24 10:00,0.7420866,0.8990082
10/22/24 11:00,0.7320775,0.8787116
10/22/24 12:00,0.7115214,0.8620189
10/22/24 13:00,0.7523162,0.938032
10/22/24 14:00,0.575806,0.7402612
10/22/24 15:00,0.3397708,0.4711706
10/22/24 16:00,0.090736,0.1780213
10/22/24 17:00,0,0
10/22/24 18:00,0,0
10/22/24 19:00,0,0
10/22/24 20:00,0,0
10/22/24 21:00,0,0
10/22/24 22:00,0,0
10/22/24 23:00,0,0
10/23/24 0:00,0,0
10/23/24 1:00,0,0
10/23/24 2:00,0,0
10/23/24 3:00,0,0
10/23/24 4:00,0,0
10/23/24 5:00,0.005037606,0
10/23/24 6:00,0.1511748,0.2315083
10/23/24 7:00,0.2630013,0.3052763
10/23/24 8:00,0.4197507,0.4877939
10/23/24 9:00,0.6444952,0.7864596
10/23/24 10:00,0.7016556,0.8437939
10/23/24 11:00,0.5487766,0.6060895
10/23/24 12:00,0.5737956,0.6572051
10/23/24 13:00,0.3708426,0.3891964
10/23/24 14:00,0.404492,0.4892665
10/23/24 15:00,0.2146937,0.2562388
10/23/24 16:00,0.04475399,0.05101891
10/23/24 17:00,0,0
10/23/24 18:00,0,0
10/23/24 19:00,0,0
10/23/24 20:00,0,0
10/23/24 21:00,0,0
10/23/24 22:00,0,0
10/23/24 23:00,0,0
10/24/24 0:00,0,0
10/24/24 1:00,0,0
10/24/24 2:00,0,0
10/24/24 3:00,0,0
10/24/24 4:00,0,0
10/24/24 5:00,0.004116897,0
10/24/24 6:00,0.091472,0.1028372
10/24/24 7:00,0.2159806,0.2325625
10/24/24 8:00,0.4125611,0.4785116
10/24/24 9:00,0.5575549,0.6559864
10/24/24 10:00,0.7471878,0.9125422
10/24/24 11:00,0.4877244,0.520611
10/24/24 12:00,0.5762573,0.6635163
10/24/24 13:00,0.6171763,0.7641424
10/24/24 14:00,0.5042586,0.6507304
10/24/24 15:00,0.2454109,0.3173904
10/24/24 16:00,0.06463648,0.1073496
10/24/24 17:00,0,0
10/24/24 18:00,0,0
10/24/24 19:00,0,0
10/24/24 20:00,0,0
10/24/24 21:00,0,0
10/24/24 22:00,0,0
10/24/24 23:00,0,0
10/25/24 0:00,0,0
10/25/24 1:00,0,0
10/25/24 2:00,0,0
10/25/24 3:00,0,0
10/25/24 4:00,0,0
10/25/24 5:00,0.00407513,0
10/25/24 6:00,0.1053037,0.1308895
10/25/24 7:00,0.2670355,0.3165402
10/25/24 8:00,0.4168812,0.4878877
10/25/24 9:00,0.5753569,0.6867644
10/25/24 10:00,0.7449366,0.9125506
10/25/24 11:00,0.7651522,0.9354345
10/25/24 12:00,0.7061817,0.8640832
10/25/24 13:00,0.4402939,0.4912272
10/25/24 14:00,0.3537511,0.4102533
10/25/24 15:00,0.1992363,0.2335654
10/25/24 16:00,0.05345106,0.07655587
10/25/24 17:00,0,0
10/25/24 18:00,0,0
10/25/24 19:00,0,0
10/25/24 20:00,0,0
10/25/24 21:00,0,0
10/25/24 22:00,0,0
10/25/24 23:00,0,0
10/26/24 0:00,0,0
10/26/24 1:00,0,0
10/26/24 2:00,0,0
10/26/24 3:00,0,0
10/26/24 4:00,0,0
10/26/24 5:00,0.004293962,0
10/26/24 6:00,0.1315592,0.1968802
10/26/24 7:00,0.2574114,0.3019458
10/26/24 8:00,0.5425513,0.6923652
10/26/24 9:00,0.640514,0.790042
10/26/24 10:00,0.6291754,0.7425707
10/26/24 11:00,0.7883222,0.970575
10/26/24 12:00,0.4944535,0.5436555
10/26/24 13:00,0.5434183,0.6572192
10/26/24 14:00,0.3958523,0.4841106
10/26/24 15:00,0.3182245,0.4550434
10/26/24 16:00,0.07442155,0.1580723
10/26/24 17:00,0,0
10/26/24 18:00,0,0
10/26/24 19:00,0,0
10/26/24 20:00,0,0
10/26/24 21:00,0,0
10/26/24 22:00,0,0
10/26/24 23:00,0,0
10/27/24 0:00,0,0
10/27/24 1:00,0,0
10/27/24 2:00,0,0
10/27/24 3:00,0,0
10/27/24 4:00,0,0
10/27/24 5:00,0.002731893,0
10/27/24 6:00,0.1311177,0.2002092
10/27/24 7:00,0.2855883,0.3551977
10/27/24 8:00,0.5342419,0.6832919
10/27/24 9:00,0.714308,0.8972506
10/27/24 10:00,0.6968811,0.8491375
10/27/24 11:00,0.813566,1.007354
10/27/24 12:00,0.747754,0.9289715
10/27/24 13:00,0.6694857,0.8475129
10/27/24 14:00,0.5034433,0.6600302
10/27/24 15:00,0.2860419,0.4063675
10/27/24 16:00,0.05449117,0.08930007
10/27/24 17:00,0,0
10/27/24 18:00,0,0
10/27/24 19:00,0,0
10/27/24 20:00,0,0
10/27/24 21:00,0,0
10/27/24 22:00,0,0
10/27/24 23:00,0,0
10/28/24 0:00,0,0
10/28/24 1:00,0,0
10/28/24 2:00,0,0
10/28/24 3:00,0,0
10/28/24 4:00,0,0
10/28/24 5:00,0.002736371,0
10/28/24 6:00,0.1349038,0.2148648
10/28/24 7:00,0.3802454,0.5246676
10/28/24 8:00,0.561126,0.7257448
10/28/24 9:00,0.7089002,0.8931642
10/28/24 10:00,0.8669647,1.082157
10/28/24 11:00,0.919831,1.146246
10/28/24 12:00,0.8075741,1.010248
10/28/24 13:00,0.6692202,0.8503385
10/28/24 14:00,0.4907244,0.6450661
10/28/24 15:00,0.2660807,0.3737062
10/28/24 16:00,0.06295151,0.1296529
10/28/24 17:00,0,0
10/28/24 18:00,0,0
10/28/24 19:00,0,0
10/28/24 20:00,0,0
10/28/24 21:00,0,0
10/28/24 22:00,0,0
10/28/24 23:00,0,0
10/29/24 0:00,0,0
10/29/24 1:00,0,0
10/29/24 2:00,0,0
10/29/24 3:00,0,0
10/29/24 4:00,0,0
10/29/24 5:00,0.002430452,0
10/29/24 6:00,0.08478459,0.09770827
10/29/24 7:00,0.2341514,0.26795
10/29/24 8:00,0.3580863,0.4015149
10/29/24 9:00,0.6915243,0.8727447
10/29/24 10:00,0.6796039,0.8292812
10/29/24 11:00,0.7979061,0.9928274
10/29/24 12:00,0.773085,0.9689973
10/29/24 13:00,0.6572713,0.8374428
10/29/24 14:00,0.4916992,0.6499351
10/29/24 15:00,0.3134598,0.4591775
10/29/24 16:00,0.08382114,0.2118706
10/29/24 17:00,0,0
10/29/24 18:00,0,0
10/29/24 19:00,0,0
10/29/24 20:00,0,0
10/29/24 21:00,0,0
10/29/24 22:00,0,0
10/29/24 23:00,0,0
10/30/24 0:00,0,0
10/30/24 1:00,0,0
10/30/24 2:00,0,0
10/30/24 3:00,0,0
10/30/24 4:00,0,0
10/30/24 5:00,0.003083113,0
10/30/24 6:00,0.09130955,0.1123589
10/30/24 7:00,0.1032104,0.101352
10/30/24 8:00,0.3618711,0.409271
10/30/24 9:00,0.3103538,0.3131146
10/30/24 10:00,0.554103,0.6349422
10/30/24 11:00,0.2297483,0.2249082
10/30/24 12:00,0.4419642,0.4739474
10/30/24 13:00,0.3557056,0.3759219
10/30/24 14:00,0.3491954,0.4149572
10/30/24 15:00,0.2429165,0.3357556
10/30/24 16:00,0.05358075,0.1043165
10/30/24 17:00,0,0
10/30/24 18:00,0,0
10/30/24 19:00,0,0
10/30/24 20:00,0,0
10/30/24 21:00,0,0
10/30/24 22:00,0,0
10/30/24 23:00,0,0
10/31/24 0:00,0,0
10/31/24 1:00,0,0
10/31/24 2:00,0,0
10/31/24 3:00,0,0
10/31/24 4:00,0,0
10/31/24 5:00,0.001240905,0
10/31/24 6:00,0.07377329,0.08111183
10/31/24 7:00,0.3202243,0.4334719
10/31/24 8:00,0.5276214,0.6864802
10/31/24 9:00,0.8078721,1.032145
10/31/24 10:00,0.8330897,1.04809
10/31/24 11:00,0.659201,0.7963091
10/31/24 12:00,0.6756645,0.8381878
10/31/24 13:00,0.626478,0.8007705
10/31/24 14:00,0.4396617,0.5755137
10/31/24 15:00,0.2759129,0.4046715
10/31/24 16:00,0.06442558,0.1626401
10/31/24 17:00,0,0
10/31/24 18:00,0,0
10/31/24 19:00,0,0
10/31/24 20:00,0,0
10/31/24 21:00,0,0
10/31/24 22:00,0,0
10/31/24 23:00,0,0
11/1/24 0:00,0,0
11/1/24 1:00,0,0
11/1/24 2:00,0,0
11/1/24 3:00,0,0
11/1/24 4:00,0,0
11/1/24 5:00,0.002116767,0
11/1/24 6:00,0.09162034,0.1177679
11/1/24 7:00,0.3350346,0.4642563
11/1/24 8:00,0.5309407,0.6947773
11/1/24 9:00,0.6610241,0.8391724
11/1/24 10:00,0.8230746,1.0382
11/1/24 11:00,0.8122853,1.020711
11/1/24 12:00,0.6390048,0.7848522
11/1/24 13:00,0.4725673,0.558354
11/1/24 14:00,0.4485403,0.5935749
11/1/24 15:00,0.2508513,0.3601399
11/1/24 16:00,0.0532866,0.1181468
11/1/24 17:00,0,0
11/1/24 18:00,0,0
11/1/24 19:00,0,0
11/1/24 20:00,0,0
11/1/24 21:00,0,0
11/1/24 22:00,0,0
11/1/24 23:00,0,0
11/2/24 0:00,0,0
11/2/24 1:00,0,0
11/2/24 2:00,0,0
11/2/24 3:00,0,0
11/2/24 4:00,0,0
11/2/24 5:00,0.00174233,0
11/2/24 6:00,0.08881886,0.1138518
11/2/24 7:00,0.305356,0.4124868
11/2/24 8:00,0.4743289,0.6076945
11/2/24 9:00,0.6596467,0.8403051
11/2/24 10:00,0.7932391,1.002535
11/2/24 11:00,0.6525257,0.7916303
11/2/24 12:00,0.6138828,0.7479549
11/2/24 13:00,0.7119846,0.9226484
11/2/24 14:00,0.4740794,0.6371794
11/2/24 15:00,0.2492526,0.3609281
11/2/24 16:00,0.05109025,0.1151268
11/2/24 17:00,0,0
11/2/24 18:00,0,0
11/2/24 19:00,0,0
11/2/24 20:00,0,0
11/2/24 21:00,0,0
11/2/24 22:00,0,0
11/2/24 23:00,0,0
11/3/24 0:00,0,0
11/3/24 1:00,0,0
11/3/24 2:00,0,0
11/3/24 3:00,0,0
11/3/24 4:00,0,0
11/3/24 5:00,0.002001718,0
11/3/24 6:00,0.1278133,0.2277423
11/3/24 7:00,0.2046595,0.2272544
11/3/24 8:00,0.1962917,0.1942542
11/3/24 9:00,0.4197885,0.4616618
11/3/24 10:00,0.5689162,0.6679623
11/3/24 11:00,0.4949482,0.5453573
11/3/24 12:00,0.6808426,0.8552584
11/3/24 13:00,0.5496345,0.6922165
11/3/24 14:00,0.1919056,0.1921566
11/3/24 15:00,0.04928678,0.04826655
11/3/24 16:00,0.006615366,0.006530029
11/3/24 17:00,0,0
11/3/24 18:00,0,0
11/3/24 19:00,0,0
11/3/24 20:00,0,0
11/3/24 21:00,0,0
11/3/24 22:00,0,0
11/3/24 23:00,0,0
11/4/24 0:00,0,0
11/4/24 1:00,0,0
11/4/24 2:00,0,0
11/4/24 3:00,0,0
11/4/24 4:00,0,0
11/4/24 5:00,0.001185448,0
11/4/24 6:00,0.1061758,0.1684057
11/4/24 7:00,0.1810732,0.1927409
11/4/24 8:00,0.2304408,0.2322965
11/4/24 9:00,0.3090612,0.3136089
11/4/24 10:00,0.5301446,0.6079684
11/4/24 11:00,0.5265008,0.5952815
11/4/24 12:00,0.76532,0.9764948
11/4/24 13:00,0.57659,0.7384606
11/4/24 14:00,0.4564832,0.6164625
11/4/24 15:00,0.222553,0.3115138
11/4/24 16:00,0.05713308,0.1663632
11/4/24 17:00,0,0
11/4/24 18:00,0,0
11/4/24 19:00,0,0
11/4/24 20:00,0,0
11/4/24 21:00,0,0
11/4/24 22:00,0,0
11/4/24 23:00,0,0
11/5/24 0:00,0,0
11/5/24 1:00,0,0
11/5/24 2:00,0,0
11/5/24 3:00,0,0
11/5/24 4:00,0,0
11/5/24 5:00,0.000971394,0
11/5/24 6:00,0.08128329,0.1038687
11/5/24 7:00,0.1858117,0.2005432
11/5/24 8:00,0.3056192,0.3315788
11/5/24 9:00,0.6445719,0.8275579
11/5/24 10:00,0.6767977,0.8463289
11/5/24 11:00,0.6831752,0.8485672
11/5/24 12:00,0.7500252,0.9592495
11/5/24 13:00,0.6440104,0.8406904
11/5/24 14:00,0.3867422,0.499367
11/5/24 15:00,0.2146091,0.297442
11/5/24 16:00,0.04229252,0.09038567
11/5/24 17:00,0,0
11/5/24 18:00,0,0
11/5/24 19:00,0,0
11/5/24 20:00,0,0
11/5/24 21:00,0,0
11/5/24 22:00,0,0
11/5/24 23:00,0,0
11/6/24 0:00,0,0
11/6/24 1:00,0,0
11/6/24 2:00,0,0
11/6/24 3:00,0,0
11/6/24 4:00,0,0
11/6/24 5:00,0.000716768,0
11/6/24 6:00,0.08119388,0.1062658
11/6/24 7:00,0.2855808,0.3876849
11/6/24 8:00,0.4260491,0.5364485
11/6/24 9:00,0.573742,0.7198443
11/6/24 10:00,0.6912271,0.8713583
11/6/24 11:00,0.7843994,0.9983559
11/6/24 12:00,0.7762807,0.9966498
11/6/24 13:00,0.7144284,0.9387681
11/6/24 14:00,0.5160773,0.7102047
11/6/24 15:00,0.3103447,0.4846351
11/6/24 16:00,0.06091182,0.2051742
11/6/24 17:00,0,0
11/6/24 18:00,0,0
11/6/24 19:00,0,0
11/6/24 20:00,0,0
11/6/24 21:00,0,0
11/6/24 22:00,0,0
11/6/24 23:00,0,0
11/7/24 0:00,0,0
11/7/24 1:00,0,0
11/7/24 2:00,0,0
11/7/24 3:00,0,0
11/7/24 4:00,0,0
11/7/24 5:00,0.000384693,0
11/7/24 6:00,0.09590525,0.1516555
11/7/24 7:00,0.1702912,0.1799381
11/7/24 8:00,0.3834985,0.4631863
11/7/24 9:00,0.5668865,0.7115663
11/7/24 10:00,0.5224552,0.6019248
11/7/24 11:00,0.5637056,0.6610674
11/7/24 12:00,0.5344284,0.6309803
11/7/24 13:00,0.5878035,0.765025
11/7/24 14:00,0.3963094,0.5230287
11/7/24 15:00,0.2398936,0.3609188
11/7/24 16:00,0.06622321,0.2356158
11/7/24 17:00,0,0
11/7/24 18:00,0,0
11/7/24 19:00,0,0
11/7/24 20:00,0,0
11/7/24 21:00,0,0
11/7/24 22:00,0,0
11/7/24 23:00,0,0
11/8/24 0:00,0,0
11/8/24 1:00,0,0
11/8/24 2:00,0,0
11/8/24 3:00,0,0
11/8/24 4:00,0,0
11/8/24 5:00,0.000393409,0
11/8/24 6:00,0.09598731,0.1570724
11/8/24 7:00,0.3564,0.5260199
11/8/24 8:00,0.5533632,0.7490488
11/8/24 9:00,0.6706667,0.8740435
11/8/24 10:00,0.7750693,0.9956651
11/8/24 11:00,0.620822,0.757372
11/8/24 12:00,0.6183769,0.7724948
11/8/24 13:00,0.5444484,0.6987609
11/8/24 14:00,0.3936242,0.5211768
11/8/24 15:00,0.2635229,0.4126246
11/8/24 16:00,0.04729418,0.1474998
11/8/24 17:00,0,0
11/8/24 18:00,0,0
11/8/24 19:00,0,0
11/8/24 20:00,0,0
11/8/24 21:00,0,0
11/8/24 22:00,0,0
11/8/24 23:00,0,0
11/9/24 0:00,0,0
11/9/24 1:00,0,0
11/9/24 2:00,0,0
11/9/24 3:00,0,0
11/9/24 4:00,0,0
11/9/24 5:00,0.000276003,0
11/9/24 6:00,0.1054423,0.194954
11/9/24 7:00,0.3054912,0.4391106
11/9/24 8:00,0.6202983,0.8463626
11/9/24 9:00,0.7805986,1.025739
11/9/24 10:00,0.7934691,1.022762
11/9/24 11:00,0.8583199,1.104224
11/9/24 12:00,0.7398375,0.9566509
11/9/24 13:00,0.7170649,0.9517463
11/9/24 14:00,0.4210388,0.573443
11/9/24 15:00,0.2072163,0.2940232
11/9/24 16:00,0.04529392,0.1434196
11/9/24 17:00,0,0
11/9/24 18:00,0,0
11/9/24 19:00,0,0
11/9/24 20:00,0,0
11/9/24 21:00,0,0
11/9/24 22:00,0,0
11/9/24 23:00,0,0
11/10/24 0:00,0,0
11/10/24 1:00,0,0
11/10/24 2:00,0,0
11/10/24 3:00,0,0
11/10/24 4:00,0,0
11/10/24 5:00,0.000312386,0
11/10/24 6:00,0.1394925,0.2972549
11/10/24 7:00,0.3615841,0.5407778
11/10/24 8:00,0.5272995,0.7178985
11/10/24 9:00,0.7008421,0.9206338
11/10/24 10:00,0.890878,1.155565
11/10/24 11:00,0.8430948,1.08691
11/10/24 12:00,0.7496142,0.9722793
11/10/24 13:00,0.5793993,0.7607698
11/10/24 14:00,0.510564,0.7146416
11/10/24 15:00,0.2581839,0.409541
11/10/24 16:00,0.0373215,0.09431905
11/10/24 17:00,0,0
11/10/24 18:00,0,0
11/10/24 19:00,0,0
11/10/24 20:00,0,0
11/10/24 21:00,0,0
11/10/24 22:00,0,0
11/10/24 23:00,0,0
11/11/24 0:00,0,0
11/11/24 1:00,0,0
11/11/24 2:00,0,0
11/11/24 3:00,0,0
11/11/24 4:00,0,0
11/11/24 5:00,0.000144467,0
11/11/24 6:00,0.07101391,0.09462494
11/11/24 7:00,0.08653427,0.08509667
11/11/24 8:00,0.2104907,0.2113658
11/11/24 9:00,0.263532,0.2633401
11/11/24 10:00,0.3633883,0.3750392
11/11/24 11:00,0.3833727,0.3978431
11/11/24 12:00,0.2514662,0.2481981
11/11/24 13:00,0.1933415,0.1900784
11/11/24 14:00,0.2370208,0.2526567
11/11/24 15:00,0.03214681,0.03142355
11/11/24 16:00,0.0135383,0.01408267
11/11/24 17:00,0,0
11/11/24 18:00,0,0
11/11/24 19:00,0,0
11/11/24 20:00,0,0
11/11/24 21:00,0,0
11/11/24 22:00,0,0
11/11/24 23:00,0,0
11/12/24 0:00,0,0
11/12/24 1:00,0,0
11/12/24 2:00,0,0
11/12/24 3:00,0,0
11/12/24 4:00,0,0
11/12/24 5:00,5.80881E-05,0
11/12/24 6:00,0.08337877,0.1361446
11/12/24 7:00,0.02294481,0.02234811
11/12/24 8:00,0.04960604,0.0483298
11/12/24 9:00,0.114677,0.1119842
11/12/24 10:00,0.1272856,0.1242468
11/12/24 11:00,0.1463862,0.1429788
11/12/24 12:00,0.1465295,0.1432009
11/12/24 13:00,0.09651943,0.09421302
11/12/24 14:00,0.1126835,0.1105288
11/12/24 15:00,0.04024381,0.03941875
11/12/24 16:00,0.007506915,0.007579117
11/12/24 17:00,0,0
11/12/24 18:00,0,0
11/12/24 19:00,0,0
11/12/24 20:00,0,0
11/12/24 21:00,0,0
11/12/24 22:00,0,0
11/12/24 23:00,0,0
11/13/24 0:00,0,0
11/13/24 1:00,0,0
11/13/24 2:00,0,0
11/13/24 3:00,0,0
11/13/24 4:00,0,0
11/13/24 5:00,1.71511E-05,0
11/13/24 6:00,0.09864353,0.1985419
11/13/24 7:00,0.1773183,0.1961435
11/13/24 8:00,0.3294311,0.3816391
11/13/24 9:00,0.4740687,0.5691813
11/13/24 10:00,0.2891227,0.2881183
11/13/24 11:00,0.4523056,0.4956188
11/13/24 12:00,0.6638196,0.8582544
11/13/24 13:00,0.4654427,0.5753615
11/13/24 14:00,0.2838618,0.3287101
11/13/24 15:00,0.13759,0.1551041
11/13/24 16:00,0.04072639,0.1470622
11/13/24 17:00,0,0
11/13/24 18:00,0,0
11/13/24 19:00,0,0
11/13/24 20:00,0,0
11/13/24 21:00,0,0
11/13/24 22:00,0,0
11/13/24 23:00,0,0
11/14/24 0:00,0,0
11/14/24 1:00,0,0
11/14/24 2:00,0,0
11/14/24 3:00,0,0
11/14/24 4:00,0,0
11/14/24 5:00,9.43324E-07,0
11/14/24 6:00,0.08268665,0.1450699
11/14/24 7:00,0.2698347,0.3843054
11/14/24 8:00,0.4514779,0.6073073
11/14/24 9:00,0.7240825,0.9636911
11/14/24 10:00,0.7627125,0.9950332
11/14/24 11:00,0.8765191,1.142939
11/14/24 12:00,0.7834085,1.028273
11/14/24 13:00,0.6294203,0.844793
11/14/24 14:00,0.4540216,0.6424565
11/14/24 15:00,0.2550299,0.416656
11/14/24 16:00,0.05060694,0.2353734
11/14/24 17:00,0,0
11/14/24 18:00,0,0
11/14/24 19:00,0,0
11/14/24 20:00,0,0
11/14/24 21:00,0,0
11/14/24 22:00,0,0
11/14/24 23:00,0,0
11/15/24 0:00,0,0
11/15/24 1:00,0,0
11/15/24 2:00,0,0
11/15/24 3:00,0,0
11/15/24 4:00,0,0
11/15/24 5:00,0,0
11/15/24 6:00,0.03616171,0.03670775
11/15/24 7:00,0.1178081,0.1178164
11/15/24 8:00,0.2612326,0.2775015
11/15/24 9:00,0.5530744,0.7119085
11/15/24 10:00,0.3886335,0.4110823
11/15/24 11:00,0.4124027,0.4398814
11/15/24 12:00,0.5088947,0.605268
11/15/24 13:00,0.5720422,0.762773
11/15/24 14:00,0.3730357,0.5019888
11/15/24 15:00,0.1395164,0.160349
11/15/24 16:00,0.02580462,0.04626818
11/15/24 17:00,0,0
11/15/24 18:00,0,0
11/15/24 19:00,0,0
11/15/24 20:00,0,0
11/15/24 21:00,0,0
11/15/24 22:00,0,0
11/15/24 23:00,0,0
11/16/24 0:00,0,0
11/16/24 1:00,0,0
11/16/24 2:00,0,0
11/16/24 3:00,0,0
11/16/24 4:00,0,0
11/16/24 5:00,0,0
11/16/24 6:00,0.08324908,0.1605547
11/16/24 7:00,0.1735604,0.1936746
11/16/24 8:00,0.1242229,0.1218096
11/16/24 9:00,0.3097228,0.3203213
11/16/24 10:00,0.4939984,0.5730517
11/16/24 11:00,0.3769024,0.3925177
11/16/24 12:00,0.08016726,0.07811775
11/16/24 13:00,0.1327831,0.1299491
11/16/24 14:00,0.1600433,0.159049
11/16/24 15:00,0.1062547,0.1098652
11/16/24 16:00,0.02852882,0.06373291
11/16/24 17:00,0,0
11/16/24 18:00,0,0
11/16/24 19:00,0,0
11/16/24 20:00,0,0
11/16/24 21:00,0,0
11/16/24 22:00,0,0
11/16/24 23:00,0,0
11/17/24 0:00,0,0
11/17/24 1:00,0,0
11/17/24 2:00,0,0
11/17/24 3:00,0,0
11/17/24 4:00,0,0
11/17/24 5:00,0,0
11/17/24 6:00,0.05986645,0.08233549
11/17/24 7:00,0.1591838,0.1720706
11/17/24 8:00,0.3070294,0.3505175
11/17/24 9:00,0.678236,0.9085883
11/17/24 10:00,0.6585978,0.8520483
11/17/24 11:00,0.4874652,0.5558833
11/17/24 12:00,0.3798974,0.4046851
11/17/24 13:00,0.4431059,0.5438796
11/17/24 14:00,0.3875501,0.5349253
11/17/24 15:00,0.1039623,0.1071627
11/17/24 16:00,0.01947555,0.02480009
11/17/24 17:00,0,0
11/17/24 18:00,0,0
11/17/24 19:00,0,0
11/17/24 20:00,0,0
11/17/24 21:00,0,0
11/17/24 22:00,0,0
11/17/24 23:00,0,0
11/18/24 0:00,0,0
11/18/24 1:00,0,0
11/18/24 2:00,0,0
11/18/24 3:00,0,0
11/18/24 4:00,0,0
11/18/24 5:00,0,0
11/18/24 6:00,0.04881193,0.05768208
11/18/24 7:00,0.1335074,0.1372162
11/18/24 8:00,0.2294621,0.2368188
11/18/24 9:00,0.4922075,0.6133466
11/18/24 10:00,0.6490155,0.8394222
11/18/24 11:00,0.4761074,0.5390947
11/18/24 12:00,0.543015,0.6703393
11/18/24 13:00,0.4104641,0.4875074
11/18/24 14:00,0.3518544,0.4674263
11/18/24 15:00,0.2159289,0.3427476
11/18/24 16:00,0.02629678,0.05367259
11/18/24 17:00,0,0
11/18/24 18:00,0,0
11/18/24 19:00,0,0
11/18/24 20:00,0,0
11/18/24 21:00,0,0
11/18/24 22:00,0,0
11/18/24 23:00,0,0
11/19/24 0:00,0,0
11/19/24 1:00,0,0
11/19/24 2:00,0,0
11/19/24 3:00,0,0
11/19/24 4:00,0,0
11/19/24 5:00,0,0
11/19/24 6:00,0.04088831,0.04445466
11/19/24 7:00,0.1249,0.126947
11/19/24 8:00,0.3756295,0.4804759
11/19/24 9:00,0.4286233,0.5033128
11/19/24 10:00,0.4592525,0.521141
11/19/24 11:00,0.5495712,0.6635593
11/19/24 12:00,0.1518468,0.1485253
11/19/24 13:00,0.1764444,0.173325
11/19/24 14:00,0.1780066,0.1795678
11/19/24 15:00,0.1848777,0.2668877
11/19/24 16:00,0.02812724,0.06721997
11/19/24 17:00,0,0
11/19/24 18:00,0,0
11/19/24 19:00,0,0
11/19/24 20:00,0,0
11/19/24 21:00,0,0
11/19/24 22:00,0,0
11/19/24 23:00,0,0
11/20/24 0:00,0,0
11/20/24 1:00,0,0
11/20/24 2:00,0,0
11/20/24 3:00,0,0
11/20/24 4:00,0,0
11/20/24 5:00,0,0
11/20/24 6:00,0.0898817,0.2202404
11/20/24 7:00,0.1662412,0.1864649
11/20/24 8:00,0.2325196,0.2418288
11/20/24 9:00,0.1947605,0.1914755
11/20/24 10:00,0.2330102,0.229364
11/20/24 11:00,0.3342224,0.3405884
11/20/24 12:00,0.6048586,0.7810699
11/20/24 13:00,0.5648744,0.7634006
11/20/24 14:00,0.4361703,0.6286443
11/20/24 15:00,0.2123294,0.3391443
11/20/24 16:00,0.03373185,0.1159429
11/20/24 17:00,0,0
11/20/24 18:00,0,0
11/20/24 19:00,0,0
11/20/24 20:00,0,0
11/20/24 21:00,0,0
11/20/24 22:00,0,0
11/20/24 23:00,0,0
11/21/24 0:00,0,0
11/21/24 1:00,0,0
11/21/24 2:00,0,0
11/21/24 3:00,0,0
11/21/24 4:00,0,0
11/21/24 5:00,0,0
11/21/24 6:00,0.05768401,0.08987653
11/21/24 7:00,0.2662928,0.4037942
11/21/24 8:00,0.5410264,0.7688939
11/21/24 9:00,0.6996185,0.9485409
11/21/24 10:00,0.724476,0.9596714
11/21/24 11:00,0.6908114,0.9031854
11/21/24 12:00,0.7145655,0.9508572
11/21/24 13:00,0.6339013,0.8671504
11/21/24 14:00,0.4626363,0.6719229
11/21/24 15:00,0.2400877,0.4059962
11/21/24 16:00,0.03681994,0.1472933
11/21/24 17:00,0,0
11/21/24 18:00,0,0
11/21/24 19:00,0,0
11/21/24 20:00,0,0
11/21/24 21:00,0,0
11/21/24 22:00,0,0
11/21/24 23:00,0,0
11/22/24 0:00,0,0
11/22/24 1:00,0,0
11/22/24 2:00,0,0
11/22/24 3:00,0,0
11/22/24 4:00,0,0
11/22/24 5:00,0,0
11/22/24 6:00,0.05966878,0.1020383
11/22/24 7:00,0.2259969,0.3138264
11/22/24 8:00,0.3824536,0.5021073
11/22/24 9:00,0.635498,0.8610327
11/22/24 10:00,0.7077368,0.9383315
11/22/24 11:00,0.7343221,0.9693592
11/22/24 12:00,0.7362788,0.982725
11/22/24 13:00,0.6581712,0.9037049
11/22/24 14:00,0.4508699,0.6562063
11/22/24 15:00,0.2261719,0.377466
11/22/24 16:00,0.03929324,0.1716387
11/22/24 17:00,0,0
11/22/24 18:00,0,0
11/22/24 19:00,0,0
11/22/24 20:00,0,0
11/22/24 21:00,0,0
11/22/24 22:00,0,0
11/22/24 23:00,0,0
11/23/24 0:00,0,0
11/23/24 1:00,0,0
11/23/24 2:00,0,0
11/23/24 3:00,0,0
11/23/24 4:00,0,0
11/23/24 5:00,0,0
11/23/24 6:00,0.07004534,0.1558835
11/23/24 7:00,0.3469729,0.5618699
11/23/24 8:00,0.5249038,0.750376
11/23/24 9:00,0.691706,0.9423383
11/23/24 10:00,0.8086935,1.079758
11/23/24 11:00,0.8370483,1.112177
11/23/24 12:00,0.739046,0.9885818
11/23/24 13:00,0.712227,0.983111
11/23/24 14:00,0.5267688,0.7738495
11/23/24 15:00,0.2504108,0.4312912
11/23/24 16:00,0.03436895,0.1286041
11/23/24 17:00,0,0
11/23/24 18:00,0,0
11/23/24 19:00,0,0
11/23/24 20:00,0,0
11/23/24 21:00,0,0
11/23/24 22:00,0,0
11/23/24 23:00,0,0
11/24/24 0:00,0,0
11/24/24 1:00,0,0
11/24/24 2:00,0,0
11/24/24 3:00,0,0
11/24/24 4:00,0,0
11/24/24 5:00,0,0
11/24/24 6:00,0.07833156,0.2053072
11/24/24 7:00,0.2569994,0.3944086
11/24/24 8:00,0.4112715,0.5640429
11/24/24 9:00,0.5026819,0.6472005
11/24/24 10:00,0.6956972,0.9252886
11/24/24 11:00,0.8695377,1.159182
11/24/24 12:00,0.7512326,1.007444
11/24/24 13:00,0.6519349,0.8989449
11/24/24 14:00,0.4486364,0.6566123
11/24/24 15:00,0.267291,0.4642553
11/24/24 16:00,0.04886422,0.2351669
11/24/24 17:00,0,0
11/24/24 18:00,0,0
11/24/24 19:00,0,0
11/24/24 20:00,0,0
11/24/24 21:00,0,0
11/24/24 22:00,0,0
11/24/24 23:00,0,0
11/25/24 0:00,0,0
11/25/24 1:00,0,0
11/25/24 2:00,0,0
11/25/24 3:00,0,0
11/25/24 4:00,0,0
11/25/24 5:00,0,0
11/25/24 6:00,0.04381861,0.05888803
11/25/24 7:00,0.2728817,0.4338418
11/25/24 8:00,0.3844872,0.5145501
11/25/24 9:00,0.5262485,0.6920554
11/25/24 10:00,0.7298949,0.9753587
11/25/24 11:00,0.7053454,0.9336134
11/25/24 12:00,0.5047102,0.6158403
11/25/24 13:00,0.4636619,0.5962608
11/25/24 14:00,0.4024081,0.5801609
11/25/24 15:00,0.2294947,0.3914667
11/25/24 16:00,0.03644072,0.1510014
11/25/24 17:00,0,0
11/25/24 18:00,0,0
11/25/24 19:00,0,0
11/25/24 20:00,0,0
11/25/24 21:00,0,0
11/25/24 22:00,0,0
11/25/24 23:00,0,0
11/26/24 0:00,0,0
11/26/24 1:00,0,0
11/26/24 2:00,0,0
11/26/24 3:00,0,0
11/26/24 4:00,0,0
11/26/24 5:00,0,0
11/26/24 6:00,0.0488614,0.07869373
11/26/24 7:00,0.2424858,0.3678677
11/26/24 8:00,0.4679135,0.6710701
11/26/24 9:00,0.496981,0.6416031
11/26/24 10:00,0.55292,0.6950648
11/26/24 11:00,0.6592847,0.8644256
11/26/24 12:00,0.7084689,0.9519076
11/26/24 13:00,0.4752114,0.6193845
11/26/24 14:00,0.3880878,0.5549757
11/26/24 15:00,0.2277629,0.389339
11/26/24 16:00,0.03770276,0.1633517
11/26/24 17:00,0,0
11/26/24 18:00,0,0
11/26/24 19:00,0,0
11/26/24 20:00,0,0
11/26/24 21:00,0,0
11/26/24 22:00,0,0
11/26/24 23:00,0,0
11/27/24 0:00,0,0
11/27/24 1:00,0,0
11/27/24 2:00,0,0
11/27/24 3:00,0,0
11/27/24 4:00,0,0
11/27/24 5:00,0,0
11/27/24 6:00,0.04856268,0.08191532
11/27/24 7:00,0.2033244,0.2763092
11/27/24 8:00,0.5029294,0.7274443
11/27/24 9:00,0.6186275,0.8475887
11/27/24 10:00,0.832115,1.121357
11/27/24 11:00,0.8321159,1.113854
11/27/24 12:00,0.7400435,0.9975426
11/27/24 13:00,0.5617893,0.772189
11/27/24 14:00,0.477645,0.7062485
11/27/24 15:00,0.2742222,0.4827528
11/27/24 16:00,0.04574612,0.2191708
11/27/24 17:00,0,0
11/27/24 18:00,0,0
11/27/24 19:00,0,0
11/27/24 20:00,0,0
11/27/24 21:00,0,0
11/27/24 22:00,0,0
11/27/24 23:00,0,0
11/28/24 0:00,0,0
11/28/24 1:00,0,0
11/28/24 2:00,0,0
11/28/24 3:00,0,0
11/28/24 4:00,0,0
11/28/24 5:00,0,0
11/28/24 6:00,0.04814962,0.08499891
11/28/24 7:00,0.102709,0.1031122
11/28/24 8:00,0.09742445,0.09546296
11/28/24 9:00,0.2703453,0.2760734
11/28/24 10:00,0.3927228,0.4276096
11/28/24 11:00,0.6142306,0.7934631
11/28/24 12:00,0.3128572,0.320966
11/28/24 13:00,0.1920926,0.1896021
11/28/24 14:00,0.1107998,0.108905
11/28/24 15:00,0.1105289,0.1187362
11/28/24 16:00,0.02353961,0.04666411
11/28/24 17:00,0,0
11/28/24 18:00,0,0
11/28/24 19:00,0,0
11/28/24 20:00,0,0
11/28/24 21:00,0,0
11/28/24 22:00,0,0
11/28/24 23:00,0,0
11/29/24 0:00,0,0
11/29/24 1:00,0,0
11/29/24 2:00,0,0
11/29/24 3:00,0,0
11/29/24 4:00,0,0
11/29/24 5:00,0,0
11/29/24 6:00,0.04357264,0.07052536
11/29/24 7:00,0.06510548,0.06412897
11/29/24 8:00,0.2129886,0.2206968
11/29/24 9:00,0.4912985,0.6379729
11/29/24 10:00,0.5181244,0.638638
11/29/24 11:00,0.2635913,0.2616261
11/29/24 12:00,0.4213861,0.4774523
11/29/24 13:00,0.3565567,0.4069286
11/29/24 14:00,0.251664,0.2879654
11/29/24 15:00,0.08876568,0.08995102
11/29/24 16:00,0.01362289,0.01488592
11/29/24 17:00,0,0
11/29/24 18:00,0,0
11/29/24 19:00,0,0
11/29/24 20:00,0,0
11/29/24 21:00,0,0
11/29/24 22:00,0,0
11/29/24 23:00,0,0
11/30/24 0:00,0,0
11/30/24 1:00,0,0
11/30/24 2:00,0,0
11/30/24 3:00,0,0
11/30/24 4:00,0,0
11/30/24 5:00,0,0
11/30/24 6:00,0.03516312,0.04577171
11/30/24 7:00,0.1684821,0.2059223
11/30/24 8:00,0.3659937,0.4906841
11/30/24 9:00,0.5066196,0.6683488
11/30/24 10:00,0.6869517,0.9241608
11/30/24 11:00,0.7195091,0.9631305
11/30/24 12:00,0.6587477,0.8867434
11/30/24 13:00,0.6513122,0.9086112
11/30/24 14:00,0.4528483,0.6725467
11/30/24 15:00,0.2511724,0.4444133
11/30/24 16:00,0.04266624,0.2022689
11/30/24 17:00,0,0
11/30/24 18:00,0,0
11/30/24 19:00,0,0
11/30/24 20:00,0,0
11/30/24 21:00,0,0
11/30/24 22:00,0,0
11/30/24 23:00,0,0
12/1/24 0:00,0,0
12/1/24 1:00,0,0
12/1/24 2:00,0,0
12/1/24 3:00,0,0
12/1/24 4:00,0,0
12/1/24 5:00,0,0
12/1/24 6:00,0.03892927,0.06014352
12/1/24 7:00,0.2077521,0.2996316
12/1/24 8:00,0.4714739,0.6885755
12/1/24 9:00,0.6809617,0.9445803
12/1/24 10:00,0.6162779,0.8150109
12/1/24 11:00,0.8234588,1.10918
12/1/24 12:00,0.7501934,1.018309
12/1/24 13:00,0.6558804,0.9167194
12/1/24 14:00,0.5136617,0.768468
12/1/24 15:00,0.2574592,0.4573019
12/1/24 16:00,0.03501405,0.1411018
12/1/24 17:00,0,0
12/1/24 18:00,0,0
12/1/24 19:00,0,0
12/1/24 20:00,0,0
12/1/24 21:00,0,0
12/1/24 22:00,0,0
12/1/24 23:00,0,0
12/2/24 0:00,0,0
12/2/24 1:00,0,0
12/2/24 2:00,0,0
12/2/24 3:00,0,0
12/2/24 4:00,0,0
12/2/24 5:00,0,0
12/2/24 6:00,0.07780763,0.2736805
12/2/24 7:00,0.1479121,0.1693714
12/2/24 8:00,0.4062967,0.5765117
12/2/24 9:00,0.5320274,0.7182823
12/2/24 10:00,0.4726681,0.5624226
12/2/24 11:00,0.5069759,0.6104779
12/2/24 12:00,0.5219712,0.6567421
12/2/24 13:00,0.403153,0.4916402
12/2/24 14:00,0.1660148,0.1670484
12/2/24 15:00,0.09193473,0.09387393
12/2/24 16:00,0.02315825,0.044636
12/2/24 17:00,0,0
12/2/24 18:00,0,0
12/2/24 19:00,0,0
12/2/24 20:00,0,0
12/2/24 21:00,0,0
12/2/24 22:00,0,0
12/2/24 23:00,0,0
12/3/24 0:00,0,0
12/3/24 1:00,0,0
12/3/24 2:00,0,0
12/3/24 3:00,0,0
12/3/24 4:00,0,0
12/3/24 5:00,0,0
12/3/24 6:00,0.05385249,0.1563929
12/3/24 7:00,0.2772534,0.4700933
12/3/24 8:00,0.3237841,0.4114327
12/3/24 9:00,0.4467763,0.5626431
12/3/24 10:00,0.3982281,0.4398794
12/3/24 11:00,0.5161304,0.6279082
12/3/24 12:00,0.6081395,0.8101681
12/3/24 13:00,0.4888641,0.6543614
12/3/24 14:00,0.222535,0.2419093
12/3/24 15:00,0.1927636,0.3076688
12/3/24 16:00,0.0326067,0.1176952
12/3/24 17:00,0,0
12/3/24 18:00,0,0
12/3/24 19:00,0,0
12/3/24 20:00,0,0
12/3/24 21:00,0,0
12/3/24 22:00,0,0
12/3/24 23:00,0,0
12/4/24 0:00,0,0
12/4/24 1:00,0,0
12/4/24 2:00,0,0
12/4/24 3:00,0,0
12/4/24 4:00,0,0
12/4/24 5:00,0,0
12/4/24 6:00,0.06564231,0.2409506
12/4/24 7:00,0.2232582,0.3496575
12/4/24 8:00,0.3788627,0.5269517
12/4/24 9:00,0.5401393,0.7364305
12/4/24 10:00,0.3963579,0.4377234
12/4/24 11:00,0.3932695,0.4258741
12/4/24 12:00,0.3232646,0.3356719
12/4/24 13:00,0.07086868,0.06913477
12/4/24 14:00,0.1367772,0.1352334
12/4/24 15:00,0.101299,0.1060097
12/4/24 16:00,0.008732145,0.009045163
12/4/24 17:00,0,0
12/4/24 18:00,0,0
12/4/24 19:00,0,0
12/4/24 20:00,0,0
12/4/24 21:00,0,0
12/4/24 22:00,0,0
12/4/24 23:00,0,0
12/5/24 0:00,0,0
12/5/24 1:00,0,0
12/5/24 2:00,0,0
12/5/24 3:00,0,0
12/5/24 4:00,0,0
12/5/24 5:00,0,0
12/5/24 6:00,0.04861984,0.1404256
12/5/24 7:00,0.11432,0.1192304
12/5/24 8:00,0.4066303,0.5844776
12/5/24 9:00,0.5583175,0.7690931
12/5/24 10:00,0.6517738,0.8791474
12/5/24 11:00,0.6554322,0.8732517
12/5/24 12:00,0.5993136,0.7977436
12/5/24 13:00,0.4976205,0.6725285
12/5/24 14:00,0.4358803,0.6514843
12/5/24 15:00,0.1862342,0.2902679
12/5/24 16:00,0.0376967,0.1627266
12/5/24 17:00,0,0
12/5/24 18:00,0,0
12/5/24 19:00,0,0
12/5/24 20:00,0,0
12/5/24 21:00,0,0
12/5/24 22:00,0,0
12/5/24 23:00,0,0
12/6/24 0:00,0,0
12/6/24 1:00,0,0
12/6/24 2:00,0,0
12/6/24 3:00,0,0
12/6/24 4:00,0,0
12/6/24 5:00,0,0
12/6/24 6:00,0.04376302,0.1151457
12/6/24 7:00,0.1818984,0.2495502
12/6/24 8:00,0.2497034,0.2787874
12/6/24 9:00,0.3828891,0.4497282
12/6/24 10:00,0.5166194,0.6467702
12/6/24 11:00,0.4758303,0.5601355
12/6/24 12:00,0.3365897,0.3538304
12/6/24 13:00,0.2310956,0.23254
12/6/24 14:00,0.2978799,0.3790025
12/6/24 15:00,0.2039649,0.339179
12/6/24 16:00,0.01811778,0.02356031
12/6/24 17:00,0,0
12/6/24 18:00,0,0
12/6/24 19:00,0,0
12/6/24 20:00,0,0
12/6/24 21:00,0,0
12/6/24 22:00,0,0
12/6/24 23:00,0,0
12/7/24 0:00,0,0
12/7/24 1:00,0,0
12/7/24 2:00,0,0
12/7/24 3:00,0,0
12/7/24 4:00,0,0
12/7/24 5:00,0,0
12/7/24 6:00,0.04903277,0.1656959
12/7/24 7:00,0.2402613,0.4026438
12/7/24 8:00,0.3948301,0.5660509
12/7/24 9:00,0.6402195,0.89596
12/7/24 10:00,0.6823674,0.9279201
12/7/24 11:00,0.7146339,0.9654927
12/7/24 12:00,0.7385178,1.009446
12/7/24 13:00,0.5991821,0.8411841
12/7/24 14:00,0.4819601,0.7252948
12/7/24 15:00,0.2115772,0.3595146
12/7/24 16:00,0.03845983,0.1668663
12/7/24 17:00,0,0
12/7/24 18:00,0,0
12/7/24 19:00,0,0
12/7/24 20:00,0,0
12/7/24 21:00,0,0
12/7/24 22:00,0,0
12/7/24 23:00,0,0
12/8/24 0:00,0,0
12/8/24 1:00,0,0
12/8/24 2:00,0,0
12/8/24 3:00,0,0
12/8/24 4:00,0,0
12/8/24 5:00,0,0
12/8/24 6:00,0.03365064,0.06495611
12/8/24 7:00,0.2650441,0.4601846
12/8/24 8:00,0.407825,0.5933986
12/8/24 9:00,0.5934995,0.8294255
12/8/24 10:00,0.5608319,0.7298337
12/8/24 11:00,0.6168171,0.8127584
12/8/24 12:00,0.6605332,0.8991184
12/8/24 13:00,0.6309456,0.8882841
12/8/24 14:00,0.4754833,0.7158109
12/8/24 15:00,0.2506949,0.4495295
12/8/24 16:00,0.03786707,0.1600117
12/8/24 17:00,0,0
12/8/24 18:00,0,0
12/8/24 19:00,0,0
12/8/24 20:00,0,0
12/8/24 21:00,0,0
12/8/24 22:00,0,0
12/8/24 23:00,0,0
12/9/24 0:00,0,0
12/9/24 1:00,0,0
12/9/24 2:00,0,0
12/9/24 3:00,0,0
12/9/24 4:00,0,0
12/9/24 5:00,0,0
12/9/24 6:00,0.02787233,0.04237704
12/9/24 7:00,0.1755889,0.2413251
12/9/24 8:00,0.3740435,0.5284244
12/9/24 9:00,0.5339469,0.7343304
12/9/24 10:00,0.5180135,0.6531029
12/9/24 11:00,0.6320219,0.8395402
12/9/24 12:00,0.6516681,0.8864953
12/9/24 13:00,0.5923901,0.83285
12/9/24 14:00,0.4802446,0.723878
12/9/24 15:00,0.239628,0.4269828
12/9/24 16:00,0.02165789,0.03433595
12/9/24 17:00,0,0
12/9/24 18:00,0,0
12/9/24 19:00,0,0
12/9/24 20:00,0,0
12/9/24 21:00,0,0
12/9/24 22:00,0,0
12/9/24 23:00,0,0
12/10/24 0:00,0,0
12/10/24 1:00,0,0
12/10/24 2:00,0,0
12/10/24 3:00,0,0
12/10/24 4:00,0,0
12/10/24 5:00,0,0
12/10/24 6:00,0.03774806,0.1058583
12/10/24 7:00,0.1716854,0.2339467
12/10/24 8:00,0.4027261,0.5876924
12/10/24 9:00,0.3650852,0.4227377
12/10/24 10:00,0.5507933,0.7142025
12/10/24 11:00,0.3590265,0.379235
12/10/24 12:00,0.2909752,0.2959902
12/10/24 13:00,0.2682498,0.2782251
12/10/24 14:00,0.254504,0.2955541
12/10/24 15:00,0.220277,0.381296
12/10/24 16:00,0.03026034,0.08671337
12/10/24 17:00,0,0
12/10/24 18:00,0,0
12/10/24 19:00,0,0
12/10/24 20:00,0,0
12/10/24 21:00,0,0
12/10/24 22:00,0,0
12/10/24 23:00,0,0
12/11/24 0:00,0,0
12/11/24 1:00,0,0
12/11/24 2:00,0,0
12/11/24 3:00,0,0
12/11/24 4:00,0,0
12/11/24 5:00,0,0
12/11/24 6:00,0.04970124,0.2232257
12/11/24 7:00,0.08234783,0.08215743
12/11/24 8:00,0.1146728,0.1127847
12/11/24 9:00,0.111464,0.1090614
12/11/24 10:00,0.1250501,0.122256
12/11/24 11:00,0.320561,0.328984
12/11/24 12:00,0.1006541,0.09826833
12/11/24 13:00,0.08579597,0.08379736
12/11/24 14:00,0.03148505,0.03067224
12/11/24 15:00,0.005146091,0.005003187
12/11/24 16:00,0.008215531,0.008439886
12/11/24 17:00,0,0
12/11/24 18:00,0,0
12/11/24 19:00,0,0
12/11/24 20:00,0,0
12/11/24 21:00,0,0
12/11/24 22:00,0,0
12/11/24 23:00,0,0
12/12/24 0:00,0,0
12/12/24 1:00,0,0
12/12/24 2:00,0,0
12/12/24 3:00,0,0
12/12/24 4:00,0,0
12/12/24 5:00,0,0
12/12/24 6:00,0.03227014,0.0771901
12/12/24 7:00,0.2352985,0.4062077
12/12/24 8:00,0.4585697,0.6874804
12/12/24 9:00,0.5343353,0.739241
12/12/24 10:00,0.6247551,0.8447087
12/12/24 11:00,0.6701134,0.9037437
12/12/24 12:00,0.6275046,0.8504688
12/12/24 13:00,0.4343155,0.5559024
12/12/24 14:00,0.4022993,0.5958979
12/12/24 15:00,0.2334522,0.4122546
12/12/24 16:00,0.03856929,0.1571715
12/12/24 17:00,0,0
12/12/24 18:00,0,0
12/12/24 19:00,0,0
12/12/24 20:00,0,0
12/12/24 21:00,0,0
12/12/24 22:00,0,0
12/12/24 23:00,0,0
12/13/24 0:00,0,0
12/13/24 1:00,0,0
12/13/24 2:00,0,0
12/13/24 3:00,0,0
12/13/24 4:00,0,0
12/13/24 5:00,0,0
12/13/24 6:00,0.03521174,0.1050553
12/13/24 7:00,0.1815933,0.2668063
12/13/24 8:00,0.4477562,0.671891
12/13/24 9:00,0.6461917,0.9121558
12/13/24 10:00,0.7446186,1.022118
12/13/24 11:00,0.7735056,1.053217
12/13/24 12:00,0.5253129,0.6717397
12/13/24 13:00,0.3924434,0.4763458
12/13/24 14:00,0.3614371,0.5140661
12/13/24 15:00,0.1947651,0.3105448
12/13/24 16:00,0.03370105,0.1090244
12/13/24 17:00,0,0
12/13/24 18:00,0,0
12/13/24 19:00,0,0
12/13/24 20:00,0,0
12/13/24 21:00,0,0
12/13/24 22:00,0,0
12/13/24 23:00,0,0
12/14/24 0:00,0,0
12/14/24 1:00,0,0
12/14/24 2:00,0,0
12/14/24 3:00,0,0
12/14/24 4:00,0,0
12/14/24 5:00,0,0
12/14/24 6:00,0.03168509,0.08157381
12/14/24 7:00,0.1591742,0.2114721
12/14/24 8:00,0.3856404,0.5614439
12/14/24 9:00,0.4936157,0.6684011
12/14/24 10:00,0.689396,0.9445357
12/14/24 11:00,0.7229306,0.9826751
12/14/24 12:00,0.6003128,0.8062308
12/14/24 13:00,0.5651556,0.7935879
12/14/24 14:00,0.4189977,0.6262826
12/14/24 15:00,0.2569658,0.4608268
12/14/24 16:00,0.05330078,0.2563526
12/14/24 17:00,0,0
12/14/24 18:00,0,0
12/14/24 19:00,0,0
12/14/24 20:00,0,0
12/14/24 21:00,0,0
12/14/24 22:00,0,0
12/14/24 23:00,0,0
12/15/24 0:00,0,0
12/15/24 1:00,0,0
12/15/24 2:00,0,0
12/15/24 3:00,0,0
12/15/24 4:00,0,0
12/15/24 5:00,0,0
12/15/24 6:00,0.05277939,0.2531958
12/15/24 7:00,0.2503007,0.447086
12/15/24 8:00,0.4503174,0.6782399
12/15/24 9:00,0.607181,0.8568698
12/15/24 10:00,0.703631,0.9653352
12/15/24 11:00,0.7285306,0.991037
12/15/24 12:00,0.5916842,0.7917307
12/15/24 13:00,0.4745198,0.6334997
12/15/24 14:00,0.4122962,0.6140282
12/15/24 15:00,0.2424839,0.4304805
12/15/24 16:00,0.03342845,0.1004263
12/15/24 17:00,0,0
12/15/24 18:00,0,0
12/15/24 19:00,0,0
12/15/24 20:00,0,0
12/15/24 21:00,0,0
12/15/24 22:00,0,0
12/15/24 23:00,0,0
12/16/24 0:00,0,0
12/16/24 1:00,0,0
12/16/24 2:00,0,0
12/16/24 3:00,0,0
12/16/24 4:00,0,0
12/16/24 5:00,0,0
12/16/24 6:00,0.04372503,0.1981872
12/16/24 7:00,0.2545443,0.4574838
12/16/24 8:00,0.3955716,0.5840372
12/16/24 9:00,0.3370243,0.3795797
12/16/24 10:00,0.6090717,0.8220403
12/16/24 11:00,0.4071086,0.4511788
12/16/24 12:00,0.5865477,0.7830215
12/16/24 13:00,0.394588,0.4800847
12/16/24 14:00,0.3895015,0.570279
12/16/24 15:00,0.2540622,0.4539191
12/16/24 16:00,0.04110885,0.1671708
12/16/24 17:00,0,0
12/16/24 18:00,0,0
12/16/24 19:00,0,0
12/16/24 20:00,0,0
12/16/24 21:00,0,0
12/16/24 22:00,0,0
12/16/24 23:00,0,0
12/17/24 0:00,0,0
12/17/24 1:00,0,0
12/17/24 2:00,0,0
12/17/24 3:00,0,0
12/17/24 4:00,0,0
12/17/24 5:00,0,0
12/17/24 6:00,0.04126748,0.1823227
12/17/24 7:00,0.2400791,0.4295781
12/17/24 8:00,0.4037374,0.6008953
12/17/24 9:00,0.4524044,0.592946
12/17/24 10:00,0.6073579,0.8197758
12/17/24 11:00,0.4021999,0.4437049
12/17/24 12:00,0.3603193,0.3887008
12/17/24 13:00,0.4697574,0.6240361
12/17/24 14:00,0.2688788,0.3202357
12/17/24 15:00,0.1351665,0.1590615
12/17/24 16:00,0.02767497,0.05411497
12/17/24 17:00,0,0
12/17/24 18:00,0,0
12/17/24 19:00,0,0
12/17/24 20:00,0,0
12/17/24 21:00,0,0
12/17/24 22:00,0,0
12/17/24 23:00,0,0
12/18/24 0:00,0,0
12/18/24 1:00,0,0
12/18/24 2:00,0,0
12/18/24 3:00,0,0
12/18/24 4:00,0,0
12/18/24 5:00,0,0
12/18/24 6:00,0.04026178,0.1781809
12/18/24 7:00,0.2617411,0.4745333
12/18/24 8:00,0.4622939,0.7000457
12/18/24 9:00,0.5638195,0.7939574
12/18/24 10:00,0.6189323,0.8395183
12/18/24 11:00,0.5647862,0.7274892
12/18/24 12:00,0.5740408,0.7611334
12/18/24 13:00,0.5763229,0.811151
12/18/24 14:00,0.4833212,0.7294357
12/18/24 15:00,0.2361553,0.412548
12/18/24 16:00,0.03773857,0.1274006
12/18/24 17:00,0,0
12/18/24 18:00,0,0
12/18/24 19:00,0,0
12/18/24 20:00,0,0
12/18/24 21:00,0,0
12/18/24 22:00,0,0
12/18/24 23:00,0,0
12/19/24 0:00,0,0
12/19/24 1:00,0,0
12/19/24 2:00,0,0
12/19/24 3:00,0,0
12/19/24 4:00,0,0
12/19/24 5:00,0,0
12/19/24 6:00,0.03136405,0.1018864
12/19/24 7:00,0.1873913,0.2975974
12/19/24 8:00,0.3471041,0.4886307
12/19/24 9:00,0.3511108,0.4046814
12/19/24 10:00,0.04410761,0.04292649
12/19/24 11:00,0.2508143,0.2488123
12/19/24 12:00,0.4175838,0.4786994
12/19/24 13:00,0.451361,0.5878106
12/19/24 14:00,0.1824609,0.1863442
12/19/24 15:00,0.07228124,0.0717022
12/19/24 16:00,0.01999372,0.02390861
12/19/24 17:00,0,0
12/19/24 18:00,0,0
12/19/24 19:00,0,0
12/19/24 20:00,0,0
12/19/24 21:00,0,0
12/19/24 22:00,0,0
12/19/24 23:00,0,0
12/20/24 0:00,0,0
12/20/24 1:00,0,0
12/20/24 2:00,0,0
12/20/24 3:00,0,0
12/20/24 4:00,0,0
12/20/24 5:00,0,0
12/20/24 6:00,0.03247816,0.1168094
12/20/24 7:00,0.05281878,0.05215087
12/20/24 8:00,0.08611415,0.08445679
12/20/24 9:00,0.04666734,0.04545559
12/20/24 10:00,0.1133707,0.1107803
12/20/24 11:00,0.1062788,0.1037588
12/20/24 12:00,0.0432834,0.04212147
12/20/24 13:00,0.02435915,0.02368826
12/20/24 14:00,0.05723489,0.05591391
12/20/24 15:00,0.07131445,0.07070409
12/20/24 16:00,0.01252468,0.0131103
12/20/24 17:00,0,0
12/20/24 18:00,0,0
12/20/24 19:00,0,0
12/20/24 20:00,0,0
12/20/24 21:00,0,0
12/20/24 22:00,0,0
12/20/24 23:00,0,0
12/21/24 0:00,0,0
12/21/24 1:00,0,0
12/21/24 2:00,0,0
12/21/24 3:00,0,0
12/21/24 4:00,0,0
12/21/24 5:00,0,0
12/21/24 6:00,0.01390971,0.01543561
12/21/24 7:00,0.0725252,0.07223868
12/21/24 8:00,0.1847552,0.1906831
12/21/24 9:00,0.4347456,0.5615721
12/21/24 10:00,0.5011842,0.630522
12/21/24 11:00,0.2473903,0.2451513
12/21/24 12:00,0.4867101,0.6006008
12/21/24 13:00,0.5472131,0.7631351
12/21/24 14:00,0.3661866,0.5186172
12/21/24 15:00,0.228522,0.3886749
12/21/24 16:00,0.05691431,0.2719025
12/21/24 17:00,0,0
12/21/24 18:00,0,0
12/21/24 19:00,0,0
12/21/24 20:00,0,0
12/21/24 21:00,0,0
12/21/24 22:00,0,0
12/21/24 23:00,0,0
12/22/24 0:00,0,0
12/22/24 1:00,0,0
12/22/24 2:00,0,0
12/22/24 3:00,0,0
12/22/24 4:00,0,0
12/22/24 5:00,0,0
12/22/24 6:00,0.01739604,0.02331991
12/22/24 7:00,0.1733468,0.2640511
12/22/24 8:00,0.4766744,0.725754
12/22/24 9:00,0.6325511,0.8978961
12/22/24 10:00,0.5925679,0.7963926
12/22/24 11:00,0.7657754,1.044816
12/22/24 12:00,0.608497,0.8200247
12/22/24 13:00,0.4872863,0.654906
12/22/24 14:00,0.4545246,0.6821744
12/22/24 15:00,0.21289,0.3455904
12/22/24 16:00,0.04738025,0.1920458
12/22/24 17:00,0,0
12/22/24 18:00,0,0
12/22/24 19:00,0,0
12/22/24 20:00,0,0
12/22/24 21:00,0,0
12/22/24 22:00,0,0
12/22/24 23:00,0,0
12/23/24 0:00,0,0
12/23/24 1:00,0,0
12/23/24 2:00,0,0
12/23/24 3:00,0,0
12/23/24 4:00,0,0
12/23/24 5:00,0,0
12/23/24 6:00,0.03410982,0.1448784
12/23/24 7:00,0.1774717,0.2775865
12/23/24 8:00,0.4361228,0.6619967
12/23/24 9:00,0.6251482,0.8871909
12/23/24 10:00,0.6144212,0.8333327
12/23/24 11:00,0.7074394,0.9624915
12/23/24 12:00,0.722555,0.9921766
12/23/24 13:00,0.6326405,0.8926795
12/23/24 14:00,0.4766042,0.7158881
12/23/24 15:00,0.1982523,0.3036016
12/23/24 16:00,0.03851247,0.1058979
12/23/24 17:00,0,0
12/23/24 18:00,0,0
12/23/24 19:00,0,0
12/23/24 20:00,0,0
12/23/24 21:00,0,0
12/23/24 22:00,0,0
12/23/24 23:00,0,0
12/24/24 0:00,0,0
12/24/24 1:00,0,0
12/24/24 2:00,0,0
12/24/24 3:00,0,0
12/24/24 4:00,0,0
12/24/24 5:00,0,0
12/24/24 6:00,0.03098032,0.1199511
12/24/24 7:00,0.1492742,0.2023112
12/24/24 8:00,0.2617018,0.3140533
12/24/24 9:00,0.5178354,0.7196346
12/24/24 10:00,0.5731606,0.7625954
12/24/24 11:00,0.6818103,0.9244745
12/24/24 12:00,0.5271124,0.673898
12/24/24 13:00,0.5517229,0.7687541
12/24/24 14:00,0.4963569,0.7459471
12/24/24 15:00,0.1891479,0.2769301
12/24/24 16:00,0.01958421,0.0214326
12/24/24 17:00,0,0
12/24/24 18:00,0,0
12/24/24 19:00,0,0
12/24/24 20:00,0,0
12/24/24 21:00,0,0
12/24/24 22:00,0,0
12/24/24 23:00,0,0
12/25/24 0:00,0,0
12/25/24 1:00,0,0
12/25/24 2:00,0,0
12/25/24 3:00,0,0
12/25/24 4:00,0,0
12/25/24 5:00,0,0
12/25/24 6:00,0.03164532,0.1298172
12/25/24 7:00,0.2048394,0.3583864
12/25/24 8:00,0.4723862,0.7201704
12/25/24 9:00,0.6360786,0.9034535
12/25/24 10:00,0.6808379,0.9351472
12/25/24 11:00,0.6885793,0.9343597
12/25/24 12:00,0.6408614,0.8715394
12/25/24 13:00,0.6673755,0.942304
12/25/24 14:00,0.5138258,0.7723404
12/25/24 15:00,0.2399242,0.408037
12/25/24 16:00,0.05858536,0.2451601
12/25/24 17:00,0,0
12/25/24 18:00,0,0
12/25/24 19:00,0,0
12/25/24 20:00,0,0
12/25/24 21:00,0,0
12/25/24 22:00,0,0
12/25/24 23:00,0,0
12/26/24 0:00,0,0
12/26/24 1:00,0,0
12/26/24 2:00,0,0
12/26/24 3:00,0,0
12/26/24 4:00,0,0
12/26/24 5:00,0,0
12/26/24 6:00,0.02283767,0.05575132
12/26/24 7:00,0.07619707,0.07639179
12/26/24 8:00,0.04883321,0.04767984
12/26/24 9:00,0.1068923,0.1045947
12/26/24 10:00,0.189573,0.1861823
12/26/24 11:00,0.2512199,0.2491899
12/26/24 12:00,0.5671178,0.7455698
12/26/24 13:00,0.4241465,0.5302653
12/26/24 14:00,0.3809122,0.5424607
12/26/24 15:00,0.1125408,0.1178228
12/26/24 16:00,0.02830627,0.03910775
12/26/24 17:00,0,0
12/26/24 18:00,0,0
12/26/24 19:00,0,0
12/26/24 20:00,0,0
12/26/24 21:00,0,0
12/26/24 22:00,0,0
12/26/24 23:00,0,0
12/27/24 0:00,0,0
12/27/24 1:00,0,0
12/27/24 2:00,0,0
12/27/24 3:00,0,0
12/27/24 4:00,0,0
12/27/24 5:00,0,0
12/27/24 6:00,0.01306752,0.01503854
12/27/24 7:00,0.123372,0.1463412
12/27/24 8:00,0.292362,0.3773165
12/27/24 9:00,0.5164469,0.7174488
12/27/24 10:00,0.4981188,0.6248521
12/27/24 11:00,0.4969351,0.6027341
12/27/24 12:00,0.4766836,0.5792804
12/27/24 13:00,0.3797964,0.4473842
12/27/24 14:00,0.2703076,0.3158504
12/27/24 15:00,0.1297587,0.1429816
12/27/24 16:00,0.02947197,0.04104169
12/27/24 17:00,0,0
12/27/24 18:00,0,0
12/27/24 19:00,0,0
12/27/24 20:00,0,0
12/27/24 21:00,0,0
12/27/24 22:00,0,0
12/27/24 23:00,0,0
12/28/24 0:00,0,0
12/28/24 1:00,0,0
12/28/24 2:00,0,0
12/28/24 3:00,0,0
12/28/24 4:00,0,0
12/28/24 5:00,0,0
12/28/24 6:00,0.02296651,0.06126083
12/28/24 7:00,0.2202628,0.401201
12/28/24 8:00,0.4142804,0.6271524
12/28/24 9:00,0.5522397,0.7777392
12/28/24 10:00,0.7109212,0.9768989
12/28/24 11:00,0.7999712,1.090934
12/28/24 12:00,0.7381843,1.011619
12/28/24 13:00,0.652285,0.9176309
12/28/24 14:00,0.4508328,0.6700584
12/28/24 15:00,0.3056953,0.5338467
12/28/24 16:00,0.06279225,0.2410655
12/28/24 17:00,0,0
12/28/24 18:00,0,0
12/28/24 19:00,0,0
12/28/24 20:00,0,0
12/28/24 21:00,0,0
12/28/24 22:00,0,0
12/28/24 23:00,0,0
12/29/24 0:00,0,0
12/29/24 1:00,0,0
12/29/24 2:00,0,0
12/29/24 3:00,0,0
12/29/24 4:00,0,0
12/29/24 5:00,0,0
12/29/24 6:00,0.03047391,0.1312271
12/29/24 7:00,0.2230084,0.4083551
12/29/24 8:00,0.4236879,0.6429801
12/29/24 9:00,0.4873905,0.6643989
12/29/24 10:00,0.5910308,0.7924812
12/29/24 11:00,0.5685787,0.731575
12/29/24 12:00,0.6178195,0.8309237
12/29/24 13:00,0.5801536,0.810124
12/29/24 14:00,0.5013671,0.7479212
12/29/24 15:00,0.260731,0.4458576
12/29/24 16:00,0.06342802,0.2350903
12/29/24 17:00,0,0
12/29/24 18:00,0,0
12/29/24 19:00,0,0
12/29/24 20:00,0,0
12/29/24 21:00,0,0
12/29/24 22:00,0,0
12/29/24 23:00,0,0
12/30/24 0:00,0,0
12/30/24 1:00,0,0
12/30/24 2:00,0,0
12/30/24 3:00,0,0
12/30/24 4:00,0,0
12/30/24 5:00,0,0
12/30/24 6:00,0.02085322,0.04951555
12/30/24 7:00,0.1242236,0.1494706
12/30/24 8:00,0.2311386,0.260763
12/30/24 9:00,0.332697,0.3756046
12/30/24 10:00,0.493677,0.6156003
12/30/24 11:00,0.3556575,0.3748122
12/30/24 12:00,0.390096,0.4306254
12/30/24 13:00,0.3228712,0.3515534
12/30/24 14:00,0.4714617,0.7002519
12/30/24 15:00,0.2218739,0.3482948
12/30/24 16:00,0.04926444,0.1299028
12/30/24 17:00,0,0
12/30/24 18:00,0,0
12/30/24 19:00,0,0
12/30/24 20:00,0,0
12/30/24 21:00,0,0
12/30/24 22:00,0,0
12/30/24 23:00,0,0