Time,global_solar_kw/m2,incident_solar_kw/m2
1/1/24 0:00,0,0
1/1/24 1:00,0,0
1/1/24 2:00,0,0
1/1/24 3:00,0,0
1/1/24 4:00,0,0
1/1/24 5:00,0,0
1/1/24 6:00,0.02307868,0.05133887
1/1/24 7:00,0.1838842,0.2753157
1/1/24 8:00,0.413184,0.5882025
1/1/24 9:00,0.3634754,0.4056813
1/1/24 10:00,0.3890367,0.4146393
1/1/24 11:00,0.683795,0.8716555
1/1/24 12:00,0.4920387,0.5615323
1/1/24 13:00,0.4576861,0.53738
1/1/24 14:00,0.2827077,0.3044994
1/1/24 15:00,0.1872666,0.209757
1/1/24 16:00,0.08244862,0.1259904
1/1/24 17:00,0.000527903,0
1/1/24 18:00,0,0
1/1/24 19:00,0,0
1/1/24 20:00,0,0
1/1/24 21:00,0,0
1/1/24 22:00,0,0
1/1/24 23:00,0,0
1/2/24 0:00,0,0
1/2/24 1:00,0,0
1/2/24 2:00,0,0
1/2/24 3:00,0,0
1/2/24 4:00,0,0
1/2/24 5:00,0,0
1/2/24 6:00,0.02814561,0.09387162
1/2/24 7:00,0.2271498,0.3868227
1/2/24 8:00,0.4700978,0.6803224
1/2/24 9:00,0.6215374,0.839408
1/2/24 10:00,0.6202848,0.7910994
1/2/24 11:00,0.5546283,0.6572728
1/2/24 12:00,0.4833255,0.5469051
1/2/24 13:00,0.6259754,0.8220483
1/2/24 14:00,0.4609773,0.6183519
1/2/24 15:00,0.3601501,0.5560831
1/2/24 16:00,0.1019594,0.192333
1/2/24 17:00,0.000596869,0
1/2/24 18:00,0,0
1/2/24 19:00,0,0
1/2/24 20:00,0,0
1/2/24 21:00,0,0
1/2/24 22:00,0,0
1/2/24 23:00,0,0
1/3/24 0:00,0,0
1/3/24 1:00,0,0
1/3/24 2:00,0,0
1/3/24 3:00,0,0
1/3/24 4:00,0,0
1/3/24 5:00,0,0
1/3/24 6:00,0.01813682,0.02800582
1/3/24 7:00,0.1777246,0.2605832
1/3/24 8:00,0.3317016,0.4295418
1/3/24 9:00,0.3730539,0.4207759
1/3/24 10:00,0.7282342,0.953445
1/3/24 11:00,0.5830317,0.7042493
1/3/24 12:00,0.43233,0.4684513
1/3/24 13:00,0.5110981,0.627596
1/3/24 14:00,0.4509537,0.598357
1/3/24 15:00,0.322051,0.4846922
1/3/24 16:00,0.1029961,0.1909935
1/3/24 17:00,0.000526232,0
1/3/24 18:00,0,0
1/3/24 19:00,0,0
1/3/24 20:00,0,0
1/3/24 21:00,0,0
1/3/24 22:00,0,0
1/3/24 23:00,0,0
1/4/24 0:00,0,0
1/4/24 1:00,0,0
1/4/24 2:00,0,0
1/4/24 3:00,0,0
1/4/24 4:00,0,0
1/4/24 5:00,0,0
1/4/24 6:00,0.02789387,0.09652071
1/4/24 7:00,0.2418544,0.4192981
1/4/24 8:00,0.4631324,0.6690188
1/4/24 9:00,0.6364346,0.858926
1/4/24 10:00,0.7208176,0.9424869
1/4/24 11:00,0.7784738,1.00736
1/4/24 12:00,0.7962802,1.034974
1/4/24 13:00,0.6442772,0.8474017
1/4/24 14:00,0.5080242,0.6958435
1/4/24 15:00,0.3387358,0.5144529
1/4/24 16:00,0.1369763,0.3027461
1/4/24 17:00,0.001126157,0
1/4/24 18:00,0,0
1/4/24 19:00,0,0
1/4/24 20:00,0,0
1/4/24 21:00,0,0
1/4/24 22:00,0,0
1/4/24 23:00,0,0
1/5/24 0:00,0,0
1/5/24 1:00,0,0
1/5/24 2:00,0,0
1/5/24 3:00,0,0
1/5/24 4:00,0,0
1/5/24 5:00,0,0
1/5/24 6:00,0.01242505,0.01381386
1/5/24 7:00,0.1002673,0.1042487
1/5/24 8:00,0.2711445,0.3142116
1/5/24 9:00,0.3102231,0.3268462
1/5/24 10:00,0.4953938,0.5779077
1/5/24 11:00,0.6572602,0.8256629
1/5/24 12:00,0.6596969,0.8362839
1/5/24 13:00,0.558636,0.7072302
1/5/24 14:00,0.3696399,0.4440258
1/5/24 15:00,0.2188904,0.2615833
1/5/24 16:00,0.07158682,0.08706807
1/5/24 17:00,0.001443603,0
1/5/24 18:00,0,0
1/5/24 19:00,0,0
1/5/24 20:00,0,0
1/5/24 21:00,0,0
1/5/24 22:00,0,0
1/5/24 23:00,0,0
1/6/24 0:00,0,0
1/6/24 1:00,0,0
1/6/24 2:00,0,0
1/6/24 3:00,0,0
1/6/24 4:00,0,0
1/6/24 5:00,0,0
1/6/24 6:00,0.02536885,0.07790679
1/6/24 7:00,0.191736,0.2992693
1/6/24 8:00,0.3589224,0.483711
1/6/24 9:00,0.4544511,0.5601546
1/6/24 10:00,0.479143,0.5505419
1/6/24 11:00,0.5161415,0.5910696
1/6/24 12:00,0.5938557,0.7264569
1/6/24 13:00,0.5928051,0.7631084
1/6/24 14:00,0.4582534,0.6059567
1/6/24 15:00,0.2240406,0.2698941
1/6/24 16:00,0.1058807,0.1860808
1/6/24 17:00,0.000760839,0
1/6/24 18:00,0,0
1/6/24 19:00,0,0
1/6/24 20:00,0,0
1/6/24 21:00,0,0
1/6/24 22:00,0,0
1/6/24 23:00,0,0
1/7/24 0:00,0,0
1/7/24 1:00,0,0
1/7/24 2:00,0,0
1/7/24 3:00,0,0
1/7/24 4:00,0,0
1/7/24 5:00,0,0
1/7/24 6:00,0.02669046,0.09152426
1/7/24 7:00,0.2265887,0.3865607
1/7/24 8:00,0.3756121,0.5162122
1/7/24 9:00,0.5484697,0.7241526
1/7/24 10:00,0.7270437,0.9483424
1/7/24 11:00,0.7704372,0.9933677
1/7/24 12:00,0.7154461,0.9195413
1/7/24 13:00,0.5959499,0.7666428
1/7/24 14:00,0.4799665,0.6426423
1/7/24 15:00,0.2934245,0.4140051
1/7/24 16:00,0.1092636,0.1930274
1/7/24 17:00,0.001240389,0
1/7/24 18:00,0,0
1/7/24 19:00,0,0
1/7/24 20:00,0,0
1/7/24 21:00,0,0
1/7/24 22:00,0,0
1/7/24 23:00,0,0
1/8/24 0:00,0,0
1/8/24 1:00,0,0
1/8/24 2:00,0,0
1/8/24 3:00,0,0
1/8/24 4:00,0,0
1/8/24 5:00,0,0
1/8/24 6:00,0.01541429,0.02084995
1/8/24 7:00,0.1430664,0.1782145
1/8/24 8:00,0.3348981,0.43495
1/8/24 9:00,0.4079076,0.4772841
1/8/24 10:00,0.5378463,0.6473554
1/8/24 11:00,0.5744991,0.6852823
1/8/24 12:00,0.5990828,0.7325704
1/8/24 13:00,0.6341483,0.8258683
1/8/24 14:00,0.4717898,0.6261473
1/8/24 15:00,0.2869673,0.3972704
1/8/24 16:00,0.1254168,0.2445183
1/8/24 17:00,0.00130784,0
1/8/24 18:00,0,0
1/8/24 19:00,0,0
1/8/24 20:00,0,0
1/8/24 21:00,0,0
1/8/24 22:00,0,0
1/8/24 23:00,0,0
1/9/24 0:00,0,0
1/9/24 1:00,0,0
1/9/24 2:00,0,0
1/9/24 3:00,0,0
1/9/24 4:00,0,0
1/9/24 5:00,0,0
1/9/24 6:00,0.02409112,0.07139302
1/9/24 7:00,0.08060866,0.08067274
1/9/24 8:00,0.1851664,0.1879864
1/9/24 9:00,0.3754466,0.4229464
1/9/24 10:00,0.5849369,0.7262382
1/9/24 11:00,0.5825472,0.697589
1/9/24 12:00,0.6699169,0.8468956
1/9/24 13:00,0.3636402,0.3851588
1/9/24 14:00,0.1952057,0.193488
1/9/24 15:00,0.1896888,0.2067821
1/9/24 16:00,0.06834943,0.07607264
1/9/24 17:00,0.001395878,0
1/9/24 18:00,0,0
1/9/24 19:00,0,0
1/9/24 20:00,0,0
1/9/24 21:00,0,0
1/9/24 22:00,0,0
1/9/24 23:00,0,0
1/10/24 0:00,0,0
1/10/24 1:00,0,0
1/10/24 2:00,0,0
1/10/24 3:00,0,0
1/10/24 4:00,0,0
1/10/24 5:00,0,0
1/10/24 6:00,0.02392085,0.07108192
1/10/24 7:00,0.2053867,0.334816
1/10/24 8:00,0.3745561,0.5123195
1/10/24 9:00,0.5849953,0.7793911
1/10/24 10:00,0.7202128,0.935551
1/10/24 11:00,0.8623293,1.111856
1/10/24 12:00,0.8394906,1.084813
1/10/24 13:00,0.7345963,0.9650586
1/10/24 14:00,0.5894675,0.8066633
1/10/24 15:00,0.3247941,0.4712151
1/10/24 16:00,0.1318627,0.2546974
1/10/24 17:00,0.00183724,0
1/10/24 18:00,0,0
1/10/24 19:00,0,0
1/10/24 20:00,0,0
1/10/24 21:00,0,0
1/10/24 22:00,0,0
1/10/24 23:00,0,0
1/11/24 0:00,0,0
1/11/24 1:00,0,0
1/11/24 2:00,0,0
1/11/24 3:00,0,0
1/11/24 4:00,0,0
1/11/24 5:00,0,0
1/11/24 6:00,0.02362947,0.06958311
1/11/24 7:00,0.1750019,0.2551428
1/11/24 8:00,0.3271344,0.4180007
1/11/24 9:00,0.4274832,0.5092531
1/11/24 10:00,0.7585601,0.9860669
1/11/24 11:00,0.7339565,0.9364482
1/11/24 12:00,0.6789333,0.8578643
1/11/24 13:00,0.4178246,0.4626399
1/11/24 14:00,0.3782523,0.4500269
1/11/24 15:00,0.2486202,0.3090375
1/11/24 16:00,0.08358236,0.1030977
1/11/24 17:00,0.002121768,0
1/11/24 18:00,0,0
1/11/24 19:00,0,0
1/11/24 20:00,0,0
1/11/24 21:00,0,0
1/11/24 22:00,0,0
1/11/24 23:00,0,0
1/12/24 0:00,0,0
1/12/24 1:00,0,0
1/12/24 2:00,0,0
1/12/24 3:00,0,0
1/12/24 4:00,0,0
1/12/24 5:00,0,0
1/12/24 6:00,0.02428701,0.07608303
1/12/24 7:00,0.2182802,0.3653046
1/12/24 8:00,0.4147331,0.5847911
1/12/24 9:00,0.5417094,0.7078462
1/12/24 10:00,0.6444849,0.820058
1/12/24 11:00,0.5923554,0.7101659
1/12/24 12:00,0.6851009,0.8657756
1/12/24 13:00,0.5575066,0.6932489
1/12/24 14:00,0.3354188,0.3762386
1/12/24 15:00,0.2593795,0.3285814
1/12/24 16:00,0.1093632,0.169659
1/12/24 17:00,0.002543398,0
1/12/24 18:00,0,0
1/12/24 19:00,0,0
1/12/24 20:00,0,0
1/12/24 21:00,0,0
1/12/24 22:00,0,0
1/12/24 23:00,0,0
1/13/24 0:00,0,0
1/13/24 1:00,0,0
1/13/24 2:00,0,0
1/13/24 3:00,0,0
1/13/24 4:00,0,0
1/13/24 5:00,0,0
1/13/24 6:00,0.02367908,0.0714701
1/13/24 7:00,0.1405651,0.1726732
1/13/24 8:00,0.3297155,0.4216813
1/13/24 9:00,0.1925107,0.1893162
1/13/24 10:00,0.3613908,0.3746022
1/13/24 11:00,0.4277318,0.4538054
1/13/24 12:00,0.4010965,0.419885
1/13/24 13:00,0.3125487,0.3177235
1/13/24 14:00,0.2848274,0.3002185
1/13/24 15:00,0.230769,0.2711921
1/13/24 16:00,0.1137221,0.1789247
1/13/24 17:00,0.003210654,0
1/13/24 18:00,0,0
1/13/24 19:00,0,0
1/13/24 20:00,0,0
1/13/24 21:00,0,0
1/13/24 22:00,0,0
1/13/24 23:00,0,0
1/14/24 0:00,0,0
1/14/24 1:00,0,0
1/14/24 2:00,0,0
1/14/24 3:00,0,0
1/14/24 4:00,0,0
1/14/24 5:00,0,0
1/14/24 6:00,0.007457703,0.007763014
1/14/24 7:00,0.04998947,0.04921937
1/14/24 8:00,0.2266673,0.2418345
1/14/24 9:00,0.3864407,0.4380311
1/14/24 10:00,0.2996376,0.3000977
1/14/24 11:00,0.4405685,0.4710824
1/14/24 12:00,0.5689937,0.6736289
1/14/24 13:00,0.5945151,0.7511793
1/14/24 14:00,0.4485222,0.5709039
1/14/24 15:00,0.3317414,0.4730867
1/14/24 16:00,0.1194832,0.192456
1/14/24 17:00,0.004895851,0
1/14/24 18:00,0,0
1/14/24 19:00,0,0
1/14/24 20:00,0,0
1/14/24 21:00,0,0
1/14/24 22:00,0,0
1/14/24 23:00,0,0
1/15/24 0:00,0,0
1/15/24 1:00,0,0
1/15/24 2:00,0,0
1/15/24 3:00,0,0
1/15/24 4:00,0,0
1/15/24 5:00,0,0
1/15/24 6:00,0.02000769,0.04426481
1/15/24 7:00,0.162517,0.2219586
1/15/24 8:00,0.3392226,0.438566
1/15/24 9:00,0.5387959,0.6990349
1/15/24 10:00,0.6912451,0.8869984
1/15/24 11:00,0.744105,0.9448454
1/15/24 12:00,0.7950222,1.017809
1/15/24 13:00,0.7249724,0.9433131
1/15/24 14:00,0.5356568,0.7175892
1/15/24 15:00,0.2550747,0.313373
1/15/24 16:00,0.1388738,0.2489924
1/15/24 17:00,0.003439313,0
1/15/24 18:00,0,0
1/15/24 19:00,0,0
1/15/24 20:00,0,0
1/15/24 21:00,0,0
1/15/24 22:00,0,0
1/15/24 23:00,0,0
1/16/24 0:00,0,0
1/16/24 1:00,0,0
1/16/24 2:00,0,0
1/16/24 3:00,0,0
1/16/24 4:00,0,0
1/16/24 5:00,0,0
1/16/24 6:00,0.02661597,0.09924943
1/16/24 7:00,0.231325,0.3902161
1/16/24 8:00,0.4500383,0.6376179
1/16/24 9:00,0.605669,0.8022543
1/16/24 10:00,0.5563431,0.6695082
1/16/24 11:00,0.4223658,0.444908
1/16/24 12:00,0.31665,0.3164038
1/16/24 13:00,0.2894605,0.2900802
1/16/24 14:00,0.3172056,0.3439791
1/16/24 15:00,0.2584523,0.3178069
1/16/24 16:00,0.08787127,0.1035668
1/16/24 17:00,0.004359059,0
1/16/24 18:00,0,0
1/16/24 19:00,0,0
1/16/24 20:00,0,0
1/16/24 21:00,0,0
1/16/24 22:00,0,0
1/16/24 23:00,0,0
1/17/24 0:00,0,0
1/17/24 1:00,0,0
1/17/24 2:00,0,0
1/17/24 3:00,0,0
1/17/24 4:00,0,0
1/17/24 5:00,0,0
1/17/24 6:00,0.02379397,0.07345168
1/17/24 7:00,0.1594417,0.2133155
1/17/24 8:00,0.4003997,0.552914
1/17/24 9:00,0.5859907,0.7713318
1/17/24 10:00,0.7561464,0.973896
1/17/24 11:00,0.7807217,0.9927619
1/17/24 12:00,0.760815,0.9680886
1/17/24 13:00,0.5596459,0.6868848
1/17/24 14:00,0.2933263,0.3092341
1/17/24 15:00,0.1431605,0.142963
1/17/24 16:00,0.07862779,0.08597241
1/17/24 17:00,0.003269046,0
1/17/24 18:00,0,0
1/17/24 19:00,0,0
1/17/24 20:00,0,0
1/17/24 21:00,0,0
1/17/24 22:00,0,0
1/17/24 23:00,0,0
1/18/24 0:00,0,0
1/18/24 1:00,0,0
1/18/24 2:00,0,0
1/18/24 3:00,0,0
1/18/24 4:00,0,0
1/18/24 5:00,0,0
1/18/24 6:00,0.02099486,0.05095837
1/18/24 7:00,0.2176837,0.3572171
1/18/24 8:00,0.2625394,0.2954267
1/18/24 9:00,0.4375703,0.5200757
1/18/24 10:00,0.4414232,0.4831583
1/18/24 11:00,0.5616826,0.6516348
1/18/24 12:00,0.6612523,0.8169653
1/18/24 13:00,0.5687069,0.6999178
1/18/24 14:00,0.4735289,0.6058099
1/18/24 15:00,0.3066149,0.4097055
1/18/24 16:00,0.1462928,0.2552635
1/18/24 17:00,0.005151383,0
1/18/24 18:00,0,0
1/18/24 19:00,0,0
1/18/24 20:00,0,0
1/18/24 21:00,0,0
1/18/24 22:00,0,0
1/18/24 23:00,0,0
1/19/24 0:00,0,0
1/19/24 1:00,0,0
1/19/24 2:00,0,0
1/19/24 3:00,0,0
1/19/24 4:00,0,0
1/19/24 5:00,0,0
1/19/24 6:00,0.02074038,0.04891574
1/19/24 7:00,0.1945443,0.2992226
1/19/24 8:00,0.321406,0.3998012
1/19/24 9:00,0.4177484,0.4853694
1/19/24 10:00,0.7075593,0.9038096
1/19/24 11:00,0.7393531,0.930611
1/19/24 12:00,0.8027624,1.02069
1/19/24 13:00,0.6532601,0.8332384
1/19/24 14:00,0.5769185,0.7703918
1/19/24 15:00,0.2901012,0.3733097
1/19/24 16:00,0.1532268,0.2702303
1/19/24 17:00,0.006668486,0
1/19/24 18:00,0,0
1/19/24 19:00,0,0
1/19/24 20:00,0,0
1/19/24 21:00,0,0
1/19/24 22:00,0,0
1/19/24 23:00,0,0
1/20/24 0:00,0,0
1/20/24 1:00,0,0
1/20/24 2:00,0,0
1/20/24 3:00,0,0
1/20/24 4:00,0,0
1/20/24 5:00,0,0
1/20/24 6:00,0.0268434,0.1001821
1/20/24 7:00,0.2284395,0.3778645
1/20/24 8:00,0.4066202,0.5591928
1/20/24 9:00,0.5033804,0.6311787
1/20/24 10:00,0.7688903,0.9854186
1/20/24 11:00,0.7311364,0.9165779
1/20/24 12:00,0.7243645,0.9096666
1/20/24 13:00,0.5782425,0.7113366
1/20/24 14:00,0.5510101,0.7292778
1/20/24 15:00,0.3389167,0.468215
1/20/24 16:00,0.1466053,0.24556
1/20/24 17:00,0.00616689,0
1/20/24 18:00,0,0
1/20/24 19:00,0,0
1/20/24 20:00,0,0
1/20/24 21:00,0,0
1/20/24 22:00,0,0
1/20/24 23:00,0,0
1/21/24 0:00,0,0
1/21/24 1:00,0,0
1/21/24 2:00,0,0
1/21/24 3:00,0,0
1/21/24 4:00,0,0
1/21/24 5:00,0,0
1/21/24 6:00,0.02126096,0.05168536
1/21/24 7:00,0.1321853,0.1532013
1/21/24 8:00,0.2532226,0.2788875
1/21/24 9:00,0.4859606,0.5995432
1/21/24 10:00,0.7100973,0.9036381
1/21/24 11:00,0.7456073,0.9356718
1/21/24 12:00,0.4703453,0.5102335
1/21/24 13:00,0.6162924,0.7708984
1/21/24 14:00,0.4155558,0.4965555
1/21/24 15:00,0.2177195,0.2385027
1/21/24 16:00,0.1385942,0.217131
1/21/24 17:00,0.009848537,0
1/21/24 18:00,0,0
1/21/24 19:00,0,0
1/21/24 20:00,0,0
1/21/24 21:00,0,0
1/21/24 22:00,0,0
1/21/24 23:00,0,0
1/22/24 0:00,0,0
1/22/24 1:00,0,0
1/22/24 2:00,0,0
1/22/24 3:00,0,0
1/22/24 4:00,0,0
1/22/24 5:00,0,0
1/22/24 6:00,0.02793414,0.1086206
1/22/24 7:00,0.1726695,0.2401712
1/22/24 8:00,0.2635908,0.2946519
1/22/24 9:00,0.2595499,0.2607008
1/22/24 10:00,0.5534688,0.655681
1/22/24 11:00,0.6137011,0.7290853
1/22/24 12:00,0.5283275,0.5961914
1/22/24 13:00,0.4476047,0.4956141
1/22/24 14:00,0.4628767,0.5769972
1/22/24 15:00,0.3203242,0.4251377
1/22/24 16:00,0.09604002,0.1102886
1/22/24 17:00,0.008082218,0
1/22/24 18:00,0,0
1/22/24 19:00,0,0
1/22/24 20:00,0,0
1/22/24 21:00,0,0
1/22/24 22:00,0,0
1/22/24 23:00,0,0
1/23/24 0:00,0,0
1/23/24 1:00,0,0
1/23/24 2:00,0,0
1/23/24 3:00,0,0
1/23/24 4:00,0,0
1/23/24 5:00,0,0
1/23/24 6:00,0.02240676,0.05864789
1/23/24 7:00,0.2099528,0.3301946
1/23/24 8:00,0.492387,0.6873645
1/23/24 9:00,0.6685777,0.8765239
1/23/24 10:00,0.8129175,1.037284
1/23/24 11:00,0.8236233,1.03801
1/23/24 12:00,0.7301801,0.9115767
1/23/24 13:00,0.6958007,0.8864552
1/23/24 14:00,0.6033994,0.798063
1/23/24 15:00,0.4292259,0.613172
1/23/24 16:00,0.1837642,0.328937
1/23/24 17:00,0.008936913,0
1/23/24 18:00,0,0
1/23/24 19:00,0,0
1/23/24 20:00,0,0
1/23/24 21:00,0,0
1/23/24 22:00,0,0
1/23/24 23:00,0,0
1/24/24 0:00,0,0
1/24/24 1:00,0,0
1/24/24 2:00,0,0
1/24/24 3:00,0,0
1/24/24 4:00,0,0
1/24/24 5:00,0,0
1/24/24 6:00,0.03541133,0.1676472
1/24/24 7:00,0.2169834,0.34446
1/24/24 8:00,0.3543763,0.4553757
1/24/24 9:00,0.5876982,0.7608752
1/24/24 10:00,0.7459634,0.947314
1/24/24 11:00,0.8070922,1.014429
1/24/24 12:00,0.6890169,0.8473372
1/24/24 13:00,0.4683633,0.5246657
1/24/24 14:00,0.4552881,0.5587806
1/24/24 15:00,0.2813129,0.3434751
1/24/24 16:00,0.08431731,0.08937372
1/24/24 17:00,0.008097104,0
1/24/24 18:00,0,0
1/24/24 19:00,0,0
1/24/24 20:00,0,0
1/24/24 21:00,0,0
1/24/24 22:00,0,0
1/24/24 23:00,0,0
1/25/24 0:00,0,0
1/25/24 1:00,0,0
1/25/24 2:00,0,0
1/25/24 3:00,0,0
1/25/24 4:00,0,0
1/25/24 5:00,0,0
1/25/24 6:00,0.02080819,0.04547503
1/25/24 7:00,0.2316912,0.3743365
1/25/24 8:00,0.3777626,0.4973347
1/25/24 9:00,0.6113747,0.7938312
1/25/24 10:00,0.6859556,0.8601269
1/25/24 11:00,0.7676714,0.9584811
1/25/24 12:00,0.5965156,0.6988444
1/25/24 13:00,0.5840498,0.7092699
1/25/24 14:00,0.4697246,0.5812284
1/25/24 15:00,0.3302371,0.4352783
1/25/24 16:00,0.1594233,0.2564856
1/25/24 17:00,0.007995914,0
1/25/24 18:00,0,0
1/25/24 19:00,0,0
1/25/24 20:00,0,0
1/25/24 21:00,0,0
1/25/24 22:00,0,0
1/25/24 23:00,0,0
1/26/24 0:00,0,0
1/26/24 1:00,0,0
1/26/24 2:00,0,0
1/26/24 3:00,0,0
1/26/24 4:00,0,0
1/26/24 5:00,0,0
1/26/24 6:00,0.02593307,0.08413921
1/26/24 7:00,0.1613173,0.2082669
1/26/24 8:00,0.3315032,0.4091317
1/26/24 9:00,0.5433317,0.6866868
1/26/24 10:00,0.5669783,0.6707286
1/26/24 11:00,0.4272702,0.4455203
1/26/24 12:00,0.5589679,0.6376173
1/26/24 13:00,0.590258,0.7169327
1/26/24 14:00,0.3580821,0.3941028
1/26/24 15:00,0.3212645,0.4148242
1/26/24 16:00,0.1109318,0.1322552
1/26/24 17:00,0.01130565,0
1/26/24 18:00,0,0
1/26/24 19:00,0,0
1/26/24 20:00,0,0
1/26/24 21:00,0,0
1/26/24 22:00,0,0
1/26/24 23:00,0,0
1/27/24 0:00,0,0
1/27/24 1:00,0,0
1/27/24 2:00,0,0
1/27/24 3:00,0,0
1/27/24 4:00,0,0
1/27/24 5:00,0,0
1/27/24 6:00,0.02977592,0.1177754
1/27/24 7:00,0.1752923,0.2386084
1/27/24 8:00,0.3341873,0.4124458
1/27/24 9:00,0.6022388,0.776073
1/27/24 10:00,0.7149906,0.8978279
1/27/24 11:00,0.7868025,0.9804327
1/27/24 12:00,0.7552968,0.938384
1/27/24 13:00,0.6803398,0.8541523
1/27/24 14:00,0.4802635,0.5940598
1/27/24 15:00,0.2478154,0.278731
1/27/24 16:00,0.1660158,0.2643748
1/27/24 17:00,0.01230766,0
1/27/24 18:00,0,0
1/27/24 19:00,0,0
1/27/24 20:00,0,0
1/27/24 21:00,0,0
1/27/24 22:00,0,0
1/27/24 23:00,0,0
1/28/24 0:00,0,0
1/28/24 1:00,0,0
1/28/24 2:00,0,0
1/28/24 3:00,0,0
1/28/24 4:00,0,0
1/28/24 5:00,0,0
1/28/24 6:00,0.01890636,0.03238852
1/28/24 7:00,0.02341898,0.02285616
1/28/24 8:00,0.04108416,0.04001688
1/28/24 9:00,0.05230331,0.05090641
1/28/24 10:00,0.1799575,0.1759228
1/28/24 11:00,0.2208975,0.2161058
1/28/24 12:00,0.2093144,0.2047021
1/28/24 13:00,0.2086019,0.2042403
1/28/24 14:00,0.1573646,0.154093
1/28/24 15:00,0.1104163,0.1083524
1/28/24 16:00,0.1267584,0.1611717
1/28/24 17:00,0.01487888,0
1/28/24 18:00,0,0
1/28/24 19:00,0,0
1/28/24 20:00,0,0
1/28/24 21:00,0,0
1/28/24 22:00,0,0
1/28/24 23:00,0,0
1/29/24 0:00,0,0
1/29/24 1:00,0,0
1/29/24 2:00,0,0
1/29/24 3:00,0,0
1/29/24 4:00,0,0
1/29/24 5:00,0,0
1/29/24 6:00,0.02584376,0.07723904
1/29/24 7:00,0.2024011,0.2985514
1/29/24 8:00,0.4439968,0.6026273
1/29/24 9:00,0.5120726,0.6287149
1/29/24 10:00,0.6370986,0.7764811
1/29/24 11:00,0.552175,0.6200668
1/29/24 12:00,0.3918364,0.4001216
1/29/24 13:00,0.6330324,0.7772748
1/29/24 14:00,0.4001661,0.4552865
1/29/24 15:00,0.3619301,0.4824143
1/29/24 16:00,0.1928167,0.3210168
1/29/24 17:00,0.01394876,0
1/29/24 18:00,0,0
1/29/24 19:00,0,0
1/29/24 20:00,0,0
1/29/24 21:00,0,0
1/29/24 22:00,0,0
1/29/24 23:00,0,0
1/30/24 0:00,0,0
1/30/24 1:00,0,0
1/30/24 2:00,0,0
1/30/24 3:00,0,0
1/30/24 4:00,0,0
1/30/24 5:00,0,0
1/30/24 6:00,0.03117104,0.1233645
1/30/24 7:00,0.1739861,0.2301401
1/30/24 8:00,0.1758039,0.1751401
1/30/24 9:00,0.3398775,0.3576711
1/30/24 10:00,0.27471,0.2711316
1/30/24 11:00,0.3927996,0.4002331
1/30/24 12:00,0.3860176,0.3926493
1/30/24 13:00,0.4809304,0.5347846
1/30/24 14:00,0.4840653,0.5925424
1/30/24 15:00,0.3339339,0.4270018
1/30/24 16:00,0.1960069,0.3235154
1/30/24 17:00,0.01844509,0
1/30/24 18:00,0,0
1/30/24 19:00,0,0
1/30/24 20:00,0,0
1/30/24 21:00,0,0
1/30/24 22:00,0,0
1/30/24 23:00,0,0
1/31/24 0:00,0,0
1/31/24 1:00,0,0
1/31/24 2:00,0,0
1/31/24 3:00,0,0
1/31/24 4:00,0,0
1/31/24 5:00,0,0
1/31/24 6:00,0.02518005,0.06721909
1/31/24 7:00,0.2029209,0.2946175
1/31/24 8:00,0.3759521,0.4811199
1/31/24 9:00,0.6257442,0.8004721
1/31/24 10:00,0.7943971,0.9947484
1/31/24 11:00,0.7928535,0.9790364
1/31/24 12:00,0.6976655,0.8435392
1/31/24 13:00,0.7218115,0.9027382
1/31/24 14:00,0.6006888,0.7732419
1/31/24 15:00,0.3919668,0.5292424
1/31/24 16:00,0.1870183,0.2979645
1/31/24 17:00,0.009830185,0
1/31/24 18:00,0,0
1/31/24 19:00,0,0
1/31/24 20:00,0,0
1/31/24 21:00,0,0
1/31/24 22:00,0,0
1/31/24 23:00,0,0
2/1/24 0:00,0,0
2/1/24 1:00,0,0
2/1/24 2:00,0,0
2/1/24 3:00,0,0
2/1/24 4:00,0,0
2/1/24 5:00,0,0
2/1/24 6:00,0.01342448,0.01495592
2/1/24 7:00,0.03778933,0.03698232
2/1/24 8:00,0.2902555,0.328412
2/1/24 9:00,0.4157016,0.465943
2/1/24 10:00,0.6453529,0.7822443
2/1/24 11:00,0.7589644,0.9292696
2/1/24 12:00,0.6458277,0.7614229
2/1/24 13:00,0.6470559,0.7909386
2/1/24 14:00,0.6082566,0.7811249
2/1/24 15:00,0.4183128,0.5695073
2/1/24 16:00,0.1680275,0.2467477
2/1/24 17:00,0.01244269,0
2/1/24 18:00,0,0
2/1/24 19:00,0,0
2/1/24 20:00,0,0
2/1/24 21:00,0,0
2/1/24 22:00,0,0
2/1/24 23:00,0,0
2/2/24 0:00,0,0
2/2/24 1:00,0,0
2/2/24 2:00,0,0
2/2/24 3:00,0,0
2/2/24 4:00,0,0
2/2/24 5:00,0,0
2/2/24 6:00,0.01195275,0.01281475
2/2/24 7:00,0.1042846,0.1064407
2/2/24 8:00,0.3325871,0.3989223
2/2/24 9:00,0.2522552,0.2507816
2/2/24 10:00,0.4145482,0.4337977
2/2/24 11:00,0.1535674,0.1498166
2/2/24 12:00,0.2963434,0.2921149
2/2/24 13:00,0.2084926,0.2040108
2/2/24 14:00,0.1011275,0.09866203
2/2/24 15:00,0.05432684,0.05298097
2/2/24 16:00,0.02504147,0.0244731
2/2/24 17:00,0.01484692,0
2/2/24 18:00,0,0
2/2/24 19:00,0,0
2/2/24 20:00,0,0
2/2/24 21:00,0,0
2/2/24 22:00,0,0
2/2/24 23:00,0,0
2/3/24 0:00,0,0
2/3/24 1:00,0,0
2/3/24 2:00,0,0
2/3/24 3:00,0,0
2/3/24 4:00,0,0
2/3/24 5:00,0,0
2/3/24 6:00,0.01653076,0.02059283
2/3/24 7:00,0.1618624,0.1975006
2/3/24 8:00,0.1166242,0.1142376
2/3/24 9:00,0.1218139,0.1189197
2/3/24 10:00,0.2505235,0.2458947
2/3/24 11:00,0.7181355,0.8646981
2/3/24 12:00,0.7760983,0.9496641
2/3/24 13:00,0.5833374,0.6864803
2/3/24 14:00,0.3762881,0.4107801
2/3/24 15:00,0.1713597,0.1710807
2/3/24 16:00,0.07673191,0.07662808
2/3/24 17:00,0.007223816,0
2/3/24 18:00,0,0
2/3/24 19:00,0,0
2/3/24 20:00,0,0
2/3/24 21:00,0,0
2/3/24 22:00,0,0
2/3/24 23:00,0,0
2/4/24 0:00,0,0
2/4/24 1:00,0,0
2/4/24 2:00,0,0
2/4/24 3:00,0,0
2/4/24 4:00,0,0
2/4/24 5:00,0,0
2/4/24 6:00,0.02315111,0.0451816
2/4/24 7:00,0.260688,0.4013031
2/4/24 8:00,0.5191705,0.6951534
2/4/24 9:00,0.7375806,0.9383772
2/4/24 10:00,0.8602846,1.068572
2/4/24 11:00,0.8942627,1.099499
2/4/24 12:00,0.9178551,1.130176
2/4/24 13:00,0.8309844,1.034122
2/4/24 14:00,0.5986583,0.7588374
2/4/24 15:00,0.364568,0.4678683
2/4/24 16:00,0.1657807,0.2294562
2/4/24 17:00,0.01254646,0
2/4/24 18:00,0,0
2/4/24 19:00,0,0
2/4/24 20:00,0,0
2/4/24 21:00,0,0
2/4/24 22:00,0,0
2/4/24 23:00,0,0
2/5/24 0:00,0,0
2/5/24 1:00,0,0
2/5/24 2:00,0,0
2/5/24 3:00,0,0
2/5/24 4:00,0,0
2/5/24 5:00,0,0
2/5/24 6:00,0.03842662,0.1686708
2/5/24 7:00,0.25811,0.39363
2/5/24 8:00,0.4520659,0.5967234
2/5/24 9:00,0.4709136,0.5466552
2/5/24 10:00,0.649071,0.7780653
2/5/24 11:00,0.8837637,1.083597
2/5/24 12:00,0.855739,1.049252
2/5/24 13:00,0.628475,0.7517233
2/5/24 14:00,0.4724004,0.5579339
2/5/24 15:00,0.3780106,0.4885171
2/5/24 16:00,0.1020193,0.1067117
2/5/24 17:00,0.01311978,0
2/5/24 18:00,0,0
2/5/24 19:00,0,0
2/5/24 20:00,0,0
2/5/24 21:00,0,0
2/5/24 22:00,0,0
2/5/24 23:00,0,0
2/6/24 0:00,0,0
2/6/24 1:00,0,0
2/6/24 2:00,0,0
2/6/24 3:00,0,0
2/6/24 4:00,0,0
2/6/24 5:00,0,0
2/6/24 6:00,0.03186117,0.1042559
2/6/24 7:00,0.1536764,0.1777786
2/6/24 8:00,0.3758808,0.4666157
2/6/24 9:00,0.5705304,0.7030634
2/6/24 10:00,0.5301852,0.5932086
2/6/24 11:00,0.741241,0.8906976
2/6/24 12:00,0.8288729,1.012436
2/6/24 13:00,0.4620941,0.4974512
2/6/24 14:00,0.4866742,0.5786301
2/6/24 15:00,0.4152972,0.5482903
2/6/24 16:00,0.1817363,0.2590521
2/6/24 17:00,0.02252954,0
2/6/24 18:00,0,0
2/6/24 19:00,0,0
2/6/24 20:00,0,0
2/6/24 21:00,0,0
2/6/24 22:00,0,0
2/6/24 23:00,0,0
2/7/24 0:00,0,0
2/7/24 1:00,0,0
2/7/24 2:00,0,0
2/7/24 3:00,0,0
2/7/24 4:00,0,0
2/7/24 5:00,0,0
2/7/24 6:00,0.03114004,0.09361376
2/7/24 7:00,0.2479831,0.3684206
2/7/24 8:00,0.4903218,0.6470791
2/7/24 9:00,0.6729532,0.846029
2/7/24 10:00,0.864266,1.065036
2/7/24 11:00,0.8419993,1.02576
2/7/24 12:00,0.7347702,0.8800732
2/7/24 13:00,0.70644,0.861816
2/7/24 14:00,0.3851778,0.4184576
2/7/24 15:00,0.3061737,0.3565976
2/7/24 16:00,0.1042452,0.108585
2/7/24 17:00,0.01612036,0
2/7/24 18:00,0,0
2/7/24 19:00,0,0
2/7/24 20:00,0,0
2/7/24 21:00,0,0
2/7/24 22:00,0,0
2/7/24 23:00,0,0
2/8/24 0:00,0,0
2/8/24 1:00,0,0
2/8/24 2:00,0,0
2/8/24 3:00,0,0
2/8/24 4:00,0,0
2/8/24 5:00,0,0
2/8/24 6:00,0.01998041,0.02687777
2/8/24 7:00,0.2053446,0.2773791
2/8/24 8:00,0.3309859,0.3849783
2/8/24 9:00,0.5583009,0.6788073
2/8/24 10:00,0.5436752,0.6099606
2/8/24 11:00,0.4835445,0.5092751
2/8/24 12:00,0.6037508,0.6816434
2/8/24 13:00,0.8039203,0.9884454
2/8/24 14:00,0.6454102,0.8117536
2/8/24 15:00,0.399878,0.5163112
2/8/24 16:00,0.2114653,0.3167862
2/8/24 17:00,0.02389385,0
2/8/24 18:00,0,0
2/8/24 19:00,0,0
2/8/24 20:00,0,0
2/8/24 21:00,0,0
2/8/24 22:00,0,0
2/8/24 23:00,0,0
2/9/24 0:00,0,0
2/9/24 1:00,0,0
2/9/24 2:00,0,0
2/9/24 3:00,0,0
2/9/24 4:00,0,0
2/9/24 5:00,0,0
2/9/24 6:00,0.004264398,0.00424833
2/9/24 7:00,0.05049942,0.04946447
2/9/24 8:00,0.04143922,0.04033968
2/9/24 9:00,0.1686138,0.1648713
2/9/24 10:00,0.1603272,0.1564605
2/9/24 11:00,0.104803,0.102051
2/9/24 12:00,0.06514154,0.06336042
2/9/24 13:00,0.1061952,0.1034556
2/9/24 14:00,0.07263841,0.07073907
2/9/24 15:00,0.05156485,0.05024518
2/9/24 16:00,0.002763952,0.002684793
2/9/24 17:00,0.00255185,0.00254057
2/9/24 18:00,0,0
2/9/24 19:00,0,0
2/9/24 20:00,0,0
2/9/24 21:00,0,0
2/9/24 22:00,0,0
2/9/24 23:00,0,0
2/10/24 0:00,0,0
2/10/24 1:00,0,0
2/10/24 2:00,0,0
2/10/24 3:00,0,0
2/10/24 4:00,0,0
2/10/24 5:00,0,0
2/10/24 6:00,0.006682413,0.006734341
2/10/24 7:00,0.02077245,0.02023575
2/10/24 8:00,0.05533012,0.05390772
2/10/24 9:00,0.03695126,0.03592715
2/10/24 10:00,0.1112263,0.1083602
2/10/24 11:00,0.1031151,0.1003984
2/10/24 12:00,0.1170169,0.1139817
2/10/24 13:00,0.07967076,0.07754475
2/10/24 14:00,0.07006157,0.06821848
2/10/24 15:00,0.0514869,0.05016492
2/10/24 16:00,0.06039563,0.05939219
2/10/24 17:00,0.008780451,0.009331547
2/10/24 18:00,0,0
2/10/24 19:00,0,0
2/10/24 20:00,0,0
2/10/24 21:00,0,0
2/10/24 22:00,0,0
2/10/24 23:00,0,0
2/11/24 0:00,0,0
2/11/24 1:00,0,0
2/11/24 2:00,0,0
2/11/24 3:00,0,0
2/11/24 4:00,0,0
2/11/24 5:00,0,0
2/11/24 6:00,0.03136348,0.06956744
2/11/24 7:00,0.1795473,0.2172876
2/11/24 8:00,0.4729185,0.6103681
2/11/24 9:00,0.6720691,0.8337039
2/11/24 10:00,0.6154333,0.7121108
2/11/24 11:00,0.6628721,0.7620921
2/11/24 12:00,0.5901261,0.6556401
2/11/24 13:00,0.5311804,0.5896423
2/11/24 14:00,0.5874125,0.7216064
2/11/24 15:00,0.4393986,0.5698096
2/11/24 16:00,0.1455008,0.1687815
2/11/24 17:00,0.02566195,0.09458338
2/11/24 18:00,0,0
2/11/24 19:00,0,0
2/11/24 20:00,0,0
2/11/24 21:00,0,0
2/11/24 22:00,0,0
2/11/24 23:00,0,0
2/12/24 0:00,0,0
2/12/24 1:00,0,0
2/12/24 2:00,0,0
2/12/24 3:00,0,0
2/12/24 4:00,0,0
2/12/24 5:00,0,0
2/12/24 6:00,0.01805524,0.01972677
2/12/24 7:00,0.126596,0.1312309
2/12/24 8:00,0.2266368,0.2304626
2/12/24 9:00,0.3943321,0.4208419
2/12/24 10:00,0.5014825,0.5421029
2/12/24 11:00,0.5868698,0.6479358
2/12/24 12:00,0.5576069,0.6070666
2/12/24 13:00,0.4124863,0.4256731
2/12/24 14:00,0.290761,0.29253
2/12/24 15:00,0.3099176,0.3528782
2/12/24 16:00,0.1990784,0.2744451
2/12/24 17:00,0.01801279,0.03227808
2/12/24 18:00,0,0
2/12/24 19:00,0,0
2/12/24 20:00,0,0
2/12/24 21:00,0,0
2/12/24 22:00,0,0
2/12/24 23:00,0,0
2/13/24 0:00,0,0
2/13/24 1:00,0,0
2/13/24 2:00,0,0
2/13/24 3:00,0,0
2/13/24 4:00,0,0
2/13/24 5:00,0,0
2/13/24 6:00,0.02807106,0.04403821
2/13/24 7:00,0.2150029,0.2821733
2/13/24 8:00,0.3891454,0.4711351
2/13/24 9:00,0.5151719,0.5988926
2/13/24 10:00,0.6559042,0.7675979
2/13/24 11:00,0.8005633,0.954235
2/13/24 12:00,0.8307001,0.9951745
2/13/24 13:00,0.5882324,0.6705158
2/13/24 14:00,0.5910334,0.7209239
2/13/24 15:00,0.3616187,0.4364176
2/13/24 16:00,0.1770481,0.2250414
2/13/24 17:00,0.01955748,0.03792154
2/13/24 18:00,0,0
2/13/24 19:00,0,0
2/13/24 20:00,0,0
2/13/24 21:00,0,0
2/13/24 22:00,0,0
2/13/24 23:00,0,0
2/14/24 0:00,0,0
2/14/24 1:00,0,0
2/14/24 2:00,0,0
2/14/24 3:00,0,0
2/14/24 4:00,0,0
2/14/24 5:00,0,0
2/14/24 6:00,0.04664543,0.1428018
2/14/24 7:00,0.2372097,0.3228607
2/14/24 8:00,0.470579,0.5975764
2/14/24 9:00,0.5499838,0.6498989
2/14/24 10:00,0.7476604,0.8955652
2/14/24 11:00,0.7587233,0.8936299
2/14/24 12:00,0.8804762,1.055199
2/14/24 13:00,0.7245489,0.8669834
2/14/24 14:00,0.604553,0.7374327
2/14/24 15:00,0.4051014,0.5059196
2/14/24 16:00,0.2037822,0.277014
2/14/24 17:00,0.03231737,0.138677
2/14/24 18:00,0,0
2/14/24 19:00,0,0
2/14/24 20:00,0,0
2/14/24 21:00,0,0
2/14/24 22:00,0,0
2/14/24 23:00,0,0
2/15/24 0:00,0,0
2/15/24 1:00,0,0
2/15/24 2:00,0,0
2/15/24 3:00,0,0
2/15/24 4:00,0,0
2/15/24 5:00,0,0
2/15/24 6:00,0.04884158,0.1443909
2/15/24 7:00,0.2876447,0.4079271
2/15/24 8:00,0.5071093,0.646052
2/15/24 9:00,0.6052255,0.729457
2/15/24 10:00,0.7799138,0.9356397
2/15/24 11:00,0.6133283,0.6805755
2/15/24 12:00,0.7532358,0.8842438
2/15/24 13:00,0.6434682,0.7478385
2/15/24 14:00,0.6010998,0.7294914
2/15/24 15:00,0.3811681,0.463599
2/15/24 16:00,0.2157783,0.297729
2/15/24 17:00,0.0281732,0.09457199
2/15/24 18:00,0,0
2/15/24 19:00,0,0
2/15/24 20:00,0,0
2/15/24 21:00,0,0
2/15/24 22:00,0,0
2/15/24 23:00,0,0
2/16/24 0:00,0,0
2/16/24 1:00,0,0
2/16/24 2:00,0,0
2/16/24 3:00,0,0
2/16/24 4:00,0,0
2/16/24 5:00,0,0
2/16/24 6:00,0.03577619,0.06407172
2/16/24 7:00,0.2034941,0.2510031
2/16/24 8:00,0.4466063,0.5549906
2/16/24 9:00,0.5487738,0.6427296
2/16/24 10:00,0.8437137,1.012841
2/16/24 11:00,0.8665375,1.031521
2/16/24 12:00,0.7821538,0.9215467
2/16/24 13:00,0.7105538,0.8416974
2/16/24 14:00,0.4390195,0.4835475
2/16/24 15:00,0.5041285,0.6447927
2/16/24 16:00,0.2790785,0.4033585
2/16/24 17:00,0.03601513,0.1602073
2/16/24 18:00,0,0
2/16/24 19:00,0,0
2/16/24 20:00,0,0
2/16/24 21:00,0,0
2/16/24 22:00,0,0
2/16/24 23:00,0,0
2/17/24 0:00,0,0
2/17/24 1:00,0,0
2/17/24 2:00,0,0
2/17/24 3:00,0,0
2/17/24 4:00,0,0
2/17/24 5:00,0,0
2/17/24 6:00,0.04137541,0.08448976
2/17/24 7:00,0.1943011,0.2315615
2/17/24 8:00,0.3276458,0.3635792
2/17/24 9:00,0.7173911,0.8734446
2/17/24 10:00,0.9233126,1.107382
2/17/24 11:00,0.9055673,1.076498
2/17/24 12:00,0.8016849,0.945132
2/17/24 13:00,0.6878085,0.8067151
2/17/24 14:00,0.631516,0.7660792
2/17/24 15:00,0.3092398,0.3431849
2/17/24 16:00,0.1905595,0.2407348
2/17/24 17:00,0.01698816,0.02176897
2/17/24 18:00,0,0
2/17/24 19:00,0,0
2/17/24 20:00,0,0
2/17/24 21:00,0,0
2/17/24 22:00,0,0
2/17/24 23:00,0,0
2/18/24 0:00,0,0
2/18/24 1:00,0,0
2/18/24 2:00,0,0
2/18/24 3:00,0,0
2/18/24 4:00,0,0
2/18/24 5:00,0,0
2/18/24 6:00,0.05681223,0.152072
2/18/24 7:00,0.2380807,0.3104685
2/18/24 8:00,0.4480115,0.5508661
2/18/24 9:00,0.8019141,0.9755483
2/18/24 10:00,0.8880079,1.060916
2/18/24 11:00,0.8307318,0.979754
2/18/24 12:00,0.9183038,1.089497
2/18/24 13:00,0.7880481,0.9396406
2/18/24 14:00,0.5296745,0.6152537
2/18/24 15:00,0.2251004,0.2283501
2/18/24 16:00,0.1479028,0.1628143
2/18/24 17:00,0.0293308,0.08820368
2/18/24 18:00,0,0
2/18/24 19:00,0,0
2/18/24 20:00,0,0
2/18/24 21:00,0,0
2/18/24 22:00,0,0
2/18/24 23:00,0,0
2/19/24 0:00,0,0
2/19/24 1:00,0,0
2/19/24 2:00,0,0
2/19/24 3:00,0,0
2/19/24 4:00,0,0
2/19/24 5:00,0,0
2/19/24 6:00,0.03562525,0.05150383
2/19/24 7:00,0.1875115,0.2155203
2/19/24 8:00,0.3974439,0.468514
2/19/24 9:00,0.4412501,0.4771526
2/19/24 10:00,0.8246127,0.9805806
2/19/24 11:00,0.86879,1.025499
2/19/24 12:00,0.8028466,0.9408528
2/19/24 13:00,0.8700618,1.037613
2/19/24 14:00,0.510156,0.5834629
2/19/24 15:00,0.3673751,0.4306147
2/19/24 16:00,0.2364377,0.3225292
2/19/24 17:00,0.0308203,0.09330592
2/19/24 18:00,0,0
2/19/24 19:00,0,0
2/19/24 20:00,0,0
2/19/24 21:00,0,0
2/19/24 22:00,0,0
2/19/24 23:00,0,0
2/20/24 0:00,0,0
2/20/24 1:00,0,0
2/20/24 2:00,0,0
2/20/24 3:00,0,0
2/20/24 4:00,0,0
2/20/24 5:00,0,0
2/20/24 6:00,0.01582019,0.01588192
2/20/24 7:00,0.03477312,0.03390127
2/20/24 8:00,0.1640408,0.1608641
2/20/24 9:00,0.2154856,0.210932
2/20/24 10:00,0.357087,0.3559349
2/20/24 11:00,0.5408481,0.5720139
2/20/24 12:00,0.2609856,0.2551097
2/20/24 13:00,0.1425241,0.1389088
2/20/24 14:00,0.1324025,0.129145
2/20/24 15:00,0.1951382,0.19382
2/20/24 16:00,0.1293215,0.1345197
2/20/24 17:00,0.03535231,0.1176431
2/20/24 18:00,0,0
2/20/24 19:00,0,0
2/20/24 20:00,0,0
2/20/24 21:00,0,0
2/20/24 22:00,0,0
2/20/24 23:00,0,0
2/21/24 0:00,0,0
2/21/24 1:00,0,0
2/21/24 2:00,0,0
2/21/24 3:00,0,0
2/21/24 4:00,0,0
2/21/24 5:00,0,0
2/21/24 6:00,0.05046287,0.0976332
2/21/24 7:00,0.1279649,0.1291511
2/21/24 8:00,0.441489,0.531527
2/21/24 9:00,0.6128585,0.7225397
2/21/24 10:00,0.4912136,0.5166909
2/21/24 11:00,0.7688361,0.8879163
2/21/24 12:00,0.6879493,0.7757113
2/21/24 13:00,0.58235,0.6448268
2/21/24 14:00,0.4971074,0.5596055
2/21/24 15:00,0.3144742,0.3448803
2/21/24 16:00,0.1129305,0.1138668
2/21/24 17:00,0.01782286,0.02039479
2/21/24 18:00,0,0
2/21/24 19:00,0,0
2/21/24 20:00,0,0
2/21/24 21:00,0,0
2/21/24 22:00,0,0
2/21/24 23:00,0,0
2/22/24 0:00,0,0
2/22/24 1:00,0,0
2/22/24 2:00,0,0
2/22/24 3:00,0,0
2/22/24 4:00,0,0
2/22/24 5:00,0,0
2/22/24 6:00,0.06363511,0.1419791
2/22/24 7:00,0.2255009,0.2745955
2/22/24 8:00,0.2448684,0.2477463
2/22/24 9:00,0.5218256,0.5875823
2/22/24 10:00,0.8543854,1.007738
2/22/24 11:00,0.7792743,0.8993428
2/22/24 12:00,0.5431598,0.5733629
2/22/24 13:00,0.6417057,0.7275445
2/22/24 14:00,0.6573085,0.7854965
2/22/24 15:00,0.4739273,0.5851088
2/22/24 16:00,0.232721,0.3053474
2/22/24 17:00,0.03753888,0.1083911
2/22/24 18:00,0,0
2/22/24 19:00,0,0
2/22/24 20:00,0,0
2/22/24 21:00,0,0
2/22/24 22:00,0,0
2/22/24 23:00,0,0
2/23/24 0:00,0,0
2/23/24 1:00,0,0
2/23/24 2:00,0,0
2/23/24 3:00,0,0
2/23/24 4:00,0,0
2/23/24 5:00,0,0
2/23/24 6:00,0.05576312,0.1045645
2/23/24 7:00,0.2605788,0.3332154
2/23/24 8:00,0.4895096,0.5957792
2/23/24 9:00,0.6906658,0.8214571
2/23/24 10:00,0.8705226,1.024049
2/23/24 11:00,0.9039714,1.056798
2/23/24 12:00,0.9544792,1.117591
2/23/24 13:00,0.7596979,0.8879388
2/23/24 14:00,0.5854886,0.6838772
2/23/24 15:00,0.4463087,0.5422936
2/23/24 16:00,0.1897485,0.2245338
2/23/24 17:00,0.02293959,0.02963323
2/23/24 18:00,0,0
2/23/24 19:00,0,0
2/23/24 20:00,0,0
2/23/24 21:00,0,0
2/23/24 22:00,0,0
2/23/24 23:00,0,0
2/24/24 0:00,0,0
2/24/24 1:00,0,0
2/24/24 2:00,0,0
2/24/24 3:00,0,0
2/24/24 4:00,0,0
2/24/24 5:00,0,0
2/24/24 6:00,0.05286746,0.08778778
2/24/24 7:00,0.2757027,0.3550994
2/24/24 8:00,0.5807623,0.7113805
2/24/24 9:00,0.705102,0.8366415
2/24/24 10:00,0.8658455,1.015352
2/24/24 11:00,0.8298085,0.9607343
2/24/24 12:00,0.8844528,1.030622
2/24/24 13:00,0.8205388,0.9623836
2/24/24 14:00,0.7465044,0.8903148
2/24/24 15:00,0.5645341,0.6962461
2/24/24 16:00,0.3155136,0.4263517
2/24/24 17:00,0.04714316,0.1429172
2/24/24 18:00,0,0
2/24/24 19:00,0,0
2/24/24 20:00,0,0
2/24/24 21:00,0,0
2/24/24 22:00,0,0
2/24/24 23:00,0,0
2/25/24 0:00,0,0
2/25/24 1:00,0,0
2/25/24 2:00,0,0
2/25/24 3:00,0,0
2/25/24 4:00,0,0
2/25/24 5:00,0,0
2/25/24 6:00,0.06936304,0.1370922
2/25/24 7:00,0.2800224,0.358468
2/25/24 8:00,0.5597758,0.6817501
2/25/24 9:00,0.7405183,0.8769146
2/25/24 10:00,0.8557075,1.000221
2/25/24 11:00,0.8857516,1.028532
2/25/24 12:00,0.9727698,1.133006
2/25/24 13:00,0.8230864,0.962492
2/25/24 14:00,0.6566816,0.775602
2/25/24 15:00,0.5236138,0.641441
2/25/24 16:00,0.2543283,0.3327225
2/25/24 17:00,0.04207738,0.1058628
2/25/24 18:00,0,0
2/25/24 19:00,0,0
2/25/24 20:00,0,0
2/25/24 21:00,0,0
2/25/24 22:00,0,0
2/25/24 23:00,0,0
2/26/24 0:00,0,0
2/26/24 1:00,0,0
2/26/24 2:00,0,0
2/26/24 3:00,0,0
2/26/24 4:00,0,0
2/26/24 5:00,0,0
2/26/24 6:00,0.05520129,0.08482091
2/26/24 7:00,0.2434011,0.2936756
2/26/24 8:00,0.3564875,0.3903688
2/26/24 9:00,0.6406617,0.7459927
2/26/24 10:00,0.5797647,0.6284125
2/26/24 11:00,0.7060575,0.7878585
2/26/24 12:00,0.6346484,0.6904746
2/26/24 13:00,0.5477097,0.587861
2/26/24 14:00,0.4629603,0.5014715
2/26/24 15:00,0.2920085,0.3074863
2/26/24 16:00,0.1413418,0.1467397
2/26/24 17:00,0.01614629,0.01650117
2/26/24 18:00,0,0
2/26/24 19:00,0,0
2/26/24 20:00,0,0
2/26/24 21:00,0,0
2/26/24 22:00,0,0
2/26/24 23:00,0,0
2/27/24 0:00,0,0
2/27/24 1:00,0,0
2/27/24 2:00,0,0
2/27/24 3:00,0,0
2/27/24 4:00,0,0
2/27/24 5:00,0,0
2/27/24 6:00,0.07970946,0.1514828
2/27/24 7:00,0.294624,0.3741663
2/27/24 8:00,0.5517327,0.6652461
2/27/24 9:00,0.7854282,0.9245177
2/27/24 10:00,0.8584104,0.9973153
2/27/24 11:00,0.9616829,1.112998
2/27/24 12:00,0.9685699,1.121627
2/27/24 13:00,0.8898578,1.036127
2/27/24 14:00,0.6454243,0.754813
2/27/24 15:00,0.5210971,0.6320397
2/27/24 16:00,0.2597093,0.3348568
2/27/24 17:00,0.05478378,0.144928
2/27/24 18:00,0,0
2/27/24 19:00,0,0
2/27/24 20:00,0,0
2/27/24 21:00,0,0
2/27/24 22:00,0,0
2/27/24 23:00,0,0
2/28/24 0:00,0,0
2/28/24 1:00,0,0
2/28/24 2:00,0,0
2/28/24 3:00,0,0
2/28/24 4:00,0,0
2/28/24 5:00,0,0
2/28/24 6:00,0.08945226,0.1665192
2/28/24 7:00,0.2843778,0.3544916
2/28/24 8:00,0.588167,0.7067693
2/28/24 9:00,0.7572637,0.8874906
2/28/24 10:00,0.8087079,0.9332529
2/28/24 11:00,0.9462892,1.091756
2/28/24 12:00,0.9457384,1.091598
2/28/24 13:00,0.8750014,1.01538
2/28/24 14:00,0.6980591,0.8190995
2/28/24 15:00,0.4935082,0.5931814
2/28/24 16:00,0.2964776,0.3862373
2/28/24 17:00,0.04957158,0.1165833
2/28/24 18:00,0,0
2/28/24 19:00,0,0
2/28/24 20:00,0,0
2/28/24 21:00,0,0
2/28/24 22:00,0,0
2/28/24 23:00,0,0
2/29/24 0:00,0,0
2/29/24 1:00,0,0
2/29/24 2:00,0,0
2/29/24 3:00,0,0
2/29/24 4:00,0,0
2/29/24 5:00,0,0
2/29/24 6:00,0.06591734,0.1006765
2/29/24 7:00,0.2640354,0.3183886
2/29/24 8:00,0.4670883,0.5446694
2/29/24 9:00,0.7652223,0.8937638
2/29/24 10:00,0.9410914,1.088567
2/29/24 11:00,0.9875357,1.136986
2/29/24 12:00,0.9226438,1.061461
2/29/24 13:00,0.7188559,0.8164472
2/29/24 14:00,0.6501099,0.755089
2/29/24 15:00,0.4922987,0.5885013
2/29/24 16:00,0.2960474,0.3823117
2/29/24 17:00,0.05943036,0.1432809
2/29/24 18:00,0,0
2/29/24 19:00,0,0
2/29/24 20:00,0,0
2/29/24 21:00,0,0
2/29/24 22:00,0,0
2/29/24 23:00,0,0
3/1/24 0:00,0,0
3/1/24 1:00,0,0
3/1/24 2:00,0,0
3/1/24 3:00,0,0
3/1/24 4:00,0,0
3/1/24 5:00,0,0
3/1/24 6:00,0.02892889,0.02881478
3/1/24 7:00,0.1955327,0.2097157
3/1/24 8:00,0.2230713,0.2208377
3/1/24 9:00,0.1953602,0.1907023
3/1/24 10:00,0.3209744,0.3155428
3/1/24 11:00,0.2088762,0.2036568
3/1/24 12:00,0.3820184,0.3780058
3/1/24 13:00,0.2105389,0.205399
3/1/24 14:00,0.1735361,0.1693307
3/1/24 15:00,0.1043052,0.1017301
3/1/24 16:00,0.03798319,0.03701652
3/1/24 17:00,0.02090407,0.02152638
3/1/24 18:00,0,0
3/1/24 19:00,0,0
3/1/24 20:00,0,0
3/1/24 21:00,0,0
3/1/24 22:00,0,0
3/1/24 23:00,0,0
3/2/24 0:00,0,0
3/2/24 1:00,0,0
3/2/24 2:00,0,0
3/2/24 3:00,0,0
3/2/24 4:00,0,0
3/2/24 5:00,0,0
3/2/24 6:00,0.02195541,0.02164341
3/2/24 7:00,0.03402968,0.03312702
3/2/24 8:00,0.008432693,0.008189431
3/2/24 9:00,0.1248817,0.121646
3/2/24 10:00,0.1786537,0.1741254
3/2/24 11:00,0.1446616,0.1408493
3/2/24 12:00,0.1971939,0.1922102
3/2/24 13:00,0.315926,0.3105342
3/2/24 14:00,0.1763898,0.1721112
3/2/24 15:00,0.2398308,0.2406128
3/2/24 16:00,0.08225156,0.08052219
3/2/24 17:00,0.03688768,0.05265742
3/2/24 18:00,0,0
3/2/24 19:00,0,0
3/2/24 20:00,0,0
3/2/24 21:00,0,0
3/2/24 22:00,0,0
3/2/24 23:00,0,0
3/3/24 0:00,0,0
3/3/24 1:00,0,0
3/3/24 2:00,0,0
3/3/24 3:00,0,0
3/3/24 4:00,0,0
3/3/24 5:00,0,0
3/3/24 6:00,0.00826019,0.008058501
3/3/24 7:00,0.09938136,0.09727424
3/3/24 8:00,0.3276016,0.3422904
3/3/24 9:00,0.4930097,0.5272407
3/3/24 10:00,0.3535369,0.3491713
3/3/24 11:00,0.4274239,0.426365
3/3/24 12:00,0.230545,0.2248587
3/3/24 13:00,0.3815796,0.3799471
3/3/24 14:00,0.5073051,0.5525289
3/3/24 15:00,0.4438646,0.5131572
3/3/24 16:00,0.1268684,0.1269946
3/3/24 17:00,0.02542963,0.027037
3/3/24 18:00,0,0
3/3/24 19:00,0,0
3/3/24 20:00,0,0
3/3/24 21:00,0,0
3/3/24 22:00,0,0
3/3/24 23:00,0,0
3/4/24 0:00,0,0
3/4/24 1:00,0,0
3/4/24 2:00,0,0
3/4/24 3:00,0,0
3/4/24 4:00,0,0
3/4/24 5:00,0,0
3/4/24 6:00,0.02332914,0.02295108
3/4/24 7:00,0.1198844,0.1178841
3/4/24 8:00,0.3723767,0.4002374
3/4/24 9:00,0.5594691,0.6152275
3/4/24 10:00,0.4885189,0.5011755
3/4/24 11:00,0.6398715,0.6838331
3/4/24 12:00,0.3023053,0.2956394
3/4/24 13:00,0.5103268,0.5303157
3/4/24 14:00,0.4066712,0.4195097
3/4/24 15:00,0.2499093,0.2513728
3/4/24 16:00,0.1974512,0.2191046
3/4/24 17:00,0.03513737,0.04409738
3/4/24 18:00,0,0
3/4/24 19:00,0,0
3/4/24 20:00,0,0
3/4/24 21:00,0,0
3/4/24 22:00,0,0
3/4/24 23:00,0,0
3/5/24 0:00,0,0
3/5/24 1:00,0,0
3/5/24 2:00,0,0
3/5/24 3:00,0,0
3/5/24 4:00,0,0
3/5/24 5:00,0,0
3/5/24 6:00,0.07386398,0.09726041
3/5/24 7:00,0.184502,0.1906446
3/5/24 8:00,0.3041325,0.3111376
3/5/24 9:00,0.7044627,0.8044064
3/5/24 10:00,0.9655409,1.100254
3/5/24 11:00,1.001383,1.136853
3/5/24 12:00,0.8924336,1.010206
3/5/24 13:00,0.959208,1.094509
3/5/24 14:00,0.7820147,0.9001526
3/5/24 15:00,0.5313377,0.6230189
3/5/24 16:00,0.3175594,0.3940763
3/5/24 17:00,0.05536029,0.09955743
3/5/24 18:00,0,0
3/5/24 19:00,0,0
3/5/24 20:00,0,0
3/5/24 21:00,0,0
3/5/24 22:00,0,0
3/5/24 23:00,0,0
3/6/24 0:00,0,0
3/6/24 1:00,0,0
3/6/24 2:00,0,0
3/6/24 3:00,0,0
3/6/24 4:00,0,0
3/6/24 5:00,0,0
3/6/24 6:00,0.07959573,0.1055604
3/6/24 7:00,0.1927767,0.2002212
3/6/24 8:00,0.3910918,0.4221088
3/6/24 9:00,0.5878159,0.6488729
3/6/24 10:00,0.9466059,1.074989
3/6/24 11:00,0.9540731,1.079241
3/6/24 12:00,0.992746,1.12415
3/6/24 13:00,0.9780595,1.112948
3/6/24 14:00,0.8206112,0.9419799
3/6/24 15:00,0.4796063,0.5538791
3/6/24 16:00,0.2659144,0.319914
3/6/24 17:00,0.03887658,0.04934652
3/6/24 18:00,0,0
3/6/24 19:00,0,0
3/6/24 20:00,0,0
3/6/24 21:00,0,0
3/6/24 22:00,0,0
3/6/24 23:00,0,0
3/7/24 0:00,0,0
3/7/24 1:00,0,0
3/7/24 2:00,0,0
3/7/24 3:00,0,0
3/7/24 4:00,0,0
3/7/24 5:00,0,0
3/7/24 6:00,0.1030695,0.1484455
3/7/24 7:00,0.2913573,0.3382021
3/7/24 8:00,0.6102703,0.7061845
3/7/24 9:00,0.8214909,0.9367478
3/7/24 10:00,0.9229666,1.044495
3/7/24 11:00,1.042679,1.177779
3/7/24 12:00,1.061399,1.1998
3/7/24 13:00,0.9678586,1.097717
3/7/24 14:00,0.7571071,0.8646653
3/7/24 15:00,0.5581617,0.6489316
3/7/24 16:00,0.3095513,0.3774693
3/7/24 17:00,0.05218998,0.08144347
3/7/24 18:00,0,0
3/7/24 19:00,0,0
3/7/24 20:00,0,0
3/7/24 21:00,0,0
3/7/24 22:00,0,0
3/7/24 23:00,0,0
3/8/24 0:00,0,0
3/8/24 1:00,0,0
3/8/24 2:00,0,0
3/8/24 3:00,0,0
3/8/24 4:00,0,0
3/8/24 5:00,0,0
3/8/24 6:00,0.1010134,0.1397544
3/8/24 7:00,0.3312486,0.3913751
3/8/24 8:00,0.5049813,0.5724174
3/8/24 9:00,0.6145272,0.6794276
3/8/24 10:00,0.9145343,1.031644
3/8/24 11:00,1.003186,1.129224
3/8/24 12:00,1.050114,1.183418
3/8/24 13:00,0.7950259,0.8922125
3/8/24 14:00,0.6894936,0.7815351
3/8/24 15:00,0.5112095,0.5889413
3/8/24 16:00,0.2925461,0.3518525
3/8/24 17:00,0.05924752,0.09629703
3/8/24 18:00,0,0
3/8/24 19:00,0,0
3/8/24 20:00,0,0
3/8/24 21:00,0,0
3/8/24 22:00,0,0
3/8/24 23:00,0,0
3/9/24 0:00,0,0
3/9/24 1:00,0,0
3/9/24 2:00,0,0
3/9/24 3:00,0,0
3/9/24 4:00,0,0
3/9/24 5:00,0,0
3/9/24 6:00,0.08942959,0.1132824
3/9/24 7:00,0.3713616,0.4396112
3/9/24 8:00,0.623797,0.7153429
3/9/24 9:00,0.7226056,0.8144291
3/9/24 10:00,0.8399194,0.9412488
3/9/24 11:00,0.9644123,1.081873
3/9/24 12:00,0.9920511,1.113768
3/9/24 13:00,0.8875485,0.999021
3/9/24 14:00,0.772273,0.875897
3/9/24 15:00,0.5015789,0.5738563
3/9/24 16:00,0.2538242,0.2940547
3/9/24 17:00,0.05637401,0.08502406
3/9/24 18:00,0,0
3/9/24 19:00,0,0
3/9/24 20:00,0,0
3/9/24 21:00,0,0
3/9/24 22:00,0,0
3/9/24 23:00,0,0
3/10/24 0:00,0,0
3/10/24 1:00,0,0
3/10/24 2:00,0,0
3/10/24 3:00,0,0
3/10/24 4:00,0,0
3/10/24 5:00,0,0
3/10/24 6:00,0.07471459,0.08417171
3/10/24 7:00,0.3083066,0.3531952
3/10/24 8:00,0.5531695,0.6280553
3/10/24 9:00,0.7333552,0.8243724
3/10/24 10:00,0.6744475,0.7289532
3/10/24 11:00,0.710424,0.7646681
3/10/24 12:00,0.8407116,0.9323041
3/10/24 13:00,0.8565674,0.9602939
3/10/24 14:00,0.7871566,0.8898203
3/10/24 15:00,0.5403261,0.6186116
3/10/24 16:00,0.3271886,0.389862
3/10/24 17:00,0.067421,0.1064626
3/10/24 18:00,0,0
3/10/24 19:00,0,0
3/10/24 20:00,0,0
3/10/24 21:00,0,0
3/10/24 22:00,0,0
3/10/24 23:00,0,0
3/11/24 0:00,0,0
3/11/24 1:00,0,0
3/11/24 2:00,0,0
3/11/24 3:00,0,0
3/11/24 4:00,0,0
3/11/24 5:00,4.27658E-06,0
3/11/24 6:00,0.1114907,0.1446128
3/11/24 7:00,0.3606588,0.4195983
3/11/24 8:00,0.6089472,0.6915625
3/11/24 9:00,0.7998293,0.8987274
3/11/24 10:00,0.9491619,1.061575
3/11/24 11:00,1.036677,1.157588
3/11/24 12:00,0.9585866,1.069572
3/11/24 13:00,0.89895,1.005854
3/11/24 14:00,0.7977145,0.8986781
3/11/24 15:00,0.4624455,0.5177926
3/11/24 16:00,0.2647621,0.3047768
3/11/24 17:00,0.06815139,0.1037674
3/11/24 18:00,0,0
3/11/24 19:00,0,0
3/11/24 20:00,0,0
3/11/24 21:00,0,0
3/11/24 22:00,0,0
3/11/24 23:00,0,0
3/12/24 0:00,0,0
3/12/24 1:00,0,0
3/12/24 2:00,0,0
3/12/24 3:00,0,0
3/12/24 4:00,0,0
3/12/24 5:00,3.70546E-05,0
3/12/24 6:00,0.09828078,0.1182495
3/12/24 7:00,0.3097792,0.3492642
3/12/24 8:00,0.5556237,0.6248615
3/12/24 9:00,0.7978311,0.8932921
3/12/24 10:00,0.9645455,1.075768
3/12/24 11:00,1.064432,1.185683
3/12/24 12:00,1.017023,1.132511
3/12/24 13:00,0.975703,1.089741
3/12/24 14:00,0.642891,0.7124007
3/12/24 15:00,0.5198418,0.5879275
3/12/24 16:00,0.3292212,0.3859667
3/12/24 17:00,0.0608982,0.08502982
3/12/24 18:00,0,0
3/12/24 19:00,0,0
3/12/24 20:00,0,0
3/12/24 21:00,0,0
3/12/24 22:00,0,0
3/12/24 23:00,0,0
3/13/24 0:00,0,0
3/13/24 1:00,0,0
3/13/24 2:00,0,0
3/13/24 3:00,0,0
3/13/24 4:00,0,0
3/13/24 5:00,9.6759E-05,0
3/13/24 6:00,0.02633806,0.02571842
3/13/24 7:00,0.1106939,0.1080874
3/13/24 8:00,0.2234682,0.2192806
3/13/24 9:00,0.6321478,0.6895278
3/13/24 10:00,0.6384113,0.6767501
3/13/24 11:00,0.9028615,0.9981701
3/13/24 12:00,0.8790457,0.9706675
3/13/24 13:00,0.9038756,1.005268
3/13/24 14:00,0.7120744,0.794091
3/13/24 15:00,0.5022218,0.5633727
3/13/24 16:00,0.2595525,0.2926531
3/13/24 17:00,0.05208128,0.06426404
3/13/24 18:00,0,0
3/13/24 19:00,0,0
3/13/24 20:00,0,0
3/13/24 21:00,0,0
3/13/24 22:00,0,0
3/13/24 23:00,0,0
3/14/24 0:00,0,0
3/14/24 1:00,0,0
3/14/24 2:00,0,0
3/14/24 3:00,0,0
3/14/24 4:00,0,0
3/14/24 5:00,0.000257326,0
3/14/24 6:00,0.06265026,0.06320292
3/14/24 7:00,0.3200536,0.3573466
3/14/24 8:00,0.4177346,0.4426413
3/14/24 9:00,0.4232428,0.4280776
3/14/24 10:00,0.5871938,0.6110856
3/14/24 11:00,0.5860412,0.6025767
3/14/24 12:00,0.5358963,0.54416
3/14/24 13:00,0.7352797,0.8017355
3/14/24 14:00,0.6165686,0.6741772
3/14/24 15:00,0.276371,0.2775147
3/14/24 16:00,0.1519314,0.1521596
3/14/24 17:00,0.04646946,0.05259804
3/14/24 18:00,0,0
3/14/24 19:00,0,0
3/14/24 20:00,0,0
3/14/24 21:00,0,0
3/14/24 22:00,0,0
3/14/24 23:00,0,0
3/15/24 0:00,0,0
3/15/24 1:00,0,0
3/15/24 2:00,0,0
3/15/24 3:00,0,0
3/15/24 4:00,0,0
3/15/24 5:00,0.000181792,0
3/15/24 6:00,0.0112336,0.01092739
3/15/24 7:00,0.02358109,0.02291844
3/15/24 8:00,0.09602524,0.09346092
3/15/24 9:00,0.0329979,0.03205755
3/15/24 10:00,0.08100771,0.07875384
3/15/24 11:00,0.1912643,0.1862394
3/15/24 12:00,0.2224903,0.2167604
3/15/24 13:00,0.2323542,0.2264908
3/15/24 14:00,0.01508668,0.0146516
3/15/24 15:00,0.06145929,0.05977605
3/15/24 16:00,0.05872375,0.05720225
3/15/24 17:00,0.01151615,0.01123895
3/15/24 18:00,0,0
3/15/24 19:00,0,0
3/15/24 20:00,0,0
3/15/24 21:00,0,0
3/15/24 22:00,0,0
3/15/24 23:00,0,0
3/16/24 0:00,0,0
3/16/24 1:00,0,0
3/16/24 2:00,0,0
3/16/24 3:00,0,0
3/16/24 4:00,0,0
3/16/24 5:00,0.000733668,0
3/16/24 6:00,0.1069489,0.1199824
3/16/24 7:00,0.3399238,0.3774376
3/16/24 8:00,0.4549011,0.4862856
3/16/24 9:00,0.6087428,0.6527079
3/16/24 10:00,0.6441163,0.6786793
3/16/24 11:00,0.7979575,0.8623561
3/16/24 12:00,0.8088292,0.8771398
3/16/24 13:00,0.3559976,0.3500774
3/16/24 14:00,0.4362976,0.4456349
3/16/24 15:00,0.4905108,0.5408042
3/16/24 16:00,0.1565355,0.1566581
3/16/24 17:00,0.03773084,0.03865059
3/16/24 18:00,0,0
3/16/24 19:00,0,0
3/16/24 20:00,0,0
3/16/24 21:00,0,0
3/16/24 22:00,0,0
3/16/24 23:00,0,0
3/17/24 0:00,0,0
3/17/24 1:00,0,0
3/17/24 2:00,0,0
3/17/24 3:00,0,0
3/17/24 4:00,0,0
3/17/24 5:00,0.001161376,0
3/17/24 6:00,0.07304101,0.07367739
3/17/24 7:00,0.2291778,0.2344145
3/17/24 8:00,0.4606368,0.49147
3/17/24 9:00,0.6157037,0.6592423
3/17/24 10:00,0.5254843,0.5339475
3/17/24 11:00,0.6171625,0.6367219
3/17/24 12:00,0.3698836,0.3628342
3/17/24 13:00,0.3846731,0.3797913
3/17/24 14:00,0.3437447,0.3409237
3/17/24 15:00,0.3647663,0.3801881
3/17/24 16:00,0.2779232,0.3076756
3/17/24 17:00,0.06195139,0.07336363
3/17/24 18:00,0,0
3/17/24 19:00,0,0
3/17/24 20:00,0,0
3/17/24 21:00,0,0
3/17/24 22:00,0,0
3/17/24 23:00,0,0
3/18/24 0:00,0,0
3/18/24 1:00,0,0
3/18/24 2:00,0,0
3/18/24 3:00,0,0
3/18/24 4:00,0,0
3/18/24 5:00,0.001189264,0
3/18/24 6:00,0.0960262,0.1009267
3/18/24 7:00,0.3705407,0.4094886
3/18/24 8:00,0.54133,0.5897404
3/18/24 9:00,0.5961727,0.6327397
3/18/24 10:00,0.9678744,1.060239
3/18/24 11:00,0.9349301,1.021072
3/18/24 12:00,0.9973284,1.091615
3/18/24 13:00,0.7164117,0.7690341
3/18/24 14:00,0.5882874,0.6298448
3/18/24 15:00,0.4668798,0.5065926
3/18/24 16:00,0.2566425,0.2780241
3/18/24 17:00,0.08873448,0.1091328
3/18/24 18:00,0,0
3/18/24 19:00,0,0
3/18/24 20:00,0,0
3/18/24 21:00,0,0
3/18/24 22:00,0,0
3/18/24 23:00,0,0
3/19/24 0:00,0,0
3/19/24 1:00,0,0
3/19/24 2:00,0,0
3/19/24 3:00,0,0
3/19/24 4:00,0,0
3/19/24 5:00,0.001533929,0
3/19/24 6:00,0.09079624,0.09318403
3/19/24 7:00,0.2111521,0.2120245
3/19/24 8:00,0.5119414,0.5510553
3/19/24 9:00,0.5373697,0.5585173
3/19/24 10:00,0.8337753,0.9049532
3/19/24 11:00,0.6117309,0.6279902
3/19/24 12:00,0.9010676,0.9798189
3/19/24 13:00,0.6931673,0.7382488
3/19/24 14:00,0.5006566,0.5198831
3/19/24 15:00,0.4944667,0.537963
3/19/24 16:00,0.2865475,0.3136882
3/19/24 17:00,0.08285187,0.09839518
3/19/24 18:00,0,0
3/19/24 19:00,0,0
3/19/24 20:00,0,0
3/19/24 21:00,0,0
3/19/24 22:00,0,0
3/19/24 23:00,0,0
3/20/24 0:00,0,0
3/20/24 1:00,0,0
3/20/24 2:00,0,0
3/20/24 3:00,0,0
3/20/24 4:00,0,0
3/20/24 5:00,0.001829538,0
3/20/24 6:00,0.145994,0.1616347
3/20/24 7:00,0.3872276,0.4232917
3/20/24 8:00,0.6235364,0.6802484
3/20/24 9:00,0.8625131,0.9403333
3/20/24 10:00,1.045167,1.139267
3/20/24 11:00,0.9548009,1.037907
3/20/24 12:00,0.927489,1.007455
3/20/24 13:00,0.7943926,0.8587145
3/20/24 14:00,0.6464527,0.696721
3/20/24 15:00,0.4739644,0.5106814
3/20/24 16:00,0.2827278,0.3065738
3/20/24 17:00,0.08371698,0.09631433
3/20/24 18:00,0,0
3/20/24 19:00,0,0
3/20/24 20:00,0,0
3/20/24 21:00,0,0
3/20/24 22:00,0,0
3/20/24 23:00,0,0
3/21/24 0:00,0,0
3/21/24 1:00,0,0
3/21/24 2:00,0,0
3/21/24 3:00,0,0
3/21/24 4:00,0,0
3/21/24 5:00,0.001483972,0
3/21/24 6:00,0.03186807,0.03102473
3/21/24 7:00,0.1589547,0.1558163
3/21/24 8:00,0.4444382,0.4638425
3/21/24 9:00,0.5652749,0.5893189
3/21/24 10:00,0.7633752,0.8155671
3/21/24 11:00,0.8623456,0.9280002
3/21/24 12:00,0.9932553,1.078049
3/21/24 13:00,0.9329281,1.013052
3/21/24 14:00,0.5012667,0.5181807
3/21/24 15:00,0.4173352,0.4393381
3/21/24 16:00,0.2398103,0.2515933
3/21/24 17:00,0.05095473,0.05220141
3/21/24 18:00,0,0
3/21/24 19:00,0,0
3/21/24 20:00,0,0
3/21/24 21:00,0,0
3/21/24 22:00,0,0
3/21/24 23:00,0,0
3/22/24 0:00,0,0
3/22/24 1:00,0,0
3/22/24 2:00,0,0
3/22/24 3:00,0,0
3/22/24 4:00,0,0
3/22/24 5:00,0.003962554,0
3/22/24 6:00,0.1486897,0.1592895
3/22/24 7:00,0.3383337,0.3596471
3/22/24 8:00,0.5638488,0.6058134
3/22/24 9:00,0.4780741,0.4848693
3/22/24 10:00,0.4703727,0.4688482
3/22/24 11:00,0.7211842,0.7555664
3/22/24 12:00,0.8171946,0.8729414
3/22/24 13:00,0.7890033,0.8472584
3/22/24 14:00,0.7106137,0.7669296
3/22/24 15:00,0.5184081,0.558531
3/22/24 16:00,0.2433407,0.2543717
3/22/24 17:00,0.04794014,0.04809463
3/22/24 18:00,0,0
3/22/24 19:00,0,0
3/22/24 20:00,0,0
3/22/24 21:00,0,0
3/22/24 22:00,0,0
3/22/24 23:00,0,0
3/23/24 0:00,0,0
3/23/24 1:00,0,0
3/23/24 2:00,0,0
3/23/24 3:00,0,0
3/23/24 4:00,0,0
3/23/24 5:00,0.003900789,0
3/23/24 6:00,0.09515404,0.09501819
3/23/24 7:00,0.3618993,0.3852727
3/23/24 8:00,0.4495435,0.4666874
3/23/24 9:00,0.6294749,0.6633486
3/23/24 10:00,0.8389462,0.9001923
3/23/24 11:00,0.9169281,0.9863032
3/23/24 12:00,0.9877764,1.066131
3/23/24 13:00,0.941958,1.016825
3/23/24 14:00,0.8243002,0.8896841
3/23/24 15:00,0.6031947,0.6500945
3/23/24 16:00,0.2931002,0.3119308
3/23/24 17:00,0.06258501,0.06378203
3/23/24 18:00,0,0
3/23/24 19:00,0,0
3/23/24 20:00,0,0
3/23/24 21:00,0,0
3/23/24 22:00,0,0
3/23/24 23:00,0,0
3/24/24 0:00,0,0
3/24/24 1:00,0,0
3/24/24 2:00,0,0
3/24/24 3:00,0,0
3/24/24 4:00,0,0
3/24/24 5:00,0.004484386,0
3/24/24 6:00,0.1635362,0.1710952
3/24/24 7:00,0.4194314,0.4480053
3/24/24 8:00,0.5936314,0.6348309
3/24/24 9:00,0.803036,0.8628898
3/24/24 10:00,0.9783276,1.053148
3/24/24 11:00,1.069026,1.151558
3/24/24 12:00,1.000963,1.077531
3/24/24 13:00,0.9598252,1.033222
3/24/24 14:00,0.7721293,0.8298351
3/24/24 15:00,0.5750636,0.6165363
3/24/24 16:00,0.2247688,0.2297566
3/24/24 17:00,0.06003181,0.05981467
3/24/24 18:00,0,0
3/24/24 19:00,0,0
3/24/24 20:00,0,0
3/24/24 21:00,0,0
3/24/24 22:00,0,0
3/24/24 23:00,0,0
3/25/24 0:00,0,0
3/25/24 1:00,0,0
3/25/24 2:00,0,0
3/25/24 3:00,0,0
3/25/24 4:00,0,0
3/25/24 5:00,0.004753616,0
3/25/24 6:00,0.1394846,0.142102
3/25/24 7:00,0.3788527,0.3998017
3/25/24 8:00,0.5274476,0.5555139
3/25/24 9:00,0.7413315,0.7905447
3/25/24 10:00,0.951731,1.021296
3/25/24 11:00,0.94066,1.007758
3/25/24 12:00,0.6707841,0.6920092
3/25/24 13:00,0.8749937,0.9376332
3/25/24 14:00,0.7233976,0.7732143
3/25/24 15:00,0.5540445,0.5906615
3/25/24 16:00,0.2802826,0.2926197
3/25/24 17:00,0.04709559,0.04596771
3/25/24 18:00,0,0
3/25/24 19:00,0,0
3/25/24 20:00,0,0
3/25/24 21:00,0,0
3/25/24 22:00,0,0
3/25/24 23:00,0,0
3/26/24 0:00,0,0
3/26/24 1:00,0,0
3/26/24 2:00,0,0
3/26/24 3:00,0,0
3/26/24 4:00,0,0
3/26/24 5:00,0.005287139,0
3/26/24 6:00,0.1673673,0.1703767
3/26/24 7:00,0.3483564,0.3624848
3/26/24 8:00,0.6588183,0.7013643
3/26/24 9:00,0.8685572,0.9282432
3/26/24 10:00,0.7690547,0.8109789
3/26/24 11:00,0.8013517,0.8439874
3/26/24 12:00,0.7213745,0.7504534
3/26/24 13:00,0.727004,0.7649523
3/26/24 14:00,0.7386343,0.7874113
3/26/24 15:00,0.5967808,0.6340365
3/26/24 16:00,0.2697849,0.2786556
3/26/24 17:00,0.06088245,0.05876197
3/26/24 18:00,0,0
3/26/24 19:00,0,0
3/26/24 20:00,0,0
3/26/24 21:00,0,0
3/26/24 22:00,0,0
3/26/24 23:00,0,0
3/27/24 0:00,0,0
3/27/24 1:00,0,0
3/27/24 2:00,0,0
3/27/24 3:00,0,0
3/27/24 4:00,0,0
3/27/24 5:00,0.003998322,0
3/27/24 6:00,0.132762,0.1319741
3/27/24 7:00,0.3795904,0.3956903
3/27/24 8:00,0.6292081,0.6663298
3/27/24 9:00,0.8932372,0.9517857
3/27/24 10:00,0.8956774,0.9539315
3/27/24 11:00,0.8577428,0.9077885
3/27/24 12:00,0.6155643,0.6254911
3/27/24 13:00,0.825896,0.8771656
3/27/24 14:00,0.7889383,0.8391495
3/27/24 15:00,0.508982,0.5351318
3/27/24 16:00,0.2417157,0.2454079
3/27/24 17:00,0.05211847,0.05003563
3/27/24 18:00,0,0
3/27/24 19:00,0,0
3/27/24 20:00,0,0
3/27/24 21:00,0,0
3/27/24 22:00,0,0
3/27/24 23:00,0,0
3/28/24 0:00,0,0
3/28/24 1:00,0,0
3/28/24 2:00,0,0
3/28/24 3:00,0,0
3/28/24 4:00,0,0
3/28/24 5:00,0.006986241,0
3/28/24 6:00,0.1276485,0.1256847
3/28/24 7:00,0.3722481,0.3851644
3/28/24 8:00,0.4645279,0.4764174
3/28/24 9:00,0.7405294,0.7818696
3/28/24 10:00,0.6923457,0.7168424
3/28/24 11:00,1.049433,1.118058
3/28/24 12:00,1.061363,1.130797
3/28/24 13:00,0.9628997,1.024268
3/28/24 14:00,0.7756979,0.8220639
3/28/24 15:00,0.4506657,0.4665898
3/28/24 16:00,0.2966079,0.3044436
3/28/24 17:00,0.06754562,0.06268424
3/28/24 18:00,0,0
3/28/24 19:00,0,0
3/28/24 20:00,0,0
3/28/24 21:00,0,0
3/28/24 22:00,0,0
3/28/24 23:00,0,0
3/29/24 0:00,0,0
3/29/24 1:00,0,0
3/29/24 2:00,0,0
3/29/24 3:00,0,0
3/29/24 4:00,0,0
3/29/24 5:00,0.005123564,0
3/29/24 6:00,0.09732086,0.09486764
3/29/24 7:00,0.3002024,0.302992
3/29/24 8:00,0.4482155,0.456369
3/29/24 9:00,0.4629103,0.4626727
3/29/24 10:00,0.8093604,0.8510712
3/29/24 11:00,0.7821065,0.8153986
3/29/24 12:00,0.9159781,0.9698728
3/29/24 13:00,0.9223441,0.9778553
3/29/24 14:00,0.6640527,0.6961576
3/29/24 15:00,0.5246505,0.5476702
3/29/24 16:00,0.3034325,0.3095632
3/29/24 17:00,0.0683586,0.06230029
3/29/24 18:00,0,0
3/29/24 19:00,0,0
3/29/24 20:00,0,0
3/29/24 21:00,0,0
3/29/24 22:00,0,0
3/29/24 23:00,0,0
3/30/24 0:00,0,0
3/30/24 1:00,0,0
3/30/24 2:00,0,0
3/30/24 3:00,0,0
3/30/24 4:00,0,0
3/30/24 5:00,0.009031771,0
3/30/24 6:00,0.02616917,0.0254189
3/30/24 7:00,0.03432443,0.03334803
3/30/24 8:00,0.06603273,0.06417537
3/30/24 9:00,0.0998877,0.09710379
3/30/24 10:00,0.3332936,0.3253349
3/30/24 11:00,0.1203319,0.116984
3/30/24 12:00,0.08726362,0.08480678
3/30/24 13:00,0.113055,0.109912
3/30/24 14:00,0.110022,0.1069783
3/30/24 15:00,0.09036072,0.08786104
3/30/24 16:00,0.08917106,0.0867302
3/30/24 17:00,0.02115379,0.02050168
3/30/24 18:00,0,0
3/30/24 19:00,0,0
3/30/24 20:00,0,0
3/30/24 21:00,0,0
3/30/24 22:00,0,0
3/30/24 23:00,0,0
3/31/24 0:00,0,0
3/31/24 1:00,0,0
3/31/24 2:00,0,0
3/31/24 3:00,0,0
3/31/24 4:00,0,0
3/31/24 5:00,0.00942081,0
3/31/24 6:00,0.1670751,0.1607998
3/31/24 7:00,0.4270744,0.4373806
3/31/24 8:00,0.6559358,0.6842846
3/31/24 9:00,0.8997423,0.946575
3/31/24 10:00,0.9728221,1.02665
3/31/24 11:00,1.04037,1.099519
3/31/24 12:00,1.039528,1.09837
3/31/24 13:00,0.7143265,0.74057
3/31/24 14:00,0.6809959,0.7105429
3/31/24 15:00,0.6200609,0.6437051
3/31/24 16:00,0.3379382,0.3406683
3/31/24 17:00,0.06317774,0.05702443
3/31/24 18:00,0,0
3/31/24 19:00,0,0
3/31/24 20:00,0,0
3/31/24 21:00,0,0
3/31/24 22:00,0,0
3/31/24 23:00,0,0
4/1/24 0:00,0,0
4/1/24 1:00,0,0
4/1/24 2:00,0,0
4/1/24 3:00,0,0
4/1/24 4:00,0,0
4/1/24 5:00,0.00962032,0
4/1/24 6:00,0.1408299,0.1353213
4/1/24 7:00,0.2526113,0.2494576
4/1/24 8:00,0.4440413,0.4480329
4/1/24 9:00,0.693166,0.7189381
4/1/24 10:00,0.7148838,0.7363797
4/1/24 11:00,0.3575962,0.3490669
4/1/24 12:00,0.6278846,0.6348229
4/1/24 13:00,0.4841317,0.4810048
4/1/24 14:00,0.3696516,0.3643647
4/1/24 15:00,0.3632858,0.3635794
4/1/24 16:00,0.268371,0.2668412
4/1/24 17:00,0.08101256,0.06715532
4/1/24 18:00,0,0
4/1/24 19:00,0,0
4/1/24 20:00,0,0
4/1/24 21:00,0,0
4/1/24 22:00,0,0
4/1/24 23:00,0,0
4/2/24 0:00,0,0
4/2/24 1:00,0,0
4/2/24 2:00,0,0
4/2/24 3:00,0,0
4/2/24 4:00,0,0
4/2/24 5:00,0.00732865,0
4/2/24 6:00,0.1467524,0.1400323
4/2/24 7:00,0.2380382,0.2339833
4/2/24 8:00,0.3463736,0.3421055
4/2/24 9:00,0.5555575,0.5618241
4/2/24 10:00,0.6821556,0.6974642
4/2/24 11:00,0.5281414,0.5241814
4/2/24 12:00,0.471107,0.4645128
4/2/24 13:00,0.3963325,0.3889739
4/2/24 14:00,0.4197852,0.4167652
4/2/24 15:00,0.4225979,0.4271272
4/2/24 16:00,0.2143393,0.2104872
4/2/24 17:00,0.05359523,0.04949305
4/2/24 18:00,0,0
4/2/24 19:00,0,0
4/2/24 20:00,0,0
4/2/24 21:00,0,0
4/2/24 22:00,0,0
4/2/24 23:00,0,0
4/3/24 0:00,0,0
4/3/24 1:00,0,0
4/3/24 2:00,0,0
4/3/24 3:00,0,0
4/3/24 4:00,0,0
4/3/24 5:00,0.01469412,0
4/3/24 6:00,0.1028186,0.09931495
4/3/24 7:00,0.3209545,0.3193249
4/3/24 8:00,0.6018108,0.6186043
4/3/24 9:00,0.4884707,0.4872555
4/3/24 10:00,0.581017,0.5830509
4/3/24 11:00,0.3308212,0.3224538
4/3/24 12:00,0.2833726,0.2759104
4/3/24 13:00,0.4488518,0.4429963
4/3/24 14:00,0.3097909,0.3029263
4/3/24 15:00,0.3566058,0.354835
4/3/24 16:00,0.2015277,0.1970469
4/3/24 17:00,0.07702477,0.06277116
4/3/24 18:00,0,0
4/3/24 19:00,0,0
4/3/24 20:00,0,0
4/3/24 21:00,0,0
4/3/24 22:00,0,0
4/3/24 23:00,0,0
4/4/24 0:00,0,0
4/4/24 1:00,0,0
4/4/24 2:00,0,0
4/4/24 3:00,0,0
4/4/24 4:00,0,0
4/4/24 5:00,0.01137536,0
4/4/24 6:00,0.132097,0.1259574
4/4/24 7:00,0.2804376,0.2764048
4/4/24 8:00,0.5016279,0.5074604
4/4/24 9:00,0.5073971,0.5070269
4/4/24 10:00,0.6120024,0.6163681
4/4/24 11:00,0.8961746,0.9325761
4/4/24 12:00,0.8932506,0.9297633
4/4/24 13:00,0.9464501,0.9862692
4/4/24 14:00,0.6088782,0.6221571
4/4/24 15:00,0.4585451,0.462928
4/4/24 16:00,0.2103332,0.2051927
4/4/24 17:00,0.06807263,0.05780979
4/4/24 18:00,0,0
4/4/24 19:00,0,0
4/4/24 20:00,0,0
4/4/24 21:00,0,0
4/4/24 22:00,0,0
4/4/24 23:00,0,0
4/5/24 0:00,0,0
4/5/24 1:00,0,0
4/5/24 2:00,0,0
4/5/24 3:00,0,0
4/5/24 4:00,0,0
4/5/24 5:00,0.01100724,0
4/5/24 6:00,0.1249108,0.1193039
4/5/24 7:00,0.2751924,0.2704271
4/5/24 8:00,0.6151634,0.6282898
4/5/24 9:00,0.7120836,0.7317135
4/5/24 10:00,0.9653716,1.004942
4/5/24 11:00,0.8964213,0.9305494
4/5/24 12:00,0.6314564,0.6352273
4/5/24 13:00,0.5502996,0.5501444
4/5/24 14:00,0.3846018,0.3787575
4/5/24 15:00,0.3077308,0.3027393
4/5/24 16:00,0.2041956,0.1986308
4/5/24 17:00,0.0453159,0.04272771
4/5/24 18:00,0,0
4/5/24 19:00,0,0
4/5/24 20:00,0,0
4/5/24 21:00,0,0
4/5/24 22:00,0,0
4/5/24 23:00,0,0
4/6/24 0:00,0,0
4/6/24 1:00,0,0
4/6/24 2:00,0,0
4/6/24 3:00,0,0
4/6/24 4:00,0,0
4/6/24 5:00,0.01321565,0
4/6/24 6:00,0.05375162,0.05214468
4/6/24 7:00,0.2475709,0.2421625
4/6/24 8:00,0.2309271,0.2249001
4/6/24 9:00,0.2967215,0.2892393
4/6/24 10:00,0.5422403,0.5390567
4/6/24 11:00,0.8134356,0.8362753
4/6/24 12:00,0.7236407,0.7366229
4/6/24 13:00,0.261849,0.2548738
4/6/24 14:00,0.4263592,0.4218658
4/6/24 15:00,0.354769,0.3507596
4/6/24 16:00,0.1390677,0.1351164
4/6/24 17:00,0.03492563,0.03356609
4/6/24 18:00,0,0
4/6/24 19:00,0,0
4/6/24 20:00,0,0
4/6/24 21:00,0,0
4/6/24 22:00,0,0
4/6/24 23:00,0,0
4/7/24 0:00,0,0
4/7/24 1:00,0,0
4/7/24 2:00,0,0
4/7/24 3:00,0,0
4/7/24 4:00,0,0
4/7/24 5:00,0.0189615,0
4/7/24 6:00,0.1596104,0.1481493
4/7/24 7:00,0.2689659,0.263117
4/7/24 8:00,0.5541694,0.5592269
4/7/24 9:00,0.7786227,0.7995119
4/7/24 10:00,0.9059433,0.9365939
4/7/24 11:00,0.8662663,0.8929433
4/7/24 12:00,1.026968,1.065199
4/7/24 13:00,0.947327,0.9787959
4/7/24 14:00,0.673775,0.6869835
4/7/24 15:00,0.4116295,0.409002
4/7/24 16:00,0.2335331,0.22537
4/7/24 17:00,0.04849924,0.04517047
4/7/24 18:00,0,0
4/7/24 19:00,0,0
4/7/24 20:00,0,0
4/7/24 21:00,0,0
4/7/24 22:00,0,0
4/7/24 23:00,0,0
4/8/24 0:00,0,0
4/8/24 1:00,0,0
4/8/24 2:00,0,0
4/8/24 3:00,0,0
4/8/24 4:00,0,0
4/8/24 5:00,0.01987437,0
4/8/24 6:00,0.1012805,0.09755513
4/8/24 7:00,0.3225516,0.3158092
4/8/24 8:00,0.4000756,0.3951296
4/8/24 9:00,0.4915746,0.4874817
4/8/24 10:00,0.8386084,0.8615602
4/8/24 11:00,0.8818519,0.907932
4/8/24 12:00,1.037275,1.073201
4/8/24 13:00,0.8607267,0.8853401
4/8/24 14:00,0.5548617,0.5572318
4/8/24 15:00,0.5058266,0.5049008
4/8/24 16:00,0.2246888,0.2163242
4/8/24 17:00,0.07125326,0.0575245
4/8/24 18:00,0,0
4/8/24 19:00,0,0
4/8/24 20:00,0,0
4/8/24 21:00,0,0
4/8/24 22:00,0,0
4/8/24 23:00,0,0
4/9/24 0:00,0,0
4/9/24 1:00,0,0
4/9/24 2:00,0,0
4/9/24 3:00,0,0
4/9/24 4:00,0,0
4/9/24 5:00,0.01519401,0
4/9/24 6:00,0.1029537,0.09907526
4/9/24 7:00,0.2632168,0.2565891
4/9/24 8:00,0.4476712,0.4439413
4/9/24 9:00,0.4145297,0.4071022
4/9/24 10:00,0.5000518,0.4932858
4/9/24 11:00,0.4451636,0.4361837
4/9/24 12:00,0.7394096,0.7499591
4/9/24 13:00,0.8304698,0.850762
4/9/24 14:00,0.6735438,0.6825273
4/9/24 15:00,0.2632721,0.2569279
4/9/24 16:00,0.2567812,0.2448565
4/9/24 17:00,0.03960118,0.03777213
4/9/24 18:00,0,0
4/9/24 19:00,0,0
4/9/24 20:00,0,0
4/9/24 21:00,0,0
4/9/24 22:00,0,0
4/9/24 23:00,0,0
4/10/24 0:00,0,0
4/10/24 1:00,0,0
4/10/24 2:00,0,0
4/10/24 3:00,0,0
4/10/24 4:00,0,0
4/10/24 5:00,0.02396138,0
4/10/24 6:00,0.2209424,0.1930961
4/10/24 7:00,0.4529046,0.4406817
4/10/24 8:00,0.5707972,0.5713918
4/10/24 9:00,0.8069875,0.8225093
4/10/24 10:00,0.9308945,0.9557333
4/10/24 11:00,0.898267,0.9214699
4/10/24 12:00,0.8386973,0.8571217
4/10/24 13:00,0.7322559,0.7429931
4/10/24 14:00,0.5900067,0.5920847
4/10/24 15:00,0.6035515,0.5985838
4/10/24 16:00,0.3946489,0.3686257
4/10/24 17:00,0.11312,0.06833345
4/10/24 18:00,0,0
4/10/24 19:00,0,0
4/10/24 20:00,0,0
4/10/24 21:00,0,0
4/10/24 22:00,0,0
4/10/24 23:00,0,0
4/11/24 0:00,0,0
4/11/24 1:00,0,0
4/11/24 2:00,0,0
4/11/24 3:00,0,0
4/11/24 4:00,0,0
4/11/24 5:00,0.02642923,0
4/11/24 6:00,0.1934059,0.1716974
4/11/24 7:00,0.4100456,0.397433
4/11/24 8:00,0.7565179,0.758458
4/11/24 9:00,0.8366299,0.8509773
4/11/24 10:00,0.810457,0.8250138
4/11/24 11:00,0.8657802,0.8843009
4/11/24 12:00,0.6404977,0.6399928
4/11/24 13:00,0.5514403,0.5473948
4/11/24 14:00,0.6727894,0.6776282
4/11/24 15:00,0.5891715,0.5817248
4/11/24 16:00,0.369479,0.3426906
4/11/24 17:00,0.1173694,0.06867111
4/11/24 18:00,0,0
4/11/24 19:00,0,0
4/11/24 20:00,0,0
4/11/24 21:00,0,0
4/11/24 22:00,0,0
4/11/24 23:00,0,0
4/12/24 0:00,0,0
4/12/24 1:00,0,0
4/12/24 2:00,0,0
4/12/24 3:00,0,0
4/12/24 4:00,0,0
4/12/24 5:00,0.03619425,0.001890124
4/12/24 6:00,0.2222403,0.1917394
4/12/24 7:00,0.4935975,0.4756166
4/12/24 8:00,0.3913528,0.384128
4/12/24 9:00,0.5178293,0.5126107
4/12/24 10:00,0.1612033,0.156711
4/12/24 11:00,0.5733369,0.5675098
4/12/24 12:00,0.8438914,0.8589004
4/12/24 13:00,0.8576977,0.8726374
4/12/24 14:00,0.3937497,0.3860942
4/12/24 15:00,0.2668227,0.2599493
4/12/24 16:00,0.1967128,0.1886174
4/12/24 17:00,0.06331039,0.05397466
4/12/24 18:00,0,0
4/12/24 19:00,0,0
4/12/24 20:00,0,0
4/12/24 21:00,0,0
4/12/24 22:00,0,0
4/12/24 23:00,0,0
4/13/24 0:00,0,0
4/13/24 1:00,0,0
4/13/24 2:00,0,0
4/13/24 3:00,0,0
4/13/24 4:00,0,0
4/13/24 5:00,0.025205,0.00927454
4/13/24 6:00,0.2121372,0.1835656
4/13/24 7:00,0.4284131,0.4115801
4/13/24 8:00,0.6944241,0.6912344
4/13/24 9:00,0.9274654,0.9387571
4/13/24 10:00,1.023793,1.044266
4/13/24 11:00,1.02745,1.050694
4/13/24 12:00,0.9242989,0.9424472
4/13/24 13:00,0.7917467,0.8011271
4/13/24 14:00,0.6720121,0.6728223
4/13/24 15:00,0.487379,0.4768366
4/13/24 16:00,0.324831,0.2982178
4/13/24 17:00,0.1045624,0.06020866
4/13/24 18:00,0,0
4/13/24 19:00,0,0
4/13/24 20:00,0,0
4/13/24 21:00,0,0
4/13/24 22:00,0,0
4/13/24 23:00,0,0
4/14/24 0:00,0,0
4/14/24 1:00,0,0
4/14/24 2:00,0,0
4/14/24 3:00,0,0
4/14/24 4:00,0,0
4/14/24 5:00,0.02146193,0.01381983
4/14/24 6:00,0.1902356,0.1680363
4/14/24 7:00,0.2996672,0.2896157
4/14/24 8:00,0.6496935,0.6441702
4/14/24 9:00,0.8477172,0.8551966
4/14/24 10:00,0.9514642,0.9674899
4/14/24 11:00,0.7944977,0.8020951
4/14/24 12:00,0.733182,0.7365398
4/14/24 13:00,0.6852499,0.6865359
4/14/24 14:00,0.6664214,0.6651251
4/14/24 15:00,0.5811708,0.5663954
4/14/24 16:00,0.3270135,0.298119
4/14/24 17:00,0.08394654,0.05798711
4/14/24 18:00,0,0
4/14/24 19:00,0,0
4/14/24 20:00,0,0
4/14/24 21:00,0,0
4/14/24 22:00,0,0
4/14/24 23:00,0,0
4/15/24 0:00,0,0
4/15/24 1:00,0,0
4/15/24 2:00,0,0
4/15/24 3:00,0,0
4/15/24 4:00,0,0
4/15/24 5:00,0.03046977,0.007862499
4/15/24 6:00,0.2309838,0.1949808
4/15/24 7:00,0.4867049,0.4626077
4/15/24 8:00,0.6907073,0.6829273
4/15/24 9:00,0.6749861,0.6743067
4/15/24 10:00,0.8643842,0.8745438
4/15/24 11:00,0.8433288,0.8527421
4/15/24 12:00,0.8684179,0.8792543
4/15/24 13:00,0.6726339,0.6719109
4/15/24 14:00,0.737151,0.7350253
4/15/24 15:00,0.4800998,0.4663479
4/15/24 16:00,0.2434068,0.2276199
4/15/24 17:00,0.06694654,0.05535524
4/15/24 18:00,0,0
4/15/24 19:00,0,0
4/15/24 20:00,0,0
4/15/24 21:00,0,0
4/15/24 22:00,0,0
4/15/24 23:00,0,0
4/16/24 0:00,0,0
4/16/24 1:00,0,0
4/16/24 2:00,0,0
4/16/24 3:00,0,0
4/16/24 4:00,0,0
4/16/24 5:00,0.03096951,0.009404134
4/16/24 6:00,0.2053191,0.1772166
4/16/24 7:00,0.4044983,0.3849136
4/16/24 8:00,0.5163859,0.5071722
4/16/24 9:00,0.8133801,0.8155918
4/16/24 10:00,0.701162,0.7003986
4/16/24 11:00,0.8603824,0.8690717
4/16/24 12:00,1.014312,1.028618
4/16/24 13:00,0.9025586,0.9094974
4/16/24 14:00,0.7964411,0.7920796
4/16/24 15:00,0.5400233,0.5220725
4/16/24 16:00,0.2238367,0.2106416
4/16/24 17:00,0.0828037,0.05764202
4/16/24 18:00,0,0
4/16/24 19:00,0,0
4/16/24 20:00,0,0
4/16/24 21:00,0,0
4/16/24 22:00,0,0
4/16/24 23:00,0,0
4/17/24 0:00,0,0
4/17/24 1:00,0,0
4/17/24 2:00,0,0
4/17/24 3:00,0,0
4/17/24 4:00,0,0
4/17/24 5:00,0.02273785,0.01674645
4/17/24 6:00,0.1429598,0.1335851
4/17/24 7:00,0.345732,0.3305101
4/17/24 8:00,0.6431559,0.6316076
4/17/24 9:00,0.7910995,0.7907494
4/17/24 10:00,0.7742962,0.7762257
4/17/24 11:00,1.065472,1.079488
4/17/24 12:00,0.7409214,0.7410127
4/17/24 13:00,0.6567276,0.6528916
4/17/24 14:00,0.4038511,0.3947879
4/17/24 15:00,0.2955689,0.2869973
4/17/24 16:00,0.2065733,0.1955576
4/17/24 17:00,0.07807311,0.05751978
4/17/24 18:00,0,0
4/17/24 19:00,0,0
4/17/24 20:00,0,0
4/17/24 21:00,0,0
4/17/24 22:00,0,0
4/17/24 23:00,0,0
4/18/24 0:00,0,0
4/18/24 1:00,0,0
4/18/24 2:00,0,0
4/18/24 3:00,0,0
4/18/24 4:00,0,0
4/18/24 5:00,0.02182663,0.0175347
4/18/24 6:00,0.09128097,0.08813448
4/18/24 7:00,0.09992897,0.0970233
4/18/24 8:00,0.2344156,0.2278794
4/18/24 9:00,0.340988,0.3321787
4/18/24 10:00,0.1900537,0.1847471
4/18/24 11:00,0.1696423,0.1648869
4/18/24 12:00,0.2513601,0.2444287
4/18/24 13:00,0.1712342,0.1664328
4/18/24 14:00,0.2217047,0.2155171
4/18/24 15:00,0.2729377,0.2649443
4/18/24 16:00,0.1867767,0.1780762
4/18/24 17:00,0.02438679,0.02348528
4/18/24 18:00,0,0
4/18/24 19:00,0,0
4/18/24 20:00,0,0
4/18/24 21:00,0,0
4/18/24 22:00,0,0
4/18/24 23:00,0,0
4/19/24 0:00,0,0
4/19/24 1:00,0,0
4/19/24 2:00,0,0
4/19/24 3:00,0,0
4/19/24 4:00,0,0
4/19/24 5:00,0.02514741,0.01833881
4/19/24 6:00,0.2424239,0.1991419
4/19/24 7:00,0.533644,0.4980785
4/19/24 8:00,0.7355518,0.7179779
4/19/24 9:00,0.8812653,0.8773969
4/19/24 10:00,1.03945,1.044823
4/19/24 11:00,1.024036,1.03252
4/19/24 12:00,1.059829,1.067296
4/19/24 13:00,1.032008,1.032384
4/19/24 14:00,0.8278852,0.815695
4/19/24 15:00,0.6374808,0.6081719
4/19/24 16:00,0.3164123,0.2805255
4/19/24 17:00,0.08227957,0.05766881
4/19/24 18:00,3.63346E-07,0
4/19/24 19:00,0,0
4/19/24 20:00,0,0
4/19/24 21:00,0,0
4/19/24 22:00,0,0
4/19/24 23:00,0,0
4/20/24 0:00,0,0
4/20/24 1:00,0,0
4/20/24 2:00,0,0
4/20/24 3:00,0,0
4/20/24 4:00,0,0
4/20/24 5:00,0.04675919,0.003691828
4/20/24 6:00,0.2154679,0.1819762
4/20/24 7:00,0.3250209,0.3100052
4/20/24 8:00,0.4785571,0.4660496
4/20/24 9:00,0.9634759,0.9569131
4/20/24 10:00,1.034173,1.03704
4/20/24 11:00,0.8338105,0.8343775
4/20/24 12:00,0.9130789,0.9157947
4/20/24 13:00,0.9273488,0.9250192
4/20/24 14:00,0.414929,0.40486
4/20/24 15:00,0.5335753,0.5079138
4/20/24 16:00,0.3155077,0.2782362
4/20/24 17:00,0.08233665,0.05778038
4/20/24 18:00,5.78721E-06,0
4/20/24 19:00,0,0
4/20/24 20:00,0,0
4/20/24 21:00,0,0
4/20/24 22:00,0,0
4/20/24 23:00,0,0
4/21/24 0:00,0,0
4/21/24 1:00,0,0
4/21/24 2:00,0,0
4/21/24 3:00,0,0
4/21/24 4:00,0,0
4/21/24 5:00,0.03443989,0.01615291
4/21/24 6:00,0.1076238,0.1033598
4/21/24 7:00,0.1751948,0.1699294
4/21/24 8:00,0.1977656,0.1921486
4/21/24 9:00,0.6373664,0.6279802
4/21/24 10:00,0.9441898,0.944089
4/21/24 11:00,0.8437709,0.8431332
4/21/24 12:00,0.6596271,0.6521006
4/21/24 13:00,0.7291682,0.7224579
4/21/24 14:00,0.6073731,0.5942371
4/21/24 15:00,0.3762696,0.3618156
4/21/24 16:00,0.282943,0.2527024
4/21/24 17:00,0.08867691,0.05721018
4/21/24 18:00,1.96976E-05,0
4/21/24 19:00,0,0
4/21/24 20:00,0,0
4/21/24 21:00,0,0
4/21/24 22:00,0,0
4/21/24 23:00,0,0
4/22/24 0:00,0,0
4/22/24 1:00,0,0
4/22/24 2:00,0,0
4/22/24 3:00,0,0
4/22/24 4:00,0,0
4/22/24 5:00,0.04010405,0.01265583
4/22/24 6:00,0.1513468,0.1402503
4/22/24 7:00,0.3218026,0.3062084
4/22/24 8:00,0.7163979,0.6928118
4/22/24 9:00,0.9014516,0.8905932
4/22/24 10:00,1.007671,1.0057
4/22/24 11:00,0.8542755,0.8523707
4/22/24 12:00,1.027407,1.027366
4/22/24 13:00,0.9194217,0.9124464
4/22/24 14:00,0.7811729,0.7626522
4/22/24 15:00,0.4868905,0.4616485
4/22/24 16:00,0.270463,0.2426431
4/22/24 17:00,0.1117488,0.05294434
4/22/24 18:00,4.59378E-05,0
4/22/24 19:00,0,0
4/22/24 20:00,0,0
4/22/24 21:00,0,0
4/22/24 22:00,0,0
4/22/24 23:00,0,0
4/23/24 0:00,0,0
4/23/24 1:00,0,0
4/23/24 2:00,0,0
4/23/24 3:00,0,0
4/23/24 4:00,0,0
4/23/24 5:00,0.03819881,0.01665297
4/23/24 6:00,0.2838129,0.2231788
4/23/24 7:00,0.513154,0.471269
4/23/24 8:00,0.739158,0.7126127
4/23/24 9:00,0.8750744,0.8623027
4/23/24 10:00,1.021341,1.017039
4/23/24 11:00,1.040714,1.040073
4/23/24 12:00,0.9824379,0.9799196
4/23/24 13:00,0.8649826,0.8559496
4/23/24 14:00,0.8307414,0.808615
4/23/24 15:00,0.6509058,0.6108656
4/23/24 16:00,0.4170363,0.3548698
4/23/24 17:00,0.1364779,0.05642907
4/23/24 18:00,6.70731E-05,0
4/23/24 19:00,0,0
4/23/24 20:00,0,0
4/23/24 21:00,0,0
4/23/24 22:00,0,0
4/23/24 23:00,0,0
4/24/24 0:00,0,0
4/24/24 1:00,0,0
4/24/24 2:00,0,0
4/24/24 3:00,0,0
4/24/24 4:00,0,0
4/24/24 5:00,0.032531,0.0220223
4/24/24 6:00,0.2363872,0.1924393
4/24/24 7:00,0.401747,0.3735619
4/24/24 8:00,0.6841921,0.6579328
4/24/24 9:00,0.8881835,0.8730627
4/24/24 10:00,0.8923684,0.8856682
4/24/24 11:00,1.013182,1.0102
4/24/24 12:00,1.055338,1.050589
4/24/24 13:00,0.9556532,0.9437829
4/24/24 14:00,0.7770107,0.754128
4/24/24 15:00,0.5741716,0.5373046
4/24/24 16:00,0.3244153,0.2786932
4/24/24 17:00,0.1020367,0.05436334
4/24/24 18:00,7.06793E-05,0
4/24/24 19:00,0,0
4/24/24 20:00,0,0
4/24/24 21:00,0,0
4/24/24 22:00,0,0
4/24/24 23:00,0,0
4/25/24 0:00,0,0
4/25/24 1:00,0,0
4/25/24 2:00,0,0
4/25/24 3:00,0,0
4/25/24 4:00,0,0
4/25/24 5:00,0.05114659,0.008021408
4/25/24 6:00,0.2405819,0.1943227
4/25/24 7:00,0.4437222,0.4077346
4/25/24 8:00,0.417231,0.4041727
4/25/24 9:00,0.3935424,0.3832059
4/25/24 10:00,0.5397297,0.5282052
4/25/24 11:00,0.7431658,0.7343192
4/25/24 12:00,0.8586633,0.8510792
4/25/24 13:00,0.5999585,0.5878353
4/25/24 14:00,0.6339908,0.6144709
4/25/24 15:00,0.3904124,0.3720107
4/25/24 16:00,0.1681727,0.1606424
4/25/24 17:00,0.03921474,0.03745749
4/25/24 18:00,3.6206E-05,0
4/25/24 19:00,0,0
4/25/24 20:00,0,0
4/25/24 21:00,0,0
4/25/24 22:00,0,0
4/25/24 23:00,0,0
4/26/24 0:00,0,0
4/26/24 1:00,0,0
4/26/24 2:00,0,0
4/26/24 3:00,0,0
4/26/24 4:00,0,0
4/26/24 5:00,0.03766859,0.02235008
4/26/24 6:00,0.2260513,0.1862475
4/26/24 7:00,0.438796,0.4023873
4/26/24 8:00,0.568581,0.5459626
4/26/24 9:00,0.8015326,0.7839512
4/26/24 10:00,1.050511,1.039118
4/26/24 11:00,1.072499,1.064974
4/26/24 12:00,1.038684,1.029402
4/26/24 13:00,0.9247165,0.9087617
4/26/24 14:00,0.7884274,0.7607743
4/26/24 15:00,0.6282586,0.5828323
4/26/24 16:00,0.3005556,0.2594285
4/26/24 17:00,0.1019006,0.05465287
4/26/24 18:00,0.000198316,0
4/26/24 19:00,0,0
4/26/24 20:00,0,0
4/26/24 21:00,0,0
4/26/24 22:00,0,0
4/26/24 23:00,0,0
4/27/24 0:00,0,0
4/27/24 1:00,0,0
4/27/24 2:00,0,0
4/27/24 3:00,0,0
4/27/24 4:00,0,0
4/27/24 5:00,0.02990615,0.02470569
4/27/24 6:00,0.1304805,0.1236895
4/27/24 7:00,0.1823426,0.176668
4/27/24 8:00,0.300012,0.2912034
4/27/24 9:00,0.5773748,0.5630752
4/27/24 10:00,0.5306888,0.5185429
4/27/24 11:00,0.4527103,0.4413285
4/27/24 12:00,0.62831,0.6161773
4/27/24 13:00,0.5671023,0.5539653
4/27/24 14:00,0.4564894,0.4427371
4/27/24 15:00,0.4930628,0.4597871
4/27/24 16:00,0.3029452,0.2598945
4/27/24 17:00,0.1158971,0.05067342
4/27/24 18:00,0.000302272,0
4/27/24 19:00,0,0
4/27/24 20:00,0,0
4/27/24 21:00,0,0
4/27/24 22:00,0,0
4/27/24 23:00,0,0
4/28/24 0:00,0,0
4/28/24 1:00,0,0
4/28/24 2:00,0,0
4/28/24 3:00,0,0
4/28/24 4:00,0,0
4/28/24 5:00,0.02838377,0.02465796
4/28/24 6:00,0.2144361,0.1799526
4/28/24 7:00,0.2384056,0.2296132
4/28/24 8:00,0.212761,0.2066106
4/28/24 9:00,0.6553789,0.6383952
4/28/24 10:00,0.8629059,0.849104
4/28/24 11:00,0.9471682,0.9359965
4/28/24 12:00,1.070302,1.056193
4/28/24 13:00,0.9417245,0.9211055
4/28/24 14:00,0.8151504,0.7820663
4/28/24 15:00,0.6428493,0.5917667
4/28/24 16:00,0.3331686,0.2790013
4/28/24 17:00,0.09589565,0.05726573
4/28/24 18:00,0.000264284,0
4/28/24 19:00,0,0
4/28/24 20:00,0,0
4/28/24 21:00,0,0
4/28/24 22:00,0,0
4/28/24 23:00,0,0
4/29/24 0:00,0,0
4/29/24 1:00,0,0
4/29/24 2:00,0,0
4/29/24 3:00,0,0
4/29/24 4:00,0,0
4/29/24 5:00,0.01180783,0.01131277
4/29/24 6:00,0.1343125,0.1269881
4/29/24 7:00,0.248809,0.2391197
4/29/24 8:00,0.7123058,0.6750941
4/29/24 9:00,0.6301466,0.6129345
4/29/24 10:00,0.7914681,0.7766909
4/29/24 11:00,0.9018238,0.8890059
4/29/24 12:00,0.8158432,0.8020065
4/29/24 13:00,0.6514251,0.6354955
4/29/24 14:00,0.631251,0.6063105
4/29/24 15:00,0.2966319,0.2854484
4/29/24 16:00,0.2584755,0.2292136
4/29/24 17:00,0.07248276,0.05930105
4/29/24 18:00,0.000138942,0
4/29/24 19:00,0,0
4/29/24 20:00,0,0
4/29/24 21:00,0,0
4/29/24 22:00,0,0
4/29/24 23:00,0,0
4/30/24 0:00,0,0
4/30/24 1:00,0,0
4/30/24 2:00,0,0
4/30/24 3:00,0,0
4/30/24 4:00,0,0
4/30/24 5:00,0.05736503,0.01184011
4/30/24 6:00,0.3091796,0.2324031
4/30/24 7:00,0.4726614,0.4253316
4/30/24 8:00,0.6799932,0.6432838
4/30/24 9:00,0.8377974,0.8119555
4/30/24 10:00,1.005621,0.9861535
4/30/24 11:00,1.170638,1.152891
4/30/24 12:00,1.029686,1.01179
4/30/24 13:00,0.9750681,0.9492947
4/30/24 14:00,0.8534536,0.8141943
4/30/24 15:00,0.5871688,0.5371092
4/30/24 16:00,0.4058121,0.3306401
4/30/24 17:00,0.1179339,0.05002386
4/30/24 18:00,0.000431668,0
4/30/24 19:00,0,0
4/30/24 20:00,0,0
4/30/24 21:00,0,0
4/30/24 22:00,0,0
4/30/24 23:00,0,0
5/1/24 0:00,0,0
5/1/24 1:00,0,0
5/1/24 2:00,0,0
5/1/24 3:00,0,0
5/1/24 4:00,0,0
5/1/24 5:00,0.04528596,0.02521566
5/1/24 6:00,0.3128519,0.2337544
5/1/24 7:00,0.5691356,0.5063723
5/1/24 8:00,0.7334156,0.6911069
5/1/24 9:00,0.7886771,0.763012
5/1/24 10:00,0.9405615,0.9203937
5/1/24 11:00,1.006305,0.9888862
5/1/24 12:00,1.065705,1.045034
5/1/24 13:00,0.9244608,0.8980137
5/1/24 14:00,0.7106015,0.6772656
5/1/24 15:00,0.5693127,0.5194904
5/1/24 16:00,0.3472956,0.2844391
5/1/24 17:00,0.1413158,0.04866728
5/1/24 18:00,0.000675525,0
5/1/24 19:00,0,0
5/1/24 20:00,0,0
5/1/24 21:00,0,0
5/1/24 22:00,0,0
5/1/24 23:00,0,0
5/2/24 0:00,0,0
5/2/24 1:00,0,0
5/2/24 2:00,0,0
5/2/24 3:00,0,0
5/2/24 4:00,0,0
5/2/24 5:00,0.03783711,0.02902177
5/2/24 6:00,0.1367313,0.1291099
5/2/24 7:00,0.2321463,0.2235485
5/2/24 8:00,0.5318145,0.5062941
5/2/24 9:00,0.7603551,0.7344173
5/2/24 10:00,1.022092,0.9981784
5/2/24 11:00,0.7622066,0.746272
5/2/24 12:00,0.910886,0.8912618
5/2/24 13:00,0.8382133,0.8127528
5/2/24 14:00,0.7778689,0.73839
5/2/24 15:00,0.529072,0.4832324
5/2/24 16:00,0.3054331,0.2562841
5/2/24 17:00,0.1297647,0.04743159
5/2/24 18:00,0.000914318,0
5/2/24 19:00,0,0
5/2/24 20:00,0,0
5/2/24 21:00,0,0
5/2/24 22:00,0,0
5/2/24 23:00,0,0
5/3/24 0:00,0,0
5/3/24 1:00,0,0
5/3/24 2:00,0,0
5/3/24 3:00,0,0
5/3/24 4:00,0,0
5/3/24 5:00,0.07147583,0.006086269
5/3/24 6:00,0.162856,0.1493303
5/3/24 7:00,0.4152966,0.3766262
5/3/24 8:00,0.4212577,0.4051448
5/3/24 9:00,0.4133767,0.4015218
5/3/24 10:00,0.4602659,0.4479154
5/3/24 11:00,0.2753234,0.2675579
5/3/24 12:00,0.6147053,0.5994728
5/3/24 13:00,0.6090642,0.5912879
5/3/24 14:00,0.6885381,0.6536123
5/3/24 15:00,0.458258,0.4232335
5/3/24 16:00,0.309735,0.2579342
5/3/24 17:00,0.1048219,0.0562897
5/3/24 18:00,0.000769663,0
5/3/24 19:00,0,0
5/3/24 20:00,0,0
5/3/24 21:00,0,0
5/3/24 22:00,0,0
5/3/24 23:00,0,0
5/4/24 0:00,0,0
5/4/24 1:00,0,0
5/4/24 2:00,0,0
5/4/24 3:00,0,0
5/4/24 4:00,0,0
5/4/24 5:00,0.06135589,0.01565775
5/4/24 6:00,0.2335794,0.1885406
5/4/24 7:00,0.2686898,0.2565492
5/4/24 8:00,0.3231437,0.3128494
5/4/24 9:00,0.5077173,0.4922132
5/4/24 10:00,0.804575,0.7830744
5/4/24 11:00,0.885065,0.8646394
5/4/24 12:00,0.6375661,0.6213544
5/4/24 13:00,0.342048,0.3323632
5/4/24 14:00,0.2716826,0.2637216
5/4/24 15:00,0.2298997,0.2224181
5/4/24 16:00,0.254577,0.2242222
5/4/24 17:00,0.0289057,0.02776036
5/4/24 18:00,0.000757904,0
5/4/24 19:00,0,0
5/4/24 20:00,0,0
5/4/24 21:00,0,0
5/4/24 22:00,0,0
5/4/24 23:00,0,0
5/5/24 0:00,0,0
5/5/24 1:00,0,0
5/5/24 2:00,0,0
5/5/24 3:00,0,0
5/5/24 4:00,0,0
5/5/24 5:00,0.06667822,0.01229231
5/5/24 6:00,0.2640353,0.2019229
5/5/24 7:00,0.3841956,0.3512903
5/5/24 8:00,0.5920938,0.5570486
5/5/24 9:00,0.4998963,0.4844017
5/5/24 10:00,0.3608899,0.3507814
5/5/24 11:00,0.7222289,0.7042648
5/5/24 12:00,0.3073313,0.2986501
5/5/24 13:00,0.6895187,0.6665784
5/5/24 14:00,0.6128755,0.5821487
5/5/24 15:00,0.4312305,0.3994306
5/5/24 16:00,0.3063698,0.2541527
5/5/24 17:00,0.109995,0.05512599
5/5/24 18:00,0.001289439,0
5/5/24 19:00,0,0
5/5/24 20:00,0,0
5/5/24 21:00,0,0
5/5/24 22:00,0,0
5/5/24 23:00,0,0
5/6/24 0:00,0,0
5/6/24 1:00,0,0
5/6/24 2:00,0,0
5/6/24 3:00,0,0
5/6/24 4:00,0,0
5/6/24 5:00,0.07021237,0.01084286
5/6/24 6:00,0.1702723,0.1546264
5/6/24 7:00,0.27371,0.2607456
5/6/24 8:00,0.3910677,0.3764337
5/6/24 9:00,0.6050521,0.5835676
5/6/24 10:00,0.5213023,0.5068974
5/6/24 11:00,0.6094711,0.5935146
5/6/24 12:00,0.8184299,0.7953824
5/6/24 13:00,0.4843296,0.4700171
5/6/24 14:00,0.6061203,0.5750067
5/6/24 15:00,0.5272034,0.4759471
5/6/24 16:00,0.3047178,0.2523933
5/6/24 17:00,0.09120674,0.0627268
5/6/24 18:00,0.000645759,0
5/6/24 19:00,0,0
5/6/24 20:00,0,0
5/6/24 21:00,0,0
5/6/24 22:00,0,0
5/6/24 23:00,0,0
5/7/24 0:00,0,0
5/7/24 1:00,0,0
5/7/24 2:00,0,0
5/7/24 3:00,0,0
5/7/24 4:00,0,0
5/7/24 5:00,0.07408526,0.009295625
5/7/24 6:00,0.072585,0.07016253
5/7/24 7:00,0.414415,0.3728757
5/7/24 8:00,0.6771874,0.6297743
5/7/24 9:00,0.7503124,0.7181415
5/7/24 10:00,0.6025837,0.5853317
5/7/24 11:00,0.6263666,0.6095609
5/7/24 12:00,0.5798772,0.5638288
5/7/24 13:00,0.6674665,0.6439016
5/7/24 14:00,0.531294,0.5069811
5/7/24 15:00,0.5813206,0.5196835
5/7/24 16:00,0.3873774,0.3041629
5/7/24 17:00,0.1404561,0.04562268
5/7/24 18:00,0.001674644,0
5/7/24 19:00,0,0
5/7/24 20:00,0,0
5/7/24 21:00,0,0
5/7/24 22:00,0,0
5/7/24 23:00,0,0
5/8/24 0:00,0,0
5/8/24 1:00,0,0
5/8/24 2:00,0,0
5/8/24 3:00,0,0
5/8/24 4:00,0,0
5/8/24 5:00,0.05350719,0.02992804
5/8/24 6:00,0.1159899,0.111172
5/8/24 7:00,0.1786526,0.1729386
5/8/24 8:00,0.1248561,0.1212081
5/8/24 9:00,0.08104779,0.07870542
5/8/24 10:00,0.03668856,0.03562542
5/8/24 11:00,0.09128998,0.08866255
5/8/24 12:00,0.09077492,0.08816108
5/8/24 13:00,0.3958232,0.3843065
5/8/24 14:00,0.1904525,0.1848913
5/8/24 15:00,0.2513676,0.2424546
5/8/24 16:00,0.1273613,0.1228526
5/8/24 17:00,0.09160019,0.06384315
5/8/24 18:00,0.001868343,0
5/8/24 19:00,0,0
5/8/24 20:00,0,0
5/8/24 21:00,0,0
5/8/24 22:00,0,0
5/8/24 23:00,0,0
5/9/24 0:00,0,0
5/9/24 1:00,0,0
5/9/24 2:00,0,0
5/9/24 3:00,0,0
5/9/24 4:00,0,0
5/9/24 5:00,0.03267611,0.0298584
5/9/24 6:00,0.1868613,0.1652185
5/9/24 7:00,0.4675384,0.4108204
5/9/24 8:00,0.6886721,0.6370828
5/9/24 9:00,0.706294,0.6750562
5/9/24 10:00,0.7384223,0.7141609
5/9/24 11:00,1.066511,1.032445
5/9/24 12:00,1.033633,0.9979948
5/9/24 13:00,0.962293,0.9189699
5/9/24 14:00,0.8612973,0.8029779
5/9/24 15:00,0.6565343,0.5818901
5/9/24 16:00,0.3613141,0.2832813
5/9/24 17:00,0.130341,0.04823412
5/9/24 18:00,0.00128944,0
5/9/24 19:00,0,0
5/9/24 20:00,0,0
5/9/24 21:00,0,0
5/9/24 22:00,0,0
5/9/24 23:00,0,0
5/10/24 0:00,0,0
5/10/24 1:00,0,0
5/10/24 2:00,0,0
5/10/24 3:00,0,0
5/10/24 4:00,0,0
5/10/24 5:00,0.06506271,0.02278363
5/10/24 6:00,0.2078352,0.1764463
5/10/24 7:00,0.433807,0.3849014
5/10/24 8:00,0.7576125,0.6976158
5/10/24 9:00,0.8879068,0.8421588
5/10/24 10:00,0.9411565,0.9055064
5/10/24 11:00,0.8554695,0.8279832
5/10/24 12:00,0.9922418,0.9564368
5/10/24 13:00,0.8792048,0.8385447
5/10/24 14:00,0.7223964,0.6738297
5/10/24 15:00,0.50115,0.4502436
5/10/24 16:00,0.2514966,0.2203101
5/10/24 17:00,0.09154892,0.06506261
5/10/24 18:00,0.001264775,0
5/10/24 19:00,0,0
5/10/24 20:00,0,0
5/10/24 21:00,0,0
5/10/24 22:00,0,0
5/10/24 23:00,0,0
5/11/24 0:00,0,0
5/11/24 1:00,0,0
5/11/24 2:00,0,0
5/11/24 3:00,0,0
5/11/24 4:00,0,0
5/11/24 5:00,0.07491208,0.01443554
5/11/24 6:00,0.2747114,0.2039754
5/11/24 7:00,0.5218319,0.4505219
5/11/24 8:00,0.7570345,0.6954533
5/11/24 9:00,0.9943261,0.9407781
5/11/24 10:00,1.063117,1.020517
5/11/24 11:00,0.948402,0.9154739
5/11/24 12:00,1.061406,1.021129
5/11/24 13:00,0.9402876,0.8945329
5/11/24 14:00,0.7411939,0.6892407
5/11/24 15:00,0.5649103,0.499992
5/11/24 16:00,0.3354004,0.2655304
5/11/24 17:00,0.1052333,0.06179727
5/11/24 18:00,0.002213116,0
5/11/24 19:00,0,0
5/11/24 20:00,0,0
5/11/24 21:00,0,0
5/11/24 22:00,0,0
5/11/24 23:00,0,0
5/12/24 0:00,0,0
5/12/24 1:00,0,0
5/12/24 2:00,0,0
5/12/24 3:00,0,0
5/12/24 4:00,0,0
5/12/24 5:00,0.009894359,0.009531962
5/12/24 6:00,0.1522732,0.141852
5/12/24 7:00,0.1828897,0.1769285
5/12/24 8:00,0.3163846,0.3058339
5/12/24 9:00,0.5365695,0.5165917
5/12/24 10:00,0.496224,0.4814559
5/12/24 11:00,0.7272961,0.7038579
5/12/24 12:00,0.4517635,0.4387354
5/12/24 13:00,0.2619372,0.254364
5/12/24 14:00,0.09859117,0.09571961
5/12/24 15:00,0.1078597,0.1046316
5/12/24 16:00,0.2436766,0.2151628
5/12/24 17:00,0.07311947,0.06316597
5/12/24 18:00,0.000639384,0
5/12/24 19:00,0,0
5/12/24 20:00,0,0
5/12/24 21:00,0,0
5/12/24 22:00,0,0
5/12/24 23:00,0,0
5/13/24 0:00,0,0
5/13/24 1:00,0,0
5/13/24 2:00,0,0
5/13/24 3:00,0,0
5/13/24 4:00,0,0
5/13/24 5:00,0.07695094,0.01545984
5/13/24 6:00,0.2568326,0.1961569
5/13/24 7:00,0.3741829,0.3397642
5/13/24 8:00,0.5542855,0.5170969
5/13/24 9:00,0.8653066,0.8162982
5/13/24 10:00,0.9141303,0.8753824
5/13/24 11:00,1.10584,1.06318
5/13/24 12:00,0.9801149,0.9400012
5/13/24 13:00,0.6736041,0.6447708
5/13/24 14:00,0.6714756,0.6249283
5/13/24 15:00,0.4329376,0.3952842
5/13/24 16:00,0.220013,0.1997747
5/13/24 17:00,0.05769499,0.05381927
5/13/24 18:00,0.001348841,0
5/13/24 19:00,0,0
5/13/24 20:00,0,0
5/13/24 21:00,0,0
5/13/24 22:00,0,0
5/13/24 23:00,0,0
5/14/24 0:00,0,0
5/14/24 1:00,0,0
5/14/24 2:00,0,0
5/14/24 3:00,0,0
5/14/24 4:00,0,0
5/14/24 5:00,0.05089294,0.03703612
5/14/24 6:00,0.2346357,0.1876897
5/14/24 7:00,0.5146022,0.4410865
5/14/24 8:00,0.6141947,0.5665835
5/14/24 9:00,0.8191525,0.7723372
5/14/24 10:00,1.089114,1.040012
5/14/24 11:00,0.8017493,0.7727036
5/14/24 12:00,0.807332,0.7758381
5/14/24 13:00,0.8920715,0.8444588
5/14/24 14:00,0.8091122,0.7462848
5/14/24 15:00,0.5419297,0.477761
5/14/24 16:00,0.2677964,0.2284757
5/14/24 17:00,0.0875621,0.06747936
5/14/24 18:00,0.001997521,0
5/14/24 19:00,0,0
5/14/24 20:00,0,0
5/14/24 21:00,0,0
5/14/24 22:00,0,0
5/14/24 23:00,0,0
5/15/24 0:00,0,0
5/15/24 1:00,0,0
5/15/24 2:00,0,0
5/15/24 3:00,0,0
5/15/24 4:00,0,0
5/15/24 5:00,0.0197872,0.01890414
5/15/24 6:00,0.04512006,0.04368794
5/15/24 7:00,0.181655,0.1757087
5/15/24 8:00,0.2723326,0.2637891
5/15/24 9:00,0.3815005,0.369693
5/15/24 10:00,0.3827261,0.3716001
5/15/24 11:00,0.3433279,0.3334867
5/15/24 12:00,0.2359505,0.2291646
5/15/24 13:00,0.1424331,0.1383105
5/15/24 14:00,0.1148132,0.1114574
5/15/24 15:00,0.1422725,0.1379374
5/15/24 16:00,0.1262769,0.1217719
5/15/24 17:00,0.03063393,0.02941558
5/15/24 18:00,0.000704692,0
5/15/24 19:00,0,0
5/15/24 20:00,0,0
5/15/24 21:00,0,0
5/15/24 22:00,0,0
5/15/24 23:00,0,0
5/16/24 0:00,0,0
5/16/24 1:00,0,0
5/16/24 2:00,0,0
5/16/24 3:00,0,0
5/16/24 4:00,0,0
5/16/24 5:00,0.09406235,0.007005573
5/16/24 6:00,0.2590978,0.1960752
5/16/24 7:00,0.3691081,0.3348131
5/16/24 8:00,0.243165,0.2357501
5/16/24 9:00,0.2375656,0.2306332
5/16/24 10:00,0.3440306,0.3340684
5/16/24 11:00,0.2840412,0.2758822
5/16/24 12:00,0.4273083,0.4147685
5/16/24 13:00,0.5294921,0.5102786
5/16/24 14:00,0.332177,0.3212633
5/16/24 15:00,0.4012123,0.369438
5/16/24 16:00,0.3232603,0.2556006
5/16/24 17:00,0.05795304,0.05423909
5/16/24 18:00,0.001206782,0
5/16/24 19:00,0,0
5/16/24 20:00,0,0
5/16/24 21:00,0,0
5/16/24 22:00,0,0
5/16/24 23:00,0,0
5/17/24 0:00,0,0
5/17/24 1:00,0,0
5/17/24 2:00,0,0
5/17/24 3:00,0,0
5/17/24 4:00,0,0
5/17/24 5:00,0.02134943,0.0203775
5/17/24 6:00,0.1055085,0.1015251
5/17/24 7:00,0.2674498,0.2541873
5/17/24 8:00,0.2943916,0.2847477
5/17/24 9:00,0.7315001,0.6897298
5/17/24 10:00,0.3379932,0.3281914
5/17/24 11:00,0.5066862,0.4914014
5/17/24 12:00,0.6614059,0.6373343
5/17/24 13:00,0.9391245,0.8839428
5/17/24 14:00,0.6958042,0.6414713
5/17/24 15:00,0.3808344,0.3532005
5/17/24 16:00,0.1522138,0.1456546
5/17/24 17:00,0.03987811,0.03814787
5/17/24 18:00,0.001019681,0
5/17/24 19:00,0,0
5/17/24 20:00,0,0
5/17/24 21:00,0,0
5/17/24 22:00,0,0
5/17/24 23:00,0,0
5/18/24 0:00,0,0
5/18/24 1:00,0,0
5/18/24 2:00,0,0
5/18/24 3:00,0,0
5/18/24 4:00,0,0
5/18/24 5:00,0.03998629,0.0358812
5/18/24 6:00,0.1801762,0.1612809
5/18/24 7:00,0.397984,0.3543278
5/18/24 8:00,0.6170343,0.5650295
5/18/24 9:00,0.5945554,0.5669805
5/18/24 10:00,0.6202882,0.5975091
5/18/24 11:00,0.6394095,0.6174736
5/18/24 12:00,0.4666196,0.4524766
5/18/24 13:00,0.4584985,0.4432344
5/18/24 14:00,0.6277903,0.5825573
5/18/24 15:00,0.3852413,0.3563502
5/18/24 16:00,0.1983557,0.1839676
5/18/24 17:00,0.03809515,0.03647505
5/18/24 18:00,0.001255256,0
5/18/24 19:00,0,0
5/18/24 20:00,0,0
5/18/24 21:00,0,0
5/18/24 22:00,0,0
5/18/24 23:00,0,0
5/19/24 0:00,0,0
5/19/24 1:00,0,0
5/19/24 2:00,0,0
5/19/24 3:00,0,0
5/19/24 4:00,0,0
5/19/24 5:00,0.07971862,0.02061217
5/19/24 6:00,0.2057779,0.1751296
5/19/24 7:00,0.324548,0.3006596
5/19/24 8:00,0.6378364,0.5812586
5/19/24 9:00,0.7418435,0.6969634
5/19/24 10:00,1.055558,1.000105
5/19/24 11:00,0.8926039,0.852556
5/19/24 12:00,0.6523347,0.6279454
5/19/24 13:00,0.6744179,0.6412513
5/19/24 14:00,0.4161756,0.399028
5/19/24 15:00,0.3551702,0.3322152
5/19/24 16:00,0.3068553,0.2463926
5/19/24 17:00,0.1063291,0.06816486
5/19/24 18:00,0.002229718,0
5/19/24 19:00,0,0
5/19/24 20:00,0,0
5/19/24 21:00,0,0
5/19/24 22:00,0,0
5/19/24 23:00,0,0
5/20/24 0:00,0,0
5/20/24 1:00,0,0
5/20/24 2:00,0,0
5/20/24 3:00,0,0
5/20/24 4:00,0,0
5/20/24 5:00,0.03556486,0.03306273
5/20/24 6:00,0.1581016,0.1463011
5/20/24 7:00,0.3032318,0.2836864
5/20/24 8:00,0.3923485,0.374975
5/20/24 9:00,0.2963368,0.287535
5/20/24 10:00,0.6455641,0.6201221
5/20/24 11:00,0.8018609,0.7675655
5/20/24 12:00,0.7317314,0.7008153
5/20/24 13:00,0.8149237,0.7661613
5/20/24 14:00,0.5043715,0.476803
5/20/24 15:00,0.2057264,0.1990192
5/20/24 16:00,0.2539209,0.2200199
5/20/24 17:00,0.09296358,0.07099025
5/20/24 18:00,0.003131956,0
5/20/24 19:00,0,0
5/20/24 20:00,0,0
5/20/24 21:00,0,0
5/20/24 22:00,0,0
5/20/24 23:00,0,0
5/21/24 0:00,0,0
5/21/24 1:00,0,0
5/21/24 2:00,0,0
5/21/24 3:00,0,0
5/21/24 4:00,0,0
5/21/24 5:00,0.06210797,0.03818117
5/21/24 6:00,0.229845,0.1848284
5/21/24 7:00,0.4592561,0.3940543
5/21/24 8:00,0.562544,0.518123
5/21/24 9:00,0.9070985,0.8435261
5/21/24 10:00,0.8618025,0.8169501
5/21/24 11:00,0.901212,0.8583931
5/21/24 12:00,0.7973137,0.7601751
5/21/24 13:00,0.716877,0.6777251
5/21/24 14:00,0.7314091,0.6678013
5/21/24 15:00,0.6375125,0.5477195
5/21/24 16:00,0.393635,0.2922281
5/21/24 17:00,0.1022187,0.07087591
5/21/24 18:00,0.005191681,0
5/21/24 19:00,0,0
5/21/24 20:00,0,0
5/21/24 21:00,0,0
5/21/24 22:00,0,0
5/21/24 23:00,0,0
5/22/24 0:00,0,0
5/22/24 1:00,0,0
5/22/24 2:00,0,0
5/22/24 3:00,0,0
5/22/24 4:00,0,0
5/22/24 5:00,0.07789464,0.02574848
5/22/24 6:00,0.1965996,0.1703989
5/22/24 7:00,0.2687826,0.2548942
5/22/24 8:00,0.2995245,0.2893992
5/22/24 9:00,0.536225,0.5129256
5/22/24 10:00,0.8569896,0.8115295
5/22/24 11:00,0.7949649,0.7596579
5/22/24 12:00,0.7330493,0.7007636
5/22/24 13:00,0.6876717,0.6511331
5/22/24 14:00,0.4450239,0.4243931
5/22/24 15:00,0.3146432,0.2981076
5/22/24 16:00,0.2160772,0.1966916
5/22/24 17:00,0.0890623,0.0716223
5/22/24 18:00,0.002844164,0
5/22/24 19:00,0,0
5/22/24 20:00,0,0
5/22/24 21:00,0,0
5/22/24 22:00,0,0
5/22/24 23:00,0,0
5/23/24 0:00,0,0
5/23/24 1:00,0,0
5/23/24 2:00,0,0
5/23/24 3:00,0,0
5/23/24 4:00,0,0
5/23/24 5:00,0.0160669,0.01542197
5/23/24 6:00,0.08890194,0.0857482
5/23/24 7:00,0.1822755,0.1761943
5/23/24 8:00,0.2219142,0.2151582
5/23/24 9:00,0.2587051,0.2510678
5/23/24 10:00,0.1358757,0.1319399
5/23/24 11:00,0.1835262,0.1782215
5/23/24 12:00,0.1426279,0.1385004
5/23/24 13:00,0.3246113,0.3149128
5/23/24 14:00,0.3604283,0.3473585
5/23/24 15:00,0.2089715,0.202072
5/23/24 16:00,0.05454474,0.05283989
5/23/24 17:00,0.05205601,0.04950336
5/23/24 18:00,0.002988843,0
5/23/24 19:00,0,0
5/23/24 20:00,0,0
5/23/24 21:00,0,0
5/23/24 22:00,0,0
5/23/24 23:00,0,0
5/24/24 0:00,0,0
5/24/24 1:00,0,0
5/24/24 2:00,0,0
5/24/24 3:00,0,0
5/24/24 4:00,0,0
5/24/24 5:00,0.09272403,0.01317925
5/24/24 6:00,0.345265,0.2301294
5/24/24 7:00,0.5503101,0.4573253
5/24/24 8:00,0.7303045,0.6537958
5/24/24 9:00,0.6889932,0.6465085
5/24/24 10:00,0.9627271,0.9064131
5/24/24 11:00,0.9850738,0.9328905
5/24/24 12:00,0.7807171,0.7428003
5/24/24 13:00,0.786248,0.7367308
5/24/24 14:00,0.6469119,0.5938453
5/24/24 15:00,0.4413275,0.3960883
5/24/24 16:00,0.2568267,0.2214072
5/24/24 17:00,0.09355717,0.07324687
5/24/24 18:00,0.005347419,0
5/24/24 19:00,0,0
5/24/24 20:00,0,0
5/24/24 21:00,0,0
5/24/24 22:00,0,0
5/24/24 23:00,0,0
5/25/24 0:00,0,0
5/25/24 1:00,0,0
5/25/24 2:00,0,0
5/25/24 3:00,0,0
5/25/24 4:00,0,0
5/25/24 5:00,0.08399488,0.02206456
5/25/24 6:00,0.2904736,0.2027544
5/25/24 7:00,0.5336758,0.4434444
5/25/24 8:00,0.8053459,0.7185996
5/25/24 9:00,0.9436856,0.8720847
5/25/24 10:00,1.034605,0.9722418
5/25/24 11:00,0.9953475,0.941332
5/25/24 12:00,1.041408,0.9812829
5/25/24 13:00,0.9811062,0.9123703
5/25/24 14:00,0.8471785,0.7658259
5/25/24 15:00,0.6504931,0.5542285
5/25/24 16:00,0.4150834,0.3038192
5/25/24 17:00,0.1564059,0.04976715
5/25/24 18:00,0.005755444,0
5/25/24 19:00,0,0
5/25/24 20:00,0,0
5/25/24 21:00,0,0
5/25/24 22:00,0,0
5/25/24 23:00,0,0
5/26/24 0:00,0,0
5/26/24 1:00,0,0
5/26/24 2:00,0,0
5/26/24 3:00,0,0
5/26/24 4:00,0,0
5/26/24 5:00,0.08477816,0.02200143
5/26/24 6:00,0.3086334,0.2091099
5/26/24 7:00,0.5120448,0.4265045
5/26/24 8:00,0.8066548,0.7185211
5/26/24 9:00,0.8439785,0.7802964
5/26/24 10:00,0.8889611,0.8366606
5/26/24 11:00,0.9946616,0.939599
5/26/24 12:00,1.06174,0.9991634
5/26/24 13:00,0.8719358,0.81128
5/26/24 14:00,0.7379492,0.6684797
5/26/24 15:00,0.5803283,0.4959653
5/26/24 16:00,0.3267202,0.253654
5/26/24 17:00,0.1367403,0.06022335
5/26/24 18:00,0.006246947,0
5/26/24 19:00,0,0
5/26/24 20:00,0,0
5/26/24 21:00,0,0
5/26/24 22:00,0,0
5/26/24 23:00,0,0
5/27/24 0:00,0,0
5/27/24 1:00,0,0
5/27/24 2:00,0,0
5/27/24 3:00,0,0
5/27/24 4:00,0,0
5/27/24 5:00,0.0614236,0.0416158
5/27/24 6:00,0.278398,0.1977389
5/27/24 7:00,0.4273511,0.3688977
5/27/24 8:00,0.6832502,0.6108679
5/27/24 9:00,0.8838872,0.8150842
5/27/24 10:00,0.8533582,0.8035877
5/27/24 11:00,0.8335727,0.7911373
5/27/24 12:00,0.7839413,0.7437049
5/27/24 13:00,0.6271739,0.5951929
5/27/24 14:00,0.5355327,0.5006915
5/27/24 15:00,0.6214194,0.5280411
5/27/24 16:00,0.4063753,0.2964031
5/27/24 17:00,0.1079874,0.07440551
5/27/24 18:00,0.004517327,0
5/27/24 19:00,0,0
5/27/24 20:00,0,0
5/27/24 21:00,0,0
5/27/24 22:00,0,0
5/27/24 23:00,0,0
5/28/24 0:00,0,0
5/28/24 1:00,0,0
5/28/24 2:00,0,0
5/28/24 3:00,0,0
5/28/24 4:00,0,0
5/28/24 5:00,0.1018825,0.009189649
5/28/24 6:00,0.2745766,0.1961125
5/28/24 7:00,0.5638567,0.4638136
5/28/24 8:00,0.6458447,0.5794993
5/28/24 9:00,0.733236,0.6817318
5/28/24 10:00,0.9045808,0.8489392
5/28/24 11:00,0.8292679,0.7865318
5/28/24 12:00,0.8018315,0.7591184
5/28/24 13:00,0.7922849,0.7388425
5/28/24 14:00,0.7510952,0.677986
5/28/24 15:00,0.5386974,0.463291
5/28/24 16:00,0.3104013,0.2463207
5/28/24 17:00,0.1225318,0.07025474
5/28/24 18:00,0.007252313,0
5/28/24 19:00,0,0
5/28/24 20:00,0,0
5/28/24 21:00,0,0
5/28/24 22:00,0,0
5/28/24 23:00,0,0
5/29/24 0:00,0,0
5/29/24 1:00,0,0
5/29/24 2:00,0,0
5/29/24 3:00,0,0
5/29/24 4:00,0,0
5/29/24 5:00,0.0650413,0.04081983
5/29/24 6:00,0.2492869,0.1888053
5/29/24 7:00,0.5187664,0.4286275
5/29/24 8:00,0.6635762,0.5929591
5/29/24 9:00,0.9250318,0.8504102
5/29/24 10:00,0.7033718,0.6684158
5/29/24 11:00,0.4440781,0.4303506
5/29/24 12:00,0.4205368,0.4075668
5/29/24 13:00,0.6674573,0.6296663
5/29/24 14:00,0.5910228,0.5453674
5/29/24 15:00,0.4142785,0.375266
5/29/24 16:00,0.2986218,0.2412379
5/29/24 17:00,0.04119944,0.03945497
5/29/24 18:00,0.004054752,0
5/29/24 19:00,0,0
5/29/24 20:00,0,0
5/29/24 21:00,0,0
5/29/24 22:00,0,0
5/29/24 23:00,0,0
5/30/24 0:00,0,0
5/30/24 1:00,0,0
5/30/24 2:00,0,0
5/30/24 3:00,0,0
5/30/24 4:00,0,0
5/30/24 5:00,0.04253657,0.03857972
5/30/24 6:00,0.1056576,0.1015977
5/30/24 7:00,0.3882883,0.3422936
5/30/24 8:00,0.6559039,0.5859366
5/30/24 9:00,0.6057138,0.5714425
5/30/24 10:00,0.6684259,0.6367594
5/30/24 11:00,0.9650412,0.9083244
5/30/24 12:00,1.112599,1.042224
5/30/24 13:00,0.8288565,0.7694693
5/30/24 14:00,0.4562754,0.4328876
5/30/24 15:00,0.5207033,0.4493582
5/30/24 16:00,0.3357666,0.2570954
5/30/24 17:00,0.1565193,0.05456829
5/30/24 18:00,0.009713945,0
5/30/24 19:00,0,0
5/30/24 20:00,0,0
5/30/24 21:00,0,0
5/30/24 22:00,0,0
5/30/24 23:00,0,0
5/31/24 0:00,0,0
5/31/24 1:00,0,0
5/31/24 2:00,0,0
5/31/24 3:00,0,0
5/31/24 4:00,0,0
5/31/24 5:00,0.07310329,0.03608232
5/31/24 6:00,0.2556313,0.1896946
5/31/24 7:00,0.4592798,0.3868041
5/31/24 8:00,0.717621,0.635798
5/31/24 9:00,0.7447562,0.6894251
5/31/24 10:00,0.6630609,0.6315911
5/31/24 11:00,0.8289059,0.7842426
5/31/24 12:00,1.037894,0.9716464
5/31/24 13:00,0.9965884,0.920254
5/31/24 14:00,0.7897014,0.7089356
5/31/24 15:00,0.5345814,0.4587578
5/31/24 16:00,0.4214508,0.3045605
5/31/24 17:00,0.1793137,0.05058048
5/31/24 18:00,0.009832425,0
5/31/24 19:00,0,0
5/31/24 20:00,0,0
5/31/24 21:00,0,0
5/31/24 22:00,0,0
5/31/24 23:00,0,0
6/1/24 0:00,0,0
6/1/24 1:00,0,0
6/1/24 2:00,0,0
6/1/24 3:00,0,0
6/1/24 4:00,0,0
6/1/24 5:00,0.04471722,0.03997833
6/1/24 6:00,0.1776633,0.1589365
6/1/24 7:00,0.2864603,0.2685631
6/1/24 8:00,0.1401355,0.1359407
6/1/24 9:00,0.2260437,0.2193434
6/1/24 10:00,0.09862281,0.0957582
6/1/24 11:00,0.08933631,0.08674539
6/1/24 12:00,0.2086181,0.2025411
6/1/24 13:00,0.336944,0.3266306
6/1/24 14:00,0.1465917,0.1422375
6/1/24 15:00,0.1391866,0.1348784
6/1/24 16:00,0.1505061,0.1441875
6/1/24 17:00,0.05367653,0.05114492
6/1/24 18:00,0.003179018,0
6/1/24 19:00,0,0
6/1/24 20:00,0,0
6/1/24 21:00,0,0
6/1/24 22:00,0,0
6/1/24 23:00,0,0
6/2/24 0:00,0,0
6/2/24 1:00,0,0
6/2/24 2:00,0,0
6/2/24 3:00,0,0
6/2/24 4:00,0,0
6/2/24 5:00,0.008561488,0.008267513
6/2/24 6:00,0.04330188,0.04191335
6/2/24 7:00,0.1175186,0.1138351
6/2/24 8:00,0.2499417,0.2420053
6/2/24 9:00,0.09230109,0.08960672
6/2/24 10:00,0.1860349,0.1806099
6/2/24 11:00,0.1678512,0.1629766
6/2/24 12:00,0.244828,0.2376765
6/2/24 13:00,0.08523299,0.08275105
6/2/24 14:00,0.0525303,0.05099468
6/2/24 15:00,0.03840058,0.03726862
6/2/24 16:00,0.05139565,0.04979168
6/2/24 17:00,0.03464909,0.03328095
6/2/24 18:00,0.002051069,0
6/2/24 19:00,0,0
6/2/24 20:00,0,0
6/2/24 21:00,0,0
6/2/24 22:00,0,0
6/2/24 23:00,0,0
6/3/24 0:00,0,0
6/3/24 1:00,0,0
6/3/24 2:00,0,0
6/3/24 3:00,0,0
6/3/24 4:00,0,0
6/3/24 5:00,0.01966772,0.01883872
6/3/24 6:00,0.05562707,0.05378618
6/3/24 7:00,0.1639078,0.1585418
6/3/24 8:00,0.1127984,0.1094437
6/3/24 9:00,0.159138,0.1544584
6/3/24 10:00,0.262302,0.2546046
6/3/24 11:00,0.1313507,0.1275384
6/3/24 12:00,0.2994949,0.2906971
6/3/24 13:00,0.2754197,0.2672327
6/3/24 14:00,0.1794771,0.1741003
6/3/24 15:00,0.2281785,0.2201121
6/3/24 16:00,0.1685226,0.1601191
6/3/24 17:00,0.03045296,0.0292967
6/3/24 18:00,0.001183014,0
6/3/24 19:00,0,0
6/3/24 20:00,0,0
6/3/24 21:00,0,0
6/3/24 22:00,0,0
6/3/24 23:00,0,0
6/4/24 0:00,0,0
6/4/24 1:00,0,0
6/4/24 2:00,0,0
6/4/24 3:00,0,0
6/4/24 4:00,0,0
6/4/24 5:00,0.01554242,0.01493473
6/4/24 6:00,0.05634185,0.05447206
6/4/24 7:00,0.09122631,0.08841889
6/4/24 8:00,0.01684148,0.01634984
6/4/24 9:00,0.1846793,0.1792272
6/4/24 10:00,0.4166632,0.4034146
6/4/24 11:00,0.4227452,0.4096813
6/4/24 12:00,0.3256796,0.3160499
6/4/24 13:00,0.4448835,0.428889
6/4/24 14:00,0.2073842,0.2011239
6/4/24 15:00,0.09967132,0.09664807
6/4/24 16:00,0.0667327,0.06459916
6/4/24 17:00,0.04187789,0.04012901
6/4/24 18:00,0.003905229,0
6/4/24 19:00,0,0
6/4/24 20:00,0,0
6/4/24 21:00,0,0
6/4/24 22:00,0,0
6/4/24 23:00,0,0
6/5/24 0:00,0,0
6/5/24 1:00,0,0
6/5/24 2:00,0,0
6/5/24 3:00,0,0
6/5/24 4:00,0,0
6/5/24 5:00,0.07452893,0.0357808
6/5/24 6:00,0.3178715,0.2057964
6/5/24 7:00,0.506314,0.414314
6/5/24 8:00,0.6036553,0.5408805
6/5/24 9:00,0.5497989,0.52126
6/5/24 10:00,0.4504617,0.4354582
6/5/24 11:00,0.6518727,0.6234404
6/5/24 12:00,0.6101705,0.5842403
6/5/24 13:00,0.5618189,0.5351833
6/5/24 14:00,0.7317091,0.6562906
6/5/24 15:00,0.5313111,0.4546078
6/5/24 16:00,0.3326802,0.2558039
6/5/24 17:00,0.1473006,0.06626882
6/5/24 18:00,0.00832443,0
6/5/24 19:00,0,0
6/5/24 20:00,0,0
6/5/24 21:00,0,0
6/5/24 22:00,0,0
6/5/24 23:00,0,0
6/6/24 0:00,0,0
6/6/24 1:00,0,0
6/6/24 2:00,0,0
6/6/24 3:00,0,0
6/6/24 4:00,0,0
6/6/24 5:00,0.03850037,0.0358258
6/6/24 6:00,0.1167181,0.1117011
6/6/24 7:00,0.1406083,0.1361003
6/6/24 8:00,0.1704712,0.1653024
6/6/24 9:00,0.4196812,0.404195
6/6/24 10:00,0.6389264,0.6083016
6/6/24 11:00,0.7097806,0.6752508
6/6/24 12:00,0.9107712,0.850921
6/6/24 13:00,0.9055195,0.8327841
6/6/24 14:00,0.6166013,0.5629928
6/6/24 15:00,0.3430774,0.3206877
6/6/24 16:00,0.1703444,0.1617619
6/6/24 17:00,0.06178522,0.0585315
6/6/24 18:00,0.001347639,0
6/6/24 19:00,0,0
6/6/24 20:00,0,0
6/6/24 21:00,0,0
6/6/24 22:00,0,0
6/6/24 23:00,0,0
6/7/24 0:00,0,0
6/7/24 1:00,0,0
6/7/24 2:00,0,0
6/7/24 3:00,0,0
6/7/24 4:00,0,0
6/7/24 5:00,0.04892977,0.04213125
6/7/24 6:00,0.1399174,0.1316385
6/7/24 7:00,0.3390368,0.3069318
6/7/24 8:00,0.2740581,0.264889
6/7/24 9:00,0.320354,0.3103642
6/7/24 10:00,0.3299816,0.3201204
6/7/24 11:00,0.1523701,0.1479404
6/7/24 12:00,0.262031,0.2543466
6/7/24 13:00,0.3040596,0.2948951
6/7/24 14:00,0.2016011,0.1955154
6/7/24 15:00,0.08645406,0.08384755
6/7/24 16:00,0.03084514,0.02991086
6/7/24 17:00,0.01491648,0.01442462
6/7/24 18:00,0.002202173,0
6/7/24 19:00,0,0
6/7/24 20:00,0,0
6/7/24 21:00,0,0
6/7/24 22:00,0,0
6/7/24 23:00,0,0
6/8/24 0:00,0,0
6/8/24 1:00,0,0
6/8/24 2:00,0,0
6/8/24 3:00,0,0
6/8/24 4:00,0,0
6/8/24 5:00,0.002833378,0.002746177
6/8/24 6:00,0.01037642,0.01006736
6/8/24 7:00,0.02989572,0.02901149
6/8/24 8:00,0.05991474,0.05815319
6/8/24 9:00,0.1377598,0.1337118
6/8/24 10:00,0.1128506,0.1095661
6/8/24 11:00,0.4694701,0.454081
6/8/24 12:00,0.3323167,0.3224381
6/8/24 13:00,0.2009511,0.1950287
6/8/24 14:00,0.3044544,0.294354
6/8/24 15:00,0.1412748,0.1368834
6/8/24 16:00,0.1344928,0.1295012
6/8/24 17:00,0.08238592,0.07415818
6/8/24 18:00,0.003939233,0
6/8/24 19:00,0,0
6/8/24 20:00,0,0
6/8/24 21:00,0,0
6/8/24 22:00,0,0
6/8/24 23:00,0,0
6/9/24 0:00,0,0
6/9/24 1:00,0,0
6/9/24 2:00,0,0
6/9/24 3:00,0,0
6/9/24 4:00,0,0
6/9/24 5:00,0.04144245,0.03795955
6/9/24 6:00,0.1688376,0.1525691
6/9/24 7:00,0.18763,0.1810438
6/9/24 8:00,0.1992649,0.1931487
6/9/24 9:00,0.1708932,0.1658465
6/9/24 10:00,0.5805367,0.5554246
6/9/24 11:00,0.3529888,0.3424703
6/9/24 12:00,0.2968205,0.288073
6/9/24 13:00,0.5429443,0.5179335
6/9/24 14:00,0.7366188,0.6587108
6/9/24 15:00,0.4132358,0.3733531
6/9/24 16:00,0.07698479,0.0744827
6/9/24 17:00,0.02075162,0.02003507
6/9/24 18:00,0.000625062,0
6/9/24 19:00,0,0
6/9/24 20:00,0,0
6/9/24 21:00,0,0
6/9/24 22:00,0,0
6/9/24 23:00,0,0
6/10/24 0:00,0,0
6/10/24 1:00,0,0
6/10/24 2:00,0,0
6/10/24 3:00,0,0
6/10/24 4:00,0,0
6/10/24 5:00,0.02408201,0.0229833
6/10/24 6:00,0.06364971,0.06148276
6/10/24 7:00,0.03966104,0.03848053
6/10/24 8:00,0.0904166,0.08773679
6/10/24 9:00,0.4052156,0.3905497
6/10/24 10:00,0.5098406,0.4906986
6/10/24 11:00,0.7537012,0.7131388
6/10/24 12:00,0.6718161,0.6386864
6/10/24 13:00,0.6459045,0.6075491
6/10/24 14:00,0.6231691,0.5672719
6/10/24 15:00,0.4284331,0.3839744
6/10/24 16:00,0.2970378,0.2420148
6/10/24 17:00,0.1113326,0.08386533
6/10/24 18:00,0.009669844,0
6/10/24 19:00,0,0
6/10/24 20:00,0,0
6/10/24 21:00,0,0
6/10/24 22:00,0,0
6/10/24 23:00,0,0
6/11/24 0:00,0,0
6/11/24 1:00,0,0
6/11/24 2:00,0,0
6/11/24 3:00,0,0
6/11/24 4:00,0,0
6/11/24 5:00,0.03087448,0.02929081
6/11/24 6:00,0.1074526,0.1031547
6/11/24 7:00,0.2402581,0.2289489
6/11/24 8:00,0.3131916,0.3013866
6/11/24 9:00,0.3278607,0.3174921
6/11/24 10:00,0.3617116,0.3506554
6/11/24 11:00,0.2316644,0.2248923
6/11/24 12:00,0.3229776,0.3133898
6/11/24 13:00,0.2900629,0.2813582
6/11/24 14:00,0.2407674,0.2333818
6/11/24 15:00,0.129572,0.1255695
6/11/24 16:00,0.128656,0.1240245
6/11/24 17:00,0.02218986,0.0214171
6/11/24 18:00,0.002885971,0
6/11/24 19:00,0,0
6/11/24 20:00,0,0
6/11/24 21:00,0,0
6/11/24 22:00,0,0
6/11/24 23:00,0,0
6/12/24 0:00,0,0
6/12/24 1:00,0,0
6/12/24 2:00,0,0
6/12/24 3:00,0,0
6/12/24 4:00,0,0
6/12/24 5:00,0.1013276,0.01020543
6/12/24 6:00,0.3107212,0.198098
6/12/24 7:00,0.5308387,0.4270212
6/12/24 8:00,0.780688,0.6809947
6/12/24 9:00,1.010285,0.9160377
6/12/24 10:00,1.070922,0.990172
6/12/24 11:00,0.9787384,0.9124666
6/12/24 12:00,1.035534,0.9615198
6/12/24 13:00,0.8097042,0.7463406
6/12/24 14:00,0.5939051,0.5439544
6/12/24 15:00,0.6061276,0.5078591
6/12/24 16:00,0.4201912,0.3010286
6/12/24 17:00,0.1908978,0.059202
6/12/24 18:00,0.01235755,0
6/12/24 19:00,0,0
6/12/24 20:00,0,0
6/12/24 21:00,0,0
6/12/24 22:00,0,0
6/12/24 23:00,0,0
6/13/24 0:00,0,0
6/13/24 1:00,0,0
6/13/24 2:00,0,0
6/13/24 3:00,0,0
6/13/24 4:00,0,0
6/13/24 5:00,0.0899729,0.01888376
6/13/24 6:00,0.2615541,0.1845042
6/13/24 7:00,0.4805718,0.3925565
6/13/24 8:00,0.4857103,0.4479414
6/13/24 9:00,0.7120624,0.6554025
6/13/24 10:00,0.9711393,0.898246
6/13/24 11:00,0.9486382,0.8848923
6/13/24 12:00,0.9488857,0.8821016
6/13/24 13:00,0.8805758,0.8076851
6/13/24 14:00,0.7702087,0.6857517
6/13/24 15:00,0.6300384,0.5265477
6/13/24 16:00,0.4367396,0.3121933
6/13/24 17:00,0.1683671,0.06531648
6/13/24 18:00,0.01323487,0
6/13/24 19:00,0,0
6/13/24 20:00,0,0
6/13/24 21:00,0,0
6/13/24 22:00,0,0
6/13/24 23:00,0,0
6/14/24 0:00,0,0
6/14/24 1:00,0,0
6/14/24 2:00,0,0
6/14/24 3:00,0,0
6/14/24 4:00,0,0
6/14/24 5:00,0.07514435,0.03337522
6/14/24 6:00,0.3220994,0.2014564
6/14/24 7:00,0.43786,0.3660541
6/14/24 8:00,0.7367508,0.6423497
6/14/24 9:00,0.998717,0.904663
6/14/24 10:00,1.064544,0.9834402
6/14/24 11:00,1.111678,1.034137
6/14/24 12:00,1.089216,1.01031
6/14/24 13:00,0.7750512,0.7163418
6/14/24 14:00,0.7172132,0.6415917
6/14/24 15:00,0.4573968,0.4037855
6/14/24 16:00,0.3787085,0.2777955
6/14/24 17:00,0.1757464,0.06371408
6/14/24 18:00,0.01058481,0
6/14/24 19:00,0,0
6/14/24 20:00,0,0
6/14/24 21:00,0,0
6/14/24 22:00,0,0
6/14/24 23:00,0,0
6/15/24 0:00,0,0
6/15/24 1:00,0,0
6/15/24 2:00,0,0
6/15/24 3:00,0,0
6/15/24 4:00,0,0
6/15/24 5:00,0.07960217,0.02853037
6/15/24 6:00,0.3097659,0.1957957
6/15/24 7:00,0.5429503,0.4343299
6/15/24 8:00,0.6893398,0.6028307
6/15/24 9:00,0.9196351,0.8332974
6/15/24 10:00,0.9814188,0.9068763
6/15/24 11:00,1.050738,0.9774594
6/15/24 12:00,1.096068,1.016327
6/15/24 13:00,0.9046896,0.8285715
6/15/24 14:00,0.7291077,0.6511943
6/15/24 15:00,0.5678923,0.4791489
6/15/24 16:00,0.3375016,0.259821
6/15/24 17:00,0.1602432,0.07124498
6/15/24 18:00,0.01344664,0
6/15/24 19:00,0,0
6/15/24 20:00,0,0
6/15/24 21:00,0,0
6/15/24 22:00,0,0
6/15/24 23:00,0,0
6/16/24 0:00,0,0
6/16/24 1:00,0,0
6/16/24 2:00,0,0
6/16/24 3:00,0,0
6/16/24 4:00,0,0
6/16/24 5:00,0.0772961,0.03029825
6/16/24 6:00,0.2436221,0.1794607
6/16/24 7:00,0.2992795,0.2766896
6/16/24 8:00,0.6661705,0.5840267
6/16/24 9:00,0.8933689,0.8093833
6/16/24 10:00,0.7997198,0.7459677
6/16/24 11:00,1.031748,0.9596511
6/16/24 12:00,0.7726225,0.7261907
6/16/24 13:00,0.6761273,0.6325467
6/16/24 14:00,0.7398666,0.6599621
6/16/24 15:00,0.4375038,0.3904348
6/16/24 16:00,0.2814967,0.23654
6/16/24 17:00,0.1124249,0.08711153
6/16/24 18:00,0.01072172,0
6/16/24 19:00,0,0
6/16/24 20:00,0,0
6/16/24 21:00,0,0
6/16/24 22:00,0,0
6/16/24 23:00,0,0
6/17/24 0:00,0,0
6/17/24 1:00,0,0
6/17/24 2:00,0,0
6/17/24 3:00,0,0
6/17/24 4:00,0,0
6/17/24 5:00,0.05164497,0.04202787
6/17/24 6:00,0.1027444,0.09871038
6/17/24 7:00,0.1668303,0.1612439
6/17/24 8:00,0.1873253,0.1815769
6/17/24 9:00,0.474182,0.4531502
6/17/24 10:00,0.4247616,0.4107707
6/17/24 11:00,0.3950039,0.3828678
6/17/24 12:00,0.46304,0.4474082
6/17/24 13:00,0.3601578,0.3487018
6/17/24 14:00,0.1490647,0.1446164
6/17/24 15:00,0.1647607,0.1595614
6/17/24 16:00,0.1195538,0.1153937
6/17/24 17:00,0.06575922,0.06236292
6/17/24 18:00,0.004598109,0
6/17/24 19:00,0,0
6/17/24 20:00,0,0
6/17/24 21:00,0,0
6/17/24 22:00,0,0
6/17/24 23:00,0,0
6/18/24 0:00,0,0
6/18/24 1:00,0,0
6/18/24 2:00,0,0
6/18/24 3:00,0,0
6/18/24 4:00,0,0
6/18/24 5:00,0.07347491,0.03274677
6/18/24 6:00,0.227891,0.175179
6/18/24 7:00,0.3348009,0.3017135
6/18/24 8:00,0.481103,0.4434515
6/18/24 9:00,0.489181,0.4664441
6/18/24 10:00,0.6688338,0.6325684
6/18/24 11:00,0.8942748,0.8352204
6/18/24 12:00,0.9040473,0.8410588
6/18/24 13:00,0.6715925,0.6286269
6/18/24 14:00,0.6066182,0.5537173
6/18/24 15:00,0.4700303,0.4126018
6/18/24 16:00,0.2854932,0.2389205
6/18/24 17:00,0.1331588,0.0859821
6/18/24 18:00,0.01290855,0
6/18/24 19:00,0,0
6/18/24 20:00,0,0
6/18/24 21:00,0,0
6/18/24 22:00,0,0
6/18/24 23:00,0,0
6/19/24 0:00,0,0
6/19/24 1:00,0,0
6/19/24 2:00,0,0
6/19/24 3:00,0,0
6/19/24 4:00,0,0
6/19/24 5:00,0.05515792,0.04180586
6/19/24 6:00,0.1910018,0.1627219
6/19/24 7:00,0.4182428,0.3527196
6/19/24 8:00,0.6023905,0.5343207
6/19/24 9:00,0.6594811,0.6107486
6/19/24 10:00,0.8994013,0.8324114
6/19/24 11:00,0.9164609,0.8548136
6/19/24 12:00,0.8984646,0.8360361
6/19/24 13:00,0.8370069,0.768865
6/19/24 14:00,0.5519363,0.5105961
6/19/24 15:00,0.385145,0.3534755
6/19/24 16:00,0.2006226,0.1871366
6/19/24 17:00,0.08847806,0.07959301
6/19/24 18:00,0.007888635,0
6/19/24 19:00,0,0
6/19/24 20:00,0,0
6/19/24 21:00,0,0
6/19/24 22:00,0,0
6/19/24 23:00,0,0
6/20/24 0:00,0,0
6/20/24 1:00,0,0
6/20/24 2:00,0,0
6/20/24 3:00,0,0
6/20/24 4:00,0,0
6/20/24 5:00,0.06136158,0.03999339
6/20/24 6:00,0.2394891,0.1766007
6/20/24 7:00,0.2365216,0.2252888
6/20/24 8:00,0.417636,0.3924928
6/20/24 9:00,0.3365751,0.3257093
6/20/24 10:00,0.3746626,0.3630096
6/20/24 11:00,0.1720344,0.1670182
6/20/24 12:00,0.4282179,0.414416
6/20/24 13:00,0.5119058,0.4897682
6/20/24 14:00,0.3215026,0.3104216
6/20/24 15:00,0.1416735,0.1372672
6/20/24 16:00,0.1557301,0.1492243
6/20/24 17:00,0.1105449,0.08856986
6/20/24 18:00,0.01166762,0
6/20/24 19:00,0,0
6/20/24 20:00,0,0
6/20/24 21:00,0,0
6/20/24 22:00,0,0
6/20/24 23:00,0,0
6/21/24 0:00,0,0
6/21/24 1:00,0,0
6/21/24 2:00,0,0
6/21/24 3:00,0,0
6/21/24 4:00,0,0
6/21/24 5:00,0.07744763,0.02667146
6/21/24 6:00,0.280565,0.183535
6/21/24 7:00,0.4944299,0.3982111
6/21/24 8:00,0.5711644,0.5106737
6/21/24 9:00,0.8028234,0.7294559
6/21/24 10:00,0.8759873,0.8115961
6/21/24 11:00,0.8210298,0.7705439
6/21/24 12:00,0.7025049,0.6647852
6/21/24 13:00,0.855702,0.7851074
6/21/24 14:00,0.7829515,0.6961694
6/21/24 15:00,0.4997797,0.4329402
6/21/24 16:00,0.4192367,0.3022001
6/21/24 17:00,0.1533261,0.08068173
6/21/24 18:00,0.01560962,0
6/21/24 19:00,0,0
6/21/24 20:00,0,0
6/21/24 21:00,0,0
6/21/24 22:00,0,0
6/21/24 23:00,0,0
6/22/24 0:00,0,0
6/22/24 1:00,0,0
6/22/24 2:00,0,0
6/22/24 3:00,0,0
6/22/24 4:00,0,0
6/22/24 5:00,0.07716369,0.02612983
6/22/24 6:00,0.2291273,0.1735661
6/22/24 7:00,0.4335303,0.3606851
6/22/24 8:00,0.7345733,0.6382691
6/22/24 9:00,0.8429722,0.7638728
6/22/24 10:00,0.8524545,0.7909756
6/22/24 11:00,0.8453189,0.7918376
6/22/24 12:00,0.6600519,0.6274221
6/22/24 13:00,0.5408303,0.5156696
6/22/24 14:00,0.3107031,0.300259
6/22/24 15:00,0.367356,0.3403051
6/22/24 16:00,0.325152,0.2572279
6/22/24 17:00,0.1297733,0.08947745
6/22/24 18:00,0.009174847,0
6/22/24 19:00,0,0
6/22/24 20:00,0,0
6/22/24 21:00,0,0
6/22/24 22:00,0,0
6/22/24 23:00,0,0
6/23/24 0:00,0,0
6/23/24 1:00,0,0
6/23/24 2:00,0,0
6/23/24 3:00,0,0
6/23/24 4:00,0,0
6/23/24 5:00,0.06859332,0.03349822
6/23/24 6:00,0.2057193,0.1670545
6/23/24 7:00,0.5254622,0.4188974
6/23/24 8:00,0.7895427,0.6851447
6/23/24 9:00,0.8166896,0.741151
6/23/24 10:00,0.988692,0.9123518
6/23/24 11:00,1.075015,0.9990081
6/23/24 12:00,1.112294,1.030626
6/23/24 13:00,1.011203,0.9245471
6/23/24 14:00,0.806226,0.7164638
6/23/24 15:00,0.6601714,0.5517072
6/23/24 16:00,0.3943536,0.2887432
6/23/24 17:00,0.1490794,0.08424579
6/23/24 18:00,0.01388176,0
6/23/24 19:00,0,0
6/23/24 20:00,0,0
6/23/24 21:00,0,0
6/23/24 22:00,0,0
6/23/24 23:00,0,0
6/24/24 0:00,0,0
6/24/24 1:00,0,0
6/24/24 2:00,0,0
6/24/24 3:00,0,0
6/24/24 4:00,0,0
6/24/24 5:00,0.06402225,0.03621307
6/24/24 6:00,0.2252917,0.1717994
6/24/24 7:00,0.5016823,0.4022509
6/24/24 8:00,0.7162104,0.6227381
6/24/24 9:00,0.8010399,0.7277806
6/24/24 10:00,0.8088483,0.7531634
6/24/24 11:00,0.8585927,0.8035914
6/24/24 12:00,0.8868423,0.8259284
6/24/24 13:00,0.7470628,0.6925796
6/24/24 14:00,0.7441289,0.664097
6/24/24 15:00,0.5027437,0.4356194
6/24/24 16:00,0.2595097,0.2271569
6/24/24 17:00,0.1526815,0.08356002
6/24/24 18:00,0.01527454,0
6/24/24 19:00,0,0
6/24/24 20:00,0,0
6/24/24 21:00,0,0
6/24/24 22:00,0,0
6/24/24 23:00,0,0
6/25/24 0:00,0,0
6/25/24 1:00,0,0
6/25/24 2:00,0,0
6/25/24 3:00,0,0
6/25/24 4:00,0,0
6/25/24 5:00,0.01658252,0.01590184
6/25/24 6:00,0.1363662,0.1277592
6/25/24 7:00,0.1800601,0.1737473
6/25/24 8:00,0.1825396,0.1769392
6/25/24 9:00,0.08794756,0.08537357
6/25/24 10:00,0.2202062,0.2137315
6/25/24 11:00,0.1152245,0.1118739
6/25/24 12:00,0.3352884,0.3252703
6/25/24 13:00,0.2892301,0.2805464
6/25/24 14:00,0.136451,0.1323939
6/25/24 15:00,0.08806431,0.08540816
6/25/24 16:00,0.09506173,0.09190331
6/25/24 17:00,0.02588152,0.02497503
6/25/24 18:00,0.003834835,0
6/25/24 19:00,0,0
6/25/24 20:00,0,0
6/25/24 21:00,0,0
6/25/24 22:00,0,0
6/25/24 23:00,0,0
6/26/24 0:00,0,0
6/26/24 1:00,0,0
6/26/24 2:00,0,0
6/26/24 3:00,0,0
6/26/24 4:00,0,0
6/26/24 5:00,0.003817693,0.003697038
6/26/24 6:00,0.08323681,0.08018116
6/26/24 7:00,0.1341407,0.1298091
6/26/24 8:00,0.4152461,0.3901767
6/26/24 9:00,0.6248236,0.5817982
6/26/24 10:00,0.4514551,0.4359035
6/26/24 11:00,0.3238949,0.3143015
6/26/24 12:00,0.3150389,0.3056948
6/26/24 13:00,0.5497133,0.5237443
6/26/24 14:00,0.5592003,0.5171232
6/26/24 15:00,0.3119872,0.295689
6/26/24 16:00,0.294297,0.2453592
6/26/24 17:00,0.07843042,0.07324622
6/26/24 18:00,0.01305378,0
6/26/24 19:00,0,0
6/26/24 20:00,0,0
6/26/24 21:00,0,0
6/26/24 22:00,0,0
6/26/24 23:00,0,0
6/27/24 0:00,0,0
6/27/24 1:00,0,0
6/27/24 2:00,0,0
6/27/24 3:00,0,0
6/27/24 4:00,0,0
6/27/24 5:00,0.04617232,0.03843957
6/27/24 6:00,0.184777,0.1577675
6/27/24 7:00,0.2197433,0.2102563
6/27/24 8:00,0.1665323,0.1614543
6/27/24 9:00,0.07955147,0.07722542
6/27/24 10:00,0.1741587,0.1690612
6/27/24 11:00,0.5717415,0.5491287
6/27/24 12:00,0.475725,0.4594007
6/27/24 13:00,0.4216992,0.406989
6/27/24 14:00,0.3067115,0.296532
6/27/24 15:00,0.1657898,0.1605719
6/27/24 16:00,0.1638685,0.1566997
6/27/24 17:00,0.06771765,0.06433143
6/27/24 18:00,0.01030502,0
6/27/24 19:00,0,0
6/27/24 20:00,0,0
6/27/24 21:00,0,0
6/27/24 22:00,0,0
6/27/24 23:00,0,0
6/28/24 0:00,0,0
6/28/24 1:00,0,0
6/28/24 2:00,0,0
6/28/24 3:00,0,0
6/28/24 4:00,0,0
6/28/24 5:00,0.06073051,0.03536593
6/28/24 6:00,0.2684246,0.177049
6/28/24 7:00,0.4307692,0.3577757
6/28/24 8:00,0.7407674,0.6435807
6/28/24 9:00,0.8472129,0.7679085
6/28/24 10:00,0.9055847,0.8382244
6/28/24 11:00,0.7989916,0.7517772
6/28/24 12:00,1.039055,0.9642868
6/28/24 13:00,0.8835626,0.8108534
6/28/24 14:00,0.7031509,0.6317559
6/28/24 15:00,0.2643656,0.2537533
6/28/24 16:00,0.2334068,0.2117902
6/28/24 17:00,0.1163544,0.09222544
6/28/24 18:00,0.0107452,0
6/28/24 19:00,0,0
6/28/24 20:00,0,0
6/28/24 21:00,0,0
6/28/24 22:00,0,0
6/28/24 23:00,0,0
6/29/24 0:00,0,0
6/29/24 1:00,0,0
6/29/24 2:00,0,0
6/29/24 3:00,0,0
6/29/24 4:00,0,0
6/29/24 5:00,0.08073115,0.01575711
6/29/24 6:00,0.2805059,0.1790901
6/29/24 7:00,0.5174709,0.4125855
6/29/24 8:00,0.6504378,0.5700718
6/29/24 9:00,0.3780661,0.3648927
6/29/24 10:00,0.8408602,0.781541
6/29/24 11:00,0.8074892,0.7594199
6/29/24 12:00,0.8868663,0.8270016
6/29/24 13:00,0.8729512,0.8018643
6/29/24 14:00,0.866022,0.7708634
6/29/24 15:00,0.5422959,0.4642947
6/29/24 16:00,0.3896249,0.2892191
6/29/24 17:00,0.1773948,0.07766874
6/29/24 18:00,0.01660887,0
6/29/24 19:00,0,0
6/29/24 20:00,0,0
6/29/24 21:00,0,0
6/29/24 22:00,0,0
6/29/24 23:00,0,0
6/30/24 0:00,0,0
6/30/24 1:00,0,0
6/30/24 2:00,0,0
6/30/24 3:00,0,0
6/30/24 4:00,0,0
6/30/24 5:00,0.05979873,0.03435726
6/30/24 6:00,0.1782881,0.1539785
6/30/24 7:00,0.3075986,0.2812568
6/30/24 8:00,0.4650897,0.4301243
6/30/24 9:00,0.5827684,0.5469301
6/30/24 10:00,0.6334987,0.601741
6/30/24 11:00,0.702317,0.6669949
6/30/24 12:00,0.7800665,0.7335636
6/30/24 13:00,0.9107937,0.8357717
6/30/24 14:00,0.6280183,0.5725733
6/30/24 15:00,0.5949525,0.5028017
6/30/24 16:00,0.3081412,0.2530261
6/30/24 17:00,0.134761,0.0927819
6/30/24 18:00,0.01525546,0
6/30/24 19:00,0,0
6/30/24 20:00,0,0
6/30/24 21:00,0,0
6/30/24 22:00,0,0
6/30/24 23:00,0,0
7/1/24 0:00,0,0
7/1/24 1:00,0,0
7/1/24 2:00,0,0
7/1/24 3:00,0,0
7/1/24 4:00,0,0
7/1/24 5:00,0.03019268,0.02840816
7/1/24 6:00,0.1200576,0.113976
7/1/24 7:00,0.3855504,0.3312031
7/1/24 8:00,0.3368282,0.3224611
7/1/24 9:00,0.3892199,0.3753422
7/1/24 10:00,0.5223529,0.5018719
7/1/24 11:00,0.4672633,0.4518301
7/1/24 12:00,0.687626,0.6526746
7/1/24 13:00,0.4976846,0.4773775
7/1/24 14:00,0.3418513,0.329651
7/1/24 15:00,0.1715298,0.1661261
7/1/24 16:00,0.1047299,0.1012155
7/1/24 17:00,0.03013666,0.02905826
7/1/24 18:00,0.003826366,0
7/1/24 19:00,0,0
7/1/24 20:00,0,0
7/1/24 21:00,0,0
7/1/24 22:00,0,0
7/1/24 23:00,0,0
7/2/24 0:00,0,0
7/2/24 1:00,0,0
7/2/24 2:00,0,0
7/2/24 3:00,0,0
7/2/24 4:00,0,0
7/2/24 5:00,0.02056873,0.01962743
7/2/24 6:00,0.03049858,0.029536
7/2/24 7:00,0.02047097,0.01986771
7/2/24 8:00,0.1956423,0.1896128
7/2/24 9:00,0.1624468,0.1576467
7/2/24 10:00,0.2166269,0.2102677
7/2/24 11:00,0.3298265,0.3200624
7/2/24 12:00,0.2430331,0.2359104
7/2/24 13:00,0.2360305,0.2290445
7/2/24 14:00,0.3156818,0.3050945
7/2/24 15:00,0.1794951,0.173818
7/2/24 16:00,0.1543523,0.1481924
7/2/24 17:00,0.1113806,0.09206112
7/2/24 18:00,0.002998732,0
7/2/24 19:00,0,0
7/2/24 20:00,0,0
7/2/24 21:00,0,0
7/2/24 22:00,0,0
7/2/24 23:00,0,0
7/3/24 0:00,0,0
7/3/24 1:00,0,0
7/3/24 2:00,0,0
7/3/24 3:00,0,0
7/3/24 4:00,0,0
7/3/24 5:00,0.01899876,0.01815297
7/3/24 6:00,0.07506315,0.07235533
7/3/24 7:00,0.1487214,0.1438489
7/3/24 8:00,0.1651277,0.1600997
7/3/24 9:00,0.3603384,0.3482494
7/3/24 10:00,0.6211345,0.5911471
7/3/24 11:00,0.3513311,0.340857
7/3/24 12:00,0.2662963,0.2584793
7/3/24 13:00,0.4705958,0.4526912
7/3/24 14:00,0.3940252,0.3777151
7/3/24 15:00,0.2576165,0.2477183
7/3/24 16:00,0.1946171,0.18329
7/3/24 17:00,0.10702,0.09078956
7/3/24 18:00,0.008021376,0
7/3/24 19:00,0,0
7/3/24 20:00,0,0
7/3/24 21:00,0,0
7/3/24 22:00,0,0
7/3/24 23:00,0,0
7/4/24 0:00,0,0
7/4/24 1:00,0,0
7/4/24 2:00,0,0
7/4/24 3:00,0,0
7/4/24 4:00,0,0
7/4/24 5:00,0.01029863,0.009917965
7/4/24 6:00,0.05068698,0.04898836
7/4/24 7:00,0.1499583,0.14504
7/4/24 8:00,0.2611003,0.2524044
7/4/24 9:00,0.2903324,0.2814389
7/4/24 10:00,0.1577755,0.1531691
7/4/24 11:00,0.2183509,0.2119779
7/4/24 12:00,0.1920188,0.186416
7/4/24 13:00,0.1570713,0.1524687
7/4/24 14:00,0.1985976,0.192622
7/4/24 15:00,0.175687,0.1701518
7/4/24 16:00,0.08651921,0.08370335
7/4/24 17:00,0.03048829,0.02939912
7/4/24 18:00,0.002320544,0
7/4/24 19:00,0,0
7/4/24 20:00,0,0
7/4/24 21:00,0,0
7/4/24 22:00,0,0
7/4/24 23:00,0,0
7/5/24 0:00,0,0
7/5/24 1:00,0,0
7/5/24 2:00,0,0
7/5/24 3:00,0,0
7/5/24 4:00,0,0
7/5/24 5:00,0.05677294,0.03197272
7/5/24 6:00,0.1081711,0.1034028
7/5/24 7:00,0.3457915,0.3066645
7/5/24 8:00,0.548686,0.4939604
7/5/24 9:00,0.6031237,0.5646246
7/5/24 10:00,0.9112157,0.8457278
7/5/24 11:00,0.8108785,0.7641231
7/5/24 12:00,0.6153758,0.5887746
7/5/24 13:00,0.5822621,0.5536006
7/5/24 14:00,0.3573919,0.3442401
7/5/24 15:00,0.4938059,0.4335019
7/5/24 16:00,0.4443845,0.3261212
7/5/24 17:00,0.175845,0.08235577
7/5/24 18:00,0.01526978,0
7/5/24 19:00,0,0
7/5/24 20:00,0,0
7/5/24 21:00,0,0
7/5/24 22:00,0,0
7/5/24 23:00,0,0
7/6/24 0:00,0,0
7/6/24 1:00,0,0
7/6/24 2:00,0,0
7/6/24 3:00,0,0
7/6/24 4:00,0,0
7/6/24 5:00,0.02854386,0.02683835
7/6/24 6:00,0.2287315,0.1667285
7/6/24 7:00,0.4883718,0.393304
7/6/24 8:00,0.6033388,0.5352442
7/6/24 9:00,0.589204,0.5530899
7/6/24 10:00,0.7378662,0.6940569
7/6/24 11:00,0.4711077,0.4556448
7/6/24 12:00,0.1300218,0.1262417
7/6/24 13:00,0.1197246,0.1162297
7/6/24 14:00,0.05081281,0.04932787
7/6/24 15:00,0.1023206,0.09922506
7/6/24 16:00,0.0780924,0.07558616
7/6/24 17:00,0.09797543,0.08693127
7/6/24 18:00,0.01560507,0
7/6/24 19:00,0,0
7/6/24 20:00,0,0
7/6/24 21:00,0,0
7/6/24 22:00,0,0
7/6/24 23:00,0,0
7/7/24 0:00,0,0
7/7/24 1:00,0,0
7/7/24 2:00,0,0
7/7/24 3:00,0,0
7/7/24 4:00,0,0
7/7/24 5:00,0.04770516,0.0344026
7/7/24 6:00,0.1135743,0.1081447
7/7/24 7:00,0.2293857,0.218594
7/7/24 8:00,0.2898684,0.2794763
7/7/24 9:00,0.5887087,0.5528567
7/7/24 10:00,0.8665128,0.8069834
7/7/24 11:00,0.4636058,0.4485709
7/7/24 12:00,0.8582176,0.8049796
7/7/24 13:00,0.6210223,0.5880236
7/7/24 14:00,0.4298022,0.4101004
7/7/24 15:00,0.4778454,0.423344
7/7/24 16:00,0.4231811,0.3134748
7/7/24 17:00,0.1460652,0.09303193
7/7/24 18:00,0.01715757,0
7/7/24 19:00,0,0
7/7/24 20:00,0,0
7/7/24 21:00,0,0
7/7/24 22:00,0,0
7/7/24 23:00,0,0
7/8/24 0:00,0,0
7/8/24 1:00,0,0
7/8/24 2:00,0,0
7/8/24 3:00,0,0
7/8/24 4:00,0,0
7/8/24 5:00,0.000191996,0.000186356
7/8/24 6:00,0.03571941,0.03457272
7/8/24 7:00,0.06016817,0.05834627
7/8/24 8:00,0.1289615,0.1250905
7/8/24 9:00,0.1184602,0.1149867
7/8/24 10:00,0.1649316,0.1601195
7/8/24 11:00,0.1207599,0.1172541
7/8/24 12:00,0.1625527,0.1578236
7/8/24 13:00,0.1204884,0.116973
7/8/24 14:00,0.07310878,0.07096719
7/8/24 15:00,0.03657442,0.03549844
7/8/24 16:00,0.0575657,0.05577274
7/8/24 17:00,0.02780191,0.02683106
7/8/24 18:00,0.001761031,0
7/8/24 19:00,0,0
7/8/24 20:00,0,0
7/8/24 21:00,0,0
7/8/24 22:00,0,0
7/8/24 23:00,0,0
7/9/24 0:00,0,0
7/9/24 1:00,0,0
7/9/24 2:00,0,0
7/9/24 3:00,0,0
7/9/24 4:00,0,0
7/9/24 5:00,0.05165784,0.03151954
7/9/24 6:00,0.1359707,0.1263503
7/9/24 7:00,0.2633682,0.2471854
7/9/24 8:00,0.1932224,0.1872911
7/9/24 9:00,0.3237392,0.313537
7/9/24 10:00,0.279158,0.2709351
7/9/24 11:00,0.3444639,0.3342751
7/9/24 12:00,0.2961164,0.2874263
7/9/24 13:00,0.5608231,0.535322
7/9/24 14:00,0.5213237,0.4891537
7/9/24 15:00,0.282468,0.2705391
7/9/24 16:00,0.199906,0.1879372
7/9/24 17:00,0.05040479,0.04836079
7/9/24 18:00,0.003836199,0
7/9/24 19:00,0,0
7/9/24 20:00,0,0
7/9/24 21:00,0,0
7/9/24 22:00,0,0
7/9/24 23:00,0,0
7/10/24 0:00,0,0
7/10/24 1:00,0,0
7/10/24 2:00,0,0
7/10/24 3:00,0,0
7/10/24 4:00,0,0
7/10/24 5:00,0.07358325,0.01058241
7/10/24 6:00,0.2633086,0.1708613
7/10/24 7:00,0.4586115,0.3749371
7/10/24 8:00,0.4063536,0.3830829
7/10/24 9:00,0.7729408,0.7085751
7/10/24 10:00,0.992505,0.9228157
7/10/24 11:00,0.9290789,0.8723801
7/10/24 12:00,0.8524028,0.8015263
7/10/24 13:00,0.6038166,0.5737351
7/10/24 14:00,0.408839,0.3916486
7/10/24 15:00,0.3330393,0.3146827
7/10/24 16:00,0.1627602,0.1559941
7/10/24 17:00,0.103991,0.09012484
7/10/24 18:00,0.01494718,0
7/10/24 19:00,0,0
7/10/24 20:00,0,0
7/10/24 21:00,0,0
7/10/24 22:00,0,0
7/10/24 23:00,0,0
7/11/24 0:00,0,0
7/11/24 1:00,0,0
7/11/24 2:00,0,0
7/11/24 3:00,0,0
7/11/24 4:00,0,0
7/11/24 5:00,0.04621011,0.03221464
7/11/24 6:00,0.1229647,0.1159645
7/11/24 7:00,0.3827839,0.3294654
7/11/24 8:00,0.5060126,0.4628971
7/11/24 9:00,0.68997,0.6390064
7/11/24 10:00,0.7931778,0.7445104
7/11/24 11:00,0.9578766,0.8993171
7/11/24 12:00,1.058881,0.9907503
7/11/24 13:00,0.8509297,0.7893284
7/11/24 14:00,0.4851781,0.4590276
7/11/24 15:00,0.6496015,0.5535318
7/11/24 16:00,0.4400716,0.3278175
7/11/24 17:00,0.1298093,0.09593428
7/11/24 18:00,0.01946188,0
7/11/24 19:00,0,0
7/11/24 20:00,0,0
7/11/24 21:00,0,0
7/11/24 22:00,0,0
7/11/24 23:00,0,0
7/12/24 0:00,0,0
7/12/24 1:00,0,0
7/12/24 2:00,0,0
7/12/24 3:00,0,0
7/12/24 4:00,0,0
7/12/24 5:00,0.03479035,0.03046772
7/12/24 6:00,0.1289345,0.1207124
7/12/24 7:00,0.0985804,0.0955038
7/12/24 8:00,0.2200973,0.213245
7/12/24 9:00,0.3446829,0.333568
7/12/24 10:00,0.3202986,0.3107946
7/12/24 11:00,0.3070396,0.2980575
7/12/24 12:00,0.553128,0.5327636
7/12/24 13:00,0.3598125,0.3486758
7/12/24 14:00,0.2511827,0.2435374
7/12/24 15:00,0.1109431,0.1075851
7/12/24 16:00,0.1212469,0.1171303
7/12/24 17:00,0.05056606,0.04852216
7/12/24 18:00,0.001388609,0
7/12/24 19:00,0,0
7/12/24 20:00,0,0
7/12/24 21:00,0,0
7/12/24 22:00,0,0
7/12/24 23:00,0,0
7/13/24 0:00,0,0
7/13/24 1:00,0,0
7/13/24 2:00,0,0
7/13/24 3:00,0,0
7/13/24 4:00,0,0
7/13/24 5:00,0.0366952,0.03097273
7/13/24 6:00,0.2773027,0.1739063
7/13/24 7:00,0.4468688,0.3684571
7/13/24 8:00,0.6600874,0.5828379
7/13/24 9:00,0.8269206,0.7574377
7/13/24 10:00,0.8627272,0.8073806
7/13/24 11:00,0.9790419,0.9203741
7/13/24 12:00,0.6975874,0.6649515
7/13/24 13:00,0.7994453,0.7455366
7/13/24 14:00,0.6068351,0.5610608
7/13/24 15:00,0.4534833,0.4086726
7/13/24 16:00,0.2376077,0.2166522
7/13/24 17:00,0.1076498,0.09172381
7/13/24 18:00,0.01104879,0
7/13/24 19:00,0,0
7/13/24 20:00,0,0
7/13/24 21:00,0,0
7/13/24 22:00,0,0
7/13/24 23:00,0,0
7/14/24 0:00,0,0
7/14/24 1:00,0,0
7/14/24 2:00,0,0
7/14/24 3:00,0,0
7/14/24 4:00,0,0
7/14/24 5:00,0.02287019,0.02166552
7/14/24 6:00,0.1028093,0.09838965
7/14/24 7:00,0.2509261,0.236958
7/14/24 8:00,0.3747271,0.3563552
7/14/24 9:00,0.4443902,0.4269066
7/14/24 10:00,0.4245406,0.4109915
7/14/24 11:00,0.2431576,0.2360865
7/14/24 12:00,0.2789288,0.2707896
7/14/24 13:00,0.2718965,0.2638737
7/14/24 14:00,0.1628967,0.1580655
7/14/24 15:00,0.2157101,0.2086411
7/14/24 16:00,0.05850814,0.05669094
7/14/24 17:00,0.0339901,0.03276027
7/14/24 18:00,0.006007625,0
7/14/24 19:00,0,0
7/14/24 20:00,0,0
7/14/24 21:00,0,0
7/14/24 22:00,0,0
7/14/24 23:00,0,0
7/15/24 0:00,0,0
7/15/24 1:00,0,0
7/15/24 2:00,0,0
7/15/24 3:00,0,0
7/15/24 4:00,0,0
7/15/24 5:00,0.04744391,0.02859295
7/15/24 6:00,0.09786055,0.09385583
7/15/24 7:00,0.1792459,0.1729258
7/15/24 8:00,0.4442555,0.4150094
7/15/24 9:00,0.5956135,0.560889
7/15/24 10:00,0.8325642,0.7819328
7/15/24 11:00,0.8917843,0.8423095
7/15/24 12:00,0.8284469,0.7834017
7/15/24 13:00,0.8784721,0.8172864
7/15/24 14:00,0.6983936,0.6376234
7/15/24 15:00,0.5347387,0.4680989
7/15/24 16:00,0.3506428,0.2793688
7/15/24 17:00,0.1645105,0.08943131
7/15/24 18:00,0.01278923,0
7/15/24 19:00,0,0
7/15/24 20:00,0,0
7/15/24 21:00,0,0
7/15/24 22:00,0,0
7/15/24 23:00,0,0
7/16/24 0:00,0,0
7/16/24 1:00,0,0
7/16/24 2:00,0,0
7/16/24 3:00,0,0
7/16/24 4:00,0,0
7/16/24 5:00,0.02548551,0.02386223
7/16/24 6:00,0.07537268,0.07263204
7/16/24 7:00,0.2919035,0.2694684
7/16/24 8:00,0.5989818,0.5362682
7/16/24 9:00,0.4581917,0.4397381
7/16/24 10:00,0.6665578,0.6348637
7/16/24 11:00,0.8860959,0.8379521
7/16/24 12:00,1.022451,0.961737
7/16/24 13:00,0.8286604,0.7737026
7/16/24 14:00,0.6510828,0.5991582
7/16/24 15:00,0.6652951,0.5716443
7/16/24 16:00,0.4161221,0.3162338
7/16/24 17:00,0.1520154,0.09293034
7/16/24 18:00,0.01287336,0
7/16/24 19:00,0,0
7/16/24 20:00,0,0
7/16/24 21:00,0,0
7/16/24 22:00,0,0
7/16/24 23:00,0,0
7/17/24 0:00,0,0
7/17/24 1:00,0,0
7/17/24 2:00,0,0
7/17/24 3:00,0,0
7/17/24 4:00,0,0
7/17/24 5:00,0.03841547,0.02974391
7/17/24 6:00,0.1619059,0.1421003
7/17/24 7:00,0.3114617,0.2838126
7/17/24 8:00,0.3174337,0.3052108
7/17/24 9:00,0.4108125,0.3961084
7/17/24 10:00,0.6441149,0.6150624
7/17/24 11:00,0.7576063,0.7222285
7/17/24 12:00,0.5366884,0.5181435
7/17/24 13:00,0.4858565,0.4681974
7/17/24 14:00,0.1993618,0.1934225
7/17/24 15:00,0.2387525,0.230517
7/17/24 16:00,0.3332399,0.2718496
7/17/24 17:00,0.1027014,0.08946747
7/17/24 18:00,0.01009432,0
7/17/24 19:00,0,0
7/17/24 20:00,0,0
7/17/24 21:00,0,0
7/17/24 22:00,0,0
7/17/24 23:00,0,0
7/18/24 0:00,0,0
7/18/24 1:00,0,0
7/18/24 2:00,0,0
7/18/24 3:00,0,0
7/18/24 4:00,0,0
7/18/24 5:00,0.03156829,0.02765733
7/18/24 6:00,0.2280255,0.1623874
7/18/24 7:00,0.356852,0.3144535
7/18/24 8:00,0.5915514,0.5317042
7/18/24 9:00,0.8907456,0.8194552
7/18/24 10:00,0.7418551,0.703155
7/18/24 11:00,0.8212956,0.7806491
7/18/24 12:00,0.9152235,0.8646505
7/18/24 13:00,0.8462816,0.791272
7/18/24 14:00,0.862031,0.7833641
7/18/24 15:00,0.6145462,0.531653
7/18/24 16:00,0.3593309,0.2854836
7/18/24 17:00,0.1536433,0.09244972
7/18/24 18:00,0.01088849,0
7/18/24 19:00,0,0
7/18/24 20:00,0,0
7/18/24 21:00,0,0
7/18/24 22:00,0,0
7/18/24 23:00,0,0
7/19/24 0:00,0,0
7/19/24 1:00,0,0
7/19/24 2:00,0,0
7/19/24 3:00,0,0
7/19/24 4:00,0,0
7/19/24 5:00,0.01108359,0.01063964
7/19/24 6:00,0.06052347,0.05842435
7/19/24 7:00,0.1938529,0.1865744
7/19/24 8:00,0.2347791,0.2274128
7/19/24 9:00,0.3595795,0.3479524
7/19/24 10:00,0.2577864,0.2502703
7/19/24 11:00,0.2416578,0.234657
7/19/24 12:00,0.2187459,0.2124056
7/19/24 13:00,0.1722158,0.1672002
7/19/24 14:00,0.2099158,0.2036624
7/19/24 15:00,0.1180821,0.1145166
7/19/24 16:00,0.07053312,0.06831799
7/19/24 17:00,0.02971881,0.02867617
7/19/24 18:00,0.008967373,0
7/19/24 19:00,0,0
7/19/24 20:00,0,0
7/19/24 21:00,0,0
7/19/24 22:00,0,0
7/19/24 23:00,0,0
7/20/24 0:00,0,0
7/20/24 1:00,0,0
7/20/24 2:00,0,0
7/20/24 3:00,0,0
7/20/24 4:00,0,0
7/20/24 5:00,0.000579884,0.000562664
7/20/24 6:00,0.004547391,0.004413282
7/20/24 7:00,0.02316901,0.0224864
7/20/24 8:00,0.03254832,0.03159746
7/20/24 9:00,0.01903782,0.01848342
7/20/24 10:00,0.1008077,0.09788562
7/20/24 11:00,0.181393,0.1761475
7/20/24 12:00,0.05830969,0.05661927
7/20/24 13:00,0.06785011,0.06588053
7/20/24 14:00,0.1023504,0.09935413
7/20/24 15:00,0.07773276,0.07542339
7/20/24 16:00,0.02759957,0.02677511
7/20/24 17:00,0.07413636,0.07004519
7/20/24 18:00,0.004400025,0
7/20/24 19:00,0,0
7/20/24 20:00,0,0
7/20/24 21:00,0,0
7/20/24 22:00,0,0
7/20/24 23:00,0,0
7/21/24 0:00,0,0
7/21/24 1:00,0,0
7/21/24 2:00,0,0
7/21/24 3:00,0,0
7/21/24 4:00,0,0
7/21/24 5:00,0.04978073,0.02042308
7/21/24 6:00,0.2713777,0.172609
7/21/24 7:00,0.4776381,0.3932927
7/21/24 8:00,0.6891182,0.6137354
7/21/24 9:00,0.7639979,0.7092694
7/21/24 10:00,0.7461996,0.7090147
7/21/24 11:00,0.8356435,0.7961207
7/21/24 12:00,0.8501921,0.808001
7/21/24 13:00,0.8382128,0.7870412
7/21/24 14:00,0.7620093,0.6976342
7/21/24 15:00,0.4644335,0.4204796
7/21/24 16:00,0.3791518,0.2981938
7/21/24 17:00,0.1502168,0.09282447
7/21/24 18:00,0.01203758,0
7/21/24 19:00,0,0
7/21/24 20:00,0,0
7/21/24 21:00,0,0
7/21/24 22:00,0,0
7/21/24 23:00,0,0
7/22/24 0:00,0,0
7/22/24 1:00,0,0
7/22/24 2:00,0,0
7/22/24 3:00,0,0
7/22/24 4:00,0,0
7/22/24 5:00,0.05400985,0.01486684
7/22/24 6:00,0.2246787,0.1611044
7/22/24 7:00,0.4880104,0.401562
7/22/24 8:00,0.7238104,0.6448634
7/22/24 9:00,0.9288923,0.8592616
7/22/24 10:00,1.032893,0.9732754
7/22/24 11:00,1.055553,1.001821
7/22/24 12:00,1.080386,1.023615
7/22/24 13:00,1.018098,0.9540817
7/22/24 14:00,0.6380138,0.5926172
7/22/24 15:00,0.5602391,0.4929243
7/22/24 16:00,0.42408,0.3270988
7/22/24 17:00,0.16915,0.08826605
7/22/24 18:00,0.01072533,0
7/22/24 19:00,0,0
7/22/24 20:00,0,0
7/22/24 21:00,0,0
7/22/24 22:00,0,0
7/22/24 23:00,0,0
7/23/24 0:00,0,0
7/23/24 1:00,0,0
7/23/24 2:00,0,0
7/23/24 3:00,0,0
7/23/24 4:00,0,0
7/23/24 5:00,0.003643472,0.003524508
7/23/24 6:00,0.04517719,0.04368489
7/23/24 7:00,0.1047472,0.1014876
7/23/24 8:00,0.2619479,0.2534411
7/23/24 9:00,0.2190951,0.2126533
7/23/24 10:00,0.09651861,0.09372376
7/23/24 11:00,0.08513191,0.08266961
7/23/24 12:00,0.2099954,0.2039289
7/23/24 13:00,0.1218587,0.1183246
7/23/24 14:00,0.08710454,0.08456223
7/23/24 15:00,0.09343358,0.09064811
7/23/24 16:00,0.07255838,0.07028279
7/23/24 17:00,0.04389344,0.04220769
7/23/24 18:00,0.003672434,0
7/23/24 19:00,0,0
7/23/24 20:00,0,0
7/23/24 21:00,0,0
7/23/24 22:00,0,0
7/23/24 23:00,0,0
7/24/24 0:00,0,0
7/24/24 1:00,0,0
7/24/24 2:00,0,0
7/24/24 3:00,0,0
7/24/24 4:00,0,0
7/24/24 5:00,0.0394343,0.02516728
7/24/24 6:00,0.2250964,0.1610347
7/24/24 7:00,0.472855,0.3924305
7/24/24 8:00,0.7446474,0.665774
7/24/24 9:00,0.9314045,0.864334
7/24/24 10:00,1.036437,0.9794124
7/24/24 11:00,0.9979103,0.9500355
7/24/24 12:00,0.8542085,0.8145894
7/24/24 13:00,0.9753917,0.9170212
7/24/24 14:00,0.755896,0.6957296
7/24/24 15:00,0.5674694,0.5004761
7/24/24 16:00,0.3775209,0.2995138
7/24/24 17:00,0.1280852,0.09454145
7/24/24 18:00,0.008230904,0
7/24/24 19:00,0,0
7/24/24 20:00,0,0
7/24/24 21:00,0,0
7/24/24 22:00,0,0
7/24/24 23:00,0,0
7/25/24 0:00,0,0
7/25/24 1:00,0,0
7/25/24 2:00,0,0
7/25/24 3:00,0,0
7/25/24 4:00,0,0
7/25/24 5:00,0.01426739,0.01361716
7/25/24 6:00,0.07096747,0.0684301
7/25/24 7:00,0.09965319,0.09657091
7/25/24 8:00,0.08528577,0.08277729
7/25/24 9:00,0.1084526,0.1052976
7/25/24 10:00,0.3693206,0.3584309
7/25/24 11:00,0.2912697,0.2828745
7/25/24 12:00,0.2445207,0.2374676
7/25/24 13:00,0.3123757,0.3032187
7/25/24 14:00,0.2036626,0.1976445
7/25/24 15:00,0.1681467,0.1629984
7/25/24 16:00,0.08201674,0.07942066
7/25/24 17:00,0.04261313,0.04099017
7/25/24 18:00,0.003974493,0
7/25/24 19:00,0,0
7/25/24 20:00,0,0
7/25/24 21:00,0,0
7/25/24 22:00,0,0
7/25/24 23:00,0,0
7/26/24 0:00,0,0
7/26/24 1:00,0,0
7/26/24 2:00,0,0
7/26/24 3:00,0,0
7/26/24 4:00,0,0
7/26/24 5:00,0.06104689,0.005169163
7/26/24 6:00,0.3088185,0.1944606
7/26/24 7:00,0.5104595,0.422668
7/26/24 8:00,0.7050381,0.6334125
7/26/24 9:00,0.6269993,0.5935623
7/26/24 10:00,1.001363,0.9492697
7/26/24 11:00,1.045246,0.9976714
7/26/24 12:00,0.912289,0.8707706
7/26/24 13:00,0.9780527,0.9224284
7/26/24 14:00,0.8734544,0.8046086
7/26/24 15:00,0.633768,0.5567999
7/26/24 16:00,0.201554,0.1900898
7/26/24 17:00,0.1614252,0.08896619
7/26/24 18:00,0.006076006,0
7/26/24 19:00,0,0
7/26/24 20:00,0,0
7/26/24 21:00,0,0
7/26/24 22:00,0,0
7/26/24 23:00,0,0
7/27/24 0:00,0,0
7/27/24 1:00,0,0
7/27/24 2:00,0,0
7/27/24 3:00,0,0
7/27/24 4:00,0,0
7/27/24 5:00,0.0220227,0.02047955
7/27/24 6:00,0.04882341,0.04719627
7/27/24 7:00,0.08291908,0.08039074
7/27/24 8:00,0.1609472,0.156141
7/27/24 9:00,0.2583517,0.2507565
7/27/24 10:00,0.5690545,0.5493211
7/27/24 11:00,0.5366739,0.5201533
7/27/24 12:00,0.2969683,0.2884192
7/27/24 13:00,0.4225064,0.4094376
7/27/24 14:00,0.2078931,0.2017623
7/27/24 15:00,0.1666778,0.161593
7/27/24 16:00,0.1046034,0.1012086
7/27/24 17:00,0.02214394,0.02140488
7/27/24 18:00,0.002055191,0
7/27/24 19:00,0,0
7/27/24 20:00,0,0
7/27/24 21:00,0,0
7/27/24 22:00,0,0
7/27/24 23:00,0,0
7/28/24 0:00,0,0
7/28/24 1:00,0,0
7/28/24 2:00,0,0
7/28/24 3:00,0,0
7/28/24 4:00,0,0
7/28/24 5:00,0.008974161,0.008620136
7/28/24 6:00,0.05913246,0.05710029
7/28/24 7:00,0.1659977,0.1604864
7/28/24 8:00,0.245421,0.2377592
7/28/24 9:00,0.3223985,0.312688
7/28/24 10:00,0.2975244,0.2889268
7/28/24 11:00,0.1658106,0.1610401
7/28/24 12:00,0.169406,0.1645295
7/28/24 13:00,0.05053599,0.04907085
7/28/24 14:00,0.07855064,0.07626466
7/28/24 15:00,0.03407243,0.03307559
7/28/24 16:00,0.03856724,0.03740677
7/28/24 17:00,0.01938658,0.01875078
7/28/24 18:00,0.002398375,0
7/28/24 19:00,0,0
7/28/24 20:00,0,0
7/28/24 21:00,0,0
7/28/24 22:00,0,0
7/28/24 23:00,0,0
7/29/24 0:00,0,0
7/29/24 1:00,0,0
7/29/24 2:00,0,0
7/29/24 3:00,0,0
7/29/24 4:00,0,0
7/29/24 5:00,0.01412409,0.01346259
7/29/24 6:00,0.04001684,0.03871975
7/29/24 7:00,0.09143724,0.08863875
7/29/24 8:00,0.08902581,0.08641239
7/29/24 9:00,0.1745244,0.1694455
7/29/24 10:00,0.1495692,0.1452557
7/29/24 11:00,0.3667186,0.356211
7/29/24 12:00,0.1931721,0.1876191
7/29/24 13:00,0.02548321,0.02474272
7/29/24 14:00,0.050947,0.04946591
7/29/24 15:00,0.05508942,0.05347149
7/29/24 16:00,0.07034734,0.0681605
7/29/24 17:00,0.0317455,0.03061779
7/29/24 18:00,0.003455796,0
7/29/24 19:00,0,0
7/29/24 20:00,0,0
7/29/24 21:00,0,0
7/29/24 22:00,0,0
7/29/24 23:00,0,0
7/30/24 0:00,0,0
7/30/24 1:00,0,0
7/30/24 2:00,0,0
7/30/24 3:00,0,0
7/30/24 4:00,0,0
7/30/24 5:00,0.008488316,0.008155246
7/30/24 6:00,0.03789797,0.03667807
7/30/24 7:00,0.0306793,0.02977463
7/30/24 8:00,0.02027573,0.01968482
7/30/24 9:00,0.03052597,0.02963899
7/30/24 10:00,0.003687132,0.003579458
7/30/24 11:00,0.02925691,0.02840771
7/30/24 12:00,0.03277773,0.03182677
7/30/24 13:00,0.01257535,0.01220914
7/30/24 14:00,0.000681385,0.000661448
7/30/24 15:00,0.01677158,0.01628214
7/30/24 16:00,0.02771232,0.0268877
7/30/24 17:00,0.02610034,0.02520623
7/30/24 18:00,0.001972491,0
7/30/24 19:00,0,0
7/30/24 20:00,0,0
7/30/24 21:00,0,0
7/30/24 22:00,0,0
7/30/24 23:00,0,0
7/31/24 0:00,0,0
7/31/24 1:00,0,0
7/31/24 2:00,0,0
7/31/24 3:00,0,0
7/31/24 4:00,0,0
7/31/24 5:00,0.005813784,0.005604922
7/31/24 6:00,0.0394653,0.03819023
7/31/24 7:00,0.08182428,0.07934184
7/31/24 8:00,0.1577223,0.1530409
7/31/24 9:00,0.1819544,0.1766689
7/31/24 10:00,0.1828776,0.1776154
7/31/24 11:00,0.1506363,0.1463086
7/31/24 12:00,0.1347225,0.1308471
7/31/24 13:00,0.09170573,0.08905553
7/31/24 14:00,0.1132719,0.1099757
7/31/24 15:00,0.1032431,0.1001773
7/31/24 16:00,0.08106807,0.07852375
7/31/24 17:00,0.05830196,0.05579961
7/31/24 18:00,0.001350942,0
7/31/24 19:00,0,0
7/31/24 20:00,0,0
7/31/24 21:00,0,0
7/31/24 22:00,0,0
7/31/24 23:00,0,0
8/1/24 0:00,0,0
8/1/24 1:00,0,0
8/1/24 2:00,0,0
8/1/24 3:00,0,0
8/1/24 4:00,0,0
8/1/24 5:00,0.004291774,0.004145315
8/1/24 6:00,0.02379515,0.02305995
8/1/24 7:00,0.01752651,0.01701285
8/1/24 8:00,0.1024541,0.09944728
8/1/24 9:00,0.1647535,0.159976
8/1/24 10:00,0.1128071,0.1095558
8/1/24 11:00,0.09975982,0.09688642
8/1/24 12:00,0.112527,0.1092877
8/1/24 13:00,0.1285975,0.124888
8/1/24 14:00,0.1081363,0.1049927
8/1/24 15:00,0.04657798,0.04521432
8/1/24 16:00,0.03624289,0.0351573
8/1/24 17:00,0.01644905,0.01591919
8/1/24 18:00,0.001393846,0
8/1/24 19:00,0,0
8/1/24 20:00,0,0
8/1/24 21:00,0,0
8/1/24 22:00,0,0
8/1/24 23:00,0,0
8/2/24 0:00,0,0
8/2/24 1:00,0,0
8/2/24 2:00,0,0
8/2/24 3:00,0,0
8/2/24 4:00,0,0
8/2/24 5:00,0.03180844,0.02189537
8/2/24 6:00,0.199687,0.1552094
8/2/24 7:00,0.4099738,0.3567483
8/2/24 8:00,0.6500156,0.5951388
8/2/24 9:00,0.9110335,0.8597975
8/2/24 10:00,0.8614786,0.8275474
8/2/24 11:00,0.9603819,0.9273712
8/2/24 12:00,0.9959143,0.9600798
8/2/24 13:00,0.9675956,0.9238042
8/2/24 14:00,0.7635274,0.714494
8/2/24 15:00,0.4165275,0.3888749
8/2/24 16:00,0.284195,0.2503312
8/2/24 17:00,0.09095561,0.08098447
8/2/24 18:00,0.006438559,0
8/2/24 19:00,0,0
8/2/24 20:00,0,0
8/2/24 21:00,0,0
8/2/24 22:00,0,0
8/2/24 23:00,0,0
8/3/24 0:00,0,0
8/3/24 1:00,0,0
8/3/24 2:00,0,0
8/3/24 3:00,0,0
8/3/24 4:00,0,0
8/3/24 5:00,0.02705264,0.02178222
8/3/24 6:00,0.2018233,0.155992
8/3/24 7:00,0.4359722,0.3761597
8/3/24 8:00,0.6554926,0.6013483
8/3/24 9:00,0.9252809,0.8750076
8/3/24 10:00,0.8975381,0.863166
8/3/24 11:00,0.9458261,0.914947
8/3/24 12:00,0.9914703,0.957475
8/3/24 13:00,0.8740295,0.8367041
8/3/24 14:00,0.857983,0.8034099
8/3/24 15:00,0.6930695,0.620611
8/3/24 16:00,0.4356271,0.3497722
8/3/24 17:00,0.1629612,0.08535895
8/3/24 18:00,0.007924841,0
8/3/24 19:00,0,0
8/3/24 20:00,0,0
8/3/24 21:00,0,0
8/3/24 22:00,0,0
8/3/24 23:00,0,0
8/4/24 0:00,0,0
8/4/24 1:00,0,0
8/4/24 2:00,0,0
8/4/24 3:00,0,0
8/4/24 4:00,0,0
8/4/24 5:00,0.03508797,0.01870675
8/4/24 6:00,0.1986414,0.1551905
8/4/24 7:00,0.502875,0.4288846
8/4/24 8:00,0.6113928,0.5644998
8/4/24 9:00,0.6173964,0.5913929
8/4/24 10:00,0.913469,0.879908
8/4/24 11:00,0.8786516,0.8518503
8/4/24 12:00,0.8641878,0.8368405
8/4/24 13:00,0.6025311,0.5825589
8/4/24 14:00,0.498517,0.4782298
8/4/24 15:00,0.4290672,0.4001261
8/4/24 16:00,0.3186649,0.2720857
8/4/24 17:00,0.1508627,0.08601618
8/4/24 18:00,0.00715988,0
8/4/24 19:00,0,0
8/4/24 20:00,0,0
8/4/24 21:00,0,0
8/4/24 22:00,0,0
8/4/24 23:00,0,0
8/5/24 0:00,0,0
8/5/24 1:00,0,0
8/5/24 2:00,0,0
8/5/24 3:00,0,0
8/5/24 4:00,0,0
8/5/24 5:00,0.03792851,0.01528966
8/5/24 6:00,0.2334983,0.1663284
8/5/24 7:00,0.5029928,0.4305604
8/5/24 8:00,0.6327146,0.5843575
8/5/24 9:00,0.6031259,0.5790036
8/5/24 10:00,0.8101923,0.7829182
8/5/24 11:00,0.8923885,0.8664748
8/5/24 12:00,0.9700567,0.9402074
8/5/24 13:00,0.8631936,0.8295168
8/5/24 14:00,0.7392967,0.6968015
8/5/24 15:00,0.4662944,0.4311717
8/5/24 16:00,0.3576813,0.2967103
8/5/24 17:00,0.1415248,0.08655248
8/5/24 18:00,0.004530046,0
8/5/24 19:00,0,0
8/5/24 20:00,0,0
8/5/24 21:00,0,0
8/5/24 22:00,0,0
8/5/24 23:00,0,0
8/6/24 0:00,0,0
8/6/24 1:00,0,0
8/6/24 2:00,0,0
8/6/24 3:00,0,0
8/6/24 4:00,0,0
8/6/24 5:00,0.0150222,0.01423557
8/6/24 6:00,0.08077065,0.07783294
8/6/24 7:00,0.2490797,0.2368807
8/6/24 8:00,0.2900041,0.2806794
8/6/24 9:00,0.7060581,0.6750466
8/6/24 10:00,0.760105,0.7362925
8/6/24 11:00,0.6334319,0.616608
8/6/24 12:00,0.9232306,0.8966054
8/6/24 13:00,0.7378371,0.7121407
8/6/24 14:00,0.4265033,0.4119512
8/6/24 15:00,0.3411659,0.3256837
8/6/24 16:00,0.1969149,0.1865588
8/6/24 17:00,0.07006948,0.06586471
8/6/24 18:00,0.005488904,0
8/6/24 19:00,0,0
8/6/24 20:00,0,0
8/6/24 21:00,0,0
8/6/24 22:00,0,0
8/6/24 23:00,0,0
8/7/24 0:00,0,0
8/7/24 1:00,0,0
8/7/24 2:00,0,0
8/7/24 3:00,0,0
8/7/24 4:00,0,0
8/7/24 5:00,0.03658257,0.01462855
8/7/24 6:00,0.1701352,0.1446368
8/7/24 7:00,0.1564692,0.1515072
8/7/24 8:00,0.390209,0.3743127
8/7/24 9:00,0.6262296,0.6020532
8/7/24 10:00,0.7683858,0.7453613
8/7/24 11:00,0.8720177,0.8495763
8/7/24 12:00,0.5918074,0.5761668
8/7/24 13:00,0.5168514,0.5018216
8/7/24 14:00,0.1762689,0.1711632
8/7/24 15:00,0.1628433,0.1579761
8/7/24 16:00,0.2338196,0.2162976
8/7/24 17:00,0.09619075,0.0819167
8/7/24 18:00,0.006955133,0
8/7/24 19:00,0,0
8/7/24 20:00,0,0
8/7/24 21:00,0,0
8/7/24 22:00,0,0
8/7/24 23:00,0,0
8/8/24 0:00,0,0
8/8/24 1:00,0,0
8/8/24 2:00,0,0
8/8/24 3:00,0,0
8/8/24 4:00,0,0
8/8/24 5:00,0.04213442,0.008026418
8/8/24 6:00,0.128398,0.1191958
8/8/24 7:00,0.1398982,0.1355603
8/8/24 8:00,0.1196493,0.1161568
8/8/24 9:00,0.3018984,0.2932128
8/8/24 10:00,0.2554809,0.248222
8/8/24 11:00,0.4023965,0.3913553
8/8/24 12:00,0.4200308,0.4085539
8/8/24 13:00,0.2958519,0.2874449
8/8/24 14:00,0.2579611,0.250467
8/8/24 15:00,0.1347173,0.1307257
8/8/24 16:00,0.1151582,0.1114571
8/8/24 17:00,0.02883184,0.02781943
8/8/24 18:00,0.005148933,0
8/8/24 19:00,0,0
8/8/24 20:00,0,0
8/8/24 21:00,0,0
8/8/24 22:00,0,0
8/8/24 23:00,0,0
8/9/24 0:00,0,0
8/9/24 1:00,0,0
8/9/24 2:00,0,0
8/9/24 3:00,0,0
8/9/24 4:00,0,0
8/9/24 5:00,0.03270756,0.01633331
8/9/24 6:00,0.0707332,0.06827013
8/9/24 7:00,0.1918594,0.1851966
8/9/24 8:00,0.5925679,0.5547838
8/9/24 9:00,0.5872055,0.5670729
8/9/24 10:00,0.708845,0.6899588
8/9/24 11:00,0.6676462,0.6517628
8/9/24 12:00,0.8102289,0.7910466
8/9/24 13:00,0.7027932,0.6818584
8/9/24 14:00,0.4867248,0.4694045
8/9/24 15:00,0.1798604,0.1744797
8/9/24 16:00,0.1146708,0.1109954
8/9/24 17:00,0.04100572,0.03943808
8/9/24 18:00,0.003506978,0
8/9/24 19:00,0,0
8/9/24 20:00,0,0
8/9/24 21:00,0,0
8/9/24 22:00,0,0
8/9/24 23:00,0,0
8/10/24 0:00,0,0
8/10/24 1:00,0,0
8/10/24 2:00,0,0
8/10/24 3:00,0,0
8/10/24 4:00,0,0
8/10/24 5:00,0.03195136,0.01612592
8/10/24 6:00,0.1209572,0.1134571
8/10/24 7:00,0.1769601,0.1711473
8/10/24 8:00,0.2141464,0.2078421
8/10/24 9:00,0.2480831,0.2409826
8/10/24 10:00,0.2975824,0.2891935
8/10/24 11:00,0.3889497,0.3783234
8/10/24 12:00,0.2777784,0.2699459
8/10/24 13:00,0.2630589,0.2555903
8/10/24 14:00,0.1053978,0.1023557
8/10/24 15:00,0.0764401,0.07420502
8/10/24 16:00,0.08597176,0.08329981
8/10/24 17:00,0.05018143,0.04812282
8/10/24 18:00,0.003264946,0
8/10/24 19:00,0,0
8/10/24 20:00,0,0
8/10/24 21:00,0,0
8/10/24 22:00,0,0
8/10/24 23:00,0,0
8/11/24 0:00,0,0
8/11/24 1:00,0,0
8/11/24 2:00,0,0
8/11/24 3:00,0,0
8/11/24 4:00,0,0
8/11/24 5:00,0.02860452,0.01765344
8/11/24 6:00,0.05177256,0.05007049
8/11/24 7:00,0.153514,0.1487285
8/11/24 8:00,0.09770979,0.09487213
8/11/24 9:00,0.0315455,0.03063115
8/11/24 10:00,0.05887542,0.05717754
8/11/24 11:00,0.04735769,0.04598992
8/11/24 12:00,0.09833203,0.09551248
8/11/24 13:00,0.1591558,0.1546115
8/11/24 14:00,0.1001585,0.09726948
8/11/24 15:00,0.02998729,0.02911434
8/11/24 16:00,0.05822647,0.05646384
8/11/24 17:00,0.02049811,0.01981574
8/11/24 18:00,0.003067412,0
8/11/24 19:00,0,0
8/11/24 20:00,0,0
8/11/24 21:00,0,0
8/11/24 22:00,0,0
8/11/24 23:00,0,0
8/12/24 0:00,0,0
8/12/24 1:00,0,0
8/12/24 2:00,0,0
8/12/24 3:00,0,0
8/12/24 4:00,0,0
8/12/24 5:00,0.03314959,0.01334174
8/12/24 6:00,0.1050421,0.1001325
8/12/24 7:00,0.430469,0.3833176
8/12/24 8:00,0.6351065,0.5974459
8/12/24 9:00,0.9152019,0.8834518
8/12/24 10:00,0.9850154,0.963837
8/12/24 11:00,1.031358,1.01439
8/12/24 12:00,0.9235431,0.9069169
8/12/24 13:00,0.7654103,0.7459198
8/12/24 14:00,0.5199639,0.5021411
8/12/24 15:00,0.4257246,0.4017918
8/12/24 16:00,0.2763555,0.2477956
8/12/24 17:00,0.1238908,0.08168802
8/12/24 18:00,0.002869411,0
8/12/24 19:00,0,0
8/12/24 20:00,0,0
8/12/24 21:00,0,0
8/12/24 22:00,0,0
8/12/24 23:00,0,0
8/13/24 0:00,0,0
8/13/24 1:00,0,0
8/13/24 2:00,0,0
8/13/24 3:00,0,0
8/13/24 4:00,0,0
8/13/24 5:00,0.02554856,0.01776936
8/13/24 6:00,0.2350947,0.1736961
8/13/24 7:00,0.4379039,0.3906649
8/13/24 8:00,0.6598204,0.6218209
8/13/24 9:00,0.8248941,0.7984257
8/13/24 10:00,0.7117089,0.6966833
8/13/24 11:00,0.8695657,0.856032
8/13/24 12:00,0.8933423,0.8787593
8/13/24 13:00,0.6959505,0.6793198
8/13/24 14:00,0.7412183,0.7112807
8/13/24 15:00,0.644083,0.5944756
8/13/24 16:00,0.3463155,0.2958083
8/13/24 17:00,0.1218551,0.08071936
8/13/24 18:00,0.002173274,0
8/13/24 19:00,0,0
8/13/24 20:00,0,0
8/13/24 21:00,0,0
8/13/24 22:00,0,0
8/13/24 23:00,0,0
8/14/24 0:00,0,0
8/14/24 1:00,0,0
8/14/24 2:00,0,0
8/14/24 3:00,0,0
8/14/24 4:00,0,0
8/14/24 5:00,0.03011358,0.01447328
8/14/24 6:00,0.2237052,0.1695336
8/14/24 7:00,0.3559403,0.3274331
8/14/24 8:00,0.4721441,0.452383
8/14/24 9:00,0.6448207,0.6265855
8/14/24 10:00,0.7631846,0.748826
8/14/24 11:00,0.985833,0.9734338
8/14/24 12:00,0.9775038,0.9640133
8/14/24 13:00,0.9740086,0.9531156
8/14/24 14:00,0.8411033,0.8085365
8/14/24 15:00,0.5324359,0.4959531
8/14/24 16:00,0.3095244,0.2712837
8/14/24 17:00,0.1172398,0.0798221
8/14/24 18:00,0.0028698,0
8/14/24 19:00,0,0
8/14/24 20:00,0,0
8/14/24 21:00,0,0
8/14/24 22:00,0,0
8/14/24 23:00,0,0
8/15/24 0:00,0,0
8/15/24 1:00,0,0
8/15/24 2:00,0,0
8/15/24 3:00,0,0
8/15/24 4:00,0,0
8/15/24 5:00,0.03421446,0.009584849
8/15/24 6:00,0.1382267,0.126685
8/15/24 7:00,0.2043168,0.1971917
8/15/24 8:00,0.3027277,0.2935737
8/15/24 9:00,0.1647076,0.1600133
8/15/24 10:00,0.6399783,0.6271665
8/15/24 11:00,0.8426362,0.8321154
8/15/24 12:00,0.6751485,0.6630991
8/15/24 13:00,0.4998947,0.4876431
8/15/24 14:00,0.1402668,0.1362462
8/15/24 15:00,0.2235741,0.2168078
8/15/24 16:00,0.250061,0.2295923
8/15/24 17:00,0.09193362,0.07589577
8/15/24 18:00,0.002285648,0
8/15/24 19:00,0,0
8/15/24 20:00,0,0
8/15/24 21:00,0,0
8/15/24 22:00,0,0
8/15/24 23:00,0,0
8/16/24 0:00,0,0
8/16/24 1:00,0,0
8/16/24 2:00,0,0
8/16/24 3:00,0,0
8/16/24 4:00,0,0
8/16/24 5:00,0.03434592,0.008591374
8/16/24 6:00,0.2736318,0.200946
8/16/24 7:00,0.5073623,0.4546978
8/16/24 8:00,0.652051,0.6202433
8/16/24 9:00,0.88274,0.8607298
8/16/24 10:00,0.9510276,0.9387045
8/16/24 11:00,0.9546568,0.9462999
8/16/24 12:00,0.9139575,0.9045646
8/16/24 13:00,0.8149659,0.8006088
8/16/24 14:00,0.777634,0.7515488
8/16/24 15:00,0.6595973,0.6146646
8/16/24 16:00,0.3173529,0.2779814
8/16/24 17:00,0.1057273,0.07749521
8/16/24 18:00,0.001162542,0
8/16/24 19:00,0,0
8/16/24 20:00,0,0
8/16/24 21:00,0,0
8/16/24 22:00,0,0
8/16/24 23:00,0,0
8/17/24 0:00,0,0
8/17/24 1:00,0,0
8/17/24 2:00,0,0
8/17/24 3:00,0,0
8/17/24 4:00,0,0
8/17/24 5:00,0.01302166,0.0122897
8/17/24 6:00,0.1453104,0.1318243
8/17/24 7:00,0.2941113,0.2784038
8/17/24 8:00,0.3980108,0.3849599
8/17/24 9:00,0.5041181,0.4916767
8/17/24 10:00,0.450919,0.4398339
8/17/24 11:00,0.5364399,0.52491
8/17/24 12:00,0.5646936,0.5532163
8/17/24 13:00,0.74871,0.7363338
8/17/24 14:00,0.5927387,0.5754763
8/17/24 15:00,0.4747034,0.448691
8/17/24 16:00,0.2392479,0.2217038
8/17/24 17:00,0.06410886,0.05973551
8/17/24 18:00,0.000909603,0
8/17/24 19:00,0,0
8/17/24 20:00,0,0
8/17/24 21:00,0,0
8/17/24 22:00,0,0
8/17/24 23:00,0,0
8/18/24 0:00,0,0
8/18/24 1:00,0,0
8/18/24 2:00,0,0
8/18/24 3:00,0,0
8/18/24 4:00,0,0
8/18/24 5:00,0.01913759,0.01605775
8/18/24 6:00,0.1592196,0.1409153
8/18/24 7:00,0.4585302,0.4161475
8/18/24 8:00,0.6460322,0.6184368
8/18/24 9:00,0.9081728,0.8901483
8/18/24 10:00,0.9899142,0.9816543
8/18/24 11:00,1.109636,1.105387
8/18/24 12:00,0.8385372,0.8319119
8/18/24 13:00,0.7987465,0.7878171
8/18/24 14:00,0.6194139,0.6023709
8/18/24 15:00,0.4100469,0.3916704
8/18/24 16:00,0.3378815,0.294477
8/18/24 17:00,0.1185484,0.07491922
8/18/24 18:00,0.001351082,0
8/18/24 19:00,0,0
8/18/24 20:00,0,0
8/18/24 21:00,0,0
8/18/24 22:00,0,0
8/18/24 23:00,0,0
8/19/24 0:00,0,0
8/19/24 1:00,0,0
8/19/24 2:00,0,0
8/19/24 3:00,0,0
8/19/24 4:00,0,0
8/19/24 5:00,0.01575122,0.01430255
8/19/24 6:00,0.1841918,0.1551477
8/19/24 7:00,0.4006451,0.3690566
8/19/24 8:00,0.5493506,0.5291359
8/19/24 9:00,0.6763143,0.6635796
8/19/24 10:00,0.8585099,0.8521372
8/19/24 11:00,0.9073685,0.9043033
8/19/24 12:00,1.041773,1.038662
8/19/24 13:00,0.8824685,0.8732519
8/19/24 14:00,0.7143202,0.6959461
8/19/24 15:00,0.4363729,0.4162169
8/19/24 16:00,0.2737263,0.2483547
8/19/24 17:00,0.09723008,0.07346423
8/19/24 18:00,0.000684566,0
8/19/24 19:00,0,0
8/19/24 20:00,0,0
8/19/24 21:00,0,0
8/19/24 22:00,0,0
8/19/24 23:00,0,0
8/20/24 0:00,0,0
8/20/24 1:00,0,0
8/20/24 2:00,0,0
8/20/24 3:00,0,0
8/20/24 4:00,0,0
8/20/24 5:00,0.02895613,0.01088507
8/20/24 6:00,0.08067627,0.07787715
8/20/24 7:00,0.1320668,0.1281359
8/20/24 8:00,0.1718155,0.166901
8/20/24 9:00,0.3429144,0.3337857
8/20/24 10:00,0.3436412,0.334432
8/20/24 11:00,0.3867526,0.3767096
8/20/24 12:00,0.3759523,0.3661096
8/20/24 13:00,0.3281521,0.319292
8/20/24 14:00,0.143055,0.1389839
8/20/24 15:00,0.08112267,0.0787753
8/20/24 16:00,0.1160729,0.1124415
8/20/24 17:00,0.06499874,0.05970704
8/20/24 18:00,0.00078966,0
8/20/24 19:00,0,0
8/20/24 20:00,0,0
8/20/24 21:00,0,0
8/20/24 22:00,0,0
8/20/24 23:00,0,0
8/21/24 0:00,0,0
8/21/24 1:00,0,0
8/21/24 2:00,0,0
8/21/24 3:00,0,0
8/21/24 4:00,0,0
8/21/24 5:00,0.02547516,0.01332567
8/21/24 6:00,0.03198775,0.03100675
8/21/24 7:00,0.05409757,0.05251897
8/21/24 8:00,0.02068339,0.0200834
8/21/24 9:00,0.0313383,0.03043213
8/21/24 10:00,0.05746896,0.05581722
8/21/24 11:00,0.1458938,0.1417715
8/21/24 12:00,0.4175866,0.4072649
8/21/24 13:00,0.3304261,0.3215623
8/21/24 14:00,0.2328681,0.2263267
8/21/24 15:00,0.2097639,0.2036539
8/21/24 16:00,0.2144314,0.2022377
8/21/24 17:00,0.04979852,0.04742422
8/21/24 18:00,0.000521477,0
8/21/24 19:00,0,0
8/21/24 20:00,0,0
8/21/24 21:00,0,0
8/21/24 22:00,0,0
8/21/24 23:00,0,0
8/22/24 0:00,0,0
8/22/24 1:00,0,0
8/22/24 2:00,0,0
8/22/24 3:00,0,0
8/22/24 4:00,0,0
8/22/24 5:00,0.02777474,0.01056625
8/22/24 6:00,0.1885681,0.1595002
8/22/24 7:00,0.2555772,0.2457352
8/22/24 8:00,0.4000846,0.3890465
8/22/24 9:00,0.5084911,0.4984597
8/22/24 10:00,0.6095309,0.6012595
8/22/24 11:00,0.7629487,0.7601511
8/22/24 12:00,0.7071992,0.7020869
8/22/24 13:00,0.6237959,0.6157449
8/22/24 14:00,0.5211107,0.5100034
8/22/24 15:00,0.3945592,0.3799897
8/22/24 16:00,0.1944031,0.1851571
8/22/24 17:00,0.04029536,0.03868781
8/22/24 18:00,0.000167017,0
8/22/24 19:00,0,0
8/22/24 20:00,0,0
8/22/24 21:00,0,0
8/22/24 22:00,0,0
8/22/24 23:00,0,0
8/23/24 0:00,0,0
8/23/24 1:00,0,0
8/23/24 2:00,0,0
8/23/24 3:00,0,0
8/23/24 4:00,0,0
8/23/24 5:00,0.01721254,0.01453367
8/23/24 6:00,0.04133862,0.04005552
8/23/24 7:00,0.05536982,0.05375838
8/23/24 8:00,0.1951707,0.1896421
8/23/24 9:00,0.5573527,0.5483792
8/23/24 10:00,0.6023892,0.5945847
8/23/24 11:00,0.4726022,0.4622747
8/23/24 12:00,0.6282647,0.6210844
8/23/24 13:00,0.4432273,0.4333328
8/23/24 14:00,0.6016839,0.5912257
8/23/24 15:00,0.4463013,0.4290456
8/23/24 16:00,0.2404187,0.2240205
8/23/24 17:00,0.1054347,0.06866278
8/23/24 18:00,0.000262174,0
8/23/24 19:00,0,0
8/23/24 20:00,0,0
8/23/24 21:00,0,0
8/23/24 22:00,0,0
8/23/24 23:00,0,0
8/24/24 0:00,0,0
8/24/24 1:00,0,0
8/24/24 2:00,0,0
8/24/24 3:00,0,0
8/24/24 4:00,0,0
8/24/24 5:00,0.02517753,0.01164706
8/24/24 6:00,0.0889234,0.08572575
8/24/24 7:00,0.1279398,0.1241897
8/24/24 8:00,0.052184,0.05068192
8/24/24 9:00,0.2419077,0.2352
8/24/24 10:00,0.4569062,0.4470045
8/24/24 11:00,0.747162,0.7460904
8/24/24 12:00,0.7890486,0.7900525
8/24/24 13:00,0.3622237,0.3530056
8/24/24 14:00,0.2183888,0.2122852
8/24/24 15:00,0.2905345,0.2819601
8/24/24 16:00,0.1641089,0.1579686
8/24/24 17:00,0.01883108,0.01819791
8/24/24 18:00,7.52041E-05,0
8/24/24 19:00,0,0
8/24/24 20:00,0,0
8/24/24 21:00,0,0
8/24/24 22:00,0,0
8/24/24 23:00,0,0
8/25/24 0:00,0,0
8/25/24 1:00,0,0
8/25/24 2:00,0,0
8/25/24 3:00,0,0
8/25/24 4:00,0,0
8/25/24 5:00,0.01339783,0.01231547
8/25/24 6:00,0.06006854,0.05815412
8/25/24 7:00,0.2669193,0.2571226
8/25/24 8:00,0.5416617,0.530067
8/25/24 9:00,0.6982127,0.6946742
8/25/24 10:00,0.8317605,0.8358384
8/25/24 11:00,0.9981886,1.009738
8/25/24 12:00,0.7363149,0.7359513
8/25/24 13:00,0.8242735,0.8264515
8/25/24 14:00,0.5132792,0.5045125
8/25/24 15:00,0.333216,0.3233035
8/25/24 16:00,0.2552164,0.2366967
8/25/24 17:00,0.097863,0.06583268
8/25/24 18:00,4.44769E-05,0
8/25/24 19:00,0,0
8/25/24 20:00,0,0
8/25/24 21:00,0,0
8/25/24 22:00,0,0
8/25/24 23:00,0,0
8/26/24 0:00,0,0
8/26/24 1:00,0,0
8/26/24 2:00,0,0
8/26/24 3:00,0,0
8/26/24 4:00,0,0
8/26/24 5:00,0.02050043,0.01364434
8/26/24 6:00,0.04223295,0.04093336
8/26/24 7:00,0.03845001,0.03733549
8/26/24 8:00,0.08521704,0.08278327
8/26/24 9:00,0.05118168,0.04971151
8/26/24 10:00,0.1578356,0.1534097
8/26/24 11:00,0.07124057,0.06920362
8/26/24 12:00,0.1229707,0.1194961
8/26/24 13:00,0.04476345,0.04347544
8/26/24 14:00,0.141984,0.1379807
8/26/24 15:00,0.1148932,0.1116065
8/26/24 16:00,0.01891116,0.01835905
8/26/24 17:00,0.01234679,0.01195135
8/26/24 18:00,3.59867E-06,0
8/26/24 19:00,0,0
8/26/24 20:00,0,0
8/26/24 21:00,0,0
8/26/24 22:00,0,0
8/26/24 23:00,0,0
8/27/24 0:00,0,0
8/27/24 1:00,0,0
8/27/24 2:00,0,0
8/27/24 3:00,0,0
8/27/24 4:00,0,0
8/27/24 5:00,0.02679897,0.008003186
8/27/24 6:00,0.2008251,0.1716531
8/27/24 7:00,0.3945253,0.3754727
8/27/24 8:00,0.5832282,0.5745077
8/27/24 9:00,0.6357056,0.6329343
8/27/24 10:00,0.9097032,0.9209207
8/27/24 11:00,0.9690337,0.9843547
8/27/24 12:00,1.009032,1.024631
8/27/24 13:00,0.8663533,0.8739336
8/27/24 14:00,0.5510275,0.5447286
8/27/24 15:00,0.5603279,0.5433568
8/27/24 16:00,0.2904339,0.2664419
8/27/24 17:00,0.05845633,0.0529554
8/27/24 18:00,0,0
8/27/24 19:00,0,0
8/27/24 20:00,0,0
8/27/24 21:00,0,0
8/27/24 22:00,0,0
8/27/24 23:00,0,0
8/28/24 0:00,0,0
8/28/24 1:00,0,0
8/28/24 2:00,0,0
8/28/24 3:00,0,0
8/28/24 4:00,0,0
8/28/24 5:00,0.01005029,0.009514484
8/28/24 6:00,0.1034891,0.09932827
8/28/24 7:00,0.2750062,0.2658465
8/28/24 8:00,0.06392623,0.06209652
8/28/24 9:00,0.2237675,0.2176023
8/28/24 10:00,0.2500875,0.2432427
8/28/24 11:00,0.2144317,0.2085113
8/28/24 12:00,0.1369658,0.1331154
8/28/24 13:00,0.3596615,0.3507894
8/28/24 14:00,0.3156815,0.307728
8/28/24 15:00,0.1624388,0.1578387
8/28/24 16:00,0.05787526,0.05617114
8/28/24 17:00,0.04139473,0.03948218
8/28/24 18:00,0,0
8/28/24 19:00,0,0
8/28/24 20:00,0,0
8/28/24 21:00,0,0
8/28/24 22:00,0,0
8/28/24 23:00,0,0
8/29/24 0:00,0,0
8/29/24 1:00,0,0
8/29/24 2:00,0,0
8/29/24 3:00,0,0
8/29/24 4:00,0,0
8/29/24 5:00,0.02765241,0.005817005
8/29/24 6:00,0.1184824,0.112773
8/29/24 7:00,0.3217145,0.3104873
8/29/24 8:00,0.3803786,0.3725464
8/29/24 9:00,0.357145,0.348641
8/29/24 10:00,0.2484249,0.2416378
8/29/24 11:00,0.5618328,0.5551385
8/29/24 12:00,0.4861198,0.4773609
8/29/24 13:00,0.4111179,0.4022564
8/29/24 14:00,0.2996398,0.2919762
8/29/24 15:00,0.2391115,0.2326172
8/29/24 16:00,0.1464753,0.1416686
8/29/24 17:00,0.03723399,0.03566662
8/29/24 18:00,0,0
8/29/24 19:00,0,0
8/29/24 20:00,0,0
8/29/24 21:00,0,0
8/29/24 22:00,0,0
8/29/24 23:00,0,0
8/30/24 0:00,0,0
8/30/24 1:00,0,0
8/30/24 2:00,0,0
8/30/24 3:00,0,0
8/30/24 4:00,0,0
8/30/24 5:00,0.0189681,0.01265243
8/30/24 6:00,0.02672495,0.02592938
8/30/24 7:00,0.06581488,0.06392226
8/30/24 8:00,0.1022079,0.0993154
8/30/24 9:00,0.1314886,0.1277984
8/30/24 10:00,0.119189,0.1158312
8/30/24 11:00,0.1176227,0.1143062
8/30/24 12:00,0.1247152,0.1212056
8/30/24 13:00,0.08644604,0.08399086
8/30/24 14:00,0.1094956,0.1064051
8/30/24 15:00,0.03934173,0.03820923
8/30/24 16:00,0.008593522,0.008343235
8/30/24 17:00,0.000986732,0.000957718
8/30/24 18:00,0,0
8/30/24 19:00,0,0
8/30/24 20:00,0,0
8/30/24 21:00,0,0
8/30/24 22:00,0,0
8/30/24 23:00,0,0
8/31/24 0:00,0,0
8/31/24 1:00,0,0
8/31/24 2:00,0,0
8/31/24 3:00,0,0
8/31/24 4:00,0,0
8/31/24 5:00,0.01657441,0.01277961
8/31/24 6:00,0.07847965,0.07597411
8/31/24 7:00,0.109486,0.1063597
8/31/24 8:00,0.1751733,0.170313
8/31/24 9:00,0.08617896,0.08373398
8/31/24 10:00,0.2757404,0.268306
8/31/24 11:00,0.1997337,0.1942257
8/31/24 12:00,0.5430869,0.5368425
8/31/24 13:00,0.1856728,0.1805412
8/31/24 14:00,0.3568038,0.3490929
8/31/24 15:00,0.279498,0.2725621
8/31/24 16:00,0.182847,0.1758871
8/31/24 17:00,0.04209263,0.03978226
8/31/24 18:00,0,0
8/31/24 19:00,0,0
8/31/24 20:00,0,0
8/31/24 21:00,0,0
8/31/24 22:00,0,0
8/31/24 23:00,0,0
9/1/24 0:00,0,0
9/1/24 1:00,0,0
9/1/24 2:00,0,0
9/1/24 3:00,0,0
9/1/24 4:00,0,0
9/1/24 5:00,0.02367462,0.007988538
9/1/24 6:00,0.0311688,0.0302422
9/1/24 7:00,0.0447477,0.04346086
9/1/24 8:00,0.1564286,0.1520797
9/1/24 9:00,0.2955234,0.2878652
9/1/24 10:00,0.2615308,0.2544604
9/1/24 11:00,0.304516,0.296415
9/1/24 12:00,0.1855842,0.180457
9/1/24 13:00,0.3042302,0.2963032
9/1/24 14:00,0.2196985,0.2137085
9/1/24 15:00,0.1270682,0.1234941
9/1/24 16:00,0.06684959,0.06489719
9/1/24 17:00,0.02997083,0.0288195
9/1/24 18:00,0,0
9/1/24 19:00,0,0
9/1/24 20:00,0,0
9/1/24 21:00,0,0
9/1/24 22:00,0,0
9/1/24 23:00,0,0
9/2/24 0:00,0,0
9/2/24 1:00,0,0
9/2/24 2:00,0,0
9/2/24 3:00,0,0
9/2/24 4:00,0,0
9/2/24 5:00,0.01686033,0
9/2/24 6:00,0.08247279,0.07984807
9/2/24 7:00,0.09405199,0.09137841
9/2/24 8:00,0.2994916,0.2925169
9/2/24 9:00,0.6009934,0.603466
9/2/24 10:00,0.7087471,0.7173066
9/2/24 11:00,0.5078109,0.5004638
9/2/24 12:00,0.4503896,0.4418215
9/2/24 13:00,0.2311663,0.2248856
9/2/24 14:00,0.2414393,0.2349745
9/2/24 15:00,0.1502779,0.1460874
9/2/24 16:00,0.06104773,0.05927195
9/2/24 17:00,0.0231027,0.0222693
9/2/24 18:00,0,0
9/2/24 19:00,0,0
9/2/24 20:00,0,0
9/2/24 21:00,0,0
9/2/24 22:00,0,0
9/2/24 23:00,0,0
9/3/24 0:00,0,0
9/3/24 1:00,0,0
9/3/24 2:00,0,0
9/3/24 3:00,0,0
9/3/24 4:00,0,0
9/3/24 5:00,0.02292026,0
9/3/24 6:00,0.1390079,0.1316077
9/3/24 7:00,0.1422813,0.1382936
9/3/24 8:00,0.2322854,0.2261352
9/3/24 9:00,0.4172664,0.4101459
9/3/24 10:00,0.4803838,0.473269
9/3/24 11:00,0.7162996,0.7251305
9/3/24 12:00,0.4314045,0.4227156
9/3/24 13:00,0.6692116,0.6773596
9/3/24 14:00,0.5914344,0.5963525
9/3/24 15:00,0.277884,0.2716491
9/3/24 16:00,0.2112907,0.2029455
9/3/24 17:00,0.02928151,0.02814033
9/3/24 18:00,0,0
9/3/24 19:00,0,0
9/3/24 20:00,0,0
9/3/24 21:00,0,0
9/3/24 22:00,0,0
9/3/24 23:00,0,0
9/4/24 0:00,0,0
9/4/24 1:00,0,0
9/4/24 2:00,0,0
9/4/24 3:00,0,0
9/4/24 4:00,0,0
9/4/24 5:00,0.02293789,0
9/4/24 6:00,0.1433339,0.1357351
9/4/24 7:00,0.2680556,0.2621119
9/4/24 8:00,0.4223258,0.418749
9/4/24 9:00,0.3779721,0.3703211
9/4/24 10:00,0.2531955,0.2463839
9/4/24 11:00,0.4404976,0.4318481
9/4/24 12:00,0.4494253,0.4412287
9/4/24 13:00,0.401301,0.3933877
9/4/24 14:00,0.3726136,0.366071
9/4/24 15:00,0.1576213,0.1532687
9/4/24 16:00,0.04747702,0.04610465
9/4/24 17:00,0.03935883,0.03692777
9/4/24 18:00,0,0
9/4/24 19:00,0,0
9/4/24 20:00,0,0
9/4/24 21:00,0,0
9/4/24 22:00,0,0
9/4/24 23:00,0,0
9/5/24 0:00,0,0
9/5/24 1:00,0,0
9/5/24 2:00,0,0
9/5/24 3:00,0,0
9/5/24 4:00,0,0
9/5/24 5:00,0.01821798,0
9/5/24 6:00,0.005504758,0.005344314
9/5/24 7:00,0.07253318,0.07047744
9/5/24 8:00,0.03403814,0.03306051
9/5/24 9:00,0.00453291,0.004400763
9/5/24 10:00,0.1115321,0.1084013
9/5/24 11:00,0.2173075,0.2113969
9/5/24 12:00,0.05167254,0.05019364
9/5/24 13:00,0.03206364,0.03114038
9/5/24 14:00,0.03288994,0.03194434
9/5/24 15:00,0.1497601,0.1456311
9/5/24 16:00,0.1164351,0.1130744
9/5/24 17:00,0.02116037,0.02040256
9/5/24 18:00,0,0
9/5/24 19:00,0,0
9/5/24 20:00,0,0
9/5/24 21:00,0,0
9/5/24 22:00,0,0
9/5/24 23:00,0,0
9/6/24 0:00,0,0
9/6/24 1:00,0,0
9/6/24 2:00,0,0
9/6/24 3:00,0,0
9/6/24 4:00,0,0
9/6/24 5:00,0.02119838,0
9/6/24 6:00,0.1828856,0.1708883
9/6/24 7:00,0.2869787,0.2821877
9/6/24 8:00,0.5425816,0.5496716
9/6/24 9:00,0.6672215,0.6815279
9/6/24 10:00,0.9663398,1.004924
9/6/24 11:00,0.9828998,1.023507
9/6/24 12:00,0.8470742,0.8761836
9/6/24 13:00,0.646793,0.6568655
9/6/24 14:00,0.6407682,0.6550497
9/6/24 15:00,0.3795642,0.377445
9/6/24 16:00,0.1385732,0.1346032
9/6/24 17:00,0.05189008,0.04388363
9/6/24 18:00,0,0
9/6/24 19:00,0,0
9/6/24 20:00,0,0
9/6/24 21:00,0,0
9/6/24 22:00,0,0
9/6/24 23:00,0,0
9/7/24 0:00,0,0
9/7/24 1:00,0,0
9/7/24 2:00,0,0
9/7/24 3:00,0,0
9/7/24 4:00,0,0
9/7/24 5:00,0.01777584,0
9/7/24 6:00,0.1220305,0.117627
9/7/24 7:00,0.2323378,0.2273548
9/7/24 8:00,0.3666469,0.3620797
9/7/24 9:00,0.6719576,0.68849
9/7/24 10:00,0.927937,0.9668446
9/7/24 11:00,0.8426231,0.8725885
9/7/24 12:00,1.052505,1.098958
9/7/24 13:00,0.966395,1.005498
9/7/24 14:00,0.7966129,0.8222379
9/7/24 15:00,0.5971051,0.6058874
9/7/24 16:00,0.2842394,0.2752764
9/7/24 17:00,0.05673041,0.04477121
9/7/24 18:00,0,0
9/7/24 19:00,0,0
9/7/24 20:00,0,0
9/7/24 21:00,0,0
9/7/24 22:00,0,0
9/7/24 23:00,0,0
9/8/24 0:00,0,0
9/8/24 1:00,0,0
9/8/24 2:00,0,0
9/8/24 3:00,0,0
9/8/24 4:00,0,0
9/8/24 5:00,0.02380566,0
9/8/24 6:00,0.08545838,0.08292428
9/8/24 7:00,0.08851011,0.08603691
9/8/24 8:00,0.4831265,0.4877373
9/8/24 9:00,0.3826645,0.3757785
9/8/24 10:00,0.6277252,0.6346445
9/8/24 11:00,0.7796621,0.8035279
9/8/24 12:00,0.5380462,0.5353028
9/8/24 13:00,0.4264407,0.420064
9/8/24 14:00,0.1050593,0.1021292
9/8/24 15:00,0.1769212,0.1722171
9/8/24 16:00,0.09073582,0.08816964
9/8/24 17:00,0.01778045,0.01716081
9/8/24 18:00,0,0
9/8/24 19:00,0,0
9/8/24 20:00,0,0
9/8/24 21:00,0,0
9/8/24 22:00,0,0
9/8/24 23:00,0,0
9/9/24 0:00,0,0
9/9/24 1:00,0,0
9/9/24 2:00,0,0
9/9/24 3:00,0,0
9/9/24 4:00,0,0
9/9/24 5:00,0.02037531,0
9/9/24 6:00,0.2071488,0.1971744
9/9/24 7:00,0.4466834,0.4527106
9/9/24 8:00,0.681792,0.7055861
9/9/24 9:00,0.8423565,0.8793041
9/9/24 10:00,0.9863387,1.034223
9/9/24 11:00,0.9472806,0.9929209
9/9/24 12:00,0.8953822,0.936425
9/9/24 13:00,0.7336033,0.759308
9/9/24 14:00,0.5369583,0.5459337
9/9/24 15:00,0.4544142,0.4617621
9/9/24 16:00,0.3048368,0.2992615
9/9/24 17:00,0.05703619,0.04320107
9/9/24 18:00,0,0
9/9/24 19:00,0,0
9/9/24 20:00,0,0
9/9/24 21:00,0,0
9/9/24 22:00,0,0
9/9/24 23:00,0,0
9/10/24 0:00,0,0
9/10/24 1:00,0,0
9/10/24 2:00,0,0
9/10/24 3:00,0,0
9/10/24 4:00,0,0
9/10/24 5:00,0.01680661,0
9/10/24 6:00,0.1960855,0.1887318
9/10/24 7:00,0.5090327,0.5195665
9/10/24 8:00,0.7789086,0.8100349
9/10/24 9:00,0.9325123,0.9773133
9/10/24 10:00,1.036842,1.090614
9/10/24 11:00,1.080198,1.137651
9/10/24 12:00,1.034202,1.088295
9/10/24 13:00,0.9559188,1.003177
9/10/24 14:00,0.732525,0.7632927
9/10/24 15:00,0.4048728,0.4096729
9/10/24 16:00,0.262259,0.2589037
9/10/24 17:00,0.0545452,0.04182801
9/10/24 18:00,0,0
9/10/24 19:00,0,0
9/10/24 20:00,0,0
9/10/24 21:00,0,0
9/10/24 22:00,0,0
9/10/24 23:00,0,0
9/11/24 0:00,0,0
9/11/24 1:00,0,0
9/11/24 2:00,0,0
9/11/24 3:00,0,0
9/11/24 4:00,0,0
9/11/24 5:00,0.0164769,0
9/11/24 6:00,0.03999288,0.03884983
9/11/24 7:00,0.08278411,0.0804862
9/11/24 8:00,0.08473476,0.08236654
9/11/24 9:00,0.2582429,0.2515585
9/11/24 10:00,0.1902311,0.1850785
9/11/24 11:00,0.1288808,0.1253019
9/11/24 12:00,0.05844247,0.05677839
9/11/24 13:00,0.06749073,0.06557916
9/11/24 14:00,0.05848515,0.05682814
9/11/24 15:00,0.06632546,0.064464
9/11/24 16:00,0.06880023,0.06687515
9/11/24 17:00,0.01559836,0.01506641
9/11/24 18:00,0,0
9/11/24 19:00,0,0
9/11/24 20:00,0,0
9/11/24 21:00,0,0
9/11/24 22:00,0,0
9/11/24 23:00,0,0
9/12/24 0:00,0,0
9/12/24 1:00,0,0
9/12/24 2:00,0,0
9/12/24 3:00,0,0
9/12/24 4:00,0,0
9/12/24 5:00,0.01235686,0
9/12/24 6:00,0.02002663,0.01945157
9/12/24 7:00,0.03574117,0.03472414
9/12/24 8:00,0.1699091,0.1653644
9/12/24 9:00,0.2446223,0.2382348
9/12/24 10:00,0.205991,0.2004574
9/12/24 11:00,0.1757929,0.1710019
9/12/24 12:00,0.1400079,0.1361444
9/12/24 13:00,0.009361322,0.009089325
9/12/24 14:00,0.1108795,0.1078161
9/12/24 15:00,0.02831295,0.02750252
9/12/24 16:00,0.04769742,0.04635366
9/12/24 17:00,0.01593913,0.01539423
9/12/24 18:00,0,0
9/12/24 19:00,0,0
9/12/24 20:00,0,0
9/12/24 21:00,0,0
9/12/24 22:00,0,0
9/12/24 23:00,0,0
9/13/24 0:00,0,0
9/13/24 1:00,0,0
9/13/24 2:00,0,0
9/13/24 3:00,0,0
9/13/24 4:00,0,0
9/13/24 5:00,0.01202456,0
9/13/24 6:00,0.1392698,0.1366103
9/13/24 7:00,0.4414581,0.4570753
9/13/24 8:00,0.4100526,0.4118637
9/13/24 9:00,0.5466098,0.5549734
9/13/24 10:00,0.7330567,0.7617939
9/13/24 11:00,0.9992088,1.059951
9/13/24 12:00,0.8702612,0.9182829
9/13/24 13:00,0.7783404,0.818759
9/13/24 14:00,0.5647407,0.5839816
9/13/24 15:00,0.3811463,0.3878667
9/13/24 16:00,0.2130056,0.2125117
9/13/24 17:00,0.04922336,0.03871276
9/13/24 18:00,0,0
9/13/24 19:00,0,0
9/13/24 20:00,0,0
9/13/24 21:00,0,0
9/13/24 22:00,0,0
9/13/24 23:00,0,0
9/14/24 0:00,0,0
9/14/24 1:00,0,0
9/14/24 2:00,0,0
9/14/24 3:00,0,0
9/14/24 4:00,0,0
9/14/24 5:00,0.01441081,0
9/14/24 6:00,0.05168906,0.05025
9/14/24 7:00,0.1742486,0.1700983
9/14/24 8:00,0.3627615,0.3608476
9/14/24 9:00,0.4333169,0.4303741
9/14/24 10:00,0.8530239,0.9021369
9/14/24 11:00,0.9870372,1.049608
9/14/24 12:00,0.891643,0.9448745
9/14/24 13:00,0.5871552,0.599871
9/14/24 14:00,0.490455,0.5002008
9/14/24 15:00,0.1420608,0.1382872
9/14/24 16:00,0.1312678,0.1284188
9/14/24 17:00,0.008836233,0.008558392
9/14/24 18:00,0,0
9/14/24 19:00,0,0
9/14/24 20:00,0,0
9/14/24 21:00,0,0
9/14/24 22:00,0,0
9/14/24 23:00,0,0
9/15/24 0:00,0,0
9/15/24 1:00,0,0
9/15/24 2:00,0,0
9/15/24 3:00,0,0
9/15/24 4:00,0,0
9/15/24 5:00,0.01508845,0
9/15/24 6:00,0.0469929,0.04568926
9/15/24 7:00,0.02994412,0.02909166
9/15/24 8:00,0.06389584,0.06210072
9/15/24 9:00,0.1088075,0.1057955
9/15/24 10:00,0.06090341,0.05917532
9/15/24 11:00,0.1916047,0.1864429
9/15/24 12:00,0.3011112,0.2935263
9/15/24 13:00,0.315152,0.3079004
9/15/24 14:00,0.1622938,0.1579577
9/15/24 15:00,0.1891411,0.1846357
9/15/24 16:00,0.06647605,0.06465969
9/15/24 17:00,0.006069328,0.005884272
9/15/24 18:00,0,0
9/15/24 19:00,0,0
9/15/24 20:00,0,0
9/15/24 21:00,0,0
9/15/24 22:00,0,0
9/15/24 23:00,0,0
9/16/24 0:00,0,0
9/16/24 1:00,0,0
9/16/24 2:00,0,0
9/16/24 3:00,0,0
9/16/24 4:00,0,0
9/16/24 5:00,0.01125297,0
9/16/24 6:00,0.07462166,0.0726575
9/16/24 7:00,0.08906291,0.08664198
9/16/24 8:00,0.1572782,0.153098
9/16/24 9:00,0.4458563,0.4447387
9/16/24 10:00,0.3295041,0.3217611
9/16/24 11:00,0.3263069,0.3183544
9/16/24 12:00,0.3349048,0.3270363
9/16/24 13:00,0.2190346,0.213282
9/16/24 14:00,0.1508314,0.146788
9/16/24 15:00,0.2095004,0.2051555
9/16/24 16:00,0.1331366,0.1307288
9/16/24 17:00,0.03518063,0.03147594
9/16/24 18:00,0,0
9/16/24 19:00,0,0
9/16/24 20:00,0,0
9/16/24 21:00,0,0
9/16/24 22:00,0,0
9/16/24 23:00,0,0
9/17/24 0:00,0,0
9/17/24 1:00,0,0
9/17/24 2:00,0,0
9/17/24 3:00,0,0
9/17/24 4:00,0,0
9/17/24 5:00,0.01732012,0
9/17/24 6:00,0.1448618,0.1452299
9/17/24 7:00,0.2700523,0.2708961
9/17/24 8:00,0.4094757,0.4141744
9/17/24 9:00,0.6651208,0.698866
9/17/24 10:00,0.7632261,0.8048002
9/17/24 11:00,0.7330729,0.76482
9/17/24 12:00,0.6274763,0.6426352
9/17/24 13:00,0.3860798,0.3804149
9/17/24 14:00,0.6151229,0.6508995
9/17/24 15:00,0.3619894,0.3718904
9/17/24 16:00,0.09213156,0.08977006
9/17/24 17:00,0.03043194,0.02823122
9/17/24 18:00,0,0
9/17/24 19:00,0,0
9/17/24 20:00,0,0
9/17/24 21:00,0,0
9/17/24 22:00,0,0
9/17/24 23:00,0,0
9/18/24 0:00,0,0
9/18/24 1:00,0,0
9/18/24 2:00,0,0
9/18/24 3:00,0,0
9/18/24 4:00,0,0
9/18/24 5:00,0.01563723,0
9/18/24 6:00,0.1462617,0.1476129
9/18/24 7:00,0.3185058,0.3268611
9/18/24 8:00,0.5482114,0.5781459
9/18/24 9:00,0.7734134,0.8274408
9/18/24 10:00,0.8930951,0.957793
9/18/24 11:00,0.9104998,0.975465
9/18/24 12:00,0.7330096,0.7692945
9/18/24 13:00,0.4156512,0.4118242
9/18/24 14:00,0.4120957,0.4152133
9/18/24 15:00,0.3940215,0.4112145
9/18/24 16:00,0.199743,0.2047113
9/18/24 17:00,0.0355286,0.03256576
9/18/24 18:00,0,0
9/18/24 19:00,0,0
9/18/24 20:00,0,0
9/18/24 21:00,0,0
9/18/24 22:00,0,0
9/18/24 23:00,0,0
9/19/24 0:00,0,0
9/19/24 1:00,0,0
9/19/24 2:00,0,0
9/19/24 3:00,0,0
9/19/24 4:00,0,0
9/19/24 5:00,0.01837599,0
9/19/24 6:00,0.124874,0.1246278
9/19/24 7:00,0.2468279,0.2463698
9/19/24 8:00,0.6327206,0.6788312
9/19/24 9:00,0.7337992,0.7841976
9/19/24 10:00,0.8259513,0.8832249
9/19/24 11:00,0.5392169,0.5414696
9/19/24 12:00,0.8555296,0.9166222
9/19/24 13:00,0.6481819,0.6795328
9/19/24 14:00,0.4668749,0.4792708
9/19/24 15:00,0.4061586,0.4276944
9/19/24 16:00,0.1794711,0.1827212
9/19/24 17:00,0.02191307,0.02121979
9/19/24 18:00,0,0
9/19/24 19:00,0,0
9/19/24 20:00,0,0
9/19/24 21:00,0,0
9/19/24 22:00,0,0
9/19/24 23:00,0,0
9/20/24 0:00,0,0
9/20/24 1:00,0,0
9/20/24 2:00,0,0
9/20/24 3:00,0,0
9/20/24 4:00,0,0
9/20/24 5:00,0.01572729,0
9/20/24 6:00,0.09011787,0.08831513
9/20/24 7:00,0.1606196,0.156868
9/20/24 8:00,0.2753178,0.2703793
9/20/24 9:00,0.4881703,0.4942155
9/20/24 10:00,0.5204692,0.5235638
9/20/24 11:00,0.7871047,0.8353092
9/20/24 12:00,0.665444,0.6916026
9/20/24 13:00,0.7497048,0.8031432
9/20/24 14:00,0.5477599,0.5777398
9/20/24 15:00,0.4309611,0.4595913
9/20/24 16:00,0.163839,0.1658691
9/20/24 17:00,0.02272495,0.02235151
9/20/24 18:00,0,0
9/20/24 19:00,0,0
9/20/24 20:00,0,0
9/20/24 21:00,0,0
9/20/24 22:00,0,0
9/20/24 23:00,0,0
9/21/24 0:00,0,0
9/21/24 1:00,0,0
9/21/24 2:00,0,0
9/21/24 3:00,0,0
9/21/24 4:00,0,0
9/21/24 5:00,0.01456713,0
9/21/24 6:00,0.08273604,0.08093737
9/21/24 7:00,0.1529259,0.1492654
9/21/24 8:00,0.4518446,0.467442
9/21/24 9:00,0.114184,0.1110587
9/21/24 10:00,0.1728265,0.1681996
9/21/24 11:00,0.5248886,0.5266331
9/21/24 12:00,0.6787725,0.7092549
9/21/24 13:00,0.3881447,0.3835931
9/21/24 14:00,0.156986,0.1528616
9/21/24 15:00,0.05541705,0.05388165
9/21/24 16:00,0.07621451,0.07427549
9/21/24 17:00,0.009904604,0.009657927
9/21/24 18:00,0,0
9/21/24 19:00,0,0
9/21/24 20:00,0,0
9/21/24 21:00,0,0
9/21/24 22:00,0,0
9/21/24 23:00,0,0
9/22/24 0:00,0,0
9/22/24 1:00,0,0
9/22/24 2:00,0,0
9/22/24 3:00,0,0
9/22/24 4:00,0,0
9/22/24 5:00,0.008490625,0
9/22/24 6:00,0.1603826,0.1687596
9/22/24 7:00,0.4756074,0.5191553
9/22/24 8:00,0.7226306,0.7872557
9/22/24 9:00,0.83081,0.9032118
9/22/24 10:00,0.8783503,0.9519013
9/22/24 11:00,1.022315,1.111394
9/22/24 12:00,0.9644549,1.04827
9/22/24 13:00,0.8651671,0.9407221
9/22/24 14:00,0.5764505,0.6170351
9/22/24 15:00,0.3756694,0.39707
9/22/24 16:00,0.2199426,0.2370749
9/22/24 17:00,0.03876629,0.05150942
9/22/24 18:00,0,0
9/22/24 19:00,0,0
9/22/24 20:00,0,0
9/22/24 21:00,0,0
9/22/24 22:00,0,0
9/22/24 23:00,0,0
9/23/24 0:00,0,0
9/23/24 1:00,0,0
9/23/24 2:00,0,0
9/23/24 3:00,0,0
9/23/24 4:00,0,0
9/23/24 5:00,0.01330006,0
9/23/24 6:00,0.1678385,0.1797078
9/23/24 7:00,0.3360981,0.3547762
9/23/24 8:00,0.5109043,0.5425017
9/23/24 9:00,0.5539488,0.5745016
9/23/24 10:00,0.636709,0.6625274
9/23/24 11:00,0.903714,0.981185
9/23/24 12:00,0.7106587,0.7517505
9/23/24 13:00,0.7823013,0.8494789
9/23/24 14:00,0.5891662,0.6349837
9/23/24 15:00,0.2473291,0.2467686
9/23/24 16:00,0.1391639,0.1401509
9/23/24 17:00,0.01456204,0.01480555
9/23/24 18:00,0,0
9/23/24 19:00,0,0
9/23/24 20:00,0,0
9/23/24 21:00,0,0
9/23/24 22:00,0,0
9/23/24 23:00,0,0
9/24/24 0:00,0,0
9/24/24 1:00,0,0
9/24/24 2:00,0,0
9/24/24 3:00,0,0
9/24/24 4:00,0,0
9/24/24 5:00,0.01128661,0
9/24/24 6:00,0.2028714,0.2266322
9/24/24 7:00,0.4403915,0.4848678
9/24/24 8:00,0.5936053,0.6460405
9/24/24 9:00,0.7953603,0.8688349
9/24/24 10:00,0.9482312,1.036525
9/24/24 11:00,0.8076314,0.8691598
9/24/24 12:00,0.6209595,0.6436079
9/24/24 13:00,0.6251984,0.6609679
9/24/24 14:00,0.5178516,0.5492834
9/24/24 15:00,0.3739738,0.3991797
9/24/24 16:00,0.1832894,0.195138
9/24/24 17:00,0.02879248,0.05932904
9/24/24 18:00,0,0
9/24/24 19:00,0,0
9/24/24 20:00,0,0
9/24/24 21:00,0,0
9/24/24 22:00,0,0
9/24/24 23:00,0,0
9/25/24 0:00,0,0
9/25/24 1:00,0,0
9/25/24 2:00,0,0
9/25/24 3:00,0,0
9/25/24 4:00,0,0
9/25/24 5:00,0.0152539,0
9/25/24 6:00,0.2109484,0.239369
9/25/24 7:00,0.4795723,0.5325325
9/25/24 8:00,0.6797823,0.7488595
9/25/24 9:00,0.9179379,1.008959
9/25/24 10:00,0.9762801,1.070625
9/25/24 11:00,1.021175,1.119383
9/25/24 12:00,1.023879,1.123268
9/25/24 13:00,0.873175,0.9585969
9/25/24 14:00,0.7217262,0.794853
9/25/24 15:00,0.5270554,0.5847023
9/25/24 16:00,0.2625278,0.2973435
9/25/24 17:00,0.02746142,0.1098601
9/25/24 18:00,0,0
9/25/24 19:00,0,0
9/25/24 20:00,0,0
9/25/24 21:00,0,0
9/25/24 22:00,0,0
9/25/24 23:00,0,0
9/26/24 0:00,0,0
9/26/24 1:00,0,0
9/26/24 2:00,0,0
9/26/24 3:00,0,0
9/26/24 4:00,0,0
9/26/24 5:00,0.01124307,0
9/26/24 6:00,0.1033554,0.1033529
9/26/24 7:00,0.09369335,0.09126063
9/26/24 8:00,0.123886,0.1206147
9/26/24 9:00,0.198843,0.1937392
9/26/24 10:00,0.4702186,0.4705454
9/26/24 11:00,0.7055163,0.7469012
9/26/24 12:00,0.8022359,0.8712508
9/26/24 13:00,0.537011,0.5556571
9/26/24 14:00,0.4584876,0.4789909
9/26/24 15:00,0.352598,0.3762776
9/26/24 16:00,0.150973,0.1570833
9/26/24 17:00,0.01104016,0
9/26/24 18:00,0,0
9/26/24 19:00,0,0
9/26/24 20:00,0,0
9/26/24 21:00,0,0
9/26/24 22:00,0,0
9/26/24 23:00,0,0
9/27/24 0:00,0,0
9/27/24 1:00,0,0
9/27/24 2:00,0,0
9/27/24 3:00,0,0
9/27/24 4:00,0,0
9/27/24 5:00,0.01014476,0
9/27/24 6:00,0.08801982,0.08692894
9/27/24 7:00,0.2639315,0.2703419
9/27/24 8:00,0.2832654,0.2796867
9/27/24 9:00,0.2210595,0.215496
9/27/24 10:00,0.1862763,0.1813898
9/27/24 11:00,0.1965392,0.1913894
9/27/24 12:00,0.3403718,0.3333753
9/27/24 13:00,0.5233885,0.540372
9/27/24 14:00,0.4376356,0.4546956
9/27/24 15:00,0.2677266,0.2725262
9/27/24 16:00,0.08613119,0.08445445
9/27/24 17:00,0.004661256,0
9/27/24 18:00,0,0
9/27/24 19:00,0,0
9/27/24 20:00,0,0
9/27/24 21:00,0,0
9/27/24 22:00,0,0
9/27/24 23:00,0,0
9/28/24 0:00,0,0
9/28/24 1:00,0,0
9/28/24 2:00,0,0
9/28/24 3:00,0,0
9/28/24 4:00,0,0
9/28/24 5:00,0.007433605,0
9/28/24 6:00,0.1103429,0.1120396
9/28/24 7:00,0.2378764,0.2403033
9/28/24 8:00,0.266127,0.2619304
9/28/24 9:00,0.3525275,0.3481716
9/28/24 10:00,0.3603897,0.3539844
9/28/24 11:00,0.5020707,0.5048665
9/28/24 12:00,0.870728,0.959169
9/28/24 13:00,0.8158917,0.9031105
9/28/24 14:00,0.5634149,0.6160024
9/28/24 15:00,0.2839151,0.2929316
9/28/24 16:00,0.10869,0.1085183
9/28/24 17:00,0.008944925,0
9/28/24 18:00,0,0
9/28/24 19:00,0,0
9/28/24 20:00,0,0
9/28/24 21:00,0,0
9/28/24 22:00,0,0
9/28/24 23:00,0,0
9/29/24 0:00,0,0
9/29/24 1:00,0,0
9/29/24 2:00,0,0
9/29/24 3:00,0,0
9/29/24 4:00,0,0
9/29/24 5:00,0.0111983,0
9/29/24 6:00,0.1419913,0.1536269
9/29/24 7:00,0.3381406,0.367271
9/29/24 8:00,0.5721511,0.6321551
9/29/24 9:00,0.8624384,0.9594591
9/29/24 10:00,0.8914745,0.9868918
9/29/24 11:00,1.08093,1.199199
9/29/24 12:00,1.048786,1.164478
9/29/24 13:00,0.8380753,0.9315101
9/29/24 14:00,0.6656802,0.7437363
9/29/24 15:00,0.4695796,0.5318456
9/29/24 16:00,0.2299265,0.2713571
9/29/24 17:00,0.01885078,0
9/29/24 18:00,0,0
9/29/24 19:00,0,0
9/29/24 20:00,0,0
9/29/24 21:00,0,0
9/29/24 22:00,0,0
9/29/24 23:00,0,0
9/30/24 0:00,0,0
9/30/24 1:00,0,0
9/30/24 2:00,0,0
9/30/24 3:00,0,0
9/30/24 4:00,0,0
9/30/24 5:00,0.009165085,0
9/30/24 6:00,0.1169318,0.1210932
9/30/24 7:00,0.211799,0.2115792
9/30/24 8:00,0.3312885,0.3328037
9/30/24 9:00,0.5844012,0.6223651
9/30/24 10:00,0.780461,0.8553399
9/30/24 11:00,1.01815,1.131729
9/30/24 12:00,0.9494599,1.055734
9/30/24 13:00,0.8318714,0.9275134
9/30/24 14:00,0.5304622,0.5788271
9/30/24 15:00,0.332951,0.3588829
9/30/24 16:00,0.1592977,0.175101
9/30/24 17:00,0.01525187,0
9/30/24 18:00,0,0
9/30/24 19:00,0,0
9/30/24 20:00,0,0
9/30/24 21:00,0,0
9/30/24 22:00,0,0
9/30/24 23:00,0,0
10/1/24 0:00,0,0
10/1/24 1:00,0,0
10/1/24 2:00,0,0
10/1/24 3:00,0,0
10/1/24 4:00,0,0
10/1/24 5:00,0.009694921,0
10/1/24 6:00,0.02136337,0.02079136
10/1/24 7:00,0.1225692,0.1196162
10/1/24 8:00,0.3502546,0.3550077
10/1/24 9:00,0.6303599,0.6834064
10/1/24 10:00,0.6572677,0.7004284
10/1/24 11:00,0.7798486,0.8512728
10/1/24 12:00,0.6939562,0.7468336
10/1/24 13:00,0.6485868,0.7056007
10/1/24 14:00,0.359276,0.3646089
10/1/24 15:00,0.1903975,0.1881097
10/1/24 16:00,0.06194706,0.06054682
10/1/24 17:00,0.00180233,0
10/1/24 18:00,0,0
10/1/24 19:00,0,0
10/1/24 20:00,0,0
10/1/24 21:00,0,0
10/1/24 22:00,0,0
10/1/24 23:00,0,0
10/2/24 0:00,0,0
10/2/24 1:00,0,0
10/2/24 2:00,0,0
10/2/24 3:00,0,0
10/2/24 4:00,0,0
10/2/24 5:00,0.008891094,0
10/2/24 6:00,0.08683669,0.08637735
10/2/24 7:00,0.179107,0.1767257
10/2/24 8:00,0.4131115,0.4321649
10/2/24 9:00,0.3027622,0.2971005
10/2/24 10:00,0.1533059,0.1492436
10/2/24 11:00,0.2538459,0.2475279
10/2/24 12:00,0.5621442,0.5817061
10/2/24 13:00,0.319,0.3136687
10/2/24 14:00,0.3221514,0.322765
10/2/24 15:00,0.08015275,0.07807644
10/2/24 16:00,0.05953507,0.05820099
10/2/24 17:00,0.003979074,0
10/2/24 18:00,0,0
10/2/24 19:00,0,0
10/2/24 20:00,0,0
10/2/24 21:00,0,0
10/2/24 22:00,0,0
10/2/24 23:00,0,0
10/3/24 0:00,0,0
10/3/24 1:00,0,0
10/3/24 2:00,0,0
10/3/24 3:00,0,0
10/3/24 4:00,0,0
10/3/24 5:00,0.008530027,0
10/3/24 6:00,0.06983889,0.06858825
10/3/24 7:00,0.07839252,0.07637221
10/3/24 8:00,0.1874618,0.1829692
10/3/24 9:00,0.2619022,0.2559628
10/3/24 10:00,0.634883,0.6750365
10/3/24 11:00,0.7832155,0.860467
10/3/24 12:00,0.5782101,0.6027759
10/3/24 13:00,0.6201389,0.673255
10/3/24 14:00,0.3333775,0.3359944
10/3/24 15:00,0.2613725,0.2706008
10/3/24 16:00,0.07791901,0.07673548
10/3/24 17:00,0.008352666,0
10/3/24 18:00,0,0
10/3/24 19:00,0,0
10/3/24 20:00,0,0
10/3/24 21:00,0,0
10/3/24 22:00,0,0
10/3/24 23:00,0,0
10/4/24 0:00,0,0
10/4/24 1:00,0,0
10/4/24 2:00,0,0
10/4/24 3:00,0,0
10/4/24 4:00,0,0
10/4/24 5:00,0.009153725,0
10/4/24 6:00,0.1357383,0.1508996
10/4/24 7:00,0.3433086,0.3837923
10/4/24 8:00,0.5484197,0.6139268
10/4/24 9:00,0.6461498,0.7103856
10/4/24 10:00,0.7963436,0.885636
10/4/24 11:00,0.7124518,0.7711921
10/4/24 12:00,0.8037274,0.8946545
10/4/24 13:00,0.7678272,0.8643916
10/4/24 14:00,0.6807682,0.7768537
10/4/24 15:00,0.4420262,0.5148011
10/4/24 16:00,0.1822499,0.222013
10/4/24 17:00,0.01280245,0
10/4/24 18:00,0,0
10/4/24 19:00,0,0
10/4/24 20:00,0,0
10/4/24 21:00,0,0
10/4/24 22:00,0,0
10/4/24 23:00,0,0
10/5/24 0:00,0,0
10/5/24 1:00,0,0
10/5/24 2:00,0,0
10/5/24 3:00,0,0
10/5/24 4:00,0,0
10/5/24 5:00,0.005623372,0
10/5/24 6:00,0.03395541,0.03312482
10/5/24 7:00,0.2272352,0.2311291
10/5/24 8:00,0.2751606,0.2725627
10/5/24 9:00,0.3375009,0.3336193
10/5/24 10:00,0.6772912,0.7337953
10/5/24 11:00,1.008765,1.137074
10/5/24 12:00,0.9473404,1.068889
10/5/24 13:00,0.5996662,0.6507112
10/5/24 14:00,0.2366256,0.2322479
10/5/24 15:00,0.15169,0.1486856
10/5/24 16:00,0.161003,0.1913832
10/5/24 17:00,0.01169534,0
10/5/24 18:00,0,0
10/5/24 19:00,0,0
10/5/24 20:00,0,0
10/5/24 21:00,0,0
10/5/24 22:00,0,0
10/5/24 23:00,0,0
10/6/24 0:00,0,0
10/6/24 1:00,0,0
10/6/24 2:00,0,0
10/6/24 3:00,0,0
10/6/24 4:00,0,0
10/6/24 5:00,0.007878917,0
10/6/24 6:00,0.1855178,0.2354364
10/6/24 7:00,0.39891,0.4658003
10/6/24 8:00,0.678863,0.781205
10/6/24 9:00,0.8483844,0.9652185
10/6/24 10:00,0.9498699,1.074977
10/6/24 11:00,1.037207,1.172997
10/6/24 12:00,0.9237221,1.044903
10/6/24 13:00,0.869386,0.9894775
10/6/24 14:00,0.6971498,0.8025551
10/6/24 15:00,0.4431094,0.5228275
10/6/24 16:00,0.1669838,0.204774
10/6/24 17:00,0.009973007,0
10/6/24 18:00,0,0
10/6/24 19:00,0,0
10/6/24 20:00,0,0
10/6/24 21:00,0,0
10/6/24 22:00,0,0
10/6/24 23:00,0,0
10/7/24 0:00,0,0
10/7/24 1:00,0,0
10/7/24 2:00,0,0
10/7/24 3:00,0,0
10/7/24 4:00,0,0
10/7/24 5:00,0.007580855,0
10/7/24 6:00,0.1785296,0.2271809
10/7/24 7:00,0.3442314,0.3914048
10/7/24 8:00,0.6305566,0.7269312
10/7/24 9:00,0.7949087,0.9060683
10/7/24 10:00,0.8619104,0.975201
10/7/24 11:00,0.8604299,0.968848
10/7/24 12:00,0.926197,1.05083
10/7/24 13:00,0.6212518,0.6840724
10/7/24 14:00,0.5475144,0.6203994
10/7/24 15:00,0.4420397,0.5248695
10/7/24 16:00,0.2026314,0.2647141
10/7/24 17:00,0.008083341,0
10/7/24 18:00,0,0
10/7/24 19:00,0,0
10/7/24 20:00,0,0
10/7/24 21:00,0,0
10/7/24 22:00,0,0
10/7/24 23:00,0,0
10/8/24 0:00,0,0
10/8/24 1:00,0,0
10/8/24 2:00,0,0
10/8/24 3:00,0,0
10/8/24 4:00,0,0
10/8/24 5:00,0.006500427,0
10/8/24 6:00,0.1341064,0.1540679
10/8/24 7:00,0.3253075,0.3659811
10/8/24 8:00,0.5290803,0.5976844
10/8/24 9:00,0.8008088,0.9160323
10/8/24 10:00,0.8124269,0.9169053
10/8/24 11:00,0.8515022,0.9606246
10/8/24 12:00,0.7119941,0.7863646
10/8/24 13:00,0.6814803,0.7669384
10/8/24 14:00,0.517244,0.5821372
10/8/24 15:00,0.3343169,0.3801483
10/8/24 16:00,0.1843035,0.2413054
10/8/24 17:00,0.008907834,0
10/8/24 18:00,0,0
10/8/24 19:00,0,0
10/8/24 20:00,0,0
10/8/24 21:00,0,0
10/8/24 22:00,0,0
10/8/24 23:00,0,0
10/9/24 0:00,0,0
10/9/24 1:00,0,0
10/9/24 2:00,0,0
10/9/24 3:00,0,0
10/9/24 4:00,0,0
10/9/24 5:00,0.0082799,0
10/9/24 6:00,0.201038,0.2684913
10/9/24 7:00,0.3650523,0.4263002
10/9/24 8:00,0.474704,0.5246474
10/9/24 9:00,0.6605844,0.741317
10/9/24 10:00,0.8617697,0.9809191
10/9/24 11:00,0.9297159,1.058406
10/9/24 12:00,0.8110194,0.9182186
10/9/24 13:00,0.7840033,0.8993462
10/9/24 14:00,0.6718467,0.7827412
10/9/24 15:00,0.4430127,0.5328088
10/9/24 16:00,0.1923772,0.258019
10/9/24 17:00,0.0084378,0
10/9/24 18:00,0,0
10/9/24 19:00,0,0
10/9/24 20:00,0,0
10/9/24 21:00,0,0
10/9/24 22:00,0,0
10/9/24 23:00,0,0
10/10/24 0:00,0,0
10/10/24 1:00,0,0
10/10/24 2:00,0,0
10/10/24 3:00,0,0
10/10/24 4:00,0,0
10/10/24 5:00,0.004655416,0
10/10/24 6:00,0.0963994,0.09998251
10/10/24 7:00,0.1788284,0.1776596
10/10/24 8:00,0.3655315,0.3795702
10/10/24 9:00,0.4106427,0.4166933
10/10/24 10:00,0.1846042,0.1799133
10/10/24 11:00,0.3676567,0.3624979
10/10/24 12:00,0.6699576,0.7346863
10/10/24 13:00,0.8009575,0.9226079
10/10/24 14:00,0.5549734,0.6394766
10/10/24 15:00,0.3199296,0.3643409
10/10/24 16:00,0.1528722,0.1956243
10/10/24 17:00,0.006667983,0
10/10/24 18:00,0,0
10/10/24 19:00,0,0
10/10/24 20:00,0,0
10/10/24 21:00,0,0
10/10/24 22:00,0,0
10/10/24 23:00,0,0
10/11/24 0:00,0,0
10/11/24 1:00,0,0
10/11/24 2:00,0,0
10/11/24 3:00,0,0
10/11/24 4:00,0,0
10/11/24 5:00,0.004510146,0
10/11/24 6:00,0.1221055,0.1386115
10/11/24 7:00,0.3470893,0.4047372
10/11/24 8:00,0.511083,0.5798943
10/11/24 9:00,0.6781616,0.7699422
10/11/24 10:00,0.7761507,0.8786087
10/11/24 11:00,0.6869321,0.7520295
10/11/24 12:00,0.9274602,1.064799
10/11/24 13:00,0.8332894,0.9637435
10/11/24 14:00,0.6599278,0.7751459
10/11/24 15:00,0.397953,0.4812488
10/11/24 16:00,0.137613,0.1711368
10/11/24 17:00,0.005928922,0
10/11/24 18:00,0,0
10/11/24 19:00,0,0
10/11/24 20:00,0,0
10/11/24 21:00,0,0
10/11/24 22:00,0,0
10/11/24 23:00,0,0
10/12/24 0:00,0,0
10/12/24 1:00,0,0
10/12/24 2:00,0,0
10/12/24 3:00,0,0
10/12/24 4:00,0,0
10/12/24 5:00,0.004806047,0
10/12/24 6:00,0.1404386,0.1725907
10/12/24 7:00,0.3864931,0.4653631
10/12/24 8:00,0.5629439,0.6542318
10/12/24 9:00,0.719463,0.8270693
10/12/24 10:00,0.7040237,0.7848033
10/12/24 11:00,0.9007329,1.03299
10/12/24 12:00,0.7967623,0.9088159
10/12/24 13:00,0.5800235,0.6396485
10/12/24 14:00,0.5209125,0.5986723
10/12/24 15:00,0.3732503,0.4499161
10/12/24 16:00,0.1262297,0.1532727
10/12/24 17:00,0.00431555,0
10/12/24 18:00,0,0
10/12/24 19:00,0,0
10/12/24 20:00,0,0
10/12/24 21:00,0,0
10/12/24 22:00,0,0
10/12/24 23:00,0,0
10/13/24 0:00,0,0
10/13/24 1:00,0,0
10/13/24 2:00,0,0
10/13/24 3:00,0,0
10/13/24 4:00,0,0
10/13/24 5:00,0.00406378,0
10/13/24 6:00,0.0852881,0.08711687
10/13/24 7:00,0.1911489,0.1920452
10/13/24 8:00,0.349337,0.3615505
10/13/24 9:00,0.6439981,0.7287167
10/13/24 10:00,0.4932107,0.5075886
10/13/24 11:00,0.5521812,0.5769591
10/13/24 12:00,0.6093189,0.6587151
10/13/24 13:00,0.4155417,0.4250589
10/13/24 14:00,0.5889027,0.6939693
10/13/24 15:00,0.3314998,0.3906016
10/13/24 16:00,0.1245484,0.1533012
10/13/24 17:00,0.004052246,0
10/13/24 18:00,0,0
10/13/24 19:00,0,0
10/13/24 20:00,0,0
10/13/24 21:00,0,0
10/13/24 22:00,0,0
10/13/24 23:00,0,0
10/14/24 0:00,0,0
10/14/24 1:00,0,0
10/14/24 2:00,0,0
10/14/24 3:00,0,0
10/14/24 4:00,0,0
10/14/24 5:00,0.007132268,0
10/14/24 6:00,0.1471563,0.1902607
10/14/24 7:00,0.3793892,0.460793
10/14/24 8:00,0.6357387,0.754184
10/14/24 9:00,0.7941365,0.9260429
10/14/24 10:00,0.8737817,1.010324
10/14/24 11:00,0.5353832,0.5567604
10/14/24 12:00,0.4800546,0.4928187
10/14/24 13:00,0.2970741,0.2927675
10/14/24 14:00,0.4881857,0.557798
10/14/24 15:00,0.414934,0.5144492
10/14/24 16:00,0.1518063,0.211212
10/14/24 17:00,0.002587603,0
10/14/24 18:00,0,0
10/14/24 19:00,0,0
10/14/24 20:00,0,0
10/14/24 21:00,0,0
10/14/24 22:00,0,0
10/14/24 23:00,0,0
10/15/24 0:00,0,0
10/15/24 1:00,0,0
10/15/24 2:00,0,0
10/15/24 3:00,0,0
10/15/24 4:00,0,0
10/15/24 5:00,0.005023748,0
10/15/24 6:00,0.1112487,0.1257294
10/15/24 7:00,0.2295981,0.2399352
10/15/24 8:00,0.5107839,0.589149
10/15/24 9:00,0.6833686,0.7876814
10/15/24 10:00,0.6782881,0.7564811
10/15/24 11:00,0.8493788,0.9784058
10/15/24 12:00,0.934536,1.08585
10/15/24 13:00,0.8323482,0.9757152
10/15/24 14:00,0.619637,0.7393725
10/15/24 15:00,0.4024554,0.5014058
10/15/24 16:00,0.1381206,0.1883503
10/15/24 17:00,0.003987253,0
10/15/24 18:00,0,0
10/15/24 19:00,0,0
10/15/24 20:00,0,0
10/15/24 21:00,0,0
10/15/24 22:00,0,0
10/15/24 23:00,0,0
10/16/24 0:00,0,0
10/16/24 1:00,0,0
10/16/24 2:00,0,0
10/16/24 3:00,0,0
10/16/24 4:00,0,0
10/16/24 5:00,0.004738501,0
10/16/24 6:00,0.08853292,0.09247142
10/16/24 7:00,0.3574246,0.4333486
10/16/24 8:00,0.255693,0.2537458
10/16/24 9:00,0.4075939,0.4165627
10/16/24 10:00,0.4086212,0.4097858
10/16/24 11:00,0.4890175,0.5011658
10/16/24 12:00,0.662141,0.7376737
10/16/24 13:00,0.5039815,0.5426082
10/16/24 14:00,0.3490018,0.3657978
10/16/24 15:00,0.1303889,0.1279895
10/16/24 16:00,0.08064187,0.08518045
10/16/24 17:00,0.001535294,0
10/16/24 18:00,0,0
10/16/24 19:00,0,0
10/16/24 20:00,0,0
10/16/24 21:00,0,0
10/16/24 22:00,0,0
10/16/24 23:00,0,0
10/17/24 0:00,0,0
10/17/24 1:00,0,0
10/17/24 2:00,0,0
10/17/24 3:00,0,0
10/17/24 4:00,0,0
10/17/24 5:00,0.004704046,0
10/17/24 6:00,0.1497388,0.2041729
10/17/24 7:00,0.2106415,0.216911
10/17/24 8:00,0.3826887,0.4090681
10/17/24 9:00,0.4689829,0.4948432
10/17/24 10:00,0.7331795,0.83722
10/17/24 11:00,0.7471476,0.848675
10/17/24 12:00,0.7206358,0.821467
10/17/24 13:00,0.7216788,0.8465999
10/17/24 14:00,0.4859282,0.5629141
10/17/24 15:00,0.3108849,0.3703796
10/17/24 16:00,0.1124767,0.1426316
10/17/24 17:00,0.00187308,0
10/17/24 18:00,0,0
10/17/24 19:00,0,0
10/17/24 20:00,0,0
10/17/24 21:00,0,0
10/17/24 22:00,0,0
10/17/24 23:00,0,0
10/18/24 0:00,0,0
10/18/24 1:00,0,0
10/18/24 2:00,0,0
10/18/24 3:00,0,0
10/18/24 4:00,0,0
10/18/24 5:00,0.004425304,0
10/18/24 6:00,0.05464762,0.05386646
10/18/24 7:00,0.2098806,0.216497
10/18/24 8:00,0.5192751,0.6091376
10/18/24 9:00,0.8375941,0.9903466
10/18/24 10:00,0.8574885,1.002374
10/18/24 11:00,0.9702356,1.133778
10/18/24 12:00,0.9247555,1.083811
10/18/24 13:00,0.6796335,0.7939281
10/18/24 14:00,0.5578206,0.6687351
10/18/24 15:00,0.3793349,0.4798858
10/18/24 16:00,0.1616344,0.2489242
10/18/24 17:00,0.001765153,0
10/18/24 18:00,0,0
10/18/24 19:00,0,0
10/18/24 20:00,0,0
10/18/24 21:00,0,0
10/18/24 22:00,0,0
10/18/24 23:00,0,0
10/19/24 0:00,0,0
10/19/24 1:00,0,0
10/19/24 2:00,0,0
10/19/24 3:00,0,0
10/19/24 4:00,0,0
10/19/24 5:00,0.004390411,0
10/19/24 6:00,0.1162321,0.1407027
10/19/24 7:00,0.3721074,0.4645465
10/19/24 8:00,0.3300741,0.3416386
10/19/24 9:00,0.4461144,0.4670568
10/19/24 10:00,0.7843331,0.9118181
10/19/24 11:00,0.567845,0.6049325
10/19/24 12:00,0.6185142,0.6831445
10/19/24 13:00,0.5774204,0.6525098
10/19/24 14:00,0.3249329,0.3376955
10/19/24 15:00,0.05802828,0.05658413
10/19/24 16:00,0.02924367,0.02867776
10/19/24 17:00,0.000520599,0
10/19/24 18:00,0,0
10/19/24 19:00,0,0
10/19/24 20:00,0,0
10/19/24 21:00,0,0
10/19/24 22:00,0,0
10/19/24 23:00,0,0
10/20/24 0:00,0,0
10/20/24 1:00,0,0
10/20/24 2:00,0,0
10/20/24 3:00,0,0
10/20/24 4:00,0,0
10/20/24 5:00,0.003292143,0
10/20/24 6:00,0.07604912,0.07792267
10/20/24 7:00,0.1384902,0.1362467
10/20/24 8:00,0.3060536,0.312537
10/20/24 9:00,0.3442709,0.3446862
10/20/24 10:00,0.3716471,0.3699886
10/20/24 11:00,0.5930759,0.6406316
10/20/24 12:00,0.6839134,0.7781249
10/20/24 13:00,0.700067,0.827484
10/20/24 14:00,0.3950939,0.4354035
10/20/24 15:00,0.3169075,0.3897446
10/20/24 16:00,0.08159377,0.09121086
10/20/24 17:00,0.001589856,0
10/20/24 18:00,0,0
10/20/24 19:00,0,0
10/20/24 20:00,0,0
10/20/24 21:00,0,0
10/20/24 22:00,0,0
10/20/24 23:00,0,0
10/21/24 0:00,0,0
10/21/24 1:00,0,0
10/21/24 2:00,0,0
10/21/24 3:00,0,0
10/21/24 4:00,0,0
10/21/24 5:00,0.004162648,0
10/21/24 6:00,0.06796574,0.06847215
10/21/24 7:00,0.2995144,0.3526214
10/21/24 8:00,0.2599447,0.2594851
10/21/24 9:00,0.6810697,0.8012441
10/21/24 10:00,0.8383878,0.9874811
10/21/24 11:00,0.8476992,0.9939765
10/21/24 12:00,0.3564479,0.3540075
10/21/24 13:00,0.4019298,0.4146303
10/21/24 14:00,0.3995157,0.4438005
10/21/24 15:00,0.3225157,0.4023759
10/21/24 16:00,0.1345963,0.2104939
10/21/24 17:00,0.00098033,0
10/21/24 18:00,0,0
10/21/24 19:00,0,0
10/21/24 20:00,0,0
10/21/24 21:00,0,0
10/21/24 22:00,0,0
10/21/24 23:00,0,0
10/22/24 0:00,0,0
10/22/24 1:00,0,0
10/22/24 2:00,0,0
10/22/24 3:00,0,0
10/22/24 4:00,0,0
10/22/24 5:00,0.00445951,0
10/22/24 6:00,0.155355,0.2335991
10/22/24 7:00,0.3983952,0.5127429
10/22/24 8:00,0.6127757,0.7494318
10/22/24 9:00,0.7856673,0.9395491
10/22/24 10:00,0.7692039,0.9001189
10/22/24 11:00,0.763576,0.8848667
10/22/24 12:00,0.7513371,0.8777579
10/22/24 13:00,0.8114127,0.9732517
10/22/24 14:00,0.6362702,0.7827605
10/22/24 15:00,0.3970807,0.5184417
10/22/24 16:00,0.137807,0.2228661
10/22/24 17:00,0.000761796,0
10/22/24 18:00,0,0
10/22/24 19:00,0,0
10/22/24 20:00,0,0
10/22/24 21:00,0,0
10/22/24 22:00,0,0
10/22/24 23:00,0,0
10/23/24 0:00,0,0
10/23/24 1:00,0,0
10/23/24 2:00,0,0
10/23/24 3:00,0,0
10/23/24 4:00,0,0
10/23/24 5:00,0.003587374,0
10/23/24 6:00,0.1456314,0.2160042
10/23/24 7:00,0.2611671,0.2942227
10/23/24 8:00,0.4230519,0.4763034
10/23/24 9:00,0.6613051,0.779288
10/23/24 10:00,0.7244799,0.8412131
10/23/24 11:00,0.5623875,0.6031958
10/23/24 12:00,0.5973825,0.6612883
10/23/24 13:00,0.3860025,0.3964027
10/23/24 14:00,0.4411762,0.511575
10/23/24 15:00,0.2462604,0.2800296
10/23/24 16:00,0.06584243,0.06998938
10/23/24 17:00,0.000427313,0
10/23/24 18:00,0,0
10/23/24 19:00,0,0
10/23/24 20:00,0,0
10/23/24 21:00,0,0
10/23/24 22:00,0,0
10/23/24 23:00,0,0
10/24/24 0:00,0,0
10/24/24 1:00,0,0
10/24/24 2:00,0,0
10/24/24 3:00,0,0
10/24/24 4:00,0,0
10/24/24 5:00,0.002933154,0
10/24/24 6:00,0.08557168,0.09327458
10/24/24 7:00,0.2119129,0.222978
10/24/24 8:00,0.4154457,0.4666631
10/24/24 9:00,0.568003,0.6459728
10/24/24 10:00,0.7729604,0.9108874
10/24/24 11:00,0.4984765,0.5197037
10/24/24 12:00,0.6012762,0.668892
10/24/24 13:00,0.6605743,0.7856613
10/24/24 14:00,0.5555345,0.6848698
10/24/24 15:00,0.2843053,0.3467869
10/24/24 16:00,0.09884501,0.1375122
10/24/24 17:00,0.000404541,0
10/24/24 18:00,0,0
10/24/24 19:00,0,0
10/24/24 20:00,0,0
10/24/24 21:00,0,0
10/24/24 22:00,0,0
10/24/24 23:00,0,0
10/25/24 0:00,0,0
10/25/24 1:00,0,0
10/25/24 2:00,0,0
10/25/24 3:00,0,0
10/25/24 4:00,0,0
10/25/24 5:00,0.002929517,0
10/25/24 6:00,0.1002348,0.1201587
10/25/24 7:00,0.2669286,0.3068556
10/25/24 8:00,0.4221233,0.4786978
10/25/24 9:00,0.5898973,0.6807421
10/25/24 10:00,0.7741529,0.9153504
10/25/24 11:00,0.8019341,0.9456546
10/25/24 12:00,0.747559,0.8812228
10/25/24 13:00,0.465326,0.5031919
10/25/24 14:00,0.385195,0.4300476
10/25/24 15:00,0.2296016,0.2570583
10/25/24 16:00,0.08238691,0.1023005
10/25/24 17:00,0.00036572,0
10/25/24 18:00,0,0
10/25/24 19:00,0,0
10/25/24 20:00,0,0
10/25/24 21:00,0,0
10/25/24 22:00,0,0
10/25/24 23:00,0,0
10/26/24 0:00,0,0
10/26/24 1:00,0,0
10/26/24 2:00,0,0
10/26/24 3:00,0,0
10/26/24 4:00,0,0
10/26/24 5:00,0.003112536,0
10/26/24 6:00,0.127038,0.1830143
10/26/24 7:00,0.255264,0.289579
10/26/24 8:00,0.5543783,0.6825449
10/26/24 9:00,0.6562915,0.7805127
10/26/24 10:00,0.6453752,0.7348888
10/26/24 11:00,0.8227086,0.9761493
10/26/24 12:00,0.5119003,0.5463773
10/26/24 13:00,0.5784925,0.6717748
10/26/24 14:00,0.4319618,0.5047919
10/26/24 15:00,0.3746208,0.5012128
10/26/24 16:00,0.1174696,0.1962491
10/26/24 17:00,0.000193617,0
10/26/24 18:00,0,0
10/26/24 19:00,0,0
10/26/24 20:00,0,0
10/26/24 21:00,0,0
10/26/24 22:00,0,0
10/26/24 23:00,0,0
10/27/24 0:00,0,0
10/27/24 1:00,0,0
10/27/24 2:00,0,0
10/27/24 3:00,0,0
10/27/24 4:00,0,0
10/27/24 5:00,0.001968138,0
10/27/24 6:00,0.1271291,0.1868673
10/27/24 7:00,0.2888366,0.3481448
10/27/24 8:00,0.5494923,0.6785088
10/27/24 9:00,0.7411556,0.898701
10/27/24 10:00,0.7227694,0.8496517
10/27/24 11:00,0.8568802,1.02312
10/27/24 12:00,0.7954313,0.9514815
10/27/24 13:00,0.7248992,0.8811985
10/27/24 14:00,0.5605362,0.7011364
10/27/24 15:00,0.3388335,0.4502657
10/27/24 16:00,0.08645486,0.1175002
10/27/24 17:00,0.000104882,0
10/27/24 18:00,0,0
10/27/24 19:00,0,0
10/27/24 20:00,0,0
10/27/24 21:00,0,0
10/27/24 22:00,0,0
10/27/24 23:00,0,0
10/28/24 0:00,0,0
10/28/24 1:00,0,0
10/28/24 2:00,0,0
10/28/24 3:00,0,0
10/28/24 4:00,0,0
10/28/24 5:00,0.00199063,0
10/28/24 6:00,0.1315983,0.2020402
10/28/24 7:00,0.3885579,0.5174814
10/28/24 8:00,0.578741,0.7224139
10/28/24 9:00,0.7361082,0.8950848
10/28/24 10:00,0.9068868,1.092078
10/28/24 11:00,0.9700693,1.16521
10/28/24 12:00,0.8619253,1.038101
10/28/24 13:00,0.7254586,0.8848517
10/28/24 14:00,0.5467379,0.6852489
10/28/24 15:00,0.3151434,0.4139079
10/28/24 16:00,0.1021665,0.1648086
10/28/24 17:00,8.59006E-05,0
10/28/24 18:00,0,0
10/28/24 19:00,0,0
10/28/24 20:00,0,0
10/28/24 21:00,0,0
10/28/24 22:00,0,0
10/28/24 23:00,0,0
10/29/24 0:00,0,0
10/29/24 1:00,0,0
10/29/24 2:00,0,0
10/29/24 3:00,0,0
10/29/24 4:00,0,0
10/29/24 5:00,0.001777892,0
10/29/24 6:00,0.1092959,0.1492313
10/29/24 7:00,0.2338694,0.2599762
10/29/24 8:00,0.3591333,0.3906999
10/29/24 9:00,0.7183858,0.874781
10/29/24 10:00,0.7060805,0.8311099
10/29/24 11:00,0.8415563,1.009261
10/29/24 12:00,0.8252092,0.9955295
10/29/24 13:00,0.7131312,0.8718208
10/29/24 14:00,0.5489708,0.6914358
10/29/24 15:00,0.374355,0.5107952
10/29/24 16:00,0.1382564,0.2589278
10/29/24 17:00,3.79445E-05,0
10/29/24 18:00,0,0
10/29/24 19:00,0,0
10/29/24 20:00,0,0
10/29/24 21:00,0,0
10/29/24 22:00,0,0
10/29/24 23:00,0,0
10/30/24 0:00,0,0
10/30/24 1:00,0,0
10/30/24 2:00,0,0
10/30/24 3:00,0,0
10/30/24 4:00,0,0
10/30/24 5:00,0.002271136,0
10/30/24 6:00,0.06386416,0.0658526
10/30/24 7:00,0.09706927,0.09511357
10/30/24 8:00,0.3583472,0.3908495
10/30/24 9:00,0.3038752,0.3025471
10/30/24 10:00,0.5569722,0.6134725
10/30/24 11:00,0.2256431,0.220469
10/30/24 12:00,0.4490552,0.4673545
10/30/24 13:00,0.3665644,0.3770438
10/30/24 14:00,0.3751696,0.4239249
10/30/24 15:00,0.2818718,0.3604705
10/30/24 16:00,0.08611684,0.1275886
10/30/24 17:00,3.8027E-06,0
10/30/24 18:00,0,0
10/30/24 19:00,0,0
10/30/24 20:00,0,0
10/30/24 21:00,0,0
10/30/24 22:00,0,0
10/30/24 23:00,0,0
10/31/24 0:00,0,0
10/31/24 1:00,0,0
10/31/24 2:00,0,0
10/31/24 3:00,0,0
10/31/24 4:00,0,0
10/31/24 5:00,0.000883143,0
10/31/24 6:00,0.09719282,0.1258332
10/31/24 7:00,0.3254395,0.4242603
10/31/24 8:00,0.5414516,0.6786591
10/31/24 9:00,0.8394921,1.034055
10/31/24 10:00,0.8706126,1.056009
10/31/24 11:00,0.6812362,0.7904424
10/31/24 12:00,0.7103798,0.8456317
10/31/24 13:00,0.6756446,0.8272581
10/31/24 14:00,0.4851018,0.6030337
10/31/24 15:00,0.3284928,0.4470938
10/31/24 16:00,0.1078896,0.1978637
10/31/24 17:00,0,0
10/31/24 18:00,0,0
10/31/24 19:00,0,0
10/31/24 20:00,0,0
10/31/24 21:00,0,0
10/31/24 22:00,0,0
10/31/24 23:00,0,0
11/1/24 0:00,0,0
11/1/24 1:00,0,0
11/1/24 2:00,0,0
11/1/24 3:00,0,0
11/1/24 4:00,0,0
11/1/24 5:00,0.001586395,0
11/1/24 6:00,0.1144679,0.1730755
11/1/24 7:00,0.3419702,0.4563135
11/1/24 8:00,0.5460491,0.6883093
11/1/24 9:00,0.6827609,0.8349054
11/1/24 10:00,0.8606768,1.046482
11/1/24 11:00,0.8549359,1.034673
11/1/24 12:00,0.6731848,0.7937827
11/1/24 13:00,0.4957611,0.5596383
11/1/24 14:00,0.4978316,0.6257483
11/1/24 15:00,0.2981627,0.3969681
11/1/24 16:00,0.08934571,0.1460151
11/1/24 17:00,0,0
11/1/24 18:00,0,0
11/1/24 19:00,0,0
11/1/24 20:00,0,0
11/1/24 21:00,0,0
11/1/24 22:00,0,0
11/1/24 23:00,0,0
11/2/24 0:00,0,0
11/2/24 1:00,0,0
11/2/24 2:00,0,0
11/2/24 3:00,0,0
11/2/24 4:00,0,0
11/2/24 5:00,0.001315088,0
11/2/24 6:00,0.09597795,0.1280645
11/2/24 7:00,0.3091778,0.4010461
11/2/24 8:00,0.4841248,0.5963507
11/2/24 9:00,0.6806433,0.8347722
11/2/24 10:00,0.8269605,1.007188
11/2/24 11:00,0.676232,0.787864
11/2/24 12:00,0.6435275,0.751816
11/2/24 13:00,0.7727901,0.9591643
11/2/24 14:00,0.527567,0.6731452
11/2/24 15:00,0.2964483,0.3970532
11/2/24 16:00,0.08611576,0.1403984
11/2/24 17:00,0,0
11/2/24 18:00,0,0
11/2/24 19:00,0,0
11/2/24 20:00,0,0
11/2/24 21:00,0,0
11/2/24 22:00,0,0
11/2/24 23:00,0,0
11/3/24 0:00,0,0
11/3/24 1:00,0,0
11/3/24 2:00,0,0
11/3/24 3:00,0,0
11/3/24 4:00,0,0
11/3/24 5:00,0.001519406,0
11/3/24 6:00,0.1101066,0.1691021
11/3/24 7:00,0.1988429,0.2127939
11/3/24 8:00,0.187044,0.1838297
11/3/24 9:00,0.4145031,0.4398325
11/3/24 10:00,0.5719133,0.6425441
11/3/24 11:00,0.4966326,0.5273347
11/3/24 12:00,0.7072344,0.8491898
11/3/24 13:00,0.5789557,0.6931897
11/3/24 14:00,0.198259,0.1959647
11/3/24 15:00,0.05087286,0.04968062
11/3/24 16:00,0.009030802,0.008828627
11/3/24 17:00,0,0
11/3/24 18:00,0,0
11/3/24 19:00,0,0
11/3/24 20:00,0,0
11/3/24 21:00,0,0
11/3/24 22:00,0,0
11/3/24 23:00,0,0
11/4/24 0:00,0,0
11/4/24 1:00,0,0
11/4/24 2:00,0,0
11/4/24 3:00,0,0
11/4/24 4:00,0,0
11/4/24 5:00,0.000905606,0
11/4/24 6:00,0.1059474,0.1613882
11/4/24 7:00,0.1755488,0.1817397
11/4/24 8:00,0.2226401,0.221402
11/4/24 9:00,0.2980125,0.2972267
11/4/24 10:00,0.5395436,0.5962296
11/4/24 11:00,0.53644,0.5840186
11/4/24 12:00,0.812743,0.9962223
11/4/24 13:00,0.6190258,0.7569675
11/4/24 14:00,0.5073017,0.6489856
11/4/24 15:00,0.2639602,0.3410417
11/4/24 16:00,0.09906529,0.1931422
11/4/24 17:00,0,0
11/4/24 18:00,0,0
11/4/24 19:00,0,0
11/4/24 20:00,0,0
11/4/24 21:00,0,0
11/4/24 22:00,0,0
11/4/24 23:00,0,0
11/5/24 0:00,0,0
11/5/24 1:00,0,0
11/5/24 2:00,0,0
11/5/24 3:00,0,0
11/5/24 4:00,0,0
11/5/24 5:00,0.000748682,0
11/5/24 6:00,0.08394507,0.1068719
11/5/24 7:00,0.1815691,0.190258
11/5/24 8:00,0.3010564,0.3165081
11/5/24 9:00,0.6653933,0.8215822
11/5/24 10:00,0.6999957,0.8408108
11/5/24 11:00,0.7120249,0.8487512
11/5/24 12:00,0.7976987,0.9795297
11/5/24 13:00,0.6971767,0.8704336
11/5/24 14:00,0.4268734,0.5216823
11/5/24 15:00,0.2550346,0.3262888
11/5/24 16:00,0.07284489,0.1100692
11/5/24 17:00,0,0
11/5/24 18:00,0,0
11/5/24 19:00,0,0
11/5/24 20:00,0,0
11/5/24 21:00,0,0
11/5/24 22:00,0,0
11/5/24 23:00,0,0
11/6/24 0:00,0,0
11/6/24 1:00,0,0
11/6/24 2:00,0,0
11/6/24 3:00,0,0
11/6/24 4:00,0,0
11/6/24 5:00,0.000555412,0
11/6/24 6:00,0.1146176,0.1963776
11/6/24 7:00,0.292754,0.3823784
11/6/24 8:00,0.4384702,0.5320003
11/6/24 9:00,0.5935541,0.716669
11/6/24 10:00,0.7203256,0.8732113
11/6/24 11:00,0.8276624,1.013099
11/6/24 12:00,0.8308679,1.02428
11/6/24 13:00,0.7803687,0.9805427
11/6/24 14:00,0.5817962,0.7587432
11/6/24 15:00,0.3789371,0.5436818
11/6/24 16:00,0.1095078,0.23424
11/6/24 17:00,0,0
11/6/24 18:00,0,0
11/6/24 19:00,0,0
11/6/24 20:00,0,0
11/6/24 21:00,0,0
11/6/24 22:00,0,0
11/6/24 23:00,0,0
11/7/24 0:00,0,0
11/7/24 1:00,0,0
11/7/24 2:00,0,0
11/7/24 3:00,0,0
11/7/24 4:00,0,0
11/7/24 5:00,0.000295779,0
11/7/24 6:00,0.09789859,0.1502641
11/7/24 7:00,0.166519,0.1716384
11/7/24 8:00,0.3887219,0.4511897
11/7/24 9:00,0.5824692,0.7019202
11/7/24 10:00,0.534013,0.5928285
11/7/24 11:00,0.580828,0.654119
11/7/24 12:00,0.5577429,0.6313847
11/7/24 13:00,0.6352849,0.7891263
11/7/24 14:00,0.439873,0.5486568
11/7/24 15:00,0.289212,0.3990366
11/7/24 16:00,0.1195396,0.2626351
11/7/24 17:00,0,0
11/7/24 18:00,0,0
11/7/24 19:00,0,0
11/7/24 20:00,0,0
11/7/24 21:00,0,0
11/7/24 22:00,0,0
11/7/24 23:00,0,0
11/8/24 0:00,0,0
11/8/24 1:00,0,0
11/8/24 2:00,0,0
11/8/24 3:00,0,0
11/8/24 4:00,0,0
11/8/24 5:00,0.0003114,0
11/8/24 6:00,0.09771698,0.1540118
11/8/24 7:00,0.3695494,0.5239059
11/8/24 8:00,0.5753508,0.7493262
11/8/24 9:00,0.6990186,0.8766185
11/8/24 10:00,0.813736,1.006152
11/8/24 11:00,0.6470919,0.7576224
11/8/24 12:00,0.6549684,0.7837889
11/8/24 13:00,0.5877789,0.7195998
11/8/24 14:00,0.4371824,0.5466009
11/8/24 15:00,0.3216516,0.4613404
11/8/24 16:00,0.08589362,0.1682022
11/8/24 17:00,0,0
11/8/24 18:00,0,0
11/8/24 19:00,0,0
11/8/24 20:00,0,0
11/8/24 21:00,0,0
11/8/24 22:00,0,0
11/8/24 23:00,0,0
11/9/24 0:00,0,0
11/9/24 1:00,0,0
11/9/24 2:00,0,0
11/9/24 3:00,0,0
11/9/24 4:00,0,0
11/9/24 5:00,0.000221917,0
11/9/24 6:00,0.1082748,0.1926004
11/9/24 7:00,0.314742,0.4339516
11/9/24 8:00,0.6450552,0.846126
11/9/24 9:00,0.8163604,1.03196
11/9/24 10:00,0.8342826,1.034725
11/9/24 11:00,0.9116232,1.127257
11/9/24 12:00,0.7923062,0.982769
11/9/24 13:00,0.7851331,0.9952406
11/9/24 14:00,0.4716282,0.6067255
11/9/24 15:00,0.2491724,0.3245485
11/9/24 16:00,0.08287821,0.1615816
11/9/24 17:00,0,0
11/9/24 18:00,0,0
11/9/24 19:00,0,0
11/9/24 20:00,0,0
11/9/24 21:00,0,0
11/9/24 22:00,0,0
11/9/24 23:00,0,0
11/10/24 0:00,0,0
11/10/24 1:00,0,0
11/10/24 2:00,0,0
11/10/24 3:00,0,0
11/10/24 4:00,0,0
11/10/24 5:00,0.000267978,0
11/10/24 6:00,0.1458882,0.2973053
11/10/24 7:00,0.3753124,0.5385772
11/10/24 8:00,0.5486757,0.718051
11/10/24 9:00,0.7333764,0.9268962
11/10/24 10:00,0.9392203,1.171461
11/10/24 11:00,0.8959476,1.109991
11/10/24 12:00,0.8043751,1.000762
11/10/24 13:00,0.6294197,0.7881837
11/10/24 14:00,0.5787913,0.7657157
11/10/24 15:00,0.3166952,0.4586774
11/10/24 16:00,0.06855367,0.1119221
11/10/24 17:00,0,0
11/10/24 18:00,0,0
11/10/24 19:00,0,0
11/10/24 20:00,0,0
11/10/24 21:00,0,0
11/10/24 22:00,0,0
11/10/24 23:00,0,0
11/11/24 0:00,0,0
11/11/24 1:00,0,0
11/11/24 2:00,0,0
11/11/24 3:00,0,0
11/11/24 4:00,0,0
11/11/24 5:00,0.000121875,0
11/11/24 6:00,0.07352341,0.09592693
11/11/24 7:00,0.08041054,0.07885632
11/11/24 8:00,0.1996875,0.1977239
11/11/24 9:00,0.2503187,0.2470388
11/11/24 10:00,0.3484108,0.3503088
11/11/24 11:00,0.3710702,0.3743175
11/11/24 12:00,0.2418697,0.2370794
11/11/24 13:00,0.1893817,0.1854086
11/11/24 14:00,0.2463504,0.2525324
11/11/24 15:00,0.03425109,0.03340706
11/11/24 16:00,0.02284014,0.02278271
11/11/24 17:00,0,0
11/11/24 18:00,0,0
11/11/24 19:00,0,0
11/11/24 20:00,0,0
11/11/24 21:00,0,0
11/11/24 22:00,0,0
11/11/24 23:00,0,0
11/12/24 0:00,0,0
11/12/24 1:00,0,0
11/12/24 2:00,0,0
11/12/24 3:00,0,0
11/12/24 4:00,0,0
11/12/24 5:00,5.23961E-05,0
11/12/24 6:00,0.08561284,0.1336177
11/12/24 7:00,0.02205237,0.0214666
11/12/24 8:00,0.04766213,0.04640423
11/12/24 9:00,0.1102275,0.1075068
11/12/24 10:00,0.1237616,0.1206678
11/12/24 11:00,0.1403337,0.1368715
11/12/24 12:00,0.1447094,0.1412098
11/12/24 13:00,0.09807177,0.09561372
11/12/24 14:00,0.1148983,0.1123951
11/12/24 15:00,0.04584926,0.04479859
11/12/24 16:00,0.01306957,0.01288467
11/12/24 17:00,0,0
11/12/24 18:00,0,0
11/12/24 19:00,0,0
11/12/24 20:00,0,0
11/12/24 21:00,0,0
11/12/24 22:00,0,0
11/12/24 23:00,0,0
11/13/24 0:00,0,0
11/13/24 1:00,0,0
11/13/24 2:00,0,0
11/13/24 3:00,0,0
11/13/24 4:00,0,0
11/13/24 5:00,1.77254E-05,0
11/13/24 6:00,0.1023443,0.1962463
11/13/24 7:00,0.1746775,0.1862877
11/13/24 8:00,0.3306239,0.3677063
11/13/24 9:00,0.4807409,0.5522202
11/13/24 10:00,0.2810915,0.2772007
11/13/24 11:00,0.459478,0.4864176
11/13/24 12:00,0.7017846,0.8665457
11/13/24 13:00,0.4954587,0.5815492
11/13/24 14:00,0.3084989,0.339618
11/13/24 15:00,0.1617822,0.1728927
11/13/24 16:00,0.0761342,0.151818
11/13/24 17:00,0,0
11/13/24 18:00,0,0
11/13/24 19:00,0,0
11/13/24 20:00,0,0
11/13/24 21:00,0,0
11/13/24 22:00,0,0
11/13/24 23:00,0,0
11/14/24 0:00,0,0
11/14/24 1:00,0,0
11/14/24 2:00,0,0
11/14/24 3:00,0,0
11/14/24 4:00,0,0
11/14/24 5:00,2.26856E-06,0
11/14/24 6:00,0.08576286,0.143498
11/14/24 7:00,0.2797835,0.3818814
11/14/24 8:00,0.4681122,0.6038237
11/14/24 9:00,0.7609434,0.9733138
11/14/24 10:00,0.804293,1.008584
11/14/24 11:00,0.9338356,1.168822
11/14/24 12:00,0.8449945,1.062473
11/14/24 13:00,0.6905061,0.8838549
11/14/24 14:00,0.5153114,0.6873426
11/14/24 15:00,0.3162609,0.4688323
11/14/24 16:00,0.09857554,0.2393571
11/14/24 17:00,0,0
11/14/24 18:00,0,0
11/14/24 19:00,0,0
11/14/24 20:00,0,0
11/14/24 21:00,0,0
11/14/24 22:00,0,0
11/14/24 23:00,0,0
11/15/24 0:00,0,0
11/15/24 1:00,0,0
11/15/24 2:00,0,0
11/15/24 3:00,0,0
11/15/24 4:00,0,0
11/15/24 5:00,0,0
11/15/24 6:00,0.03634692,0.03660657
11/15/24 7:00,0.1128813,0.1117217
11/15/24 8:00,0.2579554,0.2664516
11/15/24 9:00,0.5671188,0.6974307
11/15/24 10:00,0.3894998,0.4010873
11/15/24 11:00,0.4162512,0.430949
11/15/24 12:00,0.5292832,0.6005848
11/15/24 13:00,0.6179963,0.7829796
11/15/24 14:00,0.4141809,0.5223928
11/15/24 15:00,0.1648878,0.1785491
11/15/24 16:00,0.04760822,0.05881876
11/15/24 17:00,0,0
11/15/24 18:00,0,0
11/15/24 19:00,0,0
11/15/24 20:00,0,0
11/15/24 21:00,0,0
11/15/24 22:00,0,0
11/15/24 23:00,0,0
11/16/24 0:00,0,0
11/16/24 1:00,0,0
11/16/24 2:00,0,0
11/16/24 3:00,0,0
11/16/24 4:00,0,0
11/16/24 5:00,0,0
11/16/24 6:00,0.08570901,0.154191
11/16/24 7:00,0.1619161,0.1704272
11/16/24 8:00,0.1147796,0.1122812
11/16/24 9:00,0.2908201,0.2921003
11/16/24 10:00,0.4685048,0.5084576
11/16/24 11:00,0.3594066,0.3623249
11/16/24 12:00,0.07356239,0.07160836
11/16/24 13:00,0.128793,0.1257751
11/16/24 14:00,0.1624322,0.1597494
11/16/24 15:00,0.1181093,0.1182054
11/16/24 16:00,0.05027053,0.06624021
11/16/24 17:00,0,0
11/16/24 18:00,0,0
11/16/24 19:00,0,0
11/16/24 20:00,0,0
11/16/24 21:00,0,0
11/16/24 22:00,0,0
11/16/24 23:00,0,0
11/17/24 0:00,0,0
11/17/24 1:00,0,0
11/17/24 2:00,0,0
11/17/24 3:00,0,0
11/17/24 4:00,0,0
11/17/24 5:00,0,0
11/17/24 6:00,0.06243399,0.08254822
11/17/24 7:00,0.1557779,0.1626683
11/17/24 8:00,0.305942,0.3347343
11/17/24 9:00,0.7030018,0.9042322
11/17/24 10:00,0.6769134,0.8359674
11/17/24 11:00,0.4950239,0.5403009
11/17/24 12:00,0.3866808,0.3993003
11/17/24 13:00,0.4679767,0.5430564
11/17/24 14:00,0.4286942,0.5522403
11/17/24 15:00,0.1204766,0.1209821
11/17/24 16:00,0.03575516,0.03799818
11/17/24 17:00,0,0
11/17/24 18:00,0,0
11/17/24 19:00,0,0
11/17/24 20:00,0,0
11/17/24 21:00,0,0
11/17/24 22:00,0,0
11/17/24 23:00,0,0
11/18/24 0:00,0,0
11/18/24 1:00,0,0
11/18/24 2:00,0,0
11/18/24 3:00,0,0
11/18/24 4:00,0,0
11/18/24 5:00,0,0
11/18/24 6:00,0.05047588,0.05773931
11/18/24 7:00,0.1304752,0.1315125
11/18/24 8:00,0.2263145,0.2288626
11/18/24 9:00,0.5046269,0.6009243
11/18/24 10:00,0.6749251,0.835211
11/18/24 11:00,0.489576,0.5334085
11/18/24 12:00,0.5709969,0.671688
11/18/24 13:00,0.436924,0.494332
11/18/24 14:00,0.3922111,0.4884911
11/18/24 15:00,0.2653503,0.3790924
11/18/24 16:00,0.05004115,0.06756823
11/18/24 17:00,0,0
11/18/24 18:00,0,0
11/18/24 19:00,0,0
11/18/24 20:00,0,0
11/18/24 21:00,0,0
11/18/24 22:00,0,0
11/18/24 23:00,0,0
11/19/24 0:00,0,0
11/19/24 1:00,0,0
11/19/24 2:00,0,0
11/19/24 3:00,0,0
11/19/24 4:00,0,0
11/19/24 5:00,0,0
11/19/24 6:00,0.04274944,0.04569833
11/19/24 7:00,0.1203504,0.1202303
11/19/24 8:00,0.3793991,0.4601861
11/19/24 9:00,0.4311786,0.4833372
11/19/24 10:00,0.4625475,0.5029804
11/19/24 11:00,0.5627585,0.6463022
11/19/24 12:00,0.1449105,0.1414661
11/19/24 13:00,0.1773601,0.1736763
11/19/24 14:00,0.1880306,0.1866764
11/19/24 15:00,0.2233092,0.2898984
11/19/24 16:00,0.05383094,0.08003464
11/19/24 17:00,0,0
11/19/24 18:00,0,0
11/19/24 19:00,0,0
11/19/24 20:00,0,0
11/19/24 21:00,0,0
11/19/24 22:00,0,0
11/19/24 23:00,0,0
11/20/24 0:00,0,0
11/20/24 1:00,0,0
11/20/24 2:00,0,0
11/20/24 3:00,0,0
11/20/24 4:00,0,0
11/20/24 5:00,0,0
11/20/24 6:00,0.09528301,0.2179833
11/20/24 7:00,0.1641047,0.1763478
11/20/24 8:00,0.228814,0.2324607
11/20/24 9:00,0.188385,0.1845665
11/20/24 10:00,0.2255265,0.2209875
11/20/24 11:00,0.3326173,0.332738
11/20/24 12:00,0.6337366,0.7766709
11/20/24 13:00,0.6090307,0.7798349
11/20/24 14:00,0.4882558,0.6590018
11/20/24 15:00,0.2595251,0.3704689
11/20/24 16:00,0.06585363,0.1286166
11/20/24 17:00,0,0
11/20/24 18:00,0,0
11/20/24 19:00,0,0
11/20/24 20:00,0,0
11/20/24 21:00,0,0
11/20/24 22:00,0,0
11/20/24 23:00,0,0
11/21/24 0:00,0,0
11/21/24 1:00,0,0
11/21/24 2:00,0,0
11/21/24 3:00,0,0
11/21/24 4:00,0,0
11/21/24 5:00,0,0
11/21/24 6:00,0.06080962,0.08944739
11/21/24 7:00,0.2794942,0.4047389
11/21/24 8:00,0.5697766,0.7758492
11/21/24 9:00,0.738614,0.9608514
11/21/24 10:00,0.7662314,0.9739642
11/21/24 11:00,0.7321564,0.9163392
11/21/24 12:00,0.7719676,0.9824855
11/21/24 13:00,0.7000015,0.9109507
11/21/24 14:00,0.5301854,0.7233348
11/21/24 15:00,0.3016693,0.4585233
11/21/24 16:00,0.07503241,0.1731439
11/21/24 17:00,0,0
11/21/24 18:00,0,0
11/21/24 19:00,0,0
11/21/24 20:00,0,0
11/21/24 21:00,0,0
11/21/24 22:00,0,0
11/21/24 23:00,0,0
11/22/24 0:00,0,0
11/22/24 1:00,0,0
11/22/24 2:00,0,0
11/22/24 3:00,0,0
11/22/24 4:00,0,0
11/22/24 5:00,0,0
11/22/24 6:00,0.06331924,0.1017311
11/22/24 7:00,0.2336429,0.3085238
11/22/24 8:00,0.3960434,0.4970975
11/22/24 9:00,0.6689937,0.8694646
11/22/24 10:00,0.7480593,0.9512266
11/22/24 11:00,0.7826732,0.9899957
11/22/24 12:00,0.7968163,1.016878
11/22/24 13:00,0.7275031,0.9498026
11/22/24 14:00,0.5162786,0.7053664
11/22/24 15:00,0.2836862,0.4253098
11/22/24 16:00,0.08027507,0.1993494
11/22/24 17:00,0,0
11/22/24 18:00,0,0
11/22/24 19:00,0,0
11/22/24 20:00,0,0
11/22/24 21:00,0,0
11/22/24 22:00,0,0
11/22/24 23:00,0,0
11/23/24 0:00,0,0
11/23/24 1:00,0,0
11/23/24 2:00,0,0
11/23/24 3:00,0,0
11/23/24 4:00,0,0
11/23/24 5:00,0,0
11/23/24 6:00,0.07514761,0.1559022
11/23/24 7:00,0.3683651,0.5683287
11/23/24 8:00,0.5540241,0.7584617
11/23/24 9:00,0.7309226,0.9550107
11/23/24 10:00,0.859073,1.100102
11/23/24 11:00,0.896394,1.141116
11/23/24 12:00,0.8005521,1.023637
11/23/24 13:00,0.7880424,1.033576
11/23/24 14:00,0.6062707,0.835242
11/23/24 15:00,0.3164426,0.4886263
11/23/24 16:00,0.07044829,0.1558517
11/23/24 17:00,0,0
11/23/24 18:00,0,0
11/23/24 19:00,0,0
11/23/24 20:00,0,0
11/23/24 21:00,0,0
11/23/24 22:00,0,0
11/23/24 23:00,0,0
11/24/24 0:00,0,0
11/24/24 1:00,0,0
11/24/24 2:00,0,0
11/24/24 3:00,0,0
11/24/24 4:00,0,0
11/24/24 5:00,0,0
11/24/24 6:00,0.08475617,0.2060147
11/24/24 7:00,0.2687685,0.391998
11/24/24 8:00,0.4292067,0.5626934
11/24/24 9:00,0.5225907,0.6436495
11/24/24 10:00,0.7355829,0.9378076
11/24/24 11:00,0.9316235,1.189454
11/24/24 12:00,0.8143367,1.043606
11/24/24 13:00,0.7214425,0.945352
11/24/24 14:00,0.5145488,0.7062801
11/24/24 15:00,0.3384969,0.5263627
11/24/24 16:00,0.101459,0.276987
11/24/24 17:00,0,0
11/24/24 18:00,0,0
11/24/24 19:00,0,0
11/24/24 20:00,0,0
11/24/24 21:00,0,0
11/24/24 22:00,0,0
11/24/24 23:00,0,0
11/25/24 0:00,0,0
11/25/24 1:00,0,0
11/25/24 2:00,0,0
11/25/24 3:00,0,0
11/25/24 4:00,0,0
11/25/24 5:00,0,0
11/25/24 6:00,0.04602886,0.0580551
11/25/24 7:00,0.2875361,0.434958
11/25/24 8:00,0.4001379,0.5117511
11/25/24 9:00,0.5495356,0.6914373
11/25/24 10:00,0.7743613,0.9924297
11/25/24 11:00,0.7516464,0.9523196
11/25/24 12:00,0.5313496,0.6175008
11/25/24 13:00,0.5013468,0.6103751
11/25/24 14:00,0.4594453,0.6203833
11/25/24 15:00,0.2896326,0.4422697
11/25/24 16:00,0.07563613,0.1840104
11/25/24 17:00,0,0
11/25/24 18:00,0,0
11/25/24 19:00,0,0
11/25/24 20:00,0,0
11/25/24 21:00,0,0
11/25/24 22:00,0,0
11/25/24 23:00,0,0
11/26/24 0:00,0,0
11/26/24 1:00,0,0
11/26/24 2:00,0,0
11/26/24 3:00,0,0
11/26/24 4:00,0,0
11/26/24 5:00,0,0
11/26/24 6:00,0.05234727,0.0786868
11/26/24 7:00,0.2555709,0.3695134
11/26/24 8:00,0.4932673,0.6767039
11/26/24 9:00,0.518025,0.6399023
11/26/24 10:00,0.5765871,0.6931022
11/26/24 11:00,0.7004555,0.878267
11/26/24 12:00,0.7676089,0.9854193
11/26/24 13:00,0.518177,0.6406028
11/26/24 14:00,0.4417503,0.5910143
11/26/24 15:00,0.2879056,0.4402641
11/26/24 16:00,0.07909607,0.2015396
11/26/24 17:00,0,0
11/26/24 18:00,0,0
11/26/24 19:00,0,0
11/26/24 20:00,0,0
11/26/24 21:00,0,0
11/26/24 22:00,0,0
11/26/24 23:00,0,0
11/27/24 0:00,0,0
11/27/24 1:00,0,0
11/27/24 2:00,0,0
11/27/24 3:00,0,0
11/27/24 4:00,0,0
11/27/24 5:00,0,0
11/27/24 6:00,0.05216691,0.08156026
11/27/24 7:00,0.2113305,0.2731981
11/27/24 8:00,0.5312303,0.7349886
11/27/24 9:00,0.6534947,0.8579472
11/27/24 10:00,0.8861083,1.144234
11/27/24 11:00,0.8926553,1.143933
11/27/24 12:00,0.803744,1.034735
11/27/24 13:00,0.6196238,0.8081656
11/27/24 14:00,0.5505168,0.7623897
11/27/24 15:00,0.3482876,0.5471734
11/27/24 16:00,0.09676213,0.268088
11/27/24 17:00,0,0
11/27/24 18:00,0,0
11/27/24 19:00,0,0
11/27/24 20:00,0,0
11/27/24 21:00,0,0
11/27/24 22:00,0,0
11/27/24 23:00,0,0
11/28/24 0:00,0,0
11/28/24 1:00,0,0
11/28/24 2:00,0,0
11/28/24 3:00,0,0
11/28/24 4:00,0,0
11/28/24 5:00,0,0
11/28/24 6:00,0.05243147,0.08645817
11/28/24 7:00,0.09901071,0.09819643
11/28/24 8:00,0.09188759,0.08984786
11/28/24 9:00,0.2630147,0.2631742
11/28/24 10:00,0.3877472,0.4054905
11/28/24 11:00,0.6263676,0.7636153
11/28/24 12:00,0.3117799,0.3125313
11/28/24 13:00,0.1926799,0.1890448
11/28/24 14:00,0.1151768,0.1128343
11/28/24 15:00,0.1294878,0.1328625
11/28/24 16:00,0.04615251,0.06178511
11/28/24 17:00,0,0
11/28/24 18:00,0,0
11/28/24 19:00,0,0
11/28/24 20:00,0,0
11/28/24 21:00,0,0
11/28/24 22:00,0,0
11/28/24 23:00,0,0
11/29/24 0:00,0,0
11/29/24 1:00,0,0
11/29/24 2:00,0,0
11/29/24 3:00,0,0
11/29/24 4:00,0,0
11/29/24 5:00,0,0
11/29/24 6:00,0.04786232,0.0732808
11/29/24 7:00,0.06126085,0.06014405
11/29/24 8:00,0.2064066,0.2084084
11/29/24 9:00,0.4899367,0.5970026
11/29/24 10:00,0.5158869,0.5973426
11/29/24 11:00,0.2556824,0.2514087
11/29/24 12:00,0.4235362,0.4548434
11/29/24 13:00,0.3657039,0.3940837
11/29/24 14:00,0.268193,0.2884925
11/29/24 15:00,0.1026269,0.1019609
11/29/24 16:00,0.02607865,0.02654229
11/29/24 17:00,0,0
11/29/24 18:00,0,0
11/29/24 19:00,0,0
11/29/24 20:00,0,0
11/29/24 21:00,0,0
11/29/24 22:00,0,0
11/29/24 23:00,0,0
11/30/24 0:00,0,0
11/30/24 1:00,0,0
11/30/24 2:00,0,0
11/30/24 3:00,0,0
11/30/24 4:00,0,0
11/30/24 5:00,0,0
11/30/24 6:00,0.03789793,0.04664806
11/30/24 7:00,0.1756645,0.206579
11/30/24 8:00,0.38196,0.4889237
11/30/24 9:00,0.529687,0.6677684
11/30/24 10:00,0.7288832,0.9391028
11/30/24 11:00,0.7697612,0.9859548
11/30/24 12:00,0.7125579,0.9148746
11/30/24 13:00,0.7233585,0.9574857
11/30/24 14:00,0.5222306,0.7258037
11/30/24 15:00,0.3203897,0.5050945
11/30/24 16:00,0.09078479,0.2522433
11/30/24 17:00,0,0
11/30/24 18:00,0,0
11/30/24 19:00,0,0
11/30/24 20:00,0,0
11/30/24 21:00,0,0
11/30/24 22:00,0,0
11/30/24 23:00,0,0
12/1/24 0:00,0,0
12/1/24 1:00,0,0
12/1/24 2:00,0,0
12/1/24 3:00,0,0
12/1/24 4:00,0,0
12/1/24 5:00,0,0
12/1/24 6:00,0.04219582,0.06022338
12/1/24 7:00,0.2186945,0.3000635
12/1/24 8:00,0.4995259,0.6970986
12/1/24 9:00,0.7223892,0.9594172
12/1/24 10:00,0.6501544,0.8222051
12/1/24 11:00,0.8849299,1.140416
12/1/24 12:00,0.8162549,1.057346
12/1/24 13:00,0.7289015,0.9664151
12/1/24 14:00,0.5926457,0.8288321
12/1/24 15:00,0.3286195,0.5196644
12/1/24 16:00,0.07416469,0.1806653
12/1/24 17:00,0,0
12/1/24 18:00,0,0
12/1/24 19:00,0,0
12/1/24 20:00,0,0
12/1/24 21:00,0,0
12/1/24 22:00,0,0
12/1/24 23:00,0,0
12/2/24 0:00,0,0
12/2/24 1:00,0,0
12/2/24 2:00,0,0
12/2/24 3:00,0,0
12/2/24 4:00,0,0
12/2/24 5:00,0,0
12/2/24 6:00,0.08545315,0.2681026
12/2/24 7:00,0.1484738,0.1621158
12/2/24 8:00,0.417256,0.5600444
12/2/24 9:00,0.5482131,0.703186
12/2/24 10:00,0.4842273,0.549617
12/2/24 11:00,0.5239761,0.6004981
12/2/24 12:00,0.5482975,0.6532006
12/2/24 13:00,0.4306487,0.4967113
12/2/24 14:00,0.1799134,0.1786163
12/2/24 15:00,0.10973,0.1097207
12/2/24 16:00,0.04656054,0.06265774
12/2/24 17:00,0,0
12/2/24 18:00,0,0
12/2/24 19:00,0,0
12/2/24 20:00,0,0
12/2/24 21:00,0,0
12/2/24 22:00,0,0
12/2/24 23:00,0,0
12/3/24 0:00,0,0
12/3/24 1:00,0,0
12/3/24 2:00,0,0
12/3/24 3:00,0,0
12/3/24 4:00,0,0
12/3/24 5:00,0,0
12/3/24 6:00,0.05962877,0.1545749
12/3/24 7:00,0.2927913,0.4697287
12/3/24 8:00,0.337316,0.4103673
12/3/24 9:00,0.4662399,0.5622324
12/3/24 10:00,0.4105996,0.4393302
12/3/24 11:00,0.543231,0.632709
12/3/24 12:00,0.6562622,0.8329538
12/3/24 13:00,0.537115,0.6811557
12/3/24 14:00,0.2449086,0.2565641
12/3/24 15:00,0.2430713,0.3476094
12/3/24 16:00,0.06805098,0.1490271
12/3/24 17:00,0,0
12/3/24 18:00,0,0
12/3/24 19:00,0,0
12/3/24 20:00,0,0
12/3/24 21:00,0,0
12/3/24 22:00,0,0
12/3/24 23:00,0,0
12/4/24 0:00,0,0
12/4/24 1:00,0,0
12/4/24 2:00,0,0
12/4/24 3:00,0,0
12/4/24 4:00,0,0
12/4/24 5:00,0,0
12/4/24 6:00,0.07235153,0.2336017
12/4/24 7:00,0.2288132,0.332628
12/4/24 8:00,0.3869215,0.506883
12/4/24 9:00,0.5570228,0.7216036
12/4/24 10:00,0.4019401,0.4277116
12/4/24 11:00,0.4014387,0.4204632
12/4/24 12:00,0.3329002,0.3378786
12/4/24 13:00,0.07289921,0.07103942
12/4/24 14:00,0.1473124,0.1448296
12/4/24 15:00,0.1211471,0.1228388
12/4/24 16:00,0.01684126,0.0168275
12/4/24 17:00,0,0
12/4/24 18:00,0,0
12/4/24 19:00,0,0
12/4/24 20:00,0,0
12/4/24 21:00,0,0
12/4/24 22:00,0,0
12/4/24 23:00,0,0
12/5/24 0:00,0,0
12/5/24 1:00,0,0
12/5/24 2:00,0,0
12/5/24 3:00,0,0
12/5/24 4:00,0,0
12/5/24 5:00,0,0
12/5/24 6:00,0.05400255,0.1375445
12/5/24 7:00,0.1143444,0.1164627
12/5/24 8:00,0.4244911,0.5799364
12/5/24 9:00,0.5845586,0.7684516
12/5/24 10:00,0.6863156,0.8844187
12/5/24 11:00,0.6939816,0.8817022
12/5/24 12:00,0.6420106,0.8122882
12/5/24 13:00,0.5435163,0.6938478
12/5/24 14:00,0.4986125,0.6956927
12/5/24 15:00,0.2322179,0.322733
12/5/24 16:00,0.07838117,0.1981633
12/5/24 17:00,0,0
12/5/24 18:00,0,0
12/5/24 19:00,0,0
12/5/24 20:00,0,0
12/5/24 21:00,0,0
12/5/24 22:00,0,0
12/5/24 23:00,0,0
12/6/24 0:00,0,0
12/6/24 1:00,0,0
12/6/24 2:00,0,0
12/6/24 3:00,0,0
12/6/24 4:00,0,0
12/6/24 5:00,0,0
12/6/24 6:00,0.0486583,0.1126674
12/6/24 7:00,0.1865731,0.2390501
12/6/24 8:00,0.2537814,0.273313
12/6/24 9:00,0.3929536,0.4423176
12/6/24 10:00,0.5362002,0.639527
12/6/24 11:00,0.4949501,0.5574495
12/6/24 12:00,0.3496298,0.3584993
12/6/24 13:00,0.2415483,0.2398887
12/6/24 14:00,0.3337651,0.3979554
12/6/24 15:00,0.254484,0.3746092
12/6/24 16:00,0.03595447,0.0391826
12/6/24 17:00,0,0
12/6/24 18:00,0,0
12/6/24 19:00,0,0
12/6/24 20:00,0,0
12/6/24 21:00,0,0
12/6/24 22:00,0,0
12/6/24 23:00,0,0
12/7/24 0:00,0,0
12/7/24 1:00,0,0
12/7/24 2:00,0,0
12/7/24 3:00,0,0
12/7/24 4:00,0,0
12/7/24 5:00,0,0
12/7/24 6:00,0.05488656,0.1612709
12/7/24 7:00,0.2572447,0.4084027
12/7/24 8:00,0.417005,0.5701911
12/7/24 9:00,0.6809341,0.9116824
12/7/24 10:00,0.7261517,0.9449711
12/7/24 11:00,0.7664387,0.9900395
12/7/24 12:00,0.8045613,1.048616
12/7/24 13:00,0.6654373,0.8856426
12/7/24 14:00,0.5579569,0.7841635
12/7/24 15:00,0.2685034,0.4065993
12/7/24 16:00,0.08172863,0.2108835
12/7/24 17:00,0,0
12/7/24 18:00,0,0
12/7/24 19:00,0,0
12/7/24 20:00,0,0
12/7/24 21:00,0,0
12/7/24 22:00,0,0
12/7/24 23:00,0,0
12/8/24 0:00,0,0
12/8/24 1:00,0,0
12/8/24 2:00,0,0
12/8/24 3:00,0,0
12/8/24 4:00,0,0
12/8/24 5:00,0,0
12/8/24 6:00,0.03727566,0.0635662
12/8/24 7:00,0.2848934,0.4677762
12/8/24 8:00,0.4316954,0.5989941
12/8/24 9:00,0.62933,0.8411356
12/8/24 10:00,0.5895366,0.7323137
12/8/24 11:00,0.6569849,0.8263339
12/8/24 12:00,0.7162656,0.9290605
12/8/24 13:00,0.701624,0.9360816
12/8/24 14:00,0.550263,0.7735699
12/8/24 15:00,0.3204748,0.5104832
12/8/24 16:00,0.08063027,0.2037528
12/8/24 17:00,0,0
12/8/24 18:00,0,0
12/8/24 19:00,0,0
12/8/24 20:00,0,0
12/8/24 21:00,0,0
12/8/24 22:00,0,0
12/8/24 23:00,0,0
12/9/24 0:00,0,0
12/9/24 1:00,0,0
12/9/24 2:00,0,0
12/9/24 3:00,0,0
12/9/24 4:00,0,0
12/9/24 5:00,0,0
12/9/24 6:00,0.03066881,0.04198567
12/9/24 7:00,0.1838792,0.2389697
12/9/24 8:00,0.3946208,0.5316065
12/9/24 9:00,0.5641945,0.7413728
12/9/24 10:00,0.5432169,0.6545736
12/9/24 11:00,0.6741733,0.8548473
12/9/24 12:00,0.7073246,0.9168048
12/9/24 13:00,0.6582786,0.8771076
12/9/24 14:00,0.555898,0.7823288
12/9/24 15:00,0.3057718,0.4840924
12/9/24 16:00,0.04400093,0.05357412
12/9/24 17:00,0,0
12/9/24 18:00,0,0
12/9/24 19:00,0,0
12/9/24 20:00,0,0
12/9/24 21:00,0,0
12/9/24 22:00,0,0
12/9/24 23:00,0,0
12/10/24 0:00,0,0
12/10/24 1:00,0,0
12/10/24 2:00,0,0
12/10/24 3:00,0,0
12/10/24 4:00,0,0
12/10/24 5:00,0,0
12/10/24 6:00,0.04237814,0.1019024
12/10/24 7:00,0.1786115,0.2290912
12/10/24 8:00,0.4254193,0.5913013
12/10/24 9:00,0.3767232,0.419725
12/10/24 10:00,0.5809264,0.7198912
12/10/24 11:00,0.3659604,0.3761436
12/10/24 12:00,0.2984038,0.2984856
12/10/24 13:00,0.2820158,0.2858029
12/10/24 14:00,0.286019,0.3170172
12/10/24 15:00,0.2792454,0.4297971
12/10/24 16:00,0.06204663,0.1109374
12/10/24 17:00,0,0
12/10/24 18:00,0,0
12/10/24 19:00,0,0
12/10/24 20:00,0,0
12/10/24 21:00,0,0
12/10/24 22:00,0,0
12/10/24 23:00,0,0
12/11/24 0:00,0,0
12/11/24 1:00,0,0
12/11/24 2:00,0,0
12/11/24 3:00,0,0
12/11/24 4:00,0,0
12/11/24 5:00,0,0
12/11/24 6:00,0.0552126,0.2053361
12/11/24 7:00,0.08029446,0.07947557
12/11/24 8:00,0.1106908,0.1085611
12/11/24 9:00,0.1072749,0.1047802
12/11/24 10:00,0.12049,0.1176081
12/11/24 11:00,0.3180199,0.3191223
12/11/24 12:00,0.09774639,0.09529741
12/11/24 13:00,0.08530536,0.08319148
12/11/24 14:00,0.03261342,0.03174304
12/11/24 15:00,0.005094545,0.00495019
12/11/24 16:00,0.01543712,0.0153497
12/11/24 17:00,0,0
12/11/24 18:00,0,0
12/11/24 19:00,0,0
12/11/24 20:00,0,0
12/11/24 21:00,0,0
12/11/24 22:00,0,0
12/11/24 23:00,0,0
12/12/24 0:00,0,0
12/12/24 1:00,0,0
12/12/24 2:00,0,0
12/12/24 3:00,0,0
12/12/24 4:00,0,0
12/12/24 5:00,0,0
12/12/24 6:00,0.03624613,0.07603304
12/12/24 7:00,0.2524353,0.4114929
12/12/24 8:00,0.488825,0.6986801
12/12/24 9:00,0.5652021,0.7468979
12/12/24 10:00,0.6632678,0.8570255
12/12/24 11:00,0.7174829,0.9240442
12/12/24 12:00,0.6798457,0.8773267
12/12/24 13:00,0.4756049,0.5777313
12/12/24 14:00,0.4631561,0.6402227
12/12/24 15:00,0.2973479,0.4669845
12/12/24 16:00,0.08049828,0.1925641
12/12/24 17:00,0,0
12/12/24 18:00,0,0
12/12/24 19:00,0,0
12/12/24 20:00,0,0
12/12/24 21:00,0,0
12/12/24 22:00,0,0
12/12/24 23:00,0,0
12/13/24 0:00,0,0
12/13/24 1:00,0,0
12/13/24 2:00,0,0
12/13/24 3:00,0,0
12/13/24 4:00,0,0
12/13/24 5:00,0,0
12/13/24 6:00,0.03987386,0.1067729
12/13/24 7:00,0.190838,0.2635231
12/13/24 8:00,0.475544,0.6800573
12/13/24 9:00,0.6870544,0.9270543
12/13/24 10:00,0.7950279,1.043886
12/13/24 11:00,0.8323884,1.08317
12/13/24 12:00,0.5632095,0.6856121
12/13/24 13:00,0.424571,0.4898804
12/13/24 14:00,0.4138724,0.5498766
12/13/24 15:00,0.2454976,0.3507968
12/13/24 16:00,0.06889168,0.134256
12/13/24 17:00,0,0
12/13/24 18:00,0,0
12/13/24 19:00,0,0
12/13/24 20:00,0,0
12/13/24 21:00,0,0
12/13/24 22:00,0,0
12/13/24 23:00,0,0
12/14/24 0:00,0,0
12/14/24 1:00,0,0
12/14/24 2:00,0,0
12/14/24 3:00,0,0
12/14/24 4:00,0,0
12/14/24 5:00,0,0
12/14/24 6:00,0.03581151,0.08477938
12/14/24 7:00,0.1660964,0.2082945
12/14/24 8:00,0.4087893,0.5671193
12/14/24 9:00,0.5208666,0.6736006
12/14/24 10:00,0.7359217,0.9647143
12/14/24 11:00,0.7775971,1.010418
12/14/24 12:00,0.6497679,0.8307752
12/14/24 13:00,0.6273794,0.8342159
12/14/24 14:00,0.4835412,0.6746235
12/14/24 15:00,0.3276784,0.5224082
12/14/24 16:00,0.1106707,0.2999923
12/14/24 17:00,0,0
12/14/24 18:00,0,0
12/14/24 19:00,0,0
12/14/24 20:00,0,0
12/14/24 21:00,0,0
12/14/24 22:00,0,0
12/14/24 23:00,0,0
12/15/24 0:00,0,0
12/15/24 1:00,0,0
12/15/24 2:00,0,0
12/15/24 3:00,0,0
12/15/24 4:00,0,0
12/15/24 5:00,0,0
12/15/24 6:00,0.06053644,0.2799399
12/15/24 7:00,0.2662576,0.4474616
12/15/24 8:00,0.4782189,0.6863355
12/15/24 9:00,0.6443945,0.8692769
12/15/24 10:00,0.7497332,0.9839233
12/15/24 11:00,0.7821101,1.016881
12/15/24 12:00,0.6392288,0.8139753
12/15/24 13:00,0.5216526,0.6592728
12/15/24 14:00,0.4742362,0.6589022
12/15/24 15:00,0.3071721,0.4846821
12/15/24 16:00,0.06724905,0.1216314
12/15/24 17:00,0,0
12/15/24 18:00,0,0
12/15/24 19:00,0,0
12/15/24 20:00,0,0
12/15/24 21:00,0,0
12/15/24 22:00,0,0
12/15/24 23:00,0,0
12/16/24 0:00,0,0
12/16/24 1:00,0,0
12/16/24 2:00,0,0
12/16/24 3:00,0,0
12/16/24 4:00,0,0
12/16/24 5:00,0,0
12/16/24 6:00,0.04998885,0.2250825
12/16/24 7:00,0.2689206,0.4545239
12/16/24 8:00,0.4134568,0.57868
12/16/24 9:00,0.3448761,0.3742459
12/16/24 10:00,0.6390123,0.8215976
12/16/24 11:00,0.4214516,0.4508905
12/16/24 12:00,0.6258614,0.7921917
12/16/24 13:00,0.4250091,0.490409
12/16/24 14:00,0.4415585,0.6007696
12/16/24 15:00,0.3181795,0.5046958
12/16/24 16:00,0.08202081,0.1856362
12/16/24 17:00,0,0
12/16/24 18:00,0,0
12/16/24 19:00,0,0
12/16/24 20:00,0,0
12/16/24 21:00,0,0
12/16/24 22:00,0,0
12/16/24 23:00,0,0
12/17/24 0:00,0,0
12/17/24 1:00,0,0
12/17/24 2:00,0,0
12/17/24 3:00,0,0
12/17/24 4:00,0,0
12/17/24 5:00,0,0
12/17/24 6:00,0.04749211,0.2091542
12/17/24 7:00,0.2559354,0.4304606
12/17/24 8:00,0.4284656,0.6071591
12/17/24 9:00,0.475618,0.5956232
12/17/24 10:00,0.6450377,0.8318472
12/17/24 11:00,0.4166548,0.4442596
12/17/24 12:00,0.3779946,0.3958957
12/17/24 13:00,0.5168899,0.6505712
12/17/24 14:00,0.3018904,0.341362
12/17/24 15:00,0.1664935,0.1844706
12/17/24 16:00,0.05457848,0.07326556
12/17/24 17:00,0,0
12/17/24 18:00,0,0
12/17/24 19:00,0,0
12/17/24 20:00,0,0
12/17/24 21:00,0,0
12/17/24 22:00,0,0
12/17/24 23:00,0,0
12/18/24 0:00,0,0
12/18/24 1:00,0,0
12/18/24 2:00,0,0
12/18/24 3:00,0,0
12/18/24 4:00,0,0
12/18/24 5:00,0,0
12/18/24 6:00,0.04642807,0.2048598
12/18/24 7:00,0.2814777,0.4804547
12/18/24 8:00,0.4928471,0.7108978
12/18/24 9:00,0.5988199,0.805601
12/18/24 10:00,0.6574233,0.8519448
12/18/24 11:00,0.5998507,0.7373518
12/18/24 12:00,0.6183679,0.7798606
12/18/24 13:00,0.6396426,0.8525792
12/18/24 14:00,0.5593991,0.7883353
12/18/24 15:00,0.2991394,0.4659059
12/18/24 16:00,0.0759984,0.1501252
12/18/24 17:00,0,0
12/18/24 18:00,0,0
12/18/24 19:00,0,0
12/18/24 20:00,0,0
12/18/24 21:00,0,0
12/18/24 22:00,0,0
12/18/24 23:00,0,0
12/19/24 0:00,0,0
12/19/24 1:00,0,0
12/19/24 2:00,0,0
12/19/24 3:00,0,0
12/19/24 4:00,0,0
12/19/24 5:00,0,0
12/19/24 6:00,0.03586055,0.1137373
12/19/24 7:00,0.1910657,0.2764898
12/19/24 8:00,0.3530097,0.4644507
12/19/24 9:00,0.3523837,0.3866031
12/19/24 10:00,0.04307452,0.04189955
12/19/24 11:00,0.2505851,0.2466375
12/19/24 12:00,0.4299895,0.4690612
12/19/24 13:00,0.4773568,0.579933
12/19/24 14:00,0.1962142,0.1963506
12/19/24 15:00,0.08389404,0.08267565
12/19/24 16:00,0.03737003,0.03889327
12/19/24 17:00,0,0
12/19/24 18:00,0,0
12/19/24 19:00,0,0
12/19/24 20:00,0,0
12/19/24 21:00,0,0
12/19/24 22:00,0,0
12/19/24 23:00,0,0
12/20/24 0:00,0,0
12/20/24 1:00,0,0
12/20/24 2:00,0,0
12/20/24 3:00,0,0
12/20/24 4:00,0,0
12/20/24 5:00,0,0
12/20/24 6:00,0.03700482,0.1291633
12/20/24 7:00,0.05330522,0.05246872
12/20/24 8:00,0.08433978,0.08254573
12/20/24 9:00,0.04654718,0.04531088
12/20/24 10:00,0.1144546,0.1117012
12/20/24 11:00,0.1071968,0.1045369
12/20/24 12:00,0.04439175,0.04317991
12/20/24 13:00,0.02426258,0.02358489
12/20/24 14:00,0.06088519,0.0593897
12/20/24 15:00,0.08507344,0.08384704
12/20/24 16:00,0.02393273,0.02396176
12/20/24 17:00,0,0
12/20/24 18:00,0,0
12/20/24 19:00,0,0
12/20/24 20:00,0,0
12/20/24 21:00,0,0
12/20/24 22:00,0,0
12/20/24 23:00,0,0
12/21/24 0:00,0,0
12/21/24 1:00,0,0
12/21/24 2:00,0,0
12/21/24 3:00,0,0
12/21/24 4:00,0,0
12/21/24 5:00,0,0
12/21/24 6:00,0.01531504,0.01668134
12/21/24 7:00,0.0718144,0.07108928
12/21/24 8:00,0.1874912,0.1900285
12/21/24 9:00,0.4556724,0.5622812
12/21/24 10:00,0.5267333,0.6337148
12/21/24 11:00,0.2460493,0.241991
12/21/24 12:00,0.5199131,0.612222
12/21/24 13:00,0.6041033,0.7971777
12/21/24 14:00,0.4178109,0.5528519
12/21/24 15:00,0.2863532,0.4346511
12/21/24 16:00,0.1126691,0.2866395
12/21/24 17:00,0,0
12/21/24 18:00,0,0
12/21/24 19:00,0,0
12/21/24 20:00,0,0
12/21/24 21:00,0,0
12/21/24 22:00,0,0
12/21/24 23:00,0,0
12/22/24 0:00,0,0
12/22/24 1:00,0,0
12/22/24 2:00,0,0
12/22/24 3:00,0,0
12/22/24 4:00,0,0
12/22/24 5:00,0,0
12/22/24 6:00,0.01958204,0.02531106
12/22/24 7:00,0.1844642,0.264999
12/22/24 8:00,0.5081894,0.7367224
12/22/24 9:00,0.6739847,0.9141902
12/22/24 10:00,0.6275119,0.8052579
12/22/24 11:00,0.8246461,1.075184
12/22/24 12:00,0.6570484,0.8424972
12/22/24 13:00,0.5346221,0.6797131
12/22/24 14:00,0.5243752,0.7355178
12/22/24 15:00,0.2666815,0.3886986
12/22/24 16:00,0.09365642,0.211173
12/22/24 17:00,0,0
12/22/24 18:00,0,0
12/22/24 19:00,0,0
12/22/24 20:00,0,0
12/22/24 21:00,0,0
12/22/24 22:00,0,0
12/22/24 23:00,0,0
12/23/24 0:00,0,0
12/23/24 1:00,0,0
12/23/24 2:00,0,0
12/23/24 3:00,0,0
12/23/24 4:00,0,0
12/23/24 5:00,0,0
12/23/24 6:00,0.03943544,0.1661526
12/23/24 7:00,0.1892648,0.2791049
12/23/24 8:00,0.4651511,0.6724932
12/23/24 9:00,0.6659865,0.9031802
12/23/24 10:00,0.6516744,0.8441894
12/23/24 11:00,0.7592324,0.9870355
12/23/24 12:00,0.7870638,1.030155
12/23/24 13:00,0.7033707,0.9404998
12/23/24 14:00,0.5498645,0.7719643
12/23/24 15:00,0.2468839,0.3413494
12/23/24 16:00,0.07479566,0.1268215
12/23/24 17:00,0,0
12/23/24 18:00,0,0
12/23/24 19:00,0,0
12/23/24 20:00,0,0
12/23/24 21:00,0,0
12/23/24 22:00,0,0
12/23/24 23:00,0,0
12/24/24 0:00,0,0
12/24/24 1:00,0,0
12/24/24 2:00,0,0
12/24/24 3:00,0,0
12/24/24 4:00,0,0
12/24/24 5:00,0,0
12/24/24 6:00,0.0358167,0.1370987
12/24/24 7:00,0.1556775,0.1980507
12/24/24 8:00,0.2713926,0.312345
12/24/24 9:00,0.5478733,0.7268556
12/24/24 10:00,0.6067293,0.7710484
12/24/24 11:00,0.7308758,0.9465247
12/24/24 12:00,0.5650923,0.6880111
12/24/24 13:00,0.610009,0.804856
12/24/24 14:00,0.5718483,0.8032332
12/24/24 15:00,0.2345326,0.3117149
12/24/24 16:00,0.03486547,0.03532121
12/24/24 17:00,3.2563E-06,0
12/24/24 18:00,0,0
12/24/24 19:00,0,0
12/24/24 20:00,0,0
12/24/24 21:00,0,0
12/24/24 22:00,0,0
12/24/24 23:00,0,0
12/25/24 0:00,0,0
12/25/24 1:00,0,0
12/25/24 2:00,0,0
12/25/24 3:00,0,0
12/25/24 4:00,0,0
12/25/24 5:00,0,0
12/25/24 6:00,0.03665847,0.1491626
12/25/24 7:00,0.2194069,0.3608136
12/25/24 8:00,0.5033626,0.7306684
12/25/24 9:00,0.6770852,0.9189358
12/25/24 10:00,0.7258418,0.9536798
12/25/24 11:00,0.7379096,0.956455
12/25/24 12:00,0.693769,0.8984702
12/25/24 13:00,0.741712,0.9923924
12/25/24 14:00,0.5938164,0.8344152
12/25/24 15:00,0.3005157,0.4581092
12/25/24 16:00,0.1136596,0.2737838
12/25/24 17:00,2.44506E-05,0
12/25/24 18:00,0,0
12/25/24 19:00,0,0
12/25/24 20:00,0,0
12/25/24 21:00,0,0
12/25/24 22:00,0,0
12/25/24 23:00,0,0
12/26/24 0:00,0,0
12/26/24 1:00,0,0
12/26/24 2:00,0,0
12/26/24 3:00,0,0
12/26/24 4:00,0,0
12/26/24 5:00,0,0
12/26/24 6:00,0.02623244,0.06217031
12/26/24 7:00,0.07534917,0.07481644
12/26/24 8:00,0.04334726,0.04225733
12/26/24 9:00,0.1050702,0.1026462
12/26/24 10:00,0.1863943,0.1825736
12/26/24 11:00,0.2550788,0.2512441
12/26/24 12:00,0.6013585,0.7486705
12/26/24 13:00,0.4555051,0.5379073
12/26/24 14:00,0.4275076,0.5656862
12/26/24 15:00,0.1331591,0.1352345
12/26/24 16:00,0.0510536,0.05669596
12/26/24 17:00,3.99385E-05,0
12/26/24 18:00,0,0
12/26/24 19:00,0,0
12/26/24 20:00,0,0
12/26/24 21:00,0,0
12/26/24 22:00,0,0
12/26/24 23:00,0,0
12/27/24 0:00,0,0
12/27/24 1:00,0,0
12/27/24 2:00,0,0
12/27/24 3:00,0,0
12/27/24 4:00,0,0
12/27/24 5:00,0,0
12/27/24 6:00,0.01470186,0.01658801
12/27/24 7:00,0.1262058,0.141916
12/27/24 8:00,0.3036904,0.3728434
12/27/24 9:00,0.5429775,0.7190394
12/27/24 10:00,0.5210747,0.6242735
12/27/24 11:00,0.5224077,0.606182
12/27/24 12:00,0.5071364,0.5886065
12/27/24 13:00,0.4106136,0.462572
12/27/24 14:00,0.3018391,0.3361834
12/27/24 15:00,0.1560834,0.1645886
12/27/24 16:00,0.05296884,0.05931681
12/27/24 17:00,0.000119271,0
12/27/24 18:00,0,0
12/27/24 19:00,0,0
12/27/24 20:00,0,0
12/27/24 21:00,0,0
12/27/24 22:00,0,0
12/27/24 23:00,0,0
12/28/24 0:00,0,0
12/28/24 1:00,0,0
12/28/24 2:00,0,0
12/28/24 3:00,0,0
12/28/24 4:00,0,0
12/28/24 5:00,0,0
12/28/24 6:00,0.02629151,0.06766137
12/28/24 7:00,0.2375627,0.4073091
12/28/24 8:00,0.4403589,0.6347529
12/28/24 9:00,0.5846152,0.7863351
12/28/24 10:00,0.7583201,0.9968597
12/28/24 11:00,0.8607469,1.121842
12/28/24 12:00,0.8027462,1.048908
12/28/24 13:00,0.7237031,0.9652911
12/28/24 14:00,0.5167816,0.7185701
12/28/24 15:00,0.3828711,0.5998866
12/28/24 16:00,0.1195032,0.2789714
12/28/24 17:00,0.00015648,0
12/28/24 18:00,0,0
12/28/24 19:00,0,0
12/28/24 20:00,0,0
12/28/24 21:00,0,0
12/28/24 22:00,0,0
12/28/24 23:00,0,0
12/29/24 0:00,0,0
12/29/24 1:00,0,0
12/29/24 2:00,0,0
12/29/24 3:00,0,0
12/29/24 4:00,0,0
12/29/24 5:00,0,0
12/29/24 6:00,0.03526496,0.1506807
12/29/24 7:00,0.237169,0.4073054
12/29/24 8:00,0.4488414,0.648506
12/29/24 9:00,0.5130996,0.6674097
12/29/24 10:00,0.6251193,0.8005337
12/29/24 11:00,0.6030784,0.7407968
12/29/24 12:00,0.6666028,0.8536571
12/29/24 13:00,0.6402438,0.8472522
12/29/24 14:00,0.5750331,0.802916
12/29/24 15:00,0.3238889,0.4973707
12/29/24 16:00,0.1178373,0.2684541
12/29/24 17:00,0.000304237,0
12/29/24 18:00,0,0
12/29/24 19:00,0,0
12/29/24 20:00,0,0
12/29/24 21:00,0,0
12/29/24 22:00,0,0
12/29/24 23:00,0,0
12/30/24 0:00,0,0
12/30/24 1:00,0,0
12/30/24 2:00,0,0
12/30/24 3:00,0,0
12/30/24 4:00,0,0
12/30/24 5:00,0,0
12/30/24 6:00,0.02389654,0.05495796
12/30/24 7:00,0.1261905,0.1430374
12/30/24 8:00,0.2345262,0.2542367
12/30/24 9:00,0.3389702,0.3681347
12/30/24 10:00,0.5102896,0.605184
12/30/24 11:00,0.363823,0.3737285
12/30/24 12:00,0.4060825,0.4322232
12/30/24 13:00,0.3423914,0.3602305
12/30/24 14:00,0.5335493,0.7416953
12/30/24 15:00,0.2689101,0.3775918
12/30/24 16:00,0.08808821,0.1493989
12/30/24 17:00,0.000206023,0
12/30/24 18:00,0,0
12/30/24 19:00,0,0
12/30/24 20:00,0,0
12/30/24 21:00,0,0
12/30/24 22:00,0,0
12/30/24 23:00,0,0