Time,global_solar_kw/m2,incident_solar_kw/m2
1/1/24 0:00,0,0
1/1/24 1:00,0,0
1/1/24 2:00,0,0
1/1/24 3:00,0,0
1/1/24 4:00,0,0
1/1/24 5:00,0,0
1/1/24 6:00,0.02466855,0.055703
1/1/24 7:00,0.1860681,0.2838193
1/1/24 8:00,0.4105406,0.5942434
1/1/24 9:00,0.3623946,0.4104756
1/1/24 10:00,0.3871725,0.417921
1/1/24 11:00,0.6681196,0.8677582
1/1/24 12:00,0.48032,0.5580274
1/1/24 13:00,0.4411863,0.5287033
1/1/24 14:00,0.2691424,0.2947608
1/1/24 15:00,0.1710274,0.196728
1/1/24 16:00,0.06199149,0.10958
1/1/24 17:00,0,0
1/1/24 18:00,0,0
1/1/24 19:00,0,0
1/1/24 20:00,0,0
1/1/24 21:00,0,0
1/1/24 22:00,0,0
1/1/24 23:00,0,0
1/2/24 0:00,0,0
1/2/24 1:00,0,0
1/2/24 2:00,0,0
1/2/24 3:00,0,0
1/2/24 4:00,0,0
1/2/24 5:00,0,0
1/2/24 6:00,0.03003032,0.1009407
1/2/24 7:00,0.2280132,0.3933474
1/2/24 8:00,0.4656546,0.6845407
1/2/24 9:00,0.6122805,0.8405669
1/2/24 10:00,0.6092799,0.79087
1/2/24 11:00,0.5437519,0.6558771
1/2/24 12:00,0.4738333,0.5464382
1/2/24 13:00,0.5988243,0.8040568
1/2/24 14:00,0.4334438,0.5978433
1/2/24 15:00,0.3245769,0.5248802
1/2/24 16:00,0.07617858,0.1692463
1/2/24 17:00,0,0
1/2/24 18:00,0,0
1/2/24 19:00,0,0
1/2/24 20:00,0,0
1/2/24 21:00,0,0
1/2/24 22:00,0,0
1/2/24 23:00,0,0
1/3/24 0:00,0,0
1/3/24 1:00,0,0
1/3/24 2:00,0,0
1/3/24 3:00,0,0
1/3/24 4:00,0,0
1/3/24 5:00,0,0
1/3/24 6:00,0.01953093,0.03072597
1/3/24 7:00,0.1793538,0.2670963
1/3/24 8:00,0.3303244,0.4347634
1/3/24 9:00,0.3711933,0.4247543
1/3/24 10:00,0.7137651,0.9504603
1/3/24 11:00,0.571349,0.7028685
1/3/24 12:00,0.4236944,0.4659171
1/3/24 13:00,0.4915617,0.6168695
1/3/24 14:00,0.4244088,0.5788551
1/3/24 15:00,0.2906492,0.4577349
1/3/24 16:00,0.07751933,0.1687856
1/3/24 17:00,0,0
1/3/24 18:00,0,0
1/3/24 19:00,0,0
1/3/24 20:00,0,0
1/3/24 21:00,0,0
1/3/24 22:00,0,0
1/3/24 23:00,0,0
1/4/24 0:00,0,0
1/4/24 1:00,0,0
1/4/24 2:00,0,0
1/4/24 3:00,0,0
1/4/24 4:00,0,0
1/4/24 5:00,0,0
1/4/24 6:00,0.02983421,0.1039034
1/4/24 7:00,0.243505,0.4275706
1/4/24 8:00,0.4597942,0.6746826
1/4/24 9:00,0.6279414,0.8614548
1/4/24 10:00,0.7073804,0.9407942
1/4/24 11:00,0.7592286,1.000024
1/4/24 12:00,0.7706129,1.020989
1/4/24 13:00,0.6171851,0.8299615
1/4/24 14:00,0.4779967,0.6733364
1/4/24 15:00,0.3063444,0.4869665
1/4/24 16:00,0.1034757,0.2718576
1/4/24 17:00,0,0
1/4/24 18:00,0,0
1/4/24 19:00,0,0
1/4/24 20:00,0,0
1/4/24 21:00,0,0
1/4/24 22:00,0,0
1/4/24 23:00,0,0
1/5/24 0:00,0,0
1/5/24 1:00,0,0
1/5/24 2:00,0,0
1/5/24 3:00,0,0
1/5/24 4:00,0,0
1/5/24 5:00,0,0
1/5/24 6:00,0.01332632,0.01484759
1/5/24 7:00,0.1037271,0.109077
1/5/24 8:00,0.2741018,0.3239572
1/5/24 9:00,0.3128548,0.3339953
1/5/24 10:00,0.4937841,0.5879554
1/5/24 11:00,0.6473069,0.8300204
1/5/24 12:00,0.6459811,0.8372676
1/5/24 13:00,0.5417501,0.7036052
1/5/24 14:00,0.3532214,0.4368438
1/5/24 15:00,0.2015483,0.2501866
1/5/24 16:00,0.05555755,0.07410039
1/5/24 17:00,0,0
1/5/24 18:00,0,0
1/5/24 19:00,0,0
1/5/24 20:00,0,0
1/5/24 21:00,0,0
1/5/24 22:00,0,0
1/5/24 23:00,0,0
1/6/24 0:00,0,0
1/6/24 1:00,0,0
1/6/24 2:00,0,0
1/6/24 3:00,0,0
1/6/24 4:00,0,0
1/6/24 5:00,0,0
1/6/24 6:00,0.02724459,0.084386
1/6/24 7:00,0.193708,0.3070672
1/6/24 8:00,0.3572155,0.4893432
1/6/24 9:00,0.4503458,0.5644404
1/6/24 10:00,0.4734803,0.5526046
1/6/24 11:00,0.5070459,0.5901631
1/6/24 12:00,0.5769304,0.7193941
1/6/24 13:00,0.5685103,0.7480625
1/6/24 14:00,0.4318703,0.5867724
1/6/24 15:00,0.2042652,0.2539714
1/6/24 16:00,0.08112744,0.1649533
1/6/24 17:00,0,0
1/6/24 18:00,0,0
1/6/24 19:00,0,0
1/6/24 20:00,0,0
1/6/24 21:00,0,0
1/6/24 22:00,0,0
1/6/24 23:00,0,0
1/7/24 0:00,0,0
1/7/24 1:00,0,0
1/7/24 2:00,0,0
1/7/24 3:00,0,0
1/7/24 4:00,0,0
1/7/24 5:00,0,0
1/7/24 6:00,0.02872389,0.09933762
1/7/24 7:00,0.227236,0.3920443
1/7/24 8:00,0.3734831,0.5215924
1/7/24 9:00,0.541582,0.7271161
1/7/24 10:00,0.7129452,0.9456875
1/7/24 11:00,0.751083,0.9856373
1/7/24 12:00,0.6927621,0.9076787
1/7/24 13:00,0.5716903,0.751679
1/7/24 14:00,0.4521927,0.6221358
1/7/24 15:00,0.2663106,0.3916387
1/7/24 16:00,0.08380114,0.169972
1/7/24 17:00,0,0
1/7/24 18:00,0,0
1/7/24 19:00,0,0
1/7/24 20:00,0,0
1/7/24 21:00,0,0
1/7/24 22:00,0,0
1/7/24 23:00,0,0
1/8/24 0:00,0,0
1/8/24 1:00,0,0
1/8/24 2:00,0,0
1/8/24 3:00,0,0
1/8/24 4:00,0,0
1/8/24 5:00,0,0
1/8/24 6:00,0.0167801,0.02310769
1/8/24 7:00,0.1457658,0.1847207
1/8/24 8:00,0.3342192,0.441366
1/8/24 9:00,0.4056566,0.4822557
1/8/24 10:00,0.530939,0.6502207
1/8/24 11:00,0.5638329,0.6847007
1/8/24 12:00,0.5826774,0.7264228
1/8/24 13:00,0.6083746,0.809811
1/8/24 14:00,0.4452041,0.6071333
1/8/24 15:00,0.2611315,0.3765881
1/8/24 16:00,0.09706379,0.2198208
1/8/24 17:00,1.10575E-06,0
1/8/24 18:00,0,0
1/8/24 19:00,0,0
1/8/24 20:00,0,0
1/8/24 21:00,0,0
1/8/24 22:00,0,0
1/8/24 23:00,0,0
1/9/24 0:00,0,0
1/9/24 1:00,0,0
1/9/24 2:00,0,0
1/9/24 3:00,0,0
1/9/24 4:00,0,0
1/9/24 5:00,0,0
1/9/24 6:00,0.02603925,0.07801224
1/9/24 7:00,0.08372948,0.08418425
1/9/24 8:00,0.1874856,0.191593
1/9/24 9:00,0.3746496,0.4284544
1/9/24 10:00,0.5773767,0.7299815
1/9/24 11:00,0.572549,0.6984447
1/9/24 12:00,0.6515596,0.840269
1/9/24 13:00,0.3535393,0.3794543
1/9/24 14:00,0.1882356,0.1874037
1/9/24 15:00,0.1746308,0.1945846
1/9/24 16:00,0.05417449,0.06378008
1/9/24 17:00,1.36864E-05,0
1/9/24 18:00,0,0
1/9/24 19:00,0,0
1/9/24 20:00,0,0
1/9/24 21:00,0,0
1/9/24 22:00,0,0
1/9/24 23:00,0,0
1/10/24 0:00,0,0
1/10/24 1:00,0,0
1/10/24 2:00,0,0
1/10/24 3:00,0,0
1/10/24 4:00,0,0
1/10/24 5:00,0,0
1/10/24 6:00,0.02588565,0.07767
1/10/24 7:00,0.2073407,0.342445
1/10/24 8:00,0.3728185,0.518133
1/10/24 9:00,0.5775672,0.7821791
1/10/24 10:00,0.7068652,0.9336842
1/10/24 11:00,0.8417286,1.104454
1/10/24 12:00,0.8130149,1.070518
1/10/24 13:00,0.7040792,0.9447693
1/10/24 14:00,0.5553251,0.7803593
1/10/24 15:00,0.2952065,0.4463669
1/10/24 16:00,0.1029015,0.2285958
1/10/24 17:00,4.72213E-05,0
1/10/24 18:00,0,0
1/10/24 19:00,0,0
1/10/24 20:00,0,0
1/10/24 21:00,0,0
1/10/24 22:00,0,0
1/10/24 23:00,0,0
1/11/24 0:00,0,0
1/11/24 1:00,0,0
1/11/24 2:00,0,0
1/11/24 3:00,0,0
1/11/24 4:00,0,0
1/11/24 5:00,0,0
1/11/24 6:00,0.02562842,0.07626726
1/11/24 7:00,0.1777728,0.2636153
1/11/24 8:00,0.3268635,0.4245324
1/11/24 9:00,0.42496,0.5145322
1/11/24 10:00,0.7452177,0.9849035
1/11/24 11:00,0.7173187,0.9316469
1/11/24 12:00,0.6592287,0.8491595
1/11/24 13:00,0.405374,0.4565893
1/11/24 14:00,0.3590239,0.4370608
1/11/24 15:00,0.2276659,0.2926913
1/11/24 16:00,0.0664477,0.08862241
1/11/24 17:00,9.7682E-05,0
1/11/24 18:00,0,0
1/11/24 19:00,0,0
1/11/24 20:00,0,0
1/11/24 21:00,0,0
1/11/24 22:00,0,0
1/11/24 23:00,0,0
1/12/24 0:00,0,0
1/12/24 1:00,0,0
1/12/24 2:00,0,0
1/12/24 3:00,0,0
1/12/24 4:00,0,0
1/12/24 5:00,0,0
1/12/24 6:00,0.02637835,0.08340744
1/12/24 7:00,0.2200828,0.3725665
1/12/24 8:00,0.4121528,0.5901099
1/12/24 9:00,0.5355468,0.7113901
1/12/24 10:00,0.6337029,0.8201546
1/12/24 11:00,0.5819348,0.7103936
1/12/24 12:00,0.6646746,0.8560216
1/12/24 13:00,0.536742,0.6817167
1/12/24 14:00,0.3215152,0.3687322
1/12/24 15:00,0.2373557,0.3111286
1/12/24 16:00,0.08645172,0.1496343
1/12/24 17:00,0.000175569,0
1/12/24 18:00,0,0
1/12/24 19:00,0,0
1/12/24 20:00,0,0
1/12/24 21:00,0,0
1/12/24 22:00,0,0
1/12/24 23:00,0,0
1/13/24 0:00,0,0
1/13/24 1:00,0,0
1/13/24 2:00,0,0
1/13/24 3:00,0,0
1/13/24 4:00,0,0
1/13/24 5:00,0,0
1/13/24 6:00,0.02579169,0.07872926
1/13/24 7:00,0.1442242,0.1806554
1/13/24 8:00,0.3309487,0.4311394
1/13/24 9:00,0.1949484,0.1920786
1/13/24 10:00,0.3615051,0.3785817
1/13/24 11:00,0.4243737,0.4560663
1/13/24 12:00,0.3949402,0.4182549
1/13/24 13:00,0.306192,0.3140477
1/13/24 14:00,0.2732873,0.2922127
1/13/24 15:00,0.212895,0.258029
1/13/24 16:00,0.09110051,0.1613839
1/13/24 17:00,0.000300042,0
1/13/24 18:00,0,0
1/13/24 19:00,0,0
1/13/24 20:00,0,0
1/13/24 21:00,0,0
1/13/24 22:00,0,0
1/13/24 23:00,0,0
1/14/24 0:00,0,0
1/14/24 1:00,0,0
1/14/24 2:00,0,0
1/14/24 3:00,0,0
1/14/24 4:00,0,0
1/14/24 5:00,0,0
1/14/24 6:00,0.008151056,0.008489728
1/14/24 7:00,0.05241108,0.05165446
1/14/24 8:00,0.2302558,0.2489443
1/14/24 9:00,0.3881902,0.4479776
1/14/24 10:00,0.3013722,0.3036493
1/14/24 11:00,0.4384357,0.4757412
1/14/24 12:00,0.5590783,0.6761342
1/14/24 13:00,0.5758426,0.7446162
1/14/24 14:00,0.4280837,0.5606186
1/14/24 15:00,0.3049579,0.4536053
1/14/24 16:00,0.09635654,0.1751811
1/14/24 17:00,0.000581523,0
1/14/24 18:00,0,0
1/14/24 19:00,0,0
1/14/24 20:00,0,0
1/14/24 21:00,0,0
1/14/24 22:00,0,0
1/14/24 23:00,0,0
1/15/24 0:00,0,0
1/15/24 1:00,0,0
1/15/24 2:00,0,0
1/15/24 3:00,0,0
1/15/24 4:00,0,0
1/15/24 5:00,0,0
1/15/24 6:00,0.02192908,0.04931714
1/15/24 7:00,0.1650588,0.2285526
1/15/24 8:00,0.3388176,0.4449279
1/15/24 9:00,0.5331573,0.7030613
1/15/24 10:00,0.6793855,0.8863732
1/15/24 11:00,0.7269747,0.9392246
1/15/24 12:00,0.7703931,1.004387
1/15/24 13:00,0.6954204,0.9235846
1/15/24 14:00,0.5057901,0.6951231
1/15/24 15:00,0.2345761,0.2975702
1/15/24 16:00,0.1111312,0.2241564
1/15/24 17:00,0.000497251,0
1/15/24 18:00,0,0
1/15/24 19:00,0,0
1/15/24 20:00,0,0
1/15/24 21:00,0,0
1/15/24 22:00,0,0
1/15/24 23:00,0,0
1/16/24 0:00,0,0
1/16/24 1:00,0,0
1/16/24 2:00,0,0
1/16/24 3:00,0,0
1/16/24 4:00,0,0
1/16/24 5:00,0,0
1/16/24 6:00,0.02908644,0.1090633
1/16/24 7:00,0.2342933,0.3996394
1/16/24 8:00,0.4482975,0.6446598
1/16/24 9:00,0.5989677,0.8060755
1/16/24 10:00,0.5497881,0.6728819
1/16/24 11:00,0.419585,0.4473961
1/16/24 12:00,0.3130932,0.3145128
1/16/24 13:00,0.2835883,0.2859441
1/16/24 14:00,0.3042208,0.3356834
1/16/24 15:00,0.2378401,0.3018867
1/16/24 16:00,0.07174296,0.08996398
1/16/24 17:00,0.000738635,0
1/16/24 18:00,0,0
1/16/24 19:00,0,0
1/16/24 20:00,0,0
1/16/24 21:00,0,0
1/16/24 22:00,0,0
1/16/24 23:00,0,0
1/17/24 0:00,0,0
1/17/24 1:00,0,0
1/17/24 2:00,0,0
1/17/24 3:00,0,0
1/17/24 4:00,0,0
1/17/24 5:00,0,0
1/17/24 6:00,0.0260924,0.08131067
1/17/24 7:00,0.1627581,0.2213237
1/17/24 8:00,0.3996891,0.5606598
1/17/24 9:00,0.5803328,0.7762952
1/17/24 10:00,0.7438434,0.9736494
1/17/24 11:00,0.7637011,0.9878489
1/17/24 12:00,0.7389597,0.9577001
1/17/24 13:00,0.5400764,0.676682
1/17/24 14:00,0.2812838,0.3005418
1/17/24 15:00,0.134069,0.1347992
1/17/24 16:00,0.06483135,0.07402908
1/17/24 17:00,0.000640698,0
1/17/24 18:00,0,0
1/17/24 19:00,0,0
1/17/24 20:00,0,0
1/17/24 21:00,0,0
1/17/24 22:00,0,0
1/17/24 23:00,0,0
1/18/24 0:00,0,0
1/18/24 1:00,0,0
1/18/24 2:00,0,0
1/18/24 3:00,0,0
1/18/24 4:00,0,0
1/18/24 5:00,0,0
1/18/24 6:00,0.02311627,0.05690825
1/18/24 7:00,0.2207218,0.3663492
1/18/24 8:00,0.2643988,0.301554
1/18/24 9:00,0.4359155,0.5265494
1/18/24 10:00,0.4402126,0.4889771
1/18/24 11:00,0.5531574,0.652613
1/18/24 12:00,0.6434846,0.8098694
1/18/24 13:00,0.548578,0.6890411
1/18/24 14:00,0.4490899,0.5888565
1/18/24 15:00,0.2815715,0.3897843
1/18/24 16:00,0.118849,0.2311938
1/18/24 17:00,0.001126209,0
1/18/24 18:00,0,0
1/18/24 19:00,0,0
1/18/24 20:00,0,0
1/18/24 21:00,0,0
1/18/24 22:00,0,0
1/18/24 23:00,0,0
1/19/24 0:00,0,0
1/19/24 1:00,0,0
1/19/24 2:00,0,0
1/19/24 3:00,0,0
1/19/24 4:00,0,0
1/19/24 5:00,0,0
1/19/24 6:00,0.02289584,0.05484359
1/19/24 7:00,0.1973862,0.307185
1/19/24 8:00,0.3222187,0.4071276
1/19/24 9:00,0.4163871,0.4911776
1/19/24 10:00,0.6960226,0.9036635
1/19/24 11:00,0.7233165,0.9261202
1/19/24 12:00,0.778765,1.007936
1/19/24 13:00,0.628345,0.8179031
1/19/24 14:00,0.5456026,0.7466822
1/19/24 15:00,0.2669249,0.3550142
1/19/24 16:00,0.1247703,0.2445939
1/19/24 17:00,0.001610755,0
1/19/24 18:00,0,0
1/19/24 19:00,0,0
1/19/24 20:00,0,0
1/19/24 21:00,0,0
1/19/24 22:00,0,0
1/19/24 23:00,0,0
1/20/24 0:00,0,0
1/20/24 1:00,0,0
1/20/24 2:00,0,0
1/20/24 3:00,0,0
1/20/24 4:00,0,0
1/20/24 5:00,0,0
1/20/24 6:00,0.02956991,0.1110209
1/20/24 7:00,0.2310882,0.385932
1/20/24 8:00,0.4055964,0.5661416
1/20/24 9:00,0.5000649,0.637366
1/20/24 10:00,0.7561399,0.9846285
1/20/24 11:00,0.7157215,0.9127062
1/20/24 12:00,0.7039914,0.9002984
1/20/24 13:00,0.5584525,0.7011501
1/20/24 14:00,0.5216219,0.7074692
1/20/24 15:00,0.3112119,0.4455591
1/20/24 16:00,0.1199084,0.2216974
1/20/24 17:00,0.001634199,0
1/20/24 18:00,0,0
1/20/24 19:00,0,0
1/20/24 20:00,0,0
1/20/24 21:00,0,0
1/20/24 22:00,0,0
1/20/24 23:00,0,0
1/21/24 0:00,0,0
1/21/24 1:00,0,0
1/21/24 2:00,0,0
1/21/24 3:00,0,0
1/21/24 4:00,0,0
1/21/24 5:00,0,0
1/21/24 6:00,0.02353557,0.0579965
1/21/24 7:00,0.1368263,0.1615179
1/21/24 8:00,0.2573006,0.2877856
1/21/24 9:00,0.486977,0.6125332
1/21/24 10:00,0.7028815,0.9096049
1/21/24 11:00,0.7353387,0.939572
1/21/24 12:00,0.4650776,0.5128396
1/21/24 13:00,0.5979406,0.7645102
1/21/24 14:00,0.3988908,0.4889718
1/21/24 15:00,0.2036872,0.2284509
1/21/24 16:00,0.1153006,0.1999388
1/21/24 17:00,0.002825362,0
1/21/24 18:00,0,0
1/21/24 19:00,0,0
1/21/24 20:00,0,0
1/21/24 21:00,0,0
1/21/24 22:00,0,0
1/21/24 23:00,0,0
1/22/24 0:00,0,0
1/22/24 1:00,0,0
1/22/24 2:00,0,0
1/22/24 3:00,0,0
1/22/24 4:00,0,0
1/22/24 5:00,0,0
1/22/24 6:00,0.03087864,0.1206971
1/22/24 7:00,0.1766887,0.2496695
1/22/24 8:00,0.2660813,0.3014471
1/22/24 9:00,0.2625341,0.2652562
1/22/24 10:00,0.5485601,0.6607997
1/22/24 11:00,0.6041246,0.7301819
1/22/24 12:00,0.5178882,0.5940061
1/22/24 13:00,0.4352659,0.4898505
1/22/24 14:00,0.4409426,0.5629905
1/22/24 15:00,0.2957759,0.4063957
1/22/24 16:00,0.08059114,0.09741259
1/22/24 17:00,0.002484872,0
1/22/24 18:00,0,0
1/22/24 19:00,0,0
1/22/24 20:00,0,0
1/22/24 21:00,0,0
1/22/24 22:00,0,0
1/22/24 23:00,0,0
1/23/24 0:00,0,0
1/23/24 1:00,0,0
1/23/24 2:00,0,0
1/23/24 3:00,0,0
1/23/24 4:00,0,0
1/23/24 5:00,0,0
1/23/24 6:00,0.02489632,0.06605352
1/23/24 7:00,0.2130664,0.3383948
1/23/24 8:00,0.4909075,0.6949877
1/23/24 9:00,0.6622292,0.8814508
1/23/24 10:00,0.8001841,1.03727
1/23/24 11:00,0.8058,1.032292
1/23/24 12:00,0.7104107,0.9029225
1/23/24 13:00,0.6698291,0.8703131
1/23/24 14:00,0.5717328,0.7741425
1/23/24 15:00,0.394127,0.5830133
1/23/24 16:00,0.1516647,0.2989063
1/23/24 17:00,0.002929502,0
1/23/24 18:00,0,0
1/23/24 19:00,0,0
1/23/24 20:00,0,0
1/23/24 21:00,0,0
1/23/24 22:00,0,0
1/23/24 23:00,0,0
1/24/24 0:00,0,0
1/24/24 1:00,0,0
1/24/24 2:00,0,0
1/24/24 3:00,0,0
1/24/24 4:00,0,0
1/24/24 5:00,0,0
1/24/24 6:00,0.03927663,0.1861604
1/24/24 7:00,0.221688,0.3562622
1/24/24 8:00,0.3563893,0.4657162
1/24/24 9:00,0.58441,0.7688007
1/24/24 10:00,0.7363905,0.9500968
1/24/24 11:00,0.7921757,1.01223
1/24/24 12:00,0.673353,0.8436698
1/24/24 13:00,0.4563645,0.5203754
1/24/24 14:00,0.4351057,0.5469422
1/24/24 15:00,0.2614546,0.3291965
1/24/24 16:00,0.07159432,0.07821119
1/24/24 17:00,0.002816995,0
1/24/24 18:00,0,0
1/24/24 19:00,0,0
1/24/24 20:00,0,0
1/24/24 21:00,0,0
1/24/24 22:00,0,0
1/24/24 23:00,0,0
1/25/24 0:00,0,0
1/25/24 1:00,0,0
1/25/24 2:00,0,0
1/25/24 3:00,0,0
1/25/24 4:00,0,0
1/25/24 5:00,0,0
1/25/24 6:00,0.02324989,0.05170324
1/25/24 7:00,0.2352606,0.3835444
1/25/24 8:00,0.3783126,0.5055593
1/25/24 9:00,0.605991,0.7989025
1/25/24 10:00,0.6766216,0.8621652
1/25/24 11:00,0.7521791,0.9548163
1/25/24 12:00,0.5842842,0.6968191
1/25/24 13:00,0.5652347,0.7000498
1/25/24 14:00,0.447723,0.5668188
1/25/24 15:00,0.3052694,0.4156475
1/25/24 16:00,0.1330411,0.2331948
1/25/24 17:00,0.002936979,0
1/25/24 18:00,0,0
1/25/24 19:00,0,0
1/25/24 20:00,0,0
1/25/24 21:00,0,0
1/25/24 22:00,0,0
1/25/24 23:00,0,0
1/26/24 0:00,0,0
1/26/24 1:00,0,0
1/26/24 2:00,0,0
1/26/24 3:00,0,0
1/26/24 4:00,0,0
1/26/24 5:00,0,0
1/26/24 6:00,0.02890621,0.09460595
1/26/24 7:00,0.1656363,0.217037
1/26/24 8:00,0.333321,0.4177139
1/26/24 9:00,0.5403881,0.6939306
1/26/24 10:00,0.5621817,0.6759529
1/26/24 11:00,0.4250934,0.4479735
1/26/24 12:00,0.5481769,0.6358036
1/26/24 13:00,0.5713694,0.7076849
1/26/24 14:00,0.3441237,0.3853944
1/26/24 15:00,0.2977242,0.3968306
1/26/24 16:00,0.09405804,0.118232
1/26/24 17:00,0.004332724,0
1/26/24 18:00,0,0
1/26/24 19:00,0,0
1/26/24 20:00,0,0
1/26/24 21:00,0,0
1/26/24 22:00,0,0
1/26/24 23:00,0,0
1/27/24 0:00,0,0
1/27/24 1:00,0,0
1/27/24 2:00,0,0
1/27/24 3:00,0,0
1/27/24 4:00,0,0
1/27/24 5:00,0,0
1/27/24 6:00,0.03316723,0.1316524
1/27/24 7:00,0.1795279,0.2476367
1/27/24 8:00,0.3359411,0.4208485
1/27/24 9:00,0.5979051,0.7823329
1/27/24 10:00,0.7055438,0.9000912
1/27/24 11:00,0.7714992,0.9772074
1/27/24 12:00,0.7358006,0.9302918
1/27/24 13:00,0.6567208,0.8405711
1/27/24 14:00,0.4581102,0.5795542
1/27/24 15:00,0.2312934,0.2660671
1/27/24 16:00,0.1397608,0.2417082
1/27/24 17:00,0.004926055,0
1/27/24 18:00,0,0
1/27/24 19:00,0,0
1/27/24 20:00,0,0
1/27/24 21:00,0,0
1/27/24 22:00,0,0
1/27/24 23:00,0,0
1/28/24 0:00,0,0
1/28/24 1:00,0,0
1/28/24 2:00,0,0
1/28/24 3:00,0,0
1/28/24 4:00,0,0
1/28/24 5:00,0,0
1/28/24 6:00,0.0210053,0.03588761
1/28/24 7:00,0.02545645,0.02485698
1/28/24 8:00,0.04378534,0.04266401
1/28/24 9:00,0.0553191,0.05385874
1/28/24 10:00,0.1856764,0.1816641
1/28/24 11:00,0.2263052,0.2216373
1/28/24 12:00,0.2131603,0.208661
1/28/24 13:00,0.2098856,0.2058083
1/28/24 14:00,0.1561701,0.1531066
1/28/24 15:00,0.1064782,0.1046666
1/28/24 16:00,0.1104511,0.1522621
1/28/24 17:00,0.006265564,0
1/28/24 18:00,0,0
1/28/24 19:00,0,0
1/28/24 20:00,0,0
1/28/24 21:00,0,0
1/28/24 22:00,0,0
1/28/24 23:00,0,0
1/29/24 0:00,0,0
1/29/24 1:00,0,0
1/29/24 2:00,0,0
1/29/24 3:00,0,0
1/29/24 4:00,0,0
1/29/24 5:00,0,0
1/29/24 6:00,0.02897853,0.08758043
1/29/24 7:00,0.2077127,0.3105178
1/29/24 8:00,0.4456351,0.6135818
1/29/24 9:00,0.5114576,0.6383994
1/29/24 10:00,0.6320488,0.7833511
1/29/24 11:00,0.5469272,0.6239011
1/29/24 12:00,0.3883523,0.399996
1/29/24 13:00,0.6139148,0.7688417
1/29/24 14:00,0.3847597,0.4465901
1/29/24 15:00,0.3365068,0.4633991
1/29/24 16:00,0.1635691,0.2955401
1/29/24 17:00,0.006036964,0
1/29/24 18:00,0,0
1/29/24 19:00,0,0
1/29/24 20:00,0,0
1/29/24 21:00,0,0
1/29/24 22:00,0,0
1/29/24 23:00,0,0
1/30/24 0:00,0,0
1/30/24 1:00,0,0
1/30/24 2:00,0,0
1/30/24 3:00,0,0
1/30/24 4:00,0,0
1/30/24 5:00,0,0
1/30/24 6:00,0.03498851,0.1395124
1/30/24 7:00,0.1798449,0.2421694
1/30/24 8:00,0.1804801,0.1806226
1/30/24 9:00,0.3436518,0.3658765
1/30/24 10:00,0.2776126,0.2748616
1/30/24 11:00,0.3931576,0.404067
1/30/24 12:00,0.3836524,0.39359
1/30/24 13:00,0.4709106,0.5331405
1/30/24 14:00,0.4651839,0.583235
1/30/24 15:00,0.3124763,0.4129887
1/30/24 16:00,0.1671441,0.2988963
1/30/24 17:00,0.008264154,0
1/30/24 18:00,0,0
1/30/24 19:00,0,0
1/30/24 20:00,0,0
1/30/24 21:00,0,0
1/30/24 22:00,0,0
1/30/24 23:00,0,0
1/31/24 0:00,0,0
1/31/24 1:00,0,0
1/31/24 2:00,0,0
1/31/24 3:00,0,0
1/31/24 4:00,0,0
1/31/24 5:00,0,0
1/31/24 6:00,0.02834108,0.07665722
1/31/24 7:00,0.2073746,0.3041021
1/31/24 8:00,0.3778013,0.4906252
1/31/24 9:00,0.6214032,0.8067008
1/31/24 10:00,0.7837401,0.9963098
1/31/24 11:00,0.7781054,0.9763091
1/31/24 12:00,0.6820216,0.8390679
1/31/24 13:00,0.6970245,0.8880291
1/31/24 14:00,0.5718151,0.7523242
1/31/24 15:00,0.3634855,0.5061315
1/31/24 16:00,0.1589891,0.2727309
1/31/24 17:00,0.004574138,0
1/31/24 18:00,0,0
1/31/24 19:00,0,0
1/31/24 20:00,0,0
1/31/24 21:00,0,0
1/31/24 22:00,0,0
1/31/24 23:00,0,0
2/1/24 0:00,0,0
2/1/24 1:00,0,0
2/1/24 2:00,0,0
2/1/24 3:00,0,0
2/1/24 4:00,0,0
2/1/24 5:00,0,0
2/1/24 6:00,0.02036965,0.02967458
2/1/24 7:00,0.0354632,0.03468791
2/1/24 8:00,0.2796648,0.3137235
2/1/24 9:00,0.3948605,0.4391877
2/1/24 10:00,0.6167772,0.7515607
2/1/24 11:00,0.7223062,0.8934759
2/1/24 12:00,0.6057929,0.7158018
2/1/24 13:00,0.6048317,0.7459335
2/1/24 14:00,0.5661111,0.7410001
2/1/24 15:00,0.381841,0.5343402
2/1/24 16:00,0.1403498,0.2164904
2/1/24 17:00,0.007215714,0
2/1/24 18:00,0,0
2/1/24 19:00,0,0
2/1/24 20:00,0,0
2/1/24 21:00,0,0
2/1/24 22:00,0,0
2/1/24 23:00,0,0
2/2/24 0:00,0,0
2/2/24 1:00,0,0
2/2/24 2:00,0,0
2/2/24 3:00,0,0
2/2/24 4:00,0,0
2/2/24 5:00,0,0
2/2/24 6:00,0.02382898,0.04301949
2/2/24 7:00,0.1023509,0.1038507
2/2/24 8:00,0.3224759,0.384908
2/2/24 9:00,0.2354598,0.2332058
2/2/24 10:00,0.3867755,0.401405
2/2/24 11:00,0.1367574,0.133395
2/2/24 12:00,0.2675395,0.2630391
2/2/24 13:00,0.1853345,0.1813285
2/2/24 14:00,0.08691061,0.08478009
2/2/24 15:00,0.04699558,0.04583567
2/2/24 16:00,0.02037146,0.01992428
2/2/24 17:00,0.009549891,0
2/2/24 18:00,0,0
2/2/24 19:00,0,0
2/2/24 20:00,0,0
2/2/24 21:00,0,0
2/2/24 22:00,0,0
2/2/24 23:00,0,0
2/3/24 0:00,0,0
2/3/24 1:00,0,0
2/3/24 2:00,0,0
2/3/24 3:00,0,0
2/3/24 4:00,0,0
2/3/24 5:00,0,0
2/3/24 6:00,0.03100997,0.08839358
2/3/24 7:00,0.159853,0.1921838
2/3/24 8:00,0.1102305,0.107958
2/3/24 9:00,0.111667,0.1089968
2/3/24 10:00,0.2291475,0.2246094
2/3/24 11:00,0.6798307,0.8234881
2/3/24 12:00,0.7340007,0.9088392
2/3/24 13:00,0.5396387,0.6350792
2/3/24 14:00,0.3420904,0.3712782
2/3/24 15:00,0.1513705,0.1507767
2/3/24 16:00,0.06290768,0.06287198
2/3/24 17:00,0.006691528,0
2/3/24 18:00,0,0
2/3/24 19:00,0,0
2/3/24 20:00,0,0
2/3/24 21:00,0,0
2/3/24 22:00,0,0
2/3/24 23:00,0,0
2/4/24 0:00,0,0
2/4/24 1:00,0,0
2/4/24 2:00,0,0
2/4/24 3:00,0,0
2/4/24 4:00,0,0
2/4/24 5:00,0,0
2/4/24 6:00,0.02003402,0.02636339
2/4/24 7:00,0.2634188,0.4080091
2/4/24 8:00,0.5149076,0.6982012
2/4/24 9:00,0.7259605,0.936587
2/4/24 10:00,0.8438455,1.063636
2/4/24 11:00,0.8691721,1.084946
2/4/24 12:00,0.8884785,1.11177
2/4/24 13:00,0.7962855,1.008469
2/4/24 14:00,0.5622301,0.7260547
2/4/24 15:00,0.332221,0.4341881
2/4/24 16:00,0.1392175,0.1999263
2/4/24 17:00,0.00492645,0
2/4/24 18:00,0,0
2/4/24 19:00,0,0
2/4/24 20:00,0,0
2/4/24 21:00,0,0
2/4/24 22:00,0,0
2/4/24 23:00,0,0
2/5/24 0:00,0,0
2/5/24 1:00,0,0
2/5/24 2:00,0,0
2/5/24 3:00,0,0
2/5/24 4:00,0,0
2/5/24 5:00,0,0
2/5/24 6:00,0.04390205,0.1899472
2/5/24 7:00,0.26125,0.4008003
2/5/24 8:00,0.4457628,0.5943624
2/5/24 9:00,0.4533814,0.5257331
2/5/24 10:00,0.6243032,0.753293
2/5/24 11:00,0.8559178,1.065241
2/5/24 12:00,0.8198422,1.02108
2/5/24 13:00,0.5913224,0.7131848
2/5/24 14:00,0.4366234,0.5179918
2/5/24 15:00,0.3434381,0.4517383
2/5/24 16:00,0.08422579,0.08810619
2/5/24 17:00,0.006948858,0
2/5/24 18:00,0,0
2/5/24 19:00,0,0
2/5/24 20:00,0,0
2/5/24 21:00,0,0
2/5/24 22:00,0,0
2/5/24 23:00,0,0
2/6/24 0:00,0,0
2/6/24 1:00,0,0
2/6/24 2:00,0,0
2/6/24 3:00,0,0
2/6/24 4:00,0,0
2/6/24 5:00,0,0
2/6/24 6:00,0.03548912,0.1060453
2/6/24 7:00,0.1522875,0.1740784
2/6/24 8:00,0.3669612,0.4557363
2/6/24 9:00,0.5534612,0.6870514
2/6/24 10:00,0.5055618,0.5645116
2/6/24 11:00,0.7105307,0.8621523
2/6/24 12:00,0.7937343,0.9839436
2/6/24 13:00,0.430483,0.462276
2/6/24 14:00,0.4509805,0.5394983
2/6/24 15:00,0.3791286,0.5120475
2/6/24 16:00,0.1540866,0.2292737
2/6/24 17:00,0.01198906,0
2/6/24 18:00,0,0
2/6/24 19:00,0,0
2/6/24 20:00,0,0
2/6/24 21:00,0,0
2/6/24 22:00,0,0
2/6/24 23:00,0,0
2/7/24 0:00,0,0
2/7/24 1:00,0,0
2/7/24 2:00,0,0
2/7/24 3:00,0,0
2/7/24 4:00,0,0
2/7/24 5:00,0,0
2/7/24 6:00,0.03472009,0.09144791
2/7/24 7:00,0.2500295,0.3727519
2/7/24 8:00,0.4863385,0.6496366
2/7/24 9:00,0.6610128,0.8422958
2/7/24 10:00,0.8479379,1.060077
2/7/24 11:00,0.8167778,1.009504
2/7/24 12:00,0.7051833,0.8548499
2/7/24 13:00,0.673133,0.8333257
2/7/24 14:00,0.3581264,0.3896334
2/7/24 15:00,0.2775506,0.3250743
2/7/24 16:00,0.08652333,0.09010352
2/7/24 17:00,0.008660115,0
2/7/24 18:00,0,0
2/7/24 19:00,0,0
2/7/24 20:00,0,0
2/7/24 21:00,0,0
2/7/24 22:00,0,0
2/7/24 23:00,0,0
2/8/24 0:00,0,0
2/8/24 1:00,0,0
2/8/24 2:00,0,0
2/8/24 3:00,0,0
2/8/24 4:00,0,0
2/8/24 5:00,0,0
2/8/24 6:00,0.02148891,0.02603987
2/8/24 7:00,0.205853,0.2766981
2/8/24 8:00,0.3227145,0.3741232
2/8/24 9:00,0.5448784,0.6677769
2/8/24 10:00,0.523345,0.5880464
2/8/24 11:00,0.4558359,0.4781632
2/8/24 12:00,0.5765627,0.6542389
2/8/24 13:00,0.7699369,0.9627379
2/8/24 14:00,0.6091132,0.7809127
2/8/24 15:00,0.3665889,0.483188
2/8/24 16:00,0.1806599,0.2847566
2/8/24 17:00,0.01320618,0
2/8/24 18:00,0,0
2/8/24 19:00,0,0
2/8/24 20:00,0,0
2/8/24 21:00,0,0
2/8/24 22:00,0,0
2/8/24 23:00,0,0
2/9/24 0:00,0,0
2/9/24 1:00,0,0
2/9/24 2:00,0,0
2/9/24 3:00,0,0
2/9/24 4:00,0,0
2/9/24 5:00,0,0
2/9/24 6:00,0.004577395,0.004529199
2/9/24 7:00,0.04891395,0.0478955
2/9/24 8:00,0.03936803,0.03832231
2/9/24 9:00,0.1593408,0.1558065
2/9/24 10:00,0.1504461,0.1468241
2/9/24 11:00,0.09730279,0.09475
2/9/24 12:00,0.06020487,0.05856007
2/9/24 13:00,0.09723566,0.09473219
2/9/24 14:00,0.06554209,0.06383185
2/9/24 15:00,0.04543162,0.04427382
2/9/24 16:00,0.002189875,0.002127203
2/9/24 17:00,0.001375854,0
2/9/24 18:00,0,0
2/9/24 19:00,0,0
2/9/24 20:00,0,0
2/9/24 21:00,0,0
2/9/24 22:00,0,0
2/9/24 23:00,0,0
2/10/24 0:00,0,0
2/10/24 1:00,0,0
2/10/24 2:00,0,0
2/10/24 3:00,0,0
2/10/24 4:00,0,0
2/10/24 5:00,0,0
2/10/24 6:00,0.00722653,0.007214904
2/10/24 7:00,0.0203668,0.019839
2/10/24 8:00,0.05267438,0.05131859
2/10/24 9:00,0.03531583,0.03433774
2/10/24 10:00,0.1049014,0.1022033
2/10/24 11:00,0.09620905,0.09367778
2/10/24 12:00,0.1088902,0.1060728
2/10/24 13:00,0.07337436,0.07142012
2/10/24 14:00,0.06361444,0.06194527
2/10/24 15:00,0.04561896,0.04445318
2/10/24 16:00,0.0501098,0.04933527
2/10/24 17:00,0.004896482,0
2/10/24 18:00,0,0
2/10/24 19:00,0,0
2/10/24 20:00,0,0
2/10/24 21:00,0,0
2/10/24 22:00,0,0
2/10/24 23:00,0,0
2/11/24 0:00,0,0
2/11/24 1:00,0,0
2/11/24 2:00,0,0
2/11/24 3:00,0,0
2/11/24 4:00,0,0
2/11/24 5:00,0,0
2/11/24 6:00,0.03501107,0.06698547
2/11/24 7:00,0.1786822,0.2138526
2/11/24 8:00,0.4687427,0.6114511
2/11/24 9:00,0.6611499,0.8308792
2/11/24 10:00,0.5965412,0.6945292
2/11/24 11:00,0.6388553,0.7395446
2/11/24 12:00,0.5619356,0.6261849
2/11/24 13:00,0.500579,0.5569928
2/11/24 14:00,0.5524526,0.6892075
2/11/24 15:00,0.4046311,0.5367235
2/11/24 16:00,0.1223736,0.1426459
2/11/24 17:00,0.01489849,0
2/11/24 18:00,0,0
2/11/24 19:00,0,0
2/11/24 20:00,0,0
2/11/24 21:00,0,0
2/11/24 22:00,0,0
2/11/24 23:00,0,0
2/12/24 0:00,0,0
2/12/24 1:00,0,0
2/12/24 2:00,0,0
2/12/24 3:00,0,0
2/12/24 4:00,0,0
2/12/24 5:00,0,0
2/12/24 6:00,0.01973579,0.0208578
2/12/24 7:00,0.1253831,0.1291218
2/12/24 8:00,0.2166793,0.2190429
2/12/24 9:00,0.3742177,0.3964077
2/12/24 10:00,0.472877,0.5079342
2/12/24 11:00,0.5516775,0.6065562
2/12/24 12:00,0.519359,0.5625524
2/12/24 13:00,0.3774744,0.3870274
2/12/24 14:00,0.2620635,0.262422
2/12/24 15:00,0.2795988,0.3184982
2/12/24 16:00,0.1714384,0.2451957
2/12/24 17:00,0.01043103,0
2/12/24 18:00,0,0
2/12/24 19:00,0,0
2/12/24 20:00,0,0
2/12/24 21:00,0,0
2/12/24 22:00,0,0
2/12/24 23:00,0,0
2/13/24 0:00,0,0
2/13/24 1:00,0,0
2/13/24 2:00,0,0
2/13/24 3:00,0,0
2/13/24 4:00,0,0
2/13/24 5:00,0,0
2/13/24 6:00,0.03110532,0.0439634
2/13/24 7:00,0.2164602,0.2832065
2/13/24 8:00,0.3808275,0.4613957
2/13/24 9:00,0.4972431,0.5785012
2/13/24 10:00,0.6305583,0.7416644
2/13/24 11:00,0.7692708,0.927206
2/13/24 12:00,0.7942867,0.9641967
2/13/24 13:00,0.5509951,0.6294756
2/13/24 14:00,0.5532386,0.6841198
2/13/24 15:00,0.3288851,0.4003007
2/13/24 16:00,0.1521749,0.1980936
2/13/24 17:00,0.01154138,0
2/13/24 18:00,0,0
2/13/24 19:00,0,0
2/13/24 20:00,0,0
2/13/24 21:00,0,0
2/13/24 22:00,0,0
2/13/24 23:00,0,0
2/14/24 0:00,0,0
2/14/24 1:00,0,0
2/14/24 2:00,0,0
2/14/24 3:00,0,0
2/14/24 4:00,0,0
2/14/24 5:00,0,0
2/14/24 6:00,0.05261701,0.1397615
2/14/24 7:00,0.2396684,0.3263929
2/14/24 8:00,0.4674865,0.5997992
2/14/24 9:00,0.540431,0.6439542
2/14/24 10:00,0.7313742,0.8869774
2/14/24 11:00,0.7367027,0.8777853
2/14/24 12:00,0.8530151,1.037646
2/14/24 13:00,0.6942983,0.8427778
2/14/24 14:00,0.5721216,0.7092924
2/14/24 15:00,0.3729289,0.4738594
2/14/24 16:00,0.1759273,0.247242
2/14/24 17:00,0.01967219,0
2/14/24 18:00,0,0
2/14/24 19:00,0,0
2/14/24 20:00,0,0
2/14/24 21:00,0,0
2/14/24 22:00,0,0
2/14/24 23:00,0,0
2/15/24 0:00,0,0
2/15/24 1:00,0,0
2/15/24 2:00,0,0
2/15/24 3:00,0,0
2/15/24 4:00,0,0
2/15/24 5:00,0,0
2/15/24 6:00,0.0551529,0.1427345
2/15/24 7:00,0.2926297,0.4176219
2/15/24 8:00,0.5050997,0.6509988
2/15/24 9:00,0.5948234,0.7243401
2/15/24 10:00,0.7642442,0.9288874
2/15/24 11:00,0.5938245,0.6627749
2/15/24 12:00,0.7269363,0.8636777
2/15/24 13:00,0.6153874,0.7230619
2/15/24 14:00,0.5679292,0.6999287
2/15/24 15:00,0.3501661,0.4315882
2/15/24 16:00,0.1873049,0.2681774
2/15/24 17:00,0.01723635,0
2/15/24 18:00,0,0
2/15/24 19:00,0,0
2/15/24 20:00,0,0
2/15/24 21:00,0,0
2/15/24 22:00,0,0
2/15/24 23:00,0,0
2/16/24 0:00,0,0
2/16/24 1:00,0,0
2/16/24 2:00,0,0
2/16/24 3:00,0,0
2/16/24 4:00,0,0
2/16/24 5:00,0,0
2/16/24 6:00,0.03984018,0.06409094
2/16/24 7:00,0.2039084,0.2497576
2/16/24 8:00,0.4421906,0.5538744
2/16/24 9:00,0.5361654,0.6317719
2/16/24 10:00,0.8273592,1.006816
2/16/24 11:00,0.8430117,1.017355
2/16/24 12:00,0.7527781,0.8976998
2/16/24 13:00,0.6782933,0.8137141
2/16/24 14:00,0.4109669,0.4542449
2/16/24 15:00,0.4680181,0.6125221
2/16/24 16:00,0.2450332,0.3709169
2/16/24 17:00,0.02250619,0
2/16/24 18:00,0,0
2/16/24 19:00,0,0
2/16/24 20:00,0,0
2/16/24 21:00,0,0
2/16/24 22:00,0,0
2/16/24 23:00,0,0
2/17/24 0:00,0,0
2/17/24 1:00,0,0
2/17/24 2:00,0,0
2/17/24 3:00,0,0
2/17/24 4:00,0,0
2/17/24 5:00,0,0
2/17/24 6:00,0.0464268,0.0852309
2/17/24 7:00,0.1946871,0.2303339
2/17/24 8:00,0.3187875,0.3520396
2/17/24 9:00,0.7076858,0.8728623
2/17/24 10:00,0.907769,1.103763
2/17/24 11:00,0.8819551,1.063206
2/17/24 12:00,0.7724741,0.9222351
2/17/24 13:00,0.6558141,0.7779104
2/17/24 14:00,0.5964315,0.7349986
2/17/24 15:00,0.280404,0.3112083
2/17/24 16:00,0.1649434,0.2128842
2/17/24 17:00,0.01046375,0
2/17/24 18:00,0,0
2/17/24 19:00,0,0
2/17/24 20:00,0,0
2/17/24 21:00,0,0
2/17/24 22:00,0,0
2/17/24 23:00,0,0
2/18/24 0:00,0,0
2/18/24 1:00,0,0
2/18/24 2:00,0,0
2/18/24 3:00,0,0
2/18/24 4:00,0,0
2/18/24 5:00,0,0
2/18/24 6:00,0.06433913,0.1543986
2/18/24 7:00,0.2403412,0.3131574
2/18/24 8:00,0.4431504,0.5488576
2/18/24 9:00,0.7960601,0.9812738
2/18/24 10:00,0.8720702,1.056087
2/18/24 11:00,0.8058642,0.9623522
2/18/24 12:00,0.8892712,1.070493
2/18/24 13:00,0.754546,0.913039
2/18/24 14:00,0.4967868,0.5819069
2/18/24 15:00,0.2016569,0.2038582
2/18/24 16:00,0.1272109,0.1406499
2/18/24 17:00,0.01862408,0
2/18/24 18:00,0,0
2/18/24 19:00,0,0
2/18/24 20:00,0,0
2/18/24 21:00,0,0
2/18/24 22:00,0,0
2/18/24 23:00,0,0
2/19/24 0:00,0,0
2/19/24 1:00,0,0
2/19/24 2:00,0,0
2/19/24 3:00,0,0
2/19/24 4:00,0,0
2/19/24 5:00,0,0
2/19/24 6:00,0.03962215,0.05322503
2/19/24 7:00,0.1874076,0.2136243
2/19/24 8:00,0.3908132,0.4615551
2/19/24 9:00,0.4249947,0.4582295
2/19/24 10:00,0.8058638,0.9708495
2/19/24 11:00,0.8429387,1.008113
2/19/24 12:00,0.7717822,0.915218
2/19/24 13:00,0.8347,1.010849
2/19/24 14:00,0.4772796,0.549157
2/19/24 15:00,0.336153,0.3969052
2/19/24 16:00,0.2068609,0.2922254
2/19/24 17:00,0.01979094,0
2/19/24 18:00,0,0
2/19/24 19:00,0,0
2/19/24 20:00,0,0
2/19/24 21:00,0,0
2/19/24 22:00,0,0
2/19/24 23:00,0,0
2/20/24 0:00,0,0
2/20/24 1:00,0,0
2/20/24 2:00,0,0
2/20/24 3:00,0,0
2/20/24 4:00,0,0
2/20/24 5:00,0,0
2/20/24 6:00,0.01714218,0.0171018
2/20/24 7:00,0.03378477,0.0329331
2/20/24 8:00,0.1564121,0.1532697
2/20/24 9:00,0.2007122,0.196353
2/20/24 10:00,0.3317086,0.3292453
2/20/24 11:00,0.503522,0.5287779
2/20/24 12:00,0.2351786,0.2298015
2/20/24 13:00,0.1262791,0.1230658
2/20/24 14:00,0.1165429,0.1136683
2/20/24 15:00,0.1745075,0.1729569
2/20/24 16:00,0.1107918,0.1151654
2/20/24 17:00,0.02256383,0
2/20/24 18:00,0,0
2/20/24 19:00,0,0
2/20/24 20:00,0,0
2/20/24 21:00,0,0
2/20/24 22:00,0,0
2/20/24 23:00,0,0
2/21/24 0:00,0,0
2/21/24 1:00,0,0
2/21/24 2:00,0,0
2/21/24 3:00,0,0
2/21/24 4:00,0,0
2/21/24 5:00,0,0
2/21/24 6:00,0.05658145,0.1002819
2/21/24 7:00,0.126222,0.1267661
2/21/24 8:00,0.4348644,0.5261338
2/21/24 9:00,0.5949237,0.7060125
2/21/24 10:00,0.4644118,0.4859804
2/21/24 11:00,0.7350048,0.8549089
2/21/24 12:00,0.6501745,0.7350764
2/21/24 13:00,0.5441612,0.6023726
2/21/24 14:00,0.4604674,0.5190387
2/21/24 15:00,0.2849673,0.3120909
2/21/24 16:00,0.09655228,0.097231
2/21/24 17:00,0.01139273,0.01336266
2/21/24 18:00,0,0
2/21/24 19:00,0,0
2/21/24 20:00,0,0
2/21/24 21:00,0,0
2/21/24 22:00,0,0
2/21/24 23:00,0,0
2/22/24 0:00,0,0
2/22/24 1:00,0,0
2/22/24 2:00,0,0
2/22/24 3:00,0,0
2/22/24 4:00,0,0
2/22/24 5:00,0,0
2/22/24 6:00,0.07207657,0.1481733
2/22/24 7:00,0.2271108,0.275576
2/22/24 8:00,0.2344255,0.2359269
2/22/24 9:00,0.5063865,0.571114
2/22/24 10:00,0.8356619,0.9987051
2/22/24 11:00,0.7527127,0.8770329
2/22/24 12:00,0.5148674,0.5431089
2/22/24 13:00,0.6080168,0.6936907
2/22/24 14:00,0.6211296,0.753504
2/22/24 15:00,0.4393722,0.5525939
2/22/24 16:00,0.2045421,0.2762604
2/22/24 17:00,0.02491999,0.09287857
2/22/24 18:00,0,0
2/22/24 19:00,0,0
2/22/24 20:00,0,0
2/22/24 21:00,0,0
2/22/24 22:00,0,0
2/22/24 23:00,0,0
2/23/24 0:00,0,0
2/23/24 1:00,0,0
2/23/24 2:00,0,0
2/23/24 3:00,0,0
2/23/24 4:00,0,0
2/23/24 5:00,0,0
2/23/24 6:00,0.06288405,0.1096626
2/23/24 7:00,0.264256,0.3386332
2/23/24 8:00,0.4875107,0.5991738
2/23/24 9:00,0.6824054,0.8214853
2/23/24 10:00,0.8563302,1.020734
2/23/24 11:00,0.8827665,1.045977
2/23/24 12:00,0.9282051,1.102318
2/23/24 13:00,0.729669,0.8643469
2/23/24 14:00,0.5535997,0.65435
2/23/24 15:00,0.4147521,0.5124524
2/23/24 16:00,0.1658652,0.1988445
2/23/24 17:00,0.01522413,0.02222372
2/23/24 18:00,0,0
2/23/24 19:00,0,0
2/23/24 20:00,0,0
2/23/24 21:00,0,0
2/23/24 22:00,0,0
2/23/24 23:00,0,0
2/24/24 0:00,0,0
2/24/24 1:00,0,0
2/24/24 2:00,0,0
2/24/24 3:00,0,0
2/24/24 4:00,0,0
2/24/24 5:00,0,0
2/24/24 6:00,0.05939015,0.09240211
2/24/24 7:00,0.2803703,0.3625915
2/24/24 8:00,0.5816042,0.7207776
2/24/24 9:00,0.6976364,0.8380183
2/24/24 10:00,0.8522685,1.012628
2/24/24 11:00,0.8095324,0.9488069
2/24/24 12:00,0.8585526,1.014228
2/24/24 13:00,0.7902917,0.9404429
2/24/24 14:00,0.7128276,0.8641528
2/24/24 15:00,0.5299309,0.6669055
2/24/24 16:00,0.2817348,0.3946761
2/24/24 17:00,0.03204275,0.1459967
2/24/24 18:00,0,0
2/24/24 19:00,0,0
2/24/24 20:00,0,0
2/24/24 21:00,0,0
2/24/24 22:00,0,0
2/24/24 23:00,0,0
2/25/24 0:00,0,0
2/25/24 1:00,0,0
2/25/24 2:00,0,0
2/25/24 3:00,0,0
2/25/24 4:00,0,0
2/25/24 5:00,0,0
2/25/24 6:00,0.07865451,0.1458071
2/25/24 7:00,0.2854492,0.367231
2/25/24 8:00,0.5609745,0.6911958
2/25/24 9:00,0.7347839,0.8811656
2/25/24 10:00,0.8432248,0.9985881
2/25/24 11:00,0.8666649,1.019706
2/25/24 12:00,0.9482569,1.120059
2/25/24 13:00,0.7939495,0.9419246
2/25/24 14:00,0.6254877,0.7499834
2/25/24 15:00,0.4905172,0.6128098
2/25/24 16:00,0.2259057,0.3047351
2/25/24 17:00,0.02878523,0.112628
2/25/24 18:00,0,0
2/25/24 19:00,0,0
2/25/24 20:00,0,0
2/25/24 21:00,0,0
2/25/24 22:00,0,0
2/25/24 23:00,0,0
2/26/24 0:00,0,0
2/26/24 1:00,0,0
2/26/24 2:00,0,0
2/26/24 3:00,0,0
2/26/24 4:00,0,0
2/26/24 5:00,0,0
2/26/24 6:00,0.06191544,0.09001064
2/26/24 7:00,0.2460933,0.2966797
2/26/24 8:00,0.3474866,0.379155
2/26/24 9:00,0.6255708,0.7344669
2/26/24 10:00,0.5538071,0.599392
2/26/24 11:00,0.6744663,0.7551596
2/26/24 12:00,0.5998732,0.652747
2/26/24 13:00,0.5127887,0.5497128
2/26/24 14:00,0.4290441,0.4643139
2/26/24 15:00,0.2645531,0.2777456
2/26/24 16:00,0.1226071,0.1272217
2/26/24 17:00,0.01075642,0.01149523
2/26/24 18:00,0,0
2/26/24 19:00,0,0
2/26/24 20:00,0,0
2/26/24 21:00,0,0
2/26/24 22:00,0,0
2/26/24 23:00,0,0
2/27/24 0:00,0,0
2/27/24 1:00,0,0
2/27/24 2:00,0,0
2/27/24 3:00,0,0
2/27/24 4:00,0,0
2/27/24 5:00,0,0
2/27/24 6:00,0.09053443,0.1628656
2/27/24 7:00,0.3003055,0.3835304
2/27/24 8:00,0.5526111,0.6739867
2/27/24 9:00,0.7807386,0.9306728
2/27/24 10:00,0.846162,0.9958708
2/27/24 11:00,0.9427563,1.105781
2/27/24 12:00,0.9442718,1.108718
2/27/24 13:00,0.8607191,1.016828
2/27/24 14:00,0.6156137,0.7304137
2/27/24 15:00,0.4885224,0.6037733
2/27/24 16:00,0.2314015,0.307045
2/27/24 17:00,0.0382604,0.1811542
2/27/24 18:00,0,0
2/27/24 19:00,0,0
2/27/24 20:00,0,0
2/27/24 21:00,0,0
2/27/24 22:00,0,0
2/27/24 23:00,0,0
2/28/24 0:00,0,0
2/28/24 1:00,0,0
2/28/24 2:00,0,0
2/28/24 3:00,0,0
2/28/24 4:00,0,0
2/28/24 5:00,0,0
2/28/24 6:00,0.1018253,0.180205
2/28/24 7:00,0.2901568,0.363575
2/28/24 8:00,0.5896835,0.7168625
2/28/24 9:00,0.7520568,0.8924837
2/28/24 10:00,0.7950255,0.9286517
2/28/24 11:00,0.9277005,1.084614
2/28/24 12:00,0.9213924,1.078157
2/28/24 13:00,0.8460665,0.9959777
2/28/24 14:00,0.6667691,0.7944205
2/28/24 15:00,0.4620222,0.5651734
2/28/24 16:00,0.2657886,0.3572063
2/28/24 17:00,0.03478402,0.1512575
2/28/24 18:00,0,0
2/28/24 19:00,0,0
2/28/24 20:00,0,0
2/28/24 21:00,0,0
2/28/24 22:00,0,0
2/28/24 23:00,0,0
2/29/24 0:00,0,0
2/29/24 1:00,0,0
2/29/24 2:00,0,0
2/29/24 3:00,0,0
2/29/24 4:00,0,0
2/29/24 5:00,0,0
2/29/24 6:00,0.07366458,0.1070326
2/29/24 7:00,0.2674342,0.3228865
2/29/24 8:00,0.465209,0.5467243
2/29/24 9:00,0.7581894,0.8966221
2/29/24 10:00,0.9274344,1.08674
2/29/24 11:00,0.9678404,1.129173
2/29/24 12:00,0.8962988,1.045113
2/29/24 13:00,0.689207,0.7911326
2/29/24 14:00,0.6175433,0.7269245
2/29/24 15:00,0.4599551,0.5591335
2/29/24 16:00,0.2645729,0.3519468
2/29/24 17:00,0.04204276,0.1842006
2/29/24 18:00,0,0
2/29/24 19:00,0,0
2/29/24 20:00,0,0
2/29/24 21:00,0,0
2/29/24 22:00,0,0
2/29/24 23:00,0,0
3/1/24 0:00,0,0
3/1/24 1:00,0,0
3/1/24 2:00,0,0
3/1/24 3:00,0,0
3/1/24 4:00,0,0
3/1/24 5:00,0,0
3/1/24 6:00,0.03027937,0.02997687
3/1/24 7:00,0.1874576,0.1975033
3/1/24 8:00,0.2065279,0.2035002
3/1/24 9:00,0.1753661,0.1711399
3/1/24 10:00,0.2871517,0.2813827
3/1/24 11:00,0.1799479,0.1754012
3/1/24 12:00,0.3379348,0.3326594
3/1/24 13:00,0.1812415,0.176772
3/1/24 14:00,0.1497719,0.1461146
3/1/24 15:00,0.08907777,0.08686861
3/1/24 16:00,0.03109666,0.03030542
3/1/24 17:00,0.01374036,0.01471292
3/1/24 18:00,0,0
3/1/24 19:00,0,0
3/1/24 20:00,0,0
3/1/24 21:00,0,0
3/1/24 22:00,0,0
3/1/24 23:00,0,0
3/2/24 0:00,0,0
3/2/24 1:00,0,0
3/2/24 2:00,0,0
3/2/24 3:00,0,0
3/2/24 4:00,0,0
3/2/24 5:00,0,0
3/2/24 6:00,0.0227225,0.02234026
3/2/24 7:00,0.03096446,0.03013593
3/2/24 8:00,0.006805598,0.006608873
3/2/24 9:00,0.1114202,0.1085149
3/2/24 10:00,0.1569408,0.1529296
3/2/24 11:00,0.1231128,0.1198425
3/2/24 12:00,0.1701685,0.1658304
3/2/24 13:00,0.2781322,0.2725622
3/2/24 14:00,0.1531055,0.1493677
3/2/24 15:00,0.2073157,0.2064219
3/2/24 16:00,0.0678807,0.0664558
3/2/24 17:00,0.02455898,0.04220655
3/2/24 18:00,0,0
3/2/24 19:00,0,0
3/2/24 20:00,0,0
3/2/24 21:00,0,0
3/2/24 22:00,0,0
3/2/24 23:00,0,0
3/3/24 0:00,0,0
3/3/24 1:00,0,0
3/3/24 2:00,0,0
3/3/24 3:00,0,0
3/3/24 4:00,0,0
3/3/24 5:00,0,0
3/3/24 6:00,0.008272005,0.008062617
3/3/24 7:00,0.09469014,0.09263057
3/3/24 8:00,0.3098319,0.320516
3/3/24 9:00,0.4585617,0.4851515
3/3/24 10:00,0.3148519,0.3094205
3/3/24 11:00,0.3791622,0.3753647
3/3/24 12:00,0.1961226,0.1912221
3/3/24 13:00,0.3350231,0.3313105
3/3/24 14:00,0.4567333,0.4934685
3/3/24 15:00,0.3994167,0.4631322
3/3/24 16:00,0.1076511,0.1072986
3/3/24 17:00,0.01721025,0.01913477
3/3/24 18:00,0,0
3/3/24 19:00,0,0
3/3/24 20:00,0,0
3/3/24 21:00,0,0
3/3/24 22:00,0,0
3/3/24 23:00,0,0
3/4/24 0:00,0,0
3/4/24 1:00,0,0
3/4/24 2:00,0,0
3/4/24 3:00,0,0
3/4/24 4:00,0,0
3/4/24 5:00,0,0
3/4/24 6:00,0.02455809,0.02411278
3/4/24 7:00,0.1149621,0.1127873
3/4/24 8:00,0.3540809,0.3769674
3/4/24 9:00,0.5269346,0.5760844
3/4/24 10:00,0.4441892,0.4508969
3/4/24 11:00,0.5859286,0.6202775
3/4/24 12:00,0.2616432,0.2555046
3/4/24 13:00,0.4571952,0.4700417
3/4/24 14:00,0.361593,0.3693266
3/4/24 15:00,0.2189525,0.2187715
3/4/24 16:00,0.1708272,0.18903
3/4/24 17:00,0.02435089,0.03475108
3/4/24 18:00,0,0
3/4/24 19:00,0,0
3/4/24 20:00,0,0
3/4/24 21:00,0,0
3/4/24 22:00,0,0
3/4/24 23:00,0,0
3/5/24 0:00,0,0
3/5/24 1:00,0,0
3/5/24 2:00,0,0
3/5/24 3:00,0,0
3/5/24 4:00,0,0
3/5/24 5:00,0,0
3/5/24 6:00,0.08217703,0.1047638
3/5/24 7:00,0.179425,0.1836375
3/5/24 8:00,0.2874972,0.291774
3/5/24 9:00,0.6866103,0.7914488
3/5/24 10:00,0.9419889,1.086914
3/5/24 11:00,0.9730669,1.118896
3/5/24 12:00,0.8530703,0.9764295
3/5/24 13:00,0.9221576,1.066664
3/5/24 14:00,0.7454227,0.8705388
3/5/24 15:00,0.4950027,0.5896449
3/5/24 16:00,0.2865381,0.3646644
3/5/24 17:00,0.04015679,0.09894825
3/5/24 18:00,0,0
3/5/24 19:00,0,0
3/5/24 20:00,0,0
3/5/24 21:00,0,0
3/5/24 22:00,0,0
3/5/24 23:00,0,0
3/6/24 0:00,0,0
3/6/24 1:00,0,0
3/6/24 2:00,0,0
3/6/24 3:00,0,0
3/6/24 4:00,0,0
3/6/24 5:00,5.71553E-07,0
3/6/24 6:00,0.08895024,0.1147485
3/6/24 7:00,0.1891392,0.1948667
3/6/24 8:00,0.3792831,0.4078912
3/6/24 9:00,0.5699633,0.6309989
3/6/24 10:00,0.932533,1.07244
3/6/24 11:00,0.9299293,1.065314
3/6/24 12:00,0.9650257,1.107163
3/6/24 13:00,0.9490567,1.094858
3/6/24 14:00,0.7876502,0.9173531
3/6/24 15:00,0.4454247,0.5207426
3/6/24 16:00,0.2371306,0.2903123
3/6/24 17:00,0.02775945,0.04015891
3/6/24 18:00,0,0
3/6/24 19:00,0,0
3/6/24 20:00,0,0
3/6/24 21:00,0,0
3/6/24 22:00,0,0
3/6/24 23:00,0,0
3/7/24 0:00,0,0
3/7/24 1:00,0,0
3/7/24 2:00,0,0
3/7/24 3:00,0,0
3/7/24 4:00,0,0
3/7/24 5:00,2.57501E-05,0
3/7/24 6:00,0.1162899,0.1638822
3/7/24 7:00,0.294407,0.3425754
3/7/24 8:00,0.610327,0.714443
3/7/24 9:00,0.8167452,0.9428622
3/7/24 10:00,0.9089473,1.041588
3/7/24 11:00,1.023119,1.170646
3/7/24 12:00,1.037467,1.188332
3/7/24 13:00,0.9383199,1.078753
3/7/24 14:00,0.7235625,0.8381184
3/7/24 15:00,0.5251601,0.6203988
3/7/24 16:00,0.2794438,0.3486694
3/7/24 17:00,0.03817864,0.07452666
3/7/24 18:00,0,0
3/7/24 19:00,0,0
3/7/24 20:00,0,0
3/7/24 21:00,0,0
3/7/24 22:00,0,0
3/7/24 23:00,0,0
3/8/24 0:00,0,0
3/8/24 1:00,0,0
3/8/24 2:00,0,0
3/8/24 3:00,0,0
3/8/24 4:00,0,0
3/8/24 5:00,0.000102106,0
3/8/24 6:00,0.1137354,0.1543456
3/8/24 7:00,0.3374836,0.4016337
3/8/24 8:00,0.5023938,0.5741187
3/8/24 9:00,0.6038568,0.6722503
3/8/24 10:00,0.9013359,1.029518
3/8/24 11:00,0.9845209,1.122436
3/8/24 12:00,1.025932,1.171406
3/8/24 13:00,0.7645369,0.868047
3/8/24 14:00,0.6581947,0.7558063
3/8/24 15:00,0.4799342,0.5609853
3/8/24 16:00,0.2638956,0.3240137
3/8/24 17:00,0.04387213,0.08967096
3/8/24 18:00,0,0
3/8/24 19:00,0,0
3/8/24 20:00,0,0
3/8/24 21:00,0,0
3/8/24 22:00,0,0
3/8/24 23:00,0,0
3/9/24 0:00,0,0
3/9/24 1:00,0,0
3/9/24 2:00,0,0
3/9/24 3:00,0,0
3/9/24 4:00,0,0
3/9/24 5:00,0.000193358,0
3/9/24 6:00,0.09970803,0.1238367
3/9/24 7:00,0.3799349,0.4540033
3/9/24 8:00,0.6262696,0.726592
3/9/24 9:00,0.7158188,0.8159042
3/9/24 10:00,0.8263132,0.936787
3/9/24 11:00,0.9450498,1.073602
3/9/24 12:00,0.9678846,1.100762
3/9/24 13:00,0.8584147,0.979082
3/9/24 14:00,0.7406508,0.8517833
3/9/24 15:00,0.4705349,0.5457405
3/9/24 16:00,0.2283165,0.2683288
3/9/24 17:00,0.04185076,0.07621925
3/9/24 18:00,0,0
3/9/24 19:00,0,0
3/9/24 20:00,0,0
3/9/24 21:00,0,0
3/9/24 22:00,0,0
3/9/24 23:00,0,0
3/10/24 0:00,0,0
3/10/24 1:00,0,0
3/10/24 2:00,0,0
3/10/24 3:00,0,0
3/10/24 4:00,0,0
3/10/24 5:00,0.000207565,0
3/10/24 6:00,0.08250624,0.0914524
3/10/24 7:00,0.311805,0.3586478
3/10/24 8:00,0.5512995,0.6322436
3/10/24 9:00,0.7249662,0.8241016
3/10/24 10:00,0.6546243,0.7108384
3/10/24 11:00,0.6865376,0.742651
3/10/24 12:00,0.8138763,0.9120851
3/10/24 13:00,0.8255055,0.937243
3/10/24 14:00,0.7552992,0.8656415
3/10/24 15:00,0.5078816,0.5900648
3/10/24 16:00,0.2972349,0.3616255
3/10/24 17:00,0.05061455,0.09715194
3/10/24 18:00,0,0
3/10/24 19:00,0,0
3/10/24 20:00,0,0
3/10/24 21:00,0,0
3/10/24 22:00,0,0
3/10/24 23:00,0,0
3/11/24 0:00,0,0
3/11/24 1:00,0,0
3/11/24 2:00,0,0
3/11/24 3:00,0,0
3/11/24 4:00,0,0
3/11/24 5:00,0.000487799,0
3/11/24 6:00,0.1248302,0.1600538
3/11/24 7:00,0.36746,0.4312865
3/11/24 8:00,0.6097283,0.7005373
3/11/24 9:00,0.7932283,0.9021716
3/11/24 10:00,0.9362181,1.06016
3/11/24 11:00,1.018552,1.15181
3/11/24 12:00,0.9317858,1.052859
3/11/24 13:00,0.8683126,0.9842704
3/11/24 14:00,0.7660455,0.8748499
3/11/24 15:00,0.4312131,0.4876028
3/11/24 16:00,0.2374602,0.2768578
3/11/24 17:00,0.05140282,0.09304208
3/11/24 18:00,0,0
3/11/24 19:00,0,0
3/11/24 20:00,0,0
3/11/24 21:00,0,0
3/11/24 22:00,0,0
3/11/24 23:00,0,0
3/12/24 0:00,0,0
3/12/24 1:00,0,0
3/12/24 2:00,0,0
3/12/24 3:00,0,0
3/12/24 4:00,0,0
3/12/24 5:00,0.00066804,0
3/12/24 6:00,0.1089933,0.129546
3/12/24 7:00,0.3126705,0.3538366
3/12/24 8:00,0.5522754,0.6271091
3/12/24 9:00,0.7898592,0.8951209
3/12/24 10:00,0.9514834,1.074416
3/12/24 11:00,1.044886,1.178664
3/12/24 12:00,0.9912748,1.117953
3/12/24 13:00,0.9456616,1.070049
3/12/24 14:00,0.6078035,0.6798227
3/12/24 15:00,0.4862838,0.5571225
3/12/24 16:00,0.2992112,0.3575883
3/12/24 17:00,0.04597903,0.07344338
3/12/24 18:00,0,0
3/12/24 19:00,0,0
3/12/24 20:00,0,0
3/12/24 21:00,0,0
3/12/24 22:00,0,0
3/12/24 23:00,0,0
3/13/24 0:00,0,0
3/13/24 1:00,0,0
3/13/24 2:00,0,0
3/13/24 3:00,0,0
3/13/24 4:00,0,0
3/13/24 5:00,0.000847083,0
3/13/24 6:00,0.02648968,0.02584734
3/13/24 7:00,0.1040407,0.1015526
3/13/24 8:00,0.2054535,0.2010961
3/13/24 9:00,0.6096836,0.6672402
3/13/24 10:00,0.6066523,0.6423629
3/13/24 11:00,0.8676192,0.9687018
3/13/24 12:00,0.8387204,0.934864
3/13/24 13:00,0.8661895,0.9756569
3/13/24 14:00,0.6713735,0.7573104
3/13/24 15:00,0.4658267,0.5281309
3/13/24 16:00,0.2319848,0.2639638
3/13/24 17:00,0.03903265,0.05208401
3/13/24 18:00,0,0
3/13/24 19:00,0,0
3/13/24 20:00,0,0
3/13/24 21:00,0,0
3/13/24 22:00,0,0
3/13/24 23:00,0,0
3/14/24 0:00,0,0
3/14/24 1:00,0,0
3/14/24 2:00,0,0
3/14/24 3:00,0,0
3/14/24 4:00,0,0
3/14/24 5:00,0.001507038,0
3/14/24 6:00,0.0670625,0.06717752
3/14/24 7:00,0.323115,0.362448
3/14/24 8:00,0.4033995,0.4262599
3/14/24 9:00,0.3977091,0.4002504
3/14/24 10:00,0.555523,0.5764639
3/14/24 11:00,0.5490051,0.5624521
3/14/24 12:00,0.4960543,0.5015434
3/14/24 13:00,0.6921412,0.7587864
3/14/24 14:00,0.5754089,0.6325899
3/14/24 15:00,0.2461853,0.2460416
3/14/24 16:00,0.1306528,0.1302739
3/14/24 17:00,0.0347275,0.04099149
3/14/24 18:00,0,0
3/14/24 19:00,0,0
3/14/24 20:00,0,0
3/14/24 21:00,0,0
3/14/24 22:00,0,0
3/14/24 23:00,0,0
3/15/24 0:00,0,0
3/15/24 1:00,0,0
3/15/24 2:00,0,0
3/15/24 3:00,0,0
3/15/24 4:00,0,0
3/15/24 5:00,0.000890714,0
3/15/24 6:00,0.01138162,0.01106929
3/15/24 7:00,0.02234857,0.02171987
3/15/24 8:00,0.0876516,0.0853039
3/15/24 9:00,0.02718299,0.02640623
3/15/24 10:00,0.07160766,0.06961145
3/15/24 11:00,0.1701842,0.1657001
3/15/24 12:00,0.1957019,0.1906406
3/15/24 13:00,0.205445,0.2002443
3/15/24 14:00,0.01200063,0.01165403
3/15/24 15:00,0.05273563,0.05128901
3/15/24 16:00,0.04882829,0.04756089
3/15/24 17:00,0.008081938,0.007896652
3/15/24 18:00,0,0
3/15/24 19:00,0,0
3/15/24 20:00,0,0
3/15/24 21:00,0,0
3/15/24 22:00,0,0
3/15/24 23:00,0,0
3/16/24 0:00,0,0
3/16/24 1:00,0,0
3/16/24 2:00,0,0
3/16/24 3:00,0,0
3/16/24 4:00,0,0
3/16/24 5:00,0.002713419,0
3/16/24 6:00,0.117584,0.1313353
3/16/24 7:00,0.3440793,0.3846273
3/16/24 8:00,0.445723,0.4774199
3/16/24 9:00,0.5910136,0.6359628
3/16/24 10:00,0.61905,0.6532171
3/16/24 11:00,0.7679915,0.835318
3/16/24 12:00,0.776001,0.8479358
3/16/24 13:00,0.3203134,0.3141859
3/16/24 14:00,0.4025632,0.410154
3/16/24 15:00,0.4574986,0.5093527
3/16/24 16:00,0.1350501,0.1345977
3/16/24 17:00,0.02799909,0.02888596
3/16/24 18:00,0,0
3/16/24 19:00,0,0
3/16/24 20:00,0,0
3/16/24 21:00,0,0
3/16/24 22:00,0,0
3/16/24 23:00,0,0
3/17/24 0:00,0,0
3/17/24 1:00,0,0
3/17/24 2:00,0,0
3/17/24 3:00,0,0
3/17/24 4:00,0,0
3/17/24 5:00,0.003692116,0
3/17/24 6:00,0.07786296,0.07809463
3/17/24 7:00,0.2255148,0.2297503
3/17/24 8:00,0.4459896,0.4757589
3/17/24 9:00,0.5889762,0.6312125
3/17/24 10:00,0.4873314,0.4924329
3/17/24 11:00,0.5727476,0.5880907
3/17/24 12:00,0.3329362,0.3258812
3/17/24 13:00,0.345071,0.3394975
3/17/24 14:00,0.3061531,0.3023486
3/17/24 15:00,0.3295668,0.3423582
3/17/24 16:00,0.2502864,0.2797683
3/17/24 17:00,0.04742539,0.05905329
3/17/24 18:00,0,0
3/17/24 19:00,0,0
3/17/24 20:00,0,0
3/17/24 21:00,0,0
3/17/24 22:00,0,0
3/17/24 23:00,0,0
3/18/24 0:00,0,0
3/18/24 1:00,0,0
3/18/24 2:00,0,0
3/18/24 3:00,0,0
3/18/24 4:00,0,0
3/18/24 5:00,0.00337214,0
3/18/24 6:00,0.103932,0.1087449
3/18/24 7:00,0.3766458,0.4201209
3/18/24 8:00,0.5332897,0.5852609
3/18/24 9:00,0.5741418,0.6102798
3/18/24 10:00,0.9448161,1.047495
3/18/24 11:00,0.902087,0.995673
3/18/24 12:00,0.9647551,1.068914
3/18/24 13:00,0.6753656,0.7283046
3/18/24 14:00,0.5485387,0.5893191
3/18/24 15:00,0.4320743,0.4719028
3/18/24 16:00,0.2304972,0.2512076
3/18/24 17:00,0.06972815,0.09126386
3/18/24 18:00,0,0
3/18/24 19:00,0,0
3/18/24 20:00,0,0
3/18/24 21:00,0,0
3/18/24 22:00,0,0
3/18/24 23:00,0,0
3/19/24 0:00,0,0
3/19/24 1:00,0,0
3/19/24 2:00,0,0
3/19/24 3:00,0,0
3/19/24 4:00,0,0
3/19/24 5:00,0.003972183,0
3/19/24 6:00,0.09728362,0.09940312
3/19/24 7:00,0.2039916,0.2038476
3/19/24 8:00,0.506011,0.5481623
3/19/24 9:00,0.5173249,0.5375657
3/19/24 10:00,0.8157107,0.8942528
3/19/24 11:00,0.5793223,0.593996
3/19/24 12:00,0.8715795,0.957948
3/19/24 13:00,0.6584848,0.7048721
3/19/24 14:00,0.4661737,0.4841091
3/19/24 15:00,0.4627815,0.5083176
3/19/24 16:00,0.259992,0.2875407
3/19/24 17:00,0.06510953,0.08113861
3/19/24 18:00,0,0
3/19/24 19:00,0,0
3/19/24 20:00,0,0
3/19/24 21:00,0,0
3/19/24 22:00,0,0
3/19/24 23:00,0,0
3/20/24 0:00,0,0
3/20/24 1:00,0,0
3/20/24 2:00,0,0
3/20/24 3:00,0,0
3/20/24 4:00,0,0
3/20/24 5:00,0.004380226,0
3/20/24 6:00,0.1610424,0.179602
3/20/24 7:00,0.3959551,0.4374923
3/20/24 8:00,0.6261058,0.6911014
3/20/24 9:00,0.8605906,0.9497066
3/20/24 10:00,1.037435,1.144827
3/20/24 11:00,0.9357408,1.029176
3/20/24 12:00,0.903655,0.9929835
3/20/24 13:00,0.767413,0.8382602
3/20/24 14:00,0.6172076,0.6715112
3/20/24 15:00,0.4467378,0.4858646
3/20/24 16:00,0.2581674,0.2827938
3/20/24 17:00,0.06603444,0.07871336
3/20/24 18:00,0,0
3/20/24 19:00,0,0
3/20/24 20:00,0,0
3/20/24 21:00,0,0
3/20/24 22:00,0,0
3/20/24 23:00,0,0
3/21/24 0:00,0,0
3/21/24 1:00,0,0
3/21/24 2:00,0,0
3/21/24 3:00,0,0
3/21/24 4:00,0,0
3/21/24 5:00,0.003295837,0
3/21/24 6:00,0.03178083,0.03093637
3/21/24 7:00,0.1518354,0.1485732
3/21/24 8:00,0.4300146,0.4486119
3/21/24 9:00,0.5397784,0.5622836
3/21/24 10:00,0.7313544,0.785104
3/21/24 11:00,0.8249223,0.8942559
3/21/24 12:00,0.9577003,1.051914
3/21/24 13:00,0.8954967,0.9841667
3/21/24 14:00,0.4607231,0.4752827
3/21/24 15:00,0.3823699,0.4030835
3/21/24 16:00,0.214613,0.2256662
3/21/24 17:00,0.03924584,0.04035283
3/21/24 18:00,0,0
3/21/24 19:00,0,0
3/21/24 20:00,0,0
3/21/24 21:00,0,0
3/21/24 22:00,0,0
3/21/24 23:00,0,0
3/22/24 0:00,0,0
3/22/24 1:00,0,0
3/22/24 2:00,0,0
3/22/24 3:00,0,0
3/22/24 4:00,0,0
3/22/24 5:00,0.008505301,0
3/22/24 6:00,0.1631807,0.1765113
3/22/24 7:00,0.3416636,0.3656
3/22/24 8:00,0.5593712,0.6064933
3/22/24 9:00,0.4589916,0.4649576
3/22/24 10:00,0.4419324,0.4393611
3/22/24 11:00,0.6912623,0.7265041
3/22/24 12:00,0.7851986,0.845143
3/22/24 13:00,0.7541453,0.8170359
3/22/24 14:00,0.6762792,0.7376346
3/22/24 15:00,0.4864607,0.5294001
3/22/24 16:00,0.21894,0.2295861
3/22/24 17:00,0.03697996,0.03709179
3/22/24 18:00,0,0
3/22/24 19:00,0,0
3/22/24 20:00,0,0
3/22/24 21:00,0,0
3/22/24 22:00,0,0
3/22/24 23:00,0,0
3/23/24 0:00,0,0
3/23/24 1:00,0,0
3/23/24 2:00,0,0
3/23/24 3:00,0,0
3/23/24 4:00,0,0
3/23/24 5:00,0.007983843,0
3/23/24 6:00,0.1014508,0.1013061
3/23/24 7:00,0.3661285,0.393113
3/23/24 8:00,0.4392008,0.4567464
3/23/24 9:00,0.6108395,0.6464429
3/23/24 10:00,0.8167022,0.8845498
3/23/24 11:00,0.8885522,0.9655116
3/23/24 12:00,0.9577894,1.046046
3/23/24 13:00,0.9085866,0.9925809
3/23/24 14:00,0.79388,0.8672144
3/23/24 15:00,0.5698698,0.6214773
3/23/24 16:00,0.2667387,0.2862526
3/23/24 17:00,0.04922126,0.0500954
3/23/24 18:00,0,0
3/23/24 19:00,0,0
3/23/24 20:00,0,0
3/23/24 21:00,0,0
3/23/24 22:00,0,0
3/23/24 23:00,0,0
3/24/24 0:00,0,0
3/24/24 1:00,0,0
3/24/24 2:00,0,0
3/24/24 3:00,0,0
3/24/24 4:00,0,0
3/24/24 5:00,0.008812578,0
3/24/24 6:00,0.1792417,0.1900811
3/24/24 7:00,0.4301045,0.4650326
3/24/24 8:00,0.5937947,0.6419127
3/24/24 9:00,0.7973481,0.8668727
3/24/24 10:00,0.9682401,1.054939
3/24/24 11:00,1.053891,1.149073
3/24/24 12:00,0.9779351,1.06543
3/24/24 13:00,0.9340081,1.017561
3/24/24 14:00,0.7429471,0.8079464
3/24/24 15:00,0.5458569,0.5920186
3/24/24 16:00,0.20229,0.2070831
3/24/24 17:00,0.04737578,0.04691929
3/24/24 18:00,0,0
3/24/24 19:00,0,0
3/24/24 20:00,0,0
3/24/24 21:00,0,0
3/24/24 22:00,0,0
3/24/24 23:00,0,0
3/25/24 0:00,0,0
3/25/24 1:00,0,0
3/25/24 2:00,0,0
3/25/24 3:00,0,0
3/25/24 4:00,0,0
3/25/24 5:00,0.009007642,0
3/25/24 6:00,0.1514661,0.1558619
3/25/24 7:00,0.3852531,0.4107398
3/25/24 8:00,0.522249,0.5540561
3/25/24 9:00,0.7312277,0.7876839
3/25/24 10:00,0.9384079,1.019087
3/25/24 11:00,0.9188196,0.995273
3/25/24 12:00,0.6397824,0.6615363
3/25/24 13:00,0.8448142,0.9155343
3/25/24 14:00,0.6918629,0.7475204
3/25/24 15:00,0.5238416,0.5645496
3/25/24 16:00,0.2553679,0.2683331
3/25/24 17:00,0.0365254,0.03549433
3/25/24 18:00,0,0
3/25/24 19:00,0,0
3/25/24 20:00,0,0
3/25/24 21:00,0,0
3/25/24 22:00,0,0
3/25/24 23:00,0,0
3/26/24 0:00,0,0
3/26/24 1:00,0,0
3/26/24 2:00,0,0
3/26/24 3:00,0,0
3/26/24 4:00,0,0
3/26/24 5:00,0.00969556,0
3/26/24 6:00,0.1831288,0.189402
3/26/24 7:00,0.3530352,0.3703682
3/26/24 8:00,0.6620445,0.7134451
3/26/24 9:00,0.865711,0.9364862
3/26/24 10:00,0.7501182,0.796978
3/26/24 11:00,0.7777203,0.8250855
3/26/24 12:00,0.6930762,0.7244109
3/26/24 13:00,0.6969835,0.7386236
3/26/24 14:00,0.7087684,0.7639878
3/26/24 15:00,0.5668713,0.6090431
3/26/24 16:00,0.2457125,0.2551278
3/26/24 17:00,0.04833104,0.04601911
3/26/24 18:00,0,0
3/26/24 19:00,0,0
3/26/24 20:00,0,0
3/26/24 21:00,0,0
3/26/24 22:00,0,0
3/26/24 23:00,0,0
3/27/24 0:00,0,0
3/27/24 1:00,0,0
3/27/24 2:00,0,0
3/27/24 3:00,0,0
3/27/24 4:00,0,0
3/27/24 5:00,0.006997914,0
3/27/24 6:00,0.1431125,0.143604
3/27/24 7:00,0.3852651,0.4057506
3/27/24 8:00,0.628343,0.6731248
3/27/24 9:00,0.8907881,0.9607954
3/27/24 10:00,0.8781872,0.9455941
3/27/24 11:00,0.8314257,0.8874792
3/27/24 12:00,0.5809569,0.5902309
3/27/24 13:00,0.7933674,0.850971
3/27/24 14:00,0.7580179,0.8155642
3/27/24 15:00,0.4781114,0.5070382
3/27/24 16:00,0.2184491,0.2223103
3/27/24 17:00,0.0411093,0.03912857
3/27/24 18:00,0,0
3/27/24 19:00,0,0
3/27/24 20:00,0,0
3/27/24 21:00,0,0
3/27/24 22:00,0,0
3/27/24 23:00,0,0
3/28/24 0:00,0,0
3/28/24 1:00,0,0
3/28/24 2:00,0,0
3/28/24 3:00,0,0
3/28/24 4:00,0,0
3/28/24 5:00,0.0121795,0
3/28/24 6:00,0.1370609,0.1361108
3/28/24 7:00,0.3775375,0.3945194
3/28/24 8:00,0.4565836,0.4700092
3/28/24 9:00,0.7306406,0.7791734
3/28/24 10:00,0.6702843,0.6969212
3/28/24 11:00,1.031736,1.112366
3/28/24 12:00,1.039939,1.121192
3/28/24 13:00,0.9361573,1.007529
3/28/24 14:00,0.7454386,0.7989749
3/28/24 15:00,0.4212454,0.4385495
3/28/24 16:00,0.2718796,0.280871
3/28/24 17:00,0.05424803,0.04904672
3/28/24 18:00,0,0
3/28/24 19:00,0,0
3/28/24 20:00,0,0
3/28/24 21:00,0,0
3/28/24 22:00,0,0
3/28/24 23:00,0,0
3/29/24 0:00,0,0
3/29/24 1:00,0,0
3/29/24 2:00,0,0
3/29/24 3:00,0,0
3/29/24 4:00,0,0
3/29/24 5:00,0.008547996,0
3/29/24 6:00,0.1023287,0.100028
3/29/24 7:00,0.2996613,0.3035814
3/29/24 8:00,0.4393127,0.448573
3/29/24 9:00,0.4429936,0.4424003
3/29/24 10:00,0.7927213,0.8410971
3/29/24 11:00,0.7572066,0.7944552
3/29/24 12:00,0.8896077,0.9519119
3/29/24 13:00,0.8952506,0.960147
3/29/24 14:00,0.633605,0.6700331
3/29/24 15:00,0.4960365,0.5226126
3/29/24 16:00,0.2791104,0.286607
3/29/24 17:00,0.05513731,0.04875902
3/29/24 18:00,0,0
3/29/24 19:00,0,0
3/29/24 20:00,0,0
3/29/24 21:00,0,0
3/29/24 22:00,0,0
3/29/24 23:00,0,0
3/30/24 0:00,0,0
3/30/24 1:00,0,0
3/30/24 2:00,0,0
3/30/24 3:00,0,0
3/30/24 4:00,0,0
3/30/24 5:00,0.01486903,0
3/30/24 6:00,0.02614124,0.02539638
3/30/24 7:00,0.03226854,0.03135127
3/30/24 8:00,0.06012872,0.05843732
3/30/24 9:00,0.09102043,0.08848401
3/30/24 10:00,0.3014382,0.2939579
3/30/24 11:00,0.1076312,0.1046356
3/30/24 12:00,0.07686491,0.07469935
3/30/24 13:00,0.1001546,0.09736955
3/30/24 14:00,0.09692329,0.09424174
3/30/24 15:00,0.07871912,0.07654163
3/30/24 16:00,0.07631622,0.07422879
3/30/24 17:00,0.01593856,0.01543529
3/30/24 18:00,0,0
3/30/24 19:00,0,0
3/30/24 20:00,0,0
3/30/24 21:00,0,0
3/30/24 22:00,0,0
3/30/24 23:00,0,0
3/31/24 0:00,0,0
3/31/24 1:00,0,0
3/31/24 2:00,0,0
3/31/24 3:00,0,0
3/31/24 4:00,0,0
3/31/24 5:00,0.01559176,0
3/31/24 6:00,0.1794924,0.1759805
3/31/24 7:00,0.4357169,0.4520816
3/31/24 8:00,0.6587251,0.6956589
3/31/24 9:00,0.9031073,0.9618394
3/31/24 10:00,0.964423,1.030031
3/31/24 11:00,1.026894,1.098208
3/31/24 12:00,1.022327,1.092947
3/31/24 13:00,0.6763593,0.7046764
3/31/24 14:00,0.6479297,0.6819531
3/31/24 15:00,0.5946733,0.6237501
3/31/24 16:00,0.313044,0.3176831
3/31/24 17:00,0.04941726,0.04396268
3/31/24 18:00,0,0
3/31/24 19:00,0,0
3/31/24 20:00,0,0
3/31/24 21:00,0,0
3/31/24 22:00,0,0
3/31/24 23:00,0,0
4/1/24 0:00,0,0
4/1/24 1:00,0,0
4/1/24 2:00,0,0
4/1/24 3:00,0,0
4/1/24 4:00,0,0
4/1/24 5:00,0.01555619,0
4/1/24 6:00,0.1460918,0.1421738
4/1/24 7:00,0.2355867,0.2322191
4/1/24 8:00,0.4073277,0.4093384
4/1/24 9:00,0.6457322,0.671053
4/1/24 10:00,0.6490899,0.6661595
4/1/24 11:00,0.2966788,0.2890858
4/1/24 12:00,0.5515777,0.5534279
4/1/24 13:00,0.4143389,0.4088613
4/1/24 14:00,0.3097422,0.3037033
4/1/24 15:00,0.3129231,0.3116415
4/1/24 16:00,0.2370614,0.2361727
4/1/24 17:00,0.06516661,0.05124239
4/1/24 18:00,0,0
4/1/24 19:00,0,0
4/1/24 20:00,0,0
4/1/24 21:00,0,0
4/1/24 22:00,0,0
4/1/24 23:00,0,0
4/2/24 0:00,0,0
4/2/24 1:00,0,0
4/2/24 2:00,0,0
4/2/24 3:00,0,0
4/2/24 4:00,0,0
4/2/24 5:00,0.01140966,0
4/2/24 6:00,0.153783,0.1489111
4/2/24 7:00,0.2196465,0.2155345
4/2/24 8:00,0.3088731,0.3037177
4/2/24 9:00,0.5085373,0.5122002
4/2/24 10:00,0.6273063,0.6397593
4/2/24 11:00,0.46705,0.4610984
4/2/24 12:00,0.4088079,0.4012345
4/2/24 13:00,0.3363754,0.3289013
4/2/24 14:00,0.3631304,0.3586414
4/2/24 15:00,0.3761849,0.3799933
4/2/24 16:00,0.1839676,0.180578
4/2/24 17:00,0.04132336,0.03813725
4/2/24 18:00,0,0
4/2/24 19:00,0,0
4/2/24 20:00,0,0
4/2/24 21:00,0,0
4/2/24 22:00,0,0
4/2/24 23:00,0,0
4/3/24 0:00,0,0
4/3/24 1:00,0,0
4/3/24 2:00,0,0
4/3/24 3:00,0,0
4/3/24 4:00,0,0
4/3/24 5:00,0.02297928,0
4/3/24 6:00,0.1015836,0.09858511
4/3/24 7:00,0.3065088,0.305831
4/3/24 8:00,0.5724867,0.5927556
4/3/24 9:00,0.4244881,0.4202455
4/3/24 10:00,0.5020618,0.499397
4/3/24 11:00,0.2664826,0.2594877
4/3/24 12:00,0.223034,0.2170824
4/3/24 13:00,0.3720404,0.3648509
4/3/24 14:00,0.2488638,0.2426133
4/3/24 15:00,0.3037489,0.3008585
4/3/24 16:00,0.1707487,0.1668979
4/3/24 17:00,0.0609048,0.04800619
4/3/24 18:00,0,0
4/3/24 19:00,0,0
4/3/24 20:00,0,0
4/3/24 21:00,0,0
4/3/24 22:00,0,0
4/3/24 23:00,0,0
4/4/24 0:00,0,0
4/4/24 1:00,0,0
4/4/24 2:00,0,0
4/4/24 3:00,0,0
4/4/24 4:00,0,0
4/4/24 5:00,0.01754111,0
4/4/24 6:00,0.1357752,0.1309848
4/4/24 7:00,0.2674652,0.2639961
4/4/24 8:00,0.4819925,0.489325
4/4/24 9:00,0.4690477,0.4674512
4/4/24 10:00,0.5679866,0.5708945
4/4/24 11:00,0.8614523,0.9040881
4/4/24 12:00,0.855863,0.8987136
4/4/24 13:00,0.9171991,0.9665504
4/4/24 14:00,0.5655276,0.5801286
4/4/24 15:00,0.4210548,0.4267829
4/4/24 16:00,0.1817977,0.1774893
4/4/24 17:00,0.05453041,0.04531804
4/4/24 18:00,0,0
4/4/24 19:00,0,0
4/4/24 20:00,0,0
4/4/24 21:00,0,0
4/4/24 22:00,0,0
4/4/24 23:00,0,0
4/5/24 0:00,0,0
4/5/24 1:00,0,0
4/5/24 2:00,0,0
4/5/24 3:00,0,0
4/5/24 4:00,0,0
4/5/24 5:00,0.01655456,0
4/5/24 6:00,0.1270254,0.1225583
4/5/24 7:00,0.2611513,0.2570054
4/5/24 8:00,0.605176,0.6245744
4/5/24 9:00,0.6866788,0.7105622
4/5/24 10:00,0.9455809,0.9958113
4/5/24 11:00,0.8597854,0.899968
4/5/24 12:00,0.5788456,0.5810304
4/5/24 13:00,0.4973712,0.4958137
4/5/24 14:00,0.3328164,0.3266254
4/5/24 15:00,0.2660547,0.2611331
4/5/24 16:00,0.1755499,0.1709549
4/5/24 17:00,0.03387819,0.03214246
4/5/24 18:00,0,0
4/5/24 19:00,0,0
4/5/24 20:00,0,0
4/5/24 21:00,0,0
4/5/24 22:00,0,0
4/5/24 23:00,0,0
4/6/24 0:00,0,0
4/6/24 1:00,0,0
4/6/24 2:00,0,0
4/6/24 3:00,0,0
4/6/24 4:00,0,0
4/6/24 5:00,0.02008837,0.0122818
4/6/24 6:00,0.05025008,0.048779
4/6/24 7:00,0.2280597,0.2231179
4/6/24 8:00,0.1935476,0.1883606
4/6/24 9:00,0.2409251,0.2345455
4/6/24 10:00,0.4585477,0.4522391
4/6/24 11:00,0.7185518,0.7363134
4/6/24 12:00,0.6257468,0.6324397
4/6/24 13:00,0.2016547,0.1962173
4/6/24 14:00,0.3539198,0.3480596
4/6/24 15:00,0.3009364,0.2966161
4/6/24 16:00,0.1137659,0.1105461
4/6/24 17:00,0.02578029,0.02479774
4/6/24 18:00,0,0
4/6/24 19:00,0,0
4/6/24 20:00,0,0
4/6/24 21:00,0,0
4/6/24 22:00,0,0
4/6/24 23:00,0,0
4/7/24 0:00,0,0
4/7/24 1:00,0,0
4/7/24 2:00,0,0
4/7/24 3:00,0,0
4/7/24 4:00,0,0
4/7/24 5:00,0.02885059,0.006353509
4/7/24 6:00,0.1666628,0.157778
4/7/24 7:00,0.2532006,0.2481493
4/7/24 8:00,0.5395246,0.5485532
4/7/24 9:00,0.7614843,0.7899377
4/7/24 10:00,0.882606,0.9220734
4/7/24 11:00,0.8315431,0.8637131
4/7/24 12:00,1.002048,1.051267
4/7/24 13:00,0.9193037,0.9604024
4/7/24 14:00,0.6345963,0.6518459
4/7/24 15:00,0.3733421,0.3717001
4/7/24 16:00,0.2054762,0.1989045
4/7/24 17:00,0.03661177,0.03440945
4/7/24 18:00,0,0
4/7/24 19:00,0,0
4/7/24 20:00,0,0
4/7/24 21:00,0,0
4/7/24 22:00,0,0
4/7/24 23:00,0,0
4/8/24 0:00,0,0
4/8/24 1:00,0,0
4/8/24 2:00,0,0
4/8/24 3:00,0,0
4/8/24 4:00,0,0
4/8/24 5:00,0.02981533,0.007601779
4/8/24 6:00,0.0988645,0.09571408
4/8/24 7:00,0.3098642,0.3051519
4/8/24 8:00,0.3651352,0.360066
4/8/24 9:00,0.4440701,0.4389921
4/8/24 10:00,0.7930562,0.8201348
4/8/24 11:00,0.8293065,0.8592082
4/8/24 12:00,0.9988003,1.045109
4/8/24 13:00,0.8090664,0.8395042
4/8/24 14:00,0.4994324,0.501572
4/8/24 15:00,0.4640174,0.4659905
4/8/24 16:00,0.1946294,0.1880623
4/8/24 17:00,0.05761322,0.04566865
4/8/24 18:00,0,0
4/8/24 19:00,0,0
4/8/24 20:00,0,0
4/8/24 21:00,0,0
4/8/24 22:00,0,0
4/8/24 23:00,0,0
4/9/24 0:00,0,0
4/9/24 1:00,0,0
4/9/24 2:00,0,0
4/9/24 3:00,0,0
4/9/24 4:00,0,0
4/9/24 5:00,0.02249605,0.01542729
4/9/24 6:00,0.09990128,0.09667467
4/9/24 7:00,0.243603,0.2379609
4/9/24 8:00,0.4030995,0.3992001
4/9/24 9:00,0.3500735,0.3423525
4/9/24 10:00,0.4194742,0.4113719
4/9/24 11:00,0.36459,0.3558198
4/9/24 12:00,0.6431173,0.6490428
4/9/24 13:00,0.7465064,0.768392
4/9/24 14:00,0.6020027,0.6124026
4/9/24 15:00,0.2154348,0.2099192
4/9/24 16:00,0.2232707,0.2140694
4/9/24 17:00,0.02974542,0.02847386
4/9/24 18:00,0,0
4/9/24 19:00,0,0
4/9/24 20:00,0,0
4/9/24 21:00,0,0
4/9/24 22:00,0,0
4/9/24 23:00,0,0
4/10/24 0:00,0,0
4/10/24 1:00,0,0
4/10/24 2:00,0,0
4/10/24 3:00,0,0
4/10/24 4:00,0,0
4/10/24 5:00,0.03558543,0.006438658
4/10/24 6:00,0.2379785,0.2144618
4/10/24 7:00,0.4628787,0.4572522
4/10/24 8:00,0.5635287,0.5694873
4/10/24 9:00,0.8012049,0.8260934
4/10/24 10:00,0.9206302,0.9560768
4/10/24 11:00,0.8736449,0.9047148
4/10/24 12:00,0.8086231,0.8330373
4/10/24 13:00,0.701014,0.7161235
4/10/24 14:00,0.5564336,0.5612627
4/10/24 15:00,0.5801554,0.580359
4/10/24 16:00,0.3717753,0.3481098
4/10/24 17:00,0.09650919,0.04997169
4/10/24 18:00,0,0
4/10/24 19:00,0,0
4/10/24 20:00,0,0
4/10/24 21:00,0,0
4/10/24 22:00,0,0
4/10/24 23:00,0,0
4/11/24 0:00,0,0
4/11/24 1:00,0,0
4/11/24 2:00,0,0
4/11/24 3:00,0,0
4/11/24 4:00,0,0
4/11/24 5:00,0.0390854,0.005510242
4/11/24 6:00,0.2051008,0.1872005
4/11/24 7:00,0.4100203,0.4027829
4/11/24 8:00,0.7664278,0.778729
4/11/24 9:00,0.8232673,0.8472212
4/11/24 10:00,0.7775895,0.7972582
4/11/24 11:00,0.829082,0.8532326
4/11/24 12:00,0.5894152,0.5886046
4/11/24 13:00,0.4995703,0.4952353
4/11/24 14:00,0.6332099,0.6424922
4/11/24 15:00,0.5581153,0.5556879
4/11/24 16:00,0.3456516,0.3212597
4/11/24 17:00,0.1008028,0.05015092
4/11/24 18:00,0,0
4/11/24 19:00,0,0
4/11/24 20:00,0,0
4/11/24 21:00,0,0
4/11/24 22:00,0,0
4/11/24 23:00,0,0
4/12/24 0:00,0,0
4/12/24 1:00,0,0
4/12/24 2:00,0,0
4/12/24 3:00,0,0
4/12/24 4:00,0,0
4/12/24 5:00,0.05159567,0.002742416
4/12/24 6:00,0.2299169,0.2056908
4/12/24 7:00,0.4941331,0.4838526
4/12/24 8:00,0.3463974,0.3395909
4/12/24 9:00,0.4495311,0.4432093
4/12/24 10:00,0.1178338,0.1145278
4/12/24 11:00,0.4827558,0.474947
4/12/24 12:00,0.7517031,0.7662678
4/12/24 13:00,0.7816922,0.8009589
4/12/24 14:00,0.324435,0.317117
4/12/24 15:00,0.2187137,0.2129312
4/12/24 16:00,0.1662291,0.1602097
4/12/24 17:00,0.0496022,0.04306511
4/12/24 18:00,0,0
4/12/24 19:00,0,0
4/12/24 20:00,0,0
4/12/24 21:00,0,0
4/12/24 22:00,0,0
4/12/24 23:00,0,0
4/13/24 0:00,0,0
4/13/24 1:00,0,0
4/13/24 2:00,0,0
4/13/24 3:00,0,0
4/13/24 4:00,0,0
4/13/24 5:00,0.03635222,0.01285011
4/13/24 6:00,0.2262241,0.2019488
4/13/24 7:00,0.4332219,0.4223748
4/13/24 8:00,0.6982656,0.7043061
4/13/24 9:00,0.9320484,0.9552661
4/13/24 10:00,1.019656,1.052582
4/13/24 11:00,1.013245,1.04817
4/13/24 12:00,0.8971551,0.9240261
4/13/24 13:00,0.7593184,0.7747495
4/13/24 14:00,0.6396987,0.6455921
4/13/24 15:00,0.4556192,0.4486538
4/13/24 16:00,0.301421,0.2774044
4/13/24 17:00,0.08930873,0.04433525
4/13/24 18:00,0,0
4/13/24 19:00,0,0
4/13/24 20:00,0,0
4/13/24 21:00,0,0
4/13/24 22:00,0,0
4/13/24 23:00,0,0
4/14/24 0:00,0,0
4/14/24 1:00,0,0
4/14/24 2:00,0,0
4/14/24 3:00,0,0
4/14/24 4:00,0,0
4/14/24 5:00,0.03021267,0.01969045
4/14/24 6:00,0.199418,0.1812795
4/14/24 7:00,0.2894001,0.2815223
4/14/24 8:00,0.6490029,0.6515914
4/14/24 9:00,0.8434036,0.8612289
4/14/24 10:00,0.9400917,0.9670669
4/14/24 11:00,0.7589355,0.7705648
4/14/24 12:00,0.6917632,0.6975467
4/14/24 13:00,0.6468742,0.6510919
4/14/24 14:00,0.6353466,0.6391453
4/14/24 15:00,0.5558755,0.5460978
4/14/24 16:00,0.3041345,0.2778606
4/14/24 17:00,0.07021425,0.0463104
4/14/24 18:00,0,0
4/14/24 19:00,0,0
4/14/24 20:00,0,0
4/14/24 21:00,0,0
4/14/24 22:00,0,0
4/14/24 23:00,0,0
4/15/24 0:00,0,0
4/15/24 1:00,0,0
4/15/24 2:00,0,0
4/15/24 3:00,0,0
4/15/24 4:00,0,0
4/15/24 5:00,0.04354125,0.01047149
4/15/24 6:00,0.2479891,0.2164822
4/15/24 7:00,0.4997349,0.4829112
4/15/24 8:00,0.6955451,0.696928
4/15/24 9:00,0.6537814,0.6577641
4/15/24 10:00,0.8463656,0.864948
4/15/24 11:00,0.8140352,0.8295642
4/15/24 12:00,0.8402893,0.858412
4/15/24 13:00,0.6323187,0.6342359
4/15/24 14:00,0.711171,0.7158391
4/15/24 15:00,0.4512928,0.4412019
4/15/24 16:00,0.2186543,0.2057279
4/15/24 17:00,0.05452337,0.04540255
4/15/24 18:00,0,0
4/15/24 19:00,0,0
4/15/24 20:00,0,0
4/15/24 21:00,0,0
4/15/24 22:00,0,0
4/15/24 23:00,0,0
4/16/24 0:00,0,0
4/16/24 1:00,0,0
4/16/24 2:00,0,0
4/16/24 3:00,0,0
4/16/24 4:00,0,0
4/16/24 5:00,0.04407337,0.01247673
4/16/24 6:00,0.2167131,0.1930497
4/16/24 7:00,0.4020559,0.3881334
4/16/24 8:00,0.4949849,0.4894788
4/16/24 9:00,0.7959943,0.8072098
4/16/24 10:00,0.6617042,0.6632425
4/16/24 11:00,0.8219023,0.8364709
4/16/24 12:00,0.9859002,1.010888
4/16/24 13:00,0.8683217,0.883996
4/16/24 14:00,0.765344,0.7686377
4/16/24 15:00,0.5068505,0.4936987
4/16/24 16:00,0.1962729,0.1861502
4/16/24 17:00,0.06919912,0.04679245
4/16/24 18:00,0,0
4/16/24 19:00,0,0
4/16/24 20:00,0,0
4/16/24 21:00,0,0
4/16/24 22:00,0,0
4/16/24 23:00,0,0
4/17/24 0:00,0,0
4/17/24 1:00,0,0
4/17/24 2:00,0,0
4/17/24 3:00,0,0
4/17/24 4:00,0,0
4/17/24 5:00,0.03116519,0.02339379
4/17/24 6:00,0.142132,0.135131
4/17/24 7:00,0.3374155,0.3261137
4/17/24 8:00,0.6388687,0.6352735
4/17/24 9:00,0.7785802,0.7869254
4/17/24 10:00,0.7444113,0.751393
4/17/24 11:00,1.051969,1.078219
4/17/24 12:00,0.6985693,0.7016249
4/17/24 13:00,0.6143043,0.6129427
4/17/24 14:00,0.3527852,0.3447098
4/17/24 15:00,0.2545298,0.2474904
4/17/24 16:00,0.1791423,0.1708856
4/17/24 17:00,0.06470151,0.04740928
4/17/24 18:00,0,0
4/17/24 19:00,0,0
4/17/24 20:00,0,0
4/17/24 21:00,0,0
4/17/24 22:00,0,0
4/17/24 23:00,0,0
4/18/24 0:00,0,0
4/18/24 1:00,0,0
4/18/24 2:00,0,0
4/18/24 3:00,0,0
4/18/24 4:00,0,0
4/18/24 5:00,0.03172228,0.02442466
4/18/24 6:00,0.08263543,0.08002716
4/18/24 7:00,0.08584733,0.08337339
4/18/24 8:00,0.1987087,0.1931757
4/18/24 9:00,0.285553,0.2779058
4/18/24 10:00,0.1546831,0.1503582
4/18/24 11:00,0.1355714,0.1317627
4/18/24 12:00,0.2025658,0.1969676
4/18/24 13:00,0.1368517,0.1330086
4/18/24 14:00,0.1795965,0.1745875
4/18/24 15:00,0.2226826,0.2163951
4/18/24 16:00,0.1486264,0.1431099
4/18/24 17:00,0.0177406,0.01708985
4/18/24 18:00,0,0
4/18/24 19:00,0,0
4/18/24 20:00,0,0
4/18/24 21:00,0,0
4/18/24 22:00,0,0
4/18/24 23:00,0,0
4/19/24 0:00,0,0
4/19/24 1:00,0,0
4/19/24 2:00,0,0
4/19/24 3:00,0,0
4/19/24 4:00,0,0
4/19/24 5:00,0.03441547,0.0253538
4/19/24 6:00,0.2602925,0.2216172
4/19/24 7:00,0.5510713,0.5234146
4/19/24 8:00,0.7468647,0.7391838
4/19/24 9:00,0.8845102,0.8917592
4/19/24 10:00,1.040239,1.058295
4/19/24 11:00,1.01472,1.034958
4/19/24 12:00,1.048854,1.068153
4/19/24 13:00,1.018559,1.029944
4/19/24 14:00,0.8095027,0.8053759
4/19/24 15:00,0.6183084,0.5943618
4/19/24 16:00,0.296403,0.2631825
4/19/24 17:00,0.06962823,0.04765008
4/19/24 18:00,0,0
4/19/24 19:00,0,0
4/19/24 20:00,0,0
4/19/24 21:00,0,0
4/19/24 22:00,0,0
4/19/24 23:00,0,0
4/20/24 0:00,0,0
4/20/24 1:00,0,0
4/20/24 2:00,0,0
4/20/24 3:00,0,0
4/20/24 4:00,0,0
4/20/24 5:00,0.065747,0.004587746
4/20/24 6:00,0.2268006,0.198313
4/20/24 7:00,0.310077,0.298943
4/20/24 8:00,0.4489047,0.4397105
4/20/24 9:00,0.9582933,0.9639325
4/20/24 10:00,1.012807,1.027832
4/20/24 11:00,0.7844258,0.7898771
4/20/24 12:00,0.8655622,0.8759401
4/20/24 13:00,0.8867334,0.8936574
4/20/24 14:00,0.3632834,0.3546062
4/20/24 15:00,0.4964441,0.4762277
4/20/24 16:00,0.2890976,0.2561921
4/20/24 17:00,0.06895681,0.04813207
4/20/24 18:00,0,0
4/20/24 19:00,0,0
4/20/24 20:00,0,0
4/20/24 21:00,0,0
4/20/24 22:00,0,0
4/20/24 23:00,0,0
4/21/24 0:00,0,0
4/21/24 1:00,0,0
4/21/24 2:00,0,0
4/21/24 3:00,0,0
4/21/24 4:00,0,0
4/21/24 5:00,0.04724262,0.02200308
4/21/24 6:00,0.1035907,0.1000528
4/21/24 7:00,0.1537329,0.149257
4/21/24 8:00,0.161518,0.1569586
4/21/24 9:00,0.5777354,0.5713257
4/21/24 10:00,0.8882903,0.897388
4/21/24 11:00,0.764905,0.7677033
4/21/24 12:00,0.5759924,0.5687949
4/21/24 13:00,0.6506492,0.6470936
4/21/24 14:00,0.5402755,0.5313407
4/21/24 15:00,0.325095,0.3144811
4/21/24 16:00,0.2521718,0.2278573
4/21/24 17:00,0.07390144,0.047599
4/21/24 18:00,0,0
4/21/24 19:00,0,0
4/21/24 20:00,0,0
4/21/24 21:00,0,0
4/21/24 22:00,0,0
4/21/24 23:00,0,0
4/22/24 0:00,0,0
4/22/24 1:00,0,0
4/22/24 2:00,0,0
4/22/24 3:00,0,0
4/22/24 4:00,0,0
4/22/24 5:00,0.05526553,0.01662277
4/22/24 6:00,0.1513434,0.1429695
4/22/24 7:00,0.30524,0.2937471
4/22/24 8:00,0.7096509,0.6959214
4/22/24 9:00,0.8835464,0.8839657
4/22/24 10:00,0.9770201,0.9867138
4/22/24 11:00,0.7970427,0.80052
4/22/24 12:00,0.983412,0.9941153
4/22/24 13:00,0.8734288,0.875621
4/22/24 14:00,0.7398725,0.7291406
4/22/24 15:00,0.4444059,0.424853
4/22/24 16:00,0.2417815,0.2194714
4/22/24 17:00,0.09720501,0.03952115
4/22/24 18:00,0,0
4/22/24 19:00,0,0
4/22/24 20:00,0,0
4/22/24 21:00,0,0
4/22/24 22:00,0,0
4/22/24 23:00,0,0
4/23/24 0:00,0,0
4/23/24 1:00,0,0
4/23/24 2:00,0,0
4/23/24 3:00,0,0
4/23/24 4:00,0,0
4/23/24 5:00,0.05234547,0.02216886
4/23/24 6:00,0.3076099,0.2517269
4/23/24 7:00,0.5297614,0.4953841
4/23/24 8:00,0.7513618,0.7346867
4/23/24 9:00,0.8792924,0.8774883
4/23/24 10:00,1.020931,1.028963
4/23/24 11:00,1.033368,1.04472
4/23/24 12:00,0.9665425,0.9746289
4/23/24 13:00,0.8436859,0.8432736
4/23/24 14:00,0.8138506,0.7997559
4/23/24 15:00,0.6318085,0.5972338
4/23/24 16:00,0.3991266,0.3391208
4/23/24 17:00,0.121445,0.03993887
4/23/24 18:00,0,0
4/23/24 19:00,0,0
4/23/24 20:00,0,0
4/23/24 21:00,0,0
4/23/24 22:00,0,0
4/23/24 23:00,0,0
4/24/24 0:00,0,0
4/24/24 1:00,0,0
4/24/24 2:00,0,0
4/24/24 3:00,0,0
4/24/24 4:00,0,0
4/24/24 5:00,0.04379282,0.02987551
4/24/24 6:00,0.2518872,0.2126859
4/24/24 7:00,0.4036621,0.3812323
4/24/24 8:00,0.6917235,0.674428
4/24/24 9:00,0.8926226,0.8886668
4/24/24 10:00,0.8835198,0.8866557
4/24/24 11:00,1.001891,1.010395
4/24/24 12:00,1.045274,1.052216
4/24/24 13:00,0.9395485,0.9376666
4/24/24 14:00,0.7575577,0.7421761
4/24/24 15:00,0.5536352,0.5217587
4/24/24 16:00,0.3050797,0.2623501
4/24/24 17:00,0.08871732,0.04337987
4/24/24 18:00,0,0
4/24/24 19:00,0,0
4/24/24 20:00,0,0
4/24/24 21:00,0,0
4/24/24 22:00,0,0
4/24/24 23:00,0,0
4/25/24 0:00,0,0
4/25/24 1:00,0,0
4/25/24 2:00,0,0
4/25/24 3:00,0,0
4/25/24 4:00,0,0
4/25/24 5:00,0.0701146,0.009899813
4/25/24 6:00,0.2539958,0.2135165
4/25/24 7:00,0.4408825,0.4127895
4/25/24 8:00,0.380633,0.3703955
4/25/24 9:00,0.3444579,0.3354029
4/25/24 10:00,0.4836845,0.4734143
4/25/24 11:00,0.6844246,0.6787794
4/25/24 12:00,0.8021932,0.8012072
4/25/24 13:00,0.5398941,0.5302151
4/25/24 14:00,0.5818558,0.5681631
4/25/24 15:00,0.3457819,0.332069
4/25/24 16:00,0.1402608,0.1349691
4/25/24 17:00,0.02982297,0.02853274
4/25/24 18:00,0,0
4/25/24 19:00,0,0
4/25/24 20:00,0,0
4/25/24 21:00,0,0
4/25/24 22:00,0,0
4/25/24 23:00,0,0
4/26/24 0:00,0,0
4/26/24 1:00,0,0
4/26/24 2:00,0,0
4/26/24 3:00,0,0
4/26/24 4:00,0,0
4/26/24 5:00,0.05066579,0.03004043
4/26/24 6:00,0.2377481,0.20338
4/26/24 7:00,0.442415,0.4129795
4/26/24 8:00,0.5577083,0.5416017
4/26/24 9:00,0.7944139,0.7862687
4/26/24 10:00,1.050941,1.052234
4/26/24 11:00,1.064557,1.069402
4/26/24 12:00,1.024022,1.026174
4/26/24 13:00,0.9048636,0.8985206
4/26/24 14:00,0.7667077,0.7467578
4/26/24 15:00,0.6075574,0.5675684
4/26/24 16:00,0.2791785,0.2421895
4/26/24 17:00,0.08881772,0.04450988
4/26/24 18:00,0,0
4/26/24 19:00,0,0
4/26/24 20:00,0,0
4/26/24 21:00,0,0
4/26/24 22:00,0,0
4/26/24 23:00,0,0
4/27/24 0:00,0,0
4/27/24 1:00,0,0
4/27/24 2:00,0,0
4/27/24 3:00,0,0
4/27/24 4:00,0,0
4/27/24 5:00,0.03988608,0.03307002
4/27/24 6:00,0.1270084,0.1218011
4/27/24 7:00,0.1588423,0.1541252
4/27/24 8:00,0.2579455,0.2506476
4/27/24 9:00,0.5214572,0.5105811
4/27/24 10:00,0.4658759,0.4552115
4/27/24 11:00,0.3879041,0.3778563
4/27/24 12:00,0.5533579,0.5430969
4/27/24 13:00,0.4960044,0.4852785
4/27/24 14:00,0.3946839,0.3839785
4/27/24 15:00,0.4475433,0.421592
4/27/24 16:00,0.2741806,0.2379705
4/27/24 17:00,0.1011043,0.03910633
4/27/24 18:00,2.5846E-06,0
4/27/24 19:00,0,0
4/27/24 20:00,0,0
4/27/24 21:00,0,0
4/27/24 22:00,0,0
4/27/24 23:00,0,0
4/28/24 0:00,0,0
4/28/24 1:00,0,0
4/28/24 2:00,0,0
4/28/24 3:00,0,0
4/28/24 4:00,0,0
4/28/24 5:00,0.03681087,0.03243299
4/28/24 6:00,0.2226974,0.1940307
4/28/24 7:00,0.2155115,0.2086526
4/28/24 8:00,0.1660689,0.1613188
4/28/24 9:00,0.6230521,0.6116192
4/28/24 10:00,0.8312327,0.8262027
4/28/24 11:00,0.9134017,0.9120386
4/28/24 12:00,1.047421,1.045125
4/28/24 13:00,0.9107013,0.9000295
4/28/24 14:00,0.7869722,0.7620981
4/28/24 15:00,0.6185847,0.5733681
4/28/24 16:00,0.3096615,0.2602243
4/28/24 17:00,0.08285688,0.04881403
4/28/24 18:00,1.11487E-05,0
4/28/24 19:00,0,0
4/28/24 20:00,0,0
4/28/24 21:00,0,0
4/28/24 22:00,0,0
4/28/24 23:00,0,0
4/29/24 0:00,0,0
4/29/24 1:00,0,0
4/29/24 2:00,0,0
4/29/24 3:00,0,0
4/29/24 4:00,0,0
4/29/24 5:00,0.0169862,0.01625436
4/29/24 6:00,0.1296539,0.1242133
4/29/24 7:00,0.2261962,0.2187673
4/29/24 8:00,0.6891456,0.6629161
4/29/24 9:00,0.5616191,0.5496135
4/29/24 10:00,0.7094019,0.700603
4/29/24 11:00,0.8167076,0.8114381
4/29/24 12:00,0.7222894,0.7139646
4/29/24 13:00,0.5627536,0.5510823
4/29/24 14:00,0.5575618,0.5402786
4/29/24 15:00,0.2470315,0.2389919
4/29/24 16:00,0.2258676,0.2045941
4/29/24 17:00,0.05929995,0.05055365
4/29/24 18:00,1.28987E-05,0
4/29/24 19:00,0,0
4/29/24 20:00,0,0
4/29/24 21:00,0,0
4/29/24 22:00,0,0
4/29/24 23:00,0,0
4/30/24 0:00,0,0
4/30/24 1:00,0,0
4/30/24 2:00,0,0
4/30/24 3:00,0,0
4/30/24 4:00,0,0
4/30/24 5:00,0.07728077,0.01482447
4/30/24 6:00,0.334558,0.2627738
4/30/24 7:00,0.4850335,0.4445989
4/30/24 8:00,0.6871589,0.6593381
4/30/24 9:00,0.8411663,0.8255444
4/30/24 10:00,1.006008,0.9985734
4/30/24 11:00,1.170733,1.16659
4/30/24 12:00,1.019284,1.012688
4/30/24 13:00,0.9624628,0.9468181
4/30/24 14:00,0.8389121,0.8077855
4/30/24 15:00,0.568871,0.5238625
4/30/24 16:00,0.3898937,0.3168341
4/30/24 17:00,0.106125,0.03831039
4/30/24 18:00,5.99674E-05,0
4/30/24 19:00,0,0
4/30/24 20:00,0,0
4/30/24 21:00,0,0
4/30/24 22:00,0,0
4/30/24 23:00,0,0
5/1/24 0:00,0,0
5/1/24 1:00,0,0
5/1/24 2:00,0,0
5/1/24 3:00,0,0
5/1/24 4:00,0,0
5/1/24 5:00,0.06026978,0.03334755
5/1/24 6:00,0.3385234,0.2644424
5/1/24 7:00,0.5905473,0.5358341
5/1/24 8:00,0.7455111,0.7128914
5/1/24 9:00,0.7866299,0.7701905
5/1/24 10:00,0.9373801,0.9281796
5/1/24 11:00,0.9974524,0.9914304
5/1/24 12:00,1.057454,1.048498
5/1/24 13:00,0.9096921,0.8928174
5/1/24 14:00,0.690892,0.6642653
5/1/24 15:00,0.5510623,0.506183
5/1/24 16:00,0.3308044,0.2705656
5/1/24 17:00,0.1284465,0.03465027
5/1/24 18:00,0.000129974,0
5/1/24 19:00,0,0
5/1/24 20:00,0,0
5/1/24 21:00,0,0
5/1/24 22:00,0,0
5/1/24 23:00,0,0
5/2/24 0:00,0,0
5/2/24 1:00,0,0
5/2/24 2:00,0,0
5/2/24 3:00,0,0
5/2/24 4:00,0,0
5/2/24 5:00,0.04992763,0.03843274
5/2/24 6:00,0.135383,0.1293766
5/2/24 7:00,0.2137776,0.2068496
5/2/24 8:00,0.504856,0.486315
5/2/24 9:00,0.7262281,0.7094929
5/2/24 10:00,0.9983817,0.9869378
5/2/24 11:00,0.7048609,0.6941586
5/2/24 12:00,0.8585749,0.8482305
5/2/24 13:00,0.7871467,0.7705645
5/2/24 14:00,0.7400144,0.709053
5/2/24 15:00,0.4927787,0.4542624
5/2/24 16:00,0.2802204,0.2377002
5/2/24 17:00,0.1162294,0.03532814
5/2/24 18:00,0.000219439,0
5/2/24 19:00,0,0
5/2/24 20:00,0,0
5/2/24 21:00,0,0
5/2/24 22:00,0,0
5/2/24 23:00,0,0
5/3/24 0:00,0,0
5/3/24 1:00,0,0
5/3/24 2:00,0,0
5/3/24 3:00,0,0
5/3/24 4:00,0,0
5/3/24 5:00,0.09501309,0.007803618
5/3/24 6:00,0.1637849,0.1533868
5/3/24 7:00,0.4081913,0.3779891
5/3/24 8:00,0.387054,0.3747958
5/3/24 9:00,0.3660888,0.3560709
5/3/24 10:00,0.4055714,0.3948886
5/3/24 11:00,0.2310079,0.2245193
5/3/24 12:00,0.5498716,0.5375759
5/3/24 13:00,0.5462948,0.5327917
5/3/24 14:00,0.6378419,0.6113888
5/3/24 15:00,0.4163934,0.3891297
5/3/24 16:00,0.2837512,0.2390534
5/3/24 17:00,0.09206221,0.04861308
5/3/24 18:00,0.000219997,0
5/3/24 19:00,0,0
5/3/24 20:00,0,0
5/3/24 21:00,0,0
5/3/24 22:00,0,0
5/3/24 23:00,0,0
5/4/24 0:00,0,0
5/4/24 1:00,0,0
5/4/24 2:00,0,0
5/4/24 3:00,0,0
5/4/24 4:00,0,0
5/4/24 5:00,0.08074018,0.02084904
5/4/24 6:00,0.239229,0.2028275
5/4/24 7:00,0.2515517,0.2422388
5/4/24 8:00,0.2870148,0.2785857
5/4/24 9:00,0.4527696,0.4406385
5/4/24 10:00,0.7397985,0.7263551
5/4/24 11:00,0.8137462,0.8020877
5/4/24 12:00,0.560961,0.5482795
5/4/24 13:00,0.2858647,0.2778201
5/4/24 14:00,0.2243772,0.2179076
5/4/24 15:00,0.1925941,0.1867045
5/4/24 16:00,0.226814,0.2037303
5/4/24 17:00,0.02290638,0.02201151
5/4/24 18:00,0.000249602,0
5/4/24 19:00,0,0
5/4/24 20:00,0,0
5/4/24 21:00,0,0
5/4/24 22:00,0,0
5/4/24 23:00,0,0
5/5/24 0:00,0,0
5/5/24 1:00,0,0
5/5/24 2:00,0,0
5/5/24 3:00,0,0
5/5/24 4:00,0,0
5/5/24 5:00,0.07087521,0.03299274
5/5/24 6:00,0.2761704,0.221863
5/5/24 7:00,0.3731403,0.3481992
5/5/24 8:00,0.5646324,0.5391647
5/5/24 9:00,0.4484591,0.4362419
5/5/24 10:00,0.3092797,0.3006493
5/5/24 11:00,0.6530268,0.6399891
5/5/24 12:00,0.2586618,0.2513885
5/5/24 13:00,0.62219,0.6058657
5/5/24 14:00,0.5558492,0.5331881
5/5/24 15:00,0.3874233,0.3635192
5/5/24 16:00,0.2797788,0.2353931
5/5/24 17:00,0.09655976,0.04801018
5/5/24 18:00,0.000400761,0
5/5/24 19:00,0,0
5/5/24 20:00,0,0
5/5/24 21:00,0,0
5/5/24 22:00,0,0
5/5/24 23:00,0,0
5/6/24 0:00,0,0
5/6/24 1:00,0,0
5/6/24 2:00,0,0
5/6/24 3:00,0,0
5/6/24 4:00,0,0
5/6/24 5:00,0.08343697,0.0227122
5/6/24 6:00,0.1717742,0.1597099
5/6/24 7:00,0.2567877,0.2469223
5/6/24 8:00,0.3588233,0.3474048
5/6/24 9:00,0.5634206,0.5476255
5/6/24 10:00,0.4707399,0.4586266
5/6/24 11:00,0.5534939,0.5405113
5/6/24 12:00,0.7630032,0.7477601
5/6/24 13:00,0.4304834,0.4186976
5/6/24 14:00,0.5567946,0.533217
5/6/24 15:00,0.4910958,0.4477983
5/6/24 16:00,0.2801159,0.2349768
5/6/24 17:00,0.07954434,0.05610832
5/6/24 18:00,0.000198921,0
5/6/24 19:00,0,0
5/6/24 20:00,0,0
5/6/24 21:00,0,0
5/6/24 22:00,0,0
5/6/24 23:00,0,0
5/7/24 0:00,0,0
5/7/24 1:00,0,0
5/7/24 2:00,0,0
5/7/24 3:00,0,0
5/7/24 4:00,0,0
5/7/24 5:00,0.08166853,0.02681547
5/7/24 6:00,0.06796546,0.06578366
5/7/24 7:00,0.4058661,0.3735237
5/7/24 8:00,0.6586906,0.6224309
5/7/24 9:00,0.7075168,0.6854869
5/7/24 10:00,0.5413088,0.5278493
5/7/24 11:00,0.5593835,0.5460697
5/7/24 12:00,0.5124322,0.4995055
5/7/24 13:00,0.6014673,0.5844421
5/7/24 14:00,0.4739029,0.4561173
5/7/24 15:00,0.5448361,0.4911293
5/7/24 16:00,0.3645015,0.2857659
5/7/24 17:00,0.1271009,0.03403344
5/7/24 18:00,0.000636482,0
5/7/24 19:00,0,0
5/7/24 20:00,0,0
5/7/24 21:00,0,0
5/7/24 22:00,0,0
5/7/24 23:00,0,0
5/8/24 0:00,0,0
5/8/24 1:00,0,0
5/8/24 2:00,0,0
5/8/24 3:00,0,0
5/8/24 4:00,0,0
5/8/24 5:00,0.0312356,0.02963032
5/8/24 6:00,0.1110259,0.1070576
5/8/24 7:00,0.1631195,0.1581313
5/8/24 8:00,0.1053205,0.1022664
5/8/24 9:00,0.06047602,0.05872989
5/8/24 10:00,0.01656849,0.01608688
5/8/24 11:00,0.06365106,0.0618172
5/8/24 12:00,0.06270907,0.0609016
5/8/24 13:00,0.3324456,0.3230612
5/8/24 14:00,0.1543736,0.1498995
5/8/24 15:00,0.2146096,0.2077091
5/8/24 16:00,0.1080303,0.1044074
5/8/24 17:00,0.07620456,0.05775158
5/8/24 18:00,0.000588481,0
5/8/24 19:00,0,0
5/8/24 20:00,0,0
5/8/24 21:00,0,0
5/8/24 22:00,0,0
5/8/24 23:00,0,0
5/9/24 0:00,0,0
5/9/24 1:00,0,0
5/9/24 2:00,0,0
5/9/24 3:00,0,0
5/9/24 4:00,0,0
5/9/24 5:00,0.05509286,0.04441712
5/9/24 6:00,0.1904193,0.1733437
5/9/24 7:00,0.4772821,0.4279516
5/9/24 8:00,0.694073,0.6518306
5/9/24 9:00,0.6955274,0.6719978
5/9/24 10:00,0.7193661,0.7016383
5/9/24 11:00,1.060771,1.038919
5/9/24 12:00,1.022562,0.9982513
5/9/24 13:00,0.9481965,0.914869
5/9/24 14:00,0.846679,0.7965593
5/9/24 15:00,0.6416537,0.5723176
5/9/24 16:00,0.3449992,0.2701311
5/9/24 17:00,0.1192327,0.03830506
5/9/24 18:00,0.000796552,0
5/9/24 19:00,0,0
5/9/24 20:00,0,0
5/9/24 21:00,0,0
5/9/24 22:00,0,0
5/9/24 23:00,0,0
5/10/24 0:00,0,0
5/10/24 1:00,0,0
5/10/24 2:00,0,0
5/10/24 3:00,0,0
5/10/24 4:00,0,0
5/10/24 5:00,0.08298726,0.03185786
5/10/24 6:00,0.2144444,0.1886599
5/10/24 7:00,0.4364342,0.3953673
5/10/24 8:00,0.7670787,0.7173238
5/10/24 9:00,0.8872153,0.8527972
5/10/24 10:00,0.9307343,0.9063135
5/10/24 11:00,0.8288871,0.8101091
5/10/24 12:00,0.9735059,0.9486904
5/10/24 13:00,0.8564095,0.8251022
5/10/24 14:00,0.69701,0.6561241
5/10/24 15:00,0.4748159,0.4304117
5/10/24 16:00,0.2299563,0.2045272
5/10/24 17:00,0.08046048,0.05887457
5/10/24 18:00,0.000627593,0
5/10/24 19:00,0,0
5/10/24 20:00,0,0
5/10/24 21:00,0,0
5/10/24 22:00,0,0
5/10/24 23:00,0,0
5/11/24 0:00,0,0
5/11/24 1:00,0,0
5/11/24 2:00,0,0
5/11/24 3:00,0,0
5/11/24 4:00,2.79746E-06,0
5/11/24 5:00,0.09666823,0.01991831
5/11/24 6:00,0.2927126,0.2275904
5/11/24 7:00,0.5372551,0.4737704
5/11/24 8:00,0.7698516,0.7182668
5/11/24 9:00,1.006237,0.9650105
5/11/24 10:00,1.06741,1.037439
5/11/24 11:00,0.9348459,0.9124593
5/11/24 12:00,1.053312,1.024614
5/11/24 13:00,0.9257531,0.8897818
5/11/24 14:00,0.7209632,0.6764831
5/11/24 15:00,0.5451226,0.4857947
5/11/24 16:00,0.318715,0.2527878
5/11/24 17:00,0.09409668,0.05574037
5/11/24 18:00,0.001216902,0
5/11/24 19:00,0,0
5/11/24 20:00,0,0
5/11/24 21:00,0,0
5/11/24 22:00,0,0
5/11/24 23:00,0,0
5/12/24 0:00,0,0
5/12/24 1:00,0,0
5/12/24 2:00,0,0
5/12/24 3:00,0,0
5/12/24 4:00,9.89659E-06,0
5/12/24 5:00,0.01056329,0.0101919
5/12/24 6:00,0.1478482,0.1403759
5/12/24 7:00,0.1673553,0.1621786
5/12/24 8:00,0.2828278,0.2742397
5/12/24 9:00,0.4784173,0.4638157
5/12/24 10:00,0.4291546,0.4172871
5/12/24 11:00,0.6399739,0.623584
5/12/24 12:00,0.3804682,0.3698555
5/12/24 13:00,0.2107356,0.2046899
5/12/24 14:00,0.07412072,0.07196918
5/12/24 15:00,0.08664538,0.08407523
5/12/24 16:00,0.2135463,0.1935902
5/12/24 17:00,0.06125268,0.0548357
5/12/24 18:00,0.000322203,0
5/12/24 19:00,0,0
5/12/24 20:00,0,0
5/12/24 21:00,0,0
5/12/24 22:00,0,0
5/12/24 23:00,0,0
5/13/24 0:00,0,0
5/13/24 1:00,0,0
5/13/24 2:00,0,0
5/13/24 3:00,0,0
5/13/24 4:00,6.76765E-05,0
5/13/24 5:00,0.09800521,0.0223042
5/13/24 6:00,0.2694046,0.2159781
5/13/24 7:00,0.3640102,0.3376849
5/13/24 8:00,0.5298306,0.5019709
5/13/24 9:00,0.8435149,0.8067145
5/13/24 10:00,0.8770902,0.8501527
5/13/24 11:00,1.079649,1.050269
5/13/24 12:00,0.9370921,0.908703
5/13/24 13:00,0.6184853,0.597075
5/13/24 14:00,0.6259027,0.5889025
5/13/24 15:00,0.3939592,0.3648585
5/13/24 16:00,0.1947498,0.1801441
5/13/24 17:00,0.04803553,0.04533986
5/13/24 18:00,0.000742482,0
5/13/24 19:00,0,0
5/13/24 20:00,0,0
5/13/24 21:00,0,0
5/13/24 22:00,0,0
5/13/24 23:00,0,0
5/14/24 0:00,0,0
5/14/24 1:00,0,0
5/14/24 2:00,0,0
5/14/24 3:00,0,0
5/14/24 4:00,7.33391E-05,0
5/14/24 5:00,0.06226685,0.04841849
5/14/24 6:00,0.2451664,0.2046424
5/14/24 7:00,0.5266533,0.4615008
5/14/24 8:00,0.6079201,0.5693909
5/14/24 9:00,0.8115117,0.7753035
5/14/24 10:00,1.089129,1.053131
5/14/24 11:00,0.7712877,0.750073
5/14/24 12:00,0.7775627,0.7540594
5/14/24 13:00,0.8690595,0.8311269
5/14/24 14:00,0.7889044,0.7342409
5/14/24 15:00,0.5177008,0.4601413
5/14/24 16:00,0.2463372,0.213663
5/14/24 17:00,0.07681422,0.06125443
5/14/24 18:00,0.001181094,0
5/14/24 19:00,0,0
5/14/24 20:00,0,0
5/14/24 21:00,0,0
5/14/24 22:00,0,0
5/14/24 23:00,0,0
5/15/24 0:00,0,0
5/15/24 1:00,0,0
5/15/24 2:00,0,0
5/15/24 3:00,0,0
5/15/24 4:00,0.000105999,0
5/15/24 5:00,0.02224338,0.02130349
5/15/24 6:00,0.04200019,0.0406992
5/15/24 7:00,0.1641109,0.1590182
5/15/24 8:00,0.2417248,0.2345221
5/15/24 9:00,0.3336509,0.3239573
5/15/24 10:00,0.3318351,0.3224143
5/15/24 11:00,0.2941775,0.2858263
5/15/24 12:00,0.1985883,0.19291
5/15/24 13:00,0.1184422,0.1150263
5/15/24 14:00,0.09616578,0.09336736
5/15/24 15:00,0.1198605,0.1162502
5/15/24 16:00,0.1063679,0.1027707
5/15/24 17:00,0.02475576,0.0237925
5/15/24 18:00,0.000390172,0
5/15/24 19:00,0,0
5/15/24 20:00,0,0
5/15/24 21:00,0,0
5/15/24 22:00,0,0
5/15/24 23:00,0,0
5/16/24 0:00,0,0
5/16/24 1:00,0,0
5/16/24 2:00,0,0
5/16/24 3:00,0,0
5/16/24 4:00,0.000267836,0
5/16/24 5:00,0.1209323,0.009489245
5/16/24 6:00,0.2720765,0.216314
5/16/24 7:00,0.3588521,0.3326509
5/16/24 8:00,0.2123474,0.206067
5/16/24 9:00,0.2018065,0.1959818
5/16/24 10:00,0.300653,0.2920797
5/16/24 11:00,0.2382135,0.2314224
5/16/24 12:00,0.3768849,0.366215
5/16/24 13:00,0.4778706,0.4628127
5/16/24 14:00,0.2886913,0.279868
5/16/24 15:00,0.3630452,0.3390354
5/16/24 16:00,0.3001649,0.2405256
5/16/24 17:00,0.04838905,0.04577376
5/16/24 18:00,0.000702629,0
5/16/24 19:00,0,0
5/16/24 20:00,0,0
5/16/24 21:00,0,0
5/16/24 22:00,0,0
5/16/24 23:00,0,0
5/17/24 0:00,0,0
5/17/24 1:00,0,0
5/17/24 2:00,0,0
5/17/24 3:00,0,0
5/17/24 4:00,7.27117E-05,0
5/17/24 5:00,0.02408615,0.02304799
5/17/24 6:00,0.1013786,0.09786802
5/17/24 7:00,0.2493681,0.2394587
5/17/24 8:00,0.2590693,0.2512336
5/17/24 9:00,0.680249,0.650734
5/17/24 10:00,0.2823283,0.2742582
5/17/24 11:00,0.4341255,0.4219449
5/17/24 12:00,0.580534,0.5633019
5/17/24 13:00,0.883893,0.840879
5/17/24 14:00,0.6385978,0.596165
5/17/24 15:00,0.3352363,0.3159218
5/17/24 16:00,0.130197,0.1253095
5/17/24 17:00,0.03300081,0.03160025
5/17/24 18:00,0.000606213,0
5/17/24 19:00,0,0
5/17/24 20:00,0,0
5/17/24 21:00,0,0
5/17/24 22:00,0,0
5/17/24 23:00,0,0
5/18/24 0:00,0,0
5/18/24 1:00,0,0
5/18/24 2:00,0,0
5/18/24 3:00,0,0
5/18/24 4:00,0.000302867,0
5/18/24 5:00,0.04710957,0.04340446
5/18/24 6:00,0.1815696,0.1671174
5/18/24 7:00,0.3918183,0.3571711
5/18/24 8:00,0.6033995,0.5619478
5/18/24 9:00,0.5625382,0.5415468
5/18/24 10:00,0.5789801,0.5613073
5/18/24 11:00,0.5939547,0.5767584
5/18/24 12:00,0.4178875,0.4059605
5/18/24 13:00,0.4110459,0.3985952
5/18/24 14:00,0.5880837,0.5516948
5/18/24 15:00,0.3499053,0.3278664
5/18/24 16:00,0.1741922,0.1640156
5/18/24 17:00,0.03000433,0.02877688
5/18/24 18:00,0.000738105,0
5/18/24 19:00,0,0
5/18/24 20:00,0,0
5/18/24 21:00,0,0
5/18/24 22:00,0,0
5/18/24 23:00,0,0
5/19/24 0:00,0,0
5/19/24 1:00,0,0
5/19/24 2:00,0,0
5/19/24 3:00,0,0
5/19/24 4:00,0.000463873,0
5/19/24 5:00,0.1011878,0.02857153
5/19/24 6:00,0.2107987,0.1861954
5/19/24 7:00,0.3134981,0.2953314
5/19/24 8:00,0.6309392,0.5845512
5/19/24 9:00,0.7229505,0.6881342
5/19/24 10:00,1.051154,1.008555
5/19/24 11:00,0.8646442,0.8349347
5/19/24 12:00,0.6112561,0.5920972
5/19/24 13:00,0.6348494,0.6089028
5/19/24 14:00,0.3744904,0.361067
5/19/24 15:00,0.3217743,0.304274
5/19/24 16:00,0.2860096,0.2329856
5/19/24 17:00,0.09538893,0.06332733
5/19/24 18:00,0.001438731,0
5/19/24 19:00,0,0
5/19/24 20:00,0,0
5/19/24 21:00,0,0
5/19/24 22:00,0,0
5/19/24 23:00,0,0
5/20/24 0:00,0,0
5/20/24 1:00,0,0
5/20/24 2:00,0,0
5/20/24 3:00,0,0
5/20/24 4:00,0.0004623,0
5/20/24 5:00,0.04117969,0.03881159
5/20/24 6:00,0.155808,0.1470949
5/20/24 7:00,0.2859325,0.2717896
5/20/24 8:00,0.3547155,0.3420137
5/20/24 9:00,0.2510201,0.2437304
5/20/24 10:00,0.5757348,0.5576445
5/20/24 11:00,0.7274835,0.7037927
5/20/24 12:00,0.6541706,0.6325175
5/20/24 13:00,0.7489615,0.7126412
5/20/24 14:00,0.4426102,0.4233782
5/20/24 15:00,0.1712319,0.165908
5/20/24 16:00,0.2263382,0.2015364
5/20/24 17:00,0.08074308,0.06505077
5/20/24 18:00,0.002080597,0
5/20/24 19:00,0,0
5/20/24 20:00,0,0
5/20/24 21:00,0,0
5/20/24 22:00,0,0
5/20/24 23:00,0,0
5/21/24 0:00,0,0
5/21/24 1:00,0,0
5/21/24 2:00,0,0
5/21/24 3:00,0,0
5/21/24 4:00,0.000446075,0
5/21/24 5:00,0.07629307,0.05094887
5/21/24 6:00,0.2381422,0.200361
5/21/24 7:00,0.4610177,0.4056309
5/21/24 8:00,0.5461487,0.5112892
5/21/24 9:00,0.897836,0.8466298
5/21/24 10:00,0.8333223,0.7996099
5/21/24 11:00,0.8670734,0.835254
5/21/24 12:00,0.7561122,0.728007
5/21/24 13:00,0.675157,0.6446285
5/21/24 14:00,0.6979862,0.6438006
5/21/24 15:00,0.6162472,0.5328572
5/21/24 16:00,0.3776117,0.2798779
5/21/24 17:00,0.09128612,0.06595738
5/21/24 18:00,0.003773481,0
5/21/24 19:00,0,0
5/21/24 20:00,0,0
5/21/24 21:00,0,0
5/21/24 22:00,0,0
5/21/24 23:00,0,0
5/22/24 0:00,0,0
5/22/24 1:00,0,0
5/22/24 2:00,0,0
5/22/24 3:00,0,0
5/22/24 4:00,0.000853764,0
5/22/24 5:00,0.09200051,0.04140491
5/22/24 6:00,0.1936754,0.1753853
5/22/24 7:00,0.2513683,0.2410232
5/22/24 8:00,0.2665489,0.2583323
5/22/24 9:00,0.4790108,0.4624633
5/22/24 10:00,0.7817194,0.7505276
5/22/24 11:00,0.713316,0.6892367
5/22/24 12:00,0.6510381,0.6287116
5/22/24 13:00,0.6093115,0.5839981
5/22/24 14:00,0.3857016,0.3711627
5/22/24 15:00,0.2734834,0.261851
5/22/24 16:00,0.1896756,0.1762943
5/22/24 17:00,0.07648964,0.0648265
5/22/24 18:00,0.001909332,0
5/22/24 19:00,0,0
5/22/24 20:00,0,0
5/22/24 21:00,0,0
5/22/24 22:00,0,0
5/22/24 23:00,0,0
5/23/24 0:00,0,0
5/23/24 1:00,0,0
5/23/24 2:00,0,0
5/23/24 3:00,0,0
5/23/24 4:00,0.000559158,0
5/23/24 5:00,0.01763399,0.01695783
5/23/24 6:00,0.08380901,0.08098174
5/23/24 7:00,0.1660887,0.160855
5/23/24 8:00,0.1957524,0.1899233
5/23/24 9:00,0.2218274,0.2153729
5/23/24 10:00,0.1086558,0.1055199
5/23/24 11:00,0.145597,0.1414074
5/23/24 12:00,0.1110753,0.1078707
5/23/24 13:00,0.2719517,0.2640293
5/23/24 14:00,0.308745,0.2988389
5/23/24 15:00,0.1777754,0.1721939
5/23/24 16:00,0.04537937,0.0439762
5/23/24 17:00,0.04309272,0.04110796
5/23/24 18:00,0.001993594,0
5/23/24 19:00,0,0
5/23/24 20:00,0,0
5/23/24 21:00,0,0
5/23/24 22:00,0,0
5/23/24 23:00,0,0
5/24/24 0:00,0,0
5/24/24 1:00,0,0
5/24/24 2:00,0,0
5/24/24 3:00,0,0
5/24/24 4:00,0.000601502,0
5/24/24 5:00,0.1182025,0.01775866
5/24/24 6:00,0.3722768,0.262522
5/24/24 7:00,0.5669844,0.482417
5/24/24 8:00,0.7376519,0.6714169
5/24/24 9:00,0.6722874,0.6386243
5/24/24 10:00,0.9549894,0.9105248
5/24/24 11:00,0.9712849,0.9306554
5/24/24 12:00,0.7493924,0.7197374
5/24/24 13:00,0.7594578,0.7187913
5/24/24 14:00,0.6188869,0.5738109
5/24/24 15:00,0.4138632,0.3759778
5/24/24 16:00,0.2357675,0.2072295
5/24/24 17:00,0.08277236,0.06747511
5/24/24 18:00,0.004009769,0
5/24/24 19:00,0,0
5/24/24 20:00,0,0
5/24/24 21:00,0,0
5/24/24 22:00,0,0
5/24/24 23:00,0,0
5/25/24 0:00,0,0
5/25/24 1:00,0,0
5/25/24 2:00,0,0
5/25/24 3:00,0,0
5/25/24 4:00,0.000711714,0
5/25/24 5:00,0.1061323,0.03016985
5/25/24 6:00,0.3110358,0.2286466
5/25/24 7:00,0.5523909,0.4698016
5/25/24 8:00,0.8249933,0.7484235
5/25/24 9:00,0.9555715,0.8954893
5/25/24 10:00,1.039895,0.9896795
5/25/24 11:00,0.9893296,0.9466329
5/25/24 12:00,1.034592,0.985761
5/25/24 13:00,0.9724725,0.9137045
5/25/24 14:00,0.8361249,0.7626621
5/25/24 15:00,0.6377631,0.5467914
5/25/24 16:00,0.4033349,0.2944121
5/25/24 17:00,0.1473788,0.04136252
5/25/24 18:00,0.004383861,0
5/25/24 19:00,0,0
5/25/24 20:00,0,0
5/25/24 21:00,0,0
5/25/24 22:00,0,0
5/25/24 23:00,0,0
5/26/24 0:00,0,0
5/26/24 1:00,0,0
5/26/24 2:00,0,0
5/26/24 3:00,0,0
5/26/24 4:00,0.000910486,0
5/26/24 5:00,0.107101,0.03001129
5/26/24 6:00,0.3318628,0.2374284
5/26/24 7:00,0.5284208,0.4505006
5/26/24 8:00,0.8265852,0.7486202
5/26/24 9:00,0.849264,0.7960085
5/26/24 10:00,0.8854021,0.8433834
5/26/24 11:00,0.9888462,0.9450912
5/26/24 12:00,1.057164,1.006009
5/26/24 13:00,0.8576806,0.8061237
5/26/24 14:00,0.7204733,0.6586058
5/26/24 15:00,0.5655254,0.4864936
5/26/24 16:00,0.3123759,0.2437594
5/26/24 17:00,0.127278,0.0544627
5/26/24 18:00,0.004827871,0
5/26/24 19:00,0,0
5/26/24 20:00,0,0
5/26/24 21:00,0,0
5/26/24 22:00,0,0
5/26/24 23:00,0,0
5/27/24 0:00,0,0
5/27/24 1:00,0,0
5/27/24 2:00,0,0
5/27/24 3:00,0,0
5/27/24 4:00,0.000663357,0
5/27/24 5:00,0.07460016,0.05439362
5/27/24 6:00,0.2948081,0.2211847
5/27/24 7:00,0.4278001,0.3787496
5/27/24 8:00,0.6822367,0.6206046
5/27/24 9:00,0.8800878,0.8231521
5/27/24 10:00,0.8328468,0.7939177
5/27/24 11:00,0.8051661,0.7723511
5/27/24 12:00,0.7487047,0.7173281
5/27/24 13:00,0.5874732,0.5622655
5/27/24 14:00,0.4985147,0.4708552
5/27/24 15:00,0.6000817,0.5133719
5/27/24 16:00,0.3896132,0.2838279
5/27/24 17:00,0.09745949,0.06993242
5/27/24 18:00,0.003378331,0
5/27/24 19:00,0,0
5/27/24 20:00,0,0
5/27/24 21:00,0,0
5/27/24 22:00,0,0
5/27/24 23:00,0,0
5/28/24 0:00,0,0
5/28/24 1:00,0,0
5/28/24 2:00,0,0
5/28/24 3:00,0,0
5/28/24 4:00,0.000943278,0
5/28/24 5:00,0.1303106,0.01192014
5/28/24 6:00,0.2918551,0.2196257
5/28/24 7:00,0.5846558,0.4925668
5/28/24 8:00,0.649186,0.5921125
5/28/24 9:00,0.725027,0.6829093
5/28/24 10:00,0.8982707,0.8534734
5/28/24 11:00,0.8111235,0.7772306
5/28/24 12:00,0.7805569,0.746078
5/28/24 13:00,0.7718064,0.7268602
5/28/24 14:00,0.7342567,0.668847
5/28/24 15:00,0.5192558,0.4502667
5/28/24 16:00,0.293722,0.2356843
5/28/24 17:00,0.1125296,0.0660488
5/28/24 18:00,0.00573665,0
5/28/24 19:00,0,0
5/28/24 20:00,0,0
5/28/24 21:00,0,0
5/28/24 22:00,0,0
5/28/24 23:00,0,0
5/29/24 0:00,0,0
5/29/24 1:00,0,0
5/29/24 2:00,0,0
5/29/24 3:00,0,0
5/29/24 4:00,0.000841958,0
5/29/24 5:00,0.07885487,0.05408105
5/29/24 6:00,0.2593259,0.2075011
5/29/24 7:00,0.5268906,0.4467494
5/29/24 8:00,0.6500199,0.5920206
5/29/24 9:00,0.9187548,0.8566967
5/29/24 10:00,0.654047,0.6283934
5/29/24 11:00,0.3936956,0.3822233
5/29/24 12:00,0.370015,0.3591877
5/29/24 13:00,0.6123052,0.5840811
5/29/24 14:00,0.5424519,0.5074963
5/29/24 15:00,0.3751718,0.3459556
5/29/24 16:00,0.274373,0.2272484
5/29/24 17:00,0.0333684,0.03200851
5/29/24 18:00,0.003011265,0
5/29/24 19:00,0,0
5/29/24 20:00,0,0
5/29/24 21:00,0,0
5/29/24 22:00,0,0
5/29/24 23:00,0,0
5/30/24 0:00,0,0
5/30/24 1:00,0,0
5/30/24 2:00,0,0
5/30/24 3:00,0,0
5/30/24 4:00,0.00085186,0
5/30/24 5:00,0.04920728,0.04570266
5/30/24 6:00,0.09819984,0.09475365
5/30/24 7:00,0.3831333,0.3463775
5/30/24 8:00,0.6496077,0.5909211
5/30/24 9:00,0.5770935,0.5507077
5/30/24 10:00,0.6325952,0.6082272
5/30/24 11:00,0.9388497,0.8943449
5/30/24 12:00,1.096014,1.038344
5/30/24 13:00,0.794853,0.7460521
5/30/24 14:00,0.4154129,0.3974177
5/30/24 15:00,0.4921443,0.4298993
5/30/24 16:00,0.3156024,0.2449547
5/30/24 17:00,0.1465972,0.04795383
5/30/24 18:00,0.007909025,0
5/30/24 19:00,0,0
5/30/24 20:00,0,0
5/30/24 21:00,0,0
5/30/24 22:00,0,0
5/30/24 23:00,0,0
5/31/24 0:00,0,0
5/31/24 1:00,0,0
5/31/24 2:00,0,0
5/31/24 3:00,0,0
5/31/24 4:00,0.001264284,0
5/31/24 5:00,0.09123532,0.04805275
5/31/24 6:00,0.271145,0.2110809
5/31/24 7:00,0.4688826,0.404449
5/31/24 8:00,0.7261145,0.6543586
5/31/24 9:00,0.737954,0.6922864
5/31/24 10:00,0.6423104,0.6169075
5/31/24 11:00,0.8116883,0.7759186
5/31/24 12:00,1.026179,0.9714754
5/31/24 13:00,0.984085,0.9181885
5/31/24 14:00,0.7715755,0.6990516
5/31/24 15:00,0.5154199,0.4460737
5/31/24 16:00,0.4081832,0.2943427
5/31/24 17:00,0.170355,0.04169105
5/31/24 18:00,0.008036562,0
5/31/24 19:00,0,0
5/31/24 20:00,0,0
5/31/24 21:00,0,0
5/31/24 22:00,0,0
5/31/24 23:00,0,0
6/1/24 0:00,0,0
6/1/24 1:00,0,0
6/1/24 2:00,0,0
6/1/24 3:00,0,0
6/1/24 4:00,0.000825003,0
6/1/24 5:00,0.05306519,0.04855866
6/1/24 6:00,0.1798018,0.1652952
6/1/24 7:00,0.2779372,0.2638379
6/1/24 8:00,0.1271481,0.1233856
6/1/24 9:00,0.2016146,0.1957124
6/1/24 10:00,0.07589324,0.0736947
6/1/24 11:00,0.06912921,0.0671277
6/1/24 12:00,0.1757029,0.1706198
6/1/24 13:00,0.2978927,0.2890771
6/1/24 14:00,0.1258837,0.1221728
6/1/24 15:00,0.1218997,0.1181691
6/1/24 16:00,0.1354959,0.1302722
6/1/24 17:00,0.04718344,0.04501645
6/1/24 18:00,0.002419602,0
6/1/24 19:00,0,0
6/1/24 20:00,0,0
6/1/24 21:00,0,0
6/1/24 22:00,0,0
6/1/24 23:00,0,0
6/2/24 0:00,0,0
6/2/24 1:00,0,0
6/2/24 2:00,0,0
6/2/24 3:00,0,0
6/2/24 4:00,0.001258454,0
6/2/24 5:00,0.01007592,0.009734445
6/2/24 6:00,0.04301116,0.04166008
6/2/24 7:00,0.112905,0.1094285
6/2/24 8:00,0.2335528,0.2264194
6/2/24 9:00,0.08509666,0.08262245
6/2/24 10:00,0.1716697,0.1666979
6/2/24 11:00,0.1535144,0.1490792
6/2/24 12:00,0.2234631,0.2169896
6/2/24 13:00,0.07708023,0.07484125
6/2/24 14:00,0.04801843,0.04661715
6/2/24 15:00,0.03505742,0.03402586
6/2/24 16:00,0.04601841,0.0445906
6/2/24 17:00,0.03037974,0.02919321
6/2/24 18:00,0.001564382,0
6/2/24 19:00,0,0
6/2/24 20:00,0,0
6/2/24 21:00,0,0
6/2/24 22:00,0,0
6/2/24 23:00,0,0
6/3/24 0:00,0,0
6/3/24 1:00,0,0
6/3/24 2:00,0,0
6/3/24 3:00,0,0
6/3/24 4:00,0.001002159,0
6/3/24 5:00,0.02295903,0.02202086
6/3/24 6:00,0.05492525,0.05315705
6/3/24 7:00,0.1561019,0.1511507
6/3/24 8:00,0.105594,0.1024797
6/3/24 9:00,0.1470002,0.142711
6/3/24 10:00,0.2421126,0.2350828
6/3/24 11:00,0.1193794,0.1159279
6/3/24 12:00,0.2720682,0.264169
6/3/24 13:00,0.2492686,0.24195
6/3/24 14:00,0.1612924,0.1565017
6/3/24 15:00,0.2074891,0.2005618
6/3/24 16:00,0.1506111,0.1440677
6/3/24 17:00,0.02659533,0.0255964
6/3/24 18:00,0.000894164,0
6/3/24 19:00,0,0
6/3/24 20:00,0,0
6/3/24 21:00,0,0
6/3/24 22:00,0,0
6/3/24 23:00,0,0
6/4/24 0:00,0,0
6/4/24 1:00,0,0
6/4/24 2:00,0,0
6/4/24 3:00,0,0
6/4/24 4:00,0.000867061,0
6/4/24 5:00,0.01802365,0.0173376
6/4/24 6:00,0.05541568,0.05362843
6/4/24 7:00,0.08620926,0.08359418
6/4/24 8:00,0.01351938,0.01312503
6/4/24 9:00,0.1668487,0.1619707
6/4/24 10:00,0.3814696,0.370081
6/4/24 11:00,0.3825985,0.3713581
6/4/24 12:00,0.2905564,0.2821061
6/4/24 13:00,0.4028824,0.3898354
6/4/24 14:00,0.1844299,0.1789223
6/4/24 15:00,0.0876755,0.08503584
6/4/24 16:00,0.05890375,0.05703817
6/4/24 17:00,0.03658997,0.03508524
6/4/24 18:00,0.003016899,0
6/4/24 19:00,0,0
6/4/24 20:00,0,0
6/4/24 21:00,0,0
6/4/24 22:00,0,0
6/4/24 23:00,0,0
6/5/24 0:00,0,0
6/5/24 1:00,0,0
6/5/24 2:00,0,0
6/5/24 3:00,0,0
6/5/24 4:00,0.00162239,0
6/5/24 5:00,0.09195607,0.0485571
6/5/24 6:00,0.3391339,0.2339586
6/5/24 7:00,0.5120118,0.430827
6/5/24 8:00,0.5901629,0.5392071
6/5/24 9:00,0.5183499,0.4964193
6/5/24 10:00,0.4143005,0.4016457
6/5/24 11:00,0.6067948,0.5848987
6/5/24 12:00,0.5639147,0.5437041
6/5/24 13:00,0.5169525,0.4962859
6/5/24 14:00,0.6944953,0.6300708
6/5/24 15:00,0.5010294,0.4343424
6/5/24 16:00,0.3123796,0.2441414
6/5/24 17:00,0.1371128,0.06202159
6/5/24 18:00,0.006795264,0
6/5/24 19:00,0,0
6/5/24 20:00,0,0
6/5/24 21:00,0,0
6/5/24 22:00,0,0
6/5/24 23:00,0,0
6/6/24 0:00,0,0
6/6/24 1:00,0,0
6/6/24 2:00,0,0
6/6/24 3:00,0,0
6/6/24 4:00,0.000849712,0
6/6/24 5:00,0.04578704,0.04303079
6/6/24 6:00,0.1170514,0.1125658
6/6/24 7:00,0.129989,0.1259279
6/6/24 8:00,0.1533466,0.1487686
6/6/24 9:00,0.3871232,0.3744864
6/6/24 10:00,0.5973412,0.5740587
6/6/24 11:00,0.6626067,0.6365341
6/6/24 12:00,0.8669933,0.8198581
6/6/24 13:00,0.8647677,0.8042785
6/6/24 14:00,0.5747554,0.5319158
6/6/24 15:00,0.3118489,0.2947819
6/6/24 16:00,0.152585,0.1458885
6/6/24 17:00,0.05456096,0.05189369
6/6/24 18:00,0.000946557,0
6/6/24 19:00,0,0
6/6/24 20:00,0,0
6/6/24 21:00,0,0
6/6/24 22:00,0,0
6/6/24 23:00,0,0
6/7/24 0:00,0,0
6/7/24 1:00,0,0
6/7/24 2:00,0,0
6/7/24 3:00,0,0
6/7/24 4:00,0.001192931,0
6/7/24 5:00,0.05804249,0.05174227
6/7/24 6:00,0.1405116,0.1337531
6/7/24 7:00,0.3285934,0.3043554
6/7/24 8:00,0.256707,0.2486435
6/7/24 9:00,0.2931274,0.2843593
6/7/24 10:00,0.295637,0.2870025
6/7/24 11:00,0.1265765,0.1229139
6/7/24 12:00,0.2272191,0.2206203
6/7/24 13:00,0.2681881,0.2602747
6/7/24 14:00,0.1764471,0.1711801
6/7/24 15:00,0.07472163,0.07248449
6/7/24 16:00,0.02678438,0.02597671
6/7/24 17:00,0.0127625,0.01234496
6/7/24 18:00,0.001705937,0
6/7/24 19:00,0,0
6/7/24 20:00,0,0
6/7/24 21:00,0,0
6/7/24 22:00,0,0
6/7/24 23:00,0,0
6/8/24 0:00,0,0
6/8/24 1:00,0,0
6/8/24 2:00,0,0
6/8/24 3:00,0,0
6/8/24 4:00,0.00092086,0
6/8/24 5:00,0.002972072,0.002881482
6/8/24 6:00,0.009197656,0.008925499
6/8/24 7:00,0.02697872,0.02618455
6/8/24 8:00,0.05469342,0.0530923
6/8/24 9:00,0.1235782,0.1199723
6/8/24 10:00,0.09920425,0.09632803
6/8/24 11:00,0.4260468,0.4131892
6/8/24 12:00,0.2977212,0.2890363
6/8/24 13:00,0.177245,0.1720627
6/8/24 14:00,0.274195,0.2655906
6/8/24 15:00,0.125989,0.1221144
6/8/24 16:00,0.1205261,0.1162516
6/8/24 17:00,0.07289793,0.06692255
6/8/24 18:00,0.003084143,0
6/8/24 19:00,0,0
6/8/24 20:00,0,0
6/8/24 21:00,0,0
6/8/24 22:00,0,0
6/8/24 23:00,0,0
6/9/24 0:00,0,0
6/9/24 1:00,0,0
6/9/24 2:00,0,0
6/9/24 3:00,0,0
6/9/24 4:00,0.001315816,0
6/9/24 5:00,0.0494213,0.04595401
6/9/24 6:00,0.1717612,0.1588854
6/9/24 7:00,0.1785935,0.1727283
6/9/24 8:00,0.1800117,0.1745901
6/9/24 9:00,0.1495151,0.1451418
6/9/24 10:00,0.5355278,0.516331
6/9/24 11:00,0.3141323,0.3049875
6/9/24 12:00,0.2619674,0.2543412
6/9/24 13:00,0.4933416,0.4742832
6/9/24 14:00,0.6954375,0.6293884
6/9/24 15:00,0.3795263,0.3485608
6/9/24 16:00,0.06700994,0.06485999
6/9/24 17:00,0.01718815,0.01660435
6/9/24 18:00,0.000396068,0
6/9/24 19:00,0,0
6/9/24 20:00,0,0
6/9/24 21:00,0,0
6/9/24 22:00,0,0
6/9/24 23:00,0,0
6/10/24 0:00,0,0
6/10/24 1:00,0,0
6/10/24 2:00,0,0
6/10/24 3:00,0,0
6/10/24 4:00,0.000743707,0
6/10/24 5:00,0.02815528,0.02691793
6/10/24 6:00,0.06267359,0.06061026
6/10/24 7:00,0.03629706,0.03522361
6/10/24 8:00,0.08090071,0.07852078
6/10/24 9:00,0.3729693,0.3609215
6/10/24 10:00,0.4661697,0.4509757
6/10/24 11:00,0.6970987,0.6673794
6/10/24 12:00,0.6157776,0.591141
6/10/24 13:00,0.5919175,0.5632735
6/10/24 14:00,0.5738384,0.5304686
6/10/24 15:00,0.3934551,0.3588686
6/10/24 16:00,0.2723192,0.228231
6/10/24 17:00,0.1002541,0.07909253
6/10/24 18:00,0.00783761,0
6/10/24 19:00,0,0
6/10/24 20:00,0,0
6/10/24 21:00,0,0
6/10/24 22:00,0,0
6/10/24 23:00,0,0
6/11/24 0:00,0,0
6/11/24 1:00,0,0
6/11/24 2:00,0,0
6/11/24 3:00,0,0
6/11/24 4:00,0.001209051,0
6/11/24 5:00,0.03614011,0.03436937
6/11/24 6:00,0.107145,0.1032109
6/11/24 7:00,0.2301632,0.2210067
6/11/24 8:00,0.2964785,0.2864225
6/11/24 9:00,0.3065925,0.2973197
6/11/24 10:00,0.3357931,0.325875
6/11/24 11:00,0.2100173,0.2039285
6/11/24 12:00,0.2948636,0.2862527
6/11/24 13:00,0.2649749,0.2571467
6/11/24 14:00,0.217825,0.2112487
6/11/24 15:00,0.1169144,0.1133351
6/11/24 16:00,0.115563,0.1115347
6/11/24 17:00,0.01947361,0.01880082
6/11/24 18:00,0.002288217,0
6/11/24 19:00,0,0
6/11/24 20:00,0,0
6/11/24 21:00,0,0
6/11/24 22:00,0,0
6/11/24 23:00,0,0
6/12/24 0:00,0,0
6/12/24 1:00,0,0
6/12/24 2:00,0,0
6/12/24 3:00,0,0
6/12/24 4:00,0.001586497,0
6/12/24 5:00,0.1296691,0.01340534
6/12/24 6:00,0.3354804,0.2277288
6/12/24 7:00,0.5506904,0.454477
6/12/24 8:00,0.7978213,0.7082561
6/12/24 9:00,1.024673,0.9427792
6/12/24 10:00,1.077211,1.009079
6/12/24 11:00,0.9737822,0.9186789
6/12/24 12:00,1.028364,0.9656726
6/12/24 13:00,0.7941782,0.7393665
6/12/24 14:00,0.5775242,0.5332223
6/12/24 15:00,0.5925226,0.4998597
6/12/24 16:00,0.4086697,0.2925026
6/12/24 17:00,0.1830463,0.0512932
6/12/24 18:00,0.01062618,0
6/12/24 19:00,0,0
6/12/24 20:00,0,0
6/12/24 21:00,0,0
6/12/24 22:00,0,0
6/12/24 23:00,0,0
6/13/24 0:00,0,0
6/13/24 1:00,0,0
6/13/24 2:00,0,0
6/13/24 3:00,0,0
6/13/24 4:00,0.001102483,0
6/13/24 5:00,0.1145079,0.02544588
6/13/24 6:00,0.2786816,0.2076722
6/13/24 7:00,0.4935172,0.4137056
6/13/24 8:00,0.480128,0.4486012
6/13/24 9:00,0.7068331,0.659242
6/13/24 10:00,0.9680977,0.9071606
6/13/24 11:00,0.9369506,0.8844272
6/13/24 12:00,0.9339204,0.8779827
6/13/24 13:00,0.8634787,0.8003479
6/13/24 14:00,0.752625,0.6764344
6/13/24 15:00,0.6139796,0.5166696
6/13/24 16:00,0.4245483,0.3031614
6/13/24 17:00,0.1598211,0.05935312
6/13/24 18:00,0.01142353,0
6/13/24 19:00,0,0
6/13/24 20:00,0,0
6/13/24 21:00,0,0
6/13/24 22:00,0,0
6/13/24 23:00,0,0
6/14/24 0:00,0,0
6/14/24 1:00,0,0
6/14/24 2:00,0,0
6/14/24 3:00,0,0
6/14/24 4:00,0.001191792,0
6/14/24 5:00,0.09477719,0.04470792
6/14/24 6:00,0.3475298,0.2322007
6/14/24 7:00,0.4487962,0.3843046
6/14/24 8:00,0.7496145,0.6651859
6/14/24 9:00,1.011901,0.9301429
6/14/24 10:00,1.069738,1.001249
6/14/24 11:00,1.111183,1.046292
6/14/24 12:00,1.083484,1.016455
6/14/24 13:00,0.7545115,0.7044214
6/14/24 14:00,0.6996989,0.6318667
6/14/24 15:00,0.4368464,0.3897685
6/14/24 16:00,0.3656613,0.2689503
6/14/24 17:00,0.1676925,0.05703554
6/14/24 18:00,0.009028106,0
6/14/24 19:00,0,0
6/14/24 20:00,0,0
6/14/24 21:00,0,0
6/14/24 22:00,0,0
6/14/24 23:00,0,0
6/15/24 0:00,0,0
6/15/24 1:00,0,0
6/15/24 2:00,0,0
6/15/24 3:00,0,0
6/15/24 4:00,0.000872291,0
6/15/24 5:00,0.1011121,0.03824835
6/15/24 6:00,0.3348694,0.2256477
6/15/24 7:00,0.5643832,0.4633482
6/15/24 8:00,0.7011867,0.6239344
6/15/24 9:00,0.9300737,0.8550957
6/15/24 10:00,0.9843151,0.9214301
6/15/24 11:00,1.048761,0.9874538
6/15/24 12:00,1.091655,1.023789
6/15/24 13:00,0.8928997,0.8262986
6/15/24 14:00,0.7148292,0.6442922
6/15/24 15:00,0.5542226,0.4709689
6/15/24 16:00,0.3259889,0.2520567
6/15/24 17:00,0.1528262,0.06549915
6/15/24 18:00,0.01165993,0
6/15/24 19:00,0,0
6/15/24 20:00,0,0
6/15/24 21:00,0,0
6/15/24 22:00,0,0
6/15/24 23:00,0,0
6/16/24 0:00,0,0
6/16/24 1:00,0,0
6/16/24 2:00,0,0
6/16/24 3:00,0,0
6/16/24 4:00,0.000712217,0
6/16/24 5:00,0.09768062,0.04107757
6/16/24 6:00,0.2578105,0.2002102
6/16/24 7:00,0.2954919,0.2771806
6/16/24 8:00,0.6685841,0.5969736
6/16/24 9:00,0.8935805,0.8215385
6/16/24 10:00,0.7831373,0.7394502
6/16/24 11:00,1.01936,0.9597095
6/16/24 12:00,0.7460112,0.7082511
6/16/24 13:00,0.646463,0.6106369
6/16/24 14:00,0.7166557,0.6457333
6/16/24 15:00,0.4138495,0.3738127
6/16/24 16:00,0.2643191,0.2257756
6/16/24 17:00,0.1033826,0.08234257
6/16/24 18:00,0.009105198,0
6/16/24 19:00,0,0
6/16/24 20:00,0,0
6/16/24 21:00,0,0
6/16/24 22:00,0,0
6/16/24 23:00,0,0
6/17/24 0:00,0,0
6/17/24 1:00,0,0
6/17/24 2:00,0,0
6/17/24 3:00,0,0
6/17/24 4:00,0.001079272,0
6/17/24 5:00,0.0623478,0.05310033
6/17/24 6:00,0.1027805,0.0990283
6/17/24 7:00,0.1594455,0.154312
6/17/24 8:00,0.1712025,0.166041
6/17/24 9:00,0.4409652,0.4245693
6/17/24 10:00,0.3844889,0.3727983
6/17/24 11:00,0.3515478,0.3412053
6/17/24 12:00,0.4146935,0.4019288
6/17/24 13:00,0.3189892,0.3093593
6/17/24 14:00,0.1274353,0.1236644
6/17/24 15:00,0.144525,0.1400299
6/17/24 16:00,0.1066942,0.1030441
6/17/24 17:00,0.0584227,0.05561909
6/17/24 18:00,0.0037039,0
6/17/24 19:00,0,0
6/17/24 20:00,0,0
6/17/24 21:00,0,0
6/17/24 22:00,0,0
6/17/24 23:00,0,0
6/18/24 0:00,0,0
6/18/24 1:00,0,0
6/18/24 2:00,0,0
6/18/24 3:00,0,0
6/18/24 4:00,0.001255015,0
6/18/24 5:00,0.0927205,0.04442152
6/18/24 6:00,0.2396639,0.1935588
6/18/24 7:00,0.3327242,0.3057688
6/18/24 8:00,0.4716207,0.4409074
6/18/24 9:00,0.4686568,0.4500248
6/18/24 10:00,0.6440777,0.615096
6/18/24 11:00,0.8721209,0.8243254
6/18/24 12:00,0.8792163,0.8273711
6/18/24 13:00,0.6405982,0.6054597
6/18/24 14:00,0.5786867,0.5339766
6/18/24 15:00,0.4456122,0.3961652
6/18/24 16:00,0.2675416,0.2278647
6/18/24 17:00,0.1238308,0.08216725
6/18/24 18:00,0.0111211,0
6/18/24 19:00,0,0
6/18/24 20:00,0,0
6/18/24 21:00,0,0
6/18/24 22:00,0,0
6/18/24 23:00,0,0
6/19/24 0:00,0,0
6/19/24 1:00,0,0
6/19/24 2:00,0,0
6/19/24 3:00,0,0
6/19/24 4:00,0.001022541,0
6/19/24 5:00,0.06810859,0.05405535
6/19/24 6:00,0.1979538,0.1746033
6/19/24 7:00,0.4203992,0.364735
6/19/24 8:00,0.5943415,0.537609
6/19/24 9:00,0.6371189,0.5985519
6/19/24 10:00,0.8763712,0.8221982
6/19/24 11:00,0.8861618,0.8369415
6/19/24 12:00,0.8645085,0.8140541
6/19/24 13:00,0.802764,0.745972
6/19/24 14:00,0.5160043,0.4829516
6/19/24 15:00,0.3563198,0.3312448
6/19/24 16:00,0.1811944,0.1709552
6/19/24 17:00,0.07961576,0.07283825
6/19/24 18:00,0.006535506,0
6/19/24 19:00,0,0
6/19/24 20:00,0,0
6/19/24 21:00,0,0
6/19/24 22:00,0,0
6/19/24 23:00,0,0
6/20/24 0:00,0,0
6/20/24 1:00,0,0
6/20/24 2:00,0,0
6/20/24 3:00,0,0
6/20/24 4:00,0.001248887,0
6/20/24 5:00,0.07560266,0.05320632
6/20/24 6:00,0.2493268,0.1959149
6/20/24 7:00,0.2276962,0.218526
6/20/24 8:00,0.3959952,0.3768083
6/20/24 9:00,0.3053339,0.2960553
6/20/24 10:00,0.3366455,0.3266582
6/20/24 11:00,0.1472405,0.1429726
6/20/24 12:00,0.3828534,0.3713231
6/20/24 13:00,0.4635749,0.4465228
6/20/24 14:00,0.2853722,0.276267
6/20/24 15:00,0.121862,0.1181221
6/20/24 16:00,0.1390352,0.1337498
6/20/24 17:00,0.1004662,0.08318435
6/20/24 18:00,0.00981736,0
6/20/24 19:00,0,0
6/20/24 20:00,0,0
6/20/24 21:00,0,0
6/20/24 22:00,0,0
6/20/24 23:00,0,0
6/21/24 0:00,0,0
6/21/24 1:00,0,0
6/21/24 2:00,0,0
6/21/24 3:00,0,0
6/21/24 4:00,0.00061515,0
6/21/24 5:00,0.09898762,0.03632842
6/21/24 6:00,0.3009524,0.2098241
6/21/24 7:00,0.5094354,0.4213941
6/21/24 8:00,0.5705205,0.5187755
6/21/24 9:00,0.8031268,0.7403548
6/21/24 10:00,0.8688607,0.8152761
6/21/24 11:00,0.8056989,0.7642343
6/21/24 12:00,0.6808323,0.6495641
6/21/24 13:00,0.8379162,0.7768947
6/21/24 14:00,0.7659776,0.6875253
6/21/24 15:00,0.4800445,0.4201092
6/21/24 16:00,0.4064698,0.2931223
6/21/24 17:00,0.1447926,0.0762098
6/21/24 18:00,0.01364537,0
6/21/24 19:00,0,0
6/21/24 20:00,0,0
6/21/24 21:00,0,0
6/21/24 22:00,0,0
6/21/24 23:00,0,0
6/22/24 0:00,0,0
6/22/24 1:00,0,0
6/22/24 2:00,0,0
6/22/24 3:00,0,0
6/22/24 4:00,0.000856015,0
6/22/24 5:00,0.09848068,0.0359892
6/22/24 6:00,0.2414631,0.1926135
6/22/24 7:00,0.4394428,0.3758939
6/22/24 8:00,0.7405171,0.6552105
6/22/24 9:00,0.8373431,0.77025
6/22/24 10:00,0.835264,0.7851908
6/22/24 11:00,0.8205605,0.7776111
6/22/24 12:00,0.6298198,0.6033568
6/22/24 13:00,0.506954,0.4864958
6/22/24 14:00,0.2788242,0.2700154
6/22/24 15:00,0.3408176,0.3191488
6/22/24 16:00,0.3075232,0.2470052
6/22/24 17:00,0.1202396,0.08542161
6/22/24 18:00,0.007665408,0
6/22/24 19:00,0,0
6/22/24 20:00,0,0
6/22/24 21:00,0,0
6/22/24 22:00,0,0
6/22/24 23:00,0,0
6/23/24 0:00,0,0
6/23/24 1:00,0,0
6/23/24 2:00,0,0
6/23/24 3:00,0,0
6/23/24 4:00,0.000779048,0
6/23/24 5:00,0.08743736,0.04526709
6/23/24 6:00,0.2159322,0.1826021
6/23/24 7:00,0.5450585,0.4462224
6/23/24 8:00,0.8078446,0.7136737
6/23/24 9:00,0.8200693,0.7550232
6/23/24 10:00,0.9906597,0.9261823
6/23/24 11:00,1.07346,1.009735
6/23/24 12:00,1.106907,1.037399
6/23/24 13:00,1.002237,0.9260311
6/23/24 14:00,0.7923927,0.7107158
6/23/24 15:00,0.6471389,0.5444922
6/23/24 16:00,0.3820348,0.280228
6/23/24 17:00,0.1408361,0.07980014
6/23/24 18:00,0.0120587,0
6/23/24 19:00,0,0
6/23/24 20:00,0,0
6/23/24 21:00,0,0
6/23/24 22:00,0,0
6/23/24 23:00,0,0
6/24/24 0:00,0,0
6/24/24 1:00,0,0
6/24/24 2:00,0,0
6/24/24 3:00,0,0
6/24/24 4:00,0.000660027,0
6/24/24 5:00,0.08107892,0.04883579
6/24/24 6:00,0.2378803,0.1906506
6/24/24 7:00,0.5156056,0.4249404
6/24/24 8:00,0.72412,0.6411394
6/24/24 9:00,0.7964046,0.7343761
6/24/24 10:00,0.7926529,0.7473077
6/24/24 11:00,0.8377696,0.7932029
6/24/24 12:00,0.8639627,0.8137309
6/24/24 13:00,0.7211364,0.6754901
6/24/24 14:00,0.7213442,0.6502778
6/24/24 15:00,0.4800923,0.4208011
6/24/24 16:00,0.2423207,0.2153551
6/24/24 17:00,0.1435836,0.07935485
6/24/24 18:00,0.01330324,0
6/24/24 19:00,0,0
6/24/24 20:00,0,0
6/24/24 21:00,0,0
6/24/24 22:00,0,0
6/24/24 23:00,0,0
6/25/24 0:00,0,0
6/25/24 1:00,0,0
6/25/24 2:00,0,0
6/25/24 3:00,0,0
6/25/24 4:00,0.000580302,0
6/25/24 5:00,0.01975038,0.01896327
6/25/24 6:00,0.1369224,0.1300432
6/25/24 7:00,0.1720886,0.166419
6/25/24 8:00,0.1709251,0.1657656
6/25/24 9:00,0.07795741,0.07568561
6/25/24 10:00,0.1987848,0.1929946
6/25/24 11:00,0.1007149,0.09779631
6/25/24 12:00,0.3018322,0.292997
6/25/24 13:00,0.2606545,0.252955
6/25/24 14:00,0.1212148,0.1176344
6/25/24 15:00,0.07838841,0.07603838
6/25/24 16:00,0.08477538,0.08199476
6/25/24 17:00,0.02273343,0.02194466
6/25/24 18:00,0.003098426,0
6/25/24 19:00,0,0
6/25/24 20:00,0,0
6/25/24 21:00,0,0
6/25/24 22:00,0,0
6/25/24 23:00,0,0
6/26/24 0:00,0,0
6/26/24 1:00,0,0
6/26/24 2:00,0,0
6/26/24 3:00,0,0
6/26/24 4:00,0.00018798,0
6/26/24 5:00,0.003806595,0.003688582
6/26/24 6:00,0.08285199,0.07994957
6/26/24 7:00,0.1266963,0.1227059
6/26/24 8:00,0.3936621,0.3745565
6/26/24 9:00,0.5902494,0.5579489
6/26/24 10:00,0.4087447,0.3960478
6/26/24 11:00,0.2842079,0.2759323
6/26/24 12:00,0.2747861,0.266766
6/26/24 13:00,0.4984385,0.4788383
6/26/24 14:00,0.5137551,0.4816668
6/26/24 15:00,0.2812677,0.268799
6/26/24 16:00,0.272131,0.2322362
6/26/24 17:00,0.07010966,0.06605842
6/26/24 18:00,0.01093974,0
6/26/24 19:00,0,0
6/26/24 20:00,0,0
6/26/24 21:00,0,0
6/26/24 22:00,0,0
6/26/24 23:00,0,0
6/27/24 0:00,0,0
6/27/24 1:00,0,0
6/27/24 2:00,0,0
6/27/24 3:00,0,0
6/27/24 4:00,0.000506958,0
6/27/24 5:00,0.05648281,0.04900674
6/27/24 6:00,0.1872449,0.166882
6/27/24 7:00,0.2120866,0.2040899
6/27/24 8:00,0.1536322,0.1490186
6/27/24 9:00,0.06640347,0.06446958
6/27/24 10:00,0.1518059,0.1473945
6/27/24 11:00,0.5222092,0.5046389
6/27/24 12:00,0.4295368,0.4161754
6/27/24 13:00,0.3787738,0.366743
6/27/24 14:00,0.274449,0.2658525
6/27/24 15:00,0.1472183,0.1426459
6/27/24 16:00,0.1477842,0.1419317
6/27/24 17:00,0.06010013,0.05729645
6/27/24 18:00,0.008458079,0
6/27/24 19:00,0,0
6/27/24 20:00,0,0
6/27/24 21:00,0,0
6/27/24 22:00,0,0
6/27/24 23:00,0,0
6/28/24 0:00,0,0
6/28/24 1:00,0,0
6/28/24 2:00,0,0
6/28/24 3:00,0,0
6/28/24 4:00,0.000457848,0
6/28/24 5:00,0.0772739,0.04798478
6/28/24 6:00,0.286911,0.2022617
6/28/24 7:00,0.4352714,0.3721614
6/28/24 8:00,0.7462194,0.660155
6/28/24 9:00,0.8379918,0.7711707
6/28/24 10:00,0.885657,0.830908
6/28/24 11:00,0.7669026,0.7297954
6/28/24 12:00,1.016513,0.9541758
6/28/24 13:00,0.8531824,0.7917424
6/28/24 14:00,0.6719136,0.6106429
6/28/24 15:00,0.236917,0.2283905
6/28/24 16:00,0.2136707,0.1968593
6/28/24 17:00,0.1067232,0.08697572
6/28/24 18:00,0.009053569,0
6/28/24 19:00,0,0
6/28/24 20:00,0,0
6/28/24 21:00,0,0
6/28/24 22:00,0,0
6/28/24 23:00,0,0
6/29/24 0:00,0,0
6/29/24 1:00,0,0
6/29/24 2:00,0,0
6/29/24 3:00,0,0
6/29/24 4:00,0.00035665,0
6/29/24 5:00,0.1054064,0.02168316
6/29/24 6:00,0.3013803,0.2060328
6/29/24 7:00,0.5331988,0.4369662
6/29/24 8:00,0.6537728,0.5835963
6/29/24 9:00,0.352092,0.3408806
6/29/24 10:00,0.8283306,0.7796679
6/29/24 11:00,0.7859981,0.7472011
6/29/24 12:00,0.8650679,0.8157361
6/29/24 13:00,0.8511968,0.7903132
6/29/24 14:00,0.8497847,0.7634915
6/29/24 15:00,0.5212439,0.4507484
6/29/24 16:00,0.3741052,0.2791255
6/29/24 17:00,0.168336,0.07181412
6/29/24 18:00,0.01447078,0
6/29/24 19:00,0,0
6/29/24 20:00,0,0
6/29/24 21:00,0,0
6/29/24 22:00,0,0
6/29/24 23:00,0,0
6/30/24 0:00,0,0
6/30/24 1:00,0,0
6/30/24 2:00,0,0
6/30/24 3:00,0,0
6/30/24 4:00,0.000192523,0
6/30/24 5:00,0.07638778,0.04685637
6/30/24 6:00,0.1856072,0.1653575
6/30/24 7:00,0.3040676,0.2828948
6/30/24 8:00,0.4520552,0.4241813
6/30/24 9:00,0.560039,0.5317772
6/30/24 10:00,0.6041838,0.5790752
6/30/24 11:00,0.6677049,0.6400031
6/30/24 12:00,0.7431637,0.7064986
6/30/24 13:00,0.8822548,0.8184829
6/30/24 14:00,0.5943187,0.5483916
6/30/24 15:00,0.570312,0.4865466
6/30/24 16:00,0.2893069,0.2417448
6/30/24 17:00,0.1250227,0.08846766
6/30/24 18:00,0.01314489,0
6/30/24 19:00,0,0
6/30/24 20:00,0,0
6/30/24 21:00,0,0
6/30/24 22:00,0,0
6/30/24 23:00,0,0
7/1/24 0:00,0,0
7/1/24 1:00,0,0
7/1/24 2:00,0,0
7/1/24 3:00,0,0
7/1/24 4:00,0.000174105,0
7/1/24 5:00,0.03716839,0.03516454
7/1/24 6:00,0.1221613,0.1168653
7/1/24 7:00,0.3874236,0.341672
7/1/24 8:00,0.3198606,0.3080229
7/1/24 9:00,0.3664984,0.3546081
7/1/24 10:00,0.4927532,0.4758879
7/1/24 11:00,0.4340691,0.4208072
7/1/24 12:00,0.6499909,0.6224586
7/1/24 13:00,0.4623739,0.4457316
7/1/24 14:00,0.3116052,0.3013282
7/1/24 15:00,0.1512874,0.1465884
7/1/24 16:00,0.09156103,0.08853987
7/1/24 17:00,0.02497205,0.02409765
7/1/24 18:00,0.003046135,0
7/1/24 19:00,0,0
7/1/24 20:00,0,0
7/1/24 21:00,0,0
7/1/24 22:00,0,0
7/1/24 23:00,0,0
7/2/24 0:00,0,0
7/2/24 1:00,0,0
7/2/24 2:00,0,0
7/2/24 3:00,0,0
7/2/24 4:00,0.000105379,0
7/2/24 5:00,0.02534881,0.02422273
7/2/24 6:00,0.03020218,0.02926579
7/2/24 7:00,0.0181512,0.01761821
7/2/24 8:00,0.1858182,0.1801876
7/2/24 9:00,0.1505438,0.1461335
7/2/24 10:00,0.1983616,0.1925906
7/2/24 11:00,0.3025285,0.2937231
7/2/24 12:00,0.2200618,0.2136677
7/2/24 13:00,0.2140015,0.2077257
7/2/24 14:00,0.2886498,0.2794906
7/2/24 15:00,0.1635571,0.1584455
7/2/24 16:00,0.1411947,0.1358995
7/2/24 17:00,0.1006466,0.08579739
7/2/24 18:00,0.00244275,0
7/2/24 19:00,0,0
7/2/24 20:00,0,0
7/2/24 21:00,0,0
7/2/24 22:00,0,0
7/2/24 23:00,0,0
7/3/24 0:00,0,0
7/3/24 1:00,0,0
7/3/24 2:00,0,0
7/3/24 3:00,0,0
7/3/24 4:00,0.000108313,0
7/3/24 5:00,0.0233768,0.02236622
7/3/24 6:00,0.07601196,0.0733798
7/3/24 7:00,0.144438,0.1398239
7/3/24 8:00,0.155411,0.1507457
7/3/24 9:00,0.3386751,0.3280898
7/3/24 10:00,0.5839404,0.5608109
7/3/24 11:00,0.3198738,0.310551
7/3/24 12:00,0.2380057,0.2310873
7/3/24 13:00,0.4321511,0.4175008
7/3/24 14:00,0.3613758,0.3480726
7/3/24 15:00,0.2361123,0.2277239
7/3/24 16:00,0.1782682,0.1691425
7/3/24 17:00,0.09690485,0.08432146
7/3/24 18:00,0.006616361,0
7/3/24 19:00,0,0
7/3/24 20:00,0,0
7/3/24 21:00,0,0
7/3/24 22:00,0,0
7/3/24 23:00,0,0
7/4/24 0:00,0,0
7/4/24 1:00,0,0
7/4/24 2:00,0,0
7/4/24 3:00,0,0
7/4/24 4:00,8.26188E-05,0
7/4/24 5:00,0.01281724,0.01235054
7/4/24 6:00,0.05143743,0.04976039
7/4/24 7:00,0.1455981,0.1409433
7/4/24 8:00,0.2530211,0.244993
7/4/24 9:00,0.2723849,0.2642625
7/4/24 10:00,0.1476918,0.1434052
7/4/24 11:00,0.2034401,0.1975468
7/4/24 12:00,0.1786421,0.1734619
7/4/24 13:00,0.1448075,0.1405869
7/4/24 14:00,0.1838999,0.1784138
7/4/24 15:00,0.160203,0.1552131
7/4/24 16:00,0.0792175,0.0766594
7/4/24 17:00,0.02739323,0.0264201
7/4/24 18:00,0.001906765,0
7/4/24 19:00,0,0
7/4/24 20:00,0,0
7/4/24 21:00,0,0
7/4/24 22:00,0,0
7/4/24 23:00,0,0
7/5/24 0:00,0,0
7/5/24 1:00,0,0
7/5/24 2:00,0,0
7/5/24 3:00,0,0
7/5/24 4:00,8.92045E-05,0
7/5/24 5:00,0.07346752,0.04395909
7/5/24 6:00,0.109034,0.1047769
7/5/24 7:00,0.3461335,0.3137199
7/5/24 8:00,0.5432316,0.4976305
7/5/24 9:00,0.5876282,0.55644
7/5/24 10:00,0.8957194,0.8424137
7/5/24 11:00,0.7858374,0.7486353
7/5/24 12:00,0.5836024,0.5619251
7/5/24 13:00,0.550226,0.5268672
7/5/24 14:00,0.3295488,0.3183769
7/5/24 15:00,0.4690409,0.4167325
7/5/24 16:00,0.429553,0.3153327
7/5/24 17:00,0.166146,0.07652656
7/5/24 18:00,0.01312468,0
7/5/24 19:00,0,0
7/5/24 20:00,0,0
7/5/24 21:00,0,0
7/5/24 22:00,0,0
7/5/24 23:00,0,0
7/6/24 0:00,0,0
7/6/24 1:00,0,0
7/6/24 2:00,0,0
7/6/24 3:00,0,0
7/6/24 4:00,2.45807E-05,0
7/6/24 5:00,0.03567281,0.03372369
7/6/24 6:00,0.2391292,0.1863758
7/6/24 7:00,0.4964877,0.4117685
7/6/24 8:00,0.5929429,0.5367709
7/6/24 9:00,0.5615796,0.5337431
7/6/24 10:00,0.6993055,0.6660988
7/6/24 11:00,0.4308959,0.4178727
7/6/24 12:00,0.1128971,0.1096274
7/6/24 13:00,0.1037415,0.1007253
7/6/24 14:00,0.04395473,0.04267256
7/6/24 15:00,0.08872843,0.08606525
7/6/24 16:00,0.0697342,0.06751712
7/6/24 17:00,0.08890637,0.08020091
7/6/24 18:00,0.01313748,0
7/6/24 19:00,0,0
7/6/24 20:00,0,0
7/6/24 21:00,0,0
7/6/24 22:00,0,0
7/6/24 23:00,0,0
7/7/24 0:00,0,0
7/7/24 1:00,0,0
7/7/24 2:00,0,0
7/7/24 3:00,0,0
7/7/24 4:00,1.4362E-05,0
7/7/24 5:00,0.06138655,0.04628624
7/7/24 6:00,0.1141931,0.109514
7/7/24 7:00,0.2237583,0.2146819
7/7/24 8:00,0.2728874,0.2639522
7/7/24 9:00,0.5722234,0.5432709
7/7/24 10:00,0.8503547,0.8022503
7/7/24 11:00,0.4326813,0.4196177
7/7/24 12:00,0.8316151,0.7886547
7/7/24 13:00,0.5896884,0.5628325
7/7/24 14:00,0.4010236,0.3847225
7/7/24 15:00,0.4537952,0.4067125
7/7/24 16:00,0.4074316,0.3024023
7/7/24 17:00,0.1362587,0.088379
7/7/24 18:00,0.01479955,0
7/7/24 19:00,0,0
7/7/24 20:00,0,0
7/7/24 21:00,0,0
7/7/24 22:00,0,0
7/7/24 23:00,0,0
7/8/24 0:00,0,0
7/8/24 1:00,0,0
7/8/24 2:00,0,0
7/8/24 3:00,0,0
7/8/24 4:00,6.30663E-06,0
7/8/24 5:00,0.000237881,0.000230895
7/8/24 6:00,0.03690529,0.03574183
7/8/24 7:00,0.05957454,0.05778597
7/8/24 8:00,0.1254974,0.121766
7/8/24 9:00,0.1146491,0.1113054
7/8/24 10:00,0.1565741,0.1520337
7/8/24 11:00,0.1147815,0.1114613
7/8/24 12:00,0.1527593,0.1483371
7/8/24 13:00,0.1138408,0.1105316
7/8/24 14:00,0.06883034,0.06681887
7/8/24 15:00,0.03446641,0.03345378
7/8/24 16:00,0.05354965,0.05188764
7/8/24 17:00,0.02542632,0.0245395
7/8/24 18:00,0.001468055,0
7/8/24 19:00,0,0
7/8/24 20:00,0,0
7/8/24 21:00,0,0
7/8/24 22:00,0,0
7/8/24 23:00,0,0
7/9/24 0:00,0,0
7/9/24 1:00,0,0
7/9/24 2:00,0,0
7/9/24 3:00,0,0
7/9/24 4:00,8.91915E-07,0
7/9/24 5:00,0.06526887,0.04407091
7/9/24 6:00,0.1381143,0.1303988
7/9/24 7:00,0.2571396,0.2441972
7/9/24 8:00,0.1836067,0.1780627
7/9/24 9:00,0.3046249,0.2954313
7/9/24 10:00,0.2575085,0.2500161
7/9/24 11:00,0.3159066,0.3067404
7/9/24 12:00,0.2699102,0.262078
7/9/24 13:00,0.5174142,0.4974441
7/9/24 14:00,0.4814277,0.4564036
7/9/24 15:00,0.2580931,0.2482756
7/9/24 16:00,0.1832077,0.1735624
7/9/24 17:00,0.04501635,0.04321002
7/9/24 18:00,0.003106449,0
7/9/24 19:00,0,0
7/9/24 20:00,0,0
7/9/24 21:00,0,0
7/9/24 22:00,0,0
7/9/24 23:00,0,0
7/10/24 0:00,0,0
7/10/24 1:00,0,0
7/10/24 2:00,0,0
7/10/24 3:00,0,0
7/10/24 4:00,0,0
7/10/24 5:00,0.09791144,0.01499188
7/10/24 6:00,0.2828852,0.1966887
7/10/24 7:00,0.4693608,0.3944038
7/10/24 8:00,0.3941809,0.3752898
7/10/24 9:00,0.7654637,0.7120139
7/10/24 10:00,0.9849635,0.9278182
7/10/24 11:00,0.9094722,0.8642002
7/10/24 12:00,0.8274826,0.7865036
7/10/24 13:00,0.5751264,0.5503657
7/10/24 14:00,0.3795796,0.3652911
7/10/24 15:00,0.3077597,0.2928915
7/10/24 16:00,0.1450227,0.1395528
7/10/24 17:00,0.09490667,0.08368015
7/10/24 18:00,0.01272434,0
7/10/24 19:00,0,0
7/10/24 20:00,0,0
7/10/24 21:00,0,0
7/10/24 22:00,0,0
7/10/24 23:00,0,0
7/11/24 0:00,0,0
7/11/24 1:00,0,0
7/11/24 2:00,0,0
7/11/24 3:00,0,0
7/11/24 4:00,0,0
7/11/24 5:00,0.05999551,0.04380189
7/11/24 6:00,0.1248389,0.1189854
7/11/24 7:00,0.3881885,0.3421781
7/11/24 8:00,0.5014874,0.4655526
7/11/24 9:00,0.6817009,0.6396744
7/11/24 10:00,0.7779734,0.7388733
7/11/24 11:00,0.9427499,0.8957451
7/11/24 12:00,1.044571,0.9884996
7/11/24 13:00,0.827829,0.7760535
7/11/24 14:00,0.4586702,0.4368593
7/11/24 15:00,0.6305649,0.5411777
7/11/24 16:00,0.4244639,0.3164037
7/11/24 17:00,0.1202646,0.09066966
7/11/24 18:00,0.01671978,0
7/11/24 19:00,0,0
7/11/24 20:00,0,0
7/11/24 21:00,0,0
7/11/24 22:00,0,0
7/11/24 23:00,0,0
7/12/24 0:00,0,0
7/12/24 1:00,0,0
7/12/24 2:00,0,0
7/12/24 3:00,0,0
7/12/24 4:00,0,0
7/12/24 5:00,0.04380783,0.03941103
7/12/24 6:00,0.1317181,0.1248968
7/12/24 7:00,0.09562908,0.09269211
7/12/24 8:00,0.2105557,0.2041539
7/12/24 9:00,0.3246578,0.3147563
7/12/24 10:00,0.2966379,0.2880022
7/12/24 11:00,0.2824832,0.2743188
7/12/24 12:00,0.5106817,0.4941989
7/12/24 13:00,0.3292391,0.3194264
7/12/24 14:00,0.2302369,0.2233379
7/12/24 15:00,0.1007667,0.09773602
7/12/24 16:00,0.1098896,0.1062048
7/12/24 17:00,0.04510712,0.04330195
7/12/24 18:00,0.001114359,0
7/12/24 19:00,0,0
7/12/24 20:00,0,0
7/12/24 21:00,0,0
7/12/24 22:00,0,0
7/12/24 23:00,0,0
7/13/24 0:00,0,0
7/13/24 1:00,0,0
7/13/24 2:00,0,0
7/13/24 3:00,0,0
7/13/24 4:00,0,0
7/13/24 5:00,0.04687506,0.0407859
7/13/24 6:00,0.299233,0.2017132
7/13/24 7:00,0.4576024,0.3874969
7/13/24 8:00,0.6648268,0.5975772
7/13/24 9:00,0.8248702,0.7666013
7/13/24 10:00,0.8513299,0.8067365
7/13/24 11:00,0.9645241,0.9176559
7/13/24 12:00,0.6728297,0.6462999
7/13/24 13:00,0.7752853,0.7304351
7/13/24 14:00,0.5817543,0.5428828
7/13/24 15:00,0.4306437,0.3920791
7/13/24 16:00,0.2207963,0.2034767
7/13/24 17:00,0.09809256,0.08519923
7/13/24 18:00,0.009183314,0
7/13/24 19:00,0,0
7/13/24 20:00,0,0
7/13/24 21:00,0,0
7/13/24 22:00,0,0
7/13/24 23:00,0,0
7/14/24 0:00,0,0
7/14/24 1:00,0,0
7/14/24 2:00,0,0
7/14/24 3:00,0,0
7/14/24 4:00,0,0
7/14/24 5:00,0.02890232,0.02744713
7/14/24 6:00,0.1043365,0.1003179
7/14/24 7:00,0.2449358,0.2335988
7/14/24 8:00,0.3616473,0.3465578
7/14/24 9:00,0.4252971,0.4105349
7/14/24 10:00,0.3962108,0.3843626
7/14/24 11:00,0.225408,0.2189068
7/14/24 12:00,0.2562553,0.2488485
7/14/24 13:00,0.2504143,0.2431033
7/14/24 14:00,0.1496662,0.1452564
7/14/24 15:00,0.196764,0.1905205
7/14/24 16:00,0.05306436,0.05142457
7/14/24 17:00,0.03022551,0.02913893
7/14/24 18:00,0.004830668,0
7/14/24 19:00,0,0
7/14/24 20:00,0,0
7/14/24 21:00,0,0
7/14/24 22:00,0,0
7/14/24 23:00,0,0
7/15/24 0:00,0,0
7/15/24 1:00,0,0
7/15/24 2:00,0,0
7/15/24 3:00,0,0
7/15/24 4:00,0,0
7/15/24 5:00,0.06242954,0.03964741
7/15/24 6:00,0.09738471,0.09377681
7/15/24 7:00,0.170374,0.1647797
7/15/24 8:00,0.4355615,0.4116113
7/15/24 9:00,0.5835541,0.5551783
7/15/24 10:00,0.8188987,0.7784951
7/15/24 11:00,0.8724287,0.833486
7/15/24 12:00,0.8036484,0.7677619
7/15/24 13:00,0.8557504,0.8045912
7/15/24 14:00,0.6736657,0.6211785
7/15/24 15:00,0.5125905,0.4530427
7/15/24 16:00,0.3336748,0.2682645
7/15/24 17:00,0.1543628,0.08332611
7/15/24 18:00,0.01067025,0
7/15/24 19:00,0,0
7/15/24 20:00,0,0
7/15/24 21:00,0,0
7/15/24 22:00,0,0
7/15/24 23:00,0,0
7/16/24 0:00,0,0
7/16/24 1:00,0,0
7/16/24 2:00,0,0
7/16/24 3:00,0,0
7/16/24 4:00,0,0
7/16/24 5:00,0.03221611,0.03038606
7/16/24 6:00,0.07319418,0.07066771
7/16/24 7:00,0.289345,0.2710921
7/16/24 8:00,0.5974877,0.5444124
7/16/24 9:00,0.4385928,0.4231559
7/16/24 10:00,0.6454868,0.62015
7/16/24 11:00,0.8635129,0.8259681
7/16/24 12:00,1.002517,0.9537128
7/16/24 13:00,0.8011572,0.7559398
7/16/24 14:00,0.6233566,0.5794242
7/16/24 15:00,0.6430356,0.556434
7/16/24 16:00,0.3986368,0.3037822
7/16/24 17:00,0.1417447,0.0873103
7/16/24 18:00,0.01069073,0
7/16/24 19:00,0,0
7/16/24 20:00,0,0
7/16/24 21:00,0,0
7/16/24 22:00,0,0
7/16/24 23:00,0,0
7/17/24 0:00,0,0
7/17/24 1:00,0,0
7/17/24 2:00,0,0
7/17/24 3:00,0,0
7/17/24 4:00,0,0
7/17/24 5:00,0.04987461,0.04019704
7/17/24 6:00,0.1686526,0.1523048
7/17/24 7:00,0.3085073,0.286279
7/17/24 8:00,0.3007258,0.2904287
7/17/24 9:00,0.3842348,0.371905
7/17/24 10:00,0.6092808,0.5868577
7/17/24 11:00,0.7172337,0.6904888
7/17/24 12:00,0.4962207,0.4809224
7/17/24 13:00,0.4460851,0.4315965
7/17/24 14:00,0.1752424,0.1700708
7/17/24 15:00,0.2139336,0.2069839
7/17/24 16:00,0.3129294,0.2589404
7/17/24 17:00,0.09317307,0.08253919
7/17/24 18:00,0.008189906,0
7/17/24 19:00,0,0
7/17/24 20:00,0,0
7/17/24 21:00,0,0
7/17/24 22:00,0,0
7/17/24 23:00,0,0
7/18/24 0:00,0,0
7/18/24 1:00,0,0
7/18/24 2:00,0,0
7/18/24 3:00,0,0
7/18/24 4:00,0,0
7/18/24 5:00,0.04086445,0.03653957
7/18/24 6:00,0.2443518,0.1843937
7/18/24 7:00,0.361357,0.3250739
7/18/24 8:00,0.592283,0.5413684
7/18/24 9:00,0.893156,0.8334917
7/18/24 10:00,0.7251762,0.6945065
7/18/24 11:00,0.8015919,0.7697717
7/18/24 12:00,0.8946486,0.8545015
7/18/24 13:00,0.8233303,0.7778184
7/18/24 14:00,0.84298,0.7732314
7/18/24 15:00,0.594122,0.5179742
7/18/24 16:00,0.3424072,0.2740885
7/18/24 17:00,0.1435249,0.08643816
7/18/24 18:00,0.008912297,0
7/18/24 19:00,0,0
7/18/24 20:00,0,0
7/18/24 21:00,0,0
7/18/24 22:00,0,0
7/18/24 23:00,0,0
7/19/24 0:00,0,0
7/19/24 1:00,0,0
7/19/24 2:00,0,0
7/19/24 3:00,0,0
7/19/24 4:00,0,0
7/19/24 5:00,0.01380638,0.01326779
7/19/24 6:00,0.06104334,0.05900162
7/19/24 7:00,0.1893015,0.1827766
7/19/24 8:00,0.2218882,0.2151513
7/19/24 9:00,0.3363183,0.3261187
7/19/24 10:00,0.2318249,0.2251342
7/19/24 11:00,0.2149402,0.2087615
7/19/24 12:00,0.1915453,0.18603
7/19/24 13:00,0.1504445,0.1460874
7/19/24 14:00,0.1863928,0.1808933
7/19/24 15:00,0.1048529,0.1017099
7/19/24 16:00,0.06291778,0.06095607
7/19/24 17:00,0.02592574,0.02502315
7/19/24 18:00,0.007107697,0
7/19/24 19:00,0,0
7/19/24 20:00,0,0
7/19/24 21:00,0,0
7/19/24 22:00,0,0
7/19/24 23:00,0,0
7/20/24 0:00,0,0
7/20/24 1:00,0,0
7/20/24 2:00,0,0
7/20/24 3:00,0,0
7/20/24 4:00,0,0
7/20/24 5:00,0.000712916,0.000691779
7/20/24 6:00,0.004467574,0.004336166
7/20/24 7:00,0.0217615,0.02112254
7/20/24 8:00,0.02999603,0.02912148
7/20/24 9:00,0.01734611,0.01684121
7/20/24 10:00,0.09481344,0.09207385
7/20/24 11:00,0.1699909,0.1651022
7/20/24 12:00,0.05501406,0.05342138
7/20/24 13:00,0.06333017,0.06149497
7/20/24 14:00,0.09486961,0.09210192
7/20/24 15:00,0.07163324,0.06951244
7/20/24 16:00,0.02540339,0.02464565
7/20/24 17:00,0.06742477,0.06391267
7/20/24 18:00,0.003474047,0
7/20/24 19:00,0,0
7/20/24 20:00,0,0
7/20/24 21:00,0,0
7/20/24 22:00,0,0
7/20/24 23:00,0,0
7/21/24 0:00,0,0
7/21/24 1:00,0,0
7/21/24 2:00,0,0
7/21/24 3:00,0,0
7/21/24 4:00,0,0
7/21/24 5:00,0.0670911,0.02883027
7/21/24 6:00,0.294868,0.2009455
7/21/24 7:00,0.4943932,0.4174207
7/21/24 8:00,0.7001459,0.6342422
7/21/24 9:00,0.7657451,0.7204227
7/21/24 10:00,0.7362362,0.7065552
7/21/24 11:00,0.8224761,0.7915882
7/21/24 12:00,0.8353676,0.8018519
7/21/24 13:00,0.8214204,0.7789946
7/21/24 14:00,0.7444873,0.6879351
7/21/24 15:00,0.4470543,0.4077377
7/21/24 16:00,0.3646858,0.2876697
7/21/24 17:00,0.1412102,0.08619159
7/21/24 18:00,0.00986906,0
7/21/24 19:00,0,0
7/21/24 20:00,0,0
7/21/24 21:00,0,0
7/21/24 22:00,0,0
7/21/24 23:00,0,0
7/22/24 0:00,0,0
7/22/24 1:00,0,0
7/22/24 2:00,0,0
7/22/24 3:00,0,0
7/22/24 4:00,0,0
7/22/24 5:00,0.07299718,0.02134116
7/22/24 6:00,0.2410873,0.1829635
7/22/24 7:00,0.5026619,0.4243869
7/22/24 8:00,0.733829,0.665014
7/22/24 9:00,0.9345067,0.8768116
7/22/24 10:00,1.030736,0.9837678
7/22/24 11:00,1.045047,1.003751
7/22/24 12:00,1.067619,1.022988
7/22/24 13:00,0.9997073,0.9467518
7/22/24 14:00,0.6139888,0.5754176
7/22/24 15:00,0.5386133,0.4779647
7/22/24 16:00,0.4076709,0.3147904
7/22/24 17:00,0.1586048,0.08067978
7/22/24 18:00,0.00863763,0
7/22/24 19:00,0,0
7/22/24 20:00,0,0
7/22/24 21:00,0,0
7/22/24 22:00,0,0
7/22/24 23:00,0,0
7/23/24 0:00,0,0
7/23/24 1:00,0,0
7/23/24 2:00,0,0
7/23/24 3:00,0,0
7/23/24 4:00,0,0
7/23/24 5:00,0.004683066,0.004531241
7/23/24 6:00,0.04545199,0.04399122
7/23/24 7:00,0.1013622,0.09826032
7/23/24 8:00,0.2500765,0.2423542
7/23/24 9:00,0.2036449,0.197723
7/23/24 10:00,0.08293831,0.08054264
7/23/24 11:00,0.07296036,0.07085342
7/23/24 12:00,0.1872025,0.1818267
7/23/24 13:00,0.1075641,0.1044549
7/23/24 14:00,0.07626794,0.0740485
7/23/24 15:00,0.08353358,0.08105569
7/23/24 16:00,0.06540703,0.06336843
7/23/24 17:00,0.03872887,0.03725179
7/23/24 18:00,0.002808952,0
7/23/24 19:00,0,0
7/23/24 20:00,0,0
7/23/24 21:00,0,0
7/23/24 22:00,0,0
7/23/24 23:00,0,0
7/24/24 0:00,0,0
7/24/24 1:00,0,0
7/24/24 2:00,0,0
7/24/24 3:00,0,0
7/24/24 4:00,0,0
7/24/24 5:00,0.05267319,0.03518423
7/24/24 6:00,0.2418949,0.1831299
7/24/24 7:00,0.4871981,0.4146031
7/24/24 8:00,0.7558007,0.6872518
7/24/24 9:00,0.937596,0.8824484
7/24/24 10:00,1.034986,0.9906112
7/24/24 11:00,0.9852166,0.9490899
7/24/24 12:00,0.8338749,0.803231
7/24/24 13:00,0.9573861,0.9095535
7/24/24 14:00,0.7339266,0.6819182
7/24/24 15:00,0.5468234,0.4861933
7/24/24 16:00,0.3608569,0.2875167
7/24/24 17:00,0.1182059,0.08818465
7/24/24 18:00,0.006432248,0
7/24/24 19:00,0,0
7/24/24 20:00,0,0
7/24/24 21:00,0,0
7/24/24 22:00,0,0
7/24/24 23:00,0,0
7/25/24 0:00,0,0
7/25/24 1:00,0,0
7/25/24 2:00,0,0
7/25/24 3:00,0,0
7/25/24 4:00,0,0
7/25/24 5:00,0.01827144,0.01746263
7/25/24 6:00,0.07291093,0.07040553
7/25/24 7:00,0.09772008,0.09474216
7/25/24 8:00,0.08180676,0.07941421
7/25/24 9:00,0.1028726,0.09989358
7/25/24 10:00,0.3452047,0.3353104
7/25/24 11:00,0.2712998,0.2635546
7/25/24 12:00,0.2280749,0.2215449
7/25/24 13:00,0.2858283,0.2775727
7/25/24 14:00,0.1890955,0.1835506
7/25/24 15:00,0.1546051,0.1499118
7/25/24 16:00,0.07473549,0.07238398
7/25/24 17:00,0.03787948,0.03644207
7/25/24 18:00,0.00304292,0
7/25/24 19:00,0,0
7/25/24 20:00,0,0
7/25/24 21:00,0,0
7/25/24 22:00,0,0
7/25/24 23:00,0,0
7/26/24 0:00,0,0
7/26/24 1:00,0,0
7/26/24 2:00,0,0
7/26/24 3:00,0,0
7/26/24 4:00,0,0
7/26/24 5:00,0.08360095,0.00736163
7/26/24 6:00,0.335793,0.2269787
7/26/24 7:00,0.5238346,0.4448058
7/26/24 8:00,0.7061108,0.6452868
7/26/24 9:00,0.6061594,0.5802327
7/26/24 10:00,0.9887434,0.9492784
7/26/24 11:00,1.024915,0.9899608
7/26/24 12:00,0.8789613,0.8481128
7/26/24 13:00,0.9482762,0.9037693
7/26/24 14:00,0.8517613,0.7920013
7/26/24 15:00,0.6071761,0.5375672
7/26/24 16:00,0.1824047,0.1733405
7/26/24 17:00,0.1497479,0.08138052
7/26/24 18:00,0.004601689,0
7/26/24 19:00,0,0
7/26/24 20:00,0,0
7/26/24 21:00,0,0
7/26/24 22:00,0,0
7/26/24 23:00,0,0
7/27/24 0:00,0,0
7/27/24 1:00,0,0
7/27/24 2:00,0,0
7/27/24 3:00,0,0
7/27/24 4:00,0,0
7/27/24 5:00,0.02853752,0.0267767
7/27/24 6:00,0.04957646,0.04797088
7/27/24 7:00,0.08017333,0.07775921
7/27/24 8:00,0.1524659,0.1479676
7/27/24 9:00,0.2418772,0.2348646
7/27/24 10:00,0.5335209,0.5176678
7/27/24 11:00,0.4992674,0.4853165
7/27/24 12:00,0.2700396,0.2623359
7/27/24 13:00,0.3874955,0.3761668
7/27/24 14:00,0.1886816,0.1831625
7/27/24 15:00,0.15146,0.1468807
7/27/24 16:00,0.09450252,0.09146228
7/27/24 17:00,0.01947914,0.01883039
7/27/24 18:00,0.001515991,0
7/27/24 19:00,0,0
7/27/24 20:00,0,0
7/27/24 21:00,0,0
7/27/24 22:00,0,0
7/27/24 23:00,0,0
7/28/24 0:00,0,0
7/28/24 1:00,0,0
7/28/24 2:00,0,0
7/28/24 3:00,0,0
7/28/24 4:00,0,0
7/28/24 5:00,0.01157406,0.01112638
7/28/24 6:00,0.06042928,0.05842175
7/28/24 7:00,0.1610127,0.1558969
7/28/24 8:00,0.2350071,0.2279214
7/28/24 9:00,0.3046381,0.2957567
7/28/24 10:00,0.280241,0.2722372
7/28/24 11:00,0.1529803,0.1485986
7/28/24 12:00,0.1555735,0.151115
7/28/24 13:00,0.04619574,0.04485781
7/28/24 14:00,0.07115969,0.06909364
7/28/24 15:00,0.03095615,0.03005158
7/28/24 16:00,0.03461454,0.03357587
7/28/24 17:00,0.01691137,0.01635811
7/28/24 18:00,0.001766121,0
7/28/24 19:00,0,0
7/28/24 20:00,0,0
7/28/24 21:00,0,0
7/28/24 22:00,0,0
7/28/24 23:00,0,0
7/29/24 0:00,0,0
7/29/24 1:00,0,0
7/29/24 2:00,0,0
7/29/24 3:00,0,0
7/29/24 4:00,0,0
7/29/24 5:00,0.01841238,0.01757213
7/29/24 6:00,0.04121539,0.03990847
7/29/24 7:00,0.08957345,0.08686791
7/29/24 8:00,0.08570206,0.08320057
7/29/24 9:00,0.1671254,0.1622995
7/29/24 10:00,0.1416687,0.1376026
7/29/24 11:00,0.351329,0.3414406
7/29/24 12:00,0.1809471,0.1757736
7/29/24 13:00,0.02268045,0.02202157
7/29/24 14:00,0.0474947,0.04611584
7/29/24 15:00,0.05064268,0.04915842
7/29/24 16:00,0.06361915,0.06165154
7/29/24 17:00,0.02805269,0.02705778
7/29/24 18:00,0.002570681,0
7/29/24 19:00,0,0
7/29/24 20:00,0,0
7/29/24 21:00,0,0
7/29/24 22:00,0,0
7/29/24 23:00,0,0
7/30/24 0:00,0,0
7/30/24 1:00,0,0
7/30/24 2:00,0,0
7/30/24 3:00,0,0
7/30/24 4:00,0,0
7/30/24 5:00,0.01171223,0.01125332
7/30/24 6:00,0.04109674,0.03979492
7/30/24 7:00,0.0317357,0.03080294
7/30/24 8:00,0.02051441,0.0199172
7/30/24 9:00,0.03054916,0.02966252
7/30/24 10:00,0.003662435,0.003555492
7/30/24 11:00,0.02889323,0.02805525
7/30/24 12:00,0.03221013,0.03127643
7/30/24 13:00,0.01229974,0.01194167
7/30/24 14:00,0.000663146,0.000643743
7/30/24 15:00,0.01622255,0.01574933
7/30/24 16:00,0.02662556,0.02583341
7/30/24 17:00,0.02438905,0.02354605
7/30/24 18:00,0.001519241,0
7/30/24 19:00,0,0
7/30/24 20:00,0,0
7/30/24 21:00,0,0
7/30/24 22:00,0,0
7/30/24 23:00,0,0
7/31/24 0:00,0,0
7/31/24 1:00,0,0
7/31/24 2:00,0,0
7/31/24 3:00,0,0
7/31/24 4:00,0,0
7/31/24 5:00,0.007243448,0.006988706
7/31/24 6:00,0.03902373,0.03779437
7/31/24 7:00,0.07666068,0.07436528
7/31/24 8:00,0.1439725,0.1397503
7/31/24 9:00,0.1661837,0.1613946
7/31/24 10:00,0.1659455,0.161197
7/31/24 11:00,0.1359314,0.1320401
7/31/24 12:00,0.1207297,0.1172671
7/31/24 13:00,0.08114079,0.07880042
7/31/24 14:00,0.1007649,0.09784322
7/31/24 15:00,0.09061545,0.08793931
7/31/24 16:00,0.07107018,0.06885822
7/31/24 17:00,0.05010469,0.04801279
7/31/24 18:00,0.000930786,0
7/31/24 19:00,0,0
7/31/24 20:00,0,0
7/31/24 21:00,0,0
7/31/24 22:00,0,0
7/31/24 23:00,0,0
8/1/24 0:00,0,0
8/1/24 1:00,0,0
8/1/24 2:00,0,0
8/1/24 3:00,0,0
8/1/24 4:00,0,0
8/1/24 5:00,0.005761191,0.005565663
8/1/24 6:00,0.02506113,0.02429575
8/1/24 7:00,0.01713326,0.01663214
8/1/24 8:00,0.1014801,0.09852058
8/1/24 9:00,0.16135,0.1567046
8/1/24 10:00,0.1077428,0.104648
8/1/24 11:00,0.09594738,0.09319118
8/1/24 12:00,0.1059213,0.1028807
8/1/24 13:00,0.1226068,0.1190828
8/1/24 14:00,0.1023735,0.09940719
8/1/24 15:00,0.04385505,0.04257299
8/1/24 16:00,0.03378068,0.03277002
8/1/24 17:00,0.0148852,0.01440425
8/1/24 18:00,0.001005453,0
8/1/24 19:00,0,0
8/1/24 20:00,0,0
8/1/24 21:00,0,0
8/1/24 22:00,0,0
8/1/24 23:00,0,0
8/2/24 0:00,0,0
8/2/24 1:00,0,0
8/2/24 2:00,0,0
8/2/24 3:00,0,0
8/2/24 4:00,0,0
8/2/24 5:00,0.04407343,0.03057196
8/2/24 6:00,0.2108515,0.1726827
8/2/24 7:00,0.412644,0.3679332
8/2/24 8:00,0.6465492,0.6017894
8/2/24 9:00,0.9120007,0.8725783
8/2/24 10:00,0.8381716,0.8145846
8/2/24 11:00,0.9343597,0.9125667
8/2/24 12:00,0.9690375,0.9445613
8/2/24 13:00,0.9414846,0.9083094
8/2/24 14:00,0.731812,0.6914387
8/2/24 15:00,0.3826897,0.36085
8/2/24 16:00,0.260375,0.2327998
8/2/24 17:00,0.07880676,0.07165098
8/2/24 18:00,0.004770825,0
8/2/24 19:00,0,0
8/2/24 20:00,0,0
8/2/24 21:00,0,0
8/2/24 22:00,0,0
8/2/24 23:00,0,0
8/3/24 0:00,0,0
8/3/24 1:00,0,0
8/3/24 2:00,0,0
8/3/24 3:00,0,0
8/3/24 4:00,0,0
8/3/24 5:00,0.04835637,0.02767855
8/3/24 6:00,0.2169506,0.1753144
8/3/24 7:00,0.4486332,0.3956606
8/3/24 8:00,0.6635689,0.6183538
8/3/24 9:00,0.9315199,0.8930231
8/3/24 10:00,0.892018,0.8681542
8/3/24 11:00,0.9346973,0.9143965
8/3/24 12:00,0.977468,0.9544177
8/3/24 13:00,0.8553322,0.8271124
8/3/24 14:00,0.8395346,0.7935184
8/3/24 15:00,0.6748421,0.6085719
8/3/24 16:00,0.4188665,0.3362459
8/3/24 17:00,0.1511912,0.07532731
8/3/24 18:00,0.006943772,0
8/3/24 19:00,0,0
8/3/24 20:00,0,0
8/3/24 21:00,0,0
8/3/24 22:00,0,0
8/3/24 23:00,0,0
8/4/24 0:00,0,0
8/4/24 1:00,0,0
8/4/24 2:00,0,0
8/4/24 3:00,0,0
8/4/24 4:00,0,0
8/4/24 5:00,0.05226908,0.02343733
8/4/24 6:00,0.2102972,0.1727326
8/4/24 7:00,0.517771,0.4518683
8/4/24 8:00,0.6078416,0.5700729
8/4/24 9:00,0.5960984,0.5763922
8/4/24 10:00,0.8983626,0.8758544
8/4/24 11:00,0.8518931,0.8344427
8/4/24 12:00,0.8331544,0.8146871
8/4/24 13:00,0.5642307,0.5483769
8/4/24 14:00,0.4608931,0.444678
8/4/24 15:00,0.3987109,0.3751624
8/4/24 16:00,0.2963236,0.2558497
8/4/24 17:00,0.1381443,0.07699665
8/4/24 18:00,0.0054853,0
8/4/24 19:00,0,0
8/4/24 20:00,0,0
8/4/24 21:00,0,0
8/4/24 22:00,0,0
8/4/24 23:00,0,0
8/5/24 0:00,0,0
8/5/24 1:00,0,0
8/5/24 2:00,0,0
8/5/24 3:00,0,0
8/5/24 4:00,0,0
8/5/24 5:00,0.05725219,0.01713177
8/5/24 6:00,0.2510107,0.1895546
8/5/24 7:00,0.5184031,0.4539499
8/5/24 8:00,0.6319336,0.5928336
8/5/24 9:00,0.5820583,0.5636867
8/5/24 10:00,0.7903804,0.7718537
8/5/24 11:00,0.8692187,0.8528536
8/5/24 12:00,0.9465532,0.9274632
8/5/24 13:00,0.8356186,0.8111234
8/5/24 14:00,0.7107885,0.676228
8/5/24 15:00,0.4374498,0.4081558
8/5/24 16:00,0.3368617,0.2810759
8/5/24 17:00,0.1287415,0.07802154
8/5/24 18:00,0.003472454,0
8/5/24 19:00,0,0
8/5/24 20:00,0,0
8/5/24 21:00,0,0
8/5/24 22:00,0,0
8/5/24 23:00,0,0
8/6/24 0:00,0,0
8/6/24 1:00,0,0
8/6/24 2:00,0,0
8/6/24 3:00,0,0
8/6/24 4:00,0,0
8/6/24 5:00,0.0109775,0.01053998
8/6/24 6:00,0.07910901,0.07639831
8/6/24 7:00,0.2359107,0.226536
8/6/24 8:00,0.2599777,0.2522238
8/6/24 9:00,0.6654621,0.6439964
8/6/24 10:00,0.7041914,0.6882851
8/6/24 11:00,0.5683686,0.5551607
8/6/24 12:00,0.8641689,0.8478743
8/6/24 13:00,0.6736914,0.6556864
8/6/24 14:00,0.3728703,0.3615321
8/6/24 15:00,0.2994711,0.2879841
8/6/24 16:00,0.1720714,0.1644365
8/6/24 17:00,0.0595134,0.05642268
8/6/24 18:00,0.002712376,0
8/6/24 19:00,0,0
8/6/24 20:00,0,0
8/6/24 21:00,0,0
8/6/24 22:00,0,0
8/6/24 23:00,0,0
8/7/24 0:00,0,0
8/7/24 1:00,0,0
8/7/24 2:00,0,0
8/7/24 3:00,0,0
8/7/24 4:00,0,0
8/7/24 5:00,0.05105491,0.02080286
8/7/24 6:00,0.1741969,0.154715
8/7/24 7:00,0.1436823,0.1392883
8/7/24 8:00,0.3591872,0.3471242
8/7/24 9:00,0.5793017,0.5623183
8/7/24 10:00,0.7100472,0.6949474
8/7/24 11:00,0.8089595,0.7955498
8/7/24 12:00,0.5222781,0.5096601
8/7/24 13:00,0.4521395,0.4400825
8/7/24 14:00,0.1427125,0.1386011
8/7/24 15:00,0.1341926,0.1302238
8/7/24 16:00,0.2072312,0.1942978
8/7/24 17:00,0.08288062,0.07254897
8/7/24 18:00,0.004666338,0
8/7/24 19:00,0,0
8/7/24 20:00,0,0
8/7/24 21:00,0,0
8/7/24 22:00,0,0
8/7/24 23:00,0,0
8/8/24 0:00,0,0
8/8/24 1:00,0,0
8/8/24 2:00,0,0
8/8/24 3:00,0,0
8/8/24 4:00,0,0
8/8/24 5:00,0.05832303,0.01211999
8/8/24 6:00,0.1286465,0.121706
8/8/24 7:00,0.1295674,0.1256406
8/8/24 8:00,0.102552,0.09958099
8/8/24 9:00,0.2629993,0.2555395
8/8/24 10:00,0.2132749,0.207248
8/8/24 11:00,0.3437443,0.3342974
8/8/24 12:00,0.3585938,0.348807
8/8/24 13:00,0.2470018,0.2400196
8/8/24 14:00,0.2168564,0.2106229
8/8/24 15:00,0.1114743,0.1081971
8/8/24 16:00,0.09867681,0.09554756
8/8/24 17:00,0.02337903,0.02256728
8/8/24 18:00,0.00335441,0
8/8/24 19:00,0,0
8/8/24 20:00,0,0
8/8/24 21:00,0,0
8/8/24 22:00,0,0
8/8/24 23:00,0,0
8/9/24 0:00,0,0
8/9/24 1:00,0,0
8/9/24 2:00,0,0
8/9/24 3:00,0,0
8/9/24 4:00,0,0
8/9/24 5:00,0.04587808,0.02310142
8/9/24 6:00,0.06889613,0.06660648
8/9/24 7:00,0.178605,0.172944
8/9/24 8:00,0.570098,0.5422409
8/9/24 9:00,0.5396173,0.5250819
8/9/24 10:00,0.6481943,0.6351315
8/9/24 11:00,0.5990233,0.5867789
8/9/24 12:00,0.7414259,0.7292805
8/9/24 13:00,0.6357157,0.6209972
8/9/24 14:00,0.4295117,0.4163904
8/9/24 15:00,0.1498986,0.1454666
8/9/24 16:00,0.0967878,0.09373043
8/9/24 17:00,0.03380905,0.03253142
8/9/24 18:00,0.002249054,0
8/9/24 19:00,0,0
8/9/24 20:00,0,0
8/9/24 21:00,0,0
8/9/24 22:00,0,0
8/9/24 23:00,0,0
8/10/24 0:00,0,0
8/10/24 1:00,0,0
8/10/24 2:00,0,0
8/10/24 3:00,0,0
8/10/24 4:00,0,0
8/10/24 5:00,0.04456338,0.02308206
8/10/24 6:00,0.1182151,0.1127644
8/10/24 7:00,0.1659267,0.1607952
8/10/24 8:00,0.1965126,0.1908211
8/10/24 9:00,0.2225924,0.2162812
8/10/24 10:00,0.266535,0.259071
8/10/24 11:00,0.3448758,0.3354584
8/10/24 12:00,0.2432178,0.2363976
8/10/24 13:00,0.2293351,0.2228635
8/10/24 14:00,0.09151541,0.08888052
8/10/24 15:00,0.06632025,0.06438692
8/10/24 16:00,0.07382289,0.07154822
8/10/24 17:00,0.04133648,0.03967185
8/10/24 18:00,0.002036467,0
8/10/24 19:00,0,0
8/10/24 20:00,0,0
8/10/24 21:00,0,0
8/10/24 22:00,0,0
8/10/24 23:00,0,0
8/11/24 0:00,0,0
8/11/24 1:00,0,0
8/11/24 2:00,0,0
8/11/24 3:00,0,0
8/11/24 4:00,0,0
8/11/24 5:00,0.04029144,0.024938
8/11/24 6:00,0.05146253,0.04982202
8/11/24 7:00,0.1463763,0.1419429
8/11/24 8:00,0.09051976,0.08790505
8/11/24 9:00,0.02679737,0.02602078
8/11/24 10:00,0.05409138,0.05253312
8/11/24 11:00,0.03958473,0.03844126
8/11/24 12:00,0.08758741,0.08507936
8/11/24 13:00,0.1406513,0.1366478
8/11/24 14:00,0.08890821,0.08634983
8/11/24 15:00,0.02458255,0.02386743
8/11/24 16:00,0.05084245,0.04931006
8/11/24 17:00,0.01707463,0.01650747
8/11/24 18:00,0.001829387,0
8/11/24 19:00,0,0
8/11/24 20:00,0,0
8/11/24 21:00,0,0
8/11/24 22:00,0,0
8/11/24 23:00,0,0
8/12/24 0:00,0,0
8/12/24 1:00,0,0
8/12/24 2:00,0,0
8/12/24 3:00,0,0
8/12/24 4:00,0,0
8/12/24 5:00,0.0473424,0.01833526
8/12/24 6:00,0.1036255,0.099623
8/12/24 7:00,0.435362,0.395974
8/12/24 8:00,0.6308469,0.6022718
8/12/24 9:00,0.9142164,0.8942386
8/12/24 10:00,0.9710089,0.96178
8/12/24 11:00,1.011081,1.006013
8/12/24 12:00,0.8911495,0.8840595
8/12/24 13:00,0.7273958,0.7147422
8/12/24 14:00,0.480083,0.4660206
8/12/24 15:00,0.3928475,0.3736655
8/12/24 16:00,0.2523308,0.2288466
8/12/24 17:00,0.1103896,0.07242059
8/12/24 18:00,0.001628476,0
8/12/24 19:00,0,0
8/12/24 20:00,0,0
8/12/24 21:00,0,0
8/12/24 22:00,0,0
8/12/24 23:00,0,0
8/13/24 0:00,0,0
8/13/24 1:00,0,0
8/13/24 2:00,0,0
8/13/24 3:00,0,0
8/13/24 4:00,0,0
8/13/24 5:00,0.03608139,0.02514385
8/13/24 6:00,0.2535101,0.1972682
8/13/24 7:00,0.4467548,0.4067195
8/13/24 8:00,0.6629301,0.6340253
8/13/24 9:00,0.8204951,0.8044026
8/13/24 10:00,0.6897952,0.680164
8/13/24 11:00,0.8458733,0.840773
8/13/24 12:00,0.8684407,0.8627504
8/13/24 13:00,0.6629482,0.6514382
8/13/24 14:00,0.7148801,0.6923165
8/13/24 15:00,0.6217175,0.5780197
8/13/24 16:00,0.3255217,0.2791757
8/13/24 17:00,0.1088499,0.07121506
8/13/24 18:00,0.00115776,0
8/13/24 19:00,0,0
8/13/24 20:00,0,0
8/13/24 21:00,0,0
8/13/24 22:00,0,0
8/13/24 23:00,0,0
8/14/24 0:00,0,0
8/14/24 1:00,0,0
8/14/24 2:00,0,0
8/14/24 3:00,0,0
8/14/24 4:00,0,0
8/14/24 5:00,0.0430216,0.02015996
8/14/24 6:00,0.2401536,0.1912407
8/14/24 7:00,0.3544946,0.3317537
8/14/24 8:00,0.4578507,0.4427059
8/14/24 9:00,0.6242601,0.6118606
8/14/24 10:00,0.7385065,0.7307656
8/14/24 11:00,0.9650518,0.9636934
8/14/24 12:00,0.9526829,0.9497401
8/14/24 13:00,0.9521061,0.941523
8/14/24 14:00,0.8180931,0.7939219
8/14/24 15:00,0.5033441,0.4726077
8/14/24 16:00,0.2865864,0.253213
8/14/24 17:00,0.1038807,0.07037352
8/14/24 18:00,0.001463459,0
8/14/24 19:00,0,0
8/14/24 20:00,0,0
8/14/24 21:00,0,0
8/14/24 22:00,0,0
8/14/24 23:00,0,0
8/15/24 0:00,0,0
8/15/24 1:00,0,0
8/15/24 2:00,0,0
8/15/24 3:00,0,0
8/15/24 4:00,0,0
8/15/24 5:00,0.04831047,0.01378223
8/15/24 6:00,0.140286,0.1314572
8/15/24 7:00,0.1906884,0.1846844
8/15/24 8:00,0.2720924,0.2643305
8/15/24 9:00,0.1360292,0.1321642
8/15/24 10:00,0.5790935,0.5691245
8/15/24 11:00,0.7770289,0.772725
8/15/24 12:00,0.6041321,0.5946534
8/15/24 13:00,0.4364819,0.426019
8/15/24 14:00,0.1127143,0.1094903
8/15/24 15:00,0.1886172,0.1830711
8/15/24 16:00,0.2225395,0.2069419
8/15/24 17:00,0.07832431,0.06626997
8/15/24 18:00,0.001059947,0
8/15/24 19:00,0,0
8/15/24 20:00,0,0
8/15/24 21:00,0,0
8/15/24 22:00,0,0
8/15/24 23:00,0,0
8/16/24 0:00,0,0
8/16/24 1:00,0,0
8/16/24 2:00,0,0
8/16/24 3:00,0,0
8/16/24 4:00,0,0
8/16/24 5:00,0.04949097,0.01143071
8/16/24 6:00,0.2971206,0.2295982
8/16/24 7:00,0.5197828,0.4751971
8/16/24 8:00,0.6513424,0.6285064
8/16/24 9:00,0.8794411,0.8687015
8/16/24 10:00,0.937723,0.9366441
8/16/24 11:00,0.9323034,0.9342413
8/16/24 12:00,0.8848214,0.8845318
8/16/24 13:00,0.7835338,0.7767832
8/16/24 14:00,0.7492111,0.7309238
8/16/24 15:00,0.6332039,0.5944648
8/16/24 16:00,0.2945792,0.2597178
8/16/24 17:00,0.09257756,0.06809339
8/16/24 18:00,0.000478024,0
8/16/24 19:00,0,0
8/16/24 20:00,0,0
8/16/24 21:00,0,0
8/16/24 22:00,0,0
8/16/24 23:00,0,0
8/17/24 0:00,0,0
8/17/24 1:00,0,0
8/17/24 2:00,0,0
8/17/24 3:00,0,0
8/17/24 4:00,0,0
8/17/24 5:00,0.01776737,0.01681302
8/17/24 6:00,0.1490771,0.1385145
8/17/24 7:00,0.2846701,0.2725559
8/17/24 8:00,0.3744282,0.3639378
8/17/24 9:00,0.4716445,0.4613841
8/17/24 10:00,0.4074368,0.3974051
8/17/24 11:00,0.4909341,0.4805563
8/17/24 12:00,0.5168964,0.5068243
8/17/24 13:00,0.7047576,0.6981229
8/17/24 14:00,0.5510656,0.5384059
8/17/24 15:00,0.4397064,0.4189172
8/17/24 16:00,0.2134466,0.19988
8/17/24 17:00,0.05267587,0.04963874
8/17/24 18:00,0.000328955,0
8/17/24 19:00,0,0
8/17/24 20:00,0,0
8/17/24 21:00,0,0
8/17/24 22:00,0,0
8/17/24 23:00,0,0
8/18/24 0:00,0,0
8/18/24 1:00,0,0
8/18/24 2:00,0,0
8/18/24 3:00,0,0
8/18/24 4:00,0,0
8/18/24 5:00,0.02690526,0.02273731
8/18/24 6:00,0.1670095,0.1517678
8/18/24 7:00,0.4707477,0.4354068
8/18/24 8:00,0.6501973,0.6311512
8/18/24 9:00,0.9118379,0.905368
8/18/24 10:00,0.9845624,0.9882311
8/18/24 11:00,1.100515,1.109186
8/18/24 12:00,0.8149247,0.8156693
8/18/24 13:00,0.7732347,0.7695368
8/18/24 14:00,0.5928512,0.5806566
8/18/24 15:00,0.3866837,0.3712662
8/18/24 16:00,0.3179253,0.2778345
8/18/24 17:00,0.1051981,0.06381384
8/18/24 18:00,0.000426956,0
8/18/24 19:00,0,0
8/18/24 20:00,0,0
8/18/24 21:00,0,0
8/18/24 22:00,0,0
8/18/24 23:00,0,0
8/19/24 0:00,0,0
8/19/24 1:00,0,0
8/19/24 2:00,0,0
8/19/24 3:00,0,0
8/19/24 4:00,0,0
8/19/24 5:00,0.0218545,0.01998436
8/19/24 6:00,0.1942498,0.1697329
8/19/24 7:00,0.4004327,0.3756173
8/19/24 8:00,0.5318114,0.5180322
8/19/24 9:00,0.6467689,0.6399178
8/19/24 10:00,0.8241848,0.8261455
8/19/24 11:00,0.8666867,0.871873
8/19/24 12:00,1.009504,1.017722
8/19/24 13:00,0.8411543,0.8405851
8/19/24 14:00,0.6729159,0.6613489
8/19/24 15:00,0.3981677,0.3824858
8/19/24 16:00,0.2474525,0.2268082
8/19/24 17:00,0.08375127,0.06369182
8/19/24 18:00,0.000167176,0
8/19/24 19:00,0,0
8/19/24 20:00,0,0
8/19/24 21:00,0,0
8/19/24 22:00,0,0
8/19/24 23:00,0,0
8/20/24 0:00,0,0
8/20/24 1:00,0,0
8/20/24 2:00,0,0
8/20/24 3:00,0,0
8/20/24 4:00,0,0
8/20/24 5:00,0.04065718,0.01609852
8/20/24 6:00,0.07910687,0.07652478
8/20/24 7:00,0.1224392,0.1188539
8/20/24 8:00,0.1543272,0.1499487
8/20/24 9:00,0.3058841,0.2977021
8/20/24 10:00,0.299735,0.2916065
8/20/24 11:00,0.3347117,0.3258032
8/20/24 12:00,0.3234104,0.3147515
8/20/24 13:00,0.2815819,0.2738965
8/20/24 14:00,0.1195577,0.1161613
8/20/24 15:00,0.06786596,0.06590642
8/20/24 16:00,0.09946026,0.09639043
8/20/24 17:00,0.05255551,0.0490442
8/20/24 18:00,0.000133785,0
8/20/24 19:00,0,0
8/20/24 20:00,0,0
8/20/24 21:00,0,0
8/20/24 22:00,0,0
8/20/24 23:00,0,0
8/21/24 0:00,0,0
8/21/24 1:00,0,0
8/21/24 2:00,0,0
8/21/24 3:00,0,0
8/21/24 4:00,0,0
8/21/24 5:00,0.03598943,0.01925199
8/21/24 6:00,0.03083322,0.02990366
8/21/24 7:00,0.04923881,0.04780964
8/21/24 8:00,0.01500098,0.01456548
8/21/24 9:00,0.02043459,0.01984244
8/21/24 10:00,0.04620679,0.0448775
8/21/24 11:00,0.1170105,0.1137
8/21/24 12:00,0.3616531,0.3523649
8/21/24 13:00,0.2837802,0.2760676
8/21/24 14:00,0.1990336,0.193462
8/21/24 15:00,0.1815285,0.1763072
8/21/24 16:00,0.1855793,0.1766863
8/21/24 17:00,0.0400252,0.03826552
8/21/24 18:00,4.70647E-05,0
8/21/24 19:00,0,0
8/21/24 20:00,0,0
8/21/24 21:00,0,0
8/21/24 22:00,0,0
8/21/24 23:00,0,0
8/22/24 0:00,0,0
8/22/24 1:00,0,0
8/22/24 2:00,0,0
8/22/24 3:00,0,0
8/22/24 4:00,0,0
8/22/24 5:00,0.03935645,0.01535538
8/22/24 6:00,0.1937643,0.1711209
8/22/24 7:00,0.2426431,0.2347428
8/22/24 8:00,0.3686217,0.3596644
8/22/24 9:00,0.4590378,0.4503555
8/22/24 10:00,0.5453648,0.537825
8/22/24 11:00,0.6918294,0.6909155
8/22/24 12:00,0.6330016,0.6289457
8/22/24 13:00,0.5529112,0.546191
8/22/24 14:00,0.4611208,0.4523636
8/22/24 15:00,0.3501322,0.3390379
8/22/24 16:00,0.1693568,0.1623133
8/22/24 17:00,0.03218539,0.03090338
8/22/24 18:00,3.27832E-06,0
8/22/24 19:00,0,0
8/22/24 20:00,0,0
8/22/24 21:00,0,0
8/22/24 22:00,0,0
8/22/24 23:00,0,0
8/23/24 0:00,0,0
8/23/24 1:00,0,0
8/23/24 2:00,0,0
8/23/24 3:00,0,0
8/23/24 4:00,0,0
8/23/24 5:00,0.02473843,0.02080505
8/23/24 6:00,0.0389789,0.0377963
8/23/24 7:00,0.04711469,0.04575026
8/23/24 8:00,0.1688893,0.1641404
8/23/24 9:00,0.5089494,0.5016856
8/23/24 10:00,0.5409008,0.533639
8/23/24 11:00,0.4110616,0.401389
8/23/24 12:00,0.5576501,0.5507011
8/23/24 13:00,0.3824379,0.3733982
8/23/24 14:00,0.5428955,0.5359839
8/23/24 15:00,0.4019296,0.388954
8/23/24 16:00,0.2128764,0.2002079
8/23/24 17:00,0.08904151,0.05710943
8/23/24 18:00,0,0
8/23/24 19:00,0,0
8/23/24 20:00,0,0
8/23/24 21:00,0,0
8/23/24 22:00,0,0
8/23/24 23:00,0,0
8/24/24 0:00,0,0
8/24/24 1:00,0,0
8/24/24 2:00,0,0
8/24/24 3:00,0,0
8/24/24 4:00,0,0
8/24/24 5:00,0.03569151,0.01690047
8/24/24 6:00,0.08786574,0.08497972
8/24/24 7:00,0.1177507,0.1143467
8/24/24 8:00,0.04235723,0.04113819
8/24/24 9:00,0.2069137,0.2011939
8/24/24 10:00,0.3991983,0.3898912
8/24/24 11:00,0.6728518,0.6725097
8/24/24 12:00,0.7128301,0.7157592
8/24/24 13:00,0.3067326,0.298636
8/24/24 14:00,0.1810371,0.1759877
8/24/24 15:00,0.253078,0.2459648
8/24/24 16:00,0.1418131,0.1369458
8/24/24 17:00,0.01432541,0.01384433
8/24/24 18:00,0,0
8/24/24 19:00,0,0
8/24/24 20:00,0,0
8/24/24 21:00,0,0
8/24/24 22:00,0,0
8/24/24 23:00,0,0
8/25/24 0:00,0,0
8/25/24 1:00,0,0
8/25/24 2:00,0,0
8/25/24 3:00,0,0
8/25/24 4:00,0,0
8/25/24 5:00,0.01895858,0.01746862
8/25/24 6:00,0.05720233,0.05543695
8/25/24 7:00,0.2540525,0.2462115
8/25/24 8:00,0.5186478,0.5120672
8/25/24 9:00,0.6612751,0.6627337
8/25/24 10:00,0.785832,0.7957768
8/25/24 11:00,0.9544833,0.9758993
8/25/24 12:00,0.6749028,0.6760987
8/25/24 13:00,0.769796,0.7780029
8/25/24 14:00,0.4600785,0.4529929
8/25/24 15:00,0.2923175,0.2842965
8/25/24 16:00,0.2279919,0.2132029
8/25/24 17:00,0.08301843,0.05404507
8/25/24 18:00,0,0
8/25/24 19:00,0,0
8/25/24 20:00,0,0
8/25/24 21:00,0,0
8/25/24 22:00,0,0
8/25/24 23:00,0,0
8/26/24 0:00,0,0
8/26/24 1:00,0,0
8/26/24 2:00,0,0
8/26/24 3:00,0,0
8/26/24 4:00,0,0
8/26/24 5:00,0.02940436,0.019499
8/26/24 6:00,0.04128252,0.04003706
8/26/24 7:00,0.03619928,0.03515308
8/26/24 8:00,0.07852776,0.07629126
8/26/24 9:00,0.04734809,0.04598915
8/26/24 10:00,0.14183,0.1378602
8/26/24 11:00,0.06450578,0.06266238
8/26/24 12:00,0.1099898,0.1068852
8/26/24 13:00,0.0371062,0.03603776
8/26/24 14:00,0.1255079,0.1219771
8/26/24 15:00,0.1013865,0.09849516
8/26/24 16:00,0.01551057,0.01505799
8/26/24 17:00,0.009709763,0.009397048
8/26/24 18:00,0,0
8/26/24 19:00,0,0
8/26/24 20:00,0,0
8/26/24 21:00,0,0
8/26/24 22:00,0,0
8/26/24 23:00,0,0
8/27/24 0:00,0,0
8/27/24 1:00,0,0
8/27/24 2:00,0,0
8/27/24 3:00,0,0
8/27/24 4:00,0,0
8/27/24 5:00,0.03889899,0.01090999
8/27/24 6:00,0.2141967,0.1891218
8/27/24 7:00,0.3942602,0.380666
8/27/24 8:00,0.5707088,0.5681626
8/27/24 9:00,0.6080564,0.6086984
8/27/24 10:00,0.8836915,0.9042194
8/27/24 11:00,0.9375692,0.9625282
8/27/24 12:00,0.9778814,1.004015
8/27/24 13:00,0.8280845,0.8434623
8/27/24 14:00,0.5082338,0.5041377
8/27/24 15:00,0.5285461,0.5165462
8/27/24 16:00,0.2649705,0.2443682
8/27/24 17:00,0.04709911,0.04311392
8/27/24 18:00,0,0
8/27/24 19:00,0,0
8/27/24 20:00,0,0
8/27/24 21:00,0,0
8/27/24 22:00,0,0
8/27/24 23:00,0,0
8/28/24 0:00,0,0
8/28/24 1:00,0,0
8/28/24 2:00,0,0
8/28/24 3:00,0,0
8/28/24 4:00,0,0
8/28/24 5:00,0.01491305,0.01408816
8/28/24 6:00,0.1028489,0.09928895
8/28/24 7:00,0.2622347,0.254881
8/28/24 8:00,0.04907558,0.04766929
8/28/24 9:00,0.1882185,0.1830339
8/28/24 10:00,0.2071371,0.2014572
8/28/24 11:00,0.1731152,0.1683201
8/28/24 12:00,0.1069859,0.1039686
8/28/24 13:00,0.303059,0.2951811
8/28/24 14:00,0.2670361,0.2600473
8/28/24 15:00,0.1346974,0.130895
8/28/24 16:00,0.04696187,0.04558347
8/28/24 17:00,0.03243822,0.03101923
8/28/24 18:00,0,0
8/28/24 19:00,0,0
8/28/24 20:00,0,0
8/28/24 21:00,0,0
8/28/24 22:00,0,0
8/28/24 23:00,0,0
8/29/24 0:00,0,0
8/29/24 1:00,0,0
8/29/24 2:00,0,0
8/29/24 3:00,0,0
8/29/24 4:00,0,0
8/29/24 5:00,0.03962134,0.008348453
8/29/24 6:00,0.1193856,0.1146954
8/29/24 7:00,0.3118176,0.303508
8/29/24 8:00,0.3484645,0.3414202
8/29/24 9:00,0.3128251,0.3049576
8/29/24 10:00,0.2069554,0.2012905
8/29/24 11:00,0.4966688,0.4891894
8/29/24 12:00,0.422934,0.414154
8/29/24 13:00,0.3530281,0.3446969
8/29/24 14:00,0.2527173,0.2460259
8/29/24 15:00,0.2023277,0.1968043
8/29/24 16:00,0.1242402,0.1203702
8/29/24 17:00,0.0289563,0.02775863
8/29/24 18:00,0,0
8/29/24 19:00,0,0
8/29/24 20:00,0,0
8/29/24 21:00,0,0
8/29/24 22:00,0,0
8/29/24 23:00,0,0
8/30/24 0:00,0,0
8/30/24 1:00,0,0
8/30/24 2:00,0,0
8/30/24 3:00,0,0
8/30/24 4:00,0,0
8/30/24 5:00,0.02725433,0.01812099
8/30/24 6:00,0.02719524,0.02639342
8/30/24 7:00,0.06497112,0.06311288
8/30/24 8:00,0.09968728,0.09687895
8/30/24 9:00,0.1257437,0.1222281
8/30/24 10:00,0.1126381,0.1094727
8/30/24 11:00,0.1099107,0.1068178
8/30/24 12:00,0.1166986,0.1134223
8/30/24 13:00,0.0808659,0.07857315
8/30/24 14:00,0.1021785,0.09930264
8/30/24 15:00,0.03621693,0.03517537
8/30/24 16:00,0.007479889,0.007262027
8/30/24 17:00,0.000779341,0.000756396
8/30/24 18:00,0,0
8/30/24 19:00,0,0
8/30/24 20:00,0,0
8/30/24 21:00,0,0
8/30/24 22:00,0,0
8/30/24 23:00,0,0
8/31/24 0:00,0,0
8/31/24 1:00,0,0
8/31/24 2:00,0,0
8/31/24 3:00,0,0
8/31/24 4:00,0,0
8/31/24 5:00,0.02414303,0.01832597
8/31/24 6:00,0.08120842,0.07871228
8/31/24 7:00,0.1071768,0.1041454
8/31/24 8:00,0.1680408,0.1634142
8/31/24 9:00,0.07788963,0.07568157
8/31/24 10:00,0.2563165,0.249436
8/31/24 11:00,0.1816133,0.1766165
8/31/24 12:00,0.5055497,0.499541
8/31/24 13:00,0.1678342,0.1632075
8/31/24 14:00,0.330367,0.32324
8/31/24 15:00,0.2564914,0.2502879
8/31/24 16:00,0.1652057,0.1592373
8/31/24 17:00,0.03408702,0.03223548
8/31/24 18:00,0,0
8/31/24 19:00,0,0
8/31/24 20:00,0,0
8/31/24 21:00,0,0
8/31/24 22:00,0,0
8/31/24 23:00,0,0
9/1/24 0:00,0,0
9/1/24 1:00,0,0
9/1/24 2:00,0,0
9/1/24 3:00,0,0
9/1/24 4:00,0,0
9/1/24 5:00,0.03398477,0.01144889
9/1/24 6:00,0.03215708,0.03121102
9/1/24 7:00,0.04370917,0.04245617
9/1/24 8:00,0.1499101,0.1457695
9/1/24 9:00,0.2812669,0.273974
9/1/24 10:00,0.2466748,0.240048
9/1/24 11:00,0.2874977,0.2798811
9/1/24 12:00,0.1734337,0.1686598
9/1/24 13:00,0.2799962,0.2726652
9/1/24 14:00,0.2021861,0.1966993
9/1/24 15:00,0.1155217,0.1122845
9/1/24 16:00,0.05984809,0.058103
9/1/24 17:00,0.02404678,0.02308467
9/1/24 18:00,0,0
9/1/24 19:00,0,0
9/1/24 20:00,0,0
9/1/24 21:00,0,0
9/1/24 22:00,0,0
9/1/24 23:00,0,0
9/2/24 0:00,0,0
9/2/24 1:00,0,0
9/2/24 2:00,0,0
9/2/24 3:00,0,0
9/2/24 4:00,0,0
9/2/24 5:00,0.02448491,0.01750033
9/2/24 6:00,0.08551752,0.08291028
9/2/24 7:00,0.09102841,0.0884593
9/2/24 8:00,0.2874668,0.2808177
9/2/24 9:00,0.5771816,0.5816379
9/2/24 10:00,0.6771324,0.6880257
9/2/24 11:00,0.4705057,0.4631369
9/2/24 12:00,0.4134732,0.4051426
9/2/24 13:00,0.2057973,0.2002176
9/2/24 14:00,0.2170644,0.2112377
9/2/24 15:00,0.1343069,0.1305763
9/2/24 16:00,0.0539351,0.05236848
9/2/24 17:00,0.01849612,0.01780354
9/2/24 18:00,0,0
9/2/24 19:00,0,0
9/2/24 20:00,0,0
9/2/24 21:00,0,0
9/2/24 22:00,0,0
9/2/24 23:00,0,0
9/3/24 0:00,0,0
9/3/24 1:00,0,0
9/3/24 2:00,0,0
9/3/24 3:00,0,0
9/3/24 4:00,0,0
9/3/24 5:00,0.03316312,0.01057162
9/3/24 6:00,0.1469394,0.140554
9/3/24 7:00,0.1381152,0.1342855
9/3/24 8:00,0.2201816,0.2143501
9/3/24 9:00,0.3949559,0.3880478
9/3/24 10:00,0.4517958,0.4447924
9/3/24 11:00,0.6798054,0.690127
9/3/24 12:00,0.3986998,0.3903245
9/3/24 13:00,0.6302739,0.6403825
9/3/24 14:00,0.5564402,0.5640297
9/3/24 15:00,0.2533287,0.2476985
9/3/24 16:00,0.1924388,0.1852487
9/3/24 17:00,0.02339954,0.02244842
9/3/24 18:00,0,0
9/3/24 19:00,0,0
9/3/24 20:00,0,0
9/3/24 21:00,0,0
9/3/24 22:00,0,0
9/3/24 23:00,0,0
9/4/24 0:00,0,0
9/4/24 1:00,0,0
9/4/24 2:00,0,0
9/4/24 3:00,0,0
9/4/24 4:00,0,0
9/4/24 5:00,0.03311713,0.009770473
9/4/24 6:00,0.1509548,0.1445497
9/4/24 7:00,0.2667286,0.2616852
9/4/24 8:00,0.4100312,0.4075202
9/4/24 9:00,0.3553054,0.3478587
9/4/24 10:00,0.2287708,0.2226294
9/4/24 11:00,0.4068775,0.3984292
9/4/24 12:00,0.413593,0.405555
9/4/24 13:00,0.3672634,0.3596495
9/4/24 14:00,0.34072,0.3345042
9/4/24 15:00,0.1406053,0.1367376
9/4/24 16:00,0.04080999,0.0396313
9/4/24 17:00,0.03159231,0.02955771
9/4/24 18:00,0,0
9/4/24 19:00,0,0
9/4/24 20:00,0,0
9/4/24 21:00,0,0
9/4/24 22:00,0,0
9/4/24 23:00,0,0
9/5/24 0:00,0,0
9/5/24 1:00,0,0
9/5/24 2:00,0,0
9/5/24 3:00,0,0
9/5/24 4:00,0,0
9/5/24 5:00,0.0263526,0.01514857
9/5/24 6:00,0.005344994,0.005189389
9/5/24 7:00,0.07073985,0.06874472
9/5/24 8:00,0.0308426,0.02995683
9/5/24 9:00,0.004037878,0.003920138
9/5/24 10:00,0.1045618,0.1016319
9/5/24 11:00,0.2022781,0.1967965
9/5/24 12:00,0.04489048,0.04360496
9/5/24 13:00,0.02756616,0.02677197
9/5/24 14:00,0.02837693,0.02756076
9/5/24 15:00,0.1364821,0.1327367
9/5/24 16:00,0.1034393,0.1004687
9/5/24 17:00,0.01662005,0.01599611
9/5/24 18:00,0,0
9/5/24 19:00,0,0
9/5/24 20:00,0,0
9/5/24 21:00,0,0
9/5/24 22:00,0,0
9/5/24 23:00,0,0
9/6/24 0:00,0,0
9/6/24 1:00,0,0
9/6/24 2:00,0,0
9/6/24 3:00,0,0
9/6/24 4:00,0,0
9/6/24 5:00,0.03075119,0.01056515
9/6/24 6:00,0.1954497,0.186074
9/6/24 7:00,0.2863626,0.2827024
9/6/24 8:00,0.5354765,0.5467219
9/6/24 9:00,0.6489491,0.6671066
9/6/24 10:00,0.9462915,0.9955875
9/6/24 11:00,0.9570277,1.007678
9/6/24 12:00,0.8105534,0.8450303
9/6/24 13:00,0.6094416,0.6208673
9/6/24 14:00,0.6060551,0.6241066
9/6/24 15:00,0.3517401,0.3507177
9/6/24 16:00,0.123029,0.1195427
9/6/24 17:00,0.04181175,0.03418408
9/6/24 18:00,0,0
9/6/24 19:00,0,0
9/6/24 20:00,0,0
9/6/24 21:00,0,0
9/6/24 22:00,0,0
9/6/24 23:00,0,0
9/7/24 0:00,0,0
9/7/24 1:00,0,0
9/7/24 2:00,0,0
9/7/24 3:00,0,0
9/7/24 4:00,0,0
9/7/24 5:00,0.02581098,0.01426949
9/7/24 6:00,0.1284959,0.1245182
9/7/24 7:00,0.2301952,0.2255429
9/7/24 8:00,0.3580153,0.353923
9/7/24 9:00,0.6631735,0.6849521
9/7/24 10:00,0.9180882,0.9677026
9/7/24 11:00,0.8236729,0.8606935
9/7/24 12:00,1.036121,1.094451
9/7/24 13:00,0.9460006,0.9954436
9/7/24 14:00,0.7717493,0.8051197
9/7/24 15:00,0.5721292,0.5859821
9/7/24 16:00,0.2630422,0.2556238
9/7/24 17:00,0.04591331,0.03363061
9/7/24 18:00,0,0
9/7/24 19:00,0,0
9/7/24 20:00,0,0
9/7/24 21:00,0,0
9/7/24 22:00,0,0
9/7/24 23:00,0,0
9/8/24 0:00,0,0
9/8/24 1:00,0,0
9/8/24 2:00,0,0
9/8/24 3:00,0,0
9/8/24 4:00,0,0
9/8/24 5:00,0.0344681,0.005353703
9/8/24 6:00,0.08861735,0.08608487
9/8/24 7:00,0.08430474,0.08195972
9/8/24 8:00,0.4719245,0.4783999
9/8/24 9:00,0.3604731,0.3536185
9/8/24 10:00,0.5962924,0.6033077
9/8/24 11:00,0.743701,0.7700561
9/8/24 12:00,0.5010477,0.4978764
9/8/24 13:00,0.3916826,0.3852765
9/8/24 14:00,0.08968432,0.08718056
9/8/24 15:00,0.1571615,0.1529634
9/8/24 16:00,0.07966091,0.07741283
9/8/24 17:00,0.013724,0.01321715
9/8/24 18:00,0,0
9/8/24 19:00,0,0
9/8/24 20:00,0,0
9/8/24 21:00,0,0
9/8/24 22:00,0,0
9/8/24 23:00,0,0
9/9/24 0:00,0,0
9/9/24 1:00,0,0
9/9/24 2:00,0,0
9/9/24 3:00,0,0
9/9/24 4:00,0,0
9/9/24 5:00,0.0297388,0.009200141
9/9/24 6:00,0.2240979,0.2176405
9/9/24 7:00,0.4594604,0.4719878
9/9/24 8:00,0.6896161,0.7227136
9/9/24 9:00,0.8438426,0.8915871
9/9/24 10:00,0.9825666,1.042677
9/9/24 11:00,0.9361483,0.9925349
9/9/24 12:00,0.8784539,0.928766
9/9/24 13:00,0.7119631,0.7434338
9/9/24 14:00,0.5135577,0.5250227
9/9/24 15:00,0.4319418,0.4422321
9/9/24 16:00,0.2833118,0.2793676
9/9/24 17:00,0.04584241,0.03059058
9/9/24 18:00,0,0
9/9/24 19:00,0,0
9/9/24 20:00,0,0
9/9/24 21:00,0,0
9/9/24 22:00,0,0
9/9/24 23:00,0,0
9/10/24 0:00,0,0
9/10/24 1:00,0,0
9/10/24 2:00,0,0
9/10/24 3:00,0,0
9/10/24 4:00,0,0
9/10/24 5:00,0.02441555,0.01339153
9/10/24 6:00,0.2114651,0.2071963
9/10/24 7:00,0.5242985,0.5426524
9/10/24 8:00,0.7912291,0.8334343
9/10/24 9:00,0.9345317,0.9915254
9/10/24 10:00,1.034047,1.100873
9/10/24 11:00,1.070864,1.141317
9/10/24 12:00,1.018155,1.083998
9/10/24 13:00,0.9359872,0.9935771
9/10/24 14:00,0.7080303,0.7457446
9/10/24 15:00,0.3821818,0.3888055
9/10/24 16:00,0.2414112,0.2392675
9/10/24 17:00,0.04339744,0.02917199
9/10/24 18:00,0,0
9/10/24 19:00,0,0
9/10/24 20:00,0,0
9/10/24 21:00,0,0
9/10/24 22:00,0,0
9/10/24 23:00,0,0
9/11/24 0:00,0,0
9/11/24 1:00,0,0
9/11/24 2:00,0,0
9/11/24 3:00,0,0
9/11/24 4:00,0,0
9/11/24 5:00,0.02382644,0.01319868
9/11/24 6:00,0.04085674,0.03969901
9/11/24 7:00,0.08060326,0.07837587
9/11/24 8:00,0.08120743,0.07894316
9/11/24 9:00,0.2463053,0.2399416
9/11/24 10:00,0.1792232,0.1743862
9/11/24 11:00,0.1201334,0.1168034
9/11/24 12:00,0.05457827,0.05302545
9/11/24 13:00,0.06217569,0.06041615
9/11/24 14:00,0.05351673,0.05200185
9/11/24 15:00,0.06011599,0.05843143
9/11/24 16:00,0.06022679,0.05854408
9/11/24 17:00,0.0117037,0.01127376
9/11/24 18:00,0,0
9/11/24 19:00,0,0
9/11/24 20:00,0,0
9/11/24 21:00,0,0
9/11/24 22:00,0,0
9/11/24 23:00,0,0
9/12/24 0:00,0,0
9/12/24 1:00,0,0
9/12/24 2:00,0,0
9/12/24 3:00,0,0
9/12/24 4:00,0,0
9/12/24 5:00,0.01817185,0.01448509
9/12/24 6:00,0.02057471,0.01998609
9/12/24 7:00,0.03505956,0.03406364
9/12/24 8:00,0.1641254,0.1597627
9/12/24 9:00,0.2321699,0.2261285
9/12/24 10:00,0.1940753,0.1888822
9/12/24 11:00,0.1647459,0.1602694
9/12/24 12:00,0.1309641,0.1273591
9/12/24 13:00,0.008326886,0.008084896
9/12/24 14:00,0.1023348,0.09951466
9/12/24 15:00,0.02495209,0.02423787
9/12/24 16:00,0.04210294,0.04091818
9/12/24 17:00,0.0119378,0.01149175
9/12/24 18:00,0,0
9/12/24 19:00,0,0
9/12/24 20:00,0,0
9/12/24 21:00,0,0
9/12/24 22:00,0,0
9/12/24 23:00,0,0
9/13/24 0:00,0,0
9/13/24 1:00,0,0
9/13/24 2:00,0,0
9/13/24 3:00,0,0
9/13/24 4:00,0,0
9/13/24 5:00,0.0173275,0.01411824
9/13/24 6:00,0.1474204,0.1454501
9/13/24 7:00,0.4515033,0.4733545
9/13/24 8:00,0.3993838,0.4014949
9/13/24 9:00,0.5301341,0.5392879
9/13/24 10:00,0.710686,0.7427394
9/13/24 11:00,0.9764523,1.047925
9/13/24 12:00,0.8404468,0.8953509
9/13/24 13:00,0.7462963,0.7921925
9/13/24 14:00,0.5333981,0.5544958
9/13/24 15:00,0.3538052,0.3611778
9/13/24 16:00,0.1922666,0.1922415
9/13/24 17:00,0.03819371,0.02501611
9/13/24 18:00,0,0
9/13/24 19:00,0,0
9/13/24 20:00,0,0
9/13/24 21:00,0,0
9/13/24 22:00,0,0
9/13/24 23:00,0,0
9/14/24 0:00,0,0
9/14/24 1:00,0,0
9/14/24 2:00,0,0
9/14/24 3:00,0,0
9/14/24 4:00,0,0
9/14/24 5:00,0.02089209,0.01329223
9/14/24 6:00,0.05258075,0.0511301
9/14/24 7:00,0.1687982,0.1647124
9/14/24 8:00,0.3487324,0.3465287
9/14/24 9:00,0.4100931,0.4065953
9/14/24 10:00,0.8274785,0.8831672
9/14/24 11:00,0.9602157,1.032813
9/14/24 12:00,0.8564109,0.9163462
9/14/24 13:00,0.5492816,0.5614298
9/14/24 14:00,0.4556894,0.4651057
9/14/24 15:00,0.1237069,0.1204221
9/14/24 16:00,0.1155091,0.11294
9/14/24 17:00,0.00620357,0.005996084
9/14/24 18:00,0,0
9/14/24 19:00,0,0
9/14/24 20:00,0,0
9/14/24 21:00,0,0
9/14/24 22:00,0,0
9/14/24 23:00,0,0
9/15/24 0:00,0,0
9/15/24 1:00,0,0
9/15/24 2:00,0,0
9/15/24 3:00,0,0
9/15/24 4:00,0,0
9/15/24 5:00,0.02183088,0.01222582
9/15/24 6:00,0.04870616,0.04736621
9/15/24 7:00,0.02959638,0.02875501
9/15/24 8:00,0.06159424,0.05986672
9/15/24 9:00,0.1040577,0.1011843
9/15/24 10:00,0.05815189,0.05650381
9/15/24 11:00,0.18131,0.1764454
9/15/24 12:00,0.2869316,0.279732
9/15/24 13:00,0.2991738,0.2922938
9/15/24 14:00,0.1483246,0.1443747
9/15/24 15:00,0.1747883,0.1706153
9/15/24 16:00,0.05786693,0.05628866
9/15/24 17:00,0.004434508,0.004291498
9/15/24 18:00,0,0
9/15/24 19:00,0,0
9/15/24 20:00,0,0
9/15/24 21:00,0,0
9/15/24 22:00,0,0
9/15/24 23:00,0,0
9/16/24 0:00,0,0
9/16/24 1:00,0,0
9/16/24 2:00,0,0
9/16/24 3:00,0,0
9/16/24 4:00,0,0
9/16/24 5:00,0.01649547,0.01329347
9/16/24 6:00,0.07648198,0.07448184
9/16/24 7:00,0.08643257,0.08409157
9/16/24 8:00,0.1497484,0.1457834
9/16/24 9:00,0.4243154,0.4225864
9/16/24 10:00,0.3064591,0.299068
9/16/24 11:00,0.2997617,0.2923141
9/16/24 12:00,0.3067549,0.2993395
9/16/24 13:00,0.19811,0.1929158
9/16/24 14:00,0.1354721,0.1318457
9/16/24 15:00,0.1896456,0.1855669
9/16/24 16:00,0.1167679,0.1145567
9/16/24 17:00,0.02560286,0.0207497
9/16/24 18:00,0,0
9/16/24 19:00,0,0
9/16/24 20:00,0,0
9/16/24 21:00,0,0
9/16/24 22:00,0,0
9/16/24 23:00,0,0
9/17/24 0:00,0,0
9/17/24 1:00,0,0
9/17/24 2:00,0,0
9/17/24 3:00,0,0
9/17/24 4:00,0,0
9/17/24 5:00,0.02507382,0.007930681
9/17/24 6:00,0.1525337,0.1535602
9/17/24 7:00,0.2683202,0.2693354
9/17/24 8:00,0.3955595,0.3998111
9/17/24 9:00,0.6430043,0.6788155
9/17/24 10:00,0.7305287,0.7739264
9/17/24 11:00,0.6936743,0.7250008
9/17/24 12:00,0.5857475,0.5990922
9/17/24 13:00,0.3521848,0.3462828
9/17/24 14:00,0.5768154,0.6145453
9/17/24 15:00,0.3323362,0.3418918
9/17/24 16:00,0.07974635,0.07768776
9/17/24 17:00,0.02222619,0.01895105
9/17/24 18:00,0,0
9/17/24 19:00,0,0
9/17/24 20:00,0,0
9/17/24 21:00,0,0
9/17/24 22:00,0,0
9/17/24 23:00,0,0
9/18/24 0:00,0,0
9/18/24 1:00,0,0
9/18/24 2:00,0,0
9/18/24 3:00,0,0
9/18/24 4:00,0,0
9/18/24 5:00,0.02278363,0.009518814
9/18/24 6:00,0.1552486,0.1574302
9/18/24 7:00,0.3193787,0.3289154
9/18/24 8:00,0.5453866,0.5798235
9/18/24 9:00,0.7664919,0.8290692
9/18/24 10:00,0.8806806,0.9552791
9/18/24 11:00,0.8912778,0.9653992
9/18/24 12:00,0.7073919,0.7471937
9/18/24 13:00,0.3891766,0.3852369
9/18/24 14:00,0.3840649,0.3868591
9/18/24 15:00,0.3683608,0.3866601
9/18/24 16:00,0.1793004,0.1843594
9/18/24 17:00,0.02610445,0.01930832
9/18/24 18:00,0,0
9/18/24 19:00,0,0
9/18/24 20:00,0,0
9/18/24 21:00,0,0
9/18/24 22:00,0,0
9/18/24 23:00,0,0
9/19/24 0:00,0,0
9/19/24 1:00,0,0
9/19/24 2:00,0,0
9/19/24 3:00,0,0
9/19/24 4:00,0,0
9/19/24 5:00,0.02669082,0.004874714
9/19/24 6:00,0.1309251,0.1308103
9/19/24 7:00,0.2436351,0.2430058
9/19/24 8:00,0.6305288,0.6838977
9/19/24 9:00,0.7165336,0.7722895
9/19/24 10:00,0.7993483,0.8618748
9/19/24 11:00,0.5055668,0.5065514
9/19/24 12:00,0.8182162,0.8843392
9/19/24 13:00,0.6088464,0.6399909
9/19/24 14:00,0.4319403,0.4431898
9/19/24 15:00,0.3759478,0.3979436
9/19/24 16:00,0.1591622,0.1621878
9/19/24 17:00,0.01552132,0.01444398
9/19/24 18:00,0,0
9/19/24 19:00,0,0
9/19/24 20:00,0,0
9/19/24 21:00,0,0
9/19/24 22:00,0,0
9/19/24 23:00,0,0
9/20/24 0:00,0,0
9/20/24 1:00,0,0
9/20/24 2:00,0,0
9/20/24 3:00,0,0
9/20/24 4:00,0,0
9/20/24 5:00,0.02277528,0
9/20/24 6:00,0.09318803,0.09128119
9/20/24 7:00,0.156201,0.1524844
9/20/24 8:00,0.2606384,0.2555528
9/20/24 9:00,0.462899,0.4674413
9/20/24 10:00,0.4876752,0.4890715
9/20/24 11:00,0.7475938,0.7965879
9/20/24 12:00,0.6229727,0.64718
9/20/24 13:00,0.7086228,0.7647906
9/20/24 14:00,0.5104096,0.5401878
9/20/24 15:00,0.3995563,0.4291819
9/20/24 16:00,0.1443577,0.146107
9/20/24 17:00,0.01591567,0.01487865
9/20/24 18:00,0,0
9/20/24 19:00,0,0
9/20/24 20:00,0,0
9/20/24 21:00,0,0
9/20/24 22:00,0,0
9/20/24 23:00,0,0
9/21/24 0:00,0,0
9/21/24 1:00,0,0
9/21/24 2:00,0,0
9/21/24 3:00,0,0
9/21/24 4:00,0,0
9/21/24 5:00,0.02107196,0
9/21/24 6:00,0.08515972,0.08326495
9/21/24 7:00,0.1489405,0.1453324
9/21/24 8:00,0.4392668,0.4546454
9/21/24 9:00,0.1007771,0.09801165
9/21/24 10:00,0.1545991,0.1504529
9/21/24 11:00,0.486048,0.4858759
9/21/24 12:00,0.6344625,0.6626626
9/21/24 13:00,0.3526435,0.3475357
9/21/24 14:00,0.1378545,0.1342286
9/21/24 15:00,0.04656403,0.04527131
9/21/24 16:00,0.06557126,0.06391021
9/21/24 17:00,0.006689877,0
9/21/24 18:00,0,0
9/21/24 19:00,0,0
9/21/24 20:00,0,0
9/21/24 21:00,0,0
9/21/24 22:00,0,0
9/21/24 23:00,0,0
9/22/24 0:00,0,0
9/22/24 1:00,0,0
9/22/24 2:00,0,0
9/22/24 3:00,0,0
9/22/24 4:00,0,0
9/22/24 5:00,0.01217427,0
9/22/24 6:00,0.1709073,0.1807761
9/22/24 7:00,0.4871894,0.5381743
9/22/24 8:00,0.7290453,0.8039594
9/22/24 9:00,0.827625,0.9106323
9/22/24 10:00,0.8671139,0.9505812
9/22/24 11:00,1.008295,1.109638
9/22/24 12:00,0.9443518,1.039025
9/22/24 13:00,0.8409488,0.9256378
9/22/24 14:00,0.5497395,0.5936282
9/22/24 15:00,0.3516636,0.3741544
9/22/24 16:00,0.1974783,0.214899
9/22/24 17:00,0.02727571,0
9/22/24 18:00,0,0
9/22/24 19:00,0,0
9/22/24 20:00,0,0
9/22/24 21:00,0,0
9/22/24 22:00,0,0
9/22/24 23:00,0,0
9/23/24 0:00,0,0
9/23/24 1:00,0,0
9/23/24 2:00,0,0
9/23/24 3:00,0,0
9/23/24 4:00,0,0
9/23/24 5:00,0.01935132,0
9/23/24 6:00,0.1788504,0.192559
9/23/24 7:00,0.3374438,0.3576228
9/23/24 8:00,0.5041377,0.5380923
9/23/24 9:00,0.5371235,0.5578723
9/23/24 10:00,0.6144612,0.6408133
9/23/24 11:00,0.8804375,0.9663537
9/23/24 12:00,0.6823214,0.7256498
9/23/24 13:00,0.7519524,0.8253414
9/23/24 14:00,0.5584294,0.6070234
9/23/24 15:00,0.2242756,0.2233676
9/23/24 16:00,0.1209786,0.1216429
9/23/24 17:00,0.009648105,0
9/23/24 18:00,0,0
9/23/24 19:00,0,0
9/23/24 20:00,0,0
9/23/24 21:00,0,0
9/23/24 22:00,0,0
9/23/24 23:00,0,0
9/24/24 0:00,0,0
9/24/24 1:00,0,0
9/24/24 2:00,0,0
9/24/24 3:00,0,0
9/24/24 4:00,0,0
9/24/24 5:00,0.01635493,0
9/24/24 6:00,0.2177982,0.2454798
9/24/24 7:00,0.4490699,0.4999416
9/24/24 8:00,0.5936671,0.6528112
9/24/24 9:00,0.7909951,0.8742655
9/24/24 10:00,0.9390681,1.039119
9/24/24 11:00,0.7883369,0.8562577
9/24/24 12:00,0.5967931,0.6205671
9/24/24 13:00,0.6017718,0.6405556
9/24/24 14:00,0.4930408,0.5265713
9/24/24 15:00,0.3494523,0.3756581
9/24/24 16:00,0.1627366,0.1743047
9/24/24 17:00,0.01948346,0
9/24/24 18:00,0,0
9/24/24 19:00,0,0
9/24/24 20:00,0,0
9/24/24 21:00,0,0
9/24/24 22:00,0,0
9/24/24 23:00,0,0
9/25/24 0:00,0,0
9/25/24 1:00,0,0
9/25/24 2:00,0,0
9/25/24 3:00,0,0
9/25/24 4:00,0,0
9/25/24 5:00,0.02230137,0
9/25/24 6:00,0.226533,0.2592656
9/25/24 7:00,0.4918452,0.5525388
9/25/24 8:00,0.6846355,0.7633225
9/25/24 9:00,0.9179968,1.021524
9/25/24 10:00,0.968998,1.075803
9/25/24 11:00,1.00796,1.118676
9/25/24 12:00,1.00547,1.116987
9/25/24 13:00,0.8496271,0.9445391
9/25/24 14:00,0.6951851,0.7755105
9/25/24 15:00,0.4993733,0.5615669
9/25/24 16:00,0.2364811,0.2724364
9/25/24 17:00,0.01824526,0
9/25/24 18:00,0,0
9/25/24 19:00,0,0
9/25/24 20:00,0,0
9/25/24 21:00,0,0
9/25/24 22:00,0,0
9/25/24 23:00,0,0
9/26/24 0:00,0,0
9/26/24 1:00,0,0
9/26/24 2:00,0,0
9/26/24 3:00,0,0
9/26/24 4:00,0,0
9/26/24 5:00,0.01631042,0
9/26/24 6:00,0.1071684,0.1069069
9/26/24 7:00,0.08799046,0.08570013
9/26/24 8:00,0.1128719,0.1098831
9/26/24 9:00,0.1806624,0.1760138
9/26/24 10:00,0.4383993,0.4370789
9/26/24 11:00,0.6663544,0.705704
9/26/24 12:00,0.7601001,0.8308122
9/26/24 13:00,0.4967918,0.5126113
9/26/24 14:00,0.4221604,0.4403632
9/26/24 15:00,0.3228896,0.34541
9/26/24 16:00,0.131309,0.1366712
9/26/24 17:00,0.006888192,0
9/26/24 18:00,0,0
9/26/24 19:00,0,0
9/26/24 20:00,0,0
9/26/24 21:00,0,0
9/26/24 22:00,0,0
9/26/24 23:00,0,0
9/27/24 0:00,0,0
9/27/24 1:00,0,0
9/27/24 2:00,0,0
9/27/24 3:00,0,0
9/27/24 4:00,0,0
9/27/24 5:00,0.01474581,0
9/27/24 6:00,0.09041926,0.08911224
9/27/24 7:00,0.2606994,0.2664932
9/27/24 8:00,0.2710711,0.2671425
9/27/24 9:00,0.2031895,0.1980695
9/27/24 10:00,0.1654391,0.1610833
9/27/24 11:00,0.1726024,0.1680609
9/27/24 12:00,0.3074474,0.3006448
9/27/24 13:00,0.4838476,0.498004
9/27/24 14:00,0.4018745,0.4165144
9/27/24 15:00,0.2419382,0.2456454
9/27/24 16:00,0.07357084,0.07209451
9/27/24 17:00,0.00280525,0
9/27/24 18:00,0,0
9/27/24 19:00,0,0
9/27/24 20:00,0,0
9/27/24 21:00,0,0
9/27/24 22:00,0,0
9/27/24 23:00,0,0
9/28/24 0:00,0,0
9/28/24 1:00,0,0
9/28/24 2:00,0,0
9/28/24 3:00,0,0
9/28/24 4:00,0,0
9/28/24 5:00,0.01069285,0
9/28/24 6:00,0.1149267,0.1163439
9/28/24 7:00,0.2330192,0.2346569
9/28/24 8:00,0.2512049,0.2467077
9/28/24 9:00,0.3311273,0.326248
9/28/24 10:00,0.3359255,0.3294203
9/28/24 11:00,0.4707605,0.4720697
9/28/24 12:00,0.8378531,0.9330032
9/28/24 13:00,0.7820405,0.8761278
9/28/24 14:00,0.5290875,0.5826964
9/28/24 15:00,0.2572168,0.2648444
9/28/24 16:00,0.09229485,0.09191591
9/28/24 17:00,0.005314819,0
9/28/24 18:00,0,0
9/28/24 19:00,0,0
9/28/24 20:00,0,0
9/28/24 21:00,0,0
9/28/24 22:00,0,0
9/28/24 23:00,0,0
9/29/24 0:00,0,0
9/29/24 1:00,0,0
9/29/24 2:00,0,0
9/29/24 3:00,0,0
9/29/24 4:00,0,0
9/29/24 5:00,0.01631755,0
9/29/24 6:00,0.1502708,0.1625609
9/29/24 7:00,0.3406433,0.3716744
9/29/24 8:00,0.5699573,0.6356761
9/29/24 9:00,0.8581793,0.9664943
9/29/24 10:00,0.8787567,0.9845523
9/29/24 11:00,1.067084,1.198984
9/29/24 12:00,1.029194,1.157544
9/29/24 13:00,0.8116043,0.9137799
9/29/24 14:00,0.6367909,0.720896
9/29/24 15:00,0.4406264,0.5063965
9/29/24 16:00,0.2036542,0.2456261
9/29/24 17:00,0.01139158,0
9/29/24 18:00,0,0
9/29/24 19:00,0,0
9/29/24 20:00,0,0
9/29/24 21:00,0,0
9/29/24 22:00,0,0
9/29/24 23:00,0,0
9/30/24 0:00,0,0
9/30/24 1:00,0,0
9/30/24 2:00,0,0
9/30/24 3:00,0,0
9/30/24 4:00,0,0
9/30/24 5:00,0.01332112,0
9/30/24 6:00,0.1228357,0.1269017
9/30/24 7:00,0.2060156,0.2051137
9/30/24 8:00,0.3192666,0.3199029
9/30/24 9:00,0.5696613,0.6087084
9/30/24 10:00,0.7630799,0.8439912
9/30/24 11:00,1.002423,1.128433
9/30/24 12:00,0.9263901,1.04329
9/30/24 13:00,0.8039478,0.9080418
9/30/24 14:00,0.5014186,0.5513541
9/30/24 15:00,0.3066847,0.3320156
9/30/24 16:00,0.1384195,0.1532753
9/30/24 17:00,0.008925047,0
9/30/24 18:00,0,0
9/30/24 19:00,0,0
9/30/24 20:00,0,0
9/30/24 21:00,0,0
9/30/24 22:00,0,0
9/30/24 23:00,0,0
10/1/24 0:00,0,0
10/1/24 1:00,0,0
10/1/24 2:00,0,0
10/1/24 3:00,0,0
10/1/24 4:00,0,0
10/1/24 5:00,0.01412694,0
10/1/24 6:00,0.01988438,0.01934665
10/1/24 7:00,0.1178538,0.1150108
10/1/24 8:00,0.3364562,0.339858
10/1/24 9:00,0.6102241,0.6638687
10/1/24 10:00,0.627275,0.6687999
10/1/24 11:00,0.7456239,0.8184412
10/1/24 12:00,0.6553945,0.7068883
10/1/24 13:00,0.6100586,0.6664474
10/1/24 14:00,0.3279666,0.3316234
10/1/24 15:00,0.1684511,0.1660054
10/1/24 16:00,0.05150953,0.05035945
10/1/24 17:00,0.000910411,0
10/1/24 18:00,0,0
10/1/24 19:00,0,0
10/1/24 20:00,0,0
10/1/24 21:00,0,0
10/1/24 22:00,0,0
10/1/24 23:00,0,0
10/2/24 0:00,0,0
10/2/24 1:00,0,0
10/2/24 2:00,0,0
10/2/24 3:00,0,0
10/2/24 4:00,0,0
10/2/24 5:00,0.01296732,0
10/2/24 6:00,0.08924967,0.08849814
10/2/24 7:00,0.175079,0.172455
10/2/24 8:00,0.3996111,0.4170024
10/2/24 9:00,0.2801522,0.2743895
10/2/24 10:00,0.1365851,0.1329539
10/2/24 11:00,0.2265297,0.2208669
10/2/24 12:00,0.5201034,0.5356842
10/2/24 13:00,0.2870404,0.2815755
10/2/24 14:00,0.2907493,0.2900775
10/2/24 15:00,0.06939765,0.06759907
10/2/24 16:00,0.04959393,0.04849972
10/2/24 17:00,0.002072929,0
10/2/24 18:00,0,0
10/2/24 19:00,0,0
10/2/24 20:00,0,0
10/2/24 21:00,0,0
10/2/24 22:00,0,0
10/2/24 23:00,0,0
10/3/24 0:00,0,0
10/3/24 1:00,0,0
10/3/24 2:00,0,0
10/3/24 3:00,0,0
10/3/24 4:00,0,0
10/3/24 5:00,0.01244242,0
10/3/24 6:00,0.07172044,0.07035739
10/3/24 7:00,0.07410409,0.07218803
10/3/24 8:00,0.1751106,0.1708873
10/3/24 9:00,0.2428478,0.2371733
10/3/24 10:00,0.6064441,0.6448646
10/3/24 11:00,0.750778,0.8301101
10/3/24 12:00,0.5425832,0.5645519
10/3/24 13:00,0.5832717,0.6353164
10/3/24 14:00,0.3037086,0.3049973
10/3/24 15:00,0.2355222,0.2431618
10/3/24 16:00,0.06479933,0.06374756
10/3/24 17:00,0.00433749,0
10/3/24 18:00,0,0
10/3/24 19:00,0,0
10/3/24 20:00,0,0
10/3/24 21:00,0,0
10/3/24 22:00,0,0
10/3/24 23:00,0,0
10/4/24 0:00,0,0
10/4/24 1:00,0,0
10/4/24 2:00,0,0
10/4/24 3:00,0,0
10/4/24 4:00,0,0
10/4/24 5:00,0.01339596,0
10/4/24 6:00,0.1435347,0.1592866
10/4/24 7:00,0.3457192,0.3883772
10/4/24 8:00,0.5463158,0.6171185
10/4/24 9:00,0.6369704,0.7060401
10/4/24 10:00,0.7817601,0.8787014
10/4/24 11:00,0.69205,0.7544016
10/4/24 12:00,0.7809188,0.8793033
10/4/24 13:00,0.7418635,0.8460665
10/4/24 14:00,0.6519057,0.7547421
10/4/24 15:00,0.4135148,0.4896654
10/4/24 16:00,0.1579978,0.1973042
10/4/24 17:00,0.006543504,0
10/4/24 18:00,0,0
10/4/24 19:00,0,0
10/4/24 20:00,0,0
10/4/24 21:00,0,0
10/4/24 22:00,0,0
10/4/24 23:00,0,0
10/5/24 0:00,0,0
10/5/24 1:00,0,0
10/5/24 2:00,0,0
10/5/24 3:00,0,0
10/5/24 4:00,0,0
10/5/24 5:00,0.008203378,0
10/5/24 6:00,0.03396112,0.03312143
10/5/24 7:00,0.2239723,0.2271245
10/5/24 8:00,0.2605689,0.2573267
10/5/24 9:00,0.3144879,0.3099237
10/5/24 10:00,0.646592,0.7014195
10/5/24 11:00,0.9870042,1.126962
10/5/24 12:00,0.9140858,1.044863
10/5/24 13:00,0.5607623,0.6093458
10/5/24 14:00,0.2101223,0.2058473
10/5/24 15:00,0.13291,0.130134
10/5/24 16:00,0.1380199,0.1671051
10/5/24 17:00,0.005666964,0
10/5/24 18:00,0,0
10/5/24 19:00,0,0
10/5/24 20:00,0,0
10/5/24 21:00,0,0
10/5/24 22:00,0,0
10/5/24 23:00,0,0
10/6/24 0:00,0,0
10/6/24 1:00,0,0
10/6/24 2:00,0,0
10/6/24 3:00,0,0
10/6/24 4:00,0,0
10/6/24 5:00,0.0115305,0
10/6/24 6:00,0.1982411,0.252228
10/6/24 7:00,0.4054311,0.4780007
10/6/24 8:00,0.6823381,0.7947281
10/6/24 9:00,0.846485,0.9752151
10/6/24 10:00,0.9418337,1.079621
10/6/24 11:00,1.023552,1.172867
10/6/24 12:00,0.903509,1.0357
10/6/24 13:00,0.845476,0.9757699
10/6/24 14:00,0.6697191,0.7826322
10/6/24 15:00,0.4147688,0.4981996
10/6/24 16:00,0.143885,0.1812288
10/6/24 17:00,0.004622888,0
10/6/24 18:00,0,0
10/6/24 19:00,0,0
10/6/24 20:00,0,0
10/6/24 21:00,0,0
10/6/24 22:00,0,0
10/6/24 23:00,0,0
10/7/24 0:00,0,0
10/7/24 1:00,0,0
10/7/24 2:00,0,0
10/7/24 3:00,0,0
10/7/24 4:00,0,0
10/7/24 5:00,0.01110892,0
10/7/24 6:00,0.1906232,0.2430822
10/7/24 7:00,0.3466408,0.3961836
10/7/24 8:00,0.6316138,0.7367948
10/7/24 9:00,0.7898988,0.9115872
10/7/24 10:00,0.8501572,0.9739441
10/7/24 11:00,0.8419852,0.9596874
10/7/24 12:00,0.904718,1.040285
10/7/24 13:00,0.5944194,0.659943
10/7/24 14:00,0.5204681,0.5970289
10/7/24 15:00,0.412686,0.4990576
10/7/24 16:00,0.1745053,0.236793
10/7/24 17:00,0.003515621,0
10/7/24 18:00,0,0
10/7/24 19:00,0,0
10/7/24 20:00,0,0
10/7/24 21:00,0,0
10/7/24 22:00,0,0
10/7/24 23:00,0,0
10/8/24 0:00,0,0
10/8/24 1:00,0,0
10/8/24 2:00,0,0
10/8/24 3:00,0,0
10/8/24 4:00,0,0
10/8/24 5:00,0.009507815,0
10/8/24 6:00,0.1413653,0.1617976
10/8/24 7:00,0.3273065,0.3697014
10/8/24 8:00,0.525069,0.5979052
10/8/24 9:00,0.7956322,0.9215342
10/8/24 10:00,0.7991682,0.912543
10/8/24 11:00,0.8326964,0.9508494
10/8/24 12:00,0.6891807,0.7683151
10/8/24 13:00,0.6552214,0.7459339
10/8/24 14:00,0.4898106,0.5571207
10/8/24 15:00,0.3078906,0.3536894
10/8/24 16:00,0.157915,0.2148055
10/8/24 17:00,0.003666059,0
10/8/24 18:00,0,0
10/8/24 19:00,0,0
10/8/24 20:00,0,0
10/8/24 21:00,0,0
10/8/24 22:00,0,0
10/8/24 23:00,0,0
10/9/24 0:00,0,0
10/9/24 1:00,0,0
10/9/24 2:00,0,0
10/9/24 3:00,0,0
10/9/24 4:00,0,0
10/9/24 5:00,0.01222355,0
10/9/24 6:00,0.2148548,0.2872568
10/9/24 7:00,0.3698339,0.4353889
10/9/24 8:00,0.4734063,0.52705
10/9/24 9:00,0.653626,0.7408947
10/9/24 10:00,0.8510785,0.9811454
10/9/24 11:00,0.9141836,1.054533
10/9/24 12:00,0.7897581,0.9056324
10/9/24 13:00,0.7592948,0.8834301
10/9/24 14:00,0.6435413,0.7615684
10/9/24 15:00,0.4137555,0.5073928
10/9/24 16:00,0.1647551,0.2307521
10/9/24 17:00,0.003232758,0
10/9/24 18:00,0,0
10/9/24 19:00,0,0
10/9/24 20:00,0,0
10/9/24 21:00,0,0
10/9/24 22:00,0,0
10/9/24 23:00,0,0
10/10/24 0:00,0,0
10/10/24 1:00,0,0
10/10/24 2:00,0,0
10/10/24 3:00,0,0
10/10/24 4:00,0,0
10/10/24 5:00,0.006789657,0
10/10/24 6:00,0.1001539,0.1032928
10/10/24 7:00,0.1723567,0.1706207
10/10/24 8:00,0.3528899,0.3650858
10/10/24 9:00,0.3898524,0.3940717
10/10/24 10:00,0.1510901,0.1471841
10/10/24 11:00,0.3409375,0.335452
10/10/24 12:00,0.639213,0.7044052
10/10/24 13:00,0.7692479,0.8986895
10/10/24 14:00,0.5221523,0.6088032
10/10/24 15:00,0.2916813,0.3346061
10/10/24 16:00,0.1286277,0.1698408
10/10/24 17:00,0.002335841,0
10/10/24 18:00,0,0
10/10/24 19:00,0,0
10/10/24 20:00,0,0
10/10/24 21:00,0,0
10/10/24 22:00,0,0
10/10/24 23:00,0,0
10/11/24 0:00,0,0
10/11/24 1:00,0,0
10/11/24 2:00,0,0
10/11/24 3:00,0,0
10/11/24 4:00,0,0
10/11/24 5:00,0.006589025,0
10/11/24 6:00,0.1277678,0.144007
10/11/24 7:00,0.3491755,0.4094149
10/11/24 8:00,0.506555,0.5789957
10/11/24 9:00,0.6684636,0.7665502
10/11/24 10:00,0.7601637,0.8697911
10/11/24 11:00,0.6663244,0.7346144
10/11/24 12:00,0.9049451,1.053364
10/11/24 13:00,0.8066639,0.9466097
10/11/24 14:00,0.6296768,0.7515612
10/11/24 15:00,0.3683902,0.4540945
10/11/24 16:00,0.1149498,0.1467254
10/11/24 17:00,0.001882737,0
10/11/24 18:00,0,0
10/11/24 19:00,0,0
10/11/24 20:00,0,0
10/11/24 21:00,0,0
10/11/24 22:00,0,0
10/11/24 23:00,0,0
10/12/24 0:00,0,0
10/12/24 1:00,0,0
10/12/24 2:00,0,0
10/12/24 3:00,0,0
10/12/24 4:00,0,0
10/12/24 5:00,0.007081053,0
10/12/24 6:00,0.1481819,0.1813912
10/12/24 7:00,0.3915857,0.4758695
10/12/24 8:00,0.5628127,0.661352
10/12/24 9:00,0.7130562,0.8295165
10/12/24 10:00,0.6919654,0.7790129
10/12/24 11:00,0.8837611,1.027109
10/12/24 12:00,0.7752056,0.8957899
10/12/24 13:00,0.5576773,0.6208294
10/12/24 14:00,0.4958808,0.5778413
10/12/24 15:00,0.3462496,0.4254607
10/12/24 16:00,0.1059141,0.132371
10/12/24 17:00,0.001217908,0
10/12/24 18:00,0,0
10/12/24 19:00,0,0
10/12/24 20:00,0,0
10/12/24 21:00,0,0
10/12/24 22:00,0,0
10/12/24 23:00,0,0
10/13/24 0:00,0,0
10/13/24 1:00,0,0
10/13/24 2:00,0,0
10/13/24 3:00,0,0
10/13/24 4:00,0,0
10/13/24 5:00,0.006023753,0
10/13/24 6:00,0.08781631,0.08915704
10/13/24 7:00,0.1869835,0.1872218
10/13/24 8:00,0.3351033,0.3450601
10/13/24 9:00,0.6233143,0.7088023
10/13/24 10:00,0.462218,0.4731525
10/13/24 11:00,0.5163959,0.5370483
10/13/24 12:00,0.5699486,0.6149563
10/13/24 13:00,0.3803339,0.3869831
10/13/24 14:00,0.551358,0.6588895
10/13/24 15:00,0.3004633,0.3574297
10/13/24 16:00,0.1024618,0.1289662
10/13/24 17:00,0.000986007,0
10/13/24 18:00,0,0
10/13/24 19:00,0,0
10/13/24 20:00,0,0
10/13/24 21:00,0,0
10/13/24 22:00,0,0
10/13/24 23:00,0,0
10/14/24 0:00,0,0
10/14/24 1:00,0,0
10/14/24 2:00,0,0
10/14/24 3:00,0,0
10/14/24 4:00,0,0
10/14/24 5:00,0.01067895,0
10/14/24 6:00,0.1556162,0.2006076
10/14/24 7:00,0.3827797,0.4688065
10/14/24 8:00,0.6332641,0.760318
10/14/24 9:00,0.7828028,0.9243893
10/14/24 10:00,0.8532501,0.9991118
10/14/24 11:00,0.5088656,0.5285277
10/14/24 12:00,0.4510152,0.4619657
10/14/24 13:00,0.2723357,0.2679262
10/14/24 14:00,0.4555911,0.5246214
10/14/24 15:00,0.3822934,0.4844021
10/14/24 16:00,0.125893,0.1841337
10/14/24 17:00,0.000528597,0
10/14/24 18:00,0,0
10/14/24 19:00,0,0
10/14/24 20:00,0,0
10/14/24 21:00,0,0
10/14/24 22:00,0,0
10/14/24 23:00,0,0
10/15/24 0:00,0,0
10/15/24 1:00,0,0
10/15/24 2:00,0,0
10/15/24 3:00,0,0
10/15/24 4:00,0,0
10/15/24 5:00,0.007499774,0
10/15/24 6:00,0.1163459,0.1305319
10/15/24 7:00,0.2259062,0.2350053
10/15/24 8:00,0.5035975,0.5846666
10/15/24 9:00,0.6701676,0.7800161
10/15/24 10:00,0.6568201,0.7368127
10/15/24 11:00,0.8259044,0.9632432
10/15/24 12:00,0.9103598,1.072895
10/15/24 13:00,0.8042075,0.9571099
10/15/24 14:00,0.5872701,0.7126148
10/15/24 15:00,0.3711653,0.4728094
10/15/24 16:00,0.1133019,0.1614817
10/15/24 17:00,0.000676174,0
10/15/24 18:00,0,0
10/15/24 19:00,0,0
10/15/24 20:00,0,0
10/15/24 21:00,0,0
10/15/24 22:00,0,0
10/15/24 23:00,0,0
10/16/24 0:00,0,0
10/16/24 1:00,0,0
10/16/24 2:00,0,0
10/16/24 3:00,0,0
10/16/24 4:00,0,0
10/16/24 5:00,0.007115923,0
10/16/24 6:00,0.09086828,0.09405492
10/16/24 7:00,0.3567317,0.4344722
10/16/24 8:00,0.2418525,0.2392123
10/16/24 9:00,0.3827658,0.3887888
10/16/24 10:00,0.3769634,0.3759887
10/16/24 11:00,0.4512783,0.4594234
10/16/24 12:00,0.6191155,0.6898111
10/16/24 13:00,0.4633618,0.4963825
10/16/24 14:00,0.315878,0.3291125
10/16/24 15:00,0.112872,0.110699
10/16/24 16:00,0.06431176,0.06804258
10/16/24 17:00,0.000191298,0
10/16/24 18:00,0,0
10/16/24 19:00,0,0
10/16/24 20:00,0,0
10/16/24 21:00,0,0
10/16/24 22:00,0,0
10/16/24 23:00,0,0
10/17/24 0:00,0,0
10/17/24 1:00,0,0
10/17/24 2:00,0,0
10/17/24 3:00,0,0
10/17/24 4:00,0,0
10/17/24 5:00,0.007085961,0
10/17/24 6:00,0.1583598,0.2152596
10/17/24 7:00,0.2058804,0.2108838
10/17/24 8:00,0.3705169,0.3947065
10/17/24 9:00,0.4504649,0.4741931
10/17/24 10:00,0.7111545,0.8190025
10/17/24 11:00,0.7192926,0.8237492
10/17/24 12:00,0.6893874,0.7928483
10/17/24 13:00,0.688114,0.8184006
10/17/24 14:00,0.4536612,0.5304118
10/17/24 15:00,0.2817385,0.3395041
10/17/24 16:00,0.09051323,0.1181469
10/17/24 17:00,0.000165556,0
10/17/24 18:00,0,0
10/17/24 19:00,0,0
10/17/24 20:00,0,0
10/17/24 21:00,0,0
10/17/24 22:00,0,0
10/17/24 23:00,0,0
10/18/24 0:00,0,0
10/18/24 1:00,0,0
10/18/24 2:00,0,0
10/18/24 3:00,0,0
10/18/24 4:00,0,0
10/18/24 5:00,0.006697692,0
10/18/24 6:00,0.05496963,0.05410997
10/18/24 7:00,0.205197,0.2105364
10/18/24 8:00,0.5106553,0.6030852
10/18/24 9:00,0.8312647,0.9958311
10/18/24 10:00,0.8367589,0.9907467
10/18/24 11:00,0.9496366,1.125251
10/18/24 12:00,0.8974705,1.06716
10/18/24 13:00,0.6449153,0.7623749
10/18/24 14:00,0.5236896,0.6374941
10/18/24 15:00,0.3465478,0.4484335
10/18/24 16:00,0.1316547,0.2184562
10/18/24 17:00,9.22481E-05,0
10/18/24 18:00,0,0
10/18/24 19:00,0,0
10/18/24 20:00,0,0
10/18/24 21:00,0,0
10/18/24 22:00,0,0
10/18/24 23:00,0,0
10/19/24 0:00,0,0
10/19/24 1:00,0,0
10/19/24 2:00,0,0
10/19/24 3:00,0,0
10/19/24 4:00,0,0
10/19/24 5:00,0.006686922,0
10/19/24 6:00,0.1212768,0.145322
10/19/24 7:00,0.3742678,0.4710437
10/19/24 8:00,0.3158087,0.3250004
10/19/24 9:00,0.4233384,0.4408689
10/19/24 10:00,0.7582869,0.8904025
10/19/24 11:00,0.5346606,0.5677931
10/19/24 12:00,0.5817503,0.6428487
10/19/24 13:00,0.540324,0.6127025
10/19/24 14:00,0.294963,0.305069
10/19/24 15:00,0.0460818,0.04492232
10/19/24 16:00,0.02180635,0.02140454
10/19/24 17:00,1.07436E-05,0
10/19/24 18:00,0,0
10/19/24 19:00,0,0
10/19/24 20:00,0,0
10/19/24 21:00,0,0
10/19/24 22:00,0,0
10/19/24 23:00,0,0
10/20/24 0:00,0,0
10/20/24 1:00,0,0
10/20/24 2:00,0,0
10/20/24 3:00,0,0
10/20/24 4:00,0,0
10/20/24 5:00,0.005049068,0
10/20/24 6:00,0.07767885,0.07899062
10/20/24 7:00,0.1341399,0.1318011
10/20/24 8:00,0.2917721,0.2963006
10/20/24 9:00,0.3206533,0.3194258
10/20/24 10:00,0.3416265,0.3385357
10/20/24 11:00,0.5537978,0.5951718
10/20/24 12:00,0.6409667,0.7311048
10/20/24 13:00,0.6619185,0.7924215
10/20/24 14:00,0.3598431,0.3952051
10/20/24 15:00,0.2851178,0.3552976
10/20/24 16:00,0.06379465,0.07197034
10/20/24 17:00,3.88076E-06,0
10/20/24 18:00,0,0
10/20/24 19:00,0,0
10/20/24 20:00,0,0
10/20/24 21:00,0,0
10/20/24 22:00,0,0
10/20/24 23:00,0,0
10/21/24 0:00,0,0
10/21/24 1:00,0,0
10/21/24 2:00,0,0
10/21/24 3:00,0,0
10/21/24 4:00,0,0
10/21/24 5:00,0.006419593,0
10/21/24 6:00,0.06937674,0.06953726
10/21/24 7:00,0.2987505,0.3521937
10/21/24 8:00,0.2450417,0.2435192
10/21/24 9:00,0.6610115,0.7843493
10/21/24 10:00,0.8149127,0.9719658
10/21/24 11:00,0.8123744,0.9637672
10/21/24 12:00,0.3235463,0.3200373
10/21/24 13:00,0.3667519,0.3759908
10/21/24 14:00,0.3646783,0.4041988
10/21/24 15:00,0.291251,0.3695304
10/21/24 16:00,0.1070737,0.1812345
10/21/24 17:00,0,0
10/21/24 18:00,0,0
10/21/24 19:00,0,0
10/21/24 20:00,0,0
10/21/24 21:00,0,0
10/21/24 22:00,0,0
10/21/24 23:00,0,0
10/22/24 0:00,0,0
10/22/24 1:00,0,0
10/22/24 2:00,0,0
10/22/24 3:00,0,0
10/22/24 4:00,0,0
10/22/24 5:00,0.006966677,0
10/22/24 6:00,0.1645166,0.2466042
10/22/24 7:00,0.4021667,0.5228348
10/22/24 8:00,0.6083221,0.7531531
10/22/24 9:00,0.7763703,0.9407767
10/22/24 10:00,0.7493672,0.8869334
10/22/24 11:00,0.7378291,0.8641052
10/22/24 12:00,0.7218827,0.853568
10/22/24 13:00,0.7813066,0.952486
10/22/24 14:00,0.6037226,0.7569579
10/22/24 15:00,0.3642188,0.4887275
10/22/24 16:00,0.1092075,0.1930076
10/22/24 17:00,0,0
10/22/24 18:00,0,0
10/22/24 19:00,0,0
10/22/24 20:00,0,0
10/22/24 21:00,0,0
10/22/24 22:00,0,0
10/22/24 23:00,0,0
10/23/24 0:00,0,0
10/23/24 1:00,0,0
10/23/24 2:00,0,0
10/23/24 3:00,0,0
10/23/24 4:00,0,0
10/23/24 5:00,0.005629277,0
10/23/24 6:00,0.1537639,0.2270835
10/23/24 7:00,0.2583935,0.2901271
10/23/24 8:00,0.4122208,0.4640154
10/23/24 9:00,0.6454049,0.767654
10/23/24 10:00,0.7018712,0.8223231
10/23/24 11:00,0.535874,0.5748825
10/23/24 12:00,0.5664868,0.6288838
10/23/24 13:00,0.355407,0.3634519
10/23/24 14:00,0.4091932,0.4778295
10/23/24 15:00,0.2197459,0.2506422
10/23/24 16:00,0.04984155,0.05306512
10/23/24 17:00,0,0
10/23/24 18:00,0,0
10/23/24 19:00,0,0
10/23/24 20:00,0,0
10/23/24 21:00,0,0
10/23/24 22:00,0,0
10/23/24 23:00,0,0
10/24/24 0:00,0,0
10/24/24 1:00,0,0
10/24/24 2:00,0,0
10/24/24 3:00,0,0
10/24/24 4:00,0,0
10/24/24 5:00,0.004629445,0
10/24/24 6:00,0.08826464,0.09517285
10/24/24 7:00,0.2070606,0.2164685
10/24/24 8:00,0.4027753,0.451444
10/24/24 9:00,0.5483703,0.625051
10/24/24 10:00,0.7484762,0.8915976
10/24/24 11:00,0.4675644,0.485409
10/24/24 12:00,0.5674806,0.6323572
10/24/24 13:00,0.6242725,0.7516129
10/24/24 14:00,0.5191686,0.6512821
10/24/24 15:00,0.2543995,0.3136989
10/24/24 16:00,0.07630237,0.11201
10/24/24 17:00,0,0
10/24/24 18:00,0,0
10/24/24 19:00,0,0
10/24/24 20:00,0,0
10/24/24 21:00,0,0
10/24/24 22:00,0,0
10/24/24 23:00,0,0
10/25/24 0:00,0,0
10/25/24 1:00,0,0
10/25/24 2:00,0,0
10/25/24 3:00,0,0
10/25/24 4:00,0,0
10/25/24 5:00,0.004680666,0
10/25/24 6:00,0.1043324,0.1237007
10/25/24 7:00,0.2640055,0.3025318
10/25/24 8:00,0.411123,0.4661419
10/25/24 9:00,0.5725964,0.6641695
10/25/24 10:00,0.7526577,0.9003875
10/25/24 11:00,0.7749841,0.9251565
10/25/24 12:00,0.7165675,0.8550542
10/25/24 13:00,0.4347247,0.4699982
10/25/24 14:00,0.3542223,0.3958759
10/25/24 15:00,0.2032342,0.2274651
10/25/24 16:00,0.0627284,0.08026975
10/25/24 17:00,0,0
10/25/24 18:00,0,0
10/25/24 19:00,0,0
10/25/24 20:00,0,0
10/25/24 21:00,0,0
10/25/24 22:00,0,0
10/25/24 23:00,0,0
10/26/24 0:00,0,0
10/26/24 1:00,0,0
10/26/24 2:00,0,0
10/26/24 3:00,0,0
10/26/24 4:00,0,0
10/26/24 5:00,0.005037216,0
10/26/24 6:00,0.1332832,0.1904477
10/26/24 7:00,0.2524606,0.2854318
10/26/24 8:00,0.5478563,0.6819171
10/26/24 9:00,0.6384928,0.7661739
10/26/24 10:00,0.6177077,0.7053972
10/26/24 11:00,0.7914785,0.95079
10/26/24 12:00,0.4780157,0.5084428
10/26/24 13:00,0.5418828,0.6330189
10/26/24 14:00,0.3975796,0.4669264
10/26/24 15:00,0.3400277,0.4686191
10/26/24 16:00,0.09073538,0.16795
10/26/24 17:00,0,0
10/26/24 18:00,0,0
10/26/24 19:00,0,0
10/26/24 20:00,0,0
10/26/24 21:00,0,0
10/26/24 22:00,0,0
10/26/24 23:00,0,0
10/27/24 0:00,0,0
10/27/24 1:00,0,0
10/27/24 2:00,0,0
10/27/24 3:00,0,0
10/27/24 4:00,0,0
10/27/24 5:00,0.003200805,0
10/27/24 6:00,0.1335852,0.1949575
10/27/24 7:00,0.286024,0.3443047
10/27/24 8:00,0.544747,0.6804327
10/27/24 9:00,0.7317174,0.899255
10/27/24 10:00,0.705727,0.839236
10/27/24 11:00,0.8361331,1.012941
10/27/24 12:00,0.7696097,0.9345472
10/27/24 13:00,0.6953429,0.8596291
10/27/24 14:00,0.5283619,0.6741935
10/27/24 15:00,0.3075953,0.4205471
10/27/24 16:00,0.06566109,0.09439836
10/27/24 17:00,0,0
10/27/24 18:00,0,0
10/27/24 19:00,0,0
10/27/24 20:00,0,0
10/27/24 21:00,0,0
10/27/24 22:00,0,0
10/27/24 23:00,0,0
10/28/24 0:00,0,0
10/28/24 1:00,0,0
10/28/24 2:00,0,0
10/28/24 3:00,0,0
10/28/24 4:00,0,0
10/28/24 5:00,0.003293252,0
10/28/24 6:00,0.1385215,0.2113663
10/28/24 7:00,0.3918745,0.5274047
10/28/24 8:00,0.5750158,0.7268119
10/28/24 9:00,0.7263113,0.8951458
10/28/24 10:00,0.8937851,1.091804
10/28/24 11:00,0.9509443,1.159436
10/28/24 12:00,0.8360752,1.022809
10/28/24 13:00,0.6956228,0.8630388
10/28/24 14:00,0.5148361,0.6582766
10/28/24 15:00,0.2850277,0.3842735
10/28/24 16:00,0.0774835,0.1373669
10/28/24 17:00,0,0
10/28/24 18:00,0,0
10/28/24 19:00,0,0
10/28/24 20:00,0,0
10/28/24 21:00,0,0
10/28/24 22:00,0,0
10/28/24 23:00,0,0
10/29/24 0:00,0,0
10/29/24 1:00,0,0
10/29/24 2:00,0,0
10/29/24 3:00,0,0
10/29/24 4:00,0,0
10/29/24 5:00,0.002988258,0
10/29/24 6:00,0.1140505,0.1538984
10/29/24 7:00,0.2307807,0.2554475
10/29/24 8:00,0.3471476,0.3761283
10/29/24 9:00,0.707834,0.87348
10/29/24 10:00,0.6891205,0.8204165
10/29/24 11:00,0.8194,0.9970618
10/29/24 12:00,0.7989153,0.9789793
10/29/24 13:00,0.6827339,0.8490228
10/29/24 14:00,0.5165351,0.6639508
10/29/24 15:00,0.3408294,0.4803847
10/29/24 16:00,0.1060315,0.2278248
10/29/24 17:00,0,0
10/29/24 18:00,0,0
10/29/24 19:00,0,0
10/29/24 20:00,0,0
10/29/24 21:00,0,0
10/29/24 22:00,0,0
10/29/24 23:00,0,0
10/30/24 0:00,0,0
10/30/24 1:00,0,0
10/30/24 2:00,0,0
10/30/24 3:00,0,0
10/30/24 4:00,0,0
10/30/24 5:00,0.003885387,0
10/30/24 6:00,0.06490223,0.06633389
10/30/24 7:00,0.09263229,0.09074429
10/30/24 8:00,0.344471,0.373491
10/30/24 9:00,0.2807941,0.2782531
10/30/24 10:00,0.5236454,0.5735605
10/30/24 11:00,0.1991571,0.1945383
10/30/24 12:00,0.4105597,0.4238302
10/30/24 13:00,0.3310514,0.337899
10/30/24 14:00,0.3401912,0.3831605
10/30/24 15:00,0.2507598,0.3259256
10/30/24 16:00,0.0642131,0.102621
10/30/24 17:00,0,0
10/30/24 18:00,0,0
10/30/24 19:00,0,0
10/30/24 20:00,0,0
10/30/24 21:00,0,0
10/30/24 22:00,0,0
10/30/24 23:00,0,0
10/31/24 0:00,0,0
10/31/24 1:00,0,0
10/31/24 2:00,0,0
10/31/24 3:00,0,0
10/31/24 4:00,0,0
10/31/24 5:00,0.001534823,0
10/31/24 6:00,0.1025733,0.1325227
10/31/24 7:00,0.3270358,0.429985
10/31/24 8:00,0.5378575,0.6825446
10/31/24 9:00,0.8312132,1.03836
10/31/24 10:00,0.8554069,1.052652
10/31/24 11:00,0.6643362,0.7805601
10/31/24 12:00,0.6874147,0.8303728
10/31/24 13:00,0.647919,0.8071902
10/31/24 14:00,0.4565975,0.578728
10/31/24 15:00,0.2977876,0.4185517
10/31/24 16:00,0.08148446,0.1715628
10/31/24 17:00,0,0
10/31/24 18:00,0,0
10/31/24 19:00,0,0
10/31/24 20:00,0,0
10/31/24 21:00,0,0
10/31/24 22:00,0,0
10/31/24 23:00,0,0
11/1/24 0:00,0,0
11/1/24 1:00,0,0
11/1/24 2:00,0,0
11/1/24 3:00,0,0
11/1/24 4:00,0,0
11/1/24 5:00,0.002842722,0
11/1/24 6:00,0.1208607,0.1821593
11/1/24 7:00,0.3434708,0.4625908
11/1/24 8:00,0.542201,0.692084
11/1/24 9:00,0.6731498,0.8342288
11/1/24 10:00,0.8449027,1.042295
11/1/24 11:00,0.8342394,1.024966
11/1/24 12:00,0.6508004,0.7780553
11/1/24 13:00,0.4738373,0.5407097
11/1/24 14:00,0.4686864,0.6012995
11/1/24 15:00,0.2699082,0.3703412
11/1/24 16:00,0.06708764,0.1234771
11/1/24 17:00,0,0
11/1/24 18:00,0,0
11/1/24 19:00,0,0
11/1/24 20:00,0,0
11/1/24 21:00,0,0
11/1/24 22:00,0,0
11/1/24 23:00,0,0
11/2/24 0:00,0,0
11/2/24 1:00,0,0
11/2/24 2:00,0,0
11/2/24 3:00,0,0
11/2/24 4:00,0,0
11/2/24 5:00,0.002422848,0
11/2/24 6:00,0.1011782,0.134613
11/2/24 7:00,0.3104444,0.4059347
11/2/24 8:00,0.4791136,0.5962491
11/2/24 9:00,0.6696073,0.832115
11/2/24 10:00,0.8097111,1.000521
11/2/24 11:00,0.656497,0.7737232
11/2/24 12:00,0.6201503,0.7334163
11/2/24 13:00,0.7401149,0.9353544
11/2/24 14:00,0.4951878,0.645394
11/2/24 15:00,0.2672603,0.3687271
11/2/24 16:00,0.06437364,0.118574
11/2/24 17:00,0,0
11/2/24 18:00,0,0
11/2/24 19:00,0,0
11/2/24 20:00,0,0
11/2/24 21:00,0,0
11/2/24 22:00,0,0
11/2/24 23:00,0,0
11/3/24 0:00,0,0
11/3/24 1:00,0,0
11/3/24 2:00,0,0
11/3/24 3:00,0,0
11/3/24 4:00,0,0
11/3/24 5:00,0.002890734,0
11/3/24 6:00,0.1356593,0.2322617
11/3/24 7:00,0.1996425,0.2141655
11/3/24 8:00,0.1822316,0.1790777
11/3/24 9:00,0.4036654,0.429034
11/3/24 10:00,0.5547447,0.6269465
11/3/24 11:00,0.4770095,0.5076591
11/3/24 12:00,0.6796982,0.8274093
11/3/24 13:00,0.5500201,0.6673984
11/3/24 14:00,0.1827169,0.1806163
11/3/24 15:00,0.04442758,0.04340331
11/3/24 16:00,0.006600779,0.006466662
11/3/24 17:00,0,0
11/3/24 18:00,0,0
11/3/24 19:00,0,0
11/3/24 20:00,0,0
11/3/24 21:00,0,0
11/3/24 22:00,0,0
11/3/24 23:00,0,0
11/4/24 0:00,0,0
11/4/24 1:00,0,0
11/4/24 2:00,0,0
11/4/24 3:00,0,0
11/4/24 4:00,0,0
11/4/24 5:00,0.001790172,0
11/4/24 6:00,0.1131293,0.1735401
11/4/24 7:00,0.1751456,0.1813297
11/4/24 8:00,0.2171006,0.2157639
11/4/24 9:00,0.2892131,0.2884072
11/4/24 10:00,0.5239237,0.5820716
11/4/24 11:00,0.5179908,0.5669063
11/4/24 12:00,0.7834759,0.976069
11/4/24 13:00,0.5891097,0.7318578
11/4/24 14:00,0.475032,0.6206599
11/4/24 15:00,0.2368329,0.3137132
11/4/24 16:00,0.07370427,0.1699824
11/4/24 17:00,0,0
11/4/24 18:00,0,0
11/4/24 19:00,0,0
11/4/24 20:00,0,0
11/4/24 21:00,0,0
11/4/24 22:00,0,0
11/4/24 23:00,0,0
11/5/24 0:00,0,0
11/5/24 1:00,0,0
11/5/24 2:00,0,0
11/5/24 3:00,0,0
11/5/24 4:00,0,0
11/5/24 5:00,0.001549356,0
11/5/24 6:00,0.08560027,0.1059961
11/5/24 7:00,0.1807097,0.1892639
11/5/24 8:00,0.2953881,0.3107192
11/5/24 9:00,0.6536171,0.8177009
11/5/24 10:00,0.6827124,0.830293
11/5/24 11:00,0.6902413,0.833373
11/5/24 12:00,0.7689584,0.9597289
11/5/24 13:00,0.6650367,0.8455632
11/5/24 14:00,0.3987849,0.4953493
11/5/24 15:00,0.2286081,0.299636
11/5/24 16:00,0.05366476,0.09104048
11/5/24 17:00,0,0
11/5/24 18:00,0,0
11/5/24 19:00,0,0
11/5/24 20:00,0,0
11/5/24 21:00,0,0
11/5/24 22:00,0,0
11/5/24 23:00,0,0
11/6/24 0:00,0,0
11/6/24 1:00,0,0
11/6/24 2:00,0,0
11/6/24 3:00,0,0
11/6/24 4:00,0,0
11/6/24 5:00,0.001214595,0
11/6/24 6:00,0.08605857,0.1091841
11/6/24 7:00,0.2939465,0.3872235
11/6/24 8:00,0.4353448,0.5338944
11/6/24 9:00,0.5867654,0.7180454
11/6/24 10:00,0.7074408,0.8701525
11/6/24 11:00,0.8068607,1.003111
11/6/24 12:00,0.8042576,1.008149
11/6/24 13:00,0.7480284,0.957799
11/6/24 14:00,0.5474238,0.7308082
11/6/24 15:00,0.341779,0.5097045
11/6/24 16:00,0.08066007,0.2095825
11/6/24 17:00,0,0
11/6/24 18:00,0,0
11/6/24 19:00,0,0
11/6/24 20:00,0,0
11/6/24 21:00,0,0
11/6/24 22:00,0,0
11/6/24 23:00,0,0
11/7/24 0:00,0,0
11/7/24 1:00,0,0
11/7/24 2:00,0,0
11/7/24 3:00,0,0
11/7/24 4:00,0,0
11/7/24 5:00,0.000691015,0
11/7/24 6:00,0.1027925,0.1566147
11/7/24 7:00,0.1659918,0.1710999
11/7/24 8:00,0.3827122,0.4465
11/7/24 9:00,0.5703415,0.6944476
11/7/24 10:00,0.5182664,0.5785224
11/7/24 11:00,0.5608956,0.6364119
11/7/24 12:00,0.5344456,0.6099979
11/7/24 13:00,0.6043903,0.7637491
11/7/24 14:00,0.4102249,0.5208282
11/7/24 15:00,0.2590879,0.3694956
11/7/24 16:00,0.08814118,0.2378221
11/7/24 17:00,0,0
11/7/24 18:00,0,0
11/7/24 19:00,0,0
11/7/24 20:00,0,0
11/7/24 21:00,0,0
11/7/24 22:00,0,0
11/7/24 23:00,0,0
11/8/24 0:00,0,0
11/8/24 1:00,0,0
11/8/24 2:00,0,0
11/8/24 3:00,0,0
11/8/24 4:00,0,0
11/8/24 5:00,0.000795497,0
11/8/24 6:00,0.1032408,0.1624216
11/8/24 7:00,0.3704008,0.5309674
11/8/24 8:00,0.570605,0.7533375
11/8/24 9:00,0.6881222,0.8753552
11/8/24 10:00,0.7970991,1.000474
11/8/24 11:00,0.6297779,0.7468619
11/8/24 12:00,0.6312499,0.7662145
11/8/24 13:00,0.5611911,0.698791
11/8/24 14:00,0.4091038,0.5215343
11/8/24 15:00,0.2888365,0.4306156
11/8/24 16:00,0.06252273,0.1469949
11/8/24 17:00,0,0
11/8/24 18:00,0,0
11/8/24 19:00,0,0
11/8/24 20:00,0,0
11/8/24 21:00,0,0
11/8/24 22:00,0,0
11/8/24 23:00,0,0
11/9/24 0:00,0,0
11/9/24 1:00,0,0
11/9/24 2:00,0,0
11/9/24 3:00,0,0
11/9/24 4:00,0,0
11/9/24 5:00,0.000634945,0
11/9/24 6:00,0.1144376,0.2028203
11/9/24 7:00,0.3149818,0.4382633
11/9/24 8:00,0.6419911,0.8539526
11/9/24 9:00,0.8065237,1.034681
11/9/24 10:00,0.8168085,1.028469
11/9/24 11:00,0.8881003,1.115819
11/9/24 12:00,0.7649563,0.9650382
11/9/24 13:00,0.7514036,0.971118
11/9/24 14:00,0.4409312,0.5796468
11/9/24 15:00,0.2229325,0.298608
11/9/24 16:00,0.06007973,0.1411526
11/9/24 17:00,0,0
11/9/24 18:00,0,0
11/9/24 19:00,0,0
11/9/24 20:00,0,0
11/9/24 21:00,0,0
11/9/24 22:00,0,0
11/9/24 23:00,0,0
11/10/24 0:00,0,0
11/10/24 1:00,0,0
11/10/24 2:00,0,0
11/10/24 3:00,0,0
11/10/24 4:00,0,0
11/10/24 5:00,0.000896782,0
11/10/24 6:00,0.1540754,0.3109821
11/10/24 7:00,0.3769275,0.5471244
11/10/24 8:00,0.5435021,0.7210104
11/10/24 9:00,0.7222822,0.9262995
11/10/24 10:00,0.9218073,1.167638
11/10/24 11:00,0.8726925,1.098634
11/10/24 12:00,0.7768351,0.9831454
11/10/24 13:00,0.600612,0.7661272
11/10/24 14:00,0.5429523,0.7361375
11/10/24 15:00,0.2838229,0.4278643
11/10/24 16:00,0.04915011,0.09259785
11/10/24 17:00,0,0
11/10/24 18:00,0,0
11/10/24 19:00,0,0
11/10/24 20:00,0,0
11/10/24 21:00,0,0
11/10/24 22:00,0,0
11/10/24 23:00,0,0
11/11/24 0:00,0,0
11/11/24 1:00,0,0
11/11/24 2:00,0,0
11/11/24 3:00,0,0
11/11/24 4:00,0,0
11/11/24 5:00,0.000506961,0
11/11/24 6:00,0.07771271,0.1014607
11/11/24 7:00,0.0802393,0.07870905
11/11/24 8:00,0.1968854,0.1950532
11/11/24 9:00,0.2440389,0.2409239
11/11/24 10:00,0.3374026,0.3395174
11/11/24 11:00,0.3560446,0.3593895
11/11/24 12:00,0.2293237,0.2248411
11/11/24 13:00,0.1776013,0.173955
11/11/24 14:00,0.2289321,0.2353715
11/11/24 15:00,0.03021161,0.02948005
11/11/24 16:00,0.01640493,0.01655171
11/11/24 17:00,0,0
11/11/24 18:00,0,0
11/11/24 19:00,0,0
11/11/24 20:00,0,0
11/11/24 21:00,0,0
11/11/24 22:00,0,0
11/11/24 23:00,0,0
11/12/24 0:00,0,0
11/12/24 1:00,0,0
11/12/24 2:00,0,0
11/12/24 3:00,0,0
11/12/24 4:00,0,0
11/12/24 5:00,0.000308513,0
11/12/24 6:00,0.09036874,0.1407267
11/12/24 7:00,0.02208813,0.0215031
11/12/24 8:00,0.04714696,0.04590833
11/12/24 9:00,0.1083267,0.1056789
11/12/24 10:00,0.120868,0.117876
11/12/24 11:00,0.1354533,0.1321461
11/12/24 12:00,0.1389209,0.1356051
11/12/24 13:00,0.09332276,0.09101044
11/12/24 14:00,0.1075604,0.1052842
11/12/24 15:00,0.04097157,0.04006158
11/12/24 16:00,0.009375383,0.009305178
11/12/24 17:00,0,0
11/12/24 18:00,0,0
11/12/24 19:00,0,0
11/12/24 20:00,0,0
11/12/24 21:00,0,0
11/12/24 22:00,0,0
11/12/24 23:00,0,0
11/13/24 0:00,0,0
11/13/24 1:00,0,0
11/13/24 2:00,0,0
11/13/24 3:00,0,0
11/13/24 4:00,0,0
11/13/24 5:00,0.00019663,0
11/13/24 6:00,0.1080928,0.2061458
11/13/24 7:00,0.174411,0.186273
11/13/24 8:00,0.3242149,0.3613747
11/13/24 9:00,0.4681855,0.5407059
11/13/24 10:00,0.2695746,0.2658005
11/13/24 11:00,0.4408725,0.4677901
11/13/24 12:00,0.6724007,0.8429801
11/13/24 13:00,0.4678362,0.5546998
11/13/24 14:00,0.2848812,0.3152825
11/13/24 15:00,0.142689,0.1533229
11/13/24 16:00,0.05462647,0.1352676
11/13/24 17:00,0,0
11/13/24 18:00,0,0
11/13/24 19:00,0,0
11/13/24 20:00,0,0
11/13/24 21:00,0,0
11/13/24 22:00,0,0
11/13/24 23:00,0,0
11/14/24 0:00,0,0
11/14/24 1:00,0,0
11/14/24 2:00,0,0
11/14/24 3:00,0,0
11/14/24 4:00,0,0
11/14/24 5:00,0.000141496,0
11/14/24 6:00,0.090551,0.1510643
11/14/24 7:00,0.2793047,0.3841824
11/14/24 8:00,0.4629014,0.6044887
11/14/24 9:00,0.7498277,0.9736061
11/14/24 10:00,0.7873388,1.002728
11/14/24 11:00,0.9104059,1.158469
11/14/24 12:00,0.8161992,1.044546
11/14/24 13:00,0.6590879,0.8606311
11/14/24 14:00,0.4819944,0.6593394
11/14/24 15:00,0.2825735,0.4374404
11/14/24 16:00,0.07016997,0.220593
11/14/24 17:00,0,0
11/14/24 18:00,0,0
11/14/24 19:00,0,0
11/14/24 20:00,0,0
11/14/24 21:00,0,0
11/14/24 22:00,0,0
11/14/24 23:00,0,0
11/15/24 0:00,0,0
11/15/24 1:00,0,0
11/15/24 2:00,0,0
11/15/24 3:00,0,0
11/15/24 4:00,0,0
11/15/24 5:00,2.27809E-05,0
11/15/24 6:00,0.03826172,0.03851402
11/15/24 7:00,0.1120935,0.1109491
11/15/24 8:00,0.2519529,0.2601649
11/15/24 9:00,0.5540963,0.6888134
11/15/24 10:00,0.3742522,0.3853801
11/15/24 11:00,0.3986083,0.4131254
11/15/24 12:00,0.5045486,0.576435
11/15/24 13:00,0.5857247,0.7556401
11/15/24 14:00,0.3841545,0.4932083
11/15/24 15:00,0.1455501,0.15881
11/15/24 16:00,0.0337634,0.04578042
11/15/24 17:00,0,0
11/15/24 18:00,0,0
11/15/24 19:00,0,0
11/15/24 20:00,0,0
11/15/24 21:00,0,0
11/15/24 22:00,0,0
11/15/24 23:00,0,0
11/16/24 0:00,0,0
11/16/24 1:00,0,0
11/16/24 2:00,0,0
11/16/24 3:00,0,0
11/16/24 4:00,0,0
11/16/24 5:00,2.96038E-05,0
11/16/24 6:00,0.09034476,0.1615641
11/16/24 7:00,0.1611873,0.1697523
11/16/24 8:00,0.1128363,0.1104129
11/16/24 9:00,0.284182,0.2857488
11/16/24 10:00,0.4561763,0.4979794
11/16/24 11:00,0.3461544,0.3494322
11/16/24 12:00,0.06984606,0.06799985
11/16/24 13:00,0.121569,0.1187647
11/16/24 14:00,0.1507437,0.1483832
11/16/24 15:00,0.1047585,0.1051395
11/16/24 16:00,0.03542472,0.05223246
11/16/24 17:00,0,0
11/16/24 18:00,0,0
11/16/24 19:00,0,0
11/16/24 20:00,0,0
11/16/24 21:00,0,0
11/16/24 22:00,0,0
11/16/24 23:00,0,0
11/17/24 0:00,0,0
11/17/24 1:00,0,0
11/17/24 2:00,0,0
11/17/24 3:00,0,0
11/17/24 4:00,0,0
11/17/24 5:00,2.78557E-06,0
11/17/24 6:00,0.0658612,0.08696178
11/17/24 7:00,0.1556722,0.1628256
11/17/24 8:00,0.3003639,0.3294411
11/17/24 9:00,0.690611,0.9017905
11/17/24 10:00,0.657688,0.8229302
11/17/24 11:00,0.4739917,0.5189385
11/17/24 12:00,0.3660078,0.3781117
11/17/24 13:00,0.4408387,0.5159938
11/17/24 14:00,0.3983422,0.5239059
11/17/24 15:00,0.1058534,0.1065003
11/17/24 16:00,0.02518929,0.02786149
11/17/24 17:00,0,0
11/17/24 18:00,0,0
11/17/24 19:00,0,0
11/17/24 20:00,0,0
11/17/24 21:00,0,0
11/17/24 22:00,0,0
11/17/24 23:00,0,0
11/18/24 0:00,0,0
11/18/24 1:00,0,0
11/18/24 2:00,0,0
11/18/24 3:00,0,0
11/18/24 4:00,0,0
11/18/24 5:00,0,0
11/18/24 6:00,0.05314771,0.06071211
11/18/24 7:00,0.1295078,0.1305189
11/18/24 8:00,0.2200614,0.2223251
11/18/24 9:00,0.4912879,0.5893495
11/18/24 10:00,0.6550651,0.8211905
11/18/24 11:00,0.468756,0.5122705
11/18/24 12:00,0.544522,0.646688
11/18/24 13:00,0.4107978,0.467689
11/18/24 14:00,0.3629216,0.4593312
11/18/24 15:00,0.235415,0.3495422
11/18/24 16:00,0.03516533,0.0540537
11/18/24 17:00,0,0
11/18/24 18:00,0,0
11/18/24 19:00,0,0
11/18/24 20:00,0,0
11/18/24 21:00,0,0
11/18/24 22:00,0,0
11/18/24 23:00,0,0
11/19/24 0:00,0,0
11/19/24 1:00,0,0
11/19/24 2:00,0,0
11/19/24 3:00,0,0
11/19/24 4:00,0,0
11/19/24 5:00,0,0
11/19/24 6:00,0.045036,0.04812104
11/19/24 7:00,0.1200008,0.1199375
11/19/24 8:00,0.373815,0.4571016
11/19/24 9:00,0.4190433,0.4714437
11/19/24 10:00,0.4454852,0.4855123
11/19/24 11:00,0.540008,0.6243425
11/19/24 12:00,0.1352355,0.1320457
11/19/24 13:00,0.1636447,0.1602995
11/19/24 14:00,0.1719049,0.1706872
11/19/24 15:00,0.1978638,0.26434
11/19/24 16:00,0.03783745,0.06645317
11/19/24 17:00,0,0
11/19/24 18:00,0,0
11/19/24 19:00,0,0
11/19/24 20:00,0,0
11/19/24 21:00,0,0
11/19/24 22:00,0,0
11/19/24 23:00,0,0
11/20/24 0:00,0,0
11/20/24 1:00,0,0
11/20/24 2:00,0,0
11/20/24 3:00,0,0
11/20/24 4:00,0,0
11/20/24 5:00,0,0
11/20/24 6:00,0.100379,0.227201
11/20/24 7:00,0.1639162,0.1765769
11/20/24 8:00,0.223435,0.2269466
11/20/24 9:00,0.1801246,0.1765131
11/20/24 10:00,0.2150921,0.2108005
11/20/24 11:00,0.3161942,0.3161595
11/20/24 12:00,0.6053454,0.7519214
11/20/24 13:00,0.5764488,0.7520712
11/20/24 14:00,0.4537012,0.6282173
11/20/24 15:00,0.2303552,0.3421873
11/20/24 16:00,0.04624529,0.1151419
11/20/24 17:00,0,0
11/20/24 18:00,0,0
11/20/24 19:00,0,0
11/20/24 20:00,0,0
11/20/24 21:00,0,0
11/20/24 22:00,0,0
11/20/24 23:00,0,0
11/21/24 0:00,0,0
11/21/24 1:00,0,0
11/21/24 2:00,0,0
11/21/24 3:00,0,0
11/21/24 4:00,0,0
11/21/24 5:00,0,0
11/21/24 6:00,0.06397888,0.09377538
11/21/24 7:00,0.2786057,0.407269
11/21/24 8:00,0.5639496,0.7793089
11/21/24 9:00,0.7266573,0.9600768
11/21/24 10:00,0.7491825,0.9676635
11/21/24 11:00,0.7107987,0.9042879
11/21/24 12:00,0.7441156,0.9644805
11/21/24 13:00,0.66688,0.8862491
11/21/24 14:00,0.494824,0.6936774
11/21/24 15:00,0.268094,0.4271095
11/21/24 16:00,0.05223142,0.158379
11/21/24 17:00,0,0
11/21/24 18:00,0,0
11/21/24 19:00,0,0
11/21/24 20:00,0,0
11/21/24 21:00,0,0
11/21/24 22:00,0,0
11/21/24 23:00,0,0
11/22/24 0:00,0,0
11/22/24 1:00,0,0
11/22/24 2:00,0,0
11/22/24 3:00,0,0
11/22/24 4:00,0,0
11/22/24 5:00,0,0
11/22/24 6:00,0.06660868,0.1065456
11/22/24 7:00,0.232316,0.3083062
11/22/24 8:00,0.3887592,0.4918651
11/22/24 9:00,0.6553457,0.8647779
11/22/24 10:00,0.7286791,0.9412633
11/22/24 11:00,0.7576889,0.9744574
11/22/24 12:00,0.7661598,0.9958244
11/22/24 13:00,0.6923494,0.9232388
11/22/24 14:00,0.4802139,0.6741175
11/22/24 15:00,0.2509492,0.393254
11/22/24 16:00,0.05592849,0.1865518
11/22/24 17:00,0,0
11/22/24 18:00,0,0
11/22/24 19:00,0,0
11/22/24 20:00,0,0
11/22/24 21:00,0,0
11/22/24 22:00,0,0
11/22/24 23:00,0,0
11/23/24 0:00,0,0
11/23/24 1:00,0,0
11/23/24 2:00,0,0
11/23/24 3:00,0,0
11/23/24 4:00,0,0
11/23/24 5:00,0,0
11/23/24 6:00,0.07907449,0.1627778
11/23/24 7:00,0.3679561,0.5748375
11/23/24 8:00,0.5472023,0.760287
11/23/24 9:00,0.7185662,0.9536595
11/23/24 10:00,0.8403102,1.093777
11/23/24 11:00,0.8715951,1.128785
11/23/24 12:00,0.7711757,1.00446
11/23/24 13:00,0.7518992,1.007655
11/23/24 14:00,0.5661758,0.8021266
11/23/24 15:00,0.2806353,0.4550223
11/23/24 16:00,0.04870984,0.1406733
11/23/24 17:00,0,0
11/23/24 18:00,0,0
11/23/24 19:00,0,0
11/23/24 20:00,0,0
11/23/24 21:00,0,0
11/23/24 22:00,0,0
11/23/24 23:00,0,0
11/24/24 0:00,0,0
11/24/24 1:00,0,0
11/24/24 2:00,0,0
11/24/24 3:00,0,0
11/24/24 4:00,0,0
11/24/24 5:00,0,0
11/24/24 6:00,0.0891868,0.2142416
11/24/24 7:00,0.2677007,0.3941016
11/24/24 8:00,0.4217055,0.5588396
11/24/24 9:00,0.5107904,0.6361018
11/24/24 10:00,0.7163027,0.9277381
11/24/24 11:00,0.9050226,1.175668
11/24/24 12:00,0.7832656,1.022584
11/24/24 13:00,0.6861729,0.9185762
11/24/24 14:00,0.4783691,0.6749361
11/24/24 15:00,0.2999536,0.4902233
11/24/24 16:00,0.07068417,0.2662052
11/24/24 17:00,0,0
11/24/24 18:00,0,0
11/24/24 19:00,0,0
11/24/24 20:00,0,0
11/24/24 21:00,0,0
11/24/24 22:00,0,0
11/24/24 23:00,0,0
11/25/24 0:00,0,0
11/25/24 1:00,0,0
11/25/24 2:00,0,0
11/25/24 3:00,0,0
11/25/24 4:00,0,0
11/25/24 5:00,0,0
11/25/24 6:00,0.04826078,0.06063117
11/25/24 7:00,0.2862989,0.4377269
11/25/24 8:00,0.3935814,0.5084009
11/25/24 9:00,0.5372411,0.6843922
11/25/24 10:00,0.7552112,0.9837161
11/25/24 11:00,0.7282063,0.9381866
11/25/24 12:00,0.5090253,0.5980664
11/25/24 13:00,0.4748562,0.5869277
11/25/24 14:00,0.4271001,0.5918661
11/25/24 15:00,0.2561229,0.4099621
11/25/24 16:00,0.05227121,0.1709232
11/25/24 17:00,0,0
11/25/24 18:00,0,0
11/25/24 19:00,0,0
11/25/24 20:00,0,0
11/25/24 21:00,0,0
11/25/24 22:00,0,0
11/25/24 23:00,0,0
11/26/24 0:00,0,0
11/26/24 1:00,0,0
11/26/24 2:00,0,0
11/26/24 3:00,0,0
11/26/24 4:00,0,0
11/26/24 5:00,0,0
11/26/24 6:00,0.05494838,0.0821893
11/26/24 7:00,0.2540156,0.370173
11/26/24 8:00,0.4867055,0.6775173
11/26/24 9:00,0.5086731,0.6366593
11/26/24 10:00,0.5608674,0.6821479
11/26/24 11:00,0.6800022,0.8668873
11/26/24 12:00,0.7390422,0.9666251
11/26/24 13:00,0.4930827,0.6207824
11/26/24 14:00,0.4109701,0.5640644
11/26/24 15:00,0.2549274,0.4089755
11/26/24 16:00,0.05460204,0.1892419
11/26/24 17:00,0,0
11/26/24 18:00,0,0
11/26/24 19:00,0,0
11/26/24 20:00,0,0
11/26/24 21:00,0,0
11/26/24 22:00,0,0
11/26/24 23:00,0,0
11/27/24 0:00,0,0
11/27/24 1:00,0,0
11/27/24 2:00,0,0
11/27/24 3:00,0,0
11/27/24 4:00,0,0
11/27/24 5:00,0,0
11/27/24 6:00,0.05473814,0.08508594
11/27/24 7:00,0.2099374,0.2725708
11/27/24 8:00,0.5244347,0.7365931
11/27/24 9:00,0.6399699,0.8533426
11/27/24 10:00,0.8657365,1.136667
11/27/24 11:00,0.8670033,1.13063
11/27/24 12:00,0.7728654,1.013855
11/27/24 13:00,0.5876533,0.7825547
11/27/24 14:00,0.5125763,0.7302938
11/27/24 15:00,0.3092048,0.5113071
11/27/24 16:00,0.06684612,0.2575102
11/27/24 17:00,0,0
11/27/24 18:00,0,0
11/27/24 19:00,0,0
11/27/24 20:00,0,0
11/27/24 21:00,0,0
11/27/24 22:00,0,0
11/27/24 23:00,0,0
11/28/24 0:00,0,0
11/28/24 1:00,0,0
11/28/24 2:00,0,0
11/28/24 3:00,0,0
11/28/24 4:00,0,0
11/28/24 5:00,0,0
11/28/24 6:00,0.05505803,0.09029804
11/28/24 7:00,0.09853291,0.09776561
11/28/24 8:00,0.08979958,0.08782771
11/28/24 9:00,0.2548036,0.2549924
11/28/24 10:00,0.3732578,0.3907774
11/28/24 11:00,0.602953,0.744085
11/28/24 12:00,0.2943883,0.29508
11/28/24 13:00,0.1793295,0.1760176
11/28/24 14:00,0.1053686,0.1032888
11/28/24 15:00,0.1140922,0.1177141
11/28/24 16:00,0.03187012,0.04933296
11/28/24 17:00,0,0
11/28/24 18:00,0,0
11/28/24 19:00,0,0
11/28/24 20:00,0,0
11/28/24 21:00,0,0
11/28/24 22:00,0,0
11/28/24 23:00,0,0
11/29/24 0:00,0,0
11/29/24 1:00,0,0
11/29/24 2:00,0,0
11/29/24 3:00,0,0
11/29/24 4:00,0,0
11/29/24 5:00,0,0
11/29/24 6:00,0.05027198,0.07665893
11/29/24 7:00,0.06082705,0.05973474
11/29/24 8:00,0.2029323,0.2051326
11/29/24 9:00,0.4789408,0.5898453
11/29/24 10:00,0.4997,0.5831565
11/29/24 11:00,0.2429777,0.2389307
11/29/24 12:00,0.402346,0.4335026
11/29/24 13:00,0.3439858,0.3723613
11/29/24 14:00,0.2479627,0.2684882
11/29/24 15:00,0.09041962,0.09005743
11/29/24 16:00,0.01796097,0.01877129
11/29/24 17:00,0,0
11/29/24 18:00,0,0
11/29/24 19:00,0,0
11/29/24 20:00,0,0
11/29/24 21:00,0,0
11/29/24 22:00,0,0
11/29/24 23:00,0,0
11/30/24 0:00,0,0
11/30/24 1:00,0,0
11/30/24 2:00,0,0
11/30/24 3:00,0,0
11/30/24 4:00,0,0
11/30/24 5:00,0,0
11/30/24 6:00,0.03991851,0.04917527
11/30/24 7:00,0.1767136,0.2099513
11/30/24 8:00,0.3797258,0.4936494
11/30/24 9:00,0.5234409,0.6709483
11/30/24 10:00,0.7139001,0.935409
11/30/24 11:00,0.7492007,0.9767306
11/30/24 12:00,0.6884264,0.9011618
11/30/24 13:00,0.6892602,0.9327662
11/30/24 14:00,0.4875434,0.6974234
11/30/24 15:00,0.28435,0.4721556
11/30/24 16:00,0.0627801,0.2430311
11/30/24 17:00,0,0
11/30/24 18:00,0,0
11/30/24 19:00,0,0
11/30/24 20:00,0,0
11/30/24 21:00,0,0
11/30/24 22:00,0,0
11/30/24 23:00,0,0
12/1/24 0:00,0,0
12/1/24 1:00,0,0
12/1/24 2:00,0,0
12/1/24 3:00,0,0
12/1/24 4:00,0,0
12/1/24 5:00,0,0
12/1/24 6:00,0.04440054,0.06330187
12/1/24 7:00,0.2192315,0.3045856
12/1/24 8:00,0.4940983,0.7002309
12/1/24 9:00,0.7104179,0.958921
12/1/24 10:00,0.6380261,0.8208677
12/1/24 11:00,0.8600959,1.128248
12/1/24 12:00,0.7869693,1.039182
12/1/24 13:00,0.6943845,0.9413462
12/1/24 14:00,0.5533891,0.7969582
12/1/24 15:00,0.2916163,0.4858716
12/1/24 16:00,0.05136021,0.1705402
12/1/24 17:00,0,0
12/1/24 18:00,0,0
12/1/24 19:00,0,0
12/1/24 20:00,0,0
12/1/24 21:00,0,0
12/1/24 22:00,0,0
12/1/24 23:00,0,0
12/2/24 0:00,0,0
12/2/24 1:00,0,0
12/2/24 2:00,0,0
12/2/24 3:00,0,0
12/2/24 4:00,0,0
12/2/24 5:00,0,0
12/2/24 6:00,0.08961832,0.2745091
12/2/24 7:00,0.1517299,0.1680562
12/2/24 8:00,0.4179035,0.5719262
12/2/24 9:00,0.5451237,0.7126967
12/2/24 10:00,0.4802182,0.5543961
12/2/24 11:00,0.5163642,0.6027133
12/2/24 12:00,0.5354065,0.6514187
12/2/24 13:00,0.415961,0.4899753
12/2/24 14:00,0.17155,0.1710678
12/2/24 15:00,0.0997092,0.1004179
12/2/24 16:00,0.03291754,0.05331958
12/2/24 17:00,0,0
12/2/24 18:00,0,0
12/2/24 19:00,0,0
12/2/24 20:00,0,0
12/2/24 21:00,0,0
12/2/24 22:00,0,0
12/2/24 23:00,0,0
12/3/24 0:00,0,0
12/3/24 1:00,0,0
12/3/24 2:00,0,0
12/3/24 3:00,0,0
12/3/24 4:00,0,0
12/3/24 5:00,0,0
12/3/24 6:00,0.06239892,0.1586711
12/3/24 7:00,0.2935694,0.4775032
12/3/24 8:00,0.3354285,0.4138673
12/3/24 9:00,0.4608479,0.5643411
12/3/24 10:00,0.4064905,0.4399403
12/3/24 11:00,0.5312746,0.6288176
12/3/24 12:00,0.6341355,0.8206722
12/3/24 13:00,0.5133327,0.6653709
12/3/24 14:00,0.23197,0.2460916
12/3/24 15:00,0.2164951,0.3245281
12/3/24 16:00,0.04742276,0.1398502
12/3/24 17:00,0,0
12/3/24 18:00,0,0
12/3/24 19:00,0,0
12/3/24 20:00,0,0
12/3/24 21:00,0,0
12/3/24 22:00,0,0
12/3/24 23:00,0,0
12/4/24 0:00,0,0
12/4/24 1:00,0,0
12/4/24 2:00,0,0
12/4/24 3:00,0,0
12/4/24 4:00,0,0
12/4/24 5:00,0,0
12/4/24 6:00,0.07592904,0.2392412
12/4/24 7:00,0.2320574,0.3446501
12/4/24 8:00,0.3884604,0.5197336
12/4/24 9:00,0.5539138,0.7314515
12/4/24 10:00,0.4001079,0.4312547
12/4/24 11:00,0.3972681,0.4209141
12/4/24 12:00,0.3271593,0.3346166
12/4/24 13:00,0.07124253,0.0694525
12/4/24 14:00,0.1407933,0.1386807
12/4/24 15:00,0.110183,0.1129801
12/4/24 16:00,0.01207227,0.01228343
12/4/24 17:00,0,0
12/4/24 18:00,0,0
12/4/24 19:00,0,0
12/4/24 20:00,0,0
12/4/24 21:00,0,0
12/4/24 22:00,0,0
12/4/24 23:00,0,0
12/5/24 0:00,0,0
12/5/24 1:00,0,0
12/5/24 2:00,0,0
12/5/24 3:00,0,0
12/5/24 4:00,0,0
12/5/24 5:00,0,0
12/5/24 6:00,0.05656198,0.1413437
12/5/24 7:00,0.1169793,0.1199515
12/5/24 8:00,0.4222063,0.5867877
12/5/24 9:00,0.5773315,0.7721274
12/5/24 10:00,0.6738064,0.8837146
12/5/24 11:00,0.677553,0.877048
12/5/24 12:00,0.6219609,0.8029719
12/5/24 13:00,0.5204936,0.6798791
12/5/24 14:00,0.4668206,0.6710262
12/5/24 15:00,0.2077434,0.3029272
12/5/24 16:00,0.05473201,0.190395
12/5/24 17:00,0,0
12/5/24 18:00,0,0
12/5/24 19:00,0,0
12/5/24 20:00,0,0
12/5/24 21:00,0,0
12/5/24 22:00,0,0
12/5/24 23:00,0,0
12/6/24 0:00,0,0
12/6/24 1:00,0,0
12/6/24 2:00,0,0
12/6/24 3:00,0,0
12/6/24 4:00,0,0
12/6/24 5:00,0,0
12/6/24 6:00,0.05099439,0.1160837
12/6/24 7:00,0.1892334,0.247329
12/6/24 8:00,0.2546086,0.2773082
12/6/24 9:00,0.3905819,0.4460007
12/6/24 10:00,0.5288835,0.6419852
12/6/24 11:00,0.4859247,0.5559265
12/6/24 12:00,0.3418532,0.3533733
12/6/24 13:00,0.234396,0.233722
12/6/24 14:00,0.3145214,0.3844947
12/6/24 15:00,0.2277418,0.3532761
12/6/24 16:00,0.02556963,0.03017262
12/6/24 17:00,0,0
12/6/24 18:00,0,0
12/6/24 19:00,0,0
12/6/24 20:00,0,0
12/6/24 21:00,0,0
12/6/24 22:00,0,0
12/6/24 23:00,0,0
12/7/24 0:00,0,0
12/7/24 1:00,0,0
12/7/24 2:00,0,0
12/7/24 3:00,0,0
12/7/24 4:00,0,0
12/7/24 5:00,0,0
12/7/24 6:00,0.0574444,0.1645835
12/7/24 7:00,0.2567213,0.4128215
12/7/24 8:00,0.4130971,0.5738879
12/7/24 9:00,0.6690793,0.9106206
12/7/24 10:00,0.7105595,0.9406139
12/7/24 11:00,0.7453784,0.9802862
12/7/24 12:00,0.7754204,1.030551
12/7/24 13:00,0.6340982,0.863095
12/7/24 14:00,0.5203168,0.753296
12/7/24 15:00,0.2388604,0.380551
12/7/24 16:00,0.05664387,0.1989415
12/7/24 17:00,0,0
12/7/24 18:00,0,0
12/7/24 19:00,0,0
12/7/24 20:00,0,0
12/7/24 21:00,0,0
12/7/24 22:00,0,0
12/7/24 23:00,0,0
12/8/24 0:00,0,0
12/8/24 1:00,0,0
12/8/24 2:00,0,0
12/8/24 3:00,0,0
12/8/24 4:00,0,0
12/8/24 5:00,0,0
12/8/24 6:00,0.03919393,0.06632628
12/8/24 7:00,0.2840897,0.47268
12/8/24 8:00,0.4272631,0.602316
12/8/24 9:00,0.6190661,0.8411998
12/8/24 10:00,0.5792765,0.732324
12/8/24 11:00,0.6406061,0.8206696
12/8/24 12:00,0.6915424,0.9148844
12/8/24 13:00,0.6683589,0.9120972
12/8/24 14:00,0.5132454,0.7432888
12/8/24 15:00,0.2844147,0.4777046
12/8/24 16:00,0.05588207,0.1907751
12/8/24 17:00,0,0
12/8/24 18:00,0,0
12/8/24 19:00,0,0
12/8/24 20:00,0,0
12/8/24 21:00,0,0
12/8/24 22:00,0,0
12/8/24 23:00,0,0
12/9/24 0:00,0,0
12/9/24 1:00,0,0
12/9/24 2:00,0,0
12/9/24 3:00,0,0
12/9/24 4:00,0,0
12/9/24 5:00,0,0
12/9/24 6:00,0.03235666,0.04425744
12/9/24 7:00,0.1849569,0.2438559
12/9/24 8:00,0.3909177,0.5349297
12/9/24 9:00,0.5554053,0.7420849
12/9/24 10:00,0.5341095,0.6544787
12/9/24 11:00,0.6566716,0.8480122
12/9/24 12:00,0.682379,0.9020785
12/9/24 13:00,0.6269809,0.8544794
12/9/24 14:00,0.5183815,0.7515758
12/9/24 15:00,0.271431,0.4529732
12/9/24 16:00,0.03097337,0.04264822
12/9/24 17:00,0,0
12/9/24 18:00,0,0
12/9/24 19:00,0,0
12/9/24 20:00,0,0
12/9/24 21:00,0,0
12/9/24 22:00,0,0
12/9/24 23:00,0,0
12/10/24 0:00,0,0
12/10/24 1:00,0,0
12/10/24 2:00,0,0
12/10/24 3:00,0,0
12/10/24 4:00,0,0
12/10/24 5:00,0,0
12/10/24 6:00,0.04445007,0.1046083
12/10/24 7:00,0.180251,0.2350418
12/10/24 8:00,0.4213188,0.5951319
12/10/24 9:00,0.3735838,0.4215574
12/10/24 10:00,0.5698589,0.7182266
12/10/24 11:00,0.3614053,0.3746753
12/10/24 12:00,0.2928766,0.2944638
12/10/24 13:00,0.2744176,0.2803982
12/10/24 14:00,0.2692052,0.303596
12/10/24 15:00,0.248456,0.4026663
12/10/24 16:00,0.04361982,0.09955171
12/10/24 17:00,0,0
12/10/24 18:00,0,0
12/10/24 19:00,0,0
12/10/24 20:00,0,0
12/10/24 21:00,0,0
12/10/24 22:00,0,0
12/10/24 23:00,0,0
12/11/24 0:00,0,0
12/11/24 1:00,0,0
12/11/24 2:00,0,0
12/11/24 3:00,0,0
12/11/24 4:00,0,0
12/11/24 5:00,0,0
12/11/24 6:00,0.05820305,0.2097983
12/11/24 7:00,0.08303137,0.08234295
12/11/24 8:00,0.1132881,0.1112095
12/11/24 9:00,0.1091641,0.1066881
12/11/24 10:00,0.1222261,0.1193703
12/11/24 11:00,0.3181876,0.3216183
12/11/24 12:00,0.09789089,0.09548456
12/11/24 13:00,0.08437724,0.0823312
12/11/24 14:00,0.03156678,0.03073444
12/11/24 15:00,0.004935507,0.004796613
12/11/24 16:00,0.01122367,0.01132115
12/11/24 17:00,0,0
12/11/24 18:00,0,0
12/11/24 19:00,0,0
12/11/24 20:00,0,0
12/11/24 21:00,0,0
12/11/24 22:00,0,0
12/11/24 23:00,0,0
12/12/24 0:00,0,0
12/12/24 1:00,0,0
12/12/24 2:00,0,0
12/12/24 3:00,0,0
12/12/24 4:00,0,0
12/12/24 5:00,0,0
12/12/24 6:00,0.03809711,0.0784619
12/12/24 7:00,0.251993,0.4162547
12/12/24 8:00,0.4827775,0.7010413
12/12/24 9:00,0.5564497,0.7478235
12/12/24 10:00,0.6495834,0.854133
12/12/24 11:00,0.6981405,0.9157529
12/12/24 12:00,0.6564465,0.8641718
12/12/24 13:00,0.4554836,0.564957
12/12/24 14:00,0.4327453,0.6161812
12/12/24 15:00,0.2642405,0.4371764
12/12/24 16:00,0.056265,0.1781404
12/12/24 17:00,0,0
12/12/24 18:00,0,0
12/12/24 19:00,0,0
12/12/24 20:00,0,0
12/12/24 21:00,0,0
12/12/24 22:00,0,0
12/12/24 23:00,0,0
12/13/24 0:00,0,0
12/13/24 1:00,0,0
12/13/24 2:00,0,0
12/13/24 3:00,0,0
12/13/24 4:00,0,0
12/13/24 5:00,0,0
12/13/24 6:00,0.04183783,0.1087513
12/13/24 7:00,0.1919366,0.2692861
12/13/24 8:00,0.4702803,0.6833578
12/13/24 9:00,0.6752206,0.9263668
12/13/24 10:00,0.7770457,1.037984
12/13/24 11:00,0.8084973,1.071295
12/13/24 12:00,0.5454811,0.6767812
12/13/24 13:00,0.4078909,0.4796028
12/13/24 14:00,0.3872418,0.5293042
12/13/24 15:00,0.2188813,0.3277245
12/13/24 16:00,0.04853538,0.1212396
12/13/24 17:00,0,0
12/13/24 18:00,0,0
12/13/24 19:00,0,0
12/13/24 20:00,0,0
12/13/24 21:00,0,0
12/13/24 22:00,0,0
12/13/24 23:00,0,0
12/14/24 0:00,0,0
12/14/24 1:00,0,0
12/14/24 2:00,0,0
12/14/24 3:00,0,0
12/14/24 4:00,0,0
12/14/24 5:00,0,0
12/14/24 6:00,0.03764342,0.08684122
12/14/24 7:00,0.1673914,0.2130304
12/14/24 8:00,0.404413,0.569998
12/14/24 9:00,0.5130001,0.6745175
12/14/24 10:00,0.7192172,0.9590901
12/14/24 11:00,0.7553368,0.9993148
12/14/24 12:00,0.6273997,0.8181853
12/14/24 13:00,0.5977804,0.8131767
12/14/24 14:00,0.4513199,0.6486114
12/14/24 15:00,0.2910778,0.4890782
12/14/24 16:00,0.07762557,0.2810504
12/14/24 17:00,0,0
12/14/24 18:00,0,0
12/14/24 19:00,0,0
12/14/24 20:00,0,0
12/14/24 21:00,0,0
12/14/24 22:00,0,0
12/14/24 23:00,0,0
12/15/24 0:00,0,0
12/15/24 1:00,0,0
12/15/24 2:00,0,0
12/15/24 3:00,0,0
12/15/24 4:00,0,0
12/15/24 5:00,0,0
12/15/24 6:00,0.06340051,0.2779804
12/15/24 7:00,0.2669019,0.4549566
12/15/24 8:00,0.4729239,0.6896557
12/15/24 9:00,0.6336068,0.8690267
12/15/24 10:00,0.7331955,0.9788805
12/15/24 11:00,0.7601759,1.006339
12/15/24 12:00,0.6175275,0.8020576
12/15/24 13:00,0.4985738,0.6441126
12/15/24 14:00,0.4431303,0.6342485
12/15/24 15:00,0.2736043,0.4548951
12/15/24 16:00,0.04771046,0.1085808
12/15/24 17:00,0,0
12/15/24 18:00,0,0
12/15/24 19:00,0,0
12/15/24 20:00,0,0
12/15/24 21:00,0,0
12/15/24 22:00,0,0
12/15/24 23:00,0,0
12/16/24 0:00,0,0
12/16/24 1:00,0,0
12/16/24 2:00,0,0
12/16/24 3:00,0,0
12/16/24 4:00,0,0
12/16/24 5:00,0,0
12/16/24 6:00,0.05247041,0.2240032
12/16/24 7:00,0.2705308,0.4638747
12/16/24 8:00,0.4114251,0.5862178
12/16/24 9:00,0.343254,0.3770751
12/16/24 10:00,0.6282445,0.8227826
12/16/24 11:00,0.4146616,0.4490525
12/16/24 12:00,0.6072655,0.7849514
12/16/24 13:00,0.408886,0.4810915
12/16/24 14:00,0.414817,0.5820116
12/16/24 15:00,0.2847759,0.4762731
12/16/24 16:00,0.05842469,0.1727748
12/16/24 17:00,0,0
12/16/24 18:00,0,0
12/16/24 19:00,0,0
12/16/24 20:00,0,0
12/16/24 21:00,0,0
12/16/24 22:00,0,0
12/16/24 23:00,0,0
12/17/24 0:00,0,0
12/17/24 1:00,0,0
12/17/24 2:00,0,0
12/17/24 3:00,0,0
12/17/24 4:00,0,0
12/17/24 5:00,0,0
12/17/24 6:00,0.04978695,0.2144583
12/17/24 7:00,0.2565012,0.4376409
12/17/24 8:00,0.423817,0.6103212
12/17/24 9:00,0.4690076,0.5968786
12/17/24 10:00,0.6313922,0.8285158
12/17/24 11:00,0.4105248,0.4431393
12/17/24 12:00,0.3687221,0.3901118
12/17/24 13:00,0.4939631,0.6353413
12/17/24 14:00,0.2843129,0.3277735
12/17/24 15:00,0.1496699,0.1696386
12/17/24 16:00,0.03901207,0.06059339
12/17/24 17:00,0,0
12/17/24 18:00,0,0
12/17/24 19:00,0,0
12/17/24 20:00,0,0
12/17/24 21:00,0,0
12/17/24 22:00,0,0
12/17/24 23:00,0,0
12/18/24 0:00,0,0
12/18/24 1:00,0,0
12/18/24 2:00,0,0
12/18/24 3:00,0,0
12/18/24 4:00,0,0
12/18/24 5:00,0,0
12/18/24 6:00,0.04869651,0.2152899
12/18/24 7:00,0.281269,0.4866265
12/18/24 8:00,0.4869748,0.7137588
12/18/24 9:00,0.5887831,0.8054882
12/18/24 10:00,0.6438254,0.8490863
12/18/24 11:00,0.5855057,0.7328861
12/18/24 12:00,0.5987937,0.7706118
12/18/24 13:00,0.6097334,0.8314455
12/18/24 14:00,0.5219182,0.7576517
12/18/24 15:00,0.2665733,0.4368233
12/18/24 16:00,0.05395974,0.1335597
12/18/24 17:00,0,0
12/18/24 18:00,0,0
12/18/24 19:00,0,0
12/18/24 20:00,0,0
12/18/24 21:00,0,0
12/18/24 22:00,0,0
12/18/24 23:00,0,0
12/19/24 0:00,0,0
12/19/24 1:00,0,0
12/19/24 2:00,0,0
12/19/24 3:00,0,0
12/19/24 4:00,0,0
12/19/24 5:00,0,0
12/19/24 6:00,0.03776665,0.1209864
12/19/24 7:00,0.1943618,0.2884266
12/19/24 8:00,0.3547694,0.4774997
12/19/24 9:00,0.3535174,0.3942939
12/19/24 10:00,0.04318614,0.04201516
12/19/24 11:00,0.2496199,0.2462735
12/19/24 12:00,0.4224975,0.4689112
12/19/24 13:00,0.4631113,0.5779188
12/19/24 14:00,0.1876671,0.1890311
12/19/24 15:00,0.07700434,0.07607739
12/19/24 16:00,0.02727803,0.02960221
12/19/24 17:00,0,0
12/19/24 18:00,0,0
12/19/24 19:00,0,0
12/19/24 20:00,0,0
12/19/24 21:00,0,0
12/19/24 22:00,0,0
12/19/24 23:00,0,0
12/20/24 0:00,0,0
12/20/24 1:00,0,0
12/20/24 2:00,0,0
12/20/24 3:00,0,0
12/20/24 4:00,0,0
12/20/24 5:00,0,0
12/20/24 6:00,0.03903419,0.1377064
12/20/24 7:00,0.05451003,0.05369693
12/20/24 8:00,0.08594616,0.08417398
12/20/24 9:00,0.0467357,0.0455038
12/20/24 10:00,0.1140152,0.1113212
12/20/24 11:00,0.1064574,0.1038581
12/20/24 12:00,0.04365443,0.04247002
12/20/24 13:00,0.02396015,0.02329422
12/20/24 14:00,0.05848938,0.05708563
12/20/24 15:00,0.0776577,0.07672291
12/20/24 16:00,0.01734748,0.0176239
12/20/24 17:00,0,0
12/20/24 18:00,0,0
12/20/24 19:00,0,0
12/20/24 20:00,0,0
12/20/24 21:00,0,0
12/20/24 22:00,0,0
12/20/24 23:00,0,0
12/21/24 0:00,0,0
12/21/24 1:00,0,0
12/21/24 2:00,0,0
12/21/24 3:00,0,0
12/21/24 4:00,0,0
12/21/24 5:00,0,0
12/21/24 6:00,0.01637522,0.0179419
12/21/24 7:00,0.0743709,0.07374684
12/21/24 8:00,0.1882553,0.1918225
12/21/24 9:00,0.4500661,0.5644536
12/21/24 10:00,0.5176597,0.6331519
12/21/24 11:00,0.2481353,0.2447314
12/21/24 12:00,0.5044204,0.604661
12/21/24 13:00,0.5769339,0.778973
12/21/24 14:00,0.3917366,0.5332364
12/21/24 15:00,0.2563053,0.4088928
12/21/24 16:00,0.08074381,0.2630991
12/21/24 17:00,0,0
12/21/24 18:00,0,0
12/21/24 19:00,0,0
12/21/24 20:00,0,0
12/21/24 21:00,0,0
12/21/24 22:00,0,0
12/21/24 23:00,0,0
12/22/24 0:00,0,0
12/22/24 1:00,0,0
12/22/24 2:00,0,0
12/22/24 3:00,0,0
12/22/24 4:00,0,0
12/22/24 5:00,0,0
12/22/24 6:00,0.02080328,0.02723665
12/22/24 7:00,0.184979,0.2693303
12/22/24 8:00,0.5023454,0.7400362
12/22/24 9:00,0.6621444,0.9132291
12/22/24 10:00,0.6152201,0.8035338
12/22/24 11:00,0.8010774,1.063536
12/22/24 12:00,0.6352728,0.8310488
12/22/24 13:00,0.511758,0.6654595
12/22/24 14:00,0.4898439,0.7074668
12/22/24 15:00,0.2387511,0.3646154
12/22/24 16:00,0.06711551,0.1899026
12/22/24 17:00,0,0
12/22/24 18:00,0,0
12/22/24 19:00,0,0
12/22/24 20:00,0,0
12/22/24 21:00,0,0
12/22/24 22:00,0,0
12/22/24 23:00,0,0
12/23/24 0:00,0,0
12/23/24 1:00,0,0
12/23/24 2:00,0,0
12/23/24 3:00,0,0
12/23/24 4:00,0,0
12/23/24 5:00,0,0
12/23/24 6:00,0.04156867,0.1757901
12/23/24 7:00,0.1897776,0.283692
12/23/24 8:00,0.459537,0.675033
12/23/24 9:00,0.6543428,0.9022853
12/23/24 10:00,0.6386825,0.8420759
12/23/24 11:00,0.7383909,0.9774984
12/23/24 12:00,0.758775,1.012781
12/23/24 13:00,0.6702775,0.9166915
12/23/24 14:00,0.5137558,0.7426367
12/23/24 15:00,0.2215766,0.3200118
12/23/24 16:00,0.05395841,0.1093785
12/23/24 17:00,0,0
12/23/24 18:00,0,0
12/23/24 19:00,0,0
12/23/24 20:00,0,0
12/23/24 21:00,0,0
12/23/24 22:00,0,0
12/23/24 23:00,0,0
12/24/24 0:00,0,0
12/24/24 1:00,0,0
12/24/24 2:00,0,0
12/24/24 3:00,0,0
12/24/24 4:00,0,0
12/24/24 5:00,0,0
12/24/24 6:00,0.03779922,0.1454246
12/24/24 7:00,0.1572867,0.2033285
12/24/24 8:00,0.2705254,0.3153722
12/24/24 9:00,0.5393111,0.7276116
12/24/24 10:00,0.5947323,0.7690062
12/24/24 11:00,0.7108778,0.93754
12/24/24 12:00,0.5474911,0.6792722
12/24/24 13:00,0.5821978,0.7857134
12/24/24 14:00,0.5345787,0.773123
12/24/24 15:00,0.2106668,0.2914419
12/24/24 16:00,0.02582077,0.02671147
12/24/24 17:00,0,0
12/24/24 18:00,0,0
12/24/24 19:00,0,0
12/24/24 20:00,0,0
12/24/24 21:00,0,0
12/24/24 22:00,0,0
12/24/24 23:00,0,0
12/25/24 0:00,0,0
12/25/24 1:00,0,0
12/25/24 2:00,0,0
12/25/24 3:00,0,0
12/25/24 4:00,0,0
12/25/24 5:00,0,0
12/25/24 6:00,0.03870657,0.1580901
12/25/24 7:00,0.2197091,0.3662022
12/25/24 8:00,0.4977405,0.7341592
12/25/24 9:00,0.6655008,0.9183828
12/25/24 10:00,0.7100242,0.9490258
12/25/24 11:00,0.7180195,0.947777
12/25/24 12:00,0.670229,0.8853644
12/25/24 13:00,0.7070146,0.9675463
12/25/24 14:00,0.554621,0.8023624
12/25/24 15:00,0.2691417,0.4305007
12/25/24 16:00,0.08218996,0.2469244
12/25/24 17:00,0,0
12/25/24 18:00,0,0
12/25/24 19:00,0,0
12/25/24 20:00,0,0
12/25/24 21:00,0,0
12/25/24 22:00,0,0
12/25/24 23:00,0,0
12/26/24 0:00,0,0
12/26/24 1:00,0,0
12/26/24 2:00,0,0
12/26/24 3:00,0,0
12/26/24 4:00,0,0
12/26/24 5:00,0,0
12/26/24 6:00,0.02780744,0.06665319
12/26/24 7:00,0.0776445,0.07727183
12/26/24 8:00,0.04555626,0.04443151
12/26/24 9:00,0.1058214,0.1034341
12/26/24 10:00,0.1869138,0.183235
12/26/24 11:00,0.2526655,0.2494156
12/26/24 12:00,0.5852237,0.7442687
12/26/24 13:00,0.4392558,0.530064
12/26/24 14:00,0.4034963,0.5503746
12/26/24 15:00,0.1217369,0.1249465
12/26/24 16:00,0.0379428,0.04510822
12/26/24 17:00,0,0
12/26/24 18:00,0,0
12/26/24 19:00,0,0
12/26/24 20:00,0,0
12/26/24 21:00,0,0
12/26/24 22:00,0,0
12/26/24 23:00,0,0
12/27/24 0:00,0,0
12/27/24 1:00,0,0
12/27/24 2:00,0,0
12/27/24 3:00,0,0
12/27/24 4:00,0,0
12/27/24 5:00,0,0
12/27/24 6:00,0.01571684,0.01785403
12/27/24 7:00,0.1287006,0.1469223
12/27/24 8:00,0.3028187,0.3777404
12/27/24 9:00,0.5358556,0.7220199
12/27/24 10:00,0.5128598,0.6247849
12/27/24 11:00,0.5113411,0.6029943
12/27/24 12:00,0.4925603,0.5815277
12/27/24 13:00,0.3947821,0.4521163
12/27/24 14:00,0.2850161,0.3231218
12/27/24 15:00,0.1417122,0.1518119
12/27/24 16:00,0.03941656,0.04727741
12/27/24 17:00,0,0
12/27/24 18:00,0,0
12/27/24 19:00,0,0
12/27/24 20:00,0,0
12/27/24 21:00,0,0
12/27/24 22:00,0,0
12/27/24 23:00,0,0
12/28/24 0:00,0,0
12/28/24 1:00,0,0
12/28/24 2:00,0,0
12/28/24 3:00,0,0
12/28/24 4:00,0,0
12/28/24 5:00,0,0
12/28/24 6:00,0.02796902,0.07296177
12/28/24 7:00,0.2374882,0.4123136
12/28/24 8:00,0.4358365,0.6383322
12/28/24 9:00,0.5758619,0.7877088
12/28/24 10:00,0.741856,0.9920277
12/28/24 11:00,0.8367052,1.110361
12/28/24 12:00,0.7746162,1.03204
12/28/24 13:00,0.6904137,0.9416647
12/28/24 14:00,0.4841954,0.6928557
12/28/24 15:00,0.3433209,0.5645688
12/28/24 16:00,0.0872643,0.2494631
12/28/24 17:00,0,0
12/28/24 18:00,0,0
12/28/24 19:00,0,0
12/28/24 20:00,0,0
12/28/24 21:00,0,0
12/28/24 22:00,0,0
12/28/24 23:00,0,0
12/29/24 0:00,0,0
12/29/24 1:00,0,0
12/29/24 2:00,0,0
12/29/24 3:00,0,0
12/29/24 4:00,0,0
12/29/24 5:00,0,0
12/29/24 6:00,0.03741757,0.1604159
12/29/24 7:00,0.238428,0.415178
12/29/24 8:00,0.4447146,0.6528815
12/29/24 9:00,0.5059993,0.669293
12/29/24 10:00,0.6129757,0.7987384
12/29/24 11:00,0.5887022,0.7360404
12/29/24 12:00,0.6445531,0.8417801
12/29/24 13:00,0.6115958,0.8276337
12/29/24 14:00,0.5385568,0.7737374
12/29/24 15:00,0.2911591,0.4688599
12/29/24 16:00,0.08691494,0.2414718
12/29/24 17:00,0,0
12/29/24 18:00,0,0
12/29/24 19:00,0,0
12/29/24 20:00,0,0
12/29/24 21:00,0,0
12/29/24 22:00,0,0
12/29/24 23:00,0,0
12/30/24 0:00,0,0
12/30/24 1:00,0,0
12/30/24 2:00,0,0
12/30/24 3:00,0,0
12/30/24 4:00,0,0
12/30/24 5:00,0,0
12/30/24 6:00,0.02546391,0.05925563
12/30/24 7:00,0.1290799,0.1488044
12/30/24 8:00,0.2359868,0.2590711
12/30/24 9:00,0.3383408,0.3722622
12/30/24 10:00,0.5046366,0.6094645
12/30/24 11:00,0.3594685,0.3723657
12/30/24 12:00,0.3975861,0.4285805
12/30/24 13:00,0.3315659,0.3530324
12/30/24 14:00,0.5024787,0.7187818
12/30/24 15:00,0.244123,0.3593505
12/30/24 16:00,0.06598154,0.1325988
12/30/24 17:00,0,0
12/30/24 18:00,0,0
12/30/24 19:00,0,0
12/30/24 20:00,0,0
12/30/24 21:00,0,0
12/30/24 22:00,0,0
12/30/24 23:00,0,0