Time,global_solar_kw/m2,incident_solar_kw/m2
1/1/24 0:00,0,0
1/1/24 1:00,0,0
1/1/24 2:00,0,0
1/1/24 3:00,0,0
1/1/24 4:00,0,0
1/1/24 5:00,0,0
1/1/24 6:00,0.01811987,0.04095938
1/1/24 7:00,0.174763,0.2728209
1/1/24 8:00,0.4038552,0.5861957
1/1/24 9:00,0.3685717,0.4211937
1/1/24 10:00,0.3997844,0.434705
1/1/24 11:00,0.6847106,0.8841047
1/1/24 12:00,0.5019267,0.5843068
1/1/24 13:00,0.4674234,0.5603404
1/1/24 14:00,0.2940287,0.3237127
1/1/24 15:00,0.194652,0.2239955
1/1/24 16:00,0.08481911,0.1347463
1/1/24 17:00,0.000587511,0
1/1/24 18:00,0,0
1/1/24 19:00,0,0
1/1/24 20:00,0,0
1/1/24 21:00,0,0
1/1/24 22:00,0,0
1/1/24 23:00,0,0
1/2/24 0:00,0,0
1/2/24 1:00,0,0
1/2/24 2:00,0,0
1/2/24 3:00,0,0
1/2/24 4:00,0,0
1/2/24 5:00,0,0
1/2/24 6:00,0.02191105,0.07328661
1/2/24 7:00,0.2131439,0.3758338
1/2/24 8:00,0.4548639,0.6690937
1/2/24 9:00,0.6089118,0.8322051
1/2/24 10:00,0.6151962,0.7947737
1/2/24 11:00,0.5568368,0.6702054
1/2/24 12:00,0.4934384,0.5694798
1/2/24 13:00,0.6244309,0.8282789
1/2/24 14:00,0.4627918,0.628635
1/2/24 15:00,0.3593606,0.5597767
1/2/24 16:00,0.1034315,0.1995048
1/2/24 17:00,0.000659026,0
1/2/24 18:00,0,0
1/2/24 19:00,0,0
1/2/24 20:00,0,0
1/2/24 21:00,0,0
1/2/24 22:00,0,0
1/2/24 23:00,0,0
1/3/24 0:00,0,0
1/3/24 1:00,0,0
1/3/24 2:00,0,0
1/3/24 3:00,0,0
1/3/24 4:00,0,0
1/3/24 5:00,0,0
1/3/24 6:00,0.01432746,0.02273985
1/3/24 7:00,0.168874,0.2580872
1/3/24 8:00,0.326445,0.4333401
1/3/24 9:00,0.3748145,0.4313963
1/3/24 10:00,0.7186041,0.9505013
1/3/24 11:00,0.5856739,0.7187102
1/3/24 12:00,0.4441503,0.4904078
1/3/24 13:00,0.516316,0.6443353
1/3/24 14:00,0.4540223,0.6108654
1/3/24 15:00,0.3233182,0.4923788
1/3/24 16:00,0.1046755,0.1988241
1/3/24 17:00,0.000584359,0
1/3/24 18:00,0,0
1/3/24 19:00,0,0
1/3/24 20:00,0,0
1/3/24 21:00,0,0
1/3/24 22:00,0,0
1/3/24 23:00,0,0
1/4/24 0:00,0,0
1/4/24 1:00,0,0
1/4/24 2:00,0,0
1/4/24 3:00,0,0
1/4/24 4:00,0,0
1/4/24 5:00,0,0
1/4/24 6:00,0.02161856,0.07485664
1/4/24 7:00,0.2268389,0.4070257
1/4/24 8:00,0.4505472,0.6616665
1/4/24 9:00,0.6256206,0.8545399
1/4/24 10:00,0.713526,0.9427789
1/4/24 11:00,0.7735357,1.010443
1/4/24 12:00,0.7912318,1.037647
1/4/24 13:00,0.6451659,0.8572476
1/4/24 14:00,0.5102037,0.7064456
1/4/24 15:00,0.340327,0.5225559
1/4/24 16:00,0.1375742,0.3066267
1/4/24 17:00,0.001219046,0
1/4/24 18:00,0,0
1/4/24 19:00,0,0
1/4/24 20:00,0,0
1/4/24 21:00,0,0
1/4/24 22:00,0,0
1/4/24 23:00,0,0
1/5/24 0:00,0,0
1/5/24 1:00,0,0
1/5/24 2:00,0,0
1/5/24 3:00,0,0
1/5/24 4:00,0,0
1/5/24 5:00,0,0
1/5/24 6:00,0.009656574,0
1/5/24 7:00,0.09907659,0.105555
1/5/24 8:00,0.2733615,0.3275183
1/5/24 9:00,0.3216232,0.3471273
1/5/24 10:00,0.5090854,0.6105698
1/5/24 11:00,0.6695452,0.8563915
1/5/24 12:00,0.6729801,0.8672721
1/5/24 13:00,0.5727963,0.7397739
1/5/24 14:00,0.3828725,0.4732519
1/5/24 15:00,0.2276208,0.2811438
1/5/24 16:00,0.07514972,0.09549352
1/5/24 17:00,0.001568023,0
1/5/24 18:00,0,0
1/5/24 19:00,0,0
1/5/24 20:00,0,0
1/5/24 21:00,0,0
1/5/24 22:00,0,0
1/5/24 23:00,0,0
1/6/24 0:00,0,0
1/6/24 1:00,0,0
1/6/24 2:00,0,0
1/6/24 3:00,0,0
1/6/24 4:00,0,0
1/6/24 5:00,0,0
1/6/24 6:00,0.01964821,0
1/6/24 7:00,0.1814961,0.2948822
1/6/24 8:00,0.3519118,0.4851167
1/6/24 9:00,0.453613,0.5706676
1/6/24 10:00,0.4833327,0.5659766
1/6/24 11:00,0.5227865,0.6096529
1/6/24 12:00,0.5985981,0.7436606
1/6/24 13:00,0.5955673,0.7762378
1/6/24 14:00,0.4620171,0.6196304
1/6/24 15:00,0.229693,0.283535
1/6/24 16:00,0.1078578,0.1945057
1/6/24 17:00,0.000843071,0
1/6/24 18:00,0,0
1/6/24 19:00,0,0
1/6/24 20:00,0,0
1/6/24 21:00,0,0
1/6/24 22:00,0,0
1/6/24 23:00,0,0
1/7/24 0:00,0,0
1/7/24 1:00,0,0
1/7/24 2:00,0,0
1/7/24 3:00,0,0
1/7/24 4:00,0,0
1/7/24 5:00,0,0
1/7/24 6:00,0.02067026,0
1/7/24 7:00,0.2124584,0.3753011
1/7/24 8:00,0.3657668,0.5124575
1/7/24 9:00,0.5393853,0.7219036
1/7/24 10:00,0.7163307,0.9438859
1/7/24 11:00,0.762291,0.9921395
1/7/24 12:00,0.711319,0.9231327
1/7/24 13:00,0.5951355,0.7738628
1/7/24 14:00,0.4802184,0.6500658
1/7/24 15:00,0.2959697,0.4241596
1/7/24 16:00,0.1106924,0.1994253
1/7/24 17:00,0.001340371,0
1/7/24 18:00,0,0
1/7/24 19:00,0,0
1/7/24 20:00,0,0
1/7/24 21:00,0,0
1/7/24 22:00,0,0
1/7/24 23:00,0,0
1/8/24 0:00,0,0
1/8/24 1:00,0,0
1/8/24 2:00,0,0
1/8/24 3:00,0,0
1/8/24 4:00,0,0
1/8/24 5:00,0,0
1/8/24 6:00,0.01216586,0
1/8/24 7:00,0.1375821,0.1786636
1/8/24 8:00,0.3298414,0.4391893
1/8/24 9:00,0.4093165,0.4893928
1/8/24 10:00,0.5409587,0.6633167
1/8/24 11:00,0.5801995,0.7043958
1/8/24 12:00,0.6044278,0.7507411
1/8/24 13:00,0.6360269,0.8373075
1/8/24 14:00,0.4756348,0.6398692
1/8/24 15:00,0.2909586,0.4103759
1/8/24 16:00,0.1271344,0.2520945
1/8/24 17:00,0.001416244,0
1/8/24 18:00,0,0
1/8/24 19:00,0,0
1/8/24 20:00,0,0
1/8/24 21:00,0,0
1/8/24 22:00,0,0
1/8/24 23:00,0,0
1/9/24 0:00,0,0
1/9/24 1:00,0,0
1/9/24 2:00,0,0
1/9/24 3:00,0,0
1/9/24 4:00,0,0
1/9/24 5:00,0,0
1/9/24 6:00,0.01866166,0
1/9/24 7:00,0.08070679,0.08172649
1/9/24 8:00,0.1893379,0.1951144
1/9/24 9:00,0.3810414,0.4399036
1/9/24 10:00,0.588864,0.7444676
1/9/24 11:00,0.5914521,0.7222569
1/9/24 12:00,0.6757653,0.8659201
1/9/24 13:00,0.37911,0.4097681
1/9/24 14:00,0.2076383,0.2073324
1/9/24 15:00,0.1976368,0.2206495
1/9/24 16:00,0.07192051,0.08258978
1/9/24 17:00,0.00150671,0
1/9/24 18:00,0,0
1/9/24 19:00,0,0
1/9/24 20:00,0,0
1/9/24 21:00,0,0
1/9/24 22:00,0,0
1/9/24 23:00,0,0
1/10/24 0:00,0,0
1/10/24 1:00,0,0
1/10/24 2:00,0,0
1/10/24 3:00,0,0
1/10/24 4:00,0,0
1/10/24 5:00,0,0
1/10/24 6:00,0.0184996,0
1/10/24 7:00,0.1936714,0.3277862
1/10/24 8:00,0.3662932,0.511528
1/10/24 9:00,0.5754692,0.7765599
1/10/24 10:00,0.7117826,0.934211
1/10/24 11:00,0.8519788,1.108644
1/10/24 12:00,0.8324261,1.085159
1/10/24 13:00,0.7301853,0.9674979
1/10/24 14:00,0.5874413,0.8107622
1/10/24 15:00,0.3272501,0.4810935
1/10/24 16:00,0.1334269,0.2615027
1/10/24 17:00,0.001972944,0
1/10/24 18:00,0,0
1/10/24 19:00,0,0
1/10/24 20:00,0,0
1/10/24 21:00,0,0
1/10/24 22:00,0,0
1/10/24 23:00,0,0
1/11/24 0:00,0,0
1/11/24 1:00,0,0
1/11/24 2:00,0,0
1/11/24 3:00,0,0
1/11/24 4:00,0,0
1/11/24 5:00,0,0
1/11/24 6:00,0.01828607,0
1/11/24 7:00,0.1665854,0.2534777
1/11/24 8:00,0.3229223,0.4233346
1/11/24 9:00,0.4292584,0.5229153
1/11/24 10:00,0.7501341,0.9849722
1/11/24 11:00,0.732292,0.9444581
1/11/24 12:00,0.6815844,0.8717538
1/11/24 13:00,0.4290108,0.4843528
1/11/24 14:00,0.3866282,0.469681
1/11/24 15:00,0.2546036,0.3241878
1/11/24 16:00,0.08687392,0.1109511
1/11/24 17:00,0.002272772,0
1/11/24 18:00,0,0
1/11/24 19:00,0,0
1/11/24 20:00,0,0
1/11/24 21:00,0,0
1/11/24 22:00,0,0
1/11/24 23:00,0,0
1/12/24 0:00,0,0
1/12/24 1:00,0,0
1/12/24 2:00,0,0
1/12/24 3:00,0,0
1/12/24 4:00,0,0
1/12/24 5:00,0,0
1/12/24 6:00,0.018777,0
1/12/24 7:00,0.205126,0.3556079
1/12/24 8:00,0.4032221,0.5785894
1/12/24 9:00,0.5338593,0.7074097
1/12/24 10:00,0.6390398,0.8230249
1/12/24 11:00,0.5938193,0.7222669
1/12/24 12:00,0.6838686,0.8735811
1/12/24 13:00,0.5615655,0.7081023
1/12/24 14:00,0.3447189,0.3946312
1/12/24 15:00,0.2640766,0.3415153
1/12/24 16:00,0.1115627,0.1774334
1/12/24 17:00,0.002713296,0
1/12/24 18:00,0,0
1/12/24 19:00,0,0
1/12/24 20:00,0,0
1/12/24 21:00,0,0
1/12/24 22:00,0,0
1/12/24 23:00,0,0
1/13/24 0:00,0,0
1/13/24 1:00,0,0
1/13/24 2:00,0,0
1/13/24 3:00,0,0
1/13/24 4:00,0,0
1/13/24 5:00,0,0
1/13/24 6:00,0.01834562,0
1/13/24 7:00,0.1357692,0.1741126
1/13/24 8:00,0.3268085,0.4296452
1/13/24 9:00,0.2034038,0.2009086
1/13/24 10:00,0.37538,0.3962693
1/13/24 11:00,0.4436688,0.480407
1/13/24 12:00,0.4183582,0.446325
1/13/24 13:00,0.3291587,0.3395139
1/13/24 14:00,0.2982495,0.3208347
1/13/24 15:00,0.2388164,0.2884707
1/13/24 16:00,0.1167465,0.1893958
1/13/24 17:00,0.003407077,0
1/13/24 18:00,0,0
1/13/24 19:00,0,0
1/13/24 20:00,0,0
1/13/24 21:00,0,0
1/13/24 22:00,0,0
1/13/24 23:00,0,0
1/14/24 0:00,0,0
1/14/24 1:00,0,0
1/14/24 2:00,0,0
1/14/24 3:00,0,0
1/14/24 4:00,0,0
1/14/24 5:00,0,0
1/14/24 6:00,0.005812539,0
1/14/24 7:00,0.05054557,0.04988846
1/14/24 8:00,0.2303221,0.2519032
1/14/24 9:00,0.3948639,0.4601556
1/14/24 10:00,0.315964,0.3203429
1/14/24 11:00,0.4596119,0.5031367
1/14/24 12:00,0.5853127,0.7089959
1/14/24 13:00,0.6064211,0.778941
1/14/24 14:00,0.4590129,0.5961434
1/14/24 15:00,0.3376642,0.4895829
1/14/24 16:00,0.1232127,0.2053072
1/14/24 17:00,0.005189667,0
1/14/24 18:00,0,0
1/14/24 19:00,0,0
1/14/24 20:00,0,0
1/14/24 21:00,0,0
1/14/24 22:00,0,0
1/14/24 23:00,0,0
1/15/24 0:00,0,0
1/15/24 1:00,0,0
1/15/24 2:00,0,0
1/15/24 3:00,0,0
1/15/24 4:00,0,0
1/15/24 5:00,0,0
1/15/24 6:00,0.01559904,0
1/15/24 7:00,0.1549066,0.2202201
1/15/24 8:00,0.3337828,0.4417411
1/15/24 9:00,0.5319391,0.7000856
1/15/24 10:00,0.6843188,0.8877296
1/15/24 11:00,0.7394543,0.948402
1/15/24 12:00,0.7900402,1.020165
1/15/24 13:00,0.7219477,0.9473117
1/15/24 14:00,0.5363252,0.7254789
1/15/24 15:00,0.260658,0.3272396
1/15/24 16:00,0.1407062,0.25606
1/15/24 17:00,0.003660936,0
1/15/24 18:00,0,0
1/15/24 19:00,0,0
1/15/24 20:00,0,0
1/15/24 21:00,0,0
1/15/24 22:00,0,0
1/15/24 23:00,0,0
1/16/24 0:00,0,0
1/16/24 1:00,0,0
1/16/24 2:00,0,0
1/16/24 3:00,0,0
1/16/24 4:00,0,0
1/16/24 5:00,0,0
1/16/24 6:00,0.02055391,0
1/16/24 7:00,0.2175884,0.3797407
1/16/24 8:00,0.4374908,0.6298119
1/16/24 9:00,0.5968274,0.8002347
1/16/24 10:00,0.5582798,0.68326
1/16/24 11:00,0.4369833,0.4687952
1/16/24 12:00,0.3306471,0.3332534
1/16/24 13:00,0.3041339,0.3078567
1/16/24 14:00,0.3278356,0.3624296
1/16/24 15:00,0.2645615,0.3327193
1/16/24 16:00,0.09171315,0.1116172
1/16/24 17:00,0.004606908,0
1/16/24 18:00,0,0
1/16/24 19:00,0,0
1/16/24 20:00,0,0
1/16/24 21:00,0,0
1/16/24 22:00,0,0
1/16/24 23:00,0,0
1/17/24 0:00,0,0
1/17/24 1:00,0,0
1/17/24 2:00,0,0
1/17/24 3:00,0,0
1/17/24 4:00,0,0
1/17/24 5:00,0,0
1/17/24 6:00,0.01845505,0
1/17/24 7:00,0.152742,0.2131919
1/17/24 8:00,0.391821,0.5515214
1/17/24 9:00,0.5786173,0.771551
1/17/24 10:00,0.7493114,0.9746497
1/17/24 11:00,0.7772908,0.9978284
1/17/24 12:00,0.7605596,0.9769139
1/17/24 13:00,0.5667271,0.7064336
1/17/24 14:00,0.304628,0.32675
1/17/24 15:00,0.1533052,0.1547199
1/17/24 16:00,0.0831451,0.09360944
1/17/24 17:00,0.003515735,0
1/17/24 18:00,0,0
1/17/24 19:00,0,0
1/17/24 20:00,0,0
1/17/24 21:00,0,0
1/17/24 22:00,0,0
1/17/24 23:00,0,0
1/18/24 0:00,0,0
1/18/24 1:00,0,0
1/18/24 2:00,0,0
1/18/24 3:00,0,0
1/18/24 4:00,0,0
1/18/24 5:00,0,0
1/18/24 6:00,0.01637661,0
1/18/24 7:00,0.2052955,0.3488501
1/18/24 8:00,0.2628323,0.3033243
1/18/24 9:00,0.4379741,0.5310383
1/18/24 10:00,0.4491621,0.5008584
1/18/24 11:00,0.5668691,0.668387
1/18/24 12:00,0.6640193,0.8307072
1/18/24 13:00,0.5743439,0.7170309
1/18/24 14:00,0.4780354,0.6200489
1/18/24 15:00,0.3110102,0.4227013
1/18/24 16:00,0.1483979,0.2627492
1/18/24 17:00,0.005441852,0
1/18/24 18:00,0,0
1/18/24 19:00,0,0
1/18/24 20:00,0,0
1/18/24 21:00,0,0
1/18/24 22:00,0,0
1/18/24 23:00,0,0
1/19/24 0:00,0,0
1/19/24 1:00,0,0
1/19/24 2:00,0,0
1/19/24 3:00,0,0
1/19/24 4:00,0,0
1/19/24 5:00,0,0
1/19/24 6:00,0.0162252,0
1/19/24 7:00,0.1842253,0.2940346
1/19/24 8:00,0.3171915,0.4039664
1/19/24 9:00,0.417969,0.4948792
1/19/24 10:00,0.7003365,0.903992
1/19/24 11:00,0.7354211,0.9350907
1/19/24 12:00,0.7980494,1.023298
1/19/24 13:00,0.6536196,0.8420205
1/19/24 14:00,0.5766613,0.7766351
1/19/24 15:00,0.2947322,0.3861558
1/19/24 16:00,0.1552843,0.2774103
1/19/24 17:00,0.007003388,0
1/19/24 18:00,0,0
1/19/24 19:00,0,0
1/19/24 20:00,0,0
1/19/24 21:00,0,0
1/19/24 22:00,0,0
1/19/24 23:00,0,0
1/20/24 0:00,0,0
1/20/24 1:00,0,0
1/20/24 2:00,0,0
1/20/24 3:00,0,0
1/20/24 4:00,0,0
1/20/24 5:00,0,0
1/20/24 6:00,0.02085611,0
1/20/24 7:00,0.2150398,0.3676241
1/20/24 8:00,0.3961967,0.5543445
1/20/24 9:00,0.4993001,0.6361352
1/20/24 10:00,0.7583266,0.9812329
1/20/24 11:00,0.726863,0.920506
1/20/24 12:00,0.7221497,0.9157608
1/20/24 13:00,0.581961,0.7251524
1/20/24 14:00,0.551406,0.7365699
1/20/24 15:00,0.3416585,0.4779705
1/20/24 16:00,0.1488703,0.2532075
1/20/24 17:00,0.006513567,0
1/20/24 18:00,0,0
1/20/24 19:00,0,0
1/20/24 20:00,0,0
1/20/24 21:00,0,0
1/20/24 22:00,0,0
1/20/24 23:00,0,0
1/21/24 0:00,0,0
1/21/24 1:00,0,0
1/21/24 2:00,0,0
1/21/24 3:00,0,0
1/21/24 4:00,0,0
1/21/24 5:00,0,0
1/21/24 6:00,0.01665614,0
1/21/24 7:00,0.1289817,0.1556229
1/21/24 8:00,0.2566871,0.2907901
1/21/24 9:00,0.4909956,0.6199302
1/21/24 10:00,0.7114476,0.9159144
1/21/24 11:00,0.7528934,0.9561659
1/21/24 12:00,0.4913212,0.5459944
1/21/24 13:00,0.6298996,0.8005422
1/21/24 14:00,0.4300761,0.5269321
1/21/24 15:00,0.2279878,0.256171
1/21/24 16:00,0.1428468,0.2302258
1/21/24 17:00,0.0103906,0
1/21/24 18:00,0,0
1/21/24 19:00,0,0
1/21/24 20:00,0,0
1/21/24 21:00,0,0
1/21/24 22:00,0,0
1/21/24 23:00,0,0
1/22/24 0:00,0,0
1/22/24 1:00,0,0
1/22/24 2:00,0,0
1/22/24 3:00,0,0
1/22/24 4:00,0,0
1/22/24 5:00,0,0
1/22/24 6:00,0.02177974,0
1/22/24 7:00,0.1651229,0.2391075
1/22/24 8:00,0.2644349,0.3030591
1/22/24 9:00,0.2696229,0.2739861
1/22/24 10:00,0.5583828,0.6736107
1/22/24 11:00,0.6198232,0.7482928
1/22/24 12:00,0.5387796,0.6188336
1/22/24 13:00,0.4595899,0.5183976
1/22/24 14:00,0.4704035,0.5959997
1/22/24 15:00,0.3259039,0.4401434
1/22/24 16:00,0.1005835,0.1189824
1/22/24 17:00,0.008499179,0
1/22/24 18:00,0,0
1/22/24 19:00,0,0
1/22/24 20:00,0,0
1/22/24 21:00,0,0
1/22/24 22:00,0,0
1/22/24 23:00,0,0
1/23/24 0:00,0,0
1/23/24 1:00,0,0
1/23/24 2:00,0,0
1/23/24 3:00,0,0
1/23/24 4:00,0,0
1/23/24 5:00,0,0
1/23/24 6:00,0.0176279,0
1/23/24 7:00,0.1982998,0.32241
1/23/24 8:00,0.4770001,0.6757657
1/23/24 9:00,0.6549981,0.8681474
1/23/24 10:00,0.8010733,1.031866
1/23/24 11:00,0.8155146,1.036737
1/23/24 12:00,0.7274425,0.9167891
1/23/24 13:00,0.6942356,0.8922436
1/23/24 14:00,0.6019745,0.8025315
1/23/24 15:00,0.4293427,0.6181112
1/23/24 16:00,0.1853773,0.3342164
1/23/24 17:00,0.009402549,0
1/23/24 18:00,0,0
1/23/24 19:00,0,0
1/23/24 20:00,0,0
1/23/24 21:00,0,0
1/23/24 22:00,0,0
1/23/24 23:00,0,0
1/24/24 0:00,0,0
1/24/24 1:00,0,0
1/24/24 2:00,0,0
1/24/24 3:00,0,0
1/24/24 4:00,0,0
1/24/24 5:00,0,0
1/24/24 6:00,0.02770135,0
1/24/24 7:00,0.205997,0.3385865
1/24/24 8:00,0.3511553,0.4624159
1/24/24 9:00,0.5834467,0.7654915
1/24/24 10:00,0.7420513,0.9517076
1/24/24 11:00,0.8058503,1.02207
1/24/24 12:00,0.6975515,0.8695669
1/24/24 13:00,0.4831686,0.552695
1/24/24 14:00,0.4657295,0.5824685
1/24/24 15:00,0.2897105,0.362257
1/24/24 16:00,0.08938124,0.09691817
1/24/24 17:00,0.008553058,0
1/24/24 18:00,0,0
1/24/24 19:00,0,0
1/24/24 20:00,0,0
1/24/24 21:00,0,0
1/24/24 22:00,0,0
1/24/24 23:00,0,0
1/25/24 0:00,0,0
1/25/24 1:00,0,0
1/25/24 2:00,0,0
1/25/24 3:00,0,0
1/25/24 4:00,0,0
1/25/24 5:00,0,0
1/25/24 6:00,0.01652159,0
1/25/24 7:00,0.2188568,0.3649055
1/25/24 8:00,0.3703029,0.4968711
1/25/24 9:00,0.6018724,0.7905321
1/25/24 10:00,0.6808418,0.8631206
1/25/24 11:00,0.7635105,0.962414
1/25/24 12:00,0.6041003,0.7187425
1/25/24 13:00,0.5899867,0.7262701
1/25/24 14:00,0.4751888,0.596301
1/25/24 15:00,0.3347846,0.4479145
1/25/24 16:00,0.1622679,0.2649895
1/25/24 17:00,0.008481648,0
1/25/24 18:00,0,0
1/25/24 19:00,0,0
1/25/24 20:00,0,0
1/25/24 21:00,0,0
1/25/24 22:00,0,0
1/25/24 23:00,0,0
1/26/24 0:00,0,0
1/26/24 1:00,0,0
1/26/24 2:00,0,0
1/26/24 3:00,0,0
1/26/24 4:00,0,0
1/26/24 5:00,0,0
1/26/24 6:00,0.02046661,0
1/26/24 7:00,0.1553696,0.2086197
1/26/24 8:00,0.3286498,0.4154524
1/26/24 9:00,0.5403338,0.6933248
1/26/24 10:00,0.5713603,0.6875347
1/26/24 11:00,0.4422561,0.4686847
1/26/24 12:00,0.5700668,0.6618299
1/26/24 13:00,0.5980445,0.7368817
1/26/24 14:00,0.3704703,0.4160457
1/26/24 15:00,0.32757,0.4305819
1/26/24 16:00,0.1158117,0.1422604
1/26/24 17:00,0.01186032,0
1/26/24 18:00,0,0
1/26/24 19:00,0,0
1/26/24 20:00,0,0
1/26/24 21:00,0,0
1/26/24 22:00,0,0
1/26/24 23:00,0,0
1/27/24 0:00,0,0
1/27/24 1:00,0,0
1/27/24 2:00,0,0
1/27/24 3:00,0,0
1/27/24 4:00,0,0
1/27/24 5:00,0,0
1/27/24 6:00,0.02345345,0
1/27/24 7:00,0.168081,0.2376365
1/27/24 8:00,0.3308213,0.4177594
1/27/24 9:00,0.5948868,0.7758277
1/27/24 10:00,0.7105047,0.901606
1/27/24 11:00,0.7844068,0.9866847
1/27/24 12:00,0.7560031,0.9483788
1/27/24 13:00,0.683175,0.8662061
1/27/24 14:00,0.4871911,0.6115189
1/27/24 15:00,0.2568767,0.2954586
1/27/24 16:00,0.1691085,0.2732124
1/27/24 17:00,0.01290678,0
1/27/24 18:00,0,0
1/27/24 19:00,0,0
1/27/24 20:00,0,0
1/27/24 21:00,0,0
1/27/24 22:00,0,0
1/27/24 23:00,0,0
1/28/24 0:00,0,0
1/28/24 1:00,0,0
1/28/24 2:00,0,0
1/28/24 3:00,0,0
1/28/24 4:00,0,0
1/28/24 5:00,0,0
1/28/24 6:00,0.01481227,0
1/28/24 7:00,0.02492402,0.02435275
1/28/24 8:00,0.04556755,0.0444129
1/28/24 9:00,0.05934465,0.05778967
1/28/24 10:00,0.1961376,0.1919542
1/28/24 11:00,0.2412804,0.2364536
1/28/24 12:00,0.2297932,0.2250299
1/28/24 13:00,0.2277723,0.2235243
1/28/24 14:00,0.1716788,0.1683365
1/28/24 15:00,0.120165,0.1180823
1/28/24 16:00,0.1367593,0.1844886
1/28/24 17:00,0.01594557,0
1/28/24 18:00,0,0
1/28/24 19:00,0,0
1/28/24 20:00,0,0
1/28/24 21:00,0,0
1/28/24 22:00,0,0
1/28/24 23:00,0,0
1/29/24 0:00,0,0
1/29/24 1:00,0,0
1/29/24 2:00,0,0
1/29/24 3:00,0,0
1/29/24 4:00,0,0
1/29/24 5:00,0,0
1/29/24 6:00,0.02062549,0.06246204
1/29/24 7:00,0.1932495,0.295159
1/29/24 8:00,0.4344639,0.5988818
1/29/24 9:00,0.5132915,0.6417499
1/29/24 10:00,0.6412859,0.7934
1/29/24 11:00,0.5651311,0.6469786
1/29/24 12:00,0.410898,0.4257514
1/29/24 13:00,0.6422471,0.7991699
1/29/24 14:00,0.4132031,0.480164
1/29/24 15:00,0.3680475,0.4975999
1/29/24 16:00,0.1956903,0.3286738
1/29/24 17:00,0.01466291,0
1/29/24 18:00,0,0
1/29/24 19:00,0,0
1/29/24 20:00,0,0
1/29/24 21:00,0,0
1/29/24 22:00,0,0
1/29/24 23:00,0,0
1/30/24 0:00,0,0
1/30/24 1:00,0,0
1/30/24 2:00,0,0
1/30/24 3:00,0,0
1/30/24 4:00,0,0
1/30/24 5:00,0,0
1/30/24 6:00,0.02492456,0.09942147
1/30/24 7:00,0.1682981,0.2318638
1/30/24 8:00,0.1827355,0.1839509
1/30/24 9:00,0.351579,0.3779185
1/30/24 10:00,0.291225,0.2893554
1/30/24 11:00,0.4137144,0.4282414
1/30/24 12:00,0.4075156,0.4208331
1/30/24 13:00,0.4997104,0.568275
1/30/24 14:00,0.4964817,0.6188807
1/30/24 15:00,0.3432734,0.4479946
1/30/24 16:00,0.1995074,0.332422
1/30/24 17:00,0.01940165,0
1/30/24 18:00,0,0
1/30/24 19:00,0,0
1/30/24 20:00,0,0
1/30/24 21:00,0,0
1/30/24 22:00,0,0
1/30/24 23:00,0,0
1/31/24 0:00,0,0
1/31/24 1:00,0,0
1/31/24 2:00,0,0
1/31/24 3:00,0,0
1/31/24 4:00,0,0
1/31/24 5:00,0,0
1/31/24 6:00,0.02026328,0.0550297
1/31/24 7:00,0.1934126,0.2899428
1/31/24 8:00,0.369818,0.4822541
1/31/24 9:00,0.6159196,0.7964722
1/31/24 10:00,0.7844713,0.9911724
1/31/24 11:00,0.7882708,0.9821585
1/31/24 12:00,0.7001805,0.8559875
1/31/24 13:00,0.7212859,0.9097123
1/31/24 14:00,0.6013813,0.7805111
1/31/24 15:00,0.3948347,0.5383071
1/31/24 16:00,0.1898873,0.3055425
1/31/24 17:00,0.01048135,0
1/31/24 18:00,0,0
1/31/24 19:00,0,0
1/31/24 20:00,0,0
1/31/24 21:00,0,0
1/31/24 22:00,0,0
1/31/24 23:00,0,0
2/1/24 0:00,0,0
2/1/24 1:00,0,0
2/1/24 2:00,0,0
2/1/24 3:00,0,0
2/1/24 4:00,0,0
2/1/24 5:00,0,0
2/1/24 6:00,0.01470293,0.02170739
2/1/24 7:00,0.03851707,0.03774313
2/1/24 8:00,0.2875291,0.331225
2/1/24 9:00,0.4166648,0.4745903
2/1/24 10:00,0.6456766,0.7928483
2/1/24 11:00,0.7596995,0.9398275
2/1/24 12:00,0.6519806,0.7789291
2/1/24 13:00,0.6525221,0.8067412
2/1/24 14:00,0.6110039,0.7912164
2/1/24 15:00,0.4209738,0.5780311
2/1/24 16:00,0.1714986,0.2556181
2/1/24 17:00,0.01602477,0
2/1/24 18:00,0,0
2/1/24 19:00,0,0
2/1/24 20:00,0,0
2/1/24 21:00,0,0
2/1/24 22:00,0,0
2/1/24 23:00,0,0
2/2/24 0:00,0,0
2/2/24 1:00,0,0
2/2/24 2:00,0,0
2/2/24 3:00,0,0
2/2/24 4:00,0,0
2/2/24 5:00,0,0
2/2/24 6:00,0.01703396,0.03063068
2/2/24 7:00,0.1018461,0.1052195
2/2/24 8:00,0.3306249,0.4055534
2/2/24 9:00,0.2580365,0.2580788
2/2/24 10:00,0.4239568,0.44996
2/2/24 11:00,0.1627451,0.1588597
2/2/24 12:00,0.3087251,0.305573
2/2/24 13:00,0.2184941,0.2140153
2/2/24 14:00,0.1065578,0.1040073
2/2/24 15:00,0.05768644,0.05628046
2/2/24 16:00,0.02649847,0.02590857
2/2/24 17:00,0.02078649,0
2/2/24 18:00,0,0
2/2/24 19:00,0,0
2/2/24 20:00,0,0
2/2/24 21:00,0,0
2/2/24 22:00,0,0
2/2/24 23:00,0,0
2/3/24 0:00,0,0
2/3/24 1:00,0,0
2/3/24 2:00,0,0
2/3/24 3:00,0,0
2/3/24 4:00,0,0
2/3/24 5:00,0,0
2/3/24 6:00,0.02239917,0.06455572
2/3/24 7:00,0.1568385,0.1978758
2/3/24 8:00,0.1187286,0.1164066
2/3/24 9:00,0.1268803,0.1239416
2/3/24 10:00,0.2593901,0.2552538
2/3/24 11:00,0.7264004,0.8862977
2/3/24 12:00,0.780324,0.9641379
2/3/24 13:00,0.5941577,0.7100094
2/3/24 14:00,0.3873982,0.4299724
2/3/24 15:00,0.1781608,0.1789329
2/3/24 16:00,0.08038089,0.08066797
2/3/24 17:00,0.01401506,0
2/3/24 18:00,0,0
2/3/24 19:00,0,0
2/3/24 20:00,0,0
2/3/24 21:00,0,0
2/3/24 22:00,0,0
2/3/24 23:00,0,0
2/4/24 0:00,0,0
2/4/24 1:00,0,0
2/4/24 2:00,0,0
2/4/24 3:00,0,0
2/4/24 4:00,0,0
2/4/24 5:00,0,0
2/4/24 6:00,0.01933241,0.04002491
2/4/24 7:00,0.246494,0.3891009
2/4/24 8:00,0.5039364,0.6834919
2/4/24 9:00,0.7228434,0.9287975
2/4/24 10:00,0.847454,1.061842
2/4/24 11:00,0.8846959,1.096588
2/4/24 12:00,0.9100134,1.129279
2/4/24 13:00,0.8261312,1.035902
2/4/24 14:00,0.5984316,0.7646177
2/4/24 15:00,0.3669527,0.4755395
2/4/24 16:00,0.1686233,0.2361272
2/4/24 17:00,0.01352443,0
2/4/24 18:00,0,0
2/4/24 19:00,0,0
2/4/24 20:00,0,0
2/4/24 21:00,0,0
2/4/24 22:00,0,0
2/4/24 23:00,0,0
2/5/24 0:00,0,0
2/5/24 1:00,0,0
2/5/24 2:00,0,0
2/5/24 3:00,0,0
2/5/24 4:00,0,0
2/5/24 5:00,0,0
2/5/24 6:00,0.03157236,0.1400883
2/5/24 7:00,0.2446908,0.3825919
2/5/24 8:00,0.4411114,0.5902737
2/5/24 9:00,0.4683665,0.5512314
2/5/24 10:00,0.646299,0.7835024
2/5/24 11:00,0.8765393,1.083484
2/5/24 12:00,0.8524132,1.05334
2/5/24 13:00,0.6315032,0.7632718
2/5/24 14:00,0.4769711,0.5699175
2/5/24 15:00,0.3814027,0.4980015
2/5/24 16:00,0.1057642,0.1117878
2/5/24 17:00,0.01418122,0
2/5/24 18:00,0,0
2/5/24 19:00,0,0
2/5/24 20:00,0,0
2/5/24 21:00,0,0
2/5/24 22:00,0,0
2/5/24 23:00,0,0
2/6/24 0:00,0,0
2/6/24 1:00,0,0
2/6/24 2:00,0,0
2/6/24 3:00,0,0
2/6/24 4:00,0,0
2/6/24 5:00,0,0
2/6/24 6:00,0.02646803,0.08951207
2/6/24 7:00,0.1483162,0.1757505
2/6/24 8:00,0.368997,0.4654445
2/6/24 9:00,0.5643366,0.7037205
2/6/24 10:00,0.5314727,0.6020985
2/6/24 11:00,0.7396501,0.8975639
2/6/24 12:00,0.8263916,1.01754
2/6/24 13:00,0.4689482,0.5104127
2/6/24 14:00,0.4912843,0.5908253
2/6/24 15:00,0.4184963,0.5574075
2/6/24 16:00,0.1849889,0.2666342
2/6/24 17:00,0.02398621,0
2/6/24 18:00,0,0
2/6/24 19:00,0,0
2/6/24 20:00,0,0
2/6/24 21:00,0,0
2/6/24 22:00,0,0
2/6/24 23:00,0,0
2/7/24 0:00,0,0
2/7/24 1:00,0,0
2/7/24 2:00,0,0
2/7/24 3:00,0,0
2/7/24 4:00,0,0
2/7/24 5:00,0,0
2/7/24 6:00,0.02596858,0.08084568
2/7/24 7:00,0.2353785,0.3582242
2/7/24 8:00,0.4770302,0.6373852
2/7/24 9:00,0.6608658,0.8388323
2/7/24 10:00,0.8519087,1.058791
2/7/24 11:00,0.8345899,1.024979
2/7/24 12:00,0.7328072,0.8855025
2/7/24 13:00,0.7052124,0.8674154
2/7/24 14:00,0.3908715,0.4291449
2/7/24 15:00,0.3108374,0.3664865
2/7/24 16:00,0.1077027,0.1131596
2/7/24 17:00,0.01734578,0
2/7/24 18:00,0,0
2/7/24 19:00,0,0
2/7/24 20:00,0,0
2/7/24 21:00,0,0
2/7/24 22:00,0,0
2/7/24 23:00,0,0
2/8/24 0:00,0,0
2/8/24 1:00,0,0
2/8/24 2:00,0,0
2/8/24 3:00,0,0
2/8/24 4:00,0,0
2/8/24 5:00,0,0
2/8/24 6:00,0.0172706,0.02477182
2/8/24 7:00,0.1959425,0.2712007
2/8/24 8:00,0.3270009,0.3866954
2/8/24 9:00,0.5515095,0.6781707
2/8/24 10:00,0.5415312,0.6137183
2/8/24 11:00,0.4903055,0.5219558
2/8/24 12:00,0.606768,0.6923611
2/8/24 13:00,0.8002584,0.9912474
2/8/24 14:00,0.6446312,0.8167302
2/8/24 15:00,0.4021425,0.5236852
2/8/24 16:00,0.2141882,0.3230157
2/8/24 17:00,0.02545512,0.1028575
2/8/24 18:00,0,0
2/8/24 19:00,0,0
2/8/24 20:00,0,0
2/8/24 21:00,0,0
2/8/24 22:00,0,0
2/8/24 23:00,0,0
2/9/24 0:00,0,0
2/9/24 1:00,0,0
2/9/24 2:00,0,0
2/9/24 3:00,0,0
2/9/24 4:00,0,0
2/9/24 5:00,0,0
2/9/24 6:00,0.00374036,0.003737455
2/9/24 7:00,0.05042435,0.04944568
2/9/24 8:00,0.04253111,0.04141399
2/9/24 9:00,0.1728878,0.1691626
2/9/24 10:00,0.1660294,0.1621042
2/9/24 11:00,0.1092517,0.1064122
2/9/24 12:00,0.06810817,0.0662569
2/9/24 13:00,0.1112052,0.1083696
2/9/24 14:00,0.0763689,0.07439201
2/9/24 15:00,0.05442778,0.05305091
2/9/24 16:00,0.003065598,0.002977999
2/9/24 17:00,0.002846982,0.002838719
2/9/24 18:00,0,0
2/9/24 19:00,0,0
2/9/24 20:00,0,0
2/9/24 21:00,0,0
2/9/24 22:00,0,0
2/9/24 23:00,0,0
2/10/24 0:00,0,0
2/10/24 1:00,0,0
2/10/24 2:00,0,0
2/10/24 3:00,0,0
2/10/24 4:00,0,0
2/10/24 5:00,0,0
2/10/24 6:00,0.005831478,0.00591967
2/10/24 7:00,0.02060833,0.0200834
2/10/24 8:00,0.05652043,0.05508652
2/10/24 9:00,0.03767205,0.03663218
2/10/24 10:00,0.1145784,0.1116591
2/10/24 11:00,0.1069717,0.1041795
2/10/24 12:00,0.1213434,0.1182282
2/10/24 13:00,0.08321938,0.08101607
2/10/24 14:00,0.07349734,0.07158151
2/10/24 15:00,0.05419467,0.05281815
2/10/24 16:00,0.06358398,0.06257796
2/10/24 17:00,0.009761806,0.01043113
2/10/24 18:00,0,0
2/10/24 19:00,0,0
2/10/24 20:00,0,0
2/10/24 21:00,0,0
2/10/24 22:00,0,0
2/10/24 23:00,0,0
2/11/24 0:00,0,0
2/11/24 1:00,0,0
2/11/24 2:00,0,0
2/11/24 3:00,0,0
2/11/24 4:00,0,0
2/11/24 5:00,0,0
2/11/24 6:00,0.02662363,0.06936015
2/11/24 7:00,0.1724617,0.21318
2/11/24 8:00,0.461217,0.6025266
2/11/24 9:00,0.6607757,0.8273815
2/11/24 10:00,0.6131141,0.7169795
2/11/24 11:00,0.6627097,0.7696207
2/11/24 12:00,0.5920544,0.663942
2/11/24 13:00,0.5372713,0.6030411
2/11/24 14:00,0.5886573,0.7290391
2/11/24 15:00,0.4414409,0.5767604
2/11/24 16:00,0.1494624,0.1756177
2/11/24 17:00,0.02742297,0.1030168
2/11/24 18:00,0,0
2/11/24 19:00,0,0
2/11/24 20:00,0,0
2/11/24 21:00,0,0
2/11/24 22:00,0,0
2/11/24 23:00,0,0
2/12/24 0:00,0,0
2/12/24 1:00,0,0
2/12/24 2:00,0,0
2/12/24 3:00,0,0
2/12/24 4:00,0,0
2/12/24 5:00,0,0
2/12/24 6:00,0.01569225,0.01818289
2/12/24 7:00,0.1237185,0.1299016
2/12/24 8:00,0.2278053,0.2337938
2/12/24 9:00,0.3979736,0.4304805
2/12/24 10:00,0.5081546,0.5568478
2/12/24 11:00,0.5954816,0.6665341
2/12/24 12:00,0.5679941,0.6266347
2/12/24 13:00,0.4236769,0.4416756
2/12/24 14:00,0.300722,0.3047254
2/12/24 15:00,0.3171815,0.3663276
2/12/24 16:00,0.2035353,0.283808
2/12/24 17:00,0.01955257,0.03680318
2/12/24 18:00,0,0
2/12/24 19:00,0,0
2/12/24 20:00,0,0
2/12/24 21:00,0,0
2/12/24 22:00,0,0
2/12/24 23:00,0,0
2/13/24 0:00,0,0
2/13/24 1:00,0,0
2/13/24 2:00,0,0
2/13/24 3:00,0,0
2/13/24 4:00,0,0
2/13/24 5:00,0,0
2/13/24 6:00,0.02420565,0.04657982
2/13/24 7:00,0.2067071,0.2777702
2/13/24 8:00,0.3834734,0.4712833
2/13/24 9:00,0.5133274,0.6045469
2/13/24 10:00,0.6553476,0.7755153
2/13/24 11:00,0.7997509,0.9618158
2/13/24 12:00,0.8313672,1.004108
2/13/24 13:00,0.5942258,0.6849045
2/13/24 14:00,0.5953875,0.7327666
2/13/24 15:00,0.3672444,0.4484419
2/13/24 16:00,0.1814253,0.2336134
2/13/24 17:00,0.02119128,0.04307349
2/13/24 18:00,0,0
2/13/24 19:00,0,0
2/13/24 20:00,0,0
2/13/24 21:00,0,0
2/13/24 22:00,0,0
2/13/24 23:00,0,0
2/14/24 0:00,0,0
2/14/24 1:00,0,0
2/14/24 2:00,0,0
2/14/24 3:00,0,0
2/14/24 4:00,0,0
2/14/24 5:00,0,0
2/14/24 6:00,0.03970713,0.1624836
2/14/24 7:00,0.2269052,0.3153673
2/14/24 8:00,0.4593911,0.5902179
2/14/24 9:00,0.5435259,0.648943
2/14/24 10:00,0.7403363,0.8944619
2/14/24 11:00,0.7552231,0.8972141
2/14/24 12:00,0.8751201,1.056483
2/14/24 13:00,0.7237068,0.8727757
2/14/24 14:00,0.605457,0.7442507
2/14/24 15:00,0.4086584,0.5148574
2/14/24 16:00,0.2075377,0.2846121
2/14/24 17:00,0.0344522,0.1491795
2/14/24 18:00,0,0
2/14/24 19:00,0,0
2/14/24 20:00,0,0
2/14/24 21:00,0,0
2/14/24 22:00,0,0
2/14/24 23:00,0,0
2/15/24 0:00,0,0
2/15/24 1:00,0,0
2/15/24 2:00,0,0
2/15/24 3:00,0,0
2/15/24 4:00,0,0
2/15/24 5:00,0,0
2/15/24 6:00,0.04171462,0.1604851
2/15/24 7:00,0.2742429,0.3964608
2/15/24 8:00,0.4944494,0.6369137
2/15/24 9:00,0.5974618,0.7272432
2/15/24 10:00,0.7714821,0.933213
2/15/24 11:00,0.6141346,0.6879123
2/15/24 12:00,0.7518535,0.8900037
2/15/24 13:00,0.644829,0.755913
2/15/24 14:00,0.6021682,0.73645
2/15/24 15:00,0.3856789,0.4737454
2/15/24 16:00,0.2193082,0.3047961
2/15/24 17:00,0.03014346,0.1032536
2/15/24 18:00,0,0
2/15/24 19:00,0,0
2/15/24 20:00,0,0
2/15/24 21:00,0,0
2/15/24 22:00,0,0
2/15/24 23:00,0,0
2/16/24 0:00,0,0
2/16/24 1:00,0,0
2/16/24 2:00,0,0
2/16/24 3:00,0,0
2/16/24 4:00,0,0
2/16/24 5:00,0,0
2/16/24 6:00,0.03093584,0.06764876
2/16/24 7:00,0.1959078,0.2464898
2/16/24 8:00,0.4372781,0.5499285
2/16/24 9:00,0.543073,0.6426648
2/16/24 10:00,0.8338481,1.008973
2/16/24 11:00,0.8602445,1.03191
2/16/24 12:00,0.7801357,0.9265788
2/16/24 13:00,0.7113872,0.8495896
2/16/24 14:00,0.4449053,0.4949517
2/16/24 15:00,0.5059392,0.65132
2/16/24 16:00,0.2824207,0.4099449
2/16/24 17:00,0.03841317,0.172076
2/16/24 18:00,0,0
2/16/24 19:00,0,0
2/16/24 20:00,0,0
2/16/24 21:00,0,0
2/16/24 22:00,0,0
2/16/24 23:00,0,0
2/17/24 0:00,0,0
2/17/24 1:00,0,0
2/17/24 2:00,0,0
2/17/24 3:00,0,0
2/17/24 4:00,0,0
2/17/24 5:00,0,0
2/17/24 6:00,0.03585204,0.08964079
2/17/24 7:00,0.1878803,0.2283954
2/17/24 8:00,0.3238009,0.3637138
2/17/24 9:00,0.7061076,0.8672011
2/17/24 10:00,0.9119111,1.102413
2/17/24 11:00,0.8986343,1.076271
2/17/24 12:00,0.800042,0.9507307
2/17/24 13:00,0.6893436,0.8153414
2/17/24 14:00,0.6333026,0.7740569
2/17/24 15:00,0.3151311,0.3534817
2/17/24 16:00,0.1948784,0.2487738
2/17/24 17:00,0.01872621,0.02508381
2/17/24 18:00,0,0
2/17/24 19:00,0,0
2/17/24 20:00,0,0
2/17/24 21:00,0,0
2/17/24 22:00,0,0
2/17/24 23:00,0,0
2/18/24 0:00,0,0
2/18/24 1:00,0,0
2/18/24 2:00,0,0
2/18/24 3:00,0,0
2/18/24 4:00,0,0
2/18/24 5:00,0,0
2/18/24 6:00,0.04899002,0.1598856
2/18/24 7:00,0.2289728,0.3044744
2/18/24 8:00,0.4393468,0.5466229
2/18/24 9:00,0.7880904,0.9670554
2/18/24 10:00,0.8776624,1.056811
2/18/24 11:00,0.8266027,0.9826766
2/18/24 12:00,0.9136104,1.091761
2/18/24 13:00,0.7873619,0.9457068
2/18/24 14:00,0.5344843,0.6267797
2/18/24 15:00,0.2352763,0.240958
2/18/24 16:00,0.1526295,0.1698911
2/18/24 17:00,0.03153495,0.0917108
2/18/24 18:00,0,0
2/18/24 19:00,0,0
2/18/24 20:00,0,0
2/18/24 21:00,0,0
2/18/24 22:00,0,0
2/18/24 23:00,0,0
2/19/24 0:00,0,0
2/19/24 1:00,0,0
2/19/24 2:00,0,0
2/19/24 3:00,0,0
2/19/24 4:00,0,0
2/19/24 5:00,0,0
2/19/24 6:00,0.03125236,0.05140123
2/19/24 7:00,0.1820503,0.213122
2/19/24 8:00,0.3915572,0.4674944
2/19/24 9:00,0.4407033,0.4814839
2/19/24 10:00,0.8173493,0.9796324
2/19/24 11:00,0.8642445,1.027966
2/19/24 12:00,0.8022524,0.947727
2/19/24 13:00,0.8683813,1.042911
2/19/24 14:00,0.5151331,0.5947783
2/19/24 15:00,0.3724693,0.4409052
2/19/24 16:00,0.2407058,0.3305376
2/19/24 17:00,0.03312989,0.09225723
2/19/24 18:00,0,0
2/19/24 19:00,0,0
2/19/24 20:00,0,0
2/19/24 21:00,0,0
2/19/24 22:00,0,0
2/19/24 23:00,0,0
2/20/24 0:00,0,0
2/20/24 1:00,0,0
2/20/24 2:00,0,0
2/20/24 3:00,0,0
2/20/24 4:00,0,0
2/20/24 5:00,0,0
2/20/24 6:00,0.01428846,0.01451062
2/20/24 7:00,0.03495632,0.03409566
2/20/24 8:00,0.1669841,0.1640677
2/20/24 9:00,0.2225873,0.2182447
2/20/24 10:00,0.3689697,0.3702762
2/20/24 11:00,0.5550992,0.595104
2/20/24 12:00,0.2743309,0.2685007
2/20/24 13:00,0.1511172,0.1473439
2/20/24 14:00,0.1406999,0.137304
2/20/24 15:00,0.2033745,0.2029783
2/20/24 16:00,0.1352637,0.1422275
2/20/24 17:00,0.03858636,0.1202155
2/20/24 18:00,0,0
2/20/24 19:00,0,0
2/20/24 20:00,0,0
2/20/24 21:00,0,0
2/20/24 22:00,0,0
2/20/24 23:00,0,0
2/21/24 0:00,0,0
2/21/24 1:00,0,0
2/21/24 2:00,0,0
2/21/24 3:00,0,0
2/21/24 4:00,0,0
2/21/24 5:00,0,0
2/21/24 6:00,0.04438281,0.09953563
2/21/24 7:00,0.126458,0.128697
2/21/24 8:00,0.4359269,0.5315883
2/21/24 9:00,0.6106448,0.7277521
2/21/24 10:00,0.4981539,0.5296947
2/21/24 11:00,0.7732624,0.9019265
2/21/24 12:00,0.6962808,0.7939281
2/21/24 13:00,0.5924446,0.6637656
2/21/24 14:00,0.5064759,0.576945
2/21/24 15:00,0.3227712,0.358345
2/21/24 16:00,0.1182961,0.1200643
2/21/24 17:00,0.01964651,0.02254137
2/21/24 18:00,0,0
2/21/24 19:00,0,0
2/21/24 20:00,0,0
2/21/24 21:00,0,0
2/21/24 22:00,0,0
2/21/24 23:00,0,0
2/22/24 0:00,0,0
2/22/24 1:00,0,0
2/22/24 2:00,0,0
2/22/24 3:00,0,0
2/22/24 4:00,0,0
2/22/24 5:00,0,0
2/22/24 6:00,0.05571041,0.1425782
2/22/24 7:00,0.2184068,0.2708207
2/22/24 8:00,0.2475618,0.2526215
2/22/24 9:00,0.5198669,0.5917206
2/22/24 10:00,0.8471628,1.006847
2/22/24 11:00,0.7786339,0.9063489
2/22/24 12:00,0.5509534,0.5870085
2/22/24 13:00,0.6470851,0.7406093
2/22/24 14:00,0.6606117,0.7952511
2/22/24 15:00,0.4780677,0.5944288
2/22/24 16:00,0.2374704,0.3138849
2/22/24 17:00,0.04030156,0.1082606
2/22/24 18:00,0,0
2/22/24 19:00,0,0
2/22/24 20:00,0,0
2/22/24 21:00,0,0
2/22/24 22:00,0,0
2/22/24 23:00,0,0
2/23/24 0:00,0,0
2/23/24 1:00,0,0
2/23/24 2:00,0,0
2/23/24 3:00,0,0
2/23/24 4:00,0,0
2/23/24 5:00,0,0
2/23/24 6:00,0.04920533,0.1042427
2/23/24 7:00,0.2511864,0.3265348
2/23/24 8:00,0.4797047,0.5898502
2/23/24 9:00,0.6812057,0.8170192
2/23/24 10:00,0.8611729,1.020687
2/23/24 11:00,0.897653,1.057024
2/23/24 12:00,0.9493191,1.119359
2/23/24 13:00,0.7599646,0.894838
2/23/24 14:00,0.5883093,0.6925367
2/23/24 15:00,0.4501887,0.5510875
2/23/24 16:00,0.1950013,0.2332318
2/23/24 17:00,0.0251002,0.03239084
2/23/24 18:00,0,0
2/23/24 19:00,0,0
2/23/24 20:00,0,0
2/23/24 21:00,0,0
2/23/24 22:00,0,0
2/23/24 23:00,0,0
2/24/24 0:00,0,0
2/24/24 1:00,0,0
2/24/24 2:00,0,0
2/24/24 3:00,0,0
2/24/24 4:00,0,0
2/24/24 5:00,0,0
2/24/24 6:00,0.0470349,0.08711106
2/24/24 7:00,0.265604,0.3474793
2/24/24 8:00,0.567504,0.7017601
2/24/24 9:00,0.6953419,0.8318512
2/24/24 10:00,0.8567696,1.012219
2/24/24 11:00,0.8259197,0.963578
2/24/24 12:00,0.8812547,1.034216
2/24/24 13:00,0.8195657,0.9679241
2/24/24 14:00,0.7465984,0.8963639
2/24/24 15:00,0.566761,0.7033715
2/24/24 16:00,0.3198928,0.4341171
2/24/24 17:00,0.05043773,0.141639
2/24/24 18:00,0,0
2/24/24 19:00,0,0
2/24/24 20:00,0,0
2/24/24 21:00,0,0
2/24/24 22:00,0,0
2/24/24 23:00,0,0
2/25/24 0:00,0,0
2/25/24 1:00,0,0
2/25/24 2:00,0,0
2/25/24 3:00,0,0
2/25/24 4:00,0,0
2/25/24 5:00,0,0
2/25/24 6:00,0.06129409,0.1343984
2/25/24 7:00,0.2697308,0.3504805
2/25/24 8:00,0.5472655,0.6727298
2/25/24 9:00,0.7294418,0.8706873
2/25/24 10:00,0.8467909,0.9971322
2/25/24 11:00,0.8800421,1.029339
2/25/24 12:00,0.9673486,1.134525
2/25/24 13:00,0.821927,0.9677708
2/25/24 14:00,0.6585696,0.7833143
2/25/24 15:00,0.526221,0.6486148
2/25/24 16:00,0.2587612,0.340398
2/25/24 17:00,0.0451464,0.107043
2/25/24 18:00,0,0
2/25/24 19:00,0,0
2/25/24 20:00,0,0
2/25/24 21:00,0,0
2/25/24 22:00,0,0
2/25/24 23:00,0,0
2/26/24 0:00,0,0
2/26/24 1:00,0,0
2/26/24 2:00,0,0
2/26/24 3:00,0,0
2/26/24 4:00,0,0
2/26/24 5:00,0,0
2/26/24 6:00,0.04942708,0.08300372
2/26/24 7:00,0.2369322,0.2908501
2/26/24 8:00,0.3557867,0.3946885
2/26/24 9:00,0.6378026,0.7498669
2/26/24 10:00,0.5852507,0.6414108
2/26/24 11:00,0.7125963,0.8035854
2/26/24 12:00,0.6440023,0.7081922
2/26/24 13:00,0.5585575,0.6059752
2/26/24 14:00,0.4733498,0.5184483
2/26/24 15:00,0.3012504,0.3205748
2/26/24 16:00,0.1472287,0.1541938
2/26/24 17:00,0.01797046,0.01835741
2/26/24 18:00,0,0
2/26/24 19:00,0,0
2/26/24 20:00,0,0
2/26/24 21:00,0,0
2/26/24 22:00,0,0
2/26/24 23:00,0,0
2/27/24 0:00,0,0
2/27/24 1:00,0,0
2/27/24 2:00,0,0
2/27/24 3:00,0,0
2/27/24 4:00,0,0
2/27/24 5:00,0,0
2/27/24 6:00,0.07079032,0.1466741
2/27/24 7:00,0.284196,0.3660074
2/27/24 8:00,0.5401184,0.6571399
2/27/24 9:00,0.7736001,0.9177317
2/27/24 10:00,0.849896,0.9946504
2/27/24 11:00,0.9545399,1.112509
2/27/24 12:00,0.9636249,1.123574
2/27/24 13:00,0.8876469,1.040519
2/27/24 14:00,0.6475292,0.7626178
2/27/24 15:00,0.5241246,0.6396621
2/27/24 16:00,0.2644449,0.3428475
2/27/24 17:00,0.05859618,0.1453179
2/27/24 18:00,0,0
2/27/24 19:00,0,0
2/27/24 20:00,0,0
2/27/24 21:00,0,0
2/27/24 22:00,0,0
2/27/24 23:00,0,0
2/28/24 0:00,0,0
2/28/24 1:00,0,0
2/28/24 2:00,0,0
2/28/24 3:00,0,0
2/28/24 4:00,0,0
2/28/24 5:00,0,0
2/28/24 6:00,0.07953242,0.1600388
2/28/24 7:00,0.2746757,0.3471051
2/28/24 8:00,0.5755405,0.6977476
2/28/24 9:00,0.7464476,0.8815784
2/28/24 10:00,0.8024959,0.9331194
2/28/24 11:00,0.9396715,1.091698
2/28/24 12:00,0.9415151,1.094147
2/28/24 13:00,0.8732752,1.020169
2/28/24 14:00,0.6995167,0.8262773
2/28/24 15:00,0.4972657,0.6016241
2/28/24 16:00,0.3011692,0.3940727
2/28/24 17:00,0.05320381,0.1186609
2/28/24 18:00,0,0
2/28/24 19:00,0,0
2/28/24 20:00,0,0
2/28/24 21:00,0,0
2/28/24 22:00,0,0
2/28/24 23:00,0,0
2/29/24 0:00,0,0
2/29/24 1:00,0,0
2/29/24 2:00,0,0
2/29/24 3:00,0,0
2/29/24 4:00,0,0
2/29/24 5:00,0,0
2/29/24 6:00,0.05928612,0.09702299
2/29/24 7:00,0.2550185,0.3113713
2/29/24 8:00,0.458214,0.5391452
2/29/24 9:00,0.7537294,0.8870625
2/29/24 10:00,0.9305152,1.084095
2/29/24 11:00,0.9794374,1.135501
2/29/24 12:00,0.9181156,1.063421
2/29/24 13:00,0.7194527,0.8229734
2/29/24 14:00,0.6517827,0.7622179
2/29/24 15:00,0.4952706,0.5958264
2/29/24 16:00,0.3006156,0.3899312
2/29/24 17:00,0.06356002,0.1447309
2/29/24 18:00,0,0
2/29/24 19:00,0,0
2/29/24 20:00,0,0
2/29/24 21:00,0,0
2/29/24 22:00,0,0
2/29/24 23:00,0,0
3/1/24 0:00,0,0
3/1/24 1:00,0,0
3/1/24 2:00,0,0
3/1/24 3:00,0,0
3/1/24 4:00,0,0
3/1/24 5:00,0,0
3/1/24 6:00,0.02682014,0.02691427
3/1/24 7:00,0.1948905,0.2126828
3/1/24 8:00,0.2257416,0.2243875
3/1/24 9:00,0.2012053,0.1965081
3/1/24 10:00,0.3313241,0.3267151
3/1/24 11:00,0.218577,0.2132068
3/1/24 12:00,0.3968373,0.394534
3/1/24 13:00,0.220806,0.2155159
3/1/24 14:00,0.181812,0.1774853
3/1/24 15:00,0.1097278,0.1070588
3/1/24 16:00,0.04040408,0.03938602
3/1/24 17:00,0.02315907,0.0239219
3/1/24 18:00,0,0
3/1/24 19:00,0,0
3/1/24 20:00,0,0
3/1/24 21:00,0,0
3/1/24 22:00,0,0
3/1/24 23:00,0,0
3/2/24 0:00,0,0
3/2/24 1:00,0,0
3/2/24 2:00,0,0
3/2/24 3:00,0,0
3/2/24 4:00,0,0
3/2/24 5:00,0,0
3/2/24 6:00,0.02050865,0.02027738
3/2/24 7:00,0.0346864,0.03377618
3/2/24 8:00,0.009177595,0.00891333
3/2/24 9:00,0.1291245,0.125818
3/2/24 10:00,0.1858935,0.1812504
3/2/24 11:00,0.1515929,0.1476397
3/2/24 12:00,0.2066113,0.2014679
3/2/24 13:00,0.3291009,0.324465
3/2/24 14:00,0.1844725,0.1800762
3/2/24 15:00,0.249454,0.2518187
3/2/24 16:00,0.08698288,0.08521353
3/2/24 17:00,0.04103391,0.05937849
3/2/24 18:00,0,0
3/2/24 19:00,0,0
3/2/24 20:00,0,0
3/2/24 21:00,0,0
3/2/24 22:00,0,0
3/2/24 23:00,0,0
3/3/24 0:00,0,0
3/3/24 1:00,0,0
3/3/24 2:00,0,0
3/3/24 3:00,0,0
3/3/24 4:00,0,0
3/3/24 5:00,0,0
3/3/24 6:00,0.007863859,0.007679274
3/3/24 7:00,0.09942273,0.09741699
3/3/24 8:00,0.3303919,0.3491064
3/3/24 9:00,0.4991642,0.5402151
3/3/24 10:00,0.3649426,0.3619671
3/3/24 11:00,0.4417979,0.4434503
3/3/24 12:00,0.2423164,0.2364519
3/3/24 13:00,0.3959183,0.3964526
3/3/24 14:00,0.5196759,0.5723444
3/3/24 15:00,0.4556358,0.5322714
3/3/24 16:00,0.1331293,0.1339615
3/3/24 17:00,0.02808918,0.03001511
3/3/24 18:00,0,0
3/3/24 19:00,0,0
3/3/24 20:00,0,0
3/3/24 21:00,0,0
3/3/24 22:00,0,0
3/3/24 23:00,0,0
3/4/24 0:00,0,0
3/4/24 1:00,0,0
3/4/24 2:00,0,0
3/4/24 3:00,0,0
3/4/24 4:00,0,0
3/4/24 5:00,0,0
3/4/24 6:00,0.02180865,0.02150436
3/4/24 7:00,0.1195063,0.117798
3/4/24 8:00,0.372594,0.4049876
3/4/24 9:00,0.5629626,0.6260108
3/4/24 10:00,0.4985243,0.5160136
3/4/24 11:00,0.6517417,0.7042189
3/4/24 12:00,0.3138194,0.3073579
3/4/24 13:00,0.5238702,0.549633
3/4/24 14:00,0.4191254,0.4362737
3/4/24 15:00,0.2591284,0.2622253
3/4/24 16:00,0.2045363,0.2293274
3/4/24 17:00,0.03851379,0.04841597
3/4/24 18:00,0,0
3/4/24 19:00,0,0
3/4/24 20:00,0,0
3/4/24 21:00,0,0
3/4/24 22:00,0,0
3/4/24 23:00,0,0
3/5/24 0:00,0,0
3/5/24 1:00,0,0
3/5/24 2:00,0,0
3/5/24 3:00,0,0
3/5/24 4:00,0,0
3/5/24 5:00,0,0
3/5/24 6:00,0.06739505,0.09248499
3/5/24 7:00,0.1817107,0.1893136
3/5/24 8:00,0.3040332,0.3131498
3/5/24 9:00,0.6991467,0.8046263
3/5/24 10:00,0.9584129,1.099791
3/5/24 11:00,0.9962751,1.13874
3/5/24 12:00,0.893048,1.017992
3/5/24 13:00,0.9584671,1.100879
3/5/24 14:00,0.7838865,0.9081146
3/5/24 15:00,0.5372044,0.633867
3/5/24 16:00,0.323166,0.402876
3/5/24 17:00,0.05960739,0.103789
3/5/24 18:00,0,0
3/5/24 19:00,0,0
3/5/24 20:00,0,0
3/5/24 21:00,0,0
3/5/24 22:00,0,0
3/5/24 23:00,0,0
3/6/24 0:00,0,0
3/6/24 1:00,0,0
3/6/24 2:00,0,0
3/6/24 3:00,0,0
3/6/24 4:00,0,0
3/6/24 5:00,0,0
3/6/24 6:00,0.07268375,0.1001586
3/6/24 7:00,0.189898,0.1989311
3/6/24 8:00,0.3873965,0.4216157
3/6/24 9:00,0.5839296,0.6497035
3/6/24 10:00,0.937529,1.072028
3/6/24 11:00,0.948749,1.080412
3/6/24 12:00,0.9888177,1.12711
3/6/24 13:00,0.9757807,1.11763
3/6/24 14:00,0.8214663,0.9490159
3/6/24 15:00,0.4846274,0.5634513
3/6/24 16:00,0.2716806,0.3287795
3/6/24 17:00,0.04239935,0.05365424
3/6/24 18:00,0,0
3/6/24 19:00,0,0
3/6/24 20:00,0,0
3/6/24 21:00,0,0
3/6/24 22:00,0,0
3/6/24 23:00,0,0
3/7/24 0:00,0,0
3/7/24 1:00,0,0
3/7/24 2:00,0,0
3/7/24 3:00,0,0
3/7/24 4:00,0,0
3/7/24 5:00,0,0
3/7/24 6:00,0.09390418,0.1403619
3/7/24 7:00,0.2834175,0.3324955
3/7/24 8:00,0.5987559,0.6982499
3/7/24 9:00,0.8103545,0.9306428
3/7/24 10:00,0.9143329,1.041793
3/7/24 11:00,1.035361,1.177359
3/7/24 12:00,1.056309,1.201948
3/7/24 13:00,0.9658901,1.102629
3/7/24 14:00,0.7586231,0.8719047
3/7/24 15:00,0.5619056,0.6572385
3/7/24 16:00,0.3153401,0.3863824
3/7/24 17:00,0.05635789,0.08609072
3/7/24 18:00,0,0
3/7/24 19:00,0,0
3/7/24 20:00,0,0
3/7/24 21:00,0,0
3/7/24 22:00,0,0
3/7/24 23:00,0,0
3/8/24 0:00,0,0
3/8/24 1:00,0,0
3/8/24 2:00,0,0
3/8/24 3:00,0,0
3/8/24 4:00,0,0
3/8/24 5:00,0,0
3/8/24 6:00,0.0923126,0.1320663
3/8/24 7:00,0.3214325,0.3835616
3/8/24 8:00,0.4972647,0.5682297
3/8/24 9:00,0.6099212,0.679467
3/8/24 10:00,0.9061385,1.029098
3/8/24 11:00,0.9964148,1.129053
3/8/24 12:00,1.04534,1.185791
3/8/24 13:00,0.795993,0.8993156
3/8/24 14:00,0.6917499,0.7891983
3/8/24 15:00,0.5153692,0.5974521
3/8/24 16:00,0.2981906,0.3604831
3/8/24 17:00,0.06386304,0.1012037
3/8/24 18:00,0,0
3/8/24 19:00,0,0
3/8/24 20:00,0,0
3/8/24 21:00,0,0
3/8/24 22:00,0,0
3/8/24 23:00,0,0
3/9/24 0:00,0,0
3/9/24 1:00,0,0
3/9/24 2:00,0,0
3/9/24 3:00,0,0
3/9/24 4:00,0,0
3/9/24 5:00,0,0
3/9/24 6:00,0.08206144,0.1068876
3/9/24 7:00,0.3600259,0.4301839
3/9/24 8:00,0.612102,0.7072178
3/9/24 9:00,0.7143044,0.8108058
3/9/24 10:00,0.8333651,0.9403233
3/9/24 11:00,0.9585905,1.08242
3/9/24 12:00,0.988047,1.1165
3/9/24 13:00,0.8866711,1.004438
3/9/24 14:00,0.7736777,0.8830411
3/9/24 15:00,0.5061249,0.5827367
3/9/24 16:00,0.2594823,0.3023896
3/9/24 17:00,0.0609131,0.09012625
3/9/24 18:00,0,0
3/9/24 19:00,0,0
3/9/24 20:00,0,0
3/9/24 21:00,0,0
3/9/24 22:00,0,0
3/9/24 23:00,0,0
3/10/24 0:00,0,0
3/10/24 1:00,0,0
3/10/24 2:00,0,0
3/10/24 3:00,0,0
3/10/24 4:00,0,0
3/10/24 5:00,0,0
3/10/24 6:00,0.06927145,0.0797039
3/10/24 7:00,0.3005169,0.3476247
3/10/24 8:00,0.5442607,0.6226611
3/10/24 9:00,0.7254182,0.8212186
3/10/24 10:00,0.6740807,0.7339641
3/10/24 11:00,0.7115747,0.7713256
3/10/24 12:00,0.8401493,0.9379979
3/10/24 13:00,0.8565746,0.9665294
3/10/24 14:00,0.7887321,0.897239
3/10/24 15:00,0.5448261,0.6275901
3/10/24 16:00,0.3332736,0.3990637
3/10/24 17:00,0.0726697,0.112054
3/10/24 18:00,0,0
3/10/24 19:00,0,0
3/10/24 20:00,0,0
3/10/24 21:00,0,0
3/10/24 22:00,0,0
3/10/24 23:00,0,0
3/11/24 0:00,0,0
3/11/24 1:00,0,0
3/11/24 2:00,0,0
3/11/24 3:00,0,0
3/11/24 4:00,0,0
3/11/24 5:00,0,0
3/11/24 6:00,0.1026485,0.1364954
3/11/24 7:00,0.3506922,0.4116692
3/11/24 8:00,0.5985378,0.6846732
3/11/24 9:00,0.7903913,0.8942025
3/11/24 10:00,0.940946,1.059394
3/11/24 11:00,1.030088,1.157775
3/11/24 12:00,0.9560785,1.073665
3/11/24 13:00,0.8987153,1.01202
3/11/24 14:00,0.7994262,0.9062957
3/11/24 15:00,0.468127,0.5276919
3/11/24 16:00,0.2712047,0.3141441
3/11/24 17:00,0.07353013,0.1096346
3/11/24 18:00,0,0
3/11/24 19:00,0,0
3/11/24 20:00,0,0
3/11/24 21:00,0,0
3/11/24 22:00,0,0
3/11/24 23:00,0,0
3/12/24 0:00,0,0
3/12/24 1:00,0,0
3/12/24 2:00,0,0
3/12/24 3:00,0,0
3/12/24 4:00,0,0
3/12/24 5:00,0,0
3/12/24 6:00,0.09106198,0.1119567
3/12/24 7:00,0.3026432,0.3443757
3/12/24 8:00,0.5477521,0.6206433
3/12/24 9:00,0.7890533,0.8894594
3/12/24 10:00,0.9564264,1.073781
3/12/24 11:00,1.058072,1.186315
3/12/24 12:00,1.013773,1.136182
3/12/24 13:00,0.9748569,1.095785
3/12/24 14:00,0.6479382,0.7229424
3/12/24 15:00,0.5254241,0.5980256
3/12/24 16:00,0.3358062,0.3956956
3/12/24 17:00,0.06591228,0.09077144
3/12/24 18:00,0,0
3/12/24 19:00,0,0
3/12/24 20:00,0,0
3/12/24 21:00,0,0
3/12/24 22:00,0,0
3/12/24 23:00,0,0
3/13/24 0:00,0,0
3/13/24 1:00,0,0
3/13/24 2:00,0,0
3/13/24 3:00,0,0
3/13/24 4:00,0,0
3/13/24 5:00,0,0
3/13/24 6:00,0.02598227,0.02539435
3/13/24 7:00,0.1127102,0.1101544
3/13/24 8:00,0.2267486,0.2229701
3/13/24 9:00,0.6315622,0.6944827
3/13/24 10:00,0.6426179,0.6866727
3/13/24 11:00,0.9043342,1.006817
3/13/24 12:00,0.8828557,0.9817521
3/13/24 13:00,0.9065203,1.01466
3/13/24 14:00,0.7184078,0.8064911
3/13/24 15:00,0.5095208,0.5754511
3/13/24 16:00,0.2668313,0.3029464
3/13/24 17:00,0.05670266,0.06967544
3/13/24 18:00,0,0
3/13/24 19:00,0,0
3/13/24 20:00,0,0
3/13/24 21:00,0,0
3/13/24 22:00,0,0
3/13/24 23:00,0,0
3/14/24 0:00,0,0
3/14/24 1:00,0,0
3/14/24 2:00,0,0
3/14/24 3:00,0,0
3/14/24 4:00,0,0
3/14/24 5:00,1.94409E-05,0
3/14/24 6:00,0.05937183,0.06035666
3/14/24 7:00,0.3133785,0.3529937
3/14/24 8:00,0.4170535,0.4456069
3/14/24 9:00,0.4277569,0.4351623
3/14/24 10:00,0.5923497,0.6210008
3/14/24 11:00,0.5943562,0.6153618
3/14/24 12:00,0.545579,0.557293
3/14/24 13:00,0.7425418,0.8157701
3/14/24 14:00,0.624929,0.6885181
3/14/24 15:00,0.2862282,0.2889657
3/14/24 16:00,0.1586791,0.1596188
3/14/24 17:00,0.0508122,0.05755232
3/14/24 18:00,0,0
3/14/24 19:00,0,0
3/14/24 20:00,0,0
3/14/24 21:00,0,0
3/14/24 22:00,0,0
3/14/24 23:00,0,0
3/15/24 0:00,0,0
3/15/24 1:00,0,0
3/15/24 2:00,0,0
3/15/24 3:00,0,0
3/15/24 4:00,0,0
3/15/24 5:00,3.4147E-05,0
3/15/24 6:00,0.01097428,0.01067769
3/15/24 7:00,0.02393846,0.02326792
3/15/24 8:00,0.09904529,0.0964234
3/15/24 9:00,0.03587851,0.03485936
3/15/24 10:00,0.08521926,0.08285971
3/15/24 11:00,0.199653,0.1944637
3/15/24 12:00,0.2325591,0.2266471
3/15/24 13:00,0.2442425,0.2381767
3/15/24 14:00,0.01664473,0.0161655
3/15/24 15:00,0.0648796,0.06311242
3/15/24 16:00,0.06270569,0.06109764
3/15/24 17:00,0.01303275,0.01271988
3/15/24 18:00,0,0
3/15/24 19:00,0,0
3/15/24 20:00,0,0
3/15/24 21:00,0,0
3/15/24 22:00,0,0
3/15/24 23:00,0,0
3/16/24 0:00,0,0
3/16/24 1:00,0,0
3/16/24 2:00,0,0
3/16/24 3:00,0,0
3/16/24 4:00,0,0
3/16/24 5:00,0.000223701,0
3/16/24 6:00,0.100346,0.114118
3/16/24 7:00,0.3326817,0.372371
3/16/24 8:00,0.4518353,0.4865938
3/16/24 9:00,0.6076628,0.6563455
3/16/24 10:00,0.6465511,0.6860389
3/16/24 11:00,0.7995828,0.8701922
3/16/24 12:00,0.8115667,0.8861645
3/16/24 13:00,0.3689806,0.3638725
3/16/24 14:00,0.4448515,0.4569446
3/16/24 15:00,0.4974592,0.5521455
3/16/24 16:00,0.1631792,0.1639734
3/16/24 17:00,0.04174221,0.04292309
3/16/24 18:00,0,0
3/16/24 19:00,0,0
3/16/24 20:00,0,0
3/16/24 21:00,0,0
3/16/24 22:00,0,0
3/16/24 23:00,0,0
3/17/24 0:00,0,0
3/17/24 1:00,0,0
3/17/24 2:00,0,0
3/17/24 3:00,0,0
3/17/24 4:00,0,0
3/17/24 5:00,0.000456838,0
3/17/24 6:00,0.06967126,0.07074467
3/17/24 7:00,0.2277483,0.2345424
3/17/24 8:00,0.460391,0.4953595
3/17/24 9:00,0.6188245,0.6681782
3/17/24 10:00,0.5338407,0.5459596
3/17/24 11:00,0.6273239,0.6520779
3/17/24 12:00,0.3816554,0.3751996
3/17/24 13:00,0.3969572,0.3932288
3/17/24 14:00,0.3555722,0.3540802
3/17/24 15:00,0.3752021,0.3940965
3/17/24 16:00,0.2863051,0.3191592
3/17/24 17:00,0.06758828,0.07995882
3/17/24 18:00,0,0
3/17/24 19:00,0,0
3/17/24 20:00,0,0
3/17/24 21:00,0,0
3/17/24 22:00,0,0
3/17/24 23:00,0,0
3/18/24 0:00,0,0
3/18/24 1:00,0,0
3/18/24 2:00,0,0
3/18/24 3:00,0,0
3/18/24 4:00,0,0
3/18/24 5:00,0.000553216,0
3/18/24 6:00,0.09105008,0.09658497
3/18/24 7:00,0.3625744,0.4036374
3/18/24 8:00,0.5367556,0.5890085
3/18/24 9:00,0.596653,0.6379128
3/18/24 10:00,0.9635603,1.062286
3/18/24 11:00,0.9353918,1.028344
3/18/24 12:00,0.9986345,1.099981
3/18/24 13:00,0.7236778,0.7824498
3/18/24 14:00,0.5965412,0.6432967
3/18/24 15:00,0.4753234,0.5194318
3/18/24 16:00,0.2643055,0.288266
3/18/24 17:00,0.09584371,0.1173082
3/18/24 18:00,0,0
3/18/24 19:00,0,0
3/18/24 20:00,0,0
3/18/24 21:00,0,0
3/18/24 22:00,0,0
3/18/24 23:00,0,0
3/19/24 0:00,0,0
3/19/24 1:00,0,0
3/19/24 2:00,0,0
3/19/24 3:00,0,0
3/19/24 4:00,0,0
3/19/24 5:00,0.000803216,0
3/19/24 6:00,0.08672751,0.08969062
3/19/24 7:00,0.2091537,0.210895
3/19/24 8:00,0.5074311,0.5500091
3/19/24 9:00,0.5373185,0.5618808
3/19/24 10:00,0.8305802,0.9074162
3/19/24 11:00,0.6157119,0.6354833
3/19/24 12:00,0.9013394,0.9864404
3/19/24 13:00,0.6978623,0.7480628
3/19/24 14:00,0.5092557,0.532225
3/19/24 15:00,0.5011629,0.5488007
3/19/24 16:00,0.2939361,0.3237988
3/19/24 17:00,0.08968582,0.1063125
3/19/24 18:00,0,0
3/19/24 19:00,0,0
3/19/24 20:00,0,0
3/19/24 21:00,0,0
3/19/24 22:00,0,0
3/19/24 23:00,0,0
3/20/24 0:00,0,0
3/20/24 1:00,0,0
3/20/24 2:00,0,0
3/20/24 3:00,0,0
3/20/24 4:00,0,0
3/20/24 5:00,0.00104829,0
3/20/24 6:00,0.1376885,0.1537529
3/20/24 7:00,0.3785336,0.4165774
3/20/24 8:00,0.6147012,0.674924
3/20/24 9:00,0.8532991,0.9361889
3/20/24 10:00,1.036897,1.137424
3/20/24 11:00,0.9517438,1.041153
3/20/24 12:00,0.9268941,1.013206
3/20/24 13:00,0.7968971,0.8669237
3/20/24 14:00,0.6516517,0.7068633
3/20/24 15:00,0.4801203,0.5205857
3/20/24 16:00,0.289803,0.3161852
3/20/24 17:00,0.09067825,0.1044086
3/20/24 18:00,0,0
3/20/24 19:00,0,0
3/20/24 20:00,0,0
3/20/24 21:00,0,0
3/20/24 22:00,0,0
3/20/24 23:00,0,0
3/21/24 0:00,0,0
3/21/24 1:00,0,0
3/21/24 2:00,0,0
3/21/24 3:00,0,0
3/21/24 4:00,0,0
3/21/24 5:00,0.000916343,0
3/21/24 6:00,0.03184116,0.03100841
3/21/24 7:00,0.160101,0.1572454
3/21/24 8:00,0.4444812,0.4672149
3/21/24 9:00,0.5683305,0.5967715
3/21/24 10:00,0.7663394,0.8246723
3/21/24 11:00,0.8665979,0.9391364
3/21/24 12:00,0.9954793,1.087247
3/21/24 13:00,0.9385839,1.025622
3/21/24 14:00,0.51218,0.5331432
3/21/24 15:00,0.4270229,0.4527843
3/21/24 16:00,0.2479405,0.2618636
3/21/24 17:00,0.05595328,0.05756897
3/21/24 18:00,0,0
3/21/24 19:00,0,0
3/21/24 20:00,0,0
3/21/24 21:00,0,0
3/21/24 22:00,0,0
3/21/24 23:00,0,0
3/22/24 0:00,0,0
3/22/24 1:00,0,0
3/22/24 2:00,0,0
3/22/24 3:00,0,0
3/22/24 4:00,0,0
3/22/24 5:00,0.002562381,0
3/22/24 6:00,0.1410576,0.1520938
3/22/24 7:00,0.3328878,0.3562111
3/22/24 8:00,0.5588403,0.604409
3/22/24 9:00,0.4813333,0.4907727
3/22/24 10:00,0.4791242,0.4796659
3/22/24 11:00,0.7247702,0.7641683
3/22/24 12:00,0.8207844,0.8825753
3/22/24 13:00,0.7937819,0.8579914
3/22/24 14:00,0.7166334,0.7784282
3/22/24 15:00,0.5259144,0.5703152
3/22/24 16:00,0.2513641,0.2644643
3/22/24 17:00,0.05272122,0.05310157
3/22/24 18:00,0,0
3/22/24 19:00,0,0
3/22/24 20:00,0,0
3/22/24 21:00,0,0
3/22/24 22:00,0,0
3/22/24 23:00,0,0
3/23/24 0:00,0,0
3/23/24 1:00,0,0
3/23/24 2:00,0,0
3/23/24 3:00,0,0
3/23/24 4:00,0,0
3/23/24 5:00,0.002638591,0
3/23/24 6:00,0.09158298,0.09177952
3/23/24 7:00,0.3560045,0.3814508
3/23/24 8:00,0.4489877,0.4691509
3/23/24 9:00,0.6295222,0.6678653
3/23/24 10:00,0.8382707,0.9053923
3/23/24 11:00,0.9178193,0.9936881
3/23/24 12:00,0.9888128,1.073895
3/23/24 13:00,0.9449033,1.026379
3/23/24 14:00,0.8295115,0.9009336
3/23/24 15:00,0.6104944,0.6621035
3/23/24 16:00,0.3014406,0.3229542
3/23/24 17:00,0.06844122,0.07024278
3/23/24 18:00,0,0
3/23/24 19:00,0,0
3/23/24 20:00,0,0
3/23/24 21:00,0,0
3/23/24 22:00,0,0
3/23/24 23:00,0,0
3/24/24 0:00,0,0
3/24/24 1:00,0,0
3/24/24 2:00,0,0
3/24/24 3:00,0,0
3/24/24 4:00,0,0
3/24/24 5:00,0.003150483,0
3/24/24 6:00,0.1556312,0.1635697
3/24/24 7:00,0.4106347,0.4412092
3/24/24 8:00,0.5871168,0.631771
3/24/24 9:00,0.7964748,0.8611349
3/24/24 10:00,0.9721118,1.052915
3/24/24 11:00,1.064352,1.153636
3/24/24 12:00,0.9999512,1.083106
3/24/24 13:00,0.9607585,1.040665
3/24/24 14:00,0.7762766,0.8394794
3/24/24 15:00,0.5814601,0.6273112
3/24/24 16:00,0.2333015,0.2399345
3/24/24 17:00,0.06575967,0.06600519
3/24/24 18:00,0,0
3/24/24 19:00,0,0
3/24/24 20:00,0,0
3/24/24 21:00,0,0
3/24/24 22:00,0,0
3/24/24 23:00,0,0
3/25/24 0:00,0,0
3/25/24 1:00,0,0
3/25/24 2:00,0,0
3/25/24 3:00,0,0
3/25/24 4:00,0,0
3/25/24 5:00,0.003449221,0
3/25/24 6:00,0.1335295,0.1365337
3/25/24 7:00,0.3725047,0.3954431
3/25/24 8:00,0.5241891,0.5555844
3/25/24 9:00,0.7375424,0.7914715
3/25/24 10:00,0.9470254,1.022477
3/25/24 11:00,0.9396725,1.013037
3/25/24 12:00,0.6771204,0.7026337
3/25/24 13:00,0.8783356,0.9471435
3/25/24 14:00,0.7290812,0.7842526
3/25/24 15:00,0.561258,0.6021845
3/25/24 16:00,0.288641,0.3033667
3/25/24 17:00,0.05229078,0.05124553
3/25/24 18:00,0,0
3/25/24 19:00,0,0
3/25/24 20:00,0,0
3/25/24 21:00,0,0
3/25/24 22:00,0,0
3/25/24 23:00,0,0
3/26/24 0:00,0,0
3/26/24 1:00,0,0
3/26/24 2:00,0,0
3/26/24 3:00,0,0
3/26/24 4:00,0,0
3/26/24 5:00,0.003945535,0
3/26/24 6:00,0.1598366,0.1631939
3/26/24 7:00,0.3431938,0.3591268
3/26/24 8:00,0.6507723,0.6969036
3/26/24 9:00,0.860896,0.9256337
3/26/24 10:00,0.7696642,0.8168104
3/26/24 11:00,0.8037593,0.851885
3/26/24 12:00,0.7261181,0.7598795
3/26/24 13:00,0.7329482,0.7761137
3/26/24 14:00,0.7438107,0.7979347
3/26/24 15:00,0.6036693,0.6454343
3/26/24 16:00,0.2778095,0.2887945
3/26/24 17:00,0.06679042,0.0650399
3/26/24 18:00,0,0
3/26/24 19:00,0,0
3/26/24 20:00,0,0
3/26/24 21:00,0,0
3/26/24 22:00,0,0
3/26/24 23:00,0,0
3/27/24 0:00,0,0
3/27/24 1:00,0,0
3/27/24 2:00,0,0
3/27/24 3:00,0,0
3/27/24 4:00,0,0
3/27/24 5:00,0.003083018,0
3/27/24 6:00,0.1278487,0.1273507
3/27/24 7:00,0.3738635,0.3919066
3/27/24 8:00,0.6232146,0.6639348
3/27/24 9:00,0.885574,0.949319
3/27/24 10:00,0.8935362,0.9575854
3/27/24 11:00,0.8600261,0.9160596
3/27/24 12:00,0.6230625,0.6363598
3/27/24 13:00,0.8311536,0.8884142
3/27/24 14:00,0.794269,0.8501039
3/27/24 15:00,0.5174122,0.5475807
3/27/24 16:00,0.2503255,0.2556834
3/27/24 17:00,0.05755694,0.05555741
3/27/24 18:00,0,0
3/27/24 19:00,0,0
3/27/24 20:00,0,0
3/27/24 21:00,0,0
3/27/24 22:00,0,0
3/27/24 23:00,0,0
3/28/24 0:00,0,0
3/28/24 1:00,0,0
3/28/24 2:00,0,0
3/28/24 3:00,0,0
3/28/24 4:00,0,0
3/28/24 5:00,0.005442223,0
3/28/24 6:00,0.1233409,0.1216058
3/28/24 7:00,0.3669539,0.3817339
3/28/24 8:00,0.4641459,0.4787379
3/28/24 9:00,0.7373466,0.7832962
3/28/24 10:00,0.6943732,0.7231607
3/28/24 11:00,1.046505,1.121758
3/28/24 12:00,1.060308,1.136638
3/28/24 13:00,0.9649722,1.032839
3/28/24 14:00,0.7810954,0.8329573
3/28/24 15:00,0.4590988,0.4783079
3/28/24 16:00,0.3053158,0.3155714
3/28/24 17:00,0.07406303,0.06966344
3/28/24 18:00,0,0
3/28/24 19:00,0,0
3/28/24 20:00,0,0
3/28/24 21:00,0,0
3/28/24 22:00,0,0
3/28/24 23:00,0,0
3/29/24 0:00,0,0
3/29/24 1:00,0,0
3/29/24 2:00,0,0
3/29/24 3:00,0,0
3/29/24 4:00,0,0
3/29/24 5:00,0.00410595,0
3/29/24 6:00,0.09494431,0.09259449
3/29/24 7:00,0.2972796,0.3013279
3/29/24 8:00,0.4469854,0.4573636
3/29/24 9:00,0.4700644,0.4720344
3/29/24 10:00,0.8088165,0.8557364
3/29/24 11:00,0.7845266,0.8228116
3/29/24 12:00,0.918111,0.9782062
3/29/24 13:00,0.9250543,0.9867757
3/29/24 14:00,0.6711063,0.7080356
3/29/24 15:00,0.5325022,0.5594893
3/29/24 16:00,0.3121316,0.320704
3/29/24 17:00,0.0749787,0.06934629
3/29/24 18:00,0,0
3/29/24 19:00,0,0
3/29/24 20:00,0,0
3/29/24 21:00,0,0
3/29/24 22:00,0,0
3/29/24 23:00,0,0
3/30/24 0:00,0,0
3/30/24 1:00,0,0
3/30/24 2:00,0,0
3/30/24 3:00,0,0
3/30/24 4:00,0,0
3/30/24 5:00,0.007335547,0
3/30/24 6:00,0.02634512,0.02559041
3/30/24 7:00,0.03542953,0.03442411
3/30/24 8:00,0.06885912,0.06692951
3/30/24 9:00,0.1040885,0.1012009
3/30/24 10:00,0.3463545,0.338547
3/30/24 11:00,0.1264779,0.1229765
3/30/24 12:00,0.09274241,0.09014152
3/30/24 13:00,0.1193,0.1160002
3/30/24 14:00,0.1163963,0.1131948
3/30/24 15:00,0.09609326,0.09345124
3/30/24 16:00,0.09601344,0.09341155
3/30/24 17:00,0.0242274,0.02349007
3/30/24 18:00,0,0
3/30/24 19:00,0,0
3/30/24 20:00,0,0
3/30/24 21:00,0,0
3/30/24 22:00,0,0
3/30/24 23:00,0,0
3/31/24 0:00,0,0
3/31/24 1:00,0,0
3/31/24 2:00,0,0
3/31/24 3:00,0,0
3/31/24 4:00,0,0
3/31/24 5:00,0.007693301,0
3/31/24 6:00,0.1605963,0.1545672
3/31/24 7:00,0.4186573,0.4308296
3/31/24 8:00,0.6470376,0.6787644
3/31/24 9:00,0.8899536,0.9417584
3/31/24 10:00,0.9654221,1.024894
3/31/24 11:00,1.034711,1.100126
3/31/24 12:00,1.03623,1.101553
3/31/24 13:00,0.7167639,0.7470956
3/31/24 14:00,0.6846103,0.7185976
3/31/24 15:00,0.625589,0.6536952
3/31/24 16:00,0.3457264,0.3511652
3/31/24 17:00,0.06903546,0.06314284
3/31/24 18:00,0,0
3/31/24 19:00,0,0
3/31/24 20:00,0,0
3/31/24 21:00,0,0
3/31/24 22:00,0,0
3/31/24 23:00,0,0
4/1/24 0:00,0,0
4/1/24 1:00,0,0
4/1/24 2:00,0,0
4/1/24 3:00,0,0
4/1/24 4:00,0,0
4/1/24 5:00,0.00796522,0
4/1/24 6:00,0.1360599,0.1306783
4/1/24 7:00,0.2508065,0.2482557
4/1/24 8:00,0.4430268,0.4489532
4/1/24 9:00,0.6916974,0.7215899
4/1/24 10:00,0.7164917,0.7421668
4/1/24 11:00,0.3636581,0.3552754
4/1/24 12:00,0.6338254,0.6437096
4/1/24 13:00,0.4914029,0.489706
4/1/24 14:00,0.3773321,0.3727717
4/1/24 15:00,0.3713869,0.373286
4/1/24 16:00,0.2762678,0.276415
4/1/24 17:00,0.08846635,0.07541863
4/1/24 18:00,0,0
4/1/24 19:00,0,0
4/1/24 20:00,0,0
4/1/24 21:00,0,0
4/1/24 22:00,0,0
4/1/24 23:00,0,0
4/2/24 0:00,0,0
4/2/24 1:00,0,0
4/2/24 2:00,0,0
4/2/24 3:00,0,0
4/2/24 4:00,0,0
4/2/24 5:00,0.006164653,0
4/2/24 6:00,0.1419638,0.1353517
4/2/24 7:00,0.2367911,0.2331918
4/2/24 8:00,0.3471374,0.343689
4/2/24 9:00,0.5563848,0.5651962
4/2/24 10:00,0.683872,0.7028294
4/2/24 11:00,0.5326766,0.5301321
4/2/24 12:00,0.4772463,0.4715568
4/2/24 13:00,0.4041425,0.3973098
4/2/24 14:00,0.4278136,0.4260744
4/2/24 15:00,0.4307299,0.4377143
4/2/24 16:00,0.2220256,0.2188849
4/2/24 17:00,0.05900787,0.05484276
4/2/24 18:00,0,0
4/2/24 19:00,0,0
4/2/24 20:00,0,0
4/2/24 21:00,0,0
4/2/24 22:00,0,0
4/2/24 23:00,0,0
4/3/24 0:00,0,0
4/3/24 1:00,0,0
4/3/24 2:00,0,0
4/3/24 3:00,0,0
4/3/24 4:00,0,0
4/3/24 5:00,0.01243794,0
4/3/24 6:00,0.1003158,0.09684207
4/3/24 7:00,0.3179388,0.3174131
4/3/24 8:00,0.5985779,0.6186954
4/3/24 9:00,0.4919805,0.4925817
4/3/24 10:00,0.5865712,0.5911735
4/3/24 11:00,0.3372655,0.3289251
4/3/24 12:00,0.2905926,0.2830289
4/3/24 13:00,0.458057,0.453262
4/3/24 14:00,0.3188466,0.3122017
4/3/24 15:00,0.3656268,0.3653153
4/3/24 16:00,0.209132,0.2051337
4/3/24 17:00,0.08448445,0.07066973
4/3/24 18:00,0,0
4/3/24 19:00,0,0
4/3/24 20:00,0,0
4/3/24 21:00,0,0
4/3/24 22:00,0,0
4/3/24 23:00,0,0
4/4/24 0:00,0,0
4/4/24 1:00,0,0
4/4/24 2:00,0,0
4/4/24 3:00,0,0
4/4/24 4:00,0,0
4/4/24 5:00,0.009728475,0
4/4/24 6:00,0.1284129,0.1222964
4/4/24 7:00,0.278368,0.275026
4/4/24 8:00,0.4982761,0.5063068
4/4/24 9:00,0.5085428,0.5099512
4/4/24 10:00,0.6132418,0.6200461
4/4/24 11:00,0.8945791,0.9363165
4/4/24 12:00,0.8937106,0.9357449
4/4/24 13:00,0.9476011,0.9935448
4/4/24 14:00,0.6145545,0.6314403
4/4/24 15:00,0.4656745,0.4728296
4/4/24 16:00,0.2177782,0.2131926
4/4/24 17:00,0.0746779,0.0645768
4/4/24 18:00,0,0
4/4/24 19:00,0,0
4/4/24 20:00,0,0
4/4/24 21:00,0,0
4/4/24 22:00,0,0
4/4/24 23:00,0,0
4/5/24 0:00,0,0
4/5/24 1:00,0,0
4/5/24 2:00,0,0
4/5/24 3:00,0,0
4/5/24 4:00,0,0
4/5/24 5:00,0.009513971,0
4/5/24 6:00,0.1217664,0.1161524
4/5/24 7:00,0.2730102,0.2688403
4/5/24 8:00,0.6091526,0.6253948
4/5/24 9:00,0.708257,0.7316631
4/5/24 10:00,0.9599304,1.005124
4/5/24 11:00,0.8949937,0.9344367
4/5/24 12:00,0.6354827,0.6417663
4/5/24 13:00,0.5568729,0.5587554
4/5/24 14:00,0.3929712,0.3879059
4/5/24 15:00,0.3148414,0.3104867
4/5/24 16:00,0.2112635,0.206136
4/5/24 17:00,0.05012639,0.04738458
4/5/24 18:00,0,0
4/5/24 19:00,0,0
4/5/24 20:00,0,0
4/5/24 21:00,0,0
4/5/24 22:00,0,0
4/5/24 23:00,0,0
4/6/24 0:00,0,0
4/6/24 1:00,0,0
4/6/24 2:00,0,0
4/6/24 3:00,0,0
4/6/24 4:00,0,0
4/6/24 5:00,0.01148038,0
4/6/24 6:00,0.05315049,0.05155806
4/6/24 7:00,0.2472149,0.2421867
4/6/24 8:00,0.2344035,0.2284112
4/6/24 9:00,0.3029259,0.2955121
4/6/24 10:00,0.5500996,0.5489179
4/6/24 11:00,0.820842,0.8491204
4/6/24 12:00,0.7347271,0.7524077
4/6/24 13:00,0.27063,0.2635066
4/6/24 14:00,0.4371889,0.434052
4/6/24 15:00,0.3644918,0.361769
4/6/24 16:00,0.1453916,0.1413622
4/6/24 17:00,0.03883143,0.03735122
4/6/24 18:00,0,0
4/6/24 19:00,0,0
4/6/24 20:00,0,0
4/6/24 21:00,0,0
4/6/24 22:00,0,0
4/6/24 23:00,0,0
4/7/24 0:00,0,0
4/7/24 1:00,0,0
4/7/24 2:00,0,0
4/7/24 3:00,0,0
4/7/24 4:00,0,0
4/7/24 5:00,0.01656409,0
4/7/24 6:00,0.1552051,0.1437552
4/7/24 7:00,0.2674477,0.2620743
4/7/24 8:00,0.5498534,0.5574597
4/7/24 9:00,0.7734643,0.7985845
4/7/24 10:00,0.9016204,0.9374768
4/7/24 11:00,0.8654101,0.8970517
4/7/24 12:00,1.025503,1.070101
4/7/24 13:00,0.9486758,0.9862251
4/7/24 14:00,0.6792049,0.6966851
4/7/24 15:00,0.4191196,0.4184322
4/7/24 16:00,0.2413351,0.2339359
4/7/24 17:00,0.05381899,0.05026948
4/7/24 18:00,0,0
4/7/24 19:00,0,0
4/7/24 20:00,0,0
4/7/24 21:00,0,0
4/7/24 22:00,0,0
4/7/24 23:00,0,0
4/8/24 0:00,0,0
4/8/24 1:00,0,0
4/8/24 2:00,0,0
4/8/24 3:00,0,0
4/8/24 4:00,0,0
4/8/24 5:00,0.01748693,0
4/8/24 6:00,0.09940013,0.09566302
4/8/24 7:00,0.3198752,0.3139691
4/8/24 8:00,0.399916,0.3959993
4/8/24 9:00,0.4927334,0.4900175
4/8/24 10:00,0.8376865,0.8654785
4/8/24 11:00,0.8828552,0.9142222
4/8/24 12:00,1.03796,1.080409
4/8/24 13:00,0.8650975,0.8953049
4/8/24 14:00,0.5625287,0.5677187
4/8/24 15:00,0.5139871,0.5163552
4/8/24 16:00,0.2326258,0.2248354
4/8/24 17:00,0.07828902,0.06461349
4/8/24 18:00,0,0
4/8/24 19:00,0,0
4/8/24 20:00,0,0
4/8/24 21:00,0,0
4/8/24 22:00,0,0
4/8/24 23:00,0,0
4/9/24 0:00,0,0
4/9/24 1:00,0,0
4/9/24 2:00,0,0
4/9/24 3:00,0,0
4/9/24 4:00,0,0
4/9/24 5:00,0.01346971,0
4/9/24 6:00,0.101356,0.0974381
4/9/24 7:00,0.2627453,0.2564773
4/9/24 8:00,0.4492686,0.4471228
4/9/24 9:00,0.4202375,0.4135776
4/9/24 10:00,0.50765,0.5021546
4/9/24 11:00,0.4542521,0.4458532
4/9/24 12:00,0.7496044,0.7646728
4/9/24 13:00,0.8394163,0.865338
4/9/24 14:00,0.6830902,0.69655
4/9/24 15:00,0.272341,0.2661676
4/9/24 16:00,0.2657592,0.2548391
4/9/24 17:00,0.04406721,0.04207521
4/9/24 18:00,0,0
4/9/24 19:00,0,0
4/9/24 20:00,0,0
4/9/24 21:00,0,0
4/9/24 22:00,0,0
4/9/24 23:00,0,0
4/10/24 0:00,0,0
4/10/24 1:00,0,0
4/10/24 2:00,0,0
4/10/24 3:00,0,0
4/10/24 4:00,0,0
4/10/24 5:00,0.02131092,0
4/10/24 6:00,0.2146537,0.1870914
4/10/24 7:00,0.4459172,0.4355571
4/10/24 8:00,0.5666218,0.5698071
4/10/24 9:00,0.800886,0.8207331
4/10/24 10:00,0.9260065,0.9561388
4/10/24 11:00,0.8963088,0.9246036
4/10/24 12:00,0.8395408,0.8626797
4/10/24 13:00,0.7359235,0.7506837
4/10/24 14:00,0.5965064,0.6017065
4/10/24 15:00,0.6103329,0.6095753
4/10/24 16:00,0.404507,0.3815498
4/10/24 17:00,0.1236747,0.08030543
4/10/24 18:00,0,0
4/10/24 19:00,0,0
4/10/24 20:00,0,0
4/10/24 21:00,0,0
4/10/24 22:00,0,0
4/10/24 23:00,0,0
4/11/24 0:00,0,0
4/11/24 1:00,0,0
4/11/24 2:00,0,0
4/11/24 3:00,0,0
4/11/24 4:00,0,0
4/11/24 5:00,0.02364871,0
4/11/24 6:00,0.1884073,0.1667575
4/11/24 7:00,0.4051373,0.394
4/11/24 8:00,0.7476848,0.7534495
4/11/24 9:00,0.8312421,0.8501561
4/11/24 10:00,0.8088644,0.8277472
4/11/24 11:00,0.8658747,0.8892779
4/11/24 12:00,0.6452761,0.647187
4/11/24 13:00,0.5585404,0.5563045
4/11/24 14:00,0.679042,0.6880426
4/11/24 15:00,0.5968984,0.5935342
4/11/24 16:00,0.3790405,0.3550684
4/11/24 17:00,0.1282215,0.08101913
4/11/24 18:00,6.07326E-08,0
4/11/24 19:00,0,0
4/11/24 20:00,0,0
4/11/24 21:00,0,0
4/11/24 22:00,0,0
4/11/24 23:00,0,0
4/12/24 0:00,0,0
4/12/24 1:00,0,0
4/12/24 2:00,0,0
4/12/24 3:00,0,0
4/12/24 4:00,0,0
4/12/24 5:00,0.03264735,0
4/12/24 6:00,0.2167807,0.1864085
4/12/24 7:00,0.4878296,0.4718716
4/12/24 8:00,0.3941299,0.3877505
4/12/24 9:00,0.523163,0.5196581
4/12/24 10:00,0.1655881,0.160994
4/12/24 11:00,0.5830226,0.5790307
4/12/24 12:00,0.853434,0.8739082
4/12/24 13:00,0.8686149,0.8893368
4/12/24 14:00,0.4047316,0.3977786
4/12/24 15:00,0.2761505,0.2693977
4/12/24 16:00,0.2048906,0.1968557
4/12/24 17:00,0.07007273,0.06038332
4/12/24 18:00,4.68669E-06,0
4/12/24 19:00,0,0
4/12/24 20:00,0,0
4/12/24 21:00,0,0
4/12/24 22:00,0,0
4/12/24 23:00,0,0
4/13/24 0:00,0,0
4/13/24 1:00,0,0
4/13/24 2:00,0,0
4/13/24 3:00,0,0
4/13/24 4:00,0,0
4/13/24 5:00,0.02279606,0
4/13/24 6:00,0.2069138,0.1784509
4/13/24 7:00,0.4230073,0.4077562
4/13/24 8:00,0.6874194,0.6876934
4/13/24 9:00,0.9196785,0.9360103
4/13/24 10:00,1.017825,1.044137
4/13/24 11:00,1.024286,1.053612
4/13/24 12:00,0.9251236,0.9488239
4/13/24 13:00,0.7955819,0.8096342
4/13/24 14:00,0.6779009,0.682774
4/13/24 15:00,0.4948412,0.4871341
4/13/24 16:00,0.3339803,0.3095399
4/13/24 17:00,0.1146134,0.07119462
4/13/24 18:00,1.08847E-05,0
4/13/24 19:00,0,0
4/13/24 20:00,0,0
4/13/24 21:00,0,0
4/13/24 22:00,0,0
4/13/24 23:00,0,0
4/14/24 0:00,0,0
4/14/24 1:00,0,0
4/14/24 2:00,0,0
4/14/24 3:00,0,0
4/14/24 4:00,0,0
4/14/24 5:00,0.01954965,0.0124822
4/14/24 6:00,0.1859873,0.1637168
4/14/24 7:00,0.2987896,0.2891195
4/14/24 8:00,0.6438558,0.6414704
4/14/24 9:00,0.8417672,0.8538113
4/14/24 10:00,0.9470069,0.9684241
4/14/24 11:00,0.7945883,0.8060668
4/14/24 12:00,0.7357259,0.7424195
4/14/24 13:00,0.6899028,0.6944913
4/14/24 14:00,0.6720994,0.6747557
4/14/24 15:00,0.5886105,0.5778012
4/14/24 16:00,0.3361739,0.3094696
4/14/24 17:00,0.09239374,0.06643565
4/14/24 18:00,2.68506E-05,0
4/14/24 19:00,0,0
4/14/24 20:00,0,0
4/14/24 21:00,0,0
4/14/24 22:00,0,0
4/14/24 23:00,0,0
4/15/24 0:00,0,0
4/15/24 1:00,0,0
4/15/24 2:00,0,0
4/15/24 3:00,0,0
4/15/24 4:00,0,0
4/15/24 5:00,0.0277807,0.007112342
4/15/24 6:00,0.2253869,0.1896218
4/15/24 7:00,0.4797578,0.4576719
4/15/24 8:00,0.6839651,0.6795998
4/15/24 9:00,0.6719764,0.6742561
4/15/24 10:00,0.8612617,0.8760746
4/15/24 11:00,0.8440868,0.8580101
4/15/24 12:00,0.870114,0.8859121
4/15/24 13:00,0.6767638,0.6790938
4/15/24 14:00,0.7422435,0.7448286
4/15/24 15:00,0.4879545,0.4768594
4/15/24 16:00,0.2522318,0.2369445
4/15/24 17:00,0.07460404,0.06226996
4/15/24 18:00,3.89846E-05,0
4/15/24 19:00,0,0
4/15/24 20:00,0,0
4/15/24 21:00,0,0
4/15/24 22:00,0,0
4/15/24 23:00,0,0
4/16/24 0:00,0,0
4/16/24 1:00,0,0
4/16/24 2:00,0,0
4/16/24 3:00,0,0
4/16/24 4:00,0,0
4/16/24 5:00,0.0283396,0.008561064
4/16/24 6:00,0.2008944,0.1727569
4/16/24 7:00,0.4006564,0.3822919
4/16/24 8:00,0.5144484,0.5070388
4/16/24 9:00,0.8094348,0.8159631
4/16/24 10:00,0.7029506,0.7051893
4/16/24 11:00,0.8611115,0.8744707
4/16/24 12:00,1.01475,1.035255
4/16/24 13:00,0.9061221,0.9187336
4/16/24 14:00,0.8021218,0.8029566
4/16/24 15:00,0.5484285,0.5339335
4/16/24 16:00,0.2325243,0.2195056
4/16/24 17:00,0.09114406,0.06588581
4/16/24 18:00,9.24132E-05,0
4/16/24 19:00,0,0
4/16/24 20:00,0,0
4/16/24 21:00,0,0
4/16/24 22:00,0,0
4/16/24 23:00,0,0
4/17/24 0:00,0,0
4/17/24 1:00,0,0
4/17/24 2:00,0,0
4/17/24 3:00,0,0
4/17/24 4:00,0,0
4/17/24 5:00,0.02098022,0.01534918
4/17/24 6:00,0.1410768,0.1314519
4/17/24 7:00,0.3433615,0.3287818
4/17/24 8:00,0.638396,0.6298655
4/17/24 9:00,0.7873,0.7910515
4/17/24 10:00,0.7738597,0.7795153
4/17/24 11:00,1.062529,1.082825
4/17/24 12:00,0.7446731,0.7481788
4/17/24 13:00,0.6634798,0.6625582
4/17/24 14:00,0.4103677,0.4018903
4/17/24 15:00,0.3059856,0.2975642
4/17/24 16:00,0.215179,0.2041169
4/17/24 17:00,0.08611895,0.0652328
4/17/24 18:00,0.000115377,0
4/17/24 19:00,0,0
4/17/24 20:00,0,0
4/17/24 21:00,0,0
4/17/24 22:00,0,0
4/17/24 23:00,0,0
4/18/24 0:00,0,0
4/18/24 1:00,0,0
4/18/24 2:00,0,0
4/18/24 3:00,0,0
4/18/24 4:00,0,0
4/18/24 5:00,0.02001087,0.01613321
4/18/24 6:00,0.09161393,0.08838399
4/18/24 7:00,0.1014742,0.09852872
4/18/24 8:00,0.2390066,0.2324117
4/18/24 9:00,0.3480051,0.3392846
4/18/24 10:00,0.1956812,0.1902442
4/18/24 11:00,0.1754731,0.1705757
4/18/24 12:00,0.2594404,0.2523345
4/18/24 13:00,0.1776543,0.172697
4/18/24 14:00,0.2299077,0.223543
4/18/24 15:00,0.2846014,0.2765606
4/18/24 16:00,0.1960597,0.1870614
4/18/24 17:00,0.02746251,0.02646611
4/18/24 18:00,0.000155215,0
4/18/24 19:00,0,0
4/18/24 20:00,0,0
4/18/24 21:00,0,0
4/18/24 22:00,0,0
4/18/24 23:00,0,0
4/19/24 0:00,0,0
4/19/24 1:00,0,0
4/19/24 2:00,0,0
4/19/24 3:00,0,0
4/19/24 4:00,0,0
4/19/24 5:00,0.02333712,0.01692746
4/19/24 6:00,0.2372719,0.1942014
4/19/24 7:00,0.5263305,0.4930066
4/19/24 8:00,0.7282459,0.7143193
4/19/24 9:00,0.8750386,0.8758885
4/19/24 10:00,1.033863,1.045115
4/19/24 11:00,1.021316,1.035785
4/19/24 12:00,1.058912,1.072813
4/19/24 13:00,1.033722,1.040615
4/19/24 14:00,0.832767,0.8259677
4/19/24 15:00,0.64525,0.6203141
4/19/24 16:00,0.3256642,0.2916416
4/19/24 17:00,0.09102309,0.06575081
4/19/24 18:00,0.00014287,0
4/19/24 19:00,0,0
4/19/24 20:00,0,0
4/19/24 21:00,0,0
4/19/24 22:00,0,0
4/19/24 23:00,0,0
4/20/24 0:00,0,0
4/20/24 1:00,0,0
4/20/24 2:00,0,0
4/20/24 3:00,0,0
4/20/24 4:00,0,0
4/20/24 5:00,0.04335792,0.003415183
4/20/24 6:00,0.2113984,0.1778211
4/20/24 7:00,0.3243305,0.3096053
4/20/24 8:00,0.4791276,0.467854
4/20/24 9:00,0.9585635,0.9572052
4/20/24 10:00,1.031125,1.03986
4/20/24 11:00,0.8371214,0.8420381
4/20/24 12:00,0.9169627,0.9250636
4/20/24 13:00,0.9322299,0.9357013
4/20/24 14:00,0.4234939,0.4140344
4/20/24 15:00,0.5432052,0.520752
4/20/24 16:00,0.3257214,0.2900694
4/20/24 17:00,0.0906904,0.06579621
4/20/24 18:00,0.000256875,0
4/20/24 19:00,0,0
4/20/24 20:00,0,0
4/20/24 21:00,0,0
4/20/24 22:00,0,0
4/20/24 23:00,0,0
4/21/24 0:00,0,0
4/21/24 1:00,0,0
4/21/24 2:00,0,0
4/21/24 3:00,0,0
4/21/24 4:00,0,0
4/21/24 5:00,0.03209624,0.01494861
4/21/24 6:00,0.1070849,0.1027215
4/21/24 7:00,0.1775301,0.1721934
4/21/24 8:00,0.202113,0.1964012
4/21/24 9:00,0.6420486,0.6351591
4/21/24 10:00,0.946173,0.9514201
4/21/24 11:00,0.8511477,0.8551295
4/21/24 12:00,0.6701917,0.6651732
4/21/24 13:00,0.7401557,0.7373087
4/21/24 14:00,0.6193134,0.6091263
4/21/24 15:00,0.3873319,0.3735908
4/21/24 16:00,0.2931787,0.2637321
4/21/24 17:00,0.09764299,0.06584048
4/21/24 18:00,0.00037161,0
4/21/24 19:00,0,0
4/21/24 20:00,0,0
4/21/24 21:00,0,0
4/21/24 22:00,0,0
4/21/24 23:00,0,0
4/22/24 0:00,0,0
4/22/24 1:00,0,0
4/22/24 2:00,0,0
4/22/24 3:00,0,0
4/22/24 4:00,0,0
4/22/24 5:00,0.03742607,0.01176306
4/22/24 6:00,0.1497994,0.1383694
4/22/24 7:00,0.3216053,0.3061829
4/22/24 8:00,0.7124953,0.6923409
4/22/24 9:00,0.8977109,0.8916527
4/22/24 10:00,1.005868,1.009573
4/22/24 11:00,0.8582324,0.8608606
4/22/24 12:00,1.030329,1.03651
4/22/24 13:00,0.9257635,0.9245016
4/22/24 14:00,0.7897013,0.7761407
4/22/24 15:00,0.4970261,0.47418
4/22/24 16:00,0.280494,0.2531931
4/22/24 17:00,0.122309,0.06426106
4/22/24 18:00,0.000523306,0
4/22/24 19:00,0,0
4/22/24 20:00,0,0
4/22/24 21:00,0,0
4/22/24 22:00,0,0
4/22/24 23:00,0,0
4/23/24 0:00,0,0
4/23/24 1:00,0,0
4/23/24 2:00,0,0
4/23/24 3:00,0,0
4/23/24 4:00,0,0
4/23/24 5:00,0.03576022,0.01552253
4/23/24 6:00,0.2780131,0.2179108
4/23/24 7:00,0.5068542,0.4670625
4/23/24 8:00,0.7323631,0.7094582
4/23/24 9:00,0.8693997,0.86127
4/23/24 10:00,1.016482,1.017916
4/23/24 11:00,1.038266,1.043684
4/23/24 12:00,0.9830372,0.9863796
4/23/24 13:00,0.867974,0.8641461
4/23/24 14:00,0.8360092,0.8192561
4/23/24 15:00,0.6593105,0.6236979
4/23/24 16:00,0.4282098,0.3691438
4/23/24 17:00,0.149204,0.07043138
4/23/24 18:00,0.000543788,0
4/23/24 19:00,0,0
4/23/24 20:00,0,0
4/23/24 21:00,0,0
4/23/24 22:00,0,0
4/23/24 23:00,0,0
4/24/24 0:00,0,0
4/24/24 1:00,0,0
4/24/24 2:00,0,0
4/24/24 3:00,0,0
4/24/24 4:00,0,0
4/24/24 5:00,0.03059816,0.02060422
4/24/24 6:00,0.2324359,0.1884137
4/24/24 7:00,0.3994482,0.3720824
4/24/24 8:00,0.6786047,0.6555932
4/24/24 9:00,0.8825289,0.8721263
4/24/24 10:00,0.8897968,0.8878415
4/24/24 11:00,1.011127,1.014002
4/24/24 12:00,1.055044,1.056658
4/24/24 13:00,0.9583881,0.9524543
4/24/24 14:00,0.7825556,0.7646253
4/24/24 15:00,0.5823188,0.5491948
4/24/24 16:00,0.3342613,0.2903635
4/24/24 17:00,0.1118472,0.06434143
4/24/24 18:00,0.000447841,0
4/24/24 19:00,0,0
4/24/24 20:00,0,0
4/24/24 21:00,0,0
4/24/24 22:00,0,0
4/24/24 23:00,0,0
4/25/24 0:00,0,0
4/25/24 1:00,0,0
4/25/24 2:00,0,0
4/25/24 3:00,0,0
4/25/24 4:00,0,0
4/25/24 5:00,0.04803563,0.007553243
4/25/24 6:00,0.2365163,0.1902599
4/25/24 7:00,0.4410461,0.4062273
4/25/24 8:00,0.4196329,0.4070857
4/25/24 9:00,0.3995158,0.3893846
4/25/24 10:00,0.5457132,0.5351639
4/25/24 11:00,0.7486429,0.7428705
4/25/24 12:00,0.8647079,0.8618143
4/25/24 13:00,0.6089178,0.5986791
4/25/24 14:00,0.6436384,0.6272662
4/25/24 15:00,0.4009299,0.3832764
4/25/24 16:00,0.1767433,0.1688226
4/25/24 17:00,0.04408388,0.0421348
4/25/24 18:00,0.000192118,0
4/25/24 19:00,0,0
4/25/24 20:00,0,0
4/25/24 21:00,0,0
4/25/24 22:00,0,0
4/25/24 23:00,0,0
4/26/24 0:00,0,0
4/26/24 1:00,0,0
4/26/24 2:00,0,0
4/26/24 3:00,0,0
4/26/24 4:00,0,0
4/26/24 5:00,0.03556214,0.02099554
4/26/24 6:00,0.2229079,0.1827636
4/26/24 7:00,0.4350098,0.3998904
4/26/24 8:00,0.5658647,0.5452751
4/26/24 9:00,0.7982029,0.7846228
4/26/24 10:00,1.045887,1.04039
4/26/24 11:00,1.070233,1.068947
4/26/24 12:00,1.039163,1.036115
4/26/24 13:00,0.9280812,0.9178212
4/26/24 14:00,0.7944873,0.7718493
4/26/24 15:00,0.6370051,0.5957753
4/26/24 16:00,0.3103091,0.2703966
4/26/24 17:00,0.1118011,0.06442668
4/26/24 18:00,0.000885324,0
4/26/24 19:00,0,0
4/26/24 20:00,0,0
4/26/24 21:00,0,0
4/26/24 22:00,0,0
4/26/24 23:00,0,0
4/27/24 0:00,0,0
4/27/24 1:00,0,0
4/27/24 2:00,0,0
4/27/24 3:00,0,0
4/27/24 4:00,0,0
4/27/24 5:00,0.02834332,0.02334519
4/27/24 6:00,0.130053,0.1230079
4/27/24 7:00,0.1854725,0.1796712
4/27/24 8:00,0.3042952,0.2954662
4/27/24 9:00,0.5823992,0.5695885
4/27/24 10:00,0.5378442,0.5265429
4/27/24 11:00,0.4612224,0.4501053
4/27/24 12:00,0.6374549,0.6270972
4/27/24 13:00,0.5781007,0.5663854
4/27/24 14:00,0.4673598,0.4543361
4/27/24 15:00,0.5045614,0.473449
4/27/24 16:00,0.3138705,0.2717117
4/27/24 17:00,0.1268229,0.06206463
4/27/24 18:00,0.00118994,0
4/27/24 19:00,0,0
4/27/24 20:00,0,0
4/27/24 21:00,0,0
4/27/24 22:00,0,0
4/27/24 23:00,0,0
4/28/24 0:00,0,0
4/28/24 1:00,0,0
4/28/24 2:00,0,0
4/28/24 3:00,0,0
4/28/24 4:00,0,0
4/28/24 5:00,0.02703622,0.02340365
4/28/24 6:00,0.2118692,0.1769077
4/28/24 7:00,0.2412586,0.2322393
4/28/24 8:00,0.222013,0.2156212
4/28/24 9:00,0.6563939,0.6417437
4/28/24 10:00,0.863769,0.8543587
4/28/24 11:00,0.9489744,0.9430674
4/28/24 12:00,1.071674,1.063989
4/28/24 13:00,0.9465735,0.9317335
4/28/24 14:00,0.8229216,0.7949775
4/28/24 15:00,0.6522905,0.6054648
4/28/24 16:00,0.3443488,0.2917814
4/28/24 17:00,0.1052817,0.06620453
4/28/24 18:00,0.000938575,0
4/28/24 19:00,0,0
4/28/24 20:00,0,0
4/28/24 21:00,0,0
4/28/24 22:00,0,0
4/28/24 23:00,0,0
4/29/24 0:00,0,0
4/29/24 1:00,0,0
4/29/24 2:00,0,0
4/29/24 3:00,0,0
4/29/24 4:00,0,0
4/29/24 5:00,0.01114761,0.01068085
4/29/24 6:00,0.1340487,0.1264238
4/29/24 7:00,0.2511089,0.2412034
4/29/24 8:00,0.7099317,0.6759488
4/29/24 9:00,0.6365859,0.6212841
4/29/24 10:00,0.7997517,0.788563
4/29/24 11:00,0.911324,0.9033439
4/29/24 12:00,0.8275858,0.8178203
4/29/24 13:00,0.6649514,0.6513641
4/29/24 14:00,0.6444578,0.6222941
4/29/24 15:00,0.3077838,0.296389
4/29/24 16:00,0.2694944,0.239946
4/29/24 17:00,0.08014165,0.06618284
4/29/24 18:00,0.000448809,0
4/29/24 19:00,0,0
4/29/24 20:00,0,0
4/29/24 21:00,0,0
4/29/24 22:00,0,0
4/29/24 23:00,0,0
4/30/24 0:00,0,0
4/30/24 1:00,0,0
4/30/24 2:00,0,0
4/30/24 3:00,0,0
4/30/24 4:00,0,0
4/30/24 5:00,0.05428483,0.01141914
4/30/24 6:00,0.3039672,0.2278026
4/30/24 7:00,0.4686155,0.4228391
4/30/24 8:00,0.6764892,0.6428206
4/30/24 9:00,0.8340147,0.8124425
4/30/24 10:00,1.001812,0.9879322
4/30/24 11:00,1.166599,1.155714
4/30/24 12:00,1.030208,1.018455
4/30/24 13:00,0.9776436,0.9579026
4/30/24 14:00,0.8587381,0.8249847
4/30/24 15:00,0.5961863,0.5498886
4/30/24 16:00,0.4170189,0.3447835
4/30/24 17:00,0.1290364,0.06136592
4/30/24 18:00,0.001295505,0
4/30/24 19:00,0,0
4/30/24 20:00,0,0
4/30/24 21:00,0,0
4/30/24 22:00,0,0
4/30/24 23:00,0,0
5/1/24 0:00,0,0
5/1/24 1:00,0,0
5/1/24 2:00,0,0
5/1/24 3:00,0,0
5/1/24 4:00,0,0
5/1/24 5:00,0.04310805,0.0239644
5/1/24 6:00,0.307642,0.2291908
5/1/24 7:00,0.5627545,0.5023669
5/1/24 8:00,0.7280229,0.6892414
5/1/24 9:00,0.7862126,0.7643272
5/1/24 10:00,0.9384091,0.923322
5/1/24 11:00,1.005968,0.9942794
5/1/24 12:00,1.065527,1.05124
5/1/24 13:00,0.9280124,0.9072117
5/1/24 14:00,0.7179891,0.6887582
5/1/24 15:00,0.5783473,0.5320609
5/1/24 16:00,0.3582466,0.2973495
5/1/24 17:00,0.1541514,0.06261719
5/1/24 18:00,0.001882656,0
5/1/24 19:00,0,0
5/1/24 20:00,0,0
5/1/24 21:00,0,0
5/1/24 22:00,0,0
5/1/24 23:00,0,0
5/2/24 0:00,0,0
5/2/24 1:00,0,0
5/2/24 2:00,0,0
5/2/24 3:00,0,0
5/2/24 4:00,0,0
5/2/24 5:00,0.03619441,0.0276523
5/2/24 6:00,0.1387403,0.1304025
5/2/24 7:00,0.2394816,0.2302885
5/2/24 8:00,0.5398796,0.514946
5/2/24 9:00,0.7683186,0.7454817
5/2/24 10:00,1.025011,1.006657
5/2/24 11:00,0.7777006,0.7648118
5/2/24 12:00,0.9245234,0.9098685
5/2/24 13:00,0.852856,0.831933
5/2/24 14:00,0.7922543,0.7572406
5/2/24 15:00,0.544813,0.5009996
5/2/24 16:00,0.3188821,0.2696287
5/2/24 17:00,0.141832,0.06000284
5/2/24 18:00,0.002414398,0
5/2/24 19:00,0,0
5/2/24 20:00,0,0
5/2/24 21:00,0,0
5/2/24 22:00,0,0
5/2/24 23:00,0,0
5/3/24 0:00,0,0
5/3/24 1:00,0,0
5/3/24 2:00,0,0
5/3/24 3:00,0,0
5/3/24 4:00,0,0
5/3/24 5:00,0.06811561,0.005856598
5/3/24 6:00,0.1641534,0.1495101
5/3/24 7:00,0.4183544,0.3792962
5/3/24 8:00,0.4322836,0.4158646
5/3/24 9:00,0.4277551,0.4158165
5/3/24 10:00,0.4764665,0.4642282
5/3/24 11:00,0.2885199,0.2804333
5/3/24 12:00,0.6351526,0.6212351
5/3/24 13:00,0.6297312,0.6133575
5/3/24 14:00,0.7060853,0.6742706
5/3/24 15:00,0.4750231,0.4404638
5/3/24 16:00,0.3232556,0.2714049
5/3/24 17:00,0.1156624,0.06555025
5/3/24 18:00,0.001932496,0
5/3/24 19:00,0,0
5/3/24 20:00,0,0
5/3/24 21:00,0,0
5/3/24 22:00,0,0
5/3/24 23:00,0,0
5/4/24 0:00,0,0
5/4/24 1:00,0,0
5/4/24 2:00,0,0
5/4/24 3:00,0,0
5/4/24 4:00,0,0
5/4/24 5:00,0.05874141,0.0148795
5/4/24 6:00,0.2334607,0.1866608
5/4/24 7:00,0.2753178,0.2623494
5/4/24 8:00,0.3359759,0.325213
5/4/24 9:00,0.5251133,0.5098072
5/4/24 10:00,0.8215843,0.8033742
5/4/24 11:00,0.9031609,0.8870524
5/4/24 12:00,0.6615559,0.6467947
5/4/24 13:00,0.3611257,0.3510765
5/4/24 14:00,0.2901614,0.281714
5/4/24 15:00,0.2454689,0.2373939
5/4/24 16:00,0.2685207,0.2365858
5/4/24 17:00,0.03318247,0.03188287
5/4/24 18:00,0.00181846,0
5/4/24 19:00,0,0
5/4/24 20:00,0,0
5/4/24 21:00,0,0
5/4/24 22:00,0,0
5/4/24 23:00,0,0
5/5/24 0:00,0,0
5/5/24 1:00,0,0
5/5/24 2:00,0,0
5/5/24 3:00,0,0
5/5/24 4:00,0,0
5/5/24 5:00,0.06381792,0.01178864
5/5/24 6:00,0.2628041,0.1995517
5/5/24 7:00,0.3883635,0.354582
5/5/24 8:00,0.5999656,0.5658948
5/5/24 9:00,0.5164055,0.5010359
5/5/24 10:00,0.3766547,0.3662808
5/5/24 11:00,0.7430716,0.7273864
5/5/24 12:00,0.3240387,0.3149766
5/5/24 13:00,0.7111608,0.6904174
5/5/24 14:00,0.6337524,0.6045858
5/5/24 15:00,0.4493644,0.4172195
5/5/24 16:00,0.3206317,0.267867
5/5/24 17:00,0.121168,0.06476566
5/5/24 18:00,0.002964464,0
5/5/24 19:00,0,0
5/5/24 20:00,0,0
5/5/24 21:00,0,0
5/5/24 22:00,0,0
5/5/24 23:00,0,0
5/6/24 0:00,0,0
5/6/24 1:00,0,0
5/6/24 2:00,0,0
5/6/24 3:00,0,0
5/6/24 4:00,0,0
5/6/24 5:00,0.06709109,0.01058884
5/6/24 6:00,0.1716424,0.154735
5/6/24 7:00,0.2808049,0.2668715
5/6/24 8:00,0.4015375,0.3864715
5/6/24 9:00,0.6166341,0.5961845
5/6/24 10:00,0.5357143,0.5216962
5/6/24 11:00,0.6256384,0.6107339
5/6/24 12:00,0.8339069,0.8145033
5/6/24 13:00,0.5011808,0.4870815
5/6/24 14:00,0.6233512,0.5939315
5/6/24 15:00,0.5423821,0.4929953
5/6/24 16:00,0.3185157,0.2657194
5/6/24 17:00,0.1009577,0.07064726
5/6/24 18:00,0.001442856,0
5/6/24 19:00,0,0
5/6/24 20:00,0,0
5/6/24 21:00,0,0
5/6/24 22:00,0,0
5/6/24 23:00,0,0
5/7/24 0:00,0,0
5/7/24 1:00,0,0
5/7/24 2:00,0,0
5/7/24 3:00,0,0
5/7/24 4:00,0,0
5/7/24 5:00,0.06295677,0.01628873
5/7/24 6:00,0.07534811,0.07280844
5/7/24 7:00,0.4176399,0.3755044
5/7/24 8:00,0.68084,0.6356784
5/7/24 9:00,0.7621047,0.732424
5/7/24 10:00,0.6215401,0.6051165
5/7/24 11:00,0.6472784,0.6315475
5/7/24 12:00,0.6007876,0.5854509
5/7/24 13:00,0.688985,0.6671626
5/7/24 14:00,0.5519007,0.5279294
5/7/24 15:00,0.5959979,0.5372609
5/7/24 16:00,0.4015441,0.3202997
5/7/24 17:00,0.1536918,0.05895836
5/7/24 18:00,0.003220337,0
5/7/24 19:00,0,0
5/7/24 20:00,0,0
5/7/24 21:00,0,0
5/7/24 22:00,0,0
5/7/24 23:00,0,0
5/8/24 0:00,0,0
5/8/24 1:00,0,0
5/8/24 2:00,0,0
5/8/24 3:00,0,0
5/8/24 4:00,0,0
5/8/24 5:00,0.0271918,0.02544756
5/8/24 6:00,0.1190936,0.1138378
5/8/24 7:00,0.1849022,0.1789049
5/8/24 8:00,0.1326534,0.1287828
5/8/24 9:00,0.0925789,0.08990869
5/8/24 10:00,0.05123524,0.0497546
5/8/24 11:00,0.1074979,0.1044138
5/8/24 12:00,0.1062679,0.1032174
5/8/24 13:00,0.4197153,0.4077526
5/8/24 14:00,0.2062034,0.2002068
5/8/24 15:00,0.2676873,0.2580062
5/8/24 16:00,0.1369408,0.13201
5/8/24 17:00,0.1026252,0.07156687
5/8/24 18:00,0.002960251,0
5/8/24 19:00,0,0
5/8/24 20:00,0,0
5/8/24 21:00,0,0
5/8/24 22:00,0,0
5/8/24 23:00,0,0
5/9/24 0:00,0,0
5/9/24 1:00,0,0
5/9/24 2:00,0,0
5/9/24 3:00,0,0
5/9/24 4:00,0,0
5/9/24 5:00,0.04440841,0.0327392
5/9/24 6:00,0.1873314,0.1644639
5/9/24 7:00,0.466152,0.4103533
5/9/24 8:00,0.6866919,0.6379874
5/9/24 9:00,0.7082124,0.6794999
5/9/24 10:00,0.7435291,0.7218235
5/9/24 11:00,1.065923,1.037949
5/9/24 12:00,1.035585,1.006031
5/9/24 13:00,0.9664542,0.9289833
5/9/24 14:00,0.8682187,0.8153488
5/9/24 15:00,0.6658304,0.5955394
5/9/24 16:00,0.3733712,0.2971754
5/9/24 17:00,0.1423679,0.06006653
5/9/24 18:00,0.003300678,0
5/9/24 19:00,0,0
5/9/24 20:00,0,0
5/9/24 21:00,0,0
5/9/24 22:00,0,0
5/9/24 23:00,0,0
5/10/24 0:00,0,0
5/10/24 1:00,0,0
5/10/24 2:00,0,0
5/10/24 3:00,0,0
5/10/24 4:00,0,0
5/10/24 5:00,0.06331027,0.02134135
5/10/24 6:00,0.2085664,0.1754185
5/10/24 7:00,0.434352,0.385587
5/10/24 8:00,0.7540202,0.6975468
5/10/24 9:00,0.8860912,0.8448208
5/10/24 10:00,0.941952,0.9112045
5/10/24 11:00,0.8608741,0.8373228
5/10/24 12:00,0.9963359,0.9662347
5/10/24 13:00,0.8862556,0.8506203
5/10/24 14:00,0.7324728,0.6878065
5/10/24 15:00,0.5130915,0.4639785
5/10/24 16:00,0.263962,0.2314688
5/10/24 17:00,0.101535,0.07284649
5/10/24 18:00,0.002548596,0
5/10/24 19:00,0,0
5/10/24 20:00,0,0
5/10/24 21:00,0,0
5/10/24 22:00,0,0
5/10/24 23:00,0,0
5/11/24 0:00,0,0
5/11/24 1:00,0,0
5/11/24 2:00,0,0
5/11/24 3:00,0,0
5/11/24 4:00,0,0
5/11/24 5:00,0.07267343,0.01357081
5/11/24 6:00,0.2728206,0.2014577
5/11/24 7:00,0.5187803,0.4491869
5/11/24 8:00,0.7527812,0.6947725
5/11/24 9:00,0.9887574,0.9404925
5/11/24 10:00,1.059406,1.022702
5/11/24 11:00,0.9512799,0.9233792
5/11/24 12:00,1.062595,1.0286
5/11/24 13:00,0.945103,0.9050086
5/11/24 14:00,0.7494788,0.7018047
5/11/24 15:00,0.5754321,0.5136738
5/11/24 16:00,0.3474648,0.2786242
5/11/24 17:00,0.1154853,0.07060782
5/11/24 18:00,0.004265543,0
5/11/24 19:00,0,0
5/11/24 20:00,0,0
5/11/24 21:00,0,0
5/11/24 22:00,0,0
5/11/24 23:00,0,0
5/12/24 0:00,0,0
5/12/24 1:00,0,0
5/12/24 2:00,0,0
5/12/24 3:00,0,0
5/12/24 4:00,0,0
5/12/24 5:00,0.01010768,0.009732672
5/12/24 6:00,0.155836,0.1440883
5/12/24 7:00,0.1895595,0.1832687
5/12/24 8:00,0.329709,0.3185115
5/12/24 9:00,0.5566323,0.5363057
5/12/24 10:00,0.5214681,0.5063937
5/12/24 11:00,0.7551275,0.7331842
5/12/24 12:00,0.4792514,0.4657911
5/12/24 13:00,0.2826798,0.2745519
5/12/24 14:00,0.1095278,0.1063439
5/12/24 15:00,0.1180936,0.1145637
5/12/24 16:00,0.2599138,0.2284874
5/12/24 17:00,0.0822346,0.07056728
5/12/24 18:00,0.001258396,0
5/12/24 19:00,0,0
5/12/24 20:00,0,0
5/12/24 21:00,0,0
5/12/24 22:00,0,0
5/12/24 23:00,0,0
5/13/24 0:00,0,0
5/13/24 1:00,0,0
5/13/24 2:00,0,0
5/13/24 3:00,0,0
5/13/24 4:00,0,0
5/13/24 5:00,0.07495552,0.01444376
5/13/24 6:00,0.2562533,0.1941677
5/13/24 7:00,0.3793941,0.3435418
5/13/24 8:00,0.5623209,0.525251
5/13/24 9:00,0.8691799,0.8240998
5/13/24 10:00,0.922991,0.888482
5/13/24 11:00,1.109596,1.073112
5/13/24 12:00,0.9914472,0.9566173
5/13/24 13:00,0.6909059,0.6637187
5/13/24 14:00,0.6879984,0.6438459
5/13/24 15:00,0.4497658,0.4115261
5/13/24 16:00,0.233545,0.2114128
5/13/24 17:00,0.06487963,0.06037045
5/13/24 18:00,0.002552356,0
5/13/24 19:00,0,0
5/13/24 20:00,0,0
5/13/24 21:00,0,0
5/13/24 22:00,0,0
5/13/24 23:00,0,0
5/14/24 0:00,0,0
5/14/24 1:00,0,0
5/14/24 2:00,0,0
5/14/24 3:00,0,0
5/14/24 4:00,0,0
5/14/24 5:00,0.05028705,0.03566021
5/14/24 6:00,0.2349619,0.1861686
5/14/24 7:00,0.5135801,0.4412979
5/14/24 8:00,0.6163446,0.5702867
5/14/24 9:00,0.8206167,0.7774514
5/14/24 10:00,1.086759,1.04365
5/14/24 11:00,0.8090127,0.7830635
5/14/24 12:00,0.81655,0.7884215
5/14/24 13:00,0.8998027,0.8572552
5/14/24 14:00,0.8179213,0.7599914
5/14/24 15:00,0.5542239,0.4924541
5/14/24 16:00,0.2801921,0.23973
5/14/24 17:00,0.09750687,0.07507497
5/14/24 18:00,0.003669313,0
5/14/24 19:00,0,0
5/14/24 20:00,0,0
5/14/24 21:00,0,0
5/14/24 22:00,0,0
5/14/24 23:00,0,0
5/15/24 0:00,0,0
5/15/24 1:00,0,0
5/15/24 2:00,0,0
5/15/24 3:00,0,0
5/15/24 4:00,0,0
5/15/24 5:00,0.02032216,0.01939328
5/15/24 6:00,0.04722977,0.04572086
5/15/24 7:00,0.189659,0.1833131
5/15/24 8:00,0.2865723,0.2774448
5/15/24 9:00,0.4010709,0.3886332
5/15/24 10:00,0.4025993,0.3910144
5/15/24 11:00,0.3634281,0.3531075
5/15/24 12:00,0.2518931,0.2446821
5/15/24 13:00,0.1533185,0.1488936
5/15/24 14:00,0.1239514,0.1203364
5/15/24 15:00,0.1525505,0.1479129
5/15/24 16:00,0.1372405,0.1322236
5/15/24 17:00,0.03502187,0.03364231
5/15/24 18:00,0.001317993,0
5/15/24 19:00,0,0
5/15/24 20:00,0,0
5/15/24 21:00,0,0
5/15/24 22:00,0,0
5/15/24 23:00,0,0
5/16/24 0:00,0,0
5/16/24 1:00,0,0
5/16/24 2:00,0,0
5/16/24 3:00,0,0
5/16/24 4:00,0,0
5/16/24 5:00,0.09151045,0.006707139
5/16/24 6:00,0.258773,0.1942317
5/16/24 7:00,0.3746226,0.3387299
5/16/24 8:00,0.2545327,0.2467233
5/16/24 9:00,0.2510613,0.2437588
5/16/24 10:00,0.3621843,0.3517726
5/16/24 11:00,0.302368,0.2937308
5/16/24 12:00,0.4438301,0.4310358
5/16/24 13:00,0.5458587,0.5268062
5/16/24 14:00,0.3481036,0.3366601
5/16/24 15:00,0.4181088,0.3852246
5/16/24 16:00,0.3373544,0.2692529
5/16/24 17:00,0.06536759,0.06099668
5/16/24 18:00,0.002203393,0
5/16/24 19:00,0,0
5/16/24 20:00,0,0
5/16/24 21:00,0,0
5/16/24 22:00,0,0
5/16/24 23:00,0,0
5/17/24 0:00,0,0
5/17/24 1:00,0,0
5/17/24 2:00,0,0
5/17/24 3:00,0,0
5/17/24 4:00,0,0
5/17/24 5:00,0.0216806,0.0206745
5/17/24 6:00,0.1082684,0.1040428
5/17/24 7:00,0.2751507,0.2607131
5/17/24 8:00,0.3080266,0.2977261
5/17/24 9:00,0.7472751,0.7068
5/17/24 10:00,0.358681,0.3483437
5/17/24 11:00,0.5314417,0.5158231
5/17/24 12:00,0.6878467,0.6643219
5/17/24 13:00,0.9546804,0.9045214
5/17/24 14:00,0.7194232,0.6668676
5/17/24 15:00,0.4008598,0.3712848
5/17/24 16:00,0.1636534,0.156294
5/17/24 17:00,0.0451878,0.04325388
5/17/24 18:00,0.001825663,0
5/17/24 19:00,0,0
5/17/24 20:00,0,0
5/17/24 21:00,0,0
5/17/24 22:00,0,0
5/17/24 23:00,0,0
5/18/24 0:00,0,0
5/18/24 1:00,0,0
5/18/24 2:00,0,0
5/18/24 3:00,0,0
5/18/24 4:00,0,0
5/18/24 5:00,0.04031374,0.0356707
5/18/24 6:00,0.1827615,0.1620642
5/18/24 7:00,0.4024631,0.3574476
5/18/24 8:00,0.6222456,0.5712424
5/18/24 9:00,0.6051764,0.5779971
5/18/24 10:00,0.6321523,0.6100835
5/18/24 11:00,0.6528553,0.6317992
5/18/24 12:00,0.4825453,0.4682429
5/18/24 13:00,0.4768221,0.4612242
5/18/24 14:00,0.6431625,0.5995461
5/18/24 15:00,0.4005224,0.3706721
5/18/24 16:00,0.2120047,0.1958151
5/18/24 17:00,0.04431491,0.04243653
5/18/24 18:00,0.002208089,0
5/18/24 19:00,0,0
5/18/24 20:00,0,0
5/18/24 21:00,0,0
5/18/24 22:00,0,0
5/18/24 23:00,0,0
5/19/24 0:00,0,0
5/19/24 1:00,0,0
5/19/24 2:00,0,0
5/19/24 3:00,0,0
5/19/24 4:00,0,0
5/19/24 5:00,0.0781104,0.01945144
5/19/24 6:00,0.2074656,0.1747462
5/19/24 7:00,0.3299146,0.3046547
5/19/24 8:00,0.6406199,0.5856469
5/19/24 9:00,0.7464503,0.7040151
5/19/24 10:00,1.054689,1.004938
5/19/24 11:00,0.9004705,0.8644677
5/19/24 12:00,0.6659178,0.6426249
5/19/24 13:00,0.6866926,0.6553326
5/19/24 14:00,0.4306041,0.4130687
5/19/24 15:00,0.3692275,0.3453806
5/19/24 16:00,0.3203741,0.2590696
5/19/24 17:00,0.1169846,0.07646843
5/19/24 18:00,0.003814369,0
5/19/24 19:00,0,0
5/19/24 20:00,0,0
5/19/24 21:00,0,0
5/19/24 22:00,0,0
5/19/24 23:00,0,0
5/20/24 0:00,0,0
5/20/24 1:00,0,0
5/20/24 2:00,0,0
5/20/24 3:00,0,0
5/20/24 4:00,0,0
5/20/24 5:00,0.03601522,0.03322821
5/20/24 6:00,0.1612766,0.1481577
5/20/24 7:00,0.3111459,0.2898692
5/20/24 8:00,0.4071083,0.3883988
5/20/24 9:00,0.3141009,0.304759
5/20/24 10:00,0.6689399,0.6435478
5/20/24 11:00,0.8279914,0.7954349
5/20/24 12:00,0.7594631,0.7295105
5/20/24 13:00,0.8402905,0.7941359
5/20/24 14:00,0.5285085,0.4997621
5/20/24 15:00,0.2218648,0.2144986
5/20/24 16:00,0.2691772,0.2325109
5/20/24 17:00,0.1030329,0.07869289
5/20/24 18:00,0.005278583,0
5/20/24 19:00,0,0
5/20/24 20:00,0,0
5/20/24 21:00,0,0
5/20/24 22:00,0,0
5/20/24 23:00,0,0
5/21/24 0:00,0,0
5/21/24 1:00,0,0
5/21/24 2:00,0,0
5/21/24 3:00,0,0
5/21/24 4:00,0,0
5/21/24 5:00,0.06155019,0.03660311
5/21/24 6:00,0.2310372,0.1837925
5/21/24 7:00,0.4619841,0.3963343
5/21/24 8:00,0.5691884,0.5248615
5/21/24 9:00,0.9085329,0.8492863
5/21/24 10:00,0.8702544,0.828853
5/21/24 11:00,0.9111338,0.8722897
5/21/24 12:00,0.8101626,0.7758172
5/21/24 13:00,0.7313603,0.6943108
5/21/24 14:00,0.7451382,0.6849414
5/21/24 15:00,0.6520136,0.5656319
5/21/24 16:00,0.408705,0.3087952
5/21/24 17:00,0.1128451,0.07885857
5/21/24 18:00,0.008432774,0
5/21/24 19:00,0,0
5/21/24 20:00,0,0
5/21/24 21:00,0,0
5/21/24 22:00,0,0
5/21/24 23:00,0,0
5/22/24 0:00,0,0
5/22/24 1:00,0,0
5/22/24 2:00,0,0
5/22/24 3:00,0,0
5/22/24 4:00,0,0
5/22/24 5:00,0.0779646,0.02298489
5/22/24 6:00,0.2004387,0.1713182
5/22/24 7:00,0.2771387,0.2618833
5/22/24 8:00,0.3136269,0.3027331
5/22/24 9:00,0.5567921,0.532483
5/22/24 10:00,0.8765637,0.8336294
5/22/24 11:00,0.8241793,0.790162
5/22/24 12:00,0.7645428,0.7328034
5/22/24 13:00,0.7155978,0.6793764
5/22/24 14:00,0.4703001,0.448117
5/22/24 15:00,0.3343904,0.3160106
5/22/24 16:00,0.2304225,0.2087669
5/22/24 17:00,0.09945451,0.0793597
5/22/24 18:00,0.004715808,0
5/22/24 19:00,0,0
5/22/24 20:00,0,0
5/22/24 21:00,0,0
5/22/24 22:00,0,0
5/22/24 23:00,0,0
5/23/24 0:00,0,0
5/23/24 1:00,0,0
5/23/24 2:00,0,0
5/23/24 3:00,0,0
5/23/24 4:00,0,0
5/23/24 5:00,0.01658775,0.01590985
5/23/24 6:00,0.09229689,0.0889831
5/23/24 7:00,0.1895195,0.1830561
5/23/24 8:00,0.2328165,0.2257013
5/23/24 9:00,0.2739416,0.2658644
5/23/24 10:00,0.1501739,0.1458333
5/23/24 11:00,0.2002691,0.1944984
5/23/24 12:00,0.1587649,0.1541823
5/23/24 13:00,0.3467944,0.3364366
5/23/24 14:00,0.3827079,0.3685454
5/23/24 15:00,0.2231388,0.2156586
5/23/24 16:00,0.05976144,0.05789357
5/23/24 17:00,0.05880048,0.05587352
5/23/24 18:00,0.004926521,0
5/23/24 19:00,0,0
5/23/24 20:00,0,0
5/23/24 21:00,0,0
5/23/24 22:00,0,0
5/23/24 23:00,0,0
5/24/24 0:00,0,0
5/24/24 1:00,0,0
5/24/24 2:00,0,0
5/24/24 3:00,0,0
5/24/24 4:00,0,0
5/24/24 5:00,0.09082658,0.01261888
5/24/24 6:00,0.3421206,0.2276176
5/24/24 7:00,0.548994,0.45762
5/24/24 8:00,0.7293685,0.6558825
5/24/24 9:00,0.6947839,0.6539046
5/24/24 10:00,0.9645727,0.9131579
5/24/24 11:00,0.9889299,0.9419394
5/24/24 12:00,0.7906013,0.7554077
5/24/24 13:00,0.7965122,0.750425
5/24/24 14:00,0.6598784,0.6089119
5/24/24 15:00,0.4552218,0.4098078
5/24/24 16:00,0.2697673,0.2325595
5/24/24 17:00,0.1037614,0.08098278
5/24/24 18:00,0.008440831,0
5/24/24 19:00,0,0
5/24/24 20:00,0,0
5/24/24 21:00,0,0
5/24/24 22:00,0,0
5/24/24 23:00,0,0
5/25/24 0:00,0,0
5/25/24 1:00,0,0
5/25/24 2:00,0,0
5/25/24 3:00,0,0
5/25/24 4:00,0,0
5/25/24 5:00,0.08252732,0.02105591
5/25/24 6:00,0.2891972,0.2008559
5/25/24 7:00,0.5310838,0.4426155
5/25/24 8:00,0.8004157,0.7175764
5/25/24 9:00,0.9398889,0.873188
5/25/24 10:00,1.032277,0.9755576
5/25/24 11:00,0.9970295,0.9484227
5/25/24 12:00,1.043896,0.9898217
5/25/24 13:00,0.9855434,0.9227328
5/25/24 14:00,0.8544331,0.778361
5/25/24 15:00,0.6607802,0.5686523
5/25/24 16:00,0.4276219,0.319012
5/25/24 17:00,0.1694462,0.06279265
5/25/24 18:00,0.008990373,0
5/25/24 19:00,0,0
5/25/24 20:00,0,0
5/25/24 21:00,0,0
5/25/24 22:00,0,0
5/25/24 23:00,0,0
5/26/24 0:00,0,0
5/26/24 1:00,0,0
5/26/24 2:00,0,0
5/26/24 3:00,0,0
5/26/24 4:00,0,0
5/26/24 5:00,0.08333662,0.02101583
5/26/24 6:00,0.3067759,0.2071197
5/26/24 7:00,0.510327,0.4261649
5/26/24 8:00,0.8017222,0.7175061
5/26/24 9:00,0.8426031,0.7829575
5/26/24 10:00,0.8900861,0.8420351
5/26/24 11:00,0.9963668,0.9467018
5/26/24 12:00,1.063518,1.007165
5/26/24 13:00,0.8780418,0.8222655
5/26/24 14:00,0.7470804,0.6816243
5/26/24 15:00,0.590904,0.5097842
5/26/24 16:00,0.339017,0.2661789
5/26/24 17:00,0.1486515,0.0708406
5/26/24 18:00,0.009650927,0
5/26/24 19:00,0,0
5/26/24 20:00,0,0
5/26/24 21:00,0,0
5/26/24 22:00,0,0
5/26/24 23:00,0,0
5/27/24 0:00,0,0
5/27/24 1:00,0,0
5/27/24 2:00,0,0
5/27/24 3:00,0,0
5/27/24 4:00,0,0
5/27/24 5:00,0.06117876,0.04029411
5/27/24 6:00,0.2780302,0.196107
5/27/24 7:00,0.4305271,0.3710968
5/27/24 8:00,0.6850026,0.6147908
5/27/24 9:00,0.8851548,0.8204687
5/27/24 10:00,0.8598062,0.8134259
5/27/24 11:00,0.8430426,0.8036413
5/27/24 12:00,0.7943944,0.7568133
5/27/24 13:00,0.64021,0.6091833
5/27/24 14:00,0.5492607,0.5147346
5/27/24 15:00,0.6341026,0.5441809
5/27/24 16:00,0.4205798,0.3125774
5/27/24 17:00,0.1189548,0.08248394
5/27/24 18:00,0.00701641,0
5/27/24 19:00,0,0
5/27/24 20:00,0,0
5/27/24 21:00,0,0
5/27/24 22:00,0,0
5/27/24 23:00,0,0
5/28/24 0:00,0,0
5/28/24 1:00,0,0
5/28/24 2:00,0,0
5/28/24 3:00,0,0
5/28/24 4:00,0,0
5/28/24 5:00,0.09982534,0.00892723
5/28/24 6:00,0.2743814,0.1945295
5/28/24 7:00,0.5609106,0.462922
5/28/24 8:00,0.646856,0.5824019
5/28/24 9:00,0.7370894,0.6878626
5/28/24 10:00,0.9067317,0.8554035
5/28/24 11:00,0.8361335,0.7965761
5/28/24 12:00,0.8099244,0.7702957
5/28/24 13:00,0.8011974,0.7513536
5/28/24 14:00,0.7602868,0.6913346
5/28/24 15:00,0.5510506,0.4776973
5/28/24 16:00,0.3236255,0.2586822
5/28/24 17:00,0.1336735,0.07931363
5/28/24 18:00,0.01100674,0
5/28/24 19:00,0,0
5/28/24 20:00,0,0
5/28/24 21:00,0,0
5/28/24 22:00,0,0
5/28/24 23:00,0,0
5/29/24 0:00,0,0
5/29/24 1:00,0,0
5/29/24 2:00,0,0
5/29/24 3:00,0,0
5/29/24 4:00,0,0
5/29/24 5:00,0.06486776,0.03934144
5/29/24 6:00,0.2503909,0.1876049
5/29/24 7:00,0.521253,0.4314382
5/29/24 8:00,0.6699976,0.6004933
5/29/24 9:00,0.931299,0.8606536
5/29/24 10:00,0.7198013,0.6854891
5/29/24 11:00,0.4619752,0.4478051
5/29/24 12:00,0.4372306,0.4238458
5/29/24 13:00,0.6871459,0.6499538
5/29/24 14:00,0.6103315,0.5646775
5/29/24 15:00,0.4322955,0.3915155
5/29/24 16:00,0.3140163,0.2542201
5/29/24 17:00,0.04722354,0.04523411
5/29/24 18:00,0.006254319,0
5/29/24 19:00,0,0
5/29/24 20:00,0,0
5/29/24 21:00,0,0
5/29/24 22:00,0,0
5/29/24 23:00,0,0
5/30/24 0:00,0,0
5/30/24 1:00,0,0
5/30/24 2:00,0,0
5/30/24 3:00,0,0
5/30/24 4:00,0,0
5/30/24 5:00,0.04317504,0.0387078
5/30/24 6:00,0.1093159,0.104957
5/30/24 7:00,0.3930911,0.3453659
5/30/24 8:00,0.6598065,0.5912915
5/30/24 9:00,0.6146623,0.5806832
5/30/24 10:00,0.6788121,0.6480265
5/30/24 11:00,0.9724071,0.9204005
5/30/24 12:00,1.116938,1.052964
5/30/24 13:00,0.8410681,0.7853976
5/30/24 14:00,0.4713874,0.4474597
5/30/24 15:00,0.5355638,0.4651846
5/30/24 16:00,0.3501665,0.2708267
5/30/24 17:00,0.1695441,0.06695629
5/30/24 18:00,0.01444129,0
5/30/24 19:00,0,0
5/30/24 20:00,0,0
5/30/24 21:00,0,0
5/30/24 22:00,0,0
5/30/24 23:00,0,0
5/31/24 0:00,0,0
5/31/24 1:00,0,0
5/31/24 2:00,0,0
5/31/24 3:00,0,0
5/31/24 4:00,0,0
5/31/24 5:00,0.07378998,0.03349603
5/31/24 6:00,0.2605856,0.1894459
5/31/24 7:00,0.4674218,0.3924979
5/31/24 8:00,0.7228214,0.6430011
5/31/24 9:00,0.7579419,0.7037353
5/31/24 10:00,0.6870474,0.6550607
5/31/24 11:00,0.8499238,0.8071253
5/31/24 12:00,1.046479,0.9858637
5/31/24 13:00,1.004151,0.9336064
5/31/24 14:00,0.8046797,0.7278334
5/31/24 15:00,0.5549409,0.4789442
5/31/24 16:00,0.4366331,0.3216817
5/31/24 17:00,0.1941145,0.06547429
5/31/24 18:00,0.01454426,0
5/31/24 19:00,0,0
5/31/24 20:00,0,0
5/31/24 21:00,0,0
5/31/24 22:00,0,0
5/31/24 23:00,0,0
6/1/24 0:00,0,0
6/1/24 1:00,0,0
6/1/24 2:00,0,0
6/1/24 3:00,0,0
6/1/24 4:00,0,0
6/1/24 5:00,0.04791598,0.04115561
6/1/24 6:00,0.1905068,0.1654169
6/1/24 7:00,0.3100049,0.286898
6/1/24 8:00,0.1645347,0.1595855
6/1/24 9:00,0.2644802,0.2566152
6/1/24 10:00,0.1226101,0.1190532
6/1/24 11:00,0.1176475,0.1142416
6/1/24 12:00,0.2508797,0.2435859
6/1/24 13:00,0.3911252,0.3786948
6/1/24 14:00,0.1784809,0.1731673
6/1/24 15:00,0.1649212,0.1597801
6/1/24 16:00,0.1714388,0.1632216
6/1/24 17:00,0.06376109,0.06053524
6/1/24 18:00,0.005148128,0
6/1/24 19:00,0,0
6/1/24 20:00,0,0
6/1/24 21:00,0,0
6/1/24 22:00,0,0
6/1/24 23:00,0,0
6/2/24 0:00,0,0
6/2/24 1:00,0,0
6/2/24 2:00,0,0
6/2/24 3:00,0,0
6/2/24 4:00,0,0
6/2/24 5:00,0.009462384,0.009130709
6/2/24 6:00,0.04800716,0.04644741
6/2/24 7:00,0.1313348,0.1271776
6/2/24 8:00,0.276106,0.2669679
6/2/24 9:00,0.1032541,0.1002418
6/2/24 10:00,0.2077844,0.2017363
6/2/24 11:00,0.1895806,0.1840872
6/2/24 12:00,0.2750488,0.2670373
6/2/24 13:00,0.0979863,0.09513646
6/2/24 14:00,0.05930284,0.05757033
6/2/24 15:00,0.0433187,0.0420417
6/2/24 16:00,0.05920253,0.057347
6/2/24 17:00,0.04141708,0.0397667
6/2/24 18:00,0.00332679,0
6/2/24 19:00,0,0
6/2/24 20:00,0,0
6/2/24 21:00,0,0
6/2/24 22:00,0,0
6/2/24 23:00,0,0
6/3/24 0:00,0,0
6/3/24 1:00,0,0
6/3/24 2:00,0,0
6/3/24 3:00,0,0
6/3/24 4:00,0,0
6/3/24 5:00,0.02167817,0.02072422
6/3/24 6:00,0.06200003,0.05991041
6/3/24 7:00,0.1822049,0.1759865
6/3/24 8:00,0.1267721,0.1229939
6/3/24 9:00,0.1789539,0.1736924
6/3/24 10:00,0.2962871,0.2875986
6/3/24 11:00,0.1511331,0.146755
6/3/24 12:00,0.3391986,0.3292183
6/3/24 13:00,0.3121189,0.3027884
6/3/24 14:00,0.2037003,0.1975956
6/3/24 15:00,0.259819,0.2497363
6/3/24 16:00,0.1938936,0.1821068
6/3/24 17:00,0.03679415,0.03538189
6/3/24 18:00,0.001924909,0
6/3/24 19:00,0,0
6/3/24 20:00,0,0
6/3/24 21:00,0,0
6/3/24 22:00,0,0
6/3/24 23:00,0,0
6/4/24 0:00,0,0
6/4/24 1:00,0,0
6/4/24 2:00,0,0
6/4/24 3:00,0,0
6/4/24 4:00,0,0
6/4/24 5:00,0.01741884,0.01670991
6/4/24 6:00,0.06281936,0.06069529
6/4/24 7:00,0.1024488,0.09927191
6/4/24 8:00,0.02459872,0.02388046
6/4/24 9:00,0.2143021,0.2079687
6/4/24 10:00,0.471164,0.4554327
6/4/24 11:00,0.4805516,0.4651945
6/4/24 12:00,0.37686,0.3655962
6/4/24 13:00,0.5033237,0.4837047
6/4/24 14:00,0.241103,0.2337887
6/4/24 15:00,0.1166236,0.1130731
6/4/24 16:00,0.07762258,0.07512278
6/4/24 17:00,0.05027097,0.04814312
6/4/24 18:00,0.006221338,0
6/4/24 19:00,0,0
6/4/24 20:00,0,0
6/4/24 21:00,0,0
6/4/24 22:00,0,0
6/4/24 23:00,0,0
6/5/24 0:00,0,0
6/5/24 1:00,0,0
6/5/24 2:00,0,0
6/5/24 3:00,0,0
6/5/24 4:00,0,0
6/5/24 5:00,0.07612892,0.03248008
6/5/24 6:00,0.321008,0.2062788
6/5/24 7:00,0.5160893,0.4220488
6/5/24 8:00,0.6313834,0.564215
6/5/24 9:00,0.5937319,0.5604468
6/5/24 10:00,0.4982458,0.4808446
6/5/24 11:00,0.7044008,0.6729753
6/5/24 12:00,0.663215,0.6341089
6/5/24 13:00,0.6128452,0.582181
6/5/24 14:00,0.7678755,0.6923401
6/5/24 15:00,0.5637177,0.4833557
6/5/24 16:00,0.356923,0.2737499
6/5/24 17:00,0.1632734,0.07545895
6/5/24 18:00,0.01238191,0
6/5/24 19:00,0,0
6/5/24 20:00,0,0
6/5/24 21:00,0,0
6/5/24 22:00,0,0
6/5/24 23:00,0,0
6/6/24 0:00,0,0
6/6/24 1:00,0,0
6/6/24 2:00,0,0
6/6/24 3:00,0,0
6/6/24 4:00,0,0
6/6/24 5:00,0.04135037,0.03775216
6/6/24 6:00,0.1274268,0.1210688
6/6/24 7:00,0.1618371,0.156537
6/6/24 8:00,0.2008994,0.1947612
6/6/24 9:00,0.4650746,0.4462914
6/6/24 10:00,0.6909104,0.6563717
6/6/24 11:00,0.7646208,0.7270157
6/6/24 12:00,0.9551764,0.8965103
6/6/24 13:00,0.942691,0.8723565
6/6/24 14:00,0.6619952,0.6036047
6/6/24 15:00,0.3817254,0.3528431
6/6/24 16:00,0.19509,0.1831963
6/6/24 17:00,0.07334549,0.06889783
6/6/24 18:00,0.002220368,0
6/6/24 19:00,0,0
6/6/24 20:00,0,0
6/6/24 21:00,0,0
6/6/24 22:00,0,0
6/6/24 23:00,0,0
6/7/24 0:00,0,0
6/7/24 1:00,0,0
6/7/24 2:00,0,0
6/7/24 3:00,0,0
6/7/24 4:00,0,0
6/7/24 5:00,0.05251588,0.04270695
6/7/24 6:00,0.1519277,0.1407128
6/7/24 7:00,0.3656007,0.3246247
6/7/24 8:00,0.306129,0.2950419
6/7/24 9:00,0.3641864,0.3522646
6/7/24 10:00,0.3811792,0.3695395
6/7/24 11:00,0.1886876,0.1832097
6/7/24 12:00,0.3112368,0.3021064
6/7/24 13:00,0.3543004,0.3433505
6/7/24 14:00,0.2380702,0.2308455
6/7/24 15:00,0.1055038,0.1023065
6/7/24 16:00,0.03845071,0.03727905
6/7/24 17:00,0.01899735,0.01836343
6/7/24 18:00,0.003515352,0
6/7/24 19:00,0,0
6/7/24 20:00,0,0
6/7/24 21:00,0,0
6/7/24 22:00,0,0
6/7/24 23:00,0,0
6/8/24 0:00,0,0
6/8/24 1:00,0,0
6/8/24 2:00,0,0
6/8/24 3:00,0,0
6/8/24 4:00,0,0
6/8/24 5:00,0.003676586,0.003561472
6/8/24 6:00,0.01356373,0.0131568
6/8/24 7:00,0.0332932,0.03230682
6/8/24 8:00,0.0717323,0.06961966
6/8/24 9:00,0.1604743,0.1557558
6/8/24 10:00,0.1364851,0.1325163
6/8/24 11:00,0.5291891,0.5109443
6/8/24 12:00,0.3823801,0.3708546
6/8/24 13:00,0.2362503,0.2292898
6/8/24 14:00,0.3460323,0.3337323
6/8/24 15:00,0.1627602,0.1576748
6/8/24 16:00,0.1539882,0.1477693
6/8/24 17:00,0.09745308,0.08502193
6/8/24 18:00,0.006176839,0
6/8/24 19:00,0,0
6/8/24 20:00,0,0
6/8/24 21:00,0,0
6/8/24 22:00,0,0
6/8/24 23:00,0,0
6/9/24 0:00,0,0
6/9/24 1:00,0,0
6/9/24 2:00,0,0
6/9/24 3:00,0,0
6/9/24 4:00,0,0
6/9/24 5:00,0.04435001,0.03957037
6/9/24 6:00,0.1795041,0.1584071
6/9/24 7:00,0.2099303,0.2017711
6/9/24 8:00,0.2316314,0.2243918
6/9/24 9:00,0.2039028,0.1978689
6/9/24 10:00,0.6391844,0.6094524
6/9/24 11:00,0.4047905,0.3925232
6/9/24 12:00,0.3442744,0.3340735
6/9/24 13:00,0.6024351,0.5723045
6/9/24 14:00,0.7785442,0.6996921
6/9/24 15:00,0.4539376,0.4053783
6/9/24 16:00,0.09382426,0.09072752
6/9/24 17:00,0.02553992,0.02464862
6/9/24 18:00,0.001122662,0
6/9/24 19:00,0,0
6/9/24 20:00,0,0
6/9/24 21:00,0,0
6/9/24 22:00,0,0
6/9/24 23:00,0,0
6/10/24 0:00,0,0
6/10/24 1:00,0,0
6/10/24 2:00,0,0
6/10/24 3:00,0,0
6/10/24 4:00,0,0
6/10/24 5:00,0.02645997,0.02519241
6/10/24 6:00,0.07128619,0.06880295
6/10/24 7:00,0.04861234,0.04715751
6/10/24 8:00,0.1108192,0.1075206
6/10/24 9:00,0.4559592,0.4376193
6/10/24 10:00,0.5732358,0.5496989
6/10/24 11:00,0.8232027,0.7781158
6/10/24 12:00,0.7414761,0.70314
6/10/24 13:00,0.7108102,0.6663038
6/10/24 14:00,0.6772422,0.6148394
6/10/24 15:00,0.4718122,0.4177493
6/10/24 16:00,0.327391,0.2612606
6/10/24 17:00,0.1284007,0.09171546
6/10/24 18:00,0.01444124,0
6/10/24 19:00,0,0
6/10/24 20:00,0,0
6/10/24 21:00,0,0
6/10/24 22:00,0,0
6/10/24 23:00,0,0
6/11/24 0:00,0,0
6/11/24 1:00,0,0
6/11/24 2:00,0,0
6/11/24 3:00,0,0
6/11/24 4:00,0,0
6/11/24 5:00,0.03385717,0.03191312
6/11/24 6:00,0.1192671,0.1138175
6/11/24 7:00,0.266094,0.2508656
6/11/24 8:00,0.3478566,0.3330585
6/11/24 9:00,0.3659422,0.3538219
6/11/24 10:00,0.4061064,0.3933416
6/11/24 11:00,0.2627788,0.2551127
6/11/24 12:00,0.3647236,0.3538052
6/11/24 13:00,0.3300587,0.3200215
6/11/24 14:00,0.2735054,0.2649622
6/11/24 15:00,0.1486079,0.143998
6/11/24 16:00,0.1485638,0.1428223
6/11/24 17:00,0.02669507,0.02575876
6/11/24 18:00,0.004504228,0
6/11/24 19:00,0,0
6/11/24 20:00,0,0
6/11/24 21:00,0,0
6/11/24 22:00,0,0
6/11/24 23:00,0,0
6/12/24 0:00,0,0
6/12/24 1:00,0,0
6/12/24 2:00,0,0
6/12/24 3:00,0,0
6/12/24 4:00,0,0
6/12/24 5:00,0.1000634,0.009830276
6/12/24 6:00,0.310843,0.1971575
6/12/24 7:00,0.5314215,0.428587
6/12/24 8:00,0.7789103,0.6826378
6/12/24 9:00,1.005353,0.916495
6/12/24 10:00,1.068837,0.9939231
6/12/24 11:00,0.9851551,0.9237186
6/12/24 12:00,1.040954,0.9727128
6/12/24 13:00,0.825417,0.7649006
6/12/24 14:00,0.6122628,0.5621896
6/12/24 15:00,0.6200639,0.5245845
6/12/24 16:00,0.4350756,0.3176832
6/12/24 17:00,0.205744,0.07398801
6/12/24 18:00,0.01729954,0
6/12/24 19:00,0,0
6/12/24 20:00,0,0
6/12/24 21:00,0,0
6/12/24 22:00,0,0
6/12/24 23:00,0,0
6/13/24 0:00,0,0
6/13/24 1:00,0,0
6/13/24 2:00,0,0
6/13/24 3:00,0,0
6/13/24 4:00,0,0
6/13/24 5:00,0.08951654,0.01764098
6/13/24 6:00,0.2663009,0.1840258
6/13/24 7:00,0.4872946,0.3975221
6/13/24 8:00,0.5049995,0.4636159
6/13/24 9:00,0.7284641,0.6717151
6/13/24 10:00,0.9782812,0.9098435
6/13/24 11:00,0.9622988,0.902431
6/13/24 12:00,0.9621076,0.8996515
6/13/24 13:00,0.8956408,0.8267009
6/13/24 14:00,0.7865693,0.7054098
6/13/24 15:00,0.6461251,0.5454453
6/13/24 16:00,0.451804,0.3293305
6/13/24 17:00,0.1837475,0.07694114
6/13/24 18:00,0.0184546,0
6/13/24 19:00,0,0
6/13/24 20:00,0,0
6/13/24 21:00,0,0
6/13/24 22:00,0,0
6/13/24 23:00,0,0
6/14/24 0:00,0,0
6/14/24 1:00,0,0
6/14/24 2:00,0,0
6/14/24 3:00,0,0
6/14/24 4:00,0,0
6/14/24 5:00,0.07568174,0.03121695
6/14/24 6:00,0.32241,0.2008204
6/14/24 7:00,0.4455483,0.3709
6/14/24 8:00,0.7389548,0.6471593
6/14/24 9:00,0.9951038,0.9062473
6/14/24 10:00,1.063625,0.9882286
6/14/24 11:00,1.112409,1.041096
6/14/24 12:00,1.09253,1.019901
6/14/24 13:00,0.7925242,0.7358669
6/14/24 14:00,0.7337967,0.660513
6/14/24 15:00,0.4776137,0.4217379
6/14/24 16:00,0.3956004,0.2940502
6/14/24 17:00,0.1908785,0.07635971
6/14/24 18:00,0.01497095,0
6/14/24 19:00,0,0
6/14/24 20:00,0,0
6/14/24 21:00,0,0
6/14/24 22:00,0,0
6/14/24 23:00,0,0
6/15/24 0:00,0,0
6/15/24 1:00,0,0
6/15/24 2:00,0,0
6/15/24 3:00,0,0
6/15/24 4:00,0,0
6/15/24 5:00,0.07952245,0.02687952
6/15/24 6:00,0.3097327,0.1948044
6/15/24 7:00,0.5428824,0.4355595
6/15/24 8:00,0.6914843,0.6070777
6/15/24 9:00,0.9188437,0.8369988
6/15/24 10:00,0.9833276,0.9137552
6/15/24 11:00,1.053701,0.9861186
6/15/24 12:00,1.098122,1.024794
6/15/24 13:00,0.9146803,0.843317
6/15/24 14:00,0.7427391,0.6678481
6/15/24 15:00,0.5824551,0.495535
6/15/24 16:00,0.3530737,0.273684
6/15/24 17:00,0.1742777,0.08196049
6/15/24 18:00,0.01859998,0
6/15/24 19:00,0,0
6/15/24 20:00,0,0
6/15/24 21:00,0,0
6/15/24 22:00,0,0
6/15/24 23:00,0,0
6/16/24 0:00,0,0
6/16/24 1:00,0,0
6/16/24 2:00,0,0
6/16/24 3:00,0,0
6/16/24 4:00,0,0
6/16/24 5:00,0.07784666,0.02805866
6/16/24 6:00,0.2500171,0.1792743
6/16/24 7:00,0.3192539,0.2911537
6/16/24 8:00,0.6784632,0.5961489
6/16/24 9:00,0.9019657,0.821407
6/16/24 10:00,0.8232718,0.7699894
6/16/24 11:00,1.044399,0.9771783
6/16/24 12:00,0.8012101,0.7549381
6/16/24 13:00,0.7057681,0.6610706
6/16/24 14:00,0.7628472,0.6846779
6/16/24 15:00,0.4658491,0.4137518
6/16/24 16:00,0.3043982,0.25247
6/16/24 17:00,0.1276484,0.09545857
6/16/24 18:00,0.01513337,0
6/16/24 19:00,0,0
6/16/24 20:00,0,0
6/16/24 21:00,0,0
6/16/24 22:00,0,0
6/16/24 23:00,0,0
6/17/24 0:00,0,0
6/17/24 1:00,0,0
6/17/24 2:00,0,0
6/17/24 3:00,0,0
6/17/24 4:00,0,0
6/17/24 5:00,0.05501895,0.04167549
6/17/24 6:00,0.1123889,0.1075324
6/17/24 7:00,0.1856531,0.1790765
6/17/24 8:00,0.2158032,0.2091087
6/17/24 9:00,0.5272716,0.5007151
6/17/24 10:00,0.4840764,0.4669246
6/17/24 11:00,0.4557995,0.4412109
6/17/24 12:00,0.5285629,0.50939
6/17/24 13:00,0.4166547,0.4025587
6/17/24 14:00,0.1811692,0.1757453
6/17/24 15:00,0.1933232,0.1871308
6/17/24 16:00,0.1383274,0.1333213
6/17/24 17:00,0.07730533,0.07276884
6/17/24 18:00,0.006935117,0
6/17/24 19:00,0,0
6/17/24 20:00,0,0
6/17/24 21:00,0,0
6/17/24 22:00,0,0
6/17/24 23:00,0,0
6/18/24 0:00,0,0
6/18/24 1:00,0,0
6/18/24 2:00,0,0
6/18/24 3:00,0,0
6/18/24 4:00,0,0
6/18/24 5:00,0.07432739,0.03035972
6/18/24 6:00,0.2351968,0.1754597
6/18/24 7:00,0.3527377,0.3133909
6/18/24 8:00,0.5049064,0.4624971
6/18/24 9:00,0.5209818,0.495132
6/18/24 10:00,0.6985518,0.6605847
6/18/24 11:00,0.9182649,0.8613276
6/18/24 12:00,0.9281287,0.8677952
6/18/24 13:00,0.703326,0.6588745
6/18/24 14:00,0.6372995,0.5819265
6/18/24 15:00,0.4978549,0.4359387
6/18/24 16:00,0.3086191,0.2549625
6/18/24 17:00,0.1487619,0.09376483
6/18/24 18:00,0.01791649,0
6/18/24 19:00,0,0
6/18/24 20:00,0,0
6/18/24 21:00,0,0
6/18/24 22:00,0,0
6/18/24 23:00,0,0
6/19/24 0:00,0,0
6/19/24 1:00,0,0
6/19/24 2:00,0,0
6/19/24 3:00,0,0
6/19/24 4:00,0,0
6/19/24 5:00,0.05730027,0.04077302
6/19/24 6:00,0.2005465,0.1657109
6/19/24 7:00,0.4345208,0.3623863
6/19/24 8:00,0.625452,0.5535733
6/19/24 9:00,0.6924002,0.640131
6/19/24 10:00,0.9280611,0.8625665
6/19/24 11:00,0.9493839,0.8893541
6/19/24 12:00,0.9331045,0.8722035
6/19/24 13:00,0.8711988,0.8040807
6/19/24 14:00,0.5912074,0.5450973
6/19/24 15:00,0.4201145,0.3817813
6/19/24 16:00,0.2265383,0.2080605
6/19/24 17:00,0.1030534,0.09029056
6/19/24 18:00,0.01146222,0
6/19/24 19:00,0,0
6/19/24 20:00,0,0
6/19/24 21:00,0,0
6/19/24 22:00,0,0
6/19/24 23:00,0,0
6/20/24 0:00,0,0
6/20/24 1:00,0,0
6/20/24 2:00,0,0
6/20/24 3:00,0,0
6/20/24 4:00,0,0
6/20/24 5:00,0.06395361,0.0375572
6/20/24 6:00,0.2485567,0.1768036
6/20/24 7:00,0.259883,0.2450758
6/20/24 8:00,0.455644,0.4237394
6/20/24 9:00,0.38208,0.3688565
6/20/24 10:00,0.4257322,0.4118958
6/20/24 11:00,0.2074249,0.2013831
6/20/24 12:00,0.4844128,0.4679985
6/20/24 13:00,0.5701866,0.5431772
6/20/24 14:00,0.3683449,0.3543917
6/20/24 15:00,0.1709015,0.1655344
6/20/24 16:00,0.1794112,0.170681
6/20/24 17:00,0.1257916,0.09733115
6/20/24 18:00,0.01661069,0
6/20/24 19:00,0,0
6/20/24 20:00,0,0
6/20/24 21:00,0,0
6/20/24 22:00,0,0
6/20/24 23:00,0,0
6/21/24 0:00,0,0
6/21/24 1:00,0,0
6/21/24 2:00,0,0
6/21/24 3:00,0,0
6/21/24 4:00,0,0
6/21/24 5:00,0.07769684,0.02476287
6/21/24 6:00,0.2836322,0.1829474
6/21/24 7:00,0.4995252,0.4023826
6/21/24 8:00,0.5837538,0.5214766
6/21/24 9:00,0.8128856,0.7416242
6/21/24 10:00,0.8880703,0.8265409
6/21/24 11:00,0.8414274,0.7923569
6/21/24 12:00,0.7309191,0.6925557
6/21/24 13:00,0.873069,0.8057667
6/21/24 14:00,0.7988212,0.7155462
6/21/24 15:00,0.5210169,0.452351
6/21/24 16:00,0.4355066,0.3195396
6/21/24 17:00,0.1686007,0.08977612
6/21/24 18:00,0.02122405,0
6/21/24 19:00,0,0
6/21/24 20:00,0,0
6/21/24 21:00,0,0
6/21/24 22:00,0,0
6/21/24 23:00,0,0
6/22/24 0:00,0,0
6/22/24 1:00,0,0
6/22/24 2:00,0,0
6/22/24 3:00,0,0
6/22/24 4:00,0,0
6/22/24 5:00,0.07754844,0.02408602
6/22/24 6:00,0.2362293,0.1736023
6/22/24 7:00,0.4461676,0.3683701
6/22/24 8:00,0.7433797,0.6487272
6/22/24 9:00,0.8576207,0.7806329
6/22/24 10:00,0.8755548,0.8153733
6/22/24 11:00,0.8722476,0.81982
6/22/24 12:00,0.6954784,0.6611192
6/22/24 13:00,0.5777884,0.5499629
6/22/24 14:00,0.3502275,0.3376268
6/22/24 15:00,0.398305,0.3660295
6/22/24 16:00,0.3479569,0.2737627
6/22/24 17:00,0.1453987,0.0973746
6/22/24 18:00,0.01308851,0
6/22/24 19:00,0,0
6/22/24 20:00,0,0
6/22/24 21:00,0,0
6/22/24 22:00,0,0
6/22/24 23:00,0,0
6/23/24 0:00,0,0
6/23/24 1:00,0,0
6/23/24 2:00,0,0
6/23/24 3:00,0,0
6/23/24 4:00,0,0
6/23/24 5:00,0.06923636,0.03148581
6/23/24 6:00,0.2111403,0.1676056
6/23/24 7:00,0.5266581,0.420872
6/23/24 8:00,0.786901,0.6860669
6/23/24 9:00,0.8232091,0.7504318
6/23/24 10:00,0.9916494,0.9202442
6/23/24 11:00,1.077246,1.007119
6/23/24 12:00,1.115393,1.040158
6/23/24 13:00,1.016746,0.9360927
6/23/24 14:00,0.8181387,0.732697
6/23/24 15:00,0.6734207,0.5685746
6/23/24 16:00,0.4104747,0.3050072
6/23/24 17:00,0.1637827,0.09310295
6/23/24 18:00,0.0189901,0
6/23/24 19:00,0,0
6/23/24 20:00,0,0
6/23/24 21:00,0,0
6/23/24 22:00,0,0
6/23/24 23:00,0,0
6/24/24 0:00,0,0
6/24/24 1:00,0,0
6/24/24 2:00,0,0
6/24/24 3:00,0,0
6/24/24 4:00,0,0
6/24/24 5:00,0.0650893,0.03416824
6/24/24 6:00,0.2322022,0.1718373
6/24/24 7:00,0.5083252,0.4076572
6/24/24 8:00,0.7240546,0.6320884
6/24/24 9:00,0.8157293,0.7439333
6/24/24 10:00,0.8300378,0.7752181
6/24/24 11:00,0.8807641,0.8275255
6/24/24 12:00,0.9086958,0.850384
6/24/24 13:00,0.7745736,0.720257
6/24/24 14:00,0.7664177,0.6882626
6/24/24 15:00,0.527738,0.4577078
6/24/24 16:00,0.2830471,0.2439803
6/24/24 17:00,0.1683656,0.09237394
6/24/24 18:00,0.02074843,0
6/24/24 19:00,0,0
6/24/24 20:00,0,0
6/24/24 21:00,0,0
6/24/24 22:00,0,0
6/24/24 23:00,0,0
6/25/24 0:00,0,0
6/25/24 1:00,0,0
6/25/24 2:00,0,0
6/25/24 3:00,0,0
6/25/24 4:00,0,0
6/25/24 5:00,0.01838057,0.01759437
6/25/24 6:00,0.1502423,0.1378267
6/25/24 7:00,0.1989353,0.1913453
6/25/24 8:00,0.2052306,0.1988949
6/25/24 9:00,0.1031972,0.1001761
6/25/24 10:00,0.2546721,0.2471862
6/25/24 11:00,0.1388938,0.1348598
6/25/24 12:00,0.3840116,0.3723479
6/25/24 13:00,0.3324971,0.3223574
6/25/24 14:00,0.1595336,0.1547843
6/25/24 15:00,0.1031375,0.1000167
6/25/24 16:00,0.109669,0.1059892
6/25/24 17:00,0.03127731,0.03017089
6/25/24 18:00,0.005758577,0
6/25/24 19:00,0,0
6/25/24 20:00,0,0
6/25/24 21:00,0,0
6/25/24 22:00,0,0
6/25/24 23:00,0,0
6/26/24 0:00,0,0
6/26/24 1:00,0,0
6/26/24 2:00,0,0
6/26/24 3:00,0,0
6/26/24 4:00,0,0
6/26/24 5:00,0.005201048,0.005031491
6/26/24 6:00,0.09161377,0.08814116
6/26/24 7:00,0.152006,0.1470187
6/26/24 8:00,0.4539149,0.4219033
6/26/24 9:00,0.6748292,0.6251128
6/26/24 10:00,0.5103269,0.4912642
6/26/24 11:00,0.3766809,0.3653749
6/26/24 12:00,0.3674455,0.3564024
6/26/24 13:00,0.6129771,0.5811989
6/26/24 14:00,0.6138361,0.5640884
6/26/24 15:00,0.3523436,0.330501
6/26/24 16:00,0.3230736,0.2641596
6/26/24 17:00,0.09135222,0.08412685
6/26/24 18:00,0.01842617,0
6/26/24 19:00,0,0
6/26/24 20:00,0,0
6/26/24 21:00,0,0
6/26/24 22:00,0,0
6/26/24 23:00,0,0
6/27/24 0:00,0,0
6/27/24 1:00,0,0
6/27/24 2:00,0,0
6/27/24 3:00,0,0
6/27/24 4:00,0,0
6/27/24 5:00,0.04965862,0.03844305
6/27/24 6:00,0.1988892,0.1623436
6/27/24 7:00,0.2406902,0.2285551
6/27/24 8:00,0.1914879,0.1856079
6/27/24 9:00,0.101791,0.09881169
6/27/24 10:00,0.2125808,0.2063572
6/27/24 11:00,0.6381776,0.6110114
6/27/24 12:00,0.5401893,0.5202912
6/27/24 13:00,0.4791362,0.4609781
6/27/24 14:00,0.3514918,0.3388932
6/27/24 15:00,0.1926627,0.1865264
6/27/24 16:00,0.1857872,0.176438
6/27/24 17:00,0.07962052,0.07510299
6/27/24 18:00,0.01492427,0
6/27/24 19:00,0,0
6/27/24 20:00,0,0
6/27/24 21:00,0,0
6/27/24 22:00,0,0
6/27/24 23:00,0,0
6/28/24 0:00,0,0
6/28/24 1:00,0,0
6/28/24 2:00,0,0
6/28/24 3:00,0,0
6/28/24 4:00,0,0
6/28/24 5:00,0.06205279,0.03321913
6/28/24 6:00,0.272547,0.176428
6/28/24 7:00,0.4444692,0.3660594
6/28/24 8:00,0.7488021,0.6534737
6/28/24 9:00,0.8648842,0.787453
6/28/24 10:00,0.9310112,0.8656101
6/28/24 11:00,0.833653,0.7860363
6/28/24 12:00,1.059658,0.9895855
6/28/24 13:00,0.9126114,0.8424175
6/28/24 14:00,0.7349654,0.6629865
6/28/24 15:00,0.2977601,0.2842431
6/28/24 16:00,0.2597525,0.2314651
6/28/24 17:00,0.1319324,0.1010218
6/28/24 18:00,0.01505053,0
6/28/24 19:00,0,0
6/28/24 20:00,0,0
6/28/24 21:00,0,0
6/28/24 22:00,0,0
6/28/24 23:00,0,0
6/29/24 0:00,0,0
6/29/24 1:00,0,0
6/29/24 2:00,0,0
6/29/24 3:00,0,0
6/29/24 4:00,0,0
6/29/24 5:00,0.08040136,0.01457208
6/29/24 6:00,0.2828327,0.1783393
6/29/24 7:00,0.5217718,0.4167229
6/29/24 8:00,0.6614661,0.5809452
6/29/24 9:00,0.4146364,0.3991582
6/29/24 10:00,0.8598866,0.8022028
6/29/24 11:00,0.8308129,0.783709
6/29/24 12:00,0.907303,0.8502169
6/29/24 13:00,0.8921285,0.8244061
6/29/24 14:00,0.8784795,0.7880907
6/29/24 15:00,0.5650713,0.4859277
6/29/24 16:00,0.4090145,0.3070333
6/29/24 17:00,0.1932621,0.08920643
6/29/24 18:00,0.02235154,0
6/29/24 19:00,0,0
6/29/24 20:00,0,0
6/29/24 21:00,0,0
6/29/24 22:00,0,0
6/29/24 23:00,0,0
6/30/24 0:00,0,0
6/30/24 1:00,0,0
6/30/24 2:00,0,0
6/30/24 3:00,0,0
6/30/24 4:00,0,0
6/30/24 5:00,0.05900635,0.03365014
6/30/24 6:00,0.1777759,0.1530059
6/30/24 7:00,0.3079192,0.2813163
6/30/24 8:00,0.4658541,0.4312672
6/30/24 9:00,0.584237,0.5494419
6/30/24 10:00,0.6360658,0.6055686
6/30/24 11:00,0.7059349,0.6724817
6/30/24 12:00,0.7851492,0.7416214
6/30/24 13:00,0.9177306,0.8477973
6/30/24 14:00,0.6366135,0.5834158
6/30/24 15:00,0.6060466,0.5169741
6/30/24 16:00,0.3183635,0.2634181
6/30/24 17:00,0.1442009,0.1016878
6/30/24 18:00,0.0202543,0.007834812
6/30/24 19:00,0,0
6/30/24 20:00,0,0
6/30/24 21:00,0,0
6/30/24 22:00,0,0
6/30/24 23:00,0,0
7/1/24 0:00,0,0
7/1/24 1:00,0,0
7/1/24 2:00,0,0
7/1/24 3:00,0,0
7/1/24 4:00,0,0
7/1/24 5:00,0.02990295,0.02811435
7/1/24 6:00,0.1200673,0.1138658
7/1/24 7:00,0.3852149,0.3309061
7/1/24 8:00,0.3380125,0.3236251
7/1/24 9:00,0.3914339,0.3776036
7/1/24 10:00,0.5249891,0.5049742
7/1/24 11:00,0.471242,0.4559768
7/1/24 12:00,0.6926645,0.6595451
7/1/24 13:00,0.5035726,0.483678
7/1/24 14:00,0.3477968,0.3355426
7/1/24 15:00,0.1762414,0.1707187
7/1/24 16:00,0.1095482,0.1058929
7/1/24 17:00,0.03287662,0.03171181
7/1/24 18:00,0.005124979,0.004907494
7/1/24 19:00,0,0
7/1/24 20:00,0,0
7/1/24 21:00,0,0
7/1/24 22:00,0,0
7/1/24 23:00,0,0
7/2/24 0:00,0,0
7/2/24 1:00,0,0
7/2/24 2:00,0,0
7/2/24 3:00,0,0
7/2/24 4:00,0,0
7/2/24 5:00,0.02037587,0.01944023
7/2/24 6:00,0.030541,0.02957583
7/2/24 7:00,0.02072743,0.02011664
7/2/24 8:00,0.1963356,0.1902998
7/2/24 9:00,0.1636219,0.1587981
7/2/24 10:00,0.2185464,0.2121517
7/2/24 11:00,0.3330603,0.323258
7/2/24 12:00,0.2461849,0.2389993
7/2/24 13:00,0.2396407,0.2325794
7/2/24 14:00,0.3210422,0.3103839
7/2/24 15:00,0.1837265,0.1779499
7/2/24 16:00,0.1596273,0.1533136
7/2/24 17:00,0.119434,0.09951971
7/2/24 18:00,0.003998626,0.003842136
7/2/24 19:00,0,0
7/2/24 20:00,0,0
7/2/24 21:00,0,0
7/2/24 22:00,0,0
7/2/24 23:00,0,0
7/3/24 0:00,0,0
7/3/24 1:00,0,0
7/3/24 2:00,0,0
7/3/24 3:00,0,0
7/3/24 4:00,0,0
7/3/24 5:00,0.01881516,0.01797484
7/3/24 6:00,0.07493436,0.07222386
7/3/24 7:00,0.1488931,0.1440188
7/3/24 8:00,0.1659918,0.1609475
7/3/24 9:00,0.362496,0.350419
7/3/24 10:00,0.6246988,0.5957671
7/3/24 11:00,0.3549334,0.3444251
7/3/24 12:00,0.2699593,0.2620705
7/3/24 13:00,0.4765834,0.4589334
7/3/24 14:00,0.4007266,0.384477
7/3/24 15:00,0.263512,0.2534869
7/3/24 16:00,0.2012097,0.189677
7/3/24 17:00,0.1145327,0.09789524
7/3/24 18:00,0.01066658,0.009773774
7/3/24 19:00,0,0
7/3/24 20:00,0,0
7/3/24 21:00,0,0
7/3/24 22:00,0,0
7/3/24 23:00,0,0
7/4/24 0:00,0,0
7/4/24 1:00,0,0
7/4/24 2:00,0,0
7/4/24 3:00,0,0
7/4/24 4:00,0,0
7/4/24 5:00,0.01018998,0.009812674
7/4/24 6:00,0.05059646,0.04889776
7/4/24 7:00,0.1499989,0.1450755
7/4/24 8:00,0.262323,0.2535924
7/4/24 9:00,0.2914354,0.2825478
7/4/24 10:00,0.1587564,0.1541323
7/4/24 11:00,0.2201698,0.2137657
7/4/24 12:00,0.1938651,0.1882265
7/4/24 13:00,0.1590927,0.1544445
7/4/24 14:00,0.2017085,0.1956675
7/4/24 15:00,0.1796896,0.1740613
7/4/24 16:00,0.08947552,0.08658112
7/4/24 17:00,0.03267735,0.03152533
7/4/24 18:00,0.003084944,0.002972045
7/4/24 19:00,0,0
7/4/24 20:00,0,0
7/4/24 21:00,0,0
7/4/24 22:00,0,0
7/4/24 23:00,0,0
7/5/24 0:00,0,0
7/5/24 1:00,0,0
7/5/24 2:00,0,0
7/5/24 3:00,0,0
7/5/24 4:00,0,0
7/5/24 5:00,0.05589722,0.03127609
7/5/24 6:00,0.1085841,0.1037007
7/5/24 7:00,0.3456286,0.3063613
7/5/24 8:00,0.5482532,0.4947858
7/5/24 9:00,0.6036475,0.5665245
7/5/24 10:00,0.9114522,0.8504882
7/5/24 11:00,0.8133121,0.7698519
7/5/24 12:00,0.6198774,0.594417
7/5/24 13:00,0.5876697,0.5601653
7/5/24 14:00,0.3635721,0.3503932
7/5/24 15:00,0.5032574,0.4445705
7/5/24 16:00,0.4569638,0.341435
7/5/24 17:00,0.1877529,0.09433921
7/5/24 18:00,0.02017949,0.008332664
7/5/24 19:00,0,0
7/5/24 20:00,0,0
7/5/24 21:00,0,0
7/5/24 22:00,0,0
7/5/24 23:00,0,0
7/6/24 0:00,0,0
7/6/24 1:00,0,0
7/6/24 2:00,0,0
7/6/24 3:00,0,0
7/6/24 4:00,0,0
7/6/24 5:00,0.02820757,0.02650243
7/6/24 6:00,0.2275435,0.1649805
7/6/24 7:00,0.4859651,0.3923849
7/6/24 8:00,0.6032181,0.5368221
7/6/24 9:00,0.5914309,0.5563197
7/6/24 10:00,0.7405549,0.6990954
7/6/24 11:00,0.4755262,0.4602288
7/6/24 12:00,0.1325086,0.1286643
7/6/24 13:00,0.1223822,0.1188173
7/6/24 14:00,0.05221433,0.05069007
7/6/24 15:00,0.105231,0.1020572
7/6/24 16:00,0.08118725,0.07859439
7/6/24 17:00,0.1048203,0.09344617
7/6/24 18:00,0.02066602,0.00784226
7/6/24 19:00,0,0
7/6/24 20:00,0,0
7/6/24 21:00,0,0
7/6/24 22:00,0,0
7/6/24 23:00,0,0
7/7/24 0:00,0,0
7/7/24 1:00,0,0
7/7/24 2:00,0,0
7/7/24 3:00,0,0
7/7/24 4:00,0,0
7/7/24 5:00,0.04697759,0.03370813
7/7/24 6:00,0.1135973,0.1080614
7/7/24 7:00,0.2300707,0.2191194
7/7/24 8:00,0.2917587,0.281285
7/7/24 9:00,0.5890123,0.5544447
7/7/24 10:00,0.8668058,0.8113586
7/7/24 11:00,0.4672819,0.4524257
7/7/24 12:00,0.8621181,0.8129921
7/7/24 13:00,0.6268817,0.5954139
7/7/24 14:00,0.4361044,0.4167003
7/7/24 15:00,0.4870153,0.4339121
7/7/24 16:00,0.4354304,0.3281185
7/7/24 17:00,0.1561605,0.1025797
7/7/24 18:00,0.02264175,0.005758795
7/7/24 19:00,0,0
7/7/24 20:00,0,0
7/7/24 21:00,0,0
7/7/24 22:00,0,0
7/7/24 23:00,0,0
7/8/24 0:00,0,0
7/8/24 1:00,0,0
7/8/24 2:00,0,0
7/8/24 3:00,0,0
7/8/24 4:00,0,0
7/8/24 5:00,0.000189925,0.000184346
7/8/24 6:00,0.03556122,0.03441832
7/8/24 7:00,0.06007387,0.05825571
7/8/24 8:00,0.128962,0.125098
7/8/24 9:00,0.1186168,0.1151448
7/8/24 10:00,0.1655931,0.1607737
7/8/24 11:00,0.1214074,0.1178893
7/8/24 12:00,0.1639564,0.1591991
7/8/24 13:00,0.121694,0.1181513
7/8/24 14:00,0.07413042,0.07196246
7/8/24 15:00,0.03728386,0.03618834
7/8/24 16:00,0.05940943,0.0575667
7/8/24 17:00,0.02971666,0.02869166
7/8/24 18:00,0.002333038,0.002252163
7/8/24 19:00,0,0
7/8/24 20:00,0,0
7/8/24 21:00,0,0
7/8/24 22:00,0,0
7/8/24 23:00,0,0
7/9/24 0:00,0,0
7/9/24 1:00,0,0
7/9/24 2:00,0,0
7/9/24 3:00,0,0
7/9/24 4:00,0,0
7/9/24 5:00,0.05087293,0.03074406
7/9/24 6:00,0.1355025,0.1257112
7/9/24 7:00,0.2630781,0.2468177
7/9/24 8:00,0.1938267,0.1878918
7/9/24 9:00,0.3253527,0.3151579
7/9/24 10:00,0.2812286,0.2729807
7/9/24 11:00,0.3475283,0.3373194
7/9/24 12:00,0.2995372,0.2907925
7/9/24 13:00,0.5672266,0.5425831
7/9/24 14:00,0.5294642,0.4981628
7/9/24 15:00,0.288676,0.2766565
7/9/24 16:00,0.2064873,0.1943384
7/9/24 17:00,0.05400161,0.05185451
7/9/24 18:00,0.005096728,0.004880955
7/9/24 19:00,0,0
7/9/24 20:00,0,0
7/9/24 21:00,0,0
7/9/24 22:00,0,0
7/9/24 23:00,0,0
7/10/24 0:00,0,0
7/10/24 1:00,0,0
7/10/24 2:00,0,0
7/10/24 3:00,0,0
7/10/24 4:00,0,0
7/10/24 5:00,0.07211263,0.01032394
7/10/24 6:00,0.2613822,0.1687984
7/10/24 7:00,0.4567043,0.374109
7/10/24 8:00,0.406318,0.3833291
7/10/24 9:00,0.7718253,0.7108362
7/10/24 10:00,0.9914814,0.927058
7/10/24 11:00,0.9305799,0.8786368
7/10/24 12:00,0.8559803,0.809178
7/10/24 13:00,0.609188,0.5805019
7/10/24 14:00,0.4153799,0.3983444
7/10/24 15:00,0.3399903,0.3216946
7/10/24 16:00,0.1689098,0.1619207
7/10/24 17:00,0.1115546,0.09713693
7/10/24 18:00,0.01974096,0
7/10/24 19:00,0,0
7/10/24 20:00,0,0
7/10/24 21:00,0,0
7/10/24 22:00,0,0
7/10/24 23:00,0,0
7/11/24 0:00,0,0
7/11/24 1:00,0,0
7/11/24 2:00,0,0
7/11/24 3:00,0,0
7/11/24 4:00,0,0
7/11/24 5:00,0.04538119,0.0314893
7/11/24 6:00,0.1233802,0.1161169
7/11/24 7:00,0.3815954,0.3285973
7/11/24 8:00,0.5053439,0.4631969
7/11/24 9:00,0.6891705,0.6406809
7/11/24 10:00,0.7934113,0.7480326
7/11/24 11:00,0.9588231,0.9053471
7/11/24 12:00,1.061433,0.9994051
7/11/24 13:00,0.8562926,0.7992917
7/11/24 14:00,0.4917038,0.4662801
7/11/24 15:00,0.6599336,0.5678144
7/11/24 16:00,0.4525165,0.3429205
7/11/24 17:00,0.1389742,0.104374
7/11/24 18:00,0.02567946,0
7/11/24 19:00,0,0
7/11/24 20:00,0,0
7/11/24 21:00,0,0
7/11/24 22:00,0,0
7/11/24 23:00,0,0
7/12/24 0:00,0,0
7/12/24 1:00,0,0
7/12/24 2:00,0,0
7/12/24 3:00,0,0
7/12/24 4:00,0,0
7/12/24 5:00,0.03427445,0.02991607
7/12/24 6:00,0.1285437,0.1201625
7/12/24 7:00,0.09862749,0.09555115
7/12/24 8:00,0.2206394,0.2137858
7/12/24 9:00,0.3459175,0.33485
7/12/24 10:00,0.3224604,0.3129471
7/12/24 11:00,0.3097058,0.3006932
7/12/24 12:00,0.5579633,0.5382379
7/12/24 13:00,0.3645065,0.3533505
7/12/24 14:00,0.2556646,0.2479272
7/12/24 15:00,0.1135632,0.1101381
7/12/24 16:00,0.1254068,0.1211835
7/12/24 17:00,0.05416087,0.05201416
7/12/24 18:00,0.001847703,0
7/12/24 19:00,0,0
7/12/24 20:00,0,0
7/12/24 21:00,0,0
7/12/24 22:00,0,0
7/12/24 23:00,0,0
7/13/24 0:00,0,0
7/13/24 1:00,0,0
7/13/24 2:00,0,0
7/13/24 3:00,0,0
7/13/24 4:00,0,0
7/13/24 5:00,0.03602283,0.03032521
7/13/24 6:00,0.2750006,0.1716752
7/13/24 7:00,0.4448513,0.3674533
7/13/24 8:00,0.6577088,0.5831504
7/13/24 9:00,0.8248902,0.7593792
7/13/24 10:00,0.8622316,0.8110157
7/13/24 11:00,0.9797951,0.9264169
7/13/24 12:00,0.700991,0.670486
7/13/24 13:00,0.8046715,0.7547405
7/13/24 14:00,0.6138032,0.5702402
7/13/24 15:00,0.4619763,0.4183219
7/13/24 16:00,0.2456834,0.2244825
7/13/24 17:00,0.1155569,0.09897137
7/13/24 18:00,0.01464071,0
7/13/24 19:00,0,0
7/13/24 20:00,0,0
7/13/24 21:00,0,0
7/13/24 22:00,0,0
7/13/24 23:00,0,0
7/14/24 0:00,0,0
7/14/24 1:00,0,0
7/14/24 2:00,0,0
7/14/24 3:00,0,0
7/14/24 4:00,0,0
7/14/24 5:00,0.0224949,0.0213032
7/14/24 6:00,0.1023882,0.09793796
7/14/24 7:00,0.2509939,0.2368919
7/14/24 8:00,0.3762747,0.3578884
7/14/24 9:00,0.444681,0.4275594
7/14/24 10:00,0.4267451,0.4133404
7/14/24 11:00,0.2450328,0.2379352
7/14/24 12:00,0.2817479,0.2735668
7/14/24 13:00,0.2751987,0.2671221
7/14/24 14:00,0.165553,0.1606613
7/14/24 15:00,0.2204093,0.2132363
7/14/24 16:00,0.06052342,0.058651
7/14/24 17:00,0.03641469,0.03511531
7/14/24 18:00,0.007992146,0
7/14/24 19:00,0,0
7/14/24 20:00,0,0
7/14/24 21:00,0,0
7/14/24 22:00,0,0
7/14/24 23:00,0,0
7/15/24 0:00,0,0
7/15/24 1:00,0,0
7/15/24 2:00,0,0
7/15/24 3:00,0,0
7/15/24 4:00,0,0
7/15/24 5:00,0.04642738,0.02784787
7/15/24 6:00,0.09804948,0.09397537
7/15/24 7:00,0.1807443,0.1743143
7/15/24 8:00,0.4436094,0.4149254
7/15/24 9:00,0.5952716,0.562007
7/15/24 10:00,0.8322873,0.785449
7/15/24 11:00,0.8928014,0.8477304
7/15/24 12:00,0.831587,0.7903631
7/15/24 13:00,0.883607,0.8273509
7/15/24 14:00,0.70577,0.6485197
7/15/24 15:00,0.543923,0.4797188
7/15/24 16:00,0.3611892,0.2910341
7/15/24 17:00,0.1756163,0.1003868
7/15/24 18:00,0.01695647,0
7/15/24 19:00,0,0
7/15/24 20:00,0,0
7/15/24 21:00,0,0
7/15/24 22:00,0,0
7/15/24 23:00,0,0
7/16/24 0:00,0,0
7/16/24 1:00,0,0
7/16/24 2:00,0,0
7/16/24 3:00,0,0
7/16/24 4:00,0,0
7/16/24 5:00,0.02505758,0.02343688
7/16/24 6:00,0.07611875,0.07333238
7/16/24 7:00,0.2918805,0.2692437
7/16/24 8:00,0.5973129,0.5366089
7/16/24 9:00,0.4588521,0.4407942
7/16/24 10:00,0.6673486,0.6374757
7/16/24 11:00,0.8876066,0.8437659
7/16/24 12:00,1.025204,0.9703426
7/16/24 13:00,0.8340513,0.7834285
7/16/24 14:00,0.6584572,0.6093507
7/16/24 15:00,0.6760108,0.586402
7/16/24 16:00,0.4280295,0.3304549
7/16/24 17:00,0.1623586,0.1029053
7/16/24 18:00,0.01708961,0
7/16/24 19:00,0,0
7/16/24 20:00,0,0
7/16/24 21:00,0,0
7/16/24 22:00,0,0
7/16/24 23:00,0,0
7/17/24 0:00,0,0
7/17/24 1:00,0,0
7/17/24 2:00,0,0
7/17/24 3:00,0,0
7/17/24 4:00,0,0
7/17/24 5:00,0.03761035,0.02899378
7/17/24 6:00,0.1608592,0.1407635
7/17/24 7:00,0.3110085,0.2832499
7/17/24 8:00,0.3186383,0.306394
7/17/24 9:00,0.4124854,0.3979376
7/17/24 10:00,0.6465055,0.6189109
7/17/24 11:00,0.761068,0.728291
7/17/24 12:00,0.5413477,0.5233652
7/17/24 13:00,0.4914914,0.4742273
7/17/24 14:00,0.2039378,0.1978891
7/17/24 15:00,0.2446831,0.2363009
7/17/24 16:00,0.3433963,0.282817
7/17/24 17:00,0.1098187,0.09622656
7/17/24 18:00,0.0134475,0
7/17/24 19:00,0,0
7/17/24 20:00,0,0
7/17/24 21:00,0,0
7/17/24 22:00,0,0
7/17/24 23:00,0,0
7/18/24 0:00,0,0
7/18/24 1:00,0,0
7/18/24 2:00,0,0
7/18/24 3:00,0,0
7/18/24 4:00,0,0
7/18/24 5:00,0.03090531,0.02701095
7/18/24 6:00,0.2262424,0.1601678
7/18/24 7:00,0.355546,0.3133708
7/18/24 8:00,0.5894627,0.5316436
7/18/24 9:00,0.8876612,0.8208775
7/18/24 10:00,0.7419846,0.7060127
7/18/24 11:00,0.8225031,0.7854244
7/18/24 12:00,0.9178988,0.8722199
7/18/24 13:00,0.8511819,0.8007692
7/18/24 14:00,0.8694988,0.7961041
7/18/24 15:00,0.6242698,0.5449905
7/18/24 16:00,0.3699252,0.2974266
7/18/24 17:00,0.1640719,0.10258
7/18/24 18:00,0.01450561,0
7/18/24 19:00,0,0
7/18/24 20:00,0,0
7/18/24 21:00,0,0
7/18/24 22:00,0,0
7/18/24 23:00,0,0
7/19/24 0:00,0,0
7/19/24 1:00,0,0
7/19/24 2:00,0,0
7/19/24 3:00,0,0
7/19/24 4:00,0,0
7/19/24 5:00,0.01086946,0.01043303
7/19/24 6:00,0.06030986,0.05821188
7/19/24 7:00,0.1936666,0.1863667
7/19/24 8:00,0.2354944,0.2281212
7/19/24 9:00,0.3613763,0.3497987
7/19/24 10:00,0.2600675,0.2525162
7/19/24 11:00,0.2446346,0.2375756
7/19/24 12:00,0.2218024,0.2153978
7/19/24 13:00,0.1754977,0.1704029
7/19/24 14:00,0.2139848,0.207641
7/19/24 15:00,0.1212533,0.1176052
7/19/24 16:00,0.07306966,0.07078524
7/19/24 17:00,0.03191064,0.03080435
7/19/24 18:00,0.01200446,0
7/19/24 19:00,0,0
7/19/24 20:00,0,0
7/19/24 21:00,0,0
7/19/24 22:00,0,0
7/19/24 23:00,0,0
7/20/24 0:00,0,0
7/20/24 1:00,0,0
7/20/24 2:00,0,0
7/20/24 3:00,0,0
7/20/24 4:00,0,0
7/20/24 5:00,0.000570349,0.000553409
7/20/24 6:00,0.004544725,0.004410665
7/20/24 7:00,0.02324816,0.02256332
7/20/24 8:00,0.03273484,0.03177895
7/20/24 9:00,0.01918406,0.01862557
7/20/24 10:00,0.1012523,0.09832174
7/20/24 11:00,0.1825031,0.1772409
7/20/24 12:00,0.05873859,0.05703732
7/20/24 13:00,0.0685885,0.06659993
7/20/24 14:00,0.103866,0.1008324
7/20/24 15:00,0.07935849,0.07700672
7/20/24 16:00,0.02848801,0.0276386
7/20/24 17:00,0.07913971,0.07489606
7/20/24 18:00,0.005902224,0
7/20/24 19:00,0,0
7/20/24 20:00,0,0
7/20/24 21:00,0,0
7/20/24 22:00,0,0
7/20/24 23:00,0,0
7/21/24 0:00,0,0
7/21/24 1:00,0,0
7/21/24 2:00,0,0
7/21/24 3:00,0,0
7/21/24 4:00,0,0
7/21/24 5:00,0.04838888,0.01979961
7/21/24 6:00,0.26851,0.169918
7/21/24 7:00,0.4742564,0.3914977
7/21/24 8:00,0.6853098,0.613037
7/21/24 9:00,0.7612026,0.70998
7/21/24 10:00,0.7454503,0.7111345
7/21/24 11:00,0.8360096,0.8003005
7/21/24 12:00,0.8521159,0.814127
7/21/24 13:00,0.8422643,0.7956754
7/21/24 14:00,0.7685489,0.7086346
7/21/24 15:00,0.4716932,0.4293959
7/21/24 16:00,0.3896296,0.3106212
7/21/24 17:00,0.1602797,0.1027784
7/21/24 18:00,0.01610818,0
7/21/24 19:00,0,0
7/21/24 20:00,0,0
7/21/24 21:00,0,0
7/21/24 22:00,0,0
7/21/24 23:00,0,0
7/22/24 0:00,0,0
7/22/24 1:00,0,0
7/22/24 2:00,0,0
7/22/24 3:00,0,0
7/22/24 4:00,0,0
7/22/24 5:00,0.05244214,0.01438963
7/22/24 6:00,0.2226643,0.1587021
7/22/24 7:00,0.484719,0.3998818
7/22/24 8:00,0.7198345,0.6442202
7/22/24 9:00,0.9249685,0.8601081
7/22/24 10:00,1.030372,0.9763543
7/22/24 11:00,1.055137,1.007334
7/22/24 12:00,1.082052,1.031587
7/22/24 13:00,1.022648,0.9647438
7/22/24 14:00,0.6444951,0.6018733
7/22/24 15:00,0.5692108,0.5048386
7/22/24 16:00,0.4359752,0.3414958
7/22/24 17:00,0.1804975,0.09978766
7/22/24 18:00,0.01440473,0
7/22/24 19:00,0,0
7/22/24 20:00,0,0
7/22/24 21:00,0,0
7/22/24 22:00,0,0
7/22/24 23:00,0,0
7/23/24 0:00,0,0
7/23/24 1:00,0,0
7/23/24 2:00,0,0
7/23/24 3:00,0,0
7/23/24 4:00,0,0
7/23/24 5:00,0.003556086,0.003439884
7/23/24 6:00,0.04493091,0.04344343
7/23/24 7:00,0.1046874,0.1014317
7/23/24 8:00,0.2623713,0.2538767
7/23/24 9:00,0.2201969,0.2137451
7/23/24 10:00,0.09809418,0.09525798
7/23/24 11:00,0.08662689,0.08412478
7/23/24 12:00,0.2125959,0.2064767
7/23/24 13:00,0.1239932,0.1204053
7/23/24 14:00,0.08877303,0.08618701
7/23/24 15:00,0.09577586,0.09292883
7/23/24 16:00,0.07504446,0.07270207
7/23/24 17:00,0.04703863,0.04526334
7/23/24 18:00,0.004972506,0
7/23/24 19:00,0,0
7/23/24 20:00,0,0
7/23/24 21:00,0,0
7/23/24 22:00,0,0
7/23/24 23:00,0,0
7/24/24 0:00,0,0
7/24/24 1:00,0,0
7/24/24 2:00,0,0
7/24/24 3:00,0,0
7/24/24 4:00,0,0
7/24/24 5:00,0.03827361,0.02432877
7/24/24 6:00,0.2229496,0.1585184
7/24/24 7:00,0.4694965,0.3905908
7/24/24 8:00,0.7402617,0.6648535
7/24/24 9:00,0.9272349,0.864964
7/24/24 10:00,1.03367,0.9822816
7/24/24 11:00,0.9975638,0.9552183
7/24/24 12:00,0.8564585,0.8210767
7/24/24 13:00,0.979644,0.92711
7/24/24 14:00,0.7626385,0.7068453
7/24/24 15:00,0.5763166,0.5124173
7/24/24 16:00,0.3882104,0.3120407
7/24/24 17:00,0.1369552,0.102966
7/24/24 18:00,0.01114678,0
7/24/24 19:00,0,0
7/24/24 20:00,0,0
7/24/24 21:00,0,0
7/24/24 22:00,0,0
7/24/24 23:00,0,0
7/25/24 0:00,0,0
7/25/24 1:00,0,0
7/25/24 2:00,0,0
7/25/24 3:00,0,0
7/25/24 4:00,0,0
7/25/24 5:00,0.01389583,0.01326069
7/25/24 6:00,0.07042947,0.06790306
7/25/24 7:00,0.09938927,0.09631748
7/25/24 8:00,0.08531364,0.08280742
7/25/24 9:00,0.1087078,0.1055506
7/25/24 10:00,0.3711013,0.3602777
7/25/24 11:00,0.292976,0.2845747
7/25/24 12:00,0.2464259,0.2393487
7/25/24 13:00,0.3158321,0.3066464
7/25/24 14:00,0.2064962,0.2004241
7/25/24 15:00,0.1718937,0.1666597
7/25/24 16:00,0.08468581,0.08201998
7/25/24 17:00,0.04569314,0.04398234
7/25/24 18:00,0.005407453,0
7/25/24 19:00,0,0
7/25/24 20:00,0,0
7/25/24 21:00,0,0
7/25/24 22:00,0,0
7/25/24 23:00,0,0
7/26/24 0:00,0,0
7/26/24 1:00,0,0
7/26/24 2:00,0,0
7/26/24 3:00,0,0
7/26/24 4:00,0,0
7/26/24 5:00,0.05896476,0.005001077
7/26/24 6:00,0.3045252,0.1908167
7/26/24 7:00,0.5066136,0.4206496
7/26/24 8:00,0.701598,0.6331227
7/26/24 9:00,0.6266557,0.5950428
7/26/24 10:00,1.00028,0.9535323
7/26/24 11:00,1.045419,1.003695
7/26/24 12:00,0.9155567,0.8788988
7/26/24 13:00,0.9833692,0.933548
7/26/24 14:00,0.8806039,0.8171569
7/26/24 15:00,0.6437632,0.5706323
7/26/24 16:00,0.2084615,0.1967838
7/26/24 17:00,0.1721792,0.1000317
7/26/24 18:00,0.008301748,0
7/26/24 19:00,0,0
7/26/24 20:00,0,0
7/26/24 21:00,0,0
7/26/24 22:00,0,0
7/26/24 23:00,0,0
7/27/24 0:00,0,0
7/27/24 1:00,0,0
7/27/24 2:00,0,0
7/27/24 3:00,0,0
7/27/24 4:00,0,0
7/27/24 5:00,0.02137791,0.01985967
7/27/24 6:00,0.04849801,0.04687758
7/27/24 7:00,0.08279275,0.08026972
7/27/24 8:00,0.1611912,0.1563891
7/27/24 9:00,0.2592326,0.2516446
7/27/24 10:00,0.5716368,0.5527992
7/27/24 11:00,0.5406227,0.5246817
7/27/24 12:00,0.3000326,0.2914445
7/27/24 13:00,0.427195,0.414303
7/27/24 14:00,0.2114345,0.20523
7/27/24 15:00,0.1703958,0.1652261
7/27/24 16:00,0.1080881,0.1046043
7/27/24 17:00,0.02374884,0.02296381
7/27/24 18:00,0.002825977,0
7/27/24 19:00,0,0
7/27/24 20:00,0,0
7/27/24 21:00,0,0
7/27/24 22:00,0,0
7/27/24 23:00,0,0
7/28/24 0:00,0,0
7/28/24 1:00,0,0
7/28/24 2:00,0,0
7/28/24 3:00,0,0
7/28/24 4:00,0,0
7/28/24 5:00,0.008711198,0.008366829
7/28/24 6:00,0.05873545,0.05671046
7/28/24 7:00,0.1656555,0.16015
7/28/24 8:00,0.2452734,0.2376455
7/28/24 9:00,0.3234409,0.3137776
7/28/24 10:00,0.298546,0.2899667
7/28/24 11:00,0.1670324,0.1622398
7/28/24 12:00,0.1710121,0.1661038
7/28/24 13:00,0.05108226,0.04960264
7/28/24 14:00,0.07989893,0.07757781
7/28/24 15:00,0.0347503,0.03373473
7/28/24 16:00,0.03989273,0.03869537
7/28/24 17:00,0.02081645,0.0201395
7/28/24 18:00,0.003309141,0
7/28/24 19:00,0,0
7/28/24 20:00,0,0
7/28/24 21:00,0,0
7/28/24 22:00,0,0
7/28/24 23:00,0,0
7/29/24 0:00,0,0
7/29/24 1:00,0,0
7/29/24 2:00,0,0
7/29/24 3:00,0,0
7/29/24 4:00,0,0
7/29/24 5:00,0.0136709,0.01302906
7/29/24 6:00,0.03966581,0.03837759
7/29/24 7:00,0.09113111,0.08834408
7/29/24 8:00,0.0889718,0.08636343
7/29/24 9:00,0.1746508,0.1695826
7/29/24 10:00,0.1502056,0.145884
7/29/24 11:00,0.3694467,0.3589709
7/29/24 12:00,0.1945573,0.1889834
7/29/24 13:00,0.0258843,0.02513252
7/29/24 14:00,0.05163473,0.05013534
7/29/24 15:00,0.05621943,0.0545712
7/29/24 16:00,0.07265472,0.07040668
7/29/24 17:00,0.03404119,0.03284836
7/29/24 18:00,0.004798716,0
7/29/24 19:00,0,0
7/29/24 20:00,0,0
7/29/24 21:00,0,0
7/29/24 22:00,0,0
7/29/24 23:00,0,0
7/30/24 0:00,0,0
7/30/24 1:00,0,0
7/30/24 2:00,0,0
7/30/24 3:00,0,0
7/30/24 4:00,0,0
7/30/24 5:00,0.008156206,0.007836211
7/30/24 6:00,0.03732868,0.03612566
7/30/24 7:00,0.03038589,0.0294902
7/30/24 8:00,0.02014531,0.01955839
7/30/24 9:00,0.03039308,0.02951036
7/30/24 10:00,0.003678058,0.003570655
7/30/24 11:00,0.02924194,0.02839353
7/30/24 12:00,0.03283345,0.03188135
7/30/24 13:00,0.01263133,0.01226357
7/30/24 14:00,0.000687005,0.000666904
7/30/24 15:00,0.01701093,0.01651477
7/30/24 16:00,0.02842835,0.02758409
7/30/24 17:00,0.02780257,0.02686211
7/30/24 18:00,0.002729731,0
7/30/24 19:00,0,0
7/30/24 20:00,0,0
7/30/24 21:00,0,0
7/30/24 22:00,0,0
7/30/24 23:00,0,0
7/31/24 0:00,0,0
7/31/24 1:00,0,0
7/31/24 2:00,0,0
7/31/24 3:00,0,0
7/31/24 4:00,0,0
7/31/24 5:00,0.005048798,0.004870962
7/31/24 6:00,0.03549132,0.03435455
7/31/24 7:00,0.07348838,0.07127157
7/31/24 8:00,0.1409473,0.1367872
7/31/24 9:00,0.1649203,0.160146
7/31/24 10:00,0.1664677,0.1616888
7/31/24 11:00,0.1373421,0.1334023
7/31/24 12:00,0.1228983,0.1193679
7/31/24 13:00,0.08325326,0.08084997
7/31/24 14:00,0.1042276,0.1012033
7/31/24 15:00,0.0948416,0.09204187
7/31/24 16:00,0.0760717,0.07371518
7/31/24 17:00,0.05733905,0.05503981
7/31/24 18:00,0.001711175,0
7/31/24 19:00,0,0
7/31/24 20:00,0,0
7/31/24 21:00,0,0
7/31/24 22:00,0,0
7/31/24 23:00,0,0
8/1/24 0:00,0,0
8/1/24 1:00,0,0
8/1/24 2:00,0,0
8/1/24 3:00,0,0
8/1/24 4:00,0,0
8/1/24 5:00,0.003972913,0.003838065
8/1/24 6:00,0.02262625,0.02192815
8/1/24 7:00,0.01636067,0.01588143
8/1/24 8:00,0.09875801,0.09586564
8/1/24 9:00,0.1591394,0.1545376
8/1/24 10:00,0.1074535,0.1043608
8/1/24 11:00,0.09628297,0.09351308
8/1/24 12:00,0.1072755,0.1041917
8/1/24 13:00,0.1248603,0.1212665
8/1/24 14:00,0.1052027,0.1021522
8/1/24 15:00,0.04561312,0.04428003
8/1/24 16:00,0.03591497,0.03484309
8/1/24 17:00,0.01693687,0.01639758
8/1/24 18:00,0.00187186,0
8/1/24 19:00,0,0
8/1/24 20:00,0,0
8/1/24 21:00,0,0
8/1/24 22:00,0,0
8/1/24 23:00,0,0
8/2/24 0:00,0,0
8/2/24 1:00,0,0
8/2/24 2:00,0,0
8/2/24 3:00,0,0
8/2/24 4:00,0,0
8/2/24 5:00,0.03034614,0.0209894
8/2/24 6:00,0.1901462,0.1503042
8/2/24 7:00,0.3928566,0.3448122
8/2/24 8:00,0.6290578,0.5791877
8/2/24 9:00,0.8975523,0.8515173
8/2/24 10:00,0.8349018,0.8063905
8/2/24 11:00,0.9374,0.9103772
8/2/24 12:00,0.9786501,0.9492028
8/2/24 13:00,0.9574371,0.920052
8/2/24 14:00,0.7516218,0.7086155
8/2/24 15:00,0.3993167,0.3765213
8/2/24 16:00,0.2774953,0.2492302
8/2/24 17:00,0.09026124,0.08265038
8/2/24 18:00,0.009073706,0
8/2/24 19:00,0,0
8/2/24 20:00,0,0
8/2/24 21:00,0,0
8/2/24 22:00,0,0
8/2/24 23:00,0,0
8/3/24 0:00,0,0
8/3/24 1:00,0,0
8/3/24 2:00,0,0
8/3/24 3:00,0,0
8/3/24 4:00,0,0
8/3/24 5:00,0.03311222,0.0189714
8/3/24 6:00,0.195084,0.1518836
8/3/24 7:00,0.4260668,0.3692423
8/3/24 8:00,0.6443502,0.5939309
8/3/24 9:00,0.9160386,0.8708052
8/3/24 10:00,0.8861018,0.8567591
8/3/24 11:00,0.9357545,0.9102873
8/3/24 12:00,0.9853817,0.95736
8/3/24 13:00,0.8690233,0.8371565
8/3/24 14:00,0.8599343,0.8109967
8/3/24 15:00,0.6998292,0.6321493
8/3/24 16:00,0.4442046,0.3618234
8/3/24 17:00,0.171987,0.09710833
8/3/24 18:00,0.01345807,0
8/3/24 19:00,0,0
8/3/24 20:00,0,0
8/3/24 21:00,0,0
8/3/24 22:00,0,0
8/3/24 23:00,0,0
8/4/24 0:00,0,0
8/4/24 1:00,0,0
8/4/24 2:00,0,0
8/4/24 3:00,0,0
8/4/24 4:00,0,0
8/4/24 5:00,0.03357225,0.01778759
8/4/24 6:00,0.1893894,0.1501914
8/4/24 7:00,0.4917425,0.4207956
8/4/24 8:00,0.5915548,0.5492859
8/4/24 9:00,0.5892431,0.5670075
8/4/24 10:00,0.8937396,0.8656307
8/4/24 11:00,0.8550372,0.8332886
8/4/24 12:00,0.8423108,0.8201089
8/4/24 13:00,0.5761011,0.5589807
8/4/24 14:00,0.4755401,0.4583481
8/4/24 15:00,0.4161541,0.3915908
8/4/24 16:00,0.3155196,0.2745368
8/4/24 17:00,0.1577339,0.09699582
8/4/24 18:00,0.01034512,0
8/4/24 19:00,0,0
8/4/24 20:00,0,0
8/4/24 21:00,0,0
8/4/24 22:00,0,0
8/4/24 23:00,0,0
8/5/24 0:00,0,0
8/5/24 1:00,0,0
8/5/24 2:00,0,0
8/5/24 3:00,0,0
8/5/24 4:00,0,0
8/5/24 5:00,0.0363481,0.01436214
8/5/24 6:00,0.2256352,0.1614064
8/5/24 7:00,0.4922691,0.4227624
8/5/24 8:00,0.6146855,0.5707204
8/5/24 9:00,0.5751929,0.5545337
8/5/24 10:00,0.78707,0.7643125
8/5/24 11:00,0.8723045,0.8514437
8/5/24 12:00,0.9557578,0.9318933
8/5/24 13:00,0.850623,0.8225698
8/5/24 14:00,0.7300597,0.6930305
8/5/24 15:00,0.4557669,0.425413
8/5/24 16:00,0.3583951,0.3023762
8/5/24 17:00,0.1473664,0.09682622
8/5/24 18:00,0.006468988,0
8/5/24 19:00,0,0
8/5/24 20:00,0,0
8/5/24 21:00,0,0
8/5/24 22:00,0,0
8/5/24 23:00,0,0
8/6/24 0:00,0,0
8/6/24 1:00,0,0
8/6/24 2:00,0,0
8/6/24 3:00,0,0
8/6/24 4:00,0,0
8/6/24 5:00,0.0144037,0.01364472
8/6/24 6:00,0.07185047,0.06930438
8/6/24 7:00,0.2261451,0.2165157
8/6/24 8:00,0.2559021,0.2481003
8/6/24 9:00,0.6601387,0.6348658
8/6/24 10:00,0.7058405,0.6868249
8/6/24 11:00,0.5760064,0.5616779
8/6/24 12:00,0.8779292,0.8574998
8/6/24 13:00,0.6905611,0.6702622
8/6/24 14:00,0.387309,0.3753319
8/6/24 15:00,0.3144861,0.3023341
8/6/24 16:00,0.1847052,0.1766003
8/6/24 17:00,0.0688881,0.0654871
8/6/24 18:00,0.008008836,0
8/6/24 19:00,0,0
8/6/24 20:00,0,0
8/6/24 21:00,0,0
8/6/24 22:00,0,0
8/6/24 23:00,0,0
8/7/24 0:00,0,0
8/7/24 1:00,0,0
8/7/24 2:00,0,0
8/7/24 3:00,0,0
8/7/24 4:00,0,0
8/7/24 5:00,0.03444633,0.01417671
8/7/24 6:00,0.1574859,0.1369905
8/7/24 7:00,0.1381223,0.1338369
8/7/24 8:00,0.3526897,0.3399781
8/7/24 9:00,0.5757926,0.556403
8/7/24 10:00,0.7117238,0.6934543
8/7/24 11:00,0.8157834,0.7985834
8/7/24 12:00,0.5338494,0.5203902
8/7/24 13:00,0.4658195,0.4530695
8/7/24 14:00,0.1497557,0.1454365
8/7/24 15:00,0.1417867,0.1375944
8/7/24 16:00,0.2223191,0.2087428
8/7/24 17:00,0.09594852,0.08506601
8/7/24 18:00,0.01020995,0
8/7/24 19:00,0,0
8/7/24 20:00,0,0
8/7/24 21:00,0,0
8/7/24 22:00,0,0
8/7/24 23:00,0,0
8/8/24 0:00,0,0
8/8/24 1:00,0,0
8/8/24 2:00,0,0
8/8/24 3:00,0,0
8/8/24 4:00,0,0
8/8/24 5:00,0.03926203,0.008255253
8/8/24 6:00,0.1165274,0.1095144
8/8/24 7:00,0.1245407,0.1207177
8/8/24 8:00,0.1017705,0.09880951
8/8/24 9:00,0.2629548,0.2554377
8/8/24 10:00,0.2162603,0.2101243
8/8/24 11:00,0.3501727,0.3404888
8/8/24 12:00,0.3677578,0.3576547
8/8/24 13:00,0.2557304,0.2484797
8/8/24 14:00,0.2261703,0.2196562
8/8/24 15:00,0.117873,0.1144085
8/8/24 16:00,0.106313,0.1029633
8/8/24 17:00,0.02734733,0.02642073
8/8/24 18:00,0.0076364,0
8/8/24 19:00,0,0
8/8/24 20:00,0,0
8/8/24 21:00,0,0
8/8/24 22:00,0,0
8/8/24 23:00,0,0
8/9/24 0:00,0,0
8/9/24 1:00,0,0
8/9/24 2:00,0,0
8/9/24 3:00,0,0
8/9/24 4:00,0,0
8/9/24 5:00,0.03074196,0.01562294
8/9/24 6:00,0.06256728,0.06042594
8/9/24 7:00,0.1715196,0.1659315
8/9/24 8:00,0.5565113,0.5246614
8/9/24 9:00,0.5367098,0.5203902
8/9/24 10:00,0.6509508,0.6356163
8/9/24 11:00,0.6070467,0.5934832
8/9/24 12:00,0.7543473,0.7394896
8/9/24 13:00,0.6523145,0.635719
8/9/24 14:00,0.4457421,0.4317573
8/9/24 15:00,0.1587499,0.1540572
8/9/24 16:00,0.1045479,0.1012658
8/9/24 17:00,0.03949665,0.03805674
8/9/24 18:00,0.005343613,0
8/9/24 19:00,0,0
8/9/24 20:00,0,0
8/9/24 21:00,0,0
8/9/24 22:00,0,0
8/9/24 23:00,0,0
8/10/24 0:00,0,0
8/10/24 1:00,0,0
8/10/24 2:00,0,0
8/10/24 3:00,0,0
8/10/24 4:00,0,0
8/10/24 5:00,0.02978158,0.01554312
8/10/24 6:00,0.1071142,0.1016905
8/10/24 7:00,0.1594056,0.1543707
8/10/24 8:00,0.1930306,0.1873909
8/10/24 9:00,0.2219932,0.2156609
8/10/24 10:00,0.2680005,0.2604545
8/10/24 11:00,0.3489368,0.3393409
8/10/24 12:00,0.2481414,0.2411589
8/10/24 13:00,0.2357477,0.229076
8/10/24 14:00,0.09504528,0.09230687
8/10/24 15:00,0.06975338,0.06772044
8/10/24 16:00,0.07953615,0.07709756
8/10/24 17:00,0.04849429,0.04662458
8/10/24 18:00,0.005087186,0
8/10/24 19:00,0,0
8/10/24 20:00,0,0
8/10/24 21:00,0,0
8/10/24 22:00,0,0
8/10/24 23:00,0,0
8/11/24 0:00,0,0
8/11/24 1:00,0,0
8/11/24 2:00,0,0
8/11/24 3:00,0,0
8/11/24 4:00,0,0
8/11/24 5:00,0.02681178,0.01672039
8/11/24 6:00,0.04658776,0.04507039
8/11/24 7:00,0.1401656,0.1358564
8/11/24 8:00,0.08874726,0.0861746
8/11/24 9:00,0.02683112,0.02605314
8/11/24 10:00,0.0541839,0.05262156
8/11/24 11:00,0.04034001,0.0391742
8/11/24 12:00,0.0892652,0.08670639
8/11/24 13:00,0.1446753,0.1405507
8/11/24 14:00,0.0921462,0.08949281
8/11/24 15:00,0.02600668,0.02525023
8/11/24 16:00,0.05471214,0.05306884
8/11/24 17:00,0.02003303,0.01938127
8/11/24 18:00,0.004844965,0
8/11/24 19:00,0,0
8/11/24 20:00,0,0
8/11/24 21:00,0,0
8/11/24 22:00,0,0
8/11/24 23:00,0,0
8/12/24 0:00,0,0
8/12/24 1:00,0,0
8/12/24 2:00,0,0
8/12/24 3:00,0,0
8/12/24 4:00,0,0
8/12/24 5:00,0.0313556,0.01238836
8/12/24 6:00,0.09364339,0.08979069
8/12/24 7:00,0.4141453,0.3708874
8/12/24 8:00,0.6142407,0.5807605
8/12/24 9:00,0.900086,0.873436
8/12/24 10:00,0.9661698,0.9506446
8/12/24 11:00,1.014114,1.003184
8/12/24 12:00,0.9017981,0.8904431
8/12/24 13:00,0.7428145,0.7275552
8/12/24 14:00,0.4958058,0.4807395
8/12/24 15:00,0.4111822,0.3910881
8/12/24 16:00,0.2705547,0.246496
8/12/24 17:00,0.1288985,0.09086356
8/12/24 18:00,0.004613349,0
8/12/24 19:00,0,0
8/12/24 20:00,0,0
8/12/24 21:00,0,0
8/12/24 22:00,0,0
8/12/24 23:00,0,0
8/13/24 0:00,0,0
8/13/24 1:00,0,0
8/13/24 2:00,0,0
8/13/24 3:00,0,0
8/13/24 4:00,0,0
8/13/24 5:00,0.02384943,0.01672116
8/13/24 6:00,0.2270832,0.1678065
8/13/24 7:00,0.4245899,0.3805147
8/13/24 8:00,0.644582,0.6103568
8/13/24 9:00,0.808535,0.7866306
8/13/24 10:00,0.6876383,0.675278
8/13/24 11:00,0.8491496,0.8398868
8/13/24 12:00,0.8778452,0.8681187
8/13/24 13:00,0.6764408,0.662939
8/13/24 14:00,0.7349024,0.7099329
8/13/24 15:00,0.6470896,0.602125
8/13/24 16:00,0.3479626,0.3015475
8/13/24 17:00,0.1273943,0.08982977
8/13/24 18:00,0.003550671,0
8/13/24 19:00,0,0
8/13/24 20:00,0,0
8/13/24 21:00,0,0
8/13/24 22:00,0,0
8/13/24 23:00,0,0
8/14/24 0:00,0,0
8/14/24 1:00,0,0
8/14/24 2:00,0,0
8/14/24 3:00,0,0
8/14/24 4:00,0,0
8/14/24 5:00,0.02830746,0.01348374
8/14/24 6:00,0.2151978,0.1635398
8/14/24 7:00,0.3378594,0.3130015
8/14/24 8:00,0.4473763,0.4304047
8/14/24 9:00,0.6171027,0.6018248
8/14/24 10:00,0.7365681,0.7254067
8/14/24 11:00,0.9684103,0.9615834
8/14/24 12:00,0.9629573,0.9552181
8/14/24 13:00,0.9688441,0.9540604
8/14/24 14:00,0.8402784,0.8132774
8/14/24 15:00,0.5253622,0.4935014
8/14/24 16:00,0.307111,0.2733853
8/14/24 17:00,0.1220997,0.08851816
8/14/24 18:00,0.004912545,0
8/14/24 19:00,0,0
8/14/24 20:00,0,0
8/14/24 21:00,0,0
8/14/24 22:00,0,0
8/14/24 23:00,0,0
8/15/24 0:00,0,0
8/15/24 1:00,0,0
8/15/24 2:00,0,0
8/15/24 3:00,0,0
8/15/24 4:00,0,0
8/15/24 5:00,0.03173174,0.009232095
8/15/24 6:00,0.1265565,0.1174761
8/15/24 7:00,0.1830425,0.1770814
8/15/24 8:00,0.2680372,0.2602068
8/15/24 9:00,0.1366099,0.1327161
8/15/24 10:00,0.5823563,0.5710626
8/15/24 11:00,0.7858847,0.77842
8/15/24 12:00,0.6173996,0.6066997
8/15/24 13:00,0.4504678,0.4394488
8/15/24 14:00,0.1196545,0.1162296
8/15/24 15:00,0.1994244,0.1935579
8/15/24 16:00,0.2397137,0.223509
8/15/24 17:00,0.09287642,0.08027054
8/15/24 18:00,0.003985425,0
8/15/24 19:00,0,0
8/15/24 20:00,0,0
8/15/24 21:00,0,0
8/15/24 22:00,0,0
8/15/24 23:00,0,0
8/16/24 0:00,0,0
8/16/24 1:00,0,0
8/16/24 2:00,0,0
8/16/24 3:00,0,0
8/16/24 4:00,0,0
8/16/24 5:00,0.03232287,0.00773342
8/16/24 6:00,0.2657667,0.194169
8/16/24 7:00,0.4938368,0.4440167
8/16/24 8:00,0.6339252,0.6058905
8/16/24 9:00,0.8667396,0.8495803
8/16/24 10:00,0.9334498,0.9263752
8/16/24 11:00,0.9359072,0.932704
8/16/24 12:00,0.8953158,0.8908474
8/16/24 13:00,0.7992303,0.7894146
8/16/24 14:00,0.7708381,0.7499853
8/16/24 15:00,0.6602208,0.6201918
8/16/24 16:00,0.3159978,0.2809041
8/16/24 17:00,0.1097395,0.08500171
8/16/24 18:00,0.002065716,0
8/16/24 19:00,0,0
8/16/24 20:00,0,0
8/16/24 21:00,0,0
8/16/24 22:00,0,0
8/16/24 23:00,0,0
8/17/24 0:00,0,0
8/17/24 1:00,0,0
8/17/24 2:00,0,0
8/17/24 3:00,0,0
8/17/24 4:00,0,0
8/17/24 5:00,0.01163208,0.01100788
8/17/24 6:00,0.1341201,0.1231878
8/17/24 7:00,0.272143,0.2592206
8/17/24 8:00,0.3670564,0.3558795
8/17/24 9:00,0.4689586,0.4578446
8/17/24 10:00,0.4097596,0.3994717
8/17/24 11:00,0.4972146,0.4863206
8/17/24 12:00,0.5264788,0.515724
8/17/24 13:00,0.720877,0.7119183
8/17/24 14:00,0.5694675,0.555427
8/17/24 15:00,0.460566,0.4387952
8/17/24 16:00,0.2301452,0.2160472
8/17/24 17:00,0.06312816,0.0597496
8/17/24 18:00,0.001689577,0
8/17/24 19:00,0,0
8/17/24 20:00,0,0
8/17/24 21:00,0,0
8/17/24 22:00,0,0
8/17/24 23:00,0,0
8/18/24 0:00,0,0
8/18/24 1:00,0,0
8/18/24 2:00,0,0
8/18/24 3:00,0,0
8/18/24 4:00,0,0
8/18/24 5:00,0.01750267,0.01482809
8/18/24 6:00,0.1497506,0.1338436
8/18/24 7:00,0.4470786,0.4072298
8/18/24 8:00,0.6322284,0.6080293
8/18/24 9:00,0.8977245,0.8845775
8/18/24 10:00,0.9790071,0.976266
8/18/24 11:00,1.102555,1.104763
8/18/24 12:00,0.824119,0.8214041
8/18/24 13:00,0.7883419,0.7816752
8/18/24 14:00,0.6104831,0.5966808
8/18/24 15:00,0.4041643,0.3880634
8/18/24 16:00,0.3410127,0.3009935
8/18/24 17:00,0.1254642,0.08446949
8/18/24 18:00,0.002732735,0
8/18/24 19:00,0,0
8/18/24 20:00,0,0
8/18/24 21:00,0,0
8/18/24 22:00,0,0
8/18/24 23:00,0,0
8/19/24 0:00,0,0
8/19/24 1:00,0,0
8/19/24 2:00,0,0
8/19/24 3:00,0,0
8/19/24 4:00,0,0
8/19/24 5:00,0.01418615,0.01298205
8/19/24 6:00,0.1741869,0.1481248
8/19/24 7:00,0.3815093,0.3534801
8/19/24 8:00,0.5196459,0.5027136
8/19/24 9:00,0.6410549,0.6310086
8/19/24 10:00,0.8235204,0.8209019
8/19/24 11:00,0.8729577,0.8738331
8/19/24 12:00,1.022165,1.025203
8/19/24 13:00,0.8595793,0.8555108
8/19/24 14:00,0.6947674,0.6810489
8/19/24 15:00,0.4180976,0.4015713
8/19/24 16:00,0.2668791,0.2457649
8/19/24 17:00,0.1007326,0.08031167
8/19/24 18:00,0.001456008,0
8/19/24 19:00,0,0
8/19/24 20:00,0,0
8/19/24 21:00,0,0
8/19/24 22:00,0,0
8/19/24 23:00,0,0
8/20/24 0:00,0,0
8/20/24 1:00,0,0
8/20/24 2:00,0,0
8/20/24 3:00,0,0
8/20/24 4:00,0,0
8/20/24 5:00,0.02627512,0.01055132
8/20/24 6:00,0.07149107,0.06908248
8/20/24 7:00,0.1175919,0.114112
8/20/24 8:00,0.1519262,0.1475901
8/20/24 9:00,0.3055109,0.2972558
8/20/24 10:00,0.3026793,0.2944296
8/20/24 11:00,0.340511,0.3314074
8/20/24 12:00,0.3315994,0.3226902
8/20/24 13:00,0.2911357,0.2831679
8/20/24 14:00,0.1249302,0.1213776
8/20/24 15:00,0.07183196,0.06975815
8/20/24 16:00,0.1080002,0.1046899
8/20/24 17:00,0.06402744,0.06010709
8/20/24 18:00,0.001825721,0
8/20/24 19:00,0,0
8/20/24 20:00,0,0
8/20/24 21:00,0,0
8/20/24 22:00,0,0
8/20/24 23:00,0,0
8/21/24 0:00,0,0
8/21/24 1:00,0,0
8/21/24 2:00,0,0
8/21/24 3:00,0,0
8/21/24 4:00,0,0
8/21/24 5:00,0.02316386,0.0125333
8/21/24 6:00,0.02789023,0.02703937
8/21/24 7:00,0.04755103,0.0461656
8/21/24 8:00,0.01507806,0.01464017
8/21/24 9:00,0.02102346,0.02041414
8/21/24 10:00,0.04839961,0.04700693
8/21/24 11:00,0.1198809,0.1164845
8/21/24 12:00,0.3707964,0.3612298
8/21/24 13:00,0.2933825,0.2853875
8/21/24 14:00,0.2077021,0.2018762
8/21/24 15:00,0.1918267,0.1863093
8/21/24 16:00,0.2017947,0.1923511
8/21/24 17:00,0.04900825,0.04698422
8/21/24 18:00,0.001356031,0
8/21/24 19:00,0,0
8/21/24 20:00,0,0
8/21/24 21:00,0,0
8/21/24 22:00,0,0
8/21/24 23:00,0,0
8/22/24 0:00,0,0
8/22/24 1:00,0,0
8/22/24 2:00,0,0
8/22/24 3:00,0,0
8/22/24 4:00,0,0
8/22/24 5:00,0.0252395,0.01002611
8/22/24 6:00,0.1740559,0.149625
8/22/24 7:00,0.2325276,0.2243551
8/22/24 8:00,0.3622177,0.352661
8/22/24 9:00,0.457752,0.4483904
8/22/24 10:00,0.5496978,0.5412927
8/22/24 11:00,0.7008486,0.6980273
8/22/24 12:00,0.6466298,0.6412969
8/22/24 13:00,0.5703589,0.5627199
8/22/24 14:00,0.4798718,0.4703233
8/22/24 15:00,0.3692484,0.3574763
8/22/24 16:00,0.1839005,0.1764197
8/22/24 17:00,0.03961733,0.03812837
8/22/24 18:00,0.000525715,0
8/22/24 19:00,0,0
8/22/24 20:00,0,0
8/22/24 21:00,0,0
8/22/24 22:00,0,0
8/22/24 23:00,0,0
8/23/24 0:00,0,0
8/23/24 1:00,0,0
8/23/24 2:00,0,0
8/23/24 3:00,0,0
8/23/24 4:00,0,0
8/23/24 5:00,0.01577999,0.01333048
8/23/24 6:00,0.03541214,0.03432146
8/23/24 7:00,0.04609424,0.04475467
8/23/24 8:00,0.1674641,0.1627258
8/23/24 9:00,0.5070489,0.4986637
8/23/24 10:00,0.545138,0.5370613
8/23/24 11:00,0.4187943,0.4088574
8/23/24 12:00,0.5709496,0.5632602
8/23/24 13:00,0.395803,0.3863875
8/23/24 14:00,0.564217,0.5561079
8/23/24 15:00,0.4229542,0.4091998
8/23/24 16:00,0.2307968,0.217674
8/23/24 17:00,0.1095411,0.07748833
8/23/24 18:00,0.000994831,0
8/23/24 19:00,0,0
8/23/24 20:00,0,0
8/23/24 21:00,0,0
8/23/24 22:00,0,0
8/23/24 23:00,0,0
8/24/24 0:00,0,0
8/24/24 1:00,0,0
8/24/24 2:00,0,0
8/24/24 3:00,0,0
8/24/24 4:00,0,0
8/24/24 5:00,0.02272983,0.01092821
8/24/24 6:00,0.07926743,0.0765569
8/24/24 7:00,0.113207,0.1099031
8/24/24 8:00,0.04206172,0.0408497
8/24/24 9:00,0.2078157,0.2020439
8/24/24 10:00,0.4032751,0.3937563
8/24/24 11:00,0.683014,0.6810892
8/24/24 12:00,0.7284575,0.7294877
8/24/24 13:00,0.3178682,0.3094625
8/24/24 14:00,0.1899448,0.1846381
8/24/24 15:00,0.2673267,0.2598043
8/24/24 16:00,0.154258,0.1490377
8/24/24 17:00,0.01791117,0.01732794
8/24/24 18:00,0.00041352,0
8/24/24 19:00,0,0
8/24/24 20:00,0,0
8/24/24 21:00,0,0
8/24/24 22:00,0,0
8/24/24 23:00,0,0
8/25/24 0:00,0,0
8/25/24 1:00,0,0
8/25/24 2:00,0,0
8/25/24 3:00,0,0
8/25/24 4:00,0,0
8/25/24 5:00,0.01202868,0.01109726
8/25/24 6:00,0.05172036,0.05008955
8/25/24 7:00,0.2434775,0.235255
8/25/24 8:00,0.507625,0.4982196
8/25/24 9:00,0.6565286,0.654692
8/25/24 10:00,0.7875017,0.7936014
8/25/24 11:00,0.9609889,0.9771386
8/25/24 12:00,0.6886687,0.6882728
8/25/24 13:00,0.7898344,0.795315
8/25/24 14:00,0.4785982,0.4707886
8/25/24 15:00,0.3090592,0.3005542
8/25/24 16:00,0.2474409,0.2322854
8/25/24 17:00,0.1032606,0.07435912
8/25/24 18:00,0.000464318,0
8/25/24 19:00,0,0
8/25/24 20:00,0,0
8/25/24 21:00,0,0
8/25/24 22:00,0,0
8/25/24 23:00,0,0
8/26/24 0:00,0,0
8/26/24 1:00,0,0
8/26/24 2:00,0,0
8/26/24 3:00,0,0
8/26/24 4:00,0,0
8/26/24 5:00,0.01857129,0.01244993
8/26/24 6:00,0.03716956,0.03603159
8/26/24 7:00,0.03469174,0.03368663
8/26/24 8:00,0.07710761,0.07490591
8/26/24 9:00,0.0470354,0.04568414
8/26/24 10:00,0.1423979,0.1384024
8/26/24 11:00,0.06528167,0.06341449
8/26/24 12:00,0.1123011,0.1091268
8/26/24 13:00,0.03847105,0.03736298
8/26/24 14:00,0.1306058,0.1269268
8/26/24 15:00,0.1070442,0.1039911
8/26/24 16:00,0.01703236,0.01653588
8/26/24 17:00,0.01223016,0.01184579
8/26/24 18:00,0.000250598,0
8/26/24 19:00,0,0
8/26/24 20:00,0,0
8/26/24 21:00,0,0
8/26/24 22:00,0,0
8/26/24 23:00,0,0
8/27/24 0:00,0,0
8/27/24 1:00,0,0
8/27/24 2:00,0,0
8/27/24 3:00,0,0
8/27/24 4:00,0,0
8/27/24 5:00,0.02444554,0.007135524
8/27/24 6:00,0.1913423,0.1639478
8/27/24 7:00,0.3757702,0.3590982
8/27/24 8:00,0.5573949,0.5510322
8/27/24 9:00,0.602836,0.6010289
8/27/24 10:00,0.8824459,0.8976488
8/27/24 11:00,0.9436034,0.963456
8/27/24 12:00,0.9906663,1.011866
8/27/24 13:00,0.8470306,0.8590863
8/27/24 14:00,0.527036,0.5219938
8/27/24 15:00,0.5545931,0.5416492
8/27/24 16:00,0.2875651,0.2668959
8/27/24 17:00,0.05958711,0.05523261
8/27/24 18:00,8.41598E-05,0
8/27/24 19:00,0,0
8/27/24 20:00,0,0
8/27/24 21:00,0,0
8/27/24 22:00,0,0
8/27/24 23:00,0,0
8/28/24 0:00,0,0
8/28/24 1:00,0,0
8/28/24 2:00,0,0
8/28/24 3:00,0,0
8/28/24 4:00,0,0
8/28/24 5:00,0.009311918,0.008803627
8/28/24 6:00,0.09260014,0.08917745
8/28/24 7:00,0.2512962,0.2434833
8/28/24 8:00,0.04902399,0.04761739
8/28/24 9:00,0.1893278,0.1840923
8/28/24 10:00,0.2106379,0.2048438
8/28/24 11:00,0.1781531,0.173209
8/28/24 12:00,0.1108619,0.1077322
8/28/24 13:00,0.3149254,0.3067365
8/28/24 14:00,0.2797204,0.2723964
8/28/24 15:00,0.1435367,0.139484
8/28/24 16:00,0.05169958,0.05018673
8/28/24 17:00,0.04134571,0.0396796
8/28/24 18:00,2.52092E-05,0
8/28/24 19:00,0,0
8/28/24 20:00,0,0
8/28/24 21:00,0,0
8/28/24 22:00,0,0
8/28/24 23:00,0,0
8/29/24 0:00,0,0
8/29/24 1:00,0,0
8/29/24 2:00,0,0
8/29/24 3:00,0,0
8/29/24 4:00,0,0
8/29/24 5:00,0.02476925,0
8/29/24 6:00,0.1072948,0.1026237
8/29/24 7:00,0.2983158,0.2887676
8/29/24 8:00,0.3429733,0.3355759
8/29/24 9:00,0.3134906,0.3055526
8/29/24 10:00,0.2103668,0.2045905
8/29/24 11:00,0.5059687,0.4981345
8/29/24 12:00,0.4347693,0.4257011
8/29/24 13:00,0.3665236,0.3578743
8/29/24 14:00,0.2653881,0.2583627
8/29/24 15:00,0.2150968,0.2092316
8/29/24 16:00,0.1361657,0.1319699
8/29/24 17:00,0.03714069,0.0357221
8/29/24 18:00,3.1897E-06,0
8/29/24 19:00,0,0
8/29/24 20:00,0,0
8/29/24 21:00,0,0
8/29/24 22:00,0,0
8/29/24 23:00,0,0
8/30/24 0:00,0,0
8/30/24 1:00,0,0
8/30/24 2:00,0,0
8/30/24 3:00,0,0
8/30/24 4:00,0,0
8/30/24 5:00,0.01696871,0
8/30/24 6:00,0.02436233,0.02363785
8/30/24 7:00,0.06197326,0.060193
8/30/24 8:00,0.09729818,0.09454794
8/30/24 9:00,0.1243787,0.1208911
8/30/24 10:00,0.1127094,0.1095357
8/30/24 11:00,0.1109485,0.1078212
8/30/24 12:00,0.1186272,0.1152911
8/30/24 13:00,0.08283284,0.08048175
8/30/24 14:00,0.1057507,0.1027704
8/30/24 15:00,0.03810762,0.03701154
8/30/24 16:00,0.008174504,0.007936525
8/30/24 17:00,0.001000806,0.00097142
8/30/24 18:00,0,0
8/30/24 19:00,0,0
8/30/24 20:00,0,0
8/30/24 21:00,0,0
8/30/24 22:00,0,0
8/30/24 23:00,0,0
8/31/24 0:00,0,0
8/31/24 1:00,0,0
8/31/24 2:00,0,0
8/31/24 3:00,0,0
8/31/24 4:00,0,0
8/31/24 5:00,0.01474593,0
8/31/24 6:00,0.07900062,0.07644096
8/31/24 7:00,0.1118889,0.1087039
8/31/24 8:00,0.1803889,0.1754147
8/31/24 9:00,0.09101072,0.08843709
8/31/24 10:00,0.2872904,0.2796454
8/31/24 11:00,0.2112378,0.2054548
8/31/24 12:00,0.561878,0.5577405
8/31/24 13:00,0.1962944,0.1909075
8/31/24 14:00,0.3729795,0.365761
8/31/24 15:00,0.2928746,0.2861604
8/31/24 16:00,0.1941555,0.1869474
8/31/24 17:00,0.04761995,0.04498773
8/31/24 18:00,0,0
8/31/24 19:00,0,0
8/31/24 20:00,0,0
8/31/24 21:00,0,0
8/31/24 22:00,0,0
8/31/24 23:00,0,0
9/1/24 0:00,0,0
9/1/24 1:00,0,0
9/1/24 2:00,0,0
9/1/24 3:00,0,0
9/1/24 4:00,0,0
9/1/24 5:00,0.02120347,0
9/1/24 6:00,0.03135674,0.03042291
9/1/24 7:00,0.04587964,0.04456216
9/1/24 8:00,0.1605931,0.1561528
9/1/24 9:00,0.3026009,0.2949588
9/1/24 10:00,0.270777,0.2635287
9/1/24 11:00,0.3132923,0.3050793
9/1/24 12:00,0.1924975,0.1872097
9/1/24 13:00,0.3159758,0.3079563
9/1/24 14:00,0.2288779,0.2227053
9/1/24 15:00,0.1336745,0.1299376
9/1/24 16:00,0.07105556,0.06899039
9/1/24 17:00,0.03399116,0.03270647
9/1/24 18:00,0,0
9/1/24 19:00,0,0
9/1/24 20:00,0,0
9/1/24 21:00,0,0
9/1/24 22:00,0,0
9/1/24 23:00,0,0
9/2/24 0:00,0,0
9/2/24 1:00,0,0
9/2/24 2:00,0,0
9/2/24 3:00,0,0
9/2/24 4:00,0,0
9/2/24 5:00,0.0149432,0
9/2/24 6:00,0.08246489,0.07980219
9/2/24 7:00,0.09671069,0.09397046
9/2/24 8:00,0.3069632,0.3002796
9/2/24 9:00,0.6115664,0.617581
9/2/24 10:00,0.7252795,0.7389703
9/2/24 11:00,0.5261935,0.5205045
9/2/24 12:00,0.469213,0.4615825
9/2/24 13:00,0.2441783,0.2376068
9/2/24 14:00,0.2542843,0.2476212
9/2/24 15:00,0.1589459,0.1545487
9/2/24 16:00,0.06534515,0.06345297
9/2/24 17:00,0.02623987,0.02531174
9/2/24 18:00,0,0
9/2/24 19:00,0,0
9/2/24 20:00,0,0
9/2/24 21:00,0,0
9/2/24 22:00,0,0
9/2/24 23:00,0,0
9/3/24 0:00,0,0
9/3/24 1:00,0,0
9/3/24 2:00,0,0
9/3/24 3:00,0,0
9/3/24 4:00,0,0
9/3/24 5:00,0.02028385,0
9/3/24 6:00,0.1370914,0.1294839
9/3/24 7:00,0.1461848,0.142118
9/3/24 8:00,0.240127,0.2339284
9/3/24 9:00,0.4284633,0.4223704
9/3/24 10:00,0.4947266,0.4890431
9/3/24 11:00,0.7312946,0.7450176
9/3/24 12:00,0.4472499,0.4392475
9/3/24 13:00,0.6860086,0.6988894
9/3/24 14:00,0.6073993,0.6164381
9/3/24 15:00,0.2906523,0.2847817
9/3/24 16:00,0.2213993,0.2133491
9/3/24 17:00,0.03327407,0.03199802
9/3/24 18:00,0,0
9/3/24 19:00,0,0
9/3/24 20:00,0,0
9/3/24 21:00,0,0
9/3/24 22:00,0,0
9/3/24 23:00,0,0
9/4/24 0:00,0,0
9/4/24 1:00,0,0
9/4/24 2:00,0,0
9/4/24 3:00,0,0
9/4/24 4:00,0,0
9/4/24 5:00,0.02025871,0
9/4/24 6:00,0.1414884,0.1336657
9/4/24 7:00,0.269645,0.2641582
9/4/24 8:00,0.4284681,0.4265651
9/4/24 9:00,0.3895675,0.3825628
9/4/24 10:00,0.2633672,0.2563487
9/4/24 11:00,0.4565236,0.4486666
9/4/24 12:00,0.4666412,0.4594207
9/4/24 13:00,0.4181719,0.4109673
9/4/24 14:00,0.3882194,0.3825656
9/4/24 15:00,0.1671401,0.1625739
9/4/24 16:00,0.05193467,0.05043928
9/4/24 17:00,0.04434794,0.04165499
9/4/24 18:00,0,0
9/4/24 19:00,0,0
9/4/24 20:00,0,0
9/4/24 21:00,0,0
9/4/24 22:00,0,0
9/4/24 23:00,0,0
9/5/24 0:00,0,0
9/5/24 1:00,0,0
9/5/24 2:00,0,0
9/5/24 3:00,0,0
9/5/24 4:00,0,0
9/5/24 5:00,0.01602626,0
9/5/24 6:00,0.005751652,0.005584014
9/5/24 7:00,0.07420623,0.07210928
9/5/24 8:00,0.03580112,0.03477456
9/5/24 9:00,0.004889376,0.004746887
9/5/24 10:00,0.1157996,0.1125611
9/5/24 11:00,0.2262055,0.2200998
9/5/24 12:00,0.05360797,0.05207616
9/5/24 13:00,0.03520799,0.03419605
9/5/24 14:00,0.03597413,0.0349419
9/5/24 15:00,0.1577618,0.1534488
9/5/24 16:00,0.1234896,0.1199769
9/5/24 17:00,0.02411937,0.02327437
9/5/24 18:00,0,0
9/5/24 19:00,0,0
9/5/24 20:00,0,0
9/5/24 21:00,0,0
9/5/24 22:00,0,0
9/5/24 23:00,0,0
9/6/24 0:00,0,0
9/6/24 1:00,0,0
9/6/24 2:00,0,0
9/6/24 3:00,0,0
9/6/24 4:00,0,0
9/6/24 5:00,0.01854058,0
9/6/24 6:00,0.1784631,0.1665331
9/6/24 7:00,0.2879779,0.2839166
9/6/24 8:00,0.5452476,0.5554621
9/6/24 9:00,0.6739159,0.6926807
9/6/24 10:00,0.9690546,1.013715
9/6/24 11:00,0.9877797,1.034885
9/6/24 12:00,0.8587588,0.8941736
9/6/24 13:00,0.6617563,0.6764066
9/6/24 14:00,0.653999,0.6730534
9/6/24 15:00,0.3925286,0.3924487
9/6/24 16:00,0.1467546,0.1426835
9/6/24 17:00,0.05795255,0.04972622
9/6/24 18:00,0,0
9/6/24 19:00,0,0
9/6/24 20:00,0,0
9/6/24 21:00,0,0
9/6/24 22:00,0,0
9/6/24 23:00,0,0
9/7/24 0:00,0,0
9/7/24 1:00,0,0
9/7/24 2:00,0,0
9/7/24 3:00,0,0
9/7/24 4:00,0,0
9/7/24 5:00,0.01548594,0
9/7/24 6:00,0.1204828,0.1160384
9/7/24 7:00,0.2340984,0.229458
9/7/24 8:00,0.3700172,0.3664671
9/7/24 9:00,0.672078,0.6924202
9/7/24 10:00,0.9257807,0.9703228
9/7/24 11:00,0.8452714,0.8805394
9/7/24 12:00,1.051845,1.104961
9/7/24 13:00,0.9683666,1.013794
9/7/24 14:00,0.8021188,0.8331957
9/7/24 15:00,0.6048242,0.6179186
9/7/24 16:00,0.2934969,0.2865149
9/7/24 17:00,0.06302856,0.05121402
9/7/24 18:00,0,0
9/7/24 19:00,0,0
9/7/24 20:00,0,0
9/7/24 21:00,0,0
9/7/24 22:00,0,0
9/7/24 23:00,0,0
9/8/24 0:00,0,0
9/8/24 1:00,0,0
9/8/24 2:00,0,0
9/8/24 3:00,0,0
9/8/24 4:00,0,0
9/8/24 5:00,0.02068904,0
9/8/24 6:00,0.08502012,0.0824881
9/8/24 7:00,0.0920784,0.08951858
9/8/24 8:00,0.4871649,0.4945328
9/8/24 9:00,0.3939746,0.3879497
9/8/24 10:00,0.6403943,0.6515195
9/8/24 11:00,0.7937029,0.8238565
9/8/24 12:00,0.5546063,0.5544415
9/8/24 13:00,0.4417723,0.4365793
9/8/24 14:00,0.1154154,0.1122186
9/8/24 15:00,0.1867319,0.1818797
9/8/24 16:00,0.09712238,0.094402
9/8/24 17:00,0.02035033,0.0196574
9/8/24 18:00,0,0
9/8/24 19:00,0,0
9/8/24 20:00,0,0
9/8/24 21:00,0,0
9/8/24 22:00,0,0
9/8/24 23:00,0,0
9/9/24 0:00,0,0
9/9/24 1:00,0,0
9/9/24 2:00,0,0
9/9/24 3:00,0,0
9/9/24 4:00,0,0
9/9/24 5:00,0.01759343,0
9/9/24 6:00,0.2002712,0.1907217
9/9/24 7:00,0.4392311,0.4472467
9/9/24 8:00,0.6739476,0.701308
9/9/24 9:00,0.8355255,0.8772127
9/9/24 10:00,0.9803531,1.034029
9/9/24 11:00,0.9450082,0.996465
9/9/24 12:00,0.8962789,0.9430169
9/9/24 13:00,0.7387844,0.7692089
9/9/24 14:00,0.545212,0.5573488
9/9/24 15:00,0.4621994,0.472582
9/9/24 16:00,0.3133877,0.3102312
9/9/24 17:00,0.06321847,0.05000756
9/9/24 18:00,0,0
9/9/24 19:00,0,0
9/9/24 20:00,0,0
9/9/24 21:00,0,0
9/9/24 22:00,0,0
9/9/24 23:00,0,0
9/10/24 0:00,0,0
9/10/24 1:00,0,0
9/10/24 2:00,0,0
9/10/24 3:00,0,0
9/10/24 4:00,0,0
9/10/24 5:00,0.01447427,0
9/10/24 6:00,0.1896978,0.18273
9/10/24 7:00,0.4997537,0.5125929
9/10/24 8:00,0.7684023,0.8035954
9/10/24 9:00,0.9242935,0.9743711
9/10/24 10:00,1.029873,1.089749
9/10/24 11:00,1.075548,1.139603
9/10/24 12:00,1.032722,1.093371
9/10/24 13:00,0.9569761,1.010503
9/10/24 14:00,0.7376593,0.7734969
9/10/24 15:00,0.4130082,0.4202425
9/10/24 16:00,0.2708101,0.269296
9/10/24 17:00,0.06058466,0.04850094
9/10/24 18:00,0,0
9/10/24 19:00,0,0
9/10/24 20:00,0,0
9/10/24 21:00,0,0
9/10/24 22:00,0,0
9/10/24 23:00,0,0
9/11/24 0:00,0,0
9/11/24 1:00,0,0
9/11/24 2:00,0,0
9/11/24 3:00,0,0
9/11/24 4:00,0,0
9/11/24 5:00,0.01417662,0
9/11/24 6:00,0.04005731,0.03891385
9/11/24 7:00,0.0844078,0.08207577
9/11/24 8:00,0.08697781,0.08455622
9/11/24 9:00,0.2655088,0.2587774
9/11/24 10:00,0.1964145,0.1911325
9/11/24 11:00,0.133945,0.1302428
9/11/24 12:00,0.06066225,0.05893843
9/11/24 13:00,0.07061286,0.06861825
9/11/24 14:00,0.06135552,0.05962191
9/11/24 15:00,0.06973915,0.06778961
9/11/24 16:00,0.07346326,0.07142262
9/11/24 17:00,0.01792203,0.01732656
9/11/24 18:00,0,0
9/11/24 19:00,0,0
9/11/24 20:00,0,0
9/11/24 21:00,0,0
9/11/24 22:00,0,0
9/11/24 23:00,0,0
9/12/24 0:00,0,0
9/12/24 1:00,0,0
9/12/24 2:00,0,0
9/12/24 3:00,0,0
9/12/24 4:00,0,0
9/12/24 5:00,0.01047141,0
9/12/24 6:00,0.02001889,0.01944459
9/12/24 7:00,0.03633373,0.03530188
9/12/24 8:00,0.173003,0.1684126
9/12/24 9:00,0.2504698,0.244024
9/12/24 10:00,0.2130384,0.2073625
9/12/24 11:00,0.181632,0.1767129
9/12/24 12:00,0.1449268,0.1409474
9/12/24 13:00,0.01002291,0.009731855
9/12/24 14:00,0.1154898,0.1123151
9/12/24 15:00,0.02945435,0.02861253
9/12/24 16:00,0.05089737,0.04947064
9/12/24 17:00,0.01823825,0.01763301
9/12/24 18:00,0,0
9/12/24 19:00,0,0
9/12/24 20:00,0,0
9/12/24 21:00,0,0
9/12/24 22:00,0,0
9/12/24 23:00,0,0
9/13/24 0:00,0,0
9/13/24 1:00,0,0
9/13/24 2:00,0,0
9/13/24 3:00,0,0
9/13/24 4:00,0,0
9/13/24 5:00,0.0102835,0
9/13/24 6:00,0.1358418,0.1334253
9/13/24 7:00,0.4344187,0.4521515
9/13/24 8:00,0.4132326,0.417063
9/13/24 9:00,0.5513287,0.5628796
9/13/24 10:00,0.737828,0.771735
9/13/24 11:00,1.00008,1.067368
9/13/24 12:00,0.8761165,0.9304565
9/13/24 13:00,0.7862607,0.8325173
9/13/24 14:00,0.5750204,0.5985184
9/13/24 15:00,0.3913745,0.400718
9/13/24 16:00,0.2217523,0.2225357
9/13/24 17:00,0.05482167,0.04523969
9/13/24 18:00,0,0
9/13/24 19:00,0,0
9/13/24 20:00,0,0
9/13/24 21:00,0,0
9/13/24 22:00,0,0
9/13/24 23:00,0,0
9/14/24 0:00,0,0
9/14/24 1:00,0,0
9/14/24 2:00,0,0
9/14/24 3:00,0,0
9/14/24 4:00,0,0
9/14/24 5:00,0.01222102,0
9/14/24 6:00,0.05170841,0.05027421
9/14/24 7:00,0.1765193,0.1725077
9/14/24 8:00,0.3678054,0.3674069
9/14/24 9:00,0.4418351,0.4406601
9/14/24 10:00,0.8578972,0.9133744
9/14/24 11:00,0.9920207,1.061489
9/14/24 12:00,0.8994989,0.9595072
9/14/24 13:00,0.6006902,0.6178198
9/14/24 14:00,0.5034858,0.516888
9/14/24 15:00,0.1501023,0.1461588
9/14/24 16:00,0.138785,0.1360394
9/14/24 17:00,0.01054374,0.01021773
9/14/24 18:00,0,0
9/14/24 19:00,0,0
9/14/24 20:00,0,0
9/14/24 21:00,0,0
9/14/24 22:00,0,0
9/14/24 23:00,0,0
9/15/24 0:00,0,0
9/15/24 1:00,0,0
9/15/24 2:00,0,0
9/15/24 3:00,0,0
9/15/24 4:00,0,0
9/15/24 5:00,0.01275681,0
9/15/24 6:00,0.04643043,0.04514693
9/15/24 7:00,0.03021323,0.02935459
9/15/24 8:00,0.06527495,0.0634466
9/15/24 9:00,0.1113094,0.1082412
9/15/24 10:00,0.06232129,0.06055651
9/15/24 11:00,0.1965605,0.1913009
9/15/24 12:00,0.315728,0.3080467
9/15/24 13:00,0.3276749,0.3205908
9/15/24 14:00,0.1689293,0.164454
9/15/24 15:00,0.1955092,0.191021
9/15/24 16:00,0.07068229,0.06876643
9/15/24 17:00,0.006972372,0.006762814
9/15/24 18:00,0,0
9/15/24 19:00,0,0
9/15/24 20:00,0,0
9/15/24 21:00,0,0
9/15/24 22:00,0,0
9/15/24 23:00,0,0
9/16/24 0:00,0,0
9/16/24 1:00,0,0
9/16/24 2:00,0,0
9/16/24 3:00,0,0
9/16/24 4:00,0,0
9/16/24 5:00,0.009388384,0
9/16/24 6:00,0.07415441,0.07223534
9/16/24 7:00,0.09073836,0.08828806
9/16/24 8:00,0.1613827,0.1571324
9/16/24 9:00,0.4572385,0.4585678
9/16/24 10:00,0.3406558,0.3330859
9/16/24 11:00,0.3394691,0.3315607
9/16/24 12:00,0.3485035,0.3407764
9/16/24 13:00,0.2300193,0.2240485
9/16/24 14:00,0.1586009,0.154387
9/16/24 15:00,0.218696,0.2145552
9/16/24 16:00,0.1407353,0.1385433
9/16/24 17:00,0.04035092,0.03684397
9/16/24 18:00,0,0
9/16/24 19:00,0,0
9/16/24 20:00,0,0
9/16/24 21:00,0,0
9/16/24 22:00,0,0
9/16/24 23:00,0,0
9/17/24 0:00,0,0
9/17/24 1:00,0,0
9/17/24 2:00,0,0
9/17/24 3:00,0,0
9/17/24 4:00,0,0
9/17/24 5:00,0.01449353,0
9/17/24 6:00,0.1413176,0.1422032
9/17/24 7:00,0.2703311,0.2724467
9/17/24 8:00,0.4137553,0.4209913
9/17/24 9:00,0.6711453,0.7105801
9/17/24 10:00,0.7716658,0.8198944
9/17/24 11:00,0.7459504,0.7844537
9/17/24 12:00,0.6425145,0.6629257
9/17/24 13:00,0.4008347,0.3962742
9/17/24 14:00,0.6273518,0.6686894
9/17/24 15:00,0.3734996,0.3864273
9/17/24 16:00,0.09792866,0.09548362
9/17/24 17:00,0.03450021,0.03251709
9/17/24 18:00,0,0
9/17/24 19:00,0,0
9/17/24 20:00,0,0
9/17/24 21:00,0,0
9/17/24 22:00,0,0
9/17/24 23:00,0,0
9/18/24 0:00,0,0
9/18/24 1:00,0,0
9/18/24 2:00,0,0
9/18/24 3:00,0,0
9/18/24 4:00,0,0
9/18/24 5:00,0.01298077,0
9/18/24 6:00,0.1415401,0.1433543
9/18/24 7:00,0.3152236,0.325185
9/18/24 8:00,0.5445395,0.5778421
9/18/24 9:00,0.7687214,0.8275636
9/18/24 10:00,0.8893972,0.9597779
9/18/24 11:00,0.909747,0.9808009
9/18/24 12:00,0.7382618,0.7797354
9/18/24 13:00,0.4253617,0.4227887
9/18/24 14:00,0.4202136,0.4252566
9/18/24 15:00,0.4020258,0.4222214
9/18/24 16:00,0.2073306,0.2137489
9/18/24 17:00,0.03987323,0.03766164
9/18/24 18:00,0,0
9/18/24 19:00,0,0
9/18/24 20:00,0,0
9/18/24 21:00,0,0
9/18/24 22:00,0,0
9/18/24 23:00,0,0
9/19/24 0:00,0,0
9/19/24 1:00,0,0
9/19/24 2:00,0,0
9/19/24 3:00,0,0
9/19/24 4:00,0,0
9/19/24 5:00,0.01519654,0
9/19/24 6:00,0.1216282,0.1217992
9/19/24 7:00,0.2471342,0.247702
9/19/24 8:00,0.6301595,0.6805609
9/19/24 9:00,0.7351954,0.7911968
9/19/24 10:00,0.8306625,0.8945796
9/19/24 11:00,0.5516085,0.5569725
9/19/24 12:00,0.8643075,0.9325364
9/19/24 13:00,0.660255,0.697459
9/19/24 14:00,0.4792975,0.4954916
9/19/24 15:00,0.4165658,0.4418654
9/19/24 16:00,0.1874556,0.1919749
9/19/24 17:00,0.02499389,0.02433749
9/19/24 18:00,0,0
9/19/24 19:00,0,0
9/19/24 20:00,0,0
9/19/24 21:00,0,0
9/19/24 22:00,0,0
9/19/24 23:00,0,0
9/20/24 0:00,0,0
9/20/24 1:00,0,0
9/20/24 2:00,0,0
9/20/24 3:00,0,0
9/20/24 4:00,0,0
9/20/24 5:00,0.01296551,0
9/20/24 6:00,0.08851992,0.08688781
9/20/24 7:00,0.1626556,0.1590385
9/20/24 8:00,0.2811922,0.2768432
9/20/24 9:00,0.4967594,0.5062047
9/20/24 10:00,0.5326316,0.5390853
9/20/24 11:00,0.7980286,0.8536701
9/20/24 12:00,0.6796145,0.7120658
9/20/24 13:00,0.7610157,0.8212613
9/20/24 14:00,0.5608152,0.5962607
9/20/24 15:00,0.4417854,0.4746277
9/20/24 16:00,0.1716166,0.174701
9/20/24 17:00,0.02593292,0.02564866
9/20/24 18:00,0,0
9/20/24 19:00,0,0
9/20/24 20:00,0,0
9/20/24 21:00,0,0
9/20/24 22:00,0,0
9/20/24 23:00,0,0
9/21/24 0:00,0,0
9/21/24 1:00,0,0
9/21/24 2:00,0,0
9/21/24 3:00,0,0
9/21/24 4:00,0,0
9/21/24 5:00,0.01195637,0
9/21/24 6:00,0.081361,0.07969704
9/21/24 7:00,0.1546116,0.1510503
9/21/24 8:00,0.4556262,0.4750186
9/21/24 9:00,0.1221887,0.1188721
9/21/24 10:00,0.1826505,0.1778102
9/21/24 11:00,0.5397975,0.5448915
9/21/24 12:00,0.6940098,0.731434
9/21/24 13:00,0.4031719,0.4000307
9/21/24 14:00,0.1658957,0.1615866
9/21/24 15:00,0.05914811,0.0575178
9/21/24 16:00,0.08117801,0.07914743
9/21/24 17:00,0.01151345,0.01122574
9/21/24 18:00,0,0
9/21/24 19:00,0,0
9/21/24 20:00,0,0
9/21/24 21:00,0,0
9/21/24 22:00,0,0
9/21/24 23:00,0,0
9/22/24 0:00,0,0
9/22/24 1:00,0,0
9/22/24 2:00,0,0
9/22/24 3:00,0,0
9/22/24 4:00,0,0
9/22/24 5:00,0.006973773,0
9/22/24 6:00,0.1541487,0.163164
9/22/24 7:00,0.4649804,0.5108072
9/22/24 8:00,0.7115619,0.7801061
9/22/24 9:00,0.822634,0.899946
9/22/24 10:00,0.8732154,0.9523024
9/22/24 11:00,1.01684,1.112349
9/22/24 12:00,0.962199,1.052321
9/22/24 13:00,0.8656753,0.9471244
9/22/24 14:00,0.5821795,0.6271569
9/22/24 15:00,0.3823666,0.4066136
9/22/24 16:00,0.2269731,0.246128
9/22/24 17:00,0.04347184,0.05440322
9/22/24 18:00,0,0
9/22/24 19:00,0,0
9/22/24 20:00,0,0
9/22/24 21:00,0,0
9/22/24 22:00,0,0
9/22/24 23:00,0,0
9/23/24 0:00,0,0
9/23/24 1:00,0,0
9/23/24 2:00,0,0
9/23/24 3:00,0,0
9/23/24 4:00,0,0
9/23/24 5:00,0.01076174,0
9/23/24 6:00,0.161129,0.1737176
9/23/24 7:00,0.3319969,0.3528304
9/23/24 8:00,0.5086273,0.5438543
9/23/24 9:00,0.5564198,0.5808774
9/23/24 10:00,0.6397403,0.6698882
9/23/24 11:00,0.9035916,0.9874709
9/23/24 12:00,0.7163038,0.7628551
9/23/24 13:00,0.7865446,0.8596744
9/23/24 14:00,0.5958785,0.6465367
9/23/24 15:00,0.256869,0.257456
9/23/24 16:00,0.145827,0.1475309
9/23/24 17:00,0.01689204,0.01700335
9/23/24 18:00,0,0
9/23/24 19:00,0,0
9/23/24 20:00,0,0
9/23/24 21:00,0,0
9/23/24 22:00,0,0
9/23/24 23:00,0,0
9/24/24 0:00,0,0
9/24/24 1:00,0,0
9/24/24 2:00,0,0
9/24/24 3:00,0,0
9/24/24 4:00,0,0
9/24/24 5:00,0.00910522,0
9/24/24 6:00,0.193577,0.2179697
9/24/24 7:00,0.4308254,0.4775405
9/24/24 8:00,0.5862092,0.6421481
9/24/24 9:00,0.7877225,0.8660058
9/24/24 10:00,0.9409183,1.035013
9/24/24 11:00,0.8064219,0.8733056
9/24/24 12:00,0.6279768,0.6549899
9/24/24 13:00,0.6294505,0.6694704
9/24/24 14:00,0.5234555,0.5586333
9/24/24 15:00,0.3805021,0.408686
9/24/24 16:00,0.1899256,0.2033868
9/24/24 17:00,0.03250765,0.0506296
9/24/24 18:00,0,0
9/24/24 19:00,0,0
9/24/24 20:00,0,0
9/24/24 21:00,0,0
9/24/24 22:00,0,0
9/24/24 23:00,0,0
9/25/24 0:00,0,0
9/25/24 1:00,0,0
9/25/24 2:00,0,0
9/25/24 3:00,0,0
9/25/24 4:00,0,0
9/25/24 5:00,0.01215578,0
9/25/24 6:00,0.2009151,0.2299521
9/25/24 7:00,0.4680909,0.5233531
9/25/24 8:00,0.6689389,0.741713
9/25/24 9:00,0.9067362,1.003067
9/25/24 10:00,0.9676611,1.067909
9/25/24 11:00,1.014713,1.119321
9/25/24 12:00,1.019806,1.125854
9/25/24 13:00,0.8724951,0.9638302
9/25/24 14:00,0.7237839,0.8020549
9/25/24 15:00,0.5317191,0.5934439
9/25/24 16:00,0.2693776,0.3066655
9/25/24 17:00,0.03104836,0.06084315
9/25/24 18:00,0,0
9/25/24 19:00,0,0
9/25/24 20:00,0,0
9/25/24 21:00,0,0
9/25/24 22:00,0,0
9/25/24 23:00,0,0
9/26/24 0:00,0,0
9/26/24 1:00,0,0
9/26/24 2:00,0,0
9/26/24 3:00,0,0
9/26/24 4:00,0,0
9/26/24 5:00,0.00895659,0
9/26/24 6:00,0.1006304,0.1010905
9/26/24 7:00,0.09590413,0.09344364
9/26/24 8:00,0.1301326,0.1267375
9/26/24 9:00,0.2082465,0.2029811
9/26/24 10:00,0.4815979,0.4846231
9/26/24 11:00,0.7169925,0.7657673
9/26/24 12:00,0.8120989,0.8889014
9/26/24 13:00,0.550525,0.5743038
9/26/24 14:00,0.470906,0.4961292
9/26/24 15:00,0.3629423,0.3906164
9/26/24 16:00,0.157985,0.165466
9/26/24 17:00,0.01284796,0.01398461
9/26/24 18:00,0,0
9/26/24 19:00,0,0
9/26/24 20:00,0,0
9/26/24 21:00,0,0
9/26/24 22:00,0,0
9/26/24 23:00,0,0
9/27/24 0:00,0,0
9/27/24 1:00,0,0
9/27/24 2:00,0,0
9/27/24 3:00,0,0
9/27/24 4:00,0,0
9/27/24 5:00,0.008023035,0
9/27/24 6:00,0.08605731,0.08525795
9/27/24 7:00,0.2643832,0.2729065
9/27/24 8:00,0.288217,0.2855505
9/27/24 9:00,0.2287493,0.2230808
9/27/24 10:00,0.1953961,0.1903305
9/27/24 11:00,0.2062117,0.2008708
9/27/24 12:00,0.3546976,0.3481706
9/27/24 13:00,0.540742,0.5635986
9/27/24 14:00,0.4516534,0.4735234
9/27/24 15:00,0.2774536,0.2843142
9/27/24 16:00,0.09122945,0.08959278
9/27/24 17:00,0.005502529,0.005634218
9/27/24 18:00,0,0
9/27/24 19:00,0,0
9/27/24 20:00,0,0
9/27/24 21:00,0,0
9/27/24 22:00,0,0
9/27/24 23:00,0,0
9/28/24 0:00,0,0
9/28/24 1:00,0,0
9/28/24 2:00,0,0
9/28/24 3:00,0,0
9/28/24 4:00,0,0
9/28/24 5:00,0.005883678,0
9/28/24 6:00,0.106914,0.1092332
9/28/24 7:00,0.2371605,0.2408937
9/28/24 8:00,0.2718282,0.2683587
9/28/24 9:00,0.3593111,0.3560289
9/28/24 10:00,0.3712065,0.3655666
9/28/24 11:00,0.5099865,0.5152985
9/28/24 12:00,0.874396,0.9697918
9/28/24 13:00,0.8198482,0.9133964
9/28/24 14:00,0.5712985,0.6292557
9/28/24 15:00,0.2927033,0.3041004
9/28/24 16:00,0.115018,0.1153474
9/28/24 17:00,0.01053102,0
9/28/24 18:00,0,0
9/28/24 19:00,0,0
9/28/24 20:00,0,0
9/28/24 21:00,0,0
9/28/24 22:00,0,0
9/28/24 23:00,0,0
9/29/24 0:00,0,0
9/29/24 1:00,0,0
9/29/24 2:00,0,0
9/29/24 3:00,0,0
9/29/24 4:00,0,0
9/29/24 5:00,0.00873029,0
9/29/24 6:00,0.1359846,0.1484773
9/29/24 7:00,0.3320143,0.3632863
9/29/24 8:00,0.5650399,0.6286992
9/29/24 9:00,0.8522745,0.9544229
9/29/24 10:00,0.8850741,0.9862224
9/29/24 11:00,1.073251,1.19837
9/29/24 12:00,1.04391,1.166487
9/29/24 13:00,0.8379352,0.9372253
9/29/24 14:00,0.6684383,0.7514867
9/29/24 15:00,0.4745103,0.5406364
9/29/24 16:00,0.2363661,0.2801541
9/29/24 17:00,0.02159349,0
9/29/24 18:00,0,0
9/29/24 19:00,0,0
9/29/24 20:00,0,0
9/29/24 21:00,0,0
9/29/24 22:00,0,0
9/29/24 23:00,0,0
9/30/24 0:00,0,0
9/30/24 1:00,0,0
9/30/24 2:00,0,0
9/30/24 3:00,0,0
9/30/24 4:00,0,0
9/30/24 5:00,0.007116853,0
9/30/24 6:00,0.1151029,0.1207639
9/30/24 7:00,0.2186589,0.2203515
9/30/24 8:00,0.3447395,0.3497178
9/30/24 9:00,0.5940992,0.6395669
9/30/24 10:00,0.7876633,0.870718
9/30/24 11:00,1.014136,1.13459
9/30/24 12:00,0.9516162,1.064972
9/30/24 13:00,0.8369431,0.9391775
9/30/24 14:00,0.5440945,0.5994857
9/30/24 15:00,0.3461702,0.3774393
9/30/24 16:00,0.1683763,0.1872752
9/30/24 17:00,0.01779898,0
9/30/24 18:00,0,0
9/30/24 19:00,0,0
9/30/24 20:00,0,0
9/30/24 21:00,0,0
9/30/24 22:00,0,0
9/30/24 23:00,0,0
10/1/24 0:00,0,0
10/1/24 1:00,0,0
10/1/24 2:00,0,0
10/1/24 3:00,0,0
10/1/24 4:00,0,0
10/1/24 5:00,0.007453656,0
10/1/24 6:00,0.02323427,0.02262374
10/1/24 7:00,0.1323631,0.1293307
10/1/24 8:00,0.3679283,0.3779586
10/1/24 9:00,0.6497417,0.714199
10/1/24 10:00,0.6845359,0.740569
10/1/24 11:00,0.8064513,0.8910756
10/1/24 12:00,0.7240217,0.7903166
10/1/24 13:00,0.6754048,0.7444562
10/1/24 14:00,0.3862733,0.3975574
10/1/24 15:00,0.2089527,0.2080883
10/1/24 16:00,0.07050454,0.06900152
10/1/24 17:00,0.002554479,0
10/1/24 18:00,0,0
10/1/24 19:00,0,0
10/1/24 20:00,0,0
10/1/24 21:00,0,0
10/1/24 22:00,0,0
10/1/24 23:00,0,0
10/2/24 0:00,0,0
10/2/24 1:00,0,0
10/2/24 2:00,0,0
10/2/24 3:00,0,0
10/2/24 4:00,0,0
10/2/24 5:00,0.006784307,0
10/2/24 6:00,0.08801211,0.08839788
10/2/24 7:00,0.1879981,0.1867576
10/2/24 8:00,0.4311081,0.4588696
10/2/24 9:00,0.3328098,0.3287002
10/2/24 10:00,0.1787456,0.1741176
10/2/24 11:00,0.2877184,0.2809257
10/2/24 12:00,0.6052004,0.6383014
10/2/24 13:00,0.3547176,0.3514834
10/2/24 14:00,0.3529759,0.3585864
10/2/24 15:00,0.09392039,0.09154997
10/2/24 16:00,0.0671127,0.0656778
10/2/24 17:00,0.00502933,0
10/2/24 18:00,0,0
10/2/24 19:00,0,0
10/2/24 20:00,0,0
10/2/24 21:00,0,0
10/2/24 22:00,0,0
10/2/24 23:00,0,0
10/3/24 0:00,0,0
10/3/24 1:00,0,0
10/3/24 2:00,0,0
10/3/24 3:00,0,0
10/3/24 4:00,0,0
10/3/24 5:00,0.006463859,0
10/3/24 6:00,0.07138243,0.07042098
10/3/24 7:00,0.08931551,0.08708251
10/3/24 8:00,0.2063147,0.2017528
10/3/24 9:00,0.287594,0.2820189
10/3/24 10:00,0.6601128,0.7125633
10/3/24 11:00,0.8060414,0.8958789
10/3/24 12:00,0.6088278,0.6445078
10/3/24 13:00,0.6456883,0.7107571
10/3/24 14:00,0.3584336,0.365827
10/3/24 15:00,0.2794673,0.2938927
10/3/24 16:00,0.08687767,0.08604746
10/3/24 17:00,0.01014595,0
10/3/24 18:00,0,0
10/3/24 19:00,0,0
10/3/24 20:00,0,0
10/3/24 21:00,0,0
10/3/24 22:00,0,0
10/3/24 23:00,0,0
10/4/24 0:00,0,0
10/4/24 1:00,0,0
10/4/24 2:00,0,0
10/4/24 3:00,0,0
10/4/24 4:00,0,0
10/4/24 5:00,0.006853322,0
10/4/24 6:00,0.1315271,0.1489041
10/4/24 7:00,0.3405474,0.3852125
10/4/24 8:00,0.5465158,0.6174712
10/4/24 9:00,0.6500823,0.7216629
10/4/24 10:00,0.7973993,0.8937725
10/4/24 11:00,0.7245514,0.7923409
10/4/24 12:00,0.8087716,0.9071093
10/4/24 13:00,0.7722465,0.8753725
10/4/24 14:00,0.6843832,0.7858866
10/4/24 15:00,0.4483649,0.5254025
10/4/24 16:00,0.1895975,0.232479
10/4/24 17:00,0.01500936,0
10/4/24 18:00,0,0
10/4/24 19:00,0,0
10/4/24 20:00,0,0
10/4/24 21:00,0,0
10/4/24 22:00,0,0
10/4/24 23:00,0,0
10/5/24 0:00,0,0
10/5/24 1:00,0,0
10/5/24 2:00,0,0
10/5/24 3:00,0,0
10/5/24 4:00,0,0
10/5/24 5:00,0.004214569,0
10/5/24 6:00,0.03597305,0.03512618
10/5/24 7:00,0.233654,0.2407347
10/5/24 8:00,0.2936342,0.2935305
10/5/24 9:00,0.3631226,0.3620221
10/5/24 10:00,0.7022741,0.7724714
10/5/24 11:00,1.007883,1.143706
10/5/24 12:00,0.9588052,1.089154
10/5/24 13:00,0.6271456,0.6910776
10/5/24 14:00,0.2602901,0.2568803
10/5/24 15:00,0.1690228,0.1664665
10/5/24 16:00,0.1698687,0.2044761
10/5/24 17:00,0.01387393,0
10/5/24 18:00,0,0
10/5/24 19:00,0,0
10/5/24 20:00,0,0
10/5/24 21:00,0,0
10/5/24 22:00,0,0
10/5/24 23:00,0,0
10/6/24 0:00,0,0
10/6/24 1:00,0,0
10/6/24 2:00,0,0
10/6/24 3:00,0,0
10/6/24 4:00,0,0
10/6/24 5:00,0.005813104,0
10/6/24 6:00,0.175613,0.2265783
10/6/24 7:00,0.3902501,0.4599788
10/6/24 8:00,0.6670572,0.7733495
10/6/24 9:00,0.837355,0.9593287
10/6/24 10:00,0.9406369,1.071723
10/6/24 11:00,1.028796,1.171215
10/6/24 12:00,0.9208065,1.048401
10/6/24 13:00,0.8670431,0.9931564
10/6/24 14:00,0.6979619,0.8085188
10/6/24 15:00,0.4476916,0.5313266
10/6/24 16:00,0.1738165,0.2146951
10/6/24 17:00,0.01183858,0
10/6/24 18:00,0,0
10/6/24 19:00,0,0
10/6/24 20:00,0,0
10/6/24 21:00,0,0
10/6/24 22:00,0,0
10/6/24 23:00,0,0
10/7/24 0:00,0,0
10/7/24 1:00,0,0
10/7/24 2:00,0,0
10/7/24 3:00,0,0
10/7/24 4:00,0,0
10/7/24 5:00,0.005539902,0
10/7/24 6:00,0.1688845,0.2186407
10/7/24 7:00,0.3397482,0.3908292
10/7/24 8:00,0.621932,0.7225811
10/7/24 9:00,0.7873466,0.9038933
10/7/24 10:00,0.8582324,0.9779895
10/7/24 11:00,0.8611158,0.9767571
10/7/24 12:00,0.9235744,1.05474
10/7/24 13:00,0.6297268,0.6995837
10/7/24 14:00,0.5555268,0.6346875
10/7/24 15:00,0.4470297,0.5339048
10/7/24 16:00,0.2089214,0.2735864
10/7/24 17:00,0.009693595,0
10/7/24 18:00,0,0
10/7/24 19:00,0,0
10/7/24 20:00,0,0
10/7/24 21:00,0,0
10/7/24 22:00,0,0
10/7/24 23:00,0,0
10/8/24 0:00,0,0
10/8/24 1:00,0,0
10/8/24 2:00,0,0
10/8/24 3:00,0,0
10/8/24 4:00,0,0
10/8/24 5:00,0.004728058,0
10/8/24 6:00,0.1292011,0.1516881
10/8/24 7:00,0.3223139,0.3673238
10/8/24 8:00,0.5264303,0.6005296
10/8/24 9:00,0.7926837,0.9132547
10/8/24 10:00,0.8116089,0.9230921
10/8/24 11:00,0.8529086,0.9694689
10/8/24 12:00,0.7207972,0.8034977
10/8/24 13:00,0.6889952,0.7818497
10/8/24 14:00,0.527413,0.5993049
10/8/24 15:00,0.3434758,0.3946576
10/8/24 16:00,0.1904163,0.2501027
10/8/24 17:00,0.01063652,0
10/8/24 18:00,0,0
10/8/24 19:00,0,0
10/8/24 20:00,0,0
10/8/24 21:00,0,0
10/8/24 22:00,0,0
10/8/24 23:00,0,0
10/9/24 0:00,0,0
10/9/24 1:00,0,0
10/9/24 2:00,0,0
10/9/24 3:00,0,0
10/9/24 4:00,0,0
10/9/24 5:00,0.005896213,0
10/9/24 6:00,0.1891216,0.2573428
10/9/24 7:00,0.3575069,0.4218777
10/9/24 8:00,0.4744501,0.530111
10/9/24 9:00,0.6570128,0.7433386
10/9/24 10:00,0.8565263,0.9819067
10/9/24 11:00,0.9244409,1.059515
10/9/24 12:00,0.8130841,0.9273347
10/9/24 13:00,0.7840322,0.9053063
10/9/24 14:00,0.6728248,0.7888182
10/9/24 15:00,0.4467349,0.5403412
10/9/24 16:00,0.1981776,0.2663034
10/9/24 17:00,0.01009141,0
10/9/24 18:00,0,0
10/9/24 19:00,0,0
10/9/24 20:00,0,0
10/9/24 21:00,0,0
10/9/24 22:00,0,0
10/9/24 23:00,0,0
10/10/24 0:00,0,0
10/10/24 1:00,0,0
10/10/24 2:00,0,0
10/10/24 3:00,0,0
10/10/24 4:00,0,0
10/10/24 5:00,0.003353145,0
10/10/24 6:00,0.09497324,0.1003333
10/10/24 7:00,0.1861312,0.1865695
10/10/24 8:00,0.3761573,0.3963052
10/10/24 9:00,0.427899,0.4393809
10/10/24 10:00,0.2136885,0.2084392
10/10/24 11:00,0.3952096,0.3923225
10/10/24 12:00,0.6871447,0.7629929
10/10/24 13:00,0.8063411,0.9349695
10/10/24 14:00,0.5670338,0.6595512
10/10/24 15:00,0.3319489,0.3833323
10/10/24 16:00,0.1600201,0.2067516
10/10/24 17:00,0.008100287,0
10/10/24 18:00,0,0
10/10/24 19:00,0,0
10/10/24 20:00,0,0
10/10/24 21:00,0,0
10/10/24 22:00,0,0
10/10/24 23:00,0,0
10/11/24 0:00,0,0
10/11/24 1:00,0,0
10/11/24 2:00,0,0
10/11/24 3:00,0,0
10/11/24 4:00,0,0
10/11/24 5:00,0.003212786,0
10/11/24 6:00,0.1176562,0.1367591
10/11/24 7:00,0.342362,0.4044752
10/11/24 8:00,0.5107054,0.5861274
10/11/24 9:00,0.6783664,0.7774271
10/11/24 10:00,0.7769937,0.8870242
10/11/24 11:00,0.6987053,0.7736169
10/11/24 12:00,0.9240041,1.067925
10/11/24 13:00,0.8320303,0.9686018
10/11/24 14:00,0.6620111,0.782545
10/11/24 15:00,0.4040084,0.4918511
10/11/24 16:00,0.1443304,0.1816262
10/11/24 17:00,0.007251747,0
10/11/24 18:00,0,0
10/11/24 19:00,0,0
10/11/24 20:00,0,0
10/11/24 21:00,0,0
10/11/24 22:00,0,0
10/11/24 23:00,0,0
10/12/24 0:00,0,0
10/12/24 1:00,0,0
10/12/24 2:00,0,0
10/12/24 3:00,0,0
10/12/24 4:00,0,0
10/12/24 5:00,0.003343149,0
10/12/24 6:00,0.1337449,0.1683892
10/12/24 7:00,0.3770784,0.4588676
10/12/24 8:00,0.5554424,0.6511837
10/12/24 9:00,0.714377,0.8278806
10/12/24 10:00,0.7068483,0.7953697
10/12/24 11:00,0.8956923,1.034334
10/12/24 12:00,0.7982304,0.9173072
10/12/24 13:00,0.5909654,0.6587297
10/12/24 14:00,0.5258423,0.609059
10/12/24 15:00,0.3782178,0.4590242
10/12/24 16:00,0.132235,0.162444
10/12/24 17:00,0.005384322,0
10/12/24 18:00,0,0
10/12/24 19:00,0,0
10/12/24 20:00,0,0
10/12/24 21:00,0,0
10/12/24 22:00,0,0
10/12/24 23:00,0,0
10/13/24 0:00,0,0
10/13/24 1:00,0,0
10/13/24 2:00,0,0
10/13/24 3:00,0,0
10/13/24 4:00,0,0
10/13/24 5:00,0.002781685,0
10/13/24 6:00,0.08445447,0.08777519
10/13/24 7:00,0.1975571,0.2008416
10/13/24 8:00,0.3641753,0.3836067
10/13/24 9:00,0.6586956,0.7561652
10/13/24 10:00,0.5217618,0.546226
10/13/24 11:00,0.5829499,0.6202841
10/13/24 12:00,0.6387549,0.7033353
10/13/24 13:00,0.4450016,0.4628797
10/13/24 14:00,0.6023811,0.7157812
10/13/24 15:00,0.3446923,0.4122062
10/13/24 16:00,0.132169,0.1657968
10/13/24 17:00,0.005120413,0
10/13/24 18:00,0,0
10/13/24 19:00,0,0
10/13/24 20:00,0,0
10/13/24 21:00,0,0
10/13/24 22:00,0,0
10/13/24 23:00,0,0
10/14/24 0:00,0,0
10/14/24 1:00,0,0
10/14/24 2:00,0,0
10/14/24 3:00,0,0
10/14/24 4:00,0,0
10/14/24 5:00,0.004735472,0
10/14/24 6:00,0.1393086,0.1847884
10/14/24 7:00,0.3725458,0.4581906
10/14/24 8:00,0.6285702,0.7519696
10/14/24 9:00,0.7899743,0.9281983
10/14/24 10:00,0.8754383,1.019894
10/14/24 11:00,0.5586534,0.589647
10/14/24 12:00,0.5038933,0.5244145
10/14/24 13:00,0.3245747,0.322286
10/14/24 14:00,0.5023776,0.5815041
10/14/24 15:00,0.4219614,0.5263555
10/14/24 16:00,0.1578765,0.220852
10/14/24 17:00,0.003359717,0
10/14/24 18:00,0,0
10/14/24 19:00,0,0
10/14/24 20:00,0,0
10/14/24 21:00,0,0
10/14/24 22:00,0,0
10/14/24 23:00,0,0
10/15/24 0:00,0,0
10/15/24 1:00,0,0
10/15/24 2:00,0,0
10/15/24 3:00,0,0
10/15/24 4:00,0,0
10/15/24 5:00,0.003322538,0
10/15/24 6:00,0.1071033,0.1243367
10/15/24 7:00,0.2342735,0.2492832
10/15/24 8:00,0.5101783,0.5956772
10/15/24 9:00,0.683267,0.7952219
10/15/24 10:00,0.6850832,0.7726536
10/15/24 11:00,0.8509041,0.9878831
10/15/24 12:00,0.9304851,1.088523
10/15/24 13:00,0.8306076,0.9801782
10/15/24 14:00,0.6235188,0.7488897
10/15/24 15:00,0.4086598,0.512377
10/15/24 16:00,0.144215,0.1984152
10/15/24 17:00,0.00502437,0
10/15/24 18:00,0,0
10/15/24 19:00,0,0
10/15/24 20:00,0,0
10/15/24 21:00,0,0
10/15/24 22:00,0,0
10/15/24 23:00,0,0
10/16/24 0:00,0,0
10/16/24 1:00,0,0
10/16/24 2:00,0,0
10/16/24 3:00,0,0
10/16/24 4:00,0,0
10/16/24 5:00,0.003072842,0
10/16/24 6:00,0.08745802,0.09363712
10/16/24 7:00,0.3552853,0.4380576
10/16/24 8:00,0.2726583,0.2733848
10/16/24 9:00,0.4341382,0.4520037
10/16/24 10:00,0.4418768,0.449773
10/16/24 11:00,0.5257721,0.5494082
10/16/24 12:00,0.6951894,0.7894667
10/16/24 13:00,0.536369,0.5907586
10/16/24 14:00,0.3750875,0.4019704
10/16/24 15:00,0.14519,0.1432269
10/16/24 16:00,0.08799981,0.09499601
10/16/24 17:00,0.00208216,0
10/16/24 18:00,0,0
10/16/24 19:00,0,0
10/16/24 20:00,0,0
10/16/24 21:00,0,0
10/16/24 22:00,0,0
10/16/24 23:00,0,0
10/17/24 0:00,0,0
10/17/24 1:00,0,0
10/17/24 2:00,0,0
10/17/24 3:00,0,0
10/17/24 4:00,0,0
10/17/24 5:00,0.002999937,0
10/17/24 6:00,0.1407788,0.1973672
10/17/24 7:00,0.2151946,0.225181
10/17/24 8:00,0.3902945,0.4241453
10/17/24 9:00,0.4826908,0.5172573
10/17/24 10:00,0.7400485,0.8542718
10/17/24 11:00,0.7565764,0.8687149
10/17/24 12:00,0.7314991,0.8427795
10/17/24 13:00,0.7290534,0.8620862
10/17/24 14:00,0.4979565,0.5840137
10/17/24 15:00,0.3207403,0.3874782
10/17/24 16:00,0.1188006,0.1534194
10/17/24 17:00,0.002491244,0
10/17/24 18:00,0,0
10/17/24 19:00,0,0
10/17/24 20:00,0,0
10/17/24 21:00,0,0
10/17/24 22:00,0,0
10/17/24 23:00,0,0
10/18/24 0:00,0,0
10/18/24 1:00,0,0
10/18/24 2:00,0,0
10/18/24 3:00,0,0
10/18/24 4:00,0,0
10/18/24 5:00,0.002767635,0
10/18/24 6:00,0.05564375,0.05513557
10/18/24 7:00,0.2148285,0.2254235
10/18/24 8:00,0.5197703,0.617801
10/18/24 9:00,0.8336672,0.9935753
10/18/24 10:00,0.8589272,1.011962
10/18/24 11:00,0.9667815,1.137847
10/18/24 12:00,0.9227,1.088949
10/18/24 13:00,0.6907099,0.8146477
10/18/24 14:00,0.5676724,0.6865214
10/18/24 15:00,0.3866212,0.4927181
10/18/24 16:00,0.1668049,0.2568121
10/18/24 17:00,0.002369964,0
10/18/24 18:00,0,0
10/18/24 19:00,0,0
10/18/24 20:00,0,0
10/18/24 21:00,0,0
10/18/24 22:00,0,0
10/18/24 23:00,0,0
10/19/24 0:00,0,0
10/19/24 1:00,0,0
10/19/24 2:00,0,0
10/19/24 3:00,0,0
10/19/24 4:00,0,0
10/19/24 5:00,0.00268271,0
10/19/24 6:00,0.1110183,0.1390955
10/19/24 7:00,0.3646252,0.4615379
10/19/24 8:00,0.3433645,0.3618547
10/19/24 9:00,0.4650323,0.4958318
10/19/24 10:00,0.7923653,0.9304811
10/19/24 11:00,0.5918788,0.6418235
10/19/24 12:00,0.6399661,0.7186463
10/19/24 13:00,0.5970389,0.685481
10/19/24 14:00,0.3457341,0.3659868
10/19/24 15:00,0.06797291,0.06633917
10/19/24 16:00,0.03476907,0.03415506
10/19/24 17:00,0.000779576,0
10/19/24 18:00,0,0
10/19/24 19:00,0,0
10/19/24 20:00,0,0
10/19/24 21:00,0,0
10/19/24 22:00,0,0
10/19/24 23:00,0,0
10/20/24 0:00,0,0
10/20/24 1:00,0,0
10/20/24 2:00,0,0
10/20/24 3:00,0,0
10/20/24 4:00,0,0
10/20/24 5:00,0.00196655,0
10/20/24 6:00,0.07507454,0.07855926
10/20/24 7:00,0.1454223,0.1438512
10/20/24 8:00,0.3217778,0.3344741
10/20/24 9:00,0.3700925,0.3758775
10/20/24 10:00,0.4035469,0.4069181
10/20/24 11:00,0.6268647,0.6927887
10/20/24 12:00,0.7130477,0.8255861
10/20/24 13:00,0.7219334,0.8622973
10/20/24 14:00,0.4192369,0.4734125
10/20/24 15:00,0.3300091,0.412832
10/20/24 16:00,0.08846637,0.1017544
10/20/24 17:00,0.002211141,0
10/20/24 18:00,0,0
10/20/24 19:00,0,0
10/20/24 20:00,0,0
10/20/24 21:00,0,0
10/20/24 22:00,0,0
10/20/24 23:00,0,0
10/21/24 0:00,0,0
10/21/24 1:00,0,0
10/21/24 2:00,0,0
10/21/24 3:00,0,0
10/21/24 4:00,0,0
10/21/24 5:00,0.002421258,0
10/21/24 6:00,0.06723439,0.0687831
10/21/24 7:00,0.2982547,0.3586521
10/21/24 8:00,0.2756547,0.2785506
10/21/24 9:00,0.688778,0.8201054
10/21/24 10:00,0.8472179,1.006528
10/21/24 11:00,0.8583726,1.015423
10/21/24 12:00,0.3852678,0.3866134
10/21/24 13:00,0.4293089,0.4512685
10/21/24 14:00,0.4200627,0.4769579
10/21/24 15:00,0.3339674,0.4228803
10/21/24 16:00,0.1405596,0.2211118
10/21/24 17:00,0.00141523,0
10/21/24 18:00,0,0
10/21/24 19:00,0,0
10/21/24 20:00,0,0
10/21/24 21:00,0,0
10/21/24 22:00,0,0
10/21/24 23:00,0,0
10/22/24 0:00,0,0
10/22/24 1:00,0,0
10/22/24 2:00,0,0
10/22/24 3:00,0,0
10/22/24 4:00,0,0
10/22/24 5:00,0.002500745,0
10/22/24 6:00,0.1443022,0.2240345
10/22/24 7:00,0.3863255,0.503454
10/22/24 8:00,0.6026277,0.7438612
10/22/24 9:00,0.7773733,0.9371642
10/22/24 10:00,0.7692784,0.9084966
10/22/24 11:00,0.7684395,0.8992816
10/22/24 12:00,0.755832,0.8909276
10/22/24 13:00,0.8109184,0.9794281
10/22/24 14:00,0.6362751,0.7879584
10/22/24 15:00,0.4008897,0.5264937
10/22/24 16:00,0.1423434,0.2303128
10/22/24 17:00,0.001126905,0
10/22/24 18:00,0,0
10/22/24 19:00,0,0
10/22/24 20:00,0,0
10/22/24 21:00,0,0
10/22/24 22:00,0,0
10/22/24 23:00,0,0
10/23/24 0:00,0,0
10/23/24 1:00,0,0
10/23/24 2:00,0,0
10/23/24 3:00,0,0
10/23/24 4:00,0,0
10/23/24 5:00,0.00196229,0
10/23/24 6:00,0.135678,0.2083945
10/23/24 7:00,0.2606288,0.2998614
10/23/24 8:00,0.4277584,0.4904656
10/23/24 9:00,0.6627938,0.7898978
10/23/24 10:00,0.7302673,0.8575478
10/23/24 11:00,0.5806161,0.6328607
10/23/24 12:00,0.6130682,0.6889271
10/23/24 13:00,0.4058008,0.4226948
10/23/24 14:00,0.4537783,0.5342976
10/23/24 15:00,0.2575535,0.2991483
10/23/24 16:00,0.07199197,0.07845485
10/23/24 17:00,0.000676056,0
10/23/24 18:00,0,0
10/23/24 19:00,0,0
10/23/24 20:00,0,0
10/23/24 21:00,0,0
10/23/24 22:00,0,0
10/23/24 23:00,0,0
10/24/24 0:00,0,0
10/24/24 1:00,0,0
10/24/24 2:00,0,0
10/24/24 3:00,0,0
10/24/24 4:00,0,0
10/24/24 5:00,0.001559673,0
10/24/24 6:00,0.08259622,0.09299883
10/24/24 7:00,0.2146664,0.2302546
10/24/24 8:00,0.4207607,0.4817103
10/24/24 9:00,0.5764234,0.6661595
10/24/24 10:00,0.777352,0.9252481
10/24/24 11:00,0.5177606,0.5479393
10/24/24 12:00,0.6176605,0.6979062
10/24/24 13:00,0.6709391,0.8061239
10/24/24 14:00,0.5628886,0.6996296
10/24/24 15:00,0.2939232,0.3647625
10/24/24 16:00,0.104205,0.147959
10/24/24 17:00,0.00065878,0
10/24/24 18:00,0,0
10/24/24 19:00,0,0
10/24/24 20:00,0,0
10/24/24 21:00,0,0
10/24/24 22:00,0,0
10/24/24 23:00,0,0
10/25/24 0:00,0,0
10/25/24 1:00,0,0
10/25/24 2:00,0,0
10/25/24 3:00,0,0
10/25/24 4:00,0,0
10/25/24 5:00,0.001493374,0
10/25/24 6:00,0.09496256,0.1182084
10/25/24 7:00,0.2648925,0.3108735
10/25/24 8:00,0.4252622,0.4908738
10/25/24 9:00,0.5931275,0.6937287
10/25/24 10:00,0.774483,0.9243146
10/25/24 11:00,0.804642,0.9573978
10/25/24 12:00,0.7528804,0.8957901
10/25/24 13:00,0.4808282,0.528223
10/25/24 14:00,0.3975502,0.4512134
10/25/24 15:00,0.2396661,0.273755
10/25/24 16:00,0.08776287,0.1120035
10/25/24 17:00,0.000624731,0
10/25/24 18:00,0,0
10/25/24 19:00,0,0
10/25/24 20:00,0,0
10/25/24 21:00,0,0
10/25/24 22:00,0,0
10/25/24 23:00,0,0
10/26/24 0:00,0,0
10/26/24 1:00,0,0
10/26/24 2:00,0,0
10/26/24 3:00,0,0
10/26/24 4:00,0,0
10/26/24 5:00,0.001515417,0
10/26/24 6:00,0.1184263,0.1777084
10/26/24 7:00,0.2547309,0.2956267
10/26/24 8:00,0.5502023,0.6853682
10/26/24 9:00,0.6607373,0.7956804
10/26/24 10:00,0.6585065,0.7618535
10/26/24 11:00,0.8301081,0.9940169
10/26/24 12:00,0.5325081,0.5784284
10/26/24 13:00,0.5939188,0.7001444
10/26/24 14:00,0.4463898,0.5309618
10/26/24 15:00,0.3792284,0.5105674
10/26/24 16:00,0.1219189,0.2045743
10/26/24 17:00,0.000368289,0
10/26/24 18:00,0,0
10/26/24 19:00,0,0
10/26/24 20:00,0,0
10/26/24 21:00,0,0
10/26/24 22:00,0,0
10/26/24 23:00,0,0
10/27/24 0:00,0,0
10/27/24 1:00,0,0
10/27/24 2:00,0,0
10/27/24 3:00,0,0
10/27/24 4:00,0,0
10/27/24 5:00,0.000925567,0
10/27/24 6:00,0.118114,0.1809501
10/27/24 7:00,0.2826368,0.3465089
10/27/24 8:00,0.5405088,0.6745234
10/27/24 9:00,0.7308595,0.8937634
10/27/24 10:00,0.7225016,0.8578618
10/27/24 11:00,0.8509593,1.023767
10/27/24 12:00,0.7935215,0.9564834
10/27/24 13:00,0.7235053,0.8858335
10/27/24 14:00,0.5617855,0.7076972
10/27/24 15:00,0.3425339,0.4585812
10/27/24 16:00,0.09191552,0.1286673
10/27/24 17:00,0.000225878,0
10/27/24 18:00,0,0
10/27/24 19:00,0,0
10/27/24 20:00,0,0
10/27/24 21:00,0,0
10/27/24 22:00,0,0
10/27/24 23:00,0,0
10/28/24 0:00,0,0
10/28/24 1:00,0,0
10/28/24 2:00,0,0
10/28/24 3:00,0,0
10/28/24 4:00,0,0
10/28/24 5:00,0.000881659,0
10/28/24 6:00,0.121565,0.1944703
10/28/24 7:00,0.3755657,0.5071957
10/28/24 8:00,0.5672256,0.7151757
10/28/24 9:00,0.7259799,0.8903803
10/28/24 10:00,0.8947181,1.085846
10/28/24 11:00,0.9590985,1.160648
10/28/24 12:00,0.8563133,1.038829
10/28/24 13:00,0.7239184,0.8893391
10/28/24 14:00,0.5484432,0.6924606
10/28/24 15:00,0.3199378,0.4242236
10/28/24 16:00,0.1061112,0.1725558
10/28/24 17:00,0.000223637,0
10/28/24 18:00,0,0
10/28/24 19:00,0,0
10/28/24 20:00,0,0
10/28/24 21:00,0,0
10/28/24 22:00,0,0
10/28/24 23:00,0,0
10/29/24 0:00,0,0
10/29/24 1:00,0,0
10/29/24 2:00,0,0
10/29/24 3:00,0,0
10/29/24 4:00,0,0
10/29/24 5:00,0.000739013,0
10/29/24 6:00,0.1015935,0.1447808
10/29/24 7:00,0.2352766,0.2683886
10/29/24 8:00,0.3621921,0.400613
10/29/24 9:00,0.7093009,0.8713988
10/29/24 10:00,0.7053875,0.838802
10/29/24 11:00,0.8367871,1.011403
10/29/24 12:00,0.8211887,0.9980094
10/29/24 13:00,0.7120055,0.8768438
10/29/24 14:00,0.5504429,0.6983774
10/29/24 15:00,0.3759155,0.5159702
10/29/24 16:00,0.1416015,0.2642763
10/29/24 17:00,0.000143416,0
10/29/24 18:00,0,0
10/29/24 19:00,0,0
10/29/24 20:00,0,0
10/29/24 21:00,0,0
10/29/24 22:00,0,0
10/29/24 23:00,0,0
10/30/24 0:00,0,0
10/30/24 1:00,0,0
10/30/24 2:00,0,0
10/30/24 3:00,0,0
10/30/24 4:00,0,0
10/30/24 5:00,0.000875012,0
10/30/24 6:00,0.06214469,0.0657449
10/30/24 7:00,0.1027834,0.1008658
10/30/24 8:00,0.3697285,0.413667
10/30/24 9:00,0.3270308,0.3297468
10/30/24 10:00,0.5840905,0.6597643
10/30/24 11:00,0.2518162,0.2464097
10/30/24 12:00,0.4813349,0.5126624
10/30/24 13:00,0.3953668,0.4155394
10/30/24 14:00,0.3965409,0.4605031
10/30/24 15:00,0.2935244,0.3836498
10/30/24 16:00,0.09160944,0.1402301
10/30/24 17:00,3.9012E-05,0
10/30/24 18:00,0,0
10/30/24 19:00,0,0
10/30/24 20:00,0,0
10/30/24 21:00,0,0
10/30/24 22:00,0,0
10/30/24 23:00,0,0
10/31/24 0:00,0,0
10/31/24 1:00,0,0
10/31/24 2:00,0,0
10/31/24 3:00,0,0
10/31/24 4:00,0,0
10/31/24 5:00,0.000322974,0
10/31/24 6:00,0.09047806,0.1225066
10/31/24 7:00,0.3163915,0.4195637
10/31/24 8:00,0.5331523,0.6759415
10/31/24 9:00,0.8252739,1.025427
10/31/24 10:00,0.8617296,1.053642
10/31/24 11:00,0.6863209,0.8057595
10/31/24 12:00,0.7147676,0.8594256
10/31/24 13:00,0.6770133,0.8356606
10/31/24 14:00,0.4908278,0.6164734
10/31/24 15:00,0.3324443,0.4561781
10/31/24 16:00,0.1115644,0.2050762
10/31/24 17:00,1.66797E-05,0
10/31/24 18:00,0,0
10/31/24 19:00,0,0
10/31/24 20:00,0,0
10/31/24 21:00,0,0
10/31/24 22:00,0,0
10/31/24 23:00,0,0
11/1/24 0:00,0,0
11/1/24 1:00,0,0
11/1/24 2:00,0,0
11/1/24 3:00,0,0
11/1/24 4:00,0,0
11/1/24 5:00,0.000501253,0
11/1/24 6:00,0.1054692,0.1675103
11/1/24 7:00,0.3316029,0.4498385
11/1/24 8:00,0.5367278,0.6841998
11/1/24 9:00,0.6762036,0.8349925
11/1/24 10:00,0.8521643,1.044528
11/1/24 11:00,0.850278,1.037094
11/1/24 12:00,0.6760804,0.8052758
11/1/24 13:00,0.5087219,0.5838076
11/1/24 14:00,0.501536,0.6361334
11/1/24 15:00,0.3026432,0.4072205
11/1/24 16:00,0.09311819,0.1542942
11/1/24 17:00,1.3087E-06,0
11/1/24 18:00,0,0
11/1/24 19:00,0,0
11/1/24 20:00,0,0
11/1/24 21:00,0,0
11/1/24 22:00,0,0
11/1/24 23:00,0,0
11/2/24 0:00,0,0
11/2/24 1:00,0,0
11/2/24 2:00,0,0
11/2/24 3:00,0,0
11/2/24 4:00,0,0
11/2/24 5:00,0.000364433,0
11/2/24 6:00,0.08909587,0.1250498
11/2/24 7:00,0.3014995,0.3987292
11/2/24 8:00,0.4801082,0.6000682
11/2/24 9:00,0.6767068,0.8385851
11/2/24 10:00,0.8227135,1.010367
11/2/24 11:00,0.6832257,0.8062856
11/2/24 12:00,0.6518233,0.7712975
11/2/24 13:00,0.772088,0.9653981
11/2/24 14:00,0.532133,0.6847402
11/2/24 15:00,0.3020529,0.4095135
11/2/24 16:00,0.08992454,0.1490713
11/2/24 17:00,0,0
11/2/24 18:00,0,0
11/2/24 19:00,0,0
11/2/24 20:00,0,0
11/2/24 21:00,0,0
11/2/24 22:00,0,0
11/2/24 23:00,0,0
11/3/24 0:00,0,0
11/3/24 1:00,0,0
11/3/24 2:00,0,0
11/3/24 3:00,0,0
11/3/24 4:00,0,0
11/3/24 5:00,0.000357184,0
11/3/24 6:00,0.1017565,0.1657552
11/3/24 7:00,0.1991412,0.2175573
11/3/24 8:00,0.1965696,0.1940186
11/3/24 9:00,0.4287352,0.4641098
11/3/24 10:00,0.588401,0.6746883
11/3/24 11:00,0.5177388,0.5605093
11/3/24 12:00,0.7230062,0.8797158
11/3/24 13:00,0.5952588,0.7244104
11/3/24 14:00,0.2141472,0.2132531
11/3/24 15:00,0.05898524,0.05766718
11/3/24 16:00,0.01106703,0.01083422
11/3/24 17:00,0,0
11/3/24 18:00,0,0
11/3/24 19:00,0,0
11/3/24 20:00,0,0
11/3/24 21:00,0,0
11/3/24 22:00,0,0
11/3/24 23:00,0,0
11/4/24 0:00,0,0
11/4/24 1:00,0,0
11/4/24 2:00,0,0
11/4/24 3:00,0,0
11/4/24 4:00,0,0
11/4/24 5:00,0.000171554,0
11/4/24 6:00,0.09731559,0.1568599
11/4/24 7:00,0.1775812,0.187203
11/4/24 8:00,0.2320098,0.2327808
11/4/24 9:00,0.3150309,0.3176463
11/4/24 10:00,0.5494394,0.6172156
11/4/24 11:00,0.5514142,0.6108176
11/4/24 12:00,0.8157408,1.007747
11/4/24 13:00,0.6272247,0.7756962
11/4/24 14:00,0.5138696,0.6638753
11/4/24 15:00,0.2710079,0.356479
11/4/24 16:00,0.1023865,0.2003278
11/4/24 17:00,0,0
11/4/24 18:00,0,0
11/4/24 19:00,0,0
11/4/24 20:00,0,0
11/4/24 21:00,0,0
11/4/24 22:00,0,0
11/4/24 23:00,0,0
11/5/24 0:00,0,0
11/5/24 1:00,0,0
11/5/24 2:00,0,0
11/5/24 3:00,0,0
11/5/24 4:00,0,0
11/5/24 5:00,0.000105185,0
11/5/24 6:00,0.07789231,0.104684
11/5/24 7:00,0.1825854,0.1949944
11/5/24 8:00,0.3084103,0.3304446
11/5/24 9:00,0.6625626,0.8272061
11/5/24 10:00,0.7031741,0.8549037
11/5/24 11:00,0.7177601,0.865893
11/5/24 12:00,0.7999212,0.9902558
11/5/24 13:00,0.7010259,0.882283
11/5/24 14:00,0.4352841,0.5399871
11/5/24 15:00,0.2618888,0.341368
11/5/24 16:00,0.07647707,0.1186754
11/5/24 17:00,0,0
11/5/24 18:00,0,0
11/5/24 19:00,0,0
11/5/24 20:00,0,0
11/5/24 21:00,0,0
11/5/24 22:00,0,0
11/5/24 23:00,0,0
11/6/24 0:00,0,0
11/6/24 1:00,0,0
11/6/24 2:00,0,0
11/6/24 3:00,0,0
11/6/24 4:00,0,0
11/6/24 5:00,5.02195E-05,0
11/6/24 6:00,0.0732982,0.09576308
11/6/24 7:00,0.2834625,0.3770937
11/6/24 8:00,0.4297829,0.5275112
11/6/24 9:00,0.5863783,0.7153531
11/6/24 10:00,0.714849,0.8747647
11/6/24 11:00,0.8218044,1.014105
11/6/24 12:00,0.8263748,1.026566
11/6/24 13:00,0.7760416,0.9824085
11/6/24 14:00,0.5807436,0.7628665
11/6/24 15:00,0.3797529,0.5483642
11/6/24 16:00,0.1120944,0.2389714
11/6/24 17:00,0,0
11/6/24 18:00,0,0
11/6/24 19:00,0,0
11/6/24 20:00,0,0
11/6/24 21:00,0,0
11/6/24 22:00,0,0
11/6/24 23:00,0,0
11/7/24 0:00,0,0
11/7/24 1:00,0,0
11/7/24 2:00,0,0
11/7/24 3:00,0,0
11/7/24 4:00,0,0
11/7/24 5:00,1.27322E-05,0
11/7/24 6:00,0.08677416,0.1376298
11/7/24 7:00,0.167359,0.1752557
11/7/24 8:00,0.3894062,0.4610122
11/7/24 9:00,0.583334,0.7132542
11/7/24 10:00,0.5421326,0.6115291
11/7/24 11:00,0.591833,0.6774875
11/7/24 12:00,0.5693264,0.654997
11/7/24 13:00,0.6410521,0.8043721
11/7/24 14:00,0.4475754,0.5661805
11/7/24 15:00,0.2943736,0.4113719
11/7/24 16:00,0.1221537,0.2673352
11/7/24 17:00,0,0
11/7/24 18:00,0,0
11/7/24 19:00,0,0
11/7/24 20:00,0,0
11/7/24 21:00,0,0
11/7/24 22:00,0,0
11/7/24 23:00,0,0
11/8/24 0:00,0,0
11/8/24 1:00,0,0
11/8/24 2:00,0,0
11/8/24 3:00,0,0
11/8/24 4:00,0,0
11/8/24 5:00,2.10748E-06,0
11/8/24 6:00,0.08688837,0.1427553
11/8/24 7:00,0.3553204,0.5123708
11/8/24 8:00,0.5624372,0.7407101
11/8/24 9:00,0.6901852,0.8739781
11/8/24 10:00,0.805713,1.004716
11/8/24 11:00,0.6497517,0.7698522
11/8/24 12:00,0.6573856,0.7951523
11/8/24 13:00,0.5916981,0.7322329
11/8/24 14:00,0.4435381,0.561963
11/8/24 15:00,0.3241501,0.4685876
11/8/24 16:00,0.08870515,0.1751405
11/8/24 17:00,0,0
11/8/24 18:00,0,0
11/8/24 19:00,0,0
11/8/24 20:00,0,0
11/8/24 21:00,0,0
11/8/24 22:00,0,0
11/8/24 23:00,0,0
11/9/24 0:00,0,0
11/9/24 1:00,0,0
11/9/24 2:00,0,0
11/9/24 3:00,0,0
11/9/24 4:00,0,0
11/9/24 5:00,0,0
11/9/24 6:00,0.09561083,0.1784022
11/9/24 7:00,0.3043801,0.4279787
11/9/24 8:00,0.6281607,0.8333606
11/9/24 9:00,0.8010684,1.022189
11/9/24 10:00,0.8256583,1.032807
11/9/24 11:00,0.9032853,1.125998
11/9/24 12:00,0.7898085,0.9875108
11/9/24 13:00,0.780885,0.9974248
11/9/24 14:00,0.4753439,0.6178379
11/9/24 15:00,0.2549187,0.3380958
11/9/24 16:00,0.08565476,0.1687448
11/9/24 17:00,0,0
11/9/24 18:00,0,0
11/9/24 19:00,0,0
11/9/24 20:00,0,0
11/9/24 21:00,0,0
11/9/24 22:00,0,0
11/9/24 23:00,0,0
11/10/24 0:00,0,0
11/10/24 1:00,0,0
11/10/24 2:00,0,0
11/10/24 3:00,0,0
11/10/24 4:00,0,0
11/10/24 5:00,0,0
11/10/24 6:00,0.1262699,0.2739023
11/10/24 7:00,0.3598065,0.5254372
11/10/24 8:00,0.5368404,0.7108915
11/10/24 9:00,0.7218172,0.9209623
11/10/24 10:00,0.9255534,1.164377
11/10/24 11:00,0.8873164,1.108233
11/10/24 12:00,0.800639,1.003912
11/10/24 13:00,0.6314359,0.7981346
11/10/24 14:00,0.577665,0.7699416
11/10/24 15:00,0.3189715,0.4657123
11/10/24 16:00,0.07103616,0.1180915
11/10/24 17:00,0,0
11/10/24 18:00,0,0
11/10/24 19:00,0,0
11/10/24 20:00,0,0
11/10/24 21:00,0,0
11/10/24 22:00,0,0
11/10/24 23:00,0,0
11/11/24 0:00,0,0
11/11/24 1:00,0,0
11/11/24 2:00,0,0
11/11/24 3:00,0,0
11/11/24 4:00,0,0
11/11/24 5:00,0,0
11/11/24 6:00,0.06448629,0.08617443
11/11/24 7:00,0.08322569,0.08173796
11/11/24 8:00,0.2081419,0.2076157
11/11/24 9:00,0.2649778,0.2632652
11/11/24 10:00,0.3708575,0.3782874
11/11/24 11:00,0.3962502,0.4059256
11/11/24 12:00,0.2635889,0.2593212
11/11/24 13:00,0.2066641,0.2027073
11/11/24 14:00,0.2622804,0.27372
11/11/24 15:00,0.03842279,0.03750171
11/11/24 16:00,0.02514538,0.02514059
11/11/24 17:00,0,0
11/11/24 18:00,0,0
11/11/24 19:00,0,0
11/11/24 20:00,0,0
11/11/24 21:00,0,0
11/11/24 22:00,0,0
11/11/24 23:00,0,0
11/12/24 0:00,0,0
11/12/24 1:00,0,0
11/12/24 2:00,0,0
11/12/24 3:00,0,0
11/12/24 4:00,0,0
11/12/24 5:00,0,0
11/12/24 6:00,0.07556002,0.123848
11/12/24 7:00,0.02227122,0.02168596
11/12/24 8:00,0.0491436,0.04786054
11/12/24 9:00,0.1140539,0.1112886
11/12/24 10:00,0.1282248,0.1250683
11/12/24 11:00,0.1500484,0.14643
11/12/24 12:00,0.1529659,0.1493476
11/12/24 13:00,0.1029897,0.1004471
11/12/24 14:00,0.1235015,0.1209171
11/12/24 15:00,0.04860059,0.04751256
11/12/24 16:00,0.01415926,0.01397275
11/12/24 17:00,0,0
11/12/24 18:00,0,0
11/12/24 19:00,0,0
11/12/24 20:00,0,0
11/12/24 21:00,0,0
11/12/24 22:00,0,0
11/12/24 23:00,0,0
11/13/24 0:00,0,0
11/13/24 1:00,0,0
11/13/24 2:00,0,0
11/13/24 3:00,0,0
11/13/24 4:00,0,0
11/13/24 5:00,0,0
11/13/24 6:00,0.08964296,0.1826694
11/13/24 7:00,0.1742751,0.1899269
11/13/24 8:00,0.3348154,0.3811662
11/13/24 9:00,0.4890977,0.5742628
11/13/24 10:00,0.3000946,0.2979429
11/13/24 11:00,0.4769046,0.5143623
11/13/24 12:00,0.7112238,0.888846
11/13/24 13:00,0.5094951,0.6101585
11/13/24 14:00,0.3220887,0.3630191
11/13/24 15:00,0.1703727,0.1862147
11/13/24 16:00,0.07893394,0.1603614
11/13/24 17:00,0,0
11/13/24 18:00,0,0
11/13/24 19:00,0,0
11/13/24 20:00,0,0
11/13/24 21:00,0,0
11/13/24 22:00,0,0
11/13/24 23:00,0,0
11/14/24 0:00,0,0
11/14/24 1:00,0,0
11/14/24 2:00,0,0
11/14/24 3:00,0,0
11/14/24 4:00,0,0
11/14/24 5:00,0,0
11/14/24 6:00,0.07516116,0.132822
11/14/24 7:00,0.2702928,0.3771889
11/14/24 8:00,0.4602105,0.6024125
11/14/24 9:00,0.7464353,0.964113
11/14/24 10:00,0.7947324,1.005354
11/14/24 11:00,0.9224939,1.164213
11/14/24 12:00,0.838172,1.062335
11/14/24 13:00,0.6880759,0.8876688
11/14/24 14:00,0.515792,0.6936277
11/14/24 15:00,0.3176627,0.4746169
11/14/24 16:00,0.1003775,0.2431119
11/14/24 17:00,0,0
11/14/24 18:00,0,0
11/14/24 19:00,0,0
11/14/24 20:00,0,0
11/14/24 21:00,0,0
11/14/24 22:00,0,0
11/14/24 23:00,0,0
11/15/24 0:00,0,0
11/15/24 1:00,0,0
11/15/24 2:00,0,0
11/15/24 3:00,0,0
11/15/24 4:00,0,0
11/15/24 5:00,0,0
11/15/24 6:00,0.03262158,0.03310187
11/15/24 7:00,0.1152205,0.1147546
11/15/24 8:00,0.2653679,0.2791207
11/15/24 9:00,0.5711492,0.7148918
11/15/24 10:00,0.4050885,0.4238103
11/15/24 11:00,0.4350852,0.4582704
11/15/24 12:00,0.5458121,0.632654
11/15/24 13:00,0.6266698,0.8032874
11/15/24 14:00,0.424408,0.5454559
11/15/24 15:00,0.1734437,0.1924784
11/15/24 16:00,0.05053606,0.06493987
11/15/24 17:00,0,0
11/15/24 18:00,0,0
11/15/24 19:00,0,0
11/15/24 20:00,0,0
11/15/24 21:00,0,0
11/15/24 22:00,0,0
11/15/24 23:00,0,0
11/16/24 0:00,0,0
11/16/24 1:00,0,0
11/16/24 2:00,0,0
11/16/24 3:00,0,0
11/16/24 4:00,0,0
11/16/24 5:00,0,0
11/16/24 6:00,0.0756108,0.1467534
11/16/24 7:00,0.1673448,0.1821962
11/16/24 8:00,0.1221657,0.119643
11/16/24 9:00,0.3094862,0.3156442
11/16/24 10:00,0.5005406,0.5621837
11/16/24 11:00,0.387161,0.3970756
11/16/24 12:00,0.08290243,0.08073806
11/16/24 13:00,0.1406092,0.1374283
11/16/24 14:00,0.1759164,0.1737691
11/16/24 15:00,0.1280699,0.1298239
11/16/24 16:00,0.055161,0.07895112
11/16/24 17:00,0,0
11/16/24 18:00,0,0
11/16/24 19:00,0,0
11/16/24 20:00,0,0
11/16/24 21:00,0,0
11/16/24 22:00,0,0
11/16/24 23:00,0,0
11/17/24 0:00,0,0
11/17/24 1:00,0,0
11/17/24 2:00,0,0
11/17/24 3:00,0,0
11/17/24 4:00,0,0
11/17/24 5:00,0,0
11/17/24 6:00,0.05456629,0.07517678
11/17/24 7:00,0.1559947,0.1661797
11/17/24 8:00,0.3111334,0.3487775
11/17/24 9:00,0.6977828,0.9067807
11/17/24 10:00,0.6865889,0.8611451
11/17/24 11:00,0.5145934,0.5748261
11/17/24 12:00,0.4070545,0.4279787
11/17/24 13:00,0.4851762,0.5767936
11/17/24 14:00,0.4403049,0.5780205
11/17/24 15:00,0.1289433,0.1310389
11/17/24 16:00,0.03844937,0.04183116
11/17/24 17:00,0,0
11/17/24 18:00,0,0
11/17/24 19:00,0,0
11/17/24 20:00,0,0
11/17/24 21:00,0,0
11/17/24 22:00,0,0
11/17/24 23:00,0,0
11/18/24 0:00,0,0
11/18/24 1:00,0,0
11/18/24 2:00,0,0
11/18/24 3:00,0,0
11/18/24 4:00,0,0
11/18/24 5:00,0,0
11/18/24 6:00,0.04441284,0.05238817
11/18/24 7:00,0.1311171,0.1337074
11/18/24 8:00,0.2333441,0.2391627
11/18/24 9:00,0.5091991,0.618742
11/18/24 10:00,0.6789801,0.8519354
11/18/24 11:00,0.5032232,0.5587773
11/18/24 12:00,0.5834875,0.6993029
11/18/24 13:00,0.4503996,0.5204362
11/18/24 14:00,0.4015882,0.5102136
11/18/24 15:00,0.2705566,0.3932225
11/18/24 16:00,0.05270024,0.07418455
11/18/24 17:00,0,0
11/18/24 18:00,0,0
11/18/24 19:00,0,0
11/18/24 20:00,0,0
11/18/24 21:00,0,0
11/18/24 22:00,0,0
11/18/24 23:00,0,0
11/19/24 0:00,0,0
11/19/24 1:00,0,0
11/19/24 2:00,0,0
11/19/24 3:00,0,0
11/19/24 4:00,0,0
11/19/24 5:00,0,0
11/19/24 6:00,0.03731195,0.04055179
11/19/24 7:00,0.1220623,0.1231778
11/19/24 8:00,0.381327,0.4747746
11/19/24 9:00,0.4420818,0.5081451
11/19/24 10:00,0.4793788,0.5337171
11/19/24 11:00,0.5806956,0.6826748
11/19/24 12:00,0.1625976,0.1588917
11/19/24 13:00,0.1931537,0.1894248
11/19/24 14:00,0.2024222,0.2028368
11/19/24 15:00,0.2306614,0.3079144
11/19/24 16:00,0.05659044,0.08806846
11/19/24 17:00,0,0
11/19/24 18:00,0,0
11/19/24 19:00,0,0
11/19/24 20:00,0,0
11/19/24 21:00,0,0
11/19/24 22:00,0,0
11/19/24 23:00,0,0
11/20/24 0:00,0,0
11/20/24 1:00,0,0
11/20/24 2:00,0,0
11/20/24 3:00,0,0
11/20/24 4:00,0,0
11/20/24 5:00,0,0
11/20/24 6:00,0.08238825,0.2062503
11/20/24 7:00,0.1633758,0.1799196
11/20/24 8:00,0.2357079,0.2430183
11/20/24 9:00,0.2006415,0.1969684
11/20/24 10:00,0.2430893,0.238868
11/20/24 11:00,0.353007,0.3573042
11/20/24 12:00,0.6489587,0.8095044
11/20/24 13:00,0.6190265,0.8026409
11/20/24 14:00,0.4965711,0.6778845
11/20/24 15:00,0.2654952,0.3865679
11/20/24 16:00,0.06844772,0.1382239
11/20/24 17:00,0,0
11/20/24 18:00,0,0
11/20/24 19:00,0,0
11/20/24 20:00,0,0
11/20/24 21:00,0,0
11/20/24 22:00,0,0
11/20/24 23:00,0,0
11/21/24 0:00,0,0
11/21/24 1:00,0,0
11/21/24 2:00,0,0
11/21/24 3:00,0,0
11/21/24 4:00,0,0
11/21/24 5:00,0,0
11/21/24 6:00,0.05280851,0.08263201
11/21/24 7:00,0.2679283,0.3970254
11/21/24 8:00,0.5534462,0.7633808
11/21/24 9:00,0.7235822,0.9510236
11/21/24 10:00,0.7566212,0.9707217
11/21/24 11:00,0.7292851,0.9219541
11/21/24 12:00,0.7667528,0.9839818
11/21/24 13:00,0.6959439,0.9130257
11/21/24 14:00,0.528733,0.7271378
11/21/24 15:00,0.3025515,0.4638951
11/21/24 16:00,0.07670203,0.1788512
11/21/24 17:00,0,0
11/21/24 18:00,0,0
11/21/24 19:00,0,0
11/21/24 20:00,0,0
11/21/24 21:00,0,0
11/21/24 22:00,0,0
11/21/24 23:00,0,0
11/22/24 0:00,0,0
11/22/24 1:00,0,0
11/22/24 2:00,0,0
11/22/24 3:00,0,0
11/22/24 4:00,0,0
11/22/24 5:00,0,0
11/22/24 6:00,0.05472812,0.0943056
11/22/24 7:00,0.2264549,0.3077056
11/22/24 8:00,0.392338,0.5026489
11/22/24 9:00,0.6595802,0.8664787
11/22/24 10:00,0.7418901,0.9527028
11/22/24 11:00,0.7787231,0.9940481
11/22/24 12:00,0.7927381,1.020182
11/22/24 13:00,0.7237067,0.9526114
11/22/24 14:00,0.5168458,0.7120734
11/22/24 15:00,0.2862066,0.4340792
11/22/24 16:00,0.0818196,0.2044437
11/22/24 17:00,0,0
11/22/24 18:00,0,0
11/22/24 19:00,0,0
11/22/24 20:00,0,0
11/22/24 21:00,0,0
11/22/24 22:00,0,0
11/22/24 23:00,0,0
11/23/24 0:00,0,0
11/23/24 1:00,0,0
11/23/24 2:00,0,0
11/23/24 3:00,0,0
11/23/24 4:00,0,0
11/23/24 5:00,0,0
11/23/24 6:00,0.06443301,0.1460066
11/23/24 7:00,0.3499959,0.5520018
11/23/24 8:00,0.5385343,0.7470262
11/23/24 9:00,0.7161422,0.9455187
11/23/24 10:00,0.8454637,1.092753
11/23/24 11:00,0.8850888,1.136526
11/23/24 12:00,0.7942392,1.024072
11/23/24 13:00,0.7814145,1.033314
11/23/24 14:00,0.6027,0.83707
11/23/24 15:00,0.316997,0.4934733
11/23/24 16:00,0.07217084,0.162358
11/23/24 17:00,0,0
11/23/24 18:00,0,0
11/23/24 19:00,0,0
11/23/24 20:00,0,0
11/23/24 21:00,0,0
11/23/24 22:00,0,0
11/23/24 23:00,0,0
11/24/24 0:00,0,0
11/24/24 1:00,0,0
11/24/24 2:00,0,0
11/24/24 3:00,0,0
11/24/24 4:00,0,0
11/24/24 5:00,0,0
11/24/24 6:00,0.07222678,0.1943942
11/24/24 7:00,0.2582534,0.3866142
11/24/24 8:00,0.4222955,0.563541
11/24/24 9:00,0.5208737,0.6521426
11/24/24 10:00,0.7295759,0.939598
11/24/24 11:00,0.9203314,1.185374
11/24/24 12:00,0.808746,1.045215
11/24/24 13:00,0.7176136,0.9481367
11/24/24 14:00,0.5148936,0.7127452
11/24/24 15:00,0.3388358,0.5310669
11/24/24 16:00,0.1025407,0.2799359
11/24/24 17:00,0,0
11/24/24 18:00,0,0
11/24/24 19:00,0,0
11/24/24 20:00,0,0
11/24/24 21:00,0,0
11/24/24 22:00,0,0
11/24/24 23:00,0,0
11/25/24 0:00,0,0
11/25/24 1:00,0,0
11/25/24 2:00,0,0
11/25/24 3:00,0,0
11/25/24 4:00,0,0
11/25/24 5:00,0,0
11/25/24 6:00,0.04010548,0.05381812
11/25/24 7:00,0.2749644,0.4262018
11/25/24 8:00,0.3941734,0.5137042
11/25/24 9:00,0.5448137,0.6953824
11/25/24 10:00,0.7651024,0.9897817
11/25/24 11:00,0.7474576,0.9561988
11/25/24 12:00,0.5397968,0.6382667
11/25/24 13:00,0.5082209,0.6288854
11/25/24 14:00,0.4613458,0.6297173
11/25/24 15:00,0.2913394,0.4495916
11/25/24 16:00,0.07712469,0.1897165
11/25/24 17:00,0,0
11/25/24 18:00,0,0
11/25/24 19:00,0,0
11/25/24 20:00,0,0
11/25/24 21:00,0,0
11/25/24 22:00,0,0
11/25/24 23:00,0,0
11/26/24 0:00,0,0
11/26/24 1:00,0,0
11/26/24 2:00,0,0
11/26/24 3:00,0,0
11/26/24 4:00,0,0
11/26/24 5:00,0,0
11/26/24 6:00,0.04495184,0.07291307
11/26/24 7:00,0.2450867,0.3638365
11/26/24 8:00,0.4803731,0.6683595
11/26/24 9:00,0.5131404,0.6430344
11/26/24 10:00,0.575937,0.7021875
11/26/24 11:00,0.6965464,0.8824601
11/26/24 12:00,0.7619821,0.9864783
11/26/24 13:00,0.5205523,0.6517321
11/26/24 14:00,0.4444236,0.6018018
11/26/24 15:00,0.28902,0.4464915
11/26/24 16:00,0.08029024,0.2059278
11/26/24 17:00,0,0
11/26/24 18:00,0,0
11/26/24 19:00,0,0
11/26/24 20:00,0,0
11/26/24 21:00,0,0
11/26/24 22:00,0,0
11/26/24 23:00,0,0
11/27/24 0:00,0,0
11/27/24 1:00,0,0
11/27/24 2:00,0,0
11/27/24 3:00,0,0
11/27/24 4:00,0,0
11/27/24 5:00,0,0
11/27/24 6:00,0.04470727,0.07606222
11/27/24 7:00,0.2045079,0.2724427
11/27/24 8:00,0.516275,0.7241393
11/27/24 9:00,0.6430575,0.8536584
11/27/24 10:00,0.87174,1.136434
11/27/24 11:00,0.8813872,1.139518
11/27/24 12:00,0.7975303,1.035513
11/27/24 13:00,0.6193068,0.8155388
11/27/24 14:00,0.5483879,0.7657673
11/27/24 15:00,0.3480407,0.5512314
11/27/24 16:00,0.09765814,0.2708803
11/27/24 17:00,0,0
11/27/24 18:00,0,0
11/27/24 19:00,0,0
11/27/24 20:00,0,0
11/27/24 21:00,0,0
11/27/24 22:00,0,0
11/27/24 23:00,0,0
11/28/24 0:00,0,0
11/28/24 1:00,0,0
11/28/24 2:00,0,0
11/28/24 3:00,0,0
11/28/24 4:00,0,0
11/28/24 5:00,0,0
11/28/24 6:00,0.04446606,0.07960551
11/28/24 7:00,0.1005209,0.1003869
11/28/24 8:00,0.09749366,0.09543214
11/28/24 9:00,0.2769604,0.2805851
11/28/24 10:00,0.4078442,0.4366054
11/28/24 11:00,0.6458295,0.8054214
11/28/24 12:00,0.334567,0.3401428
11/28/24 13:00,0.2100458,0.20676
11/28/24 14:00,0.1256004,0.1232001
11/28/24 15:00,0.1375416,0.1436958
11/28/24 16:00,0.049023,0.06975653
11/28/24 17:00,0,0
11/28/24 18:00,0,0
11/28/24 19:00,0,0
11/28/24 20:00,0,0
11/28/24 21:00,0,0
11/28/24 22:00,0,0
11/28/24 23:00,0,0
11/29/24 0:00,0,0
11/29/24 1:00,0,0
11/29/24 2:00,0,0
11/29/24 3:00,0,0
11/29/24 4:00,0,0
11/29/24 5:00,0,0
11/29/24 6:00,0.04032513,0.06623031
11/29/24 7:00,0.06328866,0.06225033
11/29/24 8:00,0.2134207,0.2186007
11/29/24 9:00,0.5017887,0.6292246
11/29/24 10:00,0.5356193,0.6390783
11/29/24 11:00,0.2764442,0.2733538
11/29/24 12:00,0.448093,0.4949024
11/29/24 13:00,0.3877062,0.4301078
11/29/24 14:00,0.2838923,0.3141307
11/29/24 15:00,0.1099621,0.1100552
11/29/24 16:00,0.02821611,0.02894451
11/29/24 17:00,0,0
11/29/24 18:00,0,0
11/29/24 19:00,0,0
11/29/24 20:00,0,0
11/29/24 21:00,0,0
11/29/24 22:00,0,0
11/29/24 23:00,0,0
11/30/24 0:00,0,0
11/30/24 1:00,0,0
11/30/24 2:00,0,0
11/30/24 3:00,0,0
11/30/24 4:00,0,0
11/30/24 5:00,0,0
11/30/24 6:00,0.03238903,0.04230077
11/30/24 7:00,0.1702845,0.2056099
11/30/24 8:00,0.3767387,0.4923874
11/30/24 9:00,0.5253474,0.6725209
11/30/24 10:00,0.7203127,0.9374408
11/30/24 11:00,0.7634173,0.9869435
11/30/24 12:00,0.7087747,0.9185484
11/30/24 13:00,0.7179735,0.9584061
11/30/24 14:00,0.520485,0.7294819
11/30/24 15:00,0.3202171,0.5090331
11/30/24 16:00,0.09152785,0.2550255
11/30/24 17:00,0,0
11/30/24 18:00,0,0
11/30/24 19:00,0,0
11/30/24 20:00,0,0
11/30/24 21:00,0,0
11/30/24 22:00,0,0
11/30/24 23:00,0,0
12/1/24 0:00,0,0
12/1/24 1:00,0,0
12/1/24 2:00,0,0
12/1/24 3:00,0,0
12/1/24 4:00,0,0
12/1/24 5:00,0,0
12/1/24 6:00,0.03590122,0.05593345
12/1/24 7:00,0.2104083,0.2977867
12/1/24 8:00,0.4854953,0.6873085
12/1/24 9:00,0.706875,0.9492044
12/1/24 10:00,0.64608,0.8271101
12/1/24 11:00,0.8735011,1.135843
12/1/24 12:00,0.8086166,1.056523
12/1/24 13:00,0.7232568,0.9670828
12/1/24 14:00,0.5887219,0.8303182
12/1/24 15:00,0.3280846,0.5231538
12/1/24 16:00,0.07526702,0.1857014
12/1/24 17:00,0,0
12/1/24 18:00,0,0
12/1/24 19:00,0,0
12/1/24 20:00,0,0
12/1/24 21:00,0,0
12/1/24 22:00,0,0
12/1/24 23:00,0,0
12/2/24 0:00,0,0
12/2/24 1:00,0,0
12/2/24 2:00,0,0
12/2/24 3:00,0,0
12/2/24 4:00,0,0
12/2/24 5:00,0,0
12/2/24 6:00,0.07197146,0.2661712
12/2/24 7:00,0.1462894,0.1641215
12/2/24 8:00,0.4140766,0.5685352
12/2/24 9:00,0.5506793,0.7199004
12/2/24 10:00,0.4963435,0.5771903
12/2/24 11:00,0.538928,0.6325942
12/2/24 12:00,0.5631162,0.6862482
12/2/24 13:00,0.4450783,0.526322
12/2/24 14:00,0.1909981,0.191073
12/2/24 15:00,0.1159175,0.116892
12/2/24 16:00,0.04870395,0.06869698
12/2/24 17:00,0,0
12/2/24 18:00,0,0
12/2/24 19:00,0,0
12/2/24 20:00,0,0
12/2/24 21:00,0,0
12/2/24 22:00,0,0
12/2/24 23:00,0,0
12/3/24 0:00,0,0
12/3/24 1:00,0,0
12/3/24 2:00,0,0
12/3/24 3:00,0,0
12/3/24 4:00,0,0
12/3/24 5:00,0,0
12/3/24 6:00,0.04988152,0.1504471
12/3/24 7:00,0.2781336,0.4580933
12/3/24 8:00,0.3340389,0.4156975
12/3/24 9:00,0.4657572,0.5723317
12/3/24 10:00,0.4178081,0.454359
12/3/24 11:00,0.5496776,0.6516368
12/3/24 12:00,0.6585413,0.8460519
12/3/24 13:00,0.5418186,0.6970953
12/3/24 14:00,0.2556357,0.2727531
12/3/24 15:00,0.2463993,0.3591423
12/3/24 16:00,0.06947957,0.1559068
12/3/24 17:00,0,0
12/3/24 18:00,0,0
12/3/24 19:00,0,0
12/3/24 20:00,0,0
12/3/24 21:00,0,0
12/3/24 22:00,0,0
12/3/24 23:00,0,0
12/4/24 0:00,0,0
12/4/24 1:00,0,0
12/4/24 2:00,0,0
12/4/24 3:00,0,0
12/4/24 4:00,0,0
12/4/24 5:00,0,0
12/4/24 6:00,0.06073161,0.2351254
12/4/24 7:00,0.2215933,0.3347902
12/4/24 8:00,0.3853631,0.5182747
12/4/24 9:00,0.5579202,0.7357213
12/4/24 10:00,0.4157184,0.4519264
12/4/24 11:00,0.4180138,0.4464168
12/4/24 12:00,0.3492621,0.3594077
12/4/24 13:00,0.07871977,0.07674745
12/4/24 14:00,0.1570112,0.1547716
12/4/24 15:00,0.1273557,0.1307184
12/4/24 16:00,0.01815184,0.0181828
12/4/24 17:00,0,0
12/4/24 18:00,0,0
12/4/24 19:00,0,0
12/4/24 20:00,0,0
12/4/24 21:00,0,0
12/4/24 22:00,0,0
12/4/24 23:00,0,0
12/5/24 0:00,0,0
12/5/24 1:00,0,0
12/5/24 2:00,0,0
12/5/24 3:00,0,0
12/5/24 4:00,0,0
12/5/24 5:00,0,0
12/5/24 6:00,0.04503458,0.1354854
12/5/24 7:00,0.1131335,0.1168391
12/5/24 8:00,0.4171086,0.5809346
12/5/24 9:00,0.5808771,0.7748412
12/5/24 10:00,0.6853449,0.8941578
12/5/24 11:00,0.6982877,0.8989477
12/5/24 12:00,0.6484686,0.8322445
12/5/24 13:00,0.5511793,0.7150156
12/5/24 14:00,0.5010779,0.705943
12/5/24 15:00,0.2367502,0.3369108
12/5/24 16:00,0.07979218,0.2052113
12/5/24 17:00,0,0
12/5/24 18:00,0,0
12/5/24 19:00,0,0
12/5/24 20:00,0,0
12/5/24 21:00,0,0
12/5/24 22:00,0,0
12/5/24 23:00,0,0
12/6/24 0:00,0,0
12/6/24 1:00,0,0
12/6/24 2:00,0,0
12/6/24 3:00,0,0
12/6/24 4:00,0,0
12/6/24 5:00,0,0
12/6/24 6:00,0.04052429,0.1108224
12/6/24 7:00,0.1808719,0.2404741
12/6/24 8:00,0.2559412,0.281722
12/6/24 9:00,0.3988765,0.4596863
12/6/24 10:00,0.5440925,0.6631761
12/6/24 11:00,0.5076892,0.5846955
12/6/24 12:00,0.3650976,0.3800915
12/6/24 13:00,0.2559644,0.2562903
12/6/24 14:00,0.3432972,0.4196763
12/6/24 15:00,0.2586522,0.3884806
12/6/24 16:00,0.0379481,0.0424787
12/6/24 17:00,0,0
12/6/24 18:00,0,0
12/6/24 19:00,0,0
12/6/24 20:00,0,0
12/6/24 21:00,0,0
12/6/24 22:00,0,0
12/6/24 23:00,0,0
12/7/24 0:00,0,0
12/7/24 1:00,0,0
12/7/24 2:00,0,0
12/7/24 3:00,0,0
12/7/24 4:00,0,0
12/7/24 5:00,0,0
12/7/24 6:00,0.04544743,0.1621044
12/7/24 7:00,0.2438848,0.3983044
12/7/24 8:00,0.4065585,0.5654992
12/7/24 9:00,0.6663365,0.902319
12/7/24 10:00,0.7166295,0.9421112
12/7/24 11:00,0.759249,0.9899969
12/7/24 12:00,0.7964889,1.047238
12/7/24 13:00,0.6612933,0.8877103
12/7/24 14:00,0.5543913,0.7858906
12/7/24 15:00,0.2692694,0.4128109
12/7/24 16:00,0.08244076,0.2148089
12/7/24 17:00,0,0
12/7/24 18:00,0,0
12/7/24 19:00,0,0
12/7/24 20:00,0,0
12/7/24 21:00,0,0
12/7/24 22:00,0,0
12/7/24 23:00,0,0
12/8/24 0:00,0,0
12/8/24 1:00,0,0
12/8/24 2:00,0,0
12/8/24 3:00,0,0
12/8/24 4:00,0,0
12/8/24 5:00,0,0
12/8/24 6:00,0.03109573,0.06171378
12/8/24 7:00,0.268827,0.4537102
12/8/24 8:00,0.419819,0.5920836
12/8/24 9:00,0.6170147,0.8343315
12/8/24 10:00,0.5864859,0.7386253
12/8/24 11:00,0.6525219,0.8298406
12/8/24 12:00,0.7108532,0.9306031
12/8/24 13:00,0.6958693,0.9364425
12/8/24 14:00,0.5466842,0.7751955
12/8/24 15:00,0.3195651,0.5135162
12/8/24 16:00,0.08119012,0.2070953
12/8/24 17:00,0,0
12/8/24 18:00,0,0
12/8/24 19:00,0,0
12/8/24 20:00,0,0
12/8/24 21:00,0,0
12/8/24 22:00,0,0
12/8/24 23:00,0,0
12/9/24 0:00,0,0
12/9/24 1:00,0,0
12/9/24 2:00,0,0
12/9/24 3:00,0,0
12/9/24 4:00,0,0
12/9/24 5:00,0,0
12/9/24 6:00,0.02570012,0.03965668
12/9/24 7:00,0.177279,0.2387568
12/9/24 8:00,0.3867939,0.5315285
12/9/24 9:00,0.5569515,0.7421465
12/9/24 10:00,0.543897,0.6662742
12/9/24 11:00,0.6730155,0.8638341
12/9/24 12:00,0.7045575,0.9222206
12/9/24 13:00,0.6558813,0.8816529
12/9/24 14:00,0.5532624,0.7854452
12/9/24 15:00,0.3062988,0.4898312
12/9/24 16:00,0.04582046,0.05785096
12/9/24 17:00,0,0
12/9/24 18:00,0,0
12/9/24 19:00,0,0
12/9/24 20:00,0,0
12/9/24 21:00,0,0
12/9/24 22:00,0,0
12/9/24 23:00,0,0
12/10/24 0:00,0,0
12/10/24 1:00,0,0
12/10/24 2:00,0,0
12/10/24 3:00,0,0
12/10/24 4:00,0,0
12/10/24 5:00,0,0
12/10/24 6:00,0.03493693,0.09926464
12/10/24 7:00,0.1721146,0.2286396
12/10/24 8:00,0.4158469,0.5886033
12/10/24 9:00,0.3809821,0.4336498
12/10/24 10:00,0.5808766,0.7313115
12/10/24 11:00,0.3806592,0.397397
12/10/24 12:00,0.3125485,0.3156087
12/10/24 13:00,0.2952976,0.3030626
12/10/24 14:00,0.2933869,0.3314698
12/10/24 15:00,0.2810799,0.438535
12/10/24 16:00,0.06360352,0.1179753
12/10/24 17:00,0,0
12/10/24 18:00,0,0
12/10/24 19:00,0,0
12/10/24 20:00,0,0
12/10/24 21:00,0,0
12/10/24 22:00,0,0
12/10/24 23:00,0,0
12/11/24 0:00,0,0
12/11/24 1:00,0,0
12/11/24 2:00,0,0
12/11/24 3:00,0,0
12/11/24 4:00,0,0
12/11/24 5:00,0,0
12/11/24 6:00,0.04585534,0.2036869
12/11/24 7:00,0.08084629,0.08036836
12/11/24 8:00,0.1147314,0.1126732
12/11/24 9:00,0.1131503,0.1106052
12/11/24 10:00,0.1289065,0.1259147
12/11/24 11:00,0.3347585,0.3399218
12/11/24 12:00,0.1068046,0.1041928
12/11/24 13:00,0.09285289,0.09060769
12/11/24 14:00,0.03528121,0.0343501
12/11/24 15:00,0.006129859,0.005957414
12/11/24 16:00,0.01681384,0.01676096
12/11/24 17:00,0,0
12/11/24 18:00,0,0
12/11/24 19:00,0,0
12/11/24 20:00,0,0
12/11/24 21:00,0,0
12/11/24 22:00,0,0
12/11/24 23:00,0,0
12/12/24 0:00,0,0
12/12/24 1:00,0,0
12/12/24 2:00,0,0
12/12/24 3:00,0,0
12/12/24 4:00,0,0
12/12/24 5:00,0,0
12/12/24 6:00,0.02981624,0.06977389
12/12/24 7:00,0.2386849,0.4009679
12/12/24 8:00,0.4736517,0.6874847
12/12/24 9:00,0.5560029,0.7445444
12/12/24 10:00,0.6563165,0.8578681
12/12/24 11:00,0.7127435,0.9276012
12/12/24 12:00,0.6771451,0.8829253
12/12/24 13:00,0.4775535,0.5880512
12/12/24 14:00,0.4630535,0.6469314
12/12/24 15:00,0.2976057,0.4724001
12/12/24 16:00,0.08134022,0.1976247
12/12/24 17:00,0,0
12/12/24 18:00,0,0
12/12/24 19:00,0,0
12/12/24 20:00,0,0
12/12/24 21:00,0,0
12/12/24 22:00,0,0
12/12/24 23:00,0,0
12/13/24 0:00,0,0
12/13/24 1:00,0,0
12/13/24 2:00,0,0
12/13/24 3:00,0,0
12/13/24 4:00,0,0
12/13/24 5:00,0,0
12/13/24 6:00,0.03255932,0.09532947
12/13/24 7:00,0.1827263,0.2615743
12/13/24 8:00,0.4619733,0.6711132
12/13/24 9:00,0.6730944,0.9189268
12/13/24 10:00,0.7835436,1.039285
12/13/24 11:00,0.8237153,1.081962
12/13/24 12:00,0.568283,0.7031406
12/13/24 13:00,0.4338847,0.5110151
12/13/24 14:00,0.4173589,0.5630662
12/13/24 15:00,0.2485507,0.362218
12/13/24 16:00,0.07025672,0.1412005
12/13/24 17:00,0,0
12/13/24 18:00,0,0
12/13/24 19:00,0,0
12/13/24 20:00,0,0
12/13/24 21:00,0,0
12/13/24 22:00,0,0
12/13/24 23:00,0,0
12/14/24 0:00,0,0
12/14/24 1:00,0,0
12/14/24 2:00,0,0
12/14/24 3:00,0,0
12/14/24 4:00,0,0
12/14/24 5:00,0,0
12/14/24 6:00,0.02925233,0.07370836
12/14/24 7:00,0.1602083,0.2083957
12/14/24 8:00,0.398935,0.563834
12/14/24 9:00,0.5153704,0.6771454
12/14/24 10:00,0.7266555,0.9622627
12/14/24 11:00,0.7705792,1.010654
12/14/24 12:00,0.6499134,0.8408826
12/14/24 13:00,0.6260309,0.8405518
12/14/24 14:00,0.4837022,0.68178
12/14/24 15:00,0.3275437,0.5269372
12/14/24 16:00,0.1109611,0.3027308
12/14/24 17:00,0,0
12/14/24 18:00,0,0
12/14/24 19:00,0,0
12/14/24 20:00,0,0
12/14/24 21:00,0,0
12/14/24 22:00,0,0
12/14/24 23:00,0,0
12/15/24 0:00,0,0
12/15/24 1:00,0,0
12/15/24 2:00,0,0
12/15/24 3:00,0,0
12/15/24 4:00,0,0
12/15/24 5:00,0,0
12/15/24 6:00,0.04884057,0.2341208
12/15/24 7:00,0.2514382,0.4357211
12/15/24 8:00,0.4652081,0.6782459
12/15/24 9:00,0.6334096,0.8646398
12/15/24 10:00,0.741387,0.982971
12/15/24 11:00,0.7768984,1.019671
12/15/24 12:00,0.6411993,0.8270662
12/15/24 13:00,0.526002,0.6750183
12/15/24 14:00,0.475861,0.6686057
12/15/24 15:00,0.3082192,0.4916851
12/15/24 16:00,0.06881247,0.1290338
12/15/24 17:00,0,0
12/15/24 18:00,0,0
12/15/24 19:00,0,0
12/15/24 20:00,0,0
12/15/24 21:00,0,0
12/15/24 22:00,0,0
12/15/24 23:00,0,0
12/16/24 0:00,0,0
12/16/24 1:00,0,0
12/16/24 2:00,0,0
12/16/24 3:00,0,0
12/16/24 4:00,0,0
12/16/24 5:00,0,0
12/16/24 6:00,0.04037624,0.1816772
12/16/24 7:00,0.25441,0.443553
12/16/24 8:00,0.4052141,0.5785816
12/16/24 9:00,0.3513287,0.389762
12/16/24 10:00,0.6412674,0.8371821
12/16/24 11:00,0.4344035,0.4740157
12/16/24 12:00,0.6344888,0.8162892
12/16/24 13:00,0.4371239,0.5164523
12/16/24 14:00,0.4475153,0.6185908
12/16/24 15:00,0.3200393,0.513004
12/16/24 16:00,0.0836501,0.1945644
12/16/24 17:00,0,0
12/16/24 18:00,0,0
12/16/24 19:00,0,0
12/16/24 20:00,0,0
12/16/24 21:00,0,0
12/16/24 22:00,0,0
12/16/24 23:00,0,0
12/17/24 0:00,0,0
12/17/24 1:00,0,0
12/17/24 2:00,0,0
12/17/24 3:00,0,0
12/17/24 4:00,0,0
12/17/24 5:00,0,0
12/17/24 6:00,0.03810623,0.1670288
12/17/24 7:00,0.2414528,0.4191259
12/17/24 8:00,0.4173894,0.602067
12/17/24 9:00,0.4731003,0.6036817
12/17/24 10:00,0.6406468,0.8367807
12/17/24 11:00,0.4263569,0.4622815
12/17/24 12:00,0.387683,0.411824
12/17/24 13:00,0.5202245,0.6644778
12/17/24 14:00,0.3099663,0.3581309
12/17/24 15:00,0.1714773,0.1940544
12/17/24 16:00,0.05634629,0.07860664
12/17/24 17:00,0,0
12/17/24 18:00,0,0
12/17/24 19:00,0,0
12/17/24 20:00,0,0
12/17/24 21:00,0,0
12/17/24 22:00,0,0
12/17/24 23:00,0,0
12/18/24 0:00,0,0
12/18/24 1:00,0,0
12/18/24 2:00,0,0
12/18/24 3:00,0,0
12/18/24 4:00,0,0
12/18/24 5:00,0,0
12/18/24 6:00,0.03713871,0.163078
12/18/24 7:00,0.2642373,0.4651535
12/18/24 8:00,0.4765476,0.6983617
12/18/24 9:00,0.5875152,0.8002862
12/18/24 10:00,0.6503307,0.852649
12/18/24 11:00,0.5982956,0.7451622
12/18/24 12:00,0.6179449,0.7889519
12/18/24 13:00,0.6367844,0.8567148
12/18/24 14:00,0.5559778,0.7904513
12/18/24 15:00,0.2994161,0.4715656
12/18/24 16:00,0.0772732,0.1569252
12/18/24 17:00,0,0
12/18/24 18:00,0,0
12/18/24 19:00,0,0
12/18/24 20:00,0,0
12/18/24 21:00,0,0
12/18/24 22:00,0,0
12/18/24 23:00,0,0
12/19/24 0:00,0,0
12/19/24 1:00,0,0
12/19/24 2:00,0,0
12/19/24 3:00,0,0
12/19/24 4:00,0,0
12/19/24 5:00,0,0
12/19/24 6:00,0.02882778,0.09185001
12/19/24 7:00,0.1855607,0.2830272
12/19/24 8:00,0.351319,0.4762004
12/19/24 9:00,0.3610846,0.4066468
12/19/24 10:00,0.04654037,0.04528306
12/19/24 11:00,0.2658142,0.2628928
12/19/24 12:00,0.4476988,0.5007531
12/19/24 13:00,0.4938679,0.6165776
12/19/24 14:00,0.2071861,0.2094277
12/19/24 15:00,0.08923534,0.08807682
12/19/24 16:00,0.03950445,0.041818
12/19/24 17:00,0,0
12/19/24 18:00,0,0
12/19/24 19:00,0,0
12/19/24 20:00,0,0
12/19/24 21:00,0,0
12/19/24 22:00,0,0
12/19/24 23:00,0,0
12/20/24 0:00,0,0
12/20/24 1:00,0,0
12/20/24 2:00,0,0
12/20/24 3:00,0,0
12/20/24 4:00,0,0
12/20/24 5:00,0,0
12/20/24 6:00,0.02976016,0.1048663
12/20/24 7:00,0.05216442,0.05143295
12/20/24 8:00,0.08642174,0.08466341
12/20/24 9:00,0.04749459,0.0462438
12/20/24 10:00,0.1168563,0.1140934
12/20/24 11:00,0.1106416,0.1079376
12/20/24 12:00,0.04577696,0.04453382
12/20/24 13:00,0.02601709,0.02529406
12/20/24 14:00,0.06405799,0.06251178
12/20/24 15:00,0.08822531,0.08704969
12/20/24 16:00,0.02474961,0.02481843
12/20/24 17:00,0,0
12/20/24 18:00,0,0
12/20/24 19:00,0,0
12/20/24 20:00,0,0
12/20/24 21:00,0,0
12/20/24 22:00,0,0
12/20/24 23:00,0,0
12/21/24 0:00,0,0
12/21/24 1:00,0,0
12/21/24 2:00,0,0
12/21/24 3:00,0,0
12/21/24 4:00,0,0
12/21/24 5:00,0,0
12/21/24 6:00,0.01263223,0.01391021
12/21/24 7:00,0.07194529,0.07148851
12/21/24 8:00,0.1909788,0.1961724
12/21/24 9:00,0.4545832,0.5724516
12/21/24 10:00,0.528927,0.6481385
12/21/24 11:00,0.2620298,0.2589067
12/21/24 12:00,0.527696,0.6332016
12/21/24 13:00,0.6064054,0.8094801
12/21/24 14:00,0.4222834,0.5680705
12/21/24 15:00,0.2886353,0.4447148
12/21/24 16:00,0.1130886,0.2899871
12/21/24 17:00,0,0
12/21/24 18:00,0,0
12/21/24 19:00,0,0
12/21/24 20:00,0,0
12/21/24 21:00,0,0
12/21/24 22:00,0,0
12/21/24 23:00,0,0
12/22/24 0:00,0,0
12/22/24 1:00,0,0
12/22/24 2:00,0,0
12/22/24 3:00,0,0
12/22/24 4:00,0,0
12/22/24 5:00,0,0
12/22/24 6:00,0.01584376,0.02086445
12/22/24 7:00,0.175628,0.2621886
12/22/24 8:00,0.4907639,0.7230052
12/22/24 9:00,0.6585909,0.9040107
12/22/24 10:00,0.6224812,0.8091416
12/22/24 11:00,0.8140996,1.071433
12/22/24 12:00,0.6563148,0.8513272
12/22/24 13:00,0.5367802,0.6918035
12/22/24 14:00,0.5223184,0.739205
12/22/24 15:00,0.2682095,0.3969603
12/22/24 16:00,0.0944927,0.2164704
12/22/24 17:00,0,0
12/22/24 18:00,0,0
12/22/24 19:00,0,0
12/22/24 20:00,0,0
12/22/24 21:00,0,0
12/22/24 22:00,0,0
12/22/24 23:00,0,0
12/23/24 0:00,0,0
12/23/24 1:00,0,0
12/23/24 2:00,0,0
12/23/24 3:00,0,0
12/23/24 4:00,0,0
12/23/24 5:00,0,0
12/23/24 6:00,0.03119901,0.13108
12/23/24 7:00,0.1791393,0.2736032
12/23/24 8:00,0.4502314,0.661514
12/23/24 9:00,0.6508868,0.8932844
12/23/24 10:00,0.6444134,0.8446384
12/23/24 11:00,0.7518911,0.9869458
12/23/24 12:00,0.779709,1.02972
12/23/24 13:00,0.6980461,0.9416217
12/23/24 14:00,0.5468203,0.7744853
12/23/24 15:00,0.2486327,0.3495312
12/23/24 16:00,0.07639436,0.1339449
12/23/24 17:00,4.95572E-07,0
12/23/24 18:00,0,0
12/23/24 19:00,0,0
12/23/24 20:00,0,0
12/23/24 21:00,0,0
12/23/24 22:00,0,0
12/23/24 23:00,0,0
12/24/24 0:00,0,0
12/24/24 1:00,0,0
12/24/24 2:00,0,0
12/24/24 3:00,0,0
12/24/24 4:00,0,0
12/24/24 5:00,0,0
12/24/24 6:00,0.02827773,0.1079376
12/24/24 7:00,0.14959,0.198057
12/24/24 8:00,0.2706946,0.3199081
12/24/24 9:00,0.5407839,0.7281092
12/24/24 10:00,0.6036896,0.7780921
12/24/24 11:00,0.7265781,0.9508327
12/24/24 12:00,0.5697758,0.7050343
12/24/24 13:00,0.6104031,0.8141426
12/24/24 14:00,0.5694738,0.8070419
12/24/24 15:00,0.2382695,0.3238403
12/24/24 16:00,0.03779581,0.03867802
12/24/24 17:00,7.55184E-06,0
12/24/24 18:00,0,0
12/24/24 19:00,0,0
12/24/24 20:00,0,0
12/24/24 21:00,0,0
12/24/24 22:00,0,0
12/24/24 23:00,0,0
12/25/24 0:00,0,0
12/25/24 1:00,0,0
12/25/24 2:00,0,0
12/25/24 3:00,0,0
12/25/24 4:00,0,0
12/25/24 5:00,0,0
12/25/24 6:00,0.02883533,0.1168688
12/25/24 7:00,0.2068549,0.3523673
12/25/24 8:00,0.4861995,0.7173024
12/25/24 9:00,0.6616336,0.9087644
12/25/24 10:00,0.7157362,0.9501255
12/25/24 11:00,0.7316486,0.9579087
12/25/24 12:00,0.6913824,0.9047239
12/25/24 13:00,0.7355815,0.9928917
12/25/24 14:00,0.5899982,0.8363993
12/25/24 15:00,0.3016542,0.465677
12/25/24 16:00,0.114132,0.2774982
12/25/24 17:00,3.73393E-05,0
12/25/24 18:00,0,0
12/25/24 19:00,0,0
12/25/24 20:00,0,0
12/25/24 21:00,0,0
12/25/24 22:00,0,0
12/25/24 23:00,0,0
12/26/24 0:00,0,0
12/26/24 1:00,0,0
12/26/24 2:00,0,0
12/26/24 3:00,0,0
12/26/24 4:00,0,0
12/26/24 5:00,0,0
12/26/24 6:00,0.02072106,0.04944784
12/26/24 7:00,0.07486591,0.07474966
12/26/24 8:00,0.04981306,0.04861138
12/26/24 9:00,0.111651,0.1091704
12/26/24 10:00,0.2000168,0.1962017
12/26/24 11:00,0.2684643,0.2656672
12/26/24 12:00,0.6122549,0.7767813
12/26/24 13:00,0.4684221,0.5667979
12/26/24 14:00,0.4352841,0.5871489
12/26/24 15:00,0.1398111,0.1438213
12/26/24 16:00,0.05352466,0.06124157
12/26/24 17:00,5.33419E-05,0
12/26/24 18:00,0,0
12/26/24 19:00,0,0
12/26/24 20:00,0,0
12/26/24 21:00,0,0
12/26/24 22:00,0,0
12/26/24 23:00,0,0
12/27/24 0:00,0,0
12/27/24 1:00,0,0
12/27/24 2:00,0,0
12/27/24 3:00,0,0
12/27/24 4:00,0,0
12/27/24 5:00,0,0
12/27/24 6:00,0.01177148,0.01341823
12/27/24 7:00,0.1222586,0.1419296
12/27/24 8:00,0.3007605,0.3793023
12/27/24 9:00,0.5381716,0.7241179
12/27/24 10:00,0.525247,0.6419908
12/27/24 11:00,0.5301545,0.6274476
12/27/24 12:00,0.516105,0.6108711
12/27/24 13:00,0.4202151,0.482918
12/27/24 14:00,0.3105648,0.3533195
12/27/24 15:00,0.1620295,0.1739058
12/27/24 16:00,0.05540814,0.06393404
12/27/24 17:00,0.000147618,0
12/27/24 18:00,0,0
12/27/24 19:00,0,0
12/27/24 20:00,0,0
12/27/24 21:00,0,0
12/27/24 22:00,0,0
12/27/24 23:00,0,0
12/28/24 0:00,0,0
12/28/24 1:00,0,0
12/28/24 2:00,0,0
12/28/24 3:00,0,0
12/28/24 4:00,0,0
12/28/24 5:00,0,0
12/28/24 6:00,0.02072395,0.05396531
12/28/24 7:00,0.2226333,0.3947631
12/28/24 8:00,0.4262129,0.6246966
12/28/24 9:00,0.5727257,0.7800516
12/28/24 10:00,0.7458789,0.9905422
12/28/24 11:00,0.848447,1.116199
12/28/24 12:00,0.7942705,1.047124
12/28/24 13:00,0.7174655,0.9653668
12/28/24 14:00,0.5148245,0.7224941
12/28/24 15:00,0.3808018,0.6019444
12/28/24 16:00,0.119833,0.2822191
12/28/24 17:00,0.000186404,0
12/28/24 18:00,0,0
12/28/24 19:00,0,0
12/28/24 20:00,0,0
12/28/24 21:00,0,0
12/28/24 22:00,0,0
12/28/24 23:00,0,0
12/29/24 0:00,0,0
12/29/24 1:00,0,0
12/29/24 2:00,0,0
12/29/24 3:00,0,0
12/29/24 4:00,0,0
12/29/24 5:00,0,0
12/29/24 6:00,0.02749736,0.1171661
12/29/24 7:00,0.2228486,0.3961569
12/29/24 8:00,0.4358635,0.640431
12/29/24 9:00,0.5084091,0.6725317
12/29/24 10:00,0.6226082,0.8085169
12/29/24 11:00,0.6050853,0.7547386
12/29/24 12:00,0.6677036,0.8653931
12/29/24 13:00,0.6408169,0.856625
12/29/24 14:00,0.5739387,0.8085521
12/29/24 15:00,0.3251154,0.5049382
12/29/24 16:00,0.1188092,0.2738826
12/29/24 17:00,0.000349885,0
12/29/24 18:00,0,0
12/29/24 19:00,0,0
12/29/24 20:00,0,0
12/29/24 21:00,0,0
12/29/24 22:00,0,0
12/29/24 23:00,0,0
12/30/24 0:00,0,0
12/30/24 1:00,0,0
12/30/24 2:00,0,0
12/30/24 3:00,0,0
12/30/24 4:00,0,0
12/30/24 5:00,0,0
12/30/24 6:00,0.01872372,0.04342495
12/30/24 7:00,0.1225507,0.1439205
12/30/24 8:00,0.2360287,0.2620766
12/30/24 9:00,0.3459779,0.3846181
12/30/24 10:00,0.5191206,0.6305141
12/30/24 11:00,0.3796123,0.3964148
12/30/24 12:00,0.4217688,0.4583016
12/30/24 13:00,0.3566683,0.38252
12/30/24 14:00,0.5369546,0.7535186
12/30/24 15:00,0.2737963,0.3931776
12/30/24 16:00,0.09054418,0.159707
12/30/24 17:00,0.000234789,0
12/30/24 18:00,0,0
12/30/24 19:00,0,0
12/30/24 20:00,0,0
12/30/24 21:00,0,0
12/30/24 22:00,0,0
12/30/24 23:00,0,0