Time,global_solar_kw/m2,incident_solar_kw/m2
1/1/24 0:00,0,0
1/1/24 1:00,0,0
1/1/24 2:00,0,0
1/1/24 3:00,0,0
1/1/24 4:00,0,0
1/1/24 5:00,0,0
1/1/24 6:00,0.03294229,0.07013416
1/1/24 7:00,0.2004263,0.2886602
1/1/24 8:00,0.4305398,0.6036469
1/1/24 9:00,0.3639556,0.4005167
1/1/24 10:00,0.3832254,0.4040234
1/1/24 11:00,0.6797687,0.8614646
1/1/24 12:00,0.4791118,0.5408652
1/1/24 13:00,0.442623,0.5148751
1/1/24 14:00,0.2672274,0.2851887
1/1/24 15:00,0.1722257,0.191183
1/1/24 16:00,0.06775878,0.1076353
1/1/24 17:00,0,0
1/1/24 18:00,0,0
1/1/24 19:00,0,0
1/1/24 20:00,0,0
1/1/24 21:00,0,0
1/1/24 22:00,0,0
1/1/24 23:00,0,0
1/2/24 0:00,0,0
1/2/24 1:00,0,0
1/2/24 2:00,0,0
1/2/24 3:00,0,0
1/2/24 4:00,0,0
1/2/24 5:00,0,0
1/2/24 6:00,0.04045103,0.1308479
1/2/24 7:00,0.2497056,0.4092379
1/2/24 8:00,0.4918963,0.701965
1/2/24 9:00,0.6373471,0.8542403
1/2/24 10:00,0.6248108,0.7913975
1/2/24 11:00,0.5518582,0.6494511
1/2/24 12:00,0.4728155,0.5303105
1/2/24 13:00,0.6149718,0.8069844
1/2/24 14:00,0.4452482,0.5975795
1/2/24 15:00,0.3403135,0.5330386
1/2/24 16:00,0.08480983,0.1714139
1/2/24 17:00,0,0
1/2/24 18:00,0,0
1/2/24 19:00,0,0
1/2/24 20:00,0,0
1/2/24 21:00,0,0
1/2/24 22:00,0,0
1/2/24 23:00,0,0
1/3/24 0:00,0,0
1/3/24 1:00,0,0
1/3/24 2:00,0,0
1/3/24 3:00,0,0
1/3/24 4:00,0,0
1/3/24 5:00,0,0
1/3/24 6:00,0.02582379,0.03884104
1/3/24 7:00,0.1938136,0.2734951
1/3/24 8:00,0.3433316,0.4366484
1/3/24 9:00,0.3735868,0.4151845
1/3/24 10:00,0.7368036,0.9599459
1/3/24 11:00,0.5780416,0.6923773
1/3/24 12:00,0.4221084,0.4537273
1/3/24 13:00,0.4973584,0.6068858
1/3/24 14:00,0.4347829,0.5765062
1/3/24 15:00,0.3030812,0.4612985
1/3/24 16:00,0.08586675,0.1699025
1/3/24 17:00,0,0
1/3/24 18:00,0,0
1/3/24 19:00,0,0
1/3/24 20:00,0,0
1/3/24 21:00,0,0
1/3/24 22:00,0,0
1/3/24 23:00,0,0
1/4/24 0:00,0,0
1/4/24 1:00,0,0
1/4/24 2:00,0,0
1/4/24 3:00,0,0
1/4/24 4:00,0,0
1/4/24 5:00,0,0
1/4/24 6:00,0.04032225,0.1393067
1/4/24 7:00,0.2661719,0.4439189
1/4/24 8:00,0.482675,0.6875148
1/4/24 9:00,0.6503255,0.8709373
1/4/24 10:00,0.7272955,0.9460557
1/4/24 11:00,0.7787949,1.004448
1/4/24 12:00,0.7907618,1.026017
1/4/24 13:00,0.6308588,0.8288129
1/4/24 14:00,0.4901471,0.6724723
1/4/24 15:00,0.3186572,0.4897212
1/4/24 16:00,0.1155245,0.2785194
1/4/24 17:00,7.64881E-06,0
1/4/24 18:00,0,0
1/4/24 19:00,0,0
1/4/24 20:00,0,0
1/4/24 21:00,0,0
1/4/24 22:00,0,0
1/4/24 23:00,0,0
1/5/24 0:00,0,0
1/5/24 1:00,0,0
1/5/24 2:00,0,0
1/5/24 3:00,0,0
1/5/24 4:00,0,0
1/5/24 5:00,0,0
1/5/24 6:00,0.01800837,0.02002437
1/5/24 7:00,0.1069177,0.1096173
1/5/24 8:00,0.2768956,0.3144515
1/5/24 9:00,0.306909,0.3192666
1/5/24 10:00,0.4875387,0.5594019
1/5/24 11:00,0.6474928,0.8058833
1/5/24 12:00,0.6444764,0.8109898
1/5/24 13:00,0.5392234,0.6769617
1/5/24 14:00,0.3494844,0.4144181
1/5/24 15:00,0.2020264,0.2391755
1/5/24 16:00,0.0589451,0.07219037
1/5/24 17:00,3.99045E-05,0
1/5/24 18:00,0,0
1/5/24 19:00,0,0
1/5/24 20:00,0,0
1/5/24 21:00,0,0
1/5/24 22:00,0,0
1/5/24 23:00,0,0
1/6/24 0:00,0,0
1/6/24 1:00,0,0
1/6/24 2:00,0,0
1/6/24 3:00,0,0
1/6/24 4:00,0,0
1/6/24 5:00,0,0
1/6/24 6:00,0.03678664,0.1126892
1/6/24 7:00,0.2098405,0.3148383
1/6/24 8:00,0.372389,0.4931565
1/6/24 9:00,0.4603403,0.5602702
1/6/24 10:00,0.4768204,0.5415893
1/6/24 11:00,0.5099244,0.5784435
1/6/24 12:00,0.5846322,0.7105317
1/6/24 13:00,0.5796472,0.7440201
1/6/24 14:00,0.4415597,0.5832068
1/6/24 15:00,0.20784,0.2487243
1/6/24 16:00,0.08903059,0.1652603
1/6/24 17:00,4.21684E-05,0
1/6/24 18:00,0,0
1/6/24 19:00,0,0
1/6/24 20:00,0,0
1/6/24 21:00,0,0
1/6/24 22:00,0,0
1/6/24 23:00,0,0
1/7/24 0:00,0,0
1/7/24 1:00,0,0
1/7/24 2:00,0,0
1/7/24 3:00,0,0
1/7/24 4:00,0,0
1/7/24 5:00,0,0
1/7/24 6:00,0.03876747,0.1325447
1/7/24 7:00,0.2494377,0.4092433
1/7/24 8:00,0.3917251,0.5301861
1/7/24 9:00,0.5610942,0.7345138
1/7/24 10:00,0.7367085,0.9563016
1/7/24 11:00,0.7732189,0.9937269
1/7/24 12:00,0.7108558,0.9115498
1/7/24 13:00,0.5856083,0.7522317
1/7/24 14:00,0.4652168,0.6238234
1/7/24 15:00,0.2760745,0.3920606
1/7/24 16:00,0.09248786,0.173144
1/7/24 17:00,0.000109377,0
1/7/24 18:00,0,0
1/7/24 19:00,0,0
1/7/24 20:00,0,0
1/7/24 21:00,0,0
1/7/24 22:00,0,0
1/7/24 23:00,0,0
1/8/24 0:00,0,0
1/8/24 1:00,0,0
1/8/24 2:00,0,0
1/8/24 3:00,0,0
1/8/24 4:00,0,0
1/8/24 5:00,0,0
1/8/24 6:00,0.02215501,0.02947927
1/8/24 7:00,0.1550383,0.1869293
1/8/24 8:00,0.3462898,0.4413508
1/8/24 9:00,0.410641,0.47363
1/8/24 10:00,0.537307,0.6398647
1/8/24 11:00,0.5685308,0.6719658
1/8/24 12:00,0.5890018,0.7152246
1/8/24 13:00,0.6204653,0.8065591
1/8/24 14:00,0.4545492,0.602663
1/8/24 15:00,0.2686834,0.3728774
1/8/24 16:00,0.1063898,0.2213835
1/8/24 17:00,0.00015851,0
1/8/24 18:00,0,0
1/8/24 19:00,0,0
1/8/24 20:00,0,0
1/8/24 21:00,0,0
1/8/24 22:00,0,0
1/8/24 23:00,0,0
1/9/24 0:00,0,0
1/9/24 1:00,0,0
1/9/24 2:00,0,0
1/9/24 3:00,0,0
1/9/24 4:00,0,0
1/9/24 5:00,0,0
1/9/24 6:00,0.03506964,0.103326
1/9/24 7:00,0.08548277,0.08504555
1/9/24 8:00,0.1861318,0.1873129
1/9/24 9:00,0.3750322,0.4158607
1/9/24 10:00,0.583712,0.7170522
1/9/24 11:00,0.573738,0.6795019
1/9/24 12:00,0.6577831,0.8267174
1/9/24 13:00,0.3474352,0.3644053
1/9/24 14:00,0.1799287,0.1777075
1/9/24 15:00,0.1740955,0.1878685
1/9/24 16:00,0.05683375,0.06330141
1/9/24 17:00,0.000215693,0
1/9/24 18:00,0,0
1/9/24 19:00,0,0
1/9/24 20:00,0,0
1/9/24 21:00,0,0
1/9/24 22:00,0,0
1/9/24 23:00,0,0
1/10/24 0:00,0,0
1/10/24 1:00,0,0
1/10/24 2:00,0,0
1/10/24 3:00,0,0
1/10/24 4:00,0,0
1/10/24 5:00,0,0
1/10/24 6:00,0.0349007,0.103256
1/10/24 7:00,0.2255329,0.3533882
1/10/24 8:00,0.3894311,0.5239318
1/10/24 9:00,0.5982122,0.7904693
1/10/24 10:00,0.7282172,0.9411844
1/10/24 11:00,0.8666415,1.113938
1/10/24 12:00,0.8357528,1.078103
1/10/24 13:00,0.7241806,0.9513819
1/10/24 14:00,0.5730859,0.7867844
1/10/24 15:00,0.3060865,0.4477403
1/10/24 16:00,0.1126625,0.2318007
1/10/24 17:00,0.000344298,0
1/10/24 18:00,0,0
1/10/24 19:00,0,0
1/10/24 20:00,0,0
1/10/24 21:00,0,0
1/10/24 22:00,0,0
1/10/24 23:00,0,0
1/11/24 0:00,0,0
1/11/24 1:00,0,0
1/11/24 2:00,0,0
1/11/24 3:00,0,0
1/11/24 4:00,0,0
1/11/24 5:00,0,0
1/11/24 6:00,0.03449527,0.1009964
1/11/24 7:00,0.1911907,0.2681446
1/11/24 8:00,0.3381186,0.4240261
1/11/24 9:00,0.4315364,0.5071245
1/11/24 10:00,0.766498,0.9915802
1/11/24 11:00,0.7322484,0.930169
1/11/24 12:00,0.6700403,0.8429295
1/11/24 13:00,0.4023784,0.4411386
1/11/24 14:00,0.361865,0.4273532
1/11/24 15:00,0.231682,0.2865794
1/11/24 16:00,0.0704424,0.08770475
1/11/24 17:00,0.000464303,0
1/11/24 18:00,0,0
1/11/24 19:00,0,0
1/11/24 20:00,0,0
1/11/24 21:00,0,0
1/11/24 22:00,0,0
1/11/24 23:00,0,0
1/12/24 0:00,0,0
1/12/24 1:00,0,0
1/12/24 2:00,0,0
1/12/24 3:00,0,0
1/12/24 4:00,0,0
1/12/24 5:00,0,0
1/12/24 6:00,0.03551457,0.1107517
1/12/24 7:00,0.2402829,0.3867066
1/12/24 8:00,0.4328987,0.6014555
1/12/24 9:00,0.5534067,0.7167137
1/12/24 10:00,0.650425,0.8225338
1/12/24 11:00,0.5880173,0.6994411
1/12/24 12:00,0.6790681,0.8553621
1/12/24 13:00,0.5450407,0.674934
1/12/24 14:00,0.3191441,0.3547278
1/12/24 15:00,0.2432067,0.3078122
1/12/24 16:00,0.09337896,0.150128
1/12/24 17:00,0.000633358,0
1/12/24 18:00,0,0
1/12/24 19:00,0,0
1/12/24 20:00,0,0
1/12/24 21:00,0,0
1/12/24 22:00,0,0
1/12/24 23:00,0,0
1/13/24 0:00,0,0
1/13/24 1:00,0,0
1/13/24 2:00,0,0
1/13/24 3:00,0,0
1/13/24 4:00,0,0
1/13/24 5:00,0,0
1/13/24 6:00,0.03460409,0.1036732
1/13/24 7:00,0.1519931,0.180613
1/13/24 8:00,0.3393172,0.42497
1/13/24 9:00,0.186807,0.1833512
1/13/24 10:00,0.35271,0.3618749
1/13/24 11:00,0.4150217,0.4352737
1/13/24 12:00,0.385313,0.3992811
1/13/24 13:00,0.2953366,0.2979536
1/13/24 14:00,0.2670921,0.2786029
1/13/24 15:00,0.2136853,0.248808
1/13/24 16:00,0.09698692,0.1575674
1/13/24 17:00,0.000892658,0
1/13/24 18:00,0,0
1/13/24 19:00,0,0
1/13/24 20:00,0,0
1/13/24 21:00,0,0
1/13/24 22:00,0,0
1/13/24 23:00,0,0
1/14/24 0:00,0,0
1/14/24 1:00,0,0
1/14/24 2:00,0,0
1/14/24 3:00,0,0
1/14/24 4:00,0,0
1/14/24 5:00,0,0
1/14/24 6:00,0.01091697,0.01136131
1/14/24 7:00,0.05194347,0.05104018
1/14/24 8:00,0.2297547,0.2415043
1/14/24 9:00,0.3844114,0.4280616
1/14/24 10:00,0.2887337,0.2873043
1/14/24 11:00,0.4256177,0.4490071
1/14/24 12:00,0.5504645,0.6428273
1/14/24 13:00,0.5749668,0.7214119
1/14/24 14:00,0.4270363,0.5391515
1/14/24 15:00,0.3111365,0.4457225
1/14/24 16:00,0.1019626,0.1694783
1/14/24 17:00,0.001490967,0
1/14/24 18:00,0,0
1/14/24 19:00,0,0
1/14/24 20:00,0,0
1/14/24 21:00,0,0
1/14/24 22:00,0,0
1/14/24 23:00,0,0
1/15/24 0:00,0,0
1/15/24 1:00,0,0
1/15/24 2:00,0,0
1/15/24 3:00,0,0
1/15/24 4:00,0,0
1/15/24 5:00,0,0
1/15/24 6:00,0.02917587,0.06365539
1/15/24 7:00,0.1770977,0.2331104
1/15/24 8:00,0.3516227,0.4468049
1/15/24 9:00,0.5498479,0.7068707
1/15/24 10:00,0.6983835,0.8913041
1/15/24 11:00,0.7448447,0.9421731
1/15/24 12:00,0.790426,1.010128
1/15/24 13:00,0.7140043,0.9288595
1/15/24 14:00,0.5194641,0.6971048
1/15/24 15:00,0.2381238,0.2911152
1/15/24 16:00,0.1201303,0.2266757
1/15/24 17:00,0.001131987,0
1/15/24 18:00,0,0
1/15/24 19:00,0,0
1/15/24 20:00,0,0
1/15/24 21:00,0,0
1/15/24 22:00,0,0
1/15/24 23:00,0,0
1/16/24 0:00,0,0
1/16/24 1:00,0,0
1/16/24 2:00,0,0
1/16/24 3:00,0,0
1/16/24 4:00,0,0
1/16/24 5:00,0,0
1/16/24 6:00,0.03905648,0.1453694
1/16/24 7:00,0.2547889,0.4135249
1/16/24 8:00,0.4700502,0.6568049
1/16/24 9:00,0.6186959,0.8130347
1/16/24 10:00,0.5566209,0.6633323
1/16/24 11:00,0.4136036,0.4320022
1/16/24 12:00,0.2983533,0.2962884
1/16/24 13:00,0.2720579,0.271032
1/16/24 14:00,0.3003371,0.3225335
1/16/24 15:00,0.2412373,0.2950969
1/16/24 16:00,0.07461259,0.08808754
1/16/24 17:00,0.001543694,0
1/16/24 18:00,0,0
1/16/24 19:00,0,0
1/16/24 20:00,0,0
1/16/24 21:00,0,0
1/16/24 22:00,0,0
1/16/24 23:00,0,0
1/17/24 0:00,0,0
1/17/24 1:00,0,0
1/17/24 2:00,0,0
1/17/24 3:00,0,0
1/17/24 4:00,0,0
1/17/24 5:00,0,0
1/17/24 6:00,0.03484328,0.1069179
1/17/24 7:00,0.1735276,0.2239059
1/17/24 8:00,0.416212,0.5657256
1/17/24 9:00,0.5977857,0.7802388
1/17/24 10:00,0.7629909,0.9780928
1/17/24 11:00,0.7802549,0.9886069
1/17/24 12:00,0.7530761,0.9557816
1/17/24 13:00,0.5452198,0.6653574
1/17/24 14:00,0.2757605,0.2878553
1/17/24 15:00,0.128895,0.1281155
1/17/24 16:00,0.06657206,0.07261047
1/17/24 17:00,0.001217662,0
1/17/24 18:00,0,0
1/17/24 19:00,0,0
1/17/24 20:00,0,0
1/17/24 21:00,0,0
1/17/24 22:00,0,0
1/17/24 23:00,0,0
1/18/24 0:00,0,0
1/18/24 1:00,0,0
1/18/24 2:00,0,0
1/18/24 3:00,0,0
1/18/24 4:00,0,0
1/18/24 5:00,0,0
1/18/24 6:00,0.03065188,0.07353009
1/18/24 7:00,0.2392674,0.3777536
1/18/24 8:00,0.269237,0.2981436
1/18/24 9:00,0.4418172,0.5182412
1/18/24 10:00,0.4370251,0.4730148
1/18/24 11:00,0.5548193,0.6375409
1/18/24 12:00,0.6526896,0.8024213
1/18/24 13:00,0.554836,0.6793905
1/18/24 14:00,0.4564088,0.5824207
1/18/24 15:00,0.2882121,0.3855232
1/18/24 16:00,0.1273115,0.2325341
1/18/24 17:00,0.002046952,0
1/18/24 18:00,0,0
1/18/24 19:00,0,0
1/18/24 20:00,0,0
1/18/24 21:00,0,0
1/18/24 22:00,0,0
1/18/24 23:00,0,0
1/19/24 0:00,0,0
1/19/24 1:00,0,0
1/19/24 2:00,0,0
1/19/24 3:00,0,0
1/19/24 4:00,0,0
1/19/24 5:00,0,0
1/19/24 6:00,0.03024496,0.07040627
1/19/24 7:00,0.2133385,0.3159001
1/19/24 8:00,0.3320409,0.4057608
1/19/24 9:00,0.4233145,0.4864542
1/19/24 10:00,0.7152052,0.9088721
1/19/24 11:00,0.7398968,0.9276207
1/19/24 12:00,0.7982188,1.013067
1/19/24 13:00,0.641426,0.8168312
1/19/24 14:00,0.5606055,0.7502922
1/19/24 15:00,0.2730197,0.3513699
1/19/24 16:00,0.1337516,0.2471451
1/19/24 17:00,0.002790563,0
1/19/24 18:00,0,0
1/19/24 19:00,0,0
1/19/24 20:00,0,0
1/19/24 21:00,0,0
1/19/24 22:00,0,0
1/19/24 23:00,0,0
1/20/24 0:00,0,0
1/20/24 1:00,0,0
1/20/24 2:00,0,0
1/20/24 3:00,0,0
1/20/24 4:00,0,0
1/20/24 5:00,0,0
1/20/24 6:00,0.03930327,0.1462358
1/20/24 7:00,0.251458,0.4005857
1/20/24 8:00,0.4242506,0.575161
1/20/24 9:00,0.5123595,0.6359964
1/20/24 10:00,0.7792391,0.9941306
1/20/24 11:00,0.7317739,0.9136997
1/20/24 12:00,0.7190211,0.9004738
1/20/24 13:00,0.5655962,0.692943
1/20/24 14:00,0.5351873,0.7094795
1/20/24 15:00,0.3206199,0.4454519
1/20/24 16:00,0.1280864,0.223442
1/20/24 17:00,0.002685185,0
1/20/24 18:00,0,0
1/20/24 19:00,0,0
1/20/24 20:00,0,0
1/20/24 21:00,0,0
1/20/24 22:00,0,0
1/20/24 23:00,0,0
1/21/24 0:00,0,0
1/21/24 1:00,0,0
1/21/24 2:00,0,0
1/21/24 3:00,0,0
1/21/24 4:00,0,0
1/21/24 5:00,0,0
1/21/24 6:00,0.03097997,0.07445537
1/21/24 7:00,0.142262,0.1602471
1/21/24 8:00,0.257728,0.2790809
1/21/24 9:00,0.4880581,0.592943
1/21/24 10:00,0.7119766,0.9004235
1/21/24 11:00,0.7358429,0.9176565
1/21/24 12:00,0.4524207,0.4845234
1/21/24 13:00,0.5976691,0.7431756
1/21/24 14:00,0.3951562,0.4672787
1/21/24 15:00,0.2009717,0.2179785
1/21/24 16:00,0.1200665,0.1928868
1/21/24 17:00,0.004458533,0
1/21/24 18:00,0,0
1/21/24 19:00,0,0
1/21/24 20:00,0,0
1/21/24 21:00,0,0
1/21/24 22:00,0,0
1/21/24 23:00,0,0
1/22/24 0:00,0,0
1/22/24 1:00,0,0
1/22/24 2:00,0,0
1/22/24 3:00,0,0
1/22/24 4:00,0,0
1/22/24 5:00,0,0
1/22/24 6:00,0.04083462,0.1584393
1/22/24 7:00,0.1881542,0.2522628
1/22/24 8:00,0.269507,0.2963398
1/22/24 9:00,0.2547004,0.2541313
1/22/24 10:00,0.5520958,0.6471815
1/22/24 11:00,0.6068099,0.7144752
1/22/24 12:00,0.5152657,0.5757529
1/22/24 13:00,0.4317165,0.4735458
1/22/24 14:00,0.4446137,0.5515252
1/22/24 15:00,0.3009803,0.3994692
1/22/24 16:00,0.08251309,0.0946625
1/22/24 17:00,0.003801647,0
1/22/24 18:00,0,0
1/22/24 19:00,0,0
1/22/24 20:00,0,0
1/22/24 21:00,0,0
1/22/24 22:00,0,0
1/22/24 23:00,0,0
1/23/24 0:00,0,0
1/23/24 1:00,0,0
1/23/24 2:00,0,0
1/23/24 3:00,0,0
1/23/24 4:00,0,0
1/23/24 5:00,0,0
1/23/24 6:00,0.03255664,0.08404418
1/23/24 7:00,0.2306933,0.3498856
1/23/24 8:00,0.5155569,0.7105418
1/23/24 9:00,0.6865132,0.8938192
1/23/24 10:00,0.8246129,1.047505
1/23/24 11:00,0.8271524,1.039341
1/23/24 12:00,0.7249356,0.9025547
1/23/24 13:00,0.6852648,0.8723181
1/23/24 14:00,0.587707,0.7790639
1/23/24 15:00,0.4086447,0.589274
1/23/24 16:00,0.1622356,0.3044291
1/23/24 17:00,0.004342526,0
1/23/24 18:00,0,0
1/23/24 19:00,0,0
1/23/24 20:00,0,0
1/23/24 21:00,0,0
1/23/24 22:00,0,0
1/23/24 23:00,0,0
1/24/24 0:00,0,0
1/24/24 1:00,0,0
1/24/24 2:00,0,0
1/24/24 3:00,0,0
1/24/24 4:00,0,0
1/24/24 5:00,0,0
1/24/24 6:00,0.05157011,0.2388386
1/24/24 7:00,0.238049,0.3642559
1/24/24 8:00,0.3660271,0.4620514
1/24/24 9:00,0.5974001,0.7666683
1/24/24 10:00,0.7516204,0.9497957
1/24/24 11:00,0.8060484,1.00967
1/24/24 12:00,0.6777361,0.8288505
1/24/24 13:00,0.451179,0.5002855
1/24/24 14:00,0.4363644,0.5321991
1/24/24 15:00,0.2628736,0.3190209
1/24/24 16:00,0.0725136,0.07666959
1/24/24 17:00,0.004040349,0
1/24/24 18:00,0,0
1/24/24 19:00,0,0
1/24/24 20:00,0,0
1/24/24 21:00,0,0
1/24/24 22:00,0,0
1/24/24 23:00,0,0
1/25/24 0:00,0,0
1/25/24 1:00,0,0
1/25/24 2:00,0,0
1/25/24 3:00,0,0
1/25/24 4:00,0,0
1/25/24 5:00,0,0
1/25/24 6:00,0.03004658,0.06272485
1/25/24 7:00,0.2545329,0.3967276
1/25/24 8:00,0.3924482,0.5089055
1/25/24 9:00,0.6257679,0.8066376
1/25/24 10:00,0.692185,0.8631287
1/25/24 11:00,0.7687137,0.9563115
1/25/24 12:00,0.5873753,0.6837041
1/25/24 13:00,0.571099,0.6905416
1/25/24 14:00,0.4537437,0.5599086
1/25/24 15:00,0.3119953,0.4121172
1/25/24 16:00,0.1404661,0.23377
1/25/24 17:00,0.004088645,0
1/25/24 18:00,0,0
1/25/24 19:00,0,0
1/25/24 20:00,0,0
1/25/24 21:00,0,0
1/25/24 22:00,0,0
1/25/24 23:00,0,0
1/26/24 0:00,0,0
1/26/24 1:00,0,0
1/26/24 2:00,0,0
1/26/24 3:00,0,0
1/26/24 4:00,0,0
1/26/24 5:00,0,0
1/26/24 6:00,0.03756572,0.1144591
1/26/24 7:00,0.1750841,0.218714
1/26/24 8:00,0.3419595,0.4147874
1/26/24 9:00,0.5522737,0.6912906
1/26/24 10:00,0.5665116,0.6637633
1/26/24 11:00,0.418546,0.4331668
1/26/24 12:00,0.5473494,0.6191354
1/26/24 13:00,0.5754274,0.6952158
1/26/24 14:00,0.3410237,0.3721079
1/26/24 15:00,0.3024285,0.3902378
1/26/24 16:00,0.0964491,0.115241
1/26/24 17:00,0.005965965,0
1/26/24 18:00,0,0
1/26/24 19:00,0,0
1/26/24 20:00,0,0
1/26/24 21:00,0,0
1/26/24 22:00,0,0
1/26/24 23:00,0,0
1/27/24 0:00,0,0
1/27/24 1:00,0,0
1/27/24 2:00,0,0
1/27/24 3:00,0,0
1/27/24 4:00,0,0
1/27/24 5:00,0,0
1/27/24 6:00,0.04315748,0.156868
1/27/24 7:00,0.1908391,0.2510842
1/27/24 8:00,0.345031,0.4187661
1/27/24 9:00,0.6147722,0.7862019
1/27/24 10:00,0.7210371,0.9006593
1/27/24 11:00,0.7868206,0.976931
1/27/24 12:00,0.7480238,0.9265901
1/27/24 13:00,0.667141,0.8359457
1/27/24 14:00,0.4629808,0.5706623
1/27/24 15:00,0.2313654,0.2584555
1/27/24 16:00,0.1467531,0.2413286
1/27/24 17:00,0.006647889,0
1/27/24 18:00,0,0
1/27/24 19:00,0,0
1/27/24 20:00,0,0
1/27/24 21:00,0,0
1/27/24 22:00,0,0
1/27/24 23:00,0,0
1/28/24 0:00,0,0
1/28/24 1:00,0,0
1/28/24 2:00,0,0
1/28/24 3:00,0,0
1/28/24 4:00,0,0
1/28/24 5:00,0,0
1/28/24 6:00,0.02747344,0.04460153
1/28/24 7:00,0.02393491,0.02334161
1/28/24 8:00,0.03994959,0.03889809
1/28/24 9:00,0.04963659,0.04829896
1/28/24 10:00,0.1716857,0.1677417
1/28/24 11:00,0.2085165,0.2038692
1/28/24 12:00,0.1958482,0.1914273
1/28/24 13:00,0.1942715,0.1901027
1/28/24 14:00,0.1451577,0.1420727
1/28/24 15:00,0.09997642,0.09807125
1/28/24 16:00,0.1082497,0.1359898
1/28/24 17:00,0.0080965,0
1/28/24 18:00,0,0
1/28/24 19:00,0,0
1/28/24 20:00,0,0
1/28/24 21:00,0,0
1/28/24 22:00,0,0
1/28/24 23:00,0,0
1/29/24 0:00,0,0
1/29/24 1:00,0,0
1/29/24 2:00,0,0
1/29/24 3:00,0,0
1/29/24 4:00,0,0
1/29/24 5:00,0,0
1/29/24 6:00,0.03711092,0.09773725
1/29/24 7:00,0.2206797,0.3141514
1/29/24 8:00,0.4616263,0.6183655
1/29/24 9:00,0.5167584,0.6267388
1/29/24 10:00,0.6355833,0.7676042
1/29/24 11:00,0.5409915,0.6005985
1/29/24 12:00,0.3766051,0.3818023
1/29/24 13:00,0.6156386,0.7519929
1/29/24 14:00,0.3802566,0.4281571
1/29/24 15:00,0.3409265,0.4550107
1/29/24 16:00,0.171358,0.2959492
1/29/24 17:00,0.007838279,0
1/29/24 18:00,0,0
1/29/24 19:00,0,0
1/29/24 20:00,0,0
1/29/24 21:00,0,0
1/29/24 22:00,0,0
1/29/24 23:00,0,0
1/30/24 0:00,0,0
1/30/24 1:00,0,0
1/30/24 2:00,0,0
1/30/24 3:00,0,0
1/30/24 4:00,0,0
1/30/24 5:00,0,0
1/30/24 6:00,0.04464339,0.1498465
1/30/24 7:00,0.1880677,0.2401332
1/30/24 8:00,0.1763376,0.1747978
1/30/24 9:00,0.3365833,0.3500281
1/30/24 10:00,0.2638656,0.2595659
1/30/24 11:00,0.3793424,0.3835513
1/30/24 12:00,0.3692083,0.3727497
1/30/24 13:00,0.4607317,0.5063263
1/30/24 14:00,0.4622047,0.5615767
1/30/24 15:00,0.313574,0.3999214
1/30/24 16:00,0.1741059,0.2975444
1/30/24 17:00,0.01054432,0
1/30/24 18:00,0,0
1/30/24 19:00,0,0
1/30/24 20:00,0,0
1/30/24 21:00,0,0
1/30/24 22:00,0,0
1/30/24 23:00,0,0
1/31/24 0:00,0,0
1/31/24 1:00,0,0
1/31/24 2:00,0,0
1/31/24 3:00,0,0
1/31/24 4:00,0,0
1/31/24 5:00,0,0
1/31/24 6:00,0.04554128,0.1498374
1/31/24 7:00,0.2216516,0.3114754
1/31/24 8:00,0.3903465,0.4926169
1/31/24 9:00,0.6406309,0.8140202
1/31/24 10:00,0.8050104,1.003818
1/31/24 11:00,0.7945385,0.9778574
1/31/24 12:00,0.6907071,0.8319127
1/31/24 13:00,0.7108067,0.888069
1/31/24 14:00,0.5845139,0.7533616
1/31/24 15:00,0.372651,0.5059515
1/31/24 16:00,0.1667137,0.2743091
1/31/24 17:00,0.007609716,0
1/31/24 18:00,0,0
1/31/24 19:00,0,0
1/31/24 20:00,0,0
1/31/24 21:00,0,0
1/31/24 22:00,0,0
1/31/24 23:00,0,0
2/1/24 0:00,0,0
2/1/24 1:00,0,0
2/1/24 2:00,0,0
2/1/24 3:00,0,0
2/1/24 4:00,0,0
2/1/24 5:00,0,0
2/1/24 6:00,0.01809407,0.01918305
2/1/24 7:00,0.03777005,0.03691445
2/1/24 8:00,0.2932012,0.3248069
2/1/24 9:00,0.4104147,0.4516147
2/1/24 10:00,0.6376174,0.7639518
2/1/24 11:00,0.7442598,0.9044862
2/1/24 12:00,0.6237887,0.7264486
2/1/24 13:00,0.62226,0.7545102
2/1/24 14:00,0.5829297,0.7482376
2/1/24 15:00,0.3946474,0.5398375
2/1/24 16:00,0.147609,0.2198018
2/1/24 17:00,0.00712122,0
2/1/24 18:00,0,0
2/1/24 19:00,0,0
2/1/24 20:00,0,0
2/1/24 21:00,0,0
2/1/24 22:00,0,0
2/1/24 23:00,0,0
2/2/24 0:00,0,0
2/2/24 1:00,0,0
2/2/24 2:00,0,0
2/2/24 3:00,0,0
2/2/24 4:00,0,0
2/2/24 5:00,0,0
2/2/24 6:00,0.01607457,0.01667693
2/2/24 7:00,0.1093974,0.1103152
2/2/24 8:00,0.3363615,0.3938563
2/2/24 9:00,0.2434572,0.2406542
2/2/24 10:00,0.3982269,0.4107108
2/2/24 11:00,0.141104,0.1375894
2/2/24 12:00,0.2748518,0.2699465
2/2/24 13:00,0.1903946,0.186175
2/2/24 14:00,0.08929124,0.08707345
2/2/24 15:00,0.04825186,0.04704511
2/2/24 16:00,0.02105933,0.02058261
2/2/24 17:00,0.008601643,0
2/2/24 18:00,0,0
2/2/24 19:00,0,0
2/2/24 20:00,0,0
2/2/24 21:00,0,0
2/2/24 22:00,0,0
2/2/24 23:00,0,0
2/3/24 0:00,0,0
2/3/24 1:00,0,0
2/3/24 2:00,0,0
2/3/24 3:00,0,0
2/3/24 4:00,0,0
2/3/24 5:00,0,0
2/3/24 6:00,0.02220549,0.02488023
2/3/24 7:00,0.1708256,0.200183
2/3/24 8:00,0.1144584,0.1120126
2/3/24 9:00,0.1153327,0.1125275
2/3/24 10:00,0.2356646,0.2308073
2/3/24 11:00,0.6968867,0.8292899
2/3/24 12:00,0.7506653,0.9124482
2/3/24 13:00,0.5519914,0.6393011
2/3/24 14:00,0.349841,0.3757219
2/3/24 15:00,0.1550904,0.1540583
2/3/24 16:00,0.0654835,0.06523067
2/3/24 17:00,0.004150882,0
2/3/24 18:00,0,0
2/3/24 19:00,0,0
2/3/24 20:00,0,0
2/3/24 21:00,0,0
2/3/24 22:00,0,0
2/3/24 23:00,0,0
2/4/24 0:00,0,0
2/4/24 1:00,0,0
2/4/24 2:00,0,0
2/4/24 3:00,0,0
2/4/24 4:00,0,0
2/4/24 5:00,0,0
2/4/24 6:00,0.03147078,0.04795216
2/4/24 7:00,0.2848151,0.4253653
2/4/24 8:00,0.5412565,0.7168001
2/4/24 9:00,0.7547147,0.9542683
2/4/24 10:00,0.8709876,1.077463
2/4/24 11:00,0.8957539,1.098142
2/4/24 12:00,0.9131651,1.122284
2/4/24 13:00,0.8187151,1.018131
2/4/24 14:00,0.5797728,0.7349432
2/4/24 15:00,0.3441215,0.4416093
2/4/24 16:00,0.1468585,0.2057949
2/4/24 17:00,0.007481107,0
2/4/24 18:00,0,0
2/4/24 19:00,0,0
2/4/24 20:00,0,0
2/4/24 21:00,0,0
2/4/24 22:00,0,0
2/4/24 23:00,0,0
2/5/24 0:00,0,0
2/5/24 1:00,0,0
2/5/24 2:00,0,0
2/5/24 3:00,0,0
2/5/24 4:00,0,0
2/5/24 5:00,0,0
2/5/24 6:00,0.05347971,0.1645746
2/5/24 7:00,0.2813222,0.4163138
2/5/24 8:00,0.4679898,0.6100442
2/5/24 9:00,0.4715382,0.5397637
2/5/24 10:00,0.6459765,0.7672712
2/5/24 11:00,0.8817232,1.07789
2/5/24 12:00,0.844162,1.032927
2/5/24 13:00,0.6089915,0.723511
2/5/24 14:00,0.4503186,0.5272145
2/5/24 15:00,0.3555585,0.459088
2/5/24 16:00,0.08818254,0.09161634
2/5/24 17:00,0.007896531,0
2/5/24 18:00,0,0
2/5/24 19:00,0,0
2/5/24 20:00,0,0
2/5/24 21:00,0,0
2/5/24 22:00,0,0
2/5/24 23:00,0,0
2/6/24 0:00,0,0
2/6/24 1:00,0,0
2/6/24 2:00,0,0
2/6/24 3:00,0,0
2/6/24 4:00,0,0
2/6/24 5:00,0,0
2/6/24 6:00,0.04377045,0.09936357
2/6/24 7:00,0.1635534,0.1839667
2/6/24 8:00,0.3852858,0.470039
2/6/24 9:00,0.5754576,0.7019168
2/6/24 10:00,0.5226784,0.5775084
2/6/24 11:00,0.7327157,0.8747656
2/6/24 12:00,0.8169249,0.9951488
2/6/24 13:00,0.4426098,0.4716886
2/6/24 14:00,0.4648047,0.5483618
2/6/24 15:00,0.391968,0.5188101
2/6/24 16:00,0.1614848,0.2336495
2/6/24 17:00,0.01404064,0
2/6/24 18:00,0,0
2/6/24 19:00,0,0
2/6/24 20:00,0,0
2/6/24 21:00,0,0
2/6/24 22:00,0,0
2/6/24 23:00,0,0
2/7/24 0:00,0,0
2/7/24 1:00,0,0
2/7/24 2:00,0,0
2/7/24 3:00,0,0
2/7/24 4:00,0,0
2/7/24 5:00,0,0
2/7/24 6:00,0.04261641,0.08783992
2/7/24 7:00,0.2696114,0.388907
2/7/24 8:00,0.5100078,0.6659768
2/7/24 9:00,0.6866232,0.8580754
2/7/24 10:00,0.8745409,1.073447
2/7/24 11:00,0.8412431,1.021619
2/7/24 12:00,0.7247907,0.8643712
2/7/24 13:00,0.6919225,0.8420596
2/7/24 14:00,0.3673397,0.3959923
2/7/24 15:00,0.2865164,0.3313567
2/7/24 16:00,0.09077141,0.09405608
2/7/24 17:00,0.01002473,0
2/7/24 18:00,0,0
2/7/24 19:00,0,0
2/7/24 20:00,0,0
2/7/24 21:00,0,0
2/7/24 22:00,0,0
2/7/24 23:00,0,0
2/8/24 0:00,0,0
2/8/24 1:00,0,0
2/8/24 2:00,0,0
2/8/24 3:00,0,0
2/8/24 4:00,0,0
2/8/24 5:00,0,0
2/8/24 6:00,0.02611724,0.02941624
2/8/24 7:00,0.2216849,0.2904571
2/8/24 8:00,0.3376805,0.386014
2/8/24 9:00,0.5651188,0.6807301
2/8/24 10:00,0.5383332,0.5973762
2/8/24 11:00,0.466611,0.4858105
2/8/24 12:00,0.5907205,0.6616833
2/8/24 13:00,0.7909141,0.9716427
2/8/24 14:00,0.6266516,0.7887678
2/8/24 15:00,0.378626,0.4897445
2/8/24 16:00,0.1894965,0.2905323
2/8/24 17:00,0.01518497,0
2/8/24 18:00,0,0
2/8/24 19:00,0,0
2/8/24 20:00,0,0
2/8/24 21:00,0,0
2/8/24 22:00,0,0
2/8/24 23:00,0,0
2/9/24 0:00,0,0
2/9/24 1:00,0,0
2/9/24 2:00,0,0
2/9/24 3:00,0,0
2/9/24 4:00,0,0
2/9/24 5:00,0,0
2/9/24 6:00,0.005515949,0.005426473
2/9/24 7:00,0.05164099,0.05052135
2/9/24 8:00,0.04059679,0.03950944
2/9/24 9:00,0.1628068,0.159095
2/9/24 10:00,0.1530679,0.1493157
2/9/24 11:00,0.09865446,0.09604214
2/9/24 12:00,0.0610032,0.05932767
2/9/24 13:00,0.09842049,0.09585902
2/9/24 14:00,0.06632309,0.0645762
2/9/24 15:00,0.04611143,0.044923
2/9/24 16:00,0.002234066,0.002170017
2/9/24 17:00,0.001554254,0
2/9/24 18:00,0,0
2/9/24 19:00,0,0
2/9/24 20:00,0,0
2/9/24 21:00,0,0
2/9/24 22:00,0,0
2/9/24 23:00,0,0
2/10/24 0:00,0,0
2/10/24 1:00,0,0
2/10/24 2:00,0,0
2/10/24 3:00,0,0
2/10/24 4:00,0,0
2/10/24 5:00,0,0
2/10/24 6:00,0.008675933,0.008591783
2/10/24 7:00,0.02154973,0.02098459
2/10/24 8:00,0.05432359,0.05290943
2/10/24 9:00,0.03604961,0.0350469
2/10/24 10:00,0.1068357,0.1040574
2/10/24 11:00,0.09760725,0.09501622
2/10/24 12:00,0.1104248,0.1075381
2/10/24 13:00,0.07435868,0.07236339
2/10/24 14:00,0.0644991,0.06279209
2/10/24 15:00,0.04638726,0.04518911
2/10/24 16:00,0.05147547,0.05062021
2/10/24 17:00,0.005503814,0
2/10/24 18:00,0,0
2/10/24 19:00,0,0
2/10/24 20:00,0,0
2/10/24 21:00,0,0
2/10/24 22:00,0,0
2/10/24 23:00,0,0
2/11/24 0:00,0,0
2/11/24 1:00,0,0
2/11/24 2:00,0,0
2/11/24 3:00,0,0
2/11/24 4:00,0,0
2/11/24 5:00,0,0
2/11/24 6:00,0.04205367,0.06843887
2/11/24 7:00,0.1915402,0.2253306
2/11/24 8:00,0.4905352,0.6264725
2/11/24 9:00,0.6852282,0.8451158
2/11/24 10:00,0.6141357,0.7047356
2/11/24 11:00,0.655711,0.7483774
2/11/24 12:00,0.5750412,0.6332709
2/11/24 13:00,0.5121441,0.563426
2/11/24 14:00,0.5676534,0.6962401
2/11/24 15:00,0.4172606,0.5429794
2/11/24 16:00,0.1275727,0.1469039
2/11/24 17:00,0.01672118,0
2/11/24 18:00,0,0
2/11/24 19:00,0,0
2/11/24 20:00,0,0
2/11/24 21:00,0,0
2/11/24 22:00,0,0
2/11/24 23:00,0,0
2/12/24 0:00,0,0
2/12/24 1:00,0,0
2/12/24 2:00,0,0
2/12/24 3:00,0,0
2/12/24 4:00,0,0
2/12/24 5:00,0,0
2/12/24 6:00,0.02348496,0.02421432
2/12/24 7:00,0.1327383,0.1356852
2/12/24 8:00,0.2252596,0.2268078
2/12/24 9:00,0.3864804,0.4062709
2/12/24 10:00,0.48647,0.5180317
2/12/24 11:00,0.566112,0.6159613
2/12/24 12:00,0.5321904,0.5711899
2/12/24 13:00,0.3865954,0.3945591
2/12/24 14:00,0.2683662,0.268036
2/12/24 15:00,0.286534,0.3223006
2/12/24 16:00,0.1772332,0.2467138
2/12/24 17:00,0.01156845,0
2/12/24 18:00,0,0
2/12/24 19:00,0,0
2/12/24 20:00,0,0
2/12/24 21:00,0,0
2/12/24 22:00,0,0
2/12/24 23:00,0,0
2/13/24 0:00,0,0
2/13/24 1:00,0,0
2/13/24 2:00,0,0
2/13/24 3:00,0,0
2/13/24 4:00,0,0
2/13/24 5:00,0,0
2/13/24 6:00,0.03698608,0.04756203
2/13/24 7:00,0.2304265,0.2938258
2/13/24 8:00,0.3976341,0.4737726
2/13/24 9:00,0.5150155,0.59102
2/13/24 10:00,0.6501308,0.7535826
2/13/24 11:00,0.7909418,0.9378719
2/13/24 12:00,0.815063,0.9730647
2/13/24 13:00,0.5654584,0.6382367
2/13/24 14:00,0.5678033,0.6905362
2/13/24 15:00,0.338318,0.4057157
2/13/24 16:00,0.1576223,0.2010283
2/13/24 17:00,0.01273235,0
2/13/24 18:00,0,0
2/13/24 19:00,0,0
2/13/24 20:00,0,0
2/13/24 21:00,0,0
2/13/24 22:00,0,0
2/13/24 23:00,0,0
2/14/24 0:00,0,0
2/14/24 1:00,0,0
2/14/24 2:00,0,0
2/14/24 3:00,0,0
2/14/24 4:00,0,0
2/14/24 5:00,0,0
2/14/24 6:00,0.06251673,0.1396912
2/14/24 7:00,0.2558967,0.3395149
2/14/24 8:00,0.4878852,0.6133788
2/14/24 9:00,0.5579042,0.6540539
2/14/24 10:00,0.7524529,0.8971236
2/14/24 11:00,0.7553595,0.8856098
2/14/24 12:00,0.874198,1.045666
2/14/24 13:00,0.7107571,0.8485674
2/14/24 14:00,0.5861933,0.7144269
2/14/24 15:00,0.3833314,0.4787257
2/14/24 16:00,0.1828192,0.2515319
2/14/24 17:00,0.02164701,0
2/14/24 18:00,0,0
2/14/24 19:00,0,0
2/14/24 20:00,0,0
2/14/24 21:00,0,0
2/14/24 22:00,0,0
2/14/24 23:00,0,0
2/15/24 0:00,0,0
2/15/24 1:00,0,0
2/15/24 2:00,0,0
2/15/24 3:00,0,0
2/15/24 4:00,0,0
2/15/24 5:00,0,0
2/15/24 6:00,0.06522628,0.143582
2/15/24 7:00,0.3119758,0.4325265
2/15/24 8:00,0.5268166,0.6651689
2/15/24 9:00,0.6145292,0.7355021
2/15/24 10:00,0.7861047,0.9392079
2/15/24 11:00,0.6075093,0.6697516
2/15/24 12:00,0.7439266,0.869946
2/15/24 13:00,0.6289998,0.7280123
2/15/24 14:00,0.5818992,0.705245
2/15/24 15:00,0.3594672,0.436057
2/15/24 16:00,0.1943361,0.2721762
2/15/24 17:00,0.01881024,0
2/15/24 18:00,0,0
2/15/24 19:00,0,0
2/15/24 20:00,0,0
2/15/24 21:00,0,0
2/15/24 22:00,0,0
2/15/24 23:00,0,0
2/16/24 0:00,0,0
2/16/24 1:00,0,0
2/16/24 2:00,0,0
2/16/24 3:00,0,0
2/16/24 4:00,0,0
2/16/24 5:00,0,0
2/16/24 6:00,0.04672184,0.06765556
2/16/24 7:00,0.2171594,0.2610964
2/16/24 8:00,0.4611018,0.56682
2/16/24 9:00,0.55393,0.6429136
2/16/24 10:00,0.8513105,1.018344
2/16/24 11:00,0.8652956,1.026985
2/16/24 12:00,0.7713425,0.9053824
2/16/24 13:00,0.6945933,0.8201785
2/16/24 14:00,0.4199318,0.4592786
2/16/24 15:00,0.4807597,0.6175527
2/16/24 16:00,0.2534678,0.3744701
2/16/24 17:00,0.02447074,0
2/16/24 18:00,0,0
2/16/24 19:00,0,0
2/16/24 20:00,0,0
2/16/24 21:00,0,0
2/16/24 22:00,0,0
2/16/24 23:00,0,0
2/17/24 0:00,0,0
2/17/24 1:00,0,0
2/17/24 2:00,0,0
2/17/24 3:00,0,0
2/17/24 4:00,0,0
2/17/24 5:00,0,0
2/17/24 6:00,0.05429922,0.0887211
2/17/24 7:00,0.2068025,0.240645
2/17/24 8:00,0.3316697,0.3624151
2/17/24 9:00,0.7312123,0.8858562
2/17/24 10:00,0.9330607,1.115164
2/17/24 11:00,0.9049289,1.072921
2/17/24 12:00,0.7913764,0.9298509
2/17/24 13:00,0.6714906,0.7845365
2/17/24 14:00,0.611139,0.7406577
2/17/24 15:00,0.287384,0.315871
2/17/24 16:00,0.1705588,0.2163824
2/17/24 17:00,0.01124725,0
2/17/24 18:00,0,0
2/17/24 19:00,0,0
2/17/24 20:00,0,0
2/17/24 21:00,0,0
2/17/24 22:00,0,0
2/17/24 23:00,0,0
2/18/24 0:00,0,0
2/18/24 1:00,0,0
2/18/24 2:00,0,0
2/18/24 3:00,0,0
2/18/24 4:00,0,0
2/18/24 5:00,0,0
2/18/24 6:00,0.07505656,0.1578199
2/18/24 7:00,0.255203,0.3250025
2/18/24 8:00,0.4615985,0.5614693
2/18/24 9:00,0.8203633,0.9931637
2/18/24 10:00,0.8963661,1.06721
2/18/24 11:00,0.8268594,0.9716111
2/18/24 12:00,0.9106858,1.078384
2/18/24 13:00,0.7725515,0.9196183
2/18/24 14:00,0.5085034,0.5874887
2/18/24 15:00,0.2060462,0.2075794
2/18/24 16:00,0.1311482,0.1436813
2/18/24 17:00,0.01997939,0
2/18/24 18:00,0,0
2/18/24 19:00,0,0
2/18/24 20:00,0,0
2/18/24 21:00,0,0
2/18/24 22:00,0,0
2/18/24 23:00,0,0
2/19/24 0:00,0,0
2/19/24 1:00,0,0
2/19/24 2:00,0,0
2/19/24 3:00,0,0
2/19/24 4:00,0,0
2/19/24 5:00,0,0
2/19/24 6:00,0.04578963,0.05756751
2/19/24 7:00,0.1983619,0.2229561
2/19/24 8:00,0.4065711,0.4729792
2/19/24 9:00,0.438077,0.4681201
2/19/24 10:00,0.8285073,0.9815518
2/19/24 11:00,0.8645831,1.017276
2/19/24 12:00,0.7904063,0.9227802
2/19/24 13:00,0.854109,1.017416
2/19/24 14:00,0.4884026,0.5549203
2/19/24 15:00,0.3445812,0.4015295
2/19/24 16:00,0.213281,0.2949512
2/19/24 17:00,0.02111373,0
2/19/24 18:00,0,0
2/19/24 19:00,0,0
2/19/24 20:00,0,0
2/19/24 21:00,0,0
2/19/24 22:00,0,0
2/19/24 23:00,0,0
2/20/24 0:00,0,0
2/20/24 1:00,0,0
2/20/24 2:00,0,0
2/20/24 3:00,0,0
2/20/24 4:00,0,0
2/20/24 5:00,0,0
2/20/24 6:00,0.0196131,0.01946335
2/20/24 7:00,0.03521375,0.03431311
2/20/24 8:00,0.1606223,0.15725
2/20/24 9:00,0.2050584,0.2004657
2/20/24 10:00,0.3380511,0.3346955
2/20/24 11:00,0.5122327,0.5334417
2/20/24 12:00,0.2389954,0.2334057
2/20/24 13:00,0.1282256,0.1249254
2/20/24 14:00,0.118005,0.1150523
2/20/24 15:00,0.1766318,0.1746517
2/20/24 16:00,0.1127188,0.1162864
2/20/24 17:00,0.02383685,0.08391562
2/20/24 18:00,0,0
2/20/24 19:00,0,0
2/20/24 20:00,0,0
2/20/24 21:00,0,0
2/20/24 22:00,0,0
2/20/24 23:00,0,0
2/21/24 0:00,0,0
2/21/24 1:00,0,0
2/21/24 2:00,0,0
2/21/24 3:00,0,0
2/21/24 4:00,0,0
2/21/24 5:00,0,0
2/21/24 6:00,0.06494249,0.1047525
2/21/24 7:00,0.1324132,0.1324643
2/21/24 8:00,0.4506936,0.5358138
2/21/24 9:00,0.6127529,0.715579
2/21/24 10:00,0.4766051,0.4954739
2/21/24 11:00,0.7524773,0.8623378
2/21/24 12:00,0.6647531,0.7421097
2/21/24 13:00,0.5558575,0.6087013
2/21/24 14:00,0.4701582,0.5237769
2/21/24 15:00,0.2909376,0.31565
2/21/24 16:00,0.09854165,0.09888539
2/21/24 17:00,0.01196501,0.0138741
2/21/24 18:00,0,0
2/21/24 19:00,0,0
2/21/24 20:00,0,0
2/21/24 21:00,0,0
2/21/24 22:00,0,0
2/21/24 23:00,0,0
2/22/24 0:00,0,0
2/22/24 1:00,0,0
2/22/24 2:00,0,0
2/22/24 3:00,0,0
2/22/24 4:00,0,0
2/22/24 5:00,0,0
2/22/24 6:00,0.08257383,0.1538608
2/22/24 7:00,0.2395929,0.285433
2/22/24 8:00,0.2426238,0.2433561
2/22/24 9:00,0.5218267,0.5813407
2/22/24 10:00,0.8581346,1.00883
2/22/24 11:00,0.7710855,0.8851985
2/22/24 12:00,0.5253602,0.5499779
2/22/24 13:00,0.6212442,0.6996705
2/22/24 14:00,0.6348381,0.7577446
2/22/24 15:00,0.4494798,0.5557429
2/22/24 16:00,0.2099986,0.2782215
2/22/24 17:00,0.026209,0.09605876
2/22/24 18:00,0,0
2/22/24 19:00,0,0
2/22/24 20:00,0,0
2/22/24 21:00,0,0
2/22/24 22:00,0,0
2/22/24 23:00,0,0
2/23/24 0:00,0,0
2/23/24 1:00,0,0
2/23/24 2:00,0,0
2/23/24 3:00,0,0
2/23/24 4:00,0,0
2/23/24 5:00,0,0
2/23/24 6:00,0.07165346,0.1149779
2/23/24 7:00,0.2788618,0.3497981
2/23/24 8:00,0.5057257,0.6104618
2/23/24 9:00,0.7028261,0.8318854
2/23/24 10:00,0.8783898,1.030017
2/23/24 11:00,0.9035344,1.053543
2/23/24 12:00,0.9482719,1.108235
2/23/24 13:00,0.7447727,0.8685168
2/23/24 14:00,0.5649108,0.6578021
2/23/24 15:00,0.4238918,0.5152975
2/23/24 16:00,0.1700805,0.2011864
2/23/24 17:00,0.01591438,0.02285052
2/23/24 18:00,0,0
2/23/24 19:00,0,0
2/23/24 20:00,0,0
2/23/24 21:00,0,0
2/23/24 22:00,0,0
2/23/24 23:00,0,0
2/24/24 0:00,0,0
2/24/24 1:00,0,0
2/24/24 2:00,0,0
2/24/24 3:00,0,0
2/24/24 4:00,0,0
2/24/24 5:00,0,0
2/24/24 6:00,0.06733218,0.09770403
2/24/24 7:00,0.2954416,0.3737863
2/24/24 8:00,0.6028268,0.7333699
2/24/24 9:00,0.717967,0.8480287
2/24/24 10:00,0.8736419,1.0213
2/24/24 11:00,0.8273492,0.9546322
2/24/24 12:00,0.8766405,1.019299
2/24/24 13:00,0.8064011,0.9444285
2/24/24 14:00,0.7272151,0.8672939
2/24/24 15:00,0.5405341,0.6686143
2/24/24 16:00,0.2883613,0.3959029
2/24/24 17:00,0.03343139,0.1512805
2/24/24 18:00,0,0
2/24/24 19:00,0,0
2/24/24 20:00,0,0
2/24/24 21:00,0,0
2/24/24 22:00,0,0
2/24/24 23:00,0,0
2/25/24 0:00,0,0
2/25/24 1:00,0,0
2/25/24 2:00,0,0
2/25/24 3:00,0,0
2/25/24 4:00,0,0
2/25/24 5:00,0,0
2/25/24 6:00,0.08898126,0.152514
2/25/24 7:00,0.3003107,0.3780665
2/25/24 8:00,0.5808437,0.7027513
2/25/24 9:00,0.755577,0.8910511
2/25/24 10:00,0.8636793,1.00641
2/25/24 11:00,0.8855038,1.025466
2/25/24 12:00,0.967399,1.124653
2/25/24 13:00,0.8095213,0.9452718
2/25/24 14:00,0.637528,0.7523022
2/25/24 15:00,0.5005383,0.6148428
2/25/24 16:00,0.2312969,0.3062372
2/25/24 17:00,0.02988511,0.115352
2/25/24 18:00,0,0
2/25/24 19:00,0,0
2/25/24 20:00,0,0
2/25/24 21:00,0,0
2/25/24 22:00,0,0
2/25/24 23:00,0,0
2/26/24 0:00,0,0
2/26/24 1:00,0,0
2/26/24 2:00,0,0
2/26/24 3:00,0,0
2/26/24 4:00,0,0
2/26/24 5:00,0,0
2/26/24 6:00,0.06957094,0.09543969
2/26/24 7:00,0.2576319,0.3047956
2/26/24 8:00,0.3591057,0.3878439
2/26/24 9:00,0.6429751,0.7431573
2/26/24 10:00,0.5673023,0.6081053
2/26/24 11:00,0.6894946,0.7624785
2/26/24 12:00,0.6123182,0.6596499
2/26/24 13:00,0.5227843,0.5556089
2/26/24 14:00,0.4371364,0.4688121
2/26/24 15:00,0.2693281,0.2809552
2/26/24 16:00,0.1246231,0.1285608
2/26/24 17:00,0.01103235,0.01176845
2/26/24 18:00,0,0
2/26/24 19:00,0,0
2/26/24 20:00,0,0
2/26/24 21:00,0,0
2/26/24 22:00,0,0
2/26/24 23:00,0,0
2/27/24 0:00,0,0
2/27/24 1:00,0,0
2/27/24 2:00,0,0
2/27/24 3:00,0,0
2/27/24 4:00,0,0
2/27/24 5:00,0,0
2/27/24 6:00,0.101631,0.1707634
2/27/24 7:00,0.315331,0.3943441
2/27/24 8:00,0.5715508,0.6848145
2/27/24 9:00,0.801916,0.9401917
2/27/24 10:00,0.8660314,1.003116
2/27/24 11:00,0.9629174,1.111781
2/27/24 12:00,0.9628138,1.112882
2/27/24 13:00,0.8769218,1.019777
2/27/24 14:00,0.626649,0.7319723
2/27/24 15:00,0.4979023,0.605254
2/27/24 16:00,0.2363683,0.3080621
2/27/24 17:00,0.03942411,0.1861029
2/27/24 18:00,0,0
2/27/24 19:00,0,0
2/27/24 20:00,0,0
2/27/24 21:00,0,0
2/27/24 22:00,0,0
2/27/24 23:00,0,0
2/28/24 0:00,0,0
2/28/24 1:00,0,0
2/28/24 2:00,0,0
2/28/24 3:00,0,0
2/28/24 4:00,0,0
2/28/24 5:00,0,0
2/28/24 6:00,0.1139177,0.1893689
2/28/24 7:00,0.3040628,0.3734448
2/28/24 8:00,0.6097419,0.7283052
2/28/24 9:00,0.7722851,0.9016007
2/28/24 10:00,0.8132753,0.9351783
2/28/24 11:00,0.9470973,1.090118
2/28/24 12:00,0.9393014,1.082138
2/28/24 13:00,0.8617446,0.9987037
2/28/24 14:00,0.6788433,0.7961156
2/28/24 15:00,0.4705518,0.5663481
2/28/24 16:00,0.2710713,0.3576887
2/28/24 17:00,0.03566968,0.1476182
2/28/24 18:00,0,0
2/28/24 19:00,0,0
2/28/24 20:00,0,0
2/28/24 21:00,0,0
2/28/24 22:00,0,0
2/28/24 23:00,0,0
2/29/24 0:00,0,0
2/29/24 1:00,0,0
2/29/24 2:00,0,0
2/29/24 3:00,0,0
2/29/24 4:00,0,0
2/29/24 5:00,0,0
2/29/24 6:00,0.08380689,0.1176634
2/29/24 7:00,0.2847213,0.3396748
2/29/24 8:00,0.4864272,0.564339
2/29/24 9:00,0.7846323,0.9130753
2/29/24 10:00,0.9550055,1.101578
2/29/24 11:00,0.9938586,1.1417
2/29/24 12:00,0.9212654,1.057999
2/29/24 13:00,0.7112549,0.8068936
2/29/24 14:00,0.6363884,0.7389767
2/29/24 15:00,0.4734157,0.567128
2/29/24 16:00,0.2723669,0.3561248
2/29/24 17:00,0.04332224,0.1778273
2/29/24 18:00,0,0
2/29/24 19:00,0,0
2/29/24 20:00,0,0
2/29/24 21:00,0,0
2/29/24 22:00,0,0
2/29/24 23:00,0,0
3/1/24 0:00,0,0
3/1/24 1:00,0,0
3/1/24 2:00,0,0
3/1/24 3:00,0,0
3/1/24 4:00,0,0
3/1/24 5:00,0,0
3/1/24 6:00,0.03642952,0.03608396
3/1/24 7:00,0.2091239,0.2226703
3/1/24 8:00,0.230685,0.2281353
3/1/24 9:00,0.1984325,0.193672
3/1/24 10:00,0.3227211,0.3170706
3/1/24 11:00,0.2079519,0.202736
3/1/24 12:00,0.3782247,0.3739566
3/1/24 13:00,0.2063443,0.2012902
3/1/24 14:00,0.1683563,0.1642672
3/1/24 15:00,0.09939776,0.09694362
3/1/24 16:00,0.03462667,0.03374968
3/1/24 17:00,0.01517573,0.01654742
3/1/24 18:00,0,0
3/1/24 19:00,0,0
3/1/24 20:00,0,0
3/1/24 21:00,0,0
3/1/24 22:00,0,0
3/1/24 23:00,0,0
3/2/24 0:00,0,0
3/2/24 1:00,0,0
3/2/24 2:00,0,0
3/2/24 3:00,0,0
3/2/24 4:00,0,0
3/2/24 5:00,0,0
3/2/24 6:00,0.02751337,0.02704081
3/2/24 7:00,0.03621119,0.03524543
3/2/24 8:00,0.008594417,0.008346368
3/2/24 9:00,0.1267504,0.1234552
3/2/24 10:00,0.1793028,0.174741
3/2/24 11:00,0.1437684,0.1399703
3/2/24 12:00,0.1948206,0.1898817
3/2/24 13:00,0.3098632,0.3044214
3/2/24 14:00,0.1711704,0.1670091
3/2/24 15:00,0.2290409,0.2296631
3/2/24 16:00,0.07508095,0.07352303
3/2/24 17:00,0.02685845,0.05002211
3/2/24 18:00,0,0
3/2/24 19:00,0,0
3/2/24 20:00,0,0
3/2/24 21:00,0,0
3/2/24 22:00,0,0
3/2/24 23:00,0,0
3/3/24 0:00,0,0
3/3/24 1:00,0,0
3/3/24 2:00,0,0
3/3/24 3:00,0,0
3/3/24 4:00,0,0
3/3/24 5:00,0,0
3/3/24 6:00,0.01026542,0.01000562
3/3/24 7:00,0.1061605,0.1038619
3/3/24 8:00,0.3388033,0.352803
3/3/24 9:00,0.5024757,0.5356762
3/3/24 10:00,0.3555552,0.3508816
3/3/24 11:00,0.4265524,0.4250109
3/3/24 12:00,0.2275642,0.2219296
3/3/24 13:00,0.3747339,0.3727844
3/3/24 14:00,0.4941985,0.5374416
3/3/24 15:00,0.424852,0.4913803
3/3/24 16:00,0.1161311,0.116323
3/3/24 17:00,0.01859907,0.02127476
3/3/24 18:00,0,0
3/3/24 19:00,0,0
3/3/24 20:00,0,0
3/3/24 21:00,0,0
3/3/24 22:00,0,0
3/3/24 23:00,0,0
3/4/24 0:00,0,0
3/4/24 1:00,0,0
3/4/24 2:00,0,0
3/4/24 3:00,0,0
3/4/24 4:00,0,0
3/4/24 5:00,1.06529E-05,0
3/4/24 6:00,0.02905026,0.0285114
3/4/24 7:00,0.128069,0.1258249
3/4/24 8:00,0.3857444,0.4130345
3/4/24 9:00,0.5706702,0.6254085
3/4/24 10:00,0.4924213,0.5042176
3/4/24 11:00,0.6401899,0.6824905
3/4/24 12:00,0.2993309,0.292659
3/4/24 13:00,0.5022521,0.5210629
3/4/24 14:00,0.3959464,0.4079527
3/4/24 15:00,0.2389183,0.2401982
3/4/24 16:00,0.1811826,0.2019106
3/4/24 17:00,0.02581117,0.03844079
3/4/24 18:00,0,0
3/4/24 19:00,0,0
3/4/24 20:00,0,0
3/4/24 21:00,0,0
3/4/24 22:00,0,0
3/4/24 23:00,0,0
3/5/24 0:00,0,0
3/5/24 1:00,0,0
3/5/24 2:00,0,0
3/5/24 3:00,0,0
3/5/24 4:00,0,0
3/5/24 5:00,5.11334E-05,0
3/5/24 6:00,0.09209961,0.1154521
3/5/24 7:00,0.1974733,0.2033137
3/5/24 8:00,0.3151483,0.3217617
3/5/24 9:00,0.7207566,0.8203676
3/5/24 10:00,0.9786491,1.112316
3/5/24 11:00,1.006919,1.140675
3/5/24 12:00,0.8899842,1.005617
3/5/24 13:00,0.9493489,1.081771
3/5/24 14:00,0.7656196,0.8807323
3/5/24 15:00,0.5107062,0.5995383
3/5/24 16:00,0.2926877,0.3665142
3/5/24 17:00,0.04094673,0.100131
3/5/24 18:00,0,0
3/5/24 19:00,0,0
3/5/24 20:00,0,0
3/5/24 21:00,0,0
3/5/24 22:00,0,0
3/5/24 23:00,0,0
3/6/24 0:00,0,0
3/6/24 1:00,0,0
3/6/24 2:00,0,0
3/6/24 3:00,0,0
3/6/24 4:00,0,0
3/6/24 5:00,0.000138781,0
3/6/24 6:00,0.09885103,0.1249846
3/6/24 7:00,0.2062256,0.2133942
3/6/24 8:00,0.4058923,0.4367048
3/6/24 9:00,0.6010337,0.6616306
3/6/24 10:00,0.9598479,1.087282
3/6/24 11:00,0.9594394,1.083007
3/6/24 12:00,0.9909271,1.120072
3/6/24 13:00,0.9683062,1.100307
3/6/24 14:00,0.8036474,0.9218687
3/6/24 15:00,0.4610991,0.5330126
3/6/24 16:00,0.2450121,0.2970521
3/6/24 17:00,0.0287614,0.04272438
3/6/24 18:00,0,0
3/6/24 19:00,0,0
3/6/24 20:00,0,0
3/6/24 21:00,0,0
3/6/24 22:00,0,0
3/6/24 23:00,0,0
3/7/24 0:00,0,0
3/7/24 1:00,0,0
3/7/24 2:00,0,0
3/7/24 3:00,0,0
3/7/24 4:00,0,0
3/7/24 5:00,0.000242825,0
3/7/24 6:00,0.1275365,0.1740276
3/7/24 7:00,0.3122455,0.3597078
3/7/24 8:00,0.6344643,0.7310029
3/7/24 9:00,0.8413147,0.9564198
3/7/24 10:00,0.9357737,1.056375
3/7/24 11:00,1.048769,1.182149
3/7/24 12:00,1.059566,1.195559
3/7/24 13:00,0.9581561,1.085162
3/7/24 14:00,0.7413701,0.8460479
3/7/24 15:00,0.5370732,0.6249497
3/7/24 16:00,0.2855207,0.35087
3/7/24 17:00,0.03879414,0.07621799
3/7/24 18:00,0,0
3/7/24 19:00,0,0
3/7/24 20:00,0,0
3/7/24 21:00,0,0
3/7/24 22:00,0,0
3/7/24 23:00,0,0
3/8/24 0:00,0,0
3/8/24 1:00,0,0
3/8/24 2:00,0,0
3/8/24 3:00,0,0
3/8/24 4:00,0,0
3/8/24 5:00,0.000440702,0
3/8/24 6:00,0.1243606,0.1640939
3/8/24 7:00,0.354939,0.4160941
3/8/24 8:00,0.5244645,0.5922167
3/8/24 9:00,0.628489,0.6930463
3/8/24 10:00,0.9271157,1.043304
3/8/24 11:00,1.008939,1.133323
3/8/24 12:00,1.048228,1.179151
3/8/24 13:00,0.7865371,0.8814527
3/8/24 14:00,0.6749809,0.7644735
3/8/24 15:00,0.4917934,0.5669631
3/8/24 16:00,0.2699036,0.3268968
3/8/24 17:00,0.04417441,0.09033666
3/8/24 18:00,0,0
3/8/24 19:00,0,0
3/8/24 20:00,0,0
3/8/24 21:00,0,0
3/8/24 22:00,0,0
3/8/24 23:00,0,0
3/9/24 0:00,0,0
3/9/24 1:00,0,0
3/9/24 2:00,0,0
3/9/24 3:00,0,0
3/9/24 4:00,0,0
3/9/24 5:00,0.00056952,0
3/9/24 6:00,0.1094923,0.1337933
3/9/24 7:00,0.3977369,0.4672658
3/9/24 8:00,0.6481748,0.7403473
3/9/24 9:00,0.7395354,0.8311764
3/9/24 10:00,0.8511475,0.9516212
3/9/24 11:00,0.9697589,1.08562
3/9/24 12:00,0.9901491,1.109624
3/9/24 13:00,0.878467,0.9873374
3/9/24 14:00,0.7562587,0.8569557
3/9/24 15:00,0.482482,0.552283
3/9/24 16:00,0.2341266,0.2727326
3/9/24 17:00,0.04211837,0.07718068
3/9/24 18:00,0,0
3/9/24 19:00,0,0
3/9/24 20:00,0,0
3/9/24 21:00,0,0
3/9/24 22:00,0,0
3/9/24 23:00,0,0
3/10/24 0:00,0,0
3/10/24 1:00,0,0
3/10/24 2:00,0,0
3/10/24 3:00,0,0
3/10/24 4:00,0,0
3/10/24 5:00,0.000491742,0
3/10/24 6:00,0.09084095,0.1002001
3/10/24 7:00,0.3296137,0.3751917
3/10/24 8:00,0.5742999,0.6496394
3/10/24 9:00,0.75035,0.8411659
3/10/24 10:00,0.6823984,0.7360644
3/10/24 11:00,0.7131966,0.7663232
3/10/24 12:00,0.838488,0.9282424
3/10/24 13:00,0.8476186,0.9488465
3/10/24 14:00,0.7708145,0.8704908
3/10/24 15:00,0.5198814,0.5953965
3/10/24 16:00,0.3021331,0.3620999
3/10/24 17:00,0.05052087,0.09708018
3/10/24 18:00,0,0
3/10/24 19:00,0,0
3/10/24 20:00,0,0
3/10/24 21:00,0,0
3/10/24 22:00,0,0
3/10/24 23:00,0,0
3/11/24 0:00,0,0
3/11/24 1:00,0,0
3/11/24 2:00,0,0
3/11/24 3:00,0,0
3/11/24 4:00,0,0
3/11/24 5:00,0.000973305,0
3/11/24 6:00,0.1350495,0.1692919
3/11/24 7:00,0.3855347,0.4456184
3/11/24 8:00,0.6322163,0.7153959
3/11/24 9:00,0.8184282,0.9171312
3/11/24 10:00,0.9618826,1.073324
3/11/24 11:00,1.042375,1.161568
3/11/24 12:00,0.9564297,1.065233
3/11/24 13:00,0.8896083,0.9938713
3/11/24 14:00,0.7811372,0.8790718
3/11/24 15:00,0.4446167,0.4978592
3/11/24 16:00,0.2442991,0.2824902
3/11/24 17:00,0.05117866,0.09286673
3/11/24 18:00,0,0
3/11/24 19:00,0,0
3/11/24 20:00,0,0
3/11/24 21:00,0,0
3/11/24 22:00,0,0
3/11/24 23:00,0,0
3/12/24 0:00,0,0
3/12/24 1:00,0,0
3/12/24 2:00,0,0
3/12/24 3:00,0,0
3/12/24 4:00,0,0
3/12/24 5:00,0.001189897,0
3/12/24 6:00,0.1183169,0.1387783
3/12/24 7:00,0.3306099,0.3707188
3/12/24 8:00,0.5763664,0.6460116
3/12/24 9:00,0.8161416,0.9113883
3/12/24 10:00,0.9773409,1.087569
3/12/24 11:00,1.070147,1.189619
3/12/24 12:00,1.014807,1.127981
3/12/24 13:00,0.9656449,1.076806
3/12/24 14:00,0.6288313,0.6960493
3/12/24 15:00,0.5000034,0.5654615
3/12/24 16:00,0.3041426,0.3581708
3/12/24 17:00,0.04580554,0.07368166
3/12/24 18:00,0,0
3/12/24 19:00,0,0
3/12/24 20:00,0,0
3/12/24 21:00,0,0
3/12/24 22:00,0,0
3/12/24 23:00,0,0
3/13/24 0:00,0,0
3/13/24 1:00,0,0
3/13/24 2:00,0,0
3/13/24 3:00,0,0
3/13/24 4:00,0,0
3/13/24 5:00,0.001385564,0
3/13/24 6:00,0.03118607,0.03043187
3/13/24 7:00,0.11712,0.1143327
3/13/24 8:00,0.2304423,0.2260203
3/13/24 9:00,0.6452181,0.7020546
3/13/24 10:00,0.6448742,0.6822682
3/13/24 11:00,0.9062269,0.9998504
3/13/24 12:00,0.8757499,0.9652368
3/13/24 13:00,0.8938324,0.9925004
3/13/24 14:00,0.696314,0.7755569
3/13/24 15:00,0.4826869,0.5412923
3/13/24 16:00,0.2394595,0.2708273
3/13/24 17:00,0.03921116,0.05318097
3/13/24 18:00,0,0
3/13/24 19:00,0,0
3/13/24 20:00,0,0
3/13/24 21:00,0,0
3/13/24 22:00,0,0
3/13/24 23:00,0,0
3/14/24 0:00,0,0
3/14/24 1:00,0,0
3/14/24 2:00,0,0
3/14/24 3:00,0,0
3/14/24 4:00,0,0
3/14/24 5:00,0.002284582,0
3/14/24 6:00,0.07441807,0.07470868
3/14/24 7:00,0.3409633,0.3788879
3/14/24 8:00,0.4319743,0.4565893
3/14/24 9:00,0.4309651,0.4353253
3/14/24 10:00,0.5928336,0.6159126
3/14/24 11:00,0.5867709,0.6024539
3/14/24 12:00,0.53225,0.5398062
3/14/24 13:00,0.7260838,0.7903901
3/14/24 14:00,0.6023738,0.6577556
3/14/24 15:00,0.2645695,0.2654871
3/14/24 16:00,0.1396401,0.1398525
3/14/24 17:00,0.03502908,0.04206727
3/14/24 18:00,0,0
3/14/24 19:00,0,0
3/14/24 20:00,0,0
3/14/24 21:00,0,0
3/14/24 22:00,0,0
3/14/24 23:00,0,0
3/15/24 0:00,0,0
3/15/24 1:00,0,0
3/15/24 2:00,0,0
3/15/24 3:00,0,0
3/15/24 4:00,0,0
3/15/24 5:00,0.001184432,0
3/15/24 6:00,0.01319812,0.01283603
3/15/24 7:00,0.02490557,0.02420484
3/15/24 8:00,0.09849615,0.09585911
3/15/24 9:00,0.03303909,0.03209686
3/15/24 10:00,0.08101344,0.07875679
3/15/24 11:00,0.190176,0.1851671
3/15/24 12:00,0.2195685,0.2138969
3/15/24 13:00,0.2271786,0.2214254
3/15/24 14:00,0.01446238,0.01404517
3/15/24 15:00,0.05854476,0.05694002
3/15/24 16:00,0.05373849,0.05234687
3/15/24 17:00,0.008631467,0.008438879
3/15/24 18:00,0,0
3/15/24 19:00,0,0
3/15/24 20:00,0,0
3/15/24 21:00,0,0
3/15/24 22:00,0,0
3/15/24 23:00,0,0
3/16/24 0:00,0,0
3/16/24 1:00,0,0
3/16/24 2:00,0,0
3/16/24 3:00,0,0
3/16/24 4:00,0,0
3/16/24 5:00,0.003706851,0
3/16/24 6:00,0.1262932,0.1398218
3/16/24 7:00,0.361741,0.4000415
3/16/24 8:00,0.4706883,0.5019978
3/16/24 9:00,0.6211882,0.6646777
3/16/24 10:00,0.6508363,0.6845839
3/16/24 11:00,0.8007241,0.8637515
3/16/24 12:00,0.8058835,0.8724297
3/16/24 13:00,0.3491572,0.343156
3/16/24 14:00,0.4257689,0.4344566
3/16/24 15:00,0.4716063,0.5195535
3/16/24 16:00,0.1441722,0.1442865
3/16/24 17:00,0.02849496,0.02971739
3/16/24 18:00,0,0
3/16/24 19:00,0,0
3/16/24 20:00,0,0
3/16/24 21:00,0,0
3/16/24 22:00,0,0
3/16/24 23:00,0,0
3/17/24 0:00,0,0
3/17/24 1:00,0,0
3/17/24 2:00,0,0
3/17/24 3:00,0,0
3/17/24 4:00,0,0
3/17/24 5:00,0.004883449,0
3/17/24 6:00,0.08563033,0.08604816
3/17/24 7:00,0.2429448,0.2479753
3/17/24 8:00,0.4758323,0.5064352
3/17/24 9:00,0.6274106,0.6702849
3/17/24 10:00,0.5296229,0.5374168
3/17/24 11:00,0.6174961,0.6360426
3/17/24 12:00,0.366528,0.3594045
3/17/24 13:00,0.3782532,0.3732336
3/17/24 14:00,0.3342654,0.3312772
3/17/24 15:00,0.3496717,0.3640353
3/17/24 16:00,0.2566084,0.2843607
3/17/24 17:00,0.04700335,0.05896327
3/17/24 18:00,0,0
3/17/24 19:00,0,0
3/17/24 20:00,0,0
3/17/24 21:00,0,0
3/17/24 22:00,0,0
3/17/24 23:00,0,0
3/18/24 0:00,0,0
3/18/24 1:00,0,0
3/18/24 2:00,0,0
3/18/24 3:00,0,0
3/18/24 4:00,0,0
3/18/24 5:00,0.004321998,0
3/18/24 6:00,0.11232,0.1173022
3/18/24 7:00,0.3938558,0.4337843
3/18/24 8:00,0.5600288,0.60864
3/18/24 9:00,0.6078892,0.6439328
3/18/24 10:00,0.979399,1.070673
3/18/24 11:00,0.9383972,1.022867
3/18/24 12:00,0.9942079,1.086171
3/18/24 13:00,0.7073819,0.7580586
3/18/24 14:00,0.574711,0.6143763
3/18/24 15:00,0.44855,0.4861274
3/18/24 16:00,0.237084,0.2569343
3/18/24 17:00,0.0676034,0.0881515
3/18/24 18:00,0,0
3/18/24 19:00,0,0
3/18/24 20:00,0,0
3/18/24 21:00,0,0
3/18/24 22:00,0,0
3/18/24 23:00,0,0
3/19/24 0:00,0,0
3/19/24 1:00,0,0
3/19/24 2:00,0,0
3/19/24 3:00,0,0
3/19/24 4:00,0,0
3/19/24 5:00,0.004950105,0
3/19/24 6:00,0.1056593,0.1079876
3/19/24 7:00,0.2229177,0.2234867
3/19/24 8:00,0.5294723,0.568701
3/19/24 9:00,0.5472643,0.5678294
3/19/24 10:00,0.8434825,0.9137234
3/19/24 11:00,0.6130771,0.6285958
3/19/24 12:00,0.8980768,0.974783
3/19/24 13:00,0.6847638,0.7281604
3/19/24 14:00,0.4885004,0.5065503
3/19/24 15:00,0.4754552,0.5166142
3/19/24 16:00,0.2649758,0.2900807
3/19/24 17:00,0.06320799,0.07834321
3/19/24 18:00,0,0
3/19/24 19:00,0,0
3/19/24 20:00,0,0
3/19/24 21:00,0,0
3/19/24 22:00,0,0
3/19/24 23:00,0,0
3/20/24 0:00,0,0
3/20/24 1:00,0,0
3/20/24 2:00,0,0
3/20/24 3:00,0,0
3/20/24 4:00,0,0
3/20/24 5:00,0.00534608,0
3/20/24 6:00,0.1698306,0.1868517
3/20/24 7:00,0.4112209,0.4483513
3/20/24 8:00,0.6455588,0.7027496
3/20/24 9:00,0.881313,0.9588736
3/20/24 10:00,1.058213,1.15121
3/20/24 11:00,0.9589735,1.040473
3/20/24 12:00,0.9247212,1.002605
3/20/24 13:00,0.7854422,0.8475833
3/20/24 14:00,0.6323089,0.6803857
3/20/24 15:00,0.4558952,0.4905468
3/20/24 16:00,0.2615907,0.2835128
3/20/24 17:00,0.0639787,0.07567297
3/20/24 18:00,0,0
3/20/24 19:00,0,0
3/20/24 20:00,0,0
3/20/24 21:00,0,0
3/20/24 22:00,0,0
3/20/24 23:00,0,0
3/21/24 0:00,0,0
3/21/24 1:00,0,0
3/21/24 2:00,0,0
3/21/24 3:00,0,0
3/21/24 4:00,0,0
3/21/24 5:00,0.003983289,0
3/21/24 6:00,0.0365349,0.03556417
3/21/24 7:00,0.1676845,0.1643083
3/21/24 8:00,0.4586452,0.4778326
3/21/24 9:00,0.5756073,0.5990756
3/21/24 10:00,0.770957,0.8221115
3/21/24 11:00,0.8646247,0.9286813
3/21/24 12:00,0.9896339,1.072092
3/21/24 13:00,0.9217773,0.9990705
3/21/24 14:00,0.4889061,0.5046471
3/21/24 15:00,0.4005988,0.4210601
3/21/24 16:00,0.221533,0.2321689
3/21/24 17:00,0.0388922,0.04004818
3/21/24 18:00,0,0
3/21/24 19:00,0,0
3/21/24 20:00,0,0
3/21/24 21:00,0,0
3/21/24 22:00,0,0
3/21/24 23:00,0,0
3/22/24 0:00,0,0
3/22/24 1:00,0,0
3/22/24 2:00,0,0
3/22/24 3:00,0,0
3/22/24 4:00,0,0
3/22/24 5:00,0.00991811,0
3/22/24 6:00,0.1716847,0.1835575
3/22/24 7:00,0.3584,0.3803038
3/22/24 8:00,0.5828363,0.6250605
3/22/24 9:00,0.4866407,0.492996
3/22/24 10:00,0.4734785,0.4715192
3/22/24 11:00,0.7230416,0.7563435
3/22/24 12:00,0.8138667,0.8678597
3/22/24 13:00,0.7796267,0.8356752
3/22/24 14:00,0.6950203,0.7487054
3/22/24 15:00,0.4985567,0.5361577
3/22/24 16:00,0.2249063,0.2347586
3/22/24 17:00,0.03664611,0.03674662
3/22/24 18:00,0,0
3/22/24 19:00,0,0
3/22/24 20:00,0,0
3/22/24 21:00,0,0
3/22/24 22:00,0,0
3/22/24 23:00,0,0
3/23/24 0:00,0,0
3/23/24 1:00,0,0
3/23/24 2:00,0,0
3/23/24 3:00,0,0
3/23/24 4:00,0,0
3/23/24 5:00,0.009175037,0
3/23/24 6:00,0.109206,0.1090012
3/23/24 7:00,0.3831615,0.4072914
3/23/24 8:00,0.4638484,0.480831
3/23/24 9:00,0.6413941,0.6747785
3/23/24 10:00,0.8479884,0.9082393
3/23/24 11:00,0.9199687,0.9877348
3/23/24 12:00,0.9843851,1.060451
3/23/24 13:00,0.9313037,1.003383
3/23/24 14:00,0.8067859,0.8690581
3/23/24 15:00,0.5803949,0.6242182
3/23/24 16:00,0.2712178,0.287973
3/23/24 17:00,0.04797168,0.04840532
3/23/24 18:00,0,0
3/23/24 19:00,0,0
3/23/24 20:00,0,0
3/23/24 21:00,0,0
3/23/24 22:00,0,0
3/23/24 23:00,0,0
3/24/24 0:00,0,0
3/24/24 1:00,0,0
3/24/24 2:00,0,0
3/24/24 3:00,0,0
3/24/24 4:00,0,0
3/24/24 5:00,0.009988367,0
3/24/24 6:00,0.187637,0.1966669
3/24/24 7:00,0.4442924,0.4740012
3/24/24 8:00,0.6136188,0.6551723
3/24/24 9:00,0.8196747,0.8792328
3/24/24 10:00,0.9899254,1.063686
3/24/24 11:00,1.073716,1.154439
3/24/24 12:00,0.9979212,1.072205
3/24/24 13:00,0.94938,1.019972
3/24/24 14:00,0.7556741,0.8104908
3/24/24 15:00,0.5534885,0.592067
3/24/24 16:00,0.207693,0.211886
3/24/24 17:00,0.04608171,0.04517783
3/24/24 18:00,0,0
3/24/24 19:00,0,0
3/24/24 20:00,0,0
3/24/24 21:00,0,0
3/24/24 22:00,0,0
3/24/24 23:00,0,0
3/25/24 0:00,0,0
3/25/24 1:00,0,0
3/25/24 2:00,0,0
3/25/24 3:00,0,0
3/25/24 4:00,0,0
3/25/24 5:00,0.01009047,0
3/25/24 6:00,0.1594117,0.1628161
3/25/24 7:00,0.4007549,0.4225555
3/25/24 8:00,0.544538,0.5727158
3/25/24 9:00,0.7561409,0.8050143
3/25/24 10:00,0.9626608,1.031173
3/25/24 11:00,0.9441006,1.009597
3/25/24 12:00,0.6672782,0.6874294
3/25/24 13:00,0.8649616,0.9250545
3/25/24 14:00,0.7076213,0.754774
3/25/24 15:00,0.5330772,0.5669339
3/25/24 16:00,0.2594306,0.269965
3/25/24 17:00,0.03611379,0.0349008
3/25/24 18:00,0,0
3/25/24 19:00,0,0
3/25/24 20:00,0,0
3/25/24 21:00,0,0
3/25/24 22:00,0,0
3/25/24 23:00,0,0
3/26/24 0:00,0,0
3/26/24 1:00,0,0
3/26/24 2:00,0,0
3/26/24 3:00,0,0
3/26/24 4:00,0,0
3/26/24 5:00,0.01075227,0
3/26/24 6:00,0.1908842,0.1952998
3/26/24 7:00,0.3681131,0.3828294
3/26/24 8:00,0.6808586,0.7238483
3/26/24 9:00,0.8864695,0.9458396
3/26/24 10:00,0.7768509,0.8178761
3/26/24 11:00,0.80351,0.8448619
3/26/24 12:00,0.7179483,0.7457532
3/26/24 13:00,0.7179576,0.7540796
3/26/24 14:00,0.7226371,0.7686831
3/26/24 15:00,0.574396,0.608644
3/26/24 16:00,0.2497672,0.2570604
3/26/24 17:00,0.04686404,0.04392202
3/26/24 18:00,0,0
3/26/24 19:00,0,0
3/26/24 20:00,0,0
3/26/24 21:00,0,0
3/26/24 22:00,0,0
3/26/24 23:00,0,0
3/27/24 0:00,0,0
3/27/24 1:00,0,0
3/27/24 2:00,0,0
3/27/24 3:00,0,0
3/27/24 4:00,0,0
3/27/24 5:00,0.007811534,0
3/27/24 6:00,0.1507771,0.1504822
3/27/24 7:00,0.4009482,0.4178469
3/27/24 8:00,0.6497495,0.6872416
3/27/24 9:00,0.9114962,0.9697122
3/27/24 10:00,0.9053369,0.9625687
3/27/24 11:00,0.8601308,0.9087309
3/27/24 12:00,0.611972,0.6211011
3/27/24 13:00,0.8159639,0.864881
3/27/24 14:00,0.7719046,0.8191561
3/27/24 15:00,0.4894079,0.5131771
3/27/24 16:00,0.2235854,0.2262453
3/27/24 17:00,0.04012689,0.03774496
3/27/24 18:00,0,0
3/27/24 19:00,0,0
3/27/24 20:00,0,0
3/27/24 21:00,0,0
3/27/24 22:00,0,0
3/27/24 23:00,0,0
3/28/24 0:00,0,0
3/28/24 1:00,0,0
3/28/24 2:00,0,0
3/28/24 3:00,0,0
3/28/24 4:00,0,0
3/28/24 5:00,0.01321766,0
3/28/24 6:00,0.1445259,0.1428933
3/28/24 7:00,0.3929218,0.406561
3/28/24 8:00,0.4787368,0.4905165
3/28/24 9:00,0.7549096,0.795896
3/28/24 10:00,0.6989785,0.7227224
3/28/24 11:00,1.053473,1.120303
3/28/24 12:00,1.057968,1.124974
3/28/24 13:00,0.9521154,1.010664
3/28/24 14:00,0.7589242,0.8023901
3/28/24 15:00,0.4331675,0.4473618
3/28/24 16:00,0.2747732,0.2805803
3/28/24 17:00,0.05215865,0.04592112
3/28/24 18:00,0,0
3/28/24 19:00,0,0
3/28/24 20:00,0,0
3/28/24 21:00,0,0
3/28/24 22:00,0,0
3/28/24 23:00,0,0
3/29/24 0:00,0,0
3/29/24 1:00,0,0
3/29/24 2:00,0,0
3/29/24 3:00,0,0
3/29/24 4:00,0,0
3/29/24 5:00,0.009376585,0
3/29/24 6:00,0.1097404,0.1071603
3/29/24 7:00,0.3161173,0.3190412
3/29/24 8:00,0.4619972,0.4700423
3/29/24 9:00,0.4698918,0.4692327
3/29/24 10:00,0.8176616,0.8584637
3/29/24 11:00,0.7841031,0.8162214
3/29/24 12:00,0.9123627,0.9642031
3/29/24 13:00,0.9118564,0.9646749
3/29/24 14:00,0.6492054,0.6790534
3/29/24 15:00,0.5046963,0.5252306
3/29/24 16:00,0.2812071,0.2852163
3/29/24 17:00,0.05286127,0.04535239
3/29/24 18:00,0,0
3/29/24 19:00,0,0
3/29/24 20:00,0,0
3/29/24 21:00,0,0
3/29/24 22:00,0,0
3/29/24 23:00,0,0
3/30/24 0:00,0,0
3/30/24 1:00,0,0
3/30/24 2:00,0,0
3/30/24 3:00,0,0
3/30/24 4:00,0,0
3/30/24 5:00,0.01608094,0
3/30/24 6:00,0.02925045,0.02841506
3/30/24 7:00,0.0358609,0.03484072
3/30/24 8:00,0.06738834,0.06549165
3/30/24 9:00,0.1008546,0.09804116
3/30/24 10:00,0.3340867,0.3260322
3/30/24 11:00,0.1194967,0.1161683
3/30/24 12:00,0.08591594,0.08349487
3/30/24 13:00,0.1106128,0.1075338
3/30/24 14:00,0.1065592,0.1036065
3/30/24 15:00,0.08608026,0.08369389
3/30/24 16:00,0.0819999,0.07974112
3/30/24 17:00,0.01622931,0.01570085
3/30/24 18:00,0,0
3/30/24 19:00,0,0
3/30/24 20:00,0,0
3/30/24 21:00,0,0
3/30/24 22:00,0,0
3/30/24 23:00,0,0
3/31/24 0:00,0,0
3/31/24 1:00,0,0
3/31/24 2:00,0,0
3/31/24 3:00,0,0
3/31/24 4:00,0,0
3/31/24 5:00,0.01644583,0
3/31/24 6:00,0.1860314,0.1808671
3/31/24 7:00,0.4473359,0.4584819
3/31/24 8:00,0.6736646,0.7021881
3/31/24 9:00,0.9170655,0.9635072
3/31/24 10:00,0.9808275,1.033406
3/31/24 11:00,1.042288,1.099536
3/31/24 12:00,1.034719,1.091106
3/31/24 13:00,0.6967337,0.7200635
3/31/24 14:00,0.6603203,0.686914
3/31/24 15:00,0.5962978,0.6168088
3/31/24 16:00,0.3119277,0.3120637
3/31/24 17:00,0.04747581,0.04106948
3/31/24 18:00,0,0
3/31/24 19:00,0,0
3/31/24 20:00,0,0
3/31/24 21:00,0,0
3/31/24 22:00,0,0
3/31/24 23:00,0,0
4/1/24 0:00,0,0
4/1/24 1:00,0,0
4/1/24 2:00,0,0
4/1/24 3:00,0,0
4/1/24 4:00,0,0
4/1/24 5:00,0.01635294,0
4/1/24 6:00,0.1540166,0.1491171
4/1/24 7:00,0.2532001,0.2494925
4/1/24 8:00,0.4369649,0.4388016
4/1/24 9:00,0.6831896,0.705637
4/1/24 10:00,0.6925299,0.7091497
4/1/24 11:00,0.3296506,0.3213442
4/1/24 12:00,0.5933256,0.5960324
4/1/24 13:00,0.4492586,0.4441418
4/1/24 14:00,0.3370578,0.3309731
4/1/24 15:00,0.3320795,0.3305014
4/1/24 16:00,0.242119,0.2390704
4/1/24 17:00,0.06189121,0.0461233
4/1/24 18:00,0,0
4/1/24 19:00,0,0
4/1/24 20:00,0,0
4/1/24 21:00,0,0
4/1/24 22:00,0,0
4/1/24 23:00,0,0
4/2/24 0:00,0,0
4/2/24 1:00,0,0
4/2/24 2:00,0,0
4/2/24 3:00,0,0
4/2/24 4:00,0,0
4/2/24 5:00,0.01204551,0
4/2/24 6:00,0.1609496,0.1549484
4/2/24 7:00,0.2370924,0.2326335
4/2/24 8:00,0.3360247,0.3307627
4/2/24 9:00,0.5434291,0.5469576
4/2/24 10:00,0.6650986,0.6766694
4/2/24 11:00,0.5017655,0.4959332
4/2/24 12:00,0.4415562,0.4339003
4/2/24 13:00,0.367304,0.3595651
4/2/24 14:00,0.3905341,0.3861366
4/2/24 15:00,0.3925292,0.3946167
4/2/24 16:00,0.1906931,0.1864436
4/2/24 17:00,0.04008756,0.03626377
4/2/24 18:00,0,0
4/2/24 19:00,0,0
4/2/24 20:00,0,0
4/2/24 21:00,0,0
4/2/24 22:00,0,0
4/2/24 23:00,0,0
4/3/24 0:00,0,0
4/3/24 1:00,0,0
4/3/24 2:00,0,0
4/3/24 3:00,0,0
4/3/24 4:00,0,0
4/3/24 5:00,0.02393439,0
4/3/24 6:00,0.1093938,0.1059941
4/3/24 7:00,0.3249113,0.3229035
4/3/24 8:00,0.6027426,0.6183561
4/3/24 9:00,0.4653073,0.4615881
4/3/24 10:00,0.5497542,0.5481325
4/3/24 11:00,0.301581,0.293692
4/3/24 12:00,0.2569456,0.2500922
4/3/24 13:00,0.4105407,0.4034217
4/3/24 14:00,0.277548,0.2708153
4/3/24 15:00,0.3239655,0.320676
4/3/24 16:00,0.1780567,0.1734859
4/3/24 17:00,0.05843245,0.04327527
4/3/24 18:00,0,0
4/3/24 19:00,0,0
4/3/24 20:00,0,0
4/3/24 21:00,0,0
4/3/24 22:00,0,0
4/3/24 23:00,0,0
4/4/24 0:00,0,0
4/4/24 1:00,0,0
4/4/24 2:00,0,0
4/4/24 3:00,0,0
4/4/24 4:00,0,0
4/4/24 5:00,0.01817028,0
4/4/24 6:00,0.1430616,0.1374234
4/4/24 7:00,0.2841362,0.2798343
4/4/24 8:00,0.5044128,0.5091528
4/4/24 9:00,0.4979751,0.4959015
4/4/24 10:00,0.5991397,0.6011819
4/4/24 11:00,0.8867363,0.9204219
4/4/24 12:00,0.8785751,0.9120699
4/4/24 13:00,0.9304706,0.9672971
4/4/24 14:00,0.5833068,0.5936692
4/4/24 15:00,0.4319254,0.4340406
4/4/24 16:00,0.18813,0.1828444
4/4/24 17:00,0.05187384,0.04125223
4/4/24 18:00,0,0
4/4/24 19:00,0,0
4/4/24 20:00,0,0
4/4/24 21:00,0,0
4/4/24 22:00,0,0
4/4/24 23:00,0,0
4/5/24 0:00,0,0
4/5/24 1:00,0,0
4/5/24 2:00,0,0
4/5/24 3:00,0,0
4/5/24 4:00,0,0
4/5/24 5:00,0.01717668,0.0126834
4/5/24 6:00,0.1345846,0.1293704
4/5/24 7:00,0.2784302,0.2734751
4/5/24 8:00,0.6251899,0.6380393
4/5/24 9:00,0.7127033,0.7307484
4/5/24 10:00,0.9679329,1.006004
4/5/24 11:00,0.8864285,0.9178482
4/5/24 12:00,0.6093103,0.6105878
4/5/24 13:00,0.5244957,0.5223405
4/5/24 14:00,0.3578673,0.3514423
4/5/24 15:00,0.2816558,0.2762688
4/5/24 16:00,0.181497,0.1759902
4/5/24 17:00,0.03333216,0.03124589
4/5/24 18:00,0,0
4/5/24 19:00,0,0
4/5/24 20:00,0,0
4/5/24 21:00,0,0
4/5/24 22:00,0,0
4/5/24 23:00,0,0
4/6/24 0:00,0,0
4/6/24 1:00,0,0
4/6/24 2:00,0,0
4/6/24 3:00,0,0
4/6/24 4:00,0,0
4/6/24 5:00,0.02050641,0.01276928
4/6/24 6:00,0.05544153,0.05380641
4/6/24 7:00,0.246094,0.2405649
4/6/24 8:00,0.216952,0.2111461
4/6/24 9:00,0.2735457,0.2663649
4/6/24 10:00,0.5068775,0.5010654
4/6/24 11:00,0.7732489,0.7900425
4/6/24 12:00,0.6781585,0.685392
4/6/24 13:00,0.2324125,0.2261419
4/6/24 14:00,0.3866372,0.380707
4/6/24 15:00,0.3208184,0.3157616
4/6/24 16:00,0.1204747,0.1169749
4/6/24 17:00,0.0255362,0.02447866
4/6/24 18:00,0,0
4/6/24 19:00,0,0
4/6/24 20:00,0,0
4/6/24 21:00,0,0
4/6/24 22:00,0,0
4/6/24 23:00,0,0
4/7/24 0:00,0,0
4/7/24 1:00,0,0
4/7/24 2:00,0,0
4/7/24 3:00,0,0
4/7/24 4:00,0,0
4/7/24 5:00,0.02915739,0.006966269
4/7/24 6:00,0.1730661,0.1627161
4/7/24 7:00,0.2693088,0.2634151
4/7/24 8:00,0.5596253,0.5640965
4/7/24 9:00,0.7829814,0.8028221
4/7/24 10:00,0.905373,0.934329
4/7/24 11:00,0.8556659,0.8797168
4/7/24 12:00,1.017652,1.053318
4/7/24 13:00,0.9315336,0.9600738
4/7/24 14:00,0.6486512,0.6589665
4/7/24 15:00,0.3851735,0.3811157
4/7/24 16:00,0.2099864,0.2016781
4/7/24 17:00,0.03607229,0.03329903
4/7/24 18:00,0,0
4/7/24 19:00,0,0
4/7/24 20:00,0,0
4/7/24 21:00,0,0
4/7/24 22:00,0,0
4/7/24 23:00,0,0
4/8/24 0:00,0,0
4/8/24 1:00,0,0
4/8/24 2:00,0,0
4/8/24 3:00,0,0
4/8/24 4:00,0,0
4/8/24 5:00,0.03009709,0.008139724
4/8/24 6:00,0.1059564,0.1024092
4/8/24 7:00,0.3265121,0.3199905
4/8/24 8:00,0.391053,0.3852753
4/8/24 9:00,0.4753917,0.4698319
4/8/24 10:00,0.8263311,0.8465858
4/8/24 11:00,0.8629268,0.8856686
4/8/24 12:00,1.021441,1.054532
4/8/24 13:00,0.8338951,0.8550852
4/8/24 14:00,0.5232899,0.5231662
4/8/24 15:00,0.4756564,0.4723671
4/8/24 16:00,0.2000894,0.1919391
4/8/24 17:00,0.05441519,0.04072887
4/8/24 18:00,0,0
4/8/24 19:00,0,0
4/8/24 20:00,0,0
4/8/24 21:00,0,0
4/8/24 22:00,0,0
4/8/24 23:00,0,0
4/9/24 0:00,0,0
4/9/24 1:00,0,0
4/9/24 2:00,0,0
4/9/24 3:00,0,0
4/9/24 4:00,0,0
4/9/24 5:00,0.02264609,0.01576517
4/9/24 6:00,0.1075921,0.1039187
4/9/24 7:00,0.2614257,0.2549211
4/9/24 8:00,0.4352645,0.4304135
4/9/24 9:00,0.3887532,0.3806354
4/9/24 10:00,0.4657859,0.4575899
4/9/24 11:00,0.4083141,0.3989837
4/9/24 12:00,0.6948265,0.7003139
4/9/24 13:00,0.7884181,0.8042959
4/9/24 14:00,0.6318365,0.6371729
4/9/24 15:00,0.2341945,0.2281647
4/9/24 16:00,0.2293872,0.2174866
4/9/24 17:00,0.02918506,0.0277582
4/9/24 18:00,0,0
4/9/24 19:00,0,0
4/9/24 20:00,0,0
4/9/24 21:00,0,0
4/9/24 22:00,0,0
4/9/24 23:00,0,0
4/10/24 0:00,0,0
4/10/24 1:00,0,0
4/10/24 2:00,0,0
4/10/24 3:00,0,0
4/10/24 4:00,0,0
4/10/24 5:00,0.03552532,0.007025272
4/10/24 6:00,0.2421092,0.2160386
4/10/24 7:00,0.4720027,0.4607833
4/10/24 8:00,0.5786928,0.5790773
4/10/24 9:00,0.8170677,0.8319985
4/10/24 10:00,0.9353364,0.9588789
4/10/24 11:00,0.891844,0.912941
4/10/24 12:00,0.8271847,0.8433097
4/10/24 13:00,0.7142418,0.7226171
4/10/24 14:00,0.5666057,0.5666264
4/10/24 15:00,0.5796793,0.5717677
4/10/24 16:00,0.3657582,0.3368273
4/10/24 17:00,0.08860438,0.03964927
4/10/24 18:00,0,0
4/10/24 19:00,0,0
4/10/24 20:00,0,0
4/10/24 21:00,0,0
4/10/24 22:00,0,0
4/10/24 23:00,0,0
4/11/24 0:00,0,0
4/11/24 1:00,0,0
4/11/24 2:00,0,0
4/11/24 3:00,0,0
4/11/24 4:00,0,0
4/11/24 5:00,0.03877506,0.006125775
4/11/24 6:00,0.2103406,0.1902235
4/11/24 7:00,0.4227862,0.4111014
4/11/24 8:00,0.7774065,0.7796952
4/11/24 9:00,0.843344,0.8570018
4/11/24 10:00,0.8036566,0.8162523
4/11/24 11:00,0.8545029,0.8706304
4/11/24 12:00,0.6192085,0.6167906
4/11/24 13:00,0.5255643,0.52008
4/11/24 14:00,0.6473086,0.6495467
4/11/24 15:00,0.5621487,0.5519148
4/11/24 16:00,0.3417442,0.3123441
4/11/24 17:00,0.09227744,0.03918137
4/11/24 18:00,0,0
4/11/24 19:00,0,0
4/11/24 20:00,0,0
4/11/24 21:00,0,0
4/11/24 22:00,0,0
4/11/24 23:00,0,0
4/12/24 0:00,0,0
4/12/24 1:00,0,0
4/12/24 2:00,0,0
4/12/24 3:00,0,0
4/12/24 4:00,0,0
4/12/24 5:00,0.05188506,0.00276134
4/12/24 6:00,0.2394524,0.2114797
4/12/24 7:00,0.506961,0.4903868
4/12/24 8:00,0.376671,0.3690396
4/12/24 9:00,0.4917291,0.4849305
4/12/24 10:00,0.1417264,0.1377535
4/12/24 11:00,0.53262,0.5247788
4/12/24 12:00,0.8015629,0.8120398
4/12/24 13:00,0.8202563,0.8315949
4/12/24 14:00,0.3556849,0.3477713
4/12/24 15:00,0.2373299,0.2309209
4/12/24 16:00,0.1729307,0.1656956
4/12/24 17:00,0.04759803,0.03944625
4/12/24 18:00,0,0
4/12/24 19:00,0,0
4/12/24 20:00,0,0
4/12/24 21:00,0,0
4/12/24 22:00,0,0
4/12/24 23:00,0,0
4/13/24 0:00,0,0
4/13/24 1:00,0,0
4/13/24 2:00,0,0
4/13/24 3:00,0,0
4/13/24 4:00,0,0
4/13/24 5:00,0.03605733,0.01329536
4/13/24 6:00,0.23057,0.2038069
4/13/24 7:00,0.4435015,0.4276954
4/13/24 8:00,0.710361,0.7074634
4/13/24 9:00,0.9429484,0.9537679
4/13/24 10:00,1.031762,1.050995
4/13/24 11:00,1.026284,1.047635
4/13/24 12:00,0.9121177,0.9278428
4/13/24 13:00,0.7726793,0.7795515
4/13/24 14:00,0.6490453,0.6474773
4/13/24 15:00,0.4612516,0.4489985
4/13/24 16:00,0.2989393,0.27061
4/13/24 17:00,0.08180314,0.03456035
4/13/24 18:00,0,0
4/13/24 19:00,0,0
4/13/24 20:00,0,0
4/13/24 21:00,0,0
4/13/24 22:00,0,0
4/13/24 23:00,0,0
4/14/24 0:00,0,0
4/14/24 1:00,0,0
4/14/24 2:00,0,0
4/14/24 3:00,0,0
4/14/24 4:00,0,0
4/14/24 5:00,0.03015491,0.01970756
4/14/24 6:00,0.2047583,0.184383
4/14/24 7:00,0.3035303,0.2939897
4/14/24 8:00,0.6624659,0.6571647
4/14/24 9:00,0.8577664,0.8647233
4/14/24 10:00,0.955179,0.9699364
4/14/24 11:00,0.7807658,0.7861904
4/14/24 12:00,0.7144254,0.7156529
4/14/24 13:00,0.6653995,0.6647452
4/14/24 14:00,0.6441907,0.6406256
4/14/24 15:00,0.5564927,0.5390168
4/14/24 16:00,0.3012883,0.2706488
4/14/24 17:00,0.0650317,0.03886602
4/14/24 18:00,0,0
4/14/24 19:00,0,0
4/14/24 20:00,0,0
4/14/24 21:00,0,0
4/14/24 22:00,0,0
4/14/24 23:00,0,0
4/15/24 0:00,0,0
4/15/24 1:00,0,0
4/15/24 2:00,0,0
4/15/24 3:00,0,0
4/15/24 4:00,0,0
4/15/24 5:00,0.04287661,0.01097483
4/15/24 6:00,0.2513039,0.217123
4/15/24 7:00,0.507172,0.4841774
4/15/24 8:00,0.706669,0.6991909
4/15/24 9:00,0.6727849,0.6711732
4/15/24 10:00,0.864234,0.8730585
4/15/24 11:00,0.832602,0.8399869
4/15/24 12:00,0.8550984,0.8636684
4/15/24 13:00,0.650444,0.6478247
4/15/24 14:00,0.716684,0.7119246
4/15/24 15:00,0.4553549,0.4400854
4/15/24 16:00,0.2194287,0.2042393
4/15/24 17:00,0.05082253,0.04050882
4/15/24 18:00,0,0
4/15/24 19:00,0,0
4/15/24 20:00,0,0
4/15/24 21:00,0,0
4/15/24 22:00,0,0
4/15/24 23:00,0,0
4/16/24 0:00,0,0
4/16/24 1:00,0,0
4/16/24 2:00,0,0
4/16/24 3:00,0,0
4/16/24 4:00,0,0
4/16/24 5:00,0.04325143,0.01298397
4/16/24 6:00,0.2215186,0.1952925
4/16/24 7:00,0.4150915,0.3967322
4/16/24 8:00,0.5161467,0.5069327
4/16/24 9:00,0.8168876,0.8184699
4/16/24 10:00,0.6882506,0.6858665
4/16/24 11:00,0.8478775,0.8544678
4/16/24 12:00,1.002403,1.014253
4/16/24 13:00,0.8830259,0.8872448
4/16/24 14:00,0.7733948,0.7661592
4/16/24 15:00,0.5127348,0.4926952
4/16/24 16:00,0.2003741,0.1881334
4/16/24 17:00,0.06418645,0.0392863
4/16/24 18:00,0,0
4/16/24 19:00,0,0
4/16/24 20:00,0,0
4/16/24 21:00,0,0
4/16/24 22:00,0,0
4/16/24 23:00,0,0
4/17/24 0:00,0,0
4/17/24 1:00,0,0
4/17/24 2:00,0,0
4/17/24 3:00,0,0
4/17/24 4:00,0,0
4/17/24 5:00,0.03100548,0.0231838
4/17/24 6:00,0.1493908,0.1411625
4/17/24 7:00,0.3513479,0.3371818
4/17/24 8:00,0.653453,0.642206
4/17/24 9:00,0.7957174,0.7947882
4/17/24 10:00,0.7682906,0.7688295
4/17/24 11:00,1.064421,1.076525
4/17/24 12:00,0.7220225,0.7201944
4/17/24 13:00,0.6319939,0.626453
4/17/24 14:00,0.3704504,0.3614476
4/17/24 15:00,0.2702201,0.2621508
4/17/24 16:00,0.1831614,0.1733411
4/17/24 17:00,0.0602958,0.0405823
4/17/24 18:00,0,0
4/17/24 19:00,0,0
4/17/24 20:00,0,0
4/17/24 21:00,0,0
4/17/24 22:00,0,0
4/17/24 23:00,0,0
4/18/24 0:00,0,0
4/18/24 1:00,0,0
4/18/24 2:00,0,0
4/18/24 3:00,0,0
4/18/24 4:00,0,0
4/18/24 5:00,0.0304982,0.02411202
4/18/24 6:00,0.09079656,0.08785528
4/18/24 7:00,0.0952586,0.09249736
4/18/24 8:00,0.2196533,0.2134921
4/18/24 9:00,0.3154391,0.3070108
4/18/24 10:00,0.1729049,0.1680561
4/18/24 11:00,0.1518036,0.1475293
4/18/24 12:00,0.2260727,0.2197981
4/18/24 13:00,0.1522802,0.1479899
4/18/24 14:00,0.1962317,0.1907165
4/18/24 15:00,0.2404793,0.233358
4/18/24 16:00,0.1586253,0.1517301
4/18/24 17:00,0.01764574,0.01695944
4/18/24 18:00,0,0
4/18/24 19:00,0,0
4/18/24 20:00,0,0
4/18/24 21:00,0,0
4/18/24 22:00,0,0
4/18/24 23:00,0,0
4/19/24 0:00,0,0
4/19/24 1:00,0,0
4/19/24 2:00,0,0
4/19/24 3:00,0,0
4/19/24 4:00,0,0
4/19/24 5:00,0.03395658,0.02500935
4/19/24 6:00,0.262554,0.2211533
4/19/24 7:00,0.5565699,0.5221286
4/19/24 8:00,0.7546065,0.7373415
4/19/24 9:00,0.8941965,0.8898695
4/19/24 10:00,1.048573,1.052712
4/19/24 11:00,1.023974,1.03065
4/19/24 12:00,1.054564,1.059597
4/19/24 13:00,1.020241,1.017602
4/19/24 14:00,0.8092491,0.794031
4/19/24 15:00,0.6137117,0.5813115
4/19/24 16:00,0.2919751,0.2547455
4/19/24 17:00,0.06377811,0.04010345
4/19/24 18:00,0,0
4/19/24 19:00,0,0
4/19/24 20:00,0,0
4/19/24 21:00,0,0
4/19/24 22:00,0,0
4/19/24 23:00,0,0
4/20/24 0:00,0,0
4/20/24 1:00,0,0
4/20/24 2:00,0,0
4/20/24 3:00,0,0
4/20/24 4:00,0,0
4/20/24 5:00,0.06374205,0.00480849
4/20/24 6:00,0.2313393,0.1999427
4/20/24 7:00,0.3264532,0.3127516
4/20/24 8:00,0.4734957,0.4613567
4/20/24 9:00,0.9702753,0.9632527
4/20/24 10:00,1.032754,1.034346
4/20/24 11:00,0.8151207,0.8137015
4/20/24 12:00,0.8919789,0.8923354
4/20/24 13:00,0.9041746,0.8991887
4/20/24 14:00,0.385398,0.3754884
4/20/24 15:00,0.5035854,0.4764071
4/20/24 16:00,0.2881892,0.2504781
4/20/24 17:00,0.06387629,0.04039016
4/20/24 18:00,0,0
4/20/24 19:00,0,0
4/20/24 20:00,0,0
4/20/24 21:00,0,0
4/20/24 22:00,0,0
4/20/24 23:00,0,0
4/21/24 0:00,0,0
4/21/24 1:00,0,0
4/21/24 2:00,0,0
4/21/24 3:00,0,0
4/21/24 4:00,0,0
4/21/24 5:00,0.04615595,0.02181229
4/21/24 6:00,0.1106077,0.1066122
4/21/24 7:00,0.1690828,0.164082
4/21/24 8:00,0.1829835,0.1777831
4/21/24 9:00,0.6171597,0.6071772
4/21/24 10:00,0.9243913,0.9228507
4/21/24 11:00,0.8105358,0.8074887
4/21/24 12:00,0.6200696,0.6109383
4/21/24 13:00,0.688721,0.6800073
4/21/24 14:00,0.5686567,0.5545336
4/21/24 15:00,0.3430497,0.3295535
4/21/24 16:00,0.2551069,0.2260507
4/21/24 17:00,0.06858766,0.03873773
4/21/24 18:00,0,0
4/21/24 19:00,0,0
4/21/24 20:00,0,0
4/21/24 21:00,0,0
4/21/24 22:00,0,0
4/21/24 23:00,0,0
4/22/24 0:00,0,0
4/22/24 1:00,0,0
4/22/24 2:00,0,0
4/22/24 3:00,0,0
4/22/24 4:00,0,0
4/22/24 5:00,0.05365928,0.01680264
4/22/24 6:00,0.1581557,0.1483337
4/22/24 7:00,0.3218158,0.3077376
4/22/24 8:00,0.7253202,0.7023435
4/22/24 9:00,0.9059238,0.8946981
4/22/24 10:00,1.002993,0.9998302
4/22/24 11:00,0.8314719,0.8276166
4/22/24 12:00,1.007928,1.005525
4/22/24 13:00,0.8925858,0.8830757
4/22/24 14:00,0.7515004,0.7305179
4/22/24 15:00,0.4557638,0.4300909
4/22/24 16:00,0.2442011,0.2176499
4/22/24 17:00,0.08834899,0.02784708
4/22/24 18:00,0,0
4/22/24 19:00,0,0
4/22/24 20:00,0,0
4/22/24 21:00,0,0
4/22/24 22:00,0,0
4/22/24 23:00,0,0
4/23/24 0:00,0,0
4/23/24 1:00,0,0
4/23/24 2:00,0,0
4/23/24 3:00,0,0
4/23/24 4:00,0,0
4/23/24 5:00,0.05075953,0.02208135
4/23/24 6:00,0.3078028,0.24887
4/23/24 7:00,0.5341308,0.4933357
4/23/24 8:00,0.7578799,0.7316304
4/23/24 9:00,0.887636,0.8744153
4/23/24 10:00,1.029177,1.023661
4/23/24 11:00,1.041002,1.038545
4/23/24 12:00,0.9741169,0.9693737
4/23/24 13:00,0.8507403,0.8393341
4/23/24 14:00,0.8122376,0.7870843
4/23/24 15:00,0.6264367,0.5832785
4/23/24 16:00,0.3887217,0.3234895
4/23/24 17:00,0.1087989,0.02540453
4/23/24 18:00,0,0
4/23/24 19:00,0,0
4/23/24 20:00,0,0
4/23/24 21:00,0,0
4/23/24 22:00,0,0
4/23/24 23:00,0,0
4/24/24 0:00,0,0
4/24/24 1:00,0,0
4/24/24 2:00,0,0
4/24/24 3:00,0,0
4/24/24 4:00,0,0
4/24/24 5:00,0.04269519,0.02917119
4/24/24 6:00,0.2537955,0.2119452
4/24/24 7:00,0.4115801,0.3849684
4/24/24 8:00,0.6994906,0.6735785
4/24/24 9:00,0.9008695,0.8852952
4/24/24 10:00,0.8946025,0.8868633
4/24/24 11:00,1.011401,1.006659
4/24/24 12:00,1.049755,1.042593
4/24/24 13:00,0.9424086,0.9278063
4/24/24 14:00,0.7579786,0.7323655
4/24/24 15:00,0.5506659,0.5113224
4/24/24 16:00,0.299599,0.2526689
4/24/24 17:00,0.08035538,0.03278362
4/24/24 18:00,0,0
4/24/24 19:00,0,0
4/24/24 20:00,0,0
4/24/24 21:00,0,0
4/24/24 22:00,0,0
4/24/24 23:00,0,0
4/25/24 0:00,0,0
4/25/24 1:00,0,0
4/25/24 2:00,0,0
4/25/24 3:00,0,0
4/25/24 4:00,0,0
4/25/24 5:00,0.0675351,0.0102583
4/25/24 6:00,0.2576356,0.2137081
4/25/24 7:00,0.4528809,0.4190338
4/25/24 8:00,0.4061781,0.393902
4/25/24 9:00,0.3756075,0.3655663
4/25/24 10:00,0.518778,0.507055
4/25/24 11:00,0.7183692,0.7082534
4/25/24 12:00,0.8327326,0.8232789
4/25/24 13:00,0.5697381,0.5570621
4/25/24 14:00,0.6020823,0.5816561
4/25/24 15:00,0.3603155,0.3429794
4/25/24 16:00,0.1470346,0.1407299
4/25/24 17:00,0.02902415,0.02765618
4/25/24 18:00,0,0
4/25/24 19:00,0,0
4/25/24 20:00,0,0
4/25/24 21:00,0,0
4/25/24 22:00,0,0
4/25/24 23:00,0,0
4/26/24 0:00,0,0
4/26/24 1:00,0,0
4/26/24 2:00,0,0
4/26/24 3:00,0,0
4/26/24 4:00,0,0
4/26/24 5:00,0.04908876,0.02931254
4/26/24 6:00,0.2408872,0.2035703
4/26/24 7:00,0.4513195,0.4165205
4/26/24 8:00,0.5732347,0.5513344
4/26/24 9:00,0.8075075,0.789635
4/26/24 10:00,1.058563,1.045918
4/26/24 11:00,1.072641,1.063253
4/26/24 12:00,1.030929,1.019303
4/26/24 13:00,0.9099132,0.8913786
4/26/24 14:00,0.7680857,0.7377137
4/26/24 15:00,0.6034451,0.5551573
4/26/24 16:00,0.2761041,0.2348531
4/26/24 17:00,0.08051883,0.03364671
4/26/24 18:00,0,0
4/26/24 19:00,0,0
4/26/24 20:00,0,0
4/26/24 21:00,0,0
4/26/24 22:00,0,0
4/26/24 23:00,0,0
4/27/24 0:00,0,0
4/27/24 1:00,0,0
4/27/24 2:00,0,0
4/27/24 3:00,0,0
4/27/24 4:00,0,0
4/27/24 5:00,0.03864056,0.03208003
4/27/24 6:00,0.1341367,0.1280705
4/27/24 7:00,0.1748694,0.1695672
4/27/24 8:00,0.2833592,0.275147
4/27/24 9:00,0.5572551,0.5432758
4/27/24 10:00,0.5029094,0.4907982
4/27/24 11:00,0.4238071,0.4127617
4/27/24 12:00,0.5915819,0.578939
4/27/24 13:00,0.5298325,0.5166556
4/27/24 14:00,0.4206069,0.407618
4/27/24 15:00,0.4599624,0.4270241
4/27/24 16:00,0.2744823,0.2328297
4/27/24 17:00,0.09185822,0.02632046
4/27/24 18:00,0,0
4/27/24 19:00,0,0
4/27/24 20:00,0,0
4/27/24 21:00,0,0
4/27/24 22:00,0,0
4/27/24 23:00,0,0
4/28/24 0:00,0,0
4/28/24 1:00,0,0
4/28/24 2:00,0,0
4/28/24 3:00,0,0
4/28/24 4:00,0,0
4/28/24 5:00,0.03614336,0.03165801
4/28/24 6:00,0.2269858,0.1951772
4/28/24 7:00,0.233206,0.2252154
4/28/24 8:00,0.1963797,0.1907141
4/28/24 9:00,0.6479728,0.6311399
4/28/24 10:00,0.8542295,0.8396091
4/28/24 11:00,0.9346522,0.9219707
4/28/24 12:00,1.059317,1.04284
4/28/24 13:00,0.921983,0.8988676
4/28/24 14:00,0.7912679,0.7555159
4/28/24 15:00,0.6162177,0.5623472
4/28/24 16:00,0.3060155,0.2513695
4/28/24 17:00,0.07557513,0.03846097
4/28/24 18:00,0,0
4/28/24 19:00,0,0
4/28/24 20:00,0,0
4/28/24 21:00,0,0
4/28/24 22:00,0,0
4/28/24 23:00,0,0
4/29/24 0:00,0,0
4/29/24 1:00,0,0
4/29/24 2:00,0,0
4/29/24 3:00,0,0
4/29/24 4:00,0,0
4/29/24 5:00,0.01562871,0.01496752
4/29/24 6:00,0.1373115,0.130887
4/29/24 7:00,0.2431167,0.234434
4/29/24 8:00,0.7137398,0.6778185
4/29/24 9:00,0.6037042,0.5872942
4/29/24 10:00,0.7579817,0.7428105
4/29/24 11:00,0.8643863,0.850347
4/29/24 12:00,0.7705233,0.7555514
4/29/24 13:00,0.6048328,0.588892
4/29/24 14:00,0.5879502,0.5634331
4/29/24 15:00,0.2649873,0.2553572
4/29/24 16:00,0.2308976,0.2045763
4/29/24 17:00,0.05581856,0.04485448
4/29/24 18:00,0,0
4/29/24 19:00,0,0
4/29/24 20:00,0,0
4/29/24 21:00,0,0
4/29/24 22:00,0,0
4/29/24 23:00,0,0
4/30/24 0:00,0,0
4/30/24 1:00,0,0
4/30/24 2:00,0,0
4/30/24 3:00,0,0
4/30/24 4:00,0,0
4/30/24 5:00,0.07454895,0.01440942
4/30/24 6:00,0.3327835,0.2578481
4/30/24 7:00,0.4860406,0.4405195
4/30/24 8:00,0.6907005,0.6546699
4/30/24 9:00,0.8462287,0.820088
4/30/24 10:00,1.012022,0.9913843
4/30/24 11:00,1.176692,1.156806
4/30/24 12:00,1.022784,1.002576
4/30/24 13:00,0.9633901,0.9347984
4/30/24 14:00,0.8362879,0.7938387
4/30/24 15:00,0.5625524,0.5101162
4/30/24 16:00,0.3787994,0.30074
4/30/24 17:00,0.09423087,0.02599096
4/30/24 18:00,0,0
4/30/24 19:00,0,0
4/30/24 20:00,0,0
4/30/24 21:00,0,0
4/30/24 22:00,0,0
4/30/24 23:00,0,0
5/1/24 0:00,0,0
5/1/24 1:00,0,0
5/1/24 2:00,0,0
5/1/24 3:00,0,0
5/1/24 4:00,0,0
5/1/24 5:00,0.05801897,0.03223553
5/1/24 6:00,0.3366328,0.2593405
5/1/24 7:00,0.5921428,0.5304316
5/1/24 8:00,0.7493823,0.7074624
5/1/24 9:00,0.7907093,0.7650386
5/1/24 10:00,0.942524,0.9213735
5/1/24 11:00,1.002071,0.9830139
5/1/24 12:00,1.06092,1.037799
5/1/24 13:00,0.9102214,0.8812324
5/1/24 14:00,0.688111,0.652916
5/1/24 15:00,0.5446966,0.4927815
5/1/24 16:00,0.3209451,0.2569194
5/1/24 17:00,0.1139892,0.01909024
5/1/24 18:00,0,0
5/1/24 19:00,0,0
5/1/24 20:00,0,0
5/1/24 21:00,0,0
5/1/24 22:00,0,0
5/1/24 23:00,0,0
5/2/24 0:00,0,0
5/2/24 1:00,0,0
5/2/24 2:00,0,0
5/2/24 3:00,0,0
5/2/24 4:00,0,0
5/2/24 5:00,0.04798068,0.03701038
5/2/24 6:00,0.1339179,0.1279328
5/2/24 7:00,0.2121573,0.2051623
5/2/24 8:00,0.5046551,0.4828994
5/2/24 9:00,0.7277829,0.7035351
5/2/24 10:00,1.002005,0.9775569
5/2/24 11:00,0.7053305,0.6893063
5/2/24 12:00,0.8587635,0.8383182
5/2/24 13:00,0.785219,0.7593508
5/2/24 14:00,0.7354763,0.6949635
5/2/24 15:00,0.485203,0.4414419
5/2/24 16:00,0.2709351,0.2264183
5/2/24 17:00,0.1033146,0.02149525
5/2/24 18:00,0,0
5/2/24 19:00,0,0
5/2/24 20:00,0,0
5/2/24 21:00,0,0
5/2/24 22:00,0,0
5/2/24 23:00,0,0
5/3/24 0:00,0,0
5/3/24 1:00,0,0
5/3/24 2:00,0,0
5/3/24 3:00,0,0
5/3/24 4:00,0,0
5/3/24 5:00,0.09121232,0.007570069
5/3/24 6:00,0.1622349,0.1517686
5/3/24 7:00,0.40736,0.3743762
5/3/24 8:00,0.3858019,0.3725961
5/3/24 9:00,0.3648759,0.3544886
5/3/24 10:00,0.4045395,0.3934099
5/3/24 11:00,0.2301718,0.2236468
5/3/24 12:00,0.5483166,0.5339657
5/3/24 13:00,0.5433854,0.5272173
5/3/24 14:00,0.632925,0.5995612
5/3/24 15:00,0.4093069,0.3791044
5/3/24 16:00,0.274327,0.2275373
5/3/24 17:00,0.08169247,0.03823395
5/3/24 18:00,0,0
5/3/24 19:00,0,0
5/3/24 20:00,0,0
5/3/24 21:00,0,0
5/3/24 22:00,0,0
5/3/24 23:00,0,0
5/4/24 0:00,0,0
5/4/24 1:00,0,0
5/4/24 2:00,0,0
5/4/24 3:00,0,0
5/4/24 4:00,0,0
5/4/24 5:00,0.07736309,0.02019813
5/4/24 6:00,0.2371833,0.1998659
5/4/24 7:00,0.2500257,0.2404885
5/4/24 8:00,0.2853223,0.2767328
5/4/24 9:00,0.4512683,0.4380199
5/4/24 10:00,0.7389508,0.7189069
5/4/24 11:00,0.8123421,0.7923606
5/4/24 12:00,0.558268,0.5433756
5/4/24 13:00,0.2826051,0.2745302
5/4/24 14:00,0.2208014,0.2143563
5/4/24 15:00,0.1881348,0.1822978
5/4/24 16:00,0.2187608,0.1950977
5/4/24 17:00,0.02020268,0.0193851
5/4/24 18:00,0,0
5/4/24 19:00,0,0
5/4/24 20:00,0,0
5/4/24 21:00,0,0
5/4/24 22:00,0,0
5/4/24 23:00,0,0
5/5/24 0:00,0,0
5/5/24 1:00,0,0
5/5/24 2:00,0,0
5/5/24 3:00,0,0
5/5/24 4:00,0,0
5/5/24 5:00,0.08421502,0.01550398
5/5/24 6:00,0.2740941,0.217961
5/5/24 7:00,0.3718367,0.3450357
5/5/24 8:00,0.5640196,0.533928
5/5/24 9:00,0.4472322,0.4339511
5/5/24 10:00,0.3075616,0.2988502
5/5/24 11:00,0.6519228,0.6349797
5/5/24 12:00,0.2564658,0.2491756
5/5/24 13:00,0.6185215,0.5977614
5/5/24 14:00,0.5504112,0.5233521
5/5/24 15:00,0.3802641,0.3542768
5/5/24 16:00,0.2701297,0.2239082
5/5/24 17:00,0.08569191,0.0370667
5/5/24 18:00,0,0
5/5/24 19:00,0,0
5/5/24 20:00,0,0
5/5/24 21:00,0,0
5/5/24 22:00,0,0
5/5/24 23:00,0,0
5/6/24 0:00,0,0
5/6/24 1:00,0,0
5/6/24 2:00,0,0
5/6/24 3:00,0,0
5/6/24 4:00,0,0
5/6/24 5:00,0.0892822,0.01292637
5/6/24 6:00,0.169776,0.1576699
5/6/24 7:00,0.2545573,0.2445035
5/6/24 8:00,0.3573257,0.3453036
5/6/24 9:00,0.5628302,0.544003
5/6/24 10:00,0.4701611,0.4570757
5/6/24 11:00,0.5526741,0.5377886
5/6/24 12:00,0.7618664,0.7393519
5/6/24 13:00,0.4275377,0.4149452
5/6/24 14:00,0.551506,0.5235037
5/6/24 15:00,0.4829524,0.4346111
5/6/24 16:00,0.2702247,0.2233434
5/6/24 17:00,0.07045637,0.04734937
5/6/24 18:00,6.41406E-07,0
5/6/24 19:00,0,0
5/6/24 20:00,0,0
5/6/24 21:00,0,0
5/6/24 22:00,0,0
5/6/24 23:00,0,0
5/7/24 0:00,0,0
5/7/24 1:00,0,0
5/7/24 2:00,0,0
5/7/24 3:00,0,0
5/7/24 4:00,0,0
5/7/24 5:00,0.09313545,0.01157716
5/7/24 6:00,0.06678456,0.06463097
5/7/24 7:00,0.4044021,0.3695118
5/7/24 8:00,0.6588615,0.615459
5/7/24 9:00,0.7070477,0.6782717
5/7/24 10:00,0.540037,0.5247007
5/7/24 11:00,0.5577813,0.5425002
5/7/24 12:00,0.5098484,0.4955151
5/7/24 13:00,0.5975783,0.5767081
5/7/24 14:00,0.4683636,0.448337
5/7/24 15:00,0.5362648,0.4760371
5/7/24 16:00,0.3527445,0.2696705
5/7/24 17:00,0.1130098,0.01889367
5/7/24 18:00,1.26964E-05,0
5/7/24 19:00,0,0
5/7/24 20:00,0,0
5/7/24 21:00,0,0
5/7/24 22:00,0,0
5/7/24 23:00,0,0
5/8/24 0:00,0,0
5/8/24 1:00,0,0
5/8/24 2:00,0,0
5/8/24 3:00,0,0
5/8/24 4:00,0,0
5/8/24 5:00,0.06704231,0.03743514
5/8/24 6:00,0.1093593,0.1054308
5/8/24 7:00,0.1618598,0.1568658
5/8/24 8:00,0.104333,0.1012934
5/8/24 9:00,0.05980742,0.05807654
5/8/24 10:00,0.01598171,0.01551683
5/8/24 11:00,0.06288614,0.06107018
5/8/24 12:00,0.06184175,0.06005514
5/8/24 13:00,0.3288956,0.3193793
5/8/24 14:00,0.151596,0.1471683
5/8/24 15:00,0.209955,0.2030698
5/8/24 16:00,0.1037599,0.1002337
5/8/24 17:00,0.06735615,0.0494169
5/8/24 18:00,3.39054E-05,0
5/8/24 19:00,0,0
5/8/24 20:00,0,0
5/8/24 21:00,0,0
5/8/24 22:00,0,0
5/8/24 23:00,0,0
5/9/24 0:00,0,0
5/9/24 1:00,0,0
5/9/24 2:00,0,0
5/9/24 3:00,0,0
5/9/24 4:00,0,0
5/9/24 5:00,0.03930981,0.03624174
5/9/24 6:00,0.1873394,0.1703728
5/9/24 7:00,0.4763457,0.4225364
5/9/24 8:00,0.6955446,0.6452143
5/9/24 9:00,0.6969848,0.6669337
5/9/24 10:00,0.7203699,0.6966467
5/9/24 11:00,1.064147,1.028346
5/9/24 12:00,1.02411,0.9862843
5/9/24 13:00,0.9471133,0.9012085
5/9/24 14:00,0.8421307,0.7807354
5/9/24 15:00,0.6330086,0.555257
5/9/24 16:00,0.3334233,0.2547883
5/9/24 17:00,0.1056503,0.02465993
5/9/24 18:00,4.20679E-05,0
5/9/24 19:00,0,0
5/9/24 20:00,0,0
5/9/24 21:00,0,0
5/9/24 22:00,0,0
5/9/24 23:00,0,0
5/10/24 0:00,0,0
5/10/24 1:00,0,0
5/10/24 2:00,0,0
5/10/24 3:00,0,0
5/10/24 4:00,0,0
5/10/24 5:00,0.07136103,0.03731092
5/10/24 6:00,0.2109995,0.1852302
5/10/24 7:00,0.4346257,0.3903471
5/10/24 8:00,0.7686743,0.7094936
5/10/24 9:00,0.8900813,0.8444859
5/10/24 10:00,0.9335674,0.897522
5/10/24 11:00,0.8301326,0.8026256
5/10/24 12:00,0.9743949,0.9369244
5/10/24 13:00,0.8545845,0.8123935
5/10/24 14:00,0.6921729,0.6428206
5/10/24 15:00,0.467089,0.4180838
5/10/24 16:00,0.2210994,0.1952801
5/10/24 17:00,0.07094786,0.05017655
5/10/24 18:00,4.98746E-05,0
5/10/24 19:00,0,0
5/10/24 20:00,0,0
5/10/24 21:00,0,0
5/10/24 22:00,0,0
5/10/24 23:00,0,0
5/11/24 0:00,0,0
5/11/24 1:00,0,0
5/11/24 2:00,0,0
5/11/24 3:00,0,0
5/11/24 4:00,0,0
5/11/24 5:00,0.09181096,0.01917576
5/11/24 6:00,0.2888598,0.222207
5/11/24 7:00,0.5361333,0.466822
5/11/24 8:00,0.7716007,0.7105366
5/11/24 9:00,1.010146,0.955952
5/11/24 10:00,1.071449,1.027548
5/11/24 11:00,0.9369305,0.9030139
5/11/24 12:00,1.054635,1.011995
5/11/24 13:00,0.924256,0.8760757
5/11/24 14:00,0.7161222,0.6626008
5/11/24 15:00,0.5368514,0.4709382
5/11/24 16:00,0.3076795,0.2388092
5/11/24 17:00,0.08321834,0.04559973
5/11/24 18:00,0.000144823,0
5/11/24 19:00,0,0
5/11/24 20:00,0,0
5/11/24 21:00,0,0
5/11/24 22:00,0,0
5/11/24 23:00,0,0
5/12/24 0:00,0,0
5/12/24 1:00,0,0
5/12/24 2:00,0,0
5/12/24 3:00,0,0
5/12/24 4:00,0,0
5/12/24 5:00,0.009901834,0.009554629
5/12/24 6:00,0.1455691,0.1381575
5/12/24 7:00,0.165887,0.1607102
5/12/24 8:00,0.2808114,0.2721091
5/12/24 9:00,0.4755625,0.4596615
5/12/24 10:00,0.4263554,0.4139776
5/12/24 11:00,0.6371467,0.6173281
5/12/24 12:00,0.3768943,0.3660647
5/12/24 13:00,0.2077515,0.2017366
5/12/24 14:00,0.07201652,0.06991883
5/12/24 15:00,0.08416015,0.08165001
5/12/24 16:00,0.2053624,0.1851799
5/12/24 17:00,0.05418445,0.04807378
5/12/24 18:00,4.65193E-05,0
5/12/24 19:00,0,0
5/12/24 20:00,0,0
5/12/24 21:00,0,0
5/12/24 22:00,0,0
5/12/24 23:00,0,0
5/13/24 0:00,0,0
5/13/24 1:00,0,0
5/13/24 2:00,0,0
5/13/24 3:00,0,0
5/13/24 4:00,0,0
5/13/24 5:00,0.0928256,0.02148694
5/13/24 6:00,0.2662664,0.2114996
5/13/24 7:00,0.3611183,0.3334975
5/13/24 8:00,0.5278707,0.4965923
5/13/24 9:00,0.8442554,0.7972851
5/13/24 10:00,0.8774082,0.8402493
5/13/24 11:00,1.080216,1.036755
5/13/24 12:00,0.9357567,0.8955899
5/13/24 13:00,0.6141405,0.5885637
5/13/24 14:00,0.619328,0.5761067
5/13/24 15:00,0.3857341,0.3546699
5/13/24 16:00,0.1865511,0.1720697
5/13/24 17:00,0.04241566,0.03991235
5/13/24 18:00,0.00012649,0
5/13/24 19:00,0,0
5/13/24 20:00,0,0
5/13/24 21:00,0,0
5/13/24 22:00,0,0
5/13/24 23:00,0,0
5/14/24 0:00,0,0
5/14/24 1:00,0,0
5/14/24 2:00,0,0
5/14/24 3:00,0,0
5/14/24 4:00,0,0
5/14/24 5:00,0.0587826,0.04595633
5/14/24 6:00,0.2412594,0.2003873
5/14/24 7:00,0.5246345,0.4540522
5/14/24 8:00,0.6073859,0.5631847
5/14/24 9:00,0.81284,0.7671298
5/14/24 10:00,1.092591,1.042392
5/14/24 11:00,0.7714203,0.7432132
5/14/24 12:00,0.7763783,0.7452848
5/14/24 13:00,0.8665089,0.8174963
5/14/24 14:00,0.7831477,0.7182042
5/14/24 15:00,0.5088111,0.4455796
5/14/24 16:00,0.2367286,0.2034606
5/14/24 17:00,0.06768324,0.05293086
5/14/24 18:00,0.00023066,0
5/14/24 19:00,0,0
5/14/24 20:00,0,0
5/14/24 21:00,0,0
5/14/24 22:00,0,0
5/14/24 23:00,0,0
5/15/24 0:00,0,0
5/15/24 1:00,0,0
5/15/24 2:00,0,0
5/15/24 3:00,0,0
5/15/24 4:00,9.28659E-07,0
5/15/24 5:00,0.02087978,0.02000085
5/15/24 6:00,0.0412219,0.03994108
5/15/24 7:00,0.1624251,0.1573414
5/15/24 8:00,0.23945,0.2322298
5/15/24 9:00,0.3305993,0.3207763
5/15/24 10:00,0.3293878,0.3198748
5/15/24 11:00,0.2918493,0.2834647
5/15/24 12:00,0.1967037,0.1910357
5/15/24 13:00,0.1169404,0.1135515
5/15/24 14:00,0.09455816,0.09179387
5/15/24 15:00,0.116995,0.113443
5/15/24 16:00,0.1018452,0.09835413
5/15/24 17:00,0.02187573,0.02099562
5/15/24 18:00,8.47214E-05,0
5/15/24 19:00,0,0
5/15/24 20:00,0,0
5/15/24 21:00,0,0
5/15/24 22:00,0,0
5/15/24 23:00,0,0
5/16/24 0:00,0,0
5/16/24 1:00,0,0
5/16/24 2:00,0,0
5/16/24 3:00,0,0
5/16/24 4:00,1.37331E-05,0
5/16/24 5:00,0.1144878,0.009077617
5/16/24 6:00,0.2685274,0.2114855
5/16/24 7:00,0.3556197,0.3282971
5/16/24 8:00,0.2100751,0.2038017
5/16/24 9:00,0.2002307,0.1944039
5/16/24 10:00,0.2984273,0.2898073
5/16/24 11:00,0.2364944,0.2296905
5/16/24 12:00,0.3745808,0.3636771
5/16/24 13:00,0.473565,0.4572455
5/16/24 14:00,0.2844242,0.2755291
5/16/24 15:00,0.3549881,0.3297529
5/16/24 16:00,0.2885602,0.2271183
5/16/24 17:00,0.04275149,0.04032661
5/16/24 18:00,0.000167912,0
5/16/24 19:00,0,0
5/16/24 20:00,0,0
5/16/24 21:00,0,0
5/16/24 22:00,0,0
5/16/24 23:00,0,0
5/17/24 0:00,0,0
5/17/24 1:00,0,0
5/17/24 2:00,0,0
5/17/24 3:00,0,0
5/17/24 4:00,7.39637E-06,0
5/17/24 5:00,0.02259725,0.02162698
5/17/24 6:00,0.09956352,0.09609003
5/17/24 7:00,0.246791,0.2367799
5/17/24 8:00,0.2564203,0.2485572
5/17/24 9:00,0.6774637,0.6423464
5/17/24 10:00,0.2796428,0.2715591
5/17/24 11:00,0.4305587,0.4179366
5/17/24 12:00,0.5754797,0.5559395
5/17/24 13:00,0.8779858,0.8238731
5/17/24 14:00,0.6308657,0.5820537
5/17/24 15:00,0.3274368,0.3073934
5/17/24 16:00,0.124583,0.1198409
5/17/24 17:00,0.02922747,0.02793467
5/17/24 18:00,0.000157543,0
5/17/24 19:00,0,0
5/17/24 20:00,0,0
5/17/24 21:00,0,0
5/17/24 22:00,0,0
5/17/24 23:00,0,0
5/18/24 0:00,0,0
5/18/24 1:00,0,0
5/18/24 2:00,0,0
5/18/24 3:00,0,0
5/18/24 4:00,4.49101E-05,0
5/18/24 5:00,0.04424819,0.04084429
5/18/24 6:00,0.1780906,0.1638004
5/18/24 7:00,0.3883107,0.3519748
5/18/24 8:00,0.601441,0.5546886
5/18/24 9:00,0.5607135,0.53694
5/18/24 10:00,0.5777581,0.5576407
5/18/24 11:00,0.5924409,0.5727499
5/18/24 12:00,0.4144032,0.4020775
5/18/24 13:00,0.4070301,0.3940468
5/18/24 14:00,0.5814947,0.5400697
5/18/24 15:00,0.3420985,0.3190665
5/18/24 16:00,0.1662937,0.1563761
5/18/24 17:00,0.02619844,0.02509099
5/18/24 18:00,0.00020633,0
5/18/24 19:00,0,0
5/18/24 20:00,0,0
5/18/24 21:00,0,0
5/18/24 22:00,0,0
5/18/24 23:00,0,0
5/19/24 0:00,0,0
5/19/24 1:00,0,0
5/19/24 2:00,0,0
5/19/24 3:00,0,0
5/19/24 4:00,8.81368E-05,0
5/19/24 5:00,0.09562223,0.0272663
5/19/24 6:00,0.2067508,0.1822854
5/19/24 7:00,0.3101144,0.2914881
5/19/24 8:00,0.6294194,0.5769215
5/19/24 9:00,0.7225795,0.6807316
5/19/24 10:00,1.05294,0.9967974
5/19/24 11:00,0.864429,0.8251461
5/19/24 12:00,0.6087,0.5864742
5/19/24 13:00,0.6310718,0.6005163
5/19/24 14:00,0.3695131,0.3554908
5/19/24 15:00,0.3146536,0.2965324
5/19/24 16:00,0.2746974,0.2203656
5/19/24 17:00,0.08453429,0.05333871
5/19/24 18:00,0.000430086,0
5/19/24 19:00,0,0
5/19/24 20:00,0,0
5/19/24 21:00,0,0
5/19/24 22:00,0,0
5/19/24 23:00,0,0
5/20/24 0:00,0,0
5/20/24 1:00,0,0
5/20/24 2:00,0,0
5/20/24 3:00,0,0
5/20/24 4:00,0.000104305,0
5/20/24 5:00,0.0386476,0.03645115
5/20/24 6:00,0.1530868,0.1444423
5/20/24 7:00,0.2830554,0.2686255
5/20/24 8:00,0.3517059,0.3385994
5/20/24 9:00,0.2484644,0.241174
5/20/24 10:00,0.5720727,0.5517622
5/20/24 11:00,0.7237409,0.6945986
5/20/24 12:00,0.6493309,0.6237965
5/20/24 13:00,0.7428719,0.698929
5/20/24 14:00,0.4357047,0.4151205
5/20/24 15:00,0.1663609,0.1611373
5/20/24 16:00,0.2170289,0.1920858
5/20/24 17:00,0.07180146,0.05649975
5/20/24 18:00,0.000658955,0
5/20/24 19:00,0,0
5/20/24 20:00,0,0
5/20/24 21:00,0,0
5/20/24 22:00,0,0
5/20/24 23:00,0,0
5/21/24 0:00,0,0
5/21/24 1:00,0,0
5/21/24 2:00,0,0
5/21/24 3:00,0,0
5/21/24 4:00,0.000114414,0
5/21/24 5:00,0.07185017,0.04831825
5/21/24 6:00,0.2339011,0.1959049
5/21/24 7:00,0.4572856,0.3985552
5/21/24 8:00,0.5434417,0.5049319
5/21/24 9:00,0.8975632,0.8352725
5/21/24 10:00,0.8326968,0.7900243
5/21/24 11:00,0.8659785,0.824596
5/21/24 12:00,0.7533985,0.718486
5/21/24 13:00,0.6706933,0.6345106
5/21/24 14:00,0.6905594,0.6282833
5/21/24 15:00,0.6054961,0.5143678
5/21/24 16:00,0.3637272,0.2618665
5/21/24 17:00,0.08097518,0.05641744
5/21/24 18:00,0.001263844,0
5/21/24 19:00,0,0
5/21/24 20:00,0,0
5/21/24 21:00,0,0
5/21/24 22:00,0,0
5/21/24 23:00,0,0
5/22/24 0:00,0,0
5/22/24 1:00,0,0
5/22/24 2:00,0,0
5/22/24 3:00,0,0
5/22/24 4:00,0.00024126,0
5/22/24 5:00,0.08633231,0.03975053
5/22/24 6:00,0.1900984,0.1718739
5/22/24 7:00,0.2487502,0.2382972
5/22/24 8:00,0.264091,0.2558293
5/22/24 9:00,0.4753758,0.4576459
5/22/24 10:00,0.7774144,0.7390389
5/22/24 11:00,0.7080793,0.6790658
5/22/24 12:00,0.6454449,0.6193931
5/22/24 13:00,0.6029702,0.5740175
5/22/24 14:00,0.3792121,0.3640896
5/22/24 15:00,0.2668107,0.2550588
5/22/24 16:00,0.1817737,0.1684917
5/22/24 17:00,0.06796074,0.05673128
5/22/24 18:00,0.000665414,0
5/22/24 19:00,0,0
5/22/24 20:00,0,0
5/22/24 21:00,0,0
5/22/24 22:00,0,0
5/22/24 23:00,0,0
5/23/24 0:00,0,0
5/23/24 1:00,0,0
5/23/24 2:00,0,0
5/23/24 3:00,0,0
5/23/24 4:00,0.000170898,0
5/23/24 5:00,0.01648524,0.01585496
5/23/24 6:00,0.08205212,0.07926686
5/23/24 7:00,0.1641401,0.1589241
5/23/24 8:00,0.1939635,0.188137
5/23/24 9:00,0.2198089,0.2133557
5/23/24 10:00,0.1074424,0.1043295
5/23/24 11:00,0.1435953,0.1394418
5/23/24 12:00,0.1095237,0.1063511
5/23/24 13:00,0.26814,0.2602335
5/23/24 14:00,0.3033852,0.2933897
5/23/24 15:00,0.1732409,0.1677388
5/23/24 16:00,0.04338559,0.04203614
5/23/24 17:00,0.03822009,0.03637664
5/23/24 18:00,0.000723071,0
5/23/24 19:00,0,0
5/23/24 20:00,0,0
5/23/24 21:00,0,0
5/23/24 22:00,0,0
5/23/24 23:00,0,0
5/24/24 0:00,0,0
5/24/24 1:00,0,0
5/24/24 2:00,0,0
5/24/24 3:00,0,0
5/24/24 4:00,0.000195209,0
5/24/24 5:00,0.1115111,0.01690081
5/24/24 6:00,0.3666202,0.2535964
5/24/24 7:00,0.563849,0.4731615
5/24/24 8:00,0.7365466,0.6616567
5/24/24 9:00,0.6715322,0.6322745
5/24/24 10:00,0.955746,0.8993508
5/24/24 11:00,0.9713861,0.918593
5/24/24 12:00,0.7472373,0.7109241
5/24/24 13:00,0.7553034,0.7065053
5/24/24 14:00,0.6124206,0.5613827
5/24/24 15:00,0.4054268,0.3651162
5/24/24 16:00,0.2258547,0.1971757
5/24/24 17:00,0.07320771,0.05876738
5/24/24 18:00,0.001521099,0
5/24/24 19:00,0,0
5/24/24 20:00,0,0
5/24/24 21:00,0,0
5/24/24 22:00,0,0
5/24/24 23:00,0,0
5/25/24 0:00,0,0
5/25/24 1:00,0,0
5/25/24 2:00,0,0
5/25/24 3:00,0,0
5/25/24 4:00,0.00024274,0
5/25/24 5:00,0.100027,0.02867833
5/25/24 6:00,0.3054056,0.2214954
5/25/24 7:00,0.5494365,0.4609616
5/25/24 8:00,0.8250474,0.7383699
5/25/24 9:00,0.9569179,0.8847738
5/25/24 10:00,1.041551,0.9779753
5/25/24 11:00,0.9898246,0.9345756
5/25/24 12:00,1.033696,0.9713713
5/25/24 13:00,0.9690114,0.8975071
5/25/24 14:00,0.8292305,0.7448744
5/25/24 15:00,0.6269091,0.527842
5/25/24 16:00,0.3887453,0.2751183
5/25/24 17:00,0.1313666,0.02526404
5/25/24 18:00,0.00172201,0
5/25/24 19:00,0,0
5/25/24 20:00,0,0
5/25/24 21:00,0,0
5/25/24 22:00,0,0
5/25/24 23:00,0,0
5/26/24 0:00,0,0
5/26/24 1:00,0,0
5/26/24 2:00,0,0
5/26/24 3:00,0,0
5/26/24 4:00,0.000323449,0
5/26/24 5:00,0.1008928,0.02851355
5/26/24 6:00,0.3258997,0.2294057
5/26/24 7:00,0.52534,0.4420764
5/26/24 8:00,0.8265349,0.7384471
5/26/24 9:00,0.8499486,0.786422
5/26/24 10:00,0.8861651,0.8337237
5/26/24 11:00,0.9892321,0.9329423
5/26/24 12:00,1.056252,0.9912756
5/26/24 13:00,0.8539232,0.7916692
5/26/24 14:00,0.7138619,0.6432147
5/26/24 15:00,0.5553271,0.4695686
5/26/24 16:00,0.3006697,0.2297156
5/26/24 17:00,0.1133628,0.04125877
5/26/24 18:00,0.001957527,0
5/26/24 19:00,0,0
5/26/24 20:00,0,0
5/26/24 21:00,0,0
5/26/24 22:00,0,0
5/26/24 23:00,0,0
5/27/24 0:00,0,0
5/27/24 1:00,0,0
5/27/24 2:00,0,0
5/27/24 3:00,0,0
5/27/24 4:00,0.000243118,0
5/27/24 5:00,0.07005005,0.0513547
5/27/24 6:00,0.2892707,0.2145409
5/27/24 7:00,0.4235709,0.3721567
5/27/24 8:00,0.6799632,0.6110324
5/27/24 9:00,0.8796919,0.8119999
5/27/24 10:00,0.8321423,0.7842763
5/27/24 11:00,0.8037699,0.7631528
5/27/24 12:00,0.7459155,0.7079698
5/27/24 13:00,0.5830004,0.5545097
5/27/24 14:00,0.4921311,0.4619267
5/27/24 15:00,0.5884697,0.4945033
5/27/24 16:00,0.375036,0.2649755
5/27/24 17:00,0.08654886,0.06004331
5/27/24 18:00,0.001405288,0
5/27/24 19:00,0,0
5/27/24 20:00,0,0
5/27/24 21:00,0,0
5/27/24 22:00,0,0
5/27/24 23:00,0,0
5/28/24 0:00,0,0
5/28/24 1:00,0,0
5/28/24 2:00,0,0
5/28/24 3:00,0,0
5/28/24 4:00,0.000355572,0
5/28/24 5:00,0.1227568,0.01129012
5/28/24 6:00,0.2859896,0.2129348
5/28/24 7:00,0.5811515,0.4826543
5/28/24 8:00,0.6477211,0.584007
5/28/24 9:00,0.7245553,0.6753411
5/28/24 10:00,0.8986214,0.8431312
5/28/24 11:00,0.8104016,0.7684688
5/28/24 12:00,0.7779949,0.7360066
5/28/24 13:00,0.7678837,0.7144339
5/28/24 14:00,0.727133,0.6526993
5/28/24 15:00,0.5094125,0.4349683
5/28/24 16:00,0.2822804,0.222671
5/28/24 17:00,0.1000604,0.05480085
5/28/24 18:00,0.002460821,0
5/28/24 19:00,0,0
5/28/24 20:00,0,0
5/28/24 21:00,0,0
5/28/24 22:00,0,0
5/28/24 23:00,0,0
5/29/24 0:00,0,0
5/29/24 1:00,0,0
5/29/24 2:00,0,0
5/29/24 3:00,0,0
5/29/24 4:00,0.000324284,0
5/29/24 5:00,0.07396632,0.05106509
5/29/24 6:00,0.2546989,0.2021603
5/29/24 7:00,0.5227758,0.4375745
5/29/24 8:00,0.6466238,0.5823385
5/29/24 9:00,0.9176058,0.8442127
5/29/24 10:00,0.6509199,0.6214046
5/29/24 11:00,0.3907476,0.379043
5/29/24 12:00,0.3668488,0.3558541
5/29/24 13:00,0.6062269,0.5743122
5/29/24 14:00,0.5344257,0.4960974
5/29/24 15:00,0.3657761,0.3354515
5/29/24 16:00,0.2627437,0.2150416
5/29/24 17:00,0.02945069,0.02821068
5/29/24 18:00,0.001317289,0
5/29/24 19:00,0,0
5/29/24 20:00,0,0
5/29/24 21:00,0,0
5/29/24 22:00,0,0
5/29/24 23:00,0,0
5/30/24 0:00,0,0
5/30/24 1:00,0,0
5/30/24 2:00,0,0
5/30/24 3:00,0,0
5/30/24 4:00,0.00033367,0
5/30/24 5:00,0.04595612,0.04274553
5/30/24 6:00,0.09537362,0.09200606
5/30/24 7:00,0.3783932,0.3404297
5/30/24 8:00,0.6466401,0.5815861
5/30/24 9:00,0.5747526,0.5453512
5/30/24 10:00,0.6305931,0.6027517
5/30/24 11:00,0.9372559,0.8814393
5/30/24 12:00,1.094298,1.022295
5/30/24 13:00,0.7895075,0.7317637
5/30/24 14:00,0.4093079,0.3903448
5/30/24 15:00,0.4815387,0.4150009
5/30/24 16:00,0.3025871,0.2302851
5/30/24 17:00,0.1310923,0.03243358
5/30/24 18:00,0.003562118,0
5/30/24 19:00,0,0
5/30/24 20:00,0,0
5/30/24 21:00,0,0
5/30/24 22:00,0,0
5/30/24 23:00,0,0
5/31/24 0:00,0,0
5/31/24 1:00,0,0
5/31/24 2:00,0,0
5/31/24 3:00,0,0
5/31/24 4:00,0.000503031,0
5/31/24 5:00,0.08575622,0.04533806
5/31/24 6:00,0.265578,0.2050322
5/31/24 7:00,0.4651315,0.3970184
5/31/24 8:00,0.7248079,0.6446037
5/31/24 9:00,0.7376588,0.6844973
5/31/24 10:00,0.6418861,0.6126261
5/31/24 11:00,0.8114175,0.7675346
5/31/24 12:00,1.025078,0.9570231
5/31/24 13:00,0.9803906,0.9016058
5/31/24 14:00,0.7644935,0.6821491
5/31/24 15:00,0.5056532,0.4309613
5/31/24 16:00,0.3931311,0.2746031
5/31/24 17:00,0.1526859,0.0229819
5/31/24 18:00,0.003700267,0
5/31/24 19:00,0,0
5/31/24 20:00,0,0
5/31/24 21:00,0,0
5/31/24 22:00,0,0
5/31/24 23:00,0,0
6/1/24 0:00,0,0
6/1/24 1:00,0,0
6/1/24 2:00,0,0
6/1/24 3:00,0,0
6/1/24 4:00,0.000332063,0
6/1/24 5:00,0.04967903,0.04551793
6/1/24 6:00,0.1765542,0.1620096
6/1/24 7:00,0.2754531,0.2610427
6/1/24 8:00,0.1260258,0.1222761
6/1/24 9:00,0.2001327,0.194227
6/1/24 10:00,0.07489309,0.07271784
6/1/24 11:00,0.06829101,0.06630912
6/1/24 12:00,0.1739179,0.1688535
6/1/24 13:00,0.2945826,0.2857348
6/1/24 14:00,0.1236693,0.1200018
6/1/24 15:00,0.1187908,0.1151262
6/1/24 16:00,0.1300712,0.1249622
6/1/24 17:00,0.04225331,0.04022064
6/1/24 18:00,0.001130761,0
6/1/24 19:00,0,0
6/1/24 20:00,0,0
6/1/24 21:00,0,0
6/1/24 22:00,0,0
6/1/24 23:00,0,0
6/2/24 0:00,0,0
6/2/24 1:00,0,0
6/2/24 2:00,0,0
6/2/24 3:00,0,0
6/2/24 4:00,0.000509299,0
6/2/24 5:00,0.009430933,0.009111541
6/2/24 6:00,0.04220527,0.0408743
6/2/24 7:00,0.1119532,0.1084846
6/2/24 8:00,0.2326329,0.225446
6/2/24 9:00,0.08474646,0.08227459
6/2/24 10:00,0.1710058,0.1660221
6/2/24 11:00,0.1528644,0.1484239
6/2/24 12:00,0.2219985,0.2155119
6/2/24 13:00,0.07639264,0.07416695
6/2/24 14:00,0.04740926,0.04602267
6/2/24 15:00,0.03433029,0.03331782
6/2/24 16:00,0.04419901,0.0428189
6/2/24 17:00,0.02722005,0.0261215
6/2/24 18:00,0.00074481,0
6/2/24 19:00,0,0
6/2/24 20:00,0,0
6/2/24 21:00,0,0
6/2/24 22:00,0,0
6/2/24 23:00,0,0
6/3/24 0:00,0,0
6/3/24 1:00,0,0
6/3/24 2:00,0,0
6/3/24 3:00,0,0
6/3/24 4:00,0.000408051,0
6/3/24 5:00,0.02145894,0.02058369
6/3/24 6:00,0.05387134,0.05212842
6/3/24 7:00,0.1545473,0.1496034
6/3/24 8:00,0.1050136,0.1019022
6/3/24 9:00,0.1463322,0.1420382
6/3/24 10:00,0.2412129,0.2341445
6/3/24 11:00,0.1187873,0.1153386
6/3/24 12:00,0.2701235,0.2621963
6/3/24 13:00,0.246798,0.239474
6/3/24 14:00,0.1591398,0.1543752
6/3/24 15:00,0.2029581,0.1960688
6/3/24 16:00,0.1443781,0.1379697
6/3/24 17:00,0.02384286,0.02292095
6/3/24 18:00,0.00043299,0
6/3/24 19:00,0,0
6/3/24 20:00,0,0
6/3/24 21:00,0,0
6/3/24 22:00,0,0
6/3/24 23:00,0,0
6/4/24 0:00,0,0
6/4/24 1:00,0,0
6/4/24 2:00,0,0
6/4/24 3:00,0,0
6/4/24 4:00,0.000354303,0
6/4/24 5:00,0.01683345,0.01619369
6/4/24 6:00,0.05428752,0.05252799
6/4/24 7:00,0.08530434,0.0827048
6/4/24 8:00,0.01330012,0.01291195
6/4/24 9:00,0.1658067,0.1609275
6/4/24 10:00,0.3795427,0.3679044
6/4/24 11:00,0.3801951,0.3687478
6/4/24 12:00,0.2883069,0.2798232
6/4/24 13:00,0.3988711,0.3853832
6/4/24 14:00,0.1816112,0.176138
6/4/24 15:00,0.08556988,0.08297879
6/4/24 16:00,0.05649403,0.05469047
6/4/24 17:00,0.0328077,0.03140786
6/4/24 18:00,0.00148616,0
6/4/24 19:00,0,0
6/4/24 20:00,0,0
6/4/24 21:00,0,0
6/4/24 22:00,0,0
6/4/24 23:00,0,0
6/5/24 0:00,0,0
6/5/24 1:00,0,0
6/5/24 2:00,0,0
6/5/24 3:00,0,0
6/5/24 4:00,0.000661512,0
6/5/24 5:00,0.08613963,0.04575325
6/5/24 6:00,0.3337694,0.2256358
6/5/24 7:00,0.5085069,0.4223294
6/5/24 8:00,0.5873559,0.5315389
6/5/24 9:00,0.515726,0.4919485
6/5/24 10:00,0.4118259,0.3987823
6/5/24 11:00,0.6042908,0.5797455
6/5/24 12:00,0.5604572,0.5382093
6/5/24 13:00,0.5121399,0.4897121
6/5/24 14:00,0.6865838,0.6143034
6/5/24 15:00,0.4906088,0.4193042
6/5/24 16:00,0.300221,0.2300284
6/5/24 17:00,0.1233536,0.04794736
6/5/24 18:00,0.003408597,0
6/5/24 19:00,0,0
6/5/24 20:00,0,0
6/5/24 21:00,0,0
6/5/24 22:00,0,0
6/5/24 23:00,0,0
6/6/24 0:00,0,0
6/6/24 1:00,0,0
6/6/24 2:00,0,0
6/6/24 3:00,0,0
6/6/24 4:00,0.00034574,0
6/6/24 5:00,0.04277677,0.04022095
6/6/24 6:00,0.1146141,0.1101857
6/6/24 7:00,0.1277762,0.1237584
6/6/24 8:00,0.1507762,0.1462464
6/6/24 9:00,0.3846054,0.3715937
6/6/24 10:00,0.5948914,0.56892
6/6/24 11:00,0.6598389,0.6299323
6/6/24 12:00,0.8633654,0.8064336
6/6/24 13:00,0.8595668,0.788403
6/6/24 14:00,0.5672527,0.520059
6/6/24 15:00,0.3041833,0.2867736
6/6/24 16:00,0.1458665,0.1393512
6/6/24 17:00,0.04890689,0.04640384
6/6/24 18:00,0.000477506,0
6/6/24 19:00,0,0
6/6/24 20:00,0,0
6/6/24 21:00,0,0
6/6/24 22:00,0,0
6/6/24 23:00,0,0
6/7/24 0:00,0,0
6/7/24 1:00,0,0
6/7/24 2:00,0,0
6/7/24 3:00,0,0
6/7/24 4:00,0.000483028,0
6/7/24 5:00,0.05420737,0.04840359
6/7/24 6:00,0.1377525,0.1310442
6/7/24 7:00,0.3258464,0.3007232
6/7/24 8:00,0.2549372,0.2468188
6/7/24 9:00,0.2912849,0.2824515
6/7/24 10:00,0.2937884,0.2851058
6/7/24 11:00,0.1253419,0.121699
6/7/24 12:00,0.2250881,0.2184943
6/7/24 13:00,0.2651216,0.2572069
6/7/24 14:00,0.1734919,0.1682683
6/7/24 15:00,0.07280381,0.07061362
6/7/24 16:00,0.02566433,0.02488767
6/7/24 17:00,0.01145255,0.0110725
6/7/24 18:00,0.000876449,0
6/7/24 19:00,0,0
6/7/24 20:00,0,0
6/7/24 21:00,0,0
6/7/24 22:00,0,0
6/7/24 23:00,0,0
6/8/24 0:00,0,0
6/8/24 1:00,0,0
6/8/24 2:00,0,0
6/8/24 3:00,0,0
6/8/24 4:00,0.00037106,0
6/8/24 5:00,0.002753653,0.002669764
6/8/24 6:00,0.008952597,0.008687485
6/8/24 7:00,0.0265287,0.02574673
6/8/24 8:00,0.05427671,0.05268417
6/8/24 9:00,0.1227592,0.1191603
6/8/24 10:00,0.0982953,0.09543558
6/8/24 11:00,0.4240638,0.4107755
6/8/24 12:00,0.2955091,0.2867829
6/8/24 13:00,0.1752727,0.1701106
6/8/24 14:00,0.2702859,0.2616511
6/8/24 15:00,0.1230965,0.1192788
6/8/24 16:00,0.115735,0.1115654
6/8/24 17:00,0.06553931,0.0597976
6/8/24 18:00,0.001606291,0
6/8/24 19:00,0,0
6/8/24 20:00,0,0
6/8/24 21:00,0,0
6/8/24 22:00,0,0
6/8/24 23:00,0,0
6/9/24 0:00,0,0
6/9/24 1:00,0,0
6/9/24 2:00,0,0
6/9/24 3:00,0,0
6/9/24 4:00,0.000524127,0
6/9/24 5:00,0.04609951,0.04289831
6/9/24 6:00,0.1684466,0.1555556
6/9/24 7:00,0.1760812,0.1702502
6/9/24 8:00,0.1777387,0.1723441
6/9/24 9:00,0.1480171,0.143663
6/9/24 10:00,0.5326995,0.5119168
6/9/24 11:00,0.31148,0.3022961
6/9/24 12:00,0.2591434,0.2515227
6/9/24 13:00,0.4881952,0.467797
6/9/24 14:00,0.6874027,0.6135145
6/9/24 15:00,0.3709134,0.338589
6/9/24 16:00,0.06396858,0.06189891
6/9/24 17:00,0.01537027,0.01483909
6/9/24 18:00,0.000206146,0
6/9/24 19:00,0,0
6/9/24 20:00,0,0
6/9/24 21:00,0,0
6/9/24 22:00,0,0
6/9/24 23:00,0,0
6/10/24 0:00,0,0
6/10/24 1:00,0,0
6/10/24 2:00,0,0
6/10/24 3:00,0,0
6/10/24 4:00,0.000293496,0
6/10/24 5:00,0.02621763,0.02506802
6/10/24 6:00,0.06136137,0.05932948
6/10/24 7:00,0.03580153,0.03474075
6/10/24 8:00,0.08001354,0.07765178
6/10/24 9:00,0.3708051,0.358442
6/10/24 10:00,0.4637395,0.4477627
6/10/24 11:00,0.6939991,0.659626
6/10/24 12:00,0.6119168,0.584274
6/10/24 13:00,0.5861071,0.5542912
6/10/24 14:00,0.5665568,0.5188364
6/10/24 15:00,0.3846031,0.3483811
6/10/24 16:00,0.2618335,0.2167067
6/10/24 17:00,0.09028463,0.06942997
6/10/24 18:00,0.004187704,0
6/10/24 19:00,0,0
6/10/24 20:00,0,0
6/10/24 21:00,0,0
6/10/24 22:00,0,0
6/10/24 23:00,0,0
6/11/24 0:00,0,0
6/11/24 1:00,0,0
6/11/24 2:00,0,0
6/11/24 3:00,0,0
6/11/24 4:00,0.000469433,0
6/11/24 5:00,0.03367324,0.03202704
6/11/24 6:00,0.1049595,0.1010701
6/11/24 7:00,0.2279803,0.2187355
6/11/24 8:00,0.2946371,0.284417
6/11/24 9:00,0.3051878,0.2958074
6/11/24 10:00,0.3342741,0.3242331
6/11/24 11:00,0.208954,0.2028493
6/11/24 12:00,0.2929315,0.2842737
6/11/24 13:00,0.2624373,0.2545941
6/11/24 14:00,0.2146353,0.2080841
6/11/24 15:00,0.1143205,0.110793
6/11/24 16:00,0.110938,0.1070114
6/11/24 17:00,0.01751678,0.01689954
6/11/24 18:00,0.001233323,0
6/11/24 19:00,0,0
6/11/24 20:00,0,0
6/11/24 21:00,0,0
6/11/24 22:00,0,0
6/11/24 23:00,0,0
6/12/24 0:00,0,0
6/12/24 1:00,0,0
6/12/24 2:00,0,0
6/12/24 3:00,0,0
6/12/24 4:00,0.000606283,0
6/12/24 5:00,0.1213117,0.01254453
6/12/24 6:00,0.3284546,0.2185912
6/12/24 7:00,0.5465046,0.4445077
6/12/24 8:00,0.7963353,0.6971452
6/12/24 9:00,1.0254,0.9304886
6/12/24 10:00,1.078149,0.9961714
6/12/24 11:00,0.9736447,0.9063219
6/12/24 12:00,1.026752,0.9507223
6/12/24 13:00,0.7902506,0.7263352
6/12/24 14:00,0.5712371,0.5222659
6/12/24 15:00,0.5816476,0.4817786
6/12/24 16:00,0.3935666,0.2728204
6/12/24 17:00,0.1648824,0.03233313
6/12/24 18:00,0.005813854,0
6/12/24 19:00,0,0
6/12/24 20:00,0,0
6/12/24 21:00,0,0
6/12/24 22:00,0,0
6/12/24 23:00,0,0
6/13/24 0:00,0,0
6/13/24 1:00,0,0
6/13/24 2:00,0,0
6/13/24 3:00,0,0
6/13/24 4:00,0.000412751,0
6/13/24 5:00,0.107024,0.02384398
6/13/24 6:00,0.2722554,0.2007576
6/13/24 7:00,0.4889401,0.4048505
6/13/24 8:00,0.4779438,0.4440759
6/13/24 9:00,0.7059057,0.6516523
6/13/24 10:00,0.9681745,0.8950891
6/13/24 11:00,0.9363013,0.8723941
6/13/24 12:00,0.9317924,0.8642691
6/13/24 13:00,0.8589703,0.7851183
6/13/24 14:00,0.7450427,0.6595185
6/13/24 15:00,0.602335,0.4975098
6/13/24 16:00,0.4089194,0.2826642
6/13/24 17:00,0.1439058,0.04357057
6/13/24 18:00,0.006310399,0
6/13/24 19:00,0,0
6/13/24 20:00,0,0
6/13/24 21:00,0,0
6/13/24 22:00,0,0
6/13/24 23:00,0,0
6/14/24 0:00,0,0
6/14/24 1:00,0,0
6/14/24 2:00,0,0
6/14/24 3:00,0,0
6/14/24 4:00,0.000436271,0
6/14/24 5:00,0.08846653,0.04187941
6/14/24 6:00,0.3400373,0.2223914
6/14/24 7:00,0.4443036,0.3767291
6/14/24 8:00,0.7476366,0.6543461
6/14/24 9:00,1.012351,0.9177808
6/14/24 10:00,1.070489,0.9882765
6/14/24 11:00,1.111287,1.031971
6/14/24 12:00,1.081836,1.000666
6/14/24 13:00,0.7503335,0.6922905
6/14/24 14:00,0.6924738,0.61655
6/14/24 15:00,0.4280638,0.3780762
6/14/24 16:00,0.3516666,0.2516449
6/14/24 17:00,0.1510943,0.04033602
6/14/24 18:00,0.005027757,0
6/14/24 19:00,0,0
6/14/24 20:00,0,0
6/14/24 21:00,0,0
6/14/24 22:00,0,0
6/14/24 23:00,0,0
6/15/24 0:00,0,0
6/15/24 1:00,0,0
6/15/24 2:00,0,0
6/15/24 3:00,0,0
6/15/24 4:00,0.000310805,0
6/15/24 5:00,0.09437736,0.03579634
6/15/24 6:00,0.3277612,0.2164157
6/15/24 7:00,0.5601702,0.453056
6/15/24 8:00,0.6993891,0.6141551
6/15/24 9:00,0.930169,0.8435664
6/15/24 10:00,0.9848277,0.9094757
6/15/24 11:00,1.048735,0.9739137
6/15/24 12:00,1.090075,1.007941
6/15/24 13:00,0.8887641,0.8107903
6/15/24 14:00,0.7079461,0.6288578
6/15/24 15:00,0.5440257,0.4544395
6/15/24 16:00,0.3138725,0.2374725
6/15/24 17:00,0.1377442,0.05074636
6/15/24 18:00,0.006554909,0
6/15/24 19:00,0,0
6/15/24 20:00,0,0
6/15/24 21:00,0,0
6/15/24 22:00,0,0
6/15/24 23:00,0,0
6/16/24 0:00,0,0
6/16/24 1:00,0,0
6/16/24 2:00,0,0
6/16/24 3:00,0,0
6/16/24 4:00,0.000246088,0
6/16/24 5:00,0.09108564,0.0384501
6/16/24 6:00,0.2518386,0.1939989
6/16/24 7:00,0.2909717,0.2725152
6/16/24 8:00,0.6657525,0.5871091
6/16/24 9:00,0.8925692,0.8095525
6/16/24 10:00,0.7821218,0.7307996
6/16/24 11:00,1.0185,0.9458569
6/16/24 12:00,0.743369,0.6990989
6/16/24 13:00,0.6420215,0.6014295
6/16/24 14:00,0.708814,0.6294847
6/16/24 15:00,0.4047065,0.3626092
6/16/24 16:00,0.2534516,0.2144801
6/16/24 17:00,0.09290697,0.0726226
6/16/24 18:00,0.005152278,0
6/16/24 19:00,0,0
6/16/24 20:00,0,0
6/16/24 21:00,0,0
6/16/24 22:00,0,0
6/16/24 23:00,0,0
6/17/24 0:00,0,0
6/17/24 1:00,0,0
6/17/24 2:00,0,0
6/17/24 3:00,0,0
6/17/24 4:00,0.000360536,0
6/17/24 5:00,0.0579356,0.04945965
6/17/24 6:00,0.1006013,0.09690458
6/17/24 7:00,0.1575932,0.1524745
6/17/24 8:00,0.1694953,0.1643469
6/17/24 9:00,0.4383901,0.4211719
6/17/24 10:00,0.3820392,0.3701054
6/17/24 11:00,0.3489558,0.3385064
6/17/24 12:00,0.4113498,0.3982273
6/17/24 13:00,0.3152235,0.3055383
6/17/24 14:00,0.1250212,0.1212996
6/17/24 15:00,0.1408123,0.1363914
6/17/24 16:00,0.1023319,0.09878302
6/17/24 17:00,0.05278093,0.05013324
6/17/24 18:00,0.002104837,0
6/17/24 19:00,0,0
6/17/24 20:00,0,0
6/17/24 21:00,0,0
6/17/24 22:00,0,0
6/17/24 23:00,0,0
6/18/24 0:00,0,0
6/18/24 1:00,0,0
6/18/24 2:00,0,0
6/18/24 3:00,0,0
6/18/24 4:00,0.00040326,0
6/18/24 5:00,0.08634904,0.04152636
6/18/24 6:00,0.2340139,0.1878864
6/18/24 7:00,0.3283108,0.3007724
6/18/24 8:00,0.4682554,0.4355806
6/18/24 9:00,0.4666453,0.4468127
6/18/24 10:00,0.642494,0.6096642
6/18/24 11:00,0.870634,0.813141
6/18/24 12:00,0.876363,0.8143173
6/18/24 13:00,0.6360665,0.5963462
6/18/24 14:00,0.5714562,0.522297
6/18/24 15:00,0.4359156,0.3836335
6/18/24 16:00,0.2564465,0.2163794
6/18/24 17:00,0.1115916,0.07074649
6/18/24 18:00,0.006390692,0
6/18/24 19:00,0,0
6/18/24 20:00,0,0
6/18/24 21:00,0,0
6/18/24 22:00,0,0
6/18/24 23:00,0,0
6/19/24 0:00,0,0
6/19/24 1:00,0,0
6/19/24 2:00,0,0
6/19/24 3:00,0,0
6/19/24 4:00,0.000313754,0
6/19/24 5:00,0.06329334,0.05036223
6/19/24 6:00,0.1934194,0.170149
6/19/24 7:00,0.4154834,0.3576067
6/19/24 8:00,0.5907242,0.5290712
6/19/24 9:00,0.6345124,0.5914178
6/19/24 10:00,0.8747993,0.8105845
6/19/24 11:00,0.8840388,0.8248284
6/19/24 12:00,0.8610484,0.800854
6/19/24 13:00,0.7972146,0.7313603
6/19/24 14:00,0.5088841,0.4731075
6/19/24 15:00,0.3476141,0.3217642
6/19/24 16:00,0.1731384,0.1631395
6/19/24 17:00,0.07167833,0.06525268
6/19/24 18:00,0.003770381,0
6/19/24 19:00,0,0
6/19/24 20:00,0,0
6/19/24 21:00,0,0
6/19/24 22:00,0,0
6/19/24 23:00,0,0
6/20/24 0:00,0,0
6/20/24 1:00,0,0
6/20/24 2:00,0,0
6/20/24 3:00,0,0
6/20/24 4:00,0.000363243,0
6/20/24 5:00,0.07020345,0.04961629
6/20/24 6:00,0.2444272,0.1901709
6/20/24 7:00,0.2246862,0.2155036
6/20/24 8:00,0.392555,0.3725998
6/20/24 9:00,0.3026866,0.2933492
6/20/24 10:00,0.3341466,0.3240679
6/20/24 11:00,0.1453312,0.141097
6/20/24 12:00,0.379609,0.3678729
6/20/24 13:00,0.4585919,0.4406041
6/20/24 14:00,0.2802321,0.2711287
6/20/24 15:00,0.1180716,0.1144212
6/20/24 16:00,0.1331035,0.1279671
6/20/24 17:00,0.09098641,0.07395729
6/20/24 18:00,0.005704949,0
6/20/24 19:00,0,0
6/20/24 20:00,0,0
6/20/24 21:00,0,0
6/20/24 22:00,0,0
6/20/24 23:00,0,0
6/21/24 0:00,0,0
6/21/24 1:00,0,0
6/21/24 2:00,0,0
6/21/24 3:00,0,0
6/21/24 4:00,0.00016819,0
6/21/24 5:00,0.09208366,0.03389861
6/21/24 6:00,0.2939182,0.2017438
6/21/24 7:00,0.504629,0.4118616
6/21/24 8:00,0.567987,0.5116771
6/21/24 9:00,0.802299,0.7303057
6/21/24 10:00,0.8683964,0.804807
6/21/24 11:00,0.8047397,0.7553375
6/21/24 12:00,0.678313,0.6423277
6/21/24 13:00,0.8335117,0.7623697
6/21/24 14:00,0.7583378,0.67031
6/21/24 15:00,0.4703591,0.4064611
6/21/24 16:00,0.3913999,0.273702
6/21/24 17:00,0.1306122,0.06297356
6/21/24 18:00,0.007998229,0
6/21/24 19:00,0,0
6/21/24 20:00,0,0
6/21/24 21:00,0,0
6/21/24 22:00,0,0
6/21/24 23:00,0,0
6/22/24 0:00,0,0
6/22/24 1:00,0,0
6/22/24 2:00,0,0
6/22/24 3:00,0,0
6/22/24 4:00,0.000218033,0
6/22/24 5:00,0.09154092,0.03358467
6/22/24 6:00,0.235802,0.1868431
6/22/24 7:00,0.43453,0.3682212
6/22/24 8:00,0.738043,0.64408
6/22/24 9:00,0.8359624,0.7589715
6/22/24 10:00,0.8341137,0.7749776
6/22/24 11:00,0.818929,0.7677075
6/22/24 12:00,0.6271207,0.5972243
6/22/24 13:00,0.5027767,0.4806969
6/22/24 14:00,0.2738926,0.2650929
6/22/24 15:00,0.3329317,0.3105971
6/22/24 16:00,0.2951624,0.2334229
6/22/24 17:00,0.108543,0.07450865
6/22/24 18:00,0.004504865,0
6/22/24 19:00,0,0
6/22/24 20:00,0,0
6/22/24 21:00,0,0
6/22/24 22:00,0,0
6/22/24 23:00,0,0
6/23/24 0:00,0,0
6/23/24 1:00,0,0
6/23/24 2:00,0,0
6/23/24 3:00,0,0
6/23/24 4:00,0.000182199,0
6/23/24 5:00,0.08122154,0.0421706
6/23/24 6:00,0.2102619,0.1773344
6/23/24 7:00,0.5405244,0.4360194
6/23/24 8:00,0.8063194,0.7023722
6/23/24 9:00,0.8195532,0.7448503
6/23/24 10:00,0.9910244,0.9139881
6/23/24 11:00,1.073424,0.9958366
6/23/24 12:00,1.105235,1.021248
6/23/24 13:00,0.9979607,0.9086623
6/23/24 14:00,0.7849088,0.6931252
6/23/24 15:00,0.6356064,0.5248379
6/23/24 16:00,0.367911,0.2623458
6/23/24 17:00,0.1272198,0.06703778
6/23/24 18:00,0.007142137,0
6/23/24 19:00,0,0
6/23/24 20:00,0,0
6/23/24 21:00,0,0
6/23/24 22:00,0,0
6/23/24 23:00,0,0
6/24/24 0:00,0,0
6/24/24 1:00,0,0
6/24/24 2:00,0,0
6/24/24 3:00,0,0
6/24/24 4:00,0.000139359,0
6/24/24 5:00,0.07522584,0.04546686
6/24/24 6:00,0.231998,0.1848833
6/24/24 7:00,0.5106494,0.4151225
6/24/24 8:00,0.7215184,0.6301965
6/24/24 9:00,0.7950912,0.7240598
6/24/24 10:00,0.7916585,0.7383752
6/24/24 11:00,0.8363832,0.7830312
6/24/24 12:00,0.8614052,0.8013428
6/24/24 13:00,0.7164356,0.6639448
6/24/24 14:00,0.7136134,0.6340549
6/24/24 15:00,0.4701313,0.4070179
6/24/24 16:00,0.2321145,0.2051555
6/24/24 17:00,0.1298496,0.06632044
6/24/24 18:00,0.007918863,0
6/24/24 19:00,0,0
6/24/24 20:00,0,0
6/24/24 21:00,0,0
6/24/24 22:00,0,0
6/24/24 23:00,0,0
6/25/24 0:00,0,0
6/25/24 1:00,0,0
6/25/24 2:00,0,0
6/25/24 3:00,0,0
6/25/24 4:00,0.000108147,0
6/25/24 5:00,0.01824015,0.01751451
6/25/24 6:00,0.1338852,0.1270784
6/25/24 7:00,0.1702969,0.1646322
6/25/24 8:00,0.1697079,0.1645456
6/25/24 9:00,0.07735397,0.07509322
6/25/24 10:00,0.1976037,0.1918055
6/25/24 11:00,0.0997583,0.09685743
6/25/24 12:00,0.2996193,0.2907389
6/25/24 13:00,0.257917,0.2502135
6/25/24 14:00,0.119304,0.1157598
6/25/24 15:00,0.07659777,0.07428987
6/25/24 16:00,0.0814736,0.07877224
6/25/24 17:00,0.02060373,0.01987496
6/25/24 18:00,0.001844089,0
6/25/24 19:00,0,0
6/25/24 20:00,0,0
6/25/24 21:00,0,0
6/25/24 22:00,0,0
6/25/24 23:00,0,0
6/26/24 0:00,0,0
6/26/24 1:00,0,0
6/26/24 2:00,0,0
6/26/24 3:00,0,0
6/26/24 4:00,3.01485E-05,0
6/26/24 5:00,0.003468431,0.003361024
6/26/24 6:00,0.0810041,0.07814339
6/26/24 7:00,0.1249312,0.1209695
6/26/24 8:00,0.3904385,0.3705458
6/26/24 9:00,0.5875274,0.551843
6/26/24 10:00,0.4060152,0.3929651
6/26/24 11:00,0.2819121,0.2736149
6/26/24 12:00,0.2721618,0.264133
6/26/24 13:00,0.4931709,0.4722006
6/26/24 14:00,0.5063687,0.4717085
6/26/24 15:00,0.274594,0.2620012
6/26/24 16:00,0.2617805,0.2210662
6/26/24 17:00,0.06362513,0.05976059
6/26/24 18:00,0.006553791,0
6/26/24 19:00,0,0
6/26/24 20:00,0,0
6/26/24 21:00,0,0
6/26/24 22:00,0,0
6/26/24 23:00,0,0
6/27/24 0:00,0,0
6/27/24 1:00,0,0
6/27/24 2:00,0,0
6/27/24 3:00,0,0
6/27/24 4:00,6.64209E-05,0
6/27/24 5:00,0.05215905,0.04536369
6/27/24 6:00,0.1831366,0.1627722
6/27/24 7:00,0.2097622,0.2017353
6/27/24 8:00,0.1522025,0.1476009
6/27/24 9:00,0.06559902,0.0636839
6/27/24 10:00,0.1501507,0.1457636
6/27/24 11:00,0.5194312,0.5005845
6/27/24 12:00,0.4259942,0.4121942
6/27/24 13:00,0.3748786,0.3625718
6/27/24 14:00,0.2702204,0.2616132
6/27/24 15:00,0.1437112,0.139205
6/27/24 16:00,0.142108,0.1363667
6/27/24 17:00,0.05454247,0.0518915
6/27/24 18:00,0.005082782,0
6/27/24 19:00,0,0
6/27/24 20:00,0,0
6/27/24 21:00,0,0
6/27/24 22:00,0,0
6/27/24 23:00,0,0
6/28/24 0:00,0,0
6/28/24 1:00,0,0
6/28/24 2:00,0,0
6/28/24 3:00,0,0
6/28/24 4:00,4.62173E-05,0
6/28/24 5:00,0.07152177,0.04457332
6/28/24 6:00,0.2810884,0.1948959
6/28/24 7:00,0.430584,0.3646844
6/28/24 8:00,0.7433101,0.6485505
6/28/24 9:00,0.8362519,0.7595516
6/28/24 10:00,0.8844003,0.8193243
6/28/24 11:00,0.7649036,0.7210868
6/28/24 12:00,1.013815,0.9384173
6/28/24 13:00,0.848008,0.7762225
6/28/24 14:00,0.6640249,0.5957077
6/28/24 15:00,0.2309977,0.2225227
6/28/24 16:00,0.2045367,0.1879205
6/28/24 17:00,0.09665567,0.07744389
6/28/24 18:00,0.005467391,0
6/28/24 19:00,0,0
6/28/24 20:00,0,0
6/28/24 21:00,0,0
6/28/24 22:00,0,0
6/28/24 23:00,0,0
6/29/24 0:00,0,0
6/29/24 1:00,0,0
6/29/24 2:00,0,0
6/29/24 3:00,0,0
6/29/24 4:00,0.00002495,0
6/29/24 5:00,0.09767113,0.02012529
6/29/24 6:00,0.294693,0.1978983
6/29/24 7:00,0.5282083,0.4266706
6/29/24 8:00,0.6510968,0.5741257
6/29/24 9:00,0.3498114,0.3383787
6/29/24 10:00,0.8277272,0.7700916
6/29/24 11:00,0.7846845,0.7385506
6/29/24 12:00,0.8627602,0.8035517
6/29/24 13:00,0.8466742,0.7754094
6/29/24 14:00,0.8418622,0.7446188
6/29/24 15:00,0.5109295,0.4353954
6/29/24 16:00,0.3602126,0.2618806
6/29/24 17:00,0.1528339,0.05621034
6/29/24 18:00,0.00878871,0
6/29/24 19:00,0,0
6/29/24 20:00,0,0
6/29/24 21:00,0,0
6/29/24 22:00,0,0
6/29/24 23:00,0,0
6/30/24 0:00,0,0
6/30/24 1:00,0,0
6/30/24 2:00,0,0
6/30/24 3:00,0,0
6/30/24 4:00,7.71788E-06,0
6/30/24 5:00,0.07219577,0.04259406
6/30/24 6:00,0.1870079,0.164354
6/30/24 7:00,0.3118961,0.2874647
6/30/24 8:00,0.4657993,0.4328996
6/30/24 9:00,0.5783948,0.5442861
6/30/24 10:00,0.6244873,0.5939342
6/30/24 11:00,0.689367,0.6549602
6/30/24 12:00,0.7626457,0.7166818
6/30/24 13:00,0.8917481,0.8152531
6/30/24 14:00,0.6045403,0.5499433
6/30/24 15:00,0.5686144,0.4758738
6/30/24 16:00,0.2860821,0.2329504
6/30/24 17:00,0.1165473,0.0765859
6/30/24 18:00,0.008129262,0
6/30/24 19:00,0,0
6/30/24 20:00,0,0
6/30/24 21:00,0,0
6/30/24 22:00,0,0
6/30/24 23:00,0,0
7/1/24 0:00,0,0
7/1/24 1:00,0,0
7/1/24 2:00,0,0
7/1/24 3:00,0,0
7/1/24 4:00,2.48386E-06,0
7/1/24 5:00,0.03600292,0.03395592
7/1/24 6:00,0.1248406,0.1190151
7/1/24 7:00,0.3937139,0.3421849
7/1/24 8:00,0.3339019,0.3204086
7/1/24 9:00,0.382753,0.3694914
7/1/24 10:00,0.5132165,0.4935573
7/1/24 11:00,0.4535689,0.4387681
7/1/24 12:00,0.6706762,0.6365474
7/1/24 13:00,0.4796128,0.4601921
7/1/24 14:00,0.3252704,0.3137732
7/1/24 15:00,0.1597054,0.1546574
7/1/24 16:00,0.09399986,0.09082959
7/1/24 17:00,0.0247135,0.02381462
7/1/24 18:00,0.001975754,0
7/1/24 19:00,0,0
7/1/24 20:00,0,0
7/1/24 21:00,0,0
7/1/24 22:00,0,0
7/1/24 23:00,0,0
7/2/24 0:00,0,0
7/2/24 1:00,0,0
7/2/24 2:00,0,0
7/2/24 3:00,0,0
7/2/24 4:00,2.90519E-08,0
7/2/24 5:00,0.02450418,0.02339619
7/2/24 6:00,0.03136561,0.03038578
7/2/24 7:00,0.01985943,0.01927514
7/2/24 8:00,0.1940766,0.1881248
7/2/24 9:00,0.1587364,0.1540524
7/2/24 10:00,0.2099677,0.2038066
7/2/24 11:00,0.3182523,0.3088447
7/2/24 12:00,0.2325098,0.2256889
7/2/24 13:00,0.2247232,0.2180618
7/2/24 14:00,0.2999634,0.2899765
7/2/24 15:00,0.1683438,0.1629966
7/2/24 16:00,0.1420527,0.1363962
7/2/24 17:00,0.09516702,0.07800987
7/2/24 18:00,0.001568157,0
7/2/24 19:00,0,0
7/2/24 20:00,0,0
7/2/24 21:00,0,0
7/2/24 22:00,0,0
7/2/24 23:00,0,0
7/3/24 0:00,0,0
7/3/24 1:00,0,0
7/3/24 2:00,0,0
7/3/24 3:00,0,0
7/3/24 4:00,0,0
7/3/24 5:00,0.022628,0.02163263
7/3/24 6:00,0.07799316,0.07524507
7/3/24 7:00,0.1499727,0.1451125
7/3/24 8:00,0.1631609,0.1582137
7/3/24 9:00,0.3545234,0.3428787
7/3/24 10:00,0.6065993,0.5783595
7/3/24 11:00,0.33861,0.3285451
7/3/24 12:00,0.2536919,0.246238
7/3/24 13:00,0.4513219,0.4343531
7/3/24 14:00,0.3742639,0.3590173
7/3/24 15:00,0.242221,0.2330129
7/3/24 16:00,0.1792754,0.1689214
7/3/24 17:00,0.09190999,0.07724482
7/3/24 18:00,0.00422361,0
7/3/24 19:00,0,0
7/3/24 20:00,0,0
7/3/24 21:00,0,0
7/3/24 22:00,0,0
7/3/24 23:00,0,0
7/4/24 0:00,0,0
7/4/24 1:00,0,0
7/4/24 2:00,0,0
7/4/24 3:00,0,0
7/4/24 4:00,0,0
7/4/24 5:00,0.01232797,0.01187509
7/4/24 6:00,0.05266291,0.05092634
7/4/24 7:00,0.151409,0.1464968
7/4/24 8:00,0.2612249,0.2526746
7/4/24 9:00,0.2861302,0.2774252
7/4/24 10:00,0.1542256,0.1497232
7/4/24 11:00,0.2117791,0.2055947
7/4/24 12:00,0.1858061,0.1803791
7/4/24 13:00,0.150673,0.1462525
7/4/24 14:00,0.1895678,0.1838489
7/4/24 15:00,0.1649143,0.1596963
7/4/24 16:00,0.07961902,0.07700775
7/4/24 17:00,0.02606433,0.02510919
7/4/24 18:00,0.001221942,0
7/4/24 19:00,0,0
7/4/24 20:00,0,0
7/4/24 21:00,0,0
7/4/24 22:00,0,0
7/4/24 23:00,0,0
7/5/24 0:00,0,0
7/5/24 1:00,0,0
7/5/24 2:00,0,0
7/5/24 3:00,0,0
7/5/24 4:00,0,0
7/5/24 5:00,0.06913929,0.03985983
7/5/24 6:00,0.1117223,0.1071307
7/5/24 7:00,0.3524861,0.3157243
7/5/24 8:00,0.5537528,0.5010513
7/5/24 9:00,0.6022107,0.5649948
7/5/24 10:00,0.9096804,0.844116
7/5/24 11:00,0.801704,0.7551174
7/5/24 12:00,0.6002294,0.5743176
7/5/24 13:00,0.5649326,0.5369818
7/5/24 14:00,0.3400284,0.3276476
7/5/24 15:00,0.470778,0.4112962
7/5/24 16:00,0.4179374,0.2977037
7/5/24 17:00,0.1532424,0.06038507
7/5/24 18:00,0.008195706,0
7/5/24 19:00,0,0
7/5/24 20:00,0,0
7/5/24 21:00,0,0
7/5/24 22:00,0,0
7/5/24 23:00,0,0
7/6/24 0:00,0,0
7/6/24 1:00,0,0
7/6/24 2:00,0,0
7/6/24 3:00,0,0
7/6/24 4:00,0,0
7/6/24 5:00,0.03430205,0.03233089
7/6/24 6:00,0.2406486,0.1824275
7/6/24 7:00,0.5024927,0.4097035
7/6/24 8:00,0.6056117,0.5405262
7/6/24 9:00,0.5830092,0.5488976
7/6/24 10:00,0.7267407,0.6844939
7/6/24 11:00,0.454998,0.4402731
7/6/24 12:00,0.1219692,0.1184211
7/6/24 13:00,0.1115951,0.1083351
7/6/24 14:00,0.04691817,0.04554627
7/6/24 15:00,0.09467449,0.09180489
7/6/24 16:00,0.07096797,0.06867793
7/6/24 17:00,0.08420191,0.07427595
7/6/24 18:00,0.008291978,0
7/6/24 19:00,0,0
7/6/24 20:00,0,0
7/6/24 21:00,0,0
7/6/24 22:00,0,0
7/6/24 23:00,0,0
7/7/24 0:00,0,0
7/7/24 1:00,0,0
7/7/24 2:00,0,0
7/7/24 3:00,0,0
7/7/24 4:00,0,0
7/7/24 5:00,0.05805349,0.04261781
7/7/24 6:00,0.1174459,0.1122887
7/7/24 7:00,0.2314185,0.2212456
7/7/24 8:00,0.2859632,0.2760886
7/7/24 9:00,0.5879404,0.5532674
7/7/24 10:00,0.8646585,0.8052197
7/7/24 11:00,0.4508154,0.4363332
7/7/24 12:00,0.8448784,0.791117
7/7/24 13:00,0.6029492,0.5706083
7/7/24 14:00,0.4121842,0.3933344
7/7/24 15:00,0.4555815,0.4019459
7/7/24 16:00,0.3972141,0.2861356
7/7/24 17:00,0.1266513,0.07550073
7/7/24 18:00,0.009224181,0
7/7/24 19:00,0,0
7/7/24 20:00,0,0
7/7/24 21:00,0,0
7/7/24 22:00,0,0
7/7/24 23:00,0,0
7/8/24 0:00,0,0
7/8/24 1:00,0,0
7/8/24 2:00,0,0
7/8/24 3:00,0,0
7/8/24 4:00,0,0
7/8/24 5:00,0.000230053,0.000223296
7/8/24 6:00,0.03745664,0.03626725
7/8/24 7:00,0.06118044,0.05933473
7/8/24 8:00,0.1293772,0.1255034
7/8/24 9:00,0.1179503,0.1144936
7/8/24 10:00,0.1623787,0.157641
7/8/24 11:00,0.1184064,0.1149674
7/8/24 12:00,0.1576796,0.1530879
7/8/24 13:00,0.1167264,0.1133169
7/8/24 14:00,0.07021126,0.06815225
7/8/24 15:00,0.0347676,0.03374356
7/8/24 16:00,0.05332553,0.05165512
7/8/24 17:00,0.02395539,0.02309787
7/8/24 18:00,0.000932558,0
7/8/24 19:00,0,0
7/8/24 20:00,0,0
7/8/24 21:00,0,0
7/8/24 22:00,0,0
7/8/24 23:00,0,0
7/9/24 0:00,0,0
7/9/24 1:00,0,0
7/9/24 2:00,0,0
7/9/24 3:00,0,0
7/9/24 4:00,0,0
7/9/24 5:00,0.06271172,0.03970259
7/9/24 6:00,0.1418458,0.1329119
7/9/24 7:00,0.2668984,0.2517784
7/9/24 8:00,0.1917663,0.1859077
7/9/24 9:00,0.3178238,0.3079401
7/9/24 10:00,0.2715898,0.2635969
7/9/24 11:00,0.3332096,0.3233688
7/9/24 12:00,0.2843144,0.2759648
7/9/24 13:00,0.5387844,0.5144899
7/9/24 14:00,0.4951416,0.4649523
7/9/24 15:00,0.2657094,0.2546281
7/9/24 16:00,0.184356,0.1733699
7/9/24 17:00,0.04303366,0.04122239
7/9/24 18:00,0.002006617,0
7/9/24 19:00,0,0
7/9/24 20:00,0,0
7/9/24 21:00,0,0
7/9/24 22:00,0,0
7/9/24 23:00,0,0
7/10/24 0:00,0,0
7/10/24 1:00,0,0
7/10/24 2:00,0,0
7/10/24 3:00,0,0
7/10/24 4:00,0,0
7/10/24 5:00,0.09105073,0.01334187
7/10/24 6:00,0.2803011,0.1903258
7/10/24 7:00,0.4723471,0.3908386
7/10/24 8:00,0.4066807,0.3847375
7/10/24 9:00,0.7772827,0.7135951
7/10/24 10:00,0.9949024,0.924526
7/10/24 11:00,0.9225463,0.8651749
7/10/24 12:00,0.8398812,0.788391
7/10/24 13:00,0.5870876,0.5575137
7/10/24 14:00,0.3902665,0.373992
7/10/24 15:00,0.3145722,0.2973488
7/10/24 16:00,0.1489743,0.1428486
7/10/24 17:00,0.08928137,0.07679559
7/10/24 18:00,0.007971502,0
7/10/24 19:00,0,0
7/10/24 20:00,0,0
7/10/24 21:00,0,0
7/10/24 22:00,0,0
7/10/24 23:00,0,0
7/11/24 0:00,0,0
7/11/24 1:00,0,0
7/11/24 2:00,0,0
7/11/24 3:00,0,0
7/11/24 4:00,0,0
7/11/24 5:00,0.05667323,0.04023475
7/11/24 6:00,0.1274528,0.1209551
7/11/24 7:00,0.3929267,0.3417823
7/11/24 8:00,0.5111097,0.4696099
7/11/24 9:00,0.6931046,0.6429816
7/11/24 10:00,0.7912874,0.74286
7/11/24 11:00,0.953217,0.8936849
7/11/24 12:00,1.050056,0.9799256
7/11/24 13:00,0.8347179,0.7717571
7/11/24 14:00,0.4668561,0.4415018
7/11/24 15:00,0.6252348,0.5270014
7/11/24 16:00,0.4135938,0.2995047
7/11/24 17:00,0.1121418,0.08017987
7/11/24 18:00,0.01039808,0
7/11/24 19:00,0,0
7/11/24 20:00,0,0
7/11/24 21:00,0,0
7/11/24 22:00,0,0
7/11/24 23:00,0,0
7/12/24 0:00,0,0
7/12/24 1:00,0,0
7/12/24 2:00,0,0
7/12/24 3:00,0,0
7/12/24 4:00,0,0
7/12/24 5:00,0.0421525,0.03735681
7/12/24 6:00,0.1343998,0.1267419
7/12/24 7:00,0.09945312,0.09637096
7/12/24 8:00,0.2193296,0.2125554
7/12/24 9:00,0.3399749,0.3291783
7/12/24 10:00,0.3120264,0.3027933
7/12/24 11:00,0.2972527,0.2885547
7/12/24 12:00,0.5348958,0.5153632
7/12/24 13:00,0.3442292,0.3336084
7/12/24 14:00,0.2387238,0.23145
7/12/24 15:00,0.1039069,0.1007534
7/12/24 16:00,0.11125,0.1074362
7/12/24 17:00,0.04315051,0.04134007
7/12/24 18:00,0.000719287,0
7/12/24 19:00,0,0
7/12/24 20:00,0,0
7/12/24 21:00,0,0
7/12/24 22:00,0,0
7/12/24 23:00,0,0
7/13/24 0:00,0,0
7/13/24 1:00,0,0
7/13/24 2:00,0,0
7/13/24 3:00,0,0
7/13/24 4:00,0,0
7/13/24 5:00,0.04479741,0.03830147
7/13/24 6:00,0.2959826,0.1948627
7/13/24 7:00,0.4605121,0.3841909
7/13/24 8:00,0.6714597,0.5953295
7/13/24 9:00,0.8341128,0.7648668
7/13/24 10:00,0.8630124,0.8074809
7/13/24 11:00,0.9747571,0.9149959
7/13/24 12:00,0.6854844,0.6529356
7/13/24 13:00,0.7832902,0.7284317
7/13/24 14:00,0.5875379,0.5418103
7/13/24 15:00,0.4324732,0.3884575
7/13/24 16:00,0.2196732,0.2001383
7/13/24 17:00,0.09228061,0.07794335
7/13/24 18:00,0.005795115,0
7/13/24 19:00,0,0
7/13/24 20:00,0,0
7/13/24 21:00,0,0
7/13/24 22:00,0,0
7/13/24 23:00,0,0
7/14/24 0:00,0,0
7/14/24 1:00,0,0
7/14/24 2:00,0,0
7/14/24 3:00,0,0
7/14/24 4:00,0,0
7/14/24 5:00,0.0278678,0.0264345
7/14/24 6:00,0.1073918,0.1030397
7/14/24 7:00,0.2518514,0.2390991
7/14/24 8:00,0.3729185,0.3557294
7/14/24 9:00,0.4422477,0.4252978
7/14/24 10:00,0.4148535,0.4017764
7/14/24 11:00,0.2361651,0.2292923
7/14/24 12:00,0.2688507,0.2609942
7/14/24 13:00,0.2610081,0.253294
7/14/24 14:00,0.1549893,0.1503828
7/14/24 15:00,0.2028126,0.1961749
7/14/24 16:00,0.05365978,0.05198495
7/14/24 17:00,0.02895569,0.02787951
7/14/24 18:00,0.003100466,0
7/14/24 19:00,0,0
7/14/24 20:00,0,0
7/14/24 21:00,0,0
7/14/24 22:00,0,0
7/14/24 23:00,0,0
7/15/24 0:00,0,0
7/15/24 1:00,0,0
7/15/24 2:00,0,0
7/15/24 3:00,0,0
7/15/24 4:00,0,0
7/15/24 5:00,0.05882448,0.03614023
7/15/24 6:00,0.1016427,0.09770242
7/15/24 7:00,0.1782921,0.1722369
7/15/24 8:00,0.4475594,0.4195934
7/15/24 9:00,0.5966496,0.5627918
7/15/24 10:00,0.8318143,0.7811636
7/15/24 11:00,0.8855123,0.8354467
7/15/24 12:00,0.8162068,0.770591
7/15/24 13:00,0.8624753,0.7996523
7/15/24 14:00,0.6780368,0.6163531
7/15/24 15:00,0.5122145,0.4451847
7/15/24 16:00,0.327671,0.2568111
7/15/24 17:00,0.1429009,0.06889506
7/15/24 18:00,0.006672263,0
7/15/24 19:00,0,0
7/15/24 20:00,0,0
7/15/24 21:00,0,0
7/15/24 22:00,0,0
7/15/24 23:00,0,0
7/16/24 0:00,0,0
7/16/24 1:00,0,0
7/16/24 2:00,0,0
7/16/24 3:00,0,0
7/16/24 4:00,0,0
7/16/24 5:00,0.03109813,0.02921496
7/16/24 6:00,0.07662887,0.07392849
7/16/24 7:00,0.2967021,0.275809
7/16/24 8:00,0.6071877,0.5460449
7/16/24 9:00,0.4557834,0.4379329
7/16/24 10:00,0.6622357,0.6310736
7/16/24 11:00,0.8786325,0.830021
7/16/24 12:00,1.011902,0.9494028
7/16/24 13:00,0.8114077,0.7553471
7/16/24 14:00,0.6302687,0.5781034
7/16/24 15:00,0.6390744,0.5433396
7/16/24 16:00,0.390136,0.2890428
7/16/24 17:00,0.1317511,0.07417276
7/16/24 18:00,0.006674716,0
7/16/24 19:00,0,0
7/16/24 20:00,0,0
7/16/24 21:00,0,0
7/16/24 22:00,0,0
7/16/24 23:00,0,0
7/17/24 0:00,0,0
7/17/24 1:00,0,0
7/17/24 2:00,0,0
7/17/24 3:00,0,0
7/17/24 4:00,0,0
7/17/24 5:00,0.04751114,0.03736889
7/17/24 6:00,0.1708662,0.152369
7/17/24 7:00,0.3170349,0.291266
7/17/24 8:00,0.3148659,0.3032683
7/17/24 9:00,0.4044397,0.3903788
7/17/24 10:00,0.6338,0.6058227
7/17/24 11:00,0.7428631,0.7081607
7/17/24 12:00,0.5195994,0.5017127
7/17/24 13:00,0.4659197,0.4490887
7/17/24 14:00,0.1858748,0.1803275
7/17/24 15:00,0.2230629,0.2154372
7/17/24 16:00,0.3101132,0.249957
7/17/24 17:00,0.08815797,0.07613807
7/17/24 18:00,0.005158224,0
7/17/24 19:00,0,0
7/17/24 20:00,0,0
7/17/24 21:00,0,0
7/17/24 22:00,0,0
7/17/24 23:00,0,0
7/18/24 0:00,0,0
7/18/24 1:00,0,0
7/18/24 2:00,0,0
7/18/24 3:00,0,0
7/18/24 4:00,0,0
7/18/24 5:00,0.03903183,0.03448451
7/18/24 6:00,0.2430031,0.1797689
7/18/24 7:00,0.3663256,0.3258211
7/18/24 8:00,0.6008739,0.5423152
7/18/24 9:00,0.900768,0.829367
7/18/24 10:00,0.7394315,0.7010057
7/18/24 11:00,0.814872,0.7738793
7/18/24 12:00,0.9046948,0.8528407
7/18/24 13:00,0.8305432,0.7740824
7/18/24 14:00,0.8417649,0.7605166
7/18/24 15:00,0.5907704,0.5061055
7/18/24 16:00,0.336037,0.2622553
7/18/24 17:00,0.1331541,0.07325091
7/18/24 18:00,0.005556918,0
7/18/24 19:00,0,0
7/18/24 20:00,0,0
7/18/24 21:00,0,0
7/18/24 22:00,0,0
7/18/24 23:00,0,0
7/19/24 0:00,0,0
7/19/24 1:00,0,0
7/19/24 2:00,0,0
7/19/24 3:00,0,0
7/19/24 4:00,0,0
7/19/24 5:00,0.01351137,0.01297593
7/19/24 6:00,0.06306476,0.06092425
7/19/24 7:00,0.1962465,0.189162
7/19/24 8:00,0.2328834,0.225664
7/19/24 9:00,0.3534218,0.3421968
7/19/24 10:00,0.2487568,0.2415054
7/19/24 11:00,0.2306927,0.2240047
7/19/24 12:00,0.2078616,0.2018295
7/19/24 13:00,0.1614782,0.1567694
7/19/24 14:00,0.1969139,0.1910352
7/19/24 15:00,0.1094805,0.1061668
7/19/24 16:00,0.06439205,0.06235875
7/19/24 17:00,0.02507821,0.02417806
7/19/24 18:00,0.004486358,0
7/19/24 19:00,0,0
7/19/24 20:00,0,0
7/19/24 21:00,0,0
7/19/24 22:00,0,0
7/19/24 23:00,0,0
7/20/24 0:00,0,0
7/20/24 1:00,0,0
7/20/24 2:00,0,0
7/20/24 3:00,0,0
7/20/24 4:00,0,0
7/20/24 5:00,0.000703992,0.000683101
7/20/24 6:00,0.004687678,0.004549656
7/20/24 7:00,0.02308694,0.02240779
7/20/24 8:00,0.03194423,0.0310115
7/20/24 9:00,0.01850258,0.01796375
7/20/24 10:00,0.09887506,0.09600849
7/20/24 11:00,0.1770164,0.1718937
7/20/24 12:00,0.05676952,0.05512304
7/20/24 13:00,0.06542368,0.06352324
7/20/24 14:00,0.09776686,0.09490056
7/20/24 15:00,0.07329097,0.07110881
7/20/24 16:00,0.02546624,0.02470353
7/20/24 17:00,0.06374947,0.06006829
7/20/24 18:00,0.002183016,0
7/20/24 19:00,0,0
7/20/24 20:00,0,0
7/20/24 21:00,0,0
7/20/24 22:00,0,0
7/20/24 23:00,0,0
7/21/24 0:00,0,0
7/21/24 1:00,0,0
7/21/24 2:00,0,0
7/21/24 3:00,0,0
7/21/24 4:00,0,0
7/21/24 5:00,0.06289716,0.02616232
7/21/24 6:00,0.2912644,0.1943885
7/21/24 7:00,0.4951647,0.4121975
7/21/24 8:00,0.7041675,0.6293883
7/21/24 9:00,0.7726218,0.717943
7/21/24 10:00,0.7466148,0.7093567
7/21/24 11:00,0.8319364,0.7917254
7/21/24 12:00,0.8421492,0.7987705
7/21/24 13:00,0.8250655,0.7721885
7/21/24 14:00,0.7438817,0.6774298
7/21/24 15:00,0.4462442,0.4019393
7/21/24 16:00,0.3560087,0.2740002
7/21/24 17:00,0.1303795,0.07360294
7/21/24 18:00,0.006015328,0
7/21/24 19:00,0,0
7/21/24 20:00,0,0
7/21/24 21:00,0,0
7/21/24 22:00,0,0
7/21/24 23:00,0,0
7/22/24 0:00,0,0
7/22/24 1:00,0,0
7/22/24 2:00,0,0
7/22/24 3:00,0,0
7/22/24 4:00,0,0
7/22/24 5:00,0.0684469,0.01915051
7/22/24 6:00,0.2399602,0.1786807
7/22/24 7:00,0.5050693,0.420254
7/22/24 8:00,0.7391766,0.6608678
7/22/24 9:00,0.9409615,0.8710914
7/22/24 10:00,1.038483,0.9779072
7/22/24 11:00,1.05365,0.9984039
7/22/24 12:00,1.072751,1.013812
7/22/24 13:00,1.003138,0.9365976
7/22/24 14:00,0.6192017,0.5732271
7/22/24 15:00,0.5374857,0.4691309
7/22/24 16:00,0.3980564,0.2993819
7/22/24 17:00,0.146672,0.06608856
7/22/24 18:00,0.00527922,0
7/22/24 19:00,0,0
7/22/24 20:00,0,0
7/22/24 21:00,0,0
7/22/24 22:00,0,0
7/22/24 23:00,0,0
7/23/24 0:00,0,0
7/23/24 1:00,0,0
7/23/24 2:00,0,0
7/23/24 3:00,0,0
7/23/24 4:00,0,0
7/23/24 5:00,0.004530423,0.004382909
7/23/24 6:00,0.04710689,0.04557637
7/23/24 7:00,0.1057619,0.1024947
7/23/24 8:00,0.2605524,0.2522492
7/23/24 9:00,0.2148111,0.2085037
7/23/24 10:00,0.09098572,0.08835033
7/23/24 11:00,0.07984561,0.07753485
7/23/24 12:00,0.1999024,0.1941198
7/23/24 13:00,0.1147619,0.1114299
7/23/24 14:00,0.08201017,0.07961375
7/23/24 15:00,0.08692995,0.08433279
7/23/24 16:00,0.06640787,0.06431288
7/23/24 17:00,0.03719253,0.03571373
7/23/24 18:00,0.001752361,0
7/23/24 19:00,0,0
7/23/24 20:00,0,0
7/23/24 21:00,0,0
7/23/24 22:00,0,0
7/23/24 23:00,0,0
7/24/24 0:00,0,0
7/24/24 1:00,0,0
7/24/24 2:00,0,0
7/24/24 3:00,0,0
7/24/24 4:00,0,0
7/24/24 5:00,0.0499144,0.03236983
7/24/24 6:00,0.2407279,0.1789141
7/24/24 7:00,0.4896399,0.4107985
7/24/24 8:00,0.7610196,0.6827436
7/24/24 9:00,0.9439051,0.8765663
7/24/24 10:00,1.042474,0.9844585
7/24/24 11:00,0.9952003,0.9459866
7/24/24 12:00,0.8442226,0.8035212
7/24/24 13:00,0.9610007,0.9002169
7/24/24 14:00,0.736404,0.6743648
7/24/24 15:00,0.5449957,0.476695
7/24/24 16:00,0.3536102,0.2748491
7/24/24 17:00,0.1102411,0.07809253
7/24/24 18:00,0.003918441,0
7/24/24 19:00,0,0
7/24/24 20:00,0,0
7/24/24 21:00,0,0
7/24/24 22:00,0,0
7/24/24 23:00,0,0
7/25/24 0:00,0,0
7/25/24 1:00,0,0
7/25/24 2:00,0,0
7/25/24 3:00,0,0
7/25/24 4:00,0,0
7/25/24 5:00,0.01779787,0.01699561
7/25/24 6:00,0.0747482,0.07213984
7/25/24 7:00,0.1012318,0.09812078
7/25/24 8:00,0.08517552,0.08267376
7/25/24 9:00,0.1072489,0.10413
7/25/24 10:00,0.3601332,0.3495463
7/25/24 11:00,0.2839651,0.2757702
7/25/24 12:00,0.2372571,0.2304023
7/25/24 13:00,0.2999242,0.2911136
7/25/24 14:00,0.1948373,0.1890628
7/25/24 15:00,0.1577117,0.1528623
7/25/24 16:00,0.07541212,0.07300797
7/25/24 17:00,0.03605105,0.0346297
7/25/24 18:00,0.0018558,0
7/25/24 19:00,0,0
7/25/24 20:00,0,0
7/25/24 21:00,0,0
7/25/24 22:00,0,0
7/25/24 23:00,0,0
7/26/24 0:00,0,0
7/26/24 1:00,0,0
7/26/24 2:00,0,0
7/26/24 3:00,0,0
7/26/24 4:00,0,0
7/26/24 5:00,0.07836725,0.006652369
7/26/24 6:00,0.3328734,0.2203625
7/26/24 7:00,0.5282982,0.4421675
7/26/24 8:00,0.7172629,0.6466446
7/26/24 9:00,0.6255996,0.5931997
7/26/24 10:00,1.00228,0.9494969
7/26/24 11:00,1.039915,0.990994
7/26/24 12:00,0.8975195,0.8549206
7/26/24 13:00,0.958611,0.9008745
7/26/24 14:00,0.8525566,0.7810542
7/26/24 15:00,0.6074917,0.5287153
7/26/24 16:00,0.1846823,0.1742812
7/26/24 17:00,0.139277,0.06742032
7/26/24 18:00,0.00278796,0
7/26/24 19:00,0,0
7/26/24 20:00,0,0
7/26/24 21:00,0,0
7/26/24 22:00,0,0
7/26/24 23:00,0,0
7/27/24 0:00,0,0
7/27/24 1:00,0,0
7/27/24 2:00,0,0
7/27/24 3:00,0,0
7/27/24 4:00,0,0
7/27/24 5:00,0.02771068,0.02586349
7/27/24 6:00,0.05120689,0.04953007
7/27/24 7:00,0.08384681,0.08130399
7/27/24 8:00,0.1599997,0.1552366
7/27/24 9:00,0.2543092,0.2468469
7/27/24 10:00,0.5551876,0.5362619
7/27/24 11:00,0.5209645,0.5049388
7/27/24 12:00,0.2852425,0.277014
7/27/24 13:00,0.4056402,0.3930623
7/27/24 14:00,0.196961,0.1911363
7/27/24 15:00,0.1562116,0.151426
7/27/24 16:00,0.09585553,0.09271768
7/27/24 17:00,0.01868573,0.01804946
7/27/24 18:00,0.000919478,0
7/27/24 19:00,0,0
7/27/24 20:00,0,0
7/27/24 21:00,0,0
7/27/24 22:00,0,0
7/27/24 23:00,0,0
7/28/24 0:00,0,0
7/28/24 1:00,0,0
7/28/24 2:00,0,0
7/28/24 3:00,0,0
7/28/24 4:00,0,0
7/28/24 5:00,0.01128141,0.01083978
7/28/24 6:00,0.06217518,0.06008293
7/28/24 7:00,0.1678138,0.162357
7/28/24 8:00,0.2454115,0.2378362
7/28/24 9:00,0.3166826,0.3072176
7/28/24 10:00,0.2924283,0.2839751
7/28/24 11:00,0.1607889,0.1561588
7/28/24 12:00,0.1632949,0.1585885
7/28/24 13:00,0.04865865,0.04724715
7/28/24 14:00,0.0743145,0.07214931
7/28/24 15:00,0.03217829,0.0312359
7/28/24 16:00,0.03521755,0.03415447
7/28/24 17:00,0.01628586,0.0157423
7/28/24 18:00,0.001056207,0
7/28/24 19:00,0,0
7/28/24 20:00,0,0
7/28/24 21:00,0,0
7/28/24 22:00,0,0
7/28/24 23:00,0,0
7/29/24 0:00,0,0
7/29/24 1:00,0,0
7/29/24 2:00,0,0
7/29/24 3:00,0,0
7/29/24 4:00,0,0
7/29/24 5:00,0.01789012,0.01706016
7/29/24 6:00,0.04224445,0.04089402
7/29/24 7:00,0.09295111,0.09012234
7/29/24 8:00,0.08909644,0.08648439
7/29/24 9:00,0.1733803,0.1683374
7/29/24 10:00,0.1472264,0.1429789
7/29/24 11:00,0.3617319,0.3513415
7/29/24 12:00,0.1877451,0.1823406
7/29/24 13:00,0.02410891,0.02340808
7/29/24 14:00,0.04879376,0.04737411
7/29/24 15:00,0.05189525,0.0503687
7/29/24 16:00,0.06450725,0.06248979
7/29/24 17:00,0.02675998,0.02578181
7/29/24 18:00,0.001501463,0
7/29/24 19:00,0,0
7/29/24 20:00,0,0
7/29/24 21:00,0,0
7/29/24 22:00,0,0
7/29/24 23:00,0,0
7/30/24 0:00,0,0
7/30/24 1:00,0,0
7/30/24 2:00,0,0
7/30/24 3:00,0,0
7/30/24 4:00,0,0
7/30/24 5:00,0.01101933,0.01058693
7/30/24 6:00,0.04088633,0.03958474
7/30/24 7:00,0.03188579,0.03094683
7/30/24 8:00,0.02071234,0.02010883
7/30/24 9:00,0.03087637,0.02997923
7/30/24 10:00,0.003701639,0.00359354
7/30/24 11:00,0.02918042,0.02833332
7/30/24 12:00,0.03248172,0.03153914
7/30/24 13:00,0.01237306,0.0120127
7/30/24 14:00,0.000664429,0.000644987
7/30/24 15:00,0.01613834,0.01566711
7/30/24 16:00,0.02603354,0.02525644
7/30/24 17:00,0.02252891,0.02173423
7/30/24 18:00,0.000852995,0
7/30/24 19:00,0,0
7/30/24 20:00,0,0
7/30/24 21:00,0,0
7/30/24 22:00,0,0
7/30/24 23:00,0,0
7/31/24 0:00,0,0
7/31/24 1:00,0,0
7/31/24 2:00,0,0
7/31/24 3:00,0,0
7/31/24 4:00,0,0
7/31/24 5:00,0.00738943,0.007125246
7/31/24 6:00,0.04172312,0.04039341
7/31/24 7:00,0.08309793,0.08058932
7/31/24 8:00,0.1577652,0.1530946
7/31/24 9:00,0.1796723,0.1744558
7/31/24 10:00,0.1801464,0.1749603
7/31/24 11:00,0.1472883,0.1430534
7/31/24 12:00,0.1308383,0.1270708
7/31/24 13:00,0.08819966,0.08564831
7/31/24 14:00,0.1083042,0.1051472
7/31/24 15:00,0.09718699,0.09429268
7/31/24 16:00,0.07464625,0.07228603
7/31/24 17:00,0.04945165,0.0472268
7/31/24 18:00,0.000556557,0
7/31/24 19:00,0,0
7/31/24 20:00,0,0
7/31/24 21:00,0,0
7/31/24 22:00,0,0
7/31/24 23:00,0,0
8/1/24 0:00,0,0
8/1/24 1:00,0,0
8/1/24 2:00,0,0
8/1/24 3:00,0,0
8/1/24 4:00,0,0
8/1/24 5:00,0.04392,0.02854646
8/1/24 6:00,0.02552999,0.02474698
8/1/24 7:00,0.01798534,0.01745866
8/1/24 8:00,0.1042738,0.1012173
8/1/24 9:00,0.1660798,0.1612653
8/1/24 10:00,0.1123766,0.1091367
8/1/24 11:00,0.09897615,0.09612391
8/1/24 12:00,0.1105534,0.1073683
8/1/24 13:00,0.1259203,0.1222833
8/1/24 14:00,0.1048873,0.1018327
8/1/24 15:00,0.04457532,0.04326831
8/1/24 16:00,0.0338066,0.03279006
8/1/24 17:00,0.01406336,0.01360174
8/1/24 18:00,0.003042697,0
8/1/24 19:00,0,0
8/1/24 20:00,0,0
8/1/24 21:00,0,0
8/1/24 22:00,0,0
8/1/24 23:00,0,0
8/2/24 0:00,0,0
8/2/24 1:00,0,0
8/2/24 2:00,0,0
8/2/24 3:00,0,0
8/2/24 4:00,0,0
8/2/24 5:00,0.04168865,0.02864509
8/2/24 6:00,0.2144486,0.1717208
8/2/24 7:00,0.4238725,0.3722959
8/2/24 8:00,0.6627026,0.6086485
8/2/24 9:00,0.9232285,0.8717297
8/2/24 10:00,0.8627203,0.8282548
8/2/24 11:00,0.9566875,0.9223941
8/2/24 12:00,0.9867551,0.948992
8/2/24 13:00,0.9528007,0.9065638
8/2/24 14:00,0.7434011,0.6923121
8/2/24 15:00,0.3968399,0.3695527
8/2/24 16:00,0.2642894,0.2310768
8/2/24 17:00,0.07697259,0.06788699
8/2/24 18:00,0.002553906,0
8/2/24 19:00,0,0
8/2/24 20:00,0,0
8/2/24 21:00,0,0
8/2/24 22:00,0,0
8/2/24 23:00,0,0
8/3/24 0:00,0,0
8/3/24 1:00,0,0
8/3/24 2:00,0,0
8/3/24 3:00,0,0
8/3/24 4:00,0,0
8/3/24 5:00,0.03550195,0.02859377
8/3/24 6:00,0.217617,0.1731156
8/3/24 7:00,0.4531298,0.3944721
8/3/24 8:00,0.6708111,0.6171708
8/3/24 9:00,0.9386625,0.8880627
8/3/24 10:00,0.9026287,0.8674387
8/3/24 11:00,0.9449719,0.9127158
8/3/24 12:00,0.9847214,0.9486988
8/3/24 13:00,0.8613479,0.8219008
8/3/24 14:00,0.8387094,0.7813355
8/3/24 15:00,0.6686653,0.5932952
8/3/24 16:00,0.4092107,0.3209216
8/3/24 17:00,0.139626,0.06141861
8/3/24 18:00,0.003040486,0
8/3/24 19:00,0,0
8/3/24 20:00,0,0
8/3/24 21:00,0,0
8/3/24 22:00,0,0
8/3/24 23:00,0,0
8/4/24 0:00,0,0
8/4/24 1:00,0,0
8/4/24 2:00,0,0
8/4/24 3:00,0,0
8/4/24 4:00,0,0
8/4/24 5:00,0.04636529,0.02450686
8/4/24 6:00,0.2136744,0.1718774
8/4/24 7:00,0.5229736,0.4502554
8/4/24 8:00,0.623521,0.5773844
8/4/24 9:00,0.6216118,0.59581
8/4/24 10:00,0.9169112,0.8825781
8/4/24 11:00,0.8749443,0.8470788
8/4/24 12:00,0.8544241,0.8257034
8/4/24 13:00,0.5879285,0.5677102
8/4/24 14:00,0.4824092,0.462098
8/4/24 15:00,0.4098926,0.3809843
8/4/24 16:00,0.2971305,0.2505313
8/4/24 17:00,0.1287877,0.0639625
8/4/24 18:00,0.002638486,0
8/4/24 19:00,0,0
8/4/24 20:00,0,0
8/4/24 21:00,0,0
8/4/24 22:00,0,0
8/4/24 23:00,0,0
8/5/24 0:00,0,0
8/5/24 1:00,0,0
8/5/24 2:00,0,0
8/5/24 3:00,0,0
8/5/24 4:00,0,0
8/5/24 5:00,0.05031687,0.01996952
8/5/24 6:00,0.252221,0.1868462
8/5/24 7:00,0.5233161,0.4521306
8/5/24 8:00,0.6459102,0.5982361
8/5/24 9:00,0.6062598,0.5823765
8/5/24 10:00,0.8118187,0.7840216
8/5/24 11:00,0.8892306,0.8621668
8/5/24 12:00,0.9618739,0.9301083
8/5/24 13:00,0.8490372,0.8133583
8/5/24 14:00,0.7203306,0.6758166
8/5/24 15:00,0.4461963,0.4106847
8/5/24 16:00,0.3343746,0.2724307
8/5/24 17:00,0.1204062,0.0658668
8/5/24 18:00,0.001586645,0
8/5/24 19:00,0,0
8/5/24 20:00,0,0
8/5/24 21:00,0,0
8/5/24 22:00,0,0
8/5/24 23:00,0,0
8/6/24 0:00,0,0
8/6/24 1:00,0,0
8/6/24 2:00,0,0
8/6/24 3:00,0,0
8/6/24 4:00,0,0
8/6/24 5:00,0.01997502,0.01892597
8/6/24 6:00,0.08552101,0.08250724
8/6/24 7:00,0.2544961,0.2428208
8/6/24 8:00,0.2894798,0.2803537
8/6/24 9:00,0.7060292,0.6755655
8/6/24 10:00,0.7537482,0.7298369
8/6/24 11:00,0.6208315,0.6039395
8/6/24 12:00,0.9072145,0.8791347
8/6/24 13:00,0.7172293,0.6907324
8/6/24 14:00,0.4074125,0.3933163
8/6/24 15:00,0.3219738,0.3071995
8/6/24 16:00,0.1810844,0.1714728
8/6/24 17:00,0.05870907,0.05499844
8/6/24 18:00,0.00183072,0
8/6/24 19:00,0,0
8/6/24 20:00,0,0
8/6/24 21:00,0,0
8/6/24 22:00,0,0
8/6/24 23:00,0,0
8/7/24 0:00,0,0
8/7/24 1:00,0,0
8/7/24 2:00,0,0
8/7/24 3:00,0,0
8/7/24 4:00,0,0
8/7/24 5:00,0.04868258,0.01936563
8/7/24 6:00,0.1821765,0.1581383
8/7/24 7:00,0.1589162,0.1539453
8/7/24 8:00,0.3917428,0.3764465
8/7/24 9:00,0.6240534,0.6004472
8/7/24 10:00,0.7618691,0.7386847
8/7/24 11:00,0.8616338,0.8382921
8/7/24 12:00,0.5748106,0.5591522
8/7/24 13:00,0.4978299,0.4830057
8/7/24 14:00,0.1662075,0.1613802
8/7/24 15:00,0.1519305,0.1473698
8/7/24 16:00,0.2155493,0.1989663
8/7/24 17:00,0.08075585,0.06751955
8/7/24 18:00,0.0021839,0
8/7/24 19:00,0,0
8/7/24 20:00,0,0
8/7/24 21:00,0,0
8/7/24 22:00,0,0
8/7/24 23:00,0,0
8/8/24 0:00,0,0
8/8/24 1:00,0,0
8/8/24 2:00,0,0
8/8/24 3:00,0,0
8/8/24 4:00,0,0
8/8/24 5:00,0.05610358,0.01075241
8/8/24 6:00,0.1368581,0.1281087
8/8/24 7:00,0.1422032,0.1378299
8/8/24 8:00,0.1183712,0.1149212
8/8/24 9:00,0.2966463,0.2881199
8/8/24 10:00,0.248356,0.241291
8/8/24 11:00,0.3897569,0.3789693
8/8/24 12:00,0.404527,0.3933431
8/8/24 13:00,0.2821579,0.274105
8/8/24 14:00,0.2440735,0.2369556
8/8/24 15:00,0.1256966,0.1219587
8/8/24 16:00,0.1053536,0.1019329
8/8/24 17:00,0.02387321,0.02300782
8/8/24 18:00,0.001508688,0
8/8/24 19:00,0,0
8/8/24 20:00,0,0
8/8/24 21:00,0,0
8/8/24 22:00,0,0
8/8/24 23:00,0,0
8/9/24 0:00,0,0
8/9/24 1:00,0,0
8/9/24 2:00,0,0
8/9/24 3:00,0,0
8/9/24 4:00,0,0
8/9/24 5:00,0.04382907,0.02176195
8/9/24 6:00,0.07512909,0.07257606
8/9/24 7:00,0.195358,0.1887839
8/9/24 8:00,0.601148,0.5643913
8/9/24 9:00,0.5847321,0.5650139
8/9/24 10:00,0.7009797,0.6819543
8/9/24 11:00,0.6545336,0.6383606
8/9/24 12:00,0.7937043,0.7734604
8/9/24 13:00,0.6822874,0.6606073
8/9/24 14:00,0.4659173,0.4488376
8/9/24 15:00,0.1675257,0.1624935
8/9/24 16:00,0.1045173,0.1011344
8/9/24 17:00,0.03389891,0.03254436
8/9/24 18:00,0.000951641,0
8/9/24 19:00,0,0
8/9/24 20:00,0,0
8/9/24 21:00,0,0
8/9/24 22:00,0,0
8/9/24 23:00,0,0
8/10/24 0:00,0,0
8/10/24 1:00,0,0
8/10/24 2:00,0,0
8/10/24 3:00,0,0
8/10/24 4:00,0,0
8/10/24 5:00,0.04288131,0.02161455
8/10/24 6:00,0.1289513,0.1217624
8/10/24 7:00,0.1806327,0.1748233
8/10/24 8:00,0.2144098,0.2081197
8/10/24 9:00,0.2458078,0.2387718
8/10/24 10:00,0.2920405,0.2837903
8/10/24 11:00,0.3792223,0.3687778
8/10/24 12:00,0.2686248,0.2610307
8/10/24 13:00,0.252925,0.2457217
8/10/24 14:00,0.100226,0.09732815
8/10/24 15:00,0.07181264,0.06970817
8/10/24 16:00,0.07853162,0.07607202
8/10/24 17:00,0.04148385,0.03969548
8/10/24 18:00,0.000808123,0
8/10/24 19:00,0,0
8/10/24 20:00,0,0
8/10/24 21:00,0,0
8/10/24 22:00,0,0
8/10/24 23:00,0,0
8/11/24 0:00,0,0
8/11/24 1:00,0,0
8/11/24 2:00,0,0
8/11/24 3:00,0,0
8/11/24 4:00,0,0
8/11/24 5:00,0.03859313,0.02370587
8/11/24 6:00,0.05518675,0.05340365
8/11/24 7:00,0.1561966,0.1513834
8/11/24 8:00,0.0980717,0.09522611
8/11/24 9:00,0.03077645,0.02988422
8/11/24 10:00,0.05813621,0.0564591
8/11/24 11:00,0.04550056,0.04418573
8/11/24 12:00,0.09535047,0.09261387
8/11/24 13:00,0.153409,0.1490206
8/11/24 14:00,0.09576188,0.09299514
8/11/24 15:00,0.02778658,0.02697696
8/11/24 16:00,0.05342541,0.05179913
8/11/24 17:00,0.01691407,0.01633612
8/11/24 18:00,0.000677664,0
8/11/24 19:00,0,0
8/11/24 20:00,0,0
8/11/24 21:00,0,0
8/11/24 22:00,0,0
8/11/24 23:00,0,0
8/12/24 0:00,0,0
8/12/24 1:00,0,0
8/12/24 2:00,0,0
8/12/24 3:00,0,0
8/12/24 4:00,0,0
8/12/24 5:00,0.04500394,0.01777251
8/12/24 6:00,0.1114763,0.1066901
8/12/24 7:00,0.4465469,0.4007813
8/12/24 8:00,0.6483628,0.6113061
8/12/24 9:00,0.9267347,0.8947006
8/12/24 10:00,0.9897457,0.9675596
8/12/24 11:00,1.029419,1.010804
8/12/24 12:00,0.9141108,0.8956516
8/12/24 13:00,0.7504952,0.7294757
8/12/24 14:00,0.5019933,0.4838879
8/12/24 15:00,0.405983,0.381878
8/12/24 16:00,0.2563079,0.2280331
8/12/24 17:00,0.1035563,0.06183703
8/12/24 18:00,0.000552378,0
8/12/24 19:00,0,0
8/12/24 20:00,0,0
8/12/24 21:00,0,0
8/12/24 22:00,0,0
8/12/24 23:00,0,0
8/13/24 0:00,0,0
8/13/24 1:00,0,0
8/13/24 2:00,0,0
8/13/24 3:00,0,0
8/13/24 4:00,0,0
8/13/24 5:00,0.03470915,0.0240441
8/13/24 6:00,0.2553349,0.1956307
8/13/24 7:00,0.4554141,0.4093667
8/13/24 8:00,0.6752017,0.6376833
8/13/24 9:00,0.8356192,0.8088874
8/13/24 10:00,0.712339,0.6968031
8/13/24 11:00,0.8664621,0.8516799
8/13/24 12:00,0.8851523,0.8688158
8/13/24 13:00,0.6820531,0.6642907
8/13/24 14:00,0.7226391,0.6904325
8/13/24 15:00,0.6201202,0.5677567
8/13/24 16:00,0.3230692,0.2713065
8/13/24 17:00,0.1015959,0.06085571
8/13/24 18:00,0.000352078,0
8/13/24 19:00,0,0
8/13/24 20:00,0,0
8/13/24 21:00,0,0
8/13/24 22:00,0,0
8/13/24 23:00,0,0
8/14/24 0:00,0,0
8/14/24 1:00,0,0
8/14/24 2:00,0,0
8/14/24 3:00,0,0
8/14/24 4:00,0,0
8/14/24 5:00,0.04114533,0.01948727
8/14/24 6:00,0.2429455,0.190397
8/14/24 7:00,0.3685662,0.341056
8/14/24 8:00,0.4798719,0.4604987
8/14/24 9:00,0.6494367,0.6311284
8/14/24 10:00,0.7639495,0.7489489
8/14/24 11:00,0.984036,0.9700492
8/14/24 12:00,0.9693267,0.95376
8/14/24 13:00,0.9601817,0.9366344
8/14/24 14:00,0.8214768,0.7860584
8/14/24 15:00,0.5104845,0.4723808
8/14/24 16:00,0.2878291,0.2491224
8/14/24 17:00,0.09733601,0.06045291
8/14/24 18:00,0.000375137,0
8/14/24 19:00,0,0
8/14/24 20:00,0,0
8/14/24 21:00,0,0
8/14/24 22:00,0,0
8/14/24 23:00,0,0
8/15/24 0:00,0,0
8/15/24 1:00,0,0
8/15/24 2:00,0,0
8/15/24 3:00,0,0
8/15/24 4:00,0,0
8/15/24 5:00,0.04679801,0.0129313
8/15/24 6:00,0.1484641,0.137475
8/15/24 7:00,0.2084672,0.2014447
8/15/24 8:00,0.3025125,0.2934887
8/15/24 9:00,0.1593881,0.1548422
8/15/24 10:00,0.6319544,0.6187651
8/15/24 11:00,0.8302681,0.8185113
8/15/24 12:00,0.6576685,0.6448491
8/15/24 13:00,0.4814358,0.469153
8/15/24 14:00,0.1313557,0.1275811
8/15/24 15:00,0.2093308,0.2029625
8/15/24 16:00,0.2303781,0.2105523
8/15/24 17:00,0.07550726,0.06048301
8/15/24 18:00,0.000221963,0
8/15/24 19:00,0,0
8/15/24 20:00,0,0
8/15/24 21:00,0,0
8/15/24 22:00,0,0
8/15/24 23:00,0,0
8/16/24 0:00,0,0
8/16/24 1:00,0,0
8/16/24 2:00,0,0
8/16/24 3:00,0,0
8/16/24 4:00,0,0
8/16/24 5:00,0.04733634,0.0114174
8/16/24 6:00,0.2983267,0.2274355
8/16/24 7:00,0.5286559,0.4772208
8/16/24 8:00,0.6668341,0.6355029
8/16/24 9:00,0.8949075,0.8725587
8/16/24 10:00,0.9560342,0.9426869
8/16/24 11:00,0.9524402,0.9425346
8/16/24 12:00,0.9053814,0.8940919
8/16/24 13:00,0.8007432,0.7844079
8/16/24 14:00,0.7581183,0.7294795
8/16/24 15:00,0.6343867,0.5865986
8/16/24 16:00,0.2950402,0.2549154
8/16/24 17:00,0.0870496,0.05949301
8/16/24 18:00,7.38167E-05,0
8/16/24 19:00,0,0
8/16/24 20:00,0,0
8/16/24 21:00,0,0
8/16/24 22:00,0,0
8/16/24 23:00,0,0
8/17/24 0:00,0,0
8/17/24 1:00,0,0
8/17/24 2:00,0,0
8/17/24 3:00,0,0
8/17/24 4:00,0,0
8/17/24 5:00,0.01778139,0.01678895
8/17/24 6:00,0.1565109,0.1436744
8/17/24 7:00,0.3027107,0.2876358
8/17/24 8:00,0.4024775,0.3896137
8/17/24 9:00,0.5043501,0.4918249
8/17/24 10:00,0.4465413,0.4353867
8/17/24 11:00,0.5284637,0.5167022
8/17/24 12:00,0.5539972,0.5421745
8/17/24 13:00,0.7325712,0.7186039
8/17/24 14:00,0.573489,0.5551766
8/17/24 15:00,0.4531623,0.4262298
8/17/24 16:00,0.2205705,0.2035093
8/17/24 17:00,0.05202942,0.04818187
8/17/24 18:00,2.96056E-05,0
8/17/24 19:00,0,0
8/17/24 20:00,0,0
8/17/24 21:00,0,0
8/17/24 22:00,0,0
8/17/24 23:00,0,0
8/18/24 0:00,0,0
8/18/24 1:00,0,0
8/18/24 2:00,0,0
8/18/24 3:00,0,0
8/18/24 4:00,0,0
8/18/24 5:00,0.02640757,0.02213833
8/18/24 6:00,0.1728798,0.155153
8/18/24 7:00,0.4781035,0.4368089
8/18/24 8:00,0.6617841,0.6345734
8/18/24 9:00,0.9221025,0.9036849
8/18/24 10:00,0.9968402,0.9874781
8/18/24 11:00,1.110393,1.104262
8/18/24 12:00,0.8308429,0.8225876
8/18/24 13:00,0.7861207,0.7732365
8/18/24 14:00,0.6027622,0.5842671
8/18/24 15:00,0.3925316,0.3736352
8/18/24 16:00,0.31487,0.2699592
8/18/24 17:00,0.09718695,0.05347607
8/18/24 18:00,1.14061E-05,0
8/18/24 19:00,0,0
8/18/24 20:00,0,0
8/18/24 21:00,0,0
8/18/24 22:00,0,0
8/18/24 23:00,0,0
8/19/24 0:00,0,0
8/19/24 1:00,0,0
8/19/24 2:00,0,0
8/19/24 3:00,0,0
8/19/24 4:00,0,0
8/19/24 5:00,0.02173692,0.01974958
8/19/24 6:00,0.199962,0.1721015
8/19/24 7:00,0.4152053,0.3848264
8/19/24 8:00,0.5585833,0.5388162
8/19/24 9:00,0.68025,0.6672672
8/19/24 10:00,0.8588533,0.8515078
8/19/24 11:00,0.9016908,0.8970844
8/19/24 12:00,1.032637,1.027213
8/19/24 13:00,0.8660098,0.8544186
8/19/24 14:00,0.6933896,0.6728678
8/19/24 15:00,0.4154559,0.3947465
8/19/24 16:00,0.2528642,0.2275251
8/19/24 17:00,0.07896694,0.05590806
8/19/24 18:00,0,0
8/19/24 19:00,0,0
8/19/24 20:00,0,0
8/19/24 21:00,0,0
8/19/24 22:00,0,0
8/19/24 23:00,0,0
8/20/24 0:00,0,0
8/20/24 1:00,0,0
8/20/24 2:00,0,0
8/20/24 3:00,0,0
8/20/24 4:00,0,0
8/20/24 5:00,0.04022127,0.01506893
8/20/24 6:00,0.08616701,0.08327348
8/20/24 7:00,0.1347201,0.1307322
8/20/24 8:00,0.1715768,0.1666733
8/20/24 9:00,0.3398021,0.3306876
8/20/24 10:00,0.3363537,0.3272564
8/20/24 11:00,0.3757099,0.3658018
8/20/24 12:00,0.3625416,0.3529019
8/20/24 13:00,0.314467,0.3058796
8/20/24 14:00,0.1348865,0.1310374
8/20/24 15:00,0.07545969,0.07327072
8/20/24 16:00,0.1059334,0.1025854
8/20/24 17:00,0.05196972,0.04731026
8/20/24 18:00,0,0
8/20/24 19:00,0,0
8/20/24 20:00,0,0
8/20/24 21:00,0,0
8/20/24 22:00,0,0
8/20/24 23:00,0,0
8/21/24 0:00,0,0
8/21/24 1:00,0,0
8/21/24 2:00,0,0
8/21/24 3:00,0,0
8/21/24 4:00,0,0
8/21/24 5:00,0.03556393,0.01849483
8/21/24 6:00,0.03405656,0.0330223
8/21/24 7:00,0.05505772,0.05345406
8/21/24 8:00,0.01959922,0.01903051
8/21/24 9:00,0.02870438,0.0278737
8/21/24 10:00,0.0553577,0.05376548
8/21/24 11:00,0.1388443,0.1349134
8/21/24 12:00,0.402789,0.3925753
8/21/24 13:00,0.316506,0.3079101
8/21/24 14:00,0.2210613,0.2148196
8/21/24 15:00,0.1972032,0.1914126
8/21/24 16:00,0.1961632,0.1845525
8/21/24 17:00,0.03957848,0.03755832
8/21/24 18:00,0,0
8/21/24 19:00,0,0
8/21/24 20:00,0,0
8/21/24 21:00,0,0
8/21/24 22:00,0,0
8/21/24 23:00,0,0
8/22/24 0:00,0,0
8/22/24 1:00,0,0
8/22/24 2:00,0,0
8/22/24 3:00,0,0
8/22/24 4:00,0,0
8/22/24 5:00,0.03894366,0.01464806
8/22/24 6:00,0.2041263,0.176685
8/22/24 7:00,0.2621754,0.2525997
8/22/24 8:00,0.4022182,0.3912935
8/22/24 9:00,0.5053851,0.4950882
8/22/24 10:00,0.6006699,0.5916787
8/22/24 11:00,0.7507225,0.7464566
8/22/24 12:00,0.6898455,0.683314
8/22/24 13:00,0.6024875,0.5933233
8/22/24 14:00,0.4988804,0.4871096
8/22/24 15:00,0.3733532,0.3585809
8/22/24 16:00,0.1778435,0.1690938
8/22/24 17:00,0.03183709,0.0304803
8/22/24 18:00,0,0
8/22/24 19:00,0,0
8/22/24 20:00,0,0
8/22/24 21:00,0,0
8/22/24 22:00,0,0
8/22/24 23:00,0,0
8/23/24 0:00,0,0
8/23/24 1:00,0,0
8/23/24 2:00,0,0
8/23/24 3:00,0,0
8/23/24 4:00,0,0
8/23/24 5:00,0.02428156,0.0204314
8/23/24 6:00,0.04406285,0.04271203
8/23/24 7:00,0.05570303,0.05408471
8/23/24 8:00,0.193649,0.1881656
8/23/24 9:00,0.555453,0.5460832
8/23/24 10:00,0.5942963,0.5857576
8/23/24 11:00,0.461152,0.4506713
8/23/24 12:00,0.6114849,0.603302
8/23/24 13:00,0.4260995,0.4161484
8/23/24 14:00,0.5779913,0.5661349
8/23/24 15:00,0.4235025,0.4054528
8/23/24 16:00,0.2208082,0.2046744
8/23/24 17:00,0.08406615,0.0475644
8/23/24 18:00,0,0
8/23/24 19:00,0,0
8/23/24 20:00,0,0
8/23/24 21:00,0,0
8/23/24 22:00,0,0
8/23/24 23:00,0,0
8/24/24 0:00,0,0
8/24/24 1:00,0,0
8/24/24 2:00,0,0
8/24/24 3:00,0,0
8/24/24 4:00,0,0
8/24/24 5:00,0.0355565,0.01630503
8/24/24 6:00,0.09552407,0.09223603
8/24/24 7:00,0.1304777,0.1266702
8/24/24 8:00,0.05080635,0.04934347
8/24/24 9:00,0.2374402,0.230844
8/24/24 10:00,0.4473442,0.4372467
8/24/24 11:00,0.7331209,0.7304097
8/24/24 12:00,0.7709358,0.7699249
8/24/24 13:00,0.3463103,0.3372982
8/24/24 14:00,0.2061228,0.2003356
8/24/24 15:00,0.2732679,0.2649528
8/24/24 16:00,0.149876,0.1441391
8/24/24 17:00,0.01459507,0.01408524
8/24/24 18:00,0,0
8/24/24 19:00,0,0
8/24/24 20:00,0,0
8/24/24 21:00,0,0
8/24/24 22:00,0,0
8/24/24 23:00,0,0
8/25/24 0:00,0,0
8/25/24 1:00,0,0
8/25/24 2:00,0,0
8/25/24 3:00,0,0
8/25/24 4:00,0,0
8/25/24 5:00,0.01896855,0.01742885
8/25/24 6:00,0.06384932,0.06185089
8/25/24 7:00,0.2743055,0.2647541
8/25/24 8:00,0.5498232,0.5384159
8/25/24 9:00,0.7009097,0.6968001
8/25/24 10:00,0.8295307,0.8323441
8/25/24 11:00,0.992781,1.002458
8/25/24 12:00,0.7217025,0.7196664
8/25/24 13:00,0.8060935,0.8058929
8/25/24 14:00,0.4930345,0.4834515
8/25/24 15:00,0.3143264,0.3044609
8/25/24 16:00,0.2346703,0.216073
8/25/24 17:00,0.07765682,0.04537554
8/25/24 18:00,0,0
8/25/24 19:00,0,0
8/25/24 20:00,0,0
8/25/24 21:00,0,0
8/25/24 22:00,0,0
8/25/24 23:00,0,0
8/26/24 0:00,0,0
8/26/24 1:00,0,0
8/26/24 2:00,0,0
8/26/24 3:00,0,0
8/26/24 4:00,0,0
8/26/24 5:00,0.02924196,0.01929324
8/26/24 6:00,0.04528686,0.04390934
8/26/24 7:00,0.03935457,0.03821487
8/26/24 8:00,0.08563038,0.08318469
8/26/24 9:00,0.05100536,0.04953975
8/26/24 10:00,0.1552614,0.1509014
8/26/24 11:00,0.06979249,0.06779552
8/26/24 12:00,0.1195469,0.1161642
8/26/24 13:00,0.04245539,0.04123277
8/26/24 14:00,0.1357342,0.131897
8/26/24 15:00,0.1083059,0.1051961
8/26/24 16:00,0.01729047,0.0167847
8/26/24 17:00,0.009589477,0.00927291
8/26/24 18:00,0,0
8/26/24 19:00,0,0
8/26/24 20:00,0,0
8/26/24 21:00,0,0
8/26/24 22:00,0,0
8/26/24 23:00,0,0
8/27/24 0:00,0,0
8/27/24 1:00,0,0
8/27/24 2:00,0,0
8/27/24 3:00,0,0
8/27/24 4:00,0,0
8/27/24 5:00,0.03847249,0.01106891
8/27/24 6:00,0.2197544,0.1917995
8/27/24 7:00,0.4098963,0.3916986
8/27/24 8:00,0.5950226,0.5864746
8/27/24 9:00,0.6397256,0.6363719
8/27/24 10:00,0.9127412,0.9227476
8/27/24 11:00,0.9658164,0.9793077
8/27/24 12:00,0.999945,1.013164
8/27/24 13:00,0.850781,0.8558195
8/27/24 14:00,0.5328647,0.5253384
8/27/24 15:00,0.5365911,0.5171455
8/27/24 16:00,0.268043,0.2430645
8/27/24 17:00,0.04561697,0.04056761
8/27/24 18:00,0,0
8/27/24 19:00,0,0
8/27/24 20:00,0,0
8/27/24 21:00,0,0
8/27/24 22:00,0,0
8/27/24 23:00,0,0
8/28/24 0:00,0,0
8/28/24 1:00,0,0
8/28/24 2:00,0,0
8/28/24 3:00,0,0
8/28/24 4:00,0,0
8/28/24 5:00,0.01453731,0.01375337
8/28/24 6:00,0.1115775,0.1073916
8/28/24 7:00,0.2826747,0.273723
8/28/24 8:00,0.061318,0.05956148
8/28/24 9:00,0.2199477,0.2138741
8/28/24 10:00,0.2437332,0.2370416
8/28/24 11:00,0.2073757,0.2016334
8/28/24 12:00,0.1289029,0.1252698
8/28/24 13:00,0.3438867,0.3351749
8/28/24 14:00,0.299387,0.2916419
8/28/24 15:00,0.1512369,0.1469297
8/28/24 16:00,0.05221339,0.05066711
8/28/24 17:00,0.03202332,0.03039827
8/28/24 18:00,0,0
8/28/24 19:00,0,0
8/28/24 20:00,0,0
8/28/24 21:00,0,0
8/28/24 22:00,0,0
8/28/24 23:00,0,0
8/29/24 0:00,0,0
8/29/24 1:00,0,0
8/29/24 2:00,0,0
8/29/24 3:00,0,0
8/29/24 4:00,0,0
8/29/24 5:00,0.03990445,0.008124808
8/29/24 6:00,0.1282688,0.1226442
8/29/24 7:00,0.3320527,0.3212453
8/29/24 8:00,0.3827229,0.3747047
8/29/24 9:00,0.3534852,0.3448723
8/29/24 10:00,0.2427181,0.2360667
8/29/24 11:00,0.5496514,0.5421329
8/29/24 12:00,0.4713433,0.4622176
8/29/24 13:00,0.3944399,0.3855152
8/29/24 14:00,0.2840599,0.2766294
8/29/24 15:00,0.2237382,0.2175262
8/29/24 16:00,0.132858,0.1284084
8/29/24 17:00,0.02867831,0.02735723
8/29/24 18:00,0,0
8/29/24 19:00,0,0
8/29/24 20:00,0,0
8/29/24 21:00,0,0
8/29/24 22:00,0,0
8/29/24 23:00,0,0
8/30/24 0:00,0,0
8/30/24 1:00,0,0
8/30/24 2:00,0,0
8/30/24 3:00,0,0
8/30/24 4:00,0,0
8/30/24 5:00,0.02748765,0.01816032
8/30/24 6:00,0.0289751,0.02811775
8/30/24 7:00,0.06819685,0.0662384
8/30/24 8:00,0.1040646,0.1011194
8/30/24 9:00,0.1309633,0.127284
8/30/24 10:00,0.1186846,0.115338
8/30/24 11:00,0.1161696,0.1128907
8/30/24 12:00,0.1225,0.1190486
8/30/24 13:00,0.08431754,0.08192042
8/30/24 14:00,0.1058629,0.1028695
8/30/24 15:00,0.03739513,0.0363174
8/30/24 16:00,0.007819406,0.00759146
8/30/24 17:00,0.000758706,0.000736322
8/30/24 18:00,0,0
8/30/24 19:00,0,0
8/30/24 20:00,0,0
8/30/24 21:00,0,0
8/30/24 22:00,0,0
8/30/24 23:00,0,0
8/31/24 0:00,0,0
8/31/24 1:00,0,0
8/31/24 2:00,0,0
8/31/24 3:00,0,0
8/31/24 4:00,0,0
8/31/24 5:00,0.02434521,0.01847289
8/31/24 6:00,0.08196312,0.07942344
8/31/24 7:00,0.108136,0.1050533
8/31/24 8:00,0.1694902,0.1647768
8/31/24 9:00,0.07861406,0.07637774
8/31/24 10:00,0.2584795,0.2514555
8/31/24 11:00,0.1831641,0.1780856
8/31/24 12:00,0.5081075,0.5003617
8/31/24 13:00,0.1685237,0.1638402
8/31/24 14:00,0.3300885,0.3223793
8/31/24 15:00,0.2547274,0.248044
8/31/24 16:00,0.1617441,0.1554455
8/31/24 17:00,0.03107889,0.02927594
8/31/24 18:00,0,0
8/31/24 19:00,0,0
8/31/24 20:00,0,0
8/31/24 21:00,0,0
8/31/24 22:00,0,0
8/31/24 23:00,0,0
9/1/24 0:00,0,0
9/1/24 1:00,0,0
9/1/24 2:00,0,0
9/1/24 3:00,0,0
9/1/24 4:00,0,0
9/1/24 5:00,0.03438454,0.0115788
9/1/24 6:00,0.03248648,0.03152787
9/1/24 7:00,0.04412326,0.04285465
9/1/24 8:00,0.1511947,0.1469814
9/1/24 9:00,0.2834289,0.2759278
9/1/24 10:00,0.2484437,0.2416897
9/1/24 11:00,0.2891714,0.2814001
9/1/24 12:00,0.1741892,0.1693573
9/1/24 13:00,0.2804678,0.2729883
9/1/24 14:00,0.2019182,0.1963692
9/1/24 15:00,0.1147482,0.1115036
9/1/24 16:00,0.05861416,0.05689139
9/1/24 17:00,0.02193521,0.02101795
9/1/24 18:00,0,0
9/1/24 19:00,0,0
9/1/24 20:00,0,0
9/1/24 21:00,0,0
9/1/24 22:00,0,0
9/1/24 23:00,0,0
9/2/24 0:00,0,0
9/2/24 1:00,0,0
9/2/24 2:00,0,0
9/2/24 3:00,0,0
9/2/24 4:00,0,0
9/2/24 5:00,0.02487369,0.01776708
9/2/24 6:00,0.08649282,0.08383045
9/2/24 7:00,0.09194528,0.08933284
9/2/24 8:00,0.2904662,0.2833879
9/2/24 9:00,0.5829045,0.5829711
9/2/24 10:00,0.6835138,0.6885584
9/2/24 11:00,0.4751566,0.4666399
9/2/24 12:00,0.4170806,0.4080655
9/2/24 13:00,0.2074373,0.2017549
9/2/24 14:00,0.2176298,0.2117046
9/2/24 15:00,0.1336563,0.1299035
9/2/24 16:00,0.05284819,0.05130207
9/2/24 17:00,0.01688694,0.01623031
9/2/24 18:00,0,0
9/2/24 19:00,0,0
9/2/24 20:00,0,0
9/2/24 21:00,0,0
9/2/24 22:00,0,0
9/2/24 23:00,0,0
9/3/24 0:00,0,0
9/3/24 1:00,0,0
9/3/24 2:00,0,0
9/3/24 3:00,0,0
9/3/24 4:00,0,0
9/3/24 5:00,0.03381696,0.01075705
9/3/24 6:00,0.14883,0.141992
9/3/24 7:00,0.1396682,0.1357524
9/3/24 8:00,0.2229411,0.2169386
9/3/24 9:00,0.4000162,0.3922119
9/3/24 10:00,0.4573514,0.4492427
9/3/24 11:00,0.6869258,0.6919186
9/3/24 12:00,0.4029962,0.3940357
9/3/24 13:00,0.6342387,0.6387649
9/3/24 14:00,0.5577995,0.55981
9/3/24 15:00,0.2524487,0.2463078
9/3/24 16:00,0.1888067,0.1806972
9/3/24 17:00,0.0213792,0.02046669
9/3/24 18:00,0,0
9/3/24 19:00,0,0
9/3/24 20:00,0,0
9/3/24 21:00,0,0
9/3/24 22:00,0,0
9/3/24 23:00,0,0
9/4/24 0:00,0,0
9/4/24 1:00,0,0
9/4/24 2:00,0,0
9/4/24 3:00,0,0
9/4/24 4:00,0,0
9/4/24 5:00,0.03390225,0.009976369
9/4/24 6:00,0.1530599,0.1461287
9/4/24 7:00,0.2698966,0.2638998
9/4/24 8:00,0.4149092,0.4103271
9/4/24 9:00,0.3599482,0.3519305
9/4/24 10:00,0.232223,0.2259223
9/4/24 11:00,0.4119344,0.4028811
9/4/24 12:00,0.4179013,0.4091655
9/4/24 13:00,0.3703042,0.3621341
9/4/24 14:00,0.3419545,0.334997
9/4/24 15:00,0.140246,0.136343
9/4/24 16:00,0.04003596,0.03887331
9/4/24 17:00,0.02889222,0.02686064
9/4/24 18:00,0,0
9/4/24 19:00,0,0
9/4/24 20:00,0,0
9/4/24 21:00,0,0
9/4/24 22:00,0,0
9/4/24 23:00,0,0
9/5/24 0:00,0,0
9/5/24 1:00,0,0
9/5/24 2:00,0,0
9/5/24 3:00,0,0
9/5/24 4:00,0,0
9/5/24 5:00,0.02708823,0.01554682
9/5/24 6:00,0.005415089,0.005257362
9/5/24 7:00,0.07156663,0.0695375
9/5/24 8:00,0.03112217,0.0302269
9/5/24 9:00,0.004072065,0.003953307
9/5/24 10:00,0.1054708,0.1025022
9/5/24 11:00,0.2037771,0.1982036
9/5/24 12:00,0.04517822,0.04388213
9/5/24 13:00,0.02766354,0.02686558
9/5/24 14:00,0.02836075,0.02754383
9/5/24 15:00,0.1357675,0.1319985
9/5/24 16:00,0.1014839,0.09851338
9/5/24 17:00,0.0152044,0.01460902
9/5/24 18:00,0,0
9/5/24 19:00,0,0
9/5/24 20:00,0,0
9/5/24 21:00,0,0
9/5/24 22:00,0,0
9/5/24 23:00,0,0
9/6/24 0:00,0,0
9/6/24 1:00,0,0
9/6/24 2:00,0,0
9/6/24 3:00,0,0
9/6/24 4:00,0,0
9/6/24 5:00,0.03174236,0.01086512
9/6/24 6:00,0.1986604,0.1878182
9/6/24 7:00,0.2902807,0.285294
9/6/24 8:00,0.5426021,0.5484905
9/6/24 9:00,0.6574132,0.6691103
9/6/24 10:00,0.9565544,0.9929785
9/6/24 11:00,0.9668269,1.004496
9/6/24 12:00,0.8183035,0.8430629
9/6/24 13:00,0.6142235,0.6205735
9/6/24 14:00,0.6082283,0.6190115
9/6/24 15:00,0.3510189,0.3474861
9/6/24 16:00,0.1209348,0.1173696
9/6/24 17:00,0.03830812,0.03024687
9/6/24 18:00,0,0
9/6/24 19:00,0,0
9/6/24 20:00,0,0
9/6/24 21:00,0,0
9/6/24 22:00,0,0
9/6/24 23:00,0,0
9/7/24 0:00,0,0
9/7/24 1:00,0,0
9/7/24 2:00,0,0
9/7/24 3:00,0,0
9/7/24 4:00,0,0
9/7/24 5:00,0.0267564,0.01475575
9/7/24 6:00,0.1306671,0.1263893
9/7/24 7:00,0.2336631,0.228477
9/7/24 8:00,0.3631764,0.3578905
9/7/24 9:00,0.6720623,0.6869343
9/7/24 10:00,0.928925,0.966184
9/7/24 11:00,0.8326522,0.8599266
9/7/24 12:00,1.044545,1.088361
9/7/24 13:00,0.9516965,0.9877869
9/7/24 14:00,0.7744558,0.7969069
9/7/24 15:00,0.5709127,0.5765986
9/7/24 16:00,0.2589267,0.248193
9/7/24 17:00,0.042099,0.02890329
9/7/24 18:00,0,0
9/7/24 19:00,0,0
9/7/24 20:00,0,0
9/7/24 21:00,0,0
9/7/24 22:00,0,0
9/7/24 23:00,0,0
9/8/24 0:00,0,0
9/8/24 1:00,0,0
9/8/24 2:00,0,0
9/8/24 3:00,0,0
9/8/24 4:00,0,0
9/8/24 5:00,0.03588234,0.005532708
9/8/24 6:00,0.09021389,0.08759797
9/8/24 7:00,0.08553807,0.08314271
9/8/24 8:00,0.4785488,0.481385
9/8/24 9:00,0.3659328,0.3584481
9/8/24 10:00,0.6043867,0.6076862
9/8/24 11:00,0.7524949,0.7714865
9/8/24 12:00,0.5070188,0.502134
9/8/24 13:00,0.3955722,0.3883764
9/8/24 14:00,0.09054923,0.08800875
9/8/24 15:00,0.1571684,0.1529075
9/8/24 16:00,0.0783764,0.07613713
9/8/24 17:00,0.01258638,0.01209966
9/8/24 18:00,0,0
9/8/24 19:00,0,0
9/8/24 20:00,0,0
9/8/24 21:00,0,0
9/8/24 22:00,0,0
9/8/24 23:00,0,0
9/9/24 0:00,0,0
9/9/24 1:00,0,0
9/9/24 2:00,0,0
9/9/24 3:00,0,0
9/9/24 4:00,0,0
9/9/24 5:00,0.03110191,0.009559515
9/9/24 6:00,0.2285637,0.2198418
9/9/24 7:00,0.4669991,0.4738342
9/9/24 8:00,0.6997268,0.7236963
9/9/24 9:00,0.8550058,0.8913585
9/9/24 10:00,0.9939859,1.040577
9/9/24 11:00,0.9457754,0.9894318
9/9/24 12:00,0.8862053,0.9247512
9/9/24 13:00,0.7167925,0.7397788
9/9/24 14:00,0.5154792,0.5222534
9/9/24 15:00,0.4315263,0.4366469
9/9/24 16:00,0.2792411,0.2712933
9/9/24 17:00,0.04211251,0.02531905
9/9/24 18:00,0,0
9/9/24 19:00,0,0
9/9/24 20:00,0,0
9/9/24 21:00,0,0
9/9/24 22:00,0,0
9/9/24 23:00,0,0
9/10/24 0:00,0,0
9/10/24 1:00,0,0
9/10/24 2:00,0,0
9/10/24 3:00,0,0
9/10/24 4:00,0,0
9/10/24 5:00,0.02564718,0.01401784
9/10/24 6:00,0.2159435,0.2096667
9/10/24 7:00,0.5332039,0.5447877
9/10/24 8:00,0.8023329,0.8338186
9/10/24 9:00,0.9471753,0.9913647
9/10/24 10:00,1.045941,1.098396
9/10/24 11:00,1.081753,1.13719
9/10/24 12:00,1.02728,1.078793
9/10/24 13:00,0.9423733,0.9866621
9/10/24 14:00,0.7114241,0.7391597
9/10/24 15:00,0.3821855,0.3851348
9/10/24 16:00,0.238123,0.2330647
9/10/24 17:00,0.03990589,0.02404325
9/10/24 18:00,0,0
9/10/24 19:00,0,0
9/10/24 20:00,0,0
9/10/24 21:00,0,0
9/10/24 22:00,0,0
9/10/24 23:00,0,0
9/11/24 0:00,0,0
9/11/24 1:00,0,0
9/11/24 2:00,0,0
9/11/24 3:00,0,0
9/11/24 4:00,0,0
9/11/24 5:00,0.02514094,0.01387755
9/11/24 6:00,0.04172361,0.04053518
9/11/24 7:00,0.0818307,0.07955401
9/11/24 8:00,0.08224835,0.07994376
9/11/24 9:00,0.249077,0.2425404
9/11/24 10:00,0.1810253,0.1760962
9/11/24 11:00,0.1212114,0.1178336
9/11/24 12:00,0.0549995,0.05343105
9/11/24 13:00,0.06251134,0.06073702
9/11/24 14:00,0.05363908,0.05211603
9/11/24 15:00,0.05994856,0.05826043
9/11/24 16:00,0.05929741,0.05762484
9/11/24 17:00,0.01076384,0.01034598
9/11/24 18:00,0,0
9/11/24 19:00,0,0
9/11/24 20:00,0,0
9/11/24 21:00,0,0
9/11/24 22:00,0,0
9/11/24 23:00,0,0
9/12/24 0:00,0,0
9/12/24 1:00,0,0
9/12/24 2:00,0,0
9/12/24 3:00,0,0
9/12/24 4:00,0,0
9/12/24 5:00,0.01927206,0.01533423
9/12/24 6:00,0.02104018,0.0204367
9/12/24 7:00,0.03562316,0.03460845
9/12/24 8:00,0.1663174,0.161846
9/12/24 9:00,0.2348061,0.2286101
9/12/24 10:00,0.1960837,0.1907852
9/12/24 11:00,0.1661915,0.1616405
9/12/24 12:00,0.1319323,0.1282783
9/12/24 13:00,0.008365003,0.008121812
9/12/24 14:00,0.1026069,0.09976101
9/12/24 15:00,0.02487264,0.02415931
9/12/24 16:00,0.04148071,0.04030591
9/12/24 17:00,0.01098875,0.0105511
9/12/24 18:00,0,0
9/12/24 19:00,0,0
9/12/24 20:00,0,0
9/12/24 21:00,0,0
9/12/24 22:00,0,0
9/12/24 23:00,0,0
9/13/24 0:00,0,0
9/13/24 1:00,0,0
9/13/24 2:00,0,0
9/13/24 3:00,0,0
9/13/24 4:00,0,0
9/13/24 5:00,0.01845617,0.01501703
9/13/24 6:00,0.1510326,0.148406
9/13/24 7:00,0.4599523,0.4761383
9/13/24 8:00,0.406542,0.4066848
9/13/24 9:00,0.5388401,0.5446649
9/13/24 10:00,0.7213777,0.746407
9/13/24 11:00,0.9890153,1.046984
9/13/24 12:00,0.8503789,0.8944507
9/13/24 13:00,0.7536551,0.7900241
9/13/24 14:00,0.5372935,0.5529589
9/13/24 15:00,0.3545656,0.3589473
9/13/24 16:00,0.1900232,0.1884099
9/13/24 17:00,0.03523237,0.01963896
9/13/24 18:00,0,0
9/13/24 19:00,0,0
9/13/24 20:00,0,0
9/13/24 21:00,0,0
9/13/24 22:00,0,0
9/13/24 23:00,0,0
9/14/24 0:00,0,0
9/14/24 1:00,0,0
9/14/24 2:00,0,0
9/14/24 3:00,0,0
9/14/24 4:00,0,0
9/14/24 5:00,0.02236504,0.01417746
9/14/24 6:00,0.05385866,0.05236097
9/14/24 7:00,0.1720856,0.167808
9/14/24 8:00,0.3552314,0.3518999
9/14/24 9:00,0.4174728,0.4128375
9/14/24 10:00,0.8395683,0.8847696
9/14/24 11:00,0.9722256,1.031518
9/14/24 12:00,0.8666512,0.9152856
9/14/24 13:00,0.5555227,0.5639641
9/14/24 14:00,0.4594131,0.4656563
9/14/24 15:00,0.124335,0.1209954
9/14/24 16:00,0.1141851,0.1114817
9/14/24 17:00,0.005718128,0.005517325
9/14/24 18:00,0,0
9/14/24 19:00,0,0
9/14/24 20:00,0,0
9/14/24 21:00,0,0
9/14/24 22:00,0,0
9/14/24 23:00,0,0
9/15/24 0:00,0,0
9/15/24 1:00,0,0
9/15/24 2:00,0,0
9/15/24 3:00,0,0
9/15/24 4:00,0,0
9/15/24 5:00,0.02348591,0.01308786
9/15/24 6:00,0.0499951,0.0486093
9/15/24 7:00,0.03013164,0.02927298
9/15/24 8:00,0.06249714,0.06073763
9/15/24 9:00,0.1053781,0.1024521
9/15/24 10:00,0.05880982,0.05713875
9/15/24 11:00,0.1830808,0.1781245
9/15/24 12:00,0.2893718,0.2819746
9/15/24 13:00,0.3011555,0.2939946
9/15/24 14:00,0.1488221,0.1448176
9/15/24 15:00,0.1746684,0.1703718
9/15/24 16:00,0.05710175,0.05552857
9/15/24 17:00,0.004096295,0.003958289
9/15/24 18:00,0,0
9/15/24 19:00,0,0
9/15/24 20:00,0,0
9/15/24 21:00,0,0
9/15/24 22:00,0,0
9/15/24 23:00,0,0
9/16/24 0:00,0,0
9/16/24 1:00,0,0
9/16/24 2:00,0,0
9/16/24 3:00,0,0
9/16/24 4:00,0,0
9/16/24 5:00,0.0178421,0.0143471
9/16/24 6:00,0.07858875,0.07650227
9/16/24 7:00,0.08801652,0.08561314
9/16/24 8:00,0.1520621,0.1479926
9/16/24 9:00,0.4301561,0.4269421
9/16/24 10:00,0.3106596,0.3029891
9/16/24 11:00,0.3036432,0.295956
9/16/24 12:00,0.3102459,0.3025726
9/16/24 13:00,0.2000344,0.1947285
9/16/24 14:00,0.1362896,0.1326073
9/16/24 15:00,0.1896169,0.1853394
9/16/24 16:00,0.115337,0.1129454
9/16/24 17:00,0.02368303,0.01727441
9/16/24 18:00,0,0
9/16/24 19:00,0,0
9/16/24 20:00,0,0
9/16/24 21:00,0,0
9/16/24 22:00,0,0
9/16/24 23:00,0,0
9/17/24 0:00,0,0
9/17/24 1:00,0,0
9/17/24 2:00,0,0
9/17/24 3:00,0,0
9/17/24 4:00,0,0
9/17/24 5:00,0.02725405,0.008525242
9/17/24 6:00,0.1570162,0.1571933
9/17/24 7:00,0.2738032,0.2735925
9/17/24 8:00,0.4030631,0.4053175
9/17/24 9:00,0.653886,0.6830263
9/17/24 10:00,0.7419968,0.7775445
9/17/24 11:00,0.7042004,0.7293637
9/17/24 12:00,0.5942096,0.6039591
9/17/24 13:00,0.3572924,0.3508373
9/17/24 14:00,0.5811362,0.6116954
9/17/24 15:00,0.3333163,0.3401879
9/17/24 16:00,0.07894952,0.07687642
9/17/24 17:00,0.020594,0.01591211
9/17/24 18:00,0,0
9/17/24 19:00,0,0
9/17/24 20:00,0,0
9/17/24 21:00,0,0
9/17/24 22:00,0,0
9/17/24 23:00,0,0
9/18/24 0:00,0,0
9/18/24 1:00,0,0
9/18/24 2:00,0,0
9/18/24 3:00,0,0
9/18/24 4:00,0,0
9/18/24 5:00,0.02490103,0.01030303
9/18/24 6:00,0.1600998,0.1613576
9/18/24 7:00,0.3268815,0.334131
9/18/24 8:00,0.5562291,0.5847077
9/18/24 9:00,0.7799163,0.8324444
9/18/24 10:00,0.8944535,0.9571295
9/18/24 11:00,0.9039784,0.9661267
9/18/24 12:00,0.7163259,0.7488111
9/18/24 13:00,0.393309,0.3884242
9/18/24 14:00,0.3873474,0.3883964
9/18/24 15:00,0.3700277,0.3845057
9/18/24 16:00,0.1779825,0.1814679
9/18/24 17:00,0.0242396,0.01205948
9/18/24 18:00,0,0
9/18/24 19:00,0,0
9/18/24 20:00,0,0
9/18/24 21:00,0,0
9/18/24 22:00,0,0
9/18/24 23:00,0,0
9/19/24 0:00,0,0
9/19/24 1:00,0,0
9/19/24 2:00,0,0
9/19/24 3:00,0,0
9/19/24 4:00,0,0
9/19/24 5:00,0.02932745,0.01106562
9/19/24 6:00,0.1351057,0.1344788
9/19/24 7:00,0.2491856,0.2477178
9/19/24 8:00,0.642545,0.687595
9/19/24 9:00,0.7295232,0.7764786
9/19/24 10:00,0.8128238,0.8654984
9/19/24 11:00,0.5143973,0.5136268
9/19/24 12:00,0.8294389,0.8850344
9/19/24 13:00,0.6167589,0.6422657
9/19/24 14:00,0.4365832,0.4450688
9/19/24 15:00,0.3776727,0.3954898
9/19/24 16:00,0.1579034,0.1598548
9/19/24 17:00,0.01442228,0.01256693
9/19/24 18:00,0,0
9/19/24 19:00,0,0
9/19/24 20:00,0,0
9/19/24 21:00,0,0
9/19/24 22:00,0,0
9/19/24 23:00,0,0
9/20/24 0:00,0,0
9/20/24 1:00,0,0
9/20/24 2:00,0,0
9/20/24 3:00,0,0
9/20/24 4:00,0,0
9/20/24 5:00,0.0251627,0.02052785
9/20/24 6:00,0.09625793,0.09418935
9/20/24 7:00,0.1597492,0.1558551
9/20/24 8:00,0.2663001,0.2608339
9/20/24 9:00,0.4720922,0.4746325
9/20/24 10:00,0.4970556,0.4967455
9/20/24 11:00,0.7593493,0.8003736
9/20/24 12:00,0.632462,0.6519902
9/20/24 13:00,0.7172052,0.7644852
9/20/24 14:00,0.5153838,0.5399409
9/20/24 15:00,0.4011498,0.4256737
9/20/24 16:00,0.1432279,0.1442083
9/20/24 17:00,0.01481336,0
9/20/24 18:00,0,0
9/20/24 19:00,0,0
9/20/24 20:00,0,0
9/20/24 21:00,0,0
9/20/24 22:00,0,0
9/20/24 23:00,0,0
9/21/24 0:00,0,0
9/21/24 1:00,0,0
9/21/24 2:00,0,0
9/21/24 3:00,0,0
9/21/24 4:00,0,0
9/21/24 5:00,0.02341279,0.03096645
9/21/24 6:00,0.08807259,0.08604579
9/21/24 7:00,0.1523288,0.1485595
9/21/24 8:00,0.4479976,0.4602026
9/21/24 9:00,0.1034171,0.1005647
9/21/24 10:00,0.1583147,0.1540372
9/21/24 11:00,0.4949039,0.4932262
9/21/24 12:00,0.6441271,0.667247
9/21/24 13:00,0.3580728,0.3523682
9/21/24 14:00,0.1401886,0.1364664
9/21/24 15:00,0.04718392,0.0458688
9/21/24 16:00,0.0650925,0.06341956
9/21/24 17:00,0.006234862,0
9/21/24 18:00,0,0
9/21/24 19:00,0,0
9/21/24 20:00,0,0
9/21/24 21:00,0,0
9/21/24 22:00,0,0
9/21/24 23:00,0,0
9/22/24 0:00,0,0
9/22/24 1:00,0,0
9/22/24 2:00,0,0
9/22/24 3:00,0,0
9/22/24 4:00,0,0
9/22/24 5:00,0.01360246,0.01637541
9/22/24 6:00,0.1772572,0.1857269
9/22/24 7:00,0.4995324,0.5439971
9/22/24 8:00,0.7439259,0.8087577
9/22/24 9:00,0.8429397,0.9145027
9/22/24 10:00,0.8817068,0.9533834
9/22/24 11:00,1.022824,1.109803
9/22/24 12:00,0.956786,1.03796
9/22/24 13:00,0.8507308,0.9232933
9/22/24 14:00,0.5552325,0.5924498
9/22/24 15:00,0.3538318,0.3726802
9/22/24 16:00,0.1967387,0.2116148
9/22/24 17:00,0.02550995,0
9/22/24 18:00,0,0
9/22/24 19:00,0,0
9/22/24 20:00,0,0
9/22/24 21:00,0,0
9/22/24 22:00,0,0
9/22/24 23:00,0,0
9/23/24 0:00,0,0
9/23/24 1:00,0,0
9/23/24 2:00,0,0
9/23/24 3:00,0,0
9/23/24 4:00,0,0
9/23/24 5:00,0.021758,0.06640603
9/23/24 6:00,0.1856409,0.1976805
9/23/24 7:00,0.3465996,0.3638973
9/23/24 8:00,0.51577,0.5448985
9/23/24 9:00,0.5481709,0.5652077
9/23/24 10:00,0.6259751,0.6477621
9/23/24 11:00,0.8949649,0.9690478
9/23/24 12:00,0.692667,0.7292983
9/23/24 13:00,0.7620509,0.8252447
9/23/24 14:00,0.5650031,0.6067508
9/23/24 15:00,0.2260956,0.2246096
9/23/24 16:00,0.1207547,0.1210363
9/23/24 17:00,0.009032784,0
9/23/24 18:00,0,0
9/23/24 19:00,0,0
9/23/24 20:00,0,0
9/23/24 21:00,0,0
9/23/24 22:00,0,0
9/23/24 23:00,0,0
9/24/24 0:00,0,0
9/24/24 1:00,0,0
9/24/24 2:00,0,0
9/24/24 3:00,0,0
9/24/24 4:00,0,0
9/24/24 5:00,0.01849927,0
9/24/24 6:00,0.2265326,0.2515671
9/24/24 7:00,0.4614756,0.5064902
9/24/24 8:00,0.6071662,0.6588294
9/24/24 9:00,0.8062973,0.8787417
9/24/24 10:00,0.9549825,1.041798
9/24/24 11:00,0.8006284,0.8589189
9/24/24 12:00,0.6046065,0.6238234
9/24/24 13:00,0.6088872,0.6415517
9/24/24 14:00,0.4980712,0.5264958
9/24/24 15:00,0.3520562,0.3745384
9/24/24 16:00,0.1624503,0.1725041
9/24/24 17:00,0.01830562,0
9/24/24 18:00,0,0
9/24/24 19:00,0,0
9/24/24 20:00,0,0
9/24/24 21:00,0,0
9/24/24 22:00,0,0
9/24/24 23:00,0,0
9/25/24 0:00,0,0
9/25/24 1:00,0,0
9/25/24 2:00,0,0
9/25/24 3:00,0,0
9/25/24 4:00,0,0
9/25/24 5:00,0.02538774,0
9/25/24 6:00,0.2360619,0.2659679
9/25/24 7:00,0.5050865,0.5590889
9/25/24 8:00,0.6998915,0.7691327
9/25/24 9:00,0.9350595,1.025544
9/25/24 10:00,0.9852258,1.078241
9/25/24 11:00,1.023018,1.119234
9/25/24 12:00,1.018539,1.115351
9/25/24 13:00,0.8601165,0.9426387
9/25/24 14:00,0.7025539,0.7725977
9/25/24 15:00,0.502835,0.5573942
9/25/24 16:00,0.2360069,0.2680976
9/25/24 17:00,0.01719298,0
9/25/24 18:00,0,0
9/25/24 19:00,0,0
9/25/24 20:00,0,0
9/25/24 21:00,0,0
9/25/24 22:00,0,0
9/25/24 23:00,0,0
9/26/24 0:00,0,0
9/26/24 1:00,0,0
9/26/24 2:00,0,0
9/26/24 3:00,0,0
9/26/24 4:00,0,0
9/26/24 5:00,0.01868325,0
9/26/24 6:00,0.1116064,0.1110266
9/26/24 7:00,0.0904488,0.08807029
9/26/24 8:00,0.1160424,0.1129443
9/26/24 9:00,0.1854949,0.180669
9/26/24 10:00,0.4482629,0.4458376
9/26/24 11:00,0.679117,0.7128876
9/26/24 12:00,0.7724091,0.8338868
9/26/24 13:00,0.5051023,0.5181196
9/26/24 14:00,0.4280027,0.4433604
9/26/24 15:00,0.325695,0.3451957
9/26/24 16:00,0.131051,0.1356126
9/26/24 17:00,0.006494413,0
9/26/24 18:00,0,0
9/26/24 19:00,0,0
9/26/24 20:00,0,0
9/26/24 21:00,0,0
9/26/24 22:00,0,0
9/26/24 23:00,0,0
9/27/24 0:00,0,0
9/27/24 1:00,0,0
9/27/24 2:00,0,0
9/27/24 3:00,0,0
9/27/24 4:00,0,0
9/27/24 5:00,0.01700261,0
9/27/24 6:00,0.09427127,0.09277031
9/27/24 7:00,0.267488,0.2719238
9/27/24 8:00,0.2769682,0.2725273
9/27/24 9:00,0.2078574,0.2025481
9/27/24 10:00,0.1695867,0.1650828
9/27/24 11:00,0.1769006,0.1722058
9/27/24 12:00,0.3133259,0.3062063
9/27/24 13:00,0.4905725,0.5018889
9/27/24 14:00,0.4062336,0.4182002
9/27/24 15:00,0.2436051,0.2462342
9/27/24 16:00,0.07338376,0.07185744
9/27/24 17:00,0.002650819,0
9/27/24 18:00,0,0
9/27/24 19:00,0,0
9/27/24 20:00,0,0
9/27/24 21:00,0,0
9/27/24 22:00,0,0
9/27/24 23:00,0,0
9/28/24 0:00,0,0
9/28/24 1:00,0,0
9/28/24 2:00,0,0
9/28/24 3:00,0,0
9/28/24 4:00,0,0
9/28/24 5:00,0.01240938,0
9/28/24 6:00,0.1200386,0.1210199
9/28/24 7:00,0.240277,0.2411547
9/28/24 8:00,0.2581613,0.2532981
9/28/24 9:00,0.3396396,0.3342321
9/28/24 10:00,0.3432911,0.3363505
9/28/24 11:00,0.4804929,0.4804025
9/28/24 12:00,0.8522311,0.9359899
9/28/24 13:00,0.7939588,0.8769248
9/28/24 14:00,0.5367778,0.5841749
9/28/24 15:00,0.2605676,0.2670176
9/28/24 16:00,0.09257753,0.09204436
9/28/24 17:00,0.005041834,0
9/28/24 18:00,0,0
9/28/24 19:00,0,0
9/28/24 20:00,0,0
9/28/24 21:00,0,0
9/28/24 22:00,0,0
9/28/24 23:00,0,0
9/29/24 0:00,0,0
9/29/24 1:00,0,0
9/29/24 2:00,0,0
9/29/24 3:00,0,0
9/29/24 4:00,0,0
9/29/24 5:00,0.01907334,0
9/29/24 6:00,0.1572403,0.1683877
9/29/24 7:00,0.3514743,0.3794059
9/29/24 8:00,0.5845011,0.643238
9/29/24 9:00,0.8764376,0.9726604
9/29/24 10:00,0.8957112,0.9892337
9/29/24 11:00,1.083695,1.199905
9/29/24 12:00,1.043638,1.156696
9/29/24 13:00,0.8233757,0.9137142
9/29/24 14:00,0.6452356,0.7199976
9/29/24 15:00,0.4452858,0.5043776
9/29/24 16:00,0.2043529,0.2430094
9/29/24 17:00,0.01085555,0
9/29/24 18:00,0,0
9/29/24 19:00,0,0
9/29/24 20:00,0,0
9/29/24 21:00,0,0
9/29/24 22:00,0,0
9/29/24 23:00,0,0
9/30/24 0:00,0,0
9/30/24 1:00,0,0
9/30/24 2:00,0,0
9/30/24 3:00,0,0
9/30/24 4:00,0,0
9/30/24 5:00,0.01565991,0
9/30/24 6:00,0.1230736,0.1253579
9/30/24 7:00,0.1978831,0.1954645
9/30/24 8:00,0.3043118,0.3019044
9/30/24 9:00,0.5615649,0.5901841
9/30/24 10:00,0.7592014,0.82577
9/30/24 11:00,1.012903,1.123567
9/30/24 12:00,0.9321423,1.034496
9/30/24 13:00,0.8055167,0.8963322
9/30/24 14:00,0.4926992,0.5322326
9/30/24 15:00,0.2988139,0.3177585
9/30/24 16:00,0.1340429,0.1455491
9/30/24 17:00,0.008325342,0
9/30/24 18:00,0,0
9/30/24 19:00,0,0
9/30/24 20:00,0,0
9/30/24 21:00,0,0
9/30/24 22:00,0,0
9/30/24 23:00,0,0
10/1/24 0:00,0,0
10/1/24 1:00,0,0
10/1/24 2:00,0,0
10/1/24 3:00,0,0
10/1/24 4:00,0,0
10/1/24 5:00,0.01677658,0
10/1/24 6:00,0.01720338,0.0167295
10/1/24 7:00,0.1085779,0.1058569
10/1/24 8:00,0.3191375,0.3182845
10/1/24 9:00,0.590234,0.6280466
10/1/24 10:00,0.5999179,0.6258296
10/1/24 11:00,0.7195711,0.7727459
10/1/24 12:00,0.6270952,0.6613972
10/1/24 13:00,0.5852904,0.6250923
10/1/24 14:00,0.3057242,0.3049692
10/1/24 15:00,0.1545097,0.1514347
10/1/24 16:00,0.04623343,0.04514804
10/1/24 17:00,0.000736247,0
10/1/24 18:00,0,0
10/1/24 19:00,0,0
10/1/24 20:00,0,0
10/1/24 21:00,0,0
10/1/24 22:00,0,0
10/1/24 23:00,0,0
10/2/24 0:00,0,0
10/2/24 1:00,0,0
10/2/24 2:00,0,0
10/2/24 3:00,0,0
10/2/24 4:00,0,0
10/2/24 5:00,0.01552873,0
10/2/24 6:00,0.08657853,0.08524182
10/2/24 7:00,0.1659624,0.1626735
10/2/24 8:00,0.3804266,0.3889817
10/2/24 9:00,0.2548298,0.2487936
10/2/24 10:00,0.1149383,0.1118117
10/2/24 11:00,0.200517,0.1953301
10/2/24 12:00,0.4811759,0.485757
10/2/24 13:00,0.2579011,0.251951
10/2/24 14:00,0.266218,0.2627865
10/2/24 15:00,0.06038179,0.05877715
10/2/24 16:00,0.04511212,0.04406686
10/2/24 17:00,0.00180315,0
10/2/24 18:00,0,0
10/2/24 19:00,0,0
10/2/24 20:00,0,0
10/2/24 21:00,0,0
10/2/24 22:00,0,0
10/2/24 23:00,0,0
10/3/24 0:00,0,0
10/3/24 1:00,0,0
10/3/24 2:00,0,0
10/3/24 3:00,0,0
10/3/24 4:00,0,0
10/3/24 5:00,0.01499832,0
10/3/24 6:00,0.06923833,0.06774856
10/3/24 7:00,0.0650425,0.06331395
10/3/24 8:00,0.1577566,0.1537917
10/3/24 9:00,0.2210807,0.21561
10/3/24 10:00,0.5818945,0.6058487
10/3/24 11:00,0.729001,0.7890121
10/3/24 12:00,0.5156469,0.5266939
10/3/24 13:00,0.5612602,0.5978637
10/3/24 14:00,0.2829542,0.2808731
10/3/24 15:00,0.2223991,0.2257064
10/3/24 16:00,0.05967394,0.05849584
10/3/24 17:00,0.00397106,0
10/3/24 18:00,0,0
10/3/24 19:00,0,0
10/3/24 20:00,0,0
10/3/24 21:00,0,0
10/3/24 22:00,0,0
10/3/24 23:00,0,0
10/4/24 0:00,0,0
10/4/24 1:00,0,0
10/4/24 2:00,0,0
10/4/24 3:00,0,0
10/4/24 4:00,0,0
10/4/24 5:00,0.01634916,0
10/4/24 6:00,0.1474671,0.1603445
10/4/24 7:00,0.3497234,0.3858029
10/4/24 8:00,0.5507487,0.6115989
10/4/24 9:00,0.6382098,0.6958147
10/4/24 10:00,0.7853719,0.8687014
10/4/24 11:00,0.6883746,0.7384709
10/4/24 12:00,0.782208,0.866798
10/4/24 13:00,0.7465667,0.8384441
10/4/24 14:00,0.6586342,0.7511461
10/4/24 15:00,0.4157264,0.4846414
10/4/24 16:00,0.1569866,0.1924165
10/4/24 17:00,0.006316978,0
10/4/24 18:00,0,0
10/4/24 19:00,0,0
10/4/24 20:00,0,0
10/4/24 21:00,0,0
10/4/24 22:00,0,0
10/4/24 23:00,0,0
10/5/24 0:00,0,0
10/5/24 1:00,0,0
10/5/24 2:00,0,0
10/5/24 3:00,0,0
10/5/24 4:00,0,0
10/5/24 5:00,0.01005292,0
10/5/24 6:00,0.03086095,0.03006877
10/5/24 7:00,0.217189,0.2175229
10/5/24 8:00,0.2440876,0.2395556
10/5/24 9:00,0.2913087,0.2854533
10/5/24 10:00,0.6219167,0.6591352
10/5/24 11:00,0.9809893,1.103034
10/5/24 12:00,0.9118254,1.026586
10/5/24 13:00,0.536423,0.5691859
10/5/24 14:00,0.1912926,0.186851
10/5/24 15:00,0.1202672,0.1174807
10/5/24 16:00,0.1342607,0.1581297
10/5/24 17:00,0.005424659,0
10/5/24 18:00,0,0
10/5/24 19:00,0,0
10/5/24 20:00,0,0
10/5/24 21:00,0,0
10/5/24 22:00,0,0
10/5/24 23:00,0,0
10/6/24 0:00,0,0
10/6/24 1:00,0,0
10/6/24 2:00,0,0
10/6/24 3:00,0,0
10/6/24 4:00,0,0
10/6/24 5:00,0.01424308,0
10/6/24 6:00,0.2084977,0.2591726
10/6/24 7:00,0.4167447,0.4829311
10/6/24 8:00,0.6996519,0.8020936
10/6/24 9:00,0.8648087,0.9811367
10/6/24 10:00,0.9598579,1.083751
10/6/24 11:00,1.04232,1.176462
10/6/24 12:00,0.9169037,1.035446
10/6/24 13:00,0.8587699,0.9762591
10/6/24 14:00,0.6794295,0.7819663
10/6/24 15:00,0.4191934,0.4956964
10/6/24 16:00,0.1438504,0.1778897
10/6/24 17:00,0.004528518,0
10/6/24 18:00,0,0
10/6/24 19:00,0,0
10/6/24 20:00,0,0
10/6/24 21:00,0,0
10/6/24 22:00,0,0
10/6/24 23:00,0,0
10/7/24 0:00,0,0
10/7/24 1:00,0,0
10/7/24 2:00,0,0
10/7/24 3:00,0,0
10/7/24 4:00,0,0
10/7/24 5:00,0.01384094,0
10/7/24 6:00,0.2006933,0.2498696
10/7/24 7:00,0.3518813,0.3945576
10/7/24 8:00,0.6451967,0.7405608
10/7/24 9:00,0.8039085,0.9133984
10/7/24 10:00,0.8616326,0.9718923
10/7/24 11:00,0.8493767,0.9530305
10/7/24 12:00,0.9176506,1.039344
10/7/24 13:00,0.5899866,0.6437556
10/7/24 14:00,0.5212795,0.5881582
10/7/24 15:00,0.4166502,0.4959069
10/7/24 16:00,0.1759855,0.2347123
10/7/24 17:00,0.003430846,0
10/7/24 18:00,0,0
10/7/24 19:00,0,0
10/7/24 20:00,0,0
10/7/24 21:00,0,0
10/7/24 22:00,0,0
10/7/24 23:00,0,0
10/8/24 0:00,0,0
10/8/24 1:00,0,0
10/8/24 2:00,0,0
10/8/24 3:00,0,0
10/8/24 4:00,0,0
10/8/24 5:00,0.01187847,0
10/8/24 6:00,0.1461022,0.1631372
10/8/24 7:00,0.3305499,0.3659115
10/8/24 8:00,0.5300134,0.5928658
10/8/24 9:00,0.8102622,0.9239012
10/8/24 10:00,0.8071755,0.9070528
10/8/24 11:00,0.8397743,0.9438388
10/8/24 12:00,0.6873993,0.7535245
10/8/24 13:00,0.6566962,0.735419
10/8/24 14:00,0.4885963,0.5462045
10/8/24 15:00,0.3056051,0.3444282
10/8/24 16:00,0.159001,0.2122864
10/8/24 17:00,0.003679212,0
10/8/24 18:00,0,0
10/8/24 19:00,0,0
10/8/24 20:00,0,0
10/8/24 21:00,0,0
10/8/24 22:00,0,0
10/8/24 23:00,0,0
10/9/24 0:00,0,0
10/9/24 1:00,0,0
10/9/24 2:00,0,0
10/9/24 3:00,0,0
10/9/24 4:00,0,0
10/9/24 5:00,0.01565366,0
10/9/24 6:00,0.2279045,0.2970219
10/9/24 7:00,0.3786791,0.4374999
10/9/24 8:00,0.4810256,0.5275372
10/9/24 9:00,0.6580327,0.7332019
10/9/24 10:00,0.8650292,0.9818579
10/9/24 11:00,0.9294513,1.055897
10/9/24 12:00,0.797841,0.9007208
10/9/24 13:00,0.7697435,0.8819146
10/9/24 14:00,0.6534487,0.761366
10/9/24 15:00,0.4197159,0.506507
10/9/24 16:00,0.1671455,0.2299098
10/9/24 17:00,0.003300747,0
10/9/24 18:00,0,0
10/9/24 19:00,0,0
10/9/24 20:00,0,0
10/9/24 21:00,0,0
10/9/24 22:00,0,0
10/9/24 23:00,0,0
10/10/24 0:00,0,0
10/10/24 1:00,0,0
10/10/24 2:00,0,0
10/10/24 3:00,0,0
10/10/24 4:00,0,0
10/10/24 5:00,0.008555566,0
10/10/24 6:00,0.1006929,0.1021403
10/10/24 7:00,0.1654118,0.1627146
10/10/24 8:00,0.343069,0.3493228
10/10/24 9:00,0.3743759,0.3740532
10/10/24 10:00,0.1179934,0.1148273
10/10/24 11:00,0.3155258,0.308937
10/10/24 12:00,0.6282594,0.6787773
10/10/24 13:00,0.770767,0.8862528
10/10/24 14:00,0.5180559,0.5924909
10/10/24 15:00,0.2860879,0.3205494
10/10/24 16:00,0.1280967,0.1647765
10/10/24 17:00,0.002398199,0
10/10/24 18:00,0,0
10/10/24 19:00,0,0
10/10/24 20:00,0,0
10/10/24 21:00,0,0
10/10/24 22:00,0,0
10/10/24 23:00,0,0
10/11/24 0:00,0,0
10/11/24 1:00,0,0
10/11/24 2:00,0,0
10/11/24 3:00,0,0
10/11/24 4:00,0,0
10/11/24 5:00,0.008379394,0
10/11/24 6:00,0.1318724,0.1448006
10/11/24 7:00,0.3566246,0.4098709
10/11/24 8:00,0.5122187,0.574924
10/11/24 9:00,0.6753052,0.7612621
10/11/24 10:00,0.7659706,0.8618438
10/11/24 11:00,0.6630336,0.7184174
10/11/24 12:00,0.9195493,1.053986
10/11/24 13:00,0.8193386,0.9466678
10/11/24 14:00,0.6385224,0.7501658
10/11/24 15:00,0.3715726,0.4501392
10/11/24 16:00,0.1143483,0.1419847
10/11/24 17:00,0.001973617,0
10/11/24 18:00,0,0
10/11/24 19:00,0,0
10/11/24 20:00,0,0
10/11/24 21:00,0,0
10/11/24 22:00,0,0
10/11/24 23:00,0,0
10/12/24 0:00,0,0
10/12/24 1:00,0,0
10/12/24 2:00,0,0
10/12/24 3:00,0,0
10/12/24 4:00,0,0
10/12/24 5:00,0.009192643,0
10/12/24 6:00,0.1555007,0.185046
10/12/24 7:00,0.4045662,0.4825124
10/12/24 8:00,0.5744941,0.6635348
10/12/24 9:00,0.7256994,0.8305503
10/12/24 10:00,0.6992189,0.7749421
10/12/24 11:00,0.8978339,1.027281
10/12/24 12:00,0.7841227,0.8918315
10/12/24 13:00,0.5613493,0.6158645
10/12/24 14:00,0.4964218,0.5681571
10/12/24 15:00,0.3491722,0.4214708
10/12/24 16:00,0.1061487,0.1295156
10/12/24 17:00,0.001307464,0
10/12/24 18:00,0,0
10/12/24 19:00,0,0
10/12/24 20:00,0,0
10/12/24 21:00,0,0
10/12/24 22:00,0,0
10/12/24 23:00,0,0
10/13/24 0:00,0,0
10/13/24 1:00,0,0
10/13/24 2:00,0,0
10/13/24 3:00,0,0
10/13/24 4:00,0,0
10/13/24 5:00,0.007981959,0
10/13/24 6:00,0.08791993,0.08804107
10/13/24 7:00,0.180998,0.1794838
10/13/24 8:00,0.3215618,0.3254546
10/13/24 9:00,0.6100276,0.6767874
10/13/24 10:00,0.4359839,0.4387928
10/13/24 11:00,0.4886115,0.4980163
10/13/24 12:00,0.5442044,0.5727174
10/13/24 13:00,0.3566284,0.3572841
10/13/24 14:00,0.5452373,0.6388729
10/13/24 15:00,0.2938153,0.3399891
10/13/24 16:00,0.1007233,0.1221395
10/13/24 17:00,0.001064954,0
10/13/24 18:00,0,0
10/13/24 19:00,0,0
10/13/24 20:00,0,0
10/13/24 21:00,0,0
10/13/24 22:00,0,0
10/13/24 23:00,0,0
10/14/24 0:00,0,0
10/14/24 1:00,0,0
10/14/24 2:00,0,0
10/14/24 3:00,0,0
10/14/24 4:00,0,0
10/14/24 5:00,0.01442545,0
10/14/24 6:00,0.1637424,0.2042307
10/14/24 7:00,0.3933171,0.47181
10/14/24 8:00,0.6440053,0.7597653
10/14/24 9:00,0.7903816,0.9178208
10/14/24 10:00,0.85893,0.9891066
10/14/24 11:00,0.4899761,0.5003411
10/14/24 12:00,0.4316939,0.4357254
10/14/24 13:00,0.2485386,0.2432945
10/14/24 14:00,0.4482927,0.5045117
10/14/24 15:00,0.3848779,0.4789955
10/14/24 16:00,0.1269086,0.1804855
10/14/24 17:00,0.00058485,0
10/14/24 18:00,0,0
10/14/24 19:00,0,0
10/14/24 20:00,0,0
10/14/24 21:00,0,0
10/14/24 22:00,0,0
10/14/24 23:00,0,0
10/15/24 0:00,0,0
10/15/24 1:00,0,0
10/15/24 2:00,0,0
10/15/24 3:00,0,0
10/15/24 4:00,0,0
10/15/24 5:00,0.01014332,0
10/15/24 6:00,0.1202263,0.1310651
10/15/24 7:00,0.2222956,0.2272348
10/15/24 8:00,0.5085219,0.578656
10/15/24 9:00,0.6760167,0.7725136
10/15/24 10:00,0.6549362,0.7208977
10/15/24 11:00,0.832697,0.9549299
10/15/24 12:00,0.9254677,1.073587
10/15/24 13:00,0.8174108,0.9574181
10/15/24 14:00,0.5935463,0.7083722
10/15/24 15:00,0.3757246,0.4700715
10/15/24 16:00,0.114402,0.1582724
10/15/24 17:00,0.000823746,0
10/15/24 18:00,0,0
10/15/24 19:00,0,0
10/15/24 20:00,0,0
10/15/24 21:00,0,0
10/15/24 22:00,0,0
10/15/24 23:00,0,0
10/16/24 0:00,0,0
10/16/24 1:00,0,0
10/16/24 2:00,0,0
10/16/24 3:00,0,0
10/16/24 4:00,0,0
10/16/24 5:00,0.009791312,0
10/16/24 6:00,0.09112808,0.0924271
10/16/24 7:00,0.3585523,0.424545
10/16/24 8:00,0.2274818,0.2234989
10/16/24 9:00,0.3592974,0.3592052
10/16/24 10:00,0.3482551,0.3436697
10/16/24 11:00,0.4192848,0.4195946
10/16/24 12:00,0.5902475,0.6385416
10/16/24 13:00,0.4368213,0.4554009
10/16/24 14:00,0.2963286,0.3019603
10/16/24 15:00,0.1037693,0.1015543
10/16/24 16:00,0.06170184,0.06367515
10/16/24 17:00,0.000234018,0
10/16/24 18:00,0,0
10/16/24 19:00,0,0
10/16/24 20:00,0,0
10/16/24 21:00,0,0
10/16/24 22:00,0,0
10/16/24 23:00,0,0
10/17/24 0:00,0,0
10/17/24 1:00,0,0
10/17/24 2:00,0,0
10/17/24 3:00,0,0
10/17/24 4:00,0,0
10/17/24 5:00,0.009854227,0
10/17/24 6:00,0.1682191,0.2206633
10/17/24 7:00,0.2016607,0.2034816
10/17/24 8:00,0.3645256,0.3807357
10/17/24 9:00,0.4392455,0.4539599
10/17/24 10:00,0.7092683,0.8005778
10/17/24 11:00,0.7156116,0.8033037
10/17/24 12:00,0.6851355,0.7722788
10/17/24 13:00,0.6898522,0.8058947
10/17/24 14:00,0.4494655,0.5138625
10/17/24 15:00,0.2794436,0.3282434
10/17/24 16:00,0.09039218,0.1135111
10/17/24 17:00,0.000234742,0
10/17/24 18:00,0,0
10/17/24 19:00,0,0
10/17/24 20:00,0,0
10/17/24 21:00,0,0
10/17/24 22:00,0,0
10/17/24 23:00,0,0
10/18/24 0:00,0,0
10/18/24 1:00,0,0
10/18/24 2:00,0,0
10/18/24 3:00,0,0
10/18/24 4:00,0,0
10/18/24 5:00,0.009446034,0
10/18/24 6:00,0.05392699,0.05294791
10/18/24 7:00,0.2014474,0.2035644
10/18/24 8:00,0.5144832,0.5944139
10/18/24 9:00,0.8500078,1.001341
10/18/24 10:00,0.8436788,0.9819167
10/18/24 11:00,0.9639897,1.12393
10/18/24 12:00,0.9078387,1.062137
10/18/24 13:00,0.6425097,0.7446077
10/18/24 14:00,0.5236279,0.6250023
10/18/24 15:00,0.3493862,0.4430682
10/18/24 16:00,0.1354726,0.2187689
10/18/24 17:00,0.000159595,0
10/18/24 18:00,0,0
10/18/24 19:00,0,0
10/18/24 20:00,0,0
10/18/24 21:00,0,0
10/18/24 22:00,0,0
10/18/24 23:00,0,0
10/19/24 0:00,0,0
10/19/24 1:00,0,0
10/19/24 2:00,0,0
10/19/24 3:00,0,0
10/19/24 4:00,0,0
10/19/24 5:00,0.009586229,0
10/19/24 6:00,0.1266475,0.1461082
10/19/24 7:00,0.385193,0.47375
10/19/24 8:00,0.304835,0.3084848
10/19/24 9:00,0.4077491,0.4166974
10/19/24 10:00,0.7540029,0.8672743
10/19/24 11:00,0.5152609,0.5356037
10/19/24 12:00,0.5649293,0.6090726
10/19/24 13:00,0.5269253,0.5824043
10/19/24 14:00,0.2801561,0.2844197
10/19/24 15:00,0.04041921,0.03936996
10/19/24 16:00,0.01968424,0.01928111
10/19/24 17:00,2.5192E-05,0
10/19/24 18:00,0,0
10/19/24 19:00,0,0
10/19/24 20:00,0,0
10/19/24 21:00,0,0
10/19/24 22:00,0,0
10/19/24 23:00,0,0
10/20/24 0:00,0,0
10/20/24 1:00,0,0
10/20/24 2:00,0,0
10/20/24 3:00,0,0
10/20/24 4:00,0,0
10/20/24 5:00,0.007383689,0
10/20/24 6:00,0.07830744,0.07842861
10/20/24 7:00,0.1284276,0.1258074
10/20/24 8:00,0.2787839,0.2789884
10/20/24 9:00,0.2992209,0.2951719
10/20/24 10:00,0.31596,0.3106032
10/20/24 11:00,0.5249041,0.5489026
10/20/24 12:00,0.6159272,0.6819541
10/20/24 13:00,0.6473467,0.7571998
10/20/24 14:00,0.3430741,0.3656127
10/20/24 15:00,0.2793995,0.3368228
10/20/24 16:00,0.06226852,0.06758555
10/20/24 17:00,3.88278E-05,0
10/20/24 18:00,0,0
10/20/24 19:00,0,0
10/20/24 20:00,0,0
10/20/24 21:00,0,0
10/20/24 22:00,0,0
10/20/24 23:00,0,0
10/21/24 0:00,0,0
10/21/24 1:00,0,0
10/21/24 2:00,0,0
10/21/24 3:00,0,0
10/21/24 4:00,0,0
10/21/24 5:00,0.009498932,0
10/21/24 6:00,0.0698633,0.06931719
10/21/24 7:00,0.3014039,0.3450832
10/21/24 8:00,0.232676,0.2293636
10/21/24 9:00,0.656449,0.7611182
10/21/24 10:00,0.8096997,0.9472076
10/21/24 11:00,0.8068306,0.9384646
10/21/24 12:00,0.3012687,0.2959865
10/21/24 13:00,0.3463658,0.3490333
10/21/24 14:00,0.3511149,0.3781029
10/21/24 15:00,0.2880462,0.3546078
10/21/24 16:00,0.1095658,0.1783477
10/21/24 17:00,3.67042E-06,0
10/21/24 18:00,0,0
10/21/24 19:00,0,0
10/21/24 20:00,0,0
10/21/24 21:00,0,0
10/21/24 22:00,0,0
10/21/24 23:00,0,0
10/22/24 0:00,0,0
10/22/24 1:00,0,0
10/22/24 2:00,0,0
10/22/24 3:00,0,0
10/22/24 4:00,0,0
10/22/24 5:00,0.01059618,0
10/22/24 6:00,0.1780497,0.2565839
10/22/24 7:00,0.4187499,0.532478
10/22/24 8:00,0.6242702,0.7585439
10/22/24 9:00,0.7946146,0.9464973
10/22/24 10:00,0.7571698,0.8798299
10/22/24 11:00,0.7424482,0.8534414
10/22/24 12:00,0.7261323,0.8428066
10/22/24 13:00,0.797044,0.9555638
10/22/24 14:00,0.6158717,0.7588616
10/22/24 15:00,0.3721416,0.4897938
10/22/24 16:00,0.1134947,0.1938708
10/22/24 17:00,0,0
10/22/24 18:00,0,0
10/22/24 19:00,0,0
10/22/24 20:00,0,0
10/22/24 21:00,0,0
10/22/24 22:00,0,0
10/22/24 23:00,0,0
10/23/24 0:00,0,0
10/23/24 1:00,0,0
10/23/24 2:00,0,0
10/23/24 3:00,0,0
10/23/24 4:00,0,0
10/23/24 5:00,0.008676723,0
10/23/24 6:00,0.1662649,0.2356754
10/23/24 7:00,0.260729,0.2854041
10/23/24 8:00,0.4116446,0.4525238
10/23/24 9:00,0.650542,0.7580024
10/23/24 10:00,0.7034044,0.807402
10/23/24 11:00,0.5235602,0.5503804
10/23/24 12:00,0.5590931,0.6076075
10/23/24 13:00,0.3422408,0.3451538
10/23/24 14:00,0.4057151,0.4624097
10/23/24 15:00,0.2161858,0.2397206
10/23/24 16:00,0.04884539,0.05063137
10/23/24 17:00,0,0
10/23/24 18:00,0,0
10/23/24 19:00,0,0
10/23/24 20:00,0,0
10/23/24 21:00,0,0
10/23/24 22:00,0,0
10/23/24 23:00,0,0
10/24/24 0:00,0,0
10/24/24 1:00,0,0
10/24/24 2:00,0,0
10/24/24 3:00,0,0
10/24/24 4:00,0,0
10/24/24 5:00,0.007240185,0
10/24/24 6:00,0.09150084,0.09592809
10/24/24 7:00,0.2055231,0.2108961
10/24/24 8:00,0.4001197,0.4373074
10/24/24 9:00,0.5435589,0.6045282
10/24/24 10:00,0.7501652,0.8757086
10/24/24 11:00,0.4526191,0.4621234
10/24/24 12:00,0.5575577,0.6071281
10/24/24 13:00,0.6230626,0.7344956
10/24/24 14:00,0.5223721,0.6423802
10/24/24 15:00,0.2527449,0.3022674
10/24/24 16:00,0.07784352,0.1085422
10/24/24 17:00,0,0
10/24/24 18:00,0,0
10/24/24 19:00,0,0
10/24/24 20:00,0,0
10/24/24 21:00,0,0
10/24/24 22:00,0,0
10/24/24 23:00,0,0
10/25/24 0:00,0,0
10/25/24 1:00,0,0
10/25/24 2:00,0,0
10/25/24 3:00,0,0
10/25/24 4:00,0,0
10/25/24 5:00,0.007506701,0
10/25/24 6:00,0.1099728,0.1251895
10/25/24 7:00,0.2684941,0.2999
10/25/24 8:00,0.411835,0.4559506
10/25/24 9:00,0.5740997,0.6512874
10/25/24 10:00,0.7603437,0.8925137
10/25/24 11:00,0.7814744,0.9156683
10/25/24 12:00,0.7200683,0.8427563
10/25/24 13:00,0.4250438,0.4498873
10/25/24 14:00,0.3493781,0.3814889
10/25/24 15:00,0.2000096,0.2179578
10/25/24 16:00,0.06335457,0.07706894
10/25/24 17:00,0,0
10/25/24 18:00,0,0
10/25/24 19:00,0,0
10/25/24 20:00,0,0
10/25/24 21:00,0,0
10/25/24 22:00,0,0
10/25/24 23:00,0,0
10/26/24 0:00,0,0
10/26/24 1:00,0,0
10/26/24 2:00,0,0
10/26/24 3:00,0,0
10/26/24 4:00,0,0
10/26/24 5:00,0.008282689,0
10/26/24 6:00,0.1430978,0.1944098
10/26/24 7:00,0.2550396,0.2806406
10/26/24 8:00,0.5577819,0.6793436
10/26/24 9:00,0.6397225,0.7503155
10/26/24 10:00,0.6090782,0.6782618
10/26/24 11:00,0.7932491,0.9345126
10/26/24 12:00,0.4620925,0.4810312
10/26/24 13:00,0.5339354,0.6078427
10/26/24 14:00,0.3911596,0.4464952
10/26/24 15:00,0.3453062,0.4656364
10/26/24 16:00,0.09432363,0.166315
10/26/24 17:00,0,0
10/26/24 18:00,0,0
10/26/24 19:00,0,0
10/26/24 20:00,0,0
10/26/24 21:00,0,0
10/26/24 22:00,0,0
10/26/24 23:00,0,0
10/27/24 0:00,0,0
10/27/24 1:00,0,0
10/27/24 2:00,0,0
10/27/24 3:00,0,0
10/27/24 4:00,0,0
10/27/24 5:00,0.005325414,0
10/27/24 6:00,0.1448805,0.2016364
10/27/24 7:00,0.2945747,0.3456866
10/27/24 8:00,0.5613866,0.6874403
10/27/24 9:00,0.7517961,0.9075345
10/27/24 10:00,0.7165356,0.8365246
10/27/24 11:00,0.8534952,1.016479
10/27/24 12:00,0.783991,0.9357209
10/27/24 13:00,0.7096902,0.862259
10/27/24 14:00,0.5395872,0.6759414
10/27/24 15:00,0.3148893,0.4211631
10/27/24 16:00,0.0680159,0.09324314
10/27/24 17:00,0,0
10/27/24 18:00,0,0
10/27/24 19:00,0,0
10/27/24 20:00,0,0
10/27/24 21:00,0,0
10/27/24 22:00,0,0
10/27/24 23:00,0,0
10/28/24 0:00,0,0
10/28/24 1:00,0,0
10/28/24 2:00,0,0
10/28/24 3:00,0,0
10/28/24 4:00,0,0
10/28/24 5:00,0.005656139,0
10/28/24 6:00,0.1510558,0.2195083
10/28/24 7:00,0.4119004,0.5413153
10/28/24 8:00,0.594778,0.7371662
10/28/24 9:00,0.7463729,0.9034047
10/28/24 10:00,0.9185669,1.102865
10/28/24 11:00,0.9755796,1.169354
10/28/24 12:00,0.8553882,1.028804
10/28/24 13:00,0.7104169,0.8661336
10/28/24 14:00,0.5256133,0.6595691
10/28/24 15:00,0.2910036,0.3832532
10/28/24 16:00,0.08122403,0.1369094
10/28/24 17:00,0,0
10/28/24 18:00,0,0
10/28/24 19:00,0,0
10/28/24 20:00,0,0
10/28/24 21:00,0,0
10/28/24 22:00,0,0
10/28/24 23:00,0,0
10/29/24 0:00,0,0
10/29/24 1:00,0,0
10/29/24 2:00,0,0
10/29/24 3:00,0,0
10/29/24 4:00,0,0
10/29/24 5:00,0.005280265,0
10/29/24 6:00,0.1228353,0.1574485
10/29/24 7:00,0.2350428,0.2543437
10/29/24 8:00,0.3507881,0.373641
10/29/24 9:00,0.7269393,0.8807696
10/29/24 10:00,0.7001495,0.8181612
10/29/24 11:00,0.8366328,1.000533
10/29/24 12:00,0.8162222,0.9831393
10/29/24 13:00,0.6967418,0.8512298
10/29/24 14:00,0.5277942,0.6657344
10/29/24 15:00,0.3515362,0.4848639
10/29/24 16:00,0.1132144,0.2319699
10/29/24 17:00,0,0
10/29/24 18:00,0,0
10/29/24 19:00,0,0
10/29/24 20:00,0,0
10/29/24 21:00,0,0
10/29/24 22:00,0,0
10/29/24 23:00,0,0
10/30/24 0:00,0,0
10/30/24 1:00,0,0
10/30/24 2:00,0,0
10/30/24 3:00,0,0
10/30/24 4:00,0,0
10/30/24 5:00,0.007059379,0
10/30/24 6:00,0.06677512,0.06707424
10/30/24 7:00,0.08870576,0.08676564
10/30/24 8:00,0.3358454,0.3542353
10/30/24 9:00,0.2626083,0.2582553
10/30/24 10:00,0.5015446,0.5329791
10/30/24 11:00,0.1806887,0.1762949
10/30/24 12:00,0.3854674,0.3897772
10/30/24 13:00,0.3099246,0.3107812
10/30/24 14:00,0.32696,0.3557913
10/30/24 15:00,0.2469524,0.3078595
10/30/24 16:00,0.06545957,0.09619063
10/30/24 17:00,0,0
10/30/24 18:00,0,0
10/30/24 19:00,0,0
10/30/24 20:00,0,0
10/30/24 21:00,0,0
10/30/24 22:00,0,0
10/30/24 23:00,0,0
10/31/24 0:00,0,0
10/31/24 1:00,0,0
10/31/24 2:00,0,0
10/31/24 3:00,0,0
10/31/24 4:00,0,0
10/31/24 5:00,0.002827869,0
10/31/24 6:00,0.1125238,0.1398251
10/31/24 7:00,0.3436072,0.4411098
10/31/24 8:00,0.5570084,0.6927247
10/31/24 9:00,0.8568212,1.050731
10/31/24 10:00,0.8779685,1.061571
10/31/24 11:00,0.6753044,0.7796289
10/31/24 12:00,0.6993964,0.829773
10/31/24 13:00,0.6615039,0.8093481
10/31/24 14:00,0.4659596,0.5791517
10/31/24 15:00,0.3067994,0.4215048
10/31/24 16:00,0.08719511,0.17441
10/31/24 17:00,0,0
10/31/24 18:00,0,0
10/31/24 19:00,0,0
10/31/24 20:00,0,0
10/31/24 21:00,0,0
10/31/24 22:00,0,0
10/31/24 23:00,0,0
11/1/24 0:00,0,0
11/1/24 1:00,0,0
11/1/24 2:00,0,0
11/1/24 3:00,0,0
11/1/24 4:00,0,0
11/1/24 5:00,0.005576455,0
11/1/24 6:00,0.1333065,0.1909191
11/1/24 7:00,0.3616673,0.4751897
11/1/24 8:00,0.5620559,0.7029644
11/1/24 9:00,0.692143,0.8418475
11/1/24 10:00,0.8674559,1.05135
11/1/24 11:00,0.8538836,1.030944
11/1/24 12:00,0.6607376,0.7755442
11/1/24 13:00,0.47911,0.537375
11/1/24 14:00,0.4792984,0.6030257
11/1/24 15:00,0.2777911,0.3724372
11/1/24 16:00,0.07171606,0.1254175
11/1/24 17:00,0,0
11/1/24 18:00,0,0
11/1/24 19:00,0,0
11/1/24 20:00,0,0
11/1/24 21:00,0,0
11/1/24 22:00,0,0
11/1/24 23:00,0,0
11/2/24 0:00,0,0
11/2/24 1:00,0,0
11/2/24 2:00,0,0
11/2/24 3:00,0,0
11/2/24 4:00,0,0
11/2/24 5:00,0.004953442,0
11/2/24 6:00,0.1113247,0.1416152
11/2/24 7:00,0.3258041,0.4154954
11/2/24 8:00,0.4951598,0.6037464
11/2/24 9:00,0.6884148,0.8394259
11/2/24 10:00,0.8302938,1.007761
11/2/24 11:00,0.6680101,0.7735122
11/2/24 12:00,0.6303972,0.7324278
11/2/24 13:00,0.7576427,0.9403386
11/2/24 14:00,0.5069675,0.647863
11/2/24 15:00,0.2750943,0.3705916
11/2/24 16:00,0.0688384,0.1199286
11/2/24 17:00,0,0
11/2/24 18:00,0,0
11/2/24 19:00,0,0
11/2/24 20:00,0,0
11/2/24 21:00,0,0
11/2/24 22:00,0,0
11/2/24 23:00,0,0
11/3/24 0:00,0,0
11/3/24 1:00,0,0
11/3/24 2:00,0,0
11/3/24 3:00,0,0
11/3/24 4:00,0,0
11/3/24 5:00,0.006178761,0
11/3/24 6:00,0.1277506,0.1840072
11/3/24 7:00,0.205471,0.2167926
11/3/24 8:00,0.1821352,0.1786102
11/3/24 9:00,0.4065236,0.4259617
11/3/24 10:00,0.5588938,0.6196172
11/3/24 11:00,0.477637,0.5011489
11/3/24 12:00,0.6867264,0.8192271
11/3/24 13:00,0.5549088,0.6590773
11/3/24 14:00,0.1815006,0.1788197
11/3/24 15:00,0.04327142,0.04224097
11/3/24 16:00,0.006596881,0.006453081
11/3/24 17:00,0,0
11/3/24 18:00,0,0
11/3/24 19:00,0,0
11/3/24 20:00,0,0
11/3/24 21:00,0,0
11/3/24 22:00,0,0
11/3/24 23:00,0,0
11/4/24 0:00,0,0
11/4/24 1:00,0,0
11/4/24 2:00,0,0
11/4/24 3:00,0,0
11/4/24 4:00,0,0
11/4/24 5:00,0.00402924,0
11/4/24 6:00,0.1239459,0.1777912
11/4/24 7:00,0.1808213,0.1851986
11/4/24 8:00,0.2180086,0.215633
11/4/24 9:00,0.2901894,0.2879308
11/4/24 10:00,0.5306996,0.5801386
11/4/24 11:00,0.523608,0.5646861
11/4/24 12:00,0.7998189,0.9786926
11/4/24 13:00,0.5999758,0.731114
11/4/24 14:00,0.485687,0.6216776
11/4/24 15:00,0.2430885,0.3139824
11/4/24 16:00,0.07944098,0.1714382
11/4/24 17:00,0,0
11/4/24 18:00,0,0
11/4/24 19:00,0,0
11/4/24 20:00,0,0
11/4/24 21:00,0,0
11/4/24 22:00,0,0
11/4/24 23:00,0,0
11/5/24 0:00,0,0
11/5/24 1:00,0,0
11/5/24 2:00,0,0
11/5/24 3:00,0,0
11/5/24 4:00,0,0
11/5/24 5:00,0.003695039,0
11/5/24 6:00,0.09765071,0.1185762
11/5/24 7:00,0.1868526,0.1932866
11/5/24 8:00,0.3016707,0.3136707
11/5/24 9:00,0.6722241,0.8247369
11/5/24 10:00,0.6980412,0.8331981
11/5/24 11:00,0.7039127,0.8344059
11/5/24 12:00,0.7860793,0.9634966
11/5/24 13:00,0.6801674,0.8488207
11/5/24 14:00,0.4067376,0.4949917
11/5/24 15:00,0.2351131,0.3007479
11/5/24 16:00,0.05760375,0.09183295
11/5/24 17:00,0,0
11/5/24 18:00,0,0
11/5/24 19:00,0,0
11/5/24 20:00,0,0
11/5/24 21:00,0,0
11/5/24 22:00,0,0
11/5/24 23:00,0,0
11/6/24 0:00,0,0
11/6/24 1:00,0,0
11/6/24 2:00,0,0
11/6/24 3:00,0,0
11/6/24 4:00,0,0
11/6/24 5:00,0.003087632,0
11/6/24 6:00,0.1356634,0.2173109
11/6/24 7:00,0.3104819,0.3990278
11/6/24 8:00,0.4475119,0.5364398
11/6/24 9:00,0.6010274,0.7207974
11/6/24 10:00,0.7253923,0.8758655
11/6/24 11:00,0.8265478,1.009172
11/6/24 12:00,0.8242789,1.014833
11/6/24 13:00,0.7677695,0.9649271
11/6/24 14:00,0.5633423,0.7371228
11/6/24 15:00,0.355352,0.5169057
11/6/24 16:00,0.08808307,0.2129809
11/6/24 17:00,0,0
11/6/24 18:00,0,0
11/6/24 19:00,0,0
11/6/24 20:00,0,0
11/6/24 21:00,0,0
11/6/24 22:00,0,0
11/6/24 23:00,0,0
11/7/24 0:00,0,0
11/7/24 1:00,0,0
11/7/24 2:00,0,0
11/7/24 3:00,0,0
11/7/24 4:00,0,0
11/7/24 5:00,0.001873077,0
11/7/24 6:00,0.1152994,0.1657593
11/7/24 7:00,0.1710971,0.174436
11/7/24 8:00,0.3940008,0.4508208
11/7/24 9:00,0.5846875,0.697849
11/7/24 10:00,0.5251709,0.5764529
11/7/24 11:00,0.5685979,0.634182
11/7/24 12:00,0.5412969,0.6071031
11/7/24 13:00,0.6168528,0.7643983
11/7/24 14:00,0.4188423,0.5204941
11/7/24 15:00,0.2674359,0.3713691
11/7/24 16:00,0.09621625,0.2404286
11/7/24 17:00,0,0
11/7/24 18:00,0,0
11/7/24 19:00,0,0
11/7/24 20:00,0,0
11/7/24 21:00,0,0
11/7/24 22:00,0,0
11/7/24 23:00,0,0
11/8/24 0:00,0,0
11/8/24 1:00,0,0
11/8/24 2:00,0,0
11/8/24 3:00,0,0
11/8/24 4:00,0,0
11/8/24 5:00,0.002374889,0
11/8/24 6:00,0.1415159,0.2428129
11/8/24 7:00,0.3934964,0.5483262
11/8/24 8:00,0.5948173,0.7684451
11/8/24 9:00,0.7107437,0.8866255
11/8/24 10:00,0.8200305,1.010407
11/8/24 11:00,0.6420362,0.7477363
11/8/24 12:00,0.642706,0.7653406
11/8/24 13:00,0.5732773,0.7002044
11/8/24 14:00,0.418574,0.5224846
11/8/24 15:00,0.3000905,0.4360092
11/8/24 16:00,0.06837519,0.1491403
11/8/24 17:00,0,0
11/8/24 18:00,0,0
11/8/24 19:00,0,0
11/8/24 20:00,0,0
11/8/24 21:00,0,0
11/8/24 22:00,0,0
11/8/24 23:00,0,0
11/9/24 0:00,0,0
11/9/24 1:00,0,0
11/9/24 2:00,0,0
11/9/24 3:00,0,0
11/9/24 4:00,0,0
11/9/24 5:00,0.002097807,0
11/9/24 6:00,0.130866,0.2180067
11/9/24 7:00,0.3338045,0.451719
11/9/24 8:00,0.6691811,0.8705848
11/9/24 9:00,0.8341354,1.049135
11/9/24 10:00,0.8409189,1.039324
11/9/24 11:00,0.9127376,1.12597
11/9/24 12:00,0.7843095,0.971422
11/9/24 13:00,0.7720401,0.9789525
11/9/24 14:00,0.4523375,0.5821379
11/9/24 15:00,0.2302629,0.3006292
11/9/24 16:00,0.0658204,0.1429392
11/9/24 17:00,0,0
11/9/24 18:00,0,0
11/9/24 19:00,0,0
11/9/24 20:00,0,0
11/9/24 21:00,0,0
11/9/24 22:00,0,0
11/9/24 23:00,0,0
11/10/24 0:00,0,0
11/10/24 1:00,0,0
11/10/24 2:00,0,0
11/10/24 3:00,0,0
11/10/24 4:00,0,0
11/10/24 5:00,0.003372074,0
11/10/24 6:00,0.1762692,0.3302896
11/10/24 7:00,0.4007707,0.5649153
11/10/24 8:00,0.5669047,0.7355552
11/10/24 9:00,0.7473874,0.9397781
11/10/24 10:00,0.9499875,1.180774
11/10/24 11:00,0.8971376,1.108832
11/10/24 12:00,0.7971326,0.9904531
11/10/24 13:00,0.6151282,0.7694836
11/10/24 14:00,0.5599877,0.74358
11/10/24 15:00,0.2953678,0.4335852
11/10/24 16:00,0.05366351,0.09369163
11/10/24 17:00,0,0
11/10/24 18:00,0,0
11/10/24 19:00,0,0
11/10/24 20:00,0,0
11/10/24 21:00,0,0
11/10/24 22:00,0,0
11/10/24 23:00,0,0
11/11/24 0:00,0,0
11/11/24 1:00,0,0
11/11/24 2:00,0,0
11/11/24 3:00,0,0
11/11/24 4:00,0,0
11/11/24 5:00,0.002185006,0
11/11/24 6:00,0.08960152,0.1130692
11/11/24 7:00,0.08102243,0.07936768
11/11/24 8:00,0.1967969,0.1941003
11/11/24 9:00,0.2415536,0.2375921
11/11/24 10:00,0.3336245,0.3329828
11/11/24 11:00,0.3511211,0.3512867
11/11/24 12:00,0.2242914,0.2195576
11/11/24 13:00,0.1734928,0.1697463
11/11/24 14:00,0.2263843,0.229822
11/11/24 15:00,0.02926176,0.02853347
11/11/24 16:00,0.01721947,0.01725677
11/11/24 17:00,0,0
11/11/24 18:00,0,0
11/11/24 19:00,0,0
11/11/24 20:00,0,0
11/11/24 21:00,0,0
11/11/24 22:00,0,0
11/11/24 23:00,0,0
11/12/24 0:00,0,0
11/12/24 1:00,0,0
11/12/24 2:00,0,0
11/12/24 3:00,0,0
11/12/24 4:00,0,0
11/12/24 5:00,0.001606037,0
11/12/24 6:00,0.1040093,0.1529468
11/12/24 7:00,0.02282784,0.0222167
11/12/24 8:00,0.04777008,0.04650119
11/12/24 9:00,0.1091699,0.1064502
11/12/24 10:00,0.1212715,0.1182167
11/12/24 11:00,0.1342605,0.1309136
11/12/24 12:00,0.1369215,0.1335721
11/12/24 13:00,0.09308086,0.09073429
11/12/24 14:00,0.1085425,0.1061658
11/12/24 15:00,0.04136748,0.04041962
11/12/24 16:00,0.01002342,0.009912546
11/12/24 17:00,0,0
11/12/24 18:00,0,0
11/12/24 19:00,0,0
11/12/24 20:00,0,0
11/12/24 21:00,0,0
11/12/24 22:00,0,0
11/12/24 23:00,0,0
11/13/24 0:00,0,0
11/13/24 1:00,0,0
11/13/24 2:00,0,0
11/13/24 3:00,0,0
11/13/24 4:00,0,0
11/13/24 5:00,0.001297233,0
11/13/24 6:00,0.125166,0.2216485
11/13/24 7:00,0.1811397,0.190325
11/13/24 8:00,0.3328013,0.364319
11/13/24 9:00,0.4779305,0.5412744
11/13/24 10:00,0.2701519,0.265652
11/13/24 11:00,0.4440205,0.4649509
11/13/24 12:00,0.6847857,0.8411915
11/13/24 13:00,0.4744743,0.5510581
11/13/24 14:00,0.2886877,0.3141109
11/13/24 15:00,0.1455321,0.153939
11/13/24 16:00,0.06001227,0.1341613
11/13/24 17:00,0,0
11/13/24 18:00,0,0
11/13/24 19:00,0,0
11/13/24 20:00,0,0
11/13/24 21:00,0,0
11/13/24 22:00,0,0
11/13/24 23:00,0,0
11/14/24 0:00,0,0
11/14/24 1:00,0,0
11/14/24 2:00,0,0
11/14/24 3:00,0,0
11/14/24 4:00,0,0
11/14/24 5:00,0.001286055,0
11/14/24 6:00,0.1051399,0.164388
11/14/24 7:00,0.2972701,0.3975576
11/14/24 8:00,0.4823772,0.6157531
11/14/24 9:00,0.7774895,0.9891589
11/14/24 10:00,0.8117157,1.014219
11/14/24 11:00,0.9369276,1.169887
11/14/24 12:00,0.8393953,1.054126
11/14/24 13:00,0.6777616,0.8678771
11/14/24 14:00,0.4973021,0.6656796
11/14/24 15:00,0.2951882,0.4442842
11/14/24 16:00,0.07847418,0.2225597
11/14/24 17:00,0,0
11/14/24 18:00,0,0
11/14/24 19:00,0,0
11/14/24 20:00,0,0
11/14/24 21:00,0,0
11/14/24 22:00,0,0
11/14/24 23:00,0,0
11/15/24 0:00,0,0
11/15/24 1:00,0,0
11/15/24 2:00,0,0
11/15/24 3:00,0,0
11/15/24 4:00,0,0
11/15/24 5:00,0.000323024,0
11/15/24 6:00,0.04410214,0.04412407
11/15/24 7:00,0.1150037,0.1134268
11/15/24 8:00,0.2575375,0.2632619
11/15/24 9:00,0.5686384,0.6915601
11/15/24 10:00,0.3770741,0.3845146
11/15/24 11:00,0.4018252,0.4122819
11/15/24 12:00,0.5113131,0.5735133
11/15/24 13:00,0.597904,0.755132
11/15/24 14:00,0.3923993,0.4918029
11/15/24 15:00,0.1488106,0.1595438
11/15/24 16:00,0.03679643,0.04668177
11/15/24 17:00,0,0
11/15/24 18:00,0,0
11/15/24 19:00,0,0
11/15/24 20:00,0,0
11/15/24 21:00,0,0
11/15/24 22:00,0,0
11/15/24 23:00,0,0
11/16/24 0:00,0,0
11/16/24 1:00,0,0
11/16/24 2:00,0,0
11/16/24 3:00,0,0
11/16/24 4:00,0,0
11/16/24 5:00,0.000890896,0
11/16/24 6:00,0.1051651,0.1737452
11/16/24 7:00,0.1627528,0.1676759
11/16/24 8:00,0.1120689,0.1095523
11/16/24 9:00,0.2801089,0.2791288
11/16/24 10:00,0.4499854,0.4796065
11/16/24 11:00,0.3412279,0.3413325
11/16/24 12:00,0.06752539,0.06571739
11/16/24 13:00,0.1187447,0.1159176
11/16/24 14:00,0.1481012,0.1454367
11/16/24 15:00,0.1040821,0.1036311
11/16/24 16:00,0.03765905,0.04973387
11/16/24 17:00,0,0
11/16/24 18:00,0,0
11/16/24 19:00,0,0
11/16/24 20:00,0,0
11/16/24 21:00,0,0
11/16/24 22:00,0,0
11/16/24 23:00,0,0
11/17/24 0:00,0,0
11/17/24 1:00,0,0
11/17/24 2:00,0,0
11/17/24 3:00,0,0
11/17/24 4:00,0,0
11/17/24 5:00,0.00042878,0
11/17/24 6:00,0.07730532,0.09766486
11/17/24 7:00,0.1616872,0.1667534
11/17/24 8:00,0.3074608,0.3311819
11/17/24 9:00,0.7103889,0.908425
11/17/24 10:00,0.6702085,0.8202602
11/17/24 11:00,0.4775837,0.5140265
11/17/24 12:00,0.3667327,0.3748148
11/17/24 13:00,0.4456154,0.5102813
11/17/24 14:00,0.4063634,0.5208289
11/17/24 15:00,0.1073897,0.1073351
11/17/24 16:00,0.0273362,0.02927698
11/17/24 17:00,0,0
11/17/24 18:00,0,0
11/17/24 19:00,0,0
11/17/24 20:00,0,0
11/17/24 21:00,0,0
11/17/24 22:00,0,0
11/17/24 23:00,0,0
11/18/24 0:00,0,0
11/18/24 1:00,0,0
11/18/24 2:00,0,0
11/18/24 3:00,0,0
11/18/24 4:00,0,0
11/18/24 5:00,0.000582095,0
11/18/24 6:00,0.06232172,0.06922125
11/18/24 7:00,0.1336314,0.133603
11/18/24 8:00,0.2241727,0.224826
11/18/24 9:00,0.5032095,0.5907166
11/18/24 10:00,0.670341,0.822708
11/18/24 11:00,0.4734983,0.5091519
11/18/24 12:00,0.5530618,0.6434953
11/18/24 13:00,0.4161748,0.4648784
11/18/24 14:00,0.3708252,0.4580583
11/18/24 15:00,0.2445021,0.3515363
11/18/24 16:00,0.03867646,0.05446842
11/18/24 17:00,0,0
11/18/24 18:00,0,0
11/18/24 19:00,0,0
11/18/24 20:00,0,0
11/18/24 21:00,0,0
11/18/24 22:00,0,0
11/18/24 23:00,0,0
11/19/24 0:00,0,0
11/19/24 1:00,0,0
11/19/24 2:00,0,0
11/19/24 3:00,0,0
11/19/24 4:00,0,0
11/19/24 5:00,0.00037713,0
11/19/24 6:00,0.05329267,0.05605217
11/19/24 7:00,0.1241749,0.1233899
11/19/24 8:00,0.3853553,0.4593319
11/19/24 9:00,0.4262717,0.4702556
11/19/24 10:00,0.4502885,0.4826553
11/19/24 11:00,0.546232,0.6185232
11/19/24 12:00,0.133999,0.130757
11/19/24 13:00,0.1621766,0.1587039
11/19/24 14:00,0.1725111,0.1706045
11/19/24 15:00,0.2038853,0.263317
11/19/24 16:00,0.04169023,0.06577905
11/19/24 17:00,0,0
11/19/24 18:00,0,0
11/19/24 19:00,0,0
11/19/24 20:00,0,0
11/19/24 21:00,0,0
11/19/24 22:00,0,0
11/19/24 23:00,0,0
11/20/24 0:00,0,0
11/20/24 1:00,0,0
11/20/24 2:00,0,0
11/20/24 3:00,0,0
11/20/24 4:00,0,0
11/20/24 5:00,0.000272239,0
11/20/24 6:00,0.1194175,0.244096
11/20/24 7:00,0.1709149,0.180693
11/20/24 8:00,0.2275915,0.2292231
11/20/24 9:00,0.1792146,0.1754272
11/20/24 10:00,0.2152811,0.2107409
11/20/24 11:00,0.3168988,0.3151383
11/20/24 12:00,0.6146696,0.7464611
11/20/24 13:00,0.5868413,0.7482839
11/20/24 14:00,0.4655207,0.6290974
11/20/24 15:00,0.2384566,0.3418919
11/20/24 16:00,0.05136533,0.1121427
11/20/24 17:00,0,0
11/20/24 18:00,0,0
11/20/24 19:00,0,0
11/20/24 20:00,0,0
11/20/24 21:00,0,0
11/20/24 22:00,0,0
11/20/24 23:00,0,0
11/21/24 0:00,0,0
11/21/24 1:00,0,0
11/21/24 2:00,0,0
11/21/24 3:00,0,0
11/21/24 4:00,0,0
11/21/24 5:00,0.000171194,0
11/21/24 6:00,0.0762006,0.1047638
11/21/24 7:00,0.2988564,0.4230418
11/21/24 8:00,0.5921516,0.7983811
11/21/24 9:00,0.7553836,0.9769565
11/21/24 10:00,0.7736247,0.9794682
11/21/24 11:00,0.7302708,0.9107563
11/21/24 12:00,0.7659221,0.9735209
11/21/24 13:00,0.6878784,0.8957123
11/21/24 14:00,0.5126124,0.7025101
11/21/24 15:00,0.2813944,0.434733
11/21/24 16:00,0.05914939,0.158824
11/21/24 17:00,0,0
11/21/24 18:00,0,0
11/21/24 19:00,0,0
11/21/24 20:00,0,0
11/21/24 21:00,0,0
11/21/24 22:00,0,0
11/21/24 23:00,0,0
11/22/24 0:00,0,0
11/22/24 1:00,0,0
11/22/24 2:00,0,0
11/22/24 3:00,0,0
11/22/24 4:00,0,0
11/22/24 5:00,0.000107056,0
11/22/24 6:00,0.07975731,0.1183857
11/22/24 7:00,0.2476961,0.3188843
11/22/24 8:00,0.4055991,0.5015476
11/22/24 9:00,0.6805906,0.8790215
11/22/24 10:00,0.7524584,0.952581
11/22/24 11:00,0.780386,0.9841097
11/22/24 12:00,0.7893245,1.005994
11/22/24 13:00,0.7143804,0.9332238
11/22/24 14:00,0.4974045,0.6823973
11/22/24 15:00,0.263256,0.3999723
11/22/24 16:00,0.06336318,0.1854333
11/22/24 17:00,0,0
11/22/24 18:00,0,0
11/22/24 19:00,0,0
11/22/24 20:00,0,0
11/22/24 21:00,0,0
11/22/24 22:00,0,0
11/22/24 23:00,0,0
11/23/24 0:00,0,0
11/23/24 1:00,0,0
11/23/24 2:00,0,0
11/23/24 3:00,0,0
11/23/24 4:00,0,0
11/23/24 5:00,5.17133E-05,0
11/23/24 6:00,0.0953411,0.1776132
11/23/24 7:00,0.3966781,0.5979003
11/23/24 8:00,0.5753775,0.7797044
11/23/24 9:00,0.7474176,0.9707505
11/23/24 10:00,0.8694651,1.109048
11/23/24 11:00,0.8993486,1.141966
11/23/24 12:00,0.7947981,1.015002
11/23/24 13:00,0.776048,1.018559
11/23/24 14:00,0.5875258,0.8132225
11/23/24 15:00,0.2952634,0.4639634
11/23/24 16:00,0.05526558,0.1407453
11/23/24 17:00,0,0
11/23/24 18:00,0,0
11/23/24 19:00,0,0
11/23/24 20:00,0,0
11/23/24 21:00,0,0
11/23/24 22:00,0,0
11/23/24 23:00,0,0
11/24/24 0:00,0,0
11/24/24 1:00,0,0
11/24/24 2:00,0,0
11/24/24 3:00,0,0
11/24/24 4:00,0,0
11/24/24 5:00,2.69115E-05,0
11/24/24 6:00,0.1081183,0.2314912
11/24/24 7:00,0.2870887,0.4082766
11/24/24 8:00,0.441374,0.5707881
11/24/24 9:00,0.5279196,0.6436836
11/24/24 10:00,0.7398946,0.9389457
11/24/24 11:00,0.9341207,1.189551
11/24/24 12:00,0.807579,1.033604
11/24/24 13:00,0.7084191,0.9288617
11/24/24 14:00,0.4958622,0.6835289
11/24/24 15:00,0.3159101,0.5001802
11/24/24 16:00,0.08046743,0.2634283
11/24/24 17:00,0,0
11/24/24 18:00,0,0
11/24/24 19:00,0,0
11/24/24 20:00,0,0
11/24/24 21:00,0,0
11/24/24 22:00,0,0
11/24/24 23:00,0,0
11/25/24 0:00,0,0
11/25/24 1:00,0,0
11/25/24 2:00,0,0
11/25/24 3:00,0,0
11/25/24 4:00,0,0
11/25/24 5:00,3.09673E-06,0
11/25/24 6:00,0.05794941,0.06911085
11/25/24 7:00,0.3081799,0.4547186
11/25/24 8:00,0.4110732,0.5182074
11/25/24 9:00,0.5555805,0.6923107
11/25/24 10:00,0.781197,0.9971575
11/25/24 11:00,0.7500245,0.9471213
11/25/24 12:00,0.5180301,0.5965853
11/25/24 13:00,0.485625,0.5874718
11/25/24 14:00,0.4418503,0.5979605
11/25/24 15:00,0.2693542,0.4176157
11/25/24 16:00,0.05957292,0.1700492
11/25/24 17:00,0,0
11/25/24 18:00,0,0
11/25/24 19:00,0,0
11/25/24 20:00,0,0
11/25/24 21:00,0,0
11/25/24 22:00,0,0
11/25/24 23:00,0,0
11/26/24 0:00,0,0
11/26/24 1:00,0,0
11/26/24 2:00,0,0
11/26/24 3:00,0,0
11/26/24 4:00,0,0
11/26/24 5:00,0,0
11/26/24 6:00,0.0666023,0.09238117
11/26/24 7:00,0.2735206,0.3855391
11/26/24 8:00,0.5116935,0.694348
11/26/24 9:00,0.5263504,0.6449317
11/26/24 10:00,0.5738989,0.6831083
11/26/24 11:00,0.6993875,0.8736898
11/26/24 12:00,0.7617911,0.9766881
11/26/24 13:00,0.5062134,0.6241456
11/26/24 14:00,0.4246652,0.5689895
11/26/24 15:00,0.2682233,0.4166911
11/26/24 16:00,0.06249801,0.1886233
11/26/24 17:00,0,0
11/26/24 18:00,0,0
11/26/24 19:00,0,0
11/26/24 20:00,0,0
11/26/24 21:00,0,0
11/26/24 22:00,0,0
11/26/24 23:00,0,0
11/27/24 0:00,0,0
11/27/24 1:00,0,0
11/27/24 2:00,0,0
11/27/24 3:00,0,0
11/27/24 4:00,0,0
11/27/24 5:00,0,0
11/27/24 6:00,0.06655671,0.09523851
11/27/24 7:00,0.2247751,0.2832565
11/27/24 8:00,0.5519108,0.7554338
11/27/24 9:00,0.6659032,0.868533
11/27/24 10:00,0.8969324,1.153488
11/27/24 11:00,0.8954485,1.144501
11/27/24 12:00,0.7975954,1.025491
11/27/24 13:00,0.6058843,0.7898268
11/27/24 14:00,0.5324028,0.7407987
11/27/24 15:00,0.325899,0.5215697
11/27/24 16:00,0.07677037,0.2554766
11/27/24 17:00,0,0
11/27/24 18:00,0,0
11/27/24 19:00,0,0
11/27/24 20:00,0,0
11/27/24 21:00,0,0
11/27/24 22:00,0,0
11/27/24 23:00,0,0
11/28/24 0:00,0,0
11/28/24 1:00,0,0
11/28/24 2:00,0,0
11/28/24 3:00,0,0
11/28/24 4:00,0,0
11/28/24 5:00,0,0
11/28/24 6:00,0.06748165,0.1014775
11/28/24 7:00,0.1020984,0.1008959
11/28/24 8:00,0.09049331,0.08842826
11/28/24 9:00,0.2556307,0.254173
11/28/24 10:00,0.373617,0.385519
11/28/24 11:00,0.6063355,0.7280312
11/28/24 12:00,0.2927013,0.2913974
11/28/24 13:00,0.177968,0.1744343
11/28/24 14:00,0.1041616,0.1019881
11/28/24 15:00,0.1159974,0.1181745
11/28/24 16:00,0.0353594,0.048961
11/28/24 17:00,0,0
11/28/24 18:00,0,0
11/28/24 19:00,0,0
11/28/24 20:00,0,0
11/28/24 21:00,0,0
11/28/24 22:00,0,0
11/28/24 23:00,0,0
11/29/24 0:00,0,0
11/29/24 1:00,0,0
11/29/24 2:00,0,0
11/29/24 3:00,0,0
11/29/24 4:00,0,0
11/29/24 5:00,0,0
11/29/24 6:00,0.0619686,0.08756513
11/29/24 7:00,0.06245668,0.06123616
11/29/24 8:00,0.2054759,0.205864
11/29/24 9:00,0.4828924,0.5760307
11/29/24 10:00,0.5004495,0.5678971
11/29/24 11:00,0.2399138,0.2353537
11/29/24 12:00,0.4012089,0.4241377
11/29/24 13:00,0.3439144,0.3651348
11/29/24 14:00,0.2485253,0.263629
11/29/24 15:00,0.09146217,0.09066849
11/29/24 16:00,0.01972016,0.02028049
11/29/24 17:00,0,0
11/29/24 18:00,0,0
11/29/24 19:00,0,0
11/29/24 20:00,0,0
11/29/24 21:00,0,0
11/29/24 22:00,0,0
11/29/24 23:00,0,0
11/30/24 0:00,0,0
11/30/24 1:00,0,0
11/30/24 2:00,0,0
11/30/24 3:00,0,0
11/30/24 4:00,0,0
11/30/24 5:00,0,0
11/30/24 6:00,0.04867648,0.05678134
11/30/24 7:00,0.1882121,0.2176596
11/30/24 8:00,0.3945198,0.4984093
11/30/24 9:00,0.5387295,0.6735884
11/30/24 10:00,0.7360395,0.9441344
11/30/24 11:00,0.7703279,0.983822
11/30/24 12:00,0.7062291,0.9050934
11/30/24 13:00,0.7115316,0.9425043
11/30/24 14:00,0.5051503,0.70546
11/30/24 15:00,0.2995085,0.4809933
11/30/24 16:00,0.07213558,0.2402403
11/30/24 17:00,0,0
11/30/24 18:00,0,0
11/30/24 19:00,0,0
11/30/24 20:00,0,0
11/30/24 21:00,0,0
11/30/24 22:00,0,0
11/30/24 23:00,0,0
12/1/24 0:00,0,0
12/1/24 1:00,0,0
12/1/24 2:00,0,0
12/1/24 3:00,0,0
12/1/24 4:00,0,0
12/1/24 5:00,0,0
12/1/24 6:00,0.05440915,0.07142626
12/1/24 7:00,0.2343455,0.3131972
12/1/24 8:00,0.5193869,0.7166182
12/1/24 9:00,0.7394516,0.9757278
12/1/24 10:00,0.6548344,0.8235696
12/1/24 11:00,0.8877871,1.141011
12/1/24 12:00,0.8112309,1.049488
12/1/24 13:00,0.7171042,0.9514603
12/1/24 14:00,0.5743912,0.8072653
12/1/24 15:00,0.3074162,0.4952824
12/1/24 16:00,0.05874525,0.1680084
12/1/24 17:00,0,0
12/1/24 18:00,0,0
12/1/24 19:00,0,0
12/1/24 20:00,0,0
12/1/24 21:00,0,0
12/1/24 22:00,0,0
12/1/24 23:00,0,0
12/2/24 0:00,0,0
12/2/24 1:00,0,0
12/2/24 2:00,0,0
12/2/24 3:00,0,0
12/2/24 4:00,0,0
12/2/24 5:00,0,0
12/2/24 6:00,0.1108828,0.2879274
12/2/24 7:00,0.1574735,0.1692806
12/2/24 8:00,0.4301909,0.5690327
12/2/24 9:00,0.5533255,0.702041
12/2/24 10:00,0.479465,0.5378845
12/2/24 11:00,0.5141971,0.5828686
12/2/24 12:00,0.5343643,0.6304703
12/2/24 13:00,0.4146061,0.4735975
12/2/24 14:00,0.1686912,0.1670851
12/2/24 15:00,0.09985112,0.09966379
12/2/24 16:00,0.03636054,0.05160566
12/2/24 17:00,0,0
12/2/24 18:00,0,0
12/2/24 19:00,0,0
12/2/24 20:00,0,0
12/2/24 21:00,0,0
12/2/24 22:00,0,0
12/2/24 23:00,0,0
12/3/24 0:00,0,0
12/3/24 1:00,0,0
12/3/24 2:00,0,0
12/3/24 3:00,0,0
12/3/24 4:00,0,0
12/3/24 5:00,0,0
12/3/24 6:00,0.07782675,0.169981
12/3/24 7:00,0.3164937,0.4938334
12/3/24 8:00,0.3474453,0.4168446
12/3/24 9:00,0.4714824,0.5624766
12/3/24 10:00,0.4066808,0.4313703
12/3/24 11:00,0.5382329,0.6222508
12/3/24 12:00,0.647729,0.8192965
12/3/24 13:00,0.5238357,0.6622353
12/3/24 14:00,0.2315411,0.241094
12/3/24 15:00,0.2256081,0.3254183
12/3/24 16:00,0.0537991,0.1354938
12/3/24 17:00,0,0
12/3/24 18:00,0,0
12/3/24 19:00,0,0
12/3/24 20:00,0,0
12/3/24 21:00,0,0
12/3/24 22:00,0,0
12/3/24 23:00,0,0
12/4/24 0:00,0,0
12/4/24 1:00,0,0
12/4/24 2:00,0,0
12/4/24 3:00,0,0
12/4/24 4:00,0,0
12/4/24 5:00,0,0
12/4/24 6:00,0.09440306,0.248685
12/4/24 7:00,0.2447506,0.3446729
12/4/24 8:00,0.3977894,0.5125815
12/4/24 9:00,0.5619064,0.7199664
12/4/24 10:00,0.3957303,0.4168808
12/4/24 11:00,0.3908954,0.4058449
12/4/24 12:00,0.3197907,0.3225931
12/4/24 13:00,0.06498332,0.06330287
12/4/24 14:00,0.137689,0.1352813
12/4/24 15:00,0.1102459,0.1114264
12/4/24 16:00,0.01299361,0.01307177
12/4/24 17:00,0,0
12/4/24 18:00,0,0
12/4/24 19:00,0,0
12/4/24 20:00,0,0
12/4/24 21:00,0,0
12/4/24 22:00,0,0
12/4/24 23:00,0,0
12/5/24 0:00,0,0
12/5/24 1:00,0,0
12/5/24 2:00,0,0
12/5/24 3:00,0,0
12/5/24 4:00,0,0
12/5/24 5:00,0,0
12/5/24 6:00,0.07085742,0.1506249
12/5/24 7:00,0.1208585,0.1221558
12/5/24 8:00,0.4388975,0.591233
12/5/24 9:00,0.5931098,0.7728906
12/5/24 10:00,0.6887864,0.8823181
12/5/24 11:00,0.6891102,0.8709285
12/5/24 12:00,0.6310858,0.7945589
12/5/24 13:00,0.5285947,0.6720674
12/5/24 14:00,0.4799679,0.6723324
12/5/24 15:00,0.2149226,0.3001311
12/5/24 16:00,0.06223136,0.1843621
12/5/24 17:00,0,0
12/5/24 18:00,0,0
12/5/24 19:00,0,0
12/5/24 20:00,0,0
12/5/24 21:00,0,0
12/5/24 22:00,0,0
12/5/24 23:00,0,0
12/6/24 0:00,0,0
12/6/24 1:00,0,0
12/6/24 2:00,0,0
12/6/24 3:00,0,0
12/6/24 4:00,0,0
12/6/24 5:00,0,0
12/6/24 6:00,0.06401765,0.1245243
12/6/24 7:00,0.1998115,0.2493427
12/6/24 8:00,0.2592461,0.2761241
12/6/24 9:00,0.3945276,0.4387809
12/6/24 10:00,0.5340508,0.6302638
12/6/24 11:00,0.4868655,0.5429943
12/6/24 12:00,0.3387648,0.3453634
12/6/24 13:00,0.2300854,0.2278737
12/6/24 14:00,0.3176987,0.3761063
12/6/24 15:00,0.2359427,0.3504127
12/6/24 16:00,0.02803626,0.03106603
12/6/24 17:00,0,0
12/6/24 18:00,0,0
12/6/24 19:00,0,0
12/6/24 20:00,0,0
12/6/24 21:00,0,0
12/6/24 22:00,0,0
12/6/24 23:00,0,0
12/7/24 0:00,0,0
12/7/24 1:00,0,0
12/7/24 2:00,0,0
12/7/24 3:00,0,0
12/7/24 4:00,0,0
12/7/24 5:00,0,0
12/7/24 6:00,0.07256933,0.173017
12/7/24 7:00,0.2785693,0.4294727
12/7/24 8:00,0.4333172,0.5849788
12/7/24 9:00,0.6972293,0.9271535
12/7/24 10:00,0.734017,0.9508648
12/7/24 11:00,0.7676303,0.9886479
12/7/24 12:00,0.8000629,1.041367
12/7/24 13:00,0.6542796,0.8713832
12/7/24 14:00,0.5407908,0.7637727
12/7/24 15:00,0.2508645,0.3854957
12/7/24 16:00,0.0652196,0.1975285
12/7/24 17:00,0,0
12/7/24 18:00,0,0
12/7/24 19:00,0,0
12/7/24 20:00,0,0
12/7/24 21:00,0,0
12/7/24 22:00,0,0
12/7/24 23:00,0,0
12/8/24 0:00,0,0
12/8/24 1:00,0,0
12/8/24 2:00,0,0
12/8/24 3:00,0,0
12/8/24 4:00,0,0
12/8/24 5:00,0,0
12/8/24 6:00,0.04920251,0.07309089
12/8/24 7:00,0.3094339,0.4931152
12/8/24 8:00,0.4483957,0.614059
12/8/24 9:00,0.6438881,0.8545986
12/8/24 10:00,0.594487,0.7341871
12/8/24 11:00,0.6575435,0.8239556
12/8/24 12:00,0.7114933,0.921391
12/8/24 13:00,0.6906607,0.9221075
12/8/24 14:00,0.5334329,0.7535865
12/8/24 15:00,0.3003393,0.4872995
12/8/24 16:00,0.06440198,0.1901306
12/8/24 17:00,0,0
12/8/24 18:00,0,0
12/8/24 19:00,0,0
12/8/24 20:00,0,0
12/8/24 21:00,0,0
12/8/24 22:00,0,0
12/8/24 23:00,0,0
12/9/24 0:00,0,0
12/9/24 1:00,0,0
12/9/24 2:00,0,0
12/9/24 3:00,0,0
12/9/24 4:00,0,0
12/9/24 5:00,0,0
12/9/24 6:00,0.0404725,0.05027761
12/9/24 7:00,0.1977182,0.2502081
12/9/24 8:00,0.408934,0.5431212
12/9/24 9:00,0.5748082,0.7490502
12/9/24 10:00,0.5453385,0.6521695
12/9/24 11:00,0.6725692,0.848966
12/9/24 12:00,0.700977,0.9067646
12/9/24 13:00,0.6462398,0.8615153
12/9/24 14:00,0.5383279,0.7612762
12/9/24 15:00,0.285839,0.460427
12/9/24 16:00,0.03465839,0.04369577
12/9/24 17:00,0,0
12/9/24 18:00,0,0
12/9/24 19:00,0,0
12/9/24 20:00,0,0
12/9/24 21:00,0,0
12/9/24 22:00,0,0
12/9/24 23:00,0,0
12/10/24 0:00,0,0
12/10/24 1:00,0,0
12/10/24 2:00,0,0
12/10/24 3:00,0,0
12/10/24 4:00,0,0
12/10/24 5:00,0,0
12/10/24 6:00,0.05649497,0.1108027
12/10/24 7:00,0.1920989,0.2400034
12/10/24 8:00,0.4415231,0.6052953
12/10/24 9:00,0.3794613,0.4183374
12/10/24 10:00,0.5831831,0.7172083
12/10/24 11:00,0.3587196,0.3665748
12/10/24 12:00,0.2897844,0.2889738
12/10/24 13:00,0.2692268,0.2714423
12/10/24 14:00,0.2717929,0.2990994
12/10/24 15:00,0.2604505,0.4065718
12/10/24 16:00,0.04928228,0.09714002
12/10/24 17:00,0,0
12/10/24 18:00,0,0
12/10/24 19:00,0,0
12/10/24 20:00,0,0
12/10/24 21:00,0,0
12/10/24 22:00,0,0
12/10/24 23:00,0,0
12/11/24 0:00,0,0
12/11/24 1:00,0,0
12/11/24 2:00,0,0
12/11/24 3:00,0,0
12/11/24 4:00,0,0
12/11/24 5:00,0,0
12/11/24 6:00,0.07344647,0.2078879
12/11/24 7:00,0.08438666,0.08333025
12/11/24 8:00,0.1114245,0.1091975
12/11/24 9:00,0.1052734,0.102783
12/11/24 10:00,0.1160919,0.1132742
12/11/24 11:00,0.3077076,0.3072221
12/11/24 12:00,0.09265684,0.09031463
12/11/24 13:00,0.0802554,0.0782507
12/11/24 14:00,0.03039092,0.02957779
12/11/24 15:00,0.004354721,0.004231125
12/11/24 16:00,0.01190453,0.0118941
12/11/24 17:00,0,0
12/11/24 18:00,0,0
12/11/24 19:00,0,0
12/11/24 20:00,0,0
12/11/24 21:00,0,0
12/11/24 22:00,0,0
12/11/24 23:00,0,0
12/12/24 0:00,0,0
12/12/24 1:00,0,0
12/12/24 2:00,0,0
12/12/24 3:00,0,0
12/12/24 4:00,0,0
12/12/24 5:00,0,0
12/12/24 6:00,0.04857256,0.08374327
12/12/24 7:00,0.2742938,0.4331647
12/12/24 8:00,0.5097879,0.719521
12/12/24 9:00,0.5773678,0.7569993
12/12/24 10:00,0.6696965,0.8607564
12/12/24 11:00,0.7176991,0.9210256
12/12/24 12:00,0.6740661,0.8678982
12/12/24 13:00,0.4629591,0.5593392
12/12/24 14:00,0.4476318,0.6208459
12/12/24 15:00,0.2783481,0.4444036
12/12/24 16:00,0.06455979,0.1774988
12/12/24 17:00,0,0
12/12/24 18:00,0,0
12/12/24 19:00,0,0
12/12/24 20:00,0,0
12/12/24 21:00,0,0
12/12/24 22:00,0,0
12/12/24 23:00,0,0
12/13/24 0:00,0,0
12/13/24 1:00,0,0
12/13/24 2:00,0,0
12/13/24 3:00,0,0
12/13/24 4:00,0,0
12/13/24 5:00,0,0
12/13/24 6:00,0.05374919,0.1130536
12/13/24 7:00,0.2062055,0.2764648
12/13/24 8:00,0.4954793,0.6994909
12/13/24 9:00,0.703278,0.9421644
12/13/24 10:00,0.8042427,1.05115
12/13/24 11:00,0.834097,1.082198
12/13/24 12:00,0.5548512,0.671593
12/13/24 13:00,0.4121078,0.4723145
12/13/24 14:00,0.3982182,0.5290486
12/13/24 15:00,0.2285233,0.3291249
12/13/24 16:00,0.05508747,0.1194473
12/13/24 17:00,0,0
12/13/24 18:00,0,0
12/13/24 19:00,0,0
12/13/24 20:00,0,0
12/13/24 21:00,0,0
12/13/24 22:00,0,0
12/13/24 23:00,0,0
12/14/24 0:00,0,0
12/14/24 1:00,0,0
12/14/24 2:00,0,0
12/14/24 3:00,0,0
12/14/24 4:00,0,0
12/14/24 5:00,0,0
12/14/24 6:00,0.04836768,0.09087795
12/14/24 7:00,0.1787774,0.2182912
12/14/24 8:00,0.4247887,0.5810261
12/14/24 9:00,0.5301825,0.6792264
12/14/24 10:00,0.7436965,0.9703831
12/14/24 11:00,0.7786384,1.008759
12/14/24 12:00,0.6427845,0.8192022
12/14/24 13:00,0.6155918,0.818505
12/14/24 14:00,0.467169,0.6541728
12/14/24 15:00,0.3070601,0.4982952
12/14/24 16:00,0.08939315,0.2819339
12/14/24 17:00,0,0
12/14/24 18:00,0,0
12/14/24 19:00,0,0
12/14/24 20:00,0,0
12/14/24 21:00,0,0
12/14/24 22:00,0,0
12/14/24 23:00,0,0
12/15/24 0:00,0,0
12/15/24 1:00,0,0
12/15/24 2:00,0,0
12/15/24 3:00,0,0
12/15/24 4:00,0,0
12/15/24 5:00,0,0
12/15/24 6:00,0.08240871,0.2733319
12/15/24 7:00,0.2901505,0.4717403
12/15/24 8:00,0.4977614,0.705093
12/15/24 9:00,0.6584182,0.8817411
12/15/24 10:00,0.7570391,0.9888855
12/15/24 11:00,0.7820865,1.013817
12/15/24 12:00,0.631354,0.8008474
12/15/24 13:00,0.5091785,0.6411439
12/15/24 14:00,0.4574472,0.6374564
12/15/24 15:00,0.2875444,0.4611534
12/15/24 16:00,0.05382637,0.1065798
12/15/24 17:00,0,0
12/15/24 18:00,0,0
12/15/24 19:00,0,0
12/15/24 20:00,0,0
12/15/24 21:00,0,0
12/15/24 22:00,0,0
12/15/24 23:00,0,0
12/16/24 0:00,0,0
12/16/24 1:00,0,0
12/16/24 2:00,0,0
12/16/24 3:00,0,0
12/16/24 4:00,0,0
12/16/24 5:00,0,0
12/16/24 6:00,0.06816392,0.2182694
12/16/24 7:00,0.2927411,0.4783739
12/16/24 8:00,0.4288393,0.5912164
12/16/24 9:00,0.3458192,0.3711729
12/16/24 10:00,0.6406311,0.8175303
12/16/24 11:00,0.4130504,0.4379445
12/16/24 12:00,0.6147085,0.7734911
12/16/24 13:00,0.4106724,0.4696821
12/16/24 14:00,0.4235855,0.5761229
12/16/24 15:00,0.2973844,0.4795091
12/16/24 16:00,0.06596676,0.168299
12/16/24 17:00,0,0
12/16/24 18:00,0,0
12/16/24 19:00,0,0
12/16/24 20:00,0,0
12/16/24 21:00,0,0
12/16/24 22:00,0,0
12/16/24 23:00,0,0
12/17/24 0:00,0,0
12/17/24 1:00,0,0
12/17/24 2:00,0,0
12/17/24 3:00,0,0
12/17/24 4:00,0,0
12/17/24 5:00,0,0
12/17/24 6:00,0.06514125,0.2089493
12/17/24 7:00,0.2792601,0.4540554
12/17/24 8:00,0.4458074,0.6228748
12/17/24 9:00,0.4832175,0.5988089
12/17/24 10:00,0.6496994,0.8326664
12/17/24 11:00,0.409798,0.4335703
12/17/24 12:00,0.3692748,0.3845651
12/17/24 13:00,0.5049384,0.6332731
12/17/24 14:00,0.2883141,0.3240765
12/17/24 15:00,0.1534633,0.169242
12/17/24 16:00,0.04366796,0.06129469
12/17/24 17:00,0,0
12/17/24 18:00,0,0
12/17/24 19:00,0,0
12/17/24 20:00,0,0
12/17/24 21:00,0,0
12/17/24 22:00,0,0
12/17/24 23:00,0,0
12/18/24 0:00,0,0
12/18/24 1:00,0,0
12/18/24 2:00,0,0
12/18/24 3:00,0,0
12/18/24 4:00,0,0
12/18/24 5:00,0,0
12/18/24 6:00,0.06390841,0.2094434
12/18/24 7:00,0.3078776,0.5078596
12/18/24 8:00,0.5150463,0.7331451
12/18/24 9:00,0.6127728,0.8180861
12/18/24 10:00,0.6641093,0.8559294
12/18/24 11:00,0.5981477,0.7311089
12/18/24 12:00,0.6110932,0.7675182
12/18/24 13:00,0.6287023,0.8381591
12/18/24 14:00,0.5426711,0.768292
12/18/24 15:00,0.2805521,0.4436855
12/18/24 16:00,0.06133271,0.1338847
12/18/24 17:00,0,0
12/18/24 18:00,0,0
12/18/24 19:00,0,0
12/18/24 20:00,0,0
12/18/24 21:00,0,0
12/18/24 22:00,0,0
12/18/24 23:00,0,0
12/19/24 0:00,0,0
12/19/24 1:00,0,0
12/19/24 2:00,0,0
12/19/24 3:00,0,0
12/19/24 4:00,0,0
12/19/24 5:00,0,0
12/19/24 6:00,0.04934971,0.1223831
12/19/24 7:00,0.2054844,0.2857809
12/19/24 8:00,0.3624848,0.4671488
12/19/24 9:00,0.3520638,0.3811771
12/19/24 10:00,0.04178553,0.04064111
12/19/24 11:00,0.2413439,0.237111
12/19/24 12:00,0.4152085,0.4476426
12/19/24 13:00,0.4606737,0.5542451
12/19/24 14:00,0.184255,0.1837346
12/19/24 15:00,0.07634877,0.07524212
12/19/24 16:00,0.02957132,0.0309875
12/19/24 17:00,0,0
12/19/24 18:00,0,0
12/19/24 19:00,0,0
12/19/24 20:00,0,0
12/19/24 21:00,0,0
12/19/24 22:00,0,0
12/19/24 23:00,0,0
12/20/24 0:00,0,0
12/20/24 1:00,0,0
12/20/24 2:00,0,0
12/20/24 3:00,0,0
12/20/24 4:00,0,0
12/20/24 5:00,0,0
12/20/24 6:00,0.05106567,0.1401462
12/20/24 7:00,0.05718492,0.05621276
12/20/24 8:00,0.08556335,0.08369615
12/20/24 9:00,0.04688139,0.04563111
12/20/24 10:00,0.1141187,0.1113534
12/20/24 11:00,0.1054855,0.1028531
12/20/24 12:00,0.04340661,0.04221974
12/20/24 13:00,0.02311278,0.02246626
12/20/24 14:00,0.05753106,0.05611362
12/20/24 15:00,0.07815634,0.0770433
12/20/24 16:00,0.01924574,0.01938488
12/20/24 17:00,0,0
12/20/24 18:00,0,0
12/20/24 19:00,0,0
12/20/24 20:00,0,0
12/20/24 21:00,0,0
12/20/24 22:00,0,0
12/20/24 23:00,0,0
12/21/24 0:00,0,0
12/21/24 1:00,0,0
12/21/24 2:00,0,0
12/21/24 3:00,0,0
12/21/24 4:00,0,0
12/21/24 5:00,0,0
12/21/24 6:00,0.02092681,0.02205293
12/21/24 7:00,0.07520565,0.07426856
12/21/24 8:00,0.191371,0.1928381
12/21/24 9:00,0.4622278,0.5638858
12/21/24 10:00,0.5272649,0.6283635
12/21/24 11:00,0.2354003,0.2310971
12/21/24 12:00,0.5106982,0.5969429
12/21/24 13:00,0.5910057,0.7788392
12/21/24 14:00,0.4017666,0.5309853
12/21/24 15:00,0.2677775,0.4112189
12/21/24 16:00,0.09201805,0.2658536
12/21/24 17:00,0,0
12/21/24 18:00,0,0
12/21/24 19:00,0,0
12/21/24 20:00,0,0
12/21/24 21:00,0,0
12/21/24 22:00,0,0
12/21/24 23:00,0,0
12/22/24 0:00,0,0
12/22/24 1:00,0,0
12/22/24 2:00,0,0
12/22/24 3:00,0,0
12/22/24 4:00,0,0
12/22/24 5:00,0,0
12/22/24 6:00,0.02704914,0.03255712
12/22/24 7:00,0.2006383,0.2788512
12/22/24 8:00,0.5317694,0.7604992
12/22/24 9:00,0.69141,0.93086
12/22/24 10:00,0.633216,0.8076558
12/22/24 11:00,0.8279256,1.076198
12/22/24 12:00,0.6508628,0.8320296
12/22/24 13:00,0.5236169,0.6640413
12/22/24 14:00,0.5083079,0.7160299
12/22/24 15:00,0.2499304,0.3680471
12/22/24 16:00,0.07637935,0.192243
12/22/24 17:00,0,0
12/22/24 18:00,0,0
12/22/24 19:00,0,0
12/22/24 20:00,0,0
12/22/24 21:00,0,0
12/22/24 22:00,0,0
12/22/24 23:00,0,0
12/23/24 0:00,0,0
12/23/24 1:00,0,0
12/23/24 2:00,0,0
12/23/24 3:00,0,0
12/23/24 4:00,0,0
12/23/24 5:00,0,0
12/23/24 6:00,0.05518475,0.19123
12/23/24 7:00,0.2058013,0.2929757
12/23/24 8:00,0.4861119,0.6932673
12/23/24 9:00,0.6832031,0.9196274
12/23/24 10:00,0.6586996,0.8486027
12/23/24 11:00,0.7610909,0.9862885
12/23/24 12:00,0.7829819,1.02324
12/23/24 13:00,0.6927643,0.9267415
12/23/24 14:00,0.5336615,0.7524851
12/23/24 15:00,0.231436,0.3225339
12/23/24 16:00,0.06081851,0.110781
12/23/24 17:00,0,0
12/23/24 18:00,0,0
12/23/24 19:00,0,0
12/23/24 20:00,0,0
12/23/24 21:00,0,0
12/23/24 22:00,0,0
12/23/24 23:00,0,0
12/24/24 0:00,0,0
12/24/24 1:00,0,0
12/24/24 2:00,0,0
12/24/24 3:00,0,0
12/24/24 4:00,0,0
12/24/24 5:00,0,0
12/24/24 6:00,0.05027836,0.1623556
12/24/24 7:00,0.1686708,0.2083925
12/24/24 8:00,0.2796134,0.317122
12/24/24 9:00,0.5589687,0.7349209
12/24/24 10:00,0.6108215,0.770811
12/24/24 11:00,0.7309911,0.9431628
12/24/24 12:00,0.55722,0.674521
12/24/24 13:00,0.5981421,0.7884772
12/24/24 14:00,0.5545796,0.7823154
12/24/24 15:00,0.2188247,0.2916761
12/24/24 16:00,0.02779322,0.0283169
12/24/24 17:00,0,0
12/24/24 18:00,0,0
12/24/24 19:00,0,0
12/24/24 20:00,0,0
12/24/24 21:00,0,0
12/24/24 22:00,0,0
12/24/24 23:00,0,0
12/25/24 0:00,0,0
12/25/24 1:00,0,0
12/25/24 2:00,0,0
12/25/24 3:00,0,0
12/25/24 4:00,0,0
12/25/24 5:00,0,0
12/25/24 6:00,0.05166316,0.1801462
12/25/24 7:00,0.2400502,0.3805951
12/25/24 8:00,0.5268683,0.7543166
12/25/24 9:00,0.6947677,0.9358602
12/25/24 10:00,0.7345451,0.9604535
12/25/24 11:00,0.7393088,0.9549689
12/25/24 12:00,0.6881773,0.8890885
12/25/24 13:00,0.7311134,0.9786344
12/25/24 14:00,0.5767211,0.8138697
12/25/24 15:00,0.2822088,0.4357578
12/25/24 16:00,0.09345499,0.251815
12/25/24 17:00,0,0
12/25/24 18:00,0,0
12/25/24 19:00,0,0
12/25/24 20:00,0,0
12/25/24 21:00,0,0
12/25/24 22:00,0,0
12/25/24 23:00,0,0
12/26/24 0:00,0,0
12/26/24 1:00,0,0
12/26/24 2:00,0,0
12/26/24 3:00,0,0
12/26/24 4:00,0,0
12/26/24 5:00,0,0
12/26/24 6:00,0.03697979,0.07872767
12/26/24 7:00,0.08058403,0.07978945
12/26/24 8:00,0.04189006,0.04081753
12/26/24 9:00,0.1021432,0.09973691
12/26/24 10:00,0.1811893,0.1773761
12/26/24 11:00,0.2461408,0.2419683
12/26/24 12:00,0.5893369,0.7280557
12/26/24 13:00,0.4403286,0.5151356
12/26/24 14:00,0.4097405,0.5405333
12/26/24 15:00,0.1221208,0.1235834
12/26/24 16:00,0.04123433,0.04628054
12/26/24 17:00,0,0
12/26/24 18:00,0,0
12/26/24 19:00,0,0
12/26/24 20:00,0,0
12/26/24 21:00,0,0
12/26/24 22:00,0,0
12/26/24 23:00,0,0
12/27/24 0:00,0,0
12/27/24 1:00,0,0
12/27/24 2:00,0,0
12/27/24 3:00,0,0
12/27/24 4:00,0,0
12/27/24 5:00,0,0
12/27/24 6:00,0.02055763,0.02259975
12/27/24 7:00,0.1360311,0.1497467
12/27/24 8:00,0.3132165,0.3777642
12/27/24 9:00,0.5523533,0.724171
12/27/24 10:00,0.5199206,0.6160399
12/27/24 11:00,0.5160181,0.5929994
12/27/24 12:00,0.4961816,0.5706564
12/27/24 13:00,0.3962531,0.442236
12/27/24 14:00,0.2872838,0.3174697
12/27/24 15:00,0.1435072,0.1504665
12/27/24 16:00,0.04282242,0.04843443
12/27/24 17:00,0,0
12/27/24 18:00,0,0
12/27/24 19:00,0,0
12/27/24 20:00,0,0
12/27/24 21:00,0,0
12/27/24 22:00,0,0
12/27/24 23:00,0,0
12/28/24 0:00,0,0
12/28/24 1:00,0,0
12/28/24 2:00,0,0
12/28/24 3:00,0,0
12/28/24 4:00,0,0
12/28/24 5:00,0,0
12/28/24 6:00,0.03724326,0.08786139
12/28/24 7:00,0.2610188,0.4311322
12/28/24 8:00,0.4606024,0.6546696
12/28/24 9:00,0.5989493,0.7992688
12/28/24 10:00,0.768792,1.005812
12/28/24 11:00,0.8652791,1.124296
12/28/24 12:00,0.7994522,1.042957
12/28/24 13:00,0.7136052,0.9521679
12/28/24 14:00,0.5015672,0.7000185
12/28/24 15:00,0.3618201,0.5757352
12/28/24 16:00,0.09900879,0.2562073
12/28/24 17:00,0,0
12/28/24 18:00,0,0
12/28/24 19:00,0,0
12/28/24 20:00,0,0
12/28/24 21:00,0,0
12/28/24 22:00,0,0
12/28/24 23:00,0,0
12/29/24 0:00,0,0
12/29/24 1:00,0,0
12/29/24 2:00,0,0
12/29/24 3:00,0,0
12/29/24 4:00,0,0
12/29/24 5:00,0,0
12/29/24 6:00,0.0503215,0.1979394
12/29/24 7:00,0.2605244,0.4308328
12/29/24 8:00,0.4686099,0.6674961
12/29/24 9:00,0.5225396,0.6728116
12/29/24 10:00,0.6294646,0.800572
12/29/24 11:00,0.6001009,0.7321576
12/29/24 12:00,0.6592202,0.8411801
12/29/24 13:00,0.6279103,0.8304148
12/29/24 14:00,0.5573471,0.7812872
12/29/24 15:00,0.3046155,0.4739572
12/29/24 16:00,0.09766962,0.2453192
12/29/24 17:00,0,0
12/29/24 18:00,0,0
12/29/24 19:00,0,0
12/29/24 20:00,0,0
12/29/24 21:00,0,0
12/29/24 22:00,0,0
12/29/24 23:00,0,0
12/30/24 0:00,0,0
12/30/24 1:00,0,0
12/30/24 2:00,0,0
12/30/24 3:00,0,0
12/30/24 4:00,0,0
12/30/24 5:00,0,0
12/30/24 6:00,0.0340951,0.07438258
12/30/24 7:00,0.1363645,0.1512185
12/30/24 8:00,0.2405669,0.2575491
12/30/24 9:00,0.340063,0.3651083
12/30/24 10:00,0.5082077,0.5956286
12/30/24 11:00,0.3555822,0.3628556
12/30/24 12:00,0.3942779,0.4160371
12/30/24 13:00,0.3287853,0.3432502
12/30/24 14:00,0.5153598,0.7188103
12/30/24 15:00,0.2511531,0.3539932
12/30/24 16:00,0.07254755,0.1301892
12/30/24 17:00,0,0
12/30/24 18:00,0,0
12/30/24 19:00,0,0
12/30/24 20:00,0,0
12/30/24 21:00,0,0
12/30/24 22:00,0,0
12/30/24 23:00,0,0